experiment_kind,domain,protocol,scenario,repeat,checkpoint,fact_id,commit,path,expected_version,expected_epoch,dense_versions,sparse_versions,answer_label,snapshot_correct,current_correct,latency_ms
answer,flask,cross_naive,,0,initial,0,ac5664d2281533eacafd64f5cc7d5edcdaccab60,docs/async-await.rst,1,0,1,1,OLD_ONLY,1,0,66.28966517746449
answer,flask,cross_naive,,0,initial,1,c2705ffd9ce1dc8476cb29eaf5ff5d4c719852d9,docs/appcontext.rst,1,0,1,1,OLD_ONLY,1,0,3.519592806696892
answer,flask,cross_naive,,0,initial,2,edebd3704437f19b5b137eaffe97130fe817d144,docs/templating.rst,1,0,1,1,OLD_ONLY,1,0,3.3350130543112755
answer,flask,cross_naive,,0,initial,3,d8259eb11900285af9b80b0fa47f841174c054e3,docs/design.rst,1,0,1,1,OLD_ONLY,1,0,3.346300683915615
answer,flask,cross_naive,,0,initial,4,ff64079a516c269f171ababf3d92b86886a62ffd,docs/web-security.rst,1,0,1,1,OLD_ONLY,1,0,4.622846841812134
answer,flask,cross_naive,,0,initial,5,85cc71046475f9cb3efd17d496356795961249f9,docs/index.rst,1,0,1,1,OLD_ONLY,1,0,3.7780189886689186
answer,flask,cross_naive,,0,initial,6,a758915893352f5986c6ee101cdf7e3b7a64fa28,docs/index.rst,1,0,1,1,OLD_ONLY,1,0,3.3839894458651543
answer,flask,cross_naive,,0,initial,7,7bf3be8dfa5832ef03a3fd8f07f6736e770440e4,docs/server.rst,1,0,1,1,OLD_ONLY,1,0,3.340955823659897
answer,flask,cross_naive,,0,initial,8,c7a53888a1a514619b0611fd8b7928592f4ed612,docs/web-security.rst,1,0,1,1,OLD_ONLY,1,0,3.1665563583374023
answer,flask,cross_naive,,0,initial,9,be6ec06894b55b1b5a360ce3f8178c7963332ccd,docs/deploying/asgi.rst,1,0,1,1,OLD_ONLY,1,0,3.1056031584739685
answer,flask,cross_naive,,0,initial,10,aa6d4c3e92bd11a7d449f49f524e54bbb88b89c0,docs/patterns/appdispatch.rst,1,0,1,1,OLD_ONLY,1,0,3.191448748111725
answer,flask,cross_naive,,0,initial,11,6b9acd565cded9c805760037b69754c11749c830,docs/patterns/packages.rst,1,0,1,1,OLD_ONLY,1,0,3.317825496196747
answer,flask,cross_naive,,0,initial,12,83d777bebfb3031de51d458b47d06e8e612f3a3d,docs/index.rst,1,0,1,1,OLD_ONLY,1,0,4.91337850689888
answer,flask,cross_naive,,0,initial,13,2e8fe7b2f2b541a60c90c625446647b22c5cacc2,docs/extensiondev.rst,1,0,1,1,OLD_ONLY,1,0,48.28805290162563
answer,flask,cross_naive,,0,initial,14,0bc6be604d465406c5909b13162e7097ab0ea2f8,docs/installation.rst,1,0,1,1,OLD_ONLY,1,0,3.0900640413165092
answer,flask,cross_naive,,0,initial,15,9c02f07f9bb4c88207c2a6860742c452c35d2948,docs/security.rst,1,0,1,1,OLD_ONLY,1,0,2.867664210498333
answer,flask,cross_naive,,0,initial,16,dca8cf013b2c0086539697ae6e4515a1c819092c,docs/patterns/celery.rst,1,0,1,1,OLD_ONLY,1,0,3.181253559887409
answer,flask,cross_naive,,0,initial,17,8f13f5b6d672f1ba434f9c8ebe2c1b1dd385962e,docs/cli.rst,1,0,1,1,OLD_ONLY,1,0,3.052367828786373
answer,flask,cross_naive,,0,initial,18,4c08e3a2ba3d42fbee63577bceedfe325f51b81d,docs/cli.rst,1,0,1,1,OLD_ONLY,1,0,3.031078726053238
answer,flask,cross_naive,,0,initial,19,6751f68560bfa7c51133d2712830645ed551ace8,docs/async-await.rst,1,0,1,1,OLD_ONLY,1,0,3.0903583392500877
answer,flask,cross_naive,,0,initial,20,b46bfcfa63e3c7b32b66dd4870f1c8c17fe1cb46,docs/extensiondev.rst,1,0,1,1,OLD_ONLY,1,0,3.086850978434086
answer,flask,cross_naive,,0,initial,21,46433e9807a1c960d6b2bb0e125cf16a90167d97,docs/patterns/streaming.rst,1,0,1,1,OLD_ONLY,1,0,3.109077922999859
answer,flask,cross_naive,,0,initial,22,2ea77c278282f04a8a18c3ced88ef1e048f8ed4a,docs/async-await.rst,1,0,1,1,OLD_ONLY,1,0,2.858031541109085
answer,flask,cross_naive,,0,initial,23,2f3c87dcb8492f082a2f3ece444773d9db30171b,docs/patterns/index.rst,1,0,1,1,OLD_ONLY,1,0,2.890626899898052
answer,flask,cross_naive,,0,initial,24,bab5a65e6eaee20ac1706fc9439ee538f59e652f,docs/views.rst,1,0,1,1,OLD_ONLY,1,0,2.717400901019573
answer,flask,cross_naive,,0,manifest_published,0,ac5664d2281533eacafd64f5cc7d5edcdaccab60,docs/async-await.rst,2,0,1,1,MISSING,0,0,3.4518931061029434
answer,flask,cross_naive,,0,manifest_published,1,c2705ffd9ce1dc8476cb29eaf5ff5d4c719852d9,docs/appcontext.rst,2,0,1,1,MISSING,0,0,2.762303687632084
answer,flask,cross_naive,,0,manifest_published,2,edebd3704437f19b5b137eaffe97130fe817d144,docs/templating.rst,2,0,1,1,MISSING,0,0,2.8495946899056435
answer,flask,cross_naive,,0,manifest_published,3,d8259eb11900285af9b80b0fa47f841174c054e3,docs/design.rst,2,0,1,1,MISSING,0,0,2.612292766571045
answer,flask,cross_naive,,0,manifest_published,4,ff64079a516c269f171ababf3d92b86886a62ffd,docs/web-security.rst,2,0,1,1,MISSING,0,0,2.9790233820676804
answer,flask,cross_naive,,0,manifest_published,5,85cc71046475f9cb3efd17d496356795961249f9,docs/index.rst,2,0,1,1,MISSING,0,0,2.8056595474481583
answer,flask,cross_naive,,0,manifest_published,6,a758915893352f5986c6ee101cdf7e3b7a64fa28,docs/index.rst,2,0,1,1,MISSING,0,0,2.802458591759205
answer,flask,cross_naive,,0,manifest_published,7,7bf3be8dfa5832ef03a3fd8f07f6736e770440e4,docs/server.rst,2,0,1,1,MISSING,0,0,2.7535678818821907
answer,flask,cross_naive,,0,manifest_published,8,c7a53888a1a514619b0611fd8b7928592f4ed612,docs/web-security.rst,2,0,1,1,MISSING,0,0,2.920909784734249
answer,flask,cross_naive,,0,manifest_published,9,be6ec06894b55b1b5a360ce3f8178c7963332ccd,docs/deploying/asgi.rst,2,0,1,1,MISSING,0,0,3.088943660259247
answer,flask,cross_naive,,0,manifest_published,10,aa6d4c3e92bd11a7d449f49f524e54bbb88b89c0,docs/patterns/appdispatch.rst,2,0,1,1,MISSING,0,0,2.921096049249172
answer,flask,cross_naive,,0,manifest_published,11,6b9acd565cded9c805760037b69754c11749c830,docs/patterns/packages.rst,2,0,1,1,MISSING,0,0,3.0926931649446487
answer,flask,cross_naive,,0,manifest_published,12,83d777bebfb3031de51d458b47d06e8e612f3a3d,docs/index.rst,2,0,1,1,MISSING,0,0,2.910046838223934
answer,flask,cross_naive,,0,manifest_published,13,2e8fe7b2f2b541a60c90c625446647b22c5cacc2,docs/extensiondev.rst,2,0,1,1,MISSING,0,0,3.063610754907131
answer,flask,cross_naive,,0,manifest_published,14,0bc6be604d465406c5909b13162e7097ab0ea2f8,docs/installation.rst,2,0,1,1,MISSING,0,0,3.2131774351000786
answer,flask,cross_naive,,0,manifest_published,15,9c02f07f9bb4c88207c2a6860742c452c35d2948,docs/security.rst,2,0,1,1,MISSING,0,0,3.071940504014492
answer,flask,cross_naive,,0,manifest_published,16,dca8cf013b2c0086539697ae6e4515a1c819092c,docs/patterns/celery.rst,2,0,1,1,MISSING,0,0,2.9200464487075806
answer,flask,cross_naive,,0,manifest_published,17,8f13f5b6d672f1ba434f9c8ebe2c1b1dd385962e,docs/cli.rst,2,0,1,1,MISSING,0,0,3.0052242800593376
answer,flask,cross_naive,,0,manifest_published,18,4c08e3a2ba3d42fbee63577bceedfe325f51b81d,docs/cli.rst,2,0,1,1,MISSING,0,0,3.2082078978419304
answer,flask,cross_naive,,0,manifest_published,19,6751f68560bfa7c51133d2712830645ed551ace8,docs/async-await.rst,2,0,1,1,MISSING,0,0,3.3051306381821632
answer,flask,cross_naive,,0,manifest_published,20,b46bfcfa63e3c7b32b66dd4870f1c8c17fe1cb46,docs/extensiondev.rst,2,0,1,1,MISSING,0,0,3.113741986453533
answer,flask,cross_naive,,0,manifest_published,21,46433e9807a1c960d6b2bb0e125cf16a90167d97,docs/patterns/streaming.rst,2,0,1,1,MISSING,0,0,2.9668016359210014
answer,flask,cross_naive,,0,manifest_published,22,2ea77c278282f04a8a18c3ced88ef1e048f8ed4a,docs/async-await.rst,2,0,1,1,MISSING,0,0,3.5912394523620605
answer,flask,cross_naive,,0,manifest_published,23,2f3c87dcb8492f082a2f3ece444773d9db30171b,docs/patterns/index.rst,2,0,1,1,MISSING,0,0,3.3581145107746124
answer,flask,cross_naive,,0,manifest_published,24,bab5a65e6eaee20ac1706fc9439ee538f59e652f,docs/views.rst,2,0,1,1,MISSING,0,0,3.100593574345112
answer,flask,cross_naive,,0,dense_inserted,0,ac5664d2281533eacafd64f5cc7d5edcdaccab60,docs/async-await.rst,2,0,1;2,1,MISSING,0,0,3.298746421933174
answer,flask,cross_naive,,0,dense_inserted,1,c2705ffd9ce1dc8476cb29eaf5ff5d4c719852d9,docs/appcontext.rst,2,0,1;2,1,MISSING,0,0,3.144427202641964
answer,flask,cross_naive,,0,dense_inserted,2,edebd3704437f19b5b137eaffe97130fe817d144,docs/templating.rst,2,0,1;2,1,MISSING,0,0,3.0892491340637207
answer,flask,cross_naive,,0,dense_inserted,3,d8259eb11900285af9b80b0fa47f841174c054e3,docs/design.rst,2,0,1;2,1,MISSING,0,0,2.941071055829525
answer,flask,cross_naive,,0,dense_inserted,4,ff64079a516c269f171ababf3d92b86886a62ffd,docs/web-security.rst,2,0,1;2,1,MISSING,0,0,2.8429124504327774
answer,flask,cross_naive,,0,dense_inserted,5,85cc71046475f9cb3efd17d496356795961249f9,docs/index.rst,2,0,1;2,1,MISSING,0,0,2.967439591884613
answer,flask,cross_naive,,0,dense_inserted,6,a758915893352f5986c6ee101cdf7e3b7a64fa28,docs/index.rst,2,0,1;2,1,MISSING,0,0,2.9289647936820984
answer,flask,cross_naive,,0,dense_inserted,7,7bf3be8dfa5832ef03a3fd8f07f6736e770440e4,docs/server.rst,2,0,1;2,1,MISSING,0,0,2.8783194720745087
answer,flask,cross_naive,,0,dense_inserted,8,c7a53888a1a514619b0611fd8b7928592f4ed612,docs/web-security.rst,2,0,1;2,1,MISSING,0,0,3.052588552236557
answer,flask,cross_naive,,0,dense_inserted,9,be6ec06894b55b1b5a360ce3f8178c7963332ccd,docs/deploying/asgi.rst,2,0,1;2,1,MISSING,0,0,2.986564300954342
answer,flask,cross_naive,,0,dense_inserted,10,aa6d4c3e92bd11a7d449f49f524e54bbb88b89c0,docs/patterns/appdispatch.rst,2,0,1;2,1,MISSING,0,0,3.073987551033497
answer,flask,cross_naive,,0,dense_inserted,11,6b9acd565cded9c805760037b69754c11749c830,docs/patterns/packages.rst,2,0,1;2,1,MISSING,0,0,2.884829416871071
answer,flask,cross_naive,,0,dense_inserted,12,83d777bebfb3031de51d458b47d06e8e612f3a3d,docs/index.rst,2,0,1;2,1,MISSING,0,0,2.96794343739748
answer,flask,cross_naive,,0,dense_inserted,13,2e8fe7b2f2b541a60c90c625446647b22c5cacc2,docs/extensiondev.rst,2,0,1;2,1,MISSING,0,0,3.038673661649227
answer,flask,cross_naive,,0,dense_inserted,14,0bc6be604d465406c5909b13162e7097ab0ea2f8,docs/installation.rst,2,0,1;2,1,MISSING,0,0,2.9976489022374153
answer,flask,cross_naive,,0,dense_inserted,15,9c02f07f9bb4c88207c2a6860742c452c35d2948,docs/security.rst,2,0,1;2,1,MISSING,0,0,3.0638808384537697
answer,flask,cross_naive,,0,dense_inserted,16,dca8cf013b2c0086539697ae6e4515a1c819092c,docs/patterns/celery.rst,2,0,1;2,1,MISSING,0,0,3.0258046463131905
answer,flask,cross_naive,,0,dense_inserted,17,8f13f5b6d672f1ba434f9c8ebe2c1b1dd385962e,docs/cli.rst,2,0,1;2,1,MISSING,0,0,2.9322197660803795
answer,flask,cross_naive,,0,dense_inserted,18,4c08e3a2ba3d42fbee63577bceedfe325f51b81d,docs/cli.rst,2,0,1;2,1,MISSING,0,0,3.1736521050333977
answer,flask,cross_naive,,0,dense_inserted,19,6751f68560bfa7c51133d2712830645ed551ace8,docs/async-await.rst,2,0,1;2,1,MISSING,0,0,2.9668090865015984
answer,flask,cross_naive,,0,dense_inserted,20,b46bfcfa63e3c7b32b66dd4870f1c8c17fe1cb46,docs/extensiondev.rst,2,0,1;2,1,MISSING,0,0,2.9375730082392693
answer,flask,cross_naive,,0,dense_inserted,21,46433e9807a1c960d6b2bb0e125cf16a90167d97,docs/patterns/streaming.rst,2,0,1;2,1,MISSING,0,0,2.9120873659849167
answer,flask,cross_naive,,0,dense_inserted,22,2ea77c278282f04a8a18c3ced88ef1e048f8ed4a,docs/async-await.rst,2,0,1;2,1,MISSING,0,0,2.848144620656967
answer,flask,cross_naive,,0,dense_inserted,23,2f3c87dcb8492f082a2f3ece444773d9db30171b,docs/patterns/index.rst,2,0,1;2,1,MISSING,0,0,3.036222420632839
answer,flask,cross_naive,,0,dense_inserted,24,bab5a65e6eaee20ac1706fc9439ee538f59e652f,docs/views.rst,2,0,1;2,1,MISSING,0,0,3.246716223657131
answer,flask,cross_naive,,0,sparse_inserted,0,ac5664d2281533eacafd64f5cc7d5edcdaccab60,docs/async-await.rst,2,0,1;2,1;2,AMBIGUOUS,0,0,3.539995290338993
answer,flask,cross_naive,,0,sparse_inserted,1,c2705ffd9ce1dc8476cb29eaf5ff5d4c719852d9,docs/appcontext.rst,2,0,1;2,1;2,AMBIGUOUS,0,0,3.085513599216938
answer,flask,cross_naive,,0,sparse_inserted,2,edebd3704437f19b5b137eaffe97130fe817d144,docs/templating.rst,2,0,1;2,1;2,AMBIGUOUS,0,0,3.021916374564171
answer,flask,cross_naive,,0,sparse_inserted,3,d8259eb11900285af9b80b0fa47f841174c054e3,docs/design.rst,2,0,1;2,1;2,AMBIGUOUS,0,0,3.159741871058941
answer,flask,cross_naive,,0,sparse_inserted,4,ff64079a516c269f171ababf3d92b86886a62ffd,docs/web-security.rst,2,0,1;2,1;2,AMBIGUOUS,0,0,2.9062284156680107
answer,flask,cross_naive,,0,sparse_inserted,5,85cc71046475f9cb3efd17d496356795961249f9,docs/index.rst,2,0,1;2,1;2,AMBIGUOUS,0,0,3.224547952413559
answer,flask,cross_naive,,0,sparse_inserted,6,a758915893352f5986c6ee101cdf7e3b7a64fa28,docs/index.rst,2,0,1;2,1;2,AMBIGUOUS,0,0,3.057185560464859
answer,flask,cross_naive,,0,sparse_inserted,7,7bf3be8dfa5832ef03a3fd8f07f6736e770440e4,docs/server.rst,2,0,1;2,1;2,AMBIGUOUS,0,0,3.030603751540184
answer,flask,cross_naive,,0,sparse_inserted,8,c7a53888a1a514619b0611fd8b7928592f4ed612,docs/web-security.rst,2,0,1;2,1;2,AMBIGUOUS,0,0,2.7821045368909836
answer,flask,cross_naive,,0,sparse_inserted,9,be6ec06894b55b1b5a360ce3f8178c7963332ccd,docs/deploying/asgi.rst,2,0,1;2,1;2,AMBIGUOUS,0,0,3.116714768111706
answer,flask,cross_naive,,0,sparse_inserted,10,aa6d4c3e92bd11a7d449f49f524e54bbb88b89c0,docs/patterns/appdispatch.rst,2,0,1;2,1;2,AMBIGUOUS,0,0,3.1257960945367813
answer,flask,cross_naive,,0,sparse_inserted,11,6b9acd565cded9c805760037b69754c11749c830,docs/patterns/packages.rst,2,0,1;2,1;2,AMBIGUOUS,0,0,3.031688742339611
answer,flask,cross_naive,,0,sparse_inserted,12,83d777bebfb3031de51d458b47d06e8e612f3a3d,docs/index.rst,2,0,1;2,1;2,AMBIGUOUS,0,0,2.978186123073101
answer,flask,cross_naive,,0,sparse_inserted,13,2e8fe7b2f2b541a60c90c625446647b22c5cacc2,docs/extensiondev.rst,2,0,1;2,1;2,AMBIGUOUS,0,0,3.0024126172065735
answer,flask,cross_naive,,0,sparse_inserted,14,0bc6be604d465406c5909b13162e7097ab0ea2f8,docs/installation.rst,2,0,1;2,1;2,AMBIGUOUS,0,0,2.9185451567173004
answer,flask,cross_naive,,0,sparse_inserted,15,9c02f07f9bb4c88207c2a6860742c452c35d2948,docs/security.rst,2,0,1;2,1;2,AMBIGUOUS,0,0,2.8582261875271797
answer,flask,cross_naive,,0,sparse_inserted,16,dca8cf013b2c0086539697ae6e4515a1c819092c,docs/patterns/celery.rst,2,0,1;2,1;2,AMBIGUOUS,0,0,3.1011290848255157
answer,flask,cross_naive,,0,sparse_inserted,17,8f13f5b6d672f1ba434f9c8ebe2c1b1dd385962e,docs/cli.rst,2,0,1;2,1;2,AMBIGUOUS,0,0,3.1461920589208603
answer,flask,cross_naive,,0,sparse_inserted,18,4c08e3a2ba3d42fbee63577bceedfe325f51b81d,docs/cli.rst,2,0,1;2,1;2,AMBIGUOUS,0,0,2.896309830248356
answer,flask,cross_naive,,0,sparse_inserted,19,6751f68560bfa7c51133d2712830645ed551ace8,docs/async-await.rst,2,0,1;2,1;2,AMBIGUOUS,0,0,3.0605215579271317
answer,flask,cross_naive,,0,sparse_inserted,20,b46bfcfa63e3c7b32b66dd4870f1c8c17fe1cb46,docs/extensiondev.rst,2,0,1;2,1;2,AMBIGUOUS,0,0,3.0110161751508713
answer,flask,cross_naive,,0,sparse_inserted,21,46433e9807a1c960d6b2bb0e125cf16a90167d97,docs/patterns/streaming.rst,2,0,1;2,1;2,AMBIGUOUS,0,0,2.765463665127754
answer,flask,cross_naive,,0,sparse_inserted,22,2ea77c278282f04a8a18c3ced88ef1e048f8ed4a,docs/async-await.rst,2,0,1;2,1;2,AMBIGUOUS,0,0,3.0548814684152603
answer,flask,cross_naive,,0,sparse_inserted,23,2f3c87dcb8492f082a2f3ece444773d9db30171b,docs/patterns/index.rst,2,0,1;2,1;2,AMBIGUOUS,0,0,3.0221613124012947
answer,flask,cross_naive,,0,sparse_inserted,24,bab5a65e6eaee20ac1706fc9439ee538f59e652f,docs/views.rst,2,0,1;2,1;2,AMBIGUOUS,0,0,3.107694908976555
answer,flask,cross_naive,,0,dense_old_deleted,0,ac5664d2281533eacafd64f5cc7d5edcdaccab60,docs/async-await.rst,2,0,2,1;2,AMBIGUOUS,0,0,3.23410052806139
answer,flask,cross_naive,,0,dense_old_deleted,1,c2705ffd9ce1dc8476cb29eaf5ff5d4c719852d9,docs/appcontext.rst,2,0,2,1;2,AMBIGUOUS,0,0,3.059031441807747
answer,flask,cross_naive,,0,dense_old_deleted,2,edebd3704437f19b5b137eaffe97130fe817d144,docs/templating.rst,2,0,2,1;2,AMBIGUOUS,0,0,3.0334796756505966
answer,flask,cross_naive,,0,dense_old_deleted,3,d8259eb11900285af9b80b0fa47f841174c054e3,docs/design.rst,2,0,2,1;2,AMBIGUOUS,0,0,3.0519068241119385
answer,flask,cross_naive,,0,dense_old_deleted,4,ff64079a516c269f171ababf3d92b86886a62ffd,docs/web-security.rst,2,0,2,1;2,AMBIGUOUS,0,0,2.988075837492943
answer,flask,cross_naive,,0,dense_old_deleted,5,85cc71046475f9cb3efd17d496356795961249f9,docs/index.rst,2,0,2,1;2,AMBIGUOUS,0,0,3.5075843334198
answer,flask,cross_naive,,0,dense_old_deleted,6,a758915893352f5986c6ee101cdf7e3b7a64fa28,docs/index.rst,2,0,2,1;2,AMBIGUOUS,0,0,3.5676006227731705
answer,flask,cross_naive,,0,dense_old_deleted,7,7bf3be8dfa5832ef03a3fd8f07f6736e770440e4,docs/server.rst,2,0,2,1;2,AMBIGUOUS,0,0,3.2371077686548233
answer,flask,cross_naive,,0,dense_old_deleted,8,c7a53888a1a514619b0611fd8b7928592f4ed612,docs/web-security.rst,2,0,2,1;2,AMBIGUOUS,0,0,3.1770579516887665
answer,flask,cross_naive,,0,dense_old_deleted,9,be6ec06894b55b1b5a360ce3f8178c7963332ccd,docs/deploying/asgi.rst,2,0,2,1;2,AMBIGUOUS,0,0,3.08337714523077
answer,flask,cross_naive,,0,dense_old_deleted,10,aa6d4c3e92bd11a7d449f49f524e54bbb88b89c0,docs/patterns/appdispatch.rst,2,0,2,1;2,AMBIGUOUS,0,0,2.9760198667645454
answer,flask,cross_naive,,0,dense_old_deleted,11,6b9acd565cded9c805760037b69754c11749c830,docs/patterns/packages.rst,2,0,2,1;2,AMBIGUOUS,0,0,3.0069993808865547
answer,flask,cross_naive,,0,dense_old_deleted,12,83d777bebfb3031de51d458b47d06e8e612f3a3d,docs/index.rst,2,0,2,1;2,AMBIGUOUS,0,0,3.000696189701557
answer,flask,cross_naive,,0,dense_old_deleted,13,2e8fe7b2f2b541a60c90c625446647b22c5cacc2,docs/extensiondev.rst,2,0,2,1;2,AMBIGUOUS,0,0,3.1011514365673065
answer,flask,cross_naive,,0,dense_old_deleted,14,0bc6be604d465406c5909b13162e7097ab0ea2f8,docs/installation.rst,2,0,2,1;2,AMBIGUOUS,0,0,3.058493137359619
answer,flask,cross_naive,,0,dense_old_deleted,15,9c02f07f9bb4c88207c2a6860742c452c35d2948,docs/security.rst,2,0,2,1;2,AMBIGUOUS,0,0,2.8980402275919914
answer,flask,cross_naive,,0,dense_old_deleted,16,dca8cf013b2c0086539697ae6e4515a1c819092c,docs/patterns/celery.rst,2,0,2,1;2,AMBIGUOUS,0,0,2.9631461948156357
answer,flask,cross_naive,,0,dense_old_deleted,17,8f13f5b6d672f1ba434f9c8ebe2c1b1dd385962e,docs/cli.rst,2,0,2,1;2,AMBIGUOUS,0,0,3.1967973336577415
answer,flask,cross_naive,,0,dense_old_deleted,18,4c08e3a2ba3d42fbee63577bceedfe325f51b81d,docs/cli.rst,2,0,2,1;2,AMBIGUOUS,0,0,2.992323599755764
answer,flask,cross_naive,,0,dense_old_deleted,19,6751f68560bfa7c51133d2712830645ed551ace8,docs/async-await.rst,2,0,2,1;2,AMBIGUOUS,0,0,2.98983883112669
answer,flask,cross_naive,,0,dense_old_deleted,20,b46bfcfa63e3c7b32b66dd4870f1c8c17fe1cb46,docs/extensiondev.rst,2,0,2,1;2,AMBIGUOUS,0,0,3.0417609959840775
answer,flask,cross_naive,,0,dense_old_deleted,21,46433e9807a1c960d6b2bb0e125cf16a90167d97,docs/patterns/streaming.rst,2,0,2,1;2,AMBIGUOUS,0,0,2.880444750189781
answer,flask,cross_naive,,0,dense_old_deleted,22,2ea77c278282f04a8a18c3ced88ef1e048f8ed4a,docs/async-await.rst,2,0,2,1;2,AMBIGUOUS,0,0,2.9167477041482925
answer,flask,cross_naive,,0,dense_old_deleted,23,2f3c87dcb8492f082a2f3ece444773d9db30171b,docs/patterns/index.rst,2,0,2,1;2,AMBIGUOUS,0,0,3.007015213370323
answer,flask,cross_naive,,0,dense_old_deleted,24,bab5a65e6eaee20ac1706fc9439ee538f59e652f,docs/views.rst,2,0,2,1;2,AMBIGUOUS,0,0,3.242696635425091
answer,flask,cross_naive,,0,sparse_old_deleted,0,ac5664d2281533eacafd64f5cc7d5edcdaccab60,docs/async-await.rst,2,0,2,2,NEW_ONLY,1,1,3.833385184407234
answer,flask,cross_naive,,0,sparse_old_deleted,1,c2705ffd9ce1dc8476cb29eaf5ff5d4c719852d9,docs/appcontext.rst,2,0,2,2,NEW_ONLY,1,1,2.956068143248558
answer,flask,cross_naive,,0,sparse_old_deleted,2,edebd3704437f19b5b137eaffe97130fe817d144,docs/templating.rst,2,0,2,2,NEW_ONLY,1,1,2.9503116384148598
answer,flask,cross_naive,,0,sparse_old_deleted,3,d8259eb11900285af9b80b0fa47f841174c054e3,docs/design.rst,2,0,2,2,NEW_ONLY,1,1,3.1859157606959343
answer,flask,cross_naive,,0,sparse_old_deleted,4,ff64079a516c269f171ababf3d92b86886a62ffd,docs/web-security.rst,2,0,2,2,NEW_ONLY,1,1,3.04986909031868
answer,flask,cross_naive,,0,sparse_old_deleted,5,85cc71046475f9cb3efd17d496356795961249f9,docs/index.rst,2,0,2,2,NEW_ONLY,1,1,3.137064166367054
answer,flask,cross_naive,,0,sparse_old_deleted,6,a758915893352f5986c6ee101cdf7e3b7a64fa28,docs/index.rst,2,0,2,2,NEW_ONLY,1,1,3.1904764473438263
answer,flask,cross_naive,,0,sparse_old_deleted,7,7bf3be8dfa5832ef03a3fd8f07f6736e770440e4,docs/server.rst,2,0,2,2,NEW_ONLY,1,1,3.007025457918644
answer,flask,cross_naive,,0,sparse_old_deleted,8,c7a53888a1a514619b0611fd8b7928592f4ed612,docs/web-security.rst,2,0,2,2,NEW_ONLY,1,1,3.1917039304971695
answer,flask,cross_naive,,0,sparse_old_deleted,9,be6ec06894b55b1b5a360ce3f8178c7963332ccd,docs/deploying/asgi.rst,2,0,2,2,NEW_ONLY,1,1,6.483844481408596
answer,flask,cross_naive,,0,sparse_old_deleted,10,aa6d4c3e92bd11a7d449f49f524e54bbb88b89c0,docs/patterns/appdispatch.rst,2,0,2,2,NEW_ONLY,1,1,3.644358366727829
answer,flask,cross_naive,,0,sparse_old_deleted,11,6b9acd565cded9c805760037b69754c11749c830,docs/patterns/packages.rst,2,0,2,2,NEW_ONLY,1,1,3.488346002995968
answer,flask,cross_naive,,0,sparse_old_deleted,12,83d777bebfb3031de51d458b47d06e8e612f3a3d,docs/index.rst,2,0,2,2,NEW_ONLY,1,1,3.262256272137165
answer,flask,cross_naive,,0,sparse_old_deleted,13,2e8fe7b2f2b541a60c90c625446647b22c5cacc2,docs/extensiondev.rst,2,0,2,2,NEW_ONLY,1,1,3.21302842348814
answer,flask,cross_naive,,0,sparse_old_deleted,14,0bc6be604d465406c5909b13162e7097ab0ea2f8,docs/installation.rst,2,0,2,2,NEW_ONLY,1,1,3.2453620806336403
answer,flask,cross_naive,,0,sparse_old_deleted,15,9c02f07f9bb4c88207c2a6860742c452c35d2948,docs/security.rst,2,0,2,2,NEW_ONLY,1,1,2.8463220223784447
answer,flask,cross_naive,,0,sparse_old_deleted,16,dca8cf013b2c0086539697ae6e4515a1c819092c,docs/patterns/celery.rst,2,0,2,2,NEW_ONLY,1,1,2.987062558531761
answer,flask,cross_naive,,0,sparse_old_deleted,17,8f13f5b6d672f1ba434f9c8ebe2c1b1dd385962e,docs/cli.rst,2,0,2,2,NEW_ONLY,1,1,2.706775441765785
answer,flask,cross_naive,,0,sparse_old_deleted,18,4c08e3a2ba3d42fbee63577bceedfe325f51b81d,docs/cli.rst,2,0,2,2,NEW_ONLY,1,1,2.8950264677405357
answer,flask,cross_naive,,0,sparse_old_deleted,19,6751f68560bfa7c51133d2712830645ed551ace8,docs/async-await.rst,2,0,2,2,NEW_ONLY,1,1,2.8754426166415215
answer,flask,cross_naive,,0,sparse_old_deleted,20,b46bfcfa63e3c7b32b66dd4870f1c8c17fe1cb46,docs/extensiondev.rst,2,0,2,2,NEW_ONLY,1,1,2.7499571442604065
answer,flask,cross_naive,,0,sparse_old_deleted,21,46433e9807a1c960d6b2bb0e125cf16a90167d97,docs/patterns/streaming.rst,2,0,2,2,NEW_ONLY,1,1,2.936583012342453
answer,flask,cross_naive,,0,sparse_old_deleted,22,2ea77c278282f04a8a18c3ced88ef1e048f8ed4a,docs/async-await.rst,2,0,2,2,NEW_ONLY,1,1,2.729150466620922
answer,flask,cross_naive,,0,sparse_old_deleted,23,2f3c87dcb8492f082a2f3ece444773d9db30171b,docs/patterns/index.rst,2,0,2,2,NEW_ONLY,1,1,2.8365636244416237
answer,flask,cross_naive,,0,sparse_old_deleted,24,bab5a65e6eaee20ac1706fc9439ee538f59e652f,docs/views.rst,2,0,2,2,NEW_ONLY,1,1,2.885710448026657
answer,flask,cross_naive,,1,initial,0,ac5664d2281533eacafd64f5cc7d5edcdaccab60,docs/async-await.rst,1,0,1,1,OLD_ONLY,1,0,63.44720534980297
answer,flask,cross_naive,,1,initial,1,c2705ffd9ce1dc8476cb29eaf5ff5d4c719852d9,docs/appcontext.rst,1,0,1,1,OLD_ONLY,1,0,3.3918069675564766
answer,flask,cross_naive,,1,initial,2,edebd3704437f19b5b137eaffe97130fe817d144,docs/templating.rst,1,0,1,1,OLD_ONLY,1,0,3.1425906345248222
answer,flask,cross_naive,,1,initial,3,d8259eb11900285af9b80b0fa47f841174c054e3,docs/design.rst,1,0,1,1,OLD_ONLY,1,0,2.908477559685707
answer,flask,cross_naive,,1,initial,4,ff64079a516c269f171ababf3d92b86886a62ffd,docs/web-security.rst,1,0,1,1,OLD_ONLY,1,0,3.2132798805832863
answer,flask,cross_naive,,1,initial,5,85cc71046475f9cb3efd17d496356795961249f9,docs/index.rst,1,0,1,1,OLD_ONLY,1,0,3.3579152077436447
answer,flask,cross_naive,,1,initial,6,a758915893352f5986c6ee101cdf7e3b7a64fa28,docs/index.rst,1,0,1,1,OLD_ONLY,1,0,3.852750174701214
answer,flask,cross_naive,,1,initial,7,7bf3be8dfa5832ef03a3fd8f07f6736e770440e4,docs/server.rst,1,0,1,1,OLD_ONLY,1,0,2.996571362018585
answer,flask,cross_naive,,1,initial,8,c7a53888a1a514619b0611fd8b7928592f4ed612,docs/web-security.rst,1,0,1,1,OLD_ONLY,1,0,3.147355280816555
answer,flask,cross_naive,,1,initial,9,be6ec06894b55b1b5a360ce3f8178c7963332ccd,docs/deploying/asgi.rst,1,0,1,1,OLD_ONLY,1,0,3.045307472348213
answer,flask,cross_naive,,1,initial,10,aa6d4c3e92bd11a7d449f49f524e54bbb88b89c0,docs/patterns/appdispatch.rst,1,0,1,1,OLD_ONLY,1,0,3.1503522768616676
answer,flask,cross_naive,,1,initial,11,6b9acd565cded9c805760037b69754c11749c830,docs/patterns/packages.rst,1,0,1,1,OLD_ONLY,1,0,3.0155740678310394
answer,flask,cross_naive,,1,initial,12,83d777bebfb3031de51d458b47d06e8e612f3a3d,docs/index.rst,1,0,1,1,OLD_ONLY,1,0,2.8493106365203857
answer,flask,cross_naive,,1,initial,13,2e8fe7b2f2b541a60c90c625446647b22c5cacc2,docs/extensiondev.rst,1,0,1,1,OLD_ONLY,1,0,2.8523746877908707
answer,flask,cross_naive,,1,initial,14,0bc6be604d465406c5909b13162e7097ab0ea2f8,docs/installation.rst,1,0,1,1,OLD_ONLY,1,0,3.089659847319126
answer,flask,cross_naive,,1,initial,15,9c02f07f9bb4c88207c2a6860742c452c35d2948,docs/security.rst,1,0,1,1,OLD_ONLY,1,0,3.113466314971447
answer,flask,cross_naive,,1,initial,16,dca8cf013b2c0086539697ae6e4515a1c819092c,docs/patterns/celery.rst,1,0,1,1,OLD_ONLY,1,0,3.0171340331435204
answer,flask,cross_naive,,1,initial,17,8f13f5b6d672f1ba434f9c8ebe2c1b1dd385962e,docs/cli.rst,1,0,1,1,OLD_ONLY,1,0,2.8569409623742104
answer,flask,cross_naive,,1,initial,18,4c08e3a2ba3d42fbee63577bceedfe325f51b81d,docs/cli.rst,1,0,1,1,OLD_ONLY,1,0,3.000752069056034
answer,flask,cross_naive,,1,initial,19,6751f68560bfa7c51133d2712830645ed551ace8,docs/async-await.rst,1,0,1,1,OLD_ONLY,1,0,2.9512280598282814
answer,flask,cross_naive,,1,initial,20,b46bfcfa63e3c7b32b66dd4870f1c8c17fe1cb46,docs/extensiondev.rst,1,0,1,1,OLD_ONLY,1,0,3.187185153365135
answer,flask,cross_naive,,1,initial,21,46433e9807a1c960d6b2bb0e125cf16a90167d97,docs/patterns/streaming.rst,1,0,1,1,OLD_ONLY,1,0,3.2706130295991898
answer,flask,cross_naive,,1,initial,22,2ea77c278282f04a8a18c3ced88ef1e048f8ed4a,docs/async-await.rst,1,0,1,1,OLD_ONLY,1,0,3.8154544308781624
answer,flask,cross_naive,,1,initial,23,2f3c87dcb8492f082a2f3ece444773d9db30171b,docs/patterns/index.rst,1,0,1,1,OLD_ONLY,1,0,3.292168490588665
answer,flask,cross_naive,,1,initial,24,bab5a65e6eaee20ac1706fc9439ee538f59e652f,docs/views.rst,1,0,1,1,OLD_ONLY,1,0,3.1250957399606705
answer,flask,cross_naive,,1,manifest_published,0,ac5664d2281533eacafd64f5cc7d5edcdaccab60,docs/async-await.rst,2,0,1,1,MISSING,0,0,3.3475272357463837
answer,flask,cross_naive,,1,manifest_published,1,c2705ffd9ce1dc8476cb29eaf5ff5d4c719852d9,docs/appcontext.rst,2,0,1,1,MISSING,0,0,2.961300313472748
answer,flask,cross_naive,,1,manifest_published,2,edebd3704437f19b5b137eaffe97130fe817d144,docs/templating.rst,2,0,1,1,MISSING,0,0,2.9056258499622345
answer,flask,cross_naive,,1,manifest_published,3,d8259eb11900285af9b80b0fa47f841174c054e3,docs/design.rst,2,0,1,1,MISSING,0,0,2.840929664671421
answer,flask,cross_naive,,1,manifest_published,4,ff64079a516c269f171ababf3d92b86886a62ffd,docs/web-security.rst,2,0,1,1,MISSING,0,0,2.5697099044919014
answer,flask,cross_naive,,1,manifest_published,5,85cc71046475f9cb3efd17d496356795961249f9,docs/index.rst,2,0,1,1,MISSING,0,0,2.7446839958429337
answer,flask,cross_naive,,1,manifest_published,6,a758915893352f5986c6ee101cdf7e3b7a64fa28,docs/index.rst,2,0,1,1,MISSING,0,0,2.8762267902493477
answer,flask,cross_naive,,1,manifest_published,7,7bf3be8dfa5832ef03a3fd8f07f6736e770440e4,docs/server.rst,2,0,1,1,MISSING,0,0,2.8766142204403877
answer,flask,cross_naive,,1,manifest_published,8,c7a53888a1a514619b0611fd8b7928592f4ed612,docs/web-security.rst,2,0,1,1,MISSING,0,0,2.685926854610443
answer,flask,cross_naive,,1,manifest_published,9,be6ec06894b55b1b5a360ce3f8178c7963332ccd,docs/deploying/asgi.rst,2,0,1,1,MISSING,0,0,2.8453897684812546
answer,flask,cross_naive,,1,manifest_published,10,aa6d4c3e92bd11a7d449f49f524e54bbb88b89c0,docs/patterns/appdispatch.rst,2,0,1,1,MISSING,0,0,3.0026379972696304
answer,flask,cross_naive,,1,manifest_published,11,6b9acd565cded9c805760037b69754c11749c830,docs/patterns/packages.rst,2,0,1,1,MISSING,0,0,2.962297759950161
answer,flask,cross_naive,,1,manifest_published,12,83d777bebfb3031de51d458b47d06e8e612f3a3d,docs/index.rst,2,0,1,1,MISSING,0,0,2.7716364711523056
answer,flask,cross_naive,,1,manifest_published,13,2e8fe7b2f2b541a60c90c625446647b22c5cacc2,docs/extensiondev.rst,2,0,1,1,MISSING,0,0,2.863764762878418
answer,flask,cross_naive,,1,manifest_published,14,0bc6be604d465406c5909b13162e7097ab0ea2f8,docs/installation.rst,2,0,1,1,MISSING,0,0,2.915036864578724
answer,flask,cross_naive,,1,manifest_published,15,9c02f07f9bb4c88207c2a6860742c452c35d2948,docs/security.rst,2,0,1,1,MISSING,0,0,2.9760412871837616
answer,flask,cross_naive,,1,manifest_published,16,dca8cf013b2c0086539697ae6e4515a1c819092c,docs/patterns/celery.rst,2,0,1,1,MISSING,0,0,2.9676733538508415
answer,flask,cross_naive,,1,manifest_published,17,8f13f5b6d672f1ba434f9c8ebe2c1b1dd385962e,docs/cli.rst,2,0,1,1,MISSING,0,0,2.7530165389180183
answer,flask,cross_naive,,1,manifest_published,18,4c08e3a2ba3d42fbee63577bceedfe325f51b81d,docs/cli.rst,2,0,1,1,MISSING,0,0,2.7192169800400734
answer,flask,cross_naive,,1,manifest_published,19,6751f68560bfa7c51133d2712830645ed551ace8,docs/async-await.rst,2,0,1,1,MISSING,0,0,3.221559338271618
answer,flask,cross_naive,,1,manifest_published,20,b46bfcfa63e3c7b32b66dd4870f1c8c17fe1cb46,docs/extensiondev.rst,2,0,1,1,MISSING,0,0,3.31946462392807
answer,flask,cross_naive,,1,manifest_published,21,46433e9807a1c960d6b2bb0e125cf16a90167d97,docs/patterns/streaming.rst,2,0,1,1,MISSING,0,0,2.9432429000735283
answer,flask,cross_naive,,1,manifest_published,22,2ea77c278282f04a8a18c3ced88ef1e048f8ed4a,docs/async-await.rst,2,0,1,1,MISSING,0,0,2.809368073940277
answer,flask,cross_naive,,1,manifest_published,23,2f3c87dcb8492f082a2f3ece444773d9db30171b,docs/patterns/index.rst,2,0,1,1,MISSING,0,0,2.923533320426941
answer,flask,cross_naive,,1,manifest_published,24,bab5a65e6eaee20ac1706fc9439ee538f59e652f,docs/views.rst,2,0,1,1,MISSING,0,0,2.9406584799289703
answer,flask,cross_naive,,1,dense_inserted,0,ac5664d2281533eacafd64f5cc7d5edcdaccab60,docs/async-await.rst,2,0,1;2,1,MISSING,0,0,3.3993422985076904
answer,flask,cross_naive,,1,dense_inserted,1,c2705ffd9ce1dc8476cb29eaf5ff5d4c719852d9,docs/appcontext.rst,2,0,1;2,1,MISSING,0,0,3.304615616798401
answer,flask,cross_naive,,1,dense_inserted,2,edebd3704437f19b5b137eaffe97130fe817d144,docs/templating.rst,2,0,1;2,1,MISSING,0,0,5.768750794231892
answer,flask,cross_naive,,1,dense_inserted,3,d8259eb11900285af9b80b0fa47f841174c054e3,docs/design.rst,2,0,1;2,1,MISSING,0,0,2.924562431871891
answer,flask,cross_naive,,1,dense_inserted,4,ff64079a516c269f171ababf3d92b86886a62ffd,docs/web-security.rst,2,0,1;2,1,MISSING,0,0,2.98979040235281
answer,flask,cross_naive,,1,dense_inserted,5,85cc71046475f9cb3efd17d496356795961249f9,docs/index.rst,2,0,1;2,1,MISSING,0,0,3.407679498195648
answer,flask,cross_naive,,1,dense_inserted,6,a758915893352f5986c6ee101cdf7e3b7a64fa28,docs/index.rst,2,0,1;2,1,MISSING,0,0,3.0569415539503098
answer,flask,cross_naive,,1,dense_inserted,7,7bf3be8dfa5832ef03a3fd8f07f6736e770440e4,docs/server.rst,2,0,1;2,1,MISSING,0,0,3.0338093638420105
answer,flask,cross_naive,,1,dense_inserted,8,c7a53888a1a514619b0611fd8b7928592f4ed612,docs/web-security.rst,2,0,1;2,1,MISSING,0,0,2.8985803946852684
answer,flask,cross_naive,,1,dense_inserted,9,be6ec06894b55b1b5a360ce3f8178c7963332ccd,docs/deploying/asgi.rst,2,0,1;2,1,MISSING,0,0,3.039720468223095
answer,flask,cross_naive,,1,dense_inserted,10,aa6d4c3e92bd11a7d449f49f524e54bbb88b89c0,docs/patterns/appdispatch.rst,2,0,1;2,1,MISSING,0,0,3.0245715752243996
answer,flask,cross_naive,,1,dense_inserted,11,6b9acd565cded9c805760037b69754c11749c830,docs/patterns/packages.rst,2,0,1;2,1,MISSING,0,0,2.9189419001340866
answer,flask,cross_naive,,1,dense_inserted,12,83d777bebfb3031de51d458b47d06e8e612f3a3d,docs/index.rst,2,0,1;2,1,MISSING,0,0,3.0401041731238365
answer,flask,cross_naive,,1,dense_inserted,13,2e8fe7b2f2b541a60c90c625446647b22c5cacc2,docs/extensiondev.rst,2,0,1;2,1,MISSING,0,0,3.1369514763355255
answer,flask,cross_naive,,1,dense_inserted,14,0bc6be604d465406c5909b13162e7097ab0ea2f8,docs/installation.rst,2,0,1;2,1,MISSING,0,0,3.168913535773754
answer,flask,cross_naive,,1,dense_inserted,15,9c02f07f9bb4c88207c2a6860742c452c35d2948,docs/security.rst,2,0,1;2,1,MISSING,0,0,3.2636960968375206
answer,flask,cross_naive,,1,dense_inserted,16,dca8cf013b2c0086539697ae6e4515a1c819092c,docs/patterns/celery.rst,2,0,1;2,1,MISSING,0,0,3.0319811776280403
answer,flask,cross_naive,,1,dense_inserted,17,8f13f5b6d672f1ba434f9c8ebe2c1b1dd385962e,docs/cli.rst,2,0,1;2,1,MISSING,0,0,3.075322136282921
answer,flask,cross_naive,,1,dense_inserted,18,4c08e3a2ba3d42fbee63577bceedfe325f51b81d,docs/cli.rst,2,0,1;2,1,MISSING,0,0,2.7347253635525703
answer,flask,cross_naive,,1,dense_inserted,19,6751f68560bfa7c51133d2712830645ed551ace8,docs/async-await.rst,2,0,1;2,1,MISSING,0,0,2.909834496676922
answer,flask,cross_naive,,1,dense_inserted,20,b46bfcfa63e3c7b32b66dd4870f1c8c17fe1cb46,docs/extensiondev.rst,2,0,1;2,1,MISSING,0,0,3.0726296827197075
answer,flask,cross_naive,,1,dense_inserted,21,46433e9807a1c960d6b2bb0e125cf16a90167d97,docs/patterns/streaming.rst,2,0,1;2,1,MISSING,0,0,3.2997019588947296
answer,flask,cross_naive,,1,dense_inserted,22,2ea77c278282f04a8a18c3ced88ef1e048f8ed4a,docs/async-await.rst,2,0,1;2,1,MISSING,0,0,3.4754443913698196
answer,flask,cross_naive,,1,dense_inserted,23,2f3c87dcb8492f082a2f3ece444773d9db30171b,docs/patterns/index.rst,2,0,1;2,1,MISSING,0,0,2.9618851840496063
answer,flask,cross_naive,,1,dense_inserted,24,bab5a65e6eaee20ac1706fc9439ee538f59e652f,docs/views.rst,2,0,1;2,1,MISSING,0,0,3.1690439209342003
answer,flask,cross_naive,,1,sparse_inserted,0,ac5664d2281533eacafd64f5cc7d5edcdaccab60,docs/async-await.rst,2,0,1;2,1;2,AMBIGUOUS,0,0,3.406207077205181
answer,flask,cross_naive,,1,sparse_inserted,1,c2705ffd9ce1dc8476cb29eaf5ff5d4c719852d9,docs/appcontext.rst,2,0,1;2,1;2,AMBIGUOUS,0,0,3.2973866909742355
answer,flask,cross_naive,,1,sparse_inserted,2,edebd3704437f19b5b137eaffe97130fe817d144,docs/templating.rst,2,0,1;2,1;2,AMBIGUOUS,0,0,3.1137969344854355
answer,flask,cross_naive,,1,sparse_inserted,3,d8259eb11900285af9b80b0fa47f841174c054e3,docs/design.rst,2,0,1;2,1;2,AMBIGUOUS,0,0,3.884200006723404
answer,flask,cross_naive,,1,sparse_inserted,4,ff64079a516c269f171ababf3d92b86886a62ffd,docs/web-security.rst,2,0,1;2,1;2,AMBIGUOUS,0,0,3.0810823664069176
answer,flask,cross_naive,,1,sparse_inserted,5,85cc71046475f9cb3efd17d496356795961249f9,docs/index.rst,2,0,1;2,1;2,AMBIGUOUS,0,0,3.127558156847954
answer,flask,cross_naive,,1,sparse_inserted,6,a758915893352f5986c6ee101cdf7e3b7a64fa28,docs/index.rst,2,0,1;2,1;2,AMBIGUOUS,0,0,2.9275305569171906
answer,flask,cross_naive,,1,sparse_inserted,7,7bf3be8dfa5832ef03a3fd8f07f6736e770440e4,docs/server.rst,2,0,1;2,1;2,AMBIGUOUS,0,0,3.158523701131344
answer,flask,cross_naive,,1,sparse_inserted,8,c7a53888a1a514619b0611fd8b7928592f4ed612,docs/web-security.rst,2,0,1;2,1;2,AMBIGUOUS,0,0,3.084302879869938
answer,flask,cross_naive,,1,sparse_inserted,9,be6ec06894b55b1b5a360ce3f8178c7963332ccd,docs/deploying/asgi.rst,2,0,1;2,1;2,AMBIGUOUS,0,0,3.0022263526916504
answer,flask,cross_naive,,1,sparse_inserted,10,aa6d4c3e92bd11a7d449f49f524e54bbb88b89c0,docs/patterns/appdispatch.rst,2,0,1;2,1;2,AMBIGUOUS,0,0,3.189900889992714
answer,flask,cross_naive,,1,sparse_inserted,11,6b9acd565cded9c805760037b69754c11749c830,docs/patterns/packages.rst,2,0,1;2,1;2,AMBIGUOUS,0,0,3.088545985519886
answer,flask,cross_naive,,1,sparse_inserted,12,83d777bebfb3031de51d458b47d06e8e612f3a3d,docs/index.rst,2,0,1;2,1;2,AMBIGUOUS,0,0,3.520635887980461
answer,flask,cross_naive,,1,sparse_inserted,13,2e8fe7b2f2b541a60c90c625446647b22c5cacc2,docs/extensiondev.rst,2,0,1;2,1;2,AMBIGUOUS,0,0,3.0278442427515984
answer,flask,cross_naive,,1,sparse_inserted,14,0bc6be604d465406c5909b13162e7097ab0ea2f8,docs/installation.rst,2,0,1;2,1;2,AMBIGUOUS,0,0,2.9102033004164696
answer,flask,cross_naive,,1,sparse_inserted,15,9c02f07f9bb4c88207c2a6860742c452c35d2948,docs/security.rst,2,0,1;2,1;2,AMBIGUOUS,0,0,2.870946191251278
answer,flask,cross_naive,,1,sparse_inserted,16,dca8cf013b2c0086539697ae6e4515a1c819092c,docs/patterns/celery.rst,2,0,1;2,1;2,AMBIGUOUS,0,0,2.7896733954548836
answer,flask,cross_naive,,1,sparse_inserted,17,8f13f5b6d672f1ba434f9c8ebe2c1b1dd385962e,docs/cli.rst,2,0,1;2,1;2,AMBIGUOUS,0,0,2.9221326112747192
answer,flask,cross_naive,,1,sparse_inserted,18,4c08e3a2ba3d42fbee63577bceedfe325f51b81d,docs/cli.rst,2,0,1;2,1;2,AMBIGUOUS,0,0,2.974766306579113
answer,flask,cross_naive,,1,sparse_inserted,19,6751f68560bfa7c51133d2712830645ed551ace8,docs/async-await.rst,2,0,1;2,1;2,AMBIGUOUS,0,0,2.9045753180980682
answer,flask,cross_naive,,1,sparse_inserted,20,b46bfcfa63e3c7b32b66dd4870f1c8c17fe1cb46,docs/extensiondev.rst,2,0,1;2,1;2,AMBIGUOUS,0,0,3.047412261366844
answer,flask,cross_naive,,1,sparse_inserted,21,46433e9807a1c960d6b2bb0e125cf16a90167d97,docs/patterns/streaming.rst,2,0,1;2,1;2,AMBIGUOUS,0,0,2.8747031465172768
answer,flask,cross_naive,,1,sparse_inserted,22,2ea77c278282f04a8a18c3ced88ef1e048f8ed4a,docs/async-await.rst,2,0,1;2,1;2,AMBIGUOUS,0,0,2.99142487347126
answer,flask,cross_naive,,1,sparse_inserted,23,2f3c87dcb8492f082a2f3ece444773d9db30171b,docs/patterns/index.rst,2,0,1;2,1;2,AMBIGUOUS,0,0,2.9986603185534477
answer,flask,cross_naive,,1,sparse_inserted,24,bab5a65e6eaee20ac1706fc9439ee538f59e652f,docs/views.rst,2,0,1;2,1;2,AMBIGUOUS,0,0,3.030945546925068
answer,flask,cross_naive,,1,dense_old_deleted,0,ac5664d2281533eacafd64f5cc7d5edcdaccab60,docs/async-await.rst,2,0,2,1;2,AMBIGUOUS,0,0,3.5094451159238815
answer,flask,cross_naive,,1,dense_old_deleted,1,c2705ffd9ce1dc8476cb29eaf5ff5d4c719852d9,docs/appcontext.rst,2,0,2,1;2,AMBIGUOUS,0,0,3.689798526465893
answer,flask,cross_naive,,1,dense_old_deleted,2,edebd3704437f19b5b137eaffe97130fe817d144,docs/templating.rst,2,0,2,1;2,AMBIGUOUS,0,0,3.1750835478305817
answer,flask,cross_naive,,1,dense_old_deleted,3,d8259eb11900285af9b80b0fa47f841174c054e3,docs/design.rst,2,0,2,1;2,AMBIGUOUS,0,0,3.085990436375141
answer,flask,cross_naive,,1,dense_old_deleted,4,ff64079a516c269f171ababf3d92b86886a62ffd,docs/web-security.rst,2,0,2,1;2,AMBIGUOUS,0,0,3.1341426074504852
answer,flask,cross_naive,,1,dense_old_deleted,5,85cc71046475f9cb3efd17d496356795961249f9,docs/index.rst,2,0,2,1;2,AMBIGUOUS,0,0,2.8706826269626617
answer,flask,cross_naive,,1,dense_old_deleted,6,a758915893352f5986c6ee101cdf7e3b7a64fa28,docs/index.rst,2,0,2,1;2,AMBIGUOUS,0,0,3.062094561755657
answer,flask,cross_naive,,1,dense_old_deleted,7,7bf3be8dfa5832ef03a3fd8f07f6736e770440e4,docs/server.rst,2,0,2,1;2,AMBIGUOUS,0,0,2.978942357003689
answer,flask,cross_naive,,1,dense_old_deleted,8,c7a53888a1a514619b0611fd8b7928592f4ed612,docs/web-security.rst,2,0,2,1;2,AMBIGUOUS,0,0,3.0813226476311684
answer,flask,cross_naive,,1,dense_old_deleted,9,be6ec06894b55b1b5a360ce3f8178c7963332ccd,docs/deploying/asgi.rst,2,0,2,1;2,AMBIGUOUS,0,0,2.9534995555877686
answer,flask,cross_naive,,1,dense_old_deleted,10,aa6d4c3e92bd11a7d449f49f524e54bbb88b89c0,docs/patterns/appdispatch.rst,2,0,2,1;2,AMBIGUOUS,0,0,2.823960967361927
answer,flask,cross_naive,,1,dense_old_deleted,11,6b9acd565cded9c805760037b69754c11749c830,docs/patterns/packages.rst,2,0,2,1;2,AMBIGUOUS,0,0,2.8486326336860657
answer,flask,cross_naive,,1,dense_old_deleted,12,83d777bebfb3031de51d458b47d06e8e612f3a3d,docs/index.rst,2,0,2,1;2,AMBIGUOUS,0,0,2.932093106210232
answer,flask,cross_naive,,1,dense_old_deleted,13,2e8fe7b2f2b541a60c90c625446647b22c5cacc2,docs/extensiondev.rst,2,0,2,1;2,AMBIGUOUS,0,0,2.9581431299448013
answer,flask,cross_naive,,1,dense_old_deleted,14,0bc6be604d465406c5909b13162e7097ab0ea2f8,docs/installation.rst,2,0,2,1;2,AMBIGUOUS,0,0,3.1869113445281982
answer,flask,cross_naive,,1,dense_old_deleted,15,9c02f07f9bb4c88207c2a6860742c452c35d2948,docs/security.rst,2,0,2,1;2,AMBIGUOUS,0,0,3.093442879617214
answer,flask,cross_naive,,1,dense_old_deleted,16,dca8cf013b2c0086539697ae6e4515a1c819092c,docs/patterns/celery.rst,2,0,2,1;2,AMBIGUOUS,0,0,2.8766291216015816
answer,flask,cross_naive,,1,dense_old_deleted,17,8f13f5b6d672f1ba434f9c8ebe2c1b1dd385962e,docs/cli.rst,2,0,2,1;2,AMBIGUOUS,0,0,3.068068064749241
answer,flask,cross_naive,,1,dense_old_deleted,18,4c08e3a2ba3d42fbee63577bceedfe325f51b81d,docs/cli.rst,2,0,2,1;2,AMBIGUOUS,0,0,3.085412085056305
answer,flask,cross_naive,,1,dense_old_deleted,19,6751f68560bfa7c51133d2712830645ed551ace8,docs/async-await.rst,2,0,2,1;2,AMBIGUOUS,0,0,3.1434260308742523
answer,flask,cross_naive,,1,dense_old_deleted,20,b46bfcfa63e3c7b32b66dd4870f1c8c17fe1cb46,docs/extensiondev.rst,2,0,2,1;2,AMBIGUOUS,0,0,2.9045119881629944
answer,flask,cross_naive,,1,dense_old_deleted,21,46433e9807a1c960d6b2bb0e125cf16a90167d97,docs/patterns/streaming.rst,2,0,2,1;2,AMBIGUOUS,0,0,2.9750801622867584
answer,flask,cross_naive,,1,dense_old_deleted,22,2ea77c278282f04a8a18c3ced88ef1e048f8ed4a,docs/async-await.rst,2,0,2,1;2,AMBIGUOUS,0,0,3.0477242544293404
answer,flask,cross_naive,,1,dense_old_deleted,23,2f3c87dcb8492f082a2f3ece444773d9db30171b,docs/patterns/index.rst,2,0,2,1;2,AMBIGUOUS,0,0,2.886144444346428
answer,flask,cross_naive,,1,dense_old_deleted,24,bab5a65e6eaee20ac1706fc9439ee538f59e652f,docs/views.rst,2,0,2,1;2,AMBIGUOUS,0,0,2.9598399996757507
answer,flask,cross_naive,,1,sparse_old_deleted,0,ac5664d2281533eacafd64f5cc7d5edcdaccab60,docs/async-await.rst,2,0,2,2,NEW_ONLY,1,1,3.2272981479763985
answer,flask,cross_naive,,1,sparse_old_deleted,1,c2705ffd9ce1dc8476cb29eaf5ff5d4c719852d9,docs/appcontext.rst,2,0,2,2,NEW_ONLY,1,1,3.040931187570095
answer,flask,cross_naive,,1,sparse_old_deleted,2,edebd3704437f19b5b137eaffe97130fe817d144,docs/templating.rst,2,0,2,2,NEW_ONLY,1,1,2.9731178656220436
answer,flask,cross_naive,,1,sparse_old_deleted,3,d8259eb11900285af9b80b0fa47f841174c054e3,docs/design.rst,2,0,2,2,NEW_ONLY,1,1,2.95049324631691
answer,flask,cross_naive,,1,sparse_old_deleted,4,ff64079a516c269f171ababf3d92b86886a62ffd,docs/web-security.rst,2,0,2,2,NEW_ONLY,1,1,2.8037847951054573
answer,flask,cross_naive,,1,sparse_old_deleted,5,85cc71046475f9cb3efd17d496356795961249f9,docs/index.rst,2,0,2,2,NEW_ONLY,1,1,3.246788866817951
answer,flask,cross_naive,,1,sparse_old_deleted,6,a758915893352f5986c6ee101cdf7e3b7a64fa28,docs/index.rst,2,0,2,2,NEW_ONLY,1,1,3.4129824489355087
answer,flask,cross_naive,,1,sparse_old_deleted,7,7bf3be8dfa5832ef03a3fd8f07f6736e770440e4,docs/server.rst,2,0,2,2,NEW_ONLY,1,1,3.2413918524980545
answer,flask,cross_naive,,1,sparse_old_deleted,8,c7a53888a1a514619b0611fd8b7928592f4ed612,docs/web-security.rst,2,0,2,2,NEW_ONLY,1,1,3.2813800498843193
answer,flask,cross_naive,,1,sparse_old_deleted,9,be6ec06894b55b1b5a360ce3f8178c7963332ccd,docs/deploying/asgi.rst,2,0,2,2,NEW_ONLY,1,1,2.799023874104023
answer,flask,cross_naive,,1,sparse_old_deleted,10,aa6d4c3e92bd11a7d449f49f524e54bbb88b89c0,docs/patterns/appdispatch.rst,2,0,2,2,NEW_ONLY,1,1,2.942785620689392
answer,flask,cross_naive,,1,sparse_old_deleted,11,6b9acd565cded9c805760037b69754c11749c830,docs/patterns/packages.rst,2,0,2,2,NEW_ONLY,1,1,3.1061237677931786
answer,flask,cross_naive,,1,sparse_old_deleted,12,83d777bebfb3031de51d458b47d06e8e612f3a3d,docs/index.rst,2,0,2,2,NEW_ONLY,1,1,3.029683604836464
answer,flask,cross_naive,,1,sparse_old_deleted,13,2e8fe7b2f2b541a60c90c625446647b22c5cacc2,docs/extensiondev.rst,2,0,2,2,NEW_ONLY,1,1,3.101021982729435
answer,flask,cross_naive,,1,sparse_old_deleted,14,0bc6be604d465406c5909b13162e7097ab0ea2f8,docs/installation.rst,2,0,2,2,NEW_ONLY,1,1,2.9954370111227036
answer,flask,cross_naive,,1,sparse_old_deleted,15,9c02f07f9bb4c88207c2a6860742c452c35d2948,docs/security.rst,2,0,2,2,NEW_ONLY,1,1,2.9263710603117943
answer,flask,cross_naive,,1,sparse_old_deleted,16,dca8cf013b2c0086539697ae6e4515a1c819092c,docs/patterns/celery.rst,2,0,2,2,NEW_ONLY,1,1,2.9846960678696632
answer,flask,cross_naive,,1,sparse_old_deleted,17,8f13f5b6d672f1ba434f9c8ebe2c1b1dd385962e,docs/cli.rst,2,0,2,2,NEW_ONLY,1,1,2.873901277780533
answer,flask,cross_naive,,1,sparse_old_deleted,18,4c08e3a2ba3d42fbee63577bceedfe325f51b81d,docs/cli.rst,2,0,2,2,NEW_ONLY,1,1,2.9356274753808975
answer,flask,cross_naive,,1,sparse_old_deleted,19,6751f68560bfa7c51133d2712830645ed551ace8,docs/async-await.rst,2,0,2,2,NEW_ONLY,1,1,3.086607903242111
answer,flask,cross_naive,,1,sparse_old_deleted,20,b46bfcfa63e3c7b32b66dd4870f1c8c17fe1cb46,docs/extensiondev.rst,2,0,2,2,NEW_ONLY,1,1,2.997206524014473
answer,flask,cross_naive,,1,sparse_old_deleted,21,46433e9807a1c960d6b2bb0e125cf16a90167d97,docs/patterns/streaming.rst,2,0,2,2,NEW_ONLY,1,1,3.050883300602436
answer,flask,cross_naive,,1,sparse_old_deleted,22,2ea77c278282f04a8a18c3ced88ef1e048f8ed4a,docs/async-await.rst,2,0,2,2,NEW_ONLY,1,1,3.0531324446201324
answer,flask,cross_naive,,1,sparse_old_deleted,23,2f3c87dcb8492f082a2f3ece444773d9db30171b,docs/patterns/index.rst,2,0,2,2,NEW_ONLY,1,1,3.0524227768182755
answer,flask,cross_naive,,1,sparse_old_deleted,24,bab5a65e6eaee20ac1706fc9439ee538f59e652f,docs/views.rst,2,0,2,2,NEW_ONLY,1,1,3.0554477125406265
answer,flask,cross_naive,,2,initial,0,ac5664d2281533eacafd64f5cc7d5edcdaccab60,docs/async-await.rst,1,0,1,1,OLD_ONLY,1,0,66.38207193464041
answer,flask,cross_naive,,2,initial,1,c2705ffd9ce1dc8476cb29eaf5ff5d4c719852d9,docs/appcontext.rst,1,0,1,1,OLD_ONLY,1,0,3.3660652115941048
answer,flask,cross_naive,,2,initial,2,edebd3704437f19b5b137eaffe97130fe817d144,docs/templating.rst,1,0,1,1,OLD_ONLY,1,0,3.4236889332532883
answer,flask,cross_naive,,2,initial,3,d8259eb11900285af9b80b0fa47f841174c054e3,docs/design.rst,1,0,1,1,OLD_ONLY,1,0,3.548659384250641
answer,flask,cross_naive,,2,initial,4,ff64079a516c269f171ababf3d92b86886a62ffd,docs/web-security.rst,1,0,1,1,OLD_ONLY,1,0,3.4528207033872604
answer,flask,cross_naive,,2,initial,5,85cc71046475f9cb3efd17d496356795961249f9,docs/index.rst,1,0,1,1,OLD_ONLY,1,0,3.793771378695965
answer,flask,cross_naive,,2,initial,6,a758915893352f5986c6ee101cdf7e3b7a64fa28,docs/index.rst,1,0,1,1,OLD_ONLY,1,0,3.1372476369142532
answer,flask,cross_naive,,2,initial,7,7bf3be8dfa5832ef03a3fd8f07f6736e770440e4,docs/server.rst,1,0,1,1,OLD_ONLY,1,0,3.161863423883915
answer,flask,cross_naive,,2,initial,8,c7a53888a1a514619b0611fd8b7928592f4ed612,docs/web-security.rst,1,0,1,1,OLD_ONLY,1,0,3.3705895766615868
answer,flask,cross_naive,,2,initial,9,be6ec06894b55b1b5a360ce3f8178c7963332ccd,docs/deploying/asgi.rst,1,0,1,1,OLD_ONLY,1,0,7.914392277598381
answer,flask,cross_naive,,2,initial,10,aa6d4c3e92bd11a7d449f49f524e54bbb88b89c0,docs/patterns/appdispatch.rst,1,0,1,1,OLD_ONLY,1,0,3.275078721344471
answer,flask,cross_naive,,2,initial,11,6b9acd565cded9c805760037b69754c11749c830,docs/patterns/packages.rst,1,0,1,1,OLD_ONLY,1,0,3.2087722793221474
answer,flask,cross_naive,,2,initial,12,83d777bebfb3031de51d458b47d06e8e612f3a3d,docs/index.rst,1,0,1,1,OLD_ONLY,1,0,3.2094381749629974
answer,flask,cross_naive,,2,initial,13,2e8fe7b2f2b541a60c90c625446647b22c5cacc2,docs/extensiondev.rst,1,0,1,1,OLD_ONLY,1,0,3.125743940472603
answer,flask,cross_naive,,2,initial,14,0bc6be604d465406c5909b13162e7097ab0ea2f8,docs/installation.rst,1,0,1,1,OLD_ONLY,1,0,2.9496727511286736
answer,flask,cross_naive,,2,initial,15,9c02f07f9bb4c88207c2a6860742c452c35d2948,docs/security.rst,1,0,1,1,OLD_ONLY,1,0,2.983364276587963
answer,flask,cross_naive,,2,initial,16,dca8cf013b2c0086539697ae6e4515a1c819092c,docs/patterns/celery.rst,1,0,1,1,OLD_ONLY,1,0,2.9526473954319954
answer,flask,cross_naive,,2,initial,17,8f13f5b6d672f1ba434f9c8ebe2c1b1dd385962e,docs/cli.rst,1,0,1,1,OLD_ONLY,1,0,3.0054645612835884
answer,flask,cross_naive,,2,initial,18,4c08e3a2ba3d42fbee63577bceedfe325f51b81d,docs/cli.rst,1,0,1,1,OLD_ONLY,1,0,2.8590867295861244
answer,flask,cross_naive,,2,initial,19,6751f68560bfa7c51133d2712830645ed551ace8,docs/async-await.rst,1,0,1,1,OLD_ONLY,1,0,2.987844869494438
answer,flask,cross_naive,,2,initial,20,b46bfcfa63e3c7b32b66dd4870f1c8c17fe1cb46,docs/extensiondev.rst,1,0,1,1,OLD_ONLY,1,0,2.6792101562023163
answer,flask,cross_naive,,2,initial,21,46433e9807a1c960d6b2bb0e125cf16a90167d97,docs/patterns/streaming.rst,1,0,1,1,OLD_ONLY,1,0,2.817881293594837
answer,flask,cross_naive,,2,initial,22,2ea77c278282f04a8a18c3ced88ef1e048f8ed4a,docs/async-await.rst,1,0,1,1,OLD_ONLY,1,0,2.809712663292885
answer,flask,cross_naive,,2,initial,23,2f3c87dcb8492f082a2f3ece444773d9db30171b,docs/patterns/index.rst,1,0,1,1,OLD_ONLY,1,0,2.856033854186535
answer,flask,cross_naive,,2,initial,24,bab5a65e6eaee20ac1706fc9439ee538f59e652f,docs/views.rst,1,0,1,1,OLD_ONLY,1,0,3.1290221959352493
answer,flask,cross_naive,,2,manifest_published,0,ac5664d2281533eacafd64f5cc7d5edcdaccab60,docs/async-await.rst,2,0,1,1,MISSING,0,0,3.4922920167446136
answer,flask,cross_naive,,2,manifest_published,1,c2705ffd9ce1dc8476cb29eaf5ff5d4c719852d9,docs/appcontext.rst,2,0,1,1,MISSING,0,0,2.9154950752854347
answer,flask,cross_naive,,2,manifest_published,2,edebd3704437f19b5b137eaffe97130fe817d144,docs/templating.rst,2,0,1,1,MISSING,0,0,3.1084148213267326
answer,flask,cross_naive,,2,manifest_published,3,d8259eb11900285af9b80b0fa47f841174c054e3,docs/design.rst,2,0,1,1,MISSING,0,0,2.9805460944771767
answer,flask,cross_naive,,2,manifest_published,4,ff64079a516c269f171ababf3d92b86886a62ffd,docs/web-security.rst,2,0,1,1,MISSING,0,0,3.104344941675663
answer,flask,cross_naive,,2,manifest_published,5,85cc71046475f9cb3efd17d496356795961249f9,docs/index.rst,2,0,1,1,MISSING,0,0,2.969789318740368
answer,flask,cross_naive,,2,manifest_published,6,a758915893352f5986c6ee101cdf7e3b7a64fa28,docs/index.rst,2,0,1,1,MISSING,0,0,2.984728664159775
answer,flask,cross_naive,,2,manifest_published,7,7bf3be8dfa5832ef03a3fd8f07f6736e770440e4,docs/server.rst,2,0,1,1,MISSING,0,0,2.861754037439823
answer,flask,cross_naive,,2,manifest_published,8,c7a53888a1a514619b0611fd8b7928592f4ed612,docs/web-security.rst,2,0,1,1,MISSING,0,0,3.115633502602577
answer,flask,cross_naive,,2,manifest_published,9,be6ec06894b55b1b5a360ce3f8178c7963332ccd,docs/deploying/asgi.rst,2,0,1,1,MISSING,0,0,3.0579008162021637
answer,flask,cross_naive,,2,manifest_published,10,aa6d4c3e92bd11a7d449f49f524e54bbb88b89c0,docs/patterns/appdispatch.rst,2,0,1,1,MISSING,0,0,2.9235463589429855
answer,flask,cross_naive,,2,manifest_published,11,6b9acd565cded9c805760037b69754c11749c830,docs/patterns/packages.rst,2,0,1,1,MISSING,0,0,2.955591306090355
answer,flask,cross_naive,,2,manifest_published,12,83d777bebfb3031de51d458b47d06e8e612f3a3d,docs/index.rst,2,0,1,1,MISSING,0,0,3.1418735161423683
answer,flask,cross_naive,,2,manifest_published,13,2e8fe7b2f2b541a60c90c625446647b22c5cacc2,docs/extensiondev.rst,2,0,1,1,MISSING,0,0,3.0389465391635895
answer,flask,cross_naive,,2,manifest_published,14,0bc6be604d465406c5909b13162e7097ab0ea2f8,docs/installation.rst,2,0,1,1,MISSING,0,0,3.0785901471972466
answer,flask,cross_naive,,2,manifest_published,15,9c02f07f9bb4c88207c2a6860742c452c35d2948,docs/security.rst,2,0,1,1,MISSING,0,0,3.0942801386117935
answer,flask,cross_naive,,2,manifest_published,16,dca8cf013b2c0086539697ae6e4515a1c819092c,docs/patterns/celery.rst,2,0,1,1,MISSING,0,0,3.02725937217474
answer,flask,cross_naive,,2,manifest_published,17,8f13f5b6d672f1ba434f9c8ebe2c1b1dd385962e,docs/cli.rst,2,0,1,1,MISSING,0,0,2.957424148917198
answer,flask,cross_naive,,2,manifest_published,18,4c08e3a2ba3d42fbee63577bceedfe325f51b81d,docs/cli.rst,2,0,1,1,MISSING,0,0,2.9228487983345985
answer,flask,cross_naive,,2,manifest_published,19,6751f68560bfa7c51133d2712830645ed551ace8,docs/async-await.rst,2,0,1,1,MISSING,0,0,2.8611794114112854
answer,flask,cross_naive,,2,manifest_published,20,b46bfcfa63e3c7b32b66dd4870f1c8c17fe1cb46,docs/extensiondev.rst,2,0,1,1,MISSING,0,0,2.793216146528721
answer,flask,cross_naive,,2,manifest_published,21,46433e9807a1c960d6b2bb0e125cf16a90167d97,docs/patterns/streaming.rst,2,0,1,1,MISSING,0,0,2.909230999648571
answer,flask,cross_naive,,2,manifest_published,22,2ea77c278282f04a8a18c3ced88ef1e048f8ed4a,docs/async-await.rst,2,0,1,1,MISSING,0,0,2.9861116781830788
answer,flask,cross_naive,,2,manifest_published,23,2f3c87dcb8492f082a2f3ece444773d9db30171b,docs/patterns/index.rst,2,0,1,1,MISSING,0,0,2.932916395366192
answer,flask,cross_naive,,2,manifest_published,24,bab5a65e6eaee20ac1706fc9439ee538f59e652f,docs/views.rst,2,0,1,1,MISSING,0,0,3.123079426586628
answer,flask,cross_naive,,2,dense_inserted,0,ac5664d2281533eacafd64f5cc7d5edcdaccab60,docs/async-await.rst,2,0,1;2,1,MISSING,0,0,3.2252147793769836
answer,flask,cross_naive,,2,dense_inserted,1,c2705ffd9ce1dc8476cb29eaf5ff5d4c719852d9,docs/appcontext.rst,2,0,1;2,1,MISSING,0,0,3.0687646940350533
answer,flask,cross_naive,,2,dense_inserted,2,edebd3704437f19b5b137eaffe97130fe817d144,docs/templating.rst,2,0,1;2,1,MISSING,0,0,2.7322620153427124
answer,flask,cross_naive,,2,dense_inserted,3,d8259eb11900285af9b80b0fa47f841174c054e3,docs/design.rst,2,0,1;2,1,MISSING,0,0,2.884115092456341
answer,flask,cross_naive,,2,dense_inserted,4,ff64079a516c269f171ababf3d92b86886a62ffd,docs/web-security.rst,2,0,1;2,1,MISSING,0,0,2.8603412210941315
answer,flask,cross_naive,,2,dense_inserted,5,85cc71046475f9cb3efd17d496356795961249f9,docs/index.rst,2,0,1;2,1,MISSING,0,0,2.9123378917574883
answer,flask,cross_naive,,2,dense_inserted,6,a758915893352f5986c6ee101cdf7e3b7a64fa28,docs/index.rst,2,0,1;2,1,MISSING,0,0,2.9412610456347466
answer,flask,cross_naive,,2,dense_inserted,7,7bf3be8dfa5832ef03a3fd8f07f6736e770440e4,docs/server.rst,2,0,1;2,1,MISSING,0,0,2.909149043262005
answer,flask,cross_naive,,2,dense_inserted,8,c7a53888a1a514619b0611fd8b7928592f4ed612,docs/web-security.rst,2,0,1;2,1,MISSING,0,0,3.2414840534329414
answer,flask,cross_naive,,2,dense_inserted,9,be6ec06894b55b1b5a360ce3f8178c7963332ccd,docs/deploying/asgi.rst,2,0,1;2,1,MISSING,0,0,3.06145753711462
answer,flask,cross_naive,,2,dense_inserted,10,aa6d4c3e92bd11a7d449f49f524e54bbb88b89c0,docs/patterns/appdispatch.rst,2,0,1;2,1,MISSING,0,0,2.9645077884197235
answer,flask,cross_naive,,2,dense_inserted,11,6b9acd565cded9c805760037b69754c11749c830,docs/patterns/packages.rst,2,0,1;2,1,MISSING,0,0,2.863422967493534
answer,flask,cross_naive,,2,dense_inserted,12,83d777bebfb3031de51d458b47d06e8e612f3a3d,docs/index.rst,2,0,1;2,1,MISSING,0,0,2.8822962194681168
answer,flask,cross_naive,,2,dense_inserted,13,2e8fe7b2f2b541a60c90c625446647b22c5cacc2,docs/extensiondev.rst,2,0,1;2,1,MISSING,0,0,3.056611865758896
answer,flask,cross_naive,,2,dense_inserted,14,0bc6be604d465406c5909b13162e7097ab0ea2f8,docs/installation.rst,2,0,1;2,1,MISSING,0,0,2.9303552582859993
answer,flask,cross_naive,,2,dense_inserted,15,9c02f07f9bb4c88207c2a6860742c452c35d2948,docs/security.rst,2,0,1;2,1,MISSING,0,0,2.9033785685896873
answer,flask,cross_naive,,2,dense_inserted,16,dca8cf013b2c0086539697ae6e4515a1c819092c,docs/patterns/celery.rst,2,0,1;2,1,MISSING,0,0,2.8929803520441055
answer,flask,cross_naive,,2,dense_inserted,17,8f13f5b6d672f1ba434f9c8ebe2c1b1dd385962e,docs/cli.rst,2,0,1;2,1,MISSING,0,0,2.8671296313405037
answer,flask,cross_naive,,2,dense_inserted,18,4c08e3a2ba3d42fbee63577bceedfe325f51b81d,docs/cli.rst,2,0,1;2,1,MISSING,0,0,3.018694929778576
answer,flask,cross_naive,,2,dense_inserted,19,6751f68560bfa7c51133d2712830645ed551ace8,docs/async-await.rst,2,0,1;2,1,MISSING,0,0,2.853216603398323
answer,flask,cross_naive,,2,dense_inserted,20,b46bfcfa63e3c7b32b66dd4870f1c8c17fe1cb46,docs/extensiondev.rst,2,0,1;2,1,MISSING,0,0,3.0670901760458946
answer,flask,cross_naive,,2,dense_inserted,21,46433e9807a1c960d6b2bb0e125cf16a90167d97,docs/patterns/streaming.rst,2,0,1;2,1,MISSING,0,0,2.8147660195827484
answer,flask,cross_naive,,2,dense_inserted,22,2ea77c278282f04a8a18c3ced88ef1e048f8ed4a,docs/async-await.rst,2,0,1;2,1,MISSING,0,0,3.002042882144451
answer,flask,cross_naive,,2,dense_inserted,23,2f3c87dcb8492f082a2f3ece444773d9db30171b,docs/patterns/index.rst,2,0,1;2,1,MISSING,0,0,2.920050173997879
answer,flask,cross_naive,,2,dense_inserted,24,bab5a65e6eaee20ac1706fc9439ee538f59e652f,docs/views.rst,2,0,1;2,1,MISSING,0,0,2.779543399810791
answer,flask,cross_naive,,2,sparse_inserted,0,ac5664d2281533eacafd64f5cc7d5edcdaccab60,docs/async-await.rst,2,0,1;2,1;2,AMBIGUOUS,0,0,3.3645741641521454
answer,flask,cross_naive,,2,sparse_inserted,1,c2705ffd9ce1dc8476cb29eaf5ff5d4c719852d9,docs/appcontext.rst,2,0,1;2,1;2,AMBIGUOUS,0,0,3.0668554827570915
answer,flask,cross_naive,,2,sparse_inserted,2,edebd3704437f19b5b137eaffe97130fe817d144,docs/templating.rst,2,0,1;2,1;2,AMBIGUOUS,0,0,3.208143636584282
answer,flask,cross_naive,,2,sparse_inserted,3,d8259eb11900285af9b80b0fa47f841174c054e3,docs/design.rst,2,0,1;2,1;2,AMBIGUOUS,0,0,2.902611158788204
answer,flask,cross_naive,,2,sparse_inserted,4,ff64079a516c269f171ababf3d92b86886a62ffd,docs/web-security.rst,2,0,1;2,1;2,AMBIGUOUS,0,0,3.0479971319437027
answer,flask,cross_naive,,2,sparse_inserted,5,85cc71046475f9cb3efd17d496356795961249f9,docs/index.rst,2,0,1;2,1;2,AMBIGUOUS,0,0,2.8762463480234146
answer,flask,cross_naive,,2,sparse_inserted,6,a758915893352f5986c6ee101cdf7e3b7a64fa28,docs/index.rst,2,0,1;2,1;2,AMBIGUOUS,0,0,2.813505008816719
answer,flask,cross_naive,,2,sparse_inserted,7,7bf3be8dfa5832ef03a3fd8f07f6736e770440e4,docs/server.rst,2,0,1;2,1;2,AMBIGUOUS,0,0,2.8985226526856422
answer,flask,cross_naive,,2,sparse_inserted,8,c7a53888a1a514619b0611fd8b7928592f4ed612,docs/web-security.rst,2,0,1;2,1;2,AMBIGUOUS,0,0,2.953406423330307
answer,flask,cross_naive,,2,sparse_inserted,9,be6ec06894b55b1b5a360ce3f8178c7963332ccd,docs/deploying/asgi.rst,2,0,1;2,1;2,AMBIGUOUS,0,0,2.8863027691841125
answer,flask,cross_naive,,2,sparse_inserted,10,aa6d4c3e92bd11a7d449f49f524e54bbb88b89c0,docs/patterns/appdispatch.rst,2,0,1;2,1;2,AMBIGUOUS,0,0,2.7391240000724792
answer,flask,cross_naive,,2,sparse_inserted,11,6b9acd565cded9c805760037b69754c11749c830,docs/patterns/packages.rst,2,0,1;2,1;2,AMBIGUOUS,0,0,2.7094176039099693
answer,flask,cross_naive,,2,sparse_inserted,12,83d777bebfb3031de51d458b47d06e8e612f3a3d,docs/index.rst,2,0,1;2,1;2,AMBIGUOUS,0,0,2.8175003826618195
answer,flask,cross_naive,,2,sparse_inserted,13,2e8fe7b2f2b541a60c90c625446647b22c5cacc2,docs/extensiondev.rst,2,0,1;2,1;2,AMBIGUOUS,0,0,2.770836465060711
answer,flask,cross_naive,,2,sparse_inserted,14,0bc6be604d465406c5909b13162e7097ab0ea2f8,docs/installation.rst,2,0,1;2,1;2,AMBIGUOUS,0,0,2.973761409521103
answer,flask,cross_naive,,2,sparse_inserted,15,9c02f07f9bb4c88207c2a6860742c452c35d2948,docs/security.rst,2,0,1;2,1;2,AMBIGUOUS,0,0,2.801390364766121
answer,flask,cross_naive,,2,sparse_inserted,16,dca8cf013b2c0086539697ae6e4515a1c819092c,docs/patterns/celery.rst,2,0,1;2,1;2,AMBIGUOUS,0,0,2.745380625128746
answer,flask,cross_naive,,2,sparse_inserted,17,8f13f5b6d672f1ba434f9c8ebe2c1b1dd385962e,docs/cli.rst,2,0,1;2,1;2,AMBIGUOUS,0,0,2.942732535302639
answer,flask,cross_naive,,2,sparse_inserted,18,4c08e3a2ba3d42fbee63577bceedfe325f51b81d,docs/cli.rst,2,0,1;2,1;2,AMBIGUOUS,0,0,2.9729679226875305
answer,flask,cross_naive,,2,sparse_inserted,19,6751f68560bfa7c51133d2712830645ed551ace8,docs/async-await.rst,2,0,1;2,1;2,AMBIGUOUS,0,0,2.9243724420666695
answer,flask,cross_naive,,2,sparse_inserted,20,b46bfcfa63e3c7b32b66dd4870f1c8c17fe1cb46,docs/extensiondev.rst,2,0,1;2,1;2,AMBIGUOUS,0,0,2.7786903083324432
answer,flask,cross_naive,,2,sparse_inserted,21,46433e9807a1c960d6b2bb0e125cf16a90167d97,docs/patterns/streaming.rst,2,0,1;2,1;2,AMBIGUOUS,0,0,2.8630727902054787
answer,flask,cross_naive,,2,sparse_inserted,22,2ea77c278282f04a8a18c3ced88ef1e048f8ed4a,docs/async-await.rst,2,0,1;2,1;2,AMBIGUOUS,0,0,3.0105924233794212
answer,flask,cross_naive,,2,sparse_inserted,23,2f3c87dcb8492f082a2f3ece444773d9db30171b,docs/patterns/index.rst,2,0,1;2,1;2,AMBIGUOUS,0,0,2.792343497276306
answer,flask,cross_naive,,2,sparse_inserted,24,bab5a65e6eaee20ac1706fc9439ee538f59e652f,docs/views.rst,2,0,1;2,1;2,AMBIGUOUS,0,0,2.8278883546590805
answer,flask,cross_naive,,2,dense_old_deleted,0,ac5664d2281533eacafd64f5cc7d5edcdaccab60,docs/async-await.rst,2,0,2,1;2,AMBIGUOUS,0,0,3.017095848917961
answer,flask,cross_naive,,2,dense_old_deleted,1,c2705ffd9ce1dc8476cb29eaf5ff5d4c719852d9,docs/appcontext.rst,2,0,2,1;2,AMBIGUOUS,0,0,2.8878115117549896
answer,flask,cross_naive,,2,dense_old_deleted,2,edebd3704437f19b5b137eaffe97130fe817d144,docs/templating.rst,2,0,2,1;2,AMBIGUOUS,0,0,3.1526200473308563
answer,flask,cross_naive,,2,dense_old_deleted,3,d8259eb11900285af9b80b0fa47f841174c054e3,docs/design.rst,2,0,2,1;2,AMBIGUOUS,0,0,3.026265650987625
answer,flask,cross_naive,,2,dense_old_deleted,4,ff64079a516c269f171ababf3d92b86886a62ffd,docs/web-security.rst,2,0,2,1;2,AMBIGUOUS,0,0,3.0138837173581123
answer,flask,cross_naive,,2,dense_old_deleted,5,85cc71046475f9cb3efd17d496356795961249f9,docs/index.rst,2,0,2,1;2,AMBIGUOUS,0,0,2.9388731345534325
answer,flask,cross_naive,,2,dense_old_deleted,6,a758915893352f5986c6ee101cdf7e3b7a64fa28,docs/index.rst,2,0,2,1;2,AMBIGUOUS,0,0,2.8155306354165077
answer,flask,cross_naive,,2,dense_old_deleted,7,7bf3be8dfa5832ef03a3fd8f07f6736e770440e4,docs/server.rst,2,0,2,1;2,AMBIGUOUS,0,0,3.7353672087192535
answer,flask,cross_naive,,2,dense_old_deleted,8,c7a53888a1a514619b0611fd8b7928592f4ed612,docs/web-security.rst,2,0,2,1;2,AMBIGUOUS,0,0,3.783964551985264
answer,flask,cross_naive,,2,dense_old_deleted,9,be6ec06894b55b1b5a360ce3f8178c7963332ccd,docs/deploying/asgi.rst,2,0,2,1;2,AMBIGUOUS,0,0,3.0867261812090874
answer,flask,cross_naive,,2,dense_old_deleted,10,aa6d4c3e92bd11a7d449f49f524e54bbb88b89c0,docs/patterns/appdispatch.rst,2,0,2,1;2,AMBIGUOUS,0,0,3.0738357454538345
answer,flask,cross_naive,,2,dense_old_deleted,11,6b9acd565cded9c805760037b69754c11749c830,docs/patterns/packages.rst,2,0,2,1;2,AMBIGUOUS,0,0,3.1527886167168617
answer,flask,cross_naive,,2,dense_old_deleted,12,83d777bebfb3031de51d458b47d06e8e612f3a3d,docs/index.rst,2,0,2,1;2,AMBIGUOUS,0,0,3.238900564610958
answer,flask,cross_naive,,2,dense_old_deleted,13,2e8fe7b2f2b541a60c90c625446647b22c5cacc2,docs/extensiondev.rst,2,0,2,1;2,AMBIGUOUS,0,0,3.0116746202111244
answer,flask,cross_naive,,2,dense_old_deleted,14,0bc6be604d465406c5909b13162e7097ab0ea2f8,docs/installation.rst,2,0,2,1;2,AMBIGUOUS,0,0,2.97504011541605
answer,flask,cross_naive,,2,dense_old_deleted,15,9c02f07f9bb4c88207c2a6860742c452c35d2948,docs/security.rst,2,0,2,1;2,AMBIGUOUS,0,0,2.877897582948208
answer,flask,cross_naive,,2,dense_old_deleted,16,dca8cf013b2c0086539697ae6e4515a1c819092c,docs/patterns/celery.rst,2,0,2,1;2,AMBIGUOUS,0,0,2.9668519273400307
answer,flask,cross_naive,,2,dense_old_deleted,17,8f13f5b6d672f1ba434f9c8ebe2c1b1dd385962e,docs/cli.rst,2,0,2,1;2,AMBIGUOUS,0,0,2.788144163787365
answer,flask,cross_naive,,2,dense_old_deleted,18,4c08e3a2ba3d42fbee63577bceedfe325f51b81d,docs/cli.rst,2,0,2,1;2,AMBIGUOUS,0,0,2.772688865661621
answer,flask,cross_naive,,2,dense_old_deleted,19,6751f68560bfa7c51133d2712830645ed551ace8,docs/async-await.rst,2,0,2,1;2,AMBIGUOUS,0,0,2.8483569622039795
answer,flask,cross_naive,,2,dense_old_deleted,20,b46bfcfa63e3c7b32b66dd4870f1c8c17fe1cb46,docs/extensiondev.rst,2,0,2,1;2,AMBIGUOUS,0,0,2.7299122884869576
answer,flask,cross_naive,,2,dense_old_deleted,21,46433e9807a1c960d6b2bb0e125cf16a90167d97,docs/patterns/streaming.rst,2,0,2,1;2,AMBIGUOUS,0,0,2.9271161183714867
answer,flask,cross_naive,,2,dense_old_deleted,22,2ea77c278282f04a8a18c3ced88ef1e048f8ed4a,docs/async-await.rst,2,0,2,1;2,AMBIGUOUS,0,0,2.8350818902254105
answer,flask,cross_naive,,2,dense_old_deleted,23,2f3c87dcb8492f082a2f3ece444773d9db30171b,docs/patterns/index.rst,2,0,2,1;2,AMBIGUOUS,0,0,3.088296391069889
answer,flask,cross_naive,,2,dense_old_deleted,24,bab5a65e6eaee20ac1706fc9439ee538f59e652f,docs/views.rst,2,0,2,1;2,AMBIGUOUS,0,0,2.863440662622452
answer,flask,cross_naive,,2,sparse_old_deleted,0,ac5664d2281533eacafd64f5cc7d5edcdaccab60,docs/async-await.rst,2,0,2,2,NEW_ONLY,1,1,3.1171590089797974
answer,flask,cross_naive,,2,sparse_old_deleted,1,c2705ffd9ce1dc8476cb29eaf5ff5d4c719852d9,docs/appcontext.rst,2,0,2,2,NEW_ONLY,1,1,2.787991426885128
answer,flask,cross_naive,,2,sparse_old_deleted,2,edebd3704437f19b5b137eaffe97130fe817d144,docs/templating.rst,2,0,2,2,NEW_ONLY,1,1,3.1469836831092834
answer,flask,cross_naive,,2,sparse_old_deleted,3,d8259eb11900285af9b80b0fa47f841174c054e3,docs/design.rst,2,0,2,2,NEW_ONLY,1,1,2.8217481449246407
answer,flask,cross_naive,,2,sparse_old_deleted,4,ff64079a516c269f171ababf3d92b86886a62ffd,docs/web-security.rst,2,0,2,2,NEW_ONLY,1,1,2.7737272903323174
answer,flask,cross_naive,,2,sparse_old_deleted,5,85cc71046475f9cb3efd17d496356795961249f9,docs/index.rst,2,0,2,2,NEW_ONLY,1,1,2.9317624866962433
answer,flask,cross_naive,,2,sparse_old_deleted,6,a758915893352f5986c6ee101cdf7e3b7a64fa28,docs/index.rst,2,0,2,2,NEW_ONLY,1,1,3.015764057636261
answer,flask,cross_naive,,2,sparse_old_deleted,7,7bf3be8dfa5832ef03a3fd8f07f6736e770440e4,docs/server.rst,2,0,2,2,NEW_ONLY,1,1,3.1417161226272583
answer,flask,cross_naive,,2,sparse_old_deleted,8,c7a53888a1a514619b0611fd8b7928592f4ed612,docs/web-security.rst,2,0,2,2,NEW_ONLY,1,1,3.054174594581127
answer,flask,cross_naive,,2,sparse_old_deleted,9,be6ec06894b55b1b5a360ce3f8178c7963332ccd,docs/deploying/asgi.rst,2,0,2,2,NEW_ONLY,1,1,2.9991306364536285
answer,flask,cross_naive,,2,sparse_old_deleted,10,aa6d4c3e92bd11a7d449f49f524e54bbb88b89c0,docs/patterns/appdispatch.rst,2,0,2,2,NEW_ONLY,1,1,3.018646501004696
answer,flask,cross_naive,,2,sparse_old_deleted,11,6b9acd565cded9c805760037b69754c11749c830,docs/patterns/packages.rst,2,0,2,2,NEW_ONLY,1,1,2.978360280394554
answer,flask,cross_naive,,2,sparse_old_deleted,12,83d777bebfb3031de51d458b47d06e8e612f3a3d,docs/index.rst,2,0,2,2,NEW_ONLY,1,1,3.1151287257671356
answer,flask,cross_naive,,2,sparse_old_deleted,13,2e8fe7b2f2b541a60c90c625446647b22c5cacc2,docs/extensiondev.rst,2,0,2,2,NEW_ONLY,1,1,2.9216473922133446
answer,flask,cross_naive,,2,sparse_old_deleted,14,0bc6be604d465406c5909b13162e7097ab0ea2f8,docs/installation.rst,2,0,2,2,NEW_ONLY,1,1,3.5297395661473274
answer,flask,cross_naive,,2,sparse_old_deleted,15,9c02f07f9bb4c88207c2a6860742c452c35d2948,docs/security.rst,2,0,2,2,NEW_ONLY,1,1,3.1837085261940956
answer,flask,cross_naive,,2,sparse_old_deleted,16,dca8cf013b2c0086539697ae6e4515a1c819092c,docs/patterns/celery.rst,2,0,2,2,NEW_ONLY,1,1,2.777058631181717
answer,flask,cross_naive,,2,sparse_old_deleted,17,8f13f5b6d672f1ba434f9c8ebe2c1b1dd385962e,docs/cli.rst,2,0,2,2,NEW_ONLY,1,1,2.7844859287142754
answer,flask,cross_naive,,2,sparse_old_deleted,18,4c08e3a2ba3d42fbee63577bceedfe325f51b81d,docs/cli.rst,2,0,2,2,NEW_ONLY,1,1,2.5940649211406708
answer,flask,cross_naive,,2,sparse_old_deleted,19,6751f68560bfa7c51133d2712830645ed551ace8,docs/async-await.rst,2,0,2,2,NEW_ONLY,1,1,2.603563480079174
answer,flask,cross_naive,,2,sparse_old_deleted,20,b46bfcfa63e3c7b32b66dd4870f1c8c17fe1cb46,docs/extensiondev.rst,2,0,2,2,NEW_ONLY,1,1,2.6950612664222717
answer,flask,cross_naive,,2,sparse_old_deleted,21,46433e9807a1c960d6b2bb0e125cf16a90167d97,docs/patterns/streaming.rst,2,0,2,2,NEW_ONLY,1,1,2.572759985923767
answer,flask,cross_naive,,2,sparse_old_deleted,22,2ea77c278282f04a8a18c3ced88ef1e048f8ed4a,docs/async-await.rst,2,0,2,2,NEW_ONLY,1,1,2.6629874482750893
answer,flask,cross_naive,,2,sparse_old_deleted,23,2f3c87dcb8492f082a2f3ece444773d9db30171b,docs/patterns/index.rst,2,0,2,2,NEW_ONLY,1,1,2.737578935921192
answer,flask,cross_naive,,2,sparse_old_deleted,24,bab5a65e6eaee20ac1706fc9439ee538f59e652f,docs/views.rst,2,0,2,2,NEW_ONLY,1,1,2.7698054909706116
answer,flask,cross_read_filter,,0,initial,0,ac5664d2281533eacafd64f5cc7d5edcdaccab60,docs/async-await.rst,1,0,1,1,OLD_ONLY,1,0,61.1567497253418
answer,flask,cross_read_filter,,0,initial,1,c2705ffd9ce1dc8476cb29eaf5ff5d4c719852d9,docs/appcontext.rst,1,0,1,1,OLD_ONLY,1,0,3.3723553642630577
answer,flask,cross_read_filter,,0,initial,2,edebd3704437f19b5b137eaffe97130fe817d144,docs/templating.rst,1,0,1,1,OLD_ONLY,1,0,3.191421739757061
answer,flask,cross_read_filter,,0,initial,3,d8259eb11900285af9b80b0fa47f841174c054e3,docs/design.rst,1,0,1,1,OLD_ONLY,1,0,3.1709903851151466
answer,flask,cross_read_filter,,0,initial,4,ff64079a516c269f171ababf3d92b86886a62ffd,docs/web-security.rst,1,0,1,1,OLD_ONLY,1,0,3.183419816195965
answer,flask,cross_read_filter,,0,initial,5,85cc71046475f9cb3efd17d496356795961249f9,docs/index.rst,1,0,1,1,OLD_ONLY,1,0,3.3510038629174232
answer,flask,cross_read_filter,,0,initial,6,a758915893352f5986c6ee101cdf7e3b7a64fa28,docs/index.rst,1,0,1,1,OLD_ONLY,1,0,3.645227290689945
answer,flask,cross_read_filter,,0,initial,7,7bf3be8dfa5832ef03a3fd8f07f6736e770440e4,docs/server.rst,1,0,1,1,OLD_ONLY,1,0,2.9865428805351257
answer,flask,cross_read_filter,,0,initial,8,c7a53888a1a514619b0611fd8b7928592f4ed612,docs/web-security.rst,1,0,1,1,OLD_ONLY,1,0,2.9010483995079994
answer,flask,cross_read_filter,,0,initial,9,be6ec06894b55b1b5a360ce3f8178c7963332ccd,docs/deploying/asgi.rst,1,0,1,1,OLD_ONLY,1,0,2.9844557866454124
answer,flask,cross_read_filter,,0,initial,10,aa6d4c3e92bd11a7d449f49f524e54bbb88b89c0,docs/patterns/appdispatch.rst,1,0,1,1,OLD_ONLY,1,0,2.9424987733364105
answer,flask,cross_read_filter,,0,initial,11,6b9acd565cded9c805760037b69754c11749c830,docs/patterns/packages.rst,1,0,1,1,OLD_ONLY,1,0,2.934093587100506
answer,flask,cross_read_filter,,0,initial,12,83d777bebfb3031de51d458b47d06e8e612f3a3d,docs/index.rst,1,0,1,1,OLD_ONLY,1,0,2.8096549212932587
answer,flask,cross_read_filter,,0,initial,13,2e8fe7b2f2b541a60c90c625446647b22c5cacc2,docs/extensiondev.rst,1,0,1,1,OLD_ONLY,1,0,2.7654077857732773
answer,flask,cross_read_filter,,0,initial,14,0bc6be604d465406c5909b13162e7097ab0ea2f8,docs/installation.rst,1,0,1,1,OLD_ONLY,1,0,2.749968320131302
answer,flask,cross_read_filter,,0,initial,15,9c02f07f9bb4c88207c2a6860742c452c35d2948,docs/security.rst,1,0,1,1,OLD_ONLY,1,0,2.83869169652462
answer,flask,cross_read_filter,,0,initial,16,dca8cf013b2c0086539697ae6e4515a1c819092c,docs/patterns/celery.rst,1,0,1,1,OLD_ONLY,1,0,2.926209941506386
answer,flask,cross_read_filter,,0,initial,17,8f13f5b6d672f1ba434f9c8ebe2c1b1dd385962e,docs/cli.rst,1,0,1,1,OLD_ONLY,1,0,2.7950815856456757
answer,flask,cross_read_filter,,0,initial,18,4c08e3a2ba3d42fbee63577bceedfe325f51b81d,docs/cli.rst,1,0,1,1,OLD_ONLY,1,0,2.9033320024609566
answer,flask,cross_read_filter,,0,initial,19,6751f68560bfa7c51133d2712830645ed551ace8,docs/async-await.rst,1,0,1,1,OLD_ONLY,1,0,2.7078520506620407
answer,flask,cross_read_filter,,0,initial,20,b46bfcfa63e3c7b32b66dd4870f1c8c17fe1cb46,docs/extensiondev.rst,1,0,1,1,OLD_ONLY,1,0,2.557063475251198
answer,flask,cross_read_filter,,0,initial,21,46433e9807a1c960d6b2bb0e125cf16a90167d97,docs/patterns/streaming.rst,1,0,1,1,OLD_ONLY,1,0,2.7783308178186417
answer,flask,cross_read_filter,,0,initial,22,2ea77c278282f04a8a18c3ced88ef1e048f8ed4a,docs/async-await.rst,1,0,1,1,OLD_ONLY,1,0,2.685519866645336
answer,flask,cross_read_filter,,0,initial,23,2f3c87dcb8492f082a2f3ece444773d9db30171b,docs/patterns/index.rst,1,0,1,1,OLD_ONLY,1,0,2.8586145490407944
answer,flask,cross_read_filter,,0,initial,24,bab5a65e6eaee20ac1706fc9439ee538f59e652f,docs/views.rst,1,0,1,1,OLD_ONLY,1,0,2.6613418012857437
answer,flask,cross_read_filter,,0,manifest_published,0,ac5664d2281533eacafd64f5cc7d5edcdaccab60,docs/async-await.rst,2,0,,,MISSING,0,0,3.2177381217479706
answer,flask,cross_read_filter,,0,manifest_published,1,c2705ffd9ce1dc8476cb29eaf5ff5d4c719852d9,docs/appcontext.rst,2,0,,,MISSING,0,0,3.1378455460071564
answer,flask,cross_read_filter,,0,manifest_published,2,edebd3704437f19b5b137eaffe97130fe817d144,docs/templating.rst,2,0,,,MISSING,0,0,2.701524645090103
answer,flask,cross_read_filter,,0,manifest_published,3,d8259eb11900285af9b80b0fa47f841174c054e3,docs/design.rst,2,0,,,MISSING,0,0,3.108861856162548
answer,flask,cross_read_filter,,0,manifest_published,4,ff64079a516c269f171ababf3d92b86886a62ffd,docs/web-security.rst,2,0,,,MISSING,0,0,3.137514926493168
answer,flask,cross_read_filter,,0,manifest_published,5,85cc71046475f9cb3efd17d496356795961249f9,docs/index.rst,2,0,,,MISSING,0,0,2.45635025203228
answer,flask,cross_read_filter,,0,manifest_published,6,a758915893352f5986c6ee101cdf7e3b7a64fa28,docs/index.rst,2,0,,,MISSING,0,0,2.5073857977986336
answer,flask,cross_read_filter,,0,manifest_published,7,7bf3be8dfa5832ef03a3fd8f07f6736e770440e4,docs/server.rst,2,0,,,MISSING,0,0,2.652069553732872
answer,flask,cross_read_filter,,0,manifest_published,8,c7a53888a1a514619b0611fd8b7928592f4ed612,docs/web-security.rst,2,0,,,MISSING,0,0,2.5982651859521866
answer,flask,cross_read_filter,,0,manifest_published,9,be6ec06894b55b1b5a360ce3f8178c7963332ccd,docs/deploying/asgi.rst,2,0,,,MISSING,0,0,2.443874254822731
answer,flask,cross_read_filter,,0,manifest_published,10,aa6d4c3e92bd11a7d449f49f524e54bbb88b89c0,docs/patterns/appdispatch.rst,2,0,,,MISSING,0,0,2.674809657037258
answer,flask,cross_read_filter,,0,manifest_published,11,6b9acd565cded9c805760037b69754c11749c830,docs/patterns/packages.rst,2,0,,,MISSING,0,0,2.747257240116596
answer,flask,cross_read_filter,,0,manifest_published,12,83d777bebfb3031de51d458b47d06e8e612f3a3d,docs/index.rst,2,0,,,MISSING,0,0,2.6329737156629562
answer,flask,cross_read_filter,,0,manifest_published,13,2e8fe7b2f2b541a60c90c625446647b22c5cacc2,docs/extensiondev.rst,2,0,,,MISSING,0,0,2.6336703449487686
answer,flask,cross_read_filter,,0,manifest_published,14,0bc6be604d465406c5909b13162e7097ab0ea2f8,docs/installation.rst,2,0,,,MISSING,0,0,2.608603797852993
answer,flask,cross_read_filter,,0,manifest_published,15,9c02f07f9bb4c88207c2a6860742c452c35d2948,docs/security.rst,2,0,,,MISSING,0,0,2.5486061349511147
answer,flask,cross_read_filter,,0,manifest_published,16,dca8cf013b2c0086539697ae6e4515a1c819092c,docs/patterns/celery.rst,2,0,,,MISSING,0,0,2.7654627338051796
answer,flask,cross_read_filter,,0,manifest_published,17,8f13f5b6d672f1ba434f9c8ebe2c1b1dd385962e,docs/cli.rst,2,0,,,MISSING,0,0,2.5528641417622566
answer,flask,cross_read_filter,,0,manifest_published,18,4c08e3a2ba3d42fbee63577bceedfe325f51b81d,docs/cli.rst,2,0,,,MISSING,0,0,2.4939151480793953
answer,flask,cross_read_filter,,0,manifest_published,19,6751f68560bfa7c51133d2712830645ed551ace8,docs/async-await.rst,2,0,,,MISSING,0,0,2.621822990477085
answer,flask,cross_read_filter,,0,manifest_published,20,b46bfcfa63e3c7b32b66dd4870f1c8c17fe1cb46,docs/extensiondev.rst,2,0,,,MISSING,0,0,2.6978570967912674
answer,flask,cross_read_filter,,0,manifest_published,21,46433e9807a1c960d6b2bb0e125cf16a90167d97,docs/patterns/streaming.rst,2,0,,,MISSING,0,0,2.703300677239895
answer,flask,cross_read_filter,,0,manifest_published,22,2ea77c278282f04a8a18c3ced88ef1e048f8ed4a,docs/async-await.rst,2,0,,,MISSING,0,0,2.6804842054843903
answer,flask,cross_read_filter,,0,manifest_published,23,2f3c87dcb8492f082a2f3ece444773d9db30171b,docs/patterns/index.rst,2,0,,,MISSING,0,0,2.6431502774357796
answer,flask,cross_read_filter,,0,manifest_published,24,bab5a65e6eaee20ac1706fc9439ee538f59e652f,docs/views.rst,2,0,,,MISSING,0,0,2.591819502413273
answer,flask,cross_read_filter,,0,dense_inserted,0,ac5664d2281533eacafd64f5cc7d5edcdaccab60,docs/async-await.rst,2,0,2,,MISSING,0,0,3.119136206805706
answer,flask,cross_read_filter,,0,dense_inserted,1,c2705ffd9ce1dc8476cb29eaf5ff5d4c719852d9,docs/appcontext.rst,2,0,2,,MISSING,0,0,2.9001617804169655
answer,flask,cross_read_filter,,0,dense_inserted,2,edebd3704437f19b5b137eaffe97130fe817d144,docs/templating.rst,2,0,2,,MISSING,0,0,2.792002633213997
answer,flask,cross_read_filter,,0,dense_inserted,3,d8259eb11900285af9b80b0fa47f841174c054e3,docs/design.rst,2,0,2,,MISSING,0,0,2.7895821258425713
answer,flask,cross_read_filter,,0,dense_inserted,4,ff64079a516c269f171ababf3d92b86886a62ffd,docs/web-security.rst,2,0,2,,MISSING,0,0,3.022206947207451
answer,flask,cross_read_filter,,0,dense_inserted,5,85cc71046475f9cb3efd17d496356795961249f9,docs/index.rst,2,0,2,,MISSING,0,0,2.675522118806839
answer,flask,cross_read_filter,,0,dense_inserted,6,a758915893352f5986c6ee101cdf7e3b7a64fa28,docs/index.rst,2,0,2,,MISSING,0,0,2.624589018523693
answer,flask,cross_read_filter,,0,dense_inserted,7,7bf3be8dfa5832ef03a3fd8f07f6736e770440e4,docs/server.rst,2,0,2,,MISSING,0,0,2.722456119954586
answer,flask,cross_read_filter,,0,dense_inserted,8,c7a53888a1a514619b0611fd8b7928592f4ed612,docs/web-security.rst,2,0,2,,MISSING,0,0,2.8612446039915085
answer,flask,cross_read_filter,,0,dense_inserted,9,be6ec06894b55b1b5a360ce3f8178c7963332ccd,docs/deploying/asgi.rst,2,0,2,,MISSING,0,0,2.7380315586924553
answer,flask,cross_read_filter,,0,dense_inserted,10,aa6d4c3e92bd11a7d449f49f524e54bbb88b89c0,docs/patterns/appdispatch.rst,2,0,2,,MISSING,0,0,2.8939619660377502
answer,flask,cross_read_filter,,0,dense_inserted,11,6b9acd565cded9c805760037b69754c11749c830,docs/patterns/packages.rst,2,0,2,,MISSING,0,0,3.4533441066741943
answer,flask,cross_read_filter,,0,dense_inserted,12,83d777bebfb3031de51d458b47d06e8e612f3a3d,docs/index.rst,2,0,2,,MISSING,0,0,2.816269174218178
answer,flask,cross_read_filter,,0,dense_inserted,13,2e8fe7b2f2b541a60c90c625446647b22c5cacc2,docs/extensiondev.rst,2,0,2,,MISSING,0,0,2.5365790352225304
answer,flask,cross_read_filter,,0,dense_inserted,14,0bc6be604d465406c5909b13162e7097ab0ea2f8,docs/installation.rst,2,0,2,,MISSING,0,0,2.6958901435136795
answer,flask,cross_read_filter,,0,dense_inserted,15,9c02f07f9bb4c88207c2a6860742c452c35d2948,docs/security.rst,2,0,2,,MISSING,0,0,2.764909528195858
answer,flask,cross_read_filter,,0,dense_inserted,16,dca8cf013b2c0086539697ae6e4515a1c819092c,docs/patterns/celery.rst,2,0,2,,MISSING,0,0,2.7821455150842667
answer,flask,cross_read_filter,,0,dense_inserted,17,8f13f5b6d672f1ba434f9c8ebe2c1b1dd385962e,docs/cli.rst,2,0,2,,MISSING,0,0,2.773953601717949
answer,flask,cross_read_filter,,0,dense_inserted,18,4c08e3a2ba3d42fbee63577bceedfe325f51b81d,docs/cli.rst,2,0,2,,MISSING,0,0,2.78601236641407
answer,flask,cross_read_filter,,0,dense_inserted,19,6751f68560bfa7c51133d2712830645ed551ace8,docs/async-await.rst,2,0,2,,MISSING,0,0,2.814306877553463
answer,flask,cross_read_filter,,0,dense_inserted,20,b46bfcfa63e3c7b32b66dd4870f1c8c17fe1cb46,docs/extensiondev.rst,2,0,2,,MISSING,0,0,2.83719040453434
answer,flask,cross_read_filter,,0,dense_inserted,21,46433e9807a1c960d6b2bb0e125cf16a90167d97,docs/patterns/streaming.rst,2,0,2,,MISSING,0,0,2.9579997062683105
answer,flask,cross_read_filter,,0,dense_inserted,22,2ea77c278282f04a8a18c3ced88ef1e048f8ed4a,docs/async-await.rst,2,0,2,,MISSING,0,0,2.6912307366728783
answer,flask,cross_read_filter,,0,dense_inserted,23,2f3c87dcb8492f082a2f3ece444773d9db30171b,docs/patterns/index.rst,2,0,2,,MISSING,0,0,2.6415064930915833
answer,flask,cross_read_filter,,0,dense_inserted,24,bab5a65e6eaee20ac1706fc9439ee538f59e652f,docs/views.rst,2,0,2,,MISSING,0,0,2.6858560740947723
answer,flask,cross_read_filter,,0,sparse_inserted,0,ac5664d2281533eacafd64f5cc7d5edcdaccab60,docs/async-await.rst,2,0,2,2,NEW_ONLY,1,1,3.21954395622015
answer,flask,cross_read_filter,,0,sparse_inserted,1,c2705ffd9ce1dc8476cb29eaf5ff5d4c719852d9,docs/appcontext.rst,2,0,2,2,NEW_ONLY,1,1,2.877195365726948
answer,flask,cross_read_filter,,0,sparse_inserted,2,edebd3704437f19b5b137eaffe97130fe817d144,docs/templating.rst,2,0,2,2,NEW_ONLY,1,1,2.688686363399029
answer,flask,cross_read_filter,,0,sparse_inserted,3,d8259eb11900285af9b80b0fa47f841174c054e3,docs/design.rst,2,0,2,2,NEW_ONLY,1,1,2.521359361708164
answer,flask,cross_read_filter,,0,sparse_inserted,4,ff64079a516c269f171ababf3d92b86886a62ffd,docs/web-security.rst,2,0,2,2,NEW_ONLY,1,1,2.5970526039600372
answer,flask,cross_read_filter,,0,sparse_inserted,5,85cc71046475f9cb3efd17d496356795961249f9,docs/index.rst,2,0,2,2,NEW_ONLY,1,1,2.6147617027163506
answer,flask,cross_read_filter,,0,sparse_inserted,6,a758915893352f5986c6ee101cdf7e3b7a64fa28,docs/index.rst,2,0,2,2,NEW_ONLY,1,1,2.633006311953068
answer,flask,cross_read_filter,,0,sparse_inserted,7,7bf3be8dfa5832ef03a3fd8f07f6736e770440e4,docs/server.rst,2,0,2,2,NEW_ONLY,1,1,2.9204702004790306
answer,flask,cross_read_filter,,0,sparse_inserted,8,c7a53888a1a514619b0611fd8b7928592f4ed612,docs/web-security.rst,2,0,2,2,NEW_ONLY,1,1,2.77114100754261
answer,flask,cross_read_filter,,0,sparse_inserted,9,be6ec06894b55b1b5a360ce3f8178c7963332ccd,docs/deploying/asgi.rst,2,0,2,2,NEW_ONLY,1,1,2.7705030515789986
answer,flask,cross_read_filter,,0,sparse_inserted,10,aa6d4c3e92bd11a7d449f49f524e54bbb88b89c0,docs/patterns/appdispatch.rst,2,0,2,2,NEW_ONLY,1,1,3.0174022540450096
answer,flask,cross_read_filter,,0,sparse_inserted,11,6b9acd565cded9c805760037b69754c11749c830,docs/patterns/packages.rst,2,0,2,2,NEW_ONLY,1,1,2.6536844670772552
answer,flask,cross_read_filter,,0,sparse_inserted,12,83d777bebfb3031de51d458b47d06e8e612f3a3d,docs/index.rst,2,0,2,2,NEW_ONLY,1,1,2.583961933851242
answer,flask,cross_read_filter,,0,sparse_inserted,13,2e8fe7b2f2b541a60c90c625446647b22c5cacc2,docs/extensiondev.rst,2,0,2,2,NEW_ONLY,1,1,2.737196162343025
answer,flask,cross_read_filter,,0,sparse_inserted,14,0bc6be604d465406c5909b13162e7097ab0ea2f8,docs/installation.rst,2,0,2,2,NEW_ONLY,1,1,2.602110616862774
answer,flask,cross_read_filter,,0,sparse_inserted,15,9c02f07f9bb4c88207c2a6860742c452c35d2948,docs/security.rst,2,0,2,2,NEW_ONLY,1,1,2.7454933151602745
answer,flask,cross_read_filter,,0,sparse_inserted,16,dca8cf013b2c0086539697ae6e4515a1c819092c,docs/patterns/celery.rst,2,0,2,2,NEW_ONLY,1,1,2.826298587024212
answer,flask,cross_read_filter,,0,sparse_inserted,17,8f13f5b6d672f1ba434f9c8ebe2c1b1dd385962e,docs/cli.rst,2,0,2,2,NEW_ONLY,1,1,2.7749501168727875
answer,flask,cross_read_filter,,0,sparse_inserted,18,4c08e3a2ba3d42fbee63577bceedfe325f51b81d,docs/cli.rst,2,0,2,2,NEW_ONLY,1,1,2.73685809224844
answer,flask,cross_read_filter,,0,sparse_inserted,19,6751f68560bfa7c51133d2712830645ed551ace8,docs/async-await.rst,2,0,2,2,NEW_ONLY,1,1,2.759302034974098
answer,flask,cross_read_filter,,0,sparse_inserted,20,b46bfcfa63e3c7b32b66dd4870f1c8c17fe1cb46,docs/extensiondev.rst,2,0,2,2,NEW_ONLY,1,1,3.657185472548008
answer,flask,cross_read_filter,,0,sparse_inserted,21,46433e9807a1c960d6b2bb0e125cf16a90167d97,docs/patterns/streaming.rst,2,0,2,2,NEW_ONLY,1,1,3.0837450176477432
answer,flask,cross_read_filter,,0,sparse_inserted,22,2ea77c278282f04a8a18c3ced88ef1e048f8ed4a,docs/async-await.rst,2,0,2,2,NEW_ONLY,1,1,2.825533039867878
answer,flask,cross_read_filter,,0,sparse_inserted,23,2f3c87dcb8492f082a2f3ece444773d9db30171b,docs/patterns/index.rst,2,0,2,2,NEW_ONLY,1,1,2.7624471113085747
answer,flask,cross_read_filter,,0,sparse_inserted,24,bab5a65e6eaee20ac1706fc9439ee538f59e652f,docs/views.rst,2,0,2,2,NEW_ONLY,1,1,2.911742776632309
answer,flask,cross_read_filter,,0,dense_old_deleted,0,ac5664d2281533eacafd64f5cc7d5edcdaccab60,docs/async-await.rst,2,0,2,2,NEW_ONLY,1,1,3.0834153294563293
answer,flask,cross_read_filter,,0,dense_old_deleted,1,c2705ffd9ce1dc8476cb29eaf5ff5d4c719852d9,docs/appcontext.rst,2,0,2,2,NEW_ONLY,1,1,2.9456280171871185
answer,flask,cross_read_filter,,0,dense_old_deleted,2,edebd3704437f19b5b137eaffe97130fe817d144,docs/templating.rst,2,0,2,2,NEW_ONLY,1,1,2.8842203319072723
answer,flask,cross_read_filter,,0,dense_old_deleted,3,d8259eb11900285af9b80b0fa47f841174c054e3,docs/design.rst,2,0,2,2,NEW_ONLY,1,1,2.8778333216905594
answer,flask,cross_read_filter,,0,dense_old_deleted,4,ff64079a516c269f171ababf3d92b86886a62ffd,docs/web-security.rst,2,0,2,2,NEW_ONLY,1,1,2.875320613384247
answer,flask,cross_read_filter,,0,dense_old_deleted,5,85cc71046475f9cb3efd17d496356795961249f9,docs/index.rst,2,0,2,2,NEW_ONLY,1,1,2.977355383336544
answer,flask,cross_read_filter,,0,dense_old_deleted,6,a758915893352f5986c6ee101cdf7e3b7a64fa28,docs/index.rst,2,0,2,2,NEW_ONLY,1,1,2.6957327499985695
answer,flask,cross_read_filter,,0,dense_old_deleted,7,7bf3be8dfa5832ef03a3fd8f07f6736e770440e4,docs/server.rst,2,0,2,2,NEW_ONLY,1,1,2.904157154262066
answer,flask,cross_read_filter,,0,dense_old_deleted,8,c7a53888a1a514619b0611fd8b7928592f4ed612,docs/web-security.rst,2,0,2,2,NEW_ONLY,1,1,2.7878843247890472
answer,flask,cross_read_filter,,0,dense_old_deleted,9,be6ec06894b55b1b5a360ce3f8178c7963332ccd,docs/deploying/asgi.rst,2,0,2,2,NEW_ONLY,1,1,2.791968174278736
answer,flask,cross_read_filter,,0,dense_old_deleted,10,aa6d4c3e92bd11a7d449f49f524e54bbb88b89c0,docs/patterns/appdispatch.rst,2,0,2,2,NEW_ONLY,1,1,2.954961732029915
answer,flask,cross_read_filter,,0,dense_old_deleted,11,6b9acd565cded9c805760037b69754c11749c830,docs/patterns/packages.rst,2,0,2,2,NEW_ONLY,1,1,2.826153300702572
answer,flask,cross_read_filter,,0,dense_old_deleted,12,83d777bebfb3031de51d458b47d06e8e612f3a3d,docs/index.rst,2,0,2,2,NEW_ONLY,1,1,2.7718767523765564
answer,flask,cross_read_filter,,0,dense_old_deleted,13,2e8fe7b2f2b541a60c90c625446647b22c5cacc2,docs/extensiondev.rst,2,0,2,2,NEW_ONLY,1,1,2.9578562825918198
answer,flask,cross_read_filter,,0,dense_old_deleted,14,0bc6be604d465406c5909b13162e7097ab0ea2f8,docs/installation.rst,2,0,2,2,NEW_ONLY,1,1,3.028986044228077
answer,flask,cross_read_filter,,0,dense_old_deleted,15,9c02f07f9bb4c88207c2a6860742c452c35d2948,docs/security.rst,2,0,2,2,NEW_ONLY,1,1,2.800234593451023
answer,flask,cross_read_filter,,0,dense_old_deleted,16,dca8cf013b2c0086539697ae6e4515a1c819092c,docs/patterns/celery.rst,2,0,2,2,NEW_ONLY,1,1,2.8388509526848793
answer,flask,cross_read_filter,,0,dense_old_deleted,17,8f13f5b6d672f1ba434f9c8ebe2c1b1dd385962e,docs/cli.rst,2,0,2,2,NEW_ONLY,1,1,2.656952477991581
answer,flask,cross_read_filter,,0,dense_old_deleted,18,4c08e3a2ba3d42fbee63577bceedfe325f51b81d,docs/cli.rst,2,0,2,2,NEW_ONLY,1,1,2.6019327342510223
answer,flask,cross_read_filter,,0,dense_old_deleted,19,6751f68560bfa7c51133d2712830645ed551ace8,docs/async-await.rst,2,0,2,2,NEW_ONLY,1,1,2.5724852457642555
answer,flask,cross_read_filter,,0,dense_old_deleted,20,b46bfcfa63e3c7b32b66dd4870f1c8c17fe1cb46,docs/extensiondev.rst,2,0,2,2,NEW_ONLY,1,1,2.8542326763272285
answer,flask,cross_read_filter,,0,dense_old_deleted,21,46433e9807a1c960d6b2bb0e125cf16a90167d97,docs/patterns/streaming.rst,2,0,2,2,NEW_ONLY,1,1,2.8708837926387787
answer,flask,cross_read_filter,,0,dense_old_deleted,22,2ea77c278282f04a8a18c3ced88ef1e048f8ed4a,docs/async-await.rst,2,0,2,2,NEW_ONLY,1,1,2.8772465884685516
answer,flask,cross_read_filter,,0,dense_old_deleted,23,2f3c87dcb8492f082a2f3ece444773d9db30171b,docs/patterns/index.rst,2,0,2,2,NEW_ONLY,1,1,2.9072295874357224
answer,flask,cross_read_filter,,0,dense_old_deleted,24,bab5a65e6eaee20ac1706fc9439ee538f59e652f,docs/views.rst,2,0,2,2,NEW_ONLY,1,1,2.8096474707126617
answer,flask,cross_read_filter,,0,sparse_old_deleted,0,ac5664d2281533eacafd64f5cc7d5edcdaccab60,docs/async-await.rst,2,0,2,2,NEW_ONLY,1,1,3.725692629814148
answer,flask,cross_read_filter,,0,sparse_old_deleted,1,c2705ffd9ce1dc8476cb29eaf5ff5d4c719852d9,docs/appcontext.rst,2,0,2,2,NEW_ONLY,1,1,3.1966371461749077
answer,flask,cross_read_filter,,0,sparse_old_deleted,2,edebd3704437f19b5b137eaffe97130fe817d144,docs/templating.rst,2,0,2,2,NEW_ONLY,1,1,2.9158592224121094
answer,flask,cross_read_filter,,0,sparse_old_deleted,3,d8259eb11900285af9b80b0fa47f841174c054e3,docs/design.rst,2,0,2,2,NEW_ONLY,1,1,2.8289146721363068
answer,flask,cross_read_filter,,0,sparse_old_deleted,4,ff64079a516c269f171ababf3d92b86886a62ffd,docs/web-security.rst,2,0,2,2,NEW_ONLY,1,1,2.828028053045273
answer,flask,cross_read_filter,,0,sparse_old_deleted,5,85cc71046475f9cb3efd17d496356795961249f9,docs/index.rst,2,0,2,2,NEW_ONLY,1,1,2.626893110573292
answer,flask,cross_read_filter,,0,sparse_old_deleted,6,a758915893352f5986c6ee101cdf7e3b7a64fa28,docs/index.rst,2,0,2,2,NEW_ONLY,1,1,2.64165922999382
answer,flask,cross_read_filter,,0,sparse_old_deleted,7,7bf3be8dfa5832ef03a3fd8f07f6736e770440e4,docs/server.rst,2,0,2,2,NEW_ONLY,1,1,2.6440713554620743
answer,flask,cross_read_filter,,0,sparse_old_deleted,8,c7a53888a1a514619b0611fd8b7928592f4ed612,docs/web-security.rst,2,0,2,2,NEW_ONLY,1,1,3.057299181818962
answer,flask,cross_read_filter,,0,sparse_old_deleted,9,be6ec06894b55b1b5a360ce3f8178c7963332ccd,docs/deploying/asgi.rst,2,0,2,2,NEW_ONLY,1,1,2.8547970578074455
answer,flask,cross_read_filter,,0,sparse_old_deleted,10,aa6d4c3e92bd11a7d449f49f524e54bbb88b89c0,docs/patterns/appdispatch.rst,2,0,2,2,NEW_ONLY,1,1,2.8498461470007896
answer,flask,cross_read_filter,,0,sparse_old_deleted,11,6b9acd565cded9c805760037b69754c11749c830,docs/patterns/packages.rst,2,0,2,2,NEW_ONLY,1,1,2.981743775308132
answer,flask,cross_read_filter,,0,sparse_old_deleted,12,83d777bebfb3031de51d458b47d06e8e612f3a3d,docs/index.rst,2,0,2,2,NEW_ONLY,1,1,2.720440737903118
answer,flask,cross_read_filter,,0,sparse_old_deleted,13,2e8fe7b2f2b541a60c90c625446647b22c5cacc2,docs/extensiondev.rst,2,0,2,2,NEW_ONLY,1,1,2.7840519323945045
answer,flask,cross_read_filter,,0,sparse_old_deleted,14,0bc6be604d465406c5909b13162e7097ab0ea2f8,docs/installation.rst,2,0,2,2,NEW_ONLY,1,1,2.7546240016818047
answer,flask,cross_read_filter,,0,sparse_old_deleted,15,9c02f07f9bb4c88207c2a6860742c452c35d2948,docs/security.rst,2,0,2,2,NEW_ONLY,1,1,2.697204239666462
answer,flask,cross_read_filter,,0,sparse_old_deleted,16,dca8cf013b2c0086539697ae6e4515a1c819092c,docs/patterns/celery.rst,2,0,2,2,NEW_ONLY,1,1,2.5135427713394165
answer,flask,cross_read_filter,,0,sparse_old_deleted,17,8f13f5b6d672f1ba434f9c8ebe2c1b1dd385962e,docs/cli.rst,2,0,2,2,NEW_ONLY,1,1,2.7631614357233047
answer,flask,cross_read_filter,,0,sparse_old_deleted,18,4c08e3a2ba3d42fbee63577bceedfe325f51b81d,docs/cli.rst,2,0,2,2,NEW_ONLY,1,1,3.009767271578312
answer,flask,cross_read_filter,,0,sparse_old_deleted,19,6751f68560bfa7c51133d2712830645ed551ace8,docs/async-await.rst,2,0,2,2,NEW_ONLY,1,1,2.5230254977941513
answer,flask,cross_read_filter,,0,sparse_old_deleted,20,b46bfcfa63e3c7b32b66dd4870f1c8c17fe1cb46,docs/extensiondev.rst,2,0,2,2,NEW_ONLY,1,1,2.665949985384941
answer,flask,cross_read_filter,,0,sparse_old_deleted,21,46433e9807a1c960d6b2bb0e125cf16a90167d97,docs/patterns/streaming.rst,2,0,2,2,NEW_ONLY,1,1,2.6199771091341972
answer,flask,cross_read_filter,,0,sparse_old_deleted,22,2ea77c278282f04a8a18c3ced88ef1e048f8ed4a,docs/async-await.rst,2,0,2,2,NEW_ONLY,1,1,2.628013491630554
answer,flask,cross_read_filter,,0,sparse_old_deleted,23,2f3c87dcb8492f082a2f3ece444773d9db30171b,docs/patterns/index.rst,2,0,2,2,NEW_ONLY,1,1,2.9652798548340797
answer,flask,cross_read_filter,,0,sparse_old_deleted,24,bab5a65e6eaee20ac1706fc9439ee538f59e652f,docs/views.rst,2,0,2,2,NEW_ONLY,1,1,2.8828559443354607
answer,flask,cross_read_filter,,1,initial,0,ac5664d2281533eacafd64f5cc7d5edcdaccab60,docs/async-await.rst,1,0,1,1,OLD_ONLY,1,0,60.79490762203932
answer,flask,cross_read_filter,,1,initial,1,c2705ffd9ce1dc8476cb29eaf5ff5d4c719852d9,docs/appcontext.rst,1,0,1,1,OLD_ONLY,1,0,3.765784204006195
answer,flask,cross_read_filter,,1,initial,2,edebd3704437f19b5b137eaffe97130fe817d144,docs/templating.rst,1,0,1,1,OLD_ONLY,1,0,3.140515647828579
answer,flask,cross_read_filter,,1,initial,3,d8259eb11900285af9b80b0fa47f841174c054e3,docs/design.rst,1,0,1,1,OLD_ONLY,1,0,3.147847019135952
answer,flask,cross_read_filter,,1,initial,4,ff64079a516c269f171ababf3d92b86886a62ffd,docs/web-security.rst,1,0,1,1,OLD_ONLY,1,0,3.096240572631359
answer,flask,cross_read_filter,,1,initial,5,85cc71046475f9cb3efd17d496356795961249f9,docs/index.rst,1,0,1,1,OLD_ONLY,1,0,3.396427258849144
answer,flask,cross_read_filter,,1,initial,6,a758915893352f5986c6ee101cdf7e3b7a64fa28,docs/index.rst,1,0,1,1,OLD_ONLY,1,0,3.042435273528099
answer,flask,cross_read_filter,,1,initial,7,7bf3be8dfa5832ef03a3fd8f07f6736e770440e4,docs/server.rst,1,0,1,1,OLD_ONLY,1,0,4.164691083133221
answer,flask,cross_read_filter,,1,initial,8,c7a53888a1a514619b0611fd8b7928592f4ed612,docs/web-security.rst,1,0,1,1,OLD_ONLY,1,0,3.120044246315956
answer,flask,cross_read_filter,,1,initial,9,be6ec06894b55b1b5a360ce3f8178c7963332ccd,docs/deploying/asgi.rst,1,0,1,1,OLD_ONLY,1,0,3.1695058569312096
answer,flask,cross_read_filter,,1,initial,10,aa6d4c3e92bd11a7d449f49f524e54bbb88b89c0,docs/patterns/appdispatch.rst,1,0,1,1,OLD_ONLY,1,0,2.946208231151104
answer,flask,cross_read_filter,,1,initial,11,6b9acd565cded9c805760037b69754c11749c830,docs/patterns/packages.rst,1,0,1,1,OLD_ONLY,1,0,3.018041141331196
answer,flask,cross_read_filter,,1,initial,12,83d777bebfb3031de51d458b47d06e8e612f3a3d,docs/index.rst,1,0,1,1,OLD_ONLY,1,0,2.899586223065853
answer,flask,cross_read_filter,,1,initial,13,2e8fe7b2f2b541a60c90c625446647b22c5cacc2,docs/extensiondev.rst,1,0,1,1,OLD_ONLY,1,0,2.8062378987669945
answer,flask,cross_read_filter,,1,initial,14,0bc6be604d465406c5909b13162e7097ab0ea2f8,docs/installation.rst,1,0,1,1,OLD_ONLY,1,0,2.8567565605044365
answer,flask,cross_read_filter,,1,initial,15,9c02f07f9bb4c88207c2a6860742c452c35d2948,docs/security.rst,1,0,1,1,OLD_ONLY,1,0,2.6684794574975967
answer,flask,cross_read_filter,,1,initial,16,dca8cf013b2c0086539697ae6e4515a1c819092c,docs/patterns/celery.rst,1,0,1,1,OLD_ONLY,1,0,2.560749650001526
answer,flask,cross_read_filter,,1,initial,17,8f13f5b6d672f1ba434f9c8ebe2c1b1dd385962e,docs/cli.rst,1,0,1,1,OLD_ONLY,1,0,3.005674108862877
answer,flask,cross_read_filter,,1,initial,18,4c08e3a2ba3d42fbee63577bceedfe325f51b81d,docs/cli.rst,1,0,1,1,OLD_ONLY,1,0,2.901998348534107
answer,flask,cross_read_filter,,1,initial,19,6751f68560bfa7c51133d2712830645ed551ace8,docs/async-await.rst,1,0,1,1,OLD_ONLY,1,0,2.7461638674139977
answer,flask,cross_read_filter,,1,initial,20,b46bfcfa63e3c7b32b66dd4870f1c8c17fe1cb46,docs/extensiondev.rst,1,0,1,1,OLD_ONLY,1,0,3.09090968221426
answer,flask,cross_read_filter,,1,initial,21,46433e9807a1c960d6b2bb0e125cf16a90167d97,docs/patterns/streaming.rst,1,0,1,1,OLD_ONLY,1,0,3.02901491522789
answer,flask,cross_read_filter,,1,initial,22,2ea77c278282f04a8a18c3ced88ef1e048f8ed4a,docs/async-await.rst,1,0,1,1,OLD_ONLY,1,0,2.827819436788559
answer,flask,cross_read_filter,,1,initial,23,2f3c87dcb8492f082a2f3ece444773d9db30171b,docs/patterns/index.rst,1,0,1,1,OLD_ONLY,1,0,2.930174581706524
answer,flask,cross_read_filter,,1,initial,24,bab5a65e6eaee20ac1706fc9439ee538f59e652f,docs/views.rst,1,0,1,1,OLD_ONLY,1,0,2.7123140171170235
answer,flask,cross_read_filter,,1,manifest_published,0,ac5664d2281533eacafd64f5cc7d5edcdaccab60,docs/async-await.rst,2,0,,,MISSING,0,0,3.2816631719470024
answer,flask,cross_read_filter,,1,manifest_published,1,c2705ffd9ce1dc8476cb29eaf5ff5d4c719852d9,docs/appcontext.rst,2,0,,,MISSING,0,0,2.841740846633911
answer,flask,cross_read_filter,,1,manifest_published,2,edebd3704437f19b5b137eaffe97130fe817d144,docs/templating.rst,2,0,,,MISSING,0,0,2.970876172184944
answer,flask,cross_read_filter,,1,manifest_published,3,d8259eb11900285af9b80b0fa47f841174c054e3,docs/design.rst,2,0,,,MISSING,0,0,2.9493961483240128
answer,flask,cross_read_filter,,1,manifest_published,4,ff64079a516c269f171ababf3d92b86886a62ffd,docs/web-security.rst,2,0,,,MISSING,0,0,2.889653667807579
answer,flask,cross_read_filter,,1,manifest_published,5,85cc71046475f9cb3efd17d496356795961249f9,docs/index.rst,2,0,,,MISSING,0,0,3.0052708461880684
answer,flask,cross_read_filter,,1,manifest_published,6,a758915893352f5986c6ee101cdf7e3b7a64fa28,docs/index.rst,2,0,,,MISSING,0,0,2.671601250767708
answer,flask,cross_read_filter,,1,manifest_published,7,7bf3be8dfa5832ef03a3fd8f07f6736e770440e4,docs/server.rst,2,0,,,MISSING,0,0,2.743419259786606
answer,flask,cross_read_filter,,1,manifest_published,8,c7a53888a1a514619b0611fd8b7928592f4ed612,docs/web-security.rst,2,0,,,MISSING,0,0,2.648700028657913
answer,flask,cross_read_filter,,1,manifest_published,9,be6ec06894b55b1b5a360ce3f8178c7963332ccd,docs/deploying/asgi.rst,2,0,,,MISSING,0,0,2.5733262300491333
answer,flask,cross_read_filter,,1,manifest_published,10,aa6d4c3e92bd11a7d449f49f524e54bbb88b89c0,docs/patterns/appdispatch.rst,2,0,,,MISSING,0,0,2.744702622294426
answer,flask,cross_read_filter,,1,manifest_published,11,6b9acd565cded9c805760037b69754c11749c830,docs/patterns/packages.rst,2,0,,,MISSING,0,0,2.6388270780444145
answer,flask,cross_read_filter,,1,manifest_published,12,83d777bebfb3031de51d458b47d06e8e612f3a3d,docs/index.rst,2,0,,,MISSING,0,0,2.8014983981847763
answer,flask,cross_read_filter,,1,manifest_published,13,2e8fe7b2f2b541a60c90c625446647b22c5cacc2,docs/extensiondev.rst,2,0,,,MISSING,0,0,2.729184925556183
answer,flask,cross_read_filter,,1,manifest_published,14,0bc6be604d465406c5909b13162e7097ab0ea2f8,docs/installation.rst,2,0,,,MISSING,0,0,3.042347729206085
answer,flask,cross_read_filter,,1,manifest_published,15,9c02f07f9bb4c88207c2a6860742c452c35d2948,docs/security.rst,2,0,,,MISSING,0,0,2.8921011835336685
answer,flask,cross_read_filter,,1,manifest_published,16,dca8cf013b2c0086539697ae6e4515a1c819092c,docs/patterns/celery.rst,2,0,,,MISSING,0,0,2.6330770924687386
answer,flask,cross_read_filter,,1,manifest_published,17,8f13f5b6d672f1ba434f9c8ebe2c1b1dd385962e,docs/cli.rst,2,0,,,MISSING,0,0,2.7121780440211296
answer,flask,cross_read_filter,,1,manifest_published,18,4c08e3a2ba3d42fbee63577bceedfe325f51b81d,docs/cli.rst,2,0,,,MISSING,0,0,2.666626125574112
answer,flask,cross_read_filter,,1,manifest_published,19,6751f68560bfa7c51133d2712830645ed551ace8,docs/async-await.rst,2,0,,,MISSING,0,0,2.5710491463541985
answer,flask,cross_read_filter,,1,manifest_published,20,b46bfcfa63e3c7b32b66dd4870f1c8c17fe1cb46,docs/extensiondev.rst,2,0,,,MISSING,0,0,2.572431229054928
answer,flask,cross_read_filter,,1,manifest_published,21,46433e9807a1c960d6b2bb0e125cf16a90167d97,docs/patterns/streaming.rst,2,0,,,MISSING,0,0,2.506348304450512
answer,flask,cross_read_filter,,1,manifest_published,22,2ea77c278282f04a8a18c3ced88ef1e048f8ed4a,docs/async-await.rst,2,0,,,MISSING,0,0,2.6704417541623116
answer,flask,cross_read_filter,,1,manifest_published,23,2f3c87dcb8492f082a2f3ece444773d9db30171b,docs/patterns/index.rst,2,0,,,MISSING,0,0,2.567080780863762
answer,flask,cross_read_filter,,1,manifest_published,24,bab5a65e6eaee20ac1706fc9439ee538f59e652f,docs/views.rst,2,0,,,MISSING,0,0,2.6268186047673225
answer,flask,cross_read_filter,,1,dense_inserted,0,ac5664d2281533eacafd64f5cc7d5edcdaccab60,docs/async-await.rst,2,0,2,,MISSING,0,0,3.1164009124040604
answer,flask,cross_read_filter,,1,dense_inserted,1,c2705ffd9ce1dc8476cb29eaf5ff5d4c719852d9,docs/appcontext.rst,2,0,2,,MISSING,0,0,2.9396405443549156
answer,flask,cross_read_filter,,1,dense_inserted,2,edebd3704437f19b5b137eaffe97130fe817d144,docs/templating.rst,2,0,2,,MISSING,0,0,2.9786303639411926
answer,flask,cross_read_filter,,1,dense_inserted,3,d8259eb11900285af9b80b0fa47f841174c054e3,docs/design.rst,2,0,2,,MISSING,0,0,2.9345816001296043
answer,flask,cross_read_filter,,1,dense_inserted,4,ff64079a516c269f171ababf3d92b86886a62ffd,docs/web-security.rst,2,0,2,,MISSING,0,0,2.8378451243042946
answer,flask,cross_read_filter,,1,dense_inserted,5,85cc71046475f9cb3efd17d496356795961249f9,docs/index.rst,2,0,2,,MISSING,0,0,2.895127050578594
answer,flask,cross_read_filter,,1,dense_inserted,6,a758915893352f5986c6ee101cdf7e3b7a64fa28,docs/index.rst,2,0,2,,MISSING,0,0,3.0794478952884674
answer,flask,cross_read_filter,,1,dense_inserted,7,7bf3be8dfa5832ef03a3fd8f07f6736e770440e4,docs/server.rst,2,0,2,,MISSING,0,0,2.6643257588148117
answer,flask,cross_read_filter,,1,dense_inserted,8,c7a53888a1a514619b0611fd8b7928592f4ed612,docs/web-security.rst,2,0,2,,MISSING,0,0,2.7922317385673523
answer,flask,cross_read_filter,,1,dense_inserted,9,be6ec06894b55b1b5a360ce3f8178c7963332ccd,docs/deploying/asgi.rst,2,0,2,,MISSING,0,0,2.678259275853634
answer,flask,cross_read_filter,,1,dense_inserted,10,aa6d4c3e92bd11a7d449f49f524e54bbb88b89c0,docs/patterns/appdispatch.rst,2,0,2,,MISSING,0,0,2.6121949777007103
answer,flask,cross_read_filter,,1,dense_inserted,11,6b9acd565cded9c805760037b69754c11749c830,docs/patterns/packages.rst,2,0,2,,MISSING,0,0,2.7808742597699165
answer,flask,cross_read_filter,,1,dense_inserted,12,83d777bebfb3031de51d458b47d06e8e612f3a3d,docs/index.rst,2,0,2,,MISSING,0,0,2.5332244113087654
answer,flask,cross_read_filter,,1,dense_inserted,13,2e8fe7b2f2b541a60c90c625446647b22c5cacc2,docs/extensiondev.rst,2,0,2,,MISSING,0,0,2.9541756957769394
answer,flask,cross_read_filter,,1,dense_inserted,14,0bc6be604d465406c5909b13162e7097ab0ea2f8,docs/installation.rst,2,0,2,,MISSING,0,0,2.87027470767498
answer,flask,cross_read_filter,,1,dense_inserted,15,9c02f07f9bb4c88207c2a6860742c452c35d2948,docs/security.rst,2,0,2,,MISSING,0,0,2.9132449999451637
answer,flask,cross_read_filter,,1,dense_inserted,16,dca8cf013b2c0086539697ae6e4515a1c819092c,docs/patterns/celery.rst,2,0,2,,MISSING,0,0,2.9799696058034897
answer,flask,cross_read_filter,,1,dense_inserted,17,8f13f5b6d672f1ba434f9c8ebe2c1b1dd385962e,docs/cli.rst,2,0,2,,MISSING,0,0,2.7822768315672874
answer,flask,cross_read_filter,,1,dense_inserted,18,4c08e3a2ba3d42fbee63577bceedfe325f51b81d,docs/cli.rst,2,0,2,,MISSING,0,0,2.798600122332573
answer,flask,cross_read_filter,,1,dense_inserted,19,6751f68560bfa7c51133d2712830645ed551ace8,docs/async-await.rst,2,0,2,,MISSING,0,0,2.506375312805176
answer,flask,cross_read_filter,,1,dense_inserted,20,b46bfcfa63e3c7b32b66dd4870f1c8c17fe1cb46,docs/extensiondev.rst,2,0,2,,MISSING,0,0,2.9922472313046455
answer,flask,cross_read_filter,,1,dense_inserted,21,46433e9807a1c960d6b2bb0e125cf16a90167d97,docs/patterns/streaming.rst,2,0,2,,MISSING,0,0,3.573617897927761
answer,flask,cross_read_filter,,1,dense_inserted,22,2ea77c278282f04a8a18c3ced88ef1e048f8ed4a,docs/async-await.rst,2,0,2,,MISSING,0,0,3.292643465101719
answer,flask,cross_read_filter,,1,dense_inserted,23,2f3c87dcb8492f082a2f3ece444773d9db30171b,docs/patterns/index.rst,2,0,2,,MISSING,0,0,3.19723691791296
answer,flask,cross_read_filter,,1,dense_inserted,24,bab5a65e6eaee20ac1706fc9439ee538f59e652f,docs/views.rst,2,0,2,,MISSING,0,0,2.703706733882427
answer,flask,cross_read_filter,,1,sparse_inserted,0,ac5664d2281533eacafd64f5cc7d5edcdaccab60,docs/async-await.rst,2,0,2,2,NEW_ONLY,1,1,3.2922932878136635
answer,flask,cross_read_filter,,1,sparse_inserted,1,c2705ffd9ce1dc8476cb29eaf5ff5d4c719852d9,docs/appcontext.rst,2,0,2,2,NEW_ONLY,1,1,2.8900718316435814
answer,flask,cross_read_filter,,1,sparse_inserted,2,edebd3704437f19b5b137eaffe97130fe817d144,docs/templating.rst,2,0,2,2,NEW_ONLY,1,1,2.884390763938427
answer,flask,cross_read_filter,,1,sparse_inserted,3,d8259eb11900285af9b80b0fa47f841174c054e3,docs/design.rst,2,0,2,2,NEW_ONLY,1,1,2.727597951889038
answer,flask,cross_read_filter,,1,sparse_inserted,4,ff64079a516c269f171ababf3d92b86886a62ffd,docs/web-security.rst,2,0,2,2,NEW_ONLY,1,1,2.740715630352497
answer,flask,cross_read_filter,,1,sparse_inserted,5,85cc71046475f9cb3efd17d496356795961249f9,docs/index.rst,2,0,2,2,NEW_ONLY,1,1,2.9874444007873535
answer,flask,cross_read_filter,,1,sparse_inserted,6,a758915893352f5986c6ee101cdf7e3b7a64fa28,docs/index.rst,2,0,2,2,NEW_ONLY,1,1,2.920544706285
answer,flask,cross_read_filter,,1,sparse_inserted,7,7bf3be8dfa5832ef03a3fd8f07f6736e770440e4,docs/server.rst,2,0,2,2,NEW_ONLY,1,1,2.9128873720765114
answer,flask,cross_read_filter,,1,sparse_inserted,8,c7a53888a1a514619b0611fd8b7928592f4ed612,docs/web-security.rst,2,0,2,2,NEW_ONLY,1,1,2.829083241522312
answer,flask,cross_read_filter,,1,sparse_inserted,9,be6ec06894b55b1b5a360ce3f8178c7963332ccd,docs/deploying/asgi.rst,2,0,2,2,NEW_ONLY,1,1,2.7770213782787323
answer,flask,cross_read_filter,,1,sparse_inserted,10,aa6d4c3e92bd11a7d449f49f524e54bbb88b89c0,docs/patterns/appdispatch.rst,2,0,2,2,NEW_ONLY,1,1,2.961518242955208
answer,flask,cross_read_filter,,1,sparse_inserted,11,6b9acd565cded9c805760037b69754c11749c830,docs/patterns/packages.rst,2,0,2,2,NEW_ONLY,1,1,3.12845129519701
answer,flask,cross_read_filter,,1,sparse_inserted,12,83d777bebfb3031de51d458b47d06e8e612f3a3d,docs/index.rst,2,0,2,2,NEW_ONLY,1,1,2.6608584448695183
answer,flask,cross_read_filter,,1,sparse_inserted,13,2e8fe7b2f2b541a60c90c625446647b22c5cacc2,docs/extensiondev.rst,2,0,2,2,NEW_ONLY,1,1,2.69248615950346
answer,flask,cross_read_filter,,1,sparse_inserted,14,0bc6be604d465406c5909b13162e7097ab0ea2f8,docs/installation.rst,2,0,2,2,NEW_ONLY,1,1,2.7101878076791763
answer,flask,cross_read_filter,,1,sparse_inserted,15,9c02f07f9bb4c88207c2a6860742c452c35d2948,docs/security.rst,2,0,2,2,NEW_ONLY,1,1,2.758094109594822
answer,flask,cross_read_filter,,1,sparse_inserted,16,dca8cf013b2c0086539697ae6e4515a1c819092c,docs/patterns/celery.rst,2,0,2,2,NEW_ONLY,1,1,2.7653146535158157
answer,flask,cross_read_filter,,1,sparse_inserted,17,8f13f5b6d672f1ba434f9c8ebe2c1b1dd385962e,docs/cli.rst,2,0,2,2,NEW_ONLY,1,1,2.9138661921024323
answer,flask,cross_read_filter,,1,sparse_inserted,18,4c08e3a2ba3d42fbee63577bceedfe325f51b81d,docs/cli.rst,2,0,2,2,NEW_ONLY,1,1,2.803516574203968
answer,flask,cross_read_filter,,1,sparse_inserted,19,6751f68560bfa7c51133d2712830645ed551ace8,docs/async-await.rst,2,0,2,2,NEW_ONLY,1,1,2.800785005092621
answer,flask,cross_read_filter,,1,sparse_inserted,20,b46bfcfa63e3c7b32b66dd4870f1c8c17fe1cb46,docs/extensiondev.rst,2,0,2,2,NEW_ONLY,1,1,2.826073206961155
answer,flask,cross_read_filter,,1,sparse_inserted,21,46433e9807a1c960d6b2bb0e125cf16a90167d97,docs/patterns/streaming.rst,2,0,2,2,NEW_ONLY,1,1,2.8541944921016693
answer,flask,cross_read_filter,,1,sparse_inserted,22,2ea77c278282f04a8a18c3ced88ef1e048f8ed4a,docs/async-await.rst,2,0,2,2,NEW_ONLY,1,1,2.545459195971489
answer,flask,cross_read_filter,,1,sparse_inserted,23,2f3c87dcb8492f082a2f3ece444773d9db30171b,docs/patterns/index.rst,2,0,2,2,NEW_ONLY,1,1,2.6138247922062874
answer,flask,cross_read_filter,,1,sparse_inserted,24,bab5a65e6eaee20ac1706fc9439ee538f59e652f,docs/views.rst,2,0,2,2,NEW_ONLY,1,1,2.93921772390604
answer,flask,cross_read_filter,,1,dense_old_deleted,0,ac5664d2281533eacafd64f5cc7d5edcdaccab60,docs/async-await.rst,2,0,2,2,NEW_ONLY,1,1,3.5351859405636787
answer,flask,cross_read_filter,,1,dense_old_deleted,1,c2705ffd9ce1dc8476cb29eaf5ff5d4c719852d9,docs/appcontext.rst,2,0,2,2,NEW_ONLY,1,1,3.2504191622138023
answer,flask,cross_read_filter,,1,dense_old_deleted,2,edebd3704437f19b5b137eaffe97130fe817d144,docs/templating.rst,2,0,2,2,NEW_ONLY,1,1,2.99972016364336
answer,flask,cross_read_filter,,1,dense_old_deleted,3,d8259eb11900285af9b80b0fa47f841174c054e3,docs/design.rst,2,0,2,2,NEW_ONLY,1,1,2.745603211224079
answer,flask,cross_read_filter,,1,dense_old_deleted,4,ff64079a516c269f171ababf3d92b86886a62ffd,docs/web-security.rst,2,0,2,2,NEW_ONLY,1,1,2.613344229757786
answer,flask,cross_read_filter,,1,dense_old_deleted,5,85cc71046475f9cb3efd17d496356795961249f9,docs/index.rst,2,0,2,2,NEW_ONLY,1,1,2.930975519120693
answer,flask,cross_read_filter,,1,dense_old_deleted,6,a758915893352f5986c6ee101cdf7e3b7a64fa28,docs/index.rst,2,0,2,2,NEW_ONLY,1,1,2.920239232480526
answer,flask,cross_read_filter,,1,dense_old_deleted,7,7bf3be8dfa5832ef03a3fd8f07f6736e770440e4,docs/server.rst,2,0,2,2,NEW_ONLY,1,1,2.8281453996896744
answer,flask,cross_read_filter,,1,dense_old_deleted,8,c7a53888a1a514619b0611fd8b7928592f4ed612,docs/web-security.rst,2,0,2,2,NEW_ONLY,1,1,2.9151253402233124
answer,flask,cross_read_filter,,1,dense_old_deleted,9,be6ec06894b55b1b5a360ce3f8178c7963332ccd,docs/deploying/asgi.rst,2,0,2,2,NEW_ONLY,1,1,2.67169252038002
answer,flask,cross_read_filter,,1,dense_old_deleted,10,aa6d4c3e92bd11a7d449f49f524e54bbb88b89c0,docs/patterns/appdispatch.rst,2,0,2,2,NEW_ONLY,1,1,2.814824692904949
answer,flask,cross_read_filter,,1,dense_old_deleted,11,6b9acd565cded9c805760037b69754c11749c830,docs/patterns/packages.rst,2,0,2,2,NEW_ONLY,1,1,2.785138785839081
answer,flask,cross_read_filter,,1,dense_old_deleted,12,83d777bebfb3031de51d458b47d06e8e612f3a3d,docs/index.rst,2,0,2,2,NEW_ONLY,1,1,2.881309948861599
answer,flask,cross_read_filter,,1,dense_old_deleted,13,2e8fe7b2f2b541a60c90c625446647b22c5cacc2,docs/extensiondev.rst,2,0,2,2,NEW_ONLY,1,1,2.865651622414589
answer,flask,cross_read_filter,,1,dense_old_deleted,14,0bc6be604d465406c5909b13162e7097ab0ea2f8,docs/installation.rst,2,0,2,2,NEW_ONLY,1,1,3.030950203537941
answer,flask,cross_read_filter,,1,dense_old_deleted,15,9c02f07f9bb4c88207c2a6860742c452c35d2948,docs/security.rst,2,0,2,2,NEW_ONLY,1,1,3.017764538526535
answer,flask,cross_read_filter,,1,dense_old_deleted,16,dca8cf013b2c0086539697ae6e4515a1c819092c,docs/patterns/celery.rst,2,0,2,2,NEW_ONLY,1,1,2.770856022834778
answer,flask,cross_read_filter,,1,dense_old_deleted,17,8f13f5b6d672f1ba434f9c8ebe2c1b1dd385962e,docs/cli.rst,2,0,2,2,NEW_ONLY,1,1,2.802605740725994
answer,flask,cross_read_filter,,1,dense_old_deleted,18,4c08e3a2ba3d42fbee63577bceedfe325f51b81d,docs/cli.rst,2,0,2,2,NEW_ONLY,1,1,2.6224423199892044
answer,flask,cross_read_filter,,1,dense_old_deleted,19,6751f68560bfa7c51133d2712830645ed551ace8,docs/async-await.rst,2,0,2,2,NEW_ONLY,1,1,2.6835333555936813
answer,flask,cross_read_filter,,1,dense_old_deleted,20,b46bfcfa63e3c7b32b66dd4870f1c8c17fe1cb46,docs/extensiondev.rst,2,0,2,2,NEW_ONLY,1,1,2.836001105606556
answer,flask,cross_read_filter,,1,dense_old_deleted,21,46433e9807a1c960d6b2bb0e125cf16a90167d97,docs/patterns/streaming.rst,2,0,2,2,NEW_ONLY,1,1,2.5948742404580116
answer,flask,cross_read_filter,,1,dense_old_deleted,22,2ea77c278282f04a8a18c3ced88ef1e048f8ed4a,docs/async-await.rst,2,0,2,2,NEW_ONLY,1,1,2.690715715289116
answer,flask,cross_read_filter,,1,dense_old_deleted,23,2f3c87dcb8492f082a2f3ece444773d9db30171b,docs/patterns/index.rst,2,0,2,2,NEW_ONLY,1,1,2.68605537712574
answer,flask,cross_read_filter,,1,dense_old_deleted,24,bab5a65e6eaee20ac1706fc9439ee538f59e652f,docs/views.rst,2,0,2,2,NEW_ONLY,1,1,2.6262886822223663
answer,flask,cross_read_filter,,1,sparse_old_deleted,0,ac5664d2281533eacafd64f5cc7d5edcdaccab60,docs/async-await.rst,2,0,2,2,NEW_ONLY,1,1,3.2822955399751663
answer,flask,cross_read_filter,,1,sparse_old_deleted,1,c2705ffd9ce1dc8476cb29eaf5ff5d4c719852d9,docs/appcontext.rst,2,0,2,2,NEW_ONLY,1,1,3.094928339123726
answer,flask,cross_read_filter,,1,sparse_old_deleted,2,edebd3704437f19b5b137eaffe97130fe817d144,docs/templating.rst,2,0,2,2,NEW_ONLY,1,1,2.652963623404503
answer,flask,cross_read_filter,,1,sparse_old_deleted,3,d8259eb11900285af9b80b0fa47f841174c054e3,docs/design.rst,2,0,2,2,NEW_ONLY,1,1,2.761024981737137
answer,flask,cross_read_filter,,1,sparse_old_deleted,4,ff64079a516c269f171ababf3d92b86886a62ffd,docs/web-security.rst,2,0,2,2,NEW_ONLY,1,1,2.5782957673072815
answer,flask,cross_read_filter,,1,sparse_old_deleted,5,85cc71046475f9cb3efd17d496356795961249f9,docs/index.rst,2,0,2,2,NEW_ONLY,1,1,2.68342811614275
answer,flask,cross_read_filter,,1,sparse_old_deleted,6,a758915893352f5986c6ee101cdf7e3b7a64fa28,docs/index.rst,2,0,2,2,NEW_ONLY,1,1,2.7941223233938217
answer,flask,cross_read_filter,,1,sparse_old_deleted,7,7bf3be8dfa5832ef03a3fd8f07f6736e770440e4,docs/server.rst,2,0,2,2,NEW_ONLY,1,1,3.3707888796925545
answer,flask,cross_read_filter,,1,sparse_old_deleted,8,c7a53888a1a514619b0611fd8b7928592f4ed612,docs/web-security.rst,2,0,2,2,NEW_ONLY,1,1,3.0411118641495705
answer,flask,cross_read_filter,,1,sparse_old_deleted,9,be6ec06894b55b1b5a360ce3f8178c7963332ccd,docs/deploying/asgi.rst,2,0,2,2,NEW_ONLY,1,1,2.5505488738417625
answer,flask,cross_read_filter,,1,sparse_old_deleted,10,aa6d4c3e92bd11a7d449f49f524e54bbb88b89c0,docs/patterns/appdispatch.rst,2,0,2,2,NEW_ONLY,1,1,2.826654352247715
answer,flask,cross_read_filter,,1,sparse_old_deleted,11,6b9acd565cded9c805760037b69754c11749c830,docs/patterns/packages.rst,2,0,2,2,NEW_ONLY,1,1,2.562265843153
answer,flask,cross_read_filter,,1,sparse_old_deleted,12,83d777bebfb3031de51d458b47d06e8e612f3a3d,docs/index.rst,2,0,2,2,NEW_ONLY,1,1,2.7685025706887245
answer,flask,cross_read_filter,,1,sparse_old_deleted,13,2e8fe7b2f2b541a60c90c625446647b22c5cacc2,docs/extensiondev.rst,2,0,2,2,NEW_ONLY,1,1,2.844114787876606
answer,flask,cross_read_filter,,1,sparse_old_deleted,14,0bc6be604d465406c5909b13162e7097ab0ea2f8,docs/installation.rst,2,0,2,2,NEW_ONLY,1,1,3.0319886282086372
answer,flask,cross_read_filter,,1,sparse_old_deleted,15,9c02f07f9bb4c88207c2a6860742c452c35d2948,docs/security.rst,2,0,2,2,NEW_ONLY,1,1,2.887844108045101
answer,flask,cross_read_filter,,1,sparse_old_deleted,16,dca8cf013b2c0086539697ae6e4515a1c819092c,docs/patterns/celery.rst,2,0,2,2,NEW_ONLY,1,1,2.721731550991535
answer,flask,cross_read_filter,,1,sparse_old_deleted,17,8f13f5b6d672f1ba434f9c8ebe2c1b1dd385962e,docs/cli.rst,2,0,2,2,NEW_ONLY,1,1,2.930818125605583
answer,flask,cross_read_filter,,1,sparse_old_deleted,18,4c08e3a2ba3d42fbee63577bceedfe325f51b81d,docs/cli.rst,2,0,2,2,NEW_ONLY,1,1,2.868739888072014
answer,flask,cross_read_filter,,1,sparse_old_deleted,19,6751f68560bfa7c51133d2712830645ed551ace8,docs/async-await.rst,2,0,2,2,NEW_ONLY,1,1,3.0237939208745956
answer,flask,cross_read_filter,,1,sparse_old_deleted,20,b46bfcfa63e3c7b32b66dd4870f1c8c17fe1cb46,docs/extensiondev.rst,2,0,2,2,NEW_ONLY,1,1,3.44148650765419
answer,flask,cross_read_filter,,1,sparse_old_deleted,21,46433e9807a1c960d6b2bb0e125cf16a90167d97,docs/patterns/streaming.rst,2,0,2,2,NEW_ONLY,1,1,2.8052572160959244
answer,flask,cross_read_filter,,1,sparse_old_deleted,22,2ea77c278282f04a8a18c3ced88ef1e048f8ed4a,docs/async-await.rst,2,0,2,2,NEW_ONLY,1,1,2.552345395088196
answer,flask,cross_read_filter,,1,sparse_old_deleted,23,2f3c87dcb8492f082a2f3ece444773d9db30171b,docs/patterns/index.rst,2,0,2,2,NEW_ONLY,1,1,2.68647912889719
answer,flask,cross_read_filter,,1,sparse_old_deleted,24,bab5a65e6eaee20ac1706fc9439ee538f59e652f,docs/views.rst,2,0,2,2,NEW_ONLY,1,1,2.8364788740873337
answer,flask,cross_read_filter,,2,initial,0,ac5664d2281533eacafd64f5cc7d5edcdaccab60,docs/async-await.rst,1,0,1,1,OLD_ONLY,1,0,60.121241956949234
answer,flask,cross_read_filter,,2,initial,1,c2705ffd9ce1dc8476cb29eaf5ff5d4c719852d9,docs/appcontext.rst,1,0,1,1,OLD_ONLY,1,0,3.367321565747261
answer,flask,cross_read_filter,,2,initial,2,edebd3704437f19b5b137eaffe97130fe817d144,docs/templating.rst,1,0,1,1,OLD_ONLY,1,0,3.055201843380928
answer,flask,cross_read_filter,,2,initial,3,d8259eb11900285af9b80b0fa47f841174c054e3,docs/design.rst,1,0,1,1,OLD_ONLY,1,0,3.314056433737278
answer,flask,cross_read_filter,,2,initial,4,ff64079a516c269f171ababf3d92b86886a62ffd,docs/web-security.rst,1,0,1,1,OLD_ONLY,1,0,3.14541719853878
answer,flask,cross_read_filter,,2,initial,5,85cc71046475f9cb3efd17d496356795961249f9,docs/index.rst,1,0,1,1,OLD_ONLY,1,0,6.41198456287384
answer,flask,cross_read_filter,,2,initial,6,a758915893352f5986c6ee101cdf7e3b7a64fa28,docs/index.rst,1,0,1,1,OLD_ONLY,1,0,4.066823050379753
answer,flask,cross_read_filter,,2,initial,7,7bf3be8dfa5832ef03a3fd8f07f6736e770440e4,docs/server.rst,1,0,1,1,OLD_ONLY,1,0,3.0023371800780296
answer,flask,cross_read_filter,,2,initial,8,c7a53888a1a514619b0611fd8b7928592f4ed612,docs/web-security.rst,1,0,1,1,OLD_ONLY,1,0,2.812081016600132
answer,flask,cross_read_filter,,2,initial,9,be6ec06894b55b1b5a360ce3f8178c7963332ccd,docs/deploying/asgi.rst,1,0,1,1,OLD_ONLY,1,0,2.7639204636216164
answer,flask,cross_read_filter,,2,initial,10,aa6d4c3e92bd11a7d449f49f524e54bbb88b89c0,docs/patterns/appdispatch.rst,1,0,1,1,OLD_ONLY,1,0,3.114840015769005
answer,flask,cross_read_filter,,2,initial,11,6b9acd565cded9c805760037b69754c11749c830,docs/patterns/packages.rst,1,0,1,1,OLD_ONLY,1,0,3.073394298553467
answer,flask,cross_read_filter,,2,initial,12,83d777bebfb3031de51d458b47d06e8e612f3a3d,docs/index.rst,1,0,1,1,OLD_ONLY,1,0,3.0617648735642433
answer,flask,cross_read_filter,,2,initial,13,2e8fe7b2f2b541a60c90c625446647b22c5cacc2,docs/extensiondev.rst,1,0,1,1,OLD_ONLY,1,0,2.954724244773388
answer,flask,cross_read_filter,,2,initial,14,0bc6be604d465406c5909b13162e7097ab0ea2f8,docs/installation.rst,1,0,1,1,OLD_ONLY,1,0,2.873837947845459
answer,flask,cross_read_filter,,2,initial,15,9c02f07f9bb4c88207c2a6860742c452c35d2948,docs/security.rst,1,0,1,1,OLD_ONLY,1,0,2.8496216982603073
answer,flask,cross_read_filter,,2,initial,16,dca8cf013b2c0086539697ae6e4515a1c819092c,docs/patterns/celery.rst,1,0,1,1,OLD_ONLY,1,0,2.9469700530171394
answer,flask,cross_read_filter,,2,initial,17,8f13f5b6d672f1ba434f9c8ebe2c1b1dd385962e,docs/cli.rst,1,0,1,1,OLD_ONLY,1,0,2.910046838223934
answer,flask,cross_read_filter,,2,initial,18,4c08e3a2ba3d42fbee63577bceedfe325f51b81d,docs/cli.rst,1,0,1,1,OLD_ONLY,1,0,2.6083942502737045
answer,flask,cross_read_filter,,2,initial,19,6751f68560bfa7c51133d2712830645ed551ace8,docs/async-await.rst,1,0,1,1,OLD_ONLY,1,0,2.7296599000692368
answer,flask,cross_read_filter,,2,initial,20,b46bfcfa63e3c7b32b66dd4870f1c8c17fe1cb46,docs/extensiondev.rst,1,0,1,1,OLD_ONLY,1,0,2.862280234694481
answer,flask,cross_read_filter,,2,initial,21,46433e9807a1c960d6b2bb0e125cf16a90167d97,docs/patterns/streaming.rst,1,0,1,1,OLD_ONLY,1,0,2.7175936847925186
answer,flask,cross_read_filter,,2,initial,22,2ea77c278282f04a8a18c3ced88ef1e048f8ed4a,docs/async-await.rst,1,0,1,1,OLD_ONLY,1,0,2.618170343339443
answer,flask,cross_read_filter,,2,initial,23,2f3c87dcb8492f082a2f3ece444773d9db30171b,docs/patterns/index.rst,1,0,1,1,OLD_ONLY,1,0,2.665049396455288
answer,flask,cross_read_filter,,2,initial,24,bab5a65e6eaee20ac1706fc9439ee538f59e652f,docs/views.rst,1,0,1,1,OLD_ONLY,1,0,2.7084611356258392
answer,flask,cross_read_filter,,2,manifest_published,0,ac5664d2281533eacafd64f5cc7d5edcdaccab60,docs/async-await.rst,2,0,,,MISSING,0,0,2.993173897266388
answer,flask,cross_read_filter,,2,manifest_published,1,c2705ffd9ce1dc8476cb29eaf5ff5d4c719852d9,docs/appcontext.rst,2,0,,,MISSING,0,0,2.676519565284252
answer,flask,cross_read_filter,,2,manifest_published,2,edebd3704437f19b5b137eaffe97130fe817d144,docs/templating.rst,2,0,,,MISSING,0,0,2.302880398929119
answer,flask,cross_read_filter,,2,manifest_published,3,d8259eb11900285af9b80b0fa47f841174c054e3,docs/design.rst,2,0,,,MISSING,0,0,2.5886381044983864
answer,flask,cross_read_filter,,2,manifest_published,4,ff64079a516c269f171ababf3d92b86886a62ffd,docs/web-security.rst,2,0,,,MISSING,0,0,2.5870446115732193
answer,flask,cross_read_filter,,2,manifest_published,5,85cc71046475f9cb3efd17d496356795961249f9,docs/index.rst,2,0,,,MISSING,0,0,2.5660423561930656
answer,flask,cross_read_filter,,2,manifest_published,6,a758915893352f5986c6ee101cdf7e3b7a64fa28,docs/index.rst,2,0,,,MISSING,0,0,2.6905639097094536
answer,flask,cross_read_filter,,2,manifest_published,7,7bf3be8dfa5832ef03a3fd8f07f6736e770440e4,docs/server.rst,2,0,,,MISSING,0,0,2.658461220562458
answer,flask,cross_read_filter,,2,manifest_published,8,c7a53888a1a514619b0611fd8b7928592f4ed612,docs/web-security.rst,2,0,,,MISSING,0,0,2.624508924782276
answer,flask,cross_read_filter,,2,manifest_published,9,be6ec06894b55b1b5a360ce3f8178c7963332ccd,docs/deploying/asgi.rst,2,0,,,MISSING,0,0,2.5696121156215668
answer,flask,cross_read_filter,,2,manifest_published,10,aa6d4c3e92bd11a7d449f49f524e54bbb88b89c0,docs/patterns/appdispatch.rst,2,0,,,MISSING,0,0,2.682059071958065
answer,flask,cross_read_filter,,2,manifest_published,11,6b9acd565cded9c805760037b69754c11749c830,docs/patterns/packages.rst,2,0,,,MISSING,0,0,3.2999608665704727
answer,flask,cross_read_filter,,2,manifest_published,12,83d777bebfb3031de51d458b47d06e8e612f3a3d,docs/index.rst,2,0,,,MISSING,0,0,2.7277618646621704
answer,flask,cross_read_filter,,2,manifest_published,13,2e8fe7b2f2b541a60c90c625446647b22c5cacc2,docs/extensiondev.rst,2,0,,,MISSING,0,0,2.6218052953481674
answer,flask,cross_read_filter,,2,manifest_published,14,0bc6be604d465406c5909b13162e7097ab0ea2f8,docs/installation.rst,2,0,,,MISSING,0,0,2.6052724570035934
answer,flask,cross_read_filter,,2,manifest_published,15,9c02f07f9bb4c88207c2a6860742c452c35d2948,docs/security.rst,2,0,,,MISSING,0,0,2.762017771601677
answer,flask,cross_read_filter,,2,manifest_published,16,dca8cf013b2c0086539697ae6e4515a1c819092c,docs/patterns/celery.rst,2,0,,,MISSING,0,0,2.559077925980091
answer,flask,cross_read_filter,,2,manifest_published,17,8f13f5b6d672f1ba434f9c8ebe2c1b1dd385962e,docs/cli.rst,2,0,,,MISSING,0,0,2.473680302500725
answer,flask,cross_read_filter,,2,manifest_published,18,4c08e3a2ba3d42fbee63577bceedfe325f51b81d,docs/cli.rst,2,0,,,MISSING,0,0,2.7453498914837837
answer,flask,cross_read_filter,,2,manifest_published,19,6751f68560bfa7c51133d2712830645ed551ace8,docs/async-await.rst,2,0,,,MISSING,0,0,2.6082349941134453
answer,flask,cross_read_filter,,2,manifest_published,20,b46bfcfa63e3c7b32b66dd4870f1c8c17fe1cb46,docs/extensiondev.rst,2,0,,,MISSING,0,0,2.51132994890213
answer,flask,cross_read_filter,,2,manifest_published,21,46433e9807a1c960d6b2bb0e125cf16a90167d97,docs/patterns/streaming.rst,2,0,,,MISSING,0,0,2.757849171757698
answer,flask,cross_read_filter,,2,manifest_published,22,2ea77c278282f04a8a18c3ced88ef1e048f8ed4a,docs/async-await.rst,2,0,,,MISSING,0,0,2.6294179260730743
answer,flask,cross_read_filter,,2,manifest_published,23,2f3c87dcb8492f082a2f3ece444773d9db30171b,docs/patterns/index.rst,2,0,,,MISSING,0,0,2.4874629452824593
answer,flask,cross_read_filter,,2,manifest_published,24,bab5a65e6eaee20ac1706fc9439ee538f59e652f,docs/views.rst,2,0,,,MISSING,0,0,2.5277510285377502
answer,flask,cross_read_filter,,2,dense_inserted,0,ac5664d2281533eacafd64f5cc7d5edcdaccab60,docs/async-await.rst,2,0,2,,MISSING,0,0,3.1881118193268776
answer,flask,cross_read_filter,,2,dense_inserted,1,c2705ffd9ce1dc8476cb29eaf5ff5d4c719852d9,docs/appcontext.rst,2,0,2,,MISSING,0,0,2.7740513905882835
answer,flask,cross_read_filter,,2,dense_inserted,2,edebd3704437f19b5b137eaffe97130fe817d144,docs/templating.rst,2,0,2,,MISSING,0,0,2.8796829283237457
answer,flask,cross_read_filter,,2,dense_inserted,3,d8259eb11900285af9b80b0fa47f841174c054e3,docs/design.rst,2,0,2,,MISSING,0,0,2.7961451560258865
answer,flask,cross_read_filter,,2,dense_inserted,4,ff64079a516c269f171ababf3d92b86886a62ffd,docs/web-security.rst,2,0,2,,MISSING,0,0,2.913977950811386
answer,flask,cross_read_filter,,2,dense_inserted,5,85cc71046475f9cb3efd17d496356795961249f9,docs/index.rst,2,0,2,,MISSING,0,0,2.931625582277775
answer,flask,cross_read_filter,,2,dense_inserted,6,a758915893352f5986c6ee101cdf7e3b7a64fa28,docs/index.rst,2,0,2,,MISSING,0,0,2.850506454706192
answer,flask,cross_read_filter,,2,dense_inserted,7,7bf3be8dfa5832ef03a3fd8f07f6736e770440e4,docs/server.rst,2,0,2,,MISSING,0,0,2.8648413717746735
answer,flask,cross_read_filter,,2,dense_inserted,8,c7a53888a1a514619b0611fd8b7928592f4ed612,docs/web-security.rst,2,0,2,,MISSING,0,0,2.6000263169407845
answer,flask,cross_read_filter,,2,dense_inserted,9,be6ec06894b55b1b5a360ce3f8178c7963332ccd,docs/deploying/asgi.rst,2,0,2,,MISSING,0,0,2.712016925215721
answer,flask,cross_read_filter,,2,dense_inserted,10,aa6d4c3e92bd11a7d449f49f524e54bbb88b89c0,docs/patterns/appdispatch.rst,2,0,2,,MISSING,0,0,2.8685778379440308
answer,flask,cross_read_filter,,2,dense_inserted,11,6b9acd565cded9c805760037b69754c11749c830,docs/patterns/packages.rst,2,0,2,,MISSING,0,0,2.6432033628225327
answer,flask,cross_read_filter,,2,dense_inserted,12,83d777bebfb3031de51d458b47d06e8e612f3a3d,docs/index.rst,2,0,2,,MISSING,0,0,2.870301716029644
answer,flask,cross_read_filter,,2,dense_inserted,13,2e8fe7b2f2b541a60c90c625446647b22c5cacc2,docs/extensiondev.rst,2,0,2,,MISSING,0,0,2.8514862060546875
answer,flask,cross_read_filter,,2,dense_inserted,14,0bc6be604d465406c5909b13162e7097ab0ea2f8,docs/installation.rst,2,0,2,,MISSING,0,0,2.821287140250206
answer,flask,cross_read_filter,,2,dense_inserted,15,9c02f07f9bb4c88207c2a6860742c452c35d2948,docs/security.rst,2,0,2,,MISSING,0,0,3.093009814620018
answer,flask,cross_read_filter,,2,dense_inserted,16,dca8cf013b2c0086539697ae6e4515a1c819092c,docs/patterns/celery.rst,2,0,2,,MISSING,0,0,2.7268342673778534
answer,flask,cross_read_filter,,2,dense_inserted,17,8f13f5b6d672f1ba434f9c8ebe2c1b1dd385962e,docs/cli.rst,2,0,2,,MISSING,0,0,2.888682298362255
answer,flask,cross_read_filter,,2,dense_inserted,18,4c08e3a2ba3d42fbee63577bceedfe325f51b81d,docs/cli.rst,2,0,2,,MISSING,0,0,3.4120185300707817
answer,flask,cross_read_filter,,2,dense_inserted,19,6751f68560bfa7c51133d2712830645ed551ace8,docs/async-await.rst,2,0,2,,MISSING,0,0,2.847578376531601
answer,flask,cross_read_filter,,2,dense_inserted,20,b46bfcfa63e3c7b32b66dd4870f1c8c17fe1cb46,docs/extensiondev.rst,2,0,2,,MISSING,0,0,2.8189383447170258
answer,flask,cross_read_filter,,2,dense_inserted,21,46433e9807a1c960d6b2bb0e125cf16a90167d97,docs/patterns/streaming.rst,2,0,2,,MISSING,0,0,2.845403738319874
answer,flask,cross_read_filter,,2,dense_inserted,22,2ea77c278282f04a8a18c3ced88ef1e048f8ed4a,docs/async-await.rst,2,0,2,,MISSING,0,0,2.8217975050210953
answer,flask,cross_read_filter,,2,dense_inserted,23,2f3c87dcb8492f082a2f3ece444773d9db30171b,docs/patterns/index.rst,2,0,2,,MISSING,0,0,2.812896855175495
answer,flask,cross_read_filter,,2,dense_inserted,24,bab5a65e6eaee20ac1706fc9439ee538f59e652f,docs/views.rst,2,0,2,,MISSING,0,0,2.7634622529149055
answer,flask,cross_read_filter,,2,sparse_inserted,0,ac5664d2281533eacafd64f5cc7d5edcdaccab60,docs/async-await.rst,2,0,2,2,NEW_ONLY,1,1,3.5315677523612976
answer,flask,cross_read_filter,,2,sparse_inserted,1,c2705ffd9ce1dc8476cb29eaf5ff5d4c719852d9,docs/appcontext.rst,2,0,2,2,NEW_ONLY,1,1,2.872576005756855
answer,flask,cross_read_filter,,2,sparse_inserted,2,edebd3704437f19b5b137eaffe97130fe817d144,docs/templating.rst,2,0,2,2,NEW_ONLY,1,1,2.6227543130517006
answer,flask,cross_read_filter,,2,sparse_inserted,3,d8259eb11900285af9b80b0fa47f841174c054e3,docs/design.rst,2,0,2,2,NEW_ONLY,1,1,2.800063230097294
answer,flask,cross_read_filter,,2,sparse_inserted,4,ff64079a516c269f171ababf3d92b86886a62ffd,docs/web-security.rst,2,0,2,2,NEW_ONLY,1,1,2.9285019263625145
answer,flask,cross_read_filter,,2,sparse_inserted,5,85cc71046475f9cb3efd17d496356795961249f9,docs/index.rst,2,0,2,2,NEW_ONLY,1,1,2.660217694938183
answer,flask,cross_read_filter,,2,sparse_inserted,6,a758915893352f5986c6ee101cdf7e3b7a64fa28,docs/index.rst,2,0,2,2,NEW_ONLY,1,1,2.8694691136479378
answer,flask,cross_read_filter,,2,sparse_inserted,7,7bf3be8dfa5832ef03a3fd8f07f6736e770440e4,docs/server.rst,2,0,2,2,NEW_ONLY,1,1,2.7071507647633553
answer,flask,cross_read_filter,,2,sparse_inserted,8,c7a53888a1a514619b0611fd8b7928592f4ed612,docs/web-security.rst,2,0,2,2,NEW_ONLY,1,1,2.674967050552368
answer,flask,cross_read_filter,,2,sparse_inserted,9,be6ec06894b55b1b5a360ce3f8178c7963332ccd,docs/deploying/asgi.rst,2,0,2,2,NEW_ONLY,1,1,2.8848256915807724
answer,flask,cross_read_filter,,2,sparse_inserted,10,aa6d4c3e92bd11a7d449f49f524e54bbb88b89c0,docs/patterns/appdispatch.rst,2,0,2,2,NEW_ONLY,1,1,2.9702726751565933
answer,flask,cross_read_filter,,2,sparse_inserted,11,6b9acd565cded9c805760037b69754c11749c830,docs/patterns/packages.rst,2,0,2,2,NEW_ONLY,1,1,2.5522923097014427
answer,flask,cross_read_filter,,2,sparse_inserted,12,83d777bebfb3031de51d458b47d06e8e612f3a3d,docs/index.rst,2,0,2,2,NEW_ONLY,1,1,2.69205030053854
answer,flask,cross_read_filter,,2,sparse_inserted,13,2e8fe7b2f2b541a60c90c625446647b22c5cacc2,docs/extensiondev.rst,2,0,2,2,NEW_ONLY,1,1,2.75470782071352
answer,flask,cross_read_filter,,2,sparse_inserted,14,0bc6be604d465406c5909b13162e7097ab0ea2f8,docs/installation.rst,2,0,2,2,NEW_ONLY,1,1,3.0032573267817497
answer,flask,cross_read_filter,,2,sparse_inserted,15,9c02f07f9bb4c88207c2a6860742c452c35d2948,docs/security.rst,2,0,2,2,NEW_ONLY,1,1,2.9018353670835495
answer,flask,cross_read_filter,,2,sparse_inserted,16,dca8cf013b2c0086539697ae6e4515a1c819092c,docs/patterns/celery.rst,2,0,2,2,NEW_ONLY,1,1,2.971136011183262
answer,flask,cross_read_filter,,2,sparse_inserted,17,8f13f5b6d672f1ba434f9c8ebe2c1b1dd385962e,docs/cli.rst,2,0,2,2,NEW_ONLY,1,1,2.7706678956747055
answer,flask,cross_read_filter,,2,sparse_inserted,18,4c08e3a2ba3d42fbee63577bceedfe325f51b81d,docs/cli.rst,2,0,2,2,NEW_ONLY,1,1,2.887560985982418
answer,flask,cross_read_filter,,2,sparse_inserted,19,6751f68560bfa7c51133d2712830645ed551ace8,docs/async-await.rst,2,0,2,2,NEW_ONLY,1,1,2.8102509677410126
answer,flask,cross_read_filter,,2,sparse_inserted,20,b46bfcfa63e3c7b32b66dd4870f1c8c17fe1cb46,docs/extensiondev.rst,2,0,2,2,NEW_ONLY,1,1,2.948659472167492
answer,flask,cross_read_filter,,2,sparse_inserted,21,46433e9807a1c960d6b2bb0e125cf16a90167d97,docs/patterns/streaming.rst,2,0,2,2,NEW_ONLY,1,1,2.8166407719254494
answer,flask,cross_read_filter,,2,sparse_inserted,22,2ea77c278282f04a8a18c3ced88ef1e048f8ed4a,docs/async-await.rst,2,0,2,2,NEW_ONLY,1,1,2.7056289836764336
answer,flask,cross_read_filter,,2,sparse_inserted,23,2f3c87dcb8492f082a2f3ece444773d9db30171b,docs/patterns/index.rst,2,0,2,2,NEW_ONLY,1,1,3.4254221245646477
answer,flask,cross_read_filter,,2,sparse_inserted,24,bab5a65e6eaee20ac1706fc9439ee538f59e652f,docs/views.rst,2,0,2,2,NEW_ONLY,1,1,2.9780780896544456
answer,flask,cross_read_filter,,2,dense_old_deleted,0,ac5664d2281533eacafd64f5cc7d5edcdaccab60,docs/async-await.rst,2,0,2,2,NEW_ONLY,1,1,2.803073264658451
answer,flask,cross_read_filter,,2,dense_old_deleted,1,c2705ffd9ce1dc8476cb29eaf5ff5d4c719852d9,docs/appcontext.rst,2,0,2,2,NEW_ONLY,1,1,2.9728086665272713
answer,flask,cross_read_filter,,2,dense_old_deleted,2,edebd3704437f19b5b137eaffe97130fe817d144,docs/templating.rst,2,0,2,2,NEW_ONLY,1,1,2.850865013897419
answer,flask,cross_read_filter,,2,dense_old_deleted,3,d8259eb11900285af9b80b0fa47f841174c054e3,docs/design.rst,2,0,2,2,NEW_ONLY,1,1,2.6410454884171486
answer,flask,cross_read_filter,,2,dense_old_deleted,4,ff64079a516c269f171ababf3d92b86886a62ffd,docs/web-security.rst,2,0,2,2,NEW_ONLY,1,1,2.97581497579813
answer,flask,cross_read_filter,,2,dense_old_deleted,5,85cc71046475f9cb3efd17d496356795961249f9,docs/index.rst,2,0,2,2,NEW_ONLY,1,1,2.6288768276572227
answer,flask,cross_read_filter,,2,dense_old_deleted,6,a758915893352f5986c6ee101cdf7e3b7a64fa28,docs/index.rst,2,0,2,2,NEW_ONLY,1,1,2.6763910427689552
answer,flask,cross_read_filter,,2,dense_old_deleted,7,7bf3be8dfa5832ef03a3fd8f07f6736e770440e4,docs/server.rst,2,0,2,2,NEW_ONLY,1,1,2.7910014614462852
answer,flask,cross_read_filter,,2,dense_old_deleted,8,c7a53888a1a514619b0611fd8b7928592f4ed612,docs/web-security.rst,2,0,2,2,NEW_ONLY,1,1,2.633861266076565
answer,flask,cross_read_filter,,2,dense_old_deleted,9,be6ec06894b55b1b5a360ce3f8178c7963332ccd,docs/deploying/asgi.rst,2,0,2,2,NEW_ONLY,1,1,2.6357080787420273
answer,flask,cross_read_filter,,2,dense_old_deleted,10,aa6d4c3e92bd11a7d449f49f524e54bbb88b89c0,docs/patterns/appdispatch.rst,2,0,2,2,NEW_ONLY,1,1,3.00018023699522
answer,flask,cross_read_filter,,2,dense_old_deleted,11,6b9acd565cded9c805760037b69754c11749c830,docs/patterns/packages.rst,2,0,2,2,NEW_ONLY,1,1,2.893763594329357
answer,flask,cross_read_filter,,2,dense_old_deleted,12,83d777bebfb3031de51d458b47d06e8e612f3a3d,docs/index.rst,2,0,2,2,NEW_ONLY,1,1,2.6923883706331253
answer,flask,cross_read_filter,,2,dense_old_deleted,13,2e8fe7b2f2b541a60c90c625446647b22c5cacc2,docs/extensiondev.rst,2,0,2,2,NEW_ONLY,1,1,2.7755266055464745
answer,flask,cross_read_filter,,2,dense_old_deleted,14,0bc6be604d465406c5909b13162e7097ab0ea2f8,docs/installation.rst,2,0,2,2,NEW_ONLY,1,1,2.966795116662979
answer,flask,cross_read_filter,,2,dense_old_deleted,15,9c02f07f9bb4c88207c2a6860742c452c35d2948,docs/security.rst,2,0,2,2,NEW_ONLY,1,1,2.816714346408844
answer,flask,cross_read_filter,,2,dense_old_deleted,16,dca8cf013b2c0086539697ae6e4515a1c819092c,docs/patterns/celery.rst,2,0,2,2,NEW_ONLY,1,1,2.6381593197584152
answer,flask,cross_read_filter,,2,dense_old_deleted,17,8f13f5b6d672f1ba434f9c8ebe2c1b1dd385962e,docs/cli.rst,2,0,2,2,NEW_ONLY,1,1,2.677938900887966
answer,flask,cross_read_filter,,2,dense_old_deleted,18,4c08e3a2ba3d42fbee63577bceedfe325f51b81d,docs/cli.rst,2,0,2,2,NEW_ONLY,1,1,2.8584208339452744
answer,flask,cross_read_filter,,2,dense_old_deleted,19,6751f68560bfa7c51133d2712830645ed551ace8,docs/async-await.rst,2,0,2,2,NEW_ONLY,1,1,2.6695625856518745
answer,flask,cross_read_filter,,2,dense_old_deleted,20,b46bfcfa63e3c7b32b66dd4870f1c8c17fe1cb46,docs/extensiondev.rst,2,0,2,2,NEW_ONLY,1,1,2.9197484254837036
answer,flask,cross_read_filter,,2,dense_old_deleted,21,46433e9807a1c960d6b2bb0e125cf16a90167d97,docs/patterns/streaming.rst,2,0,2,2,NEW_ONLY,1,1,6.341896019876003
answer,flask,cross_read_filter,,2,dense_old_deleted,22,2ea77c278282f04a8a18c3ced88ef1e048f8ed4a,docs/async-await.rst,2,0,2,2,NEW_ONLY,1,1,2.939837984740734
answer,flask,cross_read_filter,,2,dense_old_deleted,23,2f3c87dcb8492f082a2f3ece444773d9db30171b,docs/patterns/index.rst,2,0,2,2,NEW_ONLY,1,1,2.948245033621788
answer,flask,cross_read_filter,,2,dense_old_deleted,24,bab5a65e6eaee20ac1706fc9439ee538f59e652f,docs/views.rst,2,0,2,2,NEW_ONLY,1,1,3.43428086489439
answer,flask,cross_read_filter,,2,sparse_old_deleted,0,ac5664d2281533eacafd64f5cc7d5edcdaccab60,docs/async-await.rst,2,0,2,2,NEW_ONLY,1,1,2.9256734997034073
answer,flask,cross_read_filter,,2,sparse_old_deleted,1,c2705ffd9ce1dc8476cb29eaf5ff5d4c719852d9,docs/appcontext.rst,2,0,2,2,NEW_ONLY,1,1,2.7724429965019226
answer,flask,cross_read_filter,,2,sparse_old_deleted,2,edebd3704437f19b5b137eaffe97130fe817d144,docs/templating.rst,2,0,2,2,NEW_ONLY,1,1,2.8542019426822662
answer,flask,cross_read_filter,,2,sparse_old_deleted,3,d8259eb11900285af9b80b0fa47f841174c054e3,docs/design.rst,2,0,2,2,NEW_ONLY,1,1,2.6708291843533516
answer,flask,cross_read_filter,,2,sparse_old_deleted,4,ff64079a516c269f171ababf3d92b86886a62ffd,docs/web-security.rst,2,0,2,2,NEW_ONLY,1,1,3.3726124092936516
answer,flask,cross_read_filter,,2,sparse_old_deleted,5,85cc71046475f9cb3efd17d496356795961249f9,docs/index.rst,2,0,2,2,NEW_ONLY,1,1,2.895643934607506
answer,flask,cross_read_filter,,2,sparse_old_deleted,6,a758915893352f5986c6ee101cdf7e3b7a64fa28,docs/index.rst,2,0,2,2,NEW_ONLY,1,1,2.853894606232643
answer,flask,cross_read_filter,,2,sparse_old_deleted,7,7bf3be8dfa5832ef03a3fd8f07f6736e770440e4,docs/server.rst,2,0,2,2,NEW_ONLY,1,1,2.884744666516781
answer,flask,cross_read_filter,,2,sparse_old_deleted,8,c7a53888a1a514619b0611fd8b7928592f4ed612,docs/web-security.rst,2,0,2,2,NEW_ONLY,1,1,3.0738776549696922
answer,flask,cross_read_filter,,2,sparse_old_deleted,9,be6ec06894b55b1b5a360ce3f8178c7963332ccd,docs/deploying/asgi.rst,2,0,2,2,NEW_ONLY,1,1,2.745524048805237
answer,flask,cross_read_filter,,2,sparse_old_deleted,10,aa6d4c3e92bd11a7d449f49f524e54bbb88b89c0,docs/patterns/appdispatch.rst,2,0,2,2,NEW_ONLY,1,1,2.6234667748212814
answer,flask,cross_read_filter,,2,sparse_old_deleted,11,6b9acd565cded9c805760037b69754c11749c830,docs/patterns/packages.rst,2,0,2,2,NEW_ONLY,1,1,2.5489116087555885
answer,flask,cross_read_filter,,2,sparse_old_deleted,12,83d777bebfb3031de51d458b47d06e8e612f3a3d,docs/index.rst,2,0,2,2,NEW_ONLY,1,1,2.7258964255452156
answer,flask,cross_read_filter,,2,sparse_old_deleted,13,2e8fe7b2f2b541a60c90c625446647b22c5cacc2,docs/extensiondev.rst,2,0,2,2,NEW_ONLY,1,1,2.5619855150580406
answer,flask,cross_read_filter,,2,sparse_old_deleted,14,0bc6be604d465406c5909b13162e7097ab0ea2f8,docs/installation.rst,2,0,2,2,NEW_ONLY,1,1,2.6465244591236115
answer,flask,cross_read_filter,,2,sparse_old_deleted,15,9c02f07f9bb4c88207c2a6860742c452c35d2948,docs/security.rst,2,0,2,2,NEW_ONLY,1,1,2.6824846863746643
answer,flask,cross_read_filter,,2,sparse_old_deleted,16,dca8cf013b2c0086539697ae6e4515a1c819092c,docs/patterns/celery.rst,2,0,2,2,NEW_ONLY,1,1,2.5933273136615753
answer,flask,cross_read_filter,,2,sparse_old_deleted,17,8f13f5b6d672f1ba434f9c8ebe2c1b1dd385962e,docs/cli.rst,2,0,2,2,NEW_ONLY,1,1,2.715091221034527
answer,flask,cross_read_filter,,2,sparse_old_deleted,18,4c08e3a2ba3d42fbee63577bceedfe325f51b81d,docs/cli.rst,2,0,2,2,NEW_ONLY,1,1,2.960805781185627
answer,flask,cross_read_filter,,2,sparse_old_deleted,19,6751f68560bfa7c51133d2712830645ed551ace8,docs/async-await.rst,2,0,2,2,NEW_ONLY,1,1,2.9538841918110847
answer,flask,cross_read_filter,,2,sparse_old_deleted,20,b46bfcfa63e3c7b32b66dd4870f1c8c17fe1cb46,docs/extensiondev.rst,2,0,2,2,NEW_ONLY,1,1,2.772059291601181
answer,flask,cross_read_filter,,2,sparse_old_deleted,21,46433e9807a1c960d6b2bb0e125cf16a90167d97,docs/patterns/streaming.rst,2,0,2,2,NEW_ONLY,1,1,2.754305489361286
answer,flask,cross_read_filter,,2,sparse_old_deleted,22,2ea77c278282f04a8a18c3ced88ef1e048f8ed4a,docs/async-await.rst,2,0,2,2,NEW_ONLY,1,1,2.681104466319084
answer,flask,cross_read_filter,,2,sparse_old_deleted,23,2f3c87dcb8492f082a2f3ece444773d9db30171b,docs/patterns/index.rst,2,0,2,2,NEW_ONLY,1,1,2.9064966365695
answer,flask,cross_read_filter,,2,sparse_old_deleted,24,bab5a65e6eaee20ac1706fc9439ee538f59e652f,docs/views.rst,2,0,2,2,NEW_ONLY,1,1,3.046811558306217
answer,flask,cross_staged,,0,initial,0,ac5664d2281533eacafd64f5cc7d5edcdaccab60,docs/async-await.rst,1,0,1,1,OLD_ONLY,1,0,60.221423394978046
answer,flask,cross_staged,,0,initial,1,c2705ffd9ce1dc8476cb29eaf5ff5d4c719852d9,docs/appcontext.rst,1,0,1,1,OLD_ONLY,1,0,3.3951960504055023
answer,flask,cross_staged,,0,initial,2,edebd3704437f19b5b137eaffe97130fe817d144,docs/templating.rst,1,0,1,1,OLD_ONLY,1,0,3.2949326559901237
answer,flask,cross_staged,,0,initial,3,d8259eb11900285af9b80b0fa47f841174c054e3,docs/design.rst,1,0,1,1,OLD_ONLY,1,0,3.326007165014744
answer,flask,cross_staged,,0,initial,4,ff64079a516c269f171ababf3d92b86886a62ffd,docs/web-security.rst,1,0,1,1,OLD_ONLY,1,0,3.2349182292819023
answer,flask,cross_staged,,0,initial,5,85cc71046475f9cb3efd17d496356795961249f9,docs/index.rst,1,0,1,1,OLD_ONLY,1,0,3.507026471197605
answer,flask,cross_staged,,0,initial,6,a758915893352f5986c6ee101cdf7e3b7a64fa28,docs/index.rst,1,0,1,1,OLD_ONLY,1,0,4.55163698643446
answer,flask,cross_staged,,0,initial,7,7bf3be8dfa5832ef03a3fd8f07f6736e770440e4,docs/server.rst,1,0,1,1,OLD_ONLY,1,0,3.567749634385109
answer,flask,cross_staged,,0,initial,8,c7a53888a1a514619b0611fd8b7928592f4ed612,docs/web-security.rst,1,0,1,1,OLD_ONLY,1,0,3.109416924417019
answer,flask,cross_staged,,0,initial,9,be6ec06894b55b1b5a360ce3f8178c7963332ccd,docs/deploying/asgi.rst,1,0,1,1,OLD_ONLY,1,0,3.0012186616659164
answer,flask,cross_staged,,0,initial,10,aa6d4c3e92bd11a7d449f49f524e54bbb88b89c0,docs/patterns/appdispatch.rst,1,0,1,1,OLD_ONLY,1,0,3.0063092708587646
answer,flask,cross_staged,,0,initial,11,6b9acd565cded9c805760037b69754c11749c830,docs/patterns/packages.rst,1,0,1,1,OLD_ONLY,1,0,2.8527863323688507
answer,flask,cross_staged,,0,initial,12,83d777bebfb3031de51d458b47d06e8e612f3a3d,docs/index.rst,1,0,1,1,OLD_ONLY,1,0,2.7350159361958504
answer,flask,cross_staged,,0,initial,13,2e8fe7b2f2b541a60c90c625446647b22c5cacc2,docs/extensiondev.rst,1,0,1,1,OLD_ONLY,1,0,2.534370869398117
answer,flask,cross_staged,,0,initial,14,0bc6be604d465406c5909b13162e7097ab0ea2f8,docs/installation.rst,1,0,1,1,OLD_ONLY,1,0,2.8514228761196136
answer,flask,cross_staged,,0,initial,15,9c02f07f9bb4c88207c2a6860742c452c35d2948,docs/security.rst,1,0,1,1,OLD_ONLY,1,0,2.803206443786621
answer,flask,cross_staged,,0,initial,16,dca8cf013b2c0086539697ae6e4515a1c819092c,docs/patterns/celery.rst,1,0,1,1,OLD_ONLY,1,0,2.9170485213398933
answer,flask,cross_staged,,0,initial,17,8f13f5b6d672f1ba434f9c8ebe2c1b1dd385962e,docs/cli.rst,1,0,1,1,OLD_ONLY,1,0,2.720531076192856
answer,flask,cross_staged,,0,initial,18,4c08e3a2ba3d42fbee63577bceedfe325f51b81d,docs/cli.rst,1,0,1,1,OLD_ONLY,1,0,2.835787832736969
answer,flask,cross_staged,,0,initial,19,6751f68560bfa7c51133d2712830645ed551ace8,docs/async-await.rst,1,0,1,1,OLD_ONLY,1,0,2.7244603261351585
answer,flask,cross_staged,,0,initial,20,b46bfcfa63e3c7b32b66dd4870f1c8c17fe1cb46,docs/extensiondev.rst,1,0,1,1,OLD_ONLY,1,0,2.9452387243509293
answer,flask,cross_staged,,0,initial,21,46433e9807a1c960d6b2bb0e125cf16a90167d97,docs/patterns/streaming.rst,1,0,1,1,OLD_ONLY,1,0,2.914584241807461
answer,flask,cross_staged,,0,initial,22,2ea77c278282f04a8a18c3ced88ef1e048f8ed4a,docs/async-await.rst,1,0,1,1,OLD_ONLY,1,0,2.8575193136930466
answer,flask,cross_staged,,0,initial,23,2f3c87dcb8492f082a2f3ece444773d9db30171b,docs/patterns/index.rst,1,0,1,1,OLD_ONLY,1,0,2.781643532216549
answer,flask,cross_staged,,0,initial,24,bab5a65e6eaee20ac1706fc9439ee538f59e652f,docs/views.rst,1,0,1,1,OLD_ONLY,1,0,2.8771450743079185
answer,flask,cross_staged,,0,dense_staged,0,ac5664d2281533eacafd64f5cc7d5edcdaccab60,docs/async-await.rst,1,0,1,1,OLD_ONLY,1,0,3.110692836344242
answer,flask,cross_staged,,0,dense_staged,1,c2705ffd9ce1dc8476cb29eaf5ff5d4c719852d9,docs/appcontext.rst,1,0,1,1,OLD_ONLY,1,0,2.905675210058689
answer,flask,cross_staged,,0,dense_staged,2,edebd3704437f19b5b137eaffe97130fe817d144,docs/templating.rst,1,0,1,1,OLD_ONLY,1,0,3.1082062050700188
answer,flask,cross_staged,,0,dense_staged,3,d8259eb11900285af9b80b0fa47f841174c054e3,docs/design.rst,1,0,1,1,OLD_ONLY,1,0,2.901858650147915
answer,flask,cross_staged,,0,dense_staged,4,ff64079a516c269f171ababf3d92b86886a62ffd,docs/web-security.rst,1,0,1,1,OLD_ONLY,1,0,2.725943922996521
answer,flask,cross_staged,,0,dense_staged,5,85cc71046475f9cb3efd17d496356795961249f9,docs/index.rst,1,0,1,1,OLD_ONLY,1,0,2.914409153163433
answer,flask,cross_staged,,0,dense_staged,6,a758915893352f5986c6ee101cdf7e3b7a64fa28,docs/index.rst,1,0,1,1,OLD_ONLY,1,0,2.5978004559874535
answer,flask,cross_staged,,0,dense_staged,7,7bf3be8dfa5832ef03a3fd8f07f6736e770440e4,docs/server.rst,1,0,1,1,OLD_ONLY,1,0,2.7401605620980263
answer,flask,cross_staged,,0,dense_staged,8,c7a53888a1a514619b0611fd8b7928592f4ed612,docs/web-security.rst,1,0,1,1,OLD_ONLY,1,0,2.90676299482584
answer,flask,cross_staged,,0,dense_staged,9,be6ec06894b55b1b5a360ce3f8178c7963332ccd,docs/deploying/asgi.rst,1,0,1,1,OLD_ONLY,1,0,3.0860891565680504
answer,flask,cross_staged,,0,dense_staged,10,aa6d4c3e92bd11a7d449f49f524e54bbb88b89c0,docs/patterns/appdispatch.rst,1,0,1,1,OLD_ONLY,1,0,2.743818797171116
answer,flask,cross_staged,,0,dense_staged,11,6b9acd565cded9c805760037b69754c11749c830,docs/patterns/packages.rst,1,0,1,1,OLD_ONLY,1,0,3.0717672780156136
answer,flask,cross_staged,,0,dense_staged,12,83d777bebfb3031de51d458b47d06e8e612f3a3d,docs/index.rst,1,0,1,1,OLD_ONLY,1,0,3.7414561957120895
answer,flask,cross_staged,,0,dense_staged,13,2e8fe7b2f2b541a60c90c625446647b22c5cacc2,docs/extensiondev.rst,1,0,1,1,OLD_ONLY,1,0,3.2009705901145935
answer,flask,cross_staged,,0,dense_staged,14,0bc6be604d465406c5909b13162e7097ab0ea2f8,docs/installation.rst,1,0,1,1,OLD_ONLY,1,0,2.983943559229374
answer,flask,cross_staged,,0,dense_staged,15,9c02f07f9bb4c88207c2a6860742c452c35d2948,docs/security.rst,1,0,1,1,OLD_ONLY,1,0,2.7666324749588966
answer,flask,cross_staged,,0,dense_staged,16,dca8cf013b2c0086539697ae6e4515a1c819092c,docs/patterns/celery.rst,1,0,1,1,OLD_ONLY,1,0,2.7769673615694046
answer,flask,cross_staged,,0,dense_staged,17,8f13f5b6d672f1ba434f9c8ebe2c1b1dd385962e,docs/cli.rst,1,0,1,1,OLD_ONLY,1,0,2.881026826798916
answer,flask,cross_staged,,0,dense_staged,18,4c08e3a2ba3d42fbee63577bceedfe325f51b81d,docs/cli.rst,1,0,1,1,OLD_ONLY,1,0,2.811279147863388
answer,flask,cross_staged,,0,dense_staged,19,6751f68560bfa7c51133d2712830645ed551ace8,docs/async-await.rst,1,0,1,1,OLD_ONLY,1,0,3.0761947855353355
answer,flask,cross_staged,,0,dense_staged,20,b46bfcfa63e3c7b32b66dd4870f1c8c17fe1cb46,docs/extensiondev.rst,1,0,1,1,OLD_ONLY,1,0,2.8575528413057327
answer,flask,cross_staged,,0,dense_staged,21,46433e9807a1c960d6b2bb0e125cf16a90167d97,docs/patterns/streaming.rst,1,0,1,1,OLD_ONLY,1,0,2.985408529639244
answer,flask,cross_staged,,0,dense_staged,22,2ea77c278282f04a8a18c3ced88ef1e048f8ed4a,docs/async-await.rst,1,0,1,1,OLD_ONLY,1,0,2.710329368710518
answer,flask,cross_staged,,0,dense_staged,23,2f3c87dcb8492f082a2f3ece444773d9db30171b,docs/patterns/index.rst,1,0,1,1,OLD_ONLY,1,0,2.8422102332115173
answer,flask,cross_staged,,0,dense_staged,24,bab5a65e6eaee20ac1706fc9439ee538f59e652f,docs/views.rst,1,0,1,1,OLD_ONLY,1,0,2.803254872560501
answer,flask,cross_staged,,0,sparse_staged,0,ac5664d2281533eacafd64f5cc7d5edcdaccab60,docs/async-await.rst,1,0,1,1,OLD_ONLY,1,0,3.255213610827923
answer,flask,cross_staged,,0,sparse_staged,1,c2705ffd9ce1dc8476cb29eaf5ff5d4c719852d9,docs/appcontext.rst,1,0,1,1,OLD_ONLY,1,0,2.998482435941696
answer,flask,cross_staged,,0,sparse_staged,2,edebd3704437f19b5b137eaffe97130fe817d144,docs/templating.rst,1,0,1,1,OLD_ONLY,1,0,2.734868787229061
answer,flask,cross_staged,,0,sparse_staged,3,d8259eb11900285af9b80b0fa47f841174c054e3,docs/design.rst,1,0,1,1,OLD_ONLY,1,0,2.70963367074728
answer,flask,cross_staged,,0,sparse_staged,4,ff64079a516c269f171ababf3d92b86886a62ffd,docs/web-security.rst,1,0,1,1,OLD_ONLY,1,0,2.9153069481253624
answer,flask,cross_staged,,0,sparse_staged,5,85cc71046475f9cb3efd17d496356795961249f9,docs/index.rst,1,0,1,1,OLD_ONLY,1,0,2.5453148409724236
answer,flask,cross_staged,,0,sparse_staged,6,a758915893352f5986c6ee101cdf7e3b7a64fa28,docs/index.rst,1,0,1,1,OLD_ONLY,1,0,2.674069255590439
answer,flask,cross_staged,,0,sparse_staged,7,7bf3be8dfa5832ef03a3fd8f07f6736e770440e4,docs/server.rst,1,0,1,1,OLD_ONLY,1,0,2.590034157037735
answer,flask,cross_staged,,0,sparse_staged,8,c7a53888a1a514619b0611fd8b7928592f4ed612,docs/web-security.rst,1,0,1,1,OLD_ONLY,1,0,2.558262087404728
answer,flask,cross_staged,,0,sparse_staged,9,be6ec06894b55b1b5a360ce3f8178c7963332ccd,docs/deploying/asgi.rst,1,0,1,1,OLD_ONLY,1,0,2.6587750762701035
answer,flask,cross_staged,,0,sparse_staged,10,aa6d4c3e92bd11a7d449f49f524e54bbb88b89c0,docs/patterns/appdispatch.rst,1,0,1,1,OLD_ONLY,1,0,2.7110660448670387
answer,flask,cross_staged,,0,sparse_staged,11,6b9acd565cded9c805760037b69754c11749c830,docs/patterns/packages.rst,1,0,1,1,OLD_ONLY,1,0,2.6395879685878754
answer,flask,cross_staged,,0,sparse_staged,12,83d777bebfb3031de51d458b47d06e8e612f3a3d,docs/index.rst,1,0,1,1,OLD_ONLY,1,0,2.686005085706711
answer,flask,cross_staged,,0,sparse_staged,13,2e8fe7b2f2b541a60c90c625446647b22c5cacc2,docs/extensiondev.rst,1,0,1,1,OLD_ONLY,1,0,2.7268007397651672
answer,flask,cross_staged,,0,sparse_staged,14,0bc6be604d465406c5909b13162e7097ab0ea2f8,docs/installation.rst,1,0,1,1,OLD_ONLY,1,0,3.2319389283657074
answer,flask,cross_staged,,0,sparse_staged,15,9c02f07f9bb4c88207c2a6860742c452c35d2948,docs/security.rst,1,0,1,1,OLD_ONLY,1,0,2.6235580444335938
answer,flask,cross_staged,,0,sparse_staged,16,dca8cf013b2c0086539697ae6e4515a1c819092c,docs/patterns/celery.rst,1,0,1,1,OLD_ONLY,1,0,2.821887843310833
answer,flask,cross_staged,,0,sparse_staged,17,8f13f5b6d672f1ba434f9c8ebe2c1b1dd385962e,docs/cli.rst,1,0,1,1,OLD_ONLY,1,0,2.849593758583069
answer,flask,cross_staged,,0,sparse_staged,18,4c08e3a2ba3d42fbee63577bceedfe325f51b81d,docs/cli.rst,1,0,1,1,OLD_ONLY,1,0,3.125258721411228
answer,flask,cross_staged,,0,sparse_staged,19,6751f68560bfa7c51133d2712830645ed551ace8,docs/async-await.rst,1,0,1,1,OLD_ONLY,1,0,2.8742216527462006
answer,flask,cross_staged,,0,sparse_staged,20,b46bfcfa63e3c7b32b66dd4870f1c8c17fe1cb46,docs/extensiondev.rst,1,0,1,1,OLD_ONLY,1,0,2.694902941584587
answer,flask,cross_staged,,0,sparse_staged,21,46433e9807a1c960d6b2bb0e125cf16a90167d97,docs/patterns/streaming.rst,1,0,1,1,OLD_ONLY,1,0,2.7401885017752647
answer,flask,cross_staged,,0,sparse_staged,22,2ea77c278282f04a8a18c3ced88ef1e048f8ed4a,docs/async-await.rst,1,0,1,1,OLD_ONLY,1,0,2.571786753833294
answer,flask,cross_staged,,0,sparse_staged,23,2f3c87dcb8492f082a2f3ece444773d9db30171b,docs/patterns/index.rst,1,0,1,1,OLD_ONLY,1,0,2.4708593264222145
answer,flask,cross_staged,,0,sparse_staged,24,bab5a65e6eaee20ac1706fc9439ee538f59e652f,docs/views.rst,1,0,1,1,OLD_ONLY,1,0,2.705434337258339
answer,flask,cross_staged,,0,readiness_verified,0,ac5664d2281533eacafd64f5cc7d5edcdaccab60,docs/async-await.rst,1,0,1,1,OLD_ONLY,1,0,2.687404863536358
answer,flask,cross_staged,,0,readiness_verified,1,c2705ffd9ce1dc8476cb29eaf5ff5d4c719852d9,docs/appcontext.rst,1,0,1,1,OLD_ONLY,1,0,2.6612281799316406
answer,flask,cross_staged,,0,readiness_verified,2,edebd3704437f19b5b137eaffe97130fe817d144,docs/templating.rst,1,0,1,1,OLD_ONLY,1,0,2.751559019088745
answer,flask,cross_staged,,0,readiness_verified,3,d8259eb11900285af9b80b0fa47f841174c054e3,docs/design.rst,1,0,1,1,OLD_ONLY,1,0,2.9371632263064384
answer,flask,cross_staged,,0,readiness_verified,4,ff64079a516c269f171ababf3d92b86886a62ffd,docs/web-security.rst,1,0,1,1,OLD_ONLY,1,0,2.684822306036949
answer,flask,cross_staged,,0,readiness_verified,5,85cc71046475f9cb3efd17d496356795961249f9,docs/index.rst,1,0,1,1,OLD_ONLY,1,0,2.9469765722751617
answer,flask,cross_staged,,0,readiness_verified,6,a758915893352f5986c6ee101cdf7e3b7a64fa28,docs/index.rst,1,0,1,1,OLD_ONLY,1,0,3.08358296751976
answer,flask,cross_staged,,0,readiness_verified,7,7bf3be8dfa5832ef03a3fd8f07f6736e770440e4,docs/server.rst,1,0,1,1,OLD_ONLY,1,0,2.7005551382899284
answer,flask,cross_staged,,0,readiness_verified,8,c7a53888a1a514619b0611fd8b7928592f4ed612,docs/web-security.rst,1,0,1,1,OLD_ONLY,1,0,2.790152095258236
answer,flask,cross_staged,,0,readiness_verified,9,be6ec06894b55b1b5a360ce3f8178c7963332ccd,docs/deploying/asgi.rst,1,0,1,1,OLD_ONLY,1,0,2.7637146413326263
answer,flask,cross_staged,,0,readiness_verified,10,aa6d4c3e92bd11a7d449f49f524e54bbb88b89c0,docs/patterns/appdispatch.rst,1,0,1,1,OLD_ONLY,1,0,2.82124150544405
answer,flask,cross_staged,,0,readiness_verified,11,6b9acd565cded9c805760037b69754c11749c830,docs/patterns/packages.rst,1,0,1,1,OLD_ONLY,1,0,2.860383130609989
answer,flask,cross_staged,,0,readiness_verified,12,83d777bebfb3031de51d458b47d06e8e612f3a3d,docs/index.rst,1,0,1,1,OLD_ONLY,1,0,2.7600303292274475
answer,flask,cross_staged,,0,readiness_verified,13,2e8fe7b2f2b541a60c90c625446647b22c5cacc2,docs/extensiondev.rst,1,0,1,1,OLD_ONLY,1,0,2.949437126517296
answer,flask,cross_staged,,0,readiness_verified,14,0bc6be604d465406c5909b13162e7097ab0ea2f8,docs/installation.rst,1,0,1,1,OLD_ONLY,1,0,2.820175141096115
answer,flask,cross_staged,,0,readiness_verified,15,9c02f07f9bb4c88207c2a6860742c452c35d2948,docs/security.rst,1,0,1,1,OLD_ONLY,1,0,2.7827471494674683
answer,flask,cross_staged,,0,readiness_verified,16,dca8cf013b2c0086539697ae6e4515a1c819092c,docs/patterns/celery.rst,1,0,1,1,OLD_ONLY,1,0,2.998421899974346
answer,flask,cross_staged,,0,readiness_verified,17,8f13f5b6d672f1ba434f9c8ebe2c1b1dd385962e,docs/cli.rst,1,0,1,1,OLD_ONLY,1,0,2.8639016672968864
answer,flask,cross_staged,,0,readiness_verified,18,4c08e3a2ba3d42fbee63577bceedfe325f51b81d,docs/cli.rst,1,0,1,1,OLD_ONLY,1,0,3.0243173241615295
answer,flask,cross_staged,,0,readiness_verified,19,6751f68560bfa7c51133d2712830645ed551ace8,docs/async-await.rst,1,0,1,1,OLD_ONLY,1,0,2.8422586619853973
answer,flask,cross_staged,,0,readiness_verified,20,b46bfcfa63e3c7b32b66dd4870f1c8c17fe1cb46,docs/extensiondev.rst,1,0,1,1,OLD_ONLY,1,0,2.9917703941464424
answer,flask,cross_staged,,0,readiness_verified,21,46433e9807a1c960d6b2bb0e125cf16a90167d97,docs/patterns/streaming.rst,1,0,1,1,OLD_ONLY,1,0,2.8438828885555267
answer,flask,cross_staged,,0,readiness_verified,22,2ea77c278282f04a8a18c3ced88ef1e048f8ed4a,docs/async-await.rst,1,0,1,1,OLD_ONLY,1,0,2.7572913095355034
answer,flask,cross_staged,,0,readiness_verified,23,2f3c87dcb8492f082a2f3ece444773d9db30171b,docs/patterns/index.rst,1,0,1,1,OLD_ONLY,1,0,2.7076685801148415
answer,flask,cross_staged,,0,readiness_verified,24,bab5a65e6eaee20ac1706fc9439ee538f59e652f,docs/views.rst,1,0,1,1,OLD_ONLY,1,0,2.906534820795059
answer,flask,cross_staged,,0,manifest_published,0,ac5664d2281533eacafd64f5cc7d5edcdaccab60,docs/async-await.rst,2,0,2,2,NEW_ONLY,1,1,3.3750878646969795
answer,flask,cross_staged,,0,manifest_published,1,c2705ffd9ce1dc8476cb29eaf5ff5d4c719852d9,docs/appcontext.rst,2,0,2,2,NEW_ONLY,1,1,2.9155826196074486
answer,flask,cross_staged,,0,manifest_published,2,edebd3704437f19b5b137eaffe97130fe817d144,docs/templating.rst,2,0,2,2,NEW_ONLY,1,1,2.8380416333675385
answer,flask,cross_staged,,0,manifest_published,3,d8259eb11900285af9b80b0fa47f841174c054e3,docs/design.rst,2,0,2,2,NEW_ONLY,1,1,2.852928824722767
answer,flask,cross_staged,,0,manifest_published,4,ff64079a516c269f171ababf3d92b86886a62ffd,docs/web-security.rst,2,0,2,2,NEW_ONLY,1,1,2.993272617459297
answer,flask,cross_staged,,0,manifest_published,5,85cc71046475f9cb3efd17d496356795961249f9,docs/index.rst,2,0,2,2,NEW_ONLY,1,1,2.813432365655899
answer,flask,cross_staged,,0,manifest_published,6,a758915893352f5986c6ee101cdf7e3b7a64fa28,docs/index.rst,2,0,2,2,NEW_ONLY,1,1,2.897758036851883
answer,flask,cross_staged,,0,manifest_published,7,7bf3be8dfa5832ef03a3fd8f07f6736e770440e4,docs/server.rst,2,0,2,2,NEW_ONLY,1,1,2.790261059999466
answer,flask,cross_staged,,0,manifest_published,8,c7a53888a1a514619b0611fd8b7928592f4ed612,docs/web-security.rst,2,0,2,2,NEW_ONLY,1,1,2.565111964941025
answer,flask,cross_staged,,0,manifest_published,9,be6ec06894b55b1b5a360ce3f8178c7963332ccd,docs/deploying/asgi.rst,2,0,2,2,NEW_ONLY,1,1,2.8184549883008003
answer,flask,cross_staged,,0,manifest_published,10,aa6d4c3e92bd11a7d449f49f524e54bbb88b89c0,docs/patterns/appdispatch.rst,2,0,2,2,NEW_ONLY,1,1,2.7941567823290825
answer,flask,cross_staged,,0,manifest_published,11,6b9acd565cded9c805760037b69754c11749c830,docs/patterns/packages.rst,2,0,2,2,NEW_ONLY,1,1,3.1303856521844864
answer,flask,cross_staged,,0,manifest_published,12,83d777bebfb3031de51d458b47d06e8e612f3a3d,docs/index.rst,2,0,2,2,NEW_ONLY,1,1,2.754771150648594
answer,flask,cross_staged,,0,manifest_published,13,2e8fe7b2f2b541a60c90c625446647b22c5cacc2,docs/extensiondev.rst,2,0,2,2,NEW_ONLY,1,1,2.765713259577751
answer,flask,cross_staged,,0,manifest_published,14,0bc6be604d465406c5909b13162e7097ab0ea2f8,docs/installation.rst,2,0,2,2,NEW_ONLY,1,1,2.7720360085368156
answer,flask,cross_staged,,0,manifest_published,15,9c02f07f9bb4c88207c2a6860742c452c35d2948,docs/security.rst,2,0,2,2,NEW_ONLY,1,1,2.728455699980259
answer,flask,cross_staged,,0,manifest_published,16,dca8cf013b2c0086539697ae6e4515a1c819092c,docs/patterns/celery.rst,2,0,2,2,NEW_ONLY,1,1,2.5559281930327415
answer,flask,cross_staged,,0,manifest_published,17,8f13f5b6d672f1ba434f9c8ebe2c1b1dd385962e,docs/cli.rst,2,0,2,2,NEW_ONLY,1,1,2.9218140989542007
answer,flask,cross_staged,,0,manifest_published,18,4c08e3a2ba3d42fbee63577bceedfe325f51b81d,docs/cli.rst,2,0,2,2,NEW_ONLY,1,1,2.681960351765156
answer,flask,cross_staged,,0,manifest_published,19,6751f68560bfa7c51133d2712830645ed551ace8,docs/async-await.rst,2,0,2,2,NEW_ONLY,1,1,2.8927670791745186
answer,flask,cross_staged,,0,manifest_published,20,b46bfcfa63e3c7b32b66dd4870f1c8c17fe1cb46,docs/extensiondev.rst,2,0,2,2,NEW_ONLY,1,1,2.9147230088710785
answer,flask,cross_staged,,0,manifest_published,21,46433e9807a1c960d6b2bb0e125cf16a90167d97,docs/patterns/streaming.rst,2,0,2,2,NEW_ONLY,1,1,3.0600521713495255
answer,flask,cross_staged,,0,manifest_published,22,2ea77c278282f04a8a18c3ced88ef1e048f8ed4a,docs/async-await.rst,2,0,2,2,NEW_ONLY,1,1,2.659219317138195
answer,flask,cross_staged,,0,manifest_published,23,2f3c87dcb8492f082a2f3ece444773d9db30171b,docs/patterns/index.rst,2,0,2,2,NEW_ONLY,1,1,2.8144149109721184
answer,flask,cross_staged,,0,manifest_published,24,bab5a65e6eaee20ac1706fc9439ee538f59e652f,docs/views.rst,2,0,2,2,NEW_ONLY,1,1,2.783173695206642
answer,flask,cross_staged,,0,old_version_gc,0,ac5664d2281533eacafd64f5cc7d5edcdaccab60,docs/async-await.rst,2,0,2,2,NEW_ONLY,1,1,2.977430820465088
answer,flask,cross_staged,,0,old_version_gc,1,c2705ffd9ce1dc8476cb29eaf5ff5d4c719852d9,docs/appcontext.rst,2,0,2,2,NEW_ONLY,1,1,2.7972646057605743
answer,flask,cross_staged,,0,old_version_gc,2,edebd3704437f19b5b137eaffe97130fe817d144,docs/templating.rst,2,0,2,2,NEW_ONLY,1,1,2.782694064080715
answer,flask,cross_staged,,0,old_version_gc,3,d8259eb11900285af9b80b0fa47f841174c054e3,docs/design.rst,2,0,2,2,NEW_ONLY,1,1,2.974982373416424
answer,flask,cross_staged,,0,old_version_gc,4,ff64079a516c269f171ababf3d92b86886a62ffd,docs/web-security.rst,2,0,2,2,NEW_ONLY,1,1,2.8384486213326454
answer,flask,cross_staged,,0,old_version_gc,5,85cc71046475f9cb3efd17d496356795961249f9,docs/index.rst,2,0,2,2,NEW_ONLY,1,1,2.831229940056801
answer,flask,cross_staged,,0,old_version_gc,6,a758915893352f5986c6ee101cdf7e3b7a64fa28,docs/index.rst,2,0,2,2,NEW_ONLY,1,1,3.279578872025013
answer,flask,cross_staged,,0,old_version_gc,7,7bf3be8dfa5832ef03a3fd8f07f6736e770440e4,docs/server.rst,2,0,2,2,NEW_ONLY,1,1,3.1039249151945114
answer,flask,cross_staged,,0,old_version_gc,8,c7a53888a1a514619b0611fd8b7928592f4ed612,docs/web-security.rst,2,0,2,2,NEW_ONLY,1,1,2.866567112505436
answer,flask,cross_staged,,0,old_version_gc,9,be6ec06894b55b1b5a360ce3f8178c7963332ccd,docs/deploying/asgi.rst,2,0,2,2,NEW_ONLY,1,1,2.8559518977999687
answer,flask,cross_staged,,0,old_version_gc,10,aa6d4c3e92bd11a7d449f49f524e54bbb88b89c0,docs/patterns/appdispatch.rst,2,0,2,2,NEW_ONLY,1,1,2.9743732884526253
answer,flask,cross_staged,,0,old_version_gc,11,6b9acd565cded9c805760037b69754c11749c830,docs/patterns/packages.rst,2,0,2,2,NEW_ONLY,1,1,2.763815224170685
answer,flask,cross_staged,,0,old_version_gc,12,83d777bebfb3031de51d458b47d06e8e612f3a3d,docs/index.rst,2,0,2,2,NEW_ONLY,1,1,2.899758517742157
answer,flask,cross_staged,,0,old_version_gc,13,2e8fe7b2f2b541a60c90c625446647b22c5cacc2,docs/extensiondev.rst,2,0,2,2,NEW_ONLY,1,1,2.572072669863701
answer,flask,cross_staged,,0,old_version_gc,14,0bc6be604d465406c5909b13162e7097ab0ea2f8,docs/installation.rst,2,0,2,2,NEW_ONLY,1,1,2.9129916802048683
answer,flask,cross_staged,,0,old_version_gc,15,9c02f07f9bb4c88207c2a6860742c452c35d2948,docs/security.rst,2,0,2,2,NEW_ONLY,1,1,2.8885453939437866
answer,flask,cross_staged,,0,old_version_gc,16,dca8cf013b2c0086539697ae6e4515a1c819092c,docs/patterns/celery.rst,2,0,2,2,NEW_ONLY,1,1,2.5995811447501183
answer,flask,cross_staged,,0,old_version_gc,17,8f13f5b6d672f1ba434f9c8ebe2c1b1dd385962e,docs/cli.rst,2,0,2,2,NEW_ONLY,1,1,2.6169028133153915
answer,flask,cross_staged,,0,old_version_gc,18,4c08e3a2ba3d42fbee63577bceedfe325f51b81d,docs/cli.rst,2,0,2,2,NEW_ONLY,1,1,2.683352679014206
answer,flask,cross_staged,,0,old_version_gc,19,6751f68560bfa7c51133d2712830645ed551ace8,docs/async-await.rst,2,0,2,2,NEW_ONLY,1,1,2.8455592691898346
answer,flask,cross_staged,,0,old_version_gc,20,b46bfcfa63e3c7b32b66dd4870f1c8c17fe1cb46,docs/extensiondev.rst,2,0,2,2,NEW_ONLY,1,1,2.611798234283924
answer,flask,cross_staged,,0,old_version_gc,21,46433e9807a1c960d6b2bb0e125cf16a90167d97,docs/patterns/streaming.rst,2,0,2,2,NEW_ONLY,1,1,2.7081621810793877
answer,flask,cross_staged,,0,old_version_gc,22,2ea77c278282f04a8a18c3ced88ef1e048f8ed4a,docs/async-await.rst,2,0,2,2,NEW_ONLY,1,1,2.8374232351779938
answer,flask,cross_staged,,0,old_version_gc,23,2f3c87dcb8492f082a2f3ece444773d9db30171b,docs/patterns/index.rst,2,0,2,2,NEW_ONLY,1,1,2.760453149676323
answer,flask,cross_staged,,0,old_version_gc,24,bab5a65e6eaee20ac1706fc9439ee538f59e652f,docs/views.rst,2,0,2,2,NEW_ONLY,1,1,2.9650991782546043
answer,flask,cross_staged,,1,initial,0,ac5664d2281533eacafd64f5cc7d5edcdaccab60,docs/async-await.rst,1,0,1,1,OLD_ONLY,1,0,60.24513579905033
answer,flask,cross_staged,,1,initial,1,c2705ffd9ce1dc8476cb29eaf5ff5d4c719852d9,docs/appcontext.rst,1,0,1,1,OLD_ONLY,1,0,3.2064495608210564
answer,flask,cross_staged,,1,initial,2,edebd3704437f19b5b137eaffe97130fe817d144,docs/templating.rst,1,0,1,1,OLD_ONLY,1,0,3.258485347032547
answer,flask,cross_staged,,1,initial,3,d8259eb11900285af9b80b0fa47f841174c054e3,docs/design.rst,1,0,1,1,OLD_ONLY,1,0,2.9238173738121986
answer,flask,cross_staged,,1,initial,4,ff64079a516c269f171ababf3d92b86886a62ffd,docs/web-security.rst,1,0,1,1,OLD_ONLY,1,0,3.015337511897087
answer,flask,cross_staged,,1,initial,5,85cc71046475f9cb3efd17d496356795961249f9,docs/index.rst,1,0,1,1,OLD_ONLY,1,0,3.16401943564415
answer,flask,cross_staged,,1,initial,6,a758915893352f5986c6ee101cdf7e3b7a64fa28,docs/index.rst,1,0,1,1,OLD_ONLY,1,0,3.943847492337227
answer,flask,cross_staged,,1,initial,7,7bf3be8dfa5832ef03a3fd8f07f6736e770440e4,docs/server.rst,1,0,1,1,OLD_ONLY,1,0,3.004400059580803
answer,flask,cross_staged,,1,initial,8,c7a53888a1a514619b0611fd8b7928592f4ed612,docs/web-security.rst,1,0,1,1,OLD_ONLY,1,0,3.021067939698696
answer,flask,cross_staged,,1,initial,9,be6ec06894b55b1b5a360ce3f8178c7963332ccd,docs/deploying/asgi.rst,1,0,1,1,OLD_ONLY,1,0,2.9597757384181023
answer,flask,cross_staged,,1,initial,10,aa6d4c3e92bd11a7d449f49f524e54bbb88b89c0,docs/patterns/appdispatch.rst,1,0,1,1,OLD_ONLY,1,0,2.9816096648573875
answer,flask,cross_staged,,1,initial,11,6b9acd565cded9c805760037b69754c11749c830,docs/patterns/packages.rst,1,0,1,1,OLD_ONLY,1,0,2.8491076081991196
answer,flask,cross_staged,,1,initial,12,83d777bebfb3031de51d458b47d06e8e612f3a3d,docs/index.rst,1,0,1,1,OLD_ONLY,1,0,2.654030919075012
answer,flask,cross_staged,,1,initial,13,2e8fe7b2f2b541a60c90c625446647b22c5cacc2,docs/extensiondev.rst,1,0,1,1,OLD_ONLY,1,0,2.7439845725893974
answer,flask,cross_staged,,1,initial,14,0bc6be604d465406c5909b13162e7097ab0ea2f8,docs/installation.rst,1,0,1,1,OLD_ONLY,1,0,2.5932565331459045
answer,flask,cross_staged,,1,initial,15,9c02f07f9bb4c88207c2a6860742c452c35d2948,docs/security.rst,1,0,1,1,OLD_ONLY,1,0,2.6331357657909393
answer,flask,cross_staged,,1,initial,16,dca8cf013b2c0086539697ae6e4515a1c819092c,docs/patterns/celery.rst,1,0,1,1,OLD_ONLY,1,0,2.743799239397049
answer,flask,cross_staged,,1,initial,17,8f13f5b6d672f1ba434f9c8ebe2c1b1dd385962e,docs/cli.rst,1,0,1,1,OLD_ONLY,1,0,2.797548659145832
answer,flask,cross_staged,,1,initial,18,4c08e3a2ba3d42fbee63577bceedfe325f51b81d,docs/cli.rst,1,0,1,1,OLD_ONLY,1,0,2.8644362464547157
answer,flask,cross_staged,,1,initial,19,6751f68560bfa7c51133d2712830645ed551ace8,docs/async-await.rst,1,0,1,1,OLD_ONLY,1,0,2.8287554159760475
answer,flask,cross_staged,,1,initial,20,b46bfcfa63e3c7b32b66dd4870f1c8c17fe1cb46,docs/extensiondev.rst,1,0,1,1,OLD_ONLY,1,0,2.91509460657835
answer,flask,cross_staged,,1,initial,21,46433e9807a1c960d6b2bb0e125cf16a90167d97,docs/patterns/streaming.rst,1,0,1,1,OLD_ONLY,1,0,2.8011538088321686
answer,flask,cross_staged,,1,initial,22,2ea77c278282f04a8a18c3ced88ef1e048f8ed4a,docs/async-await.rst,1,0,1,1,OLD_ONLY,1,0,2.7320943772792816
answer,flask,cross_staged,,1,initial,23,2f3c87dcb8492f082a2f3ece444773d9db30171b,docs/patterns/index.rst,1,0,1,1,OLD_ONLY,1,0,2.8373021632432938
answer,flask,cross_staged,,1,initial,24,bab5a65e6eaee20ac1706fc9439ee538f59e652f,docs/views.rst,1,0,1,1,OLD_ONLY,1,0,2.881886437535286
answer,flask,cross_staged,,1,dense_staged,0,ac5664d2281533eacafd64f5cc7d5edcdaccab60,docs/async-await.rst,1,0,1,1,OLD_ONLY,1,0,3.0198683962225914
answer,flask,cross_staged,,1,dense_staged,1,c2705ffd9ce1dc8476cb29eaf5ff5d4c719852d9,docs/appcontext.rst,1,0,1,1,OLD_ONLY,1,0,2.8116898611187935
answer,flask,cross_staged,,1,dense_staged,2,edebd3704437f19b5b137eaffe97130fe817d144,docs/templating.rst,1,0,1,1,OLD_ONLY,1,0,2.7992520481348038
answer,flask,cross_staged,,1,dense_staged,3,d8259eb11900285af9b80b0fa47f841174c054e3,docs/design.rst,1,0,1,1,OLD_ONLY,1,0,2.966715954244137
answer,flask,cross_staged,,1,dense_staged,4,ff64079a516c269f171ababf3d92b86886a62ffd,docs/web-security.rst,1,0,1,1,OLD_ONLY,1,0,3.4892819821834564
answer,flask,cross_staged,,1,dense_staged,5,85cc71046475f9cb3efd17d496356795961249f9,docs/index.rst,1,0,1,1,OLD_ONLY,1,0,2.9740501195192337
answer,flask,cross_staged,,1,dense_staged,6,a758915893352f5986c6ee101cdf7e3b7a64fa28,docs/index.rst,1,0,1,1,OLD_ONLY,1,0,2.6468373835086823
answer,flask,cross_staged,,1,dense_staged,7,7bf3be8dfa5832ef03a3fd8f07f6736e770440e4,docs/server.rst,1,0,1,1,OLD_ONLY,1,0,2.880038693547249
answer,flask,cross_staged,,1,dense_staged,8,c7a53888a1a514619b0611fd8b7928592f4ed612,docs/web-security.rst,1,0,1,1,OLD_ONLY,1,0,2.856330946087837
answer,flask,cross_staged,,1,dense_staged,9,be6ec06894b55b1b5a360ce3f8178c7963332ccd,docs/deploying/asgi.rst,1,0,1,1,OLD_ONLY,1,0,3.0311699956655502
answer,flask,cross_staged,,1,dense_staged,10,aa6d4c3e92bd11a7d449f49f524e54bbb88b89c0,docs/patterns/appdispatch.rst,1,0,1,1,OLD_ONLY,1,0,2.9505454003810883
answer,flask,cross_staged,,1,dense_staged,11,6b9acd565cded9c805760037b69754c11749c830,docs/patterns/packages.rst,1,0,1,1,OLD_ONLY,1,0,2.8537530452013016
answer,flask,cross_staged,,1,dense_staged,12,83d777bebfb3031de51d458b47d06e8e612f3a3d,docs/index.rst,1,0,1,1,OLD_ONLY,1,0,2.8304606676101685
answer,flask,cross_staged,,1,dense_staged,13,2e8fe7b2f2b541a60c90c625446647b22c5cacc2,docs/extensiondev.rst,1,0,1,1,OLD_ONLY,1,0,2.733972854912281
answer,flask,cross_staged,,1,dense_staged,14,0bc6be604d465406c5909b13162e7097ab0ea2f8,docs/installation.rst,1,0,1,1,OLD_ONLY,1,0,2.8235437348484993
answer,flask,cross_staged,,1,dense_staged,15,9c02f07f9bb4c88207c2a6860742c452c35d2948,docs/security.rst,1,0,1,1,OLD_ONLY,1,0,2.5423523038625717
answer,flask,cross_staged,,1,dense_staged,16,dca8cf013b2c0086539697ae6e4515a1c819092c,docs/patterns/celery.rst,1,0,1,1,OLD_ONLY,1,0,2.8289705514907837
answer,flask,cross_staged,,1,dense_staged,17,8f13f5b6d672f1ba434f9c8ebe2c1b1dd385962e,docs/cli.rst,1,0,1,1,OLD_ONLY,1,0,3.003779798746109
answer,flask,cross_staged,,1,dense_staged,18,4c08e3a2ba3d42fbee63577bceedfe325f51b81d,docs/cli.rst,1,0,1,1,OLD_ONLY,1,0,2.6230299845337868
answer,flask,cross_staged,,1,dense_staged,19,6751f68560bfa7c51133d2712830645ed551ace8,docs/async-await.rst,1,0,1,1,OLD_ONLY,1,0,3.157348372042179
answer,flask,cross_staged,,1,dense_staged,20,b46bfcfa63e3c7b32b66dd4870f1c8c17fe1cb46,docs/extensiondev.rst,1,0,1,1,OLD_ONLY,1,0,2.6240861043334007
answer,flask,cross_staged,,1,dense_staged,21,46433e9807a1c960d6b2bb0e125cf16a90167d97,docs/patterns/streaming.rst,1,0,1,1,OLD_ONLY,1,0,2.7964115142822266
answer,flask,cross_staged,,1,dense_staged,22,2ea77c278282f04a8a18c3ced88ef1e048f8ed4a,docs/async-await.rst,1,0,1,1,OLD_ONLY,1,0,2.8079189360141754
answer,flask,cross_staged,,1,dense_staged,23,2f3c87dcb8492f082a2f3ece444773d9db30171b,docs/patterns/index.rst,1,0,1,1,OLD_ONLY,1,0,2.774106338620186
answer,flask,cross_staged,,1,dense_staged,24,bab5a65e6eaee20ac1706fc9439ee538f59e652f,docs/views.rst,1,0,1,1,OLD_ONLY,1,0,2.8599323704838753
answer,flask,cross_staged,,1,sparse_staged,0,ac5664d2281533eacafd64f5cc7d5edcdaccab60,docs/async-await.rst,1,0,1,1,OLD_ONLY,1,0,3.0670166015625
answer,flask,cross_staged,,1,sparse_staged,1,c2705ffd9ce1dc8476cb29eaf5ff5d4c719852d9,docs/appcontext.rst,1,0,1,1,OLD_ONLY,1,0,2.941410057246685
answer,flask,cross_staged,,1,sparse_staged,2,edebd3704437f19b5b137eaffe97130fe817d144,docs/templating.rst,1,0,1,1,OLD_ONLY,1,0,2.8440747410058975
answer,flask,cross_staged,,1,sparse_staged,3,d8259eb11900285af9b80b0fa47f841174c054e3,docs/design.rst,1,0,1,1,OLD_ONLY,1,0,2.7867266908288
answer,flask,cross_staged,,1,sparse_staged,4,ff64079a516c269f171ababf3d92b86886a62ffd,docs/web-security.rst,1,0,1,1,OLD_ONLY,1,0,2.8767306357622147
answer,flask,cross_staged,,1,sparse_staged,5,85cc71046475f9cb3efd17d496356795961249f9,docs/index.rst,1,0,1,1,OLD_ONLY,1,0,2.972817048430443
answer,flask,cross_staged,,1,sparse_staged,6,a758915893352f5986c6ee101cdf7e3b7a64fa28,docs/index.rst,1,0,1,1,OLD_ONLY,1,0,2.909448929131031
answer,flask,cross_staged,,1,sparse_staged,7,7bf3be8dfa5832ef03a3fd8f07f6736e770440e4,docs/server.rst,1,0,1,1,OLD_ONLY,1,0,2.8383769094944
answer,flask,cross_staged,,1,sparse_staged,8,c7a53888a1a514619b0611fd8b7928592f4ed612,docs/web-security.rst,1,0,1,1,OLD_ONLY,1,0,2.763252705335617
answer,flask,cross_staged,,1,sparse_staged,9,be6ec06894b55b1b5a360ce3f8178c7963332ccd,docs/deploying/asgi.rst,1,0,1,1,OLD_ONLY,1,0,2.882450819015503
answer,flask,cross_staged,,1,sparse_staged,10,aa6d4c3e92bd11a7d449f49f524e54bbb88b89c0,docs/patterns/appdispatch.rst,1,0,1,1,OLD_ONLY,1,0,2.8668390586972237
answer,flask,cross_staged,,1,sparse_staged,11,6b9acd565cded9c805760037b69754c11749c830,docs/patterns/packages.rst,1,0,1,1,OLD_ONLY,1,0,2.7883509173989296
answer,flask,cross_staged,,1,sparse_staged,12,83d777bebfb3031de51d458b47d06e8e612f3a3d,docs/index.rst,1,0,1,1,OLD_ONLY,1,0,3.966471180319786
answer,flask,cross_staged,,1,sparse_staged,13,2e8fe7b2f2b541a60c90c625446647b22c5cacc2,docs/extensiondev.rst,1,0,1,1,OLD_ONLY,1,0,3.281133249402046
answer,flask,cross_staged,,1,sparse_staged,14,0bc6be604d465406c5909b13162e7097ab0ea2f8,docs/installation.rst,1,0,1,1,OLD_ONLY,1,0,2.768350765109062
answer,flask,cross_staged,,1,sparse_staged,15,9c02f07f9bb4c88207c2a6860742c452c35d2948,docs/security.rst,1,0,1,1,OLD_ONLY,1,0,2.514316700398922
answer,flask,cross_staged,,1,sparse_staged,16,dca8cf013b2c0086539697ae6e4515a1c819092c,docs/patterns/celery.rst,1,0,1,1,OLD_ONLY,1,0,2.653445117175579
answer,flask,cross_staged,,1,sparse_staged,17,8f13f5b6d672f1ba434f9c8ebe2c1b1dd385962e,docs/cli.rst,1,0,1,1,OLD_ONLY,1,0,2.5254329666495323
answer,flask,cross_staged,,1,sparse_staged,18,4c08e3a2ba3d42fbee63577bceedfe325f51b81d,docs/cli.rst,1,0,1,1,OLD_ONLY,1,0,2.88440752774477
answer,flask,cross_staged,,1,sparse_staged,19,6751f68560bfa7c51133d2712830645ed551ace8,docs/async-await.rst,1,0,1,1,OLD_ONLY,1,0,2.6540858671069145
answer,flask,cross_staged,,1,sparse_staged,20,b46bfcfa63e3c7b32b66dd4870f1c8c17fe1cb46,docs/extensiondev.rst,1,0,1,1,OLD_ONLY,1,0,2.687363885343075
answer,flask,cross_staged,,1,sparse_staged,21,46433e9807a1c960d6b2bb0e125cf16a90167d97,docs/patterns/streaming.rst,1,0,1,1,OLD_ONLY,1,0,2.653452567756176
answer,flask,cross_staged,,1,sparse_staged,22,2ea77c278282f04a8a18c3ced88ef1e048f8ed4a,docs/async-await.rst,1,0,1,1,OLD_ONLY,1,0,2.77047511190176
answer,flask,cross_staged,,1,sparse_staged,23,2f3c87dcb8492f082a2f3ece444773d9db30171b,docs/patterns/index.rst,1,0,1,1,OLD_ONLY,1,0,2.4990206584334373
answer,flask,cross_staged,,1,sparse_staged,24,bab5a65e6eaee20ac1706fc9439ee538f59e652f,docs/views.rst,1,0,1,1,OLD_ONLY,1,0,2.7767224237322807
answer,flask,cross_staged,,1,readiness_verified,0,ac5664d2281533eacafd64f5cc7d5edcdaccab60,docs/async-await.rst,1,0,1,1,OLD_ONLY,1,0,2.673119306564331
answer,flask,cross_staged,,1,readiness_verified,1,c2705ffd9ce1dc8476cb29eaf5ff5d4c719852d9,docs/appcontext.rst,1,0,1,1,OLD_ONLY,1,0,2.6312926784157753
answer,flask,cross_staged,,1,readiness_verified,2,edebd3704437f19b5b137eaffe97130fe817d144,docs/templating.rst,1,0,1,1,OLD_ONLY,1,0,2.7489736676216125
answer,flask,cross_staged,,1,readiness_verified,3,d8259eb11900285af9b80b0fa47f841174c054e3,docs/design.rst,1,0,1,1,OLD_ONLY,1,0,2.6116687804460526
answer,flask,cross_staged,,1,readiness_verified,4,ff64079a516c269f171ababf3d92b86886a62ffd,docs/web-security.rst,1,0,1,1,OLD_ONLY,1,0,2.696419134736061
answer,flask,cross_staged,,1,readiness_verified,5,85cc71046475f9cb3efd17d496356795961249f9,docs/index.rst,1,0,1,1,OLD_ONLY,1,0,2.7368180453777313
answer,flask,cross_staged,,1,readiness_verified,6,a758915893352f5986c6ee101cdf7e3b7a64fa28,docs/index.rst,1,0,1,1,OLD_ONLY,1,0,2.8647445142269135
answer,flask,cross_staged,,1,readiness_verified,7,7bf3be8dfa5832ef03a3fd8f07f6736e770440e4,docs/server.rst,1,0,1,1,OLD_ONLY,1,0,2.9974710196256638
answer,flask,cross_staged,,1,readiness_verified,8,c7a53888a1a514619b0611fd8b7928592f4ed612,docs/web-security.rst,1,0,1,1,OLD_ONLY,1,0,2.780904993414879
answer,flask,cross_staged,,1,readiness_verified,9,be6ec06894b55b1b5a360ce3f8178c7963332ccd,docs/deploying/asgi.rst,1,0,1,1,OLD_ONLY,1,0,2.5676628574728966
answer,flask,cross_staged,,1,readiness_verified,10,aa6d4c3e92bd11a7d449f49f524e54bbb88b89c0,docs/patterns/appdispatch.rst,1,0,1,1,OLD_ONLY,1,0,2.691756933927536
answer,flask,cross_staged,,1,readiness_verified,11,6b9acd565cded9c805760037b69754c11749c830,docs/patterns/packages.rst,1,0,1,1,OLD_ONLY,1,0,2.8304308652877808
answer,flask,cross_staged,,1,readiness_verified,12,83d777bebfb3031de51d458b47d06e8e612f3a3d,docs/index.rst,1,0,1,1,OLD_ONLY,1,0,2.664675936102867
answer,flask,cross_staged,,1,readiness_verified,13,2e8fe7b2f2b541a60c90c625446647b22c5cacc2,docs/extensiondev.rst,1,0,1,1,OLD_ONLY,1,0,2.7244165539741516
answer,flask,cross_staged,,1,readiness_verified,14,0bc6be604d465406c5909b13162e7097ab0ea2f8,docs/installation.rst,1,0,1,1,OLD_ONLY,1,0,2.7504991739988327
answer,flask,cross_staged,,1,readiness_verified,15,9c02f07f9bb4c88207c2a6860742c452c35d2948,docs/security.rst,1,0,1,1,OLD_ONLY,1,0,2.9258867725729942
answer,flask,cross_staged,,1,readiness_verified,16,dca8cf013b2c0086539697ae6e4515a1c819092c,docs/patterns/celery.rst,1,0,1,1,OLD_ONLY,1,0,2.8308769688010216
answer,flask,cross_staged,,1,readiness_verified,17,8f13f5b6d672f1ba434f9c8ebe2c1b1dd385962e,docs/cli.rst,1,0,1,1,OLD_ONLY,1,0,3.1193718314170837
answer,flask,cross_staged,,1,readiness_verified,18,4c08e3a2ba3d42fbee63577bceedfe325f51b81d,docs/cli.rst,1,0,1,1,OLD_ONLY,1,0,2.9577799141407013
answer,flask,cross_staged,,1,readiness_verified,19,6751f68560bfa7c51133d2712830645ed551ace8,docs/async-await.rst,1,0,1,1,OLD_ONLY,1,0,3.009174019098282
answer,flask,cross_staged,,1,readiness_verified,20,b46bfcfa63e3c7b32b66dd4870f1c8c17fe1cb46,docs/extensiondev.rst,1,0,1,1,OLD_ONLY,1,0,2.889038994908333
answer,flask,cross_staged,,1,readiness_verified,21,46433e9807a1c960d6b2bb0e125cf16a90167d97,docs/patterns/streaming.rst,1,0,1,1,OLD_ONLY,1,0,2.4973591789603233
answer,flask,cross_staged,,1,readiness_verified,22,2ea77c278282f04a8a18c3ced88ef1e048f8ed4a,docs/async-await.rst,1,0,1,1,OLD_ONLY,1,0,3.238978795707226
answer,flask,cross_staged,,1,readiness_verified,23,2f3c87dcb8492f082a2f3ece444773d9db30171b,docs/patterns/index.rst,1,0,1,1,OLD_ONLY,1,0,2.941068261861801
answer,flask,cross_staged,,1,readiness_verified,24,bab5a65e6eaee20ac1706fc9439ee538f59e652f,docs/views.rst,1,0,1,1,OLD_ONLY,1,0,2.7780188247561455
answer,flask,cross_staged,,1,manifest_published,0,ac5664d2281533eacafd64f5cc7d5edcdaccab60,docs/async-await.rst,2,0,2,2,NEW_ONLY,1,1,2.8969887644052505
answer,flask,cross_staged,,1,manifest_published,1,c2705ffd9ce1dc8476cb29eaf5ff5d4c719852d9,docs/appcontext.rst,2,0,2,2,NEW_ONLY,1,1,2.9067769646644592
answer,flask,cross_staged,,1,manifest_published,2,edebd3704437f19b5b137eaffe97130fe817d144,docs/templating.rst,2,0,2,2,NEW_ONLY,1,1,2.9766960069537163
answer,flask,cross_staged,,1,manifest_published,3,d8259eb11900285af9b80b0fa47f841174c054e3,docs/design.rst,2,0,2,2,NEW_ONLY,1,1,2.6809079572558403
answer,flask,cross_staged,,1,manifest_published,4,ff64079a516c269f171ababf3d92b86886a62ffd,docs/web-security.rst,2,0,2,2,NEW_ONLY,1,1,2.5931429117918015
answer,flask,cross_staged,,1,manifest_published,5,85cc71046475f9cb3efd17d496356795961249f9,docs/index.rst,2,0,2,2,NEW_ONLY,1,1,2.7281614020466805
answer,flask,cross_staged,,1,manifest_published,6,a758915893352f5986c6ee101cdf7e3b7a64fa28,docs/index.rst,2,0,2,2,NEW_ONLY,1,1,2.770952880382538
answer,flask,cross_staged,,1,manifest_published,7,7bf3be8dfa5832ef03a3fd8f07f6736e770440e4,docs/server.rst,2,0,2,2,NEW_ONLY,1,1,2.820969559252262
answer,flask,cross_staged,,1,manifest_published,8,c7a53888a1a514619b0611fd8b7928592f4ed612,docs/web-security.rst,2,0,2,2,NEW_ONLY,1,1,2.5378698483109474
answer,flask,cross_staged,,1,manifest_published,9,be6ec06894b55b1b5a360ce3f8178c7963332ccd,docs/deploying/asgi.rst,2,0,2,2,NEW_ONLY,1,1,2.679271623492241
answer,flask,cross_staged,,1,manifest_published,10,aa6d4c3e92bd11a7d449f49f524e54bbb88b89c0,docs/patterns/appdispatch.rst,2,0,2,2,NEW_ONLY,1,1,2.7934499084949493
answer,flask,cross_staged,,1,manifest_published,11,6b9acd565cded9c805760037b69754c11749c830,docs/patterns/packages.rst,2,0,2,2,NEW_ONLY,1,1,2.632835879921913
answer,flask,cross_staged,,1,manifest_published,12,83d777bebfb3031de51d458b47d06e8e612f3a3d,docs/index.rst,2,0,2,2,NEW_ONLY,1,1,2.830897457897663
answer,flask,cross_staged,,1,manifest_published,13,2e8fe7b2f2b541a60c90c625446647b22c5cacc2,docs/extensiondev.rst,2,0,2,2,NEW_ONLY,1,1,2.8461748734116554
answer,flask,cross_staged,,1,manifest_published,14,0bc6be604d465406c5909b13162e7097ab0ea2f8,docs/installation.rst,2,0,2,2,NEW_ONLY,1,1,2.748633734881878
answer,flask,cross_staged,,1,manifest_published,15,9c02f07f9bb4c88207c2a6860742c452c35d2948,docs/security.rst,2,0,2,2,NEW_ONLY,1,1,2.8243735432624817
answer,flask,cross_staged,,1,manifest_published,16,dca8cf013b2c0086539697ae6e4515a1c819092c,docs/patterns/celery.rst,2,0,2,2,NEW_ONLY,1,1,2.906147390604019
answer,flask,cross_staged,,1,manifest_published,17,8f13f5b6d672f1ba434f9c8ebe2c1b1dd385962e,docs/cli.rst,2,0,2,2,NEW_ONLY,1,1,2.780962735414505
answer,flask,cross_staged,,1,manifest_published,18,4c08e3a2ba3d42fbee63577bceedfe325f51b81d,docs/cli.rst,2,0,2,2,NEW_ONLY,1,1,2.8235064819455147
answer,flask,cross_staged,,1,manifest_published,19,6751f68560bfa7c51133d2712830645ed551ace8,docs/async-await.rst,2,0,2,2,NEW_ONLY,1,1,2.5873687118291855
answer,flask,cross_staged,,1,manifest_published,20,b46bfcfa63e3c7b32b66dd4870f1c8c17fe1cb46,docs/extensiondev.rst,2,0,2,2,NEW_ONLY,1,1,2.659199759364128
answer,flask,cross_staged,,1,manifest_published,21,46433e9807a1c960d6b2bb0e125cf16a90167d97,docs/patterns/streaming.rst,2,0,2,2,NEW_ONLY,1,1,2.6907529681921005
answer,flask,cross_staged,,1,manifest_published,22,2ea77c278282f04a8a18c3ced88ef1e048f8ed4a,docs/async-await.rst,2,0,2,2,NEW_ONLY,1,1,2.7262354269623756
answer,flask,cross_staged,,1,manifest_published,23,2f3c87dcb8492f082a2f3ece444773d9db30171b,docs/patterns/index.rst,2,0,2,2,NEW_ONLY,1,1,2.8619160875678062
answer,flask,cross_staged,,1,manifest_published,24,bab5a65e6eaee20ac1706fc9439ee538f59e652f,docs/views.rst,2,0,2,2,NEW_ONLY,1,1,2.543964423239231
answer,flask,cross_staged,,1,old_version_gc,0,ac5664d2281533eacafd64f5cc7d5edcdaccab60,docs/async-await.rst,2,0,2,2,NEW_ONLY,1,1,3.043009899556637
answer,flask,cross_staged,,1,old_version_gc,1,c2705ffd9ce1dc8476cb29eaf5ff5d4c719852d9,docs/appcontext.rst,2,0,2,2,NEW_ONLY,1,1,3.313455730676651
answer,flask,cross_staged,,1,old_version_gc,2,edebd3704437f19b5b137eaffe97130fe817d144,docs/templating.rst,2,0,2,2,NEW_ONLY,1,1,2.8632087633013725
answer,flask,cross_staged,,1,old_version_gc,3,d8259eb11900285af9b80b0fa47f841174c054e3,docs/design.rst,2,0,2,2,NEW_ONLY,1,1,2.845454029738903
answer,flask,cross_staged,,1,old_version_gc,4,ff64079a516c269f171ababf3d92b86886a62ffd,docs/web-security.rst,2,0,2,2,NEW_ONLY,1,1,2.600426785647869
answer,flask,cross_staged,,1,old_version_gc,5,85cc71046475f9cb3efd17d496356795961249f9,docs/index.rst,2,0,2,2,NEW_ONLY,1,1,2.8587346896529198
answer,flask,cross_staged,,1,old_version_gc,6,a758915893352f5986c6ee101cdf7e3b7a64fa28,docs/index.rst,2,0,2,2,NEW_ONLY,1,1,2.597019076347351
answer,flask,cross_staged,,1,old_version_gc,7,7bf3be8dfa5832ef03a3fd8f07f6736e770440e4,docs/server.rst,2,0,2,2,NEW_ONLY,1,1,2.7444977313280106
answer,flask,cross_staged,,1,old_version_gc,8,c7a53888a1a514619b0611fd8b7928592f4ed612,docs/web-security.rst,2,0,2,2,NEW_ONLY,1,1,2.65395175665617
answer,flask,cross_staged,,1,old_version_gc,9,be6ec06894b55b1b5a360ce3f8178c7963332ccd,docs/deploying/asgi.rst,2,0,2,2,NEW_ONLY,1,1,2.845780923962593
answer,flask,cross_staged,,1,old_version_gc,10,aa6d4c3e92bd11a7d449f49f524e54bbb88b89c0,docs/patterns/appdispatch.rst,2,0,2,2,NEW_ONLY,1,1,2.565840259194374
answer,flask,cross_staged,,1,old_version_gc,11,6b9acd565cded9c805760037b69754c11749c830,docs/patterns/packages.rst,2,0,2,2,NEW_ONLY,1,1,2.5139087811112404
answer,flask,cross_staged,,1,old_version_gc,12,83d777bebfb3031de51d458b47d06e8e612f3a3d,docs/index.rst,2,0,2,2,NEW_ONLY,1,1,2.6741083711385727
answer,flask,cross_staged,,1,old_version_gc,13,2e8fe7b2f2b541a60c90c625446647b22c5cacc2,docs/extensiondev.rst,2,0,2,2,NEW_ONLY,1,1,2.573286183178425
answer,flask,cross_staged,,1,old_version_gc,14,0bc6be604d465406c5909b13162e7097ab0ea2f8,docs/installation.rst,2,0,2,2,NEW_ONLY,1,1,2.6070401072502136
answer,flask,cross_staged,,1,old_version_gc,15,9c02f07f9bb4c88207c2a6860742c452c35d2948,docs/security.rst,2,0,2,2,NEW_ONLY,1,1,2.828247845172882
answer,flask,cross_staged,,1,old_version_gc,16,dca8cf013b2c0086539697ae6e4515a1c819092c,docs/patterns/celery.rst,2,0,2,2,NEW_ONLY,1,1,2.62309517711401
answer,flask,cross_staged,,1,old_version_gc,17,8f13f5b6d672f1ba434f9c8ebe2c1b1dd385962e,docs/cli.rst,2,0,2,2,NEW_ONLY,1,1,2.630765549838543
answer,flask,cross_staged,,1,old_version_gc,18,4c08e3a2ba3d42fbee63577bceedfe325f51b81d,docs/cli.rst,2,0,2,2,NEW_ONLY,1,1,2.7725696563720703
answer,flask,cross_staged,,1,old_version_gc,19,6751f68560bfa7c51133d2712830645ed551ace8,docs/async-await.rst,2,0,2,2,NEW_ONLY,1,1,2.7244556695222855
answer,flask,cross_staged,,1,old_version_gc,20,b46bfcfa63e3c7b32b66dd4870f1c8c17fe1cb46,docs/extensiondev.rst,2,0,2,2,NEW_ONLY,1,1,2.7805445715785027
answer,flask,cross_staged,,1,old_version_gc,21,46433e9807a1c960d6b2bb0e125cf16a90167d97,docs/patterns/streaming.rst,2,0,2,2,NEW_ONLY,1,1,2.7025826275348663
answer,flask,cross_staged,,1,old_version_gc,22,2ea77c278282f04a8a18c3ced88ef1e048f8ed4a,docs/async-await.rst,2,0,2,2,NEW_ONLY,1,1,2.8097666800022125
answer,flask,cross_staged,,1,old_version_gc,23,2f3c87dcb8492f082a2f3ece444773d9db30171b,docs/patterns/index.rst,2,0,2,2,NEW_ONLY,1,1,2.6513412594795227
answer,flask,cross_staged,,1,old_version_gc,24,bab5a65e6eaee20ac1706fc9439ee538f59e652f,docs/views.rst,2,0,2,2,NEW_ONLY,1,1,2.683824859559536
answer,flask,cross_staged,,2,initial,0,ac5664d2281533eacafd64f5cc7d5edcdaccab60,docs/async-await.rst,1,0,1,1,OLD_ONLY,1,0,61.194662004709244
answer,flask,cross_staged,,2,initial,1,c2705ffd9ce1dc8476cb29eaf5ff5d4c719852d9,docs/appcontext.rst,1,0,1,1,OLD_ONLY,1,0,3.418758511543274
answer,flask,cross_staged,,2,initial,2,edebd3704437f19b5b137eaffe97130fe817d144,docs/templating.rst,1,0,1,1,OLD_ONLY,1,0,3.164823167026043
answer,flask,cross_staged,,2,initial,3,d8259eb11900285af9b80b0fa47f841174c054e3,docs/design.rst,1,0,1,1,OLD_ONLY,1,0,2.9444675892591476
answer,flask,cross_staged,,2,initial,4,ff64079a516c269f171ababf3d92b86886a62ffd,docs/web-security.rst,1,0,1,1,OLD_ONLY,1,0,3.057919442653656
answer,flask,cross_staged,,2,initial,5,85cc71046475f9cb3efd17d496356795961249f9,docs/index.rst,1,0,1,1,OLD_ONLY,1,0,3.4930119290947914
answer,flask,cross_staged,,2,initial,6,a758915893352f5986c6ee101cdf7e3b7a64fa28,docs/index.rst,1,0,1,1,OLD_ONLY,1,0,2.861415036022663
answer,flask,cross_staged,,2,initial,7,7bf3be8dfa5832ef03a3fd8f07f6736e770440e4,docs/server.rst,1,0,1,1,OLD_ONLY,1,0,2.8947778046131134
answer,flask,cross_staged,,2,initial,8,c7a53888a1a514619b0611fd8b7928592f4ed612,docs/web-security.rst,1,0,1,1,OLD_ONLY,1,0,2.8750617057085037
answer,flask,cross_staged,,2,initial,9,be6ec06894b55b1b5a360ce3f8178c7963332ccd,docs/deploying/asgi.rst,1,0,1,1,OLD_ONLY,1,0,3.206881694495678
answer,flask,cross_staged,,2,initial,10,aa6d4c3e92bd11a7d449f49f524e54bbb88b89c0,docs/patterns/appdispatch.rst,1,0,1,1,OLD_ONLY,1,0,2.9441388323903084
answer,flask,cross_staged,,2,initial,11,6b9acd565cded9c805760037b69754c11749c830,docs/patterns/packages.rst,1,0,1,1,OLD_ONLY,1,0,2.8801849111914635
answer,flask,cross_staged,,2,initial,12,83d777bebfb3031de51d458b47d06e8e612f3a3d,docs/index.rst,1,0,1,1,OLD_ONLY,1,0,2.7684690430760384
answer,flask,cross_staged,,2,initial,13,2e8fe7b2f2b541a60c90c625446647b22c5cacc2,docs/extensiondev.rst,1,0,1,1,OLD_ONLY,1,0,2.8524817898869514
answer,flask,cross_staged,,2,initial,14,0bc6be604d465406c5909b13162e7097ab0ea2f8,docs/installation.rst,1,0,1,1,OLD_ONLY,1,0,2.961801365017891
answer,flask,cross_staged,,2,initial,15,9c02f07f9bb4c88207c2a6860742c452c35d2948,docs/security.rst,1,0,1,1,OLD_ONLY,1,0,2.862410619854927
answer,flask,cross_staged,,2,initial,16,dca8cf013b2c0086539697ae6e4515a1c819092c,docs/patterns/celery.rst,1,0,1,1,OLD_ONLY,1,0,3.0713239684700966
answer,flask,cross_staged,,2,initial,17,8f13f5b6d672f1ba434f9c8ebe2c1b1dd385962e,docs/cli.rst,1,0,1,1,OLD_ONLY,1,0,2.844533883035183
answer,flask,cross_staged,,2,initial,18,4c08e3a2ba3d42fbee63577bceedfe325f51b81d,docs/cli.rst,1,0,1,1,OLD_ONLY,1,0,2.545117400586605
answer,flask,cross_staged,,2,initial,19,6751f68560bfa7c51133d2712830645ed551ace8,docs/async-await.rst,1,0,1,1,OLD_ONLY,1,0,2.7866140007972717
answer,flask,cross_staged,,2,initial,20,b46bfcfa63e3c7b32b66dd4870f1c8c17fe1cb46,docs/extensiondev.rst,1,0,1,1,OLD_ONLY,1,0,2.6325732469558716
answer,flask,cross_staged,,2,initial,21,46433e9807a1c960d6b2bb0e125cf16a90167d97,docs/patterns/streaming.rst,1,0,1,1,OLD_ONLY,1,0,3.00400797277689
answer,flask,cross_staged,,2,initial,22,2ea77c278282f04a8a18c3ced88ef1e048f8ed4a,docs/async-await.rst,1,0,1,1,OLD_ONLY,1,0,2.902981825172901
answer,flask,cross_staged,,2,initial,23,2f3c87dcb8492f082a2f3ece444773d9db30171b,docs/patterns/index.rst,1,0,1,1,OLD_ONLY,1,0,2.952197566628456
answer,flask,cross_staged,,2,initial,24,bab5a65e6eaee20ac1706fc9439ee538f59e652f,docs/views.rst,1,0,1,1,OLD_ONLY,1,0,2.6823123916983604
answer,flask,cross_staged,,2,dense_staged,0,ac5664d2281533eacafd64f5cc7d5edcdaccab60,docs/async-await.rst,1,0,1,1,OLD_ONLY,1,0,3.0821487307548523
answer,flask,cross_staged,,2,dense_staged,1,c2705ffd9ce1dc8476cb29eaf5ff5d4c719852d9,docs/appcontext.rst,1,0,1,1,OLD_ONLY,1,0,2.911149524152279
answer,flask,cross_staged,,2,dense_staged,2,edebd3704437f19b5b137eaffe97130fe817d144,docs/templating.rst,1,0,1,1,OLD_ONLY,1,0,2.8412705287337303
answer,flask,cross_staged,,2,dense_staged,3,d8259eb11900285af9b80b0fa47f841174c054e3,docs/design.rst,1,0,1,1,OLD_ONLY,1,0,3.1984029337763786
answer,flask,cross_staged,,2,dense_staged,4,ff64079a516c269f171ababf3d92b86886a62ffd,docs/web-security.rst,1,0,1,1,OLD_ONLY,1,0,3.4150201827287674
answer,flask,cross_staged,,2,dense_staged,5,85cc71046475f9cb3efd17d496356795961249f9,docs/index.rst,1,0,1,1,OLD_ONLY,1,0,3.026762045919895
answer,flask,cross_staged,,2,dense_staged,6,a758915893352f5986c6ee101cdf7e3b7a64fa28,docs/index.rst,1,0,1,1,OLD_ONLY,1,0,2.836667001247406
answer,flask,cross_staged,,2,dense_staged,7,7bf3be8dfa5832ef03a3fd8f07f6736e770440e4,docs/server.rst,1,0,1,1,OLD_ONLY,1,0,3.0252905562520027
answer,flask,cross_staged,,2,dense_staged,8,c7a53888a1a514619b0611fd8b7928592f4ed612,docs/web-security.rst,1,0,1,1,OLD_ONLY,1,0,2.7644867077469826
answer,flask,cross_staged,,2,dense_staged,9,be6ec06894b55b1b5a360ce3f8178c7963332ccd,docs/deploying/asgi.rst,1,0,1,1,OLD_ONLY,1,0,2.7076778933405876
answer,flask,cross_staged,,2,dense_staged,10,aa6d4c3e92bd11a7d449f49f524e54bbb88b89c0,docs/patterns/appdispatch.rst,1,0,1,1,OLD_ONLY,1,0,2.74042971432209
answer,flask,cross_staged,,2,dense_staged,11,6b9acd565cded9c805760037b69754c11749c830,docs/patterns/packages.rst,1,0,1,1,OLD_ONLY,1,0,2.6891175657510757
answer,flask,cross_staged,,2,dense_staged,12,83d777bebfb3031de51d458b47d06e8e612f3a3d,docs/index.rst,1,0,1,1,OLD_ONLY,1,0,2.7039851993322372
answer,flask,cross_staged,,2,dense_staged,13,2e8fe7b2f2b541a60c90c625446647b22c5cacc2,docs/extensiondev.rst,1,0,1,1,OLD_ONLY,1,0,3.395446576178074
answer,flask,cross_staged,,2,dense_staged,14,0bc6be604d465406c5909b13162e7097ab0ea2f8,docs/installation.rst,1,0,1,1,OLD_ONLY,1,0,2.941305749118328
answer,flask,cross_staged,,2,dense_staged,15,9c02f07f9bb4c88207c2a6860742c452c35d2948,docs/security.rst,1,0,1,1,OLD_ONLY,1,0,2.8303610160946846
answer,flask,cross_staged,,2,dense_staged,16,dca8cf013b2c0086539697ae6e4515a1c819092c,docs/patterns/celery.rst,1,0,1,1,OLD_ONLY,1,0,2.7274228632450104
answer,flask,cross_staged,,2,dense_staged,17,8f13f5b6d672f1ba434f9c8ebe2c1b1dd385962e,docs/cli.rst,1,0,1,1,OLD_ONLY,1,0,2.944115549325943
answer,flask,cross_staged,,2,dense_staged,18,4c08e3a2ba3d42fbee63577bceedfe325f51b81d,docs/cli.rst,1,0,1,1,OLD_ONLY,1,0,2.703242003917694
answer,flask,cross_staged,,2,dense_staged,19,6751f68560bfa7c51133d2712830645ed551ace8,docs/async-await.rst,1,0,1,1,OLD_ONLY,1,0,2.6846760883927345
answer,flask,cross_staged,,2,dense_staged,20,b46bfcfa63e3c7b32b66dd4870f1c8c17fe1cb46,docs/extensiondev.rst,1,0,1,1,OLD_ONLY,1,0,2.589156851172447
answer,flask,cross_staged,,2,dense_staged,21,46433e9807a1c960d6b2bb0e125cf16a90167d97,docs/patterns/streaming.rst,1,0,1,1,OLD_ONLY,1,0,2.6633813977241516
answer,flask,cross_staged,,2,dense_staged,22,2ea77c278282f04a8a18c3ced88ef1e048f8ed4a,docs/async-await.rst,1,0,1,1,OLD_ONLY,1,0,2.675645984709263
answer,flask,cross_staged,,2,dense_staged,23,2f3c87dcb8492f082a2f3ece444773d9db30171b,docs/patterns/index.rst,1,0,1,1,OLD_ONLY,1,0,2.8270743787288666
answer,flask,cross_staged,,2,dense_staged,24,bab5a65e6eaee20ac1706fc9439ee538f59e652f,docs/views.rst,1,0,1,1,OLD_ONLY,1,0,2.6492346078157425
answer,flask,cross_staged,,2,sparse_staged,0,ac5664d2281533eacafd64f5cc7d5edcdaccab60,docs/async-await.rst,1,0,1,1,OLD_ONLY,1,0,3.1709857285022736
answer,flask,cross_staged,,2,sparse_staged,1,c2705ffd9ce1dc8476cb29eaf5ff5d4c719852d9,docs/appcontext.rst,1,0,1,1,OLD_ONLY,1,0,2.9479488730430603
answer,flask,cross_staged,,2,sparse_staged,2,edebd3704437f19b5b137eaffe97130fe817d144,docs/templating.rst,1,0,1,1,OLD_ONLY,1,0,2.5074630975723267
answer,flask,cross_staged,,2,sparse_staged,3,d8259eb11900285af9b80b0fa47f841174c054e3,docs/design.rst,1,0,1,1,OLD_ONLY,1,0,2.655643969774246
answer,flask,cross_staged,,2,sparse_staged,4,ff64079a516c269f171ababf3d92b86886a62ffd,docs/web-security.rst,1,0,1,1,OLD_ONLY,1,0,2.737322822213173
answer,flask,cross_staged,,2,sparse_staged,5,85cc71046475f9cb3efd17d496356795961249f9,docs/index.rst,1,0,1,1,OLD_ONLY,1,0,2.5731856003403664
answer,flask,cross_staged,,2,sparse_staged,6,a758915893352f5986c6ee101cdf7e3b7a64fa28,docs/index.rst,1,0,1,1,OLD_ONLY,1,0,2.742912620306015
answer,flask,cross_staged,,2,sparse_staged,7,7bf3be8dfa5832ef03a3fd8f07f6736e770440e4,docs/server.rst,1,0,1,1,OLD_ONLY,1,0,2.6116790249943733
answer,flask,cross_staged,,2,sparse_staged,8,c7a53888a1a514619b0611fd8b7928592f4ed612,docs/web-security.rst,1,0,1,1,OLD_ONLY,1,0,2.7091559022665024
answer,flask,cross_staged,,2,sparse_staged,9,be6ec06894b55b1b5a360ce3f8178c7963332ccd,docs/deploying/asgi.rst,1,0,1,1,OLD_ONLY,1,0,2.7027130126953125
answer,flask,cross_staged,,2,sparse_staged,10,aa6d4c3e92bd11a7d449f49f524e54bbb88b89c0,docs/patterns/appdispatch.rst,1,0,1,1,OLD_ONLY,1,0,2.5643240660429
answer,flask,cross_staged,,2,sparse_staged,11,6b9acd565cded9c805760037b69754c11749c830,docs/patterns/packages.rst,1,0,1,1,OLD_ONLY,1,0,2.6559047400951385
answer,flask,cross_staged,,2,sparse_staged,12,83d777bebfb3031de51d458b47d06e8e612f3a3d,docs/index.rst,1,0,1,1,OLD_ONLY,1,0,2.9230350628495216
answer,flask,cross_staged,,2,sparse_staged,13,2e8fe7b2f2b541a60c90c625446647b22c5cacc2,docs/extensiondev.rst,1,0,1,1,OLD_ONLY,1,0,3.257961943745613
answer,flask,cross_staged,,2,sparse_staged,14,0bc6be604d465406c5909b13162e7097ab0ea2f8,docs/installation.rst,1,0,1,1,OLD_ONLY,1,0,2.9669273644685745
answer,flask,cross_staged,,2,sparse_staged,15,9c02f07f9bb4c88207c2a6860742c452c35d2948,docs/security.rst,1,0,1,1,OLD_ONLY,1,0,2.8095487505197525
answer,flask,cross_staged,,2,sparse_staged,16,dca8cf013b2c0086539697ae6e4515a1c819092c,docs/patterns/celery.rst,1,0,1,1,OLD_ONLY,1,0,2.685392275452614
answer,flask,cross_staged,,2,sparse_staged,17,8f13f5b6d672f1ba434f9c8ebe2c1b1dd385962e,docs/cli.rst,1,0,1,1,OLD_ONLY,1,0,2.593889832496643
answer,flask,cross_staged,,2,sparse_staged,18,4c08e3a2ba3d42fbee63577bceedfe325f51b81d,docs/cli.rst,1,0,1,1,OLD_ONLY,1,0,3.089885227382183
answer,flask,cross_staged,,2,sparse_staged,19,6751f68560bfa7c51133d2712830645ed551ace8,docs/async-await.rst,1,0,1,1,OLD_ONLY,1,0,2.7116555720567703
answer,flask,cross_staged,,2,sparse_staged,20,b46bfcfa63e3c7b32b66dd4870f1c8c17fe1cb46,docs/extensiondev.rst,1,0,1,1,OLD_ONLY,1,0,2.708123065531254
answer,flask,cross_staged,,2,sparse_staged,21,46433e9807a1c960d6b2bb0e125cf16a90167d97,docs/patterns/streaming.rst,1,0,1,1,OLD_ONLY,1,0,2.8669461607933044
answer,flask,cross_staged,,2,sparse_staged,22,2ea77c278282f04a8a18c3ced88ef1e048f8ed4a,docs/async-await.rst,1,0,1,1,OLD_ONLY,1,0,2.916824072599411
answer,flask,cross_staged,,2,sparse_staged,23,2f3c87dcb8492f082a2f3ece444773d9db30171b,docs/patterns/index.rst,1,0,1,1,OLD_ONLY,1,0,2.9129600152373314
answer,flask,cross_staged,,2,sparse_staged,24,bab5a65e6eaee20ac1706fc9439ee538f59e652f,docs/views.rst,1,0,1,1,OLD_ONLY,1,0,2.6696445420384407
answer,flask,cross_staged,,2,readiness_verified,0,ac5664d2281533eacafd64f5cc7d5edcdaccab60,docs/async-await.rst,1,0,1,1,OLD_ONLY,1,0,3.018239513039589
answer,flask,cross_staged,,2,readiness_verified,1,c2705ffd9ce1dc8476cb29eaf5ff5d4c719852d9,docs/appcontext.rst,1,0,1,1,OLD_ONLY,1,0,2.7137678116559982
answer,flask,cross_staged,,2,readiness_verified,2,edebd3704437f19b5b137eaffe97130fe817d144,docs/templating.rst,1,0,1,1,OLD_ONLY,1,0,3.1047938391566277
answer,flask,cross_staged,,2,readiness_verified,3,d8259eb11900285af9b80b0fa47f841174c054e3,docs/design.rst,1,0,1,1,OLD_ONLY,1,0,2.766873687505722
answer,flask,cross_staged,,2,readiness_verified,4,ff64079a516c269f171ababf3d92b86886a62ffd,docs/web-security.rst,1,0,1,1,OLD_ONLY,1,0,2.8335480019450188
answer,flask,cross_staged,,2,readiness_verified,5,85cc71046475f9cb3efd17d496356795961249f9,docs/index.rst,1,0,1,1,OLD_ONLY,1,0,2.743525430560112
answer,flask,cross_staged,,2,readiness_verified,6,a758915893352f5986c6ee101cdf7e3b7a64fa28,docs/index.rst,1,0,1,1,OLD_ONLY,1,0,2.718639560043812
answer,flask,cross_staged,,2,readiness_verified,7,7bf3be8dfa5832ef03a3fd8f07f6736e770440e4,docs/server.rst,1,0,1,1,OLD_ONLY,1,0,2.7779163792729378
answer,flask,cross_staged,,2,readiness_verified,8,c7a53888a1a514619b0611fd8b7928592f4ed612,docs/web-security.rst,1,0,1,1,OLD_ONLY,1,0,2.7661556378006935
answer,flask,cross_staged,,2,readiness_verified,9,be6ec06894b55b1b5a360ce3f8178c7963332ccd,docs/deploying/asgi.rst,1,0,1,1,OLD_ONLY,1,0,2.64100544154644
answer,flask,cross_staged,,2,readiness_verified,10,aa6d4c3e92bd11a7d449f49f524e54bbb88b89c0,docs/patterns/appdispatch.rst,1,0,1,1,OLD_ONLY,1,0,2.7279285714030266
answer,flask,cross_staged,,2,readiness_verified,11,6b9acd565cded9c805760037b69754c11749c830,docs/patterns/packages.rst,1,0,1,1,OLD_ONLY,1,0,2.6721032336354256
answer,flask,cross_staged,,2,readiness_verified,12,83d777bebfb3031de51d458b47d06e8e612f3a3d,docs/index.rst,1,0,1,1,OLD_ONLY,1,0,2.954087220132351
answer,flask,cross_staged,,2,readiness_verified,13,2e8fe7b2f2b541a60c90c625446647b22c5cacc2,docs/extensiondev.rst,1,0,1,1,OLD_ONLY,1,0,2.8234608471393585
answer,flask,cross_staged,,2,readiness_verified,14,0bc6be604d465406c5909b13162e7097ab0ea2f8,docs/installation.rst,1,0,1,1,OLD_ONLY,1,0,2.799783833324909
answer,flask,cross_staged,,2,readiness_verified,15,9c02f07f9bb4c88207c2a6860742c452c35d2948,docs/security.rst,1,0,1,1,OLD_ONLY,1,0,2.7136579155921936
answer,flask,cross_staged,,2,readiness_verified,16,dca8cf013b2c0086539697ae6e4515a1c819092c,docs/patterns/celery.rst,1,0,1,1,OLD_ONLY,1,0,2.631397917866707
answer,flask,cross_staged,,2,readiness_verified,17,8f13f5b6d672f1ba434f9c8ebe2c1b1dd385962e,docs/cli.rst,1,0,1,1,OLD_ONLY,1,0,2.7255499735474586
answer,flask,cross_staged,,2,readiness_verified,18,4c08e3a2ba3d42fbee63577bceedfe325f51b81d,docs/cli.rst,1,0,1,1,OLD_ONLY,1,0,2.748372033238411
answer,flask,cross_staged,,2,readiness_verified,19,6751f68560bfa7c51133d2712830645ed551ace8,docs/async-await.rst,1,0,1,1,OLD_ONLY,1,0,2.66161747276783
answer,flask,cross_staged,,2,readiness_verified,20,b46bfcfa63e3c7b32b66dd4870f1c8c17fe1cb46,docs/extensiondev.rst,1,0,1,1,OLD_ONLY,1,0,2.865598537027836
answer,flask,cross_staged,,2,readiness_verified,21,46433e9807a1c960d6b2bb0e125cf16a90167d97,docs/patterns/streaming.rst,1,0,1,1,OLD_ONLY,1,0,2.9075797647237778
answer,flask,cross_staged,,2,readiness_verified,22,2ea77c278282f04a8a18c3ced88ef1e048f8ed4a,docs/async-await.rst,1,0,1,1,OLD_ONLY,1,0,3.0156830325722694
answer,flask,cross_staged,,2,readiness_verified,23,2f3c87dcb8492f082a2f3ece444773d9db30171b,docs/patterns/index.rst,1,0,1,1,OLD_ONLY,1,0,3.117227926850319
answer,flask,cross_staged,,2,readiness_verified,24,bab5a65e6eaee20ac1706fc9439ee538f59e652f,docs/views.rst,1,0,1,1,OLD_ONLY,1,0,3.293905407190323
answer,flask,cross_staged,,2,manifest_published,0,ac5664d2281533eacafd64f5cc7d5edcdaccab60,docs/async-await.rst,2,0,2,2,NEW_ONLY,1,1,3.041333518922329
answer,flask,cross_staged,,2,manifest_published,1,c2705ffd9ce1dc8476cb29eaf5ff5d4c719852d9,docs/appcontext.rst,2,0,2,2,NEW_ONLY,1,1,2.7568964287638664
answer,flask,cross_staged,,2,manifest_published,2,edebd3704437f19b5b137eaffe97130fe817d144,docs/templating.rst,2,0,2,2,NEW_ONLY,1,1,2.910682000219822
answer,flask,cross_staged,,2,manifest_published,3,d8259eb11900285af9b80b0fa47f841174c054e3,docs/design.rst,2,0,2,2,NEW_ONLY,1,1,2.994549460709095
answer,flask,cross_staged,,2,manifest_published,4,ff64079a516c269f171ababf3d92b86886a62ffd,docs/web-security.rst,2,0,2,2,NEW_ONLY,1,1,2.836046740412712
answer,flask,cross_staged,,2,manifest_published,5,85cc71046475f9cb3efd17d496356795961249f9,docs/index.rst,2,0,2,2,NEW_ONLY,1,1,2.779717557132244
answer,flask,cross_staged,,2,manifest_published,6,a758915893352f5986c6ee101cdf7e3b7a64fa28,docs/index.rst,2,0,2,2,NEW_ONLY,1,1,3.0091628432273865
answer,flask,cross_staged,,2,manifest_published,7,7bf3be8dfa5832ef03a3fd8f07f6736e770440e4,docs/server.rst,2,0,2,2,NEW_ONLY,1,1,3.1333202496170998
answer,flask,cross_staged,,2,manifest_published,8,c7a53888a1a514619b0611fd8b7928592f4ed612,docs/web-security.rst,2,0,2,2,NEW_ONLY,1,1,2.7926620095968246
answer,flask,cross_staged,,2,manifest_published,9,be6ec06894b55b1b5a360ce3f8178c7963332ccd,docs/deploying/asgi.rst,2,0,2,2,NEW_ONLY,1,1,2.827875316143036
answer,flask,cross_staged,,2,manifest_published,10,aa6d4c3e92bd11a7d449f49f524e54bbb88b89c0,docs/patterns/appdispatch.rst,2,0,2,2,NEW_ONLY,1,1,2.6125209406018257
answer,flask,cross_staged,,2,manifest_published,11,6b9acd565cded9c805760037b69754c11749c830,docs/patterns/packages.rst,2,0,2,2,NEW_ONLY,1,1,2.7972888201475143
answer,flask,cross_staged,,2,manifest_published,12,83d777bebfb3031de51d458b47d06e8e612f3a3d,docs/index.rst,2,0,2,2,NEW_ONLY,1,1,2.8821108862757683
answer,flask,cross_staged,,2,manifest_published,13,2e8fe7b2f2b541a60c90c625446647b22c5cacc2,docs/extensiondev.rst,2,0,2,2,NEW_ONLY,1,1,2.7184709906578064
answer,flask,cross_staged,,2,manifest_published,14,0bc6be604d465406c5909b13162e7097ab0ea2f8,docs/installation.rst,2,0,2,2,NEW_ONLY,1,1,2.9053092002868652
answer,flask,cross_staged,,2,manifest_published,15,9c02f07f9bb4c88207c2a6860742c452c35d2948,docs/security.rst,2,0,2,2,NEW_ONLY,1,1,2.773539163172245
answer,flask,cross_staged,,2,manifest_published,16,dca8cf013b2c0086539697ae6e4515a1c819092c,docs/patterns/celery.rst,2,0,2,2,NEW_ONLY,1,1,2.8606094419956207
answer,flask,cross_staged,,2,manifest_published,17,8f13f5b6d672f1ba434f9c8ebe2c1b1dd385962e,docs/cli.rst,2,0,2,2,NEW_ONLY,1,1,3.03596630692482
answer,flask,cross_staged,,2,manifest_published,18,4c08e3a2ba3d42fbee63577bceedfe325f51b81d,docs/cli.rst,2,0,2,2,NEW_ONLY,1,1,2.704140730202198
answer,flask,cross_staged,,2,manifest_published,19,6751f68560bfa7c51133d2712830645ed551ace8,docs/async-await.rst,2,0,2,2,NEW_ONLY,1,1,2.817443571984768
answer,flask,cross_staged,,2,manifest_published,20,b46bfcfa63e3c7b32b66dd4870f1c8c17fe1cb46,docs/extensiondev.rst,2,0,2,2,NEW_ONLY,1,1,2.784884534776211
answer,flask,cross_staged,,2,manifest_published,21,46433e9807a1c960d6b2bb0e125cf16a90167d97,docs/patterns/streaming.rst,2,0,2,2,NEW_ONLY,1,1,2.8152083978056908
answer,flask,cross_staged,,2,manifest_published,22,2ea77c278282f04a8a18c3ced88ef1e048f8ed4a,docs/async-await.rst,2,0,2,2,NEW_ONLY,1,1,2.911945804953575
answer,flask,cross_staged,,2,manifest_published,23,2f3c87dcb8492f082a2f3ece444773d9db30171b,docs/patterns/index.rst,2,0,2,2,NEW_ONLY,1,1,3.0523035675287247
answer,flask,cross_staged,,2,manifest_published,24,bab5a65e6eaee20ac1706fc9439ee538f59e652f,docs/views.rst,2,0,2,2,NEW_ONLY,1,1,2.869870513677597
answer,flask,cross_staged,,2,old_version_gc,0,ac5664d2281533eacafd64f5cc7d5edcdaccab60,docs/async-await.rst,2,0,2,2,NEW_ONLY,1,1,3.5374462604522705
answer,flask,cross_staged,,2,old_version_gc,1,c2705ffd9ce1dc8476cb29eaf5ff5d4c719852d9,docs/appcontext.rst,2,0,2,2,NEW_ONLY,1,1,3.3267810940742493
answer,flask,cross_staged,,2,old_version_gc,2,edebd3704437f19b5b137eaffe97130fe817d144,docs/templating.rst,2,0,2,2,NEW_ONLY,1,1,2.817695029079914
answer,flask,cross_staged,,2,old_version_gc,3,d8259eb11900285af9b80b0fa47f841174c054e3,docs/design.rst,2,0,2,2,NEW_ONLY,1,1,2.8584375977516174
answer,flask,cross_staged,,2,old_version_gc,4,ff64079a516c269f171ababf3d92b86886a62ffd,docs/web-security.rst,2,0,2,2,NEW_ONLY,1,1,2.8412621468305588
answer,flask,cross_staged,,2,old_version_gc,5,85cc71046475f9cb3efd17d496356795961249f9,docs/index.rst,2,0,2,2,NEW_ONLY,1,1,3.1903134658932686
answer,flask,cross_staged,,2,old_version_gc,6,a758915893352f5986c6ee101cdf7e3b7a64fa28,docs/index.rst,2,0,2,2,NEW_ONLY,1,1,2.9612714424729347
answer,flask,cross_staged,,2,old_version_gc,7,7bf3be8dfa5832ef03a3fd8f07f6736e770440e4,docs/server.rst,2,0,2,2,NEW_ONLY,1,1,3.033156506717205
answer,flask,cross_staged,,2,old_version_gc,8,c7a53888a1a514619b0611fd8b7928592f4ed612,docs/web-security.rst,2,0,2,2,NEW_ONLY,1,1,2.453591674566269
answer,flask,cross_staged,,2,old_version_gc,9,be6ec06894b55b1b5a360ce3f8178c7963332ccd,docs/deploying/asgi.rst,2,0,2,2,NEW_ONLY,1,1,2.6703067123889923
answer,flask,cross_staged,,2,old_version_gc,10,aa6d4c3e92bd11a7d449f49f524e54bbb88b89c0,docs/patterns/appdispatch.rst,2,0,2,2,NEW_ONLY,1,1,2.7235299348831177
answer,flask,cross_staged,,2,old_version_gc,11,6b9acd565cded9c805760037b69754c11749c830,docs/patterns/packages.rst,2,0,2,2,NEW_ONLY,1,1,2.880253829061985
answer,flask,cross_staged,,2,old_version_gc,12,83d777bebfb3031de51d458b47d06e8e612f3a3d,docs/index.rst,2,0,2,2,NEW_ONLY,1,1,2.8801383450627327
answer,flask,cross_staged,,2,old_version_gc,13,2e8fe7b2f2b541a60c90c625446647b22c5cacc2,docs/extensiondev.rst,2,0,2,2,NEW_ONLY,1,1,2.762417308986187
answer,flask,cross_staged,,2,old_version_gc,14,0bc6be604d465406c5909b13162e7097ab0ea2f8,docs/installation.rst,2,0,2,2,NEW_ONLY,1,1,2.819235436618328
answer,flask,cross_staged,,2,old_version_gc,15,9c02f07f9bb4c88207c2a6860742c452c35d2948,docs/security.rst,2,0,2,2,NEW_ONLY,1,1,2.9344726353883743
answer,flask,cross_staged,,2,old_version_gc,16,dca8cf013b2c0086539697ae6e4515a1c819092c,docs/patterns/celery.rst,2,0,2,2,NEW_ONLY,1,1,3.0444469302892685
answer,flask,cross_staged,,2,old_version_gc,17,8f13f5b6d672f1ba434f9c8ebe2c1b1dd385962e,docs/cli.rst,2,0,2,2,NEW_ONLY,1,1,2.9231468215584755
answer,flask,cross_staged,,2,old_version_gc,18,4c08e3a2ba3d42fbee63577bceedfe325f51b81d,docs/cli.rst,2,0,2,2,NEW_ONLY,1,1,2.788580022752285
answer,flask,cross_staged,,2,old_version_gc,19,6751f68560bfa7c51133d2712830645ed551ace8,docs/async-await.rst,2,0,2,2,NEW_ONLY,1,1,2.8033582493662834
answer,flask,cross_staged,,2,old_version_gc,20,b46bfcfa63e3c7b32b66dd4870f1c8c17fe1cb46,docs/extensiondev.rst,2,0,2,2,NEW_ONLY,1,1,2.633039839565754
answer,flask,cross_staged,,2,old_version_gc,21,46433e9807a1c960d6b2bb0e125cf16a90167d97,docs/patterns/streaming.rst,2,0,2,2,NEW_ONLY,1,1,2.9606735333800316
answer,flask,cross_staged,,2,old_version_gc,22,2ea77c278282f04a8a18c3ced88ef1e048f8ed4a,docs/async-await.rst,2,0,2,2,NEW_ONLY,1,1,2.8309347108006477
answer,flask,cross_staged,,2,old_version_gc,23,2f3c87dcb8492f082a2f3ece444773d9db30171b,docs/patterns/index.rst,2,0,2,2,NEW_ONLY,1,1,3.0744029209017754
answer,flask,cross_staged,,2,old_version_gc,24,bab5a65e6eaee20ac1706fc9439ee538f59e652f,docs/views.rst,2,0,2,2,NEW_ONLY,1,1,2.956802025437355
answer,flask,pg_atomic,,0,initial,0,ac5664d2281533eacafd64f5cc7d5edcdaccab60,docs/async-await.rst,1,0,1,1,OLD_ONLY,1,0,11.200581677258015
answer,flask,pg_atomic,,0,initial,1,c2705ffd9ce1dc8476cb29eaf5ff5d4c719852d9,docs/appcontext.rst,1,0,1,1,OLD_ONLY,1,0,1.680685207247734
answer,flask,pg_atomic,,0,initial,2,edebd3704437f19b5b137eaffe97130fe817d144,docs/templating.rst,1,0,1,1,OLD_ONLY,1,0,1.7591184005141258
answer,flask,pg_atomic,,0,initial,3,d8259eb11900285af9b80b0fa47f841174c054e3,docs/design.rst,1,0,1,1,OLD_ONLY,1,0,1.5440071001648903
answer,flask,pg_atomic,,0,initial,4,ff64079a516c269f171ababf3d92b86886a62ffd,docs/web-security.rst,1,0,1,1,OLD_ONLY,1,0,1.5303799882531166
answer,flask,pg_atomic,,0,initial,5,85cc71046475f9cb3efd17d496356795961249f9,docs/index.rst,1,0,1,1,OLD_ONLY,1,0,2.360810525715351
answer,flask,pg_atomic,,0,initial,6,a758915893352f5986c6ee101cdf7e3b7a64fa28,docs/index.rst,1,0,1,1,OLD_ONLY,1,0,1.1967886239290237
answer,flask,pg_atomic,,0,initial,7,7bf3be8dfa5832ef03a3fd8f07f6736e770440e4,docs/server.rst,1,0,1,1,OLD_ONLY,1,0,1.4211656525731087
answer,flask,pg_atomic,,0,initial,8,c7a53888a1a514619b0611fd8b7928592f4ed612,docs/web-security.rst,1,0,1,1,OLD_ONLY,1,0,1.4860676601529121
answer,flask,pg_atomic,,0,initial,9,be6ec06894b55b1b5a360ce3f8178c7963332ccd,docs/deploying/asgi.rst,1,0,1,1,OLD_ONLY,1,0,1.5690047293901443
answer,flask,pg_atomic,,0,initial,10,aa6d4c3e92bd11a7d449f49f524e54bbb88b89c0,docs/patterns/appdispatch.rst,1,0,1,1,OLD_ONLY,1,0,1.4117760583758354
answer,flask,pg_atomic,,0,initial,11,6b9acd565cded9c805760037b69754c11749c830,docs/patterns/packages.rst,1,0,1,1,OLD_ONLY,1,0,1.3249879702925682
answer,flask,pg_atomic,,0,initial,12,83d777bebfb3031de51d458b47d06e8e612f3a3d,docs/index.rst,1,0,1,1,OLD_ONLY,1,0,1.025746576488018
answer,flask,pg_atomic,,0,initial,13,2e8fe7b2f2b541a60c90c625446647b22c5cacc2,docs/extensiondev.rst,1,0,1,1,OLD_ONLY,1,0,0.8866451680660248
answer,flask,pg_atomic,,0,initial,14,0bc6be604d465406c5909b13162e7097ab0ea2f8,docs/installation.rst,1,0,1,1,OLD_ONLY,1,0,0.8406955748796463
answer,flask,pg_atomic,,0,initial,15,9c02f07f9bb4c88207c2a6860742c452c35d2948,docs/security.rst,1,0,1,1,OLD_ONLY,1,0,0.8027106523513794
answer,flask,pg_atomic,,0,initial,16,dca8cf013b2c0086539697ae6e4515a1c819092c,docs/patterns/celery.rst,1,0,1,1,OLD_ONLY,1,0,0.8017076179385185
answer,flask,pg_atomic,,0,initial,17,8f13f5b6d672f1ba434f9c8ebe2c1b1dd385962e,docs/cli.rst,1,0,1,1,OLD_ONLY,1,0,1.1750450357794762
answer,flask,pg_atomic,,0,initial,18,4c08e3a2ba3d42fbee63577bceedfe325f51b81d,docs/cli.rst,1,0,1,1,OLD_ONLY,1,0,5.0068506971001625
answer,flask,pg_atomic,,0,initial,19,6751f68560bfa7c51133d2712830645ed551ace8,docs/async-await.rst,1,0,1,1,OLD_ONLY,1,0,1.5174224972724915
answer,flask,pg_atomic,,0,initial,20,b46bfcfa63e3c7b32b66dd4870f1c8c17fe1cb46,docs/extensiondev.rst,1,0,1,1,OLD_ONLY,1,0,1.0624798014760017
answer,flask,pg_atomic,,0,initial,21,46433e9807a1c960d6b2bb0e125cf16a90167d97,docs/patterns/streaming.rst,1,0,1,1,OLD_ONLY,1,0,1.0550729930400848
answer,flask,pg_atomic,,0,initial,22,2ea77c278282f04a8a18c3ced88ef1e048f8ed4a,docs/async-await.rst,1,0,1,1,OLD_ONLY,1,0,1.0492783039808273
answer,flask,pg_atomic,,0,initial,23,2f3c87dcb8492f082a2f3ece444773d9db30171b,docs/patterns/index.rst,1,0,1,1,OLD_ONLY,1,0,1.0143080726265907
answer,flask,pg_atomic,,0,initial,24,bab5a65e6eaee20ac1706fc9439ee538f59e652f,docs/views.rst,1,0,1,1,OLD_ONLY,1,0,0.9480472654104233
answer,flask,pg_atomic,,0,transaction_committed,0,ac5664d2281533eacafd64f5cc7d5edcdaccab60,docs/async-await.rst,2,0,2,2,NEW_ONLY,1,1,1.7224205657839775
answer,flask,pg_atomic,,0,transaction_committed,1,c2705ffd9ce1dc8476cb29eaf5ff5d4c719852d9,docs/appcontext.rst,2,0,2,2,NEW_ONLY,1,1,0.8811056613922119
answer,flask,pg_atomic,,0,transaction_committed,2,edebd3704437f19b5b137eaffe97130fe817d144,docs/templating.rst,2,0,2,2,NEW_ONLY,1,1,1.0749045759439468
answer,flask,pg_atomic,,0,transaction_committed,3,d8259eb11900285af9b80b0fa47f841174c054e3,docs/design.rst,2,0,2,2,NEW_ONLY,1,1,1.7432263121008873
answer,flask,pg_atomic,,0,transaction_committed,4,ff64079a516c269f171ababf3d92b86886a62ffd,docs/web-security.rst,2,0,2,2,NEW_ONLY,1,1,1.1582132428884506
answer,flask,pg_atomic,,0,transaction_committed,5,85cc71046475f9cb3efd17d496356795961249f9,docs/index.rst,2,0,2,2,NEW_ONLY,1,1,1.1140750721096992
answer,flask,pg_atomic,,0,transaction_committed,6,a758915893352f5986c6ee101cdf7e3b7a64fa28,docs/index.rst,2,0,2,2,NEW_ONLY,1,1,0.9051114320755005
answer,flask,pg_atomic,,0,transaction_committed,7,7bf3be8dfa5832ef03a3fd8f07f6736e770440e4,docs/server.rst,2,0,2,2,NEW_ONLY,1,1,0.8921371772885323
answer,flask,pg_atomic,,0,transaction_committed,8,c7a53888a1a514619b0611fd8b7928592f4ed612,docs/web-security.rst,2,0,2,2,NEW_ONLY,1,1,0.8480921387672424
answer,flask,pg_atomic,,0,transaction_committed,9,be6ec06894b55b1b5a360ce3f8178c7963332ccd,docs/deploying/asgi.rst,2,0,2,2,NEW_ONLY,1,1,0.9545469656586647
answer,flask,pg_atomic,,0,transaction_committed,10,aa6d4c3e92bd11a7d449f49f524e54bbb88b89c0,docs/patterns/appdispatch.rst,2,0,2,2,NEW_ONLY,1,1,1.078159548342228
answer,flask,pg_atomic,,0,transaction_committed,11,6b9acd565cded9c805760037b69754c11749c830,docs/patterns/packages.rst,2,0,2,2,NEW_ONLY,1,1,0.8459743112325668
answer,flask,pg_atomic,,0,transaction_committed,12,83d777bebfb3031de51d458b47d06e8e612f3a3d,docs/index.rst,2,0,2,2,NEW_ONLY,1,1,0.813961960375309
answer,flask,pg_atomic,,0,transaction_committed,13,2e8fe7b2f2b541a60c90c625446647b22c5cacc2,docs/extensiondev.rst,2,0,2,2,NEW_ONLY,1,1,0.812082551419735
answer,flask,pg_atomic,,0,transaction_committed,14,0bc6be604d465406c5909b13162e7097ab0ea2f8,docs/installation.rst,2,0,2,2,NEW_ONLY,1,1,0.881892628967762
answer,flask,pg_atomic,,0,transaction_committed,15,9c02f07f9bb4c88207c2a6860742c452c35d2948,docs/security.rst,2,0,2,2,NEW_ONLY,1,1,0.9450623765587807
answer,flask,pg_atomic,,0,transaction_committed,16,dca8cf013b2c0086539697ae6e4515a1c819092c,docs/patterns/celery.rst,2,0,2,2,NEW_ONLY,1,1,0.9104842320084572
answer,flask,pg_atomic,,0,transaction_committed,17,8f13f5b6d672f1ba434f9c8ebe2c1b1dd385962e,docs/cli.rst,2,0,2,2,NEW_ONLY,1,1,0.9028716012835503
answer,flask,pg_atomic,,0,transaction_committed,18,4c08e3a2ba3d42fbee63577bceedfe325f51b81d,docs/cli.rst,2,0,2,2,NEW_ONLY,1,1,1.03067047894001
answer,flask,pg_atomic,,0,transaction_committed,19,6751f68560bfa7c51133d2712830645ed551ace8,docs/async-await.rst,2,0,2,2,NEW_ONLY,1,1,1.125461421906948
answer,flask,pg_atomic,,0,transaction_committed,20,b46bfcfa63e3c7b32b66dd4870f1c8c17fe1cb46,docs/extensiondev.rst,2,0,2,2,NEW_ONLY,1,1,1.090608537197113
answer,flask,pg_atomic,,0,transaction_committed,21,46433e9807a1c960d6b2bb0e125cf16a90167d97,docs/patterns/streaming.rst,2,0,2,2,NEW_ONLY,1,1,0.8960887789726257
answer,flask,pg_atomic,,0,transaction_committed,22,2ea77c278282f04a8a18c3ced88ef1e048f8ed4a,docs/async-await.rst,2,0,2,2,NEW_ONLY,1,1,0.8436264470219612
answer,flask,pg_atomic,,0,transaction_committed,23,2f3c87dcb8492f082a2f3ece444773d9db30171b,docs/patterns/index.rst,2,0,2,2,NEW_ONLY,1,1,0.9710602462291718
answer,flask,pg_atomic,,0,transaction_committed,24,bab5a65e6eaee20ac1706fc9439ee538f59e652f,docs/views.rst,2,0,2,2,NEW_ONLY,1,1,0.9476514533162117
answer,flask,pg_atomic,,1,initial,0,ac5664d2281533eacafd64f5cc7d5edcdaccab60,docs/async-await.rst,1,0,1,1,OLD_ONLY,1,0,10.897540487349033
answer,flask,pg_atomic,,1,initial,1,c2705ffd9ce1dc8476cb29eaf5ff5d4c719852d9,docs/appcontext.rst,1,0,1,1,OLD_ONLY,1,0,1.8449025228619576
answer,flask,pg_atomic,,1,initial,2,edebd3704437f19b5b137eaffe97130fe817d144,docs/templating.rst,1,0,1,1,OLD_ONLY,1,0,1.4570504426956177
answer,flask,pg_atomic,,1,initial,3,d8259eb11900285af9b80b0fa47f841174c054e3,docs/design.rst,1,0,1,1,OLD_ONLY,1,0,1.7152056097984314
answer,flask,pg_atomic,,1,initial,4,ff64079a516c269f171ababf3d92b86886a62ffd,docs/web-security.rst,1,0,1,1,OLD_ONLY,1,0,1.6998248174786568
answer,flask,pg_atomic,,1,initial,5,85cc71046475f9cb3efd17d496356795961249f9,docs/index.rst,1,0,1,1,OLD_ONLY,1,0,1.8308097496628761
answer,flask,pg_atomic,,1,initial,6,a758915893352f5986c6ee101cdf7e3b7a64fa28,docs/index.rst,1,0,1,1,OLD_ONLY,1,0,1.1788448318839073
answer,flask,pg_atomic,,1,initial,7,7bf3be8dfa5832ef03a3fd8f07f6736e770440e4,docs/server.rst,1,0,1,1,OLD_ONLY,1,0,1.3693775981664658
answer,flask,pg_atomic,,1,initial,8,c7a53888a1a514619b0611fd8b7928592f4ed612,docs/web-security.rst,1,0,1,1,OLD_ONLY,1,0,1.5906346961855888
answer,flask,pg_atomic,,1,initial,9,be6ec06894b55b1b5a360ce3f8178c7963332ccd,docs/deploying/asgi.rst,1,0,1,1,OLD_ONLY,1,0,1.2666862457990646
answer,flask,pg_atomic,,1,initial,10,aa6d4c3e92bd11a7d449f49f524e54bbb88b89c0,docs/patterns/appdispatch.rst,1,0,1,1,OLD_ONLY,1,0,1.3441136106848717
answer,flask,pg_atomic,,1,initial,11,6b9acd565cded9c805760037b69754c11749c830,docs/patterns/packages.rst,1,0,1,1,OLD_ONLY,1,0,1.2570470571517944
answer,flask,pg_atomic,,1,initial,12,83d777bebfb3031de51d458b47d06e8e612f3a3d,docs/index.rst,1,0,1,1,OLD_ONLY,1,0,1.0713236406445503
answer,flask,pg_atomic,,1,initial,13,2e8fe7b2f2b541a60c90c625446647b22c5cacc2,docs/extensiondev.rst,1,0,1,1,OLD_ONLY,1,0,0.988764688372612
answer,flask,pg_atomic,,1,initial,14,0bc6be604d465406c5909b13162e7097ab0ea2f8,docs/installation.rst,1,0,1,1,OLD_ONLY,1,0,0.916115939617157
answer,flask,pg_atomic,,1,initial,15,9c02f07f9bb4c88207c2a6860742c452c35d2948,docs/security.rst,1,0,1,1,OLD_ONLY,1,0,0.9553814306855202
answer,flask,pg_atomic,,1,initial,16,dca8cf013b2c0086539697ae6e4515a1c819092c,docs/patterns/celery.rst,1,0,1,1,OLD_ONLY,1,0,0.9689191356301308
answer,flask,pg_atomic,,1,initial,17,8f13f5b6d672f1ba434f9c8ebe2c1b1dd385962e,docs/cli.rst,1,0,1,1,OLD_ONLY,1,0,0.9682755917310715
answer,flask,pg_atomic,,1,initial,18,4c08e3a2ba3d42fbee63577bceedfe325f51b81d,docs/cli.rst,1,0,1,1,OLD_ONLY,1,0,0.9685149416327477
answer,flask,pg_atomic,,1,initial,19,6751f68560bfa7c51133d2712830645ed551ace8,docs/async-await.rst,1,0,1,1,OLD_ONLY,1,0,0.9807273745536804
answer,flask,pg_atomic,,1,initial,20,b46bfcfa63e3c7b32b66dd4870f1c8c17fe1cb46,docs/extensiondev.rst,1,0,1,1,OLD_ONLY,1,0,0.9688679128885269
answer,flask,pg_atomic,,1,initial,21,46433e9807a1c960d6b2bb0e125cf16a90167d97,docs/patterns/streaming.rst,1,0,1,1,OLD_ONLY,1,0,0.9612524881958961
answer,flask,pg_atomic,,1,initial,22,2ea77c278282f04a8a18c3ced88ef1e048f8ed4a,docs/async-await.rst,1,0,1,1,OLD_ONLY,1,0,1.8334239721298218
answer,flask,pg_atomic,,1,initial,23,2f3c87dcb8492f082a2f3ece444773d9db30171b,docs/patterns/index.rst,1,0,1,1,OLD_ONLY,1,0,0.9812172502279282
answer,flask,pg_atomic,,1,initial,24,bab5a65e6eaee20ac1706fc9439ee538f59e652f,docs/views.rst,1,0,1,1,OLD_ONLY,1,0,0.9869430214166641
answer,flask,pg_atomic,,1,transaction_committed,0,ac5664d2281533eacafd64f5cc7d5edcdaccab60,docs/async-await.rst,2,0,2,2,NEW_ONLY,1,1,1.8420526757836342
answer,flask,pg_atomic,,1,transaction_committed,1,c2705ffd9ce1dc8476cb29eaf5ff5d4c719852d9,docs/appcontext.rst,2,0,2,2,NEW_ONLY,1,1,1.0366365313529968
answer,flask,pg_atomic,,1,transaction_committed,2,edebd3704437f19b5b137eaffe97130fe817d144,docs/templating.rst,2,0,2,2,NEW_ONLY,1,1,1.1490536853671074
answer,flask,pg_atomic,,1,transaction_committed,3,d8259eb11900285af9b80b0fa47f841174c054e3,docs/design.rst,2,0,2,2,NEW_ONLY,1,1,0.9493790566921234
answer,flask,pg_atomic,,1,transaction_committed,4,ff64079a516c269f171ababf3d92b86886a62ffd,docs/web-security.rst,2,0,2,2,NEW_ONLY,1,1,0.9259162470698357
answer,flask,pg_atomic,,1,transaction_committed,5,85cc71046475f9cb3efd17d496356795961249f9,docs/index.rst,2,0,2,2,NEW_ONLY,1,1,0.9435005486011505
answer,flask,pg_atomic,,1,transaction_committed,6,a758915893352f5986c6ee101cdf7e3b7a64fa28,docs/index.rst,2,0,2,2,NEW_ONLY,1,1,0.9143846109509468
answer,flask,pg_atomic,,1,transaction_committed,7,7bf3be8dfa5832ef03a3fd8f07f6736e770440e4,docs/server.rst,2,0,2,2,NEW_ONLY,1,1,0.9152442216873169
answer,flask,pg_atomic,,1,transaction_committed,8,c7a53888a1a514619b0611fd8b7928592f4ed612,docs/web-security.rst,2,0,2,2,NEW_ONLY,1,1,0.9147264063358307
answer,flask,pg_atomic,,1,transaction_committed,9,be6ec06894b55b1b5a360ce3f8178c7963332ccd,docs/deploying/asgi.rst,2,0,2,2,NEW_ONLY,1,1,0.9883083403110504
answer,flask,pg_atomic,,1,transaction_committed,10,aa6d4c3e92bd11a7d449f49f524e54bbb88b89c0,docs/patterns/appdispatch.rst,2,0,2,2,NEW_ONLY,1,1,1.140538603067398
answer,flask,pg_atomic,,1,transaction_committed,11,6b9acd565cded9c805760037b69754c11749c830,docs/patterns/packages.rst,2,0,2,2,NEW_ONLY,1,1,0.9437259286642075
answer,flask,pg_atomic,,1,transaction_committed,12,83d777bebfb3031de51d458b47d06e8e612f3a3d,docs/index.rst,2,0,2,2,NEW_ONLY,1,1,0.9529190137982368
answer,flask,pg_atomic,,1,transaction_committed,13,2e8fe7b2f2b541a60c90c625446647b22c5cacc2,docs/extensiondev.rst,2,0,2,2,NEW_ONLY,1,1,0.9269202128052711
answer,flask,pg_atomic,,1,transaction_committed,14,0bc6be604d465406c5909b13162e7097ab0ea2f8,docs/installation.rst,2,0,2,2,NEW_ONLY,1,1,0.9719077497720718
answer,flask,pg_atomic,,1,transaction_committed,15,9c02f07f9bb4c88207c2a6860742c452c35d2948,docs/security.rst,2,0,2,2,NEW_ONLY,1,1,1.1585000902414322
answer,flask,pg_atomic,,1,transaction_committed,16,dca8cf013b2c0086539697ae6e4515a1c819092c,docs/patterns/celery.rst,2,0,2,2,NEW_ONLY,1,1,1.1116676032543182
answer,flask,pg_atomic,,1,transaction_committed,17,8f13f5b6d672f1ba434f9c8ebe2c1b1dd385962e,docs/cli.rst,2,0,2,2,NEW_ONLY,1,1,1.2017656117677689
answer,flask,pg_atomic,,1,transaction_committed,18,4c08e3a2ba3d42fbee63577bceedfe325f51b81d,docs/cli.rst,2,0,2,2,NEW_ONLY,1,1,0.9739696979522705
answer,flask,pg_atomic,,1,transaction_committed,19,6751f68560bfa7c51133d2712830645ed551ace8,docs/async-await.rst,2,0,2,2,NEW_ONLY,1,1,0.8813496679067612
answer,flask,pg_atomic,,1,transaction_committed,20,b46bfcfa63e3c7b32b66dd4870f1c8c17fe1cb46,docs/extensiondev.rst,2,0,2,2,NEW_ONLY,1,1,1.1221645399928093
answer,flask,pg_atomic,,1,transaction_committed,21,46433e9807a1c960d6b2bb0e125cf16a90167d97,docs/patterns/streaming.rst,2,0,2,2,NEW_ONLY,1,1,1.1832062155008316
answer,flask,pg_atomic,,1,transaction_committed,22,2ea77c278282f04a8a18c3ced88ef1e048f8ed4a,docs/async-await.rst,2,0,2,2,NEW_ONLY,1,1,0.983518548309803
answer,flask,pg_atomic,,1,transaction_committed,23,2f3c87dcb8492f082a2f3ece444773d9db30171b,docs/patterns/index.rst,2,0,2,2,NEW_ONLY,1,1,0.8935071527957916
answer,flask,pg_atomic,,1,transaction_committed,24,bab5a65e6eaee20ac1706fc9439ee538f59e652f,docs/views.rst,2,0,2,2,NEW_ONLY,1,1,0.8248910307884216
answer,flask,pg_atomic,,2,initial,0,ac5664d2281533eacafd64f5cc7d5edcdaccab60,docs/async-await.rst,1,0,1,1,OLD_ONLY,1,0,11.096719652414322
answer,flask,pg_atomic,,2,initial,1,c2705ffd9ce1dc8476cb29eaf5ff5d4c719852d9,docs/appcontext.rst,1,0,1,1,OLD_ONLY,1,0,1.5251319855451584
answer,flask,pg_atomic,,2,initial,2,edebd3704437f19b5b137eaffe97130fe817d144,docs/templating.rst,1,0,1,1,OLD_ONLY,1,0,1.318465918302536
answer,flask,pg_atomic,,2,initial,3,d8259eb11900285af9b80b0fa47f841174c054e3,docs/design.rst,1,0,1,1,OLD_ONLY,1,0,1.6045095399022102
answer,flask,pg_atomic,,2,initial,4,ff64079a516c269f171ababf3d92b86886a62ffd,docs/web-security.rst,1,0,1,1,OLD_ONLY,1,0,1.5486571937799454
answer,flask,pg_atomic,,2,initial,5,85cc71046475f9cb3efd17d496356795961249f9,docs/index.rst,1,0,1,1,OLD_ONLY,1,0,1.797594130039215
answer,flask,pg_atomic,,2,initial,6,a758915893352f5986c6ee101cdf7e3b7a64fa28,docs/index.rst,1,0,1,1,OLD_ONLY,1,0,1.278032548725605
answer,flask,pg_atomic,,2,initial,7,7bf3be8dfa5832ef03a3fd8f07f6736e770440e4,docs/server.rst,1,0,1,1,OLD_ONLY,1,0,1.3959286734461784
answer,flask,pg_atomic,,2,initial,8,c7a53888a1a514619b0611fd8b7928592f4ed612,docs/web-security.rst,1,0,1,1,OLD_ONLY,1,0,1.0448731482028961
answer,flask,pg_atomic,,2,initial,9,be6ec06894b55b1b5a360ce3f8178c7963332ccd,docs/deploying/asgi.rst,1,0,1,1,OLD_ONLY,1,0,1.1982917785644531
answer,flask,pg_atomic,,2,initial,10,aa6d4c3e92bd11a7d449f49f524e54bbb88b89c0,docs/patterns/appdispatch.rst,1,0,1,1,OLD_ONLY,1,0,1.1012088507413864
answer,flask,pg_atomic,,2,initial,11,6b9acd565cded9c805760037b69754c11749c830,docs/patterns/packages.rst,1,0,1,1,OLD_ONLY,1,0,0.8818283677101135
answer,flask,pg_atomic,,2,initial,12,83d777bebfb3031de51d458b47d06e8e612f3a3d,docs/index.rst,1,0,1,1,OLD_ONLY,1,0,1.0996600612998009
answer,flask,pg_atomic,,2,initial,13,2e8fe7b2f2b541a60c90c625446647b22c5cacc2,docs/extensiondev.rst,1,0,1,1,OLD_ONLY,1,0,0.9453920647501945
answer,flask,pg_atomic,,2,initial,14,0bc6be604d465406c5909b13162e7097ab0ea2f8,docs/installation.rst,1,0,1,1,OLD_ONLY,1,0,1.0685110464692116
answer,flask,pg_atomic,,2,initial,15,9c02f07f9bb4c88207c2a6860742c452c35d2948,docs/security.rst,1,0,1,1,OLD_ONLY,1,0,1.515970565378666
answer,flask,pg_atomic,,2,initial,16,dca8cf013b2c0086539697ae6e4515a1c819092c,docs/patterns/celery.rst,1,0,1,1,OLD_ONLY,1,0,1.1868560686707497
answer,flask,pg_atomic,,2,initial,17,8f13f5b6d672f1ba434f9c8ebe2c1b1dd385962e,docs/cli.rst,1,0,1,1,OLD_ONLY,1,0,0.9769778698682785
answer,flask,pg_atomic,,2,initial,18,4c08e3a2ba3d42fbee63577bceedfe325f51b81d,docs/cli.rst,1,0,1,1,OLD_ONLY,1,0,0.8321823552250862
answer,flask,pg_atomic,,2,initial,19,6751f68560bfa7c51133d2712830645ed551ace8,docs/async-await.rst,1,0,1,1,OLD_ONLY,1,0,0.8983174338936806
answer,flask,pg_atomic,,2,initial,20,b46bfcfa63e3c7b32b66dd4870f1c8c17fe1cb46,docs/extensiondev.rst,1,0,1,1,OLD_ONLY,1,0,0.9418278932571411
answer,flask,pg_atomic,,2,initial,21,46433e9807a1c960d6b2bb0e125cf16a90167d97,docs/patterns/streaming.rst,1,0,1,1,OLD_ONLY,1,0,0.9166253730654716
answer,flask,pg_atomic,,2,initial,22,2ea77c278282f04a8a18c3ced88ef1e048f8ed4a,docs/async-await.rst,1,0,1,1,OLD_ONLY,1,0,1.0747043415904045
answer,flask,pg_atomic,,2,initial,23,2f3c87dcb8492f082a2f3ece444773d9db30171b,docs/patterns/index.rst,1,0,1,1,OLD_ONLY,1,0,1.3082921504974365
answer,flask,pg_atomic,,2,initial,24,bab5a65e6eaee20ac1706fc9439ee538f59e652f,docs/views.rst,1,0,1,1,OLD_ONLY,1,0,1.0868432000279427
answer,flask,pg_atomic,,2,transaction_committed,0,ac5664d2281533eacafd64f5cc7d5edcdaccab60,docs/async-await.rst,2,0,2,2,NEW_ONLY,1,1,1.5495773404836655
answer,flask,pg_atomic,,2,transaction_committed,1,c2705ffd9ce1dc8476cb29eaf5ff5d4c719852d9,docs/appcontext.rst,2,0,2,2,NEW_ONLY,1,1,1.1419765651226044
answer,flask,pg_atomic,,2,transaction_committed,2,edebd3704437f19b5b137eaffe97130fe817d144,docs/templating.rst,2,0,2,2,NEW_ONLY,1,1,0.9473869577050209
answer,flask,pg_atomic,,2,transaction_committed,3,d8259eb11900285af9b80b0fa47f841174c054e3,docs/design.rst,2,0,2,2,NEW_ONLY,1,1,0.9411126375198364
answer,flask,pg_atomic,,2,transaction_committed,4,ff64079a516c269f171ababf3d92b86886a62ffd,docs/web-security.rst,2,0,2,2,NEW_ONLY,1,1,0.8177747949957848
answer,flask,pg_atomic,,2,transaction_committed,5,85cc71046475f9cb3efd17d496356795961249f9,docs/index.rst,2,0,2,2,NEW_ONLY,1,1,0.892852433025837
answer,flask,pg_atomic,,2,transaction_committed,6,a758915893352f5986c6ee101cdf7e3b7a64fa28,docs/index.rst,2,0,2,2,NEW_ONLY,1,1,0.9599169716238976
answer,flask,pg_atomic,,2,transaction_committed,7,7bf3be8dfa5832ef03a3fd8f07f6736e770440e4,docs/server.rst,2,0,2,2,NEW_ONLY,1,1,1.023157499730587
answer,flask,pg_atomic,,2,transaction_committed,8,c7a53888a1a514619b0611fd8b7928592f4ed612,docs/web-security.rst,2,0,2,2,NEW_ONLY,1,1,1.1726468801498413
answer,flask,pg_atomic,,2,transaction_committed,9,be6ec06894b55b1b5a360ce3f8178c7963332ccd,docs/deploying/asgi.rst,2,0,2,2,NEW_ONLY,1,1,0.927298329770565
answer,flask,pg_atomic,,2,transaction_committed,10,aa6d4c3e92bd11a7d449f49f524e54bbb88b89c0,docs/patterns/appdispatch.rst,2,0,2,2,NEW_ONLY,1,1,0.8618542924523354
answer,flask,pg_atomic,,2,transaction_committed,11,6b9acd565cded9c805760037b69754c11749c830,docs/patterns/packages.rst,2,0,2,2,NEW_ONLY,1,1,1.0777395218610764
answer,flask,pg_atomic,,2,transaction_committed,12,83d777bebfb3031de51d458b47d06e8e612f3a3d,docs/index.rst,2,0,2,2,NEW_ONLY,1,1,1.120581291615963
answer,flask,pg_atomic,,2,transaction_committed,13,2e8fe7b2f2b541a60c90c625446647b22c5cacc2,docs/extensiondev.rst,2,0,2,2,NEW_ONLY,1,1,1.0267123579978943
answer,flask,pg_atomic,,2,transaction_committed,14,0bc6be604d465406c5909b13162e7097ab0ea2f8,docs/installation.rst,2,0,2,2,NEW_ONLY,1,1,1.0108668357133865
answer,flask,pg_atomic,,2,transaction_committed,15,9c02f07f9bb4c88207c2a6860742c452c35d2948,docs/security.rst,2,0,2,2,NEW_ONLY,1,1,0.9485175833106041
answer,flask,pg_atomic,,2,transaction_committed,16,dca8cf013b2c0086539697ae6e4515a1c819092c,docs/patterns/celery.rst,2,0,2,2,NEW_ONLY,1,1,0.8477680385112762
answer,flask,pg_atomic,,2,transaction_committed,17,8f13f5b6d672f1ba434f9c8ebe2c1b1dd385962e,docs/cli.rst,2,0,2,2,NEW_ONLY,1,1,0.8233347907662392
answer,flask,pg_atomic,,2,transaction_committed,18,4c08e3a2ba3d42fbee63577bceedfe325f51b81d,docs/cli.rst,2,0,2,2,NEW_ONLY,1,1,0.8288323879241943
answer,flask,pg_atomic,,2,transaction_committed,19,6751f68560bfa7c51133d2712830645ed551ace8,docs/async-await.rst,2,0,2,2,NEW_ONLY,1,1,0.82426518201828
answer,flask,pg_atomic,,2,transaction_committed,20,b46bfcfa63e3c7b32b66dd4870f1c8c17fe1cb46,docs/extensiondev.rst,2,0,2,2,NEW_ONLY,1,1,0.8175903931260109
answer,flask,pg_atomic,,2,transaction_committed,21,46433e9807a1c960d6b2bb0e125cf16a90167d97,docs/patterns/streaming.rst,2,0,2,2,NEW_ONLY,1,1,0.8175130933523178
answer,flask,pg_atomic,,2,transaction_committed,22,2ea77c278282f04a8a18c3ced88ef1e048f8ed4a,docs/async-await.rst,2,0,2,2,NEW_ONLY,1,1,1.1050822213292122
answer,flask,pg_atomic,,2,transaction_committed,23,2f3c87dcb8492f082a2f3ece444773d9db30171b,docs/patterns/index.rst,2,0,2,2,NEW_ONLY,1,1,1.2385621666908264
answer,flask,pg_atomic,,2,transaction_committed,24,bab5a65e6eaee20ac1706fc9439ee538f59e652f,docs/views.rst,2,0,2,2,NEW_ONLY,1,1,1.0993238538503647
answer,kubernetes,cross_naive,,0,initial,0,1ed32985eae9c4d1a90c1865647b9703e20da886,content/en/docs/contribute/generate-ref-docs/config-api.md,1,0,1,1,OLD_ONLY,1,0,62.62469757348299
answer,kubernetes,cross_naive,,0,initial,1,dad5f8753314e521716ae139d1fd886390fc08d3,content/en/docs/tasks/extend-kubernetes/configure-aggregation-layer.md,1,0,1,1,OLD_ONLY,1,0,3.7065083160996437
answer,kubernetes,cross_naive,,0,initial,2,4c086dd93b2ed0fdf361b1533eebd3a1217d50da,content/en/docs/contribute/generate-ref-docs/prerequisites-ref-docs.md,1,0,1,1,OLD_ONLY,1,0,3.8027698174118996
answer,kubernetes,cross_naive,,0,initial,3,787489f7a68e0601cdab37883dc461cc3725d7d1,content/en/docs/concepts/scheduling-eviction/topology-aware-scheduling.md,1,0,1,1,OLD_ONLY,1,0,3.82860004901886
answer,kubernetes,cross_naive,,0,initial,4,63a45fdb9543ae9a2831aac08e1e99e6924796aa,content/en/docs/reference/node/what-happens-on-restart.md,1,0,1,1,OLD_ONLY,1,0,3.4244582056999207
answer,kubernetes,cross_naive,,0,initial,5,b3f516481aaaa9ad1b71a0a9cc31346c02ec348a,content/en/docs/concepts/overview/working-with-objects/annotations.md,1,0,1,1,OLD_ONLY,1,0,3.6202138289809227
answer,kubernetes,cross_naive,,0,initial,6,9c67be5e1be7b60d2fc0bc09226abf739be72152,content/en/docs/concepts/configuration/manage-resources-containers.md,1,0,1,1,OLD_ONLY,1,0,4.038206301629543
answer,kubernetes,cross_naive,,0,initial,7,7e01eaee123c18c295656cea5cd03886fcbd2cc5,content/en/docs/concepts/cluster-administration/node-autoscaling.md,1,0,1,1,OLD_ONLY,1,0,3.164905123412609
answer,kubernetes,cross_naive,,0,initial,8,7d6f80e5148219869055e2ec2acd63e971e7cf45,content/en/docs/concepts/cluster-administration/swap-memory-management.md,1,0,1,1,OLD_ONLY,1,0,3.0363453552126884
answer,kubernetes,cross_naive,,0,initial,9,4cec4d7ece88b7eb5b04b59e34fdce9c68c37be8,content/en/docs/tasks/inject-data-application/define-environment-variable-via-file.md,1,0,1,1,OLD_ONLY,1,0,2.9616057872772217
answer,kubernetes,cross_naive,,0,initial,10,b0bc7de52f48b923bde8f567f8a58c7aa4e1ffad,content/en/docs/tutorials/kubernetes-basics/create-cluster/cluster-intro.md,1,0,1,1,OLD_ONLY,1,0,3.0839331448078156
answer,kubernetes,cross_naive,,0,initial,11,152489ebf5efe70ad88a25f01faba14552d2c953,content/en/docs/setup/production-environment/container-runtimes.md,1,0,1,1,OLD_ONLY,1,0,2.7834316715598106
answer,kubernetes,cross_naive,,0,initial,12,e94b8926efca25bf711f4fa324c3658064691389,content/en/docs/tasks/debug/debug-application/debug-service.md,1,0,1,1,OLD_ONLY,1,0,2.8759920969605446
answer,kubernetes,cross_naive,,0,initial,13,c55865f28de688b69732418a823c5eac29ce42ff,content/en/docs/concepts/scheduling-eviction/resource-bin-packing.md,1,0,1,1,OLD_ONLY,1,0,2.7221180498600006
answer,kubernetes,cross_naive,,0,initial,14,893805d67799fe9d389624a047651c6149086614,content/en/docs/tasks/administer-cluster/certificates.md,1,0,1,1,OLD_ONLY,1,0,2.8116153553128242
answer,kubernetes,cross_naive,,0,initial,15,b50bf20aa07b4d865d8ddaf4ba395ac8afd6126d,content/en/docs/contribute/style/hugo-shortcodes/index.md,1,0,1,1,OLD_ONLY,1,0,2.809463068842888
answer,kubernetes,cross_naive,,0,initial,16,c37d57216103cd3473e82dc7b481bf5b34a1a197,content/en/docs/concepts/containers/runtime-class.md,1,0,1,1,OLD_ONLY,1,0,2.8511332347989082
answer,kubernetes,cross_naive,,0,initial,17,9631a3e27addfcdd5c1b149147b7da85118e0cbf,content/en/docs/tasks/administer-cluster/topology-manager.md,1,0,1,1,OLD_ONLY,1,0,3.021891228854656
answer,kubernetes,cross_naive,,0,initial,18,9ea55e8425f499774e0a96156e5f920e5d669825,content/en/docs/reference/access-authn-authz/certificate-signing-requests.md,1,0,1,1,OLD_ONLY,1,0,2.9516275972127914
answer,kubernetes,cross_naive,,0,initial,19,80b85ff51d97577b13f08ddc4a37117ff44082c5,content/en/docs/reference/node/kubelet-sync-loop.md,1,0,1,1,OLD_ONLY,1,0,2.8813332319259644
answer,kubernetes,cross_naive,,0,initial,20,9c0e34fff3a05acd195a63fb057cf7163252258f,content/en/docs/reference/command-line-tools-reference/kube-proxy.md,1,0,1,1,OLD_ONLY,1,0,3.0429651960730553
answer,kubernetes,cross_naive,,0,initial,21,6dc6c3a989c065ef570348e150e260291e5d670b,content/en/docs/concepts/scheduling-eviction/node-pressure-eviction.md,1,0,1,1,OLD_ONLY,1,0,2.986324019730091
answer,kubernetes,cross_naive,,0,initial,22,20f5f738fef864413316d55587661a323f439865,content/en/docs/reference/kubectl/introduction.md,1,0,1,1,OLD_ONLY,1,0,2.8929393738508224
answer,kubernetes,cross_naive,,0,initial,23,dc2fac362ae51ba81409fae648e3c87c4efef8e9,content/en/docs/concepts/scheduling-eviction/gang-scheduling.md,1,0,1,1,OLD_ONLY,1,0,2.77511402964592
answer,kubernetes,cross_naive,,0,initial,24,e77da46210baf2e4f788b8ff1acf0c2522ffbcf6,content/en/docs/concepts/workloads/pods/_index.md,1,0,1,1,OLD_ONLY,1,0,2.7728434652090073
answer,kubernetes,cross_naive,,0,manifest_published,0,1ed32985eae9c4d1a90c1865647b9703e20da886,content/en/docs/contribute/generate-ref-docs/config-api.md,2,0,1,1,MISSING,0,0,3.002619370818138
answer,kubernetes,cross_naive,,0,manifest_published,1,dad5f8753314e521716ae139d1fd886390fc08d3,content/en/docs/tasks/extend-kubernetes/configure-aggregation-layer.md,2,0,1,1,MISSING,0,0,3.068237565457821
answer,kubernetes,cross_naive,,0,manifest_published,2,4c086dd93b2ed0fdf361b1533eebd3a1217d50da,content/en/docs/contribute/generate-ref-docs/prerequisites-ref-docs.md,2,0,1,1,MISSING,0,0,3.0731353908777237
answer,kubernetes,cross_naive,,0,manifest_published,3,787489f7a68e0601cdab37883dc461cc3725d7d1,content/en/docs/concepts/scheduling-eviction/topology-aware-scheduling.md,2,0,1,1,MISSING,0,0,3.0664438381791115
answer,kubernetes,cross_naive,,0,manifest_published,4,63a45fdb9543ae9a2831aac08e1e99e6924796aa,content/en/docs/reference/node/what-happens-on-restart.md,2,0,1,1,MISSING,0,0,3.0645765364170074
answer,kubernetes,cross_naive,,0,manifest_published,5,b3f516481aaaa9ad1b71a0a9cc31346c02ec348a,content/en/docs/concepts/overview/working-with-objects/annotations.md,2,0,1,1,MISSING,0,0,2.873791381716728
answer,kubernetes,cross_naive,,0,manifest_published,6,9c67be5e1be7b60d2fc0bc09226abf739be72152,content/en/docs/concepts/configuration/manage-resources-containers.md,2,0,1,1,MISSING,0,0,2.8216252103447914
answer,kubernetes,cross_naive,,0,manifest_published,7,7e01eaee123c18c295656cea5cd03886fcbd2cc5,content/en/docs/concepts/cluster-administration/node-autoscaling.md,2,0,1,1,MISSING,0,0,2.9198601841926575
answer,kubernetes,cross_naive,,0,manifest_published,8,7d6f80e5148219869055e2ec2acd63e971e7cf45,content/en/docs/concepts/cluster-administration/swap-memory-management.md,2,0,1,1,MISSING,0,0,3.511139191687107
answer,kubernetes,cross_naive,,0,manifest_published,9,4cec4d7ece88b7eb5b04b59e34fdce9c68c37be8,content/en/docs/tasks/inject-data-application/define-environment-variable-via-file.md,2,0,1,1,MISSING,0,0,3.385281190276146
answer,kubernetes,cross_naive,,0,manifest_published,10,b0bc7de52f48b923bde8f567f8a58c7aa4e1ffad,content/en/docs/tutorials/kubernetes-basics/create-cluster/cluster-intro.md,2,0,1,1,MISSING,0,0,3.0621010810136795
answer,kubernetes,cross_naive,,0,manifest_published,11,152489ebf5efe70ad88a25f01faba14552d2c953,content/en/docs/setup/production-environment/container-runtimes.md,2,0,1,1,MISSING,0,0,2.8768274933099747
answer,kubernetes,cross_naive,,0,manifest_published,12,e94b8926efca25bf711f4fa324c3658064691389,content/en/docs/tasks/debug/debug-application/debug-service.md,2,0,1,1,MISSING,0,0,2.988857217133045
answer,kubernetes,cross_naive,,0,manifest_published,13,c55865f28de688b69732418a823c5eac29ce42ff,content/en/docs/concepts/scheduling-eviction/resource-bin-packing.md,2,0,1,1,MISSING,0,0,3.114929422736168
answer,kubernetes,cross_naive,,0,manifest_published,14,893805d67799fe9d389624a047651c6149086614,content/en/docs/tasks/administer-cluster/certificates.md,2,0,1,1,MISSING,0,0,2.9130931943655014
answer,kubernetes,cross_naive,,0,manifest_published,15,b50bf20aa07b4d865d8ddaf4ba395ac8afd6126d,content/en/docs/contribute/style/hugo-shortcodes/index.md,2,0,1,1,MISSING,0,0,2.991398796439171
answer,kubernetes,cross_naive,,0,manifest_published,16,c37d57216103cd3473e82dc7b481bf5b34a1a197,content/en/docs/concepts/containers/runtime-class.md,2,0,1,1,MISSING,0,0,2.863919362425804
answer,kubernetes,cross_naive,,0,manifest_published,17,9631a3e27addfcdd5c1b149147b7da85118e0cbf,content/en/docs/tasks/administer-cluster/topology-manager.md,2,0,1,1,MISSING,0,0,2.9895976185798645
answer,kubernetes,cross_naive,,0,manifest_published,18,9ea55e8425f499774e0a96156e5f920e5d669825,content/en/docs/reference/access-authn-authz/certificate-signing-requests.md,2,0,1,1,MISSING,0,0,2.7998890727758408
answer,kubernetes,cross_naive,,0,manifest_published,19,80b85ff51d97577b13f08ddc4a37117ff44082c5,content/en/docs/reference/node/kubelet-sync-loop.md,2,0,1,1,MISSING,0,0,2.798856236040592
answer,kubernetes,cross_naive,,0,manifest_published,20,9c0e34fff3a05acd195a63fb057cf7163252258f,content/en/docs/reference/command-line-tools-reference/kube-proxy.md,2,0,1,1,MISSING,0,0,2.6871031150221825
answer,kubernetes,cross_naive,,0,manifest_published,21,6dc6c3a989c065ef570348e150e260291e5d670b,content/en/docs/concepts/scheduling-eviction/node-pressure-eviction.md,2,0,1,1,MISSING,0,0,2.959546633064747
answer,kubernetes,cross_naive,,0,manifest_published,22,20f5f738fef864413316d55587661a323f439865,content/en/docs/reference/kubectl/introduction.md,2,0,1,1,MISSING,0,0,2.759222872555256
answer,kubernetes,cross_naive,,0,manifest_published,23,dc2fac362ae51ba81409fae648e3c87c4efef8e9,content/en/docs/concepts/scheduling-eviction/gang-scheduling.md,2,0,1,1,MISSING,0,0,2.855260856449604
answer,kubernetes,cross_naive,,0,manifest_published,24,e77da46210baf2e4f788b8ff1acf0c2522ffbcf6,content/en/docs/concepts/workloads/pods/_index.md,2,0,1,1,MISSING,0,0,2.859123982489109
answer,kubernetes,cross_naive,,0,dense_inserted,0,1ed32985eae9c4d1a90c1865647b9703e20da886,content/en/docs/contribute/generate-ref-docs/config-api.md,2,0,1;2,1,MISSING,0,0,3.1672129407525063
answer,kubernetes,cross_naive,,0,dense_inserted,1,dad5f8753314e521716ae139d1fd886390fc08d3,content/en/docs/tasks/extend-kubernetes/configure-aggregation-layer.md,2,0,1;2,1,MISSING,0,0,3.1086867675185204
answer,kubernetes,cross_naive,,0,dense_inserted,2,4c086dd93b2ed0fdf361b1533eebd3a1217d50da,content/en/docs/contribute/generate-ref-docs/prerequisites-ref-docs.md,2,0,1;2,1,MISSING,0,0,2.9814420267939568
answer,kubernetes,cross_naive,,0,dense_inserted,3,787489f7a68e0601cdab37883dc461cc3725d7d1,content/en/docs/concepts/scheduling-eviction/topology-aware-scheduling.md,2,0,1;2,1,MISSING,0,0,2.8928332030773163
answer,kubernetes,cross_naive,,0,dense_inserted,4,63a45fdb9543ae9a2831aac08e1e99e6924796aa,content/en/docs/reference/node/what-happens-on-restart.md,2,0,1;2,1,MISSING,0,0,2.796294167637825
answer,kubernetes,cross_naive,,0,dense_inserted,5,b3f516481aaaa9ad1b71a0a9cc31346c02ec348a,content/en/docs/concepts/overview/working-with-objects/annotations.md,2,0,1;2,1,MISSING,0,0,3.512202762067318
answer,kubernetes,cross_naive,,0,dense_inserted,6,9c67be5e1be7b60d2fc0bc09226abf739be72152,content/en/docs/concepts/configuration/manage-resources-containers.md,2,0,1;2,1,MISSING,0,0,3.0238842591643333
answer,kubernetes,cross_naive,,0,dense_inserted,7,7e01eaee123c18c295656cea5cd03886fcbd2cc5,content/en/docs/concepts/cluster-administration/node-autoscaling.md,2,0,1;2,1,MISSING,0,0,3.08426097035408
answer,kubernetes,cross_naive,,0,dense_inserted,8,7d6f80e5148219869055e2ec2acd63e971e7cf45,content/en/docs/concepts/cluster-administration/swap-memory-management.md,2,0,1;2,1,MISSING,0,0,2.8492966666817665
answer,kubernetes,cross_naive,,0,dense_inserted,9,4cec4d7ece88b7eb5b04b59e34fdce9c68c37be8,content/en/docs/tasks/inject-data-application/define-environment-variable-via-file.md,2,0,1;2,1,MISSING,0,0,2.9233526438474655
answer,kubernetes,cross_naive,,0,dense_inserted,10,b0bc7de52f48b923bde8f567f8a58c7aa4e1ffad,content/en/docs/tutorials/kubernetes-basics/create-cluster/cluster-intro.md,2,0,1;2,1,MISSING,0,0,2.765936776995659
answer,kubernetes,cross_naive,,0,dense_inserted,11,152489ebf5efe70ad88a25f01faba14552d2c953,content/en/docs/setup/production-environment/container-runtimes.md,2,0,1;2,1,MISSING,0,0,2.8107650578022003
answer,kubernetes,cross_naive,,0,dense_inserted,12,e94b8926efca25bf711f4fa324c3658064691389,content/en/docs/tasks/debug/debug-application/debug-service.md,2,0,1;2,1,MISSING,0,0,3.2390886917710304
answer,kubernetes,cross_naive,,0,dense_inserted,13,c55865f28de688b69732418a823c5eac29ce42ff,content/en/docs/concepts/scheduling-eviction/resource-bin-packing.md,2,0,1;2,1,MISSING,0,0,3.593938425183296
answer,kubernetes,cross_naive,,0,dense_inserted,14,893805d67799fe9d389624a047651c6149086614,content/en/docs/tasks/administer-cluster/certificates.md,2,0,1;2,1,MISSING,0,0,3.149832598865032
answer,kubernetes,cross_naive,,0,dense_inserted,15,b50bf20aa07b4d865d8ddaf4ba395ac8afd6126d,content/en/docs/contribute/style/hugo-shortcodes/index.md,2,0,1;2,1,MISSING,0,0,2.85426527261734
answer,kubernetes,cross_naive,,0,dense_inserted,16,c37d57216103cd3473e82dc7b481bf5b34a1a197,content/en/docs/concepts/containers/runtime-class.md,2,0,1;2,1,MISSING,0,0,3.1411033123731613
answer,kubernetes,cross_naive,,0,dense_inserted,17,9631a3e27addfcdd5c1b149147b7da85118e0cbf,content/en/docs/tasks/administer-cluster/topology-manager.md,2,0,1;2,1,MISSING,0,0,2.9267268255352974
answer,kubernetes,cross_naive,,0,dense_inserted,18,9ea55e8425f499774e0a96156e5f920e5d669825,content/en/docs/reference/access-authn-authz/certificate-signing-requests.md,2,0,1;2,1,MISSING,0,0,2.9216036200523376
answer,kubernetes,cross_naive,,0,dense_inserted,19,80b85ff51d97577b13f08ddc4a37117ff44082c5,content/en/docs/reference/node/kubelet-sync-loop.md,2,0,1;2,1,MISSING,0,0,2.958509139716625
answer,kubernetes,cross_naive,,0,dense_inserted,20,9c0e34fff3a05acd195a63fb057cf7163252258f,content/en/docs/reference/command-line-tools-reference/kube-proxy.md,2,0,1;2,1,MISSING,0,0,2.6250388473272324
answer,kubernetes,cross_naive,,0,dense_inserted,21,6dc6c3a989c065ef570348e150e260291e5d670b,content/en/docs/concepts/scheduling-eviction/node-pressure-eviction.md,2,0,1;2,1,MISSING,0,0,2.7144430205225945
answer,kubernetes,cross_naive,,0,dense_inserted,22,20f5f738fef864413316d55587661a323f439865,content/en/docs/reference/kubectl/introduction.md,2,0,1;2,1,MISSING,0,0,2.9104556888341904
answer,kubernetes,cross_naive,,0,dense_inserted,23,dc2fac362ae51ba81409fae648e3c87c4efef8e9,content/en/docs/concepts/scheduling-eviction/gang-scheduling.md,2,0,1;2,1,MISSING,0,0,2.828676253557205
answer,kubernetes,cross_naive,,0,dense_inserted,24,e77da46210baf2e4f788b8ff1acf0c2522ffbcf6,content/en/docs/concepts/workloads/pods/_index.md,2,0,1;2,1,MISSING,0,0,2.8267400339245796
answer,kubernetes,cross_naive,,0,sparse_inserted,0,1ed32985eae9c4d1a90c1865647b9703e20da886,content/en/docs/contribute/generate-ref-docs/config-api.md,2,0,1;2,1;2,AMBIGUOUS,0,0,3.2087843865156174
answer,kubernetes,cross_naive,,0,sparse_inserted,1,dad5f8753314e521716ae139d1fd886390fc08d3,content/en/docs/tasks/extend-kubernetes/configure-aggregation-layer.md,2,0,1;2,1;2,AMBIGUOUS,0,0,3.003341145813465
answer,kubernetes,cross_naive,,0,sparse_inserted,2,4c086dd93b2ed0fdf361b1533eebd3a1217d50da,content/en/docs/contribute/generate-ref-docs/prerequisites-ref-docs.md,2,0,1;2,1;2,AMBIGUOUS,0,0,2.897174097597599
answer,kubernetes,cross_naive,,0,sparse_inserted,3,787489f7a68e0601cdab37883dc461cc3725d7d1,content/en/docs/concepts/scheduling-eviction/topology-aware-scheduling.md,2,0,1;2,1;2,AMBIGUOUS,0,0,2.9466431587934494
answer,kubernetes,cross_naive,,0,sparse_inserted,4,63a45fdb9543ae9a2831aac08e1e99e6924796aa,content/en/docs/reference/node/what-happens-on-restart.md,2,0,1;2,1;2,AMBIGUOUS,0,0,2.9285550117492676
answer,kubernetes,cross_naive,,0,sparse_inserted,5,b3f516481aaaa9ad1b71a0a9cc31346c02ec348a,content/en/docs/concepts/overview/working-with-objects/annotations.md,2,0,1;2,1;2,AMBIGUOUS,0,0,2.7299998328089714
answer,kubernetes,cross_naive,,0,sparse_inserted,6,9c67be5e1be7b60d2fc0bc09226abf739be72152,content/en/docs/concepts/configuration/manage-resources-containers.md,2,0,1;2,1;2,AMBIGUOUS,0,0,2.8635673224925995
answer,kubernetes,cross_naive,,0,sparse_inserted,7,7e01eaee123c18c295656cea5cd03886fcbd2cc5,content/en/docs/concepts/cluster-administration/node-autoscaling.md,2,0,1;2,1;2,AMBIGUOUS,0,0,2.817378379404545
answer,kubernetes,cross_naive,,0,sparse_inserted,8,7d6f80e5148219869055e2ec2acd63e971e7cf45,content/en/docs/concepts/cluster-administration/swap-memory-management.md,2,0,1;2,1;2,AMBIGUOUS,0,0,2.8188927099108696
answer,kubernetes,cross_naive,,0,sparse_inserted,9,4cec4d7ece88b7eb5b04b59e34fdce9c68c37be8,content/en/docs/tasks/inject-data-application/define-environment-variable-via-file.md,2,0,1;2,1;2,AMBIGUOUS,0,0,3.0836202204227448
answer,kubernetes,cross_naive,,0,sparse_inserted,10,b0bc7de52f48b923bde8f567f8a58c7aa4e1ffad,content/en/docs/tutorials/kubernetes-basics/create-cluster/cluster-intro.md,2,0,1;2,1;2,AMBIGUOUS,0,0,3.044755198061466
answer,kubernetes,cross_naive,,0,sparse_inserted,11,152489ebf5efe70ad88a25f01faba14552d2c953,content/en/docs/setup/production-environment/container-runtimes.md,2,0,1;2,1;2,AMBIGUOUS,0,0,3.166726790368557
answer,kubernetes,cross_naive,,0,sparse_inserted,12,e94b8926efca25bf711f4fa324c3658064691389,content/en/docs/tasks/debug/debug-application/debug-service.md,2,0,1;2,1;2,AMBIGUOUS,0,0,2.93838232755661
answer,kubernetes,cross_naive,,0,sparse_inserted,13,c55865f28de688b69732418a823c5eac29ce42ff,content/en/docs/concepts/scheduling-eviction/resource-bin-packing.md,2,0,1;2,1;2,AMBIGUOUS,0,0,2.9380032792687416
answer,kubernetes,cross_naive,,0,sparse_inserted,14,893805d67799fe9d389624a047651c6149086614,content/en/docs/tasks/administer-cluster/certificates.md,2,0,1;2,1;2,AMBIGUOUS,0,0,2.9310574755072594
answer,kubernetes,cross_naive,,0,sparse_inserted,15,b50bf20aa07b4d865d8ddaf4ba395ac8afd6126d,content/en/docs/contribute/style/hugo-shortcodes/index.md,2,0,1;2,1;2,AMBIGUOUS,0,0,3.0187880620360374
answer,kubernetes,cross_naive,,0,sparse_inserted,16,c37d57216103cd3473e82dc7b481bf5b34a1a197,content/en/docs/concepts/containers/runtime-class.md,2,0,1;2,1;2,AMBIGUOUS,0,0,2.9543424025177956
answer,kubernetes,cross_naive,,0,sparse_inserted,17,9631a3e27addfcdd5c1b149147b7da85118e0cbf,content/en/docs/tasks/administer-cluster/topology-manager.md,2,0,1;2,1;2,AMBIGUOUS,0,0,3.5465843975543976
answer,kubernetes,cross_naive,,0,sparse_inserted,18,9ea55e8425f499774e0a96156e5f920e5d669825,content/en/docs/reference/access-authn-authz/certificate-signing-requests.md,2,0,1;2,1;2,AMBIGUOUS,0,0,3.25846578925848
answer,kubernetes,cross_naive,,0,sparse_inserted,19,80b85ff51d97577b13f08ddc4a37117ff44082c5,content/en/docs/reference/node/kubelet-sync-loop.md,2,0,1;2,1;2,AMBIGUOUS,0,0,3.054765984416008
answer,kubernetes,cross_naive,,0,sparse_inserted,20,9c0e34fff3a05acd195a63fb057cf7163252258f,content/en/docs/reference/command-line-tools-reference/kube-proxy.md,2,0,1;2,1;2,AMBIGUOUS,0,0,3.0614780262112617
answer,kubernetes,cross_naive,,0,sparse_inserted,21,6dc6c3a989c065ef570348e150e260291e5d670b,content/en/docs/concepts/scheduling-eviction/node-pressure-eviction.md,2,0,1;2,1;2,AMBIGUOUS,0,0,3.033631481230259
answer,kubernetes,cross_naive,,0,sparse_inserted,22,20f5f738fef864413316d55587661a323f439865,content/en/docs/reference/kubectl/introduction.md,2,0,1;2,1;2,AMBIGUOUS,0,0,3.024611622095108
answer,kubernetes,cross_naive,,0,sparse_inserted,23,dc2fac362ae51ba81409fae648e3c87c4efef8e9,content/en/docs/concepts/scheduling-eviction/gang-scheduling.md,2,0,1;2,1;2,AMBIGUOUS,0,0,3.149685449898243
answer,kubernetes,cross_naive,,0,sparse_inserted,24,e77da46210baf2e4f788b8ff1acf0c2522ffbcf6,content/en/docs/concepts/workloads/pods/_index.md,2,0,1;2,1;2,AMBIGUOUS,0,0,2.9516788199543953
answer,kubernetes,cross_naive,,0,dense_old_deleted,0,1ed32985eae9c4d1a90c1865647b9703e20da886,content/en/docs/contribute/generate-ref-docs/config-api.md,2,0,2,1;2,AMBIGUOUS,0,0,3.1599439680576324
answer,kubernetes,cross_naive,,0,dense_old_deleted,1,dad5f8753314e521716ae139d1fd886390fc08d3,content/en/docs/tasks/extend-kubernetes/configure-aggregation-layer.md,2,0,2,1;2,AMBIGUOUS,0,0,3.0709952116012573
answer,kubernetes,cross_naive,,0,dense_old_deleted,2,4c086dd93b2ed0fdf361b1533eebd3a1217d50da,content/en/docs/contribute/generate-ref-docs/prerequisites-ref-docs.md,2,0,2,1;2,AMBIGUOUS,0,0,2.9118144884705544
answer,kubernetes,cross_naive,,0,dense_old_deleted,3,787489f7a68e0601cdab37883dc461cc3725d7d1,content/en/docs/concepts/scheduling-eviction/topology-aware-scheduling.md,2,0,2,1;2,AMBIGUOUS,0,0,2.9052281752228737
answer,kubernetes,cross_naive,,0,dense_old_deleted,4,63a45fdb9543ae9a2831aac08e1e99e6924796aa,content/en/docs/reference/node/what-happens-on-restart.md,2,0,2,1;2,AMBIGUOUS,0,0,2.9501421377062798
answer,kubernetes,cross_naive,,0,dense_old_deleted,5,b3f516481aaaa9ad1b71a0a9cc31346c02ec348a,content/en/docs/concepts/overview/working-with-objects/annotations.md,2,0,2,1;2,AMBIGUOUS,0,0,2.927219495177269
answer,kubernetes,cross_naive,,0,dense_old_deleted,6,9c67be5e1be7b60d2fc0bc09226abf739be72152,content/en/docs/concepts/configuration/manage-resources-containers.md,2,0,2,1;2,AMBIGUOUS,0,0,2.7889860793948174
answer,kubernetes,cross_naive,,0,dense_old_deleted,7,7e01eaee123c18c295656cea5cd03886fcbd2cc5,content/en/docs/concepts/cluster-administration/node-autoscaling.md,2,0,2,1;2,AMBIGUOUS,0,0,2.804541029036045
answer,kubernetes,cross_naive,,0,dense_old_deleted,8,7d6f80e5148219869055e2ec2acd63e971e7cf45,content/en/docs/concepts/cluster-administration/swap-memory-management.md,2,0,2,1;2,AMBIGUOUS,0,0,2.790684811770916
answer,kubernetes,cross_naive,,0,dense_old_deleted,9,4cec4d7ece88b7eb5b04b59e34fdce9c68c37be8,content/en/docs/tasks/inject-data-application/define-environment-variable-via-file.md,2,0,2,1;2,AMBIGUOUS,0,0,2.997143194079399
answer,kubernetes,cross_naive,,0,dense_old_deleted,10,b0bc7de52f48b923bde8f567f8a58c7aa4e1ffad,content/en/docs/tutorials/kubernetes-basics/create-cluster/cluster-intro.md,2,0,2,1;2,AMBIGUOUS,0,0,2.879464067518711
answer,kubernetes,cross_naive,,0,dense_old_deleted,11,152489ebf5efe70ad88a25f01faba14552d2c953,content/en/docs/setup/production-environment/container-runtimes.md,2,0,2,1;2,AMBIGUOUS,0,0,2.759300172328949
answer,kubernetes,cross_naive,,0,dense_old_deleted,12,e94b8926efca25bf711f4fa324c3658064691389,content/en/docs/tasks/debug/debug-application/debug-service.md,2,0,2,1;2,AMBIGUOUS,0,0,2.8469469398260117
answer,kubernetes,cross_naive,,0,dense_old_deleted,13,c55865f28de688b69732418a823c5eac29ce42ff,content/en/docs/concepts/scheduling-eviction/resource-bin-packing.md,2,0,2,1;2,AMBIGUOUS,0,0,3.113066777586937
answer,kubernetes,cross_naive,,0,dense_old_deleted,14,893805d67799fe9d389624a047651c6149086614,content/en/docs/tasks/administer-cluster/certificates.md,2,0,2,1;2,AMBIGUOUS,0,0,2.797381952404976
answer,kubernetes,cross_naive,,0,dense_old_deleted,15,b50bf20aa07b4d865d8ddaf4ba395ac8afd6126d,content/en/docs/contribute/style/hugo-shortcodes/index.md,2,0,2,1;2,AMBIGUOUS,0,0,2.818772569298744
answer,kubernetes,cross_naive,,0,dense_old_deleted,16,c37d57216103cd3473e82dc7b481bf5b34a1a197,content/en/docs/concepts/containers/runtime-class.md,2,0,2,1;2,AMBIGUOUS,0,0,2.8966106474399567
answer,kubernetes,cross_naive,,0,dense_old_deleted,17,9631a3e27addfcdd5c1b149147b7da85118e0cbf,content/en/docs/tasks/administer-cluster/topology-manager.md,2,0,2,1;2,AMBIGUOUS,0,0,2.963954582810402
answer,kubernetes,cross_naive,,0,dense_old_deleted,18,9ea55e8425f499774e0a96156e5f920e5d669825,content/en/docs/reference/access-authn-authz/certificate-signing-requests.md,2,0,2,1;2,AMBIGUOUS,0,0,2.887716516852379
answer,kubernetes,cross_naive,,0,dense_old_deleted,19,80b85ff51d97577b13f08ddc4a37117ff44082c5,content/en/docs/reference/node/kubelet-sync-loop.md,2,0,2,1;2,AMBIGUOUS,0,0,3.0650170519948006
answer,kubernetes,cross_naive,,0,dense_old_deleted,20,9c0e34fff3a05acd195a63fb057cf7163252258f,content/en/docs/reference/command-line-tools-reference/kube-proxy.md,2,0,2,1;2,AMBIGUOUS,0,0,3.1112125143408775
answer,kubernetes,cross_naive,,0,dense_old_deleted,21,6dc6c3a989c065ef570348e150e260291e5d670b,content/en/docs/concepts/scheduling-eviction/node-pressure-eviction.md,2,0,2,1;2,AMBIGUOUS,0,0,3.0091293156147003
answer,kubernetes,cross_naive,,0,dense_old_deleted,22,20f5f738fef864413316d55587661a323f439865,content/en/docs/reference/kubectl/introduction.md,2,0,2,1;2,AMBIGUOUS,0,0,2.903405576944351
answer,kubernetes,cross_naive,,0,dense_old_deleted,23,dc2fac362ae51ba81409fae648e3c87c4efef8e9,content/en/docs/concepts/scheduling-eviction/gang-scheduling.md,2,0,2,1;2,AMBIGUOUS,0,0,3.0136704444885254
answer,kubernetes,cross_naive,,0,dense_old_deleted,24,e77da46210baf2e4f788b8ff1acf0c2522ffbcf6,content/en/docs/concepts/workloads/pods/_index.md,2,0,2,1;2,AMBIGUOUS,0,0,3.2125888392329216
answer,kubernetes,cross_naive,,0,sparse_old_deleted,0,1ed32985eae9c4d1a90c1865647b9703e20da886,content/en/docs/contribute/generate-ref-docs/config-api.md,2,0,2,2,NEW_ONLY,1,1,3.8221534341573715
answer,kubernetes,cross_naive,,0,sparse_old_deleted,1,dad5f8753314e521716ae139d1fd886390fc08d3,content/en/docs/tasks/extend-kubernetes/configure-aggregation-layer.md,2,0,2,2,NEW_ONLY,1,1,3.4254882484674454
answer,kubernetes,cross_naive,,0,sparse_old_deleted,2,4c086dd93b2ed0fdf361b1533eebd3a1217d50da,content/en/docs/contribute/generate-ref-docs/prerequisites-ref-docs.md,2,0,2,2,NEW_ONLY,1,1,2.942177467048168
answer,kubernetes,cross_naive,,0,sparse_old_deleted,3,787489f7a68e0601cdab37883dc461cc3725d7d1,content/en/docs/concepts/scheduling-eviction/topology-aware-scheduling.md,2,0,2,2,NEW_ONLY,1,1,2.9714172706007957
answer,kubernetes,cross_naive,,0,sparse_old_deleted,4,63a45fdb9543ae9a2831aac08e1e99e6924796aa,content/en/docs/reference/node/what-happens-on-restart.md,2,0,2,2,NEW_ONLY,1,1,2.904522232711315
answer,kubernetes,cross_naive,,0,sparse_old_deleted,5,b3f516481aaaa9ad1b71a0a9cc31346c02ec348a,content/en/docs/concepts/overview/working-with-objects/annotations.md,2,0,2,2,NEW_ONLY,1,1,2.952953800559044
answer,kubernetes,cross_naive,,0,sparse_old_deleted,6,9c67be5e1be7b60d2fc0bc09226abf739be72152,content/en/docs/concepts/configuration/manage-resources-containers.md,2,0,2,2,NEW_ONLY,1,1,2.758607268333435
answer,kubernetes,cross_naive,,0,sparse_old_deleted,7,7e01eaee123c18c295656cea5cd03886fcbd2cc5,content/en/docs/concepts/cluster-administration/node-autoscaling.md,2,0,2,2,NEW_ONLY,1,1,2.8678737580776215
answer,kubernetes,cross_naive,,0,sparse_old_deleted,8,7d6f80e5148219869055e2ec2acd63e971e7cf45,content/en/docs/concepts/cluster-administration/swap-memory-management.md,2,0,2,2,NEW_ONLY,1,1,3.2141711562871933
answer,kubernetes,cross_naive,,0,sparse_old_deleted,9,4cec4d7ece88b7eb5b04b59e34fdce9c68c37be8,content/en/docs/tasks/inject-data-application/define-environment-variable-via-file.md,2,0,2,2,NEW_ONLY,1,1,2.763226628303528
answer,kubernetes,cross_naive,,0,sparse_old_deleted,10,b0bc7de52f48b923bde8f567f8a58c7aa4e1ffad,content/en/docs/tutorials/kubernetes-basics/create-cluster/cluster-intro.md,2,0,2,2,NEW_ONLY,1,1,2.814929001033306
answer,kubernetes,cross_naive,,0,sparse_old_deleted,11,152489ebf5efe70ad88a25f01faba14552d2c953,content/en/docs/setup/production-environment/container-runtimes.md,2,0,2,2,NEW_ONLY,1,1,2.8201043605804443
answer,kubernetes,cross_naive,,0,sparse_old_deleted,12,e94b8926efca25bf711f4fa324c3658064691389,content/en/docs/tasks/debug/debug-application/debug-service.md,2,0,2,2,NEW_ONLY,1,1,2.8659822419285774
answer,kubernetes,cross_naive,,0,sparse_old_deleted,13,c55865f28de688b69732418a823c5eac29ce42ff,content/en/docs/concepts/scheduling-eviction/resource-bin-packing.md,2,0,2,2,NEW_ONLY,1,1,2.891545183956623
answer,kubernetes,cross_naive,,0,sparse_old_deleted,14,893805d67799fe9d389624a047651c6149086614,content/en/docs/tasks/administer-cluster/certificates.md,2,0,2,2,NEW_ONLY,1,1,3.0199866741895676
answer,kubernetes,cross_naive,,0,sparse_old_deleted,15,b50bf20aa07b4d865d8ddaf4ba395ac8afd6126d,content/en/docs/contribute/style/hugo-shortcodes/index.md,2,0,2,2,NEW_ONLY,1,1,2.790529280900955
answer,kubernetes,cross_naive,,0,sparse_old_deleted,16,c37d57216103cd3473e82dc7b481bf5b34a1a197,content/en/docs/concepts/containers/runtime-class.md,2,0,2,2,NEW_ONLY,1,1,2.9442505910992622
answer,kubernetes,cross_naive,,0,sparse_old_deleted,17,9631a3e27addfcdd5c1b149147b7da85118e0cbf,content/en/docs/tasks/administer-cluster/topology-manager.md,2,0,2,2,NEW_ONLY,1,1,2.9346151277422905
answer,kubernetes,cross_naive,,0,sparse_old_deleted,18,9ea55e8425f499774e0a96156e5f920e5d669825,content/en/docs/reference/access-authn-authz/certificate-signing-requests.md,2,0,2,2,NEW_ONLY,1,1,2.8748372569680214
answer,kubernetes,cross_naive,,0,sparse_old_deleted,19,80b85ff51d97577b13f08ddc4a37117ff44082c5,content/en/docs/reference/node/kubelet-sync-loop.md,2,0,2,2,NEW_ONLY,1,1,2.945197746157646
answer,kubernetes,cross_naive,,0,sparse_old_deleted,20,9c0e34fff3a05acd195a63fb057cf7163252258f,content/en/docs/reference/command-line-tools-reference/kube-proxy.md,2,0,2,2,NEW_ONLY,1,1,2.801203168928623
answer,kubernetes,cross_naive,,0,sparse_old_deleted,21,6dc6c3a989c065ef570348e150e260291e5d670b,content/en/docs/concepts/scheduling-eviction/node-pressure-eviction.md,2,0,2,2,NEW_ONLY,1,1,2.70154420286417
answer,kubernetes,cross_naive,,0,sparse_old_deleted,22,20f5f738fef864413316d55587661a323f439865,content/en/docs/reference/kubectl/introduction.md,2,0,2,2,NEW_ONLY,1,1,2.772395499050617
answer,kubernetes,cross_naive,,0,sparse_old_deleted,23,dc2fac362ae51ba81409fae648e3c87c4efef8e9,content/en/docs/concepts/scheduling-eviction/gang-scheduling.md,2,0,2,2,NEW_ONLY,1,1,2.7417950332164764
answer,kubernetes,cross_naive,,0,sparse_old_deleted,24,e77da46210baf2e4f788b8ff1acf0c2522ffbcf6,content/en/docs/concepts/workloads/pods/_index.md,2,0,2,2,NEW_ONLY,1,1,2.7810465544462204
answer,kubernetes,cross_naive,,1,initial,0,1ed32985eae9c4d1a90c1865647b9703e20da886,content/en/docs/contribute/generate-ref-docs/config-api.md,1,0,1,1,OLD_ONLY,1,0,64.94618766009808
answer,kubernetes,cross_naive,,1,initial,1,dad5f8753314e521716ae139d1fd886390fc08d3,content/en/docs/tasks/extend-kubernetes/configure-aggregation-layer.md,1,0,1,1,OLD_ONLY,1,0,3.2634977251291275
answer,kubernetes,cross_naive,,1,initial,2,4c086dd93b2ed0fdf361b1533eebd3a1217d50da,content/en/docs/contribute/generate-ref-docs/prerequisites-ref-docs.md,1,0,1,1,OLD_ONLY,1,0,3.214079886674881
answer,kubernetes,cross_naive,,1,initial,3,787489f7a68e0601cdab37883dc461cc3725d7d1,content/en/docs/concepts/scheduling-eviction/topology-aware-scheduling.md,1,0,1,1,OLD_ONLY,1,0,2.961290068924427
answer,kubernetes,cross_naive,,1,initial,4,63a45fdb9543ae9a2831aac08e1e99e6924796aa,content/en/docs/reference/node/what-happens-on-restart.md,1,0,1,1,OLD_ONLY,1,0,3.2745059579610825
answer,kubernetes,cross_naive,,1,initial,5,b3f516481aaaa9ad1b71a0a9cc31346c02ec348a,content/en/docs/concepts/overview/working-with-objects/annotations.md,1,0,1,1,OLD_ONLY,1,0,3.652578219771385
answer,kubernetes,cross_naive,,1,initial,6,9c67be5e1be7b60d2fc0bc09226abf739be72152,content/en/docs/concepts/configuration/manage-resources-containers.md,1,0,1,1,OLD_ONLY,1,0,2.8715459629893303
answer,kubernetes,cross_naive,,1,initial,7,7e01eaee123c18c295656cea5cd03886fcbd2cc5,content/en/docs/concepts/cluster-administration/node-autoscaling.md,1,0,1,1,OLD_ONLY,1,0,4.049814306199551
answer,kubernetes,cross_naive,,1,initial,8,7d6f80e5148219869055e2ec2acd63e971e7cf45,content/en/docs/concepts/cluster-administration/swap-memory-management.md,1,0,1,1,OLD_ONLY,1,0,3.0111828818917274
answer,kubernetes,cross_naive,,1,initial,9,4cec4d7ece88b7eb5b04b59e34fdce9c68c37be8,content/en/docs/tasks/inject-data-application/define-environment-variable-via-file.md,1,0,1,1,OLD_ONLY,1,0,3.105711191892624
answer,kubernetes,cross_naive,,1,initial,10,b0bc7de52f48b923bde8f567f8a58c7aa4e1ffad,content/en/docs/tutorials/kubernetes-basics/create-cluster/cluster-intro.md,1,0,1,1,OLD_ONLY,1,0,3.028479404747486
answer,kubernetes,cross_naive,,1,initial,11,152489ebf5efe70ad88a25f01faba14552d2c953,content/en/docs/setup/production-environment/container-runtimes.md,1,0,1,1,OLD_ONLY,1,0,2.6537245139479637
answer,kubernetes,cross_naive,,1,initial,12,e94b8926efca25bf711f4fa324c3658064691389,content/en/docs/tasks/debug/debug-application/debug-service.md,1,0,1,1,OLD_ONLY,1,0,2.891520969569683
answer,kubernetes,cross_naive,,1,initial,13,c55865f28de688b69732418a823c5eac29ce42ff,content/en/docs/concepts/scheduling-eviction/resource-bin-packing.md,1,0,1,1,OLD_ONLY,1,0,2.9118768870830536
answer,kubernetes,cross_naive,,1,initial,14,893805d67799fe9d389624a047651c6149086614,content/en/docs/tasks/administer-cluster/certificates.md,1,0,1,1,OLD_ONLY,1,0,3.5429392009973526
answer,kubernetes,cross_naive,,1,initial,15,b50bf20aa07b4d865d8ddaf4ba395ac8afd6126d,content/en/docs/contribute/style/hugo-shortcodes/index.md,1,0,1,1,OLD_ONLY,1,0,3.0135978013277054
answer,kubernetes,cross_naive,,1,initial,16,c37d57216103cd3473e82dc7b481bf5b34a1a197,content/en/docs/concepts/containers/runtime-class.md,1,0,1,1,OLD_ONLY,1,0,2.780926413834095
answer,kubernetes,cross_naive,,1,initial,17,9631a3e27addfcdd5c1b149147b7da85118e0cbf,content/en/docs/tasks/administer-cluster/topology-manager.md,1,0,1,1,OLD_ONLY,1,0,2.852299250662327
answer,kubernetes,cross_naive,,1,initial,18,9ea55e8425f499774e0a96156e5f920e5d669825,content/en/docs/reference/access-authn-authz/certificate-signing-requests.md,1,0,1,1,OLD_ONLY,1,0,2.7492381632328033
answer,kubernetes,cross_naive,,1,initial,19,80b85ff51d97577b13f08ddc4a37117ff44082c5,content/en/docs/reference/node/kubelet-sync-loop.md,1,0,1,1,OLD_ONLY,1,0,2.8552813455462456
answer,kubernetes,cross_naive,,1,initial,20,9c0e34fff3a05acd195a63fb057cf7163252258f,content/en/docs/reference/command-line-tools-reference/kube-proxy.md,1,0,1,1,OLD_ONLY,1,0,2.8693759813904762
answer,kubernetes,cross_naive,,1,initial,21,6dc6c3a989c065ef570348e150e260291e5d670b,content/en/docs/concepts/scheduling-eviction/node-pressure-eviction.md,1,0,1,1,OLD_ONLY,1,0,2.972968854010105
answer,kubernetes,cross_naive,,1,initial,22,20f5f738fef864413316d55587661a323f439865,content/en/docs/reference/kubectl/introduction.md,1,0,1,1,OLD_ONLY,1,0,2.9285410419106483
answer,kubernetes,cross_naive,,1,initial,23,dc2fac362ae51ba81409fae648e3c87c4efef8e9,content/en/docs/concepts/scheduling-eviction/gang-scheduling.md,1,0,1,1,OLD_ONLY,1,0,2.891239710152149
answer,kubernetes,cross_naive,,1,initial,24,e77da46210baf2e4f788b8ff1acf0c2522ffbcf6,content/en/docs/concepts/workloads/pods/_index.md,1,0,1,1,OLD_ONLY,1,0,2.8304345905780792
answer,kubernetes,cross_naive,,1,manifest_published,0,1ed32985eae9c4d1a90c1865647b9703e20da886,content/en/docs/contribute/generate-ref-docs/config-api.md,2,0,1,1,MISSING,0,0,3.1761741265654564
answer,kubernetes,cross_naive,,1,manifest_published,1,dad5f8753314e521716ae139d1fd886390fc08d3,content/en/docs/tasks/extend-kubernetes/configure-aggregation-layer.md,2,0,1,1,MISSING,0,0,2.9010120779275894
answer,kubernetes,cross_naive,,1,manifest_published,2,4c086dd93b2ed0fdf361b1533eebd3a1217d50da,content/en/docs/contribute/generate-ref-docs/prerequisites-ref-docs.md,2,0,1,1,MISSING,0,0,3.0838092789053917
answer,kubernetes,cross_naive,,1,manifest_published,3,787489f7a68e0601cdab37883dc461cc3725d7d1,content/en/docs/concepts/scheduling-eviction/topology-aware-scheduling.md,2,0,1,1,MISSING,0,0,2.96074990183115
answer,kubernetes,cross_naive,,1,manifest_published,4,63a45fdb9543ae9a2831aac08e1e99e6924796aa,content/en/docs/reference/node/what-happens-on-restart.md,2,0,1,1,MISSING,0,0,3.0693626031279564
answer,kubernetes,cross_naive,,1,manifest_published,5,b3f516481aaaa9ad1b71a0a9cc31346c02ec348a,content/en/docs/concepts/overview/working-with-objects/annotations.md,2,0,1,1,MISSING,0,0,2.9526138678193092
answer,kubernetes,cross_naive,,1,manifest_published,6,9c67be5e1be7b60d2fc0bc09226abf739be72152,content/en/docs/concepts/configuration/manage-resources-containers.md,2,0,1,1,MISSING,0,0,2.94333603233099
answer,kubernetes,cross_naive,,1,manifest_published,7,7e01eaee123c18c295656cea5cd03886fcbd2cc5,content/en/docs/concepts/cluster-administration/node-autoscaling.md,2,0,1,1,MISSING,0,0,2.9345033690333366
answer,kubernetes,cross_naive,,1,manifest_published,8,7d6f80e5148219869055e2ec2acd63e971e7cf45,content/en/docs/concepts/cluster-administration/swap-memory-management.md,2,0,1,1,MISSING,0,0,2.9823053628206253
answer,kubernetes,cross_naive,,1,manifest_published,9,4cec4d7ece88b7eb5b04b59e34fdce9c68c37be8,content/en/docs/tasks/inject-data-application/define-environment-variable-via-file.md,2,0,1,1,MISSING,0,0,2.965260297060013
answer,kubernetes,cross_naive,,1,manifest_published,10,b0bc7de52f48b923bde8f567f8a58c7aa4e1ffad,content/en/docs/tutorials/kubernetes-basics/create-cluster/cluster-intro.md,2,0,1,1,MISSING,0,0,2.8287628665566444
answer,kubernetes,cross_naive,,1,manifest_published,11,152489ebf5efe70ad88a25f01faba14552d2c953,content/en/docs/setup/production-environment/container-runtimes.md,2,0,1,1,MISSING,0,0,2.811158075928688
answer,kubernetes,cross_naive,,1,manifest_published,12,e94b8926efca25bf711f4fa324c3658064691389,content/en/docs/tasks/debug/debug-application/debug-service.md,2,0,1,1,MISSING,0,0,2.805006690323353
answer,kubernetes,cross_naive,,1,manifest_published,13,c55865f28de688b69732418a823c5eac29ce42ff,content/en/docs/concepts/scheduling-eviction/resource-bin-packing.md,2,0,1,1,MISSING,0,0,2.849840559065342
answer,kubernetes,cross_naive,,1,manifest_published,14,893805d67799fe9d389624a047651c6149086614,content/en/docs/tasks/administer-cluster/certificates.md,2,0,1,1,MISSING,0,0,3.010832704603672
answer,kubernetes,cross_naive,,1,manifest_published,15,b50bf20aa07b4d865d8ddaf4ba395ac8afd6126d,content/en/docs/contribute/style/hugo-shortcodes/index.md,2,0,1,1,MISSING,0,0,3.1607449054718018
answer,kubernetes,cross_naive,,1,manifest_published,16,c37d57216103cd3473e82dc7b481bf5b34a1a197,content/en/docs/concepts/containers/runtime-class.md,2,0,1,1,MISSING,0,0,3.193257376551628
answer,kubernetes,cross_naive,,1,manifest_published,17,9631a3e27addfcdd5c1b149147b7da85118e0cbf,content/en/docs/tasks/administer-cluster/topology-manager.md,2,0,1,1,MISSING,0,0,3.0145514756441116
answer,kubernetes,cross_naive,,1,manifest_published,18,9ea55e8425f499774e0a96156e5f920e5d669825,content/en/docs/reference/access-authn-authz/certificate-signing-requests.md,2,0,1,1,MISSING,0,0,2.8890790417790413
answer,kubernetes,cross_naive,,1,manifest_published,19,80b85ff51d97577b13f08ddc4a37117ff44082c5,content/en/docs/reference/node/kubelet-sync-loop.md,2,0,1,1,MISSING,0,0,3.0274204909801483
answer,kubernetes,cross_naive,,1,manifest_published,20,9c0e34fff3a05acd195a63fb057cf7163252258f,content/en/docs/reference/command-line-tools-reference/kube-proxy.md,2,0,1,1,MISSING,0,0,3.0148476362228394
answer,kubernetes,cross_naive,,1,manifest_published,21,6dc6c3a989c065ef570348e150e260291e5d670b,content/en/docs/concepts/scheduling-eviction/node-pressure-eviction.md,2,0,1,1,MISSING,0,0,3.522498533129692
answer,kubernetes,cross_naive,,1,manifest_published,22,20f5f738fef864413316d55587661a323f439865,content/en/docs/reference/kubectl/introduction.md,2,0,1,1,MISSING,0,0,3.7368210032582283
answer,kubernetes,cross_naive,,1,manifest_published,23,dc2fac362ae51ba81409fae648e3c87c4efef8e9,content/en/docs/concepts/scheduling-eviction/gang-scheduling.md,2,0,1,1,MISSING,0,0,2.860036678612232
answer,kubernetes,cross_naive,,1,manifest_published,24,e77da46210baf2e4f788b8ff1acf0c2522ffbcf6,content/en/docs/concepts/workloads/pods/_index.md,2,0,1,1,MISSING,0,0,3.004073165357113
answer,kubernetes,cross_naive,,1,dense_inserted,0,1ed32985eae9c4d1a90c1865647b9703e20da886,content/en/docs/contribute/generate-ref-docs/config-api.md,2,0,1;2,1,MISSING,0,0,3.154614008963108
answer,kubernetes,cross_naive,,1,dense_inserted,1,dad5f8753314e521716ae139d1fd886390fc08d3,content/en/docs/tasks/extend-kubernetes/configure-aggregation-layer.md,2,0,1;2,1,MISSING,0,0,2.9688216745853424
answer,kubernetes,cross_naive,,1,dense_inserted,2,4c086dd93b2ed0fdf361b1533eebd3a1217d50da,content/en/docs/contribute/generate-ref-docs/prerequisites-ref-docs.md,2,0,1;2,1,MISSING,0,0,3.1478852033615112
answer,kubernetes,cross_naive,,1,dense_inserted,3,787489f7a68e0601cdab37883dc461cc3725d7d1,content/en/docs/concepts/scheduling-eviction/topology-aware-scheduling.md,2,0,1;2,1,MISSING,0,0,2.9164692386984825
answer,kubernetes,cross_naive,,1,dense_inserted,4,63a45fdb9543ae9a2831aac08e1e99e6924796aa,content/en/docs/reference/node/what-happens-on-restart.md,2,0,1;2,1,MISSING,0,0,2.9393723234534264
answer,kubernetes,cross_naive,,1,dense_inserted,5,b3f516481aaaa9ad1b71a0a9cc31346c02ec348a,content/en/docs/concepts/overview/working-with-objects/annotations.md,2,0,1;2,1,MISSING,0,0,2.814427949488163
answer,kubernetes,cross_naive,,1,dense_inserted,6,9c67be5e1be7b60d2fc0bc09226abf739be72152,content/en/docs/concepts/configuration/manage-resources-containers.md,2,0,1;2,1,MISSING,0,0,2.88552138954401
answer,kubernetes,cross_naive,,1,dense_inserted,7,7e01eaee123c18c295656cea5cd03886fcbd2cc5,content/en/docs/concepts/cluster-administration/node-autoscaling.md,2,0,1;2,1,MISSING,0,0,2.853848971426487
answer,kubernetes,cross_naive,,1,dense_inserted,8,7d6f80e5148219869055e2ec2acd63e971e7cf45,content/en/docs/concepts/cluster-administration/swap-memory-management.md,2,0,1;2,1,MISSING,0,0,3.083200193941593
answer,kubernetes,cross_naive,,1,dense_inserted,9,4cec4d7ece88b7eb5b04b59e34fdce9c68c37be8,content/en/docs/tasks/inject-data-application/define-environment-variable-via-file.md,2,0,1;2,1,MISSING,0,0,3.1391093507409096
answer,kubernetes,cross_naive,,1,dense_inserted,10,b0bc7de52f48b923bde8f567f8a58c7aa4e1ffad,content/en/docs/tutorials/kubernetes-basics/create-cluster/cluster-intro.md,2,0,1;2,1,MISSING,0,0,2.949390560388565
answer,kubernetes,cross_naive,,1,dense_inserted,11,152489ebf5efe70ad88a25f01faba14552d2c953,content/en/docs/setup/production-environment/container-runtimes.md,2,0,1;2,1,MISSING,0,0,2.987486310303211
answer,kubernetes,cross_naive,,1,dense_inserted,12,e94b8926efca25bf711f4fa324c3658064691389,content/en/docs/tasks/debug/debug-application/debug-service.md,2,0,1;2,1,MISSING,0,0,2.793307416141033
answer,kubernetes,cross_naive,,1,dense_inserted,13,c55865f28de688b69732418a823c5eac29ce42ff,content/en/docs/concepts/scheduling-eviction/resource-bin-packing.md,2,0,1;2,1,MISSING,0,0,2.786979079246521
answer,kubernetes,cross_naive,,1,dense_inserted,14,893805d67799fe9d389624a047651c6149086614,content/en/docs/tasks/administer-cluster/certificates.md,2,0,1;2,1,MISSING,0,0,2.8761709108948708
answer,kubernetes,cross_naive,,1,dense_inserted,15,b50bf20aa07b4d865d8ddaf4ba395ac8afd6126d,content/en/docs/contribute/style/hugo-shortcodes/index.md,2,0,1;2,1,MISSING,0,0,2.6081660762429237
answer,kubernetes,cross_naive,,1,dense_inserted,16,c37d57216103cd3473e82dc7b481bf5b34a1a197,content/en/docs/concepts/containers/runtime-class.md,2,0,1;2,1,MISSING,0,0,2.794909290969372
answer,kubernetes,cross_naive,,1,dense_inserted,17,9631a3e27addfcdd5c1b149147b7da85118e0cbf,content/en/docs/tasks/administer-cluster/topology-manager.md,2,0,1;2,1,MISSING,0,0,2.8921542689204216
answer,kubernetes,cross_naive,,1,dense_inserted,18,9ea55e8425f499774e0a96156e5f920e5d669825,content/en/docs/reference/access-authn-authz/certificate-signing-requests.md,2,0,1;2,1,MISSING,0,0,2.946733497083187
answer,kubernetes,cross_naive,,1,dense_inserted,19,80b85ff51d97577b13f08ddc4a37117ff44082c5,content/en/docs/reference/node/kubelet-sync-loop.md,2,0,1;2,1,MISSING,0,0,2.9985839501023293
answer,kubernetes,cross_naive,,1,dense_inserted,20,9c0e34fff3a05acd195a63fb057cf7163252258f,content/en/docs/reference/command-line-tools-reference/kube-proxy.md,2,0,1;2,1,MISSING,0,0,3.1539592891931534
answer,kubernetes,cross_naive,,1,dense_inserted,21,6dc6c3a989c065ef570348e150e260291e5d670b,content/en/docs/concepts/scheduling-eviction/node-pressure-eviction.md,2,0,1;2,1,MISSING,0,0,2.894214354455471
answer,kubernetes,cross_naive,,1,dense_inserted,22,20f5f738fef864413316d55587661a323f439865,content/en/docs/reference/kubectl/introduction.md,2,0,1;2,1,MISSING,0,0,2.8525684028863907
answer,kubernetes,cross_naive,,1,dense_inserted,23,dc2fac362ae51ba81409fae648e3c87c4efef8e9,content/en/docs/concepts/scheduling-eviction/gang-scheduling.md,2,0,1;2,1,MISSING,0,0,2.860342152416706
answer,kubernetes,cross_naive,,1,dense_inserted,24,e77da46210baf2e4f788b8ff1acf0c2522ffbcf6,content/en/docs/concepts/workloads/pods/_index.md,2,0,1;2,1,MISSING,0,0,2.8625428676605225
answer,kubernetes,cross_naive,,1,sparse_inserted,0,1ed32985eae9c4d1a90c1865647b9703e20da886,content/en/docs/contribute/generate-ref-docs/config-api.md,2,0,1;2,1;2,AMBIGUOUS,0,0,3.345014527440071
answer,kubernetes,cross_naive,,1,sparse_inserted,1,dad5f8753314e521716ae139d1fd886390fc08d3,content/en/docs/tasks/extend-kubernetes/configure-aggregation-layer.md,2,0,1;2,1;2,AMBIGUOUS,0,0,3.0160127207636833
answer,kubernetes,cross_naive,,1,sparse_inserted,2,4c086dd93b2ed0fdf361b1533eebd3a1217d50da,content/en/docs/contribute/generate-ref-docs/prerequisites-ref-docs.md,2,0,1;2,1;2,AMBIGUOUS,0,0,2.989712171256542
answer,kubernetes,cross_naive,,1,sparse_inserted,3,787489f7a68e0601cdab37883dc461cc3725d7d1,content/en/docs/concepts/scheduling-eviction/topology-aware-scheduling.md,2,0,1;2,1;2,AMBIGUOUS,0,0,2.854933962225914
answer,kubernetes,cross_naive,,1,sparse_inserted,4,63a45fdb9543ae9a2831aac08e1e99e6924796aa,content/en/docs/reference/node/what-happens-on-restart.md,2,0,1;2,1;2,AMBIGUOUS,0,0,2.9189269989728928
answer,kubernetes,cross_naive,,1,sparse_inserted,5,b3f516481aaaa9ad1b71a0a9cc31346c02ec348a,content/en/docs/concepts/overview/working-with-objects/annotations.md,2,0,1;2,1;2,AMBIGUOUS,0,0,2.86687258630991
answer,kubernetes,cross_naive,,1,sparse_inserted,6,9c67be5e1be7b60d2fc0bc09226abf739be72152,content/en/docs/concepts/configuration/manage-resources-containers.md,2,0,1;2,1;2,AMBIGUOUS,0,0,2.8473036363720894
answer,kubernetes,cross_naive,,1,sparse_inserted,7,7e01eaee123c18c295656cea5cd03886fcbd2cc5,content/en/docs/concepts/cluster-administration/node-autoscaling.md,2,0,1;2,1;2,AMBIGUOUS,0,0,2.9807621613144875
answer,kubernetes,cross_naive,,1,sparse_inserted,8,7d6f80e5148219869055e2ec2acd63e971e7cf45,content/en/docs/concepts/cluster-administration/swap-memory-management.md,2,0,1;2,1;2,AMBIGUOUS,0,0,2.9989266768097878
answer,kubernetes,cross_naive,,1,sparse_inserted,9,4cec4d7ece88b7eb5b04b59e34fdce9c68c37be8,content/en/docs/tasks/inject-data-application/define-environment-variable-via-file.md,2,0,1;2,1;2,AMBIGUOUS,0,0,2.945699729025364
answer,kubernetes,cross_naive,,1,sparse_inserted,10,b0bc7de52f48b923bde8f567f8a58c7aa4e1ffad,content/en/docs/tutorials/kubernetes-basics/create-cluster/cluster-intro.md,2,0,1;2,1;2,AMBIGUOUS,0,0,2.851119264960289
answer,kubernetes,cross_naive,,1,sparse_inserted,11,152489ebf5efe70ad88a25f01faba14552d2c953,content/en/docs/setup/production-environment/container-runtimes.md,2,0,1;2,1;2,AMBIGUOUS,0,0,2.7716876938939095
answer,kubernetes,cross_naive,,1,sparse_inserted,12,e94b8926efca25bf711f4fa324c3658064691389,content/en/docs/tasks/debug/debug-application/debug-service.md,2,0,1;2,1;2,AMBIGUOUS,0,0,3.0556656420230865
answer,kubernetes,cross_naive,,1,sparse_inserted,13,c55865f28de688b69732418a823c5eac29ce42ff,content/en/docs/concepts/scheduling-eviction/resource-bin-packing.md,2,0,1;2,1;2,AMBIGUOUS,0,0,3.0008284375071526
answer,kubernetes,cross_naive,,1,sparse_inserted,14,893805d67799fe9d389624a047651c6149086614,content/en/docs/tasks/administer-cluster/certificates.md,2,0,1;2,1;2,AMBIGUOUS,0,0,3.038671799004078
answer,kubernetes,cross_naive,,1,sparse_inserted,15,b50bf20aa07b4d865d8ddaf4ba395ac8afd6126d,content/en/docs/contribute/style/hugo-shortcodes/index.md,2,0,1;2,1;2,AMBIGUOUS,0,0,2.9695434495806694
answer,kubernetes,cross_naive,,1,sparse_inserted,16,c37d57216103cd3473e82dc7b481bf5b34a1a197,content/en/docs/concepts/containers/runtime-class.md,2,0,1;2,1;2,AMBIGUOUS,0,0,2.907450310885906
answer,kubernetes,cross_naive,,1,sparse_inserted,17,9631a3e27addfcdd5c1b149147b7da85118e0cbf,content/en/docs/tasks/administer-cluster/topology-manager.md,2,0,1;2,1;2,AMBIGUOUS,0,0,3.0788127332925797
answer,kubernetes,cross_naive,,1,sparse_inserted,18,9ea55e8425f499774e0a96156e5f920e5d669825,content/en/docs/reference/access-authn-authz/certificate-signing-requests.md,2,0,1;2,1;2,AMBIGUOUS,0,0,2.936961129307747
answer,kubernetes,cross_naive,,1,sparse_inserted,19,80b85ff51d97577b13f08ddc4a37117ff44082c5,content/en/docs/reference/node/kubelet-sync-loop.md,2,0,1;2,1;2,AMBIGUOUS,0,0,3.010392189025879
answer,kubernetes,cross_naive,,1,sparse_inserted,20,9c0e34fff3a05acd195a63fb057cf7163252258f,content/en/docs/reference/command-line-tools-reference/kube-proxy.md,2,0,1;2,1;2,AMBIGUOUS,0,0,3.0860314145684242
answer,kubernetes,cross_naive,,1,sparse_inserted,21,6dc6c3a989c065ef570348e150e260291e5d670b,content/en/docs/concepts/scheduling-eviction/node-pressure-eviction.md,2,0,1;2,1;2,AMBIGUOUS,0,0,2.894798293709755
answer,kubernetes,cross_naive,,1,sparse_inserted,22,20f5f738fef864413316d55587661a323f439865,content/en/docs/reference/kubectl/introduction.md,2,0,1;2,1;2,AMBIGUOUS,0,0,2.92898528277874
answer,kubernetes,cross_naive,,1,sparse_inserted,23,dc2fac362ae51ba81409fae648e3c87c4efef8e9,content/en/docs/concepts/scheduling-eviction/gang-scheduling.md,2,0,1;2,1;2,AMBIGUOUS,0,0,3.0968189239501953
answer,kubernetes,cross_naive,,1,sparse_inserted,24,e77da46210baf2e4f788b8ff1acf0c2522ffbcf6,content/en/docs/concepts/workloads/pods/_index.md,2,0,1;2,1;2,AMBIGUOUS,0,0,3.1103696674108505
answer,kubernetes,cross_naive,,1,dense_old_deleted,0,1ed32985eae9c4d1a90c1865647b9703e20da886,content/en/docs/contribute/generate-ref-docs/config-api.md,2,0,2,1;2,AMBIGUOUS,0,0,3.130383789539337
answer,kubernetes,cross_naive,,1,dense_old_deleted,1,dad5f8753314e521716ae139d1fd886390fc08d3,content/en/docs/tasks/extend-kubernetes/configure-aggregation-layer.md,2,0,2,1;2,AMBIGUOUS,0,0,2.8800219297409058
answer,kubernetes,cross_naive,,1,dense_old_deleted,2,4c086dd93b2ed0fdf361b1533eebd3a1217d50da,content/en/docs/contribute/generate-ref-docs/prerequisites-ref-docs.md,2,0,2,1;2,AMBIGUOUS,0,0,2.7607474476099014
answer,kubernetes,cross_naive,,1,dense_old_deleted,3,787489f7a68e0601cdab37883dc461cc3725d7d1,content/en/docs/concepts/scheduling-eviction/topology-aware-scheduling.md,2,0,2,1;2,AMBIGUOUS,0,0,3.5580573603510857
answer,kubernetes,cross_naive,,1,dense_old_deleted,4,63a45fdb9543ae9a2831aac08e1e99e6924796aa,content/en/docs/reference/node/what-happens-on-restart.md,2,0,2,1;2,AMBIGUOUS,0,0,3.135085105895996
answer,kubernetes,cross_naive,,1,dense_old_deleted,5,b3f516481aaaa9ad1b71a0a9cc31346c02ec348a,content/en/docs/concepts/overview/working-with-objects/annotations.md,2,0,2,1;2,AMBIGUOUS,0,0,2.7122944593429565
answer,kubernetes,cross_naive,,1,dense_old_deleted,6,9c67be5e1be7b60d2fc0bc09226abf739be72152,content/en/docs/concepts/configuration/manage-resources-containers.md,2,0,2,1;2,AMBIGUOUS,0,0,2.7186721563339233
answer,kubernetes,cross_naive,,1,dense_old_deleted,7,7e01eaee123c18c295656cea5cd03886fcbd2cc5,content/en/docs/concepts/cluster-administration/node-autoscaling.md,2,0,2,1;2,AMBIGUOUS,0,0,2.748369239270687
answer,kubernetes,cross_naive,,1,dense_old_deleted,8,7d6f80e5148219869055e2ec2acd63e971e7cf45,content/en/docs/concepts/cluster-administration/swap-memory-management.md,2,0,2,1;2,AMBIGUOUS,0,0,3.0313869938254356
answer,kubernetes,cross_naive,,1,dense_old_deleted,9,4cec4d7ece88b7eb5b04b59e34fdce9c68c37be8,content/en/docs/tasks/inject-data-application/define-environment-variable-via-file.md,2,0,2,1;2,AMBIGUOUS,0,0,3.05093452334404
answer,kubernetes,cross_naive,,1,dense_old_deleted,10,b0bc7de52f48b923bde8f567f8a58c7aa4e1ffad,content/en/docs/tutorials/kubernetes-basics/create-cluster/cluster-intro.md,2,0,2,1;2,AMBIGUOUS,0,0,2.929425798356533
answer,kubernetes,cross_naive,,1,dense_old_deleted,11,152489ebf5efe70ad88a25f01faba14552d2c953,content/en/docs/setup/production-environment/container-runtimes.md,2,0,2,1;2,AMBIGUOUS,0,0,2.945193089544773
answer,kubernetes,cross_naive,,1,dense_old_deleted,12,e94b8926efca25bf711f4fa324c3658064691389,content/en/docs/tasks/debug/debug-application/debug-service.md,2,0,2,1;2,AMBIGUOUS,0,0,2.9755467548966408
answer,kubernetes,cross_naive,,1,dense_old_deleted,13,c55865f28de688b69732418a823c5eac29ce42ff,content/en/docs/concepts/scheduling-eviction/resource-bin-packing.md,2,0,2,1;2,AMBIGUOUS,0,0,2.7751578018069267
answer,kubernetes,cross_naive,,1,dense_old_deleted,14,893805d67799fe9d389624a047651c6149086614,content/en/docs/tasks/administer-cluster/certificates.md,2,0,2,1;2,AMBIGUOUS,0,0,2.658376470208168
answer,kubernetes,cross_naive,,1,dense_old_deleted,15,b50bf20aa07b4d865d8ddaf4ba395ac8afd6126d,content/en/docs/contribute/style/hugo-shortcodes/index.md,2,0,2,1;2,AMBIGUOUS,0,0,2.852492034435272
answer,kubernetes,cross_naive,,1,dense_old_deleted,16,c37d57216103cd3473e82dc7b481bf5b34a1a197,content/en/docs/concepts/containers/runtime-class.md,2,0,2,1;2,AMBIGUOUS,0,0,2.9409928247332573
answer,kubernetes,cross_naive,,1,dense_old_deleted,17,9631a3e27addfcdd5c1b149147b7da85118e0cbf,content/en/docs/tasks/administer-cluster/topology-manager.md,2,0,2,1;2,AMBIGUOUS,0,0,2.8533749282360077
answer,kubernetes,cross_naive,,1,dense_old_deleted,18,9ea55e8425f499774e0a96156e5f920e5d669825,content/en/docs/reference/access-authn-authz/certificate-signing-requests.md,2,0,2,1;2,AMBIGUOUS,0,0,3.0616801232099533
answer,kubernetes,cross_naive,,1,dense_old_deleted,19,80b85ff51d97577b13f08ddc4a37117ff44082c5,content/en/docs/reference/node/kubelet-sync-loop.md,2,0,2,1;2,AMBIGUOUS,0,0,2.9187938198447227
answer,kubernetes,cross_naive,,1,dense_old_deleted,20,9c0e34fff3a05acd195a63fb057cf7163252258f,content/en/docs/reference/command-line-tools-reference/kube-proxy.md,2,0,2,1;2,AMBIGUOUS,0,0,3.108642064034939
answer,kubernetes,cross_naive,,1,dense_old_deleted,21,6dc6c3a989c065ef570348e150e260291e5d670b,content/en/docs/concepts/scheduling-eviction/node-pressure-eviction.md,2,0,2,1;2,AMBIGUOUS,0,0,2.932405099272728
answer,kubernetes,cross_naive,,1,dense_old_deleted,22,20f5f738fef864413316d55587661a323f439865,content/en/docs/reference/kubectl/introduction.md,2,0,2,1;2,AMBIGUOUS,0,0,2.7230847626924515
answer,kubernetes,cross_naive,,1,dense_old_deleted,23,dc2fac362ae51ba81409fae648e3c87c4efef8e9,content/en/docs/concepts/scheduling-eviction/gang-scheduling.md,2,0,2,1;2,AMBIGUOUS,0,0,2.725299447774887
answer,kubernetes,cross_naive,,1,dense_old_deleted,24,e77da46210baf2e4f788b8ff1acf0c2522ffbcf6,content/en/docs/concepts/workloads/pods/_index.md,2,0,2,1;2,AMBIGUOUS,0,0,2.6680389419198036
answer,kubernetes,cross_naive,,1,sparse_old_deleted,0,1ed32985eae9c4d1a90c1865647b9703e20da886,content/en/docs/contribute/generate-ref-docs/config-api.md,2,0,2,2,NEW_ONLY,1,1,3.410852514207363
answer,kubernetes,cross_naive,,1,sparse_old_deleted,1,dad5f8753314e521716ae139d1fd886390fc08d3,content/en/docs/tasks/extend-kubernetes/configure-aggregation-layer.md,2,0,2,2,NEW_ONLY,1,1,2.8614960610866547
answer,kubernetes,cross_naive,,1,sparse_old_deleted,2,4c086dd93b2ed0fdf361b1533eebd3a1217d50da,content/en/docs/contribute/generate-ref-docs/prerequisites-ref-docs.md,2,0,2,2,NEW_ONLY,1,1,2.997509203851223
answer,kubernetes,cross_naive,,1,sparse_old_deleted,3,787489f7a68e0601cdab37883dc461cc3725d7d1,content/en/docs/concepts/scheduling-eviction/topology-aware-scheduling.md,2,0,2,2,NEW_ONLY,1,1,2.807512879371643
answer,kubernetes,cross_naive,,1,sparse_old_deleted,4,63a45fdb9543ae9a2831aac08e1e99e6924796aa,content/en/docs/reference/node/what-happens-on-restart.md,2,0,2,2,NEW_ONLY,1,1,2.8793932870030403
answer,kubernetes,cross_naive,,1,sparse_old_deleted,5,b3f516481aaaa9ad1b71a0a9cc31346c02ec348a,content/en/docs/concepts/overview/working-with-objects/annotations.md,2,0,2,2,NEW_ONLY,1,1,2.9203062877058983
answer,kubernetes,cross_naive,,1,sparse_old_deleted,6,9c67be5e1be7b60d2fc0bc09226abf739be72152,content/en/docs/concepts/configuration/manage-resources-containers.md,2,0,2,2,NEW_ONLY,1,1,2.884378656744957
answer,kubernetes,cross_naive,,1,sparse_old_deleted,7,7e01eaee123c18c295656cea5cd03886fcbd2cc5,content/en/docs/concepts/cluster-administration/node-autoscaling.md,2,0,2,2,NEW_ONLY,1,1,2.9366016387939453
answer,kubernetes,cross_naive,,1,sparse_old_deleted,8,7d6f80e5148219869055e2ec2acd63e971e7cf45,content/en/docs/concepts/cluster-administration/swap-memory-management.md,2,0,2,2,NEW_ONLY,1,1,2.7907630428671837
answer,kubernetes,cross_naive,,1,sparse_old_deleted,9,4cec4d7ece88b7eb5b04b59e34fdce9c68c37be8,content/en/docs/tasks/inject-data-application/define-environment-variable-via-file.md,2,0,2,2,NEW_ONLY,1,1,2.9331622645258904
answer,kubernetes,cross_naive,,1,sparse_old_deleted,10,b0bc7de52f48b923bde8f567f8a58c7aa4e1ffad,content/en/docs/tutorials/kubernetes-basics/create-cluster/cluster-intro.md,2,0,2,2,NEW_ONLY,1,1,2.9490552842617035
answer,kubernetes,cross_naive,,1,sparse_old_deleted,11,152489ebf5efe70ad88a25f01faba14552d2c953,content/en/docs/setup/production-environment/container-runtimes.md,2,0,2,2,NEW_ONLY,1,1,5.9043001383543015
answer,kubernetes,cross_naive,,1,sparse_old_deleted,12,e94b8926efca25bf711f4fa324c3658064691389,content/en/docs/tasks/debug/debug-application/debug-service.md,2,0,2,2,NEW_ONLY,1,1,3.2585235312581062
answer,kubernetes,cross_naive,,1,sparse_old_deleted,13,c55865f28de688b69732418a823c5eac29ce42ff,content/en/docs/concepts/scheduling-eviction/resource-bin-packing.md,2,0,2,2,NEW_ONLY,1,1,3.0203545466065407
answer,kubernetes,cross_naive,,1,sparse_old_deleted,14,893805d67799fe9d389624a047651c6149086614,content/en/docs/tasks/administer-cluster/certificates.md,2,0,2,2,NEW_ONLY,1,1,3.0800551176071167
answer,kubernetes,cross_naive,,1,sparse_old_deleted,15,b50bf20aa07b4d865d8ddaf4ba395ac8afd6126d,content/en/docs/contribute/style/hugo-shortcodes/index.md,2,0,2,2,NEW_ONLY,1,1,3.03597841411829
answer,kubernetes,cross_naive,,1,sparse_old_deleted,16,c37d57216103cd3473e82dc7b481bf5b34a1a197,content/en/docs/concepts/containers/runtime-class.md,2,0,2,2,NEW_ONLY,1,1,2.8206119313836098
answer,kubernetes,cross_naive,,1,sparse_old_deleted,17,9631a3e27addfcdd5c1b149147b7da85118e0cbf,content/en/docs/tasks/administer-cluster/topology-manager.md,2,0,2,2,NEW_ONLY,1,1,2.959146164357662
answer,kubernetes,cross_naive,,1,sparse_old_deleted,18,9ea55e8425f499774e0a96156e5f920e5d669825,content/en/docs/reference/access-authn-authz/certificate-signing-requests.md,2,0,2,2,NEW_ONLY,1,1,2.887565642595291
answer,kubernetes,cross_naive,,1,sparse_old_deleted,19,80b85ff51d97577b13f08ddc4a37117ff44082c5,content/en/docs/reference/node/kubelet-sync-loop.md,2,0,2,2,NEW_ONLY,1,1,2.909773960709572
answer,kubernetes,cross_naive,,1,sparse_old_deleted,20,9c0e34fff3a05acd195a63fb057cf7163252258f,content/en/docs/reference/command-line-tools-reference/kube-proxy.md,2,0,2,2,NEW_ONLY,1,1,2.971300855278969
answer,kubernetes,cross_naive,,1,sparse_old_deleted,21,6dc6c3a989c065ef570348e150e260291e5d670b,content/en/docs/concepts/scheduling-eviction/node-pressure-eviction.md,2,0,2,2,NEW_ONLY,1,1,2.7593951672315598
answer,kubernetes,cross_naive,,1,sparse_old_deleted,22,20f5f738fef864413316d55587661a323f439865,content/en/docs/reference/kubectl/introduction.md,2,0,2,2,NEW_ONLY,1,1,2.869897522032261
answer,kubernetes,cross_naive,,1,sparse_old_deleted,23,dc2fac362ae51ba81409fae648e3c87c4efef8e9,content/en/docs/concepts/scheduling-eviction/gang-scheduling.md,2,0,2,2,NEW_ONLY,1,1,3.074442036449909
answer,kubernetes,cross_naive,,1,sparse_old_deleted,24,e77da46210baf2e4f788b8ff1acf0c2522ffbcf6,content/en/docs/concepts/workloads/pods/_index.md,2,0,2,2,NEW_ONLY,1,1,2.856241539120674
answer,kubernetes,cross_naive,,2,initial,0,1ed32985eae9c4d1a90c1865647b9703e20da886,content/en/docs/contribute/generate-ref-docs/config-api.md,1,0,1,1,OLD_ONLY,1,0,61.89954839646816
answer,kubernetes,cross_naive,,2,initial,1,dad5f8753314e521716ae139d1fd886390fc08d3,content/en/docs/tasks/extend-kubernetes/configure-aggregation-layer.md,1,0,1,1,OLD_ONLY,1,0,3.345436416566372
answer,kubernetes,cross_naive,,2,initial,2,4c086dd93b2ed0fdf361b1533eebd3a1217d50da,content/en/docs/contribute/generate-ref-docs/prerequisites-ref-docs.md,1,0,1,1,OLD_ONLY,1,0,3.318226896226406
answer,kubernetes,cross_naive,,2,initial,3,787489f7a68e0601cdab37883dc461cc3725d7d1,content/en/docs/concepts/scheduling-eviction/topology-aware-scheduling.md,1,0,1,1,OLD_ONLY,1,0,3.225823864340782
answer,kubernetes,cross_naive,,2,initial,4,63a45fdb9543ae9a2831aac08e1e99e6924796aa,content/en/docs/reference/node/what-happens-on-restart.md,1,0,1,1,OLD_ONLY,1,0,3.3186106011271477
answer,kubernetes,cross_naive,,2,initial,5,b3f516481aaaa9ad1b71a0a9cc31346c02ec348a,content/en/docs/concepts/overview/working-with-objects/annotations.md,1,0,1,1,OLD_ONLY,1,0,3.9278697222471237
answer,kubernetes,cross_naive,,2,initial,6,9c67be5e1be7b60d2fc0bc09226abf739be72152,content/en/docs/concepts/configuration/manage-resources-containers.md,1,0,1,1,OLD_ONLY,1,0,3.245108760893345
answer,kubernetes,cross_naive,,2,initial,7,7e01eaee123c18c295656cea5cd03886fcbd2cc5,content/en/docs/concepts/cluster-administration/node-autoscaling.md,1,0,1,1,OLD_ONLY,1,0,3.955962136387825
answer,kubernetes,cross_naive,,2,initial,8,7d6f80e5148219869055e2ec2acd63e971e7cf45,content/en/docs/concepts/cluster-administration/swap-memory-management.md,1,0,1,1,OLD_ONLY,1,0,2.8693433851003647
answer,kubernetes,cross_naive,,2,initial,9,4cec4d7ece88b7eb5b04b59e34fdce9c68c37be8,content/en/docs/tasks/inject-data-application/define-environment-variable-via-file.md,1,0,1,1,OLD_ONLY,1,0,2.9489360749721527
answer,kubernetes,cross_naive,,2,initial,10,b0bc7de52f48b923bde8f567f8a58c7aa4e1ffad,content/en/docs/tutorials/kubernetes-basics/create-cluster/cluster-intro.md,1,0,1,1,OLD_ONLY,1,0,3.1774593517184258
answer,kubernetes,cross_naive,,2,initial,11,152489ebf5efe70ad88a25f01faba14552d2c953,content/en/docs/setup/production-environment/container-runtimes.md,1,0,1,1,OLD_ONLY,1,0,2.8347764164209366
answer,kubernetes,cross_naive,,2,initial,12,e94b8926efca25bf711f4fa324c3658064691389,content/en/docs/tasks/debug/debug-application/debug-service.md,1,0,1,1,OLD_ONLY,1,0,2.7900412678718567
answer,kubernetes,cross_naive,,2,initial,13,c55865f28de688b69732418a823c5eac29ce42ff,content/en/docs/concepts/scheduling-eviction/resource-bin-packing.md,1,0,1,1,OLD_ONLY,1,0,2.9392512515187263
answer,kubernetes,cross_naive,,2,initial,14,893805d67799fe9d389624a047651c6149086614,content/en/docs/tasks/administer-cluster/certificates.md,1,0,1,1,OLD_ONLY,1,0,2.9797684401273727
answer,kubernetes,cross_naive,,2,initial,15,b50bf20aa07b4d865d8ddaf4ba395ac8afd6126d,content/en/docs/contribute/style/hugo-shortcodes/index.md,1,0,1,1,OLD_ONLY,1,0,2.8385119512677193
answer,kubernetes,cross_naive,,2,initial,16,c37d57216103cd3473e82dc7b481bf5b34a1a197,content/en/docs/concepts/containers/runtime-class.md,1,0,1,1,OLD_ONLY,1,0,2.9070554301142693
answer,kubernetes,cross_naive,,2,initial,17,9631a3e27addfcdd5c1b149147b7da85118e0cbf,content/en/docs/tasks/administer-cluster/topology-manager.md,1,0,1,1,OLD_ONLY,1,0,2.7916477993130684
answer,kubernetes,cross_naive,,2,initial,18,9ea55e8425f499774e0a96156e5f920e5d669825,content/en/docs/reference/access-authn-authz/certificate-signing-requests.md,1,0,1,1,OLD_ONLY,1,0,3.147878684103489
answer,kubernetes,cross_naive,,2,initial,19,80b85ff51d97577b13f08ddc4a37117ff44082c5,content/en/docs/reference/node/kubelet-sync-loop.md,1,0,1,1,OLD_ONLY,1,0,2.9043368995189667
answer,kubernetes,cross_naive,,2,initial,20,9c0e34fff3a05acd195a63fb057cf7163252258f,content/en/docs/reference/command-line-tools-reference/kube-proxy.md,1,0,1,1,OLD_ONLY,1,0,2.8207506984472275
answer,kubernetes,cross_naive,,2,initial,21,6dc6c3a989c065ef570348e150e260291e5d670b,content/en/docs/concepts/scheduling-eviction/node-pressure-eviction.md,1,0,1,1,OLD_ONLY,1,0,3.062129020690918
answer,kubernetes,cross_naive,,2,initial,22,20f5f738fef864413316d55587661a323f439865,content/en/docs/reference/kubectl/introduction.md,1,0,1,1,OLD_ONLY,1,0,2.9401276260614395
answer,kubernetes,cross_naive,,2,initial,23,dc2fac362ae51ba81409fae648e3c87c4efef8e9,content/en/docs/concepts/scheduling-eviction/gang-scheduling.md,1,0,1,1,OLD_ONLY,1,0,3.4788642078638077
answer,kubernetes,cross_naive,,2,initial,24,e77da46210baf2e4f788b8ff1acf0c2522ffbcf6,content/en/docs/concepts/workloads/pods/_index.md,1,0,1,1,OLD_ONLY,1,0,3.3348379656672478
answer,kubernetes,cross_naive,,2,manifest_published,0,1ed32985eae9c4d1a90c1865647b9703e20da886,content/en/docs/contribute/generate-ref-docs/config-api.md,2,0,1,1,MISSING,0,0,3.5026492550969124
answer,kubernetes,cross_naive,,2,manifest_published,1,dad5f8753314e521716ae139d1fd886390fc08d3,content/en/docs/tasks/extend-kubernetes/configure-aggregation-layer.md,2,0,1,1,MISSING,0,0,3.138948231935501
answer,kubernetes,cross_naive,,2,manifest_published,2,4c086dd93b2ed0fdf361b1533eebd3a1217d50da,content/en/docs/contribute/generate-ref-docs/prerequisites-ref-docs.md,2,0,1,1,MISSING,0,0,3.3848416060209274
answer,kubernetes,cross_naive,,2,manifest_published,3,787489f7a68e0601cdab37883dc461cc3725d7d1,content/en/docs/concepts/scheduling-eviction/topology-aware-scheduling.md,2,0,1,1,MISSING,0,0,2.913782373070717
answer,kubernetes,cross_naive,,2,manifest_published,4,63a45fdb9543ae9a2831aac08e1e99e6924796aa,content/en/docs/reference/node/what-happens-on-restart.md,2,0,1,1,MISSING,0,0,2.99663282930851
answer,kubernetes,cross_naive,,2,manifest_published,5,b3f516481aaaa9ad1b71a0a9cc31346c02ec348a,content/en/docs/concepts/overview/working-with-objects/annotations.md,2,0,1,1,MISSING,0,0,3.069390542805195
answer,kubernetes,cross_naive,,2,manifest_published,6,9c67be5e1be7b60d2fc0bc09226abf739be72152,content/en/docs/concepts/configuration/manage-resources-containers.md,2,0,1,1,MISSING,0,0,3.1068893149495125
answer,kubernetes,cross_naive,,2,manifest_published,7,7e01eaee123c18c295656cea5cd03886fcbd2cc5,content/en/docs/concepts/cluster-administration/node-autoscaling.md,2,0,1,1,MISSING,0,0,2.769598737359047
answer,kubernetes,cross_naive,,2,manifest_published,8,7d6f80e5148219869055e2ec2acd63e971e7cf45,content/en/docs/concepts/cluster-administration/swap-memory-management.md,2,0,1,1,MISSING,0,0,2.6648780331015587
answer,kubernetes,cross_naive,,2,manifest_published,9,4cec4d7ece88b7eb5b04b59e34fdce9c68c37be8,content/en/docs/tasks/inject-data-application/define-environment-variable-via-file.md,2,0,1,1,MISSING,0,0,3.0035022646188736
answer,kubernetes,cross_naive,,2,manifest_published,10,b0bc7de52f48b923bde8f567f8a58c7aa4e1ffad,content/en/docs/tutorials/kubernetes-basics/create-cluster/cluster-intro.md,2,0,1,1,MISSING,0,0,3.185974434018135
answer,kubernetes,cross_naive,,2,manifest_published,11,152489ebf5efe70ad88a25f01faba14552d2c953,content/en/docs/setup/production-environment/container-runtimes.md,2,0,1,1,MISSING,0,0,2.782144583761692
answer,kubernetes,cross_naive,,2,manifest_published,12,e94b8926efca25bf711f4fa324c3658064691389,content/en/docs/tasks/debug/debug-application/debug-service.md,2,0,1,1,MISSING,0,0,3.565428778529167
answer,kubernetes,cross_naive,,2,manifest_published,13,c55865f28de688b69732418a823c5eac29ce42ff,content/en/docs/concepts/scheduling-eviction/resource-bin-packing.md,2,0,1,1,MISSING,0,0,2.9675448313355446
answer,kubernetes,cross_naive,,2,manifest_published,14,893805d67799fe9d389624a047651c6149086614,content/en/docs/tasks/administer-cluster/certificates.md,2,0,1,1,MISSING,0,0,3.0196644365787506
answer,kubernetes,cross_naive,,2,manifest_published,15,b50bf20aa07b4d865d8ddaf4ba395ac8afd6126d,content/en/docs/contribute/style/hugo-shortcodes/index.md,2,0,1,1,MISSING,0,0,2.8881262987852097
answer,kubernetes,cross_naive,,2,manifest_published,16,c37d57216103cd3473e82dc7b481bf5b34a1a197,content/en/docs/concepts/containers/runtime-class.md,2,0,1,1,MISSING,0,0,2.8625773265957832
answer,kubernetes,cross_naive,,2,manifest_published,17,9631a3e27addfcdd5c1b149147b7da85118e0cbf,content/en/docs/tasks/administer-cluster/topology-manager.md,2,0,1,1,MISSING,0,0,2.907642163336277
answer,kubernetes,cross_naive,,2,manifest_published,18,9ea55e8425f499774e0a96156e5f920e5d669825,content/en/docs/reference/access-authn-authz/certificate-signing-requests.md,2,0,1,1,MISSING,0,0,2.8951773419976234
answer,kubernetes,cross_naive,,2,manifest_published,19,80b85ff51d97577b13f08ddc4a37117ff44082c5,content/en/docs/reference/node/kubelet-sync-loop.md,2,0,1,1,MISSING,0,0,2.9350072145462036
answer,kubernetes,cross_naive,,2,manifest_published,20,9c0e34fff3a05acd195a63fb057cf7163252258f,content/en/docs/reference/command-line-tools-reference/kube-proxy.md,2,0,1,1,MISSING,0,0,2.9070107266306877
answer,kubernetes,cross_naive,,2,manifest_published,21,6dc6c3a989c065ef570348e150e260291e5d670b,content/en/docs/concepts/scheduling-eviction/node-pressure-eviction.md,2,0,1,1,MISSING,0,0,3.0454974621534348
answer,kubernetes,cross_naive,,2,manifest_published,22,20f5f738fef864413316d55587661a323f439865,content/en/docs/reference/kubectl/introduction.md,2,0,1,1,MISSING,0,0,2.9842443764209747
answer,kubernetes,cross_naive,,2,manifest_published,23,dc2fac362ae51ba81409fae648e3c87c4efef8e9,content/en/docs/concepts/scheduling-eviction/gang-scheduling.md,2,0,1,1,MISSING,0,0,3.082375042140484
answer,kubernetes,cross_naive,,2,manifest_published,24,e77da46210baf2e4f788b8ff1acf0c2522ffbcf6,content/en/docs/concepts/workloads/pods/_index.md,2,0,1,1,MISSING,0,0,2.9386067762970924
answer,kubernetes,cross_naive,,2,dense_inserted,0,1ed32985eae9c4d1a90c1865647b9703e20da886,content/en/docs/contribute/generate-ref-docs/config-api.md,2,0,1;2,1,MISSING,0,0,3.379514440894127
answer,kubernetes,cross_naive,,2,dense_inserted,1,dad5f8753314e521716ae139d1fd886390fc08d3,content/en/docs/tasks/extend-kubernetes/configure-aggregation-layer.md,2,0,1;2,1,MISSING,0,0,2.9891235753893852
answer,kubernetes,cross_naive,,2,dense_inserted,2,4c086dd93b2ed0fdf361b1533eebd3a1217d50da,content/en/docs/contribute/generate-ref-docs/prerequisites-ref-docs.md,2,0,1;2,1,MISSING,0,0,2.961226738989353
answer,kubernetes,cross_naive,,2,dense_inserted,3,787489f7a68e0601cdab37883dc461cc3725d7d1,content/en/docs/concepts/scheduling-eviction/topology-aware-scheduling.md,2,0,1;2,1,MISSING,0,0,3.0499817803502083
answer,kubernetes,cross_naive,,2,dense_inserted,4,63a45fdb9543ae9a2831aac08e1e99e6924796aa,content/en/docs/reference/node/what-happens-on-restart.md,2,0,1;2,1,MISSING,0,0,2.9445718973875046
answer,kubernetes,cross_naive,,2,dense_inserted,5,b3f516481aaaa9ad1b71a0a9cc31346c02ec348a,content/en/docs/concepts/overview/working-with-objects/annotations.md,2,0,1;2,1,MISSING,0,0,3.032088279724121
answer,kubernetes,cross_naive,,2,dense_inserted,6,9c67be5e1be7b60d2fc0bc09226abf739be72152,content/en/docs/concepts/configuration/manage-resources-containers.md,2,0,1;2,1,MISSING,0,0,3.0858367681503296
answer,kubernetes,cross_naive,,2,dense_inserted,7,7e01eaee123c18c295656cea5cd03886fcbd2cc5,content/en/docs/concepts/cluster-administration/node-autoscaling.md,2,0,1;2,1,MISSING,0,0,2.90753785520792
answer,kubernetes,cross_naive,,2,dense_inserted,8,7d6f80e5148219869055e2ec2acd63e971e7cf45,content/en/docs/concepts/cluster-administration/swap-memory-management.md,2,0,1;2,1,MISSING,0,0,2.892129123210907
answer,kubernetes,cross_naive,,2,dense_inserted,9,4cec4d7ece88b7eb5b04b59e34fdce9c68c37be8,content/en/docs/tasks/inject-data-application/define-environment-variable-via-file.md,2,0,1;2,1,MISSING,0,0,3.008682280778885
answer,kubernetes,cross_naive,,2,dense_inserted,10,b0bc7de52f48b923bde8f567f8a58c7aa4e1ffad,content/en/docs/tutorials/kubernetes-basics/create-cluster/cluster-intro.md,2,0,1;2,1,MISSING,0,0,2.817152999341488
answer,kubernetes,cross_naive,,2,dense_inserted,11,152489ebf5efe70ad88a25f01faba14552d2c953,content/en/docs/setup/production-environment/container-runtimes.md,2,0,1;2,1,MISSING,0,0,2.982756122946739
answer,kubernetes,cross_naive,,2,dense_inserted,12,e94b8926efca25bf711f4fa324c3658064691389,content/en/docs/tasks/debug/debug-application/debug-service.md,2,0,1;2,1,MISSING,0,0,2.860463224351406
answer,kubernetes,cross_naive,,2,dense_inserted,13,c55865f28de688b69732418a823c5eac29ce42ff,content/en/docs/concepts/scheduling-eviction/resource-bin-packing.md,2,0,1;2,1,MISSING,0,0,2.965080551803112
answer,kubernetes,cross_naive,,2,dense_inserted,14,893805d67799fe9d389624a047651c6149086614,content/en/docs/tasks/administer-cluster/certificates.md,2,0,1;2,1,MISSING,0,0,3.0285855755209923
answer,kubernetes,cross_naive,,2,dense_inserted,15,b50bf20aa07b4d865d8ddaf4ba395ac8afd6126d,content/en/docs/contribute/style/hugo-shortcodes/index.md,2,0,1;2,1,MISSING,0,0,2.9082242399454117
answer,kubernetes,cross_naive,,2,dense_inserted,16,c37d57216103cd3473e82dc7b481bf5b34a1a197,content/en/docs/concepts/containers/runtime-class.md,2,0,1;2,1,MISSING,0,0,3.085046075284481
answer,kubernetes,cross_naive,,2,dense_inserted,17,9631a3e27addfcdd5c1b149147b7da85118e0cbf,content/en/docs/tasks/administer-cluster/topology-manager.md,2,0,1;2,1,MISSING,0,0,2.9295645654201508
answer,kubernetes,cross_naive,,2,dense_inserted,18,9ea55e8425f499774e0a96156e5f920e5d669825,content/en/docs/reference/access-authn-authz/certificate-signing-requests.md,2,0,1;2,1,MISSING,0,0,2.8180861845612526
answer,kubernetes,cross_naive,,2,dense_inserted,19,80b85ff51d97577b13f08ddc4a37117ff44082c5,content/en/docs/reference/node/kubelet-sync-loop.md,2,0,1;2,1,MISSING,0,0,3.0686212703585625
answer,kubernetes,cross_naive,,2,dense_inserted,20,9c0e34fff3a05acd195a63fb057cf7163252258f,content/en/docs/reference/command-line-tools-reference/kube-proxy.md,2,0,1;2,1,MISSING,0,0,2.9044989496469498
answer,kubernetes,cross_naive,,2,dense_inserted,21,6dc6c3a989c065ef570348e150e260291e5d670b,content/en/docs/concepts/scheduling-eviction/node-pressure-eviction.md,2,0,1;2,1,MISSING,0,0,2.9269158840179443
answer,kubernetes,cross_naive,,2,dense_inserted,22,20f5f738fef864413316d55587661a323f439865,content/en/docs/reference/kubectl/introduction.md,2,0,1;2,1,MISSING,0,0,3.0009252950549126
answer,kubernetes,cross_naive,,2,dense_inserted,23,dc2fac362ae51ba81409fae648e3c87c4efef8e9,content/en/docs/concepts/scheduling-eviction/gang-scheduling.md,2,0,1;2,1,MISSING,0,0,2.8902487829327583
answer,kubernetes,cross_naive,,2,dense_inserted,24,e77da46210baf2e4f788b8ff1acf0c2522ffbcf6,content/en/docs/concepts/workloads/pods/_index.md,2,0,1;2,1,MISSING,0,0,2.8720078989863396
answer,kubernetes,cross_naive,,2,sparse_inserted,0,1ed32985eae9c4d1a90c1865647b9703e20da886,content/en/docs/contribute/generate-ref-docs/config-api.md,2,0,1;2,1;2,AMBIGUOUS,0,0,3.082902170717716
answer,kubernetes,cross_naive,,2,sparse_inserted,1,dad5f8753314e521716ae139d1fd886390fc08d3,content/en/docs/tasks/extend-kubernetes/configure-aggregation-layer.md,2,0,1;2,1;2,AMBIGUOUS,0,0,3.3010803163051605
answer,kubernetes,cross_naive,,2,sparse_inserted,2,4c086dd93b2ed0fdf361b1533eebd3a1217d50da,content/en/docs/contribute/generate-ref-docs/prerequisites-ref-docs.md,2,0,1;2,1;2,AMBIGUOUS,0,0,3.0006617307662964
answer,kubernetes,cross_naive,,2,sparse_inserted,3,787489f7a68e0601cdab37883dc461cc3725d7d1,content/en/docs/concepts/scheduling-eviction/topology-aware-scheduling.md,2,0,1;2,1;2,AMBIGUOUS,0,0,3.194495104253292
answer,kubernetes,cross_naive,,2,sparse_inserted,4,63a45fdb9543ae9a2831aac08e1e99e6924796aa,content/en/docs/reference/node/what-happens-on-restart.md,2,0,1;2,1;2,AMBIGUOUS,0,0,3.4942450001835823
answer,kubernetes,cross_naive,,2,sparse_inserted,5,b3f516481aaaa9ad1b71a0a9cc31346c02ec348a,content/en/docs/concepts/overview/working-with-objects/annotations.md,2,0,1;2,1;2,AMBIGUOUS,0,0,3.183690831065178
answer,kubernetes,cross_naive,,2,sparse_inserted,6,9c67be5e1be7b60d2fc0bc09226abf739be72152,content/en/docs/concepts/configuration/manage-resources-containers.md,2,0,1;2,1;2,AMBIGUOUS,0,0,2.87450198084116
answer,kubernetes,cross_naive,,2,sparse_inserted,7,7e01eaee123c18c295656cea5cd03886fcbd2cc5,content/en/docs/concepts/cluster-administration/node-autoscaling.md,2,0,1;2,1;2,AMBIGUOUS,0,0,2.9368018731474876
answer,kubernetes,cross_naive,,2,sparse_inserted,8,7d6f80e5148219869055e2ec2acd63e971e7cf45,content/en/docs/concepts/cluster-administration/swap-memory-management.md,2,0,1;2,1;2,AMBIGUOUS,0,0,2.876507118344307
answer,kubernetes,cross_naive,,2,sparse_inserted,9,4cec4d7ece88b7eb5b04b59e34fdce9c68c37be8,content/en/docs/tasks/inject-data-application/define-environment-variable-via-file.md,2,0,1;2,1;2,AMBIGUOUS,0,0,2.9823752120137215
answer,kubernetes,cross_naive,,2,sparse_inserted,10,b0bc7de52f48b923bde8f567f8a58c7aa4e1ffad,content/en/docs/tutorials/kubernetes-basics/create-cluster/cluster-intro.md,2,0,1;2,1;2,AMBIGUOUS,0,0,2.948349341750145
answer,kubernetes,cross_naive,,2,sparse_inserted,11,152489ebf5efe70ad88a25f01faba14552d2c953,content/en/docs/setup/production-environment/container-runtimes.md,2,0,1;2,1;2,AMBIGUOUS,0,0,3.0738478526473045
answer,kubernetes,cross_naive,,2,sparse_inserted,12,e94b8926efca25bf711f4fa324c3658064691389,content/en/docs/tasks/debug/debug-application/debug-service.md,2,0,1;2,1;2,AMBIGUOUS,0,0,2.975557930767536
answer,kubernetes,cross_naive,,2,sparse_inserted,13,c55865f28de688b69732418a823c5eac29ce42ff,content/en/docs/concepts/scheduling-eviction/resource-bin-packing.md,2,0,1;2,1;2,AMBIGUOUS,0,0,2.9279477894306183
answer,kubernetes,cross_naive,,2,sparse_inserted,14,893805d67799fe9d389624a047651c6149086614,content/en/docs/tasks/administer-cluster/certificates.md,2,0,1;2,1;2,AMBIGUOUS,0,0,2.9896330088377
answer,kubernetes,cross_naive,,2,sparse_inserted,15,b50bf20aa07b4d865d8ddaf4ba395ac8afd6126d,content/en/docs/contribute/style/hugo-shortcodes/index.md,2,0,1;2,1;2,AMBIGUOUS,0,0,2.9901908710598946
answer,kubernetes,cross_naive,,2,sparse_inserted,16,c37d57216103cd3473e82dc7b481bf5b34a1a197,content/en/docs/concepts/containers/runtime-class.md,2,0,1;2,1;2,AMBIGUOUS,0,0,3.0467212200164795
answer,kubernetes,cross_naive,,2,sparse_inserted,17,9631a3e27addfcdd5c1b149147b7da85118e0cbf,content/en/docs/tasks/administer-cluster/topology-manager.md,2,0,1;2,1;2,AMBIGUOUS,0,0,2.7927737683057785
answer,kubernetes,cross_naive,,2,sparse_inserted,18,9ea55e8425f499774e0a96156e5f920e5d669825,content/en/docs/reference/access-authn-authz/certificate-signing-requests.md,2,0,1;2,1;2,AMBIGUOUS,0,0,2.967669628560543
answer,kubernetes,cross_naive,,2,sparse_inserted,19,80b85ff51d97577b13f08ddc4a37117ff44082c5,content/en/docs/reference/node/kubelet-sync-loop.md,2,0,1;2,1;2,AMBIGUOUS,0,0,3.1429724767804146
answer,kubernetes,cross_naive,,2,sparse_inserted,20,9c0e34fff3a05acd195a63fb057cf7163252258f,content/en/docs/reference/command-line-tools-reference/kube-proxy.md,2,0,1;2,1;2,AMBIGUOUS,0,0,3.0600158497691154
answer,kubernetes,cross_naive,,2,sparse_inserted,21,6dc6c3a989c065ef570348e150e260291e5d670b,content/en/docs/concepts/scheduling-eviction/node-pressure-eviction.md,2,0,1;2,1;2,AMBIGUOUS,0,0,3.3494168892502785
answer,kubernetes,cross_naive,,2,sparse_inserted,22,20f5f738fef864413316d55587661a323f439865,content/en/docs/reference/kubectl/introduction.md,2,0,1;2,1;2,AMBIGUOUS,0,0,8.241644129157066
answer,kubernetes,cross_naive,,2,sparse_inserted,23,dc2fac362ae51ba81409fae648e3c87c4efef8e9,content/en/docs/concepts/scheduling-eviction/gang-scheduling.md,2,0,1;2,1;2,AMBIGUOUS,0,0,3.1883148476481438
answer,kubernetes,cross_naive,,2,sparse_inserted,24,e77da46210baf2e4f788b8ff1acf0c2522ffbcf6,content/en/docs/concepts/workloads/pods/_index.md,2,0,1;2,1;2,AMBIGUOUS,0,0,3.019205294549465
answer,kubernetes,cross_naive,,2,dense_old_deleted,0,1ed32985eae9c4d1a90c1865647b9703e20da886,content/en/docs/contribute/generate-ref-docs/config-api.md,2,0,2,1;2,AMBIGUOUS,0,0,3.3816974610090256
answer,kubernetes,cross_naive,,2,dense_old_deleted,1,dad5f8753314e521716ae139d1fd886390fc08d3,content/en/docs/tasks/extend-kubernetes/configure-aggregation-layer.md,2,0,2,1;2,AMBIGUOUS,0,0,3.0201412737369537
answer,kubernetes,cross_naive,,2,dense_old_deleted,2,4c086dd93b2ed0fdf361b1533eebd3a1217d50da,content/en/docs/contribute/generate-ref-docs/prerequisites-ref-docs.md,2,0,2,1;2,AMBIGUOUS,0,0,3.12863290309906
answer,kubernetes,cross_naive,,2,dense_old_deleted,3,787489f7a68e0601cdab37883dc461cc3725d7d1,content/en/docs/concepts/scheduling-eviction/topology-aware-scheduling.md,2,0,2,1;2,AMBIGUOUS,0,0,2.994711510837078
answer,kubernetes,cross_naive,,2,dense_old_deleted,4,63a45fdb9543ae9a2831aac08e1e99e6924796aa,content/en/docs/reference/node/what-happens-on-restart.md,2,0,2,1;2,AMBIGUOUS,0,0,2.996726892888546
answer,kubernetes,cross_naive,,2,dense_old_deleted,5,b3f516481aaaa9ad1b71a0a9cc31346c02ec348a,content/en/docs/concepts/overview/working-with-objects/annotations.md,2,0,2,1;2,AMBIGUOUS,0,0,3.1809983775019646
answer,kubernetes,cross_naive,,2,dense_old_deleted,6,9c67be5e1be7b60d2fc0bc09226abf739be72152,content/en/docs/concepts/configuration/manage-resources-containers.md,2,0,2,1;2,AMBIGUOUS,0,0,3.200249746441841
answer,kubernetes,cross_naive,,2,dense_old_deleted,7,7e01eaee123c18c295656cea5cd03886fcbd2cc5,content/en/docs/concepts/cluster-administration/node-autoscaling.md,2,0,2,1;2,AMBIGUOUS,0,0,3.229989670217037
answer,kubernetes,cross_naive,,2,dense_old_deleted,8,7d6f80e5148219869055e2ec2acd63e971e7cf45,content/en/docs/concepts/cluster-administration/swap-memory-management.md,2,0,2,1;2,AMBIGUOUS,0,0,3.1764553859829903
answer,kubernetes,cross_naive,,2,dense_old_deleted,9,4cec4d7ece88b7eb5b04b59e34fdce9c68c37be8,content/en/docs/tasks/inject-data-application/define-environment-variable-via-file.md,2,0,2,1;2,AMBIGUOUS,0,0,3.6090202629566193
answer,kubernetes,cross_naive,,2,dense_old_deleted,10,b0bc7de52f48b923bde8f567f8a58c7aa4e1ffad,content/en/docs/tutorials/kubernetes-basics/create-cluster/cluster-intro.md,2,0,2,1;2,AMBIGUOUS,0,0,3.1660636886954308
answer,kubernetes,cross_naive,,2,dense_old_deleted,11,152489ebf5efe70ad88a25f01faba14552d2c953,content/en/docs/setup/production-environment/container-runtimes.md,2,0,2,1;2,AMBIGUOUS,0,0,3.0414415523409843
answer,kubernetes,cross_naive,,2,dense_old_deleted,12,e94b8926efca25bf711f4fa324c3658064691389,content/en/docs/tasks/debug/debug-application/debug-service.md,2,0,2,1;2,AMBIGUOUS,0,0,3.128042444586754
answer,kubernetes,cross_naive,,2,dense_old_deleted,13,c55865f28de688b69732418a823c5eac29ce42ff,content/en/docs/concepts/scheduling-eviction/resource-bin-packing.md,2,0,2,1;2,AMBIGUOUS,0,0,3.0616791918873787
answer,kubernetes,cross_naive,,2,dense_old_deleted,14,893805d67799fe9d389624a047651c6149086614,content/en/docs/tasks/administer-cluster/certificates.md,2,0,2,1;2,AMBIGUOUS,0,0,3.114241175353527
answer,kubernetes,cross_naive,,2,dense_old_deleted,15,b50bf20aa07b4d865d8ddaf4ba395ac8afd6126d,content/en/docs/contribute/style/hugo-shortcodes/index.md,2,0,2,1;2,AMBIGUOUS,0,0,2.9747486114501953
answer,kubernetes,cross_naive,,2,dense_old_deleted,16,c37d57216103cd3473e82dc7b481bf5b34a1a197,content/en/docs/concepts/containers/runtime-class.md,2,0,2,1;2,AMBIGUOUS,0,0,2.9723234474658966
answer,kubernetes,cross_naive,,2,dense_old_deleted,17,9631a3e27addfcdd5c1b149147b7da85118e0cbf,content/en/docs/tasks/administer-cluster/topology-manager.md,2,0,2,1;2,AMBIGUOUS,0,0,2.9443828389048576
answer,kubernetes,cross_naive,,2,dense_old_deleted,18,9ea55e8425f499774e0a96156e5f920e5d669825,content/en/docs/reference/access-authn-authz/certificate-signing-requests.md,2,0,2,1;2,AMBIGUOUS,0,0,2.9564835131168365
answer,kubernetes,cross_naive,,2,dense_old_deleted,19,80b85ff51d97577b13f08ddc4a37117ff44082c5,content/en/docs/reference/node/kubelet-sync-loop.md,2,0,2,1;2,AMBIGUOUS,0,0,3.076896071434021
answer,kubernetes,cross_naive,,2,dense_old_deleted,20,9c0e34fff3a05acd195a63fb057cf7163252258f,content/en/docs/reference/command-line-tools-reference/kube-proxy.md,2,0,2,1;2,AMBIGUOUS,0,0,2.972128801047802
answer,kubernetes,cross_naive,,2,dense_old_deleted,21,6dc6c3a989c065ef570348e150e260291e5d670b,content/en/docs/concepts/scheduling-eviction/node-pressure-eviction.md,2,0,2,1;2,AMBIGUOUS,0,0,3.030773252248764
answer,kubernetes,cross_naive,,2,dense_old_deleted,22,20f5f738fef864413316d55587661a323f439865,content/en/docs/reference/kubectl/introduction.md,2,0,2,1;2,AMBIGUOUS,0,0,2.925148233771324
answer,kubernetes,cross_naive,,2,dense_old_deleted,23,dc2fac362ae51ba81409fae648e3c87c4efef8e9,content/en/docs/concepts/scheduling-eviction/gang-scheduling.md,2,0,2,1;2,AMBIGUOUS,0,0,2.8064055368304253
answer,kubernetes,cross_naive,,2,dense_old_deleted,24,e77da46210baf2e4f788b8ff1acf0c2522ffbcf6,content/en/docs/concepts/workloads/pods/_index.md,2,0,2,1;2,AMBIGUOUS,0,0,2.9230043292045593
answer,kubernetes,cross_naive,,2,sparse_old_deleted,0,1ed32985eae9c4d1a90c1865647b9703e20da886,content/en/docs/contribute/generate-ref-docs/config-api.md,2,0,2,2,NEW_ONLY,1,1,3.4493543207645416
answer,kubernetes,cross_naive,,2,sparse_old_deleted,1,dad5f8753314e521716ae139d1fd886390fc08d3,content/en/docs/tasks/extend-kubernetes/configure-aggregation-layer.md,2,0,2,2,NEW_ONLY,1,1,2.856750041246414
answer,kubernetes,cross_naive,,2,sparse_old_deleted,2,4c086dd93b2ed0fdf361b1533eebd3a1217d50da,content/en/docs/contribute/generate-ref-docs/prerequisites-ref-docs.md,2,0,2,2,NEW_ONLY,1,1,2.659996971487999
answer,kubernetes,cross_naive,,2,sparse_old_deleted,3,787489f7a68e0601cdab37883dc461cc3725d7d1,content/en/docs/concepts/scheduling-eviction/topology-aware-scheduling.md,2,0,2,2,NEW_ONLY,1,1,2.682393416762352
answer,kubernetes,cross_naive,,2,sparse_old_deleted,4,63a45fdb9543ae9a2831aac08e1e99e6924796aa,content/en/docs/reference/node/what-happens-on-restart.md,2,0,2,2,NEW_ONLY,1,1,2.770712599158287
answer,kubernetes,cross_naive,,2,sparse_old_deleted,5,b3f516481aaaa9ad1b71a0a9cc31346c02ec348a,content/en/docs/concepts/overview/working-with-objects/annotations.md,2,0,2,2,NEW_ONLY,1,1,2.7807066217064857
answer,kubernetes,cross_naive,,2,sparse_old_deleted,6,9c67be5e1be7b60d2fc0bc09226abf739be72152,content/en/docs/concepts/configuration/manage-resources-containers.md,2,0,2,2,NEW_ONLY,1,1,2.757103182375431
answer,kubernetes,cross_naive,,2,sparse_old_deleted,7,7e01eaee123c18c295656cea5cd03886fcbd2cc5,content/en/docs/concepts/cluster-administration/node-autoscaling.md,2,0,2,2,NEW_ONLY,1,1,2.895197831094265
answer,kubernetes,cross_naive,,2,sparse_old_deleted,8,7d6f80e5148219869055e2ec2acd63e971e7cf45,content/en/docs/concepts/cluster-administration/swap-memory-management.md,2,0,2,2,NEW_ONLY,1,1,2.844499424099922
answer,kubernetes,cross_naive,,2,sparse_old_deleted,9,4cec4d7ece88b7eb5b04b59e34fdce9c68c37be8,content/en/docs/tasks/inject-data-application/define-environment-variable-via-file.md,2,0,2,2,NEW_ONLY,1,1,3.2035289332270622
answer,kubernetes,cross_naive,,2,sparse_old_deleted,10,b0bc7de52f48b923bde8f567f8a58c7aa4e1ffad,content/en/docs/tutorials/kubernetes-basics/create-cluster/cluster-intro.md,2,0,2,2,NEW_ONLY,1,1,3.1953640282154083
answer,kubernetes,cross_naive,,2,sparse_old_deleted,11,152489ebf5efe70ad88a25f01faba14552d2c953,content/en/docs/setup/production-environment/container-runtimes.md,2,0,2,2,NEW_ONLY,1,1,2.9896674677729607
answer,kubernetes,cross_naive,,2,sparse_old_deleted,12,e94b8926efca25bf711f4fa324c3658064691389,content/en/docs/tasks/debug/debug-application/debug-service.md,2,0,2,2,NEW_ONLY,1,1,2.860751934349537
answer,kubernetes,cross_naive,,2,sparse_old_deleted,13,c55865f28de688b69732418a823c5eac29ce42ff,content/en/docs/concepts/scheduling-eviction/resource-bin-packing.md,2,0,2,2,NEW_ONLY,1,1,2.7960026636719704
answer,kubernetes,cross_naive,,2,sparse_old_deleted,14,893805d67799fe9d389624a047651c6149086614,content/en/docs/tasks/administer-cluster/certificates.md,2,0,2,2,NEW_ONLY,1,1,2.8729289770126343
answer,kubernetes,cross_naive,,2,sparse_old_deleted,15,b50bf20aa07b4d865d8ddaf4ba395ac8afd6126d,content/en/docs/contribute/style/hugo-shortcodes/index.md,2,0,2,2,NEW_ONLY,1,1,3.0252570286393166
answer,kubernetes,cross_naive,,2,sparse_old_deleted,16,c37d57216103cd3473e82dc7b481bf5b34a1a197,content/en/docs/concepts/containers/runtime-class.md,2,0,2,2,NEW_ONLY,1,1,3.421606495976448
answer,kubernetes,cross_naive,,2,sparse_old_deleted,17,9631a3e27addfcdd5c1b149147b7da85118e0cbf,content/en/docs/tasks/administer-cluster/topology-manager.md,2,0,2,2,NEW_ONLY,1,1,4.790010862052441
answer,kubernetes,cross_naive,,2,sparse_old_deleted,18,9ea55e8425f499774e0a96156e5f920e5d669825,content/en/docs/reference/access-authn-authz/certificate-signing-requests.md,2,0,2,2,NEW_ONLY,1,1,3.178100101649761
answer,kubernetes,cross_naive,,2,sparse_old_deleted,19,80b85ff51d97577b13f08ddc4a37117ff44082c5,content/en/docs/reference/node/kubelet-sync-loop.md,2,0,2,2,NEW_ONLY,1,1,2.9918132349848747
answer,kubernetes,cross_naive,,2,sparse_old_deleted,20,9c0e34fff3a05acd195a63fb057cf7163252258f,content/en/docs/reference/command-line-tools-reference/kube-proxy.md,2,0,2,2,NEW_ONLY,1,1,3.3345669507980347
answer,kubernetes,cross_naive,,2,sparse_old_deleted,21,6dc6c3a989c065ef570348e150e260291e5d670b,content/en/docs/concepts/scheduling-eviction/node-pressure-eviction.md,2,0,2,2,NEW_ONLY,1,1,2.9090745374560356
answer,kubernetes,cross_naive,,2,sparse_old_deleted,22,20f5f738fef864413316d55587661a323f439865,content/en/docs/reference/kubectl/introduction.md,2,0,2,2,NEW_ONLY,1,1,2.797117456793785
answer,kubernetes,cross_naive,,2,sparse_old_deleted,23,dc2fac362ae51ba81409fae648e3c87c4efef8e9,content/en/docs/concepts/scheduling-eviction/gang-scheduling.md,2,0,2,2,NEW_ONLY,1,1,2.8586648404598236
answer,kubernetes,cross_naive,,2,sparse_old_deleted,24,e77da46210baf2e4f788b8ff1acf0c2522ffbcf6,content/en/docs/concepts/workloads/pods/_index.md,2,0,2,2,NEW_ONLY,1,1,2.845260314643383
answer,kubernetes,cross_read_filter,,0,initial,0,1ed32985eae9c4d1a90c1865647b9703e20da886,content/en/docs/contribute/generate-ref-docs/config-api.md,1,0,1,1,OLD_ONLY,1,0,62.814139761030674
answer,kubernetes,cross_read_filter,,0,initial,1,dad5f8753314e521716ae139d1fd886390fc08d3,content/en/docs/tasks/extend-kubernetes/configure-aggregation-layer.md,1,0,1,1,OLD_ONLY,1,0,3.392202779650688
answer,kubernetes,cross_read_filter,,0,initial,2,4c086dd93b2ed0fdf361b1533eebd3a1217d50da,content/en/docs/contribute/generate-ref-docs/prerequisites-ref-docs.md,1,0,1,1,OLD_ONLY,1,0,3.5933461040258408
answer,kubernetes,cross_read_filter,,0,initial,3,787489f7a68e0601cdab37883dc461cc3725d7d1,content/en/docs/concepts/scheduling-eviction/topology-aware-scheduling.md,1,0,1,1,OLD_ONLY,1,0,3.1019803136587143
answer,kubernetes,cross_read_filter,,0,initial,4,63a45fdb9543ae9a2831aac08e1e99e6924796aa,content/en/docs/reference/node/what-happens-on-restart.md,1,0,1,1,OLD_ONLY,1,0,3.2341573387384415
answer,kubernetes,cross_read_filter,,0,initial,5,b3f516481aaaa9ad1b71a0a9cc31346c02ec348a,content/en/docs/concepts/overview/working-with-objects/annotations.md,1,0,1,1,OLD_ONLY,1,0,3.543962724506855
answer,kubernetes,cross_read_filter,,0,initial,6,9c67be5e1be7b60d2fc0bc09226abf739be72152,content/en/docs/concepts/configuration/manage-resources-containers.md,1,0,1,1,OLD_ONLY,1,0,4.073396325111389
answer,kubernetes,cross_read_filter,,0,initial,7,7e01eaee123c18c295656cea5cd03886fcbd2cc5,content/en/docs/concepts/cluster-administration/node-autoscaling.md,1,0,1,1,OLD_ONLY,1,0,3.207797184586525
answer,kubernetes,cross_read_filter,,0,initial,8,7d6f80e5148219869055e2ec2acd63e971e7cf45,content/en/docs/concepts/cluster-administration/swap-memory-management.md,1,0,1,1,OLD_ONLY,1,0,3.075800836086273
answer,kubernetes,cross_read_filter,,0,initial,9,4cec4d7ece88b7eb5b04b59e34fdce9c68c37be8,content/en/docs/tasks/inject-data-application/define-environment-variable-via-file.md,1,0,1,1,OLD_ONLY,1,0,3.201832063496113
answer,kubernetes,cross_read_filter,,0,initial,10,b0bc7de52f48b923bde8f567f8a58c7aa4e1ffad,content/en/docs/tutorials/kubernetes-basics/create-cluster/cluster-intro.md,1,0,1,1,OLD_ONLY,1,0,2.988699823617935
answer,kubernetes,cross_read_filter,,0,initial,11,152489ebf5efe70ad88a25f01faba14552d2c953,content/en/docs/setup/production-environment/container-runtimes.md,1,0,1,1,OLD_ONLY,1,0,2.9254667460918427
answer,kubernetes,cross_read_filter,,0,initial,12,e94b8926efca25bf711f4fa324c3658064691389,content/en/docs/tasks/debug/debug-application/debug-service.md,1,0,1,1,OLD_ONLY,1,0,2.9959529638290405
answer,kubernetes,cross_read_filter,,0,initial,13,c55865f28de688b69732418a823c5eac29ce42ff,content/en/docs/concepts/scheduling-eviction/resource-bin-packing.md,1,0,1,1,OLD_ONLY,1,0,2.9562385752797127
answer,kubernetes,cross_read_filter,,0,initial,14,893805d67799fe9d389624a047651c6149086614,content/en/docs/tasks/administer-cluster/certificates.md,1,0,1,1,OLD_ONLY,1,0,2.8797760605812073
answer,kubernetes,cross_read_filter,,0,initial,15,b50bf20aa07b4d865d8ddaf4ba395ac8afd6126d,content/en/docs/contribute/style/hugo-shortcodes/index.md,1,0,1,1,OLD_ONLY,1,0,2.9743527993559837
answer,kubernetes,cross_read_filter,,0,initial,16,c37d57216103cd3473e82dc7b481bf5b34a1a197,content/en/docs/concepts/containers/runtime-class.md,1,0,1,1,OLD_ONLY,1,0,2.99276877194643
answer,kubernetes,cross_read_filter,,0,initial,17,9631a3e27addfcdd5c1b149147b7da85118e0cbf,content/en/docs/tasks/administer-cluster/topology-manager.md,1,0,1,1,OLD_ONLY,1,0,2.8778966516256332
answer,kubernetes,cross_read_filter,,0,initial,18,9ea55e8425f499774e0a96156e5f920e5d669825,content/en/docs/reference/access-authn-authz/certificate-signing-requests.md,1,0,1,1,OLD_ONLY,1,0,2.92055681347847
answer,kubernetes,cross_read_filter,,0,initial,19,80b85ff51d97577b13f08ddc4a37117ff44082c5,content/en/docs/reference/node/kubelet-sync-loop.md,1,0,1,1,OLD_ONLY,1,0,2.931603230535984
answer,kubernetes,cross_read_filter,,0,initial,20,9c0e34fff3a05acd195a63fb057cf7163252258f,content/en/docs/reference/command-line-tools-reference/kube-proxy.md,1,0,1,1,OLD_ONLY,1,0,2.9247943311929703
answer,kubernetes,cross_read_filter,,0,initial,21,6dc6c3a989c065ef570348e150e260291e5d670b,content/en/docs/concepts/scheduling-eviction/node-pressure-eviction.md,1,0,1,1,OLD_ONLY,1,0,2.662958577275276
answer,kubernetes,cross_read_filter,,0,initial,22,20f5f738fef864413316d55587661a323f439865,content/en/docs/reference/kubectl/introduction.md,1,0,1,1,OLD_ONLY,1,0,2.8544897213578224
answer,kubernetes,cross_read_filter,,0,initial,23,dc2fac362ae51ba81409fae648e3c87c4efef8e9,content/en/docs/concepts/scheduling-eviction/gang-scheduling.md,1,0,1,1,OLD_ONLY,1,0,2.855215221643448
answer,kubernetes,cross_read_filter,,0,initial,24,e77da46210baf2e4f788b8ff1acf0c2522ffbcf6,content/en/docs/concepts/workloads/pods/_index.md,1,0,1,1,OLD_ONLY,1,0,2.8129136189818382
answer,kubernetes,cross_read_filter,,0,manifest_published,0,1ed32985eae9c4d1a90c1865647b9703e20da886,content/en/docs/contribute/generate-ref-docs/config-api.md,2,0,,,MISSING,0,0,3.598603419959545
answer,kubernetes,cross_read_filter,,0,manifest_published,1,dad5f8753314e521716ae139d1fd886390fc08d3,content/en/docs/tasks/extend-kubernetes/configure-aggregation-layer.md,2,0,,,MISSING,0,0,4.5838737860322
answer,kubernetes,cross_read_filter,,0,manifest_published,2,4c086dd93b2ed0fdf361b1533eebd3a1217d50da,content/en/docs/contribute/generate-ref-docs/prerequisites-ref-docs.md,2,0,,,MISSING,0,0,3.115084022283554
answer,kubernetes,cross_read_filter,,0,manifest_published,3,787489f7a68e0601cdab37883dc461cc3725d7d1,content/en/docs/concepts/scheduling-eviction/topology-aware-scheduling.md,2,0,,,MISSING,0,0,3.0668480321764946
answer,kubernetes,cross_read_filter,,0,manifest_published,4,63a45fdb9543ae9a2831aac08e1e99e6924796aa,content/en/docs/reference/node/what-happens-on-restart.md,2,0,,,MISSING,0,0,2.8378507122397423
answer,kubernetes,cross_read_filter,,0,manifest_published,5,b3f516481aaaa9ad1b71a0a9cc31346c02ec348a,content/en/docs/concepts/overview/working-with-objects/annotations.md,2,0,,,MISSING,0,0,3.124197944998741
answer,kubernetes,cross_read_filter,,0,manifest_published,6,9c67be5e1be7b60d2fc0bc09226abf739be72152,content/en/docs/concepts/configuration/manage-resources-containers.md,2,0,,,MISSING,0,0,3.3789435401558876
answer,kubernetes,cross_read_filter,,0,manifest_published,7,7e01eaee123c18c295656cea5cd03886fcbd2cc5,content/en/docs/concepts/cluster-administration/node-autoscaling.md,2,0,,,MISSING,0,0,3.309601917862892
answer,kubernetes,cross_read_filter,,0,manifest_published,8,7d6f80e5148219869055e2ec2acd63e971e7cf45,content/en/docs/concepts/cluster-administration/swap-memory-management.md,2,0,,,MISSING,0,0,3.1798528507351875
answer,kubernetes,cross_read_filter,,0,manifest_published,9,4cec4d7ece88b7eb5b04b59e34fdce9c68c37be8,content/en/docs/tasks/inject-data-application/define-environment-variable-via-file.md,2,0,,,MISSING,0,0,2.973044291138649
answer,kubernetes,cross_read_filter,,0,manifest_published,10,b0bc7de52f48b923bde8f567f8a58c7aa4e1ffad,content/en/docs/tutorials/kubernetes-basics/create-cluster/cluster-intro.md,2,0,,,MISSING,0,0,2.9132943600416183
answer,kubernetes,cross_read_filter,,0,manifest_published,11,152489ebf5efe70ad88a25f01faba14552d2c953,content/en/docs/setup/production-environment/container-runtimes.md,2,0,,,MISSING,0,0,2.953452989459038
answer,kubernetes,cross_read_filter,,0,manifest_published,12,e94b8926efca25bf711f4fa324c3658064691389,content/en/docs/tasks/debug/debug-application/debug-service.md,2,0,,,MISSING,0,0,3.063257783651352
answer,kubernetes,cross_read_filter,,0,manifest_published,13,c55865f28de688b69732418a823c5eac29ce42ff,content/en/docs/concepts/scheduling-eviction/resource-bin-packing.md,2,0,,,MISSING,0,0,2.845252864062786
answer,kubernetes,cross_read_filter,,0,manifest_published,14,893805d67799fe9d389624a047651c6149086614,content/en/docs/tasks/administer-cluster/certificates.md,2,0,,,MISSING,0,0,2.8485730290412903
answer,kubernetes,cross_read_filter,,0,manifest_published,15,b50bf20aa07b4d865d8ddaf4ba395ac8afd6126d,content/en/docs/contribute/style/hugo-shortcodes/index.md,2,0,,,MISSING,0,0,3.0266186222434044
answer,kubernetes,cross_read_filter,,0,manifest_published,16,c37d57216103cd3473e82dc7b481bf5b34a1a197,content/en/docs/concepts/containers/runtime-class.md,2,0,,,MISSING,0,0,3.04427370429039
answer,kubernetes,cross_read_filter,,0,manifest_published,17,9631a3e27addfcdd5c1b149147b7da85118e0cbf,content/en/docs/tasks/administer-cluster/topology-manager.md,2,0,,,MISSING,0,0,2.8863903135061264
answer,kubernetes,cross_read_filter,,0,manifest_published,18,9ea55e8425f499774e0a96156e5f920e5d669825,content/en/docs/reference/access-authn-authz/certificate-signing-requests.md,2,0,,,MISSING,0,0,3.1168824061751366
answer,kubernetes,cross_read_filter,,0,manifest_published,19,80b85ff51d97577b13f08ddc4a37117ff44082c5,content/en/docs/reference/node/kubelet-sync-loop.md,2,0,,,MISSING,0,0,2.775454893708229
answer,kubernetes,cross_read_filter,,0,manifest_published,20,9c0e34fff3a05acd195a63fb057cf7163252258f,content/en/docs/reference/command-line-tools-reference/kube-proxy.md,2,0,,,MISSING,0,0,3.085436299443245
answer,kubernetes,cross_read_filter,,0,manifest_published,21,6dc6c3a989c065ef570348e150e260291e5d670b,content/en/docs/concepts/scheduling-eviction/node-pressure-eviction.md,2,0,,,MISSING,0,0,3.0801817774772644
answer,kubernetes,cross_read_filter,,0,manifest_published,22,20f5f738fef864413316d55587661a323f439865,content/en/docs/reference/kubectl/introduction.md,2,0,,,MISSING,0,0,2.878783270716667
answer,kubernetes,cross_read_filter,,0,manifest_published,23,dc2fac362ae51ba81409fae648e3c87c4efef8e9,content/en/docs/concepts/scheduling-eviction/gang-scheduling.md,2,0,,,MISSING,0,0,3.0777771025896072
answer,kubernetes,cross_read_filter,,0,manifest_published,24,e77da46210baf2e4f788b8ff1acf0c2522ffbcf6,content/en/docs/concepts/workloads/pods/_index.md,2,0,,,MISSING,0,0,2.8907274827361107
answer,kubernetes,cross_read_filter,,0,dense_inserted,0,1ed32985eae9c4d1a90c1865647b9703e20da886,content/en/docs/contribute/generate-ref-docs/config-api.md,2,0,2,,MISSING,0,0,3.2550273463129997
answer,kubernetes,cross_read_filter,,0,dense_inserted,1,dad5f8753314e521716ae139d1fd886390fc08d3,content/en/docs/tasks/extend-kubernetes/configure-aggregation-layer.md,2,0,2,,MISSING,0,0,3.05800698697567
answer,kubernetes,cross_read_filter,,0,dense_inserted,2,4c086dd93b2ed0fdf361b1533eebd3a1217d50da,content/en/docs/contribute/generate-ref-docs/prerequisites-ref-docs.md,2,0,2,,MISSING,0,0,2.942739985883236
answer,kubernetes,cross_read_filter,,0,dense_inserted,3,787489f7a68e0601cdab37883dc461cc3725d7d1,content/en/docs/concepts/scheduling-eviction/topology-aware-scheduling.md,2,0,2,,MISSING,0,0,2.892669290304184
answer,kubernetes,cross_read_filter,,0,dense_inserted,4,63a45fdb9543ae9a2831aac08e1e99e6924796aa,content/en/docs/reference/node/what-happens-on-restart.md,2,0,2,,MISSING,0,0,3.6528734490275383
answer,kubernetes,cross_read_filter,,0,dense_inserted,5,b3f516481aaaa9ad1b71a0a9cc31346c02ec348a,content/en/docs/concepts/overview/working-with-objects/annotations.md,2,0,2,,MISSING,0,0,7.42139108479023
answer,kubernetes,cross_read_filter,,0,dense_inserted,6,9c67be5e1be7b60d2fc0bc09226abf739be72152,content/en/docs/concepts/configuration/manage-resources-containers.md,2,0,2,,MISSING,0,0,3.09536699205637
answer,kubernetes,cross_read_filter,,0,dense_inserted,7,7e01eaee123c18c295656cea5cd03886fcbd2cc5,content/en/docs/concepts/cluster-administration/node-autoscaling.md,2,0,2,,MISSING,0,0,3.034709021449089
answer,kubernetes,cross_read_filter,,0,dense_inserted,8,7d6f80e5148219869055e2ec2acd63e971e7cf45,content/en/docs/concepts/cluster-administration/swap-memory-management.md,2,0,2,,MISSING,0,0,3.1719859689474106
answer,kubernetes,cross_read_filter,,0,dense_inserted,9,4cec4d7ece88b7eb5b04b59e34fdce9c68c37be8,content/en/docs/tasks/inject-data-application/define-environment-variable-via-file.md,2,0,2,,MISSING,0,0,2.9309261590242386
answer,kubernetes,cross_read_filter,,0,dense_inserted,10,b0bc7de52f48b923bde8f567f8a58c7aa4e1ffad,content/en/docs/tutorials/kubernetes-basics/create-cluster/cluster-intro.md,2,0,2,,MISSING,0,0,2.9161572456359863
answer,kubernetes,cross_read_filter,,0,dense_inserted,11,152489ebf5efe70ad88a25f01faba14552d2c953,content/en/docs/setup/production-environment/container-runtimes.md,2,0,2,,MISSING,0,0,2.925754524767399
answer,kubernetes,cross_read_filter,,0,dense_inserted,12,e94b8926efca25bf711f4fa324c3658064691389,content/en/docs/tasks/debug/debug-application/debug-service.md,2,0,2,,MISSING,0,0,3.0234288424253464
answer,kubernetes,cross_read_filter,,0,dense_inserted,13,c55865f28de688b69732418a823c5eac29ce42ff,content/en/docs/concepts/scheduling-eviction/resource-bin-packing.md,2,0,2,,MISSING,0,0,2.9683057218790054
answer,kubernetes,cross_read_filter,,0,dense_inserted,14,893805d67799fe9d389624a047651c6149086614,content/en/docs/tasks/administer-cluster/certificates.md,2,0,2,,MISSING,0,0,2.9712319374084473
answer,kubernetes,cross_read_filter,,0,dense_inserted,15,b50bf20aa07b4d865d8ddaf4ba395ac8afd6126d,content/en/docs/contribute/style/hugo-shortcodes/index.md,2,0,2,,MISSING,0,0,3.060523420572281
answer,kubernetes,cross_read_filter,,0,dense_inserted,16,c37d57216103cd3473e82dc7b481bf5b34a1a197,content/en/docs/concepts/containers/runtime-class.md,2,0,2,,MISSING,0,0,2.937772311270237
answer,kubernetes,cross_read_filter,,0,dense_inserted,17,9631a3e27addfcdd5c1b149147b7da85118e0cbf,content/en/docs/tasks/administer-cluster/topology-manager.md,2,0,2,,MISSING,0,0,2.9897820204496384
answer,kubernetes,cross_read_filter,,0,dense_inserted,18,9ea55e8425f499774e0a96156e5f920e5d669825,content/en/docs/reference/access-authn-authz/certificate-signing-requests.md,2,0,2,,MISSING,0,0,3.05001437664032
answer,kubernetes,cross_read_filter,,0,dense_inserted,19,80b85ff51d97577b13f08ddc4a37117ff44082c5,content/en/docs/reference/node/kubelet-sync-loop.md,2,0,2,,MISSING,0,0,3.0866768211126328
answer,kubernetes,cross_read_filter,,0,dense_inserted,20,9c0e34fff3a05acd195a63fb057cf7163252258f,content/en/docs/reference/command-line-tools-reference/kube-proxy.md,2,0,2,,MISSING,0,0,2.9421495273709297
answer,kubernetes,cross_read_filter,,0,dense_inserted,21,6dc6c3a989c065ef570348e150e260291e5d670b,content/en/docs/concepts/scheduling-eviction/node-pressure-eviction.md,2,0,2,,MISSING,0,0,2.9059583321213722
answer,kubernetes,cross_read_filter,,0,dense_inserted,22,20f5f738fef864413316d55587661a323f439865,content/en/docs/reference/kubectl/introduction.md,2,0,2,,MISSING,0,0,2.8483374044299126
answer,kubernetes,cross_read_filter,,0,dense_inserted,23,dc2fac362ae51ba81409fae648e3c87c4efef8e9,content/en/docs/concepts/scheduling-eviction/gang-scheduling.md,2,0,2,,MISSING,0,0,2.9946649447083473
answer,kubernetes,cross_read_filter,,0,dense_inserted,24,e77da46210baf2e4f788b8ff1acf0c2522ffbcf6,content/en/docs/concepts/workloads/pods/_index.md,2,0,2,,MISSING,0,0,2.731168642640114
answer,kubernetes,cross_read_filter,,0,sparse_inserted,0,1ed32985eae9c4d1a90c1865647b9703e20da886,content/en/docs/contribute/generate-ref-docs/config-api.md,2,0,2,2,NEW_ONLY,1,1,3.125580959022045
answer,kubernetes,cross_read_filter,,0,sparse_inserted,1,dad5f8753314e521716ae139d1fd886390fc08d3,content/en/docs/tasks/extend-kubernetes/configure-aggregation-layer.md,2,0,2,2,NEW_ONLY,1,1,2.827792428433895
answer,kubernetes,cross_read_filter,,0,sparse_inserted,2,4c086dd93b2ed0fdf361b1533eebd3a1217d50da,content/en/docs/contribute/generate-ref-docs/prerequisites-ref-docs.md,2,0,2,2,NEW_ONLY,1,1,2.8813714161515236
answer,kubernetes,cross_read_filter,,0,sparse_inserted,3,787489f7a68e0601cdab37883dc461cc3725d7d1,content/en/docs/concepts/scheduling-eviction/topology-aware-scheduling.md,2,0,2,2,NEW_ONLY,1,1,3.0273739248514175
answer,kubernetes,cross_read_filter,,0,sparse_inserted,4,63a45fdb9543ae9a2831aac08e1e99e6924796aa,content/en/docs/reference/node/what-happens-on-restart.md,2,0,2,2,NEW_ONLY,1,1,3.051299601793289
answer,kubernetes,cross_read_filter,,0,sparse_inserted,5,b3f516481aaaa9ad1b71a0a9cc31346c02ec348a,content/en/docs/concepts/overview/working-with-objects/annotations.md,2,0,2,2,NEW_ONLY,1,1,2.7205105870962143
answer,kubernetes,cross_read_filter,,0,sparse_inserted,6,9c67be5e1be7b60d2fc0bc09226abf739be72152,content/en/docs/concepts/configuration/manage-resources-containers.md,2,0,2,2,NEW_ONLY,1,1,2.919909544289112
answer,kubernetes,cross_read_filter,,0,sparse_inserted,7,7e01eaee123c18c295656cea5cd03886fcbd2cc5,content/en/docs/concepts/cluster-administration/node-autoscaling.md,2,0,2,2,NEW_ONLY,1,1,2.6470040902495384
answer,kubernetes,cross_read_filter,,0,sparse_inserted,8,7d6f80e5148219869055e2ec2acd63e971e7cf45,content/en/docs/concepts/cluster-administration/swap-memory-management.md,2,0,2,2,NEW_ONLY,1,1,2.858279272913933
answer,kubernetes,cross_read_filter,,0,sparse_inserted,9,4cec4d7ece88b7eb5b04b59e34fdce9c68c37be8,content/en/docs/tasks/inject-data-application/define-environment-variable-via-file.md,2,0,2,2,NEW_ONLY,1,1,3.3239908516407013
answer,kubernetes,cross_read_filter,,0,sparse_inserted,10,b0bc7de52f48b923bde8f567f8a58c7aa4e1ffad,content/en/docs/tutorials/kubernetes-basics/create-cluster/cluster-intro.md,2,0,2,2,NEW_ONLY,1,1,3.71734332293272
answer,kubernetes,cross_read_filter,,0,sparse_inserted,11,152489ebf5efe70ad88a25f01faba14552d2c953,content/en/docs/setup/production-environment/container-runtimes.md,2,0,2,2,NEW_ONLY,1,1,3.190506249666214
answer,kubernetes,cross_read_filter,,0,sparse_inserted,12,e94b8926efca25bf711f4fa324c3658064691389,content/en/docs/tasks/debug/debug-application/debug-service.md,2,0,2,2,NEW_ONLY,1,1,3.076760098338127
answer,kubernetes,cross_read_filter,,0,sparse_inserted,13,c55865f28de688b69732418a823c5eac29ce42ff,content/en/docs/concepts/scheduling-eviction/resource-bin-packing.md,2,0,2,2,NEW_ONLY,1,1,3.2035857439041138
answer,kubernetes,cross_read_filter,,0,sparse_inserted,14,893805d67799fe9d389624a047651c6149086614,content/en/docs/tasks/administer-cluster/certificates.md,2,0,2,2,NEW_ONLY,1,1,2.996002323925495
answer,kubernetes,cross_read_filter,,0,sparse_inserted,15,b50bf20aa07b4d865d8ddaf4ba395ac8afd6126d,content/en/docs/contribute/style/hugo-shortcodes/index.md,2,0,2,2,NEW_ONLY,1,1,3.052287735044956
answer,kubernetes,cross_read_filter,,0,sparse_inserted,16,c37d57216103cd3473e82dc7b481bf5b34a1a197,content/en/docs/concepts/containers/runtime-class.md,2,0,2,2,NEW_ONLY,1,1,3.1269006431102753
answer,kubernetes,cross_read_filter,,0,sparse_inserted,17,9631a3e27addfcdd5c1b149147b7da85118e0cbf,content/en/docs/tasks/administer-cluster/topology-manager.md,2,0,2,2,NEW_ONLY,1,1,2.9143793508410454
answer,kubernetes,cross_read_filter,,0,sparse_inserted,18,9ea55e8425f499774e0a96156e5f920e5d669825,content/en/docs/reference/access-authn-authz/certificate-signing-requests.md,2,0,2,2,NEW_ONLY,1,1,2.842215821146965
answer,kubernetes,cross_read_filter,,0,sparse_inserted,19,80b85ff51d97577b13f08ddc4a37117ff44082c5,content/en/docs/reference/node/kubelet-sync-loop.md,2,0,2,2,NEW_ONLY,1,1,2.976001240313053
answer,kubernetes,cross_read_filter,,0,sparse_inserted,20,9c0e34fff3a05acd195a63fb057cf7163252258f,content/en/docs/reference/command-line-tools-reference/kube-proxy.md,2,0,2,2,NEW_ONLY,1,1,3.169783391058445
answer,kubernetes,cross_read_filter,,0,sparse_inserted,21,6dc6c3a989c065ef570348e150e260291e5d670b,content/en/docs/concepts/scheduling-eviction/node-pressure-eviction.md,2,0,2,2,NEW_ONLY,1,1,2.895466983318329
answer,kubernetes,cross_read_filter,,0,sparse_inserted,22,20f5f738fef864413316d55587661a323f439865,content/en/docs/reference/kubectl/introduction.md,2,0,2,2,NEW_ONLY,1,1,3.0492469668388367
answer,kubernetes,cross_read_filter,,0,sparse_inserted,23,dc2fac362ae51ba81409fae648e3c87c4efef8e9,content/en/docs/concepts/scheduling-eviction/gang-scheduling.md,2,0,2,2,NEW_ONLY,1,1,2.873544581234455
answer,kubernetes,cross_read_filter,,0,sparse_inserted,24,e77da46210baf2e4f788b8ff1acf0c2522ffbcf6,content/en/docs/concepts/workloads/pods/_index.md,2,0,2,2,NEW_ONLY,1,1,2.8581982478499413
answer,kubernetes,cross_read_filter,,0,dense_old_deleted,0,1ed32985eae9c4d1a90c1865647b9703e20da886,content/en/docs/contribute/generate-ref-docs/config-api.md,2,0,2,2,NEW_ONLY,1,1,2.95253936201334
answer,kubernetes,cross_read_filter,,0,dense_old_deleted,1,dad5f8753314e521716ae139d1fd886390fc08d3,content/en/docs/tasks/extend-kubernetes/configure-aggregation-layer.md,2,0,2,2,NEW_ONLY,1,1,2.676917240023613
answer,kubernetes,cross_read_filter,,0,dense_old_deleted,2,4c086dd93b2ed0fdf361b1533eebd3a1217d50da,content/en/docs/contribute/generate-ref-docs/prerequisites-ref-docs.md,2,0,2,2,NEW_ONLY,1,1,2.834942191839218
answer,kubernetes,cross_read_filter,,0,dense_old_deleted,3,787489f7a68e0601cdab37883dc461cc3725d7d1,content/en/docs/concepts/scheduling-eviction/topology-aware-scheduling.md,2,0,2,2,NEW_ONLY,1,1,2.787400037050247
answer,kubernetes,cross_read_filter,,0,dense_old_deleted,4,63a45fdb9543ae9a2831aac08e1e99e6924796aa,content/en/docs/reference/node/what-happens-on-restart.md,2,0,2,2,NEW_ONLY,1,1,3.050650469958782
answer,kubernetes,cross_read_filter,,0,dense_old_deleted,5,b3f516481aaaa9ad1b71a0a9cc31346c02ec348a,content/en/docs/concepts/overview/working-with-objects/annotations.md,2,0,2,2,NEW_ONLY,1,1,2.73270346224308
answer,kubernetes,cross_read_filter,,0,dense_old_deleted,6,9c67be5e1be7b60d2fc0bc09226abf739be72152,content/en/docs/concepts/configuration/manage-resources-containers.md,2,0,2,2,NEW_ONLY,1,1,2.6965225115418434
answer,kubernetes,cross_read_filter,,0,dense_old_deleted,7,7e01eaee123c18c295656cea5cd03886fcbd2cc5,content/en/docs/concepts/cluster-administration/node-autoscaling.md,2,0,2,2,NEW_ONLY,1,1,2.9377248138189316
answer,kubernetes,cross_read_filter,,0,dense_old_deleted,8,7d6f80e5148219869055e2ec2acd63e971e7cf45,content/en/docs/concepts/cluster-administration/swap-memory-management.md,2,0,2,2,NEW_ONLY,1,1,2.8892355039715767
answer,kubernetes,cross_read_filter,,0,dense_old_deleted,9,4cec4d7ece88b7eb5b04b59e34fdce9c68c37be8,content/en/docs/tasks/inject-data-application/define-environment-variable-via-file.md,2,0,2,2,NEW_ONLY,1,1,2.8731534257531166
answer,kubernetes,cross_read_filter,,0,dense_old_deleted,10,b0bc7de52f48b923bde8f567f8a58c7aa4e1ffad,content/en/docs/tutorials/kubernetes-basics/create-cluster/cluster-intro.md,2,0,2,2,NEW_ONLY,1,1,2.7144504711031914
answer,kubernetes,cross_read_filter,,0,dense_old_deleted,11,152489ebf5efe70ad88a25f01faba14552d2c953,content/en/docs/setup/production-environment/container-runtimes.md,2,0,2,2,NEW_ONLY,1,1,2.770809456706047
answer,kubernetes,cross_read_filter,,0,dense_old_deleted,12,e94b8926efca25bf711f4fa324c3658064691389,content/en/docs/tasks/debug/debug-application/debug-service.md,2,0,2,2,NEW_ONLY,1,1,2.7968334034085274
answer,kubernetes,cross_read_filter,,0,dense_old_deleted,13,c55865f28de688b69732418a823c5eac29ce42ff,content/en/docs/concepts/scheduling-eviction/resource-bin-packing.md,2,0,2,2,NEW_ONLY,1,1,2.7374178171157837
answer,kubernetes,cross_read_filter,,0,dense_old_deleted,14,893805d67799fe9d389624a047651c6149086614,content/en/docs/tasks/administer-cluster/certificates.md,2,0,2,2,NEW_ONLY,1,1,3.0946843326091766
answer,kubernetes,cross_read_filter,,0,dense_old_deleted,15,b50bf20aa07b4d865d8ddaf4ba395ac8afd6126d,content/en/docs/contribute/style/hugo-shortcodes/index.md,2,0,2,2,NEW_ONLY,1,1,2.7202265337109566
answer,kubernetes,cross_read_filter,,0,dense_old_deleted,16,c37d57216103cd3473e82dc7b481bf5b34a1a197,content/en/docs/concepts/containers/runtime-class.md,2,0,2,2,NEW_ONLY,1,1,2.6995139196515083
answer,kubernetes,cross_read_filter,,0,dense_old_deleted,17,9631a3e27addfcdd5c1b149147b7da85118e0cbf,content/en/docs/tasks/administer-cluster/topology-manager.md,2,0,2,2,NEW_ONLY,1,1,2.736133523285389
answer,kubernetes,cross_read_filter,,0,dense_old_deleted,18,9ea55e8425f499774e0a96156e5f920e5d669825,content/en/docs/reference/access-authn-authz/certificate-signing-requests.md,2,0,2,2,NEW_ONLY,1,1,3.5316431894898415
answer,kubernetes,cross_read_filter,,0,dense_old_deleted,19,80b85ff51d97577b13f08ddc4a37117ff44082c5,content/en/docs/reference/node/kubelet-sync-loop.md,2,0,2,2,NEW_ONLY,1,1,3.2817507162690163
answer,kubernetes,cross_read_filter,,0,dense_old_deleted,20,9c0e34fff3a05acd195a63fb057cf7163252258f,content/en/docs/reference/command-line-tools-reference/kube-proxy.md,2,0,2,2,NEW_ONLY,1,1,3.0194343999028206
answer,kubernetes,cross_read_filter,,0,dense_old_deleted,21,6dc6c3a989c065ef570348e150e260291e5d670b,content/en/docs/concepts/scheduling-eviction/node-pressure-eviction.md,2,0,2,2,NEW_ONLY,1,1,3.0452199280261993
answer,kubernetes,cross_read_filter,,0,dense_old_deleted,22,20f5f738fef864413316d55587661a323f439865,content/en/docs/reference/kubectl/introduction.md,2,0,2,2,NEW_ONLY,1,1,3.1961817294359207
answer,kubernetes,cross_read_filter,,0,dense_old_deleted,23,dc2fac362ae51ba81409fae648e3c87c4efef8e9,content/en/docs/concepts/scheduling-eviction/gang-scheduling.md,2,0,2,2,NEW_ONLY,1,1,3.0553610995411873
answer,kubernetes,cross_read_filter,,0,dense_old_deleted,24,e77da46210baf2e4f788b8ff1acf0c2522ffbcf6,content/en/docs/concepts/workloads/pods/_index.md,2,0,2,2,NEW_ONLY,1,1,3.0704205855727196
answer,kubernetes,cross_read_filter,,0,sparse_old_deleted,0,1ed32985eae9c4d1a90c1865647b9703e20da886,content/en/docs/contribute/generate-ref-docs/config-api.md,2,0,2,2,NEW_ONLY,1,1,3.227126784622669
answer,kubernetes,cross_read_filter,,0,sparse_old_deleted,1,dad5f8753314e521716ae139d1fd886390fc08d3,content/en/docs/tasks/extend-kubernetes/configure-aggregation-layer.md,2,0,2,2,NEW_ONLY,1,1,3.0925795435905457
answer,kubernetes,cross_read_filter,,0,sparse_old_deleted,2,4c086dd93b2ed0fdf361b1533eebd3a1217d50da,content/en/docs/contribute/generate-ref-docs/prerequisites-ref-docs.md,2,0,2,2,NEW_ONLY,1,1,3.069915808737278
answer,kubernetes,cross_read_filter,,0,sparse_old_deleted,3,787489f7a68e0601cdab37883dc461cc3725d7d1,content/en/docs/concepts/scheduling-eviction/topology-aware-scheduling.md,2,0,2,2,NEW_ONLY,1,1,2.9013147577643394
answer,kubernetes,cross_read_filter,,0,sparse_old_deleted,4,63a45fdb9543ae9a2831aac08e1e99e6924796aa,content/en/docs/reference/node/what-happens-on-restart.md,2,0,2,2,NEW_ONLY,1,1,2.8663519769906998
answer,kubernetes,cross_read_filter,,0,sparse_old_deleted,5,b3f516481aaaa9ad1b71a0a9cc31346c02ec348a,content/en/docs/concepts/overview/working-with-objects/annotations.md,2,0,2,2,NEW_ONLY,1,1,2.984277904033661
answer,kubernetes,cross_read_filter,,0,sparse_old_deleted,6,9c67be5e1be7b60d2fc0bc09226abf739be72152,content/en/docs/concepts/configuration/manage-resources-containers.md,2,0,2,2,NEW_ONLY,1,1,3.16776055842638
answer,kubernetes,cross_read_filter,,0,sparse_old_deleted,7,7e01eaee123c18c295656cea5cd03886fcbd2cc5,content/en/docs/concepts/cluster-administration/node-autoscaling.md,2,0,2,2,NEW_ONLY,1,1,3.056515008211136
answer,kubernetes,cross_read_filter,,0,sparse_old_deleted,8,7d6f80e5148219869055e2ec2acd63e971e7cf45,content/en/docs/concepts/cluster-administration/swap-memory-management.md,2,0,2,2,NEW_ONLY,1,1,3.0820565298199654
answer,kubernetes,cross_read_filter,,0,sparse_old_deleted,9,4cec4d7ece88b7eb5b04b59e34fdce9c68c37be8,content/en/docs/tasks/inject-data-application/define-environment-variable-via-file.md,2,0,2,2,NEW_ONLY,1,1,2.892950549721718
answer,kubernetes,cross_read_filter,,0,sparse_old_deleted,10,b0bc7de52f48b923bde8f567f8a58c7aa4e1ffad,content/en/docs/tutorials/kubernetes-basics/create-cluster/cluster-intro.md,2,0,2,2,NEW_ONLY,1,1,2.8786100447177887
answer,kubernetes,cross_read_filter,,0,sparse_old_deleted,11,152489ebf5efe70ad88a25f01faba14552d2c953,content/en/docs/setup/production-environment/container-runtimes.md,2,0,2,2,NEW_ONLY,1,1,2.903405576944351
answer,kubernetes,cross_read_filter,,0,sparse_old_deleted,12,e94b8926efca25bf711f4fa324c3658064691389,content/en/docs/tasks/debug/debug-application/debug-service.md,2,0,2,2,NEW_ONLY,1,1,2.7547562494874
answer,kubernetes,cross_read_filter,,0,sparse_old_deleted,13,c55865f28de688b69732418a823c5eac29ce42ff,content/en/docs/concepts/scheduling-eviction/resource-bin-packing.md,2,0,2,2,NEW_ONLY,1,1,2.8306152671575546
answer,kubernetes,cross_read_filter,,0,sparse_old_deleted,14,893805d67799fe9d389624a047651c6149086614,content/en/docs/tasks/administer-cluster/certificates.md,2,0,2,2,NEW_ONLY,1,1,2.8341086581349373
answer,kubernetes,cross_read_filter,,0,sparse_old_deleted,15,b50bf20aa07b4d865d8ddaf4ba395ac8afd6126d,content/en/docs/contribute/style/hugo-shortcodes/index.md,2,0,2,2,NEW_ONLY,1,1,2.8169043362140656
answer,kubernetes,cross_read_filter,,0,sparse_old_deleted,16,c37d57216103cd3473e82dc7b481bf5b34a1a197,content/en/docs/concepts/containers/runtime-class.md,2,0,2,2,NEW_ONLY,1,1,2.9212934896349907
answer,kubernetes,cross_read_filter,,0,sparse_old_deleted,17,9631a3e27addfcdd5c1b149147b7da85118e0cbf,content/en/docs/tasks/administer-cluster/topology-manager.md,2,0,2,2,NEW_ONLY,1,1,2.666821703314781
answer,kubernetes,cross_read_filter,,0,sparse_old_deleted,18,9ea55e8425f499774e0a96156e5f920e5d669825,content/en/docs/reference/access-authn-authz/certificate-signing-requests.md,2,0,2,2,NEW_ONLY,1,1,3.09750996530056
answer,kubernetes,cross_read_filter,,0,sparse_old_deleted,19,80b85ff51d97577b13f08ddc4a37117ff44082c5,content/en/docs/reference/node/kubelet-sync-loop.md,2,0,2,2,NEW_ONLY,1,1,2.757708542048931
answer,kubernetes,cross_read_filter,,0,sparse_old_deleted,20,9c0e34fff3a05acd195a63fb057cf7163252258f,content/en/docs/reference/command-line-tools-reference/kube-proxy.md,2,0,2,2,NEW_ONLY,1,1,2.802235074341297
answer,kubernetes,cross_read_filter,,0,sparse_old_deleted,21,6dc6c3a989c065ef570348e150e260291e5d670b,content/en/docs/concepts/scheduling-eviction/node-pressure-eviction.md,2,0,2,2,NEW_ONLY,1,1,2.850247547030449
answer,kubernetes,cross_read_filter,,0,sparse_old_deleted,22,20f5f738fef864413316d55587661a323f439865,content/en/docs/reference/kubectl/introduction.md,2,0,2,2,NEW_ONLY,1,1,2.668386325240135
answer,kubernetes,cross_read_filter,,0,sparse_old_deleted,23,dc2fac362ae51ba81409fae648e3c87c4efef8e9,content/en/docs/concepts/scheduling-eviction/gang-scheduling.md,2,0,2,2,NEW_ONLY,1,1,2.8373468667268753
answer,kubernetes,cross_read_filter,,0,sparse_old_deleted,24,e77da46210baf2e4f788b8ff1acf0c2522ffbcf6,content/en/docs/concepts/workloads/pods/_index.md,2,0,2,2,NEW_ONLY,1,1,2.9441388323903084
answer,kubernetes,cross_read_filter,,1,initial,0,1ed32985eae9c4d1a90c1865647b9703e20da886,content/en/docs/contribute/generate-ref-docs/config-api.md,1,0,1,1,OLD_ONLY,1,0,59.847855009138584
answer,kubernetes,cross_read_filter,,1,initial,1,dad5f8753314e521716ae139d1fd886390fc08d3,content/en/docs/tasks/extend-kubernetes/configure-aggregation-layer.md,1,0,1,1,OLD_ONLY,1,0,3.321428783237934
answer,kubernetes,cross_read_filter,,1,initial,2,4c086dd93b2ed0fdf361b1533eebd3a1217d50da,content/en/docs/contribute/generate-ref-docs/prerequisites-ref-docs.md,1,0,1,1,OLD_ONLY,1,0,3.133753314614296
answer,kubernetes,cross_read_filter,,1,initial,3,787489f7a68e0601cdab37883dc461cc3725d7d1,content/en/docs/concepts/scheduling-eviction/topology-aware-scheduling.md,1,0,1,1,OLD_ONLY,1,0,3.069145604968071
answer,kubernetes,cross_read_filter,,1,initial,4,63a45fdb9543ae9a2831aac08e1e99e6924796aa,content/en/docs/reference/node/what-happens-on-restart.md,1,0,1,1,OLD_ONLY,1,0,3.6455467343330383
answer,kubernetes,cross_read_filter,,1,initial,5,b3f516481aaaa9ad1b71a0a9cc31346c02ec348a,content/en/docs/concepts/overview/working-with-objects/annotations.md,1,0,1,1,OLD_ONLY,1,0,3.8116509094834328
answer,kubernetes,cross_read_filter,,1,initial,6,9c67be5e1be7b60d2fc0bc09226abf739be72152,content/en/docs/concepts/configuration/manage-resources-containers.md,1,0,1,1,OLD_ONLY,1,0,3.850477747619152
answer,kubernetes,cross_read_filter,,1,initial,7,7e01eaee123c18c295656cea5cd03886fcbd2cc5,content/en/docs/concepts/cluster-administration/node-autoscaling.md,1,0,1,1,OLD_ONLY,1,0,2.9932651668787003
answer,kubernetes,cross_read_filter,,1,initial,8,7d6f80e5148219869055e2ec2acd63e971e7cf45,content/en/docs/concepts/cluster-administration/swap-memory-management.md,1,0,1,1,OLD_ONLY,1,0,3.1078895553946495
answer,kubernetes,cross_read_filter,,1,initial,9,4cec4d7ece88b7eb5b04b59e34fdce9c68c37be8,content/en/docs/tasks/inject-data-application/define-environment-variable-via-file.md,1,0,1,1,OLD_ONLY,1,0,2.80084740370512
answer,kubernetes,cross_read_filter,,1,initial,10,b0bc7de52f48b923bde8f567f8a58c7aa4e1ffad,content/en/docs/tutorials/kubernetes-basics/create-cluster/cluster-intro.md,1,0,1,1,OLD_ONLY,1,0,2.9360372573137283
answer,kubernetes,cross_read_filter,,1,initial,11,152489ebf5efe70ad88a25f01faba14552d2c953,content/en/docs/setup/production-environment/container-runtimes.md,1,0,1,1,OLD_ONLY,1,0,2.9580676928162575
answer,kubernetes,cross_read_filter,,1,initial,12,e94b8926efca25bf711f4fa324c3658064691389,content/en/docs/tasks/debug/debug-application/debug-service.md,1,0,1,1,OLD_ONLY,1,0,2.90729571133852
answer,kubernetes,cross_read_filter,,1,initial,13,c55865f28de688b69732418a823c5eac29ce42ff,content/en/docs/concepts/scheduling-eviction/resource-bin-packing.md,1,0,1,1,OLD_ONLY,1,0,2.7987053617835045
answer,kubernetes,cross_read_filter,,1,initial,14,893805d67799fe9d389624a047651c6149086614,content/en/docs/tasks/administer-cluster/certificates.md,1,0,1,1,OLD_ONLY,1,0,2.583589404821396
answer,kubernetes,cross_read_filter,,1,initial,15,b50bf20aa07b4d865d8ddaf4ba395ac8afd6126d,content/en/docs/contribute/style/hugo-shortcodes/index.md,1,0,1,1,OLD_ONLY,1,0,2.9482943937182426
answer,kubernetes,cross_read_filter,,1,initial,16,c37d57216103cd3473e82dc7b481bf5b34a1a197,content/en/docs/concepts/containers/runtime-class.md,1,0,1,1,OLD_ONLY,1,0,3.70575487613678
answer,kubernetes,cross_read_filter,,1,initial,17,9631a3e27addfcdd5c1b149147b7da85118e0cbf,content/en/docs/tasks/administer-cluster/topology-manager.md,1,0,1,1,OLD_ONLY,1,0,2.9787011444568634
answer,kubernetes,cross_read_filter,,1,initial,18,9ea55e8425f499774e0a96156e5f920e5d669825,content/en/docs/reference/access-authn-authz/certificate-signing-requests.md,1,0,1,1,OLD_ONLY,1,0,2.7732867747545242
answer,kubernetes,cross_read_filter,,1,initial,19,80b85ff51d97577b13f08ddc4a37117ff44082c5,content/en/docs/reference/node/kubelet-sync-loop.md,1,0,1,1,OLD_ONLY,1,0,2.6939017698168755
answer,kubernetes,cross_read_filter,,1,initial,20,9c0e34fff3a05acd195a63fb057cf7163252258f,content/en/docs/reference/command-line-tools-reference/kube-proxy.md,1,0,1,1,OLD_ONLY,1,0,2.6957886293530464
answer,kubernetes,cross_read_filter,,1,initial,21,6dc6c3a989c065ef570348e150e260291e5d670b,content/en/docs/concepts/scheduling-eviction/node-pressure-eviction.md,1,0,1,1,OLD_ONLY,1,0,2.7962420135736465
answer,kubernetes,cross_read_filter,,1,initial,22,20f5f738fef864413316d55587661a323f439865,content/en/docs/reference/kubectl/introduction.md,1,0,1,1,OLD_ONLY,1,0,2.9558027163147926
answer,kubernetes,cross_read_filter,,1,initial,23,dc2fac362ae51ba81409fae648e3c87c4efef8e9,content/en/docs/concepts/scheduling-eviction/gang-scheduling.md,1,0,1,1,OLD_ONLY,1,0,2.8419410809874535
answer,kubernetes,cross_read_filter,,1,initial,24,e77da46210baf2e4f788b8ff1acf0c2522ffbcf6,content/en/docs/concepts/workloads/pods/_index.md,1,0,1,1,OLD_ONLY,1,0,2.792918123304844
answer,kubernetes,cross_read_filter,,1,manifest_published,0,1ed32985eae9c4d1a90c1865647b9703e20da886,content/en/docs/contribute/generate-ref-docs/config-api.md,2,0,,,MISSING,0,0,2.9997797682881355
answer,kubernetes,cross_read_filter,,1,manifest_published,1,dad5f8753314e521716ae139d1fd886390fc08d3,content/en/docs/tasks/extend-kubernetes/configure-aggregation-layer.md,2,0,,,MISSING,0,0,3.174705430865288
answer,kubernetes,cross_read_filter,,1,manifest_published,2,4c086dd93b2ed0fdf361b1533eebd3a1217d50da,content/en/docs/contribute/generate-ref-docs/prerequisites-ref-docs.md,2,0,,,MISSING,0,0,2.627309411764145
answer,kubernetes,cross_read_filter,,1,manifest_published,3,787489f7a68e0601cdab37883dc461cc3725d7d1,content/en/docs/concepts/scheduling-eviction/topology-aware-scheduling.md,2,0,,,MISSING,0,0,2.714024856686592
answer,kubernetes,cross_read_filter,,1,manifest_published,4,63a45fdb9543ae9a2831aac08e1e99e6924796aa,content/en/docs/reference/node/what-happens-on-restart.md,2,0,,,MISSING,0,0,2.744787372648716
answer,kubernetes,cross_read_filter,,1,manifest_published,5,b3f516481aaaa9ad1b71a0a9cc31346c02ec348a,content/en/docs/concepts/overview/working-with-objects/annotations.md,2,0,,,MISSING,0,0,2.7812309563159943
answer,kubernetes,cross_read_filter,,1,manifest_published,6,9c67be5e1be7b60d2fc0bc09226abf739be72152,content/en/docs/concepts/configuration/manage-resources-containers.md,2,0,,,MISSING,0,0,2.760048024356365
answer,kubernetes,cross_read_filter,,1,manifest_published,7,7e01eaee123c18c295656cea5cd03886fcbd2cc5,content/en/docs/concepts/cluster-administration/node-autoscaling.md,2,0,,,MISSING,0,0,2.7478160336613655
answer,kubernetes,cross_read_filter,,1,manifest_published,8,7d6f80e5148219869055e2ec2acd63e971e7cf45,content/en/docs/concepts/cluster-administration/swap-memory-management.md,2,0,,,MISSING,0,0,2.7600619941949844
answer,kubernetes,cross_read_filter,,1,manifest_published,9,4cec4d7ece88b7eb5b04b59e34fdce9c68c37be8,content/en/docs/tasks/inject-data-application/define-environment-variable-via-file.md,2,0,,,MISSING,0,0,2.565448172390461
answer,kubernetes,cross_read_filter,,1,manifest_published,10,b0bc7de52f48b923bde8f567f8a58c7aa4e1ffad,content/en/docs/tutorials/kubernetes-basics/create-cluster/cluster-intro.md,2,0,,,MISSING,0,0,3.207768313586712
answer,kubernetes,cross_read_filter,,1,manifest_published,11,152489ebf5efe70ad88a25f01faba14552d2c953,content/en/docs/setup/production-environment/container-runtimes.md,2,0,,,MISSING,0,0,3.081323578953743
answer,kubernetes,cross_read_filter,,1,manifest_published,12,e94b8926efca25bf711f4fa324c3658064691389,content/en/docs/tasks/debug/debug-application/debug-service.md,2,0,,,MISSING,0,0,2.8588147833943367
answer,kubernetes,cross_read_filter,,1,manifest_published,13,c55865f28de688b69732418a823c5eac29ce42ff,content/en/docs/concepts/scheduling-eviction/resource-bin-packing.md,2,0,,,MISSING,0,0,2.828533761203289
answer,kubernetes,cross_read_filter,,1,manifest_published,14,893805d67799fe9d389624a047651c6149086614,content/en/docs/tasks/administer-cluster/certificates.md,2,0,,,MISSING,0,0,2.6831142604351044
answer,kubernetes,cross_read_filter,,1,manifest_published,15,b50bf20aa07b4d865d8ddaf4ba395ac8afd6126d,content/en/docs/contribute/style/hugo-shortcodes/index.md,2,0,,,MISSING,0,0,2.6179635897278786
answer,kubernetes,cross_read_filter,,1,manifest_published,16,c37d57216103cd3473e82dc7b481bf5b34a1a197,content/en/docs/concepts/containers/runtime-class.md,2,0,,,MISSING,0,0,2.5682738050818443
answer,kubernetes,cross_read_filter,,1,manifest_published,17,9631a3e27addfcdd5c1b149147b7da85118e0cbf,content/en/docs/tasks/administer-cluster/topology-manager.md,2,0,,,MISSING,0,0,2.6851920410990715
answer,kubernetes,cross_read_filter,,1,manifest_published,18,9ea55e8425f499774e0a96156e5f920e5d669825,content/en/docs/reference/access-authn-authz/certificate-signing-requests.md,2,0,,,MISSING,0,0,2.775639295578003
answer,kubernetes,cross_read_filter,,1,manifest_published,19,80b85ff51d97577b13f08ddc4a37117ff44082c5,content/en/docs/reference/node/kubelet-sync-loop.md,2,0,,,MISSING,0,0,2.829848788678646
answer,kubernetes,cross_read_filter,,1,manifest_published,20,9c0e34fff3a05acd195a63fb057cf7163252258f,content/en/docs/reference/command-line-tools-reference/kube-proxy.md,2,0,,,MISSING,0,0,2.66841147094965
answer,kubernetes,cross_read_filter,,1,manifest_published,21,6dc6c3a989c065ef570348e150e260291e5d670b,content/en/docs/concepts/scheduling-eviction/node-pressure-eviction.md,2,0,,,MISSING,0,0,2.799311652779579
answer,kubernetes,cross_read_filter,,1,manifest_published,22,20f5f738fef864413316d55587661a323f439865,content/en/docs/reference/kubectl/introduction.md,2,0,,,MISSING,0,0,2.695458009839058
answer,kubernetes,cross_read_filter,,1,manifest_published,23,dc2fac362ae51ba81409fae648e3c87c4efef8e9,content/en/docs/concepts/scheduling-eviction/gang-scheduling.md,2,0,,,MISSING,0,0,2.7430737391114235
answer,kubernetes,cross_read_filter,,1,manifest_published,24,e77da46210baf2e4f788b8ff1acf0c2522ffbcf6,content/en/docs/concepts/workloads/pods/_index.md,2,0,,,MISSING,0,0,2.6945769786834717
answer,kubernetes,cross_read_filter,,1,dense_inserted,0,1ed32985eae9c4d1a90c1865647b9703e20da886,content/en/docs/contribute/generate-ref-docs/config-api.md,2,0,2,,MISSING,0,0,3.186979331076145
answer,kubernetes,cross_read_filter,,1,dense_inserted,1,dad5f8753314e521716ae139d1fd886390fc08d3,content/en/docs/tasks/extend-kubernetes/configure-aggregation-layer.md,2,0,2,,MISSING,0,0,2.6717698201537132
answer,kubernetes,cross_read_filter,,1,dense_inserted,2,4c086dd93b2ed0fdf361b1533eebd3a1217d50da,content/en/docs/contribute/generate-ref-docs/prerequisites-ref-docs.md,2,0,2,,MISSING,0,0,2.7642734348773956
answer,kubernetes,cross_read_filter,,1,dense_inserted,3,787489f7a68e0601cdab37883dc461cc3725d7d1,content/en/docs/concepts/scheduling-eviction/topology-aware-scheduling.md,2,0,2,,MISSING,0,0,2.6876041665673256
answer,kubernetes,cross_read_filter,,1,dense_inserted,4,63a45fdb9543ae9a2831aac08e1e99e6924796aa,content/en/docs/reference/node/what-happens-on-restart.md,2,0,2,,MISSING,0,0,2.9245615005493164
answer,kubernetes,cross_read_filter,,1,dense_inserted,5,b3f516481aaaa9ad1b71a0a9cc31346c02ec348a,content/en/docs/concepts/overview/working-with-objects/annotations.md,2,0,2,,MISSING,0,0,3.008049912750721
answer,kubernetes,cross_read_filter,,1,dense_inserted,6,9c67be5e1be7b60d2fc0bc09226abf739be72152,content/en/docs/concepts/configuration/manage-resources-containers.md,2,0,2,,MISSING,0,0,2.8405552729964256
answer,kubernetes,cross_read_filter,,1,dense_inserted,7,7e01eaee123c18c295656cea5cd03886fcbd2cc5,content/en/docs/concepts/cluster-administration/node-autoscaling.md,2,0,2,,MISSING,0,0,2.849539741873741
answer,kubernetes,cross_read_filter,,1,dense_inserted,8,7d6f80e5148219869055e2ec2acd63e971e7cf45,content/en/docs/concepts/cluster-administration/swap-memory-management.md,2,0,2,,MISSING,0,0,2.6497403159737587
answer,kubernetes,cross_read_filter,,1,dense_inserted,9,4cec4d7ece88b7eb5b04b59e34fdce9c68c37be8,content/en/docs/tasks/inject-data-application/define-environment-variable-via-file.md,2,0,2,,MISSING,0,0,2.6620421558618546
answer,kubernetes,cross_read_filter,,1,dense_inserted,10,b0bc7de52f48b923bde8f567f8a58c7aa4e1ffad,content/en/docs/tutorials/kubernetes-basics/create-cluster/cluster-intro.md,2,0,2,,MISSING,0,0,2.651907503604889
answer,kubernetes,cross_read_filter,,1,dense_inserted,11,152489ebf5efe70ad88a25f01faba14552d2c953,content/en/docs/setup/production-environment/container-runtimes.md,2,0,2,,MISSING,0,0,2.5898590683937073
answer,kubernetes,cross_read_filter,,1,dense_inserted,12,e94b8926efca25bf711f4fa324c3658064691389,content/en/docs/tasks/debug/debug-application/debug-service.md,2,0,2,,MISSING,0,0,2.6121512055397034
answer,kubernetes,cross_read_filter,,1,dense_inserted,13,c55865f28de688b69732418a823c5eac29ce42ff,content/en/docs/concepts/scheduling-eviction/resource-bin-packing.md,2,0,2,,MISSING,0,0,2.6515983045101166
answer,kubernetes,cross_read_filter,,1,dense_inserted,14,893805d67799fe9d389624a047651c6149086614,content/en/docs/tasks/administer-cluster/certificates.md,2,0,2,,MISSING,0,0,2.5216257199645042
answer,kubernetes,cross_read_filter,,1,dense_inserted,15,b50bf20aa07b4d865d8ddaf4ba395ac8afd6126d,content/en/docs/contribute/style/hugo-shortcodes/index.md,2,0,2,,MISSING,0,0,2.939976751804352
answer,kubernetes,cross_read_filter,,1,dense_inserted,16,c37d57216103cd3473e82dc7b481bf5b34a1a197,content/en/docs/concepts/containers/runtime-class.md,2,0,2,,MISSING,0,0,2.4791155010461807
answer,kubernetes,cross_read_filter,,1,dense_inserted,17,9631a3e27addfcdd5c1b149147b7da85118e0cbf,content/en/docs/tasks/administer-cluster/topology-manager.md,2,0,2,,MISSING,0,0,3.101373091340065
answer,kubernetes,cross_read_filter,,1,dense_inserted,18,9ea55e8425f499774e0a96156e5f920e5d669825,content/en/docs/reference/access-authn-authz/certificate-signing-requests.md,2,0,2,,MISSING,0,0,2.8464067727327347
answer,kubernetes,cross_read_filter,,1,dense_inserted,19,80b85ff51d97577b13f08ddc4a37117ff44082c5,content/en/docs/reference/node/kubelet-sync-loop.md,2,0,2,,MISSING,0,0,2.702045254409313
answer,kubernetes,cross_read_filter,,1,dense_inserted,20,9c0e34fff3a05acd195a63fb057cf7163252258f,content/en/docs/reference/command-line-tools-reference/kube-proxy.md,2,0,2,,MISSING,0,0,2.5996239855885506
answer,kubernetes,cross_read_filter,,1,dense_inserted,21,6dc6c3a989c065ef570348e150e260291e5d670b,content/en/docs/concepts/scheduling-eviction/node-pressure-eviction.md,2,0,2,,MISSING,0,0,2.7136970311403275
answer,kubernetes,cross_read_filter,,1,dense_inserted,22,20f5f738fef864413316d55587661a323f439865,content/en/docs/reference/kubectl/introduction.md,2,0,2,,MISSING,0,0,2.4846261367201805
answer,kubernetes,cross_read_filter,,1,dense_inserted,23,dc2fac362ae51ba81409fae648e3c87c4efef8e9,content/en/docs/concepts/scheduling-eviction/gang-scheduling.md,2,0,2,,MISSING,0,0,2.6083430275321007
answer,kubernetes,cross_read_filter,,1,dense_inserted,24,e77da46210baf2e4f788b8ff1acf0c2522ffbcf6,content/en/docs/concepts/workloads/pods/_index.md,2,0,2,,MISSING,0,0,2.5483351200819016
answer,kubernetes,cross_read_filter,,1,sparse_inserted,0,1ed32985eae9c4d1a90c1865647b9703e20da886,content/en/docs/contribute/generate-ref-docs/config-api.md,2,0,2,2,NEW_ONLY,1,1,3.1715454533696175
answer,kubernetes,cross_read_filter,,1,sparse_inserted,1,dad5f8753314e521716ae139d1fd886390fc08d3,content/en/docs/tasks/extend-kubernetes/configure-aggregation-layer.md,2,0,2,2,NEW_ONLY,1,1,2.7053290978074074
answer,kubernetes,cross_read_filter,,1,sparse_inserted,2,4c086dd93b2ed0fdf361b1533eebd3a1217d50da,content/en/docs/contribute/generate-ref-docs/prerequisites-ref-docs.md,2,0,2,2,NEW_ONLY,1,1,2.6610437780618668
answer,kubernetes,cross_read_filter,,1,sparse_inserted,3,787489f7a68e0601cdab37883dc461cc3725d7d1,content/en/docs/concepts/scheduling-eviction/topology-aware-scheduling.md,2,0,2,2,NEW_ONLY,1,1,2.681317739188671
answer,kubernetes,cross_read_filter,,1,sparse_inserted,4,63a45fdb9543ae9a2831aac08e1e99e6924796aa,content/en/docs/reference/node/what-happens-on-restart.md,2,0,2,2,NEW_ONLY,1,1,2.76018213480711
answer,kubernetes,cross_read_filter,,1,sparse_inserted,5,b3f516481aaaa9ad1b71a0a9cc31346c02ec348a,content/en/docs/concepts/overview/working-with-objects/annotations.md,2,0,2,2,NEW_ONLY,1,1,2.6774881407618523
answer,kubernetes,cross_read_filter,,1,sparse_inserted,6,9c67be5e1be7b60d2fc0bc09226abf739be72152,content/en/docs/concepts/configuration/manage-resources-containers.md,2,0,2,2,NEW_ONLY,1,1,2.5955121964216232
answer,kubernetes,cross_read_filter,,1,sparse_inserted,7,7e01eaee123c18c295656cea5cd03886fcbd2cc5,content/en/docs/concepts/cluster-administration/node-autoscaling.md,2,0,2,2,NEW_ONLY,1,1,2.6732683181762695
answer,kubernetes,cross_read_filter,,1,sparse_inserted,8,7d6f80e5148219869055e2ec2acd63e971e7cf45,content/en/docs/concepts/cluster-administration/swap-memory-management.md,2,0,2,2,NEW_ONLY,1,1,2.844344824552536
answer,kubernetes,cross_read_filter,,1,sparse_inserted,9,4cec4d7ece88b7eb5b04b59e34fdce9c68c37be8,content/en/docs/tasks/inject-data-application/define-environment-variable-via-file.md,2,0,2,2,NEW_ONLY,1,1,2.5790026411414146
answer,kubernetes,cross_read_filter,,1,sparse_inserted,10,b0bc7de52f48b923bde8f567f8a58c7aa4e1ffad,content/en/docs/tutorials/kubernetes-basics/create-cluster/cluster-intro.md,2,0,2,2,NEW_ONLY,1,1,2.8760144487023354
answer,kubernetes,cross_read_filter,,1,sparse_inserted,11,152489ebf5efe70ad88a25f01faba14552d2c953,content/en/docs/setup/production-environment/container-runtimes.md,2,0,2,2,NEW_ONLY,1,1,2.663087099790573
answer,kubernetes,cross_read_filter,,1,sparse_inserted,12,e94b8926efca25bf711f4fa324c3658064691389,content/en/docs/tasks/debug/debug-application/debug-service.md,2,0,2,2,NEW_ONLY,1,1,2.3554405197501183
answer,kubernetes,cross_read_filter,,1,sparse_inserted,13,c55865f28de688b69732418a823c5eac29ce42ff,content/en/docs/concepts/scheduling-eviction/resource-bin-packing.md,2,0,2,2,NEW_ONLY,1,1,2.768591046333313
answer,kubernetes,cross_read_filter,,1,sparse_inserted,14,893805d67799fe9d389624a047651c6149086614,content/en/docs/tasks/administer-cluster/certificates.md,2,0,2,2,NEW_ONLY,1,1,2.72426288574934
answer,kubernetes,cross_read_filter,,1,sparse_inserted,15,b50bf20aa07b4d865d8ddaf4ba395ac8afd6126d,content/en/docs/contribute/style/hugo-shortcodes/index.md,2,0,2,2,NEW_ONLY,1,1,2.6046736165881157
answer,kubernetes,cross_read_filter,,1,sparse_inserted,16,c37d57216103cd3473e82dc7b481bf5b34a1a197,content/en/docs/concepts/containers/runtime-class.md,2,0,2,2,NEW_ONLY,1,1,2.606443129479885
answer,kubernetes,cross_read_filter,,1,sparse_inserted,17,9631a3e27addfcdd5c1b149147b7da85118e0cbf,content/en/docs/tasks/administer-cluster/topology-manager.md,2,0,2,2,NEW_ONLY,1,1,2.8142929077148438
answer,kubernetes,cross_read_filter,,1,sparse_inserted,18,9ea55e8425f499774e0a96156e5f920e5d669825,content/en/docs/reference/access-authn-authz/certificate-signing-requests.md,2,0,2,2,NEW_ONLY,1,1,2.6514632627367973
answer,kubernetes,cross_read_filter,,1,sparse_inserted,19,80b85ff51d97577b13f08ddc4a37117ff44082c5,content/en/docs/reference/node/kubelet-sync-loop.md,2,0,2,2,NEW_ONLY,1,1,2.763267606496811
answer,kubernetes,cross_read_filter,,1,sparse_inserted,20,9c0e34fff3a05acd195a63fb057cf7163252258f,content/en/docs/reference/command-line-tools-reference/kube-proxy.md,2,0,2,2,NEW_ONLY,1,1,2.8870366513729095
answer,kubernetes,cross_read_filter,,1,sparse_inserted,21,6dc6c3a989c065ef570348e150e260291e5d670b,content/en/docs/concepts/scheduling-eviction/node-pressure-eviction.md,2,0,2,2,NEW_ONLY,1,1,2.606336958706379
answer,kubernetes,cross_read_filter,,1,sparse_inserted,22,20f5f738fef864413316d55587661a323f439865,content/en/docs/reference/kubectl/introduction.md,2,0,2,2,NEW_ONLY,1,1,2.583971247076988
answer,kubernetes,cross_read_filter,,1,sparse_inserted,23,dc2fac362ae51ba81409fae648e3c87c4efef8e9,content/en/docs/concepts/scheduling-eviction/gang-scheduling.md,2,0,2,2,NEW_ONLY,1,1,2.7327509596943855
answer,kubernetes,cross_read_filter,,1,sparse_inserted,24,e77da46210baf2e4f788b8ff1acf0c2522ffbcf6,content/en/docs/concepts/workloads/pods/_index.md,2,0,2,2,NEW_ONLY,1,1,2.6752110570669174
answer,kubernetes,cross_read_filter,,1,dense_old_deleted,0,1ed32985eae9c4d1a90c1865647b9703e20da886,content/en/docs/contribute/generate-ref-docs/config-api.md,2,0,2,2,NEW_ONLY,1,1,2.8055086731910706
answer,kubernetes,cross_read_filter,,1,dense_old_deleted,1,dad5f8753314e521716ae139d1fd886390fc08d3,content/en/docs/tasks/extend-kubernetes/configure-aggregation-layer.md,2,0,2,2,NEW_ONLY,1,1,3.1521040946245193
answer,kubernetes,cross_read_filter,,1,dense_old_deleted,2,4c086dd93b2ed0fdf361b1533eebd3a1217d50da,content/en/docs/contribute/generate-ref-docs/prerequisites-ref-docs.md,2,0,2,2,NEW_ONLY,1,1,3.371794708073139
answer,kubernetes,cross_read_filter,,1,dense_old_deleted,3,787489f7a68e0601cdab37883dc461cc3725d7d1,content/en/docs/concepts/scheduling-eviction/topology-aware-scheduling.md,2,0,2,2,NEW_ONLY,1,1,3.1490735709667206
answer,kubernetes,cross_read_filter,,1,dense_old_deleted,4,63a45fdb9543ae9a2831aac08e1e99e6924796aa,content/en/docs/reference/node/what-happens-on-restart.md,2,0,2,2,NEW_ONLY,1,1,3.185373730957508
answer,kubernetes,cross_read_filter,,1,dense_old_deleted,5,b3f516481aaaa9ad1b71a0a9cc31346c02ec348a,content/en/docs/concepts/overview/working-with-objects/annotations.md,2,0,2,2,NEW_ONLY,1,1,2.8478391468524933
answer,kubernetes,cross_read_filter,,1,dense_old_deleted,6,9c67be5e1be7b60d2fc0bc09226abf739be72152,content/en/docs/concepts/configuration/manage-resources-containers.md,2,0,2,2,NEW_ONLY,1,1,2.795657142996788
answer,kubernetes,cross_read_filter,,1,dense_old_deleted,7,7e01eaee123c18c295656cea5cd03886fcbd2cc5,content/en/docs/concepts/cluster-administration/node-autoscaling.md,2,0,2,2,NEW_ONLY,1,1,2.816924825310707
answer,kubernetes,cross_read_filter,,1,dense_old_deleted,8,7d6f80e5148219869055e2ec2acd63e971e7cf45,content/en/docs/concepts/cluster-administration/swap-memory-management.md,2,0,2,2,NEW_ONLY,1,1,2.714141272008419
answer,kubernetes,cross_read_filter,,1,dense_old_deleted,9,4cec4d7ece88b7eb5b04b59e34fdce9c68c37be8,content/en/docs/tasks/inject-data-application/define-environment-variable-via-file.md,2,0,2,2,NEW_ONLY,1,1,2.7645351365208626
answer,kubernetes,cross_read_filter,,1,dense_old_deleted,10,b0bc7de52f48b923bde8f567f8a58c7aa4e1ffad,content/en/docs/tutorials/kubernetes-basics/create-cluster/cluster-intro.md,2,0,2,2,NEW_ONLY,1,1,2.8918003663420677
answer,kubernetes,cross_read_filter,,1,dense_old_deleted,11,152489ebf5efe70ad88a25f01faba14552d2c953,content/en/docs/setup/production-environment/container-runtimes.md,2,0,2,2,NEW_ONLY,1,1,2.821974456310272
answer,kubernetes,cross_read_filter,,1,dense_old_deleted,12,e94b8926efca25bf711f4fa324c3658064691389,content/en/docs/tasks/debug/debug-application/debug-service.md,2,0,2,2,NEW_ONLY,1,1,2.8734616935253143
answer,kubernetes,cross_read_filter,,1,dense_old_deleted,13,c55865f28de688b69732418a823c5eac29ce42ff,content/en/docs/concepts/scheduling-eviction/resource-bin-packing.md,2,0,2,2,NEW_ONLY,1,1,2.737371250987053
answer,kubernetes,cross_read_filter,,1,dense_old_deleted,14,893805d67799fe9d389624a047651c6149086614,content/en/docs/tasks/administer-cluster/certificates.md,2,0,2,2,NEW_ONLY,1,1,3.000817261636257
answer,kubernetes,cross_read_filter,,1,dense_old_deleted,15,b50bf20aa07b4d865d8ddaf4ba395ac8afd6126d,content/en/docs/contribute/style/hugo-shortcodes/index.md,2,0,2,2,NEW_ONLY,1,1,2.8165774419903755
answer,kubernetes,cross_read_filter,,1,dense_old_deleted,16,c37d57216103cd3473e82dc7b481bf5b34a1a197,content/en/docs/concepts/containers/runtime-class.md,2,0,2,2,NEW_ONLY,1,1,2.836848609149456
answer,kubernetes,cross_read_filter,,1,dense_old_deleted,17,9631a3e27addfcdd5c1b149147b7da85118e0cbf,content/en/docs/tasks/administer-cluster/topology-manager.md,2,0,2,2,NEW_ONLY,1,1,2.8257593512535095
answer,kubernetes,cross_read_filter,,1,dense_old_deleted,18,9ea55e8425f499774e0a96156e5f920e5d669825,content/en/docs/reference/access-authn-authz/certificate-signing-requests.md,2,0,2,2,NEW_ONLY,1,1,2.907693386077881
answer,kubernetes,cross_read_filter,,1,dense_old_deleted,19,80b85ff51d97577b13f08ddc4a37117ff44082c5,content/en/docs/reference/node/kubelet-sync-loop.md,2,0,2,2,NEW_ONLY,1,1,2.908344380557537
answer,kubernetes,cross_read_filter,,1,dense_old_deleted,20,9c0e34fff3a05acd195a63fb057cf7163252258f,content/en/docs/reference/command-line-tools-reference/kube-proxy.md,2,0,2,2,NEW_ONLY,1,1,2.8111375868320465
answer,kubernetes,cross_read_filter,,1,dense_old_deleted,21,6dc6c3a989c065ef570348e150e260291e5d670b,content/en/docs/concepts/scheduling-eviction/node-pressure-eviction.md,2,0,2,2,NEW_ONLY,1,1,2.7597257867455482
answer,kubernetes,cross_read_filter,,1,dense_old_deleted,22,20f5f738fef864413316d55587661a323f439865,content/en/docs/reference/kubectl/introduction.md,2,0,2,2,NEW_ONLY,1,1,2.8470568358898163
answer,kubernetes,cross_read_filter,,1,dense_old_deleted,23,dc2fac362ae51ba81409fae648e3c87c4efef8e9,content/en/docs/concepts/scheduling-eviction/gang-scheduling.md,2,0,2,2,NEW_ONLY,1,1,2.7660075575113297
answer,kubernetes,cross_read_filter,,1,dense_old_deleted,24,e77da46210baf2e4f788b8ff1acf0c2522ffbcf6,content/en/docs/concepts/workloads/pods/_index.md,2,0,2,2,NEW_ONLY,1,1,3.076065331697464
answer,kubernetes,cross_read_filter,,1,sparse_old_deleted,0,1ed32985eae9c4d1a90c1865647b9703e20da886,content/en/docs/contribute/generate-ref-docs/config-api.md,2,0,2,2,NEW_ONLY,1,1,3.08994110673666
answer,kubernetes,cross_read_filter,,1,sparse_old_deleted,1,dad5f8753314e521716ae139d1fd886390fc08d3,content/en/docs/tasks/extend-kubernetes/configure-aggregation-layer.md,2,0,2,2,NEW_ONLY,1,1,2.895958721637726
answer,kubernetes,cross_read_filter,,1,sparse_old_deleted,2,4c086dd93b2ed0fdf361b1533eebd3a1217d50da,content/en/docs/contribute/generate-ref-docs/prerequisites-ref-docs.md,2,0,2,2,NEW_ONLY,1,1,2.8411298990249634
answer,kubernetes,cross_read_filter,,1,sparse_old_deleted,3,787489f7a68e0601cdab37883dc461cc3725d7d1,content/en/docs/concepts/scheduling-eviction/topology-aware-scheduling.md,2,0,2,2,NEW_ONLY,1,1,2.896960824728012
answer,kubernetes,cross_read_filter,,1,sparse_old_deleted,4,63a45fdb9543ae9a2831aac08e1e99e6924796aa,content/en/docs/reference/node/what-happens-on-restart.md,2,0,2,2,NEW_ONLY,1,1,2.8793197125196457
answer,kubernetes,cross_read_filter,,1,sparse_old_deleted,5,b3f516481aaaa9ad1b71a0a9cc31346c02ec348a,content/en/docs/concepts/overview/working-with-objects/annotations.md,2,0,2,2,NEW_ONLY,1,1,2.9635699465870857
answer,kubernetes,cross_read_filter,,1,sparse_old_deleted,6,9c67be5e1be7b60d2fc0bc09226abf739be72152,content/en/docs/concepts/configuration/manage-resources-containers.md,2,0,2,2,NEW_ONLY,1,1,3.243320621550083
answer,kubernetes,cross_read_filter,,1,sparse_old_deleted,7,7e01eaee123c18c295656cea5cd03886fcbd2cc5,content/en/docs/concepts/cluster-administration/node-autoscaling.md,2,0,2,2,NEW_ONLY,1,1,3.245139494538307
answer,kubernetes,cross_read_filter,,1,sparse_old_deleted,8,7d6f80e5148219869055e2ec2acd63e971e7cf45,content/en/docs/concepts/cluster-administration/swap-memory-management.md,2,0,2,2,NEW_ONLY,1,1,3.3371783792972565
answer,kubernetes,cross_read_filter,,1,sparse_old_deleted,9,4cec4d7ece88b7eb5b04b59e34fdce9c68c37be8,content/en/docs/tasks/inject-data-application/define-environment-variable-via-file.md,2,0,2,2,NEW_ONLY,1,1,2.711009234189987
answer,kubernetes,cross_read_filter,,1,sparse_old_deleted,10,b0bc7de52f48b923bde8f567f8a58c7aa4e1ffad,content/en/docs/tutorials/kubernetes-basics/create-cluster/cluster-intro.md,2,0,2,2,NEW_ONLY,1,1,2.8071850538253784
answer,kubernetes,cross_read_filter,,1,sparse_old_deleted,11,152489ebf5efe70ad88a25f01faba14552d2c953,content/en/docs/setup/production-environment/container-runtimes.md,2,0,2,2,NEW_ONLY,1,1,2.8223032131791115
answer,kubernetes,cross_read_filter,,1,sparse_old_deleted,12,e94b8926efca25bf711f4fa324c3658064691389,content/en/docs/tasks/debug/debug-application/debug-service.md,2,0,2,2,NEW_ONLY,1,1,2.8358232229948044
answer,kubernetes,cross_read_filter,,1,sparse_old_deleted,13,c55865f28de688b69732418a823c5eac29ce42ff,content/en/docs/concepts/scheduling-eviction/resource-bin-packing.md,2,0,2,2,NEW_ONLY,1,1,2.7961870655417442
answer,kubernetes,cross_read_filter,,1,sparse_old_deleted,14,893805d67799fe9d389624a047651c6149086614,content/en/docs/tasks/administer-cluster/certificates.md,2,0,2,2,NEW_ONLY,1,1,2.582123503088951
answer,kubernetes,cross_read_filter,,1,sparse_old_deleted,15,b50bf20aa07b4d865d8ddaf4ba395ac8afd6126d,content/en/docs/contribute/style/hugo-shortcodes/index.md,2,0,2,2,NEW_ONLY,1,1,2.7908068150281906
answer,kubernetes,cross_read_filter,,1,sparse_old_deleted,16,c37d57216103cd3473e82dc7b481bf5b34a1a197,content/en/docs/concepts/containers/runtime-class.md,2,0,2,2,NEW_ONLY,1,1,2.871398814022541
answer,kubernetes,cross_read_filter,,1,sparse_old_deleted,17,9631a3e27addfcdd5c1b149147b7da85118e0cbf,content/en/docs/tasks/administer-cluster/topology-manager.md,2,0,2,2,NEW_ONLY,1,1,2.8386572375893593
answer,kubernetes,cross_read_filter,,1,sparse_old_deleted,18,9ea55e8425f499774e0a96156e5f920e5d669825,content/en/docs/reference/access-authn-authz/certificate-signing-requests.md,2,0,2,2,NEW_ONLY,1,1,2.982291392982006
answer,kubernetes,cross_read_filter,,1,sparse_old_deleted,19,80b85ff51d97577b13f08ddc4a37117ff44082c5,content/en/docs/reference/node/kubelet-sync-loop.md,2,0,2,2,NEW_ONLY,1,1,2.746780402958393
answer,kubernetes,cross_read_filter,,1,sparse_old_deleted,20,9c0e34fff3a05acd195a63fb057cf7163252258f,content/en/docs/reference/command-line-tools-reference/kube-proxy.md,2,0,2,2,NEW_ONLY,1,1,2.92961485683918
answer,kubernetes,cross_read_filter,,1,sparse_old_deleted,21,6dc6c3a989c065ef570348e150e260291e5d670b,content/en/docs/concepts/scheduling-eviction/node-pressure-eviction.md,2,0,2,2,NEW_ONLY,1,1,2.7469657361507416
answer,kubernetes,cross_read_filter,,1,sparse_old_deleted,22,20f5f738fef864413316d55587661a323f439865,content/en/docs/reference/kubectl/introduction.md,2,0,2,2,NEW_ONLY,1,1,2.759410999715328
answer,kubernetes,cross_read_filter,,1,sparse_old_deleted,23,dc2fac362ae51ba81409fae648e3c87c4efef8e9,content/en/docs/concepts/scheduling-eviction/gang-scheduling.md,2,0,2,2,NEW_ONLY,1,1,2.910727635025978
answer,kubernetes,cross_read_filter,,1,sparse_old_deleted,24,e77da46210baf2e4f788b8ff1acf0c2522ffbcf6,content/en/docs/concepts/workloads/pods/_index.md,2,0,2,2,NEW_ONLY,1,1,2.979116514325142
answer,kubernetes,cross_read_filter,,2,initial,0,1ed32985eae9c4d1a90c1865647b9703e20da886,content/en/docs/contribute/generate-ref-docs/config-api.md,1,0,1,1,OLD_ONLY,1,0,62.37378250807524
answer,kubernetes,cross_read_filter,,2,initial,1,dad5f8753314e521716ae139d1fd886390fc08d3,content/en/docs/tasks/extend-kubernetes/configure-aggregation-layer.md,1,0,1,1,OLD_ONLY,1,0,3.366648219525814
answer,kubernetes,cross_read_filter,,2,initial,2,4c086dd93b2ed0fdf361b1533eebd3a1217d50da,content/en/docs/contribute/generate-ref-docs/prerequisites-ref-docs.md,1,0,1,1,OLD_ONLY,1,0,3.2161595299839973
answer,kubernetes,cross_read_filter,,2,initial,3,787489f7a68e0601cdab37883dc461cc3725d7d1,content/en/docs/concepts/scheduling-eviction/topology-aware-scheduling.md,1,0,1,1,OLD_ONLY,1,0,2.972900867462158
answer,kubernetes,cross_read_filter,,2,initial,4,63a45fdb9543ae9a2831aac08e1e99e6924796aa,content/en/docs/reference/node/what-happens-on-restart.md,1,0,1,1,OLD_ONLY,1,0,3.3958274871110916
answer,kubernetes,cross_read_filter,,2,initial,5,b3f516481aaaa9ad1b71a0a9cc31346c02ec348a,content/en/docs/concepts/overview/working-with-objects/annotations.md,1,0,1,1,OLD_ONLY,1,0,3.4065591171383858
answer,kubernetes,cross_read_filter,,2,initial,6,9c67be5e1be7b60d2fc0bc09226abf739be72152,content/en/docs/concepts/configuration/manage-resources-containers.md,1,0,1,1,OLD_ONLY,1,0,2.9764464125037193
answer,kubernetes,cross_read_filter,,2,initial,7,7e01eaee123c18c295656cea5cd03886fcbd2cc5,content/en/docs/concepts/cluster-administration/node-autoscaling.md,1,0,1,1,OLD_ONLY,1,0,4.556344822049141
answer,kubernetes,cross_read_filter,,2,initial,8,7d6f80e5148219869055e2ec2acd63e971e7cf45,content/en/docs/concepts/cluster-administration/swap-memory-management.md,1,0,1,1,OLD_ONLY,1,0,3.0882619321346283
answer,kubernetes,cross_read_filter,,2,initial,9,4cec4d7ece88b7eb5b04b59e34fdce9c68c37be8,content/en/docs/tasks/inject-data-application/define-environment-variable-via-file.md,1,0,1,1,OLD_ONLY,1,0,2.8259409591555595
answer,kubernetes,cross_read_filter,,2,initial,10,b0bc7de52f48b923bde8f567f8a58c7aa4e1ffad,content/en/docs/tutorials/kubernetes-basics/create-cluster/cluster-intro.md,1,0,1,1,OLD_ONLY,1,0,2.948535606265068
answer,kubernetes,cross_read_filter,,2,initial,11,152489ebf5efe70ad88a25f01faba14552d2c953,content/en/docs/setup/production-environment/container-runtimes.md,1,0,1,1,OLD_ONLY,1,0,2.8135525062680244
answer,kubernetes,cross_read_filter,,2,initial,12,e94b8926efca25bf711f4fa324c3658064691389,content/en/docs/tasks/debug/debug-application/debug-service.md,1,0,1,1,OLD_ONLY,1,0,2.852681092917919
answer,kubernetes,cross_read_filter,,2,initial,13,c55865f28de688b69732418a823c5eac29ce42ff,content/en/docs/concepts/scheduling-eviction/resource-bin-packing.md,1,0,1,1,OLD_ONLY,1,0,2.8172433376312256
answer,kubernetes,cross_read_filter,,2,initial,14,893805d67799fe9d389624a047651c6149086614,content/en/docs/tasks/administer-cluster/certificates.md,1,0,1,1,OLD_ONLY,1,0,3.018062561750412
answer,kubernetes,cross_read_filter,,2,initial,15,b50bf20aa07b4d865d8ddaf4ba395ac8afd6126d,content/en/docs/contribute/style/hugo-shortcodes/index.md,1,0,1,1,OLD_ONLY,1,0,2.8179362416267395
answer,kubernetes,cross_read_filter,,2,initial,16,c37d57216103cd3473e82dc7b481bf5b34a1a197,content/en/docs/concepts/containers/runtime-class.md,1,0,1,1,OLD_ONLY,1,0,2.70741805434227
answer,kubernetes,cross_read_filter,,2,initial,17,9631a3e27addfcdd5c1b149147b7da85118e0cbf,content/en/docs/tasks/administer-cluster/topology-manager.md,1,0,1,1,OLD_ONLY,1,0,2.9173875227570534
answer,kubernetes,cross_read_filter,,2,initial,18,9ea55e8425f499774e0a96156e5f920e5d669825,content/en/docs/reference/access-authn-authz/certificate-signing-requests.md,1,0,1,1,OLD_ONLY,1,0,2.595897763967514
answer,kubernetes,cross_read_filter,,2,initial,19,80b85ff51d97577b13f08ddc4a37117ff44082c5,content/en/docs/reference/node/kubelet-sync-loop.md,1,0,1,1,OLD_ONLY,1,0,2.6077013462781906
answer,kubernetes,cross_read_filter,,2,initial,20,9c0e34fff3a05acd195a63fb057cf7163252258f,content/en/docs/reference/command-line-tools-reference/kube-proxy.md,1,0,1,1,OLD_ONLY,1,0,2.6295343413949013
answer,kubernetes,cross_read_filter,,2,initial,21,6dc6c3a989c065ef570348e150e260291e5d670b,content/en/docs/concepts/scheduling-eviction/node-pressure-eviction.md,1,0,1,1,OLD_ONLY,1,0,2.710769884288311
answer,kubernetes,cross_read_filter,,2,initial,22,20f5f738fef864413316d55587661a323f439865,content/en/docs/reference/kubectl/introduction.md,1,0,1,1,OLD_ONLY,1,0,2.818808890879154
answer,kubernetes,cross_read_filter,,2,initial,23,dc2fac362ae51ba81409fae648e3c87c4efef8e9,content/en/docs/concepts/scheduling-eviction/gang-scheduling.md,1,0,1,1,OLD_ONLY,1,0,2.585281617939472
answer,kubernetes,cross_read_filter,,2,initial,24,e77da46210baf2e4f788b8ff1acf0c2522ffbcf6,content/en/docs/concepts/workloads/pods/_index.md,1,0,1,1,OLD_ONLY,1,0,2.6241913437843323
answer,kubernetes,cross_read_filter,,2,manifest_published,0,1ed32985eae9c4d1a90c1865647b9703e20da886,content/en/docs/contribute/generate-ref-docs/config-api.md,2,0,,,MISSING,0,0,3.0766548588871956
answer,kubernetes,cross_read_filter,,2,manifest_published,1,dad5f8753314e521716ae139d1fd886390fc08d3,content/en/docs/tasks/extend-kubernetes/configure-aggregation-layer.md,2,0,,,MISSING,0,0,2.7405982837080956
answer,kubernetes,cross_read_filter,,2,manifest_published,2,4c086dd93b2ed0fdf361b1533eebd3a1217d50da,content/en/docs/contribute/generate-ref-docs/prerequisites-ref-docs.md,2,0,,,MISSING,0,0,2.943146973848343
answer,kubernetes,cross_read_filter,,2,manifest_published,3,787489f7a68e0601cdab37883dc461cc3725d7d1,content/en/docs/concepts/scheduling-eviction/topology-aware-scheduling.md,2,0,,,MISSING,0,0,2.551434561610222
answer,kubernetes,cross_read_filter,,2,manifest_published,4,63a45fdb9543ae9a2831aac08e1e99e6924796aa,content/en/docs/reference/node/what-happens-on-restart.md,2,0,,,MISSING,0,0,2.636618912220001
answer,kubernetes,cross_read_filter,,2,manifest_published,5,b3f516481aaaa9ad1b71a0a9cc31346c02ec348a,content/en/docs/concepts/overview/working-with-objects/annotations.md,2,0,,,MISSING,0,0,2.5822650641202927
answer,kubernetes,cross_read_filter,,2,manifest_published,6,9c67be5e1be7b60d2fc0bc09226abf739be72152,content/en/docs/concepts/configuration/manage-resources-containers.md,2,0,,,MISSING,0,0,2.774197608232498
answer,kubernetes,cross_read_filter,,2,manifest_published,7,7e01eaee123c18c295656cea5cd03886fcbd2cc5,content/en/docs/concepts/cluster-administration/node-autoscaling.md,2,0,,,MISSING,0,0,2.6189805939793587
answer,kubernetes,cross_read_filter,,2,manifest_published,8,7d6f80e5148219869055e2ec2acd63e971e7cf45,content/en/docs/concepts/cluster-administration/swap-memory-management.md,2,0,,,MISSING,0,0,2.6190895587205887
answer,kubernetes,cross_read_filter,,2,manifest_published,9,4cec4d7ece88b7eb5b04b59e34fdce9c68c37be8,content/en/docs/tasks/inject-data-application/define-environment-variable-via-file.md,2,0,,,MISSING,0,0,2.7105771005153656
answer,kubernetes,cross_read_filter,,2,manifest_published,10,b0bc7de52f48b923bde8f567f8a58c7aa4e1ffad,content/en/docs/tutorials/kubernetes-basics/create-cluster/cluster-intro.md,2,0,,,MISSING,0,0,2.5859596207737923
answer,kubernetes,cross_read_filter,,2,manifest_published,11,152489ebf5efe70ad88a25f01faba14552d2c953,content/en/docs/setup/production-environment/container-runtimes.md,2,0,,,MISSING,0,0,3.090567886829376
answer,kubernetes,cross_read_filter,,2,manifest_published,12,e94b8926efca25bf711f4fa324c3658064691389,content/en/docs/tasks/debug/debug-application/debug-service.md,2,0,,,MISSING,0,0,3.2037319615483284
answer,kubernetes,cross_read_filter,,2,manifest_published,13,c55865f28de688b69732418a823c5eac29ce42ff,content/en/docs/concepts/scheduling-eviction/resource-bin-packing.md,2,0,,,MISSING,0,0,2.934761345386505
answer,kubernetes,cross_read_filter,,2,manifest_published,14,893805d67799fe9d389624a047651c6149086614,content/en/docs/tasks/administer-cluster/certificates.md,2,0,,,MISSING,0,0,2.7502579614520073
answer,kubernetes,cross_read_filter,,2,manifest_published,15,b50bf20aa07b4d865d8ddaf4ba395ac8afd6126d,content/en/docs/contribute/style/hugo-shortcodes/index.md,2,0,,,MISSING,0,0,2.7207983657717705
answer,kubernetes,cross_read_filter,,2,manifest_published,16,c37d57216103cd3473e82dc7b481bf5b34a1a197,content/en/docs/concepts/containers/runtime-class.md,2,0,,,MISSING,0,0,2.851063385605812
answer,kubernetes,cross_read_filter,,2,manifest_published,17,9631a3e27addfcdd5c1b149147b7da85118e0cbf,content/en/docs/tasks/administer-cluster/topology-manager.md,2,0,,,MISSING,0,0,2.683369442820549
answer,kubernetes,cross_read_filter,,2,manifest_published,18,9ea55e8425f499774e0a96156e5f920e5d669825,content/en/docs/reference/access-authn-authz/certificate-signing-requests.md,2,0,,,MISSING,0,0,2.706443890929222
answer,kubernetes,cross_read_filter,,2,manifest_published,19,80b85ff51d97577b13f08ddc4a37117ff44082c5,content/en/docs/reference/node/kubelet-sync-loop.md,2,0,,,MISSING,0,0,2.5472361594438553
answer,kubernetes,cross_read_filter,,2,manifest_published,20,9c0e34fff3a05acd195a63fb057cf7163252258f,content/en/docs/reference/command-line-tools-reference/kube-proxy.md,2,0,,,MISSING,0,0,2.855808474123478
answer,kubernetes,cross_read_filter,,2,manifest_published,21,6dc6c3a989c065ef570348e150e260291e5d670b,content/en/docs/concepts/scheduling-eviction/node-pressure-eviction.md,2,0,,,MISSING,0,0,2.789541147649288
answer,kubernetes,cross_read_filter,,2,manifest_published,22,20f5f738fef864413316d55587661a323f439865,content/en/docs/reference/kubectl/introduction.md,2,0,,,MISSING,0,0,2.941194921731949
answer,kubernetes,cross_read_filter,,2,manifest_published,23,dc2fac362ae51ba81409fae648e3c87c4efef8e9,content/en/docs/concepts/scheduling-eviction/gang-scheduling.md,2,0,,,MISSING,0,0,2.800857648253441
answer,kubernetes,cross_read_filter,,2,manifest_published,24,e77da46210baf2e4f788b8ff1acf0c2522ffbcf6,content/en/docs/concepts/workloads/pods/_index.md,2,0,,,MISSING,0,0,2.5533363223075867
answer,kubernetes,cross_read_filter,,2,dense_inserted,0,1ed32985eae9c4d1a90c1865647b9703e20da886,content/en/docs/contribute/generate-ref-docs/config-api.md,2,0,2,,MISSING,0,0,3.1160013750195503
answer,kubernetes,cross_read_filter,,2,dense_inserted,1,dad5f8753314e521716ae139d1fd886390fc08d3,content/en/docs/tasks/extend-kubernetes/configure-aggregation-layer.md,2,0,2,,MISSING,0,0,2.5795837864279747
answer,kubernetes,cross_read_filter,,2,dense_inserted,2,4c086dd93b2ed0fdf361b1533eebd3a1217d50da,content/en/docs/contribute/generate-ref-docs/prerequisites-ref-docs.md,2,0,2,,MISSING,0,0,2.90774367749691
answer,kubernetes,cross_read_filter,,2,dense_inserted,3,787489f7a68e0601cdab37883dc461cc3725d7d1,content/en/docs/concepts/scheduling-eviction/topology-aware-scheduling.md,2,0,2,,MISSING,0,0,2.941400744020939
answer,kubernetes,cross_read_filter,,2,dense_inserted,4,63a45fdb9543ae9a2831aac08e1e99e6924796aa,content/en/docs/reference/node/what-happens-on-restart.md,2,0,2,,MISSING,0,0,2.8596827760338783
answer,kubernetes,cross_read_filter,,2,dense_inserted,5,b3f516481aaaa9ad1b71a0a9cc31346c02ec348a,content/en/docs/concepts/overview/working-with-objects/annotations.md,2,0,2,,MISSING,0,0,2.8758281841874123
answer,kubernetes,cross_read_filter,,2,dense_inserted,6,9c67be5e1be7b60d2fc0bc09226abf739be72152,content/en/docs/concepts/configuration/manage-resources-containers.md,2,0,2,,MISSING,0,0,3.120856359601021
answer,kubernetes,cross_read_filter,,2,dense_inserted,7,7e01eaee123c18c295656cea5cd03886fcbd2cc5,content/en/docs/concepts/cluster-administration/node-autoscaling.md,2,0,2,,MISSING,0,0,2.8648460283875465
answer,kubernetes,cross_read_filter,,2,dense_inserted,8,7d6f80e5148219869055e2ec2acd63e971e7cf45,content/en/docs/concepts/cluster-administration/swap-memory-management.md,2,0,2,,MISSING,0,0,2.6967423036694527
answer,kubernetes,cross_read_filter,,2,dense_inserted,9,4cec4d7ece88b7eb5b04b59e34fdce9c68c37be8,content/en/docs/tasks/inject-data-application/define-environment-variable-via-file.md,2,0,2,,MISSING,0,0,2.7906084433197975
answer,kubernetes,cross_read_filter,,2,dense_inserted,10,b0bc7de52f48b923bde8f567f8a58c7aa4e1ffad,content/en/docs/tutorials/kubernetes-basics/create-cluster/cluster-intro.md,2,0,2,,MISSING,0,0,2.7680061757564545
answer,kubernetes,cross_read_filter,,2,dense_inserted,11,152489ebf5efe70ad88a25f01faba14552d2c953,content/en/docs/setup/production-environment/container-runtimes.md,2,0,2,,MISSING,0,0,2.858642488718033
answer,kubernetes,cross_read_filter,,2,dense_inserted,12,e94b8926efca25bf711f4fa324c3658064691389,content/en/docs/tasks/debug/debug-application/debug-service.md,2,0,2,,MISSING,0,0,2.5705741718411446
answer,kubernetes,cross_read_filter,,2,dense_inserted,13,c55865f28de688b69732418a823c5eac29ce42ff,content/en/docs/concepts/scheduling-eviction/resource-bin-packing.md,2,0,2,,MISSING,0,0,2.6901084929704666
answer,kubernetes,cross_read_filter,,2,dense_inserted,14,893805d67799fe9d389624a047651c6149086614,content/en/docs/tasks/administer-cluster/certificates.md,2,0,2,,MISSING,0,0,2.6050033047795296
answer,kubernetes,cross_read_filter,,2,dense_inserted,15,b50bf20aa07b4d865d8ddaf4ba395ac8afd6126d,content/en/docs/contribute/style/hugo-shortcodes/index.md,2,0,2,,MISSING,0,0,2.600538544356823
answer,kubernetes,cross_read_filter,,2,dense_inserted,16,c37d57216103cd3473e82dc7b481bf5b34a1a197,content/en/docs/concepts/containers/runtime-class.md,2,0,2,,MISSING,0,0,3.5202428698539734
answer,kubernetes,cross_read_filter,,2,dense_inserted,17,9631a3e27addfcdd5c1b149147b7da85118e0cbf,content/en/docs/tasks/administer-cluster/topology-manager.md,2,0,2,,MISSING,0,0,3.1318310648202896
answer,kubernetes,cross_read_filter,,2,dense_inserted,18,9ea55e8425f499774e0a96156e5f920e5d669825,content/en/docs/reference/access-authn-authz/certificate-signing-requests.md,2,0,2,,MISSING,0,0,2.9393360018730164
answer,kubernetes,cross_read_filter,,2,dense_inserted,19,80b85ff51d97577b13f08ddc4a37117ff44082c5,content/en/docs/reference/node/kubelet-sync-loop.md,2,0,2,,MISSING,0,0,2.793443389236927
answer,kubernetes,cross_read_filter,,2,dense_inserted,20,9c0e34fff3a05acd195a63fb057cf7163252258f,content/en/docs/reference/command-line-tools-reference/kube-proxy.md,2,0,2,,MISSING,0,0,2.9520923271775246
answer,kubernetes,cross_read_filter,,2,dense_inserted,21,6dc6c3a989c065ef570348e150e260291e5d670b,content/en/docs/concepts/scheduling-eviction/node-pressure-eviction.md,2,0,2,,MISSING,0,0,2.8087524697184563
answer,kubernetes,cross_read_filter,,2,dense_inserted,22,20f5f738fef864413316d55587661a323f439865,content/en/docs/reference/kubectl/introduction.md,2,0,2,,MISSING,0,0,2.6117656379938126
answer,kubernetes,cross_read_filter,,2,dense_inserted,23,dc2fac362ae51ba81409fae648e3c87c4efef8e9,content/en/docs/concepts/scheduling-eviction/gang-scheduling.md,2,0,2,,MISSING,0,0,2.8112465515732765
answer,kubernetes,cross_read_filter,,2,dense_inserted,24,e77da46210baf2e4f788b8ff1acf0c2522ffbcf6,content/en/docs/concepts/workloads/pods/_index.md,2,0,2,,MISSING,0,0,2.723168581724167
answer,kubernetes,cross_read_filter,,2,sparse_inserted,0,1ed32985eae9c4d1a90c1865647b9703e20da886,content/en/docs/contribute/generate-ref-docs/config-api.md,2,0,2,2,NEW_ONLY,1,1,3.1812358647584915
answer,kubernetes,cross_read_filter,,2,sparse_inserted,1,dad5f8753314e521716ae139d1fd886390fc08d3,content/en/docs/tasks/extend-kubernetes/configure-aggregation-layer.md,2,0,2,2,NEW_ONLY,1,1,3.1271399930119514
answer,kubernetes,cross_read_filter,,2,sparse_inserted,2,4c086dd93b2ed0fdf361b1533eebd3a1217d50da,content/en/docs/contribute/generate-ref-docs/prerequisites-ref-docs.md,2,0,2,2,NEW_ONLY,1,1,2.741278149187565
answer,kubernetes,cross_read_filter,,2,sparse_inserted,3,787489f7a68e0601cdab37883dc461cc3725d7d1,content/en/docs/concepts/scheduling-eviction/topology-aware-scheduling.md,2,0,2,2,NEW_ONLY,1,1,2.661115489900112
answer,kubernetes,cross_read_filter,,2,sparse_inserted,4,63a45fdb9543ae9a2831aac08e1e99e6924796aa,content/en/docs/reference/node/what-happens-on-restart.md,2,0,2,2,NEW_ONLY,1,1,2.9880963265895844
answer,kubernetes,cross_read_filter,,2,sparse_inserted,5,b3f516481aaaa9ad1b71a0a9cc31346c02ec348a,content/en/docs/concepts/overview/working-with-objects/annotations.md,2,0,2,2,NEW_ONLY,1,1,3.187648020684719
answer,kubernetes,cross_read_filter,,2,sparse_inserted,6,9c67be5e1be7b60d2fc0bc09226abf739be72152,content/en/docs/concepts/configuration/manage-resources-containers.md,2,0,2,2,NEW_ONLY,1,1,2.7262475341558456
answer,kubernetes,cross_read_filter,,2,sparse_inserted,7,7e01eaee123c18c295656cea5cd03886fcbd2cc5,content/en/docs/concepts/cluster-administration/node-autoscaling.md,2,0,2,2,NEW_ONLY,1,1,2.788669429719448
answer,kubernetes,cross_read_filter,,2,sparse_inserted,8,7d6f80e5148219869055e2ec2acd63e971e7cf45,content/en/docs/concepts/cluster-administration/swap-memory-management.md,2,0,2,2,NEW_ONLY,1,1,2.907292917370796
answer,kubernetes,cross_read_filter,,2,sparse_inserted,9,4cec4d7ece88b7eb5b04b59e34fdce9c68c37be8,content/en/docs/tasks/inject-data-application/define-environment-variable-via-file.md,2,0,2,2,NEW_ONLY,1,1,2.8094379231333733
answer,kubernetes,cross_read_filter,,2,sparse_inserted,10,b0bc7de52f48b923bde8f567f8a58c7aa4e1ffad,content/en/docs/tutorials/kubernetes-basics/create-cluster/cluster-intro.md,2,0,2,2,NEW_ONLY,1,1,2.6109181344509125
answer,kubernetes,cross_read_filter,,2,sparse_inserted,11,152489ebf5efe70ad88a25f01faba14552d2c953,content/en/docs/setup/production-environment/container-runtimes.md,2,0,2,2,NEW_ONLY,1,1,2.8351200744509697
answer,kubernetes,cross_read_filter,,2,sparse_inserted,12,e94b8926efca25bf711f4fa324c3658064691389,content/en/docs/tasks/debug/debug-application/debug-service.md,2,0,2,2,NEW_ONLY,1,1,2.7054008096456528
answer,kubernetes,cross_read_filter,,2,sparse_inserted,13,c55865f28de688b69732418a823c5eac29ce42ff,content/en/docs/concepts/scheduling-eviction/resource-bin-packing.md,2,0,2,2,NEW_ONLY,1,1,2.670501358807087
answer,kubernetes,cross_read_filter,,2,sparse_inserted,14,893805d67799fe9d389624a047651c6149086614,content/en/docs/tasks/administer-cluster/certificates.md,2,0,2,2,NEW_ONLY,1,1,2.7452390640974045
answer,kubernetes,cross_read_filter,,2,sparse_inserted,15,b50bf20aa07b4d865d8ddaf4ba395ac8afd6126d,content/en/docs/contribute/style/hugo-shortcodes/index.md,2,0,2,2,NEW_ONLY,1,1,2.940922975540161
answer,kubernetes,cross_read_filter,,2,sparse_inserted,16,c37d57216103cd3473e82dc7b481bf5b34a1a197,content/en/docs/concepts/containers/runtime-class.md,2,0,2,2,NEW_ONLY,1,1,2.9612891376018524
answer,kubernetes,cross_read_filter,,2,sparse_inserted,17,9631a3e27addfcdd5c1b149147b7da85118e0cbf,content/en/docs/tasks/administer-cluster/topology-manager.md,2,0,2,2,NEW_ONLY,1,1,2.823435701429844
answer,kubernetes,cross_read_filter,,2,sparse_inserted,18,9ea55e8425f499774e0a96156e5f920e5d669825,content/en/docs/reference/access-authn-authz/certificate-signing-requests.md,2,0,2,2,NEW_ONLY,1,1,2.779630944132805
answer,kubernetes,cross_read_filter,,2,sparse_inserted,19,80b85ff51d97577b13f08ddc4a37117ff44082c5,content/en/docs/reference/node/kubelet-sync-loop.md,2,0,2,2,NEW_ONLY,1,1,3.0296742916107178
answer,kubernetes,cross_read_filter,,2,sparse_inserted,20,9c0e34fff3a05acd195a63fb057cf7163252258f,content/en/docs/reference/command-line-tools-reference/kube-proxy.md,2,0,2,2,NEW_ONLY,1,1,2.7911588549613953
answer,kubernetes,cross_read_filter,,2,sparse_inserted,21,6dc6c3a989c065ef570348e150e260291e5d670b,content/en/docs/concepts/scheduling-eviction/node-pressure-eviction.md,2,0,2,2,NEW_ONLY,1,1,2.959340810775757
answer,kubernetes,cross_read_filter,,2,sparse_inserted,22,20f5f738fef864413316d55587661a323f439865,content/en/docs/reference/kubectl/introduction.md,2,0,2,2,NEW_ONLY,1,1,3.09589970856905
answer,kubernetes,cross_read_filter,,2,sparse_inserted,23,dc2fac362ae51ba81409fae648e3c87c4efef8e9,content/en/docs/concepts/scheduling-eviction/gang-scheduling.md,2,0,2,2,NEW_ONLY,1,1,6.320844404399395
answer,kubernetes,cross_read_filter,,2,sparse_inserted,24,e77da46210baf2e4f788b8ff1acf0c2522ffbcf6,content/en/docs/concepts/workloads/pods/_index.md,2,0,2,2,NEW_ONLY,1,1,3.088613972067833
answer,kubernetes,cross_read_filter,,2,dense_old_deleted,0,1ed32985eae9c4d1a90c1865647b9703e20da886,content/en/docs/contribute/generate-ref-docs/config-api.md,2,0,2,2,NEW_ONLY,1,1,3.152267076075077
answer,kubernetes,cross_read_filter,,2,dense_old_deleted,1,dad5f8753314e521716ae139d1fd886390fc08d3,content/en/docs/tasks/extend-kubernetes/configure-aggregation-layer.md,2,0,2,2,NEW_ONLY,1,1,3.0454816296696663
answer,kubernetes,cross_read_filter,,2,dense_old_deleted,2,4c086dd93b2ed0fdf361b1533eebd3a1217d50da,content/en/docs/contribute/generate-ref-docs/prerequisites-ref-docs.md,2,0,2,2,NEW_ONLY,1,1,2.848952077329159
answer,kubernetes,cross_read_filter,,2,dense_old_deleted,3,787489f7a68e0601cdab37883dc461cc3725d7d1,content/en/docs/concepts/scheduling-eviction/topology-aware-scheduling.md,2,0,2,2,NEW_ONLY,1,1,2.903357148170471
answer,kubernetes,cross_read_filter,,2,dense_old_deleted,4,63a45fdb9543ae9a2831aac08e1e99e6924796aa,content/en/docs/reference/node/what-happens-on-restart.md,2,0,2,2,NEW_ONLY,1,1,2.7046669274568558
answer,kubernetes,cross_read_filter,,2,dense_old_deleted,5,b3f516481aaaa9ad1b71a0a9cc31346c02ec348a,content/en/docs/concepts/overview/working-with-objects/annotations.md,2,0,2,2,NEW_ONLY,1,1,3.372408449649811
answer,kubernetes,cross_read_filter,,2,dense_old_deleted,6,9c67be5e1be7b60d2fc0bc09226abf739be72152,content/en/docs/concepts/configuration/manage-resources-containers.md,2,0,2,2,NEW_ONLY,1,1,3.0719321221113205
answer,kubernetes,cross_read_filter,,2,dense_old_deleted,7,7e01eaee123c18c295656cea5cd03886fcbd2cc5,content/en/docs/concepts/cluster-administration/node-autoscaling.md,2,0,2,2,NEW_ONLY,1,1,2.929462119936943
answer,kubernetes,cross_read_filter,,2,dense_old_deleted,8,7d6f80e5148219869055e2ec2acd63e971e7cf45,content/en/docs/concepts/cluster-administration/swap-memory-management.md,2,0,2,2,NEW_ONLY,1,1,2.818906679749489
answer,kubernetes,cross_read_filter,,2,dense_old_deleted,9,4cec4d7ece88b7eb5b04b59e34fdce9c68c37be8,content/en/docs/tasks/inject-data-application/define-environment-variable-via-file.md,2,0,2,2,NEW_ONLY,1,1,2.567792311310768
answer,kubernetes,cross_read_filter,,2,dense_old_deleted,10,b0bc7de52f48b923bde8f567f8a58c7aa4e1ffad,content/en/docs/tutorials/kubernetes-basics/create-cluster/cluster-intro.md,2,0,2,2,NEW_ONLY,1,1,2.683195285499096
answer,kubernetes,cross_read_filter,,2,dense_old_deleted,11,152489ebf5efe70ad88a25f01faba14552d2c953,content/en/docs/setup/production-environment/container-runtimes.md,2,0,2,2,NEW_ONLY,1,1,2.7597201988101006
answer,kubernetes,cross_read_filter,,2,dense_old_deleted,12,e94b8926efca25bf711f4fa324c3658064691389,content/en/docs/tasks/debug/debug-application/debug-service.md,2,0,2,2,NEW_ONLY,1,1,3.0312854796648026
answer,kubernetes,cross_read_filter,,2,dense_old_deleted,13,c55865f28de688b69732418a823c5eac29ce42ff,content/en/docs/concepts/scheduling-eviction/resource-bin-packing.md,2,0,2,2,NEW_ONLY,1,1,2.738851122558117
answer,kubernetes,cross_read_filter,,2,dense_old_deleted,14,893805d67799fe9d389624a047651c6149086614,content/en/docs/tasks/administer-cluster/certificates.md,2,0,2,2,NEW_ONLY,1,1,2.533089369535446
answer,kubernetes,cross_read_filter,,2,dense_old_deleted,15,b50bf20aa07b4d865d8ddaf4ba395ac8afd6126d,content/en/docs/contribute/style/hugo-shortcodes/index.md,2,0,2,2,NEW_ONLY,1,1,3.0182190239429474
answer,kubernetes,cross_read_filter,,2,dense_old_deleted,16,c37d57216103cd3473e82dc7b481bf5b34a1a197,content/en/docs/concepts/containers/runtime-class.md,2,0,2,2,NEW_ONLY,1,1,2.5383755564689636
answer,kubernetes,cross_read_filter,,2,dense_old_deleted,17,9631a3e27addfcdd5c1b149147b7da85118e0cbf,content/en/docs/tasks/administer-cluster/topology-manager.md,2,0,2,2,NEW_ONLY,1,1,2.9091667383909225
answer,kubernetes,cross_read_filter,,2,dense_old_deleted,18,9ea55e8425f499774e0a96156e5f920e5d669825,content/en/docs/reference/access-authn-authz/certificate-signing-requests.md,2,0,2,2,NEW_ONLY,1,1,2.8603514656424522
answer,kubernetes,cross_read_filter,,2,dense_old_deleted,19,80b85ff51d97577b13f08ddc4a37117ff44082c5,content/en/docs/reference/node/kubelet-sync-loop.md,2,0,2,2,NEW_ONLY,1,1,2.8823325410485268
answer,kubernetes,cross_read_filter,,2,dense_old_deleted,20,9c0e34fff3a05acd195a63fb057cf7163252258f,content/en/docs/reference/command-line-tools-reference/kube-proxy.md,2,0,2,2,NEW_ONLY,1,1,2.694908529520035
answer,kubernetes,cross_read_filter,,2,dense_old_deleted,21,6dc6c3a989c065ef570348e150e260291e5d670b,content/en/docs/concepts/scheduling-eviction/node-pressure-eviction.md,2,0,2,2,NEW_ONLY,1,1,2.84575205296278
answer,kubernetes,cross_read_filter,,2,dense_old_deleted,22,20f5f738fef864413316d55587661a323f439865,content/en/docs/reference/kubectl/introduction.md,2,0,2,2,NEW_ONLY,1,1,2.7770167216658592
answer,kubernetes,cross_read_filter,,2,dense_old_deleted,23,dc2fac362ae51ba81409fae648e3c87c4efef8e9,content/en/docs/concepts/scheduling-eviction/gang-scheduling.md,2,0,2,2,NEW_ONLY,1,1,2.7834931388497353
answer,kubernetes,cross_read_filter,,2,dense_old_deleted,24,e77da46210baf2e4f788b8ff1acf0c2522ffbcf6,content/en/docs/concepts/workloads/pods/_index.md,2,0,2,2,NEW_ONLY,1,1,2.798503264784813
answer,kubernetes,cross_read_filter,,2,sparse_old_deleted,0,1ed32985eae9c4d1a90c1865647b9703e20da886,content/en/docs/contribute/generate-ref-docs/config-api.md,2,0,2,2,NEW_ONLY,1,1,3.4164022654294968
answer,kubernetes,cross_read_filter,,2,sparse_old_deleted,1,dad5f8753314e521716ae139d1fd886390fc08d3,content/en/docs/tasks/extend-kubernetes/configure-aggregation-layer.md,2,0,2,2,NEW_ONLY,1,1,2.6563117280602455
answer,kubernetes,cross_read_filter,,2,sparse_old_deleted,2,4c086dd93b2ed0fdf361b1533eebd3a1217d50da,content/en/docs/contribute/generate-ref-docs/prerequisites-ref-docs.md,2,0,2,2,NEW_ONLY,1,1,2.726965583860874
answer,kubernetes,cross_read_filter,,2,sparse_old_deleted,3,787489f7a68e0601cdab37883dc461cc3725d7d1,content/en/docs/concepts/scheduling-eviction/topology-aware-scheduling.md,2,0,2,2,NEW_ONLY,1,1,2.7254177257418633
answer,kubernetes,cross_read_filter,,2,sparse_old_deleted,4,63a45fdb9543ae9a2831aac08e1e99e6924796aa,content/en/docs/reference/node/what-happens-on-restart.md,2,0,2,2,NEW_ONLY,1,1,2.7982210740447044
answer,kubernetes,cross_read_filter,,2,sparse_old_deleted,5,b3f516481aaaa9ad1b71a0a9cc31346c02ec348a,content/en/docs/concepts/overview/working-with-objects/annotations.md,2,0,2,2,NEW_ONLY,1,1,2.770296297967434
answer,kubernetes,cross_read_filter,,2,sparse_old_deleted,6,9c67be5e1be7b60d2fc0bc09226abf739be72152,content/en/docs/concepts/configuration/manage-resources-containers.md,2,0,2,2,NEW_ONLY,1,1,2.673591487109661
answer,kubernetes,cross_read_filter,,2,sparse_old_deleted,7,7e01eaee123c18c295656cea5cd03886fcbd2cc5,content/en/docs/concepts/cluster-administration/node-autoscaling.md,2,0,2,2,NEW_ONLY,1,1,2.5991639122366905
answer,kubernetes,cross_read_filter,,2,sparse_old_deleted,8,7d6f80e5148219869055e2ec2acd63e971e7cf45,content/en/docs/concepts/cluster-administration/swap-memory-management.md,2,0,2,2,NEW_ONLY,1,1,2.6365481317043304
answer,kubernetes,cross_read_filter,,2,sparse_old_deleted,9,4cec4d7ece88b7eb5b04b59e34fdce9c68c37be8,content/en/docs/tasks/inject-data-application/define-environment-variable-via-file.md,2,0,2,2,NEW_ONLY,1,1,2.6694536209106445
answer,kubernetes,cross_read_filter,,2,sparse_old_deleted,10,b0bc7de52f48b923bde8f567f8a58c7aa4e1ffad,content/en/docs/tutorials/kubernetes-basics/create-cluster/cluster-intro.md,2,0,2,2,NEW_ONLY,1,1,2.8367778286337852
answer,kubernetes,cross_read_filter,,2,sparse_old_deleted,11,152489ebf5efe70ad88a25f01faba14552d2c953,content/en/docs/setup/production-environment/container-runtimes.md,2,0,2,2,NEW_ONLY,1,1,2.764970064163208
answer,kubernetes,cross_read_filter,,2,sparse_old_deleted,12,e94b8926efca25bf711f4fa324c3658064691389,content/en/docs/tasks/debug/debug-application/debug-service.md,2,0,2,2,NEW_ONLY,1,1,2.586628310382366
answer,kubernetes,cross_read_filter,,2,sparse_old_deleted,13,c55865f28de688b69732418a823c5eac29ce42ff,content/en/docs/concepts/scheduling-eviction/resource-bin-packing.md,2,0,2,2,NEW_ONLY,1,1,2.553267404437065
answer,kubernetes,cross_read_filter,,2,sparse_old_deleted,14,893805d67799fe9d389624a047651c6149086614,content/en/docs/tasks/administer-cluster/certificates.md,2,0,2,2,NEW_ONLY,1,1,2.5023845955729485
answer,kubernetes,cross_read_filter,,2,sparse_old_deleted,15,b50bf20aa07b4d865d8ddaf4ba395ac8afd6126d,content/en/docs/contribute/style/hugo-shortcodes/index.md,2,0,2,2,NEW_ONLY,1,1,2.5034137070178986
answer,kubernetes,cross_read_filter,,2,sparse_old_deleted,16,c37d57216103cd3473e82dc7b481bf5b34a1a197,content/en/docs/concepts/containers/runtime-class.md,2,0,2,2,NEW_ONLY,1,1,3.274706192314625
answer,kubernetes,cross_read_filter,,2,sparse_old_deleted,17,9631a3e27addfcdd5c1b149147b7da85118e0cbf,content/en/docs/tasks/administer-cluster/topology-manager.md,2,0,2,2,NEW_ONLY,1,1,2.829022705554962
answer,kubernetes,cross_read_filter,,2,sparse_old_deleted,18,9ea55e8425f499774e0a96156e5f920e5d669825,content/en/docs/reference/access-authn-authz/certificate-signing-requests.md,2,0,2,2,NEW_ONLY,1,1,2.781292423605919
answer,kubernetes,cross_read_filter,,2,sparse_old_deleted,19,80b85ff51d97577b13f08ddc4a37117ff44082c5,content/en/docs/reference/node/kubelet-sync-loop.md,2,0,2,2,NEW_ONLY,1,1,2.409478649497032
answer,kubernetes,cross_read_filter,,2,sparse_old_deleted,20,9c0e34fff3a05acd195a63fb057cf7163252258f,content/en/docs/reference/command-line-tools-reference/kube-proxy.md,2,0,2,2,NEW_ONLY,1,1,2.7553951367735863
answer,kubernetes,cross_read_filter,,2,sparse_old_deleted,21,6dc6c3a989c065ef570348e150e260291e5d670b,content/en/docs/concepts/scheduling-eviction/node-pressure-eviction.md,2,0,2,2,NEW_ONLY,1,1,2.6424499228596687
answer,kubernetes,cross_read_filter,,2,sparse_old_deleted,22,20f5f738fef864413316d55587661a323f439865,content/en/docs/reference/kubectl/introduction.md,2,0,2,2,NEW_ONLY,1,1,2.413439564406872
answer,kubernetes,cross_read_filter,,2,sparse_old_deleted,23,dc2fac362ae51ba81409fae648e3c87c4efef8e9,content/en/docs/concepts/scheduling-eviction/gang-scheduling.md,2,0,2,2,NEW_ONLY,1,1,2.568921074271202
answer,kubernetes,cross_read_filter,,2,sparse_old_deleted,24,e77da46210baf2e4f788b8ff1acf0c2522ffbcf6,content/en/docs/concepts/workloads/pods/_index.md,2,0,2,2,NEW_ONLY,1,1,2.656986005604267
answer,kubernetes,cross_staged,,0,initial,0,1ed32985eae9c4d1a90c1865647b9703e20da886,content/en/docs/contribute/generate-ref-docs/config-api.md,1,0,1,1,OLD_ONLY,1,0,62.31329031288624
answer,kubernetes,cross_staged,,0,initial,1,dad5f8753314e521716ae139d1fd886390fc08d3,content/en/docs/tasks/extend-kubernetes/configure-aggregation-layer.md,1,0,1,1,OLD_ONLY,1,0,3.224363550543785
answer,kubernetes,cross_staged,,0,initial,2,4c086dd93b2ed0fdf361b1533eebd3a1217d50da,content/en/docs/contribute/generate-ref-docs/prerequisites-ref-docs.md,1,0,1,1,OLD_ONLY,1,0,3.450441174209118
answer,kubernetes,cross_staged,,0,initial,3,787489f7a68e0601cdab37883dc461cc3725d7d1,content/en/docs/concepts/scheduling-eviction/topology-aware-scheduling.md,1,0,1,1,OLD_ONLY,1,0,3.1423047184944153
answer,kubernetes,cross_staged,,0,initial,4,63a45fdb9543ae9a2831aac08e1e99e6924796aa,content/en/docs/reference/node/what-happens-on-restart.md,1,0,1,1,OLD_ONLY,1,0,3.206157125532627
answer,kubernetes,cross_staged,,0,initial,5,b3f516481aaaa9ad1b71a0a9cc31346c02ec348a,content/en/docs/concepts/overview/working-with-objects/annotations.md,1,0,1,1,OLD_ONLY,1,0,3.481527790427208
answer,kubernetes,cross_staged,,0,initial,6,9c67be5e1be7b60d2fc0bc09226abf739be72152,content/en/docs/concepts/configuration/manage-resources-containers.md,1,0,1,1,OLD_ONLY,1,0,3.075399436056614
answer,kubernetes,cross_staged,,0,initial,7,7e01eaee123c18c295656cea5cd03886fcbd2cc5,content/en/docs/concepts/cluster-administration/node-autoscaling.md,1,0,1,1,OLD_ONLY,1,0,3.8210852071642876
answer,kubernetes,cross_staged,,0,initial,8,7d6f80e5148219869055e2ec2acd63e971e7cf45,content/en/docs/concepts/cluster-administration/swap-memory-management.md,1,0,1,1,OLD_ONLY,1,0,3.023209050297737
answer,kubernetes,cross_staged,,0,initial,9,4cec4d7ece88b7eb5b04b59e34fdce9c68c37be8,content/en/docs/tasks/inject-data-application/define-environment-variable-via-file.md,1,0,1,1,OLD_ONLY,1,0,3.0385786667466164
answer,kubernetes,cross_staged,,0,initial,10,b0bc7de52f48b923bde8f567f8a58c7aa4e1ffad,content/en/docs/tutorials/kubernetes-basics/create-cluster/cluster-intro.md,1,0,1,1,OLD_ONLY,1,0,3.0414508655667305
answer,kubernetes,cross_staged,,0,initial,11,152489ebf5efe70ad88a25f01faba14552d2c953,content/en/docs/setup/production-environment/container-runtimes.md,1,0,1,1,OLD_ONLY,1,0,2.6534143835306168
answer,kubernetes,cross_staged,,0,initial,12,e94b8926efca25bf711f4fa324c3658064691389,content/en/docs/tasks/debug/debug-application/debug-service.md,1,0,1,1,OLD_ONLY,1,0,2.809847705066204
answer,kubernetes,cross_staged,,0,initial,13,c55865f28de688b69732418a823c5eac29ce42ff,content/en/docs/concepts/scheduling-eviction/resource-bin-packing.md,1,0,1,1,OLD_ONLY,1,0,2.8387103229761124
answer,kubernetes,cross_staged,,0,initial,14,893805d67799fe9d389624a047651c6149086614,content/en/docs/tasks/administer-cluster/certificates.md,1,0,1,1,OLD_ONLY,1,0,2.512577921152115
answer,kubernetes,cross_staged,,0,initial,15,b50bf20aa07b4d865d8ddaf4ba395ac8afd6126d,content/en/docs/contribute/style/hugo-shortcodes/index.md,1,0,1,1,OLD_ONLY,1,0,2.823346294462681
answer,kubernetes,cross_staged,,0,initial,16,c37d57216103cd3473e82dc7b481bf5b34a1a197,content/en/docs/concepts/containers/runtime-class.md,1,0,1,1,OLD_ONLY,1,0,2.8178011998534203
answer,kubernetes,cross_staged,,0,initial,17,9631a3e27addfcdd5c1b149147b7da85118e0cbf,content/en/docs/tasks/administer-cluster/topology-manager.md,1,0,1,1,OLD_ONLY,1,0,3.05147934705019
answer,kubernetes,cross_staged,,0,initial,18,9ea55e8425f499774e0a96156e5f920e5d669825,content/en/docs/reference/access-authn-authz/certificate-signing-requests.md,1,0,1,1,OLD_ONLY,1,0,2.764998935163021
answer,kubernetes,cross_staged,,0,initial,19,80b85ff51d97577b13f08ddc4a37117ff44082c5,content/en/docs/reference/node/kubelet-sync-loop.md,1,0,1,1,OLD_ONLY,1,0,2.7658743783831596
answer,kubernetes,cross_staged,,0,initial,20,9c0e34fff3a05acd195a63fb057cf7163252258f,content/en/docs/reference/command-line-tools-reference/kube-proxy.md,1,0,1,1,OLD_ONLY,1,0,2.6706410571932793
answer,kubernetes,cross_staged,,0,initial,21,6dc6c3a989c065ef570348e150e260291e5d670b,content/en/docs/concepts/scheduling-eviction/node-pressure-eviction.md,1,0,1,1,OLD_ONLY,1,0,2.820037305355072
answer,kubernetes,cross_staged,,0,initial,22,20f5f738fef864413316d55587661a323f439865,content/en/docs/reference/kubectl/introduction.md,1,0,1,1,OLD_ONLY,1,0,2.6965122669935226
answer,kubernetes,cross_staged,,0,initial,23,dc2fac362ae51ba81409fae648e3c87c4efef8e9,content/en/docs/concepts/scheduling-eviction/gang-scheduling.md,1,0,1,1,OLD_ONLY,1,0,2.8788549825549126
answer,kubernetes,cross_staged,,0,initial,24,e77da46210baf2e4f788b8ff1acf0c2522ffbcf6,content/en/docs/concepts/workloads/pods/_index.md,1,0,1,1,OLD_ONLY,1,0,2.727830782532692
answer,kubernetes,cross_staged,,0,dense_staged,0,1ed32985eae9c4d1a90c1865647b9703e20da886,content/en/docs/contribute/generate-ref-docs/config-api.md,1,0,1,1,OLD_ONLY,1,0,3.1535401940345764
answer,kubernetes,cross_staged,,0,dense_staged,1,dad5f8753314e521716ae139d1fd886390fc08d3,content/en/docs/tasks/extend-kubernetes/configure-aggregation-layer.md,1,0,1,1,OLD_ONLY,1,0,3.57938464730978
answer,kubernetes,cross_staged,,0,dense_staged,2,4c086dd93b2ed0fdf361b1533eebd3a1217d50da,content/en/docs/contribute/generate-ref-docs/prerequisites-ref-docs.md,1,0,1,1,OLD_ONLY,1,0,3.1404783949255943
answer,kubernetes,cross_staged,,0,dense_staged,3,787489f7a68e0601cdab37883dc461cc3725d7d1,content/en/docs/concepts/scheduling-eviction/topology-aware-scheduling.md,1,0,1,1,OLD_ONLY,1,0,2.972015179693699
answer,kubernetes,cross_staged,,0,dense_staged,4,63a45fdb9543ae9a2831aac08e1e99e6924796aa,content/en/docs/reference/node/what-happens-on-restart.md,1,0,1,1,OLD_ONLY,1,0,2.9762201011180878
answer,kubernetes,cross_staged,,0,dense_staged,5,b3f516481aaaa9ad1b71a0a9cc31346c02ec348a,content/en/docs/concepts/overview/working-with-objects/annotations.md,1,0,1,1,OLD_ONLY,1,0,2.700917422771454
answer,kubernetes,cross_staged,,0,dense_staged,6,9c67be5e1be7b60d2fc0bc09226abf739be72152,content/en/docs/concepts/configuration/manage-resources-containers.md,1,0,1,1,OLD_ONLY,1,0,2.8065303340554237
answer,kubernetes,cross_staged,,0,dense_staged,7,7e01eaee123c18c295656cea5cd03886fcbd2cc5,content/en/docs/concepts/cluster-administration/node-autoscaling.md,1,0,1,1,OLD_ONLY,1,0,2.9236385598778725
answer,kubernetes,cross_staged,,0,dense_staged,8,7d6f80e5148219869055e2ec2acd63e971e7cf45,content/en/docs/concepts/cluster-administration/swap-memory-management.md,1,0,1,1,OLD_ONLY,1,0,2.982599660754204
answer,kubernetes,cross_staged,,0,dense_staged,9,4cec4d7ece88b7eb5b04b59e34fdce9c68c37be8,content/en/docs/tasks/inject-data-application/define-environment-variable-via-file.md,1,0,1,1,OLD_ONLY,1,0,2.689845860004425
answer,kubernetes,cross_staged,,0,dense_staged,10,b0bc7de52f48b923bde8f567f8a58c7aa4e1ffad,content/en/docs/tutorials/kubernetes-basics/create-cluster/cluster-intro.md,1,0,1,1,OLD_ONLY,1,0,2.8817355632781982
answer,kubernetes,cross_staged,,0,dense_staged,11,152489ebf5efe70ad88a25f01faba14552d2c953,content/en/docs/setup/production-environment/container-runtimes.md,1,0,1,1,OLD_ONLY,1,0,2.9158610850572586
answer,kubernetes,cross_staged,,0,dense_staged,12,e94b8926efca25bf711f4fa324c3658064691389,content/en/docs/tasks/debug/debug-application/debug-service.md,1,0,1,1,OLD_ONLY,1,0,2.7837054803967476
answer,kubernetes,cross_staged,,0,dense_staged,13,c55865f28de688b69732418a823c5eac29ce42ff,content/en/docs/concepts/scheduling-eviction/resource-bin-packing.md,1,0,1,1,OLD_ONLY,1,0,2.6456471532583237
answer,kubernetes,cross_staged,,0,dense_staged,14,893805d67799fe9d389624a047651c6149086614,content/en/docs/tasks/administer-cluster/certificates.md,1,0,1,1,OLD_ONLY,1,0,2.751477062702179
answer,kubernetes,cross_staged,,0,dense_staged,15,b50bf20aa07b4d865d8ddaf4ba395ac8afd6126d,content/en/docs/contribute/style/hugo-shortcodes/index.md,1,0,1,1,OLD_ONLY,1,0,2.682606689631939
answer,kubernetes,cross_staged,,0,dense_staged,16,c37d57216103cd3473e82dc7b481bf5b34a1a197,content/en/docs/concepts/containers/runtime-class.md,1,0,1,1,OLD_ONLY,1,0,2.8250841423869133
answer,kubernetes,cross_staged,,0,dense_staged,17,9631a3e27addfcdd5c1b149147b7da85118e0cbf,content/en/docs/tasks/administer-cluster/topology-manager.md,1,0,1,1,OLD_ONLY,1,0,2.923017367720604
answer,kubernetes,cross_staged,,0,dense_staged,18,9ea55e8425f499774e0a96156e5f920e5d669825,content/en/docs/reference/access-authn-authz/certificate-signing-requests.md,1,0,1,1,OLD_ONLY,1,0,2.8335489332675934
answer,kubernetes,cross_staged,,0,dense_staged,19,80b85ff51d97577b13f08ddc4a37117ff44082c5,content/en/docs/reference/node/kubelet-sync-loop.md,1,0,1,1,OLD_ONLY,1,0,3.1168553978204727
answer,kubernetes,cross_staged,,0,dense_staged,20,9c0e34fff3a05acd195a63fb057cf7163252258f,content/en/docs/reference/command-line-tools-reference/kube-proxy.md,1,0,1,1,OLD_ONLY,1,0,2.824212424457073
answer,kubernetes,cross_staged,,0,dense_staged,21,6dc6c3a989c065ef570348e150e260291e5d670b,content/en/docs/concepts/scheduling-eviction/node-pressure-eviction.md,1,0,1,1,OLD_ONLY,1,0,3.2291030511260033
answer,kubernetes,cross_staged,,0,dense_staged,22,20f5f738fef864413316d55587661a323f439865,content/en/docs/reference/kubectl/introduction.md,1,0,1,1,OLD_ONLY,1,0,3.1581632792949677
answer,kubernetes,cross_staged,,0,dense_staged,23,dc2fac362ae51ba81409fae648e3c87c4efef8e9,content/en/docs/concepts/scheduling-eviction/gang-scheduling.md,1,0,1,1,OLD_ONLY,1,0,2.87471991032362
answer,kubernetes,cross_staged,,0,dense_staged,24,e77da46210baf2e4f788b8ff1acf0c2522ffbcf6,content/en/docs/concepts/workloads/pods/_index.md,1,0,1,1,OLD_ONLY,1,0,2.6803920045495033
answer,kubernetes,cross_staged,,0,sparse_staged,0,1ed32985eae9c4d1a90c1865647b9703e20da886,content/en/docs/contribute/generate-ref-docs/config-api.md,1,0,1,1,OLD_ONLY,1,0,3.219747915863991
answer,kubernetes,cross_staged,,0,sparse_staged,1,dad5f8753314e521716ae139d1fd886390fc08d3,content/en/docs/tasks/extend-kubernetes/configure-aggregation-layer.md,1,0,1,1,OLD_ONLY,1,0,2.9448941349983215
answer,kubernetes,cross_staged,,0,sparse_staged,2,4c086dd93b2ed0fdf361b1533eebd3a1217d50da,content/en/docs/contribute/generate-ref-docs/prerequisites-ref-docs.md,1,0,1,1,OLD_ONLY,1,0,2.756490372121334
answer,kubernetes,cross_staged,,0,sparse_staged,3,787489f7a68e0601cdab37883dc461cc3725d7d1,content/en/docs/concepts/scheduling-eviction/topology-aware-scheduling.md,1,0,1,1,OLD_ONLY,1,0,2.6024729013442993
answer,kubernetes,cross_staged,,0,sparse_staged,4,63a45fdb9543ae9a2831aac08e1e99e6924796aa,content/en/docs/reference/node/what-happens-on-restart.md,1,0,1,1,OLD_ONLY,1,0,2.647021785378456
answer,kubernetes,cross_staged,,0,sparse_staged,5,b3f516481aaaa9ad1b71a0a9cc31346c02ec348a,content/en/docs/concepts/overview/working-with-objects/annotations.md,1,0,1,1,OLD_ONLY,1,0,2.781689167022705
answer,kubernetes,cross_staged,,0,sparse_staged,6,9c67be5e1be7b60d2fc0bc09226abf739be72152,content/en/docs/concepts/configuration/manage-resources-containers.md,1,0,1,1,OLD_ONLY,1,0,2.994549460709095
answer,kubernetes,cross_staged,,0,sparse_staged,7,7e01eaee123c18c295656cea5cd03886fcbd2cc5,content/en/docs/concepts/cluster-administration/node-autoscaling.md,1,0,1,1,OLD_ONLY,1,0,2.703961916267872
answer,kubernetes,cross_staged,,0,sparse_staged,8,7d6f80e5148219869055e2ec2acd63e971e7cf45,content/en/docs/concepts/cluster-administration/swap-memory-management.md,1,0,1,1,OLD_ONLY,1,0,2.890440635383129
answer,kubernetes,cross_staged,,0,sparse_staged,9,4cec4d7ece88b7eb5b04b59e34fdce9c68c37be8,content/en/docs/tasks/inject-data-application/define-environment-variable-via-file.md,1,0,1,1,OLD_ONLY,1,0,2.8143180534243584
answer,kubernetes,cross_staged,,0,sparse_staged,10,b0bc7de52f48b923bde8f567f8a58c7aa4e1ffad,content/en/docs/tutorials/kubernetes-basics/create-cluster/cluster-intro.md,1,0,1,1,OLD_ONLY,1,0,2.9597049579024315
answer,kubernetes,cross_staged,,0,sparse_staged,11,152489ebf5efe70ad88a25f01faba14552d2c953,content/en/docs/setup/production-environment/container-runtimes.md,1,0,1,1,OLD_ONLY,1,0,3.3505624160170555
answer,kubernetes,cross_staged,,0,sparse_staged,12,e94b8926efca25bf711f4fa324c3658064691389,content/en/docs/tasks/debug/debug-application/debug-service.md,1,0,1,1,OLD_ONLY,1,0,2.9897596687078476
answer,kubernetes,cross_staged,,0,sparse_staged,13,c55865f28de688b69732418a823c5eac29ce42ff,content/en/docs/concepts/scheduling-eviction/resource-bin-packing.md,1,0,1,1,OLD_ONLY,1,0,2.888747490942478
answer,kubernetes,cross_staged,,0,sparse_staged,14,893805d67799fe9d389624a047651c6149086614,content/en/docs/tasks/administer-cluster/certificates.md,1,0,1,1,OLD_ONLY,1,0,2.888565883040428
answer,kubernetes,cross_staged,,0,sparse_staged,15,b50bf20aa07b4d865d8ddaf4ba395ac8afd6126d,content/en/docs/contribute/style/hugo-shortcodes/index.md,1,0,1,1,OLD_ONLY,1,0,2.8210990130901337
answer,kubernetes,cross_staged,,0,sparse_staged,16,c37d57216103cd3473e82dc7b481bf5b34a1a197,content/en/docs/concepts/containers/runtime-class.md,1,0,1,1,OLD_ONLY,1,0,2.901182509958744
answer,kubernetes,cross_staged,,0,sparse_staged,17,9631a3e27addfcdd5c1b149147b7da85118e0cbf,content/en/docs/tasks/administer-cluster/topology-manager.md,1,0,1,1,OLD_ONLY,1,0,2.6251990348100662
answer,kubernetes,cross_staged,,0,sparse_staged,18,9ea55e8425f499774e0a96156e5f920e5d669825,content/en/docs/reference/access-authn-authz/certificate-signing-requests.md,1,0,1,1,OLD_ONLY,1,0,2.7760183438658714
answer,kubernetes,cross_staged,,0,sparse_staged,19,80b85ff51d97577b13f08ddc4a37117ff44082c5,content/en/docs/reference/node/kubelet-sync-loop.md,1,0,1,1,OLD_ONLY,1,0,2.739441581070423
answer,kubernetes,cross_staged,,0,sparse_staged,20,9c0e34fff3a05acd195a63fb057cf7163252258f,content/en/docs/reference/command-line-tools-reference/kube-proxy.md,1,0,1,1,OLD_ONLY,1,0,2.64934916049242
answer,kubernetes,cross_staged,,0,sparse_staged,21,6dc6c3a989c065ef570348e150e260291e5d670b,content/en/docs/concepts/scheduling-eviction/node-pressure-eviction.md,1,0,1,1,OLD_ONLY,1,0,2.772372215986252
answer,kubernetes,cross_staged,,0,sparse_staged,22,20f5f738fef864413316d55587661a323f439865,content/en/docs/reference/kubectl/introduction.md,1,0,1,1,OLD_ONLY,1,0,2.835627645254135
answer,kubernetes,cross_staged,,0,sparse_staged,23,dc2fac362ae51ba81409fae648e3c87c4efef8e9,content/en/docs/concepts/scheduling-eviction/gang-scheduling.md,1,0,1,1,OLD_ONLY,1,0,2.8309067711234093
answer,kubernetes,cross_staged,,0,sparse_staged,24,e77da46210baf2e4f788b8ff1acf0c2522ffbcf6,content/en/docs/concepts/workloads/pods/_index.md,1,0,1,1,OLD_ONLY,1,0,2.7610138058662415
answer,kubernetes,cross_staged,,0,readiness_verified,0,1ed32985eae9c4d1a90c1865647b9703e20da886,content/en/docs/contribute/generate-ref-docs/config-api.md,1,0,1,1,OLD_ONLY,1,0,3.1700823456048965
answer,kubernetes,cross_staged,,0,readiness_verified,1,dad5f8753314e521716ae139d1fd886390fc08d3,content/en/docs/tasks/extend-kubernetes/configure-aggregation-layer.md,1,0,1,1,OLD_ONLY,1,0,2.735544927418232
answer,kubernetes,cross_staged,,0,readiness_verified,2,4c086dd93b2ed0fdf361b1533eebd3a1217d50da,content/en/docs/contribute/generate-ref-docs/prerequisites-ref-docs.md,1,0,1,1,OLD_ONLY,1,0,2.929752692580223
answer,kubernetes,cross_staged,,0,readiness_verified,3,787489f7a68e0601cdab37883dc461cc3725d7d1,content/en/docs/concepts/scheduling-eviction/topology-aware-scheduling.md,1,0,1,1,OLD_ONLY,1,0,2.7010319754481316
answer,kubernetes,cross_staged,,0,readiness_verified,4,63a45fdb9543ae9a2831aac08e1e99e6924796aa,content/en/docs/reference/node/what-happens-on-restart.md,1,0,1,1,OLD_ONLY,1,0,2.8350800275802612
answer,kubernetes,cross_staged,,0,readiness_verified,5,b3f516481aaaa9ad1b71a0a9cc31346c02ec348a,content/en/docs/concepts/overview/working-with-objects/annotations.md,1,0,1,1,OLD_ONLY,1,0,3.0472762882709503
answer,kubernetes,cross_staged,,0,readiness_verified,6,9c67be5e1be7b60d2fc0bc09226abf739be72152,content/en/docs/concepts/configuration/manage-resources-containers.md,1,0,1,1,OLD_ONLY,1,0,2.8491299599409103
answer,kubernetes,cross_staged,,0,readiness_verified,7,7e01eaee123c18c295656cea5cd03886fcbd2cc5,content/en/docs/concepts/cluster-administration/node-autoscaling.md,1,0,1,1,OLD_ONLY,1,0,2.735328860580921
answer,kubernetes,cross_staged,,0,readiness_verified,8,7d6f80e5148219869055e2ec2acd63e971e7cf45,content/en/docs/concepts/cluster-administration/swap-memory-management.md,1,0,1,1,OLD_ONLY,1,0,2.740471623837948
answer,kubernetes,cross_staged,,0,readiness_verified,9,4cec4d7ece88b7eb5b04b59e34fdce9c68c37be8,content/en/docs/tasks/inject-data-application/define-environment-variable-via-file.md,1,0,1,1,OLD_ONLY,1,0,2.6867827400565147
answer,kubernetes,cross_staged,,0,readiness_verified,10,b0bc7de52f48b923bde8f567f8a58c7aa4e1ffad,content/en/docs/tutorials/kubernetes-basics/create-cluster/cluster-intro.md,1,0,1,1,OLD_ONLY,1,0,2.98372283577919
answer,kubernetes,cross_staged,,0,readiness_verified,11,152489ebf5efe70ad88a25f01faba14552d2c953,content/en/docs/setup/production-environment/container-runtimes.md,1,0,1,1,OLD_ONLY,1,0,2.7633365243673325
answer,kubernetes,cross_staged,,0,readiness_verified,12,e94b8926efca25bf711f4fa324c3658064691389,content/en/docs/tasks/debug/debug-application/debug-service.md,1,0,1,1,OLD_ONLY,1,0,2.9134079813957214
answer,kubernetes,cross_staged,,0,readiness_verified,13,c55865f28de688b69732418a823c5eac29ce42ff,content/en/docs/concepts/scheduling-eviction/resource-bin-packing.md,1,0,1,1,OLD_ONLY,1,0,2.7324166148900986
answer,kubernetes,cross_staged,,0,readiness_verified,14,893805d67799fe9d389624a047651c6149086614,content/en/docs/tasks/administer-cluster/certificates.md,1,0,1,1,OLD_ONLY,1,0,2.67842598259449
answer,kubernetes,cross_staged,,0,readiness_verified,15,b50bf20aa07b4d865d8ddaf4ba395ac8afd6126d,content/en/docs/contribute/style/hugo-shortcodes/index.md,1,0,1,1,OLD_ONLY,1,0,2.902090549468994
answer,kubernetes,cross_staged,,0,readiness_verified,16,c37d57216103cd3473e82dc7b481bf5b34a1a197,content/en/docs/concepts/containers/runtime-class.md,1,0,1,1,OLD_ONLY,1,0,2.8308862820267677
answer,kubernetes,cross_staged,,0,readiness_verified,17,9631a3e27addfcdd5c1b149147b7da85118e0cbf,content/en/docs/tasks/administer-cluster/topology-manager.md,1,0,1,1,OLD_ONLY,1,0,2.9825903475284576
answer,kubernetes,cross_staged,,0,readiness_verified,18,9ea55e8425f499774e0a96156e5f920e5d669825,content/en/docs/reference/access-authn-authz/certificate-signing-requests.md,1,0,1,1,OLD_ONLY,1,0,2.8283819556236267
answer,kubernetes,cross_staged,,0,readiness_verified,19,80b85ff51d97577b13f08ddc4a37117ff44082c5,content/en/docs/reference/node/kubelet-sync-loop.md,1,0,1,1,OLD_ONLY,1,0,2.819434739649296
answer,kubernetes,cross_staged,,0,readiness_verified,20,9c0e34fff3a05acd195a63fb057cf7163252258f,content/en/docs/reference/command-line-tools-reference/kube-proxy.md,1,0,1,1,OLD_ONLY,1,0,3.5294052213430405
answer,kubernetes,cross_staged,,0,readiness_verified,21,6dc6c3a989c065ef570348e150e260291e5d670b,content/en/docs/concepts/scheduling-eviction/node-pressure-eviction.md,1,0,1,1,OLD_ONLY,1,0,3.4037362784147263
answer,kubernetes,cross_staged,,0,readiness_verified,22,20f5f738fef864413316d55587661a323f439865,content/en/docs/reference/kubectl/introduction.md,1,0,1,1,OLD_ONLY,1,0,3.3066803589463234
answer,kubernetes,cross_staged,,0,readiness_verified,23,dc2fac362ae51ba81409fae648e3c87c4efef8e9,content/en/docs/concepts/scheduling-eviction/gang-scheduling.md,1,0,1,1,OLD_ONLY,1,0,2.8794286772608757
answer,kubernetes,cross_staged,,0,readiness_verified,24,e77da46210baf2e4f788b8ff1acf0c2522ffbcf6,content/en/docs/concepts/workloads/pods/_index.md,1,0,1,1,OLD_ONLY,1,0,2.892356365919113
answer,kubernetes,cross_staged,,0,manifest_published,0,1ed32985eae9c4d1a90c1865647b9703e20da886,content/en/docs/contribute/generate-ref-docs/config-api.md,2,0,2,2,NEW_ONLY,1,1,3.3321287482976913
answer,kubernetes,cross_staged,,0,manifest_published,1,dad5f8753314e521716ae139d1fd886390fc08d3,content/en/docs/tasks/extend-kubernetes/configure-aggregation-layer.md,2,0,2,2,NEW_ONLY,1,1,2.982889302074909
answer,kubernetes,cross_staged,,0,manifest_published,2,4c086dd93b2ed0fdf361b1533eebd3a1217d50da,content/en/docs/contribute/generate-ref-docs/prerequisites-ref-docs.md,2,0,2,2,NEW_ONLY,1,1,2.9526250436902046
answer,kubernetes,cross_staged,,0,manifest_published,3,787489f7a68e0601cdab37883dc461cc3725d7d1,content/en/docs/concepts/scheduling-eviction/topology-aware-scheduling.md,2,0,2,2,NEW_ONLY,1,1,2.855367958545685
answer,kubernetes,cross_staged,,0,manifest_published,4,63a45fdb9543ae9a2831aac08e1e99e6924796aa,content/en/docs/reference/node/what-happens-on-restart.md,2,0,2,2,NEW_ONLY,1,1,2.89777759462595
answer,kubernetes,cross_staged,,0,manifest_published,5,b3f516481aaaa9ad1b71a0a9cc31346c02ec348a,content/en/docs/concepts/overview/working-with-objects/annotations.md,2,0,2,2,NEW_ONLY,1,1,2.9334165155887604
answer,kubernetes,cross_staged,,0,manifest_published,6,9c67be5e1be7b60d2fc0bc09226abf739be72152,content/en/docs/concepts/configuration/manage-resources-containers.md,2,0,2,2,NEW_ONLY,1,1,2.6962412521243095
answer,kubernetes,cross_staged,,0,manifest_published,7,7e01eaee123c18c295656cea5cd03886fcbd2cc5,content/en/docs/concepts/cluster-administration/node-autoscaling.md,2,0,2,2,NEW_ONLY,1,1,2.837582491338253
answer,kubernetes,cross_staged,,0,manifest_published,8,7d6f80e5148219869055e2ec2acd63e971e7cf45,content/en/docs/concepts/cluster-administration/swap-memory-management.md,2,0,2,2,NEW_ONLY,1,1,2.790781669318676
answer,kubernetes,cross_staged,,0,manifest_published,9,4cec4d7ece88b7eb5b04b59e34fdce9c68c37be8,content/en/docs/tasks/inject-data-application/define-environment-variable-via-file.md,2,0,2,2,NEW_ONLY,1,1,2.7969609946012497
answer,kubernetes,cross_staged,,0,manifest_published,10,b0bc7de52f48b923bde8f567f8a58c7aa4e1ffad,content/en/docs/tutorials/kubernetes-basics/create-cluster/cluster-intro.md,2,0,2,2,NEW_ONLY,1,1,2.7244240045547485
answer,kubernetes,cross_staged,,0,manifest_published,11,152489ebf5efe70ad88a25f01faba14552d2c953,content/en/docs/setup/production-environment/container-runtimes.md,2,0,2,2,NEW_ONLY,1,1,2.608824521303177
answer,kubernetes,cross_staged,,0,manifest_published,12,e94b8926efca25bf711f4fa324c3658064691389,content/en/docs/tasks/debug/debug-application/debug-service.md,2,0,2,2,NEW_ONLY,1,1,2.770422026515007
answer,kubernetes,cross_staged,,0,manifest_published,13,c55865f28de688b69732418a823c5eac29ce42ff,content/en/docs/concepts/scheduling-eviction/resource-bin-packing.md,2,0,2,2,NEW_ONLY,1,1,2.7254046872258186
answer,kubernetes,cross_staged,,0,manifest_published,14,893805d67799fe9d389624a047651c6149086614,content/en/docs/tasks/administer-cluster/certificates.md,2,0,2,2,NEW_ONLY,1,1,2.8609642758965492
answer,kubernetes,cross_staged,,0,manifest_published,15,b50bf20aa07b4d865d8ddaf4ba395ac8afd6126d,content/en/docs/contribute/style/hugo-shortcodes/index.md,2,0,2,2,NEW_ONLY,1,1,3.079948015511036
answer,kubernetes,cross_staged,,0,manifest_published,16,c37d57216103cd3473e82dc7b481bf5b34a1a197,content/en/docs/concepts/containers/runtime-class.md,2,0,2,2,NEW_ONLY,1,1,2.6896027848124504
answer,kubernetes,cross_staged,,0,manifest_published,17,9631a3e27addfcdd5c1b149147b7da85118e0cbf,content/en/docs/tasks/administer-cluster/topology-manager.md,2,0,2,2,NEW_ONLY,1,1,2.8124935925006866
answer,kubernetes,cross_staged,,0,manifest_published,18,9ea55e8425f499774e0a96156e5f920e5d669825,content/en/docs/reference/access-authn-authz/certificate-signing-requests.md,2,0,2,2,NEW_ONLY,1,1,2.9139360412955284
answer,kubernetes,cross_staged,,0,manifest_published,19,80b85ff51d97577b13f08ddc4a37117ff44082c5,content/en/docs/reference/node/kubelet-sync-loop.md,2,0,2,2,NEW_ONLY,1,1,2.7426015585660934
answer,kubernetes,cross_staged,,0,manifest_published,20,9c0e34fff3a05acd195a63fb057cf7163252258f,content/en/docs/reference/command-line-tools-reference/kube-proxy.md,2,0,2,2,NEW_ONLY,1,1,2.7461517602205276
answer,kubernetes,cross_staged,,0,manifest_published,21,6dc6c3a989c065ef570348e150e260291e5d670b,content/en/docs/concepts/scheduling-eviction/node-pressure-eviction.md,2,0,2,2,NEW_ONLY,1,1,2.8647910803556442
answer,kubernetes,cross_staged,,0,manifest_published,22,20f5f738fef864413316d55587661a323f439865,content/en/docs/reference/kubectl/introduction.md,2,0,2,2,NEW_ONLY,1,1,2.8624581173062325
answer,kubernetes,cross_staged,,0,manifest_published,23,dc2fac362ae51ba81409fae648e3c87c4efef8e9,content/en/docs/concepts/scheduling-eviction/gang-scheduling.md,2,0,2,2,NEW_ONLY,1,1,2.899087965488434
answer,kubernetes,cross_staged,,0,manifest_published,24,e77da46210baf2e4f788b8ff1acf0c2522ffbcf6,content/en/docs/concepts/workloads/pods/_index.md,2,0,2,2,NEW_ONLY,1,1,3.4923506900668144
answer,kubernetes,cross_staged,,0,old_version_gc,0,1ed32985eae9c4d1a90c1865647b9703e20da886,content/en/docs/contribute/generate-ref-docs/config-api.md,2,0,2,2,NEW_ONLY,1,1,3.4923674538731575
answer,kubernetes,cross_staged,,0,old_version_gc,1,dad5f8753314e521716ae139d1fd886390fc08d3,content/en/docs/tasks/extend-kubernetes/configure-aggregation-layer.md,2,0,2,2,NEW_ONLY,1,1,2.9791537672281265
answer,kubernetes,cross_staged,,0,old_version_gc,2,4c086dd93b2ed0fdf361b1533eebd3a1217d50da,content/en/docs/contribute/generate-ref-docs/prerequisites-ref-docs.md,2,0,2,2,NEW_ONLY,1,1,3.0001727864146233
answer,kubernetes,cross_staged,,0,old_version_gc,3,787489f7a68e0601cdab37883dc461cc3725d7d1,content/en/docs/concepts/scheduling-eviction/topology-aware-scheduling.md,2,0,2,2,NEW_ONLY,1,1,2.940530888736248
answer,kubernetes,cross_staged,,0,old_version_gc,4,63a45fdb9543ae9a2831aac08e1e99e6924796aa,content/en/docs/reference/node/what-happens-on-restart.md,2,0,2,2,NEW_ONLY,1,1,2.7371030300855637
answer,kubernetes,cross_staged,,0,old_version_gc,5,b3f516481aaaa9ad1b71a0a9cc31346c02ec348a,content/en/docs/concepts/overview/working-with-objects/annotations.md,2,0,2,2,NEW_ONLY,1,1,2.964913845062256
answer,kubernetes,cross_staged,,0,old_version_gc,6,9c67be5e1be7b60d2fc0bc09226abf739be72152,content/en/docs/concepts/configuration/manage-resources-containers.md,2,0,2,2,NEW_ONLY,1,1,3.052094019949436
answer,kubernetes,cross_staged,,0,old_version_gc,7,7e01eaee123c18c295656cea5cd03886fcbd2cc5,content/en/docs/concepts/cluster-administration/node-autoscaling.md,2,0,2,2,NEW_ONLY,1,1,2.8590913861989975
answer,kubernetes,cross_staged,,0,old_version_gc,8,7d6f80e5148219869055e2ec2acd63e971e7cf45,content/en/docs/concepts/cluster-administration/swap-memory-management.md,2,0,2,2,NEW_ONLY,1,1,2.8530508279800415
answer,kubernetes,cross_staged,,0,old_version_gc,9,4cec4d7ece88b7eb5b04b59e34fdce9c68c37be8,content/en/docs/tasks/inject-data-application/define-environment-variable-via-file.md,2,0,2,2,NEW_ONLY,1,1,2.9020560905337334
answer,kubernetes,cross_staged,,0,old_version_gc,10,b0bc7de52f48b923bde8f567f8a58c7aa4e1ffad,content/en/docs/tutorials/kubernetes-basics/create-cluster/cluster-intro.md,2,0,2,2,NEW_ONLY,1,1,2.852850593626499
answer,kubernetes,cross_staged,,0,old_version_gc,11,152489ebf5efe70ad88a25f01faba14552d2c953,content/en/docs/setup/production-environment/container-runtimes.md,2,0,2,2,NEW_ONLY,1,1,2.936079166829586
answer,kubernetes,cross_staged,,0,old_version_gc,12,e94b8926efca25bf711f4fa324c3658064691389,content/en/docs/tasks/debug/debug-application/debug-service.md,2,0,2,2,NEW_ONLY,1,1,2.8439322486519814
answer,kubernetes,cross_staged,,0,old_version_gc,13,c55865f28de688b69732418a823c5eac29ce42ff,content/en/docs/concepts/scheduling-eviction/resource-bin-packing.md,2,0,2,2,NEW_ONLY,1,1,2.859874628484249
answer,kubernetes,cross_staged,,0,old_version_gc,14,893805d67799fe9d389624a047651c6149086614,content/en/docs/tasks/administer-cluster/certificates.md,2,0,2,2,NEW_ONLY,1,1,2.6118746027350426
answer,kubernetes,cross_staged,,0,old_version_gc,15,b50bf20aa07b4d865d8ddaf4ba395ac8afd6126d,content/en/docs/contribute/style/hugo-shortcodes/index.md,2,0,2,2,NEW_ONLY,1,1,2.826622687280178
answer,kubernetes,cross_staged,,0,old_version_gc,16,c37d57216103cd3473e82dc7b481bf5b34a1a197,content/en/docs/concepts/containers/runtime-class.md,2,0,2,2,NEW_ONLY,1,1,2.63829343020916
answer,kubernetes,cross_staged,,0,old_version_gc,17,9631a3e27addfcdd5c1b149147b7da85118e0cbf,content/en/docs/tasks/administer-cluster/topology-manager.md,2,0,2,2,NEW_ONLY,1,1,2.9323967173695564
answer,kubernetes,cross_staged,,0,old_version_gc,18,9ea55e8425f499774e0a96156e5f920e5d669825,content/en/docs/reference/access-authn-authz/certificate-signing-requests.md,2,0,2,2,NEW_ONLY,1,1,2.698661759495735
answer,kubernetes,cross_staged,,0,old_version_gc,19,80b85ff51d97577b13f08ddc4a37117ff44082c5,content/en/docs/reference/node/kubelet-sync-loop.md,2,0,2,2,NEW_ONLY,1,1,2.868460491299629
answer,kubernetes,cross_staged,,0,old_version_gc,20,9c0e34fff3a05acd195a63fb057cf7163252258f,content/en/docs/reference/command-line-tools-reference/kube-proxy.md,2,0,2,2,NEW_ONLY,1,1,2.9447218403220177
answer,kubernetes,cross_staged,,0,old_version_gc,21,6dc6c3a989c065ef570348e150e260291e5d670b,content/en/docs/concepts/scheduling-eviction/node-pressure-eviction.md,2,0,2,2,NEW_ONLY,1,1,2.8025703504681587
answer,kubernetes,cross_staged,,0,old_version_gc,22,20f5f738fef864413316d55587661a323f439865,content/en/docs/reference/kubectl/introduction.md,2,0,2,2,NEW_ONLY,1,1,2.803700976073742
answer,kubernetes,cross_staged,,0,old_version_gc,23,dc2fac362ae51ba81409fae648e3c87c4efef8e9,content/en/docs/concepts/scheduling-eviction/gang-scheduling.md,2,0,2,2,NEW_ONLY,1,1,2.864973619580269
answer,kubernetes,cross_staged,,0,old_version_gc,24,e77da46210baf2e4f788b8ff1acf0c2522ffbcf6,content/en/docs/concepts/workloads/pods/_index.md,2,0,2,2,NEW_ONLY,1,1,2.877778373658657
answer,kubernetes,cross_staged,,1,initial,0,1ed32985eae9c4d1a90c1865647b9703e20da886,content/en/docs/contribute/generate-ref-docs/config-api.md,1,0,1,1,OLD_ONLY,1,0,109.60930120199919
answer,kubernetes,cross_staged,,1,initial,1,dad5f8753314e521716ae139d1fd886390fc08d3,content/en/docs/tasks/extend-kubernetes/configure-aggregation-layer.md,1,0,1,1,OLD_ONLY,1,0,3.3485498279333115
answer,kubernetes,cross_staged,,1,initial,2,4c086dd93b2ed0fdf361b1533eebd3a1217d50da,content/en/docs/contribute/generate-ref-docs/prerequisites-ref-docs.md,1,0,1,1,OLD_ONLY,1,0,3.283197060227394
answer,kubernetes,cross_staged,,1,initial,3,787489f7a68e0601cdab37883dc461cc3725d7d1,content/en/docs/concepts/scheduling-eviction/topology-aware-scheduling.md,1,0,1,1,OLD_ONLY,1,0,3.249255008995533
answer,kubernetes,cross_staged,,1,initial,4,63a45fdb9543ae9a2831aac08e1e99e6924796aa,content/en/docs/reference/node/what-happens-on-restart.md,1,0,1,1,OLD_ONLY,1,0,3.3387430012226105
answer,kubernetes,cross_staged,,1,initial,5,b3f516481aaaa9ad1b71a0a9cc31346c02ec348a,content/en/docs/concepts/overview/working-with-objects/annotations.md,1,0,1,1,OLD_ONLY,1,0,4.318086430430412
answer,kubernetes,cross_staged,,1,initial,6,9c67be5e1be7b60d2fc0bc09226abf739be72152,content/en/docs/concepts/configuration/manage-resources-containers.md,1,0,1,1,OLD_ONLY,1,0,3.050621598958969
answer,kubernetes,cross_staged,,1,initial,7,7e01eaee123c18c295656cea5cd03886fcbd2cc5,content/en/docs/concepts/cluster-administration/node-autoscaling.md,1,0,1,1,OLD_ONLY,1,0,3.1588077545166016
answer,kubernetes,cross_staged,,1,initial,8,7d6f80e5148219869055e2ec2acd63e971e7cf45,content/en/docs/concepts/cluster-administration/swap-memory-management.md,1,0,1,1,OLD_ONLY,1,0,2.9575033113360405
answer,kubernetes,cross_staged,,1,initial,9,4cec4d7ece88b7eb5b04b59e34fdce9c68c37be8,content/en/docs/tasks/inject-data-application/define-environment-variable-via-file.md,1,0,1,1,OLD_ONLY,1,0,3.1425468623638153
answer,kubernetes,cross_staged,,1,initial,10,b0bc7de52f48b923bde8f567f8a58c7aa4e1ffad,content/en/docs/tutorials/kubernetes-basics/create-cluster/cluster-intro.md,1,0,1,1,OLD_ONLY,1,0,2.9566362500190735
answer,kubernetes,cross_staged,,1,initial,11,152489ebf5efe70ad88a25f01faba14552d2c953,content/en/docs/setup/production-environment/container-runtimes.md,1,0,1,1,OLD_ONLY,1,0,2.5825249031186104
answer,kubernetes,cross_staged,,1,initial,12,e94b8926efca25bf711f4fa324c3658064691389,content/en/docs/tasks/debug/debug-application/debug-service.md,1,0,1,1,OLD_ONLY,1,0,2.6626363396644592
answer,kubernetes,cross_staged,,1,initial,13,c55865f28de688b69732418a823c5eac29ce42ff,content/en/docs/concepts/scheduling-eviction/resource-bin-packing.md,1,0,1,1,OLD_ONLY,1,0,2.6849415153265
answer,kubernetes,cross_staged,,1,initial,14,893805d67799fe9d389624a047651c6149086614,content/en/docs/tasks/administer-cluster/certificates.md,1,0,1,1,OLD_ONLY,1,0,2.8492603451013565
answer,kubernetes,cross_staged,,1,initial,15,b50bf20aa07b4d865d8ddaf4ba395ac8afd6126d,content/en/docs/contribute/style/hugo-shortcodes/index.md,1,0,1,1,OLD_ONLY,1,0,2.5986256077885628
answer,kubernetes,cross_staged,,1,initial,16,c37d57216103cd3473e82dc7b481bf5b34a1a197,content/en/docs/concepts/containers/runtime-class.md,1,0,1,1,OLD_ONLY,1,0,2.826247364282608
answer,kubernetes,cross_staged,,1,initial,17,9631a3e27addfcdd5c1b149147b7da85118e0cbf,content/en/docs/tasks/administer-cluster/topology-manager.md,1,0,1,1,OLD_ONLY,1,0,2.591376192867756
answer,kubernetes,cross_staged,,1,initial,18,9ea55e8425f499774e0a96156e5f920e5d669825,content/en/docs/reference/access-authn-authz/certificate-signing-requests.md,1,0,1,1,OLD_ONLY,1,0,2.6004426181316376
answer,kubernetes,cross_staged,,1,initial,19,80b85ff51d97577b13f08ddc4a37117ff44082c5,content/en/docs/reference/node/kubelet-sync-loop.md,1,0,1,1,OLD_ONLY,1,0,2.857341431081295
answer,kubernetes,cross_staged,,1,initial,20,9c0e34fff3a05acd195a63fb057cf7163252258f,content/en/docs/reference/command-line-tools-reference/kube-proxy.md,1,0,1,1,OLD_ONLY,1,0,2.8051333501935005
answer,kubernetes,cross_staged,,1,initial,21,6dc6c3a989c065ef570348e150e260291e5d670b,content/en/docs/concepts/scheduling-eviction/node-pressure-eviction.md,1,0,1,1,OLD_ONLY,1,0,3.3662747591733932
answer,kubernetes,cross_staged,,1,initial,22,20f5f738fef864413316d55587661a323f439865,content/en/docs/reference/kubectl/introduction.md,1,0,1,1,OLD_ONLY,1,0,3.043520264327526
answer,kubernetes,cross_staged,,1,initial,23,dc2fac362ae51ba81409fae648e3c87c4efef8e9,content/en/docs/concepts/scheduling-eviction/gang-scheduling.md,1,0,1,1,OLD_ONLY,1,0,2.912823110818863
answer,kubernetes,cross_staged,,1,initial,24,e77da46210baf2e4f788b8ff1acf0c2522ffbcf6,content/en/docs/concepts/workloads/pods/_index.md,1,0,1,1,OLD_ONLY,1,0,2.8300900012254715
answer,kubernetes,cross_staged,,1,dense_staged,0,1ed32985eae9c4d1a90c1865647b9703e20da886,content/en/docs/contribute/generate-ref-docs/config-api.md,1,0,1,1,OLD_ONLY,1,0,3.247089684009552
answer,kubernetes,cross_staged,,1,dense_staged,1,dad5f8753314e521716ae139d1fd886390fc08d3,content/en/docs/tasks/extend-kubernetes/configure-aggregation-layer.md,1,0,1,1,OLD_ONLY,1,0,2.881457097828388
answer,kubernetes,cross_staged,,1,dense_staged,2,4c086dd93b2ed0fdf361b1533eebd3a1217d50da,content/en/docs/contribute/generate-ref-docs/prerequisites-ref-docs.md,1,0,1,1,OLD_ONLY,1,0,2.6443731039762497
answer,kubernetes,cross_staged,,1,dense_staged,3,787489f7a68e0601cdab37883dc461cc3725d7d1,content/en/docs/concepts/scheduling-eviction/topology-aware-scheduling.md,1,0,1,1,OLD_ONLY,1,0,2.616012468934059
answer,kubernetes,cross_staged,,1,dense_staged,4,63a45fdb9543ae9a2831aac08e1e99e6924796aa,content/en/docs/reference/node/what-happens-on-restart.md,1,0,1,1,OLD_ONLY,1,0,2.861589193344116
answer,kubernetes,cross_staged,,1,dense_staged,5,b3f516481aaaa9ad1b71a0a9cc31346c02ec348a,content/en/docs/concepts/overview/working-with-objects/annotations.md,1,0,1,1,OLD_ONLY,1,0,2.6659714058041573
answer,kubernetes,cross_staged,,1,dense_staged,6,9c67be5e1be7b60d2fc0bc09226abf739be72152,content/en/docs/concepts/configuration/manage-resources-containers.md,1,0,1,1,OLD_ONLY,1,0,2.9194997623562813
answer,kubernetes,cross_staged,,1,dense_staged,7,7e01eaee123c18c295656cea5cd03886fcbd2cc5,content/en/docs/concepts/cluster-administration/node-autoscaling.md,1,0,1,1,OLD_ONLY,1,0,3.0433079227805138
answer,kubernetes,cross_staged,,1,dense_staged,8,7d6f80e5148219869055e2ec2acd63e971e7cf45,content/en/docs/concepts/cluster-administration/swap-memory-management.md,1,0,1,1,OLD_ONLY,1,0,2.658364363014698
answer,kubernetes,cross_staged,,1,dense_staged,9,4cec4d7ece88b7eb5b04b59e34fdce9c68c37be8,content/en/docs/tasks/inject-data-application/define-environment-variable-via-file.md,1,0,1,1,OLD_ONLY,1,0,2.8198324143886566
answer,kubernetes,cross_staged,,1,dense_staged,10,b0bc7de52f48b923bde8f567f8a58c7aa4e1ffad,content/en/docs/tutorials/kubernetes-basics/create-cluster/cluster-intro.md,1,0,1,1,OLD_ONLY,1,0,2.6498306542634964
answer,kubernetes,cross_staged,,1,dense_staged,11,152489ebf5efe70ad88a25f01faba14552d2c953,content/en/docs/setup/production-environment/container-runtimes.md,1,0,1,1,OLD_ONLY,1,0,2.6330696418881416
answer,kubernetes,cross_staged,,1,dense_staged,12,e94b8926efca25bf711f4fa324c3658064691389,content/en/docs/tasks/debug/debug-application/debug-service.md,1,0,1,1,OLD_ONLY,1,0,2.5852378457784653
answer,kubernetes,cross_staged,,1,dense_staged,13,c55865f28de688b69732418a823c5eac29ce42ff,content/en/docs/concepts/scheduling-eviction/resource-bin-packing.md,1,0,1,1,OLD_ONLY,1,0,2.652437426149845
answer,kubernetes,cross_staged,,1,dense_staged,14,893805d67799fe9d389624a047651c6149086614,content/en/docs/tasks/administer-cluster/certificates.md,1,0,1,1,OLD_ONLY,1,0,2.804136835038662
answer,kubernetes,cross_staged,,1,dense_staged,15,b50bf20aa07b4d865d8ddaf4ba395ac8afd6126d,content/en/docs/contribute/style/hugo-shortcodes/index.md,1,0,1,1,OLD_ONLY,1,0,2.6255641132593155
answer,kubernetes,cross_staged,,1,dense_staged,16,c37d57216103cd3473e82dc7b481bf5b34a1a197,content/en/docs/concepts/containers/runtime-class.md,1,0,1,1,OLD_ONLY,1,0,2.6902155950665474
answer,kubernetes,cross_staged,,1,dense_staged,17,9631a3e27addfcdd5c1b149147b7da85118e0cbf,content/en/docs/tasks/administer-cluster/topology-manager.md,1,0,1,1,OLD_ONLY,1,0,2.7514034882187843
answer,kubernetes,cross_staged,,1,dense_staged,18,9ea55e8425f499774e0a96156e5f920e5d669825,content/en/docs/reference/access-authn-authz/certificate-signing-requests.md,1,0,1,1,OLD_ONLY,1,0,2.608933486044407
answer,kubernetes,cross_staged,,1,dense_staged,19,80b85ff51d97577b13f08ddc4a37117ff44082c5,content/en/docs/reference/node/kubelet-sync-loop.md,1,0,1,1,OLD_ONLY,1,0,2.5599878281354904
answer,kubernetes,cross_staged,,1,dense_staged,20,9c0e34fff3a05acd195a63fb057cf7163252258f,content/en/docs/reference/command-line-tools-reference/kube-proxy.md,1,0,1,1,OLD_ONLY,1,0,2.689570188522339
answer,kubernetes,cross_staged,,1,dense_staged,21,6dc6c3a989c065ef570348e150e260291e5d670b,content/en/docs/concepts/scheduling-eviction/node-pressure-eviction.md,1,0,1,1,OLD_ONLY,1,0,2.518719993531704
answer,kubernetes,cross_staged,,1,dense_staged,22,20f5f738fef864413316d55587661a323f439865,content/en/docs/reference/kubectl/introduction.md,1,0,1,1,OLD_ONLY,1,0,2.6140762493014336
answer,kubernetes,cross_staged,,1,dense_staged,23,dc2fac362ae51ba81409fae648e3c87c4efef8e9,content/en/docs/concepts/scheduling-eviction/gang-scheduling.md,1,0,1,1,OLD_ONLY,1,0,2.7808407321572304
answer,kubernetes,cross_staged,,1,dense_staged,24,e77da46210baf2e4f788b8ff1acf0c2522ffbcf6,content/en/docs/concepts/workloads/pods/_index.md,1,0,1,1,OLD_ONLY,1,0,2.9308293014764786
answer,kubernetes,cross_staged,,1,sparse_staged,0,1ed32985eae9c4d1a90c1865647b9703e20da886,content/en/docs/contribute/generate-ref-docs/config-api.md,1,0,1,1,OLD_ONLY,1,0,3.2281875610351562
answer,kubernetes,cross_staged,,1,sparse_staged,1,dad5f8753314e521716ae139d1fd886390fc08d3,content/en/docs/tasks/extend-kubernetes/configure-aggregation-layer.md,1,0,1,1,OLD_ONLY,1,0,2.629985101521015
answer,kubernetes,cross_staged,,1,sparse_staged,2,4c086dd93b2ed0fdf361b1533eebd3a1217d50da,content/en/docs/contribute/generate-ref-docs/prerequisites-ref-docs.md,1,0,1,1,OLD_ONLY,1,0,2.870599739253521
answer,kubernetes,cross_staged,,1,sparse_staged,3,787489f7a68e0601cdab37883dc461cc3725d7d1,content/en/docs/concepts/scheduling-eviction/topology-aware-scheduling.md,1,0,1,1,OLD_ONLY,1,0,2.7493778616189957
answer,kubernetes,cross_staged,,1,sparse_staged,4,63a45fdb9543ae9a2831aac08e1e99e6924796aa,content/en/docs/reference/node/what-happens-on-restart.md,1,0,1,1,OLD_ONLY,1,0,2.6936689391732216
answer,kubernetes,cross_staged,,1,sparse_staged,5,b3f516481aaaa9ad1b71a0a9cc31346c02ec348a,content/en/docs/concepts/overview/working-with-objects/annotations.md,1,0,1,1,OLD_ONLY,1,0,2.808164805173874
answer,kubernetes,cross_staged,,1,sparse_staged,6,9c67be5e1be7b60d2fc0bc09226abf739be72152,content/en/docs/concepts/configuration/manage-resources-containers.md,1,0,1,1,OLD_ONLY,1,0,2.778615802526474
answer,kubernetes,cross_staged,,1,sparse_staged,7,7e01eaee123c18c295656cea5cd03886fcbd2cc5,content/en/docs/concepts/cluster-administration/node-autoscaling.md,1,0,1,1,OLD_ONLY,1,0,2.9367832466959953
answer,kubernetes,cross_staged,,1,sparse_staged,8,7d6f80e5148219869055e2ec2acd63e971e7cf45,content/en/docs/concepts/cluster-administration/swap-memory-management.md,1,0,1,1,OLD_ONLY,1,0,2.946949563920498
answer,kubernetes,cross_staged,,1,sparse_staged,9,4cec4d7ece88b7eb5b04b59e34fdce9c68c37be8,content/en/docs/tasks/inject-data-application/define-environment-variable-via-file.md,1,0,1,1,OLD_ONLY,1,0,2.9957499355077744
answer,kubernetes,cross_staged,,1,sparse_staged,10,b0bc7de52f48b923bde8f567f8a58c7aa4e1ffad,content/en/docs/tutorials/kubernetes-basics/create-cluster/cluster-intro.md,1,0,1,1,OLD_ONLY,1,0,2.849559299647808
answer,kubernetes,cross_staged,,1,sparse_staged,11,152489ebf5efe70ad88a25f01faba14552d2c953,content/en/docs/setup/production-environment/container-runtimes.md,1,0,1,1,OLD_ONLY,1,0,2.6256293058395386
answer,kubernetes,cross_staged,,1,sparse_staged,12,e94b8926efca25bf711f4fa324c3658064691389,content/en/docs/tasks/debug/debug-application/debug-service.md,1,0,1,1,OLD_ONLY,1,0,2.9033953323960304
answer,kubernetes,cross_staged,,1,sparse_staged,13,c55865f28de688b69732418a823c5eac29ce42ff,content/en/docs/concepts/scheduling-eviction/resource-bin-packing.md,1,0,1,1,OLD_ONLY,1,0,2.5739436969161034
answer,kubernetes,cross_staged,,1,sparse_staged,14,893805d67799fe9d389624a047651c6149086614,content/en/docs/tasks/administer-cluster/certificates.md,1,0,1,1,OLD_ONLY,1,0,2.759382128715515
answer,kubernetes,cross_staged,,1,sparse_staged,15,b50bf20aa07b4d865d8ddaf4ba395ac8afd6126d,content/en/docs/contribute/style/hugo-shortcodes/index.md,1,0,1,1,OLD_ONLY,1,0,2.9602479189634323
answer,kubernetes,cross_staged,,1,sparse_staged,16,c37d57216103cd3473e82dc7b481bf5b34a1a197,content/en/docs/concepts/containers/runtime-class.md,1,0,1,1,OLD_ONLY,1,0,2.873368561267853
answer,kubernetes,cross_staged,,1,sparse_staged,17,9631a3e27addfcdd5c1b149147b7da85118e0cbf,content/en/docs/tasks/administer-cluster/topology-manager.md,1,0,1,1,OLD_ONLY,1,0,2.7458183467388153
answer,kubernetes,cross_staged,,1,sparse_staged,18,9ea55e8425f499774e0a96156e5f920e5d669825,content/en/docs/reference/access-authn-authz/certificate-signing-requests.md,1,0,1,1,OLD_ONLY,1,0,3.000047989189625
answer,kubernetes,cross_staged,,1,sparse_staged,19,80b85ff51d97577b13f08ddc4a37117ff44082c5,content/en/docs/reference/node/kubelet-sync-loop.md,1,0,1,1,OLD_ONLY,1,0,2.914026379585266
answer,kubernetes,cross_staged,,1,sparse_staged,20,9c0e34fff3a05acd195a63fb057cf7163252258f,content/en/docs/reference/command-line-tools-reference/kube-proxy.md,1,0,1,1,OLD_ONLY,1,0,2.7764709666371346
answer,kubernetes,cross_staged,,1,sparse_staged,21,6dc6c3a989c065ef570348e150e260291e5d670b,content/en/docs/concepts/scheduling-eviction/node-pressure-eviction.md,1,0,1,1,OLD_ONLY,1,0,2.8237234801054
answer,kubernetes,cross_staged,,1,sparse_staged,22,20f5f738fef864413316d55587661a323f439865,content/en/docs/reference/kubectl/introduction.md,1,0,1,1,OLD_ONLY,1,0,2.9835375025868416
answer,kubernetes,cross_staged,,1,sparse_staged,23,dc2fac362ae51ba81409fae648e3c87c4efef8e9,content/en/docs/concepts/scheduling-eviction/gang-scheduling.md,1,0,1,1,OLD_ONLY,1,0,2.8545381501317024
answer,kubernetes,cross_staged,,1,sparse_staged,24,e77da46210baf2e4f788b8ff1acf0c2522ffbcf6,content/en/docs/concepts/workloads/pods/_index.md,1,0,1,1,OLD_ONLY,1,0,2.6752082630991936
answer,kubernetes,cross_staged,,1,readiness_verified,0,1ed32985eae9c4d1a90c1865647b9703e20da886,content/en/docs/contribute/generate-ref-docs/config-api.md,1,0,1,1,OLD_ONLY,1,0,3.0676517635583878
answer,kubernetes,cross_staged,,1,readiness_verified,1,dad5f8753314e521716ae139d1fd886390fc08d3,content/en/docs/tasks/extend-kubernetes/configure-aggregation-layer.md,1,0,1,1,OLD_ONLY,1,0,2.8689634054899216
answer,kubernetes,cross_staged,,1,readiness_verified,2,4c086dd93b2ed0fdf361b1533eebd3a1217d50da,content/en/docs/contribute/generate-ref-docs/prerequisites-ref-docs.md,1,0,1,1,OLD_ONLY,1,0,2.8139930218458176
answer,kubernetes,cross_staged,,1,readiness_verified,3,787489f7a68e0601cdab37883dc461cc3725d7d1,content/en/docs/concepts/scheduling-eviction/topology-aware-scheduling.md,1,0,1,1,OLD_ONLY,1,0,2.8374576941132545
answer,kubernetes,cross_staged,,1,readiness_verified,4,63a45fdb9543ae9a2831aac08e1e99e6924796aa,content/en/docs/reference/node/what-happens-on-restart.md,1,0,1,1,OLD_ONLY,1,0,2.8347093611955643
answer,kubernetes,cross_staged,,1,readiness_verified,5,b3f516481aaaa9ad1b71a0a9cc31346c02ec348a,content/en/docs/concepts/overview/working-with-objects/annotations.md,1,0,1,1,OLD_ONLY,1,0,3.11124324798584
answer,kubernetes,cross_staged,,1,readiness_verified,6,9c67be5e1be7b60d2fc0bc09226abf739be72152,content/en/docs/concepts/configuration/manage-resources-containers.md,1,0,1,1,OLD_ONLY,1,0,2.9663285240530968
answer,kubernetes,cross_staged,,1,readiness_verified,7,7e01eaee123c18c295656cea5cd03886fcbd2cc5,content/en/docs/concepts/cluster-administration/node-autoscaling.md,1,0,1,1,OLD_ONLY,1,0,3.365715965628624
answer,kubernetes,cross_staged,,1,readiness_verified,8,7d6f80e5148219869055e2ec2acd63e971e7cf45,content/en/docs/concepts/cluster-administration/swap-memory-management.md,1,0,1,1,OLD_ONLY,1,0,3.420739434659481
answer,kubernetes,cross_staged,,1,readiness_verified,9,4cec4d7ece88b7eb5b04b59e34fdce9c68c37be8,content/en/docs/tasks/inject-data-application/define-environment-variable-via-file.md,1,0,1,1,OLD_ONLY,1,0,3.0109351500868797
answer,kubernetes,cross_staged,,1,readiness_verified,10,b0bc7de52f48b923bde8f567f8a58c7aa4e1ffad,content/en/docs/tutorials/kubernetes-basics/create-cluster/cluster-intro.md,1,0,1,1,OLD_ONLY,1,0,2.8976043686270714
answer,kubernetes,cross_staged,,1,readiness_verified,11,152489ebf5efe70ad88a25f01faba14552d2c953,content/en/docs/setup/production-environment/container-runtimes.md,1,0,1,1,OLD_ONLY,1,0,2.8059519827365875
answer,kubernetes,cross_staged,,1,readiness_verified,12,e94b8926efca25bf711f4fa324c3658064691389,content/en/docs/tasks/debug/debug-application/debug-service.md,1,0,1,1,OLD_ONLY,1,0,2.9168901965022087
answer,kubernetes,cross_staged,,1,readiness_verified,13,c55865f28de688b69732418a823c5eac29ce42ff,content/en/docs/concepts/scheduling-eviction/resource-bin-packing.md,1,0,1,1,OLD_ONLY,1,0,2.7537066489458084
answer,kubernetes,cross_staged,,1,readiness_verified,14,893805d67799fe9d389624a047651c6149086614,content/en/docs/tasks/administer-cluster/certificates.md,1,0,1,1,OLD_ONLY,1,0,2.7265241369605064
answer,kubernetes,cross_staged,,1,readiness_verified,15,b50bf20aa07b4d865d8ddaf4ba395ac8afd6126d,content/en/docs/contribute/style/hugo-shortcodes/index.md,1,0,1,1,OLD_ONLY,1,0,2.947172150015831
answer,kubernetes,cross_staged,,1,readiness_verified,16,c37d57216103cd3473e82dc7b481bf5b34a1a197,content/en/docs/concepts/containers/runtime-class.md,1,0,1,1,OLD_ONLY,1,0,2.547353506088257
answer,kubernetes,cross_staged,,1,readiness_verified,17,9631a3e27addfcdd5c1b149147b7da85118e0cbf,content/en/docs/tasks/administer-cluster/topology-manager.md,1,0,1,1,OLD_ONLY,1,0,2.7569597586989403
answer,kubernetes,cross_staged,,1,readiness_verified,18,9ea55e8425f499774e0a96156e5f920e5d669825,content/en/docs/reference/access-authn-authz/certificate-signing-requests.md,1,0,1,1,OLD_ONLY,1,0,2.790299244225025
answer,kubernetes,cross_staged,,1,readiness_verified,19,80b85ff51d97577b13f08ddc4a37117ff44082c5,content/en/docs/reference/node/kubelet-sync-loop.md,1,0,1,1,OLD_ONLY,1,0,2.8099454939365387
answer,kubernetes,cross_staged,,1,readiness_verified,20,9c0e34fff3a05acd195a63fb057cf7163252258f,content/en/docs/reference/command-line-tools-reference/kube-proxy.md,1,0,1,1,OLD_ONLY,1,0,2.847929485142231
answer,kubernetes,cross_staged,,1,readiness_verified,21,6dc6c3a989c065ef570348e150e260291e5d670b,content/en/docs/concepts/scheduling-eviction/node-pressure-eviction.md,1,0,1,1,OLD_ONLY,1,0,2.6978906244039536
answer,kubernetes,cross_staged,,1,readiness_verified,22,20f5f738fef864413316d55587661a323f439865,content/en/docs/reference/kubectl/introduction.md,1,0,1,1,OLD_ONLY,1,0,2.8967130929231644
answer,kubernetes,cross_staged,,1,readiness_verified,23,dc2fac362ae51ba81409fae648e3c87c4efef8e9,content/en/docs/concepts/scheduling-eviction/gang-scheduling.md,1,0,1,1,OLD_ONLY,1,0,2.898923121392727
answer,kubernetes,cross_staged,,1,readiness_verified,24,e77da46210baf2e4f788b8ff1acf0c2522ffbcf6,content/en/docs/concepts/workloads/pods/_index.md,1,0,1,1,OLD_ONLY,1,0,2.8620678931474686
answer,kubernetes,cross_staged,,1,manifest_published,0,1ed32985eae9c4d1a90c1865647b9703e20da886,content/en/docs/contribute/generate-ref-docs/config-api.md,2,0,2,2,NEW_ONLY,1,1,3.5121189430356026
answer,kubernetes,cross_staged,,1,manifest_published,1,dad5f8753314e521716ae139d1fd886390fc08d3,content/en/docs/tasks/extend-kubernetes/configure-aggregation-layer.md,2,0,2,2,NEW_ONLY,1,1,2.8541050851345062
answer,kubernetes,cross_staged,,1,manifest_published,2,4c086dd93b2ed0fdf361b1533eebd3a1217d50da,content/en/docs/contribute/generate-ref-docs/prerequisites-ref-docs.md,2,0,2,2,NEW_ONLY,1,1,3.099611960351467
answer,kubernetes,cross_staged,,1,manifest_published,3,787489f7a68e0601cdab37883dc461cc3725d7d1,content/en/docs/concepts/scheduling-eviction/topology-aware-scheduling.md,2,0,2,2,NEW_ONLY,1,1,2.876846119761467
answer,kubernetes,cross_staged,,1,manifest_published,4,63a45fdb9543ae9a2831aac08e1e99e6924796aa,content/en/docs/reference/node/what-happens-on-restart.md,2,0,2,2,NEW_ONLY,1,1,3.0203573405742645
answer,kubernetes,cross_staged,,1,manifest_published,5,b3f516481aaaa9ad1b71a0a9cc31346c02ec348a,content/en/docs/concepts/overview/working-with-objects/annotations.md,2,0,2,2,NEW_ONLY,1,1,2.981465309858322
answer,kubernetes,cross_staged,,1,manifest_published,6,9c67be5e1be7b60d2fc0bc09226abf739be72152,content/en/docs/concepts/configuration/manage-resources-containers.md,2,0,2,2,NEW_ONLY,1,1,2.8509749099612236
answer,kubernetes,cross_staged,,1,manifest_published,7,7e01eaee123c18c295656cea5cd03886fcbd2cc5,content/en/docs/concepts/cluster-administration/node-autoscaling.md,2,0,2,2,NEW_ONLY,1,1,2.9874928295612335
answer,kubernetes,cross_staged,,1,manifest_published,8,7d6f80e5148219869055e2ec2acd63e971e7cf45,content/en/docs/concepts/cluster-administration/swap-memory-management.md,2,0,2,2,NEW_ONLY,1,1,3.1608901917934418
answer,kubernetes,cross_staged,,1,manifest_published,9,4cec4d7ece88b7eb5b04b59e34fdce9c68c37be8,content/en/docs/tasks/inject-data-application/define-environment-variable-via-file.md,2,0,2,2,NEW_ONLY,1,1,3.0241021886467934
answer,kubernetes,cross_staged,,1,manifest_published,10,b0bc7de52f48b923bde8f567f8a58c7aa4e1ffad,content/en/docs/tutorials/kubernetes-basics/create-cluster/cluster-intro.md,2,0,2,2,NEW_ONLY,1,1,3.8305288180708885
answer,kubernetes,cross_staged,,1,manifest_published,11,152489ebf5efe70ad88a25f01faba14552d2c953,content/en/docs/setup/production-environment/container-runtimes.md,2,0,2,2,NEW_ONLY,1,1,3.022450953722
answer,kubernetes,cross_staged,,1,manifest_published,12,e94b8926efca25bf711f4fa324c3658064691389,content/en/docs/tasks/debug/debug-application/debug-service.md,2,0,2,2,NEW_ONLY,1,1,2.911423332989216
answer,kubernetes,cross_staged,,1,manifest_published,13,c55865f28de688b69732418a823c5eac29ce42ff,content/en/docs/concepts/scheduling-eviction/resource-bin-packing.md,2,0,2,2,NEW_ONLY,1,1,2.879736013710499
answer,kubernetes,cross_staged,,1,manifest_published,14,893805d67799fe9d389624a047651c6149086614,content/en/docs/tasks/administer-cluster/certificates.md,2,0,2,2,NEW_ONLY,1,1,2.9308833181858063
answer,kubernetes,cross_staged,,1,manifest_published,15,b50bf20aa07b4d865d8ddaf4ba395ac8afd6126d,content/en/docs/contribute/style/hugo-shortcodes/index.md,2,0,2,2,NEW_ONLY,1,1,2.802071161568165
answer,kubernetes,cross_staged,,1,manifest_published,16,c37d57216103cd3473e82dc7b481bf5b34a1a197,content/en/docs/concepts/containers/runtime-class.md,2,0,2,2,NEW_ONLY,1,1,2.7199769392609596
answer,kubernetes,cross_staged,,1,manifest_published,17,9631a3e27addfcdd5c1b149147b7da85118e0cbf,content/en/docs/tasks/administer-cluster/topology-manager.md,2,0,2,2,NEW_ONLY,1,1,2.7818987146019936
answer,kubernetes,cross_staged,,1,manifest_published,18,9ea55e8425f499774e0a96156e5f920e5d669825,content/en/docs/reference/access-authn-authz/certificate-signing-requests.md,2,0,2,2,NEW_ONLY,1,1,2.6567308232188225
answer,kubernetes,cross_staged,,1,manifest_published,19,80b85ff51d97577b13f08ddc4a37117ff44082c5,content/en/docs/reference/node/kubelet-sync-loop.md,2,0,2,2,NEW_ONLY,1,1,2.9239505529403687
answer,kubernetes,cross_staged,,1,manifest_published,20,9c0e34fff3a05acd195a63fb057cf7163252258f,content/en/docs/reference/command-line-tools-reference/kube-proxy.md,2,0,2,2,NEW_ONLY,1,1,3.1919684261083603
answer,kubernetes,cross_staged,,1,manifest_published,21,6dc6c3a989c065ef570348e150e260291e5d670b,content/en/docs/concepts/scheduling-eviction/node-pressure-eviction.md,2,0,2,2,NEW_ONLY,1,1,3.0003907158970833
answer,kubernetes,cross_staged,,1,manifest_published,22,20f5f738fef864413316d55587661a323f439865,content/en/docs/reference/kubectl/introduction.md,2,0,2,2,NEW_ONLY,1,1,2.9560988768935204
answer,kubernetes,cross_staged,,1,manifest_published,23,dc2fac362ae51ba81409fae648e3c87c4efef8e9,content/en/docs/concepts/scheduling-eviction/gang-scheduling.md,2,0,2,2,NEW_ONLY,1,1,2.9832394793629646
answer,kubernetes,cross_staged,,1,manifest_published,24,e77da46210baf2e4f788b8ff1acf0c2522ffbcf6,content/en/docs/concepts/workloads/pods/_index.md,2,0,2,2,NEW_ONLY,1,1,2.992803230881691
answer,kubernetes,cross_staged,,1,old_version_gc,0,1ed32985eae9c4d1a90c1865647b9703e20da886,content/en/docs/contribute/generate-ref-docs/config-api.md,2,0,2,2,NEW_ONLY,1,1,3.1767208129167557
answer,kubernetes,cross_staged,,1,old_version_gc,1,dad5f8753314e521716ae139d1fd886390fc08d3,content/en/docs/tasks/extend-kubernetes/configure-aggregation-layer.md,2,0,2,2,NEW_ONLY,1,1,2.8931787237524986
answer,kubernetes,cross_staged,,1,old_version_gc,2,4c086dd93b2ed0fdf361b1533eebd3a1217d50da,content/en/docs/contribute/generate-ref-docs/prerequisites-ref-docs.md,2,0,2,2,NEW_ONLY,1,1,2.7805883437395096
answer,kubernetes,cross_staged,,1,old_version_gc,3,787489f7a68e0601cdab37883dc461cc3725d7d1,content/en/docs/concepts/scheduling-eviction/topology-aware-scheduling.md,2,0,2,2,NEW_ONLY,1,1,2.6474902406334877
answer,kubernetes,cross_staged,,1,old_version_gc,4,63a45fdb9543ae9a2831aac08e1e99e6924796aa,content/en/docs/reference/node/what-happens-on-restart.md,2,0,2,2,NEW_ONLY,1,1,12.856343761086464
answer,kubernetes,cross_staged,,1,old_version_gc,5,b3f516481aaaa9ad1b71a0a9cc31346c02ec348a,content/en/docs/concepts/overview/working-with-objects/annotations.md,2,0,2,2,NEW_ONLY,1,1,2.8710253536701202
answer,kubernetes,cross_staged,,1,old_version_gc,6,9c67be5e1be7b60d2fc0bc09226abf739be72152,content/en/docs/concepts/configuration/manage-resources-containers.md,2,0,2,2,NEW_ONLY,1,1,3.0652889981865883
answer,kubernetes,cross_staged,,1,old_version_gc,7,7e01eaee123c18c295656cea5cd03886fcbd2cc5,content/en/docs/concepts/cluster-administration/node-autoscaling.md,2,0,2,2,NEW_ONLY,1,1,3.0660154297947884
answer,kubernetes,cross_staged,,1,old_version_gc,8,7d6f80e5148219869055e2ec2acd63e971e7cf45,content/en/docs/concepts/cluster-administration/swap-memory-management.md,2,0,2,2,NEW_ONLY,1,1,2.8676148504018784
answer,kubernetes,cross_staged,,1,old_version_gc,9,4cec4d7ece88b7eb5b04b59e34fdce9c68c37be8,content/en/docs/tasks/inject-data-application/define-environment-variable-via-file.md,2,0,2,2,NEW_ONLY,1,1,3.0211182311177254
answer,kubernetes,cross_staged,,1,old_version_gc,10,b0bc7de52f48b923bde8f567f8a58c7aa4e1ffad,content/en/docs/tutorials/kubernetes-basics/create-cluster/cluster-intro.md,2,0,2,2,NEW_ONLY,1,1,2.8111739084124565
answer,kubernetes,cross_staged,,1,old_version_gc,11,152489ebf5efe70ad88a25f01faba14552d2c953,content/en/docs/setup/production-environment/container-runtimes.md,2,0,2,2,NEW_ONLY,1,1,3.54937557131052
answer,kubernetes,cross_staged,,1,old_version_gc,12,e94b8926efca25bf711f4fa324c3658064691389,content/en/docs/tasks/debug/debug-application/debug-service.md,2,0,2,2,NEW_ONLY,1,1,3.461800515651703
answer,kubernetes,cross_staged,,1,old_version_gc,13,c55865f28de688b69732418a823c5eac29ce42ff,content/en/docs/concepts/scheduling-eviction/resource-bin-packing.md,2,0,2,2,NEW_ONLY,1,1,3.060012124478817
answer,kubernetes,cross_staged,,1,old_version_gc,14,893805d67799fe9d389624a047651c6149086614,content/en/docs/tasks/administer-cluster/certificates.md,2,0,2,2,NEW_ONLY,1,1,3.1694425269961357
answer,kubernetes,cross_staged,,1,old_version_gc,15,b50bf20aa07b4d865d8ddaf4ba395ac8afd6126d,content/en/docs/contribute/style/hugo-shortcodes/index.md,2,0,2,2,NEW_ONLY,1,1,2.7949493378400803
answer,kubernetes,cross_staged,,1,old_version_gc,16,c37d57216103cd3473e82dc7b481bf5b34a1a197,content/en/docs/concepts/containers/runtime-class.md,2,0,2,2,NEW_ONLY,1,1,2.8079431504011154
answer,kubernetes,cross_staged,,1,old_version_gc,17,9631a3e27addfcdd5c1b149147b7da85118e0cbf,content/en/docs/tasks/administer-cluster/topology-manager.md,2,0,2,2,NEW_ONLY,1,1,2.634124830365181
answer,kubernetes,cross_staged,,1,old_version_gc,18,9ea55e8425f499774e0a96156e5f920e5d669825,content/en/docs/reference/access-authn-authz/certificate-signing-requests.md,2,0,2,2,NEW_ONLY,1,1,2.7922047302126884
answer,kubernetes,cross_staged,,1,old_version_gc,19,80b85ff51d97577b13f08ddc4a37117ff44082c5,content/en/docs/reference/node/kubelet-sync-loop.md,2,0,2,2,NEW_ONLY,1,1,2.9157260432839394
answer,kubernetes,cross_staged,,1,old_version_gc,20,9c0e34fff3a05acd195a63fb057cf7163252258f,content/en/docs/reference/command-line-tools-reference/kube-proxy.md,2,0,2,2,NEW_ONLY,1,1,2.772727981209755
answer,kubernetes,cross_staged,,1,old_version_gc,21,6dc6c3a989c065ef570348e150e260291e5d670b,content/en/docs/concepts/scheduling-eviction/node-pressure-eviction.md,2,0,2,2,NEW_ONLY,1,1,2.758610062301159
answer,kubernetes,cross_staged,,1,old_version_gc,22,20f5f738fef864413316d55587661a323f439865,content/en/docs/reference/kubectl/introduction.md,2,0,2,2,NEW_ONLY,1,1,2.8267521411180496
answer,kubernetes,cross_staged,,1,old_version_gc,23,dc2fac362ae51ba81409fae648e3c87c4efef8e9,content/en/docs/concepts/scheduling-eviction/gang-scheduling.md,2,0,2,2,NEW_ONLY,1,1,2.8249556198716164
answer,kubernetes,cross_staged,,1,old_version_gc,24,e77da46210baf2e4f788b8ff1acf0c2522ffbcf6,content/en/docs/concepts/workloads/pods/_index.md,2,0,2,2,NEW_ONLY,1,1,2.968559041619301
answer,kubernetes,cross_staged,,2,initial,0,1ed32985eae9c4d1a90c1865647b9703e20da886,content/en/docs/contribute/generate-ref-docs/config-api.md,1,0,1,1,OLD_ONLY,1,0,60.809352435171604
answer,kubernetes,cross_staged,,2,initial,1,dad5f8753314e521716ae139d1fd886390fc08d3,content/en/docs/tasks/extend-kubernetes/configure-aggregation-layer.md,1,0,1,1,OLD_ONLY,1,0,3.2742228358983994
answer,kubernetes,cross_staged,,2,initial,2,4c086dd93b2ed0fdf361b1533eebd3a1217d50da,content/en/docs/contribute/generate-ref-docs/prerequisites-ref-docs.md,1,0,1,1,OLD_ONLY,1,0,3.226053901016712
answer,kubernetes,cross_staged,,2,initial,3,787489f7a68e0601cdab37883dc461cc3725d7d1,content/en/docs/concepts/scheduling-eviction/topology-aware-scheduling.md,1,0,1,1,OLD_ONLY,1,0,3.0937036499381065
answer,kubernetes,cross_staged,,2,initial,4,63a45fdb9543ae9a2831aac08e1e99e6924796aa,content/en/docs/reference/node/what-happens-on-restart.md,1,0,1,1,OLD_ONLY,1,0,3.0889948830008507
answer,kubernetes,cross_staged,,2,initial,5,b3f516481aaaa9ad1b71a0a9cc31346c02ec348a,content/en/docs/concepts/overview/working-with-objects/annotations.md,1,0,1,1,OLD_ONLY,1,0,3.5032182931900024
answer,kubernetes,cross_staged,,2,initial,6,9c67be5e1be7b60d2fc0bc09226abf739be72152,content/en/docs/concepts/configuration/manage-resources-containers.md,1,0,1,1,OLD_ONLY,1,0,3.9841728284955025
answer,kubernetes,cross_staged,,2,initial,7,7e01eaee123c18c295656cea5cd03886fcbd2cc5,content/en/docs/concepts/cluster-administration/node-autoscaling.md,1,0,1,1,OLD_ONLY,1,0,2.817937172949314
answer,kubernetes,cross_staged,,2,initial,8,7d6f80e5148219869055e2ec2acd63e971e7cf45,content/en/docs/concepts/cluster-administration/swap-memory-management.md,1,0,1,1,OLD_ONLY,1,0,2.8812894597649574
answer,kubernetes,cross_staged,,2,initial,9,4cec4d7ece88b7eb5b04b59e34fdce9c68c37be8,content/en/docs/tasks/inject-data-application/define-environment-variable-via-file.md,1,0,1,1,OLD_ONLY,1,0,3.3825915306806564
answer,kubernetes,cross_staged,,2,initial,10,b0bc7de52f48b923bde8f567f8a58c7aa4e1ffad,content/en/docs/tutorials/kubernetes-basics/create-cluster/cluster-intro.md,1,0,1,1,OLD_ONLY,1,0,3.0114520341157913
answer,kubernetes,cross_staged,,2,initial,11,152489ebf5efe70ad88a25f01faba14552d2c953,content/en/docs/setup/production-environment/container-runtimes.md,1,0,1,1,OLD_ONLY,1,0,2.8564147651195526
answer,kubernetes,cross_staged,,2,initial,12,e94b8926efca25bf711f4fa324c3658064691389,content/en/docs/tasks/debug/debug-application/debug-service.md,1,0,1,1,OLD_ONLY,1,0,3.0589839443564415
answer,kubernetes,cross_staged,,2,initial,13,c55865f28de688b69732418a823c5eac29ce42ff,content/en/docs/concepts/scheduling-eviction/resource-bin-packing.md,1,0,1,1,OLD_ONLY,1,0,2.79860757291317
answer,kubernetes,cross_staged,,2,initial,14,893805d67799fe9d389624a047651c6149086614,content/en/docs/tasks/administer-cluster/certificates.md,1,0,1,1,OLD_ONLY,1,0,2.742122858762741
answer,kubernetes,cross_staged,,2,initial,15,b50bf20aa07b4d865d8ddaf4ba395ac8afd6126d,content/en/docs/contribute/style/hugo-shortcodes/index.md,1,0,1,1,OLD_ONLY,1,0,2.9601790010929108
answer,kubernetes,cross_staged,,2,initial,16,c37d57216103cd3473e82dc7b481bf5b34a1a197,content/en/docs/concepts/containers/runtime-class.md,1,0,1,1,OLD_ONLY,1,0,3.1466493383049965
answer,kubernetes,cross_staged,,2,initial,17,9631a3e27addfcdd5c1b149147b7da85118e0cbf,content/en/docs/tasks/administer-cluster/topology-manager.md,1,0,1,1,OLD_ONLY,1,0,2.813735045492649
answer,kubernetes,cross_staged,,2,initial,18,9ea55e8425f499774e0a96156e5f920e5d669825,content/en/docs/reference/access-authn-authz/certificate-signing-requests.md,1,0,1,1,OLD_ONLY,1,0,2.785562537610531
answer,kubernetes,cross_staged,,2,initial,19,80b85ff51d97577b13f08ddc4a37117ff44082c5,content/en/docs/reference/node/kubelet-sync-loop.md,1,0,1,1,OLD_ONLY,1,0,2.597144804894924
answer,kubernetes,cross_staged,,2,initial,20,9c0e34fff3a05acd195a63fb057cf7163252258f,content/en/docs/reference/command-line-tools-reference/kube-proxy.md,1,0,1,1,OLD_ONLY,1,0,2.7333013713359833
answer,kubernetes,cross_staged,,2,initial,21,6dc6c3a989c065ef570348e150e260291e5d670b,content/en/docs/concepts/scheduling-eviction/node-pressure-eviction.md,1,0,1,1,OLD_ONLY,1,0,2.631385810673237
answer,kubernetes,cross_staged,,2,initial,22,20f5f738fef864413316d55587661a323f439865,content/en/docs/reference/kubectl/introduction.md,1,0,1,1,OLD_ONLY,1,0,2.871094271540642
answer,kubernetes,cross_staged,,2,initial,23,dc2fac362ae51ba81409fae648e3c87c4efef8e9,content/en/docs/concepts/scheduling-eviction/gang-scheduling.md,1,0,1,1,OLD_ONLY,1,0,2.6242826133966446
answer,kubernetes,cross_staged,,2,initial,24,e77da46210baf2e4f788b8ff1acf0c2522ffbcf6,content/en/docs/concepts/workloads/pods/_index.md,1,0,1,1,OLD_ONLY,1,0,2.6359930634498596
answer,kubernetes,cross_staged,,2,dense_staged,0,1ed32985eae9c4d1a90c1865647b9703e20da886,content/en/docs/contribute/generate-ref-docs/config-api.md,1,0,1,1,OLD_ONLY,1,0,2.9380517080426216
answer,kubernetes,cross_staged,,2,dense_staged,1,dad5f8753314e521716ae139d1fd886390fc08d3,content/en/docs/tasks/extend-kubernetes/configure-aggregation-layer.md,1,0,1,1,OLD_ONLY,1,0,2.962576225399971
answer,kubernetes,cross_staged,,2,dense_staged,2,4c086dd93b2ed0fdf361b1533eebd3a1217d50da,content/en/docs/contribute/generate-ref-docs/prerequisites-ref-docs.md,1,0,1,1,OLD_ONLY,1,0,2.798733301460743
answer,kubernetes,cross_staged,,2,dense_staged,3,787489f7a68e0601cdab37883dc461cc3725d7d1,content/en/docs/concepts/scheduling-eviction/topology-aware-scheduling.md,1,0,1,1,OLD_ONLY,1,0,2.9013026505708694
answer,kubernetes,cross_staged,,2,dense_staged,4,63a45fdb9543ae9a2831aac08e1e99e6924796aa,content/en/docs/reference/node/what-happens-on-restart.md,1,0,1,1,OLD_ONLY,1,0,2.8410740196704865
answer,kubernetes,cross_staged,,2,dense_staged,5,b3f516481aaaa9ad1b71a0a9cc31346c02ec348a,content/en/docs/concepts/overview/working-with-objects/annotations.md,1,0,1,1,OLD_ONLY,1,0,2.6283981278538704
answer,kubernetes,cross_staged,,2,dense_staged,6,9c67be5e1be7b60d2fc0bc09226abf739be72152,content/en/docs/concepts/configuration/manage-resources-containers.md,1,0,1,1,OLD_ONLY,1,0,2.8867125511169434
answer,kubernetes,cross_staged,,2,dense_staged,7,7e01eaee123c18c295656cea5cd03886fcbd2cc5,content/en/docs/concepts/cluster-administration/node-autoscaling.md,1,0,1,1,OLD_ONLY,1,0,2.790341153740883
answer,kubernetes,cross_staged,,2,dense_staged,8,7d6f80e5148219869055e2ec2acd63e971e7cf45,content/en/docs/concepts/cluster-administration/swap-memory-management.md,1,0,1,1,OLD_ONLY,1,0,2.8607938438653946
answer,kubernetes,cross_staged,,2,dense_staged,9,4cec4d7ece88b7eb5b04b59e34fdce9c68c37be8,content/en/docs/tasks/inject-data-application/define-environment-variable-via-file.md,1,0,1,1,OLD_ONLY,1,0,3.0594952404499054
answer,kubernetes,cross_staged,,2,dense_staged,10,b0bc7de52f48b923bde8f567f8a58c7aa4e1ffad,content/en/docs/tutorials/kubernetes-basics/create-cluster/cluster-intro.md,1,0,1,1,OLD_ONLY,1,0,2.741570584475994
answer,kubernetes,cross_staged,,2,dense_staged,11,152489ebf5efe70ad88a25f01faba14552d2c953,content/en/docs/setup/production-environment/container-runtimes.md,1,0,1,1,OLD_ONLY,1,0,2.739247865974903
answer,kubernetes,cross_staged,,2,dense_staged,12,e94b8926efca25bf711f4fa324c3658064691389,content/en/docs/tasks/debug/debug-application/debug-service.md,1,0,1,1,OLD_ONLY,1,0,2.8657177463173866
answer,kubernetes,cross_staged,,2,dense_staged,13,c55865f28de688b69732418a823c5eac29ce42ff,content/en/docs/concepts/scheduling-eviction/resource-bin-packing.md,1,0,1,1,OLD_ONLY,1,0,2.8273621574044228
answer,kubernetes,cross_staged,,2,dense_staged,14,893805d67799fe9d389624a047651c6149086614,content/en/docs/tasks/administer-cluster/certificates.md,1,0,1,1,OLD_ONLY,1,0,2.7429619804024696
answer,kubernetes,cross_staged,,2,dense_staged,15,b50bf20aa07b4d865d8ddaf4ba395ac8afd6126d,content/en/docs/contribute/style/hugo-shortcodes/index.md,1,0,1,1,OLD_ONLY,1,0,3.486189991235733
answer,kubernetes,cross_staged,,2,dense_staged,16,c37d57216103cd3473e82dc7b481bf5b34a1a197,content/en/docs/concepts/containers/runtime-class.md,1,0,1,1,OLD_ONLY,1,0,2.8405962511897087
answer,kubernetes,cross_staged,,2,dense_staged,17,9631a3e27addfcdd5c1b149147b7da85118e0cbf,content/en/docs/tasks/administer-cluster/topology-manager.md,1,0,1,1,OLD_ONLY,1,0,2.6087723672389984
answer,kubernetes,cross_staged,,2,dense_staged,18,9ea55e8425f499774e0a96156e5f920e5d669825,content/en/docs/reference/access-authn-authz/certificate-signing-requests.md,1,0,1,1,OLD_ONLY,1,0,2.8575388714671135
answer,kubernetes,cross_staged,,2,dense_staged,19,80b85ff51d97577b13f08ddc4a37117ff44082c5,content/en/docs/reference/node/kubelet-sync-loop.md,1,0,1,1,OLD_ONLY,1,0,2.711785025894642
answer,kubernetes,cross_staged,,2,dense_staged,20,9c0e34fff3a05acd195a63fb057cf7163252258f,content/en/docs/reference/command-line-tools-reference/kube-proxy.md,1,0,1,1,OLD_ONLY,1,0,2.568610943853855
answer,kubernetes,cross_staged,,2,dense_staged,21,6dc6c3a989c065ef570348e150e260291e5d670b,content/en/docs/concepts/scheduling-eviction/node-pressure-eviction.md,1,0,1,1,OLD_ONLY,1,0,2.8507737442851067
answer,kubernetes,cross_staged,,2,dense_staged,22,20f5f738fef864413316d55587661a323f439865,content/en/docs/reference/kubectl/introduction.md,1,0,1,1,OLD_ONLY,1,0,2.9598837718367577
answer,kubernetes,cross_staged,,2,dense_staged,23,dc2fac362ae51ba81409fae648e3c87c4efef8e9,content/en/docs/concepts/scheduling-eviction/gang-scheduling.md,1,0,1,1,OLD_ONLY,1,0,2.904432825744152
answer,kubernetes,cross_staged,,2,dense_staged,24,e77da46210baf2e4f788b8ff1acf0c2522ffbcf6,content/en/docs/concepts/workloads/pods/_index.md,1,0,1,1,OLD_ONLY,1,0,2.80890055000782
answer,kubernetes,cross_staged,,2,sparse_staged,0,1ed32985eae9c4d1a90c1865647b9703e20da886,content/en/docs/contribute/generate-ref-docs/config-api.md,1,0,1,1,OLD_ONLY,1,0,3.0260328203439713
answer,kubernetes,cross_staged,,2,sparse_staged,1,dad5f8753314e521716ae139d1fd886390fc08d3,content/en/docs/tasks/extend-kubernetes/configure-aggregation-layer.md,1,0,1,1,OLD_ONLY,1,0,2.7671921998262405
answer,kubernetes,cross_staged,,2,sparse_staged,2,4c086dd93b2ed0fdf361b1533eebd3a1217d50da,content/en/docs/contribute/generate-ref-docs/prerequisites-ref-docs.md,1,0,1,1,OLD_ONLY,1,0,2.77563463896513
answer,kubernetes,cross_staged,,2,sparse_staged,3,787489f7a68e0601cdab37883dc461cc3725d7d1,content/en/docs/concepts/scheduling-eviction/topology-aware-scheduling.md,1,0,1,1,OLD_ONLY,1,0,2.6801489293575287
answer,kubernetes,cross_staged,,2,sparse_staged,4,63a45fdb9543ae9a2831aac08e1e99e6924796aa,content/en/docs/reference/node/what-happens-on-restart.md,1,0,1,1,OLD_ONLY,1,0,3.023015335202217
answer,kubernetes,cross_staged,,2,sparse_staged,5,b3f516481aaaa9ad1b71a0a9cc31346c02ec348a,content/en/docs/concepts/overview/working-with-objects/annotations.md,1,0,1,1,OLD_ONLY,1,0,2.9392149299383163
answer,kubernetes,cross_staged,,2,sparse_staged,6,9c67be5e1be7b60d2fc0bc09226abf739be72152,content/en/docs/concepts/configuration/manage-resources-containers.md,1,0,1,1,OLD_ONLY,1,0,2.987077459692955
answer,kubernetes,cross_staged,,2,sparse_staged,7,7e01eaee123c18c295656cea5cd03886fcbd2cc5,content/en/docs/concepts/cluster-administration/node-autoscaling.md,1,0,1,1,OLD_ONLY,1,0,2.7607325464487076
answer,kubernetes,cross_staged,,2,sparse_staged,8,7d6f80e5148219869055e2ec2acd63e971e7cf45,content/en/docs/concepts/cluster-administration/swap-memory-management.md,1,0,1,1,OLD_ONLY,1,0,2.6195254176855087
answer,kubernetes,cross_staged,,2,sparse_staged,9,4cec4d7ece88b7eb5b04b59e34fdce9c68c37be8,content/en/docs/tasks/inject-data-application/define-environment-variable-via-file.md,1,0,1,1,OLD_ONLY,1,0,2.6237312704324722
answer,kubernetes,cross_staged,,2,sparse_staged,10,b0bc7de52f48b923bde8f567f8a58c7aa4e1ffad,content/en/docs/tutorials/kubernetes-basics/create-cluster/cluster-intro.md,1,0,1,1,OLD_ONLY,1,0,2.8590504080057144
answer,kubernetes,cross_staged,,2,sparse_staged,11,152489ebf5efe70ad88a25f01faba14552d2c953,content/en/docs/setup/production-environment/container-runtimes.md,1,0,1,1,OLD_ONLY,1,0,2.6583708822727203
answer,kubernetes,cross_staged,,2,sparse_staged,12,e94b8926efca25bf711f4fa324c3658064691389,content/en/docs/tasks/debug/debug-application/debug-service.md,1,0,1,1,OLD_ONLY,1,0,2.757779322564602
answer,kubernetes,cross_staged,,2,sparse_staged,13,c55865f28de688b69732418a823c5eac29ce42ff,content/en/docs/concepts/scheduling-eviction/resource-bin-packing.md,1,0,1,1,OLD_ONLY,1,0,2.8494251891970634
answer,kubernetes,cross_staged,,2,sparse_staged,14,893805d67799fe9d389624a047651c6149086614,content/en/docs/tasks/administer-cluster/certificates.md,1,0,1,1,OLD_ONLY,1,0,3.111541271209717
answer,kubernetes,cross_staged,,2,sparse_staged,15,b50bf20aa07b4d865d8ddaf4ba395ac8afd6126d,content/en/docs/contribute/style/hugo-shortcodes/index.md,1,0,1,1,OLD_ONLY,1,0,2.8457986190915108
answer,kubernetes,cross_staged,,2,sparse_staged,16,c37d57216103cd3473e82dc7b481bf5b34a1a197,content/en/docs/concepts/containers/runtime-class.md,1,0,1,1,OLD_ONLY,1,0,2.9905978590250015
answer,kubernetes,cross_staged,,2,sparse_staged,17,9631a3e27addfcdd5c1b149147b7da85118e0cbf,content/en/docs/tasks/administer-cluster/topology-manager.md,1,0,1,1,OLD_ONLY,1,0,2.9173241928219795
answer,kubernetes,cross_staged,,2,sparse_staged,18,9ea55e8425f499774e0a96156e5f920e5d669825,content/en/docs/reference/access-authn-authz/certificate-signing-requests.md,1,0,1,1,OLD_ONLY,1,0,2.9394878074526787
answer,kubernetes,cross_staged,,2,sparse_staged,19,80b85ff51d97577b13f08ddc4a37117ff44082c5,content/en/docs/reference/node/kubelet-sync-loop.md,1,0,1,1,OLD_ONLY,1,0,2.90116760879755
answer,kubernetes,cross_staged,,2,sparse_staged,20,9c0e34fff3a05acd195a63fb057cf7163252258f,content/en/docs/reference/command-line-tools-reference/kube-proxy.md,1,0,1,1,OLD_ONLY,1,0,2.81537976115942
answer,kubernetes,cross_staged,,2,sparse_staged,21,6dc6c3a989c065ef570348e150e260291e5d670b,content/en/docs/concepts/scheduling-eviction/node-pressure-eviction.md,1,0,1,1,OLD_ONLY,1,0,2.593100070953369
answer,kubernetes,cross_staged,,2,sparse_staged,22,20f5f738fef864413316d55587661a323f439865,content/en/docs/reference/kubectl/introduction.md,1,0,1,1,OLD_ONLY,1,0,2.783767879009247
answer,kubernetes,cross_staged,,2,sparse_staged,23,dc2fac362ae51ba81409fae648e3c87c4efef8e9,content/en/docs/concepts/scheduling-eviction/gang-scheduling.md,1,0,1,1,OLD_ONLY,1,0,3.189348615705967
answer,kubernetes,cross_staged,,2,sparse_staged,24,e77da46210baf2e4f788b8ff1acf0c2522ffbcf6,content/en/docs/concepts/workloads/pods/_index.md,1,0,1,1,OLD_ONLY,1,0,3.60918790102005
answer,kubernetes,cross_staged,,2,readiness_verified,0,1ed32985eae9c4d1a90c1865647b9703e20da886,content/en/docs/contribute/generate-ref-docs/config-api.md,1,0,1,1,OLD_ONLY,1,0,3.073430620133877
answer,kubernetes,cross_staged,,2,readiness_verified,1,dad5f8753314e521716ae139d1fd886390fc08d3,content/en/docs/tasks/extend-kubernetes/configure-aggregation-layer.md,1,0,1,1,OLD_ONLY,1,0,2.8513576835393906
answer,kubernetes,cross_staged,,2,readiness_verified,2,4c086dd93b2ed0fdf361b1533eebd3a1217d50da,content/en/docs/contribute/generate-ref-docs/prerequisites-ref-docs.md,1,0,1,1,OLD_ONLY,1,0,2.952014096081257
answer,kubernetes,cross_staged,,2,readiness_verified,3,787489f7a68e0601cdab37883dc461cc3725d7d1,content/en/docs/concepts/scheduling-eviction/topology-aware-scheduling.md,1,0,1,1,OLD_ONLY,1,0,2.8192540630698204
answer,kubernetes,cross_staged,,2,readiness_verified,4,63a45fdb9543ae9a2831aac08e1e99e6924796aa,content/en/docs/reference/node/what-happens-on-restart.md,1,0,1,1,OLD_ONLY,1,0,2.8051938861608505
answer,kubernetes,cross_staged,,2,readiness_verified,5,b3f516481aaaa9ad1b71a0a9cc31346c02ec348a,content/en/docs/concepts/overview/working-with-objects/annotations.md,1,0,1,1,OLD_ONLY,1,0,3.0202921479940414
answer,kubernetes,cross_staged,,2,readiness_verified,6,9c67be5e1be7b60d2fc0bc09226abf739be72152,content/en/docs/concepts/configuration/manage-resources-containers.md,1,0,1,1,OLD_ONLY,1,0,2.623562701046467
answer,kubernetes,cross_staged,,2,readiness_verified,7,7e01eaee123c18c295656cea5cd03886fcbd2cc5,content/en/docs/concepts/cluster-administration/node-autoscaling.md,1,0,1,1,OLD_ONLY,1,0,2.9326453804969788
answer,kubernetes,cross_staged,,2,readiness_verified,8,7d6f80e5148219869055e2ec2acd63e971e7cf45,content/en/docs/concepts/cluster-administration/swap-memory-management.md,1,0,1,1,OLD_ONLY,1,0,2.8505483642220497
answer,kubernetes,cross_staged,,2,readiness_verified,9,4cec4d7ece88b7eb5b04b59e34fdce9c68c37be8,content/en/docs/tasks/inject-data-application/define-environment-variable-via-file.md,1,0,1,1,OLD_ONLY,1,0,2.8175264596939087
answer,kubernetes,cross_staged,,2,readiness_verified,10,b0bc7de52f48b923bde8f567f8a58c7aa4e1ffad,content/en/docs/tutorials/kubernetes-basics/create-cluster/cluster-intro.md,1,0,1,1,OLD_ONLY,1,0,2.6804106310009956
answer,kubernetes,cross_staged,,2,readiness_verified,11,152489ebf5efe70ad88a25f01faba14552d2c953,content/en/docs/setup/production-environment/container-runtimes.md,1,0,1,1,OLD_ONLY,1,0,2.74824071675539
answer,kubernetes,cross_staged,,2,readiness_verified,12,e94b8926efca25bf711f4fa324c3658064691389,content/en/docs/tasks/debug/debug-application/debug-service.md,1,0,1,1,OLD_ONLY,1,0,2.8481893241405487
answer,kubernetes,cross_staged,,2,readiness_verified,13,c55865f28de688b69732418a823c5eac29ce42ff,content/en/docs/concepts/scheduling-eviction/resource-bin-packing.md,1,0,1,1,OLD_ONLY,1,0,2.8815697878599167
answer,kubernetes,cross_staged,,2,readiness_verified,14,893805d67799fe9d389624a047651c6149086614,content/en/docs/tasks/administer-cluster/certificates.md,1,0,1,1,OLD_ONLY,1,0,2.849060110747814
answer,kubernetes,cross_staged,,2,readiness_verified,15,b50bf20aa07b4d865d8ddaf4ba395ac8afd6126d,content/en/docs/contribute/style/hugo-shortcodes/index.md,1,0,1,1,OLD_ONLY,1,0,2.818410284817219
answer,kubernetes,cross_staged,,2,readiness_verified,16,c37d57216103cd3473e82dc7b481bf5b34a1a197,content/en/docs/concepts/containers/runtime-class.md,1,0,1,1,OLD_ONLY,1,0,2.6616696268320084
answer,kubernetes,cross_staged,,2,readiness_verified,17,9631a3e27addfcdd5c1b149147b7da85118e0cbf,content/en/docs/tasks/administer-cluster/topology-manager.md,1,0,1,1,OLD_ONLY,1,0,3.209116868674755
answer,kubernetes,cross_staged,,2,readiness_verified,18,9ea55e8425f499774e0a96156e5f920e5d669825,content/en/docs/reference/access-authn-authz/certificate-signing-requests.md,1,0,1,1,OLD_ONLY,1,0,2.782951109111309
answer,kubernetes,cross_staged,,2,readiness_verified,19,80b85ff51d97577b13f08ddc4a37117ff44082c5,content/en/docs/reference/node/kubelet-sync-loop.md,1,0,1,1,OLD_ONLY,1,0,2.9084114357829094
answer,kubernetes,cross_staged,,2,readiness_verified,20,9c0e34fff3a05acd195a63fb057cf7163252258f,content/en/docs/reference/command-line-tools-reference/kube-proxy.md,1,0,1,1,OLD_ONLY,1,0,2.8072837740182877
answer,kubernetes,cross_staged,,2,readiness_verified,21,6dc6c3a989c065ef570348e150e260291e5d670b,content/en/docs/concepts/scheduling-eviction/node-pressure-eviction.md,1,0,1,1,OLD_ONLY,1,0,2.8315577656030655
answer,kubernetes,cross_staged,,2,readiness_verified,22,20f5f738fef864413316d55587661a323f439865,content/en/docs/reference/kubectl/introduction.md,1,0,1,1,OLD_ONLY,1,0,2.971387468278408
answer,kubernetes,cross_staged,,2,readiness_verified,23,dc2fac362ae51ba81409fae648e3c87c4efef8e9,content/en/docs/concepts/scheduling-eviction/gang-scheduling.md,1,0,1,1,OLD_ONLY,1,0,2.764657139778137
answer,kubernetes,cross_staged,,2,readiness_verified,24,e77da46210baf2e4f788b8ff1acf0c2522ffbcf6,content/en/docs/concepts/workloads/pods/_index.md,1,0,1,1,OLD_ONLY,1,0,2.6158224791288376
answer,kubernetes,cross_staged,,2,manifest_published,0,1ed32985eae9c4d1a90c1865647b9703e20da886,content/en/docs/contribute/generate-ref-docs/config-api.md,2,0,2,2,NEW_ONLY,1,1,2.863798290491104
answer,kubernetes,cross_staged,,2,manifest_published,1,dad5f8753314e521716ae139d1fd886390fc08d3,content/en/docs/tasks/extend-kubernetes/configure-aggregation-layer.md,2,0,2,2,NEW_ONLY,1,1,2.8664786368608475
answer,kubernetes,cross_staged,,2,manifest_published,2,4c086dd93b2ed0fdf361b1533eebd3a1217d50da,content/en/docs/contribute/generate-ref-docs/prerequisites-ref-docs.md,2,0,2,2,NEW_ONLY,1,1,3.1205853447318077
answer,kubernetes,cross_staged,,2,manifest_published,3,787489f7a68e0601cdab37883dc461cc3725d7d1,content/en/docs/concepts/scheduling-eviction/topology-aware-scheduling.md,2,0,2,2,NEW_ONLY,1,1,2.7156388387084007
answer,kubernetes,cross_staged,,2,manifest_published,4,63a45fdb9543ae9a2831aac08e1e99e6924796aa,content/en/docs/reference/node/what-happens-on-restart.md,2,0,2,2,NEW_ONLY,1,1,3.1392332166433334
answer,kubernetes,cross_staged,,2,manifest_published,5,b3f516481aaaa9ad1b71a0a9cc31346c02ec348a,content/en/docs/concepts/overview/working-with-objects/annotations.md,2,0,2,2,NEW_ONLY,1,1,3.03705595433712
answer,kubernetes,cross_staged,,2,manifest_published,6,9c67be5e1be7b60d2fc0bc09226abf739be72152,content/en/docs/concepts/configuration/manage-resources-containers.md,2,0,2,2,NEW_ONLY,1,1,2.767168916761875
answer,kubernetes,cross_staged,,2,manifest_published,7,7e01eaee123c18c295656cea5cd03886fcbd2cc5,content/en/docs/concepts/cluster-administration/node-autoscaling.md,2,0,2,2,NEW_ONLY,1,1,2.6734350249171257
answer,kubernetes,cross_staged,,2,manifest_published,8,7d6f80e5148219869055e2ec2acd63e971e7cf45,content/en/docs/concepts/cluster-administration/swap-memory-management.md,2,0,2,2,NEW_ONLY,1,1,2.7442192658782005
answer,kubernetes,cross_staged,,2,manifest_published,9,4cec4d7ece88b7eb5b04b59e34fdce9c68c37be8,content/en/docs/tasks/inject-data-application/define-environment-variable-via-file.md,2,0,2,2,NEW_ONLY,1,1,2.8126193210482597
answer,kubernetes,cross_staged,,2,manifest_published,10,b0bc7de52f48b923bde8f567f8a58c7aa4e1ffad,content/en/docs/tutorials/kubernetes-basics/create-cluster/cluster-intro.md,2,0,2,2,NEW_ONLY,1,1,2.7840370312333107
answer,kubernetes,cross_staged,,2,manifest_published,11,152489ebf5efe70ad88a25f01faba14552d2c953,content/en/docs/setup/production-environment/container-runtimes.md,2,0,2,2,NEW_ONLY,1,1,2.7998480945825577
answer,kubernetes,cross_staged,,2,manifest_published,12,e94b8926efca25bf711f4fa324c3658064691389,content/en/docs/tasks/debug/debug-application/debug-service.md,2,0,2,2,NEW_ONLY,1,1,2.909889444708824
answer,kubernetes,cross_staged,,2,manifest_published,13,c55865f28de688b69732418a823c5eac29ce42ff,content/en/docs/concepts/scheduling-eviction/resource-bin-packing.md,2,0,2,2,NEW_ONLY,1,1,2.791810780763626
answer,kubernetes,cross_staged,,2,manifest_published,14,893805d67799fe9d389624a047651c6149086614,content/en/docs/tasks/administer-cluster/certificates.md,2,0,2,2,NEW_ONLY,1,1,2.551684156060219
answer,kubernetes,cross_staged,,2,manifest_published,15,b50bf20aa07b4d865d8ddaf4ba395ac8afd6126d,content/en/docs/contribute/style/hugo-shortcodes/index.md,2,0,2,2,NEW_ONLY,1,1,2.634800970554352
answer,kubernetes,cross_staged,,2,manifest_published,16,c37d57216103cd3473e82dc7b481bf5b34a1a197,content/en/docs/concepts/containers/runtime-class.md,2,0,2,2,NEW_ONLY,1,1,2.6206467300653458
answer,kubernetes,cross_staged,,2,manifest_published,17,9631a3e27addfcdd5c1b149147b7da85118e0cbf,content/en/docs/tasks/administer-cluster/topology-manager.md,2,0,2,2,NEW_ONLY,1,1,2.6008952409029007
answer,kubernetes,cross_staged,,2,manifest_published,18,9ea55e8425f499774e0a96156e5f920e5d669825,content/en/docs/reference/access-authn-authz/certificate-signing-requests.md,2,0,2,2,NEW_ONLY,1,1,2.415408380329609
answer,kubernetes,cross_staged,,2,manifest_published,19,80b85ff51d97577b13f08ddc4a37117ff44082c5,content/en/docs/reference/node/kubelet-sync-loop.md,2,0,2,2,NEW_ONLY,1,1,2.6351818814873695
answer,kubernetes,cross_staged,,2,manifest_published,20,9c0e34fff3a05acd195a63fb057cf7163252258f,content/en/docs/reference/command-line-tools-reference/kube-proxy.md,2,0,2,2,NEW_ONLY,1,1,2.5498373433947563
answer,kubernetes,cross_staged,,2,manifest_published,21,6dc6c3a989c065ef570348e150e260291e5d670b,content/en/docs/concepts/scheduling-eviction/node-pressure-eviction.md,2,0,2,2,NEW_ONLY,1,1,2.76939757168293
answer,kubernetes,cross_staged,,2,manifest_published,22,20f5f738fef864413316d55587661a323f439865,content/en/docs/reference/kubectl/introduction.md,2,0,2,2,NEW_ONLY,1,1,3.0000805854797363
answer,kubernetes,cross_staged,,2,manifest_published,23,dc2fac362ae51ba81409fae648e3c87c4efef8e9,content/en/docs/concepts/scheduling-eviction/gang-scheduling.md,2,0,2,2,NEW_ONLY,1,1,2.922113984823227
answer,kubernetes,cross_staged,,2,manifest_published,24,e77da46210baf2e4f788b8ff1acf0c2522ffbcf6,content/en/docs/concepts/workloads/pods/_index.md,2,0,2,2,NEW_ONLY,1,1,3.0784914270043373
answer,kubernetes,cross_staged,,2,old_version_gc,0,1ed32985eae9c4d1a90c1865647b9703e20da886,content/en/docs/contribute/generate-ref-docs/config-api.md,2,0,2,2,NEW_ONLY,1,1,3.083101473748684
answer,kubernetes,cross_staged,,2,old_version_gc,1,dad5f8753314e521716ae139d1fd886390fc08d3,content/en/docs/tasks/extend-kubernetes/configure-aggregation-layer.md,2,0,2,2,NEW_ONLY,1,1,2.8218384832143784
answer,kubernetes,cross_staged,,2,old_version_gc,2,4c086dd93b2ed0fdf361b1533eebd3a1217d50da,content/en/docs/contribute/generate-ref-docs/prerequisites-ref-docs.md,2,0,2,2,NEW_ONLY,1,1,2.773825079202652
answer,kubernetes,cross_staged,,2,old_version_gc,3,787489f7a68e0601cdab37883dc461cc3725d7d1,content/en/docs/concepts/scheduling-eviction/topology-aware-scheduling.md,2,0,2,2,NEW_ONLY,1,1,2.5806725025177
answer,kubernetes,cross_staged,,2,old_version_gc,4,63a45fdb9543ae9a2831aac08e1e99e6924796aa,content/en/docs/reference/node/what-happens-on-restart.md,2,0,2,2,NEW_ONLY,1,1,2.7678748592734337
answer,kubernetes,cross_staged,,2,old_version_gc,5,b3f516481aaaa9ad1b71a0a9cc31346c02ec348a,content/en/docs/concepts/overview/working-with-objects/annotations.md,2,0,2,2,NEW_ONLY,1,1,2.8964634984731674
answer,kubernetes,cross_staged,,2,old_version_gc,6,9c67be5e1be7b60d2fc0bc09226abf739be72152,content/en/docs/concepts/configuration/manage-resources-containers.md,2,0,2,2,NEW_ONLY,1,1,2.9771635308861732
answer,kubernetes,cross_staged,,2,old_version_gc,7,7e01eaee123c18c295656cea5cd03886fcbd2cc5,content/en/docs/concepts/cluster-administration/node-autoscaling.md,2,0,2,2,NEW_ONLY,1,1,2.913971431553364
answer,kubernetes,cross_staged,,2,old_version_gc,8,7d6f80e5148219869055e2ec2acd63e971e7cf45,content/en/docs/concepts/cluster-administration/swap-memory-management.md,2,0,2,2,NEW_ONLY,1,1,2.932235598564148
answer,kubernetes,cross_staged,,2,old_version_gc,9,4cec4d7ece88b7eb5b04b59e34fdce9c68c37be8,content/en/docs/tasks/inject-data-application/define-environment-variable-via-file.md,2,0,2,2,NEW_ONLY,1,1,2.837027423083782
answer,kubernetes,cross_staged,,2,old_version_gc,10,b0bc7de52f48b923bde8f567f8a58c7aa4e1ffad,content/en/docs/tutorials/kubernetes-basics/create-cluster/cluster-intro.md,2,0,2,2,NEW_ONLY,1,1,2.8926804661750793
answer,kubernetes,cross_staged,,2,old_version_gc,11,152489ebf5efe70ad88a25f01faba14552d2c953,content/en/docs/setup/production-environment/container-runtimes.md,2,0,2,2,NEW_ONLY,1,1,2.697632648050785
answer,kubernetes,cross_staged,,2,old_version_gc,12,e94b8926efca25bf711f4fa324c3658064691389,content/en/docs/tasks/debug/debug-application/debug-service.md,2,0,2,2,NEW_ONLY,1,1,2.866748720407486
answer,kubernetes,cross_staged,,2,old_version_gc,13,c55865f28de688b69732418a823c5eac29ce42ff,content/en/docs/concepts/scheduling-eviction/resource-bin-packing.md,2,0,2,2,NEW_ONLY,1,1,6.967912428081036
answer,kubernetes,cross_staged,,2,old_version_gc,14,893805d67799fe9d389624a047651c6149086614,content/en/docs/tasks/administer-cluster/certificates.md,2,0,2,2,NEW_ONLY,1,1,3.1238431110978127
answer,kubernetes,cross_staged,,2,old_version_gc,15,b50bf20aa07b4d865d8ddaf4ba395ac8afd6126d,content/en/docs/contribute/style/hugo-shortcodes/index.md,2,0,2,2,NEW_ONLY,1,1,2.875802107155323
answer,kubernetes,cross_staged,,2,old_version_gc,16,c37d57216103cd3473e82dc7b481bf5b34a1a197,content/en/docs/concepts/containers/runtime-class.md,2,0,2,2,NEW_ONLY,1,1,3.0235908925533295
answer,kubernetes,cross_staged,,2,old_version_gc,17,9631a3e27addfcdd5c1b149147b7da85118e0cbf,content/en/docs/tasks/administer-cluster/topology-manager.md,2,0,2,2,NEW_ONLY,1,1,2.778715454041958
answer,kubernetes,cross_staged,,2,old_version_gc,18,9ea55e8425f499774e0a96156e5f920e5d669825,content/en/docs/reference/access-authn-authz/certificate-signing-requests.md,2,0,2,2,NEW_ONLY,1,1,2.8922203928232193
answer,kubernetes,cross_staged,,2,old_version_gc,19,80b85ff51d97577b13f08ddc4a37117ff44082c5,content/en/docs/reference/node/kubelet-sync-loop.md,2,0,2,2,NEW_ONLY,1,1,2.9908502474427223
answer,kubernetes,cross_staged,,2,old_version_gc,20,9c0e34fff3a05acd195a63fb057cf7163252258f,content/en/docs/reference/command-line-tools-reference/kube-proxy.md,2,0,2,2,NEW_ONLY,1,1,2.7388781309127808
answer,kubernetes,cross_staged,,2,old_version_gc,21,6dc6c3a989c065ef570348e150e260291e5d670b,content/en/docs/concepts/scheduling-eviction/node-pressure-eviction.md,2,0,2,2,NEW_ONLY,1,1,2.8582867234945297
answer,kubernetes,cross_staged,,2,old_version_gc,22,20f5f738fef864413316d55587661a323f439865,content/en/docs/reference/kubectl/introduction.md,2,0,2,2,NEW_ONLY,1,1,2.815387211740017
answer,kubernetes,cross_staged,,2,old_version_gc,23,dc2fac362ae51ba81409fae648e3c87c4efef8e9,content/en/docs/concepts/scheduling-eviction/gang-scheduling.md,2,0,2,2,NEW_ONLY,1,1,2.706608735024929
answer,kubernetes,cross_staged,,2,old_version_gc,24,e77da46210baf2e4f788b8ff1acf0c2522ffbcf6,content/en/docs/concepts/workloads/pods/_index.md,2,0,2,2,NEW_ONLY,1,1,2.7996040880680084
answer,kubernetes,pg_atomic,,0,initial,0,1ed32985eae9c4d1a90c1865647b9703e20da886,content/en/docs/contribute/generate-ref-docs/config-api.md,1,0,1,1,OLD_ONLY,1,0,10.970350354909897
answer,kubernetes,pg_atomic,,0,initial,1,dad5f8753314e521716ae139d1fd886390fc08d3,content/en/docs/tasks/extend-kubernetes/configure-aggregation-layer.md,1,0,1,1,OLD_ONLY,1,0,1.7581135034561157
answer,kubernetes,pg_atomic,,0,initial,2,4c086dd93b2ed0fdf361b1533eebd3a1217d50da,content/en/docs/contribute/generate-ref-docs/prerequisites-ref-docs.md,1,0,1,1,OLD_ONLY,1,0,1.4581689611077309
answer,kubernetes,pg_atomic,,0,initial,3,787489f7a68e0601cdab37883dc461cc3725d7d1,content/en/docs/concepts/scheduling-eviction/topology-aware-scheduling.md,1,0,1,1,OLD_ONLY,1,0,1.3705985620617867
answer,kubernetes,pg_atomic,,0,initial,4,63a45fdb9543ae9a2831aac08e1e99e6924796aa,content/en/docs/reference/node/what-happens-on-restart.md,1,0,1,1,OLD_ONLY,1,0,1.2234654277563095
answer,kubernetes,pg_atomic,,0,initial,5,b3f516481aaaa9ad1b71a0a9cc31346c02ec348a,content/en/docs/concepts/overview/working-with-objects/annotations.md,1,0,1,1,OLD_ONLY,1,0,1.6787676140666008
answer,kubernetes,pg_atomic,,0,initial,6,9c67be5e1be7b60d2fc0bc09226abf739be72152,content/en/docs/concepts/configuration/manage-resources-containers.md,1,0,1,1,OLD_ONLY,1,0,1.3709086924791336
answer,kubernetes,pg_atomic,,0,initial,7,7e01eaee123c18c295656cea5cd03886fcbd2cc5,content/en/docs/concepts/cluster-administration/node-autoscaling.md,1,0,1,1,OLD_ONLY,1,0,1.08394306153059
answer,kubernetes,pg_atomic,,0,initial,8,7d6f80e5148219869055e2ec2acd63e971e7cf45,content/en/docs/concepts/cluster-administration/swap-memory-management.md,1,0,1,1,OLD_ONLY,1,0,1.1648517102003098
answer,kubernetes,pg_atomic,,0,initial,9,4cec4d7ece88b7eb5b04b59e34fdce9c68c37be8,content/en/docs/tasks/inject-data-application/define-environment-variable-via-file.md,1,0,1,1,OLD_ONLY,1,0,1.1250721290707588
answer,kubernetes,pg_atomic,,0,initial,10,b0bc7de52f48b923bde8f567f8a58c7aa4e1ffad,content/en/docs/tutorials/kubernetes-basics/create-cluster/cluster-intro.md,1,0,1,1,OLD_ONLY,1,0,1.2801922857761383
answer,kubernetes,pg_atomic,,0,initial,11,152489ebf5efe70ad88a25f01faba14552d2c953,content/en/docs/setup/production-environment/container-runtimes.md,1,0,1,1,OLD_ONLY,1,0,0.9839907288551331
answer,kubernetes,pg_atomic,,0,initial,12,e94b8926efca25bf711f4fa324c3658064691389,content/en/docs/tasks/debug/debug-application/debug-service.md,1,0,1,1,OLD_ONLY,1,0,0.8411025628447533
answer,kubernetes,pg_atomic,,0,initial,13,c55865f28de688b69732418a823c5eac29ce42ff,content/en/docs/concepts/scheduling-eviction/resource-bin-packing.md,1,0,1,1,OLD_ONLY,1,0,0.8652703836560249
answer,kubernetes,pg_atomic,,0,initial,14,893805d67799fe9d389624a047651c6149086614,content/en/docs/tasks/administer-cluster/certificates.md,1,0,1,1,OLD_ONLY,1,0,0.82378089427948
answer,kubernetes,pg_atomic,,0,initial,15,b50bf20aa07b4d865d8ddaf4ba395ac8afd6126d,content/en/docs/contribute/style/hugo-shortcodes/index.md,1,0,1,1,OLD_ONLY,1,0,0.8166488260030746
answer,kubernetes,pg_atomic,,0,initial,16,c37d57216103cd3473e82dc7b481bf5b34a1a197,content/en/docs/concepts/containers/runtime-class.md,1,0,1,1,OLD_ONLY,1,0,0.8997954428195953
answer,kubernetes,pg_atomic,,0,initial,17,9631a3e27addfcdd5c1b149147b7da85118e0cbf,content/en/docs/tasks/administer-cluster/topology-manager.md,1,0,1,1,OLD_ONLY,1,0,0.8254749700427055
answer,kubernetes,pg_atomic,,0,initial,18,9ea55e8425f499774e0a96156e5f920e5d669825,content/en/docs/reference/access-authn-authz/certificate-signing-requests.md,1,0,1,1,OLD_ONLY,1,0,0.8226307108998299
answer,kubernetes,pg_atomic,,0,initial,19,80b85ff51d97577b13f08ddc4a37117ff44082c5,content/en/docs/reference/node/kubelet-sync-loop.md,1,0,1,1,OLD_ONLY,1,0,0.9459033608436584
answer,kubernetes,pg_atomic,,0,initial,20,9c0e34fff3a05acd195a63fb057cf7163252258f,content/en/docs/reference/command-line-tools-reference/kube-proxy.md,1,0,1,1,OLD_ONLY,1,0,0.8866153657436371
answer,kubernetes,pg_atomic,,0,initial,21,6dc6c3a989c065ef570348e150e260291e5d670b,content/en/docs/concepts/scheduling-eviction/node-pressure-eviction.md,1,0,1,1,OLD_ONLY,1,0,0.7962016388773918
answer,kubernetes,pg_atomic,,0,initial,22,20f5f738fef864413316d55587661a323f439865,content/en/docs/reference/kubectl/introduction.md,1,0,1,1,OLD_ONLY,1,0,0.8327728137373924
answer,kubernetes,pg_atomic,,0,initial,23,dc2fac362ae51ba81409fae648e3c87c4efef8e9,content/en/docs/concepts/scheduling-eviction/gang-scheduling.md,1,0,1,1,OLD_ONLY,1,0,0.7581114768981934
answer,kubernetes,pg_atomic,,0,initial,24,e77da46210baf2e4f788b8ff1acf0c2522ffbcf6,content/en/docs/concepts/workloads/pods/_index.md,1,0,1,1,OLD_ONLY,1,0,0.7837535813450813
answer,kubernetes,pg_atomic,,0,transaction_committed,0,1ed32985eae9c4d1a90c1865647b9703e20da886,content/en/docs/contribute/generate-ref-docs/config-api.md,2,0,2,2,NEW_ONLY,1,1,1.8250541761517525
answer,kubernetes,pg_atomic,,0,transaction_committed,1,dad5f8753314e521716ae139d1fd886390fc08d3,content/en/docs/tasks/extend-kubernetes/configure-aggregation-layer.md,2,0,2,2,NEW_ONLY,1,1,1.2065460905432701
answer,kubernetes,pg_atomic,,0,transaction_committed,2,4c086dd93b2ed0fdf361b1533eebd3a1217d50da,content/en/docs/contribute/generate-ref-docs/prerequisites-ref-docs.md,2,0,2,2,NEW_ONLY,1,1,0.8589848875999451
answer,kubernetes,pg_atomic,,0,transaction_committed,3,787489f7a68e0601cdab37883dc461cc3725d7d1,content/en/docs/concepts/scheduling-eviction/topology-aware-scheduling.md,2,0,2,2,NEW_ONLY,1,1,0.7754089310765266
answer,kubernetes,pg_atomic,,0,transaction_committed,4,63a45fdb9543ae9a2831aac08e1e99e6924796aa,content/en/docs/reference/node/what-happens-on-restart.md,2,0,2,2,NEW_ONLY,1,1,1.0145585983991623
answer,kubernetes,pg_atomic,,0,transaction_committed,5,b3f516481aaaa9ad1b71a0a9cc31346c02ec348a,content/en/docs/concepts/overview/working-with-objects/annotations.md,2,0,2,2,NEW_ONLY,1,1,1.9774176180362701
answer,kubernetes,pg_atomic,,0,transaction_committed,6,9c67be5e1be7b60d2fc0bc09226abf739be72152,content/en/docs/concepts/configuration/manage-resources-containers.md,2,0,2,2,NEW_ONLY,1,1,1.2390092015266418
answer,kubernetes,pg_atomic,,0,transaction_committed,7,7e01eaee123c18c295656cea5cd03886fcbd2cc5,content/en/docs/concepts/cluster-administration/node-autoscaling.md,2,0,2,2,NEW_ONLY,1,1,0.9539825841784477
answer,kubernetes,pg_atomic,,0,transaction_committed,8,7d6f80e5148219869055e2ec2acd63e971e7cf45,content/en/docs/concepts/cluster-administration/swap-memory-management.md,2,0,2,2,NEW_ONLY,1,1,0.8861655369400978
answer,kubernetes,pg_atomic,,0,transaction_committed,9,4cec4d7ece88b7eb5b04b59e34fdce9c68c37be8,content/en/docs/tasks/inject-data-application/define-environment-variable-via-file.md,2,0,2,2,NEW_ONLY,1,1,0.8541308343410492
answer,kubernetes,pg_atomic,,0,transaction_committed,10,b0bc7de52f48b923bde8f567f8a58c7aa4e1ffad,content/en/docs/tutorials/kubernetes-basics/create-cluster/cluster-intro.md,2,0,2,2,NEW_ONLY,1,1,0.8037500083446503
answer,kubernetes,pg_atomic,,0,transaction_committed,11,152489ebf5efe70ad88a25f01faba14552d2c953,content/en/docs/setup/production-environment/container-runtimes.md,2,0,2,2,NEW_ONLY,1,1,0.8020317181944847
answer,kubernetes,pg_atomic,,0,transaction_committed,12,e94b8926efca25bf711f4fa324c3658064691389,content/en/docs/tasks/debug/debug-application/debug-service.md,2,0,2,2,NEW_ONLY,1,1,0.7954053580760956
answer,kubernetes,pg_atomic,,0,transaction_committed,13,c55865f28de688b69732418a823c5eac29ce42ff,content/en/docs/concepts/scheduling-eviction/resource-bin-packing.md,2,0,2,2,NEW_ONLY,1,1,0.862940214574337
answer,kubernetes,pg_atomic,,0,transaction_committed,14,893805d67799fe9d389624a047651c6149086614,content/en/docs/tasks/administer-cluster/certificates.md,2,0,2,2,NEW_ONLY,1,1,0.7857000455260277
answer,kubernetes,pg_atomic,,0,transaction_committed,15,b50bf20aa07b4d865d8ddaf4ba395ac8afd6126d,content/en/docs/contribute/style/hugo-shortcodes/index.md,2,0,2,2,NEW_ONLY,1,1,0.7874723523855209
answer,kubernetes,pg_atomic,,0,transaction_committed,16,c37d57216103cd3473e82dc7b481bf5b34a1a197,content/en/docs/concepts/containers/runtime-class.md,2,0,2,2,NEW_ONLY,1,1,0.7918933406472206
answer,kubernetes,pg_atomic,,0,transaction_committed,17,9631a3e27addfcdd5c1b149147b7da85118e0cbf,content/en/docs/tasks/administer-cluster/topology-manager.md,2,0,2,2,NEW_ONLY,1,1,0.8208835497498512
answer,kubernetes,pg_atomic,,0,transaction_committed,18,9ea55e8425f499774e0a96156e5f920e5d669825,content/en/docs/reference/access-authn-authz/certificate-signing-requests.md,2,0,2,2,NEW_ONLY,1,1,1.0699313133955002
answer,kubernetes,pg_atomic,,0,transaction_committed,19,80b85ff51d97577b13f08ddc4a37117ff44082c5,content/en/docs/reference/node/kubelet-sync-loop.md,2,0,2,2,NEW_ONLY,1,1,0.8805571123957634
answer,kubernetes,pg_atomic,,0,transaction_committed,20,9c0e34fff3a05acd195a63fb057cf7163252258f,content/en/docs/reference/command-line-tools-reference/kube-proxy.md,2,0,2,2,NEW_ONLY,1,1,0.8132802322506905
answer,kubernetes,pg_atomic,,0,transaction_committed,21,6dc6c3a989c065ef570348e150e260291e5d670b,content/en/docs/concepts/scheduling-eviction/node-pressure-eviction.md,2,0,2,2,NEW_ONLY,1,1,1.1469246819615364
answer,kubernetes,pg_atomic,,0,transaction_committed,22,20f5f738fef864413316d55587661a323f439865,content/en/docs/reference/kubectl/introduction.md,2,0,2,2,NEW_ONLY,1,1,1.392061822116375
answer,kubernetes,pg_atomic,,0,transaction_committed,23,dc2fac362ae51ba81409fae648e3c87c4efef8e9,content/en/docs/concepts/scheduling-eviction/gang-scheduling.md,2,0,2,2,NEW_ONLY,1,1,1.145409420132637
answer,kubernetes,pg_atomic,,0,transaction_committed,24,e77da46210baf2e4f788b8ff1acf0c2522ffbcf6,content/en/docs/concepts/workloads/pods/_index.md,2,0,2,2,NEW_ONLY,1,1,1.0257074609398842
answer,kubernetes,pg_atomic,,1,initial,0,1ed32985eae9c4d1a90c1865647b9703e20da886,content/en/docs/contribute/generate-ref-docs/config-api.md,1,0,1,1,OLD_ONLY,1,0,10.86312998086214
answer,kubernetes,pg_atomic,,1,initial,1,dad5f8753314e521716ae139d1fd886390fc08d3,content/en/docs/tasks/extend-kubernetes/configure-aggregation-layer.md,1,0,1,1,OLD_ONLY,1,0,1.874839887022972
answer,kubernetes,pg_atomic,,1,initial,2,4c086dd93b2ed0fdf361b1533eebd3a1217d50da,content/en/docs/contribute/generate-ref-docs/prerequisites-ref-docs.md,1,0,1,1,OLD_ONLY,1,0,1.5361243858933449
answer,kubernetes,pg_atomic,,1,initial,3,787489f7a68e0601cdab37883dc461cc3725d7d1,content/en/docs/concepts/scheduling-eviction/topology-aware-scheduling.md,1,0,1,1,OLD_ONLY,1,0,1.3184044510126114
answer,kubernetes,pg_atomic,,1,initial,4,63a45fdb9543ae9a2831aac08e1e99e6924796aa,content/en/docs/reference/node/what-happens-on-restart.md,1,0,1,1,OLD_ONLY,1,0,1.280161552131176
answer,kubernetes,pg_atomic,,1,initial,5,b3f516481aaaa9ad1b71a0a9cc31346c02ec348a,content/en/docs/concepts/overview/working-with-objects/annotations.md,1,0,1,1,OLD_ONLY,1,0,1.9060950726270676
answer,kubernetes,pg_atomic,,1,initial,6,9c67be5e1be7b60d2fc0bc09226abf739be72152,content/en/docs/concepts/configuration/manage-resources-containers.md,1,0,1,1,OLD_ONLY,1,0,1.0952893644571304
answer,kubernetes,pg_atomic,,1,initial,7,7e01eaee123c18c295656cea5cd03886fcbd2cc5,content/en/docs/concepts/cluster-administration/node-autoscaling.md,1,0,1,1,OLD_ONLY,1,0,0.9872820228338242
answer,kubernetes,pg_atomic,,1,initial,8,7d6f80e5148219869055e2ec2acd63e971e7cf45,content/en/docs/concepts/cluster-administration/swap-memory-management.md,1,0,1,1,OLD_ONLY,1,0,1.1404193937778473
answer,kubernetes,pg_atomic,,1,initial,9,4cec4d7ece88b7eb5b04b59e34fdce9c68c37be8,content/en/docs/tasks/inject-data-application/define-environment-variable-via-file.md,1,0,1,1,OLD_ONLY,1,0,1.304631121456623
answer,kubernetes,pg_atomic,,1,initial,10,b0bc7de52f48b923bde8f567f8a58c7aa4e1ffad,content/en/docs/tutorials/kubernetes-basics/create-cluster/cluster-intro.md,1,0,1,1,OLD_ONLY,1,0,1.3786088675260544
answer,kubernetes,pg_atomic,,1,initial,11,152489ebf5efe70ad88a25f01faba14552d2c953,content/en/docs/setup/production-environment/container-runtimes.md,1,0,1,1,OLD_ONLY,1,0,1.1252788826823235
answer,kubernetes,pg_atomic,,1,initial,12,e94b8926efca25bf711f4fa324c3658064691389,content/en/docs/tasks/debug/debug-application/debug-service.md,1,0,1,1,OLD_ONLY,1,0,0.9252643212676048
answer,kubernetes,pg_atomic,,1,initial,13,c55865f28de688b69732418a823c5eac29ce42ff,content/en/docs/concepts/scheduling-eviction/resource-bin-packing.md,1,0,1,1,OLD_ONLY,1,0,0.7797181606292725
answer,kubernetes,pg_atomic,,1,initial,14,893805d67799fe9d389624a047651c6149086614,content/en/docs/tasks/administer-cluster/certificates.md,1,0,1,1,OLD_ONLY,1,0,0.7810937240719795
answer,kubernetes,pg_atomic,,1,initial,15,b50bf20aa07b4d865d8ddaf4ba395ac8afd6126d,content/en/docs/contribute/style/hugo-shortcodes/index.md,1,0,1,1,OLD_ONLY,1,0,0.7788967341184616
answer,kubernetes,pg_atomic,,1,initial,16,c37d57216103cd3473e82dc7b481bf5b34a1a197,content/en/docs/concepts/containers/runtime-class.md,1,0,1,1,OLD_ONLY,1,0,1.1052340269088745
answer,kubernetes,pg_atomic,,1,initial,17,9631a3e27addfcdd5c1b149147b7da85118e0cbf,content/en/docs/tasks/administer-cluster/topology-manager.md,1,0,1,1,OLD_ONLY,1,0,0.9759711101651192
answer,kubernetes,pg_atomic,,1,initial,18,9ea55e8425f499774e0a96156e5f920e5d669825,content/en/docs/reference/access-authn-authz/certificate-signing-requests.md,1,0,1,1,OLD_ONLY,1,0,0.8060960099101067
answer,kubernetes,pg_atomic,,1,initial,19,80b85ff51d97577b13f08ddc4a37117ff44082c5,content/en/docs/reference/node/kubelet-sync-loop.md,1,0,1,1,OLD_ONLY,1,0,0.8520334959030151
answer,kubernetes,pg_atomic,,1,initial,20,9c0e34fff3a05acd195a63fb057cf7163252258f,content/en/docs/reference/command-line-tools-reference/kube-proxy.md,1,0,1,1,OLD_ONLY,1,0,0.9371861815452576
answer,kubernetes,pg_atomic,,1,initial,21,6dc6c3a989c065ef570348e150e260291e5d670b,content/en/docs/concepts/scheduling-eviction/node-pressure-eviction.md,1,0,1,1,OLD_ONLY,1,0,0.80088060349226
answer,kubernetes,pg_atomic,,1,initial,22,20f5f738fef864413316d55587661a323f439865,content/en/docs/reference/kubectl/introduction.md,1,0,1,1,OLD_ONLY,1,0,1.8688766285777092
answer,kubernetes,pg_atomic,,1,initial,23,dc2fac362ae51ba81409fae648e3c87c4efef8e9,content/en/docs/concepts/scheduling-eviction/gang-scheduling.md,1,0,1,1,OLD_ONLY,1,0,1.0652728378772736
answer,kubernetes,pg_atomic,,1,initial,24,e77da46210baf2e4f788b8ff1acf0c2522ffbcf6,content/en/docs/concepts/workloads/pods/_index.md,1,0,1,1,OLD_ONLY,1,0,0.8102720603346825
answer,kubernetes,pg_atomic,,1,transaction_committed,0,1ed32985eae9c4d1a90c1865647b9703e20da886,content/en/docs/contribute/generate-ref-docs/config-api.md,2,0,2,2,NEW_ONLY,1,1,1.7614103853702545
answer,kubernetes,pg_atomic,,1,transaction_committed,1,dad5f8753314e521716ae139d1fd886390fc08d3,content/en/docs/tasks/extend-kubernetes/configure-aggregation-layer.md,2,0,2,2,NEW_ONLY,1,1,1.5809405595064163
answer,kubernetes,pg_atomic,,1,transaction_committed,2,4c086dd93b2ed0fdf361b1533eebd3a1217d50da,content/en/docs/contribute/generate-ref-docs/prerequisites-ref-docs.md,2,0,2,2,NEW_ONLY,1,1,1.61043182015419
answer,kubernetes,pg_atomic,,1,transaction_committed,3,787489f7a68e0601cdab37883dc461cc3725d7d1,content/en/docs/concepts/scheduling-eviction/topology-aware-scheduling.md,2,0,2,2,NEW_ONLY,1,1,1.2080511078238487
answer,kubernetes,pg_atomic,,1,transaction_committed,4,63a45fdb9543ae9a2831aac08e1e99e6924796aa,content/en/docs/reference/node/what-happens-on-restart.md,2,0,2,2,NEW_ONLY,1,1,1.0177595540881157
answer,kubernetes,pg_atomic,,1,transaction_committed,5,b3f516481aaaa9ad1b71a0a9cc31346c02ec348a,content/en/docs/concepts/overview/working-with-objects/annotations.md,2,0,2,2,NEW_ONLY,1,1,0.8073672652244568
answer,kubernetes,pg_atomic,,1,transaction_committed,6,9c67be5e1be7b60d2fc0bc09226abf739be72152,content/en/docs/concepts/configuration/manage-resources-containers.md,2,0,2,2,NEW_ONLY,1,1,0.8339462801814079
answer,kubernetes,pg_atomic,,1,transaction_committed,7,7e01eaee123c18c295656cea5cd03886fcbd2cc5,content/en/docs/concepts/cluster-administration/node-autoscaling.md,2,0,2,2,NEW_ONLY,1,1,1.2033917009830475
answer,kubernetes,pg_atomic,,1,transaction_committed,8,7d6f80e5148219869055e2ec2acd63e971e7cf45,content/en/docs/concepts/cluster-administration/swap-memory-management.md,2,0,2,2,NEW_ONLY,1,1,1.0722819715738297
answer,kubernetes,pg_atomic,,1,transaction_committed,9,4cec4d7ece88b7eb5b04b59e34fdce9c68c37be8,content/en/docs/tasks/inject-data-application/define-environment-variable-via-file.md,2,0,2,2,NEW_ONLY,1,1,1.21295265853405
answer,kubernetes,pg_atomic,,1,transaction_committed,10,b0bc7de52f48b923bde8f567f8a58c7aa4e1ffad,content/en/docs/tutorials/kubernetes-basics/create-cluster/cluster-intro.md,2,0,2,2,NEW_ONLY,1,1,0.9817173704504967
answer,kubernetes,pg_atomic,,1,transaction_committed,11,152489ebf5efe70ad88a25f01faba14552d2c953,content/en/docs/setup/production-environment/container-runtimes.md,2,0,2,2,NEW_ONLY,1,1,1.2594163417816162
answer,kubernetes,pg_atomic,,1,transaction_committed,12,e94b8926efca25bf711f4fa324c3658064691389,content/en/docs/tasks/debug/debug-application/debug-service.md,2,0,2,2,NEW_ONLY,1,1,1.0834429413080215
answer,kubernetes,pg_atomic,,1,transaction_committed,13,c55865f28de688b69732418a823c5eac29ce42ff,content/en/docs/concepts/scheduling-eviction/resource-bin-packing.md,2,0,2,2,NEW_ONLY,1,1,0.9628348052501678
answer,kubernetes,pg_atomic,,1,transaction_committed,14,893805d67799fe9d389624a047651c6149086614,content/en/docs/tasks/administer-cluster/certificates.md,2,0,2,2,NEW_ONLY,1,1,0.8652424439787865
answer,kubernetes,pg_atomic,,1,transaction_committed,15,b50bf20aa07b4d865d8ddaf4ba395ac8afd6126d,content/en/docs/contribute/style/hugo-shortcodes/index.md,2,0,2,2,NEW_ONLY,1,1,0.8334442973136902
answer,kubernetes,pg_atomic,,1,transaction_committed,16,c37d57216103cd3473e82dc7b481bf5b34a1a197,content/en/docs/concepts/containers/runtime-class.md,2,0,2,2,NEW_ONLY,1,1,0.8014747872948647
answer,kubernetes,pg_atomic,,1,transaction_committed,17,9631a3e27addfcdd5c1b149147b7da85118e0cbf,content/en/docs/tasks/administer-cluster/topology-manager.md,2,0,2,2,NEW_ONLY,1,1,0.7841764017939568
answer,kubernetes,pg_atomic,,1,transaction_committed,18,9ea55e8425f499774e0a96156e5f920e5d669825,content/en/docs/reference/access-authn-authz/certificate-signing-requests.md,2,0,2,2,NEW_ONLY,1,1,0.7859142497181892
answer,kubernetes,pg_atomic,,1,transaction_committed,19,80b85ff51d97577b13f08ddc4a37117ff44082c5,content/en/docs/reference/node/kubelet-sync-loop.md,2,0,2,2,NEW_ONLY,1,1,0.9223930537700653
answer,kubernetes,pg_atomic,,1,transaction_committed,20,9c0e34fff3a05acd195a63fb057cf7163252258f,content/en/docs/reference/command-line-tools-reference/kube-proxy.md,2,0,2,2,NEW_ONLY,1,1,0.8732723072171211
answer,kubernetes,pg_atomic,,1,transaction_committed,21,6dc6c3a989c065ef570348e150e260291e5d670b,content/en/docs/concepts/scheduling-eviction/node-pressure-eviction.md,2,0,2,2,NEW_ONLY,1,1,0.8049802854657173
answer,kubernetes,pg_atomic,,1,transaction_committed,22,20f5f738fef864413316d55587661a323f439865,content/en/docs/reference/kubectl/introduction.md,2,0,2,2,NEW_ONLY,1,1,1.0857181623578072
answer,kubernetes,pg_atomic,,1,transaction_committed,23,dc2fac362ae51ba81409fae648e3c87c4efef8e9,content/en/docs/concepts/scheduling-eviction/gang-scheduling.md,2,0,2,2,NEW_ONLY,1,1,1.1903997510671616
answer,kubernetes,pg_atomic,,1,transaction_committed,24,e77da46210baf2e4f788b8ff1acf0c2522ffbcf6,content/en/docs/concepts/workloads/pods/_index.md,2,0,2,2,NEW_ONLY,1,1,1.1879298835992813
answer,kubernetes,pg_atomic,,2,initial,0,1ed32985eae9c4d1a90c1865647b9703e20da886,content/en/docs/contribute/generate-ref-docs/config-api.md,1,0,1,1,OLD_ONLY,1,0,11.014662683010101
answer,kubernetes,pg_atomic,,2,initial,1,dad5f8753314e521716ae139d1fd886390fc08d3,content/en/docs/tasks/extend-kubernetes/configure-aggregation-layer.md,1,0,1,1,OLD_ONLY,1,0,1.7617689445614815
answer,kubernetes,pg_atomic,,2,initial,2,4c086dd93b2ed0fdf361b1533eebd3a1217d50da,content/en/docs/contribute/generate-ref-docs/prerequisites-ref-docs.md,1,0,1,1,OLD_ONLY,1,0,1.4562373980879784
answer,kubernetes,pg_atomic,,2,initial,3,787489f7a68e0601cdab37883dc461cc3725d7d1,content/en/docs/concepts/scheduling-eviction/topology-aware-scheduling.md,1,0,1,1,OLD_ONLY,1,0,1.5431847423315048
answer,kubernetes,pg_atomic,,2,initial,4,63a45fdb9543ae9a2831aac08e1e99e6924796aa,content/en/docs/reference/node/what-happens-on-restart.md,1,0,1,1,OLD_ONLY,1,0,1.363246701657772
answer,kubernetes,pg_atomic,,2,initial,5,b3f516481aaaa9ad1b71a0a9cc31346c02ec348a,content/en/docs/concepts/overview/working-with-objects/annotations.md,1,0,1,1,OLD_ONLY,1,0,1.8738852813839912
answer,kubernetes,pg_atomic,,2,initial,6,9c67be5e1be7b60d2fc0bc09226abf739be72152,content/en/docs/concepts/configuration/manage-resources-containers.md,1,0,1,1,OLD_ONLY,1,0,1.0603740811347961
answer,kubernetes,pg_atomic,,2,initial,7,7e01eaee123c18c295656cea5cd03886fcbd2cc5,content/en/docs/concepts/cluster-administration/node-autoscaling.md,1,0,1,1,OLD_ONLY,1,0,1.1498350650072098
answer,kubernetes,pg_atomic,,2,initial,8,7d6f80e5148219869055e2ec2acd63e971e7cf45,content/en/docs/concepts/cluster-administration/swap-memory-management.md,1,0,1,1,OLD_ONLY,1,0,1.0275989770889282
answer,kubernetes,pg_atomic,,2,initial,9,4cec4d7ece88b7eb5b04b59e34fdce9c68c37be8,content/en/docs/tasks/inject-data-application/define-environment-variable-via-file.md,1,0,1,1,OLD_ONLY,1,0,0.9893141686916351
answer,kubernetes,pg_atomic,,2,initial,10,b0bc7de52f48b923bde8f567f8a58c7aa4e1ffad,content/en/docs/tutorials/kubernetes-basics/create-cluster/cluster-intro.md,1,0,1,1,OLD_ONLY,1,0,1.0739946737885475
answer,kubernetes,pg_atomic,,2,initial,11,152489ebf5efe70ad88a25f01faba14552d2c953,content/en/docs/setup/production-environment/container-runtimes.md,1,0,1,1,OLD_ONLY,1,0,0.8790735155344009
answer,kubernetes,pg_atomic,,2,initial,12,e94b8926efca25bf711f4fa324c3658064691389,content/en/docs/tasks/debug/debug-application/debug-service.md,1,0,1,1,OLD_ONLY,1,0,0.8892705664038658
answer,kubernetes,pg_atomic,,2,initial,13,c55865f28de688b69732418a823c5eac29ce42ff,content/en/docs/concepts/scheduling-eviction/resource-bin-packing.md,1,0,1,1,OLD_ONLY,1,0,1.2057097628712654
answer,kubernetes,pg_atomic,,2,initial,14,893805d67799fe9d389624a047651c6149086614,content/en/docs/tasks/administer-cluster/certificates.md,1,0,1,1,OLD_ONLY,1,0,0.9410446509718895
answer,kubernetes,pg_atomic,,2,initial,15,b50bf20aa07b4d865d8ddaf4ba395ac8afd6126d,content/en/docs/contribute/style/hugo-shortcodes/index.md,1,0,1,1,OLD_ONLY,1,0,0.7898500189185143
answer,kubernetes,pg_atomic,,2,initial,16,c37d57216103cd3473e82dc7b481bf5b34a1a197,content/en/docs/concepts/containers/runtime-class.md,1,0,1,1,OLD_ONLY,1,0,0.7806532084941864
answer,kubernetes,pg_atomic,,2,initial,17,9631a3e27addfcdd5c1b149147b7da85118e0cbf,content/en/docs/tasks/administer-cluster/topology-manager.md,1,0,1,1,OLD_ONLY,1,0,0.7756277918815613
answer,kubernetes,pg_atomic,,2,initial,18,9ea55e8425f499774e0a96156e5f920e5d669825,content/en/docs/reference/access-authn-authz/certificate-signing-requests.md,1,0,1,1,OLD_ONLY,1,0,0.7768701761960983
answer,kubernetes,pg_atomic,,2,initial,19,80b85ff51d97577b13f08ddc4a37117ff44082c5,content/en/docs/reference/node/kubelet-sync-loop.md,1,0,1,1,OLD_ONLY,1,0,0.78620295971632
answer,kubernetes,pg_atomic,,2,initial,20,9c0e34fff3a05acd195a63fb057cf7163252258f,content/en/docs/reference/command-line-tools-reference/kube-proxy.md,1,0,1,1,OLD_ONLY,1,0,0.7731681689620018
answer,kubernetes,pg_atomic,,2,initial,21,6dc6c3a989c065ef570348e150e260291e5d670b,content/en/docs/concepts/scheduling-eviction/node-pressure-eviction.md,1,0,1,1,OLD_ONLY,1,0,0.770854763686657
answer,kubernetes,pg_atomic,,2,initial,22,20f5f738fef864413316d55587661a323f439865,content/en/docs/reference/kubectl/introduction.md,1,0,1,1,OLD_ONLY,1,0,0.7757740095257759
answer,kubernetes,pg_atomic,,2,initial,23,dc2fac362ae51ba81409fae648e3c87c4efef8e9,content/en/docs/concepts/scheduling-eviction/gang-scheduling.md,1,0,1,1,OLD_ONLY,1,0,0.7751351222395897
answer,kubernetes,pg_atomic,,2,initial,24,e77da46210baf2e4f788b8ff1acf0c2522ffbcf6,content/en/docs/concepts/workloads/pods/_index.md,1,0,1,1,OLD_ONLY,1,0,0.7831323891878128
answer,kubernetes,pg_atomic,,2,transaction_committed,0,1ed32985eae9c4d1a90c1865647b9703e20da886,content/en/docs/contribute/generate-ref-docs/config-api.md,2,0,2,2,NEW_ONLY,1,1,1.759406179189682
answer,kubernetes,pg_atomic,,2,transaction_committed,1,dad5f8753314e521716ae139d1fd886390fc08d3,content/en/docs/tasks/extend-kubernetes/configure-aggregation-layer.md,2,0,2,2,NEW_ONLY,1,1,1.3469252735376358
answer,kubernetes,pg_atomic,,2,transaction_committed,2,4c086dd93b2ed0fdf361b1533eebd3a1217d50da,content/en/docs/contribute/generate-ref-docs/prerequisites-ref-docs.md,2,0,2,2,NEW_ONLY,1,1,1.343955285847187
answer,kubernetes,pg_atomic,,2,transaction_committed,3,787489f7a68e0601cdab37883dc461cc3725d7d1,content/en/docs/concepts/scheduling-eviction/topology-aware-scheduling.md,2,0,2,2,NEW_ONLY,1,1,1.245606690645218
answer,kubernetes,pg_atomic,,2,transaction_committed,4,63a45fdb9543ae9a2831aac08e1e99e6924796aa,content/en/docs/reference/node/what-happens-on-restart.md,2,0,2,2,NEW_ONLY,1,1,0.9510386735200882
answer,kubernetes,pg_atomic,,2,transaction_committed,5,b3f516481aaaa9ad1b71a0a9cc31346c02ec348a,content/en/docs/concepts/overview/working-with-objects/annotations.md,2,0,2,2,NEW_ONLY,1,1,0.8383002132177353
answer,kubernetes,pg_atomic,,2,transaction_committed,6,9c67be5e1be7b60d2fc0bc09226abf739be72152,content/en/docs/concepts/configuration/manage-resources-containers.md,2,0,2,2,NEW_ONLY,1,1,1.3724938035011292
answer,kubernetes,pg_atomic,,2,transaction_committed,7,7e01eaee123c18c295656cea5cd03886fcbd2cc5,content/en/docs/concepts/cluster-administration/node-autoscaling.md,2,0,2,2,NEW_ONLY,1,1,1.1587999761104584
answer,kubernetes,pg_atomic,,2,transaction_committed,8,7d6f80e5148219869055e2ec2acd63e971e7cf45,content/en/docs/concepts/cluster-administration/swap-memory-management.md,2,0,2,2,NEW_ONLY,1,1,0.9295977652072906
answer,kubernetes,pg_atomic,,2,transaction_committed,9,4cec4d7ece88b7eb5b04b59e34fdce9c68c37be8,content/en/docs/tasks/inject-data-application/define-environment-variable-via-file.md,2,0,2,2,NEW_ONLY,1,1,0.9082416072487831
answer,kubernetes,pg_atomic,,2,transaction_committed,10,b0bc7de52f48b923bde8f567f8a58c7aa4e1ffad,content/en/docs/tutorials/kubernetes-basics/create-cluster/cluster-intro.md,2,0,2,2,NEW_ONLY,1,1,0.8599590510129929
answer,kubernetes,pg_atomic,,2,transaction_committed,11,152489ebf5efe70ad88a25f01faba14552d2c953,content/en/docs/setup/production-environment/container-runtimes.md,2,0,2,2,NEW_ONLY,1,1,0.8440632373094559
answer,kubernetes,pg_atomic,,2,transaction_committed,12,e94b8926efca25bf711f4fa324c3658064691389,content/en/docs/tasks/debug/debug-application/debug-service.md,2,0,2,2,NEW_ONLY,1,1,0.8440613746643066
answer,kubernetes,pg_atomic,,2,transaction_committed,13,c55865f28de688b69732418a823c5eac29ce42ff,content/en/docs/concepts/scheduling-eviction/resource-bin-packing.md,2,0,2,2,NEW_ONLY,1,1,0.8436683565378189
answer,kubernetes,pg_atomic,,2,transaction_committed,14,893805d67799fe9d389624a047651c6149086614,content/en/docs/tasks/administer-cluster/certificates.md,2,0,2,2,NEW_ONLY,1,1,0.8569015190005302
answer,kubernetes,pg_atomic,,2,transaction_committed,15,b50bf20aa07b4d865d8ddaf4ba395ac8afd6126d,content/en/docs/contribute/style/hugo-shortcodes/index.md,2,0,2,2,NEW_ONLY,1,1,1.1460455134510994
answer,kubernetes,pg_atomic,,2,transaction_committed,16,c37d57216103cd3473e82dc7b481bf5b34a1a197,content/en/docs/concepts/containers/runtime-class.md,2,0,2,2,NEW_ONLY,1,1,0.8674748241901398
answer,kubernetes,pg_atomic,,2,transaction_committed,17,9631a3e27addfcdd5c1b149147b7da85118e0cbf,content/en/docs/tasks/administer-cluster/topology-manager.md,2,0,2,2,NEW_ONLY,1,1,0.873940996825695
answer,kubernetes,pg_atomic,,2,transaction_committed,18,9ea55e8425f499774e0a96156e5f920e5d669825,content/en/docs/reference/access-authn-authz/certificate-signing-requests.md,2,0,2,2,NEW_ONLY,1,1,0.9308131411671638
answer,kubernetes,pg_atomic,,2,transaction_committed,19,80b85ff51d97577b13f08ddc4a37117ff44082c5,content/en/docs/reference/node/kubelet-sync-loop.md,2,0,2,2,NEW_ONLY,1,1,0.8870894089341164
answer,kubernetes,pg_atomic,,2,transaction_committed,20,9c0e34fff3a05acd195a63fb057cf7163252258f,content/en/docs/reference/command-line-tools-reference/kube-proxy.md,2,0,2,2,NEW_ONLY,1,1,0.8492656052112579
answer,kubernetes,pg_atomic,,2,transaction_committed,21,6dc6c3a989c065ef570348e150e260291e5d670b,content/en/docs/concepts/scheduling-eviction/node-pressure-eviction.md,2,0,2,2,NEW_ONLY,1,1,0.8812751621007919
answer,kubernetes,pg_atomic,,2,transaction_committed,22,20f5f738fef864413316d55587661a323f439865,content/en/docs/reference/kubectl/introduction.md,2,0,2,2,NEW_ONLY,1,1,0.8594151586294174
answer,kubernetes,pg_atomic,,2,transaction_committed,23,dc2fac362ae51ba81409fae648e3c87c4efef8e9,content/en/docs/concepts/scheduling-eviction/gang-scheduling.md,2,0,2,2,NEW_ONLY,1,1,0.9863646700978279
answer,kubernetes,pg_atomic,,2,transaction_committed,24,e77da46210baf2e4f788b8ff1acf0c2522ffbcf6,content/en/docs/concepts/workloads/pods/_index.md,2,0,2,2,NEW_ONLY,1,1,0.8877599611878395
