protocol,repeat,doc_id,expected_version,expected_deleted,expected_epoch,dense_version,sparse_version,cache_version,stale,future,mixed,missing,answer_error,update_window,latency_ms
naive_eager,0,92,1,0,0,1,1,1,0,0,0,0,0,1,3.4221578389406204
naive_eager,0,8,1,0,0,1,1,1,0,0,0,0,0,1,6.4881835132837296
naive_eager,0,97,1,0,0,1,1,1,0,0,0,0,0,1,9.582624770700932
naive_eager,0,12,1,0,0,1,1,1,0,0,0,0,0,1,12.573149055242538
naive_eager,0,26,2,0,0,1,1,1,1,0,0,1,1,1,21.399895660579205
naive_eager,0,26,2,0,0,1,1,1,1,0,0,1,1,1,17.946666106581688
naive_eager,0,34,1,0,0,1,1,1,0,0,0,0,0,1,24.372355081140995
naive_eager,0,58,2,0,0,1,1,1,1,0,0,1,1,1,21.69010043144226
naive_eager,0,9,2,0,0,1,1,1,1,0,0,1,1,1,11.330029927194118
naive_eager,0,3,2,1,0,1,1,1,1,0,0,0,1,1,11.111689731478691
naive_eager,0,26,2,0,0,1,1,1,1,0,0,1,1,1,10.836002416908741
naive_eager,0,81,2,0,0,1,1,1,1,0,0,1,1,1,10.170970112085342
naive_eager,0,14,1,0,0,1,1,1,0,0,0,0,0,1,10.209469124674797
naive_eager,0,90,1,0,0,1,1,1,0,0,0,0,0,1,10.86413860321045
naive_eager,0,48,2,0,0,1,1,1,1,0,0,1,1,1,11.514084413647652
naive_eager,0,115,2,1,0,1,1,1,1,0,0,0,1,1,11.693088337779045
naive_eager,0,48,2,0,0,1,1,1,1,0,0,1,1,1,11.547033675014973
naive_eager,0,115,2,1,0,1,1,1,1,0,0,0,1,1,11.44622266292572
naive_eager,0,21,1,0,0,1,1,1,0,0,0,0,0,1,10.747709311544895
naive_eager,0,26,2,0,0,1,1,1,1,0,0,1,1,1,11.249734088778496
naive_eager,0,58,2,0,0,2,1,1,1,0,1,0,1,1,25.498836301267147
naive_eager,0,64,2,1,0,1,1,1,1,0,0,0,1,1,19.657577387988567
naive_eager,0,115,2,1,0,1,1,1,1,0,0,0,1,1,24.768845178186893
naive_eager,0,67,1,0,0,1,1,1,0,0,0,0,0,1,31.513151712715626
naive_eager,0,58,2,0,0,2,1,1,1,0,1,0,1,1,10.46306174248457
naive_eager,0,33,2,1,0,1,1,1,1,0,0,0,1,1,11.20530255138874
naive_eager,0,103,2,0,0,1,1,1,1,0,0,1,1,1,11.028040200471878
naive_eager,0,9,2,0,0,2,1,1,1,0,1,0,1,1,10.379775427281857
naive_eager,0,33,2,1,0,1,1,1,1,0,0,0,1,1,10.349838994443417
naive_eager,0,58,2,0,0,2,1,1,1,0,1,0,1,1,10.372932069003582
naive_eager,0,48,2,0,0,2,1,1,1,0,1,0,1,1,10.941204614937305
naive_eager,0,100,2,0,0,2,1,1,1,0,1,0,1,1,10.565138421952724
naive_eager,0,41,1,0,0,1,1,1,0,0,0,0,0,1,11.06674037873745
naive_eager,0,1,1,0,0,1,1,1,0,0,0,0,0,1,11.153138242661953
naive_eager,0,81,2,0,0,2,1,1,1,0,1,0,1,1,10.677375830709934
naive_eager,0,3,2,1,0,1,1,1,1,0,0,0,1,1,11.226293630897999
naive_eager,0,103,2,0,0,1,1,1,1,0,0,1,1,1,21.93090133368969
naive_eager,0,61,1,0,0,1,1,1,0,0,0,0,0,1,15.189789235591888
naive_eager,0,96,2,0,0,2,1,1,1,0,1,0,1,1,25.455230847001076
naive_eager,0,103,2,0,0,1,1,1,1,0,0,1,1,1,26.249210350215435
naive_eager,0,123,2,0,0,2,1,1,1,0,1,0,1,1,12.683743610978127
naive_eager,0,9,2,0,0,2,2,1,1,0,1,0,1,1,12.319072149693966
naive_eager,0,13,2,0,0,2,2,1,1,0,1,0,1,1,11.53526920825243
naive_eager,0,103,2,0,0,1,1,1,1,0,0,1,1,1,11.218957602977753
naive_eager,0,64,2,1,0,1,1,1,1,0,0,0,1,1,11.06058806180954
naive_eager,0,9,2,0,0,2,2,1,1,0,1,0,1,1,10.507110506296158
naive_eager,0,100,2,0,0,2,1,1,1,0,1,0,1,1,11.105988174676895
naive_eager,0,103,2,0,0,1,1,1,1,0,0,1,1,1,10.953100398182869
naive_eager,0,17,1,0,0,1,1,1,0,0,0,0,0,1,24.462684988975525
naive_eager,0,76,1,0,0,1,1,1,0,0,0,0,0,1,25.051006115972996
naive_eager,0,35,1,0,0,1,1,1,0,0,0,0,0,1,25.20562242716551
naive_eager,0,33,2,1,0,,,1,1,0,0,0,1,1,37.811742164194584
naive_eager,0,74,2,0,0,2,2,1,1,0,1,0,1,1,10.397876612842083
naive_eager,0,7,1,0,0,1,1,1,0,0,0,0,0,1,10.353156365454197
naive_eager,0,69,1,0,0,1,1,1,0,0,0,0,0,1,10.57375967502594
naive_eager,0,1,1,0,0,1,1,1,0,0,0,0,0,1,10.503632947802544
naive_eager,0,49,2,0,0,2,2,1,1,0,1,0,1,1,11.02564763277769
naive_eager,0,64,2,1,0,,,1,1,0,0,0,1,1,10.32470352947712
naive_eager,0,115,2,1,0,,,1,1,0,0,0,1,1,11.014596559107304
naive_eager,0,49,2,0,0,2,2,1,1,0,1,0,1,1,11.119760572910309
naive_eager,0,55,1,0,0,1,1,1,0,0,0,0,0,1,11.74995955079794
naive_eager,0,105,1,0,0,1,1,1,0,0,0,0,0,0,4.968046210706234
naive_eager,0,74,2,0,0,2,2,2,0,0,0,0,0,0,15.10968990623951
naive_eager,0,49,2,0,0,2,2,2,0,0,0,0,0,0,14.826461672782898
naive_eager,0,10,1,0,0,1,1,1,0,0,0,0,0,0,11.810199357569218
naive_eager,0,48,2,0,0,2,2,2,0,0,0,0,0,1,12.154355645179749
naive_eager,0,102,1,0,0,1,1,1,0,0,0,0,0,1,12.482419610023499
naive_eager,0,90,1,0,0,1,1,1,0,0,0,0,0,1,12.242811731994152
naive_eager,0,103,2,0,0,2,2,2,0,0,0,0,0,1,11.835811659693718
naive_eager,0,45,1,0,0,1,1,1,0,0,0,0,0,1,15.082331374287605
naive_eager,0,116,1,0,0,1,1,1,0,0,0,0,0,1,24.782429449260235
naive_eager,0,111,2,0,0,1,1,1,1,0,0,1,1,1,18.770826049149036
naive_eager,0,22,2,0,0,1,1,1,1,0,0,1,1,1,27.338668704032898
naive_eager,0,39,1,0,0,1,1,1,0,0,0,0,0,1,10.851642116904259
naive_eager,0,99,2,0,0,1,1,1,1,0,0,1,1,1,10.637561790645123
naive_eager,0,104,2,1,0,1,1,1,1,0,0,0,1,1,11.163982562720776
naive_eager,0,127,2,0,0,1,1,1,1,0,0,1,1,1,10.737985372543335
naive_eager,0,121,2,0,0,1,1,1,1,0,0,1,1,1,10.6126694008708
naive_eager,0,127,2,0,0,1,1,1,1,0,0,1,1,1,11.102456599473953
naive_eager,0,3,2,1,0,,,,0,0,0,0,0,1,10.681945830583572
naive_eager,0,93,2,1,0,1,1,1,1,0,0,0,1,1,10.390541516244411
naive_eager,0,61,1,0,0,1,1,1,0,0,0,0,0,1,10.167618282139301
naive_eager,0,111,2,0,0,1,1,1,1,0,0,1,1,1,10.375913232564926
naive_eager,0,55,1,0,0,1,1,1,0,0,0,0,0,1,11.059895157814026
naive_eager,0,62,1,0,0,1,1,1,0,0,0,0,0,1,11.141330003738403
naive_eager,0,12,2,0,0,2,1,1,1,0,1,0,1,1,26.248961687088013
naive_eager,0,28,2,0,0,1,1,1,1,0,0,1,1,1,15.083780512213707
naive_eager,0,72,2,1,0,1,1,1,1,0,0,0,1,1,25.984075851738453
naive_eager,0,111,2,0,0,1,1,1,1,0,0,1,1,1,31.827224418520927
naive_eager,0,12,2,0,0,2,1,1,1,0,1,0,1,1,19.742579199373722
naive_eager,0,112,1,0,0,1,1,1,0,0,0,0,0,1,20.480403676629066
naive_eager,0,5,2,0,0,2,1,1,1,0,1,0,1,1,20.71807160973549
naive_eager,0,46,1,0,0,1,1,1,0,0,0,0,0,1,16.96119923144579
naive_eager,0,121,2,0,0,1,1,1,1,0,0,1,1,1,10.946075432002544
naive_eager,0,70,1,0,0,1,1,1,0,0,0,0,0,1,11.014950461685658
naive_eager,0,99,2,0,0,1,1,1,1,0,0,1,1,1,10.754371993243694
naive_eager,0,22,2,0,0,1,1,1,1,0,0,1,1,1,18.63247435539961
naive_eager,0,111,2,0,0,1,1,1,1,0,0,1,1,1,18.757005222141743
naive_eager,0,114,2,0,0,2,2,1,1,0,1,0,1,1,18.227403052151203
naive_eager,0,99,2,0,0,1,1,1,1,0,0,1,1,1,30.9389466419816
naive_eager,0,89,2,0,0,1,1,1,1,0,0,1,1,1,10.902423411607742
naive_eager,0,36,2,0,0,1,1,1,1,0,0,1,1,1,10.929549112915993
naive_eager,0,99,2,0,0,1,1,1,1,0,0,1,1,1,10.83662174642086
naive_eager,0,121,2,0,0,1,1,1,1,0,0,1,1,1,10.312694124877453
naive_eager,0,1,2,0,0,1,1,1,1,0,0,1,1,1,10.594237595796585
naive_eager,0,118,1,0,0,1,1,1,0,0,0,0,0,1,11.066007427871227
naive_eager,0,121,2,0,0,1,1,1,1,0,0,1,1,1,10.983285494148731
naive_eager,0,12,2,0,0,2,2,1,1,0,1,0,1,1,10.535674169659615
naive_eager,0,99,2,0,0,2,2,1,1,0,1,0,1,1,21.90260123461485
naive_eager,0,121,2,0,0,2,2,1,1,0,1,0,1,1,21.391134709119797
naive_eager,0,1,2,0,0,2,2,1,1,0,1,0,1,1,31.165155582129955
naive_eager,0,13,2,0,0,2,2,2,0,0,0,0,0,1,24.808797985315323
naive_eager,0,36,2,0,0,2,2,1,1,0,1,0,1,1,11.74160186201334
naive_eager,0,12,2,0,0,2,2,1,1,0,1,0,1,1,11.821168474853039
naive_eager,0,121,2,0,0,2,2,1,1,0,1,0,1,1,11.165967211127281
naive_eager,0,99,2,0,0,2,2,1,1,0,1,0,1,1,10.897916741669178
naive_eager,0,28,2,0,0,2,2,1,1,0,1,0,1,1,10.546226054430008
naive_eager,0,68,1,0,0,1,1,1,0,0,0,0,0,1,10.625950992107391
naive_eager,0,99,2,0,0,2,2,1,1,0,1,0,1,1,10.777164250612259
naive_eager,0,121,2,0,0,2,2,1,1,0,1,0,1,1,10.817691683769226
naive_eager,0,99,2,0,0,2,2,1,1,0,1,0,1,1,10.519800707697868
naive_eager,0,5,2,0,0,2,2,1,1,0,1,0,1,1,10.97033079713583
naive_eager,0,114,2,0,0,2,2,1,1,0,1,0,1,1,10.972477495670319
naive_eager,0,28,2,0,0,2,2,2,0,0,0,0,0,0,8.24779737740755
naive_eager,0,87,1,0,0,1,1,1,0,0,0,0,0,0,7.9800281673669815
naive_eager,0,28,2,0,0,2,2,2,0,0,0,0,0,0,16.724717803299427
naive_eager,0,1,2,0,0,2,2,2,0,0,0,0,0,0,11.07556652277708
naive_eager,0,72,2,1,0,,,,0,0,0,0,0,1,10.908519849181175
naive_eager,0,1,2,0,0,2,2,2,0,0,0,0,0,1,10.696280747652054
naive_eager,0,29,1,0,0,1,1,1,0,0,0,0,0,1,10.597854852676392
naive_eager,0,5,2,0,0,2,2,2,0,0,0,0,0,1,10.568861849606037
naive_eager,0,98,1,0,0,1,1,1,0,0,0,0,0,1,17.681210301816463
naive_eager,0,121,2,0,0,2,2,2,0,0,0,0,0,1,18.28803773969412
naive_eager,0,53,2,0,0,1,1,1,1,0,0,1,1,1,27.576349675655365
naive_eager,0,25,2,0,0,1,1,1,1,0,0,1,1,1,21.612465381622314
naive_eager,0,27,1,0,0,1,1,1,0,0,0,0,0,1,10.74106153100729
naive_eager,0,69,1,0,0,1,1,1,0,0,0,0,0,1,10.658291168510914
naive_eager,0,25,2,0,0,1,1,1,1,0,0,1,1,1,10.68236492574215
naive_eager,0,23,2,0,0,1,1,1,1,0,0,1,1,1,10.881636291742325
naive_eager,0,65,1,0,0,1,1,1,0,0,0,0,0,1,10.831772349774837
naive_eager,0,94,2,0,0,1,1,1,1,0,0,1,1,1,11.242848820984364
naive_eager,0,44,1,0,0,1,1,1,0,0,0,0,0,1,12.017898261547089
naive_eager,0,4,2,0,0,1,1,1,1,0,0,1,1,1,11.555765755474567
naive_eager,0,119,1,0,0,1,1,1,0,0,0,0,0,1,11.75044011324644
naive_eager,0,106,2,0,0,1,1,1,1,0,0,1,1,1,10.668794624507427
naive_eager,0,71,1,0,0,1,1,1,0,0,0,0,0,1,10.775010101497173
naive_eager,0,101,2,0,0,1,1,1,1,0,0,1,1,1,10.151928290724754
naive_eager,0,20,2,0,0,1,1,1,1,0,0,1,1,1,10.426871478557587
naive_eager,0,15,2,1,0,1,1,1,1,0,0,0,1,1,20.12549340724945
naive_eager,0,31,1,0,0,1,1,1,0,0,0,0,0,1,13.844560831785202
naive_eager,0,108,1,0,0,1,1,1,0,0,0,0,0,1,33.166528679430485
naive_eager,0,106,2,0,0,2,1,1,1,0,1,0,1,1,33.165900968015194
naive_eager,0,106,2,0,0,2,1,1,1,0,1,0,1,1,11.042989790439606
naive_eager,0,94,2,0,0,1,1,1,1,0,0,1,1,1,10.438092984259129
naive_eager,0,32,2,0,0,2,1,1,1,0,1,0,1,1,10.790972970426083
naive_eager,0,34,1,0,0,1,1,1,0,0,0,0,0,1,10.27632411569357
naive_eager,0,78,1,0,0,1,1,1,0,0,0,0,0,1,11.151057668030262
naive_eager,0,79,2,1,0,1,1,1,1,0,0,0,1,1,11.07419840991497
naive_eager,0,84,1,0,0,1,1,1,0,0,0,0,0,1,11.10830344259739
naive_eager,0,105,2,0,0,1,1,1,1,0,0,1,1,1,10.252811014652252
naive_eager,0,101,2,0,0,2,1,1,1,0,1,0,1,1,11.161036789417267
naive_eager,0,80,1,0,0,1,1,1,0,0,0,0,0,1,21.430249325931072
naive_eager,0,56,2,0,0,2,2,1,1,0,1,0,1,1,17.845528200268745
naive_eager,0,79,2,1,0,1,1,1,1,0,0,0,1,1,18.950714729726315
naive_eager,0,116,1,0,0,1,1,1,0,0,0,0,0,1,28.46110425889492
naive_eager,0,106,2,0,0,2,1,1,1,0,1,0,1,1,11.551998555660248
naive_eager,0,11,1,0,0,1,1,1,0,0,0,0,0,1,11.831067502498627
naive_eager,0,4,2,0,0,2,2,1,1,0,1,0,1,1,11.221243999898434
naive_eager,0,93,2,1,0,,,,0,0,0,0,0,1,10.972419753670692
naive_eager,0,70,2,0,0,1,1,1,1,0,0,1,1,1,10.797036811709404
naive_eager,0,25,2,0,0,1,1,1,1,0,0,1,1,1,10.702011175453663
naive_eager,0,16,1,0,0,1,1,1,0,0,0,0,0,1,11.008388362824917
naive_eager,0,30,2,0,0,2,2,1,1,0,1,0,1,1,11.069339700043201
naive_eager,0,70,2,0,0,1,1,1,1,0,0,1,1,1,11.143572628498077
naive_eager,0,110,2,0,0,1,1,1,1,0,0,1,1,1,10.684262961149216
naive_eager,0,101,2,0,0,2,2,1,1,0,1,0,1,1,24.179200641810894
naive_eager,0,84,1,0,0,1,1,1,0,0,0,0,0,1,21.23698964715004
naive_eager,0,38,1,0,0,1,1,1,0,0,0,0,0,1,20.861071534454823
naive_eager,0,99,2,0,0,2,2,2,0,0,0,0,0,1,30.65374307334423
naive_eager,0,79,2,1,0,,,1,1,0,0,0,1,1,11.184252798557281
naive_eager,0,101,2,0,0,2,2,1,1,0,1,0,1,1,10.683299042284489
naive_eager,0,53,2,0,0,2,2,1,1,0,1,0,1,1,11.29832398146391
naive_eager,0,25,2,0,0,2,2,1,1,0,1,0,1,1,10.398236103355885
naive_eager,0,110,2,0,0,2,2,1,1,0,1,0,1,1,10.899769142270088
naive_eager,0,29,1,0,0,1,1,1,0,0,0,0,0,1,10.949743911623955
naive_eager,0,4,2,0,0,2,2,1,1,0,1,0,1,1,10.895177721977234
naive_eager,0,76,1,0,0,1,1,1,0,0,0,0,0,1,10.237465612590313
naive_eager,0,92,1,0,0,1,1,1,0,0,0,0,0,0,7.6679447665810585
naive_eager,0,79,2,1,0,,,,0,0,0,0,0,0,13.417835347354412
naive_eager,0,79,2,1,0,,,,0,0,0,0,0,0,10.712070390582085
naive_eager,0,20,2,0,0,2,2,2,0,0,0,0,0,0,11.008769273757935
naive_eager,0,74,2,0,0,2,2,2,0,0,0,0,0,1,10.941938497126102
naive_eager,0,20,2,0,0,2,2,2,0,0,0,0,0,1,11.565878987312317
naive_eager,0,53,2,0,0,2,2,2,0,0,0,0,0,1,11.518771760165691
naive_eager,0,94,2,0,0,2,2,2,0,0,0,0,0,1,11.832857504487038
naive_eager,0,85,1,0,0,1,1,1,0,0,0,0,0,1,14.165366999804974
naive_eager,0,37,2,0,0,1,1,1,1,0,0,1,1,1,20.85923496633768
naive_eager,0,109,2,0,0,1,1,1,1,0,0,1,1,1,28.124980628490448
naive_eager,0,43,2,0,0,1,1,1,1,0,0,1,1,1,21.83128520846367
naive_eager,0,16,2,0,0,1,1,1,1,0,0,1,1,1,11.030660010874271
naive_eager,0,113,1,0,0,1,1,1,0,0,0,0,0,1,11.25665009021759
naive_eager,0,8,1,0,0,1,1,1,0,0,0,0,0,1,11.286452412605286
naive_eager,0,100,2,0,0,2,2,2,0,0,0,0,0,1,10.946141555905342
naive_eager,0,55,2,0,0,1,1,1,1,0,0,1,1,1,10.561549104750156
naive_eager,0,46,2,1,0,1,1,1,1,0,0,0,1,1,10.242718271911144
naive_eager,0,80,2,0,0,1,1,1,1,0,0,1,1,1,11.047027073800564
naive_eager,0,63,2,0,0,1,1,1,1,0,0,1,1,1,11.30090095102787
naive_eager,0,112,1,0,0,1,1,1,0,0,0,0,0,1,11.198165826499462
naive_eager,0,4,2,0,0,2,2,2,0,0,0,0,0,1,22.374658845365047
naive_eager,0,62,2,0,0,2,1,1,1,0,1,0,1,1,19.925895147025585
naive_eager,0,55,2,0,0,1,1,1,1,0,0,1,1,1,25.48572327941656
naive_eager,0,37,2,0,0,1,1,1,1,0,0,1,1,1,34.883021377027035
naive_eager,0,80,2,0,0,2,1,1,1,0,1,0,1,1,10.066634975373745
naive_eager,0,80,2,0,0,2,1,1,1,0,1,0,1,1,10.928010568022728
naive_eager,0,63,2,0,0,1,1,1,1,0,0,1,1,1,10.251586325466633
naive_eager,0,95,2,0,0,2,1,1,1,0,1,0,1,1,11.01696863770485
naive_eager,0,78,1,0,0,1,1,1,0,0,0,0,0,1,11.269573122262955
naive_eager,0,109,2,0,0,2,1,1,1,0,1,0,1,1,12.427148409187794
naive_eager,0,37,2,0,0,1,1,1,1,0,0,1,1,1,12.891116552054882
naive_eager,0,18,1,0,0,1,1,1,0,0,0,0,0,1,13.08523677289486
naive_eager,0,80,2,0,0,2,2,1,1,0,1,0,1,1,15.442083589732647
naive_eager,0,60,2,0,0,2,2,1,1,0,1,0,1,1,23.853080347180367
naive_eager,0,16,2,0,0,2,1,1,1,0,1,0,1,1,24.665864184498787
naive_eager,0,16,2,0,0,2,1,1,1,0,1,0,1,1,21.78778126835823
naive_eager,0,54,2,0,0,1,1,1,1,0,0,1,1,1,10.879584588110447
naive_eager,0,115,2,1,0,,,,0,0,0,0,0,1,11.061814613640308
naive_eager,0,95,2,0,0,2,1,1,1,0,1,0,1,1,11.176195926964283
naive_eager,0,62,2,0,0,2,1,1,1,0,1,0,1,1,11.122186668217182
naive_eager,0,60,2,0,0,2,2,1,1,0,1,0,1,1,10.991448536515236
naive_eager,0,109,2,0,0,2,2,1,1,0,1,0,1,1,10.689855553209782
naive_eager,0,95,2,0,0,2,1,1,1,0,1,0,1,1,10.346596129238605
naive_eager,0,109,2,0,0,2,2,1,1,0,1,0,1,1,10.945141315460205
naive_eager,0,21,1,0,0,1,1,1,0,0,0,0,0,1,11.071422137320042
naive_eager,0,60,2,0,0,2,2,1,1,0,1,0,1,1,11.360504664480686
naive_eager,0,120,1,0,0,1,1,1,0,0,0,0,0,1,14.82546515762806
naive_eager,0,54,2,0,0,2,2,1,1,0,1,0,1,1,21.189400926232338
naive_eager,0,60,2,0,0,2,2,1,1,0,1,0,1,1,30.78384231775999
naive_eager,0,122,2,0,0,2,2,1,1,0,1,0,1,1,30.001127161085606
naive_eager,0,117,1,0,0,1,1,1,0,0,0,0,0,1,10.668368078768253
naive_eager,0,122,2,0,0,2,2,1,1,0,1,0,1,1,11.135612614452839
naive_eager,0,90,2,0,0,2,2,1,1,0,1,0,1,1,10.464162565767765
naive_eager,0,62,2,0,0,2,2,1,1,0,1,0,1,1,11.230225674808025
naive_eager,0,37,2,0,0,2,2,1,1,0,1,0,1,1,11.42932754009962
naive_eager,0,38,2,1,0,,,1,1,0,0,0,1,1,11.864456348121166
naive_eager,0,54,2,0,0,2,2,1,1,0,1,0,1,1,11.153029277920723
naive_eager,0,65,1,0,0,1,1,1,0,0,0,0,0,1,11.510911397635937
naive_eager,0,92,2,0,0,2,2,1,1,0,1,0,1,1,11.30977738648653
naive_eager,0,60,2,0,0,2,2,1,1,0,1,0,1,1,10.521754622459412
naive_eager,0,43,2,0,0,2,2,1,1,0,1,0,1,1,10.920758359134197
naive_eager,0,16,2,0,0,2,2,2,0,0,0,0,0,0,7.500343024730682
naive_eager,0,62,2,0,0,2,2,2,0,0,0,0,0,0,14.2204025760293
naive_eager,0,43,2,0,0,2,2,2,0,0,0,0,0,0,10.464872233569622
naive_eager,0,122,2,0,0,2,2,2,0,0,0,0,0,0,10.494227521121502
naive_eager,0,60,2,0,0,2,2,2,0,0,0,0,0,0,10.077468119561672
naive_eager,0,31,1,0,0,1,1,1,0,0,0,0,0,1,10.725808329880238
naive_eager,0,27,1,0,0,1,1,1,0,0,0,0,0,1,11.0247191041708
naive_eager,0,43,2,0,0,2,2,2,0,0,0,0,0,1,10.533350519835949
naive_eager,0,39,2,0,0,1,1,1,1,0,0,1,1,1,17.802906222641468
naive_eager,0,2,2,0,0,1,1,1,1,0,0,1,1,1,14.629704877734184
naive_eager,0,42,1,0,0,1,1,1,0,0,0,0,0,1,20.756157115101814
naive_eager,0,50,2,0,0,1,1,1,1,0,0,1,1,1,30.08005954325199
naive_eager,0,65,2,0,0,1,1,1,1,0,0,1,1,1,10.318645276129246
naive_eager,0,17,1,0,0,1,1,1,0,0,0,0,0,1,10.252490639686584
naive_eager,0,43,2,0,0,2,2,2,0,0,0,0,0,1,10.748345404863358
naive_eager,0,36,2,0,0,2,2,2,0,0,0,0,0,1,10.04892960190773
naive_eager,0,69,1,0,0,1,1,1,0,0,0,0,0,1,10.425287298858166
naive_eager,0,91,2,1,0,1,1,1,1,0,0,0,1,1,10.175948031246662
naive_eager,0,10,2,1,0,1,1,1,1,0,0,0,1,1,9.787138551473618
naive_eager,0,78,2,0,0,1,1,1,1,0,0,1,1,1,11.084542609751225
naive_eager,0,2,2,0,0,1,1,1,1,0,0,1,1,1,10.678865946829319
naive_eager,0,55,2,0,0,2,2,2,0,0,0,0,0,1,9.976877830922604
naive_eager,0,30,2,0,0,2,2,2,0,0,0,0,0,1,23.174751549959183
naive_eager,0,21,2,0,0,2,1,1,1,0,1,0,1,1,32.39948861300945
naive_eager,0,91,2,1,0,1,1,1,1,0,0,0,1,1,32.04324282705784
naive_eager,0,61,2,0,0,1,1,1,1,0,0,1,1,1,11.118433438241482
naive_eager,0,112,2,0,0,2,1,1,1,0,1,0,1,1,11.277653276920319
naive_eager,0,31,1,0,0,1,1,1,0,0,0,0,0,1,11.277145706117153
naive_eager,0,34,2,0,0,1,1,1,1,0,0,1,1,1,11.6138169541955
naive_eager,0,2,2,0,0,1,1,1,1,0,0,1,1,1,13.270091265439987
naive_eager,0,102,1,0,0,1,1,1,0,0,0,0,0,1,13.570458628237247
naive_eager,0,99,2,0,0,2,2,2,0,0,0,0,0,1,13.17175105214119
naive_eager,0,39,2,0,0,2,1,1,1,0,1,0,1,1,12.499322183430195
naive_eager,0,10,2,1,0,1,1,1,1,0,0,0,1,1,10.349702090024948
naive_eager,0,57,1,0,0,1,1,1,0,0,0,0,0,1,10.742010548710823
naive_eager,0,26,2,0,0,2,2,2,0,0,0,0,0,1,15.305077657103539
naive_eager,0,113,2,0,0,2,1,1,1,0,1,0,1,1,24.635428562760353
naive_eager,0,55,2,0,0,2,2,2,0,0,0,0,0,1,18.711403012275696
naive_eager,0,61,2,0,0,1,1,1,1,0,0,1,1,1,28.2662445679307
naive_eager,0,65,2,0,0,1,1,1,1,0,0,1,1,1,11.244195513427258
naive_eager,0,45,1,0,0,1,1,1,0,0,0,0,0,1,11.136749759316444
naive_eager,0,93,2,1,0,,,,0,0,0,0,0,1,10.964307002723217
naive_eager,0,65,2,0,0,1,1,1,1,0,0,1,1,1,10.883268900215626
naive_eager,0,19,1,0,0,1,1,1,0,0,0,0,0,1,11.08724158257246
naive_eager,0,126,2,0,0,1,1,1,1,0,0,1,1,1,10.92068012803793
naive_eager,0,109,2,0,0,2,2,2,0,0,0,0,0,1,11.04006078094244
naive_eager,0,18,2,0,0,2,2,1,1,0,1,0,1,1,11.430701240897179
naive_eager,0,76,2,0,0,2,1,1,1,0,1,0,1,1,12.14007567614317
naive_eager,0,99,2,0,0,2,2,2,0,0,0,0,0,1,12.052512727677822
naive_eager,0,80,2,0,0,2,2,2,0,0,0,0,0,1,12.02800776809454
naive_eager,0,107,1,0,0,1,1,1,0,0,0,0,0,1,10.729539208114147
naive_eager,0,39,2,0,0,2,2,1,1,0,1,0,1,1,21.525192074477673
naive_eager,0,65,2,0,0,2,2,1,1,0,1,0,1,1,21.56638912856579
naive_eager,0,76,2,0,0,2,2,1,1,0,1,0,1,1,33.20017550140619
naive_eager,0,29,2,0,0,2,2,1,1,0,1,0,1,1,33.654239028692245
naive_eager,0,100,2,0,0,2,2,2,0,0,0,0,0,1,10.446486994624138
naive_eager,0,10,2,1,0,,,1,1,0,0,0,1,1,11.318447068333626
naive_eager,0,50,2,0,0,2,2,1,1,0,1,0,1,1,11.221276596188545
naive_eager,0,79,2,1,0,,,,0,0,0,0,0,1,11.232049204409122
naive_eager,0,50,2,0,0,2,2,1,1,0,1,0,1,1,11.018989607691765
naive_eager,0,34,2,0,0,2,2,1,1,0,1,0,1,1,10.670394636690617
naive_eager,0,34,2,0,0,2,2,1,1,0,1,0,1,1,10.888401418924332
naive_eager,0,78,2,0,0,2,2,1,1,0,1,0,1,1,10.688792914152145
naive_eager,0,76,2,0,0,2,2,1,1,0,1,0,1,1,10.94735786318779
naive_eager,0,2,2,0,0,2,2,1,1,0,1,0,1,1,10.935142636299133
naive_eager,0,56,2,0,0,2,2,2,0,0,0,0,0,1,11.1128780990839
naive_eager,0,61,2,0,0,2,2,1,1,0,1,0,1,1,11.299429461359978
naive_eager,0,61,2,0,0,2,2,1,1,0,1,0,1,1,11.330082081258297
naive_eager,0,61,2,0,0,2,2,2,0,0,0,0,0,0,8.196050301194191
naive_eager,0,126,2,0,0,2,2,2,0,0,0,0,0,0,7.369932718575001
naive_eager,0,10,2,1,0,,,,0,0,0,0,0,0,16.97312854230404
naive_eager,0,80,2,0,0,2,2,2,0,0,0,0,0,0,10.545795783400536
naive_eager,0,78,2,0,0,2,2,2,0,0,0,0,0,1,10.732472874224186
naive_eager,0,76,2,0,0,2,2,2,0,0,0,0,0,1,11.269413866102695
naive_eager,0,34,2,0,0,2,2,2,0,0,0,0,0,1,11.484063230454922
naive_eager,0,78,2,0,0,2,2,2,0,0,0,0,0,1,11.833209544420242
naive_eager,0,6,2,0,0,1,1,1,1,0,0,1,1,1,21.804708056151867
naive_eager,0,11,2,0,0,1,1,1,1,0,0,1,1,1,15.140228904783726
naive_eager,0,57,2,0,0,1,1,1,1,0,0,1,1,1,23.4290873631835
naive_eager,0,7,2,0,0,1,1,1,1,0,0,1,1,1,24.011767469346523
naive_eager,0,11,2,0,0,1,1,1,1,0,0,1,1,1,11.108361184597015
naive_eager,0,71,2,0,0,1,1,1,1,0,0,1,1,1,11.086855083703995
naive_eager,0,47,1,0,0,1,1,1,0,0,0,0,0,1,11.31127867847681
naive_eager,0,57,2,0,0,1,1,1,1,0,0,1,1,1,10.732551105320454
naive_eager,0,69,2,0,0,1,1,1,1,0,0,1,1,1,11.042292229831219
naive_eager,0,68,2,0,0,1,1,1,1,0,0,1,1,1,10.866763070225716
naive_eager,0,118,2,0,0,1,1,1,1,0,0,1,1,1,11.245189234614372
naive_eager,0,118,2,0,0,1,1,1,1,0,0,1,1,1,11.637512594461441
naive_eager,0,117,2,0,0,2,1,1,1,0,1,0,1,1,15.853697434067726
naive_eager,0,57,2,0,0,2,1,1,1,0,1,0,1,1,24.923628196120262
naive_eager,0,57,2,0,0,2,1,1,1,0,1,0,1,1,31.3894497230649
naive_eager,0,117,2,0,0,2,1,1,1,0,1,0,1,1,27.431508526206017
naive_eager,0,19,2,0,0,1,1,1,1,0,0,1,1,1,10.922661051154137
naive_eager,0,95,2,0,0,2,2,2,0,0,0,0,0,1,10.565191507339478
naive_eager,0,68,2,0,0,2,1,1,1,0,1,0,1,1,10.703617706894875
naive_eager,0,22,2,0,0,2,2,2,0,0,0,0,0,1,11.210081167519093
naive_eager,0,7,2,0,0,2,1,1,1,0,1,0,1,1,11.1660435795784
naive_eager,0,19,2,0,0,1,1,1,1,0,0,1,1,1,11.425531469285488
naive_eager,0,14,2,1,0,1,1,1,1,0,0,0,1,1,12.167462147772312
naive_eager,0,122,2,0,0,2,2,2,0,0,0,0,0,1,12.5424200668931
naive_eager,0,18,2,0,0,2,2,2,0,0,0,0,0,1,12.863068841397762
naive_eager,0,71,2,0,0,2,1,1,1,0,1,0,1,1,12.583782896399498
naive_eager,0,120,1,0,0,1,1,1,0,0,0,0,0,1,11.71101164072752
naive_eager,0,117,2,0,0,2,1,1,1,0,1,0,1,1,11.512397788465023
naive_eager,0,119,2,0,0,2,2,1,1,0,1,0,1,1,12.381759472191334
naive_eager,0,19,2,0,0,1,1,1,1,0,0,1,1,1,21.4763255789876
naive_eager,0,57,2,0,0,2,1,1,1,0,1,0,1,1,21.58122230321169
naive_eager,0,45,2,0,0,2,1,1,1,0,1,0,1,1,30.864765867590904
naive_eager,0,5,2,0,0,2,2,2,0,0,0,0,0,1,11.589444242417812
naive_eager,0,68,2,0,0,2,2,1,1,0,1,0,1,1,11.806861497461796
naive_eager,0,14,2,1,0,1,1,1,1,0,0,0,1,1,11.825687251985073
naive_eager,0,45,2,0,0,2,1,1,1,0,1,0,1,1,12.080333195626736
naive_eager,0,11,2,0,0,2,1,1,1,0,1,0,1,1,11.590395122766495
naive_eager,0,51,2,1,0,1,1,1,1,0,0,0,1,1,10.911590419709682
naive_eager,0,57,2,0,0,2,1,1,1,0,1,0,1,1,11.19384914636612
naive_eager,0,52,2,1,0,1,1,1,1,0,0,0,1,1,11.325021274387836
naive_eager,0,14,2,1,0,1,1,1,1,0,0,0,1,1,11.428547091782093
naive_eager,0,14,2,1,0,1,1,1,1,0,0,0,1,1,11.754014529287815
naive_eager,0,55,2,0,0,2,2,2,0,0,0,0,0,1,10.924359783530235
naive_eager,0,11,2,0,0,2,1,1,1,0,1,0,1,1,10.582886636257172
naive_eager,0,19,2,0,0,2,2,1,1,0,1,0,1,1,21.22653368860483
naive_eager,0,119,2,0,0,2,2,1,1,0,1,0,1,1,20.992149598896503
naive_eager,0,14,2,1,0,,,1,1,0,0,0,1,1,21.205123513936996
naive_eager,0,11,2,0,0,2,2,1,1,0,1,0,1,1,34.151324070990086
naive_eager,0,11,2,0,0,2,2,1,1,0,1,0,1,1,10.8285928145051
naive_eager,0,7,2,0,0,2,2,1,1,0,1,0,1,1,10.774768888950348
naive_eager,0,116,1,0,0,1,1,1,0,0,0,0,0,1,10.61300653964281
naive_eager,0,14,2,1,0,,,1,1,0,0,0,1,1,10.189737193286419
naive_eager,0,69,2,0,0,2,2,1,1,0,1,0,1,1,9.707530029118061
naive_eager,0,19,2,0,0,2,2,1,1,0,1,0,1,1,9.346491657197475
naive_eager,0,88,2,0,0,2,2,1,1,0,1,0,1,1,10.600556619465351
naive_eager,0,11,2,0,0,2,2,1,1,0,1,0,1,1,10.723475366830826
naive_eager,0,68,2,0,0,2,2,1,1,0,1,0,1,1,10.26768609881401
naive_eager,0,69,2,0,0,2,2,1,1,0,1,0,1,1,10.861799120903015
naive_eager,0,7,2,0,0,2,2,2,0,0,0,0,0,0,4.474017769098282
naive_eager,0,6,2,0,0,2,2,2,0,0,0,0,0,0,13.982497155666351
naive_eager,0,19,2,0,0,2,2,2,0,0,0,0,0,0,14.504635706543922
naive_eager,0,45,2,0,0,2,2,2,0,0,0,0,0,0,10.749789886176586
naive_eager,0,51,2,1,0,,,,0,0,0,0,0,1,10.89747715741396
naive_eager,0,16,2,0,0,2,2,2,0,0,0,0,0,1,10.223181918263435
naive_eager,0,30,2,0,0,2,2,2,0,0,0,0,0,1,10.809031315147877
naive_eager,0,119,2,0,0,2,2,2,0,0,0,0,0,1,10.523868724703789
naive_eager,0,125,2,0,0,1,1,1,1,0,0,1,1,1,11.431682854890823
naive_eager,0,17,2,0,0,1,1,1,1,0,0,1,1,1,20.87724581360817
naive_eager,0,8,2,1,0,1,1,1,1,0,0,0,1,1,21.07925806194544
naive_eager,0,8,2,1,0,1,1,1,1,0,0,0,1,1,30.26547934859991
naive_eager,0,55,2,0,0,2,2,2,0,0,0,0,0,1,11.205132119357586
naive_eager,0,31,2,0,0,1,1,1,1,0,0,1,1,1,11.239576153457165
naive_eager,0,125,2,0,0,1,1,1,1,0,0,1,1,1,11.280132457613945
naive_eager,0,75,2,1,0,1,1,1,1,0,0,0,1,1,11.2353740260005
naive_eager,0,25,2,0,0,2,2,2,0,0,0,0,0,1,11.056334711611271
naive_eager,0,71,2,0,0,2,2,2,0,0,0,0,0,1,11.640251614153385
naive_eager,0,120,2,0,0,1,1,1,1,0,0,1,1,1,11.706635355949402
naive_eager,0,82,2,0,0,1,1,1,1,0,0,1,1,1,11.83572132140398
naive_eager,0,8,2,1,0,1,1,1,1,0,0,0,1,1,12.081819586455822
naive_eager,0,8,2,1,0,1,1,1,1,0,0,0,1,1,11.289045214653015
naive_eager,0,85,1,0,0,1,1,1,0,0,0,0,0,1,17.37998239696026
naive_eager,0,84,2,0,0,1,1,1,1,0,0,1,1,1,27.53062266856432
naive_eager,0,98,2,0,0,1,1,1,1,0,0,1,1,1,16.026190482079983
naive_eager,0,107,2,0,0,2,1,1,1,0,1,0,1,1,30.557353049516678
naive_eager,0,107,2,0,0,2,1,1,1,0,1,0,1,1,10.811828076839447
naive_eager,0,42,2,0,0,2,1,1,1,0,1,0,1,1,10.706792585551739
naive_eager,0,120,2,0,0,2,1,1,1,0,1,0,1,1,11.120574548840523
naive_eager,0,82,2,0,0,2,1,1,1,0,1,0,1,1,11.37197483330965
naive_eager,0,84,2,0,0,1,1,1,1,0,0,1,1,1,11.132605373859406
naive_eager,0,8,2,1,0,1,1,1,1,0,0,0,1,1,11.053618974983692
naive_eager,0,98,2,0,0,1,1,1,1,0,0,1,1,1,11.061392724514008
naive_eager,0,43,2,0,0,2,2,2,0,0,0,0,0,1,10.848300531506538
naive_eager,0,107,2,0,0,2,1,1,1,0,1,0,1,1,10.470308363437653
naive_eager,0,82,2,0,0,2,1,1,1,0,1,0,1,1,17.757567577064037
naive_eager,0,17,2,0,0,1,1,1,1,0,0,1,1,1,33.950941637158394
naive_eager,0,73,2,0,0,2,2,1,1,0,1,0,1,1,34.68325361609459
naive_eager,0,66,2,1,0,1,1,1,1,0,0,0,1,1,46.17571085691452
naive_eager,0,20,2,0,0,2,2,2,0,0,0,0,0,1,27.224195189774036
naive_eager,0,44,2,0,0,2,1,1,1,0,1,0,1,1,27.35854499042034
naive_eager,0,44,2,0,0,2,1,1,1,0,1,0,1,1,30.170121230185032
naive_eager,0,66,2,1,0,,,1,1,0,0,0,1,1,49.15787372738123
naive_eager,0,73,2,0,0,2,2,1,1,0,1,0,1,1,44.1387752071023
naive_eager,0,27,2,0,0,2,2,1,1,0,1,0,1,1,64.7189263254404
naive_eager,0,27,2,0,0,2,2,1,1,0,1,0,1,1,63.72465193271637
naive_eager,0,73,2,0,0,2,2,1,1,0,1,0,1,1,44.428884983062744
naive_eager,0,28,2,0,0,2,2,2,0,0,0,0,0,1,32.62188099324703
naive_eager,0,115,2,1,0,,,,0,0,0,0,0,0,23.96577876061201
naive_eager,0,73,2,0,0,2,2,2,0,0,0,0,0,0,11.985896155238152
naive_eager,0,116,1,0,0,1,1,1,0,0,0,0,0,0,22.58677128702402
naive_eager,0,66,2,1,0,,,,0,0,0,0,0,1,13.437455520033836
naive_eager,0,98,2,0,0,2,2,2,0,0,0,0,0,1,12.37221248447895
naive_eager,0,20,2,0,0,2,2,2,0,0,0,0,0,1,11.848551221191883
naive_eager,0,17,2,0,0,2,2,2,0,0,0,0,0,1,11.604296043515205
naive_eager,0,108,2,0,0,1,1,1,1,0,0,1,1,1,21.725181490182877
naive_eager,0,85,2,0,0,1,1,1,1,0,0,1,1,1,18.407654017210007
naive_eager,0,83,2,0,0,1,1,1,1,0,0,1,1,1,25.356515310704708
naive_eager,0,86,2,0,0,1,1,1,1,0,0,1,1,1,22.089796140789986
naive_eager,0,85,2,0,0,1,1,1,1,0,0,1,1,1,11.894466355443
naive_eager,0,102,2,0,0,1,1,1,1,0,0,1,1,1,13.043459504842758
naive_eager,0,99,2,0,0,2,2,2,0,0,0,0,0,1,13.887369073927402
naive_eager,0,67,2,1,0,1,1,1,1,0,0,0,1,1,15.050465241074562
naive_eager,0,86,2,0,0,1,1,1,1,0,0,1,1,1,16.60292036831379
naive_eager,0,85,2,0,0,1,1,1,1,0,0,1,1,1,18.187159672379494
naive_eager,0,54,2,0,0,2,2,2,0,0,0,0,0,1,19.34373751282692
naive_eager,0,69,2,0,0,2,2,2,0,0,0,0,0,1,45.27056310325861
naive_eager,0,113,2,0,0,2,2,2,0,0,0,0,0,1,45.30453495681286
naive_eager,0,108,2,0,0,2,1,1,1,0,1,0,1,1,45.22841889411211
naive_eager,0,102,2,0,0,1,1,1,1,0,0,1,1,1,40.895198471844196
naive_eager,0,108,2,0,0,2,1,1,1,0,1,0,1,1,19.434023648500443
naive_eager,0,119,2,0,0,2,2,2,0,0,0,0,0,1,19.29563470184803
naive_eager,0,0,2,0,0,1,1,1,1,0,0,1,1,1,19.192978739738464
naive_eager,0,97,2,0,0,1,1,1,1,0,0,1,1,1,19.027522765100002
naive_eager,0,87,2,0,0,2,1,1,1,0,1,0,1,1,20.054597407579422
naive_eager,0,38,2,1,0,,,,0,0,0,0,0,1,39.891804568469524
naive_eager,0,33,2,1,0,,,,0,0,0,0,0,1,35.39614379405975
naive_eager,0,83,2,0,0,2,1,1,1,0,1,0,1,1,59.31707099080086
naive_eager,0,68,2,0,0,2,2,2,0,0,0,0,0,1,66.88889302313328
naive_eager,0,102,2,0,0,1,1,1,1,0,0,1,1,1,45.206356793642044
naive_eager,0,102,2,0,0,1,1,1,1,0,0,1,1,1,40.89407995343208
naive_eager,0,47,2,0,0,1,1,1,1,0,0,1,1,1,33.41195359826088
naive_eager,0,116,2,1,0,,,1,1,0,0,0,1,1,21.219613030552864
naive_eager,0,67,2,1,0,,,1,1,0,0,0,1,1,41.52653273195028
naive_eager,0,77,2,1,0,,,1,1,0,0,0,1,1,34.61116645485163
naive_eager,0,83,2,0,0,2,2,1,1,0,1,0,1,1,26.33462566882372
naive_eager,0,83,2,0,0,2,2,1,1,0,1,0,1,1,10.983253829181194
naive_eager,0,97,2,0,0,2,2,1,1,0,1,0,1,1,11.10096275806427
naive_eager,0,108,2,0,0,2,2,1,1,0,1,0,1,1,10.48237830400467
naive_eager,0,35,2,0,0,2,2,1,1,0,1,0,1,1,10.749378241598606
naive_eager,0,35,2,0,0,2,2,1,1,0,1,0,1,1,11.030511930584908
naive_eager,0,40,2,1,0,,,1,1,0,0,0,1,1,10.44545415788889
naive_eager,0,83,2,0,0,2,2,1,1,0,1,0,1,1,10.747741907835007
naive_eager,0,40,2,1,0,,,1,1,0,0,0,1,1,11.621763929724693
naive_eager,0,116,2,1,0,,,1,1,0,0,0,1,1,11.630321852862835
naive_eager,0,64,2,1,0,,,,0,0,0,0,0,0,7.845072075724602
naive_eager,0,111,2,0,0,2,2,2,0,0,0,0,0,0,14.54744953662157
naive_eager,0,40,2,1,0,,,,0,0,0,0,0,0,10.658776387572289
naive_eager,0,40,2,1,0,,,,0,0,0,0,0,0,10.224509052932262
naive_eager,0,85,2,0,0,2,2,2,0,0,0,0,0,0,10.51532756537199
naive_eager,0,40,2,1,0,,,,0,0,0,0,0,0,10.539516806602478
naive_eager,0,40,2,1,0,,,,0,0,0,0,0,0,9.921565651893616
naive_eager,0,4,2,0,0,2,2,2,0,0,0,0,0,0,10.66772360354662
naive_eager,0,90,2,0,0,2,2,2,0,0,0,0,0,0,10.754990391433239
naive_eager,0,35,2,0,0,2,2,2,0,0,0,0,0,0,11.007793247699738
naive_eager,0,29,2,0,0,2,2,2,0,0,0,0,0,0,10.809944011271
naive_eager,0,86,2,0,0,2,2,2,0,0,0,0,0,0,11.158072389662266
naive_eager,0,102,2,0,0,2,2,2,0,0,0,0,0,0,10.963494889438152
naive_eager,0,37,2,0,0,2,2,2,0,0,0,0,0,0,10.27228869497776
naive_eager,0,35,2,0,0,2,2,2,0,0,0,0,0,0,10.487579740583897
naive_eager,0,116,2,1,0,,,,0,0,0,0,0,0,10.839863680303097
naive_eager,0,32,2,0,0,2,2,2,0,0,0,0,0,0,10.737434029579163
naive_eager,0,85,2,0,0,2,2,2,0,0,0,0,0,0,10.660780593752861
naive_eager,0,41,2,0,0,2,2,2,0,0,0,0,0,0,10.64197439700365
naive_eager,0,67,2,1,0,,,,0,0,0,0,0,0,10.051995515823364
naive_eager,0,116,2,1,0,,,,0,0,0,0,0,0,10.630588978528976
naive_eager,0,86,2,0,0,2,2,2,0,0,0,0,0,0,10.03567036241293
naive_eager,0,0,2,0,0,2,2,2,0,0,0,0,0,0,10.701144114136696
naive_eager,0,85,2,0,0,2,2,2,0,0,0,0,0,0,9.99055989086628
naive_eager,0,69,2,0,0,2,2,2,0,0,0,0,0,0,10.649068281054497
naive_eager,0,77,2,1,0,,,,0,0,0,0,0,0,10.316861793398857
naive_eager,0,97,2,0,0,2,2,2,0,0,0,0,0,0,10.145102627575397
naive_eager,0,86,2,0,0,2,2,2,0,0,0,0,0,0,10.287958197295666
naive_eager,0,87,2,0,0,2,2,2,0,0,0,0,0,0,10.79579722136259
naive_eager,0,45,2,0,0,2,2,2,0,0,0,0,0,0,10.871700011193752
naive_eager,0,86,2,0,0,2,2,2,0,0,0,0,0,0,10.627800598740578
naive_eager,0,83,2,0,0,2,2,2,0,0,0,0,0,0,11.272107250988483
naive_eager,0,116,2,1,0,,,,0,0,0,0,0,0,11.566562578082085
naive_eager,0,87,2,0,0,2,2,2,0,0,0,0,0,0,11.218897067010403
naive_eager,0,47,2,0,0,2,2,2,0,0,0,0,0,0,11.337276548147202
naive_eager,1,48,1,0,0,1,1,1,0,0,0,0,0,1,3.143719397485256
naive_eager,1,48,1,0,0,1,1,1,0,0,0,0,0,1,6.413542665541172
naive_eager,1,41,1,0,0,1,1,1,0,0,0,0,0,1,10.07702387869358
naive_eager,1,64,1,0,0,1,1,1,0,0,0,0,0,1,13.346865773200989
naive_eager,1,93,1,0,0,1,1,1,0,0,0,0,0,1,20.810453221201897
naive_eager,1,63,1,0,0,1,1,1,0,0,0,0,0,1,33.72487984597683
naive_eager,1,31,1,0,0,1,1,1,0,0,0,0,0,1,29.475200921297073
naive_eager,1,26,2,0,0,1,1,1,1,0,0,1,1,1,37.789251655340195
naive_eager,1,49,2,1,0,1,1,1,1,0,0,0,1,1,12.26186566054821
naive_eager,1,31,1,0,0,1,1,1,0,0,0,0,0,1,12.706862762570381
naive_eager,1,49,2,1,0,1,1,1,1,0,0,0,1,1,12.341584078967571
naive_eager,1,54,2,0,0,1,1,1,1,0,0,1,1,1,11.456591077148914
naive_eager,1,7,2,0,0,1,1,1,1,0,0,1,1,1,11.335878632962704
naive_eager,1,89,1,0,0,1,1,1,0,0,0,0,0,1,10.463681071996689
naive_eager,1,120,1,0,0,1,1,1,0,0,0,0,0,1,11.055951938033104
naive_eager,1,43,2,0,0,1,1,1,1,0,0,1,1,1,10.842343792319298
naive_eager,1,50,1,0,0,1,1,1,0,0,0,0,0,1,11.700279079377651
naive_eager,1,43,2,0,0,2,1,1,1,0,1,0,1,1,24.14036449044943
naive_eager,1,73,1,0,0,1,1,1,0,0,0,0,0,1,30.074619688093662
naive_eager,1,99,2,0,0,2,1,1,1,0,1,0,1,1,36.73660475760698
naive_eager,1,106,1,0,0,1,1,1,0,0,0,0,0,1,10.55578701198101
naive_eager,1,86,2,0,0,1,1,1,1,0,0,1,1,1,10.501825250685215
naive_eager,1,99,2,0,0,2,1,1,1,0,1,0,1,1,10.237746872007847
naive_eager,1,124,1,0,0,1,1,1,0,0,0,0,0,1,10.900474153459072
naive_eager,1,86,2,0,0,1,1,1,1,0,0,1,1,1,12.072599492967129
naive_eager,1,26,2,0,0,1,1,1,1,0,0,1,1,1,12.748142704367638
naive_eager,1,14,2,0,0,2,1,1,1,0,1,0,1,1,12.132896110415459
naive_eager,1,14,2,0,0,2,1,1,1,0,1,0,1,1,11.766518466174603
naive_eager,1,14,2,0,0,2,1,1,1,0,1,0,1,1,10.341769084334373
naive_eager,1,8,2,0,0,1,1,1,1,0,0,1,1,1,10.49591600894928
naive_eager,1,49,2,1,0,1,1,1,1,0,0,0,1,1,10.631078854203224
naive_eager,1,43,2,0,0,2,1,1,1,0,1,0,1,1,10.739105753600597
naive_eager,1,67,2,1,0,1,1,1,1,0,0,0,1,1,10.768959298729897
naive_eager,1,125,1,0,0,1,1,1,0,0,0,0,0,1,31.348319724202156
naive_eager,1,36,2,0,0,1,1,1,1,0,0,1,1,1,31.53331857174635
naive_eager,1,43,2,0,0,2,1,1,1,0,1,0,1,1,29.35589198023081
naive_eager,1,54,2,0,0,1,1,1,1,0,0,1,1,1,34.490182995796204
naive_eager,1,3,2,0,0,2,2,1,1,0,1,0,1,1,11.189062148332596
naive_eager,1,62,2,0,0,2,2,1,1,0,1,0,1,1,10.95134112983942
naive_eager,1,99,2,0,0,2,2,1,1,0,1,0,1,1,10.69127582013607
naive_eager,1,72,2,0,0,1,1,1,1,0,0,1,1,1,10.957279242575169
naive_eager,1,67,2,1,0,1,1,1,1,0,0,0,1,1,11.160685680806637
naive_eager,1,79,2,1,0,1,1,1,1,0,0,0,1,1,10.871004313230515
naive_eager,1,87,1,0,0,1,1,1,0,0,0,0,0,1,11.088612489402294
naive_eager,1,71,1,0,0,1,1,1,0,0,0,0,0,1,11.343048885464668
naive_eager,1,49,2,1,0,1,1,1,1,0,0,0,1,1,11.021832935512066
naive_eager,1,79,2,1,0,1,1,1,1,0,0,0,1,1,10.94725914299488
naive_eager,1,49,2,1,0,1,1,1,1,0,0,0,1,1,10.592453181743622
naive_eager,1,8,2,0,0,2,2,1,1,0,1,0,1,1,15.644470229744911
naive_eager,1,36,2,0,0,2,2,1,1,0,1,0,1,1,20.956525579094887
naive_eager,1,23,1,0,0,1,1,1,0,0,0,0,0,1,27.128812856972218
naive_eager,1,126,2,0,0,2,2,1,1,0,1,0,1,1,32.29680471122265
naive_eager,1,118,1,0,0,1,1,1,0,0,0,0,0,1,10.657776147127151
naive_eager,1,103,1,0,0,1,1,1,0,0,0,0,0,1,10.817063972353935
naive_eager,1,54,2,0,0,2,2,1,1,0,1,0,1,1,10.137077420949936
naive_eager,1,110,1,0,0,1,1,1,0,0,0,0,0,1,10.441991500556469
naive_eager,1,76,1,0,0,1,1,1,0,0,0,0,0,1,10.687680914998055
naive_eager,1,55,1,0,0,1,1,1,0,0,0,0,0,1,9.906825609505177
naive_eager,1,93,1,0,0,1,1,1,0,0,0,0,0,1,11.039149947464466
naive_eager,1,79,2,1,0,,,1,1,0,0,0,1,1,11.088402941823006
naive_eager,1,99,2,0,0,2,2,2,0,0,0,0,0,0,11.149625293910503
naive_eager,1,99,2,0,0,2,2,2,0,0,0,0,0,0,11.23849768191576
naive_eager,1,79,2,1,0,,,,0,0,0,0,0,0,10.934784077107906
naive_eager,1,8,2,0,0,2,2,2,0,0,0,0,0,0,11.061442084610462
naive_eager,1,86,2,0,0,2,2,2,0,0,0,0,0,0,10.62020380049944
naive_eager,1,99,2,0,0,2,2,2,0,0,0,0,0,1,10.498447343707085
naive_eager,1,79,2,1,0,,,,0,0,0,0,0,1,10.835293680429459
naive_eager,1,66,1,0,0,1,1,1,0,0,0,0,0,1,10.165783576667309
naive_eager,1,121,2,0,0,1,1,1,1,0,0,1,1,1,17.978651449084282
naive_eager,1,113,2,0,0,1,1,1,1,0,0,1,1,1,17.967154271900654
naive_eager,1,59,1,0,0,1,1,1,0,0,0,0,0,1,18.72449181973934
naive_eager,1,97,2,0,0,1,1,1,1,0,0,1,1,1,30.20268026739359
naive_eager,1,66,2,0,0,1,1,1,1,0,0,1,1,1,10.862675495445728
naive_eager,1,66,2,0,0,1,1,1,1,0,0,1,1,1,10.69691963493824
naive_eager,1,80,1,0,0,1,1,1,0,0,0,0,0,1,10.93575730919838
naive_eager,1,66,2,0,0,1,1,1,1,0,0,1,1,1,11.474302969872952
naive_eager,1,45,2,0,0,1,1,1,1,0,0,1,1,1,12.15425692498684
naive_eager,1,94,1,0,0,1,1,1,0,0,0,0,0,1,11.947824619710445
naive_eager,1,88,2,0,0,1,1,1,1,0,0,1,1,1,10.898980312049389
naive_eager,1,97,2,0,0,1,1,1,1,0,0,1,1,1,11.248420923948288
naive_eager,1,87,1,0,0,1,1,1,0,0,0,0,0,1,11.24761626124382
naive_eager,1,61,2,1,0,1,1,1,1,0,0,0,1,1,19.862482324242592
naive_eager,1,21,2,0,0,2,1,1,1,0,1,0,1,1,26.39041095972061
naive_eager,1,26,2,0,0,2,2,2,0,0,0,0,0,1,18.282110802829266
naive_eager,1,4,2,0,0,1,1,1,1,0,0,1,1,1,35.796353593468666
naive_eager,1,113,2,0,0,2,1,1,1,0,1,0,1,1,11.00203301757574
naive_eager,1,4,2,0,0,1,1,1,1,0,0,1,1,1,11.011628434062004
naive_eager,1,113,2,0,0,2,1,1,1,0,1,0,1,1,11.05454657226801
naive_eager,1,66,2,0,0,1,1,1,1,0,0,1,1,1,11.006333865225315
naive_eager,1,4,2,0,0,1,1,1,1,0,0,1,1,1,10.760362260043621
naive_eager,1,71,2,0,0,2,1,1,1,0,1,0,1,1,11.146589182317257
naive_eager,1,82,1,0,0,1,1,1,0,0,0,0,0,1,10.614866390824318
naive_eager,1,84,1,0,0,1,1,1,0,0,0,0,0,1,11.035670526325703
naive_eager,1,81,2,1,0,1,1,1,1,0,0,0,1,1,11.132215149700642
naive_eager,1,21,2,0,0,2,1,1,1,0,1,0,1,1,10.905579663813114
naive_eager,1,116,1,0,0,1,1,1,0,0,0,0,0,1,10.839972645044327
naive_eager,1,99,2,0,0,2,2,2,0,0,0,0,0,1,10.330962017178535
naive_eager,1,81,2,1,0,1,1,1,1,0,0,0,1,1,15.617293305695057
naive_eager,1,66,2,0,0,1,1,1,1,0,0,1,1,1,22.452046163380146
naive_eager,1,6,1,0,0,1,1,1,0,0,0,0,0,1,28.973323293030262
naive_eager,1,71,2,0,0,2,1,1,1,0,1,0,1,1,23.514503613114357
naive_eager,1,81,2,1,0,1,1,1,1,0,0,0,1,1,12.583293952047825
naive_eager,1,118,1,0,0,1,1,1,0,0,0,0,0,1,11.906815692782402
naive_eager,1,89,2,0,0,1,1,1,1,0,0,1,1,1,11.127615347504616
naive_eager,1,81,2,1,0,1,1,1,1,0,0,0,1,1,11.114499531686306
naive_eager,1,66,2,0,0,1,1,1,1,0,0,1,1,1,10.465702041983604
naive_eager,1,96,2,0,0,2,2,1,1,0,1,0,1,1,10.704757645726204
naive_eager,1,34,1,0,0,1,1,1,0,0,0,0,0,1,10.906549170613289
naive_eager,1,81,2,1,0,1,1,1,1,0,0,0,1,1,10.937388986349106
naive_eager,1,4,2,0,0,1,1,1,1,0,0,1,1,1,10.690873488783836
naive_eager,1,89,2,0,0,2,2,1,1,0,1,0,1,1,24.491826072335243
naive_eager,1,97,2,0,0,2,2,1,1,0,1,0,1,1,24.53391719609499
naive_eager,1,71,2,0,0,2,2,1,1,0,1,0,1,1,22.004694677889347
naive_eager,1,51,2,0,0,2,2,1,1,0,1,0,1,1,26.965243741869926
naive_eager,1,51,2,0,0,2,2,1,1,0,1,0,1,1,10.835288092494011
naive_eager,1,97,2,0,0,2,2,1,1,0,1,0,1,1,10.508823208510876
naive_eager,1,66,2,0,0,2,2,1,1,0,1,0,1,1,10.754970833659172
naive_eager,1,4,2,0,0,2,2,1,1,0,1,0,1,1,10.742608457803726
naive_eager,1,66,2,0,0,2,2,1,1,0,1,0,1,1,10.612551122903824
naive_eager,1,29,2,0,0,2,2,1,1,0,1,0,1,1,10.767766274511814
naive_eager,1,81,2,1,0,,,1,1,0,0,0,1,1,10.390851646661758
naive_eager,1,106,1,0,0,1,1,1,0,0,0,0,0,1,10.8567476272583
naive_eager,1,51,2,0,0,2,2,1,1,0,1,0,1,1,11.185341514647007
naive_eager,1,34,1,0,0,1,1,1,0,0,0,0,0,1,11.100886389613152
naive_eager,1,94,1,0,0,1,1,1,0,0,0,0,0,0,7.659134455025196
naive_eager,1,51,2,0,0,2,2,2,0,0,0,0,0,0,8.111044764518738
naive_eager,1,121,2,0,0,2,2,2,0,0,0,0,0,0,17.553369514644146
naive_eager,1,18,2,0,0,2,2,2,0,0,0,0,0,0,11.439546942710876
naive_eager,1,71,2,0,0,2,2,2,0,0,0,0,0,1,11.139707639813423
naive_eager,1,97,2,0,0,2,2,2,0,0,0,0,0,1,11.481638066470623
naive_eager,1,45,2,0,0,2,2,2,0,0,0,0,0,1,10.534077882766724
naive_eager,1,96,2,0,0,2,2,2,0,0,0,0,0,1,10.865889489650726
naive_eager,1,108,2,0,0,1,1,1,1,0,0,1,1,1,14.63107205927372
naive_eager,1,108,2,0,0,1,1,1,1,0,0,1,1,1,20.649341866374016
naive_eager,1,120,2,0,0,1,1,1,1,0,0,1,1,1,26.43531933426857
naive_eager,1,93,2,0,0,1,1,1,1,0,0,1,1,1,20.966499112546444
naive_eager,1,13,2,0,0,1,1,1,1,0,0,1,1,1,10.65072976052761
naive_eager,1,15,2,0,0,1,1,1,1,0,0,1,1,1,11.06076780706644
naive_eager,1,115,2,0,0,1,1,1,1,0,0,1,1,1,11.315097101032734
naive_eager,1,61,2,1,0,,,,0,0,0,0,0,1,10.865617543458939
naive_eager,1,17,2,0,0,1,1,1,1,0,0,1,1,1,10.881295427680016
naive_eager,1,5,2,0,0,1,1,1,1,0,0,1,1,1,11.11274491995573
naive_eager,1,93,2,0,0,1,1,1,1,0,0,1,1,1,10.545861907303333
naive_eager,1,17,2,0,0,1,1,1,1,0,0,1,1,1,10.863873176276684
naive_eager,1,77,2,0,0,1,1,1,1,0,0,1,1,1,10.571339167654514
naive_eager,1,41,2,0,0,1,1,1,1,0,0,1,1,1,10.94132661819458
naive_eager,1,41,2,0,0,2,1,1,1,0,1,0,1,1,11.909564957022667
naive_eager,1,70,2,1,0,1,1,1,1,0,0,0,1,1,29.34304252266884
naive_eager,1,33,1,0,0,1,1,1,0,0,0,0,0,1,29.7583332285285
naive_eager,1,125,1,0,0,1,1,1,0,0,0,0,0,1,29.631713405251503
naive_eager,1,70,2,1,0,1,1,1,1,0,0,0,1,1,11.561021208763123
naive_eager,1,120,2,0,0,1,1,1,1,0,0,1,1,1,11.518439278006554
naive_eager,1,47,2,0,0,1,1,1,1,0,0,1,1,1,11.835676617920399
naive_eager,1,59,2,1,0,1,1,1,1,0,0,0,1,1,11.738458648324013
naive_eager,1,108,2,0,0,2,1,1,1,0,1,0,1,1,11.41894981265068
naive_eager,1,13,2,0,0,1,1,1,1,0,0,1,1,1,11.040429584681988
naive_eager,1,77,2,0,0,2,1,1,1,0,1,0,1,1,10.859915055334568
naive_eager,1,108,2,0,0,2,2,1,1,0,1,0,1,1,17.450825311243534
naive_eager,1,123,1,0,0,1,1,1,0,0,0,0,0,1,24.381698109209538
naive_eager,1,37,2,0,0,1,1,1,1,0,0,1,1,1,21.495136432349682
naive_eager,1,13,2,0,0,1,1,1,1,0,0,1,1,1,21.960175596177578
naive_eager,1,30,1,0,0,1,1,1,0,0,0,0,0,1,11.191917583346367
naive_eager,1,127,1,0,0,1,1,1,0,0,0,0,0,1,10.89748740196228
naive_eager,1,42,2,0,0,1,1,1,1,0,0,1,1,1,10.358416475355625
naive_eager,1,4,2,0,0,2,2,2,0,0,0,0,0,1,10.266494937241077
naive_eager,1,59,2,1,0,1,1,1,1,0,0,0,1,1,10.554910637438297
naive_eager,1,38,1,0,0,1,1,1,0,0,0,0,0,1,11.090024374425411
naive_eager,1,5,2,0,0,1,1,1,1,0,0,1,1,1,11.12680695950985
naive_eager,1,77,2,0,0,2,2,1,1,0,1,0,1,1,10.858481749892235
naive_eager,1,0,1,0,0,1,1,1,0,0,0,0,0,1,11.250621639192104
naive_eager,1,37,2,0,0,1,1,1,1,0,0,1,1,1,10.860561393201351
naive_eager,1,13,2,0,0,1,1,1,1,0,0,1,1,1,10.349866934120655
naive_eager,1,13,2,0,0,1,1,1,1,0,0,1,1,1,10.081283748149872
naive_eager,1,2,1,0,0,1,1,1,0,0,0,0,0,1,10.902469046413898
naive_eager,1,41,2,0,0,2,2,1,1,0,1,0,1,1,15.620597638189793
naive_eager,1,44,1,0,0,1,1,1,0,0,0,0,0,1,31.382042914628983
naive_eager,1,15,2,0,0,2,2,1,1,0,1,0,1,1,31.970113515853882
naive_eager,1,115,2,0,0,2,2,1,1,0,1,0,1,1,32.48630743473768
naive_eager,1,42,2,0,0,2,2,1,1,0,1,0,1,1,15.86179994046688
naive_eager,1,42,2,0,0,2,2,1,1,0,1,0,1,1,11.227679438889027
naive_eager,1,108,2,0,0,2,2,1,1,0,1,0,1,1,11.143987067043781
naive_eager,1,42,2,0,0,2,2,1,1,0,1,0,1,1,10.546409524977207
naive_eager,1,115,2,0,0,2,2,1,1,0,1,0,1,1,10.757092386484146
naive_eager,1,47,2,0,0,2,2,1,1,0,1,0,1,1,10.89866179972887
naive_eager,1,93,2,0,0,2,2,1,1,0,1,0,1,1,11.188268661499023
naive_eager,1,41,2,0,0,2,2,1,1,0,1,0,1,1,11.12816110253334
naive_eager,1,77,2,0,0,2,2,1,1,0,1,0,1,1,11.260656639933586
naive_eager,1,37,2,0,0,2,2,1,1,0,1,0,1,1,11.352244764566422
naive_eager,1,96,2,0,0,2,2,2,0,0,0,0,0,1,11.038006283342838
naive_eager,1,115,2,0,0,2,2,2,0,0,0,0,0,0,11.054476723074913
naive_eager,1,37,2,0,0,2,2,2,0,0,0,0,0,0,7.332736626267433
naive_eager,1,126,2,0,0,2,2,2,0,0,0,0,0,0,13.954021967947483
naive_eager,1,84,1,0,0,1,1,1,0,0,0,0,0,0,10.01811120659113
naive_eager,1,13,2,0,0,2,2,2,0,0,0,0,0,0,10.077767074108124
naive_eager,1,76,1,0,0,1,1,1,0,0,0,0,0,1,10.570080019533634
naive_eager,1,106,1,0,0,1,1,1,0,0,0,0,0,1,10.973838157951832
naive_eager,1,5,2,0,0,2,2,2,0,0,0,0,0,1,10.946822352707386
naive_eager,1,37,2,0,0,2,2,2,0,0,0,0,0,1,14.2576415091753
naive_eager,1,64,2,0,0,1,1,1,1,0,0,1,1,1,15.422491356730461
naive_eager,1,122,1,0,0,1,1,1,0,0,0,0,0,1,23.70720449835062
naive_eager,1,67,2,1,0,,,,0,0,0,0,0,1,29.912238009274006
naive_eager,1,94,2,0,0,1,1,1,1,0,0,1,1,1,10.649451985955238
naive_eager,1,91,2,0,0,1,1,1,1,0,0,1,1,1,10.958031751215458
naive_eager,1,80,2,0,0,1,1,1,1,0,0,1,1,1,10.816812515258789
naive_eager,1,111,2,0,0,1,1,1,1,0,0,1,1,1,11.543660424649715
naive_eager,1,111,2,0,0,1,1,1,1,0,0,1,1,1,11.862285435199738
naive_eager,1,106,1,0,0,1,1,1,0,0,0,0,0,1,12.410994619131088
naive_eager,1,94,2,0,0,1,1,1,1,0,0,1,1,1,12.253712862730026
naive_eager,1,94,2,0,0,1,1,1,1,0,0,1,1,1,11.464159935712814
naive_eager,1,80,2,0,0,1,1,1,1,0,0,1,1,1,11.238041333854198
naive_eager,1,91,2,0,0,1,1,1,1,0,0,1,1,1,10.956487618386745
naive_eager,1,111,2,0,0,1,1,1,1,0,0,1,1,1,10.462426580488682
naive_eager,1,27,2,0,0,1,1,1,1,0,0,1,1,1,20.069198682904243
naive_eager,1,50,1,0,0,1,1,1,0,0,0,0,0,1,25.988804176449776
naive_eager,1,64,2,0,0,1,1,1,1,0,0,1,1,1,32.55658783018589
naive_eager,1,111,2,0,0,1,1,1,1,0,0,1,1,1,21.577710285782814
naive_eager,1,90,2,0,0,1,1,1,1,0,0,1,1,1,10.81976667046547
naive_eager,1,68,2,0,0,2,1,1,1,0,1,0,1,1,11.736025102436543
naive_eager,1,91,2,0,0,2,1,1,1,0,1,0,1,1,11.7334658280015
naive_eager,1,94,2,0,0,1,1,1,1,0,0,1,1,1,11.676761321723461
naive_eager,1,88,2,0,0,2,2,2,0,0,0,0,0,1,10.56666485965252
naive_eager,1,14,2,0,0,2,2,2,0,0,0,0,0,1,11.281327344477177
naive_eager,1,22,2,1,0,1,1,1,1,0,0,0,1,1,11.178778484463692
naive_eager,1,20,2,0,0,1,1,1,1,0,0,1,1,1,18.21968425065279
naive_eager,1,109,2,1,0,1,1,1,1,0,0,0,1,1,17.670697532594204
naive_eager,1,80,2,0,0,2,2,1,1,0,1,0,1,1,27.554727159440517
naive_eager,1,27,2,0,0,1,1,1,1,0,0,1,1,1,21.425874903798103
naive_eager,1,109,2,1,0,1,1,1,1,0,0,0,1,1,11.155623942613602
naive_eager,1,80,2,0,0,2,2,1,1,0,1,0,1,1,11.862254701554775
naive_eager,1,52,2,0,0,1,1,1,1,0,0,1,1,1,11.210747063159943
naive_eager,1,27,2,0,0,1,1,1,1,0,0,1,1,1,11.662828736007214
naive_eager,1,68,2,0,0,2,1,1,1,0,1,0,1,1,11.368422769010067
naive_eager,1,27,2,0,0,1,1,1,1,0,0,1,1,1,11.1538115888834
naive_eager,1,116,2,0,0,2,2,1,1,0,1,0,1,1,10.859117843210697
naive_eager,1,58,1,0,0,1,1,1,0,0,0,0,0,1,10.414667427539825
naive_eager,1,116,2,0,0,2,2,1,1,0,1,0,1,1,10.106535628437996
naive_eager,1,22,2,1,0,1,1,1,1,0,0,0,1,1,10.50816010683775
naive_eager,1,44,1,0,0,1,1,1,0,0,0,0,0,1,10.52818913012743
naive_eager,1,64,2,0,0,1,1,1,1,0,0,1,1,1,11.240260675549507
naive_eager,1,9,2,0,0,2,2,1,1,0,1,0,1,1,26.364811696112156
naive_eager,1,104,1,0,0,1,1,1,0,0,0,0,0,1,26.657902635633945
naive_eager,1,90,2,0,0,2,2,1,1,0,1,0,1,1,26.780324056744576
naive_eager,1,90,2,0,0,2,2,1,1,0,1,0,1,1,26.687823235988617
naive_eager,1,116,2,0,0,2,2,1,1,0,1,0,1,1,11.196544393897057
naive_eager,1,20,2,0,0,2,2,1,1,0,1,0,1,1,11.282219551503658
naive_eager,1,116,2,0,0,2,2,1,1,0,1,0,1,1,11.106203310191631
naive_eager,1,94,2,0,0,2,2,1,1,0,1,0,1,1,11.249635368585587
naive_eager,1,116,2,0,0,2,2,1,1,0,1,0,1,1,11.030549183487892
naive_eager,1,80,2,0,0,2,2,1,1,0,1,0,1,1,10.31104102730751
naive_eager,1,79,2,1,0,,,,0,0,0,0,0,1,10.586435906589031
naive_eager,1,91,2,0,0,2,2,1,1,0,1,0,1,1,10.522774420678616
naive_eager,1,116,2,0,0,2,2,2,0,0,0,0,0,0,10.697854682803154
naive_eager,1,80,2,0,0,2,2,2,0,0,0,0,0,0,10.507417842745781
naive_eager,1,64,2,0,0,2,2,2,0,0,0,0,0,0,10.414084419608116
naive_eager,1,90,2,0,0,2,2,2,0,0,0,0,0,0,10.563256219029427
naive_eager,1,116,2,0,0,2,2,2,0,0,0,0,0,1,11.163685470819473
naive_eager,1,33,2,0,0,2,2,2,0,0,0,0,0,1,11.267906986176968
naive_eager,1,64,2,0,0,2,2,2,0,0,0,0,0,1,11.203824542462826
naive_eager,1,62,2,0,0,2,2,2,0,0,0,0,0,1,11.711660772562027
naive_eager,1,117,2,0,0,1,1,1,1,0,0,1,1,1,14.167429879307747
naive_eager,1,49,2,1,0,,,,0,0,0,0,0,1,23.647427558898926
naive_eager,1,56,1,0,0,1,1,1,0,0,0,0,0,1,17.8891709074378
naive_eager,1,63,2,1,0,1,1,1,1,0,0,0,1,1,26.274459436535835
naive_eager,1,46,2,0,0,1,1,1,1,0,0,1,1,1,10.498527437448502
naive_eager,1,60,2,0,0,1,1,1,1,0,0,1,1,1,10.39885077625513
naive_eager,1,34,2,0,0,1,1,1,1,0,0,1,1,1,9.930945001542568
naive_eager,1,84,1,0,0,1,1,1,0,0,0,0,0,1,10.820070281624794
naive_eager,1,101,2,0,0,1,1,1,1,0,0,1,1,1,10.485383681952953
naive_eager,1,101,2,0,0,1,1,1,1,0,0,1,1,1,11.006668210029602
naive_eager,1,63,2,1,0,1,1,1,1,0,0,0,1,1,10.674216784536839
naive_eager,1,47,2,0,0,2,2,2,0,0,0,0,0,1,10.751795955002308
naive_eager,1,67,2,1,0,,,,0,0,0,0,0,1,10.143880732357502
naive_eager,1,101,2,0,0,1,1,1,1,0,0,1,1,1,10.944624431431293
naive_eager,1,101,2,0,0,1,1,1,1,0,0,1,1,1,21.88409585505724
naive_eager,1,20,2,0,0,2,2,2,0,0,0,0,0,1,13.992085121572018
naive_eager,1,73,2,0,0,2,1,1,1,0,1,0,1,1,24.554633535444736
naive_eager,1,60,2,0,0,1,1,1,1,0,0,1,1,1,33.763778395950794
naive_eager,1,56,1,0,0,1,1,1,0,0,0,0,0,1,10.067393071949482
naive_eager,1,124,1,0,0,1,1,1,0,0,0,0,0,1,10.276599787175655
naive_eager,1,32,2,0,0,2,1,1,1,0,1,0,1,1,10.46521682292223
naive_eager,1,101,2,0,0,1,1,1,1,0,0,1,1,1,10.785927064716816
naive_eager,1,11,1,0,0,1,1,1,0,0,0,0,0,1,11.5473298355937
naive_eager,1,73,2,0,0,2,1,1,1,0,1,0,1,1,11.173149570822716
naive_eager,1,65,2,0,0,2,1,1,1,0,1,0,1,1,11.394651606678963
naive_eager,1,117,2,0,0,1,1,1,1,0,0,1,1,1,11.238745413720608
naive_eager,1,90,2,0,0,2,2,2,0,0,0,0,0,1,10.612551122903824
naive_eager,1,32,2,0,0,2,1,1,1,0,1,0,1,1,10.301654227077961
naive_eager,1,117,2,0,0,1,1,1,1,0,0,1,1,1,10.369667783379555
naive_eager,1,40,2,1,0,1,1,1,1,0,0,0,1,1,20.239252597093582
naive_eager,1,60,2,0,0,1,1,1,1,0,0,1,1,1,15.241076238453388
naive_eager,1,65,2,0,0,2,2,1,1,0,1,0,1,1,24.008968845009804
naive_eager,1,32,2,0,0,2,1,1,1,0,1,0,1,1,23.324535228312016
naive_eager,1,23,1,0,0,1,1,1,0,0,0,0,0,1,10.736883617937565
naive_eager,1,63,2,1,0,1,1,1,1,0,0,0,1,1,10.918810032308102
naive_eager,1,65,2,0,0,2,2,1,1,0,1,0,1,1,11.008163914084435
naive_eager,1,104,2,0,0,2,1,1,1,0,1,0,1,1,11.284375563263893
naive_eager,1,105,2,0,0,1,1,1,1,0,0,1,1,1,11.159529909491539
naive_eager,1,83,1,0,0,1,1,1,0,0,0,0,0,1,11.121516115963459
naive_eager,1,101,2,0,0,1,1,1,1,0,0,1,1,1,11.265819892287254
naive_eager,1,32,2,0,0,2,1,1,1,0,1,0,1,1,11.035843752324581
naive_eager,1,34,2,0,0,1,1,1,1,0,0,1,1,1,10.708796791732311
naive_eager,1,6,2,0,0,2,2,1,1,0,1,0,1,1,10.641515254974365
naive_eager,1,22,2,1,0,,,,0,0,0,0,0,1,10.099787265062332
naive_eager,1,69,1,0,0,1,1,1,0,0,0,0,0,1,17.744041979312897
naive_eager,1,104,2,0,0,2,2,1,1,0,1,0,1,1,27.155698277056217
naive_eager,1,6,2,0,0,2,2,1,1,0,1,0,1,1,22.088147699832916
naive_eager,1,95,2,0,0,2,2,1,1,0,1,0,1,1,34.34499725699425
naive_eager,1,118,1,0,0,1,1,1,0,0,0,0,0,1,13.95729836076498
naive_eager,1,127,1,0,0,1,1,1,0,0,0,0,0,1,14.651901088654995
naive_eager,1,121,2,0,0,2,2,2,0,0,0,0,0,1,10.809521190822124
naive_eager,1,17,2,0,0,2,2,2,0,0,0,0,0,1,11.045830324292183
naive_eager,1,34,2,0,0,2,2,1,1,0,1,0,1,1,10.469121858477592
naive_eager,1,60,2,0,0,2,2,1,1,0,1,0,1,1,10.48202533274889
naive_eager,1,63,2,1,0,,,1,1,0,0,0,1,1,10.113107971847057
naive_eager,1,34,2,0,0,2,2,1,1,0,1,0,1,1,10.827568359673023
naive_eager,1,111,2,0,0,2,2,2,0,0,0,0,0,1,10.853762738406658
naive_eager,1,2,2,1,0,,,,0,0,0,0,0,0,7.813603617250919
naive_eager,1,116,2,0,0,2,2,2,0,0,0,0,0,0,13.55995237827301
naive_eager,1,84,1,0,0,1,1,1,0,0,0,0,0,0,10.555853135883808
naive_eager,1,40,2,1,0,,,,0,0,0,0,0,0,9.772260673344135
naive_eager,1,32,2,0,0,2,2,2,0,0,0,0,0,0,10.397779755294323
naive_eager,1,65,2,0,0,2,2,2,0,0,0,0,0,1,10.6242336332798
naive_eager,1,73,2,0,0,2,2,2,0,0,0,0,0,1,10.703543201088905
naive_eager,1,40,2,1,0,,,,0,0,0,0,0,1,10.261345654726028
naive_eager,1,102,2,0,0,1,1,1,1,0,0,1,1,1,17.683460377156734
naive_eager,1,44,2,0,0,1,1,1,1,0,0,1,1,1,23.541557602584362
naive_eager,1,25,2,0,0,1,1,1,1,0,0,1,1,1,20.94021625816822
naive_eager,1,38,2,0,0,1,1,1,1,0,0,1,1,1,21.149312146008015
naive_eager,1,19,2,1,0,1,1,1,1,0,0,0,1,1,11.007043533027172
naive_eager,1,96,2,0,0,2,2,2,0,0,0,0,0,1,10.887224227190018
naive_eager,1,30,2,0,0,1,1,1,1,0,0,1,1,1,10.942603461444378
naive_eager,1,38,2,0,0,1,1,1,1,0,0,1,1,1,10.531948879361153
naive_eager,1,112,2,0,0,1,1,1,1,0,0,1,1,1,10.868498124182224
naive_eager,1,50,2,0,0,1,1,1,1,0,0,1,1,1,10.800573974847794
naive_eager,1,108,2,0,0,2,2,2,0,0,0,0,0,1,10.4971406981349
naive_eager,1,123,2,1,0,1,1,1,1,0,0,0,1,1,11.273974552750587
naive_eager,1,22,2,1,0,,,,0,0,0,0,0,1,10.93786209821701
naive_eager,1,125,2,0,0,1,1,1,1,0,0,1,1,1,10.840879753232002
naive_eager,1,85,1,0,0,1,1,1,0,0,0,0,0,1,11.322643607854843
naive_eager,1,110,2,0,0,2,2,2,0,0,0,0,0,1,11.04532741010189
naive_eager,1,48,2,1,0,1,1,1,1,0,0,0,1,1,11.325952596962452
naive_eager,1,112,2,0,0,2,1,1,1,0,1,0,1,1,21.732749417424202
naive_eager,1,38,2,0,0,2,1,1,1,0,1,0,1,1,21.74900844693184
naive_eager,1,19,2,1,0,1,1,1,1,0,0,0,1,1,31.142435036599636
naive_eager,1,102,2,0,0,2,1,1,1,0,1,0,1,1,19.98087391257286
naive_eager,1,100,2,0,0,2,1,1,1,0,1,0,1,1,10.88697463274002
naive_eager,1,92,2,0,0,2,1,1,1,0,1,0,1,1,10.986614972352982
naive_eager,1,17,2,0,0,2,2,2,0,0,0,0,0,1,10.994033887982368
naive_eager,1,116,2,0,0,2,2,2,0,0,0,0,0,1,10.541058145463467
naive_eager,1,48,2,1,0,1,1,1,1,0,0,0,1,1,10.711774230003357
naive_eager,1,87,2,0,0,2,1,1,1,0,1,0,1,1,10.786433704197407
naive_eager,1,92,2,0,0,2,1,1,1,0,1,0,1,1,11.018399149179459
naive_eager,1,25,2,0,0,1,1,1,1,0,0,1,1,1,11.044844053685665
naive_eager,1,25,2,0,0,1,1,1,1,0,0,1,1,1,11.087548919022083
naive_eager,1,100,2,0,0,2,1,1,1,0,1,0,1,1,17.799047753214836
naive_eager,1,102,2,0,0,2,1,1,1,0,1,0,1,1,18.405970185995102
naive_eager,1,120,2,0,0,2,2,2,0,0,0,0,0,1,19.213697873055935
naive_eager,1,50,2,0,0,1,1,1,1,0,0,1,1,1,30.219764448702335
naive_eager,1,19,2,1,0,1,1,1,1,0,0,0,1,1,10.8841797336936
naive_eager,1,123,2,1,0,1,1,1,1,0,0,0,1,1,11.26156933605671
naive_eager,1,100,2,0,0,2,1,1,1,0,1,0,1,1,11.364894919097424
naive_eager,1,21,2,0,0,2,2,2,0,0,0,0,0,1,11.525833047926426
naive_eager,1,125,2,0,0,1,1,1,1,0,0,1,1,1,11.377652175724506
naive_eager,1,107,2,0,0,2,1,1,1,0,1,0,1,1,10.466918349266052
naive_eager,1,87,2,0,0,2,1,1,1,0,1,0,1,1,10.532400570809841
naive_eager,1,57,1,0,0,1,1,1,0,0,0,0,0,1,10.65793726593256
naive_eager,1,30,2,0,0,2,1,1,1,0,1,0,1,1,10.23885328322649
naive_eager,1,28,1,0,0,1,1,1,0,0,0,0,0,1,10.643179528415203
naive_eager,1,92,2,0,0,2,1,1,1,0,1,0,1,1,10.603585280478
naive_eager,1,30,2,0,0,2,1,1,1,0,1,0,1,1,10.598152875900269
naive_eager,1,68,2,0,0,2,2,2,0,0,0,0,0,1,18.15722230821848
naive_eager,1,84,1,0,0,1,1,1,0,0,0,0,0,1,24.09766148775816
naive_eager,1,102,2,0,0,2,2,1,1,0,1,0,1,1,30.684025958180428
naive_eager,1,25,2,0,0,2,2,1,1,0,1,0,1,1,36.474838852882385
naive_eager,1,125,2,0,0,2,2,1,1,0,1,0,1,1,10.896214284002781
naive_eager,1,125,2,0,0,2,2,1,1,0,1,0,1,1,10.500823147594929
naive_eager,1,125,2,0,0,2,2,1,1,0,1,0,1,1,11.169771663844585
naive_eager,1,19,2,1,0,,,1,1,0,0,0,1,1,10.527045466005802
naive_eager,1,107,2,0,0,2,2,1,1,0,1,0,1,1,10.275112465023994
naive_eager,1,38,2,0,0,2,2,1,1,0,1,0,1,1,10.512923821806908
naive_eager,1,67,2,1,0,,,,0,0,0,0,0,1,10.532974265515804
naive_eager,1,44,2,0,0,2,2,1,1,0,1,0,1,1,11.116080917418003
naive_eager,1,38,2,0,0,2,2,1,1,0,1,0,1,1,10.597613640129566
naive_eager,1,38,2,0,0,2,2,1,1,0,1,0,1,1,10.726037435233593
naive_eager,1,87,2,0,0,2,2,1,1,0,1,0,1,1,11.038673110306263
naive_eager,1,27,2,0,0,2,2,2,0,0,0,0,0,0,10.335355065762997
naive_eager,1,100,2,0,0,2,2,2,0,0,0,0,0,0,10.762348771095276
naive_eager,1,92,2,0,0,2,2,2,0,0,0,0,0,0,11.682439595460892
naive_eager,1,107,2,0,0,2,2,2,0,0,0,0,0,0,11.233096942305565
naive_eager,1,37,2,0,0,2,2,2,0,0,0,0,0,1,12.26064097136259
naive_eager,1,48,2,1,0,,,,0,0,0,0,0,1,11.455036699771881
naive_eager,1,112,2,0,0,2,2,2,0,0,0,0,0,1,10.627467185258865
naive_eager,1,124,1,0,0,1,1,1,0,0,0,0,0,1,11.105411686003208
naive_eager,1,76,2,1,0,1,1,1,1,0,0,0,1,1,20.67419607192278
naive_eager,1,118,2,0,0,1,1,1,1,0,0,1,1,1,15.37816971540451
naive_eager,1,69,2,1,0,1,1,1,1,0,0,0,1,1,20.336734130978584
naive_eager,1,10,2,0,0,1,1,1,1,0,0,1,1,1,26.07252076268196
naive_eager,1,76,2,1,0,1,1,1,1,0,0,0,1,1,11.08348835259676
naive_eager,1,86,2,0,0,2,2,2,0,0,0,0,0,1,11.012565344572067
naive_eager,1,69,2,1,0,1,1,1,1,0,0,0,1,1,10.6354346498847
naive_eager,1,83,2,0,0,1,1,1,1,0,0,1,1,1,10.573205538094044
naive_eager,1,118,2,0,0,1,1,1,1,0,0,1,1,1,10.241014882922173
naive_eager,1,74,2,0,0,1,1,1,1,0,0,1,1,1,10.324012488126755
naive_eager,1,56,1,0,0,1,1,1,0,0,0,0,0,1,10.804918594658375
naive_eager,1,1,2,0,0,1,1,1,1,0,0,1,1,1,10.232186876237392
naive_eager,1,82,1,0,0,1,1,1,0,0,0,0,0,1,10.911677032709122
naive_eager,1,99,2,0,0,2,2,2,0,0,0,0,0,1,10.880369693040848
naive_eager,1,69,2,1,0,1,1,1,1,0,0,0,1,1,10.0965341553092
naive_eager,1,10,2,0,0,1,1,1,1,0,0,1,1,1,10.740487836301327
naive_eager,1,75,2,0,0,1,1,1,1,0,0,1,1,1,10.97217295318842
naive_eager,1,47,2,0,0,2,2,2,0,0,0,0,0,1,21.560149267315865
naive_eager,1,23,2,0,0,2,1,1,1,0,1,0,1,1,22.01144304126501
naive_eager,1,122,2,0,0,2,1,1,1,0,1,0,1,1,18.317827954888344
naive_eager,1,108,2,0,0,2,2,2,0,0,0,0,0,1,35.319591872394085
naive_eager,1,16,2,0,0,2,1,1,1,0,1,0,1,1,11.88313402235508
naive_eager,1,83,2,0,0,2,1,1,1,0,1,0,1,1,11.21786329895258
naive_eager,1,12,2,0,0,1,1,1,1,0,0,1,1,1,11.005056090652943
naive_eager,1,95,2,0,0,2,2,2,0,0,0,0,0,1,11.131752282381058
naive_eager,1,36,2,0,0,2,2,2,0,0,0,0,0,1,10.953227058053017
naive_eager,1,86,2,0,0,2,2,2,0,0,0,0,0,1,11.201034300029278
naive_eager,1,45,2,0,0,2,2,2,0,0,0,0,0,1,11.195272207260132
naive_eager,1,120,2,0,0,2,2,2,0,0,0,0,0,1,11.075150221586227
naive_eager,1,103,2,1,0,1,1,1,1,0,0,0,1,1,10.86269598454237
naive_eager,1,75,2,0,0,1,1,1,1,0,0,1,1,1,10.72598434984684
naive_eager,1,103,2,1,0,1,1,1,1,0,0,0,1,1,10.661005973815918
naive_eager,1,124,1,0,0,1,1,1,0,0,0,0,0,1,10.766846127808094
naive_eager,1,12,2,0,0,1,1,1,1,0,0,1,1,1,10.171234607696533
naive_eager,1,75,2,0,0,1,1,1,1,0,0,1,1,1,18.355711363255978
naive_eager,1,118,2,0,0,2,1,1,1,0,1,0,1,1,15.36545529961586
naive_eager,1,116,2,0,0,2,2,2,0,0,0,0,0,1,21.570869721472263
naive_eager,1,93,2,0,0,2,2,2,0,0,0,0,0,1,30.459513887763023
naive_eager,1,28,2,1,0,1,1,1,1,0,0,0,1,1,10.9483003616333
naive_eager,1,12,2,0,0,1,1,1,1,0,0,1,1,1,10.854787193238735
naive_eager,1,23,2,0,0,2,2,1,1,0,1,0,1,1,10.412584990262985
naive_eager,1,39,2,0,0,2,1,1,1,0,1,0,1,1,10.567877441644669
naive_eager,1,16,2,0,0,2,1,1,1,0,1,0,1,1,11.018252931535244
naive_eager,1,18,2,0,0,2,2,2,0,0,0,0,0,1,10.72927750647068
naive_eager,1,13,2,0,0,2,2,2,0,0,0,0,0,1,10.883284732699394
naive_eager,1,94,2,0,0,2,2,2,0,0,0,0,0,1,11.177312582731247
naive_eager,1,16,2,0,0,2,1,1,1,0,1,0,1,1,10.869300924241543
naive_eager,1,118,2,0,0,2,1,1,1,0,1,0,1,1,10.592525824904442
naive_eager,1,84,2,0,0,2,2,1,1,0,1,0,1,1,18.441003747284412
naive_eager,1,11,1,0,0,1,1,1,0,0,0,0,0,1,24.84489604830742
naive_eager,1,84,2,0,0,2,2,1,1,0,1,0,1,1,34.37764197587967
naive_eager,1,76,2,1,0,,,1,1,0,0,0,1,1,34.63357128202915
naive_eager,1,75,2,0,0,2,2,1,1,0,1,0,1,1,10.94862911850214
naive_eager,1,118,2,0,0,2,2,1,1,0,1,0,1,1,11.170817539095879
naive_eager,1,10,2,0,0,2,2,1,1,0,1,0,1,1,11.0230203717947
naive_eager,1,75,2,0,0,2,2,1,1,0,1,0,1,1,10.549062862992287
naive_eager,1,118,2,0,0,2,2,1,1,0,1,0,1,1,11.230037547647953
naive_eager,1,39,2,0,0,2,2,1,1,0,1,0,1,1,11.317020282149315
naive_eager,1,83,2,0,0,2,2,1,1,0,1,0,1,1,10.98043005913496
naive_eager,1,65,2,0,0,2,2,2,0,0,0,0,0,1,10.890357196331024
naive_eager,1,18,2,0,0,2,2,2,0,0,0,0,0,1,11.15814596414566
naive_eager,1,28,2,1,0,,,1,1,0,0,0,1,1,11.149889789521694
naive_eager,1,1,2,0,0,2,2,1,1,0,1,0,1,1,11.021296493709087
naive_eager,1,69,2,1,0,,,,0,0,0,0,0,0,10.970516130328178
naive_eager,1,16,2,0,0,2,2,2,0,0,0,0,0,0,7.6376162469387054
naive_eager,1,28,2,1,0,,,,0,0,0,0,0,0,13.856525532901287
naive_eager,1,28,2,1,0,,,,0,0,0,0,0,0,10.675004683434963
naive_eager,1,57,1,0,0,1,1,1,0,0,0,0,0,0,9.954813867807388
naive_eager,1,1,2,0,0,2,2,2,0,0,0,0,0,1,10.78514102846384
naive_eager,1,80,2,0,0,2,2,2,0,0,0,0,0,1,10.026179254055023
naive_eager,1,10,2,0,0,2,2,2,0,0,0,0,0,1,11.429418809711933
naive_eager,1,31,2,0,0,1,1,1,1,0,0,1,1,1,15.334852039813995
naive_eager,1,114,2,0,0,1,1,1,1,0,0,1,1,1,24.44564923644066
naive_eager,1,124,2,1,0,1,1,1,1,0,0,0,1,1,25.13828780502081
naive_eager,1,67,2,1,0,,,,0,0,0,0,0,1,22.18009252101183
naive_eager,1,127,2,0,0,1,1,1,1,0,0,1,1,1,12.238116934895515
naive_eager,1,12,2,0,0,2,2,2,0,0,0,0,0,1,11.299354024231434
naive_eager,1,115,2,0,0,2,2,2,0,0,0,0,0,1,11.237811297178268
naive_eager,1,85,2,0,0,1,1,1,1,0,0,1,1,1,10.778999887406826
naive_eager,1,127,2,0,0,1,1,1,1,0,0,1,1,1,10.614892467856407
naive_eager,1,0,2,1,0,1,1,1,1,0,0,0,1,1,10.527134872972965
naive_eager,1,24,2,1,0,1,1,1,1,0,0,0,1,1,10.487639345228672
naive_eager,1,4,2,0,0,2,2,2,0,0,0,0,0,1,10.814626701176167
naive_eager,1,24,2,1,0,1,1,1,1,0,0,0,1,1,10.776418261229992
naive_eager,1,57,2,0,0,1,1,1,1,0,0,1,1,1,10.827519930899143
naive_eager,1,58,2,1,0,1,1,1,1,0,0,0,1,1,21.920977160334587
naive_eager,1,57,2,0,0,1,1,1,1,0,0,1,1,1,21.518285386264324
naive_eager,1,118,2,0,0,2,2,2,0,0,0,0,0,1,31.32297471165657
naive_eager,1,112,2,0,0,2,2,2,0,0,0,0,0,1,19.074134528636932
naive_eager,1,82,2,0,0,2,1,1,1,0,1,0,1,1,11.313237249851227
naive_eager,1,58,2,1,0,1,1,1,1,0,0,0,1,1,11.214490048587322
naive_eager,1,78,2,0,0,2,1,1,1,0,1,0,1,1,10.980064980685711
naive_eager,1,114,2,0,0,2,1,1,1,0,1,0,1,1,11.101574636995792
naive_eager,1,78,2,0,0,2,1,1,1,0,1,0,1,1,10.818108916282654
naive_eager,1,31,2,0,0,1,1,1,1,0,0,1,1,1,10.882663540542126
naive_eager,1,11,2,0,0,1,1,1,1,0,0,1,1,1,10.895350947976112
naive_eager,1,124,2,1,0,1,1,1,1,0,0,0,1,1,10.884557850658894
naive_eager,1,124,2,1,0,1,1,1,1,0,0,0,1,1,11.305609717965126
naive_eager,1,114,2,0,0,2,1,1,1,0,1,0,1,1,10.875728912651539
naive_eager,1,90,2,0,0,2,2,2,0,0,0,0,0,1,11.84758823364973
naive_eager,1,4,2,0,0,2,2,2,0,0,0,0,0,1,11.8613475933671
naive_eager,1,0,2,1,0,1,1,1,1,0,0,0,1,1,20.196433179080486
naive_eager,1,23,2,0,0,2,2,2,0,0,0,0,0,1,16.66784379631281
naive_eager,1,24,2,1,0,1,1,1,1,0,0,0,1,1,29.170203022658825
naive_eager,1,124,2,1,0,1,1,1,1,0,0,0,1,1,25.759966112673283
naive_eager,1,119,2,0,0,1,1,1,1,0,0,1,1,1,11.138330213725567
naive_eager,1,114,2,0,0,2,2,1,1,0,1,0,1,1,10.570293292403221
naive_eager,1,80,2,0,0,2,2,2,0,0,0,0,0,1,10.27299091219902
naive_eager,1,117,2,0,0,2,2,2,0,0,0,0,0,1,10.937302373349667
naive_eager,1,21,2,0,0,2,2,2,0,0,0,0,0,1,10.877314954996109
naive_eager,1,58,2,1,0,1,1,1,1,0,0,0,1,1,10.389226488769054
naive_eager,1,98,2,0,0,2,1,1,1,0,1,0,1,1,10.762476362287998
naive_eager,1,112,2,0,0,2,2,2,0,0,0,0,0,1,10.80822292715311
naive_eager,1,31,2,0,0,1,1,1,1,0,0,1,1,1,11.073780246078968
naive_eager,1,11,2,0,0,2,2,1,1,0,1,0,1,1,24.415520019829273
naive_eager,1,13,2,0,0,2,2,2,0,0,0,0,0,1,24.60739854723215
naive_eager,1,64,2,0,0,2,2,2,0,0,0,0,0,1,24.416713044047356
naive_eager,1,98,2,0,0,2,2,1,1,0,1,0,1,1,23.45579769462347
naive_eager,1,56,2,0,0,2,2,1,1,0,1,0,1,1,10.75394731014967
naive_eager,1,31,2,0,0,2,2,1,1,0,1,0,1,1,10.1321991533041
naive_eager,1,11,2,0,0,2,2,1,1,0,1,0,1,1,10.526617988944054
naive_eager,1,51,2,0,0,2,2,2,0,0,0,0,0,1,10.404563508927822
naive_eager,1,127,2,0,0,2,2,1,1,0,1,0,1,1,10.769548825919628
naive_eager,1,11,2,0,0,2,2,1,1,0,1,0,1,1,10.77352650463581
naive_eager,1,28,2,1,0,,,,0,0,0,0,0,1,11.56359538435936
naive_eager,1,19,2,1,0,,,,0,0,0,0,0,1,11.572453193366528
naive_eager,1,127,2,0,0,2,2,1,1,0,1,0,1,1,10.890722274780273
naive_eager,1,119,2,0,0,2,2,1,1,0,1,0,1,1,11.075248941779137
naive_eager,1,124,2,1,0,,,1,1,0,0,0,1,1,10.34656073898077
naive_eager,1,66,2,0,0,2,2,2,0,0,0,0,0,1,10.428194887936115
naive_eager,1,10,2,0,0,2,2,2,0,0,0,0,0,1,10.446031577885151
naive_eager,1,67,2,1,0,,,,0,0,0,0,0,0,9.991399943828583
naive_eager,1,124,2,1,0,,,,0,0,0,0,0,0,10.479590855538845
naive_eager,1,31,2,0,0,2,2,2,0,0,0,0,0,0,9.566805325448513
naive_eager,1,127,2,0,0,2,2,2,0,0,0,0,0,0,10.692602954804897
naive_eager,1,57,2,0,0,2,2,2,0,0,0,0,0,0,10.373874567449093
naive_eager,1,53,2,0,0,2,2,2,0,0,0,0,0,0,11.34775672107935
naive_eager,1,11,2,0,0,2,2,2,0,0,0,0,0,0,11.434907093644142
naive_eager,1,79,2,1,0,,,,0,0,0,0,0,0,11.083513498306274
naive_eager,1,11,2,0,0,2,2,2,0,0,0,0,0,0,11.272581294178963
naive_eager,1,0,2,1,0,,,,0,0,0,0,0,0,11.409242637455463
naive_eager,1,85,2,0,0,2,2,2,0,0,0,0,0,0,11.410356499254704
naive_eager,1,57,2,0,0,2,2,2,0,0,0,0,0,0,11.877769604325294
naive_eager,1,96,2,0,0,2,2,2,0,0,0,0,0,0,11.835983954370022
naive_eager,1,0,2,1,0,,,,0,0,0,0,0,0,11.539972387254238
naive_eager,1,101,2,0,0,2,2,2,0,0,0,0,0,0,11.277850717306137
naive_eager,1,103,2,1,0,,,,0,0,0,0,0,0,11.155307292938232
naive_eager,1,82,2,0,0,2,2,2,0,0,0,0,0,0,10.76805405318737
naive_eager,1,120,2,0,0,2,2,2,0,0,0,0,0,0,10.301725938916206
naive_eager,1,24,2,1,0,,,,0,0,0,0,0,0,9.76896844804287
naive_eager,1,57,2,0,0,2,2,2,0,0,0,0,0,0,10.608385317027569
naive_eager,1,114,2,0,0,2,2,2,0,0,0,0,0,0,10.538453236222267
naive_eager,1,119,2,0,0,2,2,2,0,0,0,0,0,0,10.721003636717796
naive_eager,1,82,2,0,0,2,2,2,0,0,0,0,0,0,10.186287574470043
naive_eager,1,18,2,0,0,2,2,2,0,0,0,0,0,0,10.840740986168385
naive_eager,1,94,2,0,0,2,2,2,0,0,0,0,0,0,10.373339056968689
naive_eager,1,0,2,1,0,,,,0,0,0,0,0,0,10.517468675971031
naive_eager,1,82,2,0,0,2,2,2,0,0,0,0,0,0,11.715345084667206
naive_eager,1,53,2,0,0,2,2,2,0,0,0,0,0,0,11.788902804255486
naive_eager,1,127,2,0,0,2,2,2,0,0,0,0,0,0,12.295817956328392
naive_eager,1,68,2,0,0,2,2,2,0,0,0,0,0,0,11.773408390581608
naive_eager,1,58,2,1,0,,,,0,0,0,0,0,0,11.495508253574371
naive_eager,1,85,2,0,0,2,2,2,0,0,0,0,0,0,11.725897900760174
naive_eager,1,53,2,0,0,2,2,2,0,0,0,0,0,0,11.830801144242287
naive_eager,2,90,1,0,0,1,1,1,0,0,0,0,0,1,3.24373971670866
naive_eager,2,112,1,0,0,1,1,1,0,0,0,0,0,1,6.3784075900912285
naive_eager,2,51,1,0,0,1,1,1,0,0,0,0,0,1,9.419847279787064
naive_eager,2,10,1,0,0,1,1,1,0,0,0,0,0,1,12.361576780676842
naive_eager,2,19,2,0,0,1,1,1,1,0,0,1,1,1,32.62189216911793
naive_eager,2,17,2,0,0,1,1,1,1,0,0,1,1,1,32.3311872780323
naive_eager,2,17,2,0,0,1,1,1,1,0,0,1,1,1,31.979873776435852
naive_eager,2,84,1,0,0,1,1,1,0,0,0,0,0,1,32.156482338905334
naive_eager,2,26,1,0,0,1,1,1,0,0,0,0,0,1,11.116186156868935
naive_eager,2,115,2,0,0,1,1,1,1,0,0,1,1,1,10.591021738946438
naive_eager,2,32,2,0,0,1,1,1,1,0,0,1,1,1,11.482300236821175
naive_eager,2,92,2,0,0,1,1,1,1,0,0,1,1,1,11.6078807041049
naive_eager,2,38,2,0,0,1,1,1,1,0,0,1,1,1,10.986726731061935
naive_eager,2,32,2,0,0,1,1,1,1,0,0,1,1,1,11.280178092420101
naive_eager,2,59,1,0,0,1,1,1,0,0,0,0,0,1,10.42251382023096
naive_eager,2,0,1,0,0,1,1,1,0,0,0,0,0,1,10.745265521109104
naive_eager,2,30,2,0,0,1,1,1,1,0,0,1,1,1,10.660320520401001
naive_eager,2,16,2,0,0,1,1,1,1,0,0,1,1,1,10.709303431212902
naive_eager,2,66,1,0,0,1,1,1,0,0,0,0,0,1,10.900543071329594
naive_eager,2,92,2,0,0,2,1,1,1,0,1,0,1,1,25.86916647851467
naive_eager,2,87,2,0,0,2,1,1,1,0,1,0,1,1,18.726035952568054
naive_eager,2,42,2,0,0,2,1,1,1,0,1,0,1,1,35.33643763512373
naive_eager,2,115,2,0,0,2,1,1,1,0,1,0,1,1,32.8723369166255
naive_eager,2,86,2,0,0,2,1,1,1,0,1,0,1,1,11.014151386916637
naive_eager,2,8,1,0,0,1,1,1,0,0,0,0,0,1,11.015885509550571
naive_eager,2,49,1,0,0,1,1,1,0,0,0,0,0,1,11.209240183234215
naive_eager,2,74,1,0,0,1,1,1,0,0,0,0,0,1,11.17818895727396
naive_eager,2,0,1,0,0,1,1,1,0,0,0,0,0,1,10.996486991643906
naive_eager,2,115,2,0,0,2,1,1,1,0,1,0,1,1,10.818026028573513
naive_eager,2,17,2,0,0,1,1,1,1,0,0,1,1,1,11.47726085036993
naive_eager,2,121,2,1,0,1,1,1,1,0,0,0,1,1,26.86148788779974
naive_eager,2,22,2,0,0,2,2,1,1,0,1,0,1,1,32.80643466860056
naive_eager,2,42,2,0,0,2,2,1,1,0,1,0,1,1,29.66244053095579
naive_eager,2,32,2,0,0,2,1,1,1,0,1,0,1,1,42.38111153244972
naive_eager,2,118,1,0,0,1,1,1,0,0,0,0,0,1,11.117585003376007
naive_eager,2,17,2,0,0,1,1,1,1,0,0,1,1,1,11.485500261187553
naive_eager,2,75,1,0,0,1,1,1,0,0,0,0,0,1,11.330638080835342
naive_eager,2,86,2,0,0,2,2,1,1,0,1,0,1,1,10.715640150010586
naive_eager,2,30,2,0,0,2,1,1,1,0,1,0,1,1,11.468487791717052
naive_eager,2,6,1,0,0,1,1,1,0,0,0,0,0,1,11.560154147446156
naive_eager,2,69,2,0,0,1,1,1,1,0,0,1,1,1,10.80795656889677
naive_eager,2,42,2,0,0,2,2,1,1,0,1,0,1,1,11.073268949985504
naive_eager,2,122,1,0,0,1,1,1,0,0,0,0,0,1,10.71295514702797
naive_eager,2,27,2,1,0,,,1,1,0,0,0,1,1,40.256550535559654
naive_eager,2,30,2,0,0,2,2,1,1,0,1,0,1,1,34.14369095116854
naive_eager,2,22,2,0,0,2,2,1,1,0,1,0,1,1,43.060499243438244
naive_eager,2,17,2,0,0,2,2,1,1,0,1,0,1,1,43.62922627478838
naive_eager,2,22,2,0,0,2,2,1,1,0,1,0,1,1,11.75363827496767
naive_eager,2,19,2,0,0,2,2,1,1,0,1,0,1,1,10.922876186668873
naive_eager,2,115,2,0,0,2,2,1,1,0,1,0,1,1,11.716651730239391
naive_eager,2,22,2,0,0,2,2,1,1,0,1,0,1,1,11.434923857450485
naive_eager,2,87,2,0,0,2,2,1,1,0,1,0,1,1,11.555453762412071
naive_eager,2,19,2,0,0,2,2,1,1,0,1,0,1,1,11.006350629031658
naive_eager,2,85,1,0,0,1,1,1,0,0,0,0,0,1,10.800739750266075
naive_eager,2,27,2,1,0,,,1,1,0,0,0,1,1,11.083426885306835
naive_eager,2,33,1,0,0,1,1,1,0,0,0,0,0,1,10.974234901368618
naive_eager,2,30,2,0,0,2,2,1,1,0,1,0,1,1,11.033301241695881
naive_eager,2,30,2,0,0,2,2,1,1,0,1,0,1,1,10.712704621255398
naive_eager,2,92,2,0,0,2,2,1,1,0,1,0,1,1,11.415696702897549
naive_eager,2,115,2,0,0,2,2,2,0,0,0,0,0,0,8.25726892799139
naive_eager,2,87,2,0,0,2,2,2,0,0,0,0,0,0,14.479603618383408
naive_eager,2,87,2,0,0,2,2,2,0,0,0,0,0,0,10.966549627482891
naive_eager,2,49,1,0,0,1,1,1,0,0,0,0,0,0,10.765466839075089
naive_eager,2,86,2,0,0,2,2,2,0,0,0,0,0,1,10.737246833741665
naive_eager,2,17,2,0,0,2,2,2,0,0,0,0,0,1,10.786392726004124
naive_eager,2,56,2,0,0,2,2,2,0,0,0,0,0,1,11.770118959248066
naive_eager,2,30,2,0,0,2,2,2,0,0,0,0,0,1,11.648385785520077
naive_eager,2,71,1,0,0,1,1,1,0,0,0,0,0,1,15.065519139170647
naive_eager,2,57,2,0,0,1,1,1,1,0,0,1,1,1,14.551877975463867
naive_eager,2,112,2,0,0,1,1,1,1,0,0,1,1,1,25.077535770833492
naive_eager,2,57,2,0,0,1,1,1,1,0,0,1,1,1,31.12548589706421
naive_eager,2,57,2,0,0,1,1,1,1,0,0,1,1,1,11.054911650717258
naive_eager,2,96,2,0,0,1,1,1,1,0,0,1,1,1,11.20848674327135
naive_eager,2,23,2,0,0,1,1,1,1,0,0,1,1,1,10.363836772739887
naive_eager,2,93,2,0,0,1,1,1,1,0,0,1,1,1,11.043480597436428
naive_eager,2,108,1,0,0,1,1,1,0,0,0,0,0,1,10.926752351224422
naive_eager,2,83,2,0,0,1,1,1,1,0,0,1,1,1,10.902234353125095
naive_eager,2,96,2,0,0,1,1,1,1,0,0,1,1,1,10.980636812746525
naive_eager,2,1,1,0,0,1,1,1,0,0,0,0,0,1,11.386042460799217
naive_eager,2,59,1,0,0,1,1,1,0,0,0,0,0,1,19.665144383907318
naive_eager,2,74,2,0,0,1,1,1,1,0,0,1,1,1,21.601276472210884
naive_eager,2,76,2,0,0,2,1,1,1,0,1,0,1,1,36.27211507409811
naive_eager,2,35,2,0,0,2,1,1,1,0,1,0,1,1,42.26209409534931
naive_eager,2,18,2,0,0,1,1,1,1,0,0,1,1,1,17.95620284974575
naive_eager,2,57,2,0,0,2,1,1,1,0,1,0,1,1,11.155631393194199
naive_eager,2,104,2,0,0,2,1,1,1,0,1,0,1,1,10.913271456956863
naive_eager,2,79,2,0,0,2,1,1,1,0,1,0,1,1,10.673156008124352
naive_eager,2,112,2,0,0,1,1,1,1,0,0,1,1,1,12.29410246014595
naive_eager,2,18,2,0,0,1,1,1,1,0,0,1,1,1,15.3176449239254
naive_eager,2,48,1,0,0,1,1,1,0,0,0,0,0,1,15.53184725344181
naive_eager,2,57,2,0,0,2,1,1,1,0,1,0,1,1,15.221389941871166
naive_eager,2,79,2,0,0,2,2,1,1,0,1,0,1,1,28.991444036364555
naive_eager,2,76,2,0,0,2,1,1,1,0,1,0,1,1,18.47182121127844
naive_eager,2,57,2,0,0,2,1,1,1,0,1,0,1,1,31.5399207174778
naive_eager,2,77,1,0,0,1,1,1,0,0,0,0,0,1,10.879377834498882
naive_eager,2,88,2,0,0,2,2,1,1,0,1,0,1,1,11.283083818852901
naive_eager,2,74,2,0,0,1,1,1,1,0,0,1,1,1,10.821799747645855
naive_eager,2,35,2,0,0,2,1,1,1,0,1,0,1,1,11.506681330502033
naive_eager,2,91,1,0,0,1,1,1,0,0,0,0,0,1,11.27284299582243
naive_eager,2,39,2,1,0,1,1,1,1,0,0,0,1,1,11.185568757355213
naive_eager,2,111,2,1,0,1,1,1,1,0,0,0,1,1,11.015301570296288
naive_eager,2,39,2,1,0,1,1,1,1,0,0,0,1,1,11.024966835975647
naive_eager,2,111,2,1,0,1,1,1,1,0,0,0,1,1,10.936278849840164
naive_eager,2,76,2,0,0,2,1,1,1,0,1,0,1,1,10.590187273919582
naive_eager,2,74,2,0,0,1,1,1,1,0,0,1,1,1,10.631450451910496
naive_eager,2,30,2,0,0,2,2,2,0,0,0,0,0,1,10.846040211617947
naive_eager,2,76,2,0,0,2,1,1,1,0,1,0,1,1,11.157169006764889
naive_eager,2,103,2,0,0,2,2,1,1,0,1,0,1,1,15.564837493002415
naive_eager,2,47,1,0,0,1,1,1,0,0,0,0,0,1,21.245294250547886
naive_eager,2,112,2,0,0,2,2,1,1,0,1,0,1,1,27.370466850697994
naive_eager,2,28,1,0,0,1,1,1,0,0,0,0,0,1,33.12677890062332
naive_eager,2,83,2,0,0,2,2,1,1,0,1,0,1,1,11.790634132921696
naive_eager,2,96,2,0,0,2,2,1,1,0,1,0,1,1,11.515269055962563
naive_eager,2,57,2,0,0,2,2,1,1,0,1,0,1,1,11.434241198003292
naive_eager,2,93,2,0,0,2,2,1,1,0,1,0,1,1,11.32082287222147
naive_eager,2,112,2,0,0,2,2,1,1,0,1,0,1,1,10.73572225868702
naive_eager,2,88,2,0,0,2,2,1,1,0,1,0,1,1,9.60011500865221
naive_eager,2,23,2,0,0,2,2,1,1,0,1,0,1,1,10.934741236269474
naive_eager,2,76,2,0,0,2,2,1,1,0,1,0,1,1,10.998394340276718
naive_eager,2,38,2,0,0,2,2,2,0,0,0,0,0,1,10.855617001652718
naive_eager,2,88,2,0,0,2,2,1,1,0,1,0,1,1,11.108209379017353
naive_eager,2,104,2,0,0,2,2,1,1,0,1,0,1,1,11.00668404251337
naive_eager,2,112,2,0,0,2,2,1,1,0,1,0,1,1,10.76290849596262
naive_eager,2,23,2,0,0,2,2,1,1,0,1,0,1,1,11.17104571312666
naive_eager,2,39,2,1,0,,,,0,0,0,0,0,0,11.126676574349403
naive_eager,2,35,2,0,0,2,2,2,0,0,0,0,0,0,11.12433709204197
naive_eager,2,103,2,0,0,2,2,2,0,0,0,0,0,0,10.727926157414913
naive_eager,2,39,2,1,0,,,,0,0,0,0,0,0,11.018653400242329
naive_eager,2,18,2,0,0,2,2,2,0,0,0,0,0,1,10.939638130366802
naive_eager,2,105,1,0,0,1,1,1,0,0,0,0,0,1,10.75804140418768
naive_eager,2,102,1,0,0,1,1,1,0,0,0,0,0,1,10.143782943487167
naive_eager,2,74,2,0,0,2,2,2,0,0,0,0,0,1,10.062238201498985
naive_eager,2,91,2,0,0,1,1,1,1,0,0,1,1,1,14.614850282669067
naive_eager,2,28,2,1,0,1,1,1,1,0,0,0,1,1,20.2133571729064
naive_eager,2,119,2,1,0,1,1,1,1,0,0,0,1,1,17.121723853051662
naive_eager,2,100,1,0,0,1,1,1,0,0,0,0,0,1,29.94720172137022
naive_eager,2,85,2,0,0,1,1,1,1,0,0,1,1,1,10.942545719444752
naive_eager,2,13,1,0,0,1,1,1,0,0,0,0,0,1,10.941287502646446
naive_eager,2,124,1,0,0,1,1,1,0,0,0,0,0,1,11.09302882105112
naive_eager,2,53,1,0,0,1,1,1,0,0,0,0,0,1,10.767622850835323
naive_eager,2,10,2,0,0,1,1,1,1,0,0,1,1,1,11.205576360225677
naive_eager,2,28,2,1,0,1,1,1,1,0,0,0,1,1,10.97316388040781
naive_eager,2,6,2,0,0,1,1,1,1,0,0,1,1,1,11.631336063146591
naive_eager,2,106,2,0,0,2,1,1,1,0,1,0,1,1,26.81700326502323
naive_eager,2,91,2,0,0,2,1,1,1,0,1,0,1,1,22.866341285407543
naive_eager,2,67,2,0,0,1,1,1,1,0,0,1,1,1,29.650176875293255
naive_eager,2,71,2,0,0,1,1,1,1,0,0,1,1,1,22.249494679272175
naive_eager,2,6,2,0,0,2,1,1,1,0,1,0,1,1,11.702291667461395
naive_eager,2,46,2,0,0,2,1,1,1,0,1,0,1,1,11.18150819092989
naive_eager,2,91,2,0,0,2,1,1,1,0,1,0,1,1,11.181828565895557
naive_eager,2,10,2,0,0,2,1,1,1,0,1,0,1,1,11.785849928855896
naive_eager,2,91,2,0,0,2,1,1,1,0,1,0,1,1,11.102929711341858
naive_eager,2,113,2,0,0,2,1,1,1,0,1,0,1,1,11.009504087269306
naive_eager,2,10,2,0,0,2,1,1,1,0,1,0,1,1,11.018759571015835
naive_eager,2,4,2,0,0,1,1,1,1,0,0,1,1,1,10.196985676884651
naive_eager,2,105,1,0,0,1,1,1,0,0,0,0,0,1,10.557610541582108
naive_eager,2,103,2,0,0,2,2,2,0,0,0,0,0,1,18.373021855950356
naive_eager,2,71,2,0,0,1,1,1,1,0,0,1,1,1,24.15332291275263
naive_eager,2,28,2,1,0,1,1,1,1,0,0,0,1,1,21.982921287417412
naive_eager,2,75,1,0,0,1,1,1,0,0,0,0,0,1,22.206733003258705
naive_eager,2,12,1,0,0,1,1,1,0,0,0,0,0,1,10.959199629724026
naive_eager,2,81,2,0,0,2,1,1,1,0,1,0,1,1,11.317180469632149
naive_eager,2,43,1,0,0,1,1,1,0,0,0,0,0,1,11.34396344423294
naive_eager,2,81,2,0,0,2,1,1,1,0,1,0,1,1,11.677639558911324
naive_eager,2,6,2,0,0,2,1,1,1,0,1,0,1,1,12.0394891127944
naive_eager,2,60,1,0,0,1,1,1,0,0,0,0,0,1,11.43380906432867
naive_eager,2,67,2,0,0,1,1,1,1,0,0,1,1,1,11.894913390278816
naive_eager,2,67,2,0,0,1,1,1,1,0,0,1,1,1,11.737614870071411
naive_eager,2,60,1,0,0,1,1,1,0,0,0,0,0,1,11.264478787779808
naive_eager,2,5,2,0,0,2,2,1,1,0,1,0,1,1,21.102646365761757
naive_eager,2,10,2,0,0,2,2,1,1,0,1,0,1,1,21.20570745319128
naive_eager,2,47,2,0,0,2,2,1,1,0,1,0,1,1,30.858867801725864
naive_eager,2,81,2,0,0,2,2,1,1,0,1,0,1,1,25.008988566696644
naive_eager,2,4,2,0,0,2,2,1,1,0,1,0,1,1,11.382737196981907
naive_eager,2,113,2,0,0,2,2,1,1,0,1,0,1,1,11.453692801296711
naive_eager,2,6,2,0,0,2,2,1,1,0,1,0,1,1,10.937437415122986
naive_eager,2,47,2,0,0,2,2,1,1,0,1,0,1,1,11.195898987352848
naive_eager,2,93,2,0,0,2,2,2,0,0,0,0,0,1,11.194230988621712
naive_eager,2,6,2,0,0,2,2,1,1,0,1,0,1,1,11.120797134935856
naive_eager,2,119,2,1,0,,,1,1,0,0,0,1,1,10.905647650361061
naive_eager,2,119,2,1,0,,,1,1,0,0,0,1,1,10.963068343698978
naive_eager,2,5,2,0,0,2,2,1,1,0,1,0,1,1,10.925468988716602
naive_eager,2,88,2,0,0,2,2,2,0,0,0,0,0,1,11.172817088663578
naive_eager,2,67,2,0,0,2,2,1,1,0,1,0,1,1,11.518092826008797
naive_eager,2,71,2,0,0,2,2,1,1,0,1,0,1,1,10.92019584029913
naive_eager,2,6,2,0,0,2,2,1,1,0,1,0,1,1,11.066184379160404
naive_eager,2,42,2,0,0,2,2,2,0,0,0,0,0,0,10.739332996308804
naive_eager,2,28,2,1,0,,,,0,0,0,0,0,0,7.856134325265884
naive_eager,2,121,2,1,0,,,,0,0,0,0,0,0,13.470216654241085
naive_eager,2,107,1,0,0,1,1,1,0,0,0,0,0,0,10.816260240972042
naive_eager,2,6,2,0,0,2,2,2,0,0,0,0,0,1,10.402770712971687
naive_eager,2,121,2,1,0,,,,0,0,0,0,0,1,11.851810850203037
naive_eager,2,10,2,0,0,2,2,2,0,0,0,0,0,1,11.985464952886105
naive_eager,2,119,2,1,0,,,,0,0,0,0,0,1,12.166955508291721
naive_eager,2,63,1,0,0,1,1,1,0,0,0,0,0,1,18.025316298007965
naive_eager,2,57,2,0,0,2,2,2,0,0,0,0,0,1,15.366113744676113
naive_eager,2,121,2,1,0,,,,0,0,0,0,0,1,20.44490445405245
naive_eager,2,108,2,0,0,1,1,1,1,0,0,1,1,1,31.184221617877483
naive_eager,2,33,2,0,0,1,1,1,1,0,0,1,1,1,10.464035905897617
naive_eager,2,118,2,0,0,1,1,1,1,0,0,1,1,1,11.05196587741375
naive_eager,2,118,2,0,0,1,1,1,1,0,0,1,1,1,10.990701615810394
naive_eager,2,74,2,0,0,2,2,2,0,0,0,0,0,1,11.273271404206753
naive_eager,2,108,2,0,0,1,1,1,1,0,0,1,1,1,11.077928356826305
naive_eager,2,13,2,1,0,1,1,1,1,0,0,0,1,1,10.537519119679928
naive_eager,2,8,2,0,0,1,1,1,1,0,0,1,1,1,10.737378150224686
naive_eager,2,124,2,1,0,1,1,1,1,0,0,0,1,1,10.940343141555786
naive_eager,2,61,2,0,0,1,1,1,1,0,0,1,1,1,10.966077446937561
naive_eager,2,61,2,0,0,1,1,1,1,0,0,1,1,1,11.09359785914421
naive_eager,2,61,2,0,0,1,1,1,1,0,0,1,1,1,10.688814334571362
naive_eager,2,3,2,0,0,1,1,1,1,0,0,1,1,1,10.794366709887981
naive_eager,2,78,2,0,0,1,1,1,1,0,0,1,1,1,22.35738653689623
naive_eager,2,80,2,0,0,2,1,1,1,0,1,0,1,1,28.662038035690784
naive_eager,2,40,1,0,0,1,1,1,0,0,0,0,0,1,25.107258930802345
naive_eager,2,21,2,0,0,2,1,1,1,0,1,0,1,1,21.086234599351883
naive_eager,2,13,2,1,0,1,1,1,1,0,0,0,1,1,11.291410773992538
naive_eager,2,118,2,0,0,2,1,1,1,0,1,0,1,1,11.479533277451992
naive_eager,2,34,1,0,0,1,1,1,0,0,0,0,0,1,15.949256718158722
naive_eager,2,13,2,1,0,1,1,1,1,0,0,0,1,1,15.530466102063656
naive_eager,2,122,2,0,0,1,1,1,1,0,0,1,1,1,14.924474991858006
naive_eager,2,61,2,0,0,1,1,1,1,0,0,1,1,1,11.2100038677454
naive_eager,2,122,2,0,0,1,1,1,1,0,0,1,1,1,10.771826840937138
naive_eager,2,117,1,0,0,1,1,1,0,0,0,0,0,1,11.728630401194096
naive_eager,2,3,2,0,0,1,1,1,1,0,0,1,1,1,7.667208090424538
naive_eager,2,61,2,0,0,1,1,1,1,0,0,1,1,1,24.78628885000944
naive_eager,2,13,2,1,0,1,1,1,1,0,0,0,1,1,18.34712829440832
naive_eager,2,13,2,1,0,1,1,1,1,0,0,0,1,1,24.747714400291443
naive_eager,2,80,2,0,0,2,1,1,1,0,1,0,1,1,11.328546330332756
naive_eager,2,13,2,1,0,1,1,1,1,0,0,0,1,1,11.583611369132996
naive_eager,2,62,2,1,0,1,1,1,1,0,0,0,1,1,11.794978752732277
naive_eager,2,78,2,0,0,1,1,1,1,0,0,1,1,1,11.717134155333042
naive_eager,2,44,2,0,0,2,1,1,1,0,1,0,1,1,11.670964770019054
naive_eager,2,7,1,0,0,1,1,1,0,0,0,0,0,1,10.961874388158321
naive_eager,2,59,2,0,0,2,2,1,1,0,1,0,1,1,11.162270791828632
naive_eager,2,61,2,0,0,1,1,1,1,0,0,1,1,1,10.795503854751587
naive_eager,2,61,2,0,0,1,1,1,1,0,0,1,1,1,11.30932942032814
naive_eager,2,122,2,0,0,2,2,1,1,0,1,0,1,1,24.470522068440914
naive_eager,2,13,2,1,0,,,1,1,0,0,0,1,1,20.462069660425186
naive_eager,2,30,2,0,0,2,2,2,0,0,0,0,0,1,27.406474575400352
naive_eager,2,61,2,0,0,2,2,1,1,0,1,0,1,1,25.116702541708946
naive_eager,2,78,2,0,0,2,2,1,1,0,1,0,1,1,11.844504624605179
naive_eager,2,21,2,0,0,2,2,1,1,0,1,0,1,1,12.197887524962425
naive_eager,2,78,2,0,0,2,2,1,1,0,1,0,1,1,12.12233304977417
naive_eager,2,59,2,0,0,2,2,1,1,0,1,0,1,1,11.374122463166714
naive_eager,2,108,2,0,0,2,2,1,1,0,1,0,1,1,11.037273332476616
naive_eager,2,33,2,0,0,2,2,1,1,0,1,0,1,1,10.858137160539627
naive_eager,2,49,1,0,0,1,1,1,0,0,0,0,0,1,10.659418068826199
naive_eager,2,1,1,0,0,1,1,1,0,0,0,0,0,1,11.273151263594627
naive_eager,2,77,1,0,0,1,1,1,0,0,0,0,0,1,11.339955031871796
naive_eager,2,61,2,0,0,2,2,1,1,0,1,0,1,1,11.487952433526516
naive_eager,2,32,2,0,0,2,2,2,0,0,0,0,0,0,5.319960415363312
naive_eager,2,27,2,1,0,,,,0,0,0,0,0,0,11.675913818180561
naive_eager,2,33,2,0,0,2,2,2,0,0,0,0,0,0,17.25883036851883
naive_eager,2,90,1,0,0,1,1,1,0,0,0,0,0,0,10.801028460264206
naive_eager,2,62,2,1,0,,,,0,0,0,0,0,1,10.434607043862343
naive_eager,2,3,2,0,0,2,2,2,0,0,0,0,0,1,10.968503542244434
naive_eager,2,80,2,0,0,2,2,2,0,0,0,0,0,1,10.738498531281948
naive_eager,2,21,2,0,0,2,2,2,0,0,0,0,0,1,11.308735236525536
naive_eager,2,40,2,0,0,1,1,1,1,0,0,1,1,1,14.81724251061678
naive_eager,2,1,2,0,0,1,1,1,1,0,0,1,1,1,24.28382821381092
naive_eager,2,50,1,0,0,1,1,1,0,0,0,0,0,1,23.984001949429512
naive_eager,2,54,2,0,0,1,1,1,1,0,0,1,1,1,20.610769279301167
naive_eager,2,114,2,0,0,1,1,1,1,0,0,1,1,1,11.271325871348381
naive_eager,2,15,2,0,0,1,1,1,1,0,0,1,1,1,11.01576816290617
naive_eager,2,77,2,0,0,1,1,1,1,0,0,1,1,1,10.547196492552757
naive_eager,2,15,2,0,0,1,1,1,1,0,0,1,1,1,10.463887825608253
naive_eager,2,73,2,1,0,1,1,1,1,0,0,0,1,1,11.165839619934559
naive_eager,2,37,2,1,0,1,1,1,1,0,0,0,1,1,10.74253860861063
naive_eager,2,102,2,0,0,1,1,1,1,0,0,1,1,1,11.289156973361969
naive_eager,2,107,1,0,0,1,1,1,0,0,0,0,0,1,12.15524971485138
naive_eager,2,77,2,0,0,1,1,1,1,0,0,1,1,1,11.634193360805511
naive_eager,2,114,2,0,0,1,1,1,1,0,0,1,1,1,17.867633141577244
naive_eager,2,54,2,0,0,1,1,1,1,0,0,1,1,1,28.27612590044737
naive_eager,2,114,2,0,0,1,1,1,1,0,0,1,1,1,16.84475876390934
naive_eager,2,40,2,0,0,2,1,1,1,0,1,0,1,1,31.451440416276455
naive_eager,2,0,2,0,0,1,1,1,1,0,0,1,1,1,11.282885447144508
naive_eager,2,77,2,0,0,1,1,1,1,0,0,1,1,1,11.025922372937202
naive_eager,2,114,2,0,0,1,1,1,1,0,0,1,1,1,11.078386567533016
naive_eager,2,37,2,1,0,1,1,1,1,0,0,0,1,1,11.30602601915598
naive_eager,2,54,2,0,0,1,1,1,1,0,0,1,1,1,11.249876581132412
naive_eager,2,2,2,0,0,1,1,1,1,0,0,1,1,1,10.556402616202831
naive_eager,2,95,2,1,0,1,1,1,1,0,0,0,1,1,10.871149599552155
naive_eager,2,1,2,0,0,1,1,1,1,0,0,1,1,1,10.742777958512306
naive_eager,2,40,2,0,0,2,1,1,1,0,1,0,1,1,10.769901797175407
naive_eager,2,1,2,0,0,1,1,1,1,0,0,1,1,1,10.431128554046154
naive_eager,2,95,2,1,0,1,1,1,1,0,0,0,1,1,10.915301740169525
naive_eager,2,114,2,0,0,1,1,1,1,0,0,1,1,1,11.064833030104637
naive_eager,2,40,2,0,0,2,1,1,1,0,1,0,1,1,10.842316783964634
naive_eager,2,54,2,0,0,1,1,1,1,0,0,1,1,1,14.625869691371918
naive_eager,2,94,1,0,0,1,1,1,0,0,0,0,0,1,24.44270346313715
naive_eager,2,120,2,0,0,2,1,1,1,0,1,0,1,1,24.4347071275115
naive_eager,2,41,1,0,0,1,1,1,0,0,0,0,0,1,22.04940188676119
naive_eager,2,40,2,0,0,2,2,1,1,0,1,0,1,1,11.334262788295746
naive_eager,2,54,2,0,0,1,1,1,1,0,0,1,1,1,11.685769073665142
naive_eager,2,36,2,0,0,2,2,1,1,0,1,0,1,1,11.477656662464142
naive_eager,2,52,1,0,0,1,1,1,0,0,0,0,0,1,12.035549618303776
naive_eager,2,101,2,1,0,1,1,1,1,0,0,0,1,1,11.865171603858471
naive_eager,2,1,2,0,0,1,1,1,1,0,0,1,1,1,10.911114513874054
naive_eager,2,38,2,0,0,2,2,2,0,0,0,0,0,1,10.492381639778614
naive_eager,2,95,2,1,0,1,1,1,1,0,0,0,1,1,10.983413085341454
naive_eager,2,95,2,1,0,1,1,1,1,0,0,0,1,1,10.478727519512177
naive_eager,2,77,2,0,0,1,1,1,1,0,0,1,1,1,10.723507963120937
naive_eager,2,114,2,0,0,1,1,1,1,0,0,1,1,1,11.2448213621974
naive_eager,2,1,2,0,0,2,2,1,1,0,1,0,1,1,17.931333743035793
naive_eager,2,100,1,0,0,1,1,1,0,0,0,0,0,1,24.43753182888031
naive_eager,2,101,2,1,0,,,1,1,0,0,0,1,1,21.07797469943762
naive_eager,2,0,2,0,0,2,2,1,1,0,1,0,1,1,33.537241630256176
naive_eager,2,56,2,0,0,2,2,2,0,0,0,0,0,1,11.416196823120117
naive_eager,2,95,2,1,0,,,1,1,0,0,0,1,1,11.054116301238537
naive_eager,2,2,2,0,0,2,2,1,1,0,1,0,1,1,10.988673195242882
naive_eager,2,114,2,0,0,2,2,1,1,0,1,0,1,1,11.0165448859334
naive_eager,2,0,2,0,0,2,2,1,1,0,1,0,1,1,10.933463461697102
naive_eager,2,95,2,1,0,,,1,1,0,0,0,1,1,10.635226964950562
naive_eager,2,44,2,0,0,2,2,2,0,0,0,0,0,1,10.517282411456108
naive_eager,2,1,2,0,0,2,2,1,1,0,1,0,1,1,10.710613802075386
naive_eager,2,77,2,0,0,2,2,2,0,0,0,0,0,0,10.99990215152502
naive_eager,2,81,2,0,0,2,2,2,0,0,0,0,0,0,11.11111231148243
naive_eager,2,56,2,0,0,2,2,2,0,0,0,0,0,0,11.115333996713161
naive_eager,2,16,2,0,0,2,2,2,0,0,0,0,0,0,11.467075906693935
naive_eager,2,0,2,0,0,2,2,2,0,0,0,0,0,1,11.148324236273766
naive_eager,2,101,2,1,0,,,,0,0,0,0,0,1,11.409674771130085
naive_eager,2,54,2,0,0,2,2,2,0,0,0,0,0,1,11.791819706559181
naive_eager,2,11,1,0,0,1,1,1,0,0,0,0,0,1,12.083670124411583
naive_eager,2,88,2,0,0,2,2,2,0,0,0,0,0,1,18.593505024909973
naive_eager,2,64,2,0,0,1,1,1,1,0,0,1,1,1,15.264379791915417
naive_eager,2,25,2,0,0,1,1,1,1,0,0,1,1,1,28.33553496748209
naive_eager,2,64,2,0,0,1,1,1,1,0,0,1,1,1,24.29612260311842
naive_eager,2,58,2,0,0,1,1,1,1,0,0,1,1,1,11.529447510838509
naive_eager,2,110,2,0,0,1,1,1,1,0,0,1,1,1,10.876666754484177
naive_eager,2,28,2,1,0,,,,0,0,0,0,0,1,11.080686002969742
naive_eager,2,55,2,0,0,1,1,1,1,0,0,1,1,1,11.66719663888216
naive_eager,2,24,2,1,0,1,1,1,1,0,0,0,1,1,11.211083270609379
naive_eager,2,107,2,0,0,1,1,1,1,0,0,1,1,1,11.287049390375614
naive_eager,2,45,2,0,0,1,1,1,1,0,0,1,1,1,11.146608740091324
naive_eager,2,55,2,0,0,1,1,1,1,0,0,1,1,1,10.37001982331276
naive_eager,2,119,2,1,0,,,,0,0,0,0,0,1,10.766344144940376
naive_eager,2,64,2,0,0,1,1,1,1,0,0,1,1,1,10.354873724281788
naive_eager,2,16,2,0,0,2,2,2,0,0,0,0,0,1,11.082579381763935
naive_eager,2,45,2,0,0,1,1,1,1,0,0,1,1,1,11.19002141058445
naive_eager,2,52,2,1,0,1,1,1,1,0,0,0,1,1,24.4586281478405
naive_eager,2,75,2,1,0,1,1,1,1,0,0,0,1,1,23.982233367860317
naive_eager,2,90,1,0,0,1,1,1,0,0,0,0,0,1,23.664426058530807
naive_eager,2,94,2,0,0,2,1,1,1,0,1,0,1,1,19.84590943902731
naive_eager,2,29,2,0,0,1,1,1,1,0,0,1,1,1,11.17201428860426
naive_eager,2,117,1,0,0,1,1,1,0,0,0,0,0,1,11.354164220392704
naive_eager,2,14,1,0,0,1,1,1,0,0,0,0,0,1,11.355563066899776
naive_eager,2,71,2,0,0,2,2,2,0,0,0,0,0,1,12.898928485810757
naive_eager,2,113,2,0,0,2,2,2,0,0,0,0,0,1,12.85256166011095
naive_eager,2,25,2,0,0,1,1,1,1,0,0,1,1,1,12.569841928780079
naive_eager,2,107,2,0,0,2,1,1,1,0,1,0,1,1,9.72028449177742
naive_eager,2,81,2,0,0,2,2,2,0,0,0,0,0,1,11.043088510632515
naive_eager,2,15,2,0,0,2,2,2,0,0,0,0,0,1,11.191151104867458
naive_eager,2,107,2,0,0,2,1,1,1,0,1,0,1,1,10.998447425663471
naive_eager,2,56,2,0,0,2,2,2,0,0,0,0,0,1,12.1007626876235
naive_eager,2,45,2,0,0,1,1,1,1,0,0,1,1,1,18.58885120600462
naive_eager,2,58,2,0,0,1,1,1,1,0,0,1,1,1,24.26727581769228
naive_eager,2,52,2,1,0,1,1,1,1,0,0,0,1,1,30.9839965775609
naive_eager,2,45,2,0,0,1,1,1,1,0,0,1,1,1,10.907184332609177
naive_eager,2,110,2,0,0,1,1,1,1,0,0,1,1,1,10.913843289017677
naive_eager,2,98,2,0,0,2,1,1,1,0,1,0,1,1,11.502227745950222
naive_eager,2,109,1,0,0,1,1,1,0,0,0,0,0,1,10.718191973865032
naive_eager,2,45,2,0,0,1,1,1,1,0,0,1,1,1,10.734551586210728
naive_eager,2,55,2,0,0,2,2,1,1,0,1,0,1,1,11.193471029400826
naive_eager,2,94,2,0,0,2,2,1,1,0,1,0,1,1,11.178208515048027
naive_eager,2,109,1,0,0,1,1,1,0,0,0,0,0,1,11.600254103541374
naive_eager,2,119,2,1,0,,,,0,0,0,0,0,1,10.915352962911129
naive_eager,2,107,2,0,0,2,1,1,1,0,1,0,1,1,11.095844209194183
naive_eager,2,55,2,0,0,2,2,1,1,0,1,0,1,1,10.893729515373707
naive_eager,2,52,2,1,0,,,1,1,0,0,0,1,1,18.590951338410378
naive_eager,2,97,2,0,0,2,2,1,1,0,1,0,1,1,25.24704858660698
naive_eager,2,45,2,0,0,2,2,1,1,0,1,0,1,1,32.360379584133625
naive_eager,2,52,2,1,0,,,1,1,0,0,0,1,1,25.604162365198135
naive_eager,2,45,2,0,0,2,2,1,1,0,1,0,1,1,12.123828753829002
naive_eager,2,126,2,0,0,2,2,1,1,0,1,0,1,1,11.446814052760601
naive_eager,2,66,2,1,0,,,1,1,0,0,0,1,1,11.037350632250309
naive_eager,2,29,2,0,0,2,2,1,1,0,1,0,1,1,11.765089817345142
naive_eager,2,55,2,0,0,2,2,1,1,0,1,0,1,1,11.207180097699165
naive_eager,2,66,2,1,0,,,1,1,0,0,0,1,1,11.52909453958273
naive_eager,2,25,2,0,0,2,2,1,1,0,1,0,1,1,11.34511549025774
naive_eager,2,64,2,0,0,2,2,1,1,0,1,0,1,1,10.908745229244232
naive_eager,2,25,2,0,0,2,2,1,1,0,1,0,1,1,11.085721664130688
naive_eager,2,55,2,0,0,2,2,1,1,0,1,0,1,1,10.305462405085564
naive_eager,2,75,2,1,0,,,1,1,0,0,0,1,1,10.841984301805496
naive_eager,2,107,2,0,0,2,2,1,1,0,1,0,1,1,10.366140864789486
naive_eager,2,90,1,0,0,1,1,1,0,0,0,0,0,0,4.633169621229172
naive_eager,2,94,2,0,0,2,2,2,0,0,0,0,0,0,10.880357585847378
naive_eager,2,58,2,0,0,2,2,2,0,0,0,0,0,0,17.363266088068485
naive_eager,2,75,2,1,0,,,,0,0,0,0,0,0,11.022159829735756
naive_eager,2,89,1,0,0,1,1,1,0,0,0,0,0,1,11.207527481019497
naive_eager,2,110,2,0,0,2,2,2,0,0,0,0,0,1,11.27528864890337
naive_eager,2,64,2,0,0,2,2,2,0,0,0,0,0,1,10.415000841021538
naive_eager,2,66,2,1,0,,,,0,0,0,0,0,1,10.753770358860493
naive_eager,2,100,2,0,0,1,1,1,1,0,0,1,1,1,11.560814455151558
naive_eager,2,51,2,0,0,1,1,1,1,0,0,1,1,1,17.722523771226406
naive_eager,2,50,1,0,0,1,1,1,0,0,0,0,0,1,26.20953880250454
naive_eager,2,53,2,0,0,1,1,1,1,0,0,1,1,1,27.381627820432186
naive_eager,2,19,2,0,0,2,2,2,0,0,0,0,0,1,11.615173891186714
naive_eager,2,41,2,1,0,1,1,1,1,0,0,0,1,1,11.358479037880898
naive_eager,2,100,2,0,0,1,1,1,1,0,0,1,1,1,11.780747212469578
naive_eager,2,30,2,0,0,2,2,2,0,0,0,0,0,1,11.750839650630951
naive_eager,2,68,2,1,0,1,1,1,1,0,0,0,1,1,11.805745773017406
naive_eager,2,99,2,0,0,1,1,1,1,0,0,1,1,1,11.47935725748539
naive_eager,2,100,2,0,0,1,1,1,1,0,0,1,1,1,11.050213128328323
naive_eager,2,70,2,0,0,1,1,1,1,0,0,1,1,1,11.3971047103405
naive_eager,2,123,2,0,0,1,1,1,1,0,0,1,1,1,11.360512115061283
naive_eager,2,5,2,0,0,2,2,2,0,0,0,0,0,1,11.500701308250427
naive_eager,2,51,2,0,0,1,1,1,1,0,0,1,1,1,11.085104197263718
naive_eager,2,84,2,1,0,1,1,1,1,0,0,0,1,1,11.385311372578144
naive_eager,2,16,2,0,0,2,2,2,0,0,0,0,0,1,18.809751607477665
naive_eager,2,70,2,0,0,2,1,1,1,0,1,0,1,1,19.404994323849678
naive_eager,2,63,2,1,0,1,1,1,1,0,0,0,1,1,28.405959717929363
naive_eager,2,51,2,0,0,2,1,1,1,0,1,0,1,1,34.75642204284668
naive_eager,2,60,2,0,0,1,1,1,1,0,0,1,1,1,10.984718799591064
naive_eager,2,60,2,0,0,1,1,1,1,0,0,1,1,1,10.60427911579609
naive_eager,2,43,1,0,0,1,1,1,0,0,0,0,0,1,10.974096134305
naive_eager,2,100,2,0,0,2,1,1,1,0,1,0,1,1,10.856447741389275
naive_eager,2,34,2,0,0,2,1,1,1,0,1,0,1,1,11.220279149711132
naive_eager,2,84,2,1,0,1,1,1,1,0,0,0,1,1,10.60723140835762
naive_eager,2,7,2,0,0,1,1,1,1,0,0,1,1,1,11.44452765583992
naive_eager,2,123,2,0,0,2,1,1,1,0,1,0,1,1,11.646795086562634
naive_eager,2,41,2,1,0,1,1,1,1,0,0,0,1,1,11.37741468846798
naive_eager,2,123,2,0,0,2,1,1,1,0,1,0,1,1,11.189552955329418
naive_eager,2,100,2,0,0,2,1,1,1,0,1,0,1,1,10.854979045689106
naive_eager,2,96,2,0,0,2,2,2,0,0,0,0,0,1,15.480870380997658
naive_eager,2,19,2,0,0,2,2,2,0,0,0,0,0,1,25.324508547782898
naive_eager,2,60,2,0,0,1,1,1,1,0,0,1,1,1,24.92853906005621
naive_eager,2,123,2,0,0,2,1,1,1,0,1,0,1,1,22.165603935718536
naive_eager,2,68,2,1,0,1,1,1,1,0,0,0,1,1,11.301794089376926
naive_eager,2,41,2,1,0,1,1,1,1,0,0,0,1,1,11.374002322554588
naive_eager,2,24,2,1,0,,,,0,0,0,0,0,1,11.30960788577795
naive_eager,2,51,2,0,0,2,1,1,1,0,1,0,1,1,11.430053040385246
naive_eager,2,53,2,0,0,2,1,1,1,0,1,0,1,1,11.282581835985184
naive_eager,2,61,2,0,0,2,2,2,0,0,0,0,0,1,11.42487209290266
naive_eager,2,31,1,0,0,1,1,1,0,0,0,0,0,1,11.22526079416275
naive_eager,2,70,2,0,0,2,1,1,1,0,1,0,1,1,10.835698805749416
naive_eager,2,7,2,0,0,1,1,1,1,0,0,1,1,1,11.203750967979431
naive_eager,2,53,2,0,0,2,1,1,1,0,1,0,1,1,11.020184494554996
naive_eager,2,99,2,0,0,2,2,1,1,0,1,0,1,1,14.899213798344135
naive_eager,2,68,2,1,0,,,1,1,0,0,0,1,1,24.594596587121487
naive_eager,2,109,2,0,0,2,2,1,1,0,1,0,1,1,24.545123800635338
naive_eager,2,51,2,0,0,2,2,1,1,0,1,0,1,1,33.721670508384705
naive_eager,2,70,2,0,0,2,2,1,1,0,1,0,1,1,11.171175166964531
naive_eager,2,125,2,0,0,2,2,1,1,0,1,0,1,1,11.157765984535217
naive_eager,2,63,2,1,0,,,1,1,0,0,0,1,1,10.980559512972832
naive_eager,2,26,2,0,0,2,2,2,0,0,0,0,0,1,11.092505417764187
naive_eager,2,66,2,1,0,,,,0,0,0,0,0,1,10.543749667704105
naive_eager,2,49,1,0,0,1,1,1,0,0,0,0,0,1,11.092590168118477
naive_eager,2,84,2,1,0,,,1,1,0,0,0,1,1,10.315810330212116
naive_eager,2,105,1,0,0,1,1,1,0,0,0,0,0,1,10.886152274906635
naive_eager,2,109,2,0,0,2,2,1,1,0,1,0,1,1,10.944710113108158
naive_eager,2,53,2,0,0,2,2,1,1,0,1,0,1,1,11.306939646601677
naive_eager,2,68,2,1,0,,,,0,0,0,0,0,0,8.984871208667755
naive_eager,2,22,2,0,0,2,2,2,0,0,0,0,0,0,15.097993426024914
naive_eager,2,65,1,0,0,1,1,1,0,0,0,0,0,0,12.435291893780231
naive_eager,2,123,2,0,0,2,2,2,0,0,0,0,0,0,11.282594874501228
naive_eager,2,68,2,1,0,,,,0,0,0,0,0,1,10.887456126511097
naive_eager,2,122,2,0,0,2,2,2,0,0,0,0,0,1,10.322893969714642
naive_eager,2,53,2,0,0,2,2,2,0,0,0,0,0,1,9.985203854739666
naive_eager,2,74,2,0,0,2,2,2,0,0,0,0,0,1,10.630197823047638
naive_eager,2,74,2,0,0,2,2,2,0,0,0,0,0,1,21.301481872797012
naive_eager,2,50,2,0,0,1,1,1,1,0,0,1,1,1,18.35785899311304
naive_eager,2,65,2,0,0,1,1,1,1,0,0,1,1,1,24.85164813697338
naive_eager,2,14,2,1,0,1,1,1,1,0,0,0,1,1,22.287830710411072
naive_eager,2,31,2,0,0,1,1,1,1,0,0,1,1,1,3.459438681602478
naive_eager,2,9,2,0,0,1,1,1,1,0,0,1,1,1,11.900128796696663
naive_eager,2,20,2,1,0,1,1,1,1,0,0,0,1,1,18.231883645057678
naive_eager,2,42,2,0,0,2,2,2,0,0,0,0,0,1,11.351829394698143
naive_eager,2,43,2,0,0,1,1,1,1,0,0,1,1,1,10.876668617129326
naive_eager,2,52,2,1,0,,,,0,0,0,0,0,1,10.469421744346619
naive_eager,2,12,2,0,0,1,1,1,1,0,0,1,1,1,11.159544810652733
naive_eager,2,117,2,1,0,1,1,1,1,0,0,0,1,1,10.887667536735535
naive_eager,2,14,2,1,0,1,1,1,1,0,0,0,1,1,11.086431331932545
naive_eager,2,105,2,0,0,1,1,1,1,0,0,1,1,1,11.254489421844482
naive_eager,2,68,2,1,0,,,,0,0,0,0,0,1,10.965299792587757
naive_eager,2,56,2,0,0,2,2,2,0,0,0,0,0,1,24.407578632235527
naive_eager,2,110,2,0,0,2,2,2,0,0,0,0,0,1,22.816778160631657
naive_eager,2,12,2,0,0,1,1,1,1,0,0,1,1,1,3.6668814718723297
naive_eager,2,50,2,0,0,1,1,1,1,0,0,1,1,1,20.829555578529835
naive_eager,2,112,2,0,0,2,2,2,0,0,0,0,0,1,12.736528180539608
naive_eager,2,38,2,0,0,2,2,2,0,0,0,0,0,1,39.81940820813179
naive_eager,2,20,2,1,0,1,1,1,1,0,0,0,1,1,11.094218119978905
naive_eager,2,31,2,0,0,2,1,1,1,0,1,0,1,1,11.181371286511421
naive_eager,2,12,2,0,0,1,1,1,1,0,0,1,1,1,10.97959466278553
naive_eager,2,43,2,0,0,2,1,1,1,0,1,0,1,1,11.486314237117767
naive_eager,2,72,2,0,0,2,2,2,0,0,0,0,0,1,10.89524943381548
naive_eager,2,49,2,0,0,1,1,1,1,0,0,1,1,1,11.19006797671318
naive_eager,2,9,2,0,0,1,1,1,1,0,0,1,1,1,11.537959799170494
naive_eager,2,105,2,0,0,2,1,1,1,0,1,0,1,1,11.634844355285168
naive_eager,2,89,2,0,0,1,1,1,1,0,0,1,1,1,11.470010504126549
naive_eager,2,57,2,0,0,2,2,2,0,0,0,0,0,1,13.828781433403492
naive_eager,2,74,2,0,0,2,2,2,0,0,0,0,0,1,22.835945710539818
naive_eager,2,11,2,0,0,2,1,1,1,0,1,0,1,1,29.57124263048172
naive_eager,2,33,2,0,0,2,2,2,0,0,0,0,0,1,25.8179884403944
naive_eager,2,54,2,0,0,2,2,2,0,0,0,0,0,1,11.01540308445692
naive_eager,2,9,2,0,0,1,1,1,1,0,0,1,1,1,10.5821518227458
naive_eager,2,49,2,0,0,1,1,1,1,0,0,1,1,1,10.5395233258605
naive_eager,2,49,2,0,0,1,1,1,1,0,0,1,1,1,10.312046855688095
naive_eager,2,117,2,1,0,1,1,1,1,0,0,0,1,1,10.913476347923279
naive_eager,2,14,2,1,0,1,1,1,1,0,0,0,1,1,10.52786409854889
naive_eager,2,126,2,0,0,2,2,2,0,0,0,0,0,1,11.114617809653282
naive_eager,2,63,2,1,0,,,,0,0,0,0,0,1,11.178992688655853
naive_eager,2,9,2,0,0,1,1,1,1,0,0,1,1,1,11.233325116336346
naive_eager,2,31,2,0,0,2,1,1,1,0,1,0,1,1,11.381756514310837
naive_eager,2,52,2,1,0,,,,0,0,0,0,0,1,11.382104828953743
naive_eager,2,67,2,0,0,2,2,2,0,0,0,0,0,1,11.767440475523472
naive_eager,2,49,2,0,0,1,1,1,1,0,0,1,1,1,11.282925494015217
naive_eager,2,127,2,1,0,,,1,1,0,0,0,1,1,24.51859787106514
naive_eager,2,5,2,0,0,2,2,2,0,0,0,0,0,1,18.63605435937643
naive_eager,2,50,2,0,0,2,2,1,1,0,1,0,1,1,27.788905426859856
naive_eager,2,20,2,1,0,,,1,1,0,0,0,1,1,27.425482869148254
naive_eager,2,14,2,1,0,,,1,1,0,0,0,1,1,11.14680990576744
naive_eager,2,89,2,0,0,2,2,1,1,0,1,0,1,1,11.169102042913437
naive_eager,2,117,2,1,0,,,1,1,0,0,0,1,1,11.011337861418724
naive_eager,2,43,2,0,0,2,2,1,1,0,1,0,1,1,11.59021258354187
naive_eager,2,43,2,0,0,2,2,1,1,0,1,0,1,1,11.661803349852562
naive_eager,2,50,2,0,0,2,2,1,1,0,1,0,1,1,11.609895154833794
naive_eager,2,9,2,0,0,2,2,1,1,0,1,0,1,1,10.971710085868835
naive_eager,2,9,2,0,0,2,2,2,0,0,0,0,0,0,4.578864201903343
naive_eager,2,105,2,0,0,2,2,2,0,0,0,0,0,0,13.922478072345257
naive_eager,2,127,2,1,0,,,,0,0,0,0,0,0,13.841819949448109
naive_eager,2,11,2,0,0,2,2,2,0,0,0,0,0,0,10.632500052452087
naive_eager,2,116,2,0,0,2,2,2,0,0,0,0,0,0,11.014258489012718
naive_eager,2,64,2,0,0,2,2,2,0,0,0,0,0,0,10.555191896855831
naive_eager,2,74,2,0,0,2,2,2,0,0,0,0,0,0,11.103353463113308
naive_eager,2,36,2,0,0,2,2,2,0,0,0,0,0,0,11.063124053180218
naive_eager,2,117,2,1,0,,,,0,0,0,0,0,0,10.864423587918282
naive_eager,2,43,2,0,0,2,2,2,0,0,0,0,0,0,10.822055861353874
naive_eager,2,116,2,0,0,2,2,2,0,0,0,0,0,0,10.88939979672432
naive_eager,2,90,2,0,0,2,2,2,0,0,0,0,0,0,10.87037194520235
naive_eager,2,84,2,1,0,,,,0,0,0,0,0,0,10.42470708489418
naive_eager,2,14,2,1,0,,,,0,0,0,0,0,0,11.163068935275078
naive_eager,2,31,2,0,0,2,2,2,0,0,0,0,0,0,11.904592625796795
naive_eager,2,116,2,0,0,2,2,2,0,0,0,0,0,0,11.42216008156538
naive_eager,2,65,2,0,0,2,2,2,0,0,0,0,0,0,12.136835604906082
naive_eager,2,116,2,0,0,2,2,2,0,0,0,0,0,0,11.607139371335506
naive_eager,2,65,2,0,0,2,2,2,0,0,0,0,0,0,10.733972303569317
naive_eager,2,89,2,0,0,2,2,2,0,0,0,0,0,0,10.783759877085686
naive_eager,2,89,2,0,0,2,2,2,0,0,0,0,0,0,10.945127345621586
naive_eager,2,14,2,1,0,,,,0,0,0,0,0,0,11.266452260315418
naive_eager,2,14,2,1,0,,,,0,0,0,0,0,0,11.262275278568268
naive_eager,2,90,2,0,0,2,2,2,0,0,0,0,0,0,10.48606913536787
naive_eager,2,20,2,1,0,,,,0,0,0,0,0,0,11.210829019546509
naive_eager,2,87,2,0,0,2,2,2,0,0,0,0,0,0,10.950378142297268
naive_eager,2,9,2,0,0,2,2,2,0,0,0,0,0,0,10.86739357560873
naive_eager,2,29,2,0,0,2,2,2,0,0,0,0,0,0,10.653541423380375
naive_eager,2,20,2,1,0,,,,0,0,0,0,0,0,10.817388072609901
naive_eager,2,116,2,0,0,2,2,2,0,0,0,0,0,0,11.161324568092823
naive_eager,2,33,2,0,0,2,2,2,0,0,0,0,0,0,11.127353645861149
naive_eager,2,65,2,0,0,2,2,2,0,0,0,0,0,0,10.960252024233341
naive_eager,2,90,2,0,0,2,2,2,0,0,0,0,0,0,11.00162509828806
naive_eager,3,97,1,0,0,1,1,1,0,0,0,0,0,1,3.2892636954784393
naive_eager,3,115,1,0,0,1,1,1,0,0,0,0,0,1,6.422683596611023
naive_eager,3,125,1,0,0,1,1,1,0,0,0,0,0,1,9.372217580676079
naive_eager,3,44,1,0,0,1,1,1,0,0,0,0,0,1,12.42074090987444
naive_eager,3,104,2,0,0,1,1,1,1,0,0,1,1,1,23.289679549634457
naive_eager,3,98,1,0,0,1,1,1,0,0,0,0,0,1,28.853015042841434
naive_eager,3,120,1,0,0,1,1,1,0,0,0,0,0,1,26.339812204241753
naive_eager,3,86,2,0,0,1,1,1,1,0,0,1,1,1,38.834369741380215
naive_eager,3,24,1,0,0,1,1,1,0,0,0,0,0,1,10.898384265601635
naive_eager,3,102,2,0,0,1,1,1,1,0,0,1,1,1,10.770004242658615
naive_eager,3,4,2,0,0,1,1,1,1,0,0,1,1,1,10.496577247977257
naive_eager,3,13,2,0,0,1,1,1,1,0,0,1,1,1,11.270392686128616
naive_eager,3,0,2,0,0,1,1,1,1,0,0,1,1,1,10.53384318947792
naive_eager,3,46,2,0,0,1,1,1,1,0,0,1,1,1,11.111055500805378
naive_eager,3,83,1,0,0,1,1,1,0,0,0,0,0,1,11.158166453242302
naive_eager,3,54,2,0,0,1,1,1,1,0,0,1,1,1,10.478254407644272
naive_eager,3,81,2,0,0,1,1,1,1,0,0,1,1,1,11.248808354139328
naive_eager,3,10,2,0,0,1,1,1,1,0,0,1,1,1,11.411569081246853
naive_eager,3,54,2,0,0,1,1,1,1,0,0,1,1,1,12.68820185214281
naive_eager,3,4,2,0,0,1,1,1,1,0,0,1,1,1,14.223144389688969
naive_eager,3,67,1,0,0,1,1,1,0,0,0,0,0,1,24.1869380697608
naive_eager,3,86,2,0,0,2,1,1,1,0,1,0,1,1,17.3394363373518
naive_eager,3,77,1,0,0,1,1,1,0,0,0,0,0,1,37.19307202845812
naive_eager,3,85,2,0,0,2,1,1,1,0,1,0,1,1,31.6860843449831
naive_eager,3,108,1,0,0,1,1,1,0,0,0,0,0,1,10.562285780906677
naive_eager,3,26,2,0,0,2,1,1,1,0,1,0,1,1,10.520687326788902
naive_eager,3,102,2,0,0,1,1,1,1,0,0,1,1,1,10.498907417058945
naive_eager,3,57,1,0,0,1,1,1,0,0,0,0,0,1,10.472824797034264
naive_eager,3,81,2,0,0,2,1,1,1,0,1,0,1,1,10.283326730132103
naive_eager,3,79,2,1,0,1,1,1,1,0,0,0,1,1,11.157960630953312
naive_eager,3,102,2,0,0,1,1,1,1,0,0,1,1,1,11.059013195335865
naive_eager,3,0,2,0,0,2,1,1,1,0,1,0,1,1,11.9167510420084
naive_eager,3,4,2,0,0,1,1,1,1,0,0,1,1,1,11.77158858627081
naive_eager,3,109,1,0,0,1,1,1,0,0,0,0,0,1,11.680631898343563
naive_eager,3,22,1,0,0,1,1,1,0,0,0,0,0,1,11.042519472539425
naive_eager,3,127,1,0,0,1,1,1,0,0,0,0,0,1,31.045997515320778
naive_eager,3,4,2,0,0,1,1,1,1,0,0,1,1,1,28.496013954281807
naive_eager,3,68,2,1,0,1,1,1,1,0,0,0,1,1,40.92386458069086
naive_eager,3,54,2,0,0,1,1,1,1,0,0,1,1,1,37.66119293868542
naive_eager,3,85,2,0,0,2,1,1,1,0,1,0,1,1,11.379452422261238
naive_eager,3,86,2,0,0,2,2,1,1,0,1,0,1,1,11.906090192496777
naive_eager,3,86,2,0,0,2,2,1,1,0,1,0,1,1,11.746346950531006
naive_eager,3,33,2,0,0,2,1,1,1,0,1,0,1,1,11.377343907952309
naive_eager,3,19,1,0,0,1,1,1,0,0,0,0,0,1,11.843482032418251
naive_eager,3,4,2,0,0,1,1,1,1,0,0,1,1,1,11.69810350984335
naive_eager,3,4,2,0,0,1,1,1,1,0,0,1,1,1,10.784626007080078
naive_eager,3,105,1,0,0,1,1,1,0,0,0,0,0,1,11.050675064325333
naive_eager,3,21,1,0,0,1,1,1,0,0,0,0,0,1,10.652702301740646
naive_eager,3,0,2,0,0,2,1,1,1,0,1,0,1,1,11.048716492950916
naive_eager,3,99,1,0,0,1,1,1,0,0,0,0,0,1,10.831300169229507
naive_eager,3,25,1,0,0,1,1,1,0,0,0,0,0,1,11.048679240047932
naive_eager,3,110,1,0,0,1,1,1,0,0,0,0,0,1,14.095582999289036
naive_eager,3,72,2,0,0,2,2,1,1,0,1,0,1,1,24.241016246378422
naive_eager,3,104,2,0,0,2,2,1,1,0,1,0,1,1,30.020982958376408
naive_eager,3,4,2,0,0,2,2,1,1,0,1,0,1,1,27.0655220374465
naive_eager,3,33,2,0,0,2,2,1,1,0,1,0,1,1,10.974429547786713
naive_eager,3,79,2,1,0,,,1,1,0,0,0,1,1,11.080270633101463
naive_eager,3,54,2,0,0,2,2,1,1,0,1,0,1,1,11.087583377957344
naive_eager,3,85,2,0,0,2,2,1,1,0,1,0,1,1,11.561254039406776
naive_eager,3,104,2,0,0,2,2,1,1,0,1,0,1,1,11.681540869176388
naive_eager,3,86,2,0,0,2,2,1,1,0,1,0,1,1,11.613057926297188
naive_eager,3,10,2,0,0,2,2,1,1,0,1,0,1,1,10.846739634871483
naive_eager,3,54,2,0,0,2,2,1,1,0,1,0,1,1,10.987292975187302
naive_eager,3,85,2,0,0,2,2,1,1,0,1,0,1,1,10.976359248161316
naive_eager,3,38,1,0,0,1,1,1,0,0,0,0,0,1,10.781695134937763
naive_eager,3,10,2,0,0,2,2,1,1,0,1,0,1,1,11.247849091887474
naive_eager,3,85,2,0,0,2,2,2,0,0,0,0,0,0,5.242417566478252
naive_eager,3,68,2,1,0,,,,0,0,0,0,0,0,14.429638162255287
naive_eager,3,104,2,0,0,2,2,2,0,0,0,0,0,0,14.270628802478313
naive_eager,3,26,2,0,0,2,2,2,0,0,0,0,0,0,10.848494246602058
naive_eager,3,125,1,0,0,1,1,1,0,0,0,0,0,1,10.651775635778904
naive_eager,3,127,1,0,0,1,1,1,0,0,0,0,0,1,11.191805824637413
naive_eager,3,63,1,0,0,1,1,1,0,0,0,0,0,1,11.025838553905487
naive_eager,3,94,1,0,0,1,1,1,0,0,0,0,0,1,10.874026454985142
naive_eager,3,121,2,0,0,1,1,1,1,0,0,1,1,1,19.922827370464802
naive_eager,3,79,2,1,0,,,,0,0,0,0,0,1,13.956299982964993
naive_eager,3,7,2,0,0,1,1,1,1,0,0,1,1,1,23.633267730474472
naive_eager,3,41,1,0,0,1,1,1,0,0,0,0,0,1,23.537426255643368
naive_eager,3,7,2,0,0,1,1,1,1,0,0,1,1,1,11.243408545851707
naive_eager,3,119,1,0,0,1,1,1,0,0,0,0,0,1,11.108066886663437
naive_eager,3,69,2,0,0,1,1,1,1,0,0,1,1,1,10.903569869697094
naive_eager,3,15,2,0,0,1,1,1,1,0,0,1,1,1,11.206691153347492
naive_eager,3,7,2,0,0,1,1,1,1,0,0,1,1,1,11.209454387426376
naive_eager,3,69,2,0,0,1,1,1,1,0,0,1,1,1,11.095008812844753
naive_eager,3,109,2,0,0,1,1,1,1,0,0,1,1,1,10.727855376899242
naive_eager,3,109,2,0,0,2,1,1,1,0,1,0,1,1,11.802860535681248
naive_eager,3,95,2,0,0,2,1,1,1,0,1,0,1,1,25.926509872078896
naive_eager,3,109,2,0,0,2,1,1,1,0,1,0,1,1,31.885993666946888
naive_eager,3,120,2,1,0,1,1,1,1,0,0,0,1,1,29.242717660963535
naive_eager,3,109,2,0,0,2,1,1,1,0,1,0,1,1,12.069479562342167
naive_eager,3,94,2,0,0,1,1,1,1,0,0,1,1,1,11.840489692986012
naive_eager,3,69,2,0,0,1,1,1,1,0,0,1,1,1,11.688538827002048
naive_eager,3,81,2,0,0,2,2,2,0,0,0,0,0,1,11.654858477413654
naive_eager,3,78,2,0,0,2,1,1,1,0,1,0,1,1,11.474342085421085
naive_eager,3,106,2,0,0,2,1,1,1,0,1,0,1,1,11.211120523512363
naive_eager,3,74,2,0,0,1,1,1,1,0,0,1,1,1,10.890858247876167
naive_eager,3,64,1,0,0,1,1,1,0,0,0,0,0,1,14.49496578425169
naive_eager,3,106,2,0,0,2,1,1,1,0,1,0,1,1,20.830178633332253
naive_eager,3,36,2,1,0,1,1,1,1,0,0,0,1,1,27.22468227148056
naive_eager,3,25,2,0,0,1,1,1,1,0,0,1,1,1,20.55932115763426
naive_eager,3,52,1,0,0,1,1,1,0,0,0,0,0,1,10.687644593417645
naive_eager,3,61,2,0,0,1,1,1,1,0,0,1,1,1,11.183055117726326
naive_eager,3,109,2,0,0,2,1,1,1,0,1,0,1,1,11.184170842170715
naive_eager,3,25,2,0,0,1,1,1,1,0,0,1,1,1,11.132319457828999
naive_eager,3,41,1,0,0,1,1,1,0,0,0,0,0,1,10.94910316169262
naive_eager,3,7,2,0,0,1,1,1,1,0,0,1,1,1,11.202434077858925
naive_eager,3,120,2,1,0,1,1,1,1,0,0,0,1,1,10.840882547199726
naive_eager,3,110,1,0,0,1,1,1,0,0,0,0,0,1,10.62682457268238
naive_eager,3,9,1,0,0,1,1,1,0,0,0,0,0,1,10.469673201441765
naive_eager,3,25,2,0,0,1,1,1,1,0,0,1,1,1,10.272613726556301
naive_eager,3,58,2,0,0,2,2,1,1,0,1,0,1,1,10.795371606945992
naive_eager,3,95,2,0,0,2,1,1,1,0,1,0,1,1,11.148818768560886
naive_eager,3,61,2,0,0,1,1,1,1,0,0,1,1,1,11.411641724407673
naive_eager,3,61,2,0,0,2,2,1,1,0,1,0,1,1,15.515072271227837
naive_eager,3,106,2,0,0,2,2,1,1,0,1,0,1,1,25.27979202568531
naive_eager,3,120,2,1,0,,,1,1,0,0,0,1,1,31.185817904770374
naive_eager,3,69,2,0,0,2,2,1,1,0,1,0,1,1,28.485633432865143
naive_eager,3,105,1,0,0,1,1,1,0,0,0,0,0,1,11.755045503377914
naive_eager,3,69,2,0,0,2,2,1,1,0,1,0,1,1,11.295425705611706
naive_eager,3,15,2,0,0,2,2,1,1,0,1,0,1,1,10.624794289469719
naive_eager,3,8,1,0,0,1,1,1,0,0,0,0,0,1,10.968516580760479
naive_eager,3,106,2,0,0,2,2,1,1,0,1,0,1,1,11.151324957609177
naive_eager,3,36,2,1,0,,,1,1,0,0,0,1,1,11.06111891567707
naive_eager,3,8,1,0,0,1,1,1,0,0,0,0,0,1,10.449046269059181
naive_eager,3,7,2,0,0,2,2,1,1,0,1,0,1,1,11.219503358006477
naive_eager,3,94,2,0,0,2,2,1,1,0,1,0,1,1,11.302965693175793
naive_eager,3,120,2,1,0,,,1,1,0,0,0,1,1,11.589553207159042
naive_eager,3,120,2,1,0,,,1,1,0,0,0,1,1,11.268728412687778
naive_eager,3,15,2,0,0,2,2,1,1,0,1,0,1,1,11.369583196938038
naive_eager,3,95,2,0,0,2,2,2,0,0,0,0,0,0,8.029863238334656
naive_eager,3,106,2,0,0,2,2,2,0,0,0,0,0,0,14.399221166968346
naive_eager,3,89,2,0,0,2,2,2,0,0,0,0,0,0,11.079691350460052
naive_eager,3,24,1,0,0,1,1,1,0,0,0,0,0,0,10.702885687351227
naive_eager,3,9,1,0,0,1,1,1,0,0,0,0,0,1,10.773158632218838
naive_eager,3,61,2,0,0,2,2,2,0,0,0,0,0,1,10.607270523905754
naive_eager,3,7,2,0,0,2,2,2,0,0,0,0,0,1,11.093255132436752
naive_eager,3,114,1,0,0,1,1,1,0,0,0,0,0,1,12.013892643153667
naive_eager,3,42,1,0,0,1,1,1,0,0,0,0,0,1,17.771207727491856
naive_eager,3,75,2,0,0,1,1,1,1,0,0,1,1,1,24.93088785558939
naive_eager,3,75,2,0,0,1,1,1,1,0,0,1,1,1,18.195169046521187
naive_eager,3,75,2,0,0,1,1,1,1,0,0,1,1,1,24.272384122014046
naive_eager,3,110,1,0,0,1,1,1,0,0,0,0,0,1,10.57215966284275
naive_eager,3,88,2,0,0,1,1,1,1,0,0,1,1,1,15.61701763421297
naive_eager,3,100,2,0,0,1,1,1,1,0,0,1,1,1,15.894155018031597
naive_eager,3,88,2,0,0,1,1,1,1,0,0,1,1,1,15.61296172440052
naive_eager,3,18,2,0,0,1,1,1,1,0,0,1,1,1,10.268401354551315
naive_eager,3,18,2,0,0,1,1,1,1,0,0,1,1,1,11.148418299853802
naive_eager,3,103,2,0,0,1,1,1,1,0,0,1,1,1,10.49134787172079
naive_eager,3,65,2,1,0,1,1,1,1,0,0,0,1,1,11.088074184954166
naive_eager,3,127,2,0,0,1,1,1,1,0,0,1,1,1,10.84880530834198
naive_eager,3,127,2,0,0,1,1,1,1,0,0,1,1,1,10.985543951392174
naive_eager,3,41,2,1,0,1,1,1,1,0,0,0,1,1,9.936991147696972
naive_eager,3,22,2,0,0,1,1,1,1,0,0,1,1,1,28.72118540108204
naive_eager,3,65,2,1,0,1,1,1,1,0,0,0,1,1,28.72384525835514
naive_eager,3,75,2,0,0,2,1,1,1,0,1,0,1,1,28.676016256213188
naive_eager,3,127,2,0,0,2,1,1,1,0,1,0,1,1,11.295489966869354
naive_eager,3,64,2,1,0,1,1,1,1,0,0,0,1,1,11.076560243964195
naive_eager,3,18,2,0,0,1,1,1,1,0,0,1,1,1,10.511373169720173
naive_eager,3,57,1,0,0,1,1,1,0,0,0,0,0,1,10.32163668423891
naive_eager,3,3,2,0,0,1,1,1,1,0,0,1,1,1,10.813858360052109
naive_eager,3,127,2,0,0,2,1,1,1,0,1,0,1,1,11.04514580219984
naive_eager,3,75,2,0,0,2,1,1,1,0,1,0,1,1,11.100194416940212
naive_eager,3,99,1,0,0,1,1,1,0,0,0,0,0,1,11.176425963640213
naive_eager,3,88,2,0,0,1,1,1,1,0,0,1,1,1,11.043773032724857
naive_eager,3,103,2,0,0,1,1,1,1,0,0,1,1,1,11.353244073688984
naive_eager,3,15,2,0,0,2,2,2,0,0,0,0,0,1,11.419671587646008
naive_eager,3,27,2,0,0,1,1,1,1,0,0,1,1,1,11.140072718262672
naive_eager,3,109,2,0,0,2,2,2,0,0,0,0,0,1,18.550636246800423
naive_eager,3,21,2,0,0,2,1,1,1,0,1,0,1,1,24.49779212474823
naive_eager,3,41,2,1,0,1,1,1,1,0,0,0,1,1,17.966468818485737
naive_eager,3,75,2,0,0,2,2,1,1,0,1,0,1,1,24.770320393145084
naive_eager,3,103,2,0,0,1,1,1,1,0,0,1,1,1,10.929967276751995
naive_eager,3,18,2,0,0,1,1,1,1,0,0,1,1,1,11.630118824541569
naive_eager,3,74,2,0,0,2,2,2,0,0,0,0,0,1,11.51595264673233
naive_eager,3,18,2,0,0,1,1,1,1,0,0,1,1,1,11.425278149545193
naive_eager,3,21,2,0,0,2,1,1,1,0,1,0,1,1,11.118002235889435
naive_eager,3,53,2,0,0,2,2,1,1,0,1,0,1,1,10.982696898281574
naive_eager,3,27,2,0,0,1,1,1,1,0,0,1,1,1,10.761890560388565
naive_eager,3,76,2,0,0,2,1,1,1,0,1,0,1,1,10.697116144001484
naive_eager,3,100,2,0,0,2,1,1,1,0,1,0,1,1,10.928411968052387
naive_eager,3,75,2,0,0,2,2,1,1,0,1,0,1,1,11.332130990922451
naive_eager,3,22,2,0,0,1,1,1,1,0,0,1,1,1,10.713238269090652
naive_eager,3,103,2,0,0,1,1,1,1,0,0,1,1,1,10.762793011963367
naive_eager,3,18,2,0,0,2,2,1,1,0,1,0,1,1,20.90430911630392
naive_eager,3,86,2,0,0,2,2,2,0,0,0,0,0,1,27.49761939048767
naive_eager,3,3,2,0,0,2,2,1,1,0,1,0,1,1,24.717874825000763
naive_eager,3,75,2,0,0,2,2,1,1,0,1,0,1,1,25.134681724011898
naive_eager,3,127,2,0,0,2,2,1,1,0,1,0,1,1,11.111270636320114
naive_eager,3,61,2,0,0,2,2,2,0,0,0,0,0,1,11.19804847985506
naive_eager,3,75,2,0,0,2,2,1,1,0,1,0,1,1,11.287204921245575
naive_eager,3,41,2,1,0,,,1,1,0,0,0,1,1,11.068359017372131
naive_eager,3,65,2,1,0,,,1,1,0,0,0,1,1,11.193918064236641
naive_eager,3,73,2,0,0,2,2,1,1,0,1,0,1,1,11.42573170363903
naive_eager,3,76,2,0,0,2,2,1,1,0,1,0,1,1,11.666947975754738
naive_eager,3,21,2,0,0,2,2,1,1,0,1,0,1,1,11.877762153744698
naive_eager,3,103,2,0,0,2,2,1,1,0,1,0,1,1,11.493437923491001
naive_eager,3,73,2,0,0,2,2,1,1,0,1,0,1,1,11.398105882108212
naive_eager,3,21,2,0,0,2,2,2,0,0,0,0,0,0,11.325773783028126
naive_eager,3,32,1,0,0,1,1,1,0,0,0,0,0,0,10.717811062932014
naive_eager,3,18,2,0,0,2,2,2,0,0,0,0,0,0,10.653878562152386
naive_eager,3,64,2,1,0,,,,0,0,0,0,0,0,10.725445114076138
naive_eager,3,37,1,0,0,1,1,1,0,0,0,0,0,1,10.927773080766201
naive_eager,3,21,2,0,0,2,2,2,0,0,0,0,0,1,10.833797045052052
naive_eager,3,64,2,1,0,,,,0,0,0,0,0,1,11.204224079847336
naive_eager,3,53,2,0,0,2,2,2,0,0,0,0,0,1,11.645990423858166
naive_eager,3,59,2,0,0,1,1,1,1,0,0,1,1,1,14.749604277312756
naive_eager,3,24,2,0,0,1,1,1,1,0,0,1,1,1,21.576277911663055
naive_eager,3,5,2,1,0,1,1,1,1,0,0,0,1,1,30.49951046705246
naive_eager,3,114,2,1,0,1,1,1,1,0,0,0,1,1,31.0610169544816
naive_eager,3,90,2,0,0,1,1,1,1,0,0,1,1,1,11.380382813513279
naive_eager,3,14,1,0,0,1,1,1,0,0,0,0,0,1,11.64667122066021
naive_eager,3,80,2,0,0,1,1,1,1,0,0,1,1,1,11.721819639205933
naive_eager,3,100,2,0,0,2,2,2,0,0,0,0,0,1,11.764110997319221
naive_eager,3,70,1,0,0,1,1,1,0,0,0,0,0,1,11.408467777073383
naive_eager,3,90,2,0,0,1,1,1,1,0,0,1,1,1,11.648468673229218
naive_eager,3,77,2,0,0,1,1,1,1,0,0,1,1,1,11.655662208795547
naive_eager,3,114,2,1,0,1,1,1,1,0,0,0,1,1,11.134862899780273
naive_eager,3,24,2,0,0,1,1,1,1,0,0,1,1,1,10.952013544738293
naive_eager,3,110,1,0,0,1,1,1,0,0,0,0,0,1,11.231880635023117
naive_eager,3,84,2,1,0,1,1,1,1,0,0,0,1,1,10.708555579185486
naive_eager,3,5,2,1,0,1,1,1,1,0,0,0,1,1,11.16268616169691
naive_eager,3,90,2,0,0,1,1,1,1,0,0,1,1,1,11.79781835526228
naive_eager,3,84,2,1,0,1,1,1,1,0,0,0,1,1,21.992004476487637
naive_eager,3,90,2,0,0,1,1,1,1,0,0,1,1,1,12.77831383049488
naive_eager,3,84,2,1,0,1,1,1,1,0,0,0,1,1,31.794333830475807
naive_eager,3,99,1,0,0,1,1,1,0,0,0,0,0,1,28.24526559561491
naive_eager,3,28,1,0,0,1,1,1,0,0,0,0,0,1,10.61267126351595
naive_eager,3,80,2,0,0,2,1,1,1,0,1,0,1,1,11.27780880779028
naive_eager,3,59,2,0,0,2,1,1,1,0,1,0,1,1,10.499236173927784
naive_eager,3,77,2,0,0,1,1,1,1,0,0,1,1,1,10.848651640117168
naive_eager,3,5,2,1,0,1,1,1,1,0,0,0,1,1,11.308476328849792
naive_eager,3,50,2,1,0,1,1,1,1,0,0,0,1,1,11.407000944018364
naive_eager,3,77,2,0,0,1,1,1,1,0,0,1,1,1,10.733738541603088
naive_eager,3,101,1,0,0,1,1,1,0,0,0,0,0,1,10.735399089753628
naive_eager,3,114,2,1,0,1,1,1,1,0,0,0,1,1,12.43249885737896
naive_eager,3,5,2,1,0,1,1,1,1,0,0,0,1,1,23.719560354948044
naive_eager,3,5,2,1,0,1,1,1,1,0,0,0,1,1,20.882623270154
naive_eager,3,49,1,0,0,1,1,1,0,0,0,0,0,1,27.501067146658897
naive_eager,3,50,2,1,0,1,1,1,1,0,0,0,1,1,11.408332735300064
naive_eager,3,114,2,1,0,1,1,1,1,0,0,0,1,1,11.624361388385296
naive_eager,3,90,2,0,0,1,1,1,1,0,0,1,1,1,11.58258318901062
naive_eager,3,52,2,0,0,1,1,1,1,0,0,1,1,1,11.46822888404131
naive_eager,3,84,2,1,0,1,1,1,1,0,0,0,1,1,11.754018254578114
naive_eager,3,35,2,0,0,2,1,1,1,0,1,0,1,1,10.916592553257942
naive_eager,3,84,2,1,0,1,1,1,1,0,0,0,1,1,10.956027545034885
naive_eager,3,50,2,1,0,1,1,1,1,0,0,0,1,1,11.562692932784557
naive_eager,3,77,2,0,0,2,2,1,1,0,1,0,1,1,14.627122320234776
naive_eager,3,125,2,0,0,2,2,1,1,0,1,0,1,1,24.69020802527666
naive_eager,3,90,2,0,0,2,2,1,1,0,1,0,1,1,24.826119653880596
naive_eager,3,110,1,0,0,1,1,1,0,0,0,0,0,1,34.36702769249678
naive_eager,3,62,2,0,0,2,2,1,1,0,1,0,1,1,10.897773317992687
naive_eager,3,65,2,1,0,,,,0,0,0,0,0,1,10.401308536529541
naive_eager,3,83,2,0,0,2,2,1,1,0,1,0,1,1,10.683747939765453
naive_eager,3,40,1,0,0,1,1,1,0,0,0,0,0,1,10.854619555175304
naive_eager,3,124,1,0,0,1,1,1,0,0,0,0,0,1,10.770238004624844
naive_eager,3,67,1,0,0,1,1,1,0,0,0,0,0,1,11.098000220954418
naive_eager,3,79,2,1,0,,,,0,0,0,0,0,1,10.884773917496204
naive_eager,3,125,2,0,0,2,2,1,1,0,1,0,1,1,11.210484430193901
naive_eager,3,35,2,0,0,2,2,2,0,0,0,0,0,0,5.106789059937
naive_eager,3,66,2,0,0,2,2,2,0,0,0,0,0,0,11.284764856100082
naive_eager,3,35,2,0,0,2,2,2,0,0,0,0,0,0,17.091963440179825
naive_eager,3,35,2,0,0,2,2,2,0,0,0,0,0,0,11.315437965095043
naive_eager,3,35,2,0,0,2,2,2,0,0,0,0,0,1,11.189290322363377
naive_eager,3,5,2,1,0,,,,0,0,0,0,0,1,10.892382822930813
naive_eager,3,77,2,0,0,2,2,2,0,0,0,0,0,1,10.774788446724415
naive_eager,3,80,2,0,0,2,2,2,0,0,0,0,0,1,10.378455743193626
naive_eager,3,117,2,1,0,1,1,1,1,0,0,0,1,1,12.258443050086498
naive_eager,3,48,2,0,0,1,1,1,1,0,0,1,1,1,20.950546488165855
naive_eager,3,94,2,0,0,2,2,2,0,0,0,0,0,1,20.269541069865227
naive_eager,3,57,2,0,0,1,1,1,1,0,0,1,1,1,30.30618280172348
naive_eager,3,20,2,0,0,1,1,1,1,0,0,1,1,1,12.02914584428072
naive_eager,3,99,1,0,0,1,1,1,0,0,0,0,0,1,13.043519109487534
naive_eager,3,19,2,0,0,1,1,1,1,0,0,1,1,1,13.277721591293812
naive_eager,3,4,2,0,0,2,2,2,0,0,0,0,0,1,10.658090002834797
naive_eager,3,118,2,0,0,1,1,1,1,0,0,1,1,1,11.310448870062828
naive_eager,3,9,2,0,0,1,1,1,1,0,0,1,1,1,10.402830317616463
naive_eager,3,11,1,0,0,1,1,1,0,0,0,0,0,1,11.106968857347965
naive_eager,3,57,2,0,0,1,1,1,1,0,0,1,1,1,11.498498730361462
naive_eager,3,116,2,1,0,1,1,1,1,0,0,0,1,1,11.659068986773491
naive_eager,3,98,2,0,0,2,1,1,1,0,1,0,1,1,22.687207907438278
naive_eager,3,28,1,0,0,1,1,1,0,0,0,0,0,1,22.575749084353447
naive_eager,3,48,2,0,0,2,1,1,1,0,1,0,1,1,16.842782497406006
naive_eager,3,117,2,1,0,1,1,1,1,0,0,0,1,1,35.459660924971104
naive_eager,3,9,2,0,0,1,1,1,1,0,0,1,1,1,10.995249263942242
naive_eager,3,117,2,1,0,1,1,1,1,0,0,0,1,1,11.385961435735226
naive_eager,3,115,1,0,0,1,1,1,0,0,0,0,0,1,11.325512081384659
naive_eager,3,48,2,0,0,2,1,1,1,0,1,0,1,1,11.110574007034302
naive_eager,3,6,2,0,0,2,1,1,1,0,1,0,1,1,11.076540686190128
naive_eager,3,66,2,0,0,2,2,2,0,0,0,0,0,1,11.019482277333736
naive_eager,3,19,2,0,0,2,1,1,1,0,1,0,1,1,10.766437277197838
naive_eager,3,32,1,0,0,1,1,1,0,0,0,0,0,1,11.582489125430584
naive_eager,3,51,1,0,0,1,1,1,0,0,0,0,0,1,11.096028611063957
naive_eager,3,116,2,1,0,1,1,1,1,0,0,0,1,1,10.755034163594246
naive_eager,3,49,2,1,0,1,1,1,1,0,0,0,1,1,11.267771944403648
naive_eager,3,57,2,0,0,2,2,1,1,0,1,0,1,1,21.494771353900433
naive_eager,3,0,2,0,0,2,2,2,0,0,0,0,0,1,19.04146745800972
naive_eager,3,109,2,0,0,2,2,2,0,0,0,0,0,1,18.783033825457096
naive_eager,3,70,2,0,0,2,1,1,1,0,1,0,1,1,28.828807175159454
naive_eager,3,20,2,0,0,1,1,1,1,0,0,1,1,1,11.603052727878094
naive_eager,3,98,2,0,0,2,2,1,1,0,1,0,1,1,11.047243140637875
naive_eager,3,87,2,1,0,1,1,1,1,0,0,0,1,1,11.145198717713356
naive_eager,3,6,2,0,0,2,1,1,1,0,1,0,1,1,10.703358799219131
naive_eager,3,49,2,1,0,1,1,1,1,0,0,0,1,1,11.29724271595478
naive_eager,3,119,2,0,0,2,1,1,1,0,1,0,1,1,11.137950234115124
naive_eager,3,70,2,0,0,2,1,1,1,0,1,0,1,1,11.713877320289612
naive_eager,3,20,2,0,0,1,1,1,1,0,0,1,1,1,11.986060999333858
naive_eager,3,87,2,1,0,1,1,1,1,0,0,0,1,1,11.88432052731514
naive_eager,3,107,1,0,0,1,1,1,0,0,0,0,0,1,11.809712275862694
naive_eager,3,118,2,0,0,2,2,1,1,0,1,0,1,1,21.653370931744576
naive_eager,3,86,2,0,0,2,2,2,0,0,0,0,0,1,28.048530220985413
naive_eager,3,49,2,1,0,,,1,1,0,0,0,1,1,24.71069898456335
naive_eager,3,118,2,0,0,2,2,1,1,0,1,0,1,1,24.62159749120474
naive_eager,3,105,2,0,0,2,2,1,1,0,1,0,1,1,10.436614975333214
naive_eager,3,110,1,0,0,1,1,1,0,0,0,0,0,1,11.023888364434242
naive_eager,3,62,2,0,0,2,2,2,0,0,0,0,0,1,11.087341234087944
naive_eager,3,48,2,0,0,2,2,1,1,0,1,0,1,1,11.534267105162144
naive_eager,3,19,2,0,0,2,2,1,1,0,1,0,1,1,11.519363150000572
naive_eager,3,49,2,1,0,,,1,1,0,0,0,1,1,11.619885452091694
naive_eager,3,9,2,0,0,2,2,1,1,0,1,0,1,1,11.296606622636318
naive_eager,3,69,2,0,0,2,2,2,0,0,0,0,0,1,11.324393562972546
naive_eager,3,87,2,1,0,,,1,1,0,0,0,1,1,11.617764830589294
naive_eager,3,1,2,0,0,2,2,1,1,0,1,0,1,1,12.115737423300743
naive_eager,3,111,1,0,0,1,1,1,0,0,0,0,0,1,12.42427434772253
naive_eager,3,70,2,0,0,2,2,1,1,0,1,0,1,1,12.325841002166271
naive_eager,3,48,2,0,0,2,2,1,1,0,1,0,1,1,12.182707898318768
naive_eager,3,98,2,0,0,2,2,2,0,0,0,0,0,0,11.648393236100674
naive_eager,3,1,2,0,0,2,2,2,0,0,0,0,0,0,11.348719708621502
naive_eager,3,9,2,0,0,2,2,2,0,0,0,0,0,0,11.592821218073368
naive_eager,3,57,2,0,0,2,2,2,0,0,0,0,0,0,11.167861521244049
naive_eager,3,49,2,1,0,,,,0,0,0,0,0,1,11.412456631660461
naive_eager,3,87,2,1,0,,,,0,0,0,0,0,1,10.98726037889719
naive_eager,3,119,2,0,0,2,2,2,0,0,0,0,0,1,10.798761621117592
naive_eager,3,6,2,0,0,2,2,2,0,0,0,0,0,1,11.380881071090698
naive_eager,3,40,2,0,0,1,1,1,1,0,0,1,1,1,14.702240005135536
naive_eager,3,100,2,0,0,2,2,2,0,0,0,0,0,1,27.379573322832584
naive_eager,3,14,2,0,0,1,1,1,1,0,0,1,1,1,27.936168015003204
naive_eager,3,108,2,0,0,1,1,1,1,0,0,1,1,1,27.79785357415676
naive_eager,3,43,2,1,0,1,1,1,1,0,0,0,1,1,12.128514237701893
naive_eager,3,82,2,1,0,1,1,1,1,0,0,0,1,1,11.732804588973522
naive_eager,3,14,2,0,0,1,1,1,1,0,0,1,1,1,11.751157231628895
naive_eager,3,111,2,0,0,1,1,1,1,0,0,1,1,1,11.50865014642477
naive_eager,3,111,2,0,0,1,1,1,1,0,0,1,1,1,10.99959947168827
naive_eager,3,8,2,0,0,1,1,1,1,0,0,1,1,1,10.324301198124886
naive_eager,3,37,2,0,0,1,1,1,1,0,0,1,1,1,11.05343084782362
naive_eager,3,90,2,0,0,2,2,2,0,0,0,0,0,1,10.455373674631119
naive_eager,3,124,2,0,0,2,1,1,1,0,1,0,1,1,25.51503200083971
naive_eager,3,8,2,0,0,2,1,1,1,0,1,0,1,1,14.726093038916588
naive_eager,3,111,2,0,0,1,1,1,1,0,0,1,1,1,25.048346258699894
naive_eager,3,43,2,1,0,1,1,1,1,0,0,0,1,1,31.7061860114336
naive_eager,3,34,1,0,0,1,1,1,0,0,0,0,0,1,11.15325652062893
naive_eager,3,32,2,0,0,2,1,1,1,0,1,0,1,1,11.206777766346931
naive_eager,3,108,2,0,0,1,1,1,1,0,0,1,1,1,10.917335748672485
naive_eager,3,108,2,0,0,1,1,1,1,0,0,1,1,1,11.164642870426178
naive_eager,3,82,2,1,0,1,1,1,1,0,0,0,1,1,10.930794291198254
naive_eager,3,108,2,0,0,1,1,1,1,0,0,1,1,1,10.860868729650974
naive_eager,3,82,2,1,0,1,1,1,1,0,0,0,1,1,10.912633500993252
naive_eager,3,43,2,1,0,1,1,1,1,0,0,0,1,1,10.776350274682045
naive_eager,3,37,2,0,0,2,1,1,1,0,1,0,1,1,10.043881833553314
naive_eager,3,2,1,0,0,1,1,1,0,0,0,0,0,1,9.383107535541058
naive_eager,3,43,2,1,0,1,1,1,1,0,0,0,1,1,10.592247359454632
naive_eager,3,51,2,0,0,2,1,1,1,0,1,0,1,1,9.94492694735527
naive_eager,3,23,2,1,0,1,1,1,1,0,0,0,1,1,13.1071163341403
naive_eager,3,42,2,0,0,1,1,1,1,0,0,1,1,1,21.93957008421421
naive_eager,3,42,2,0,0,1,1,1,1,0,0,1,1,1,21.92977350205183
naive_eager,3,96,1,0,0,1,1,1,0,0,0,0,0,1,31.12795390188694
naive_eager,3,39,1,0,0,1,1,1,0,0,0,0,0,1,10.717319324612617
naive_eager,3,123,2,1,0,1,1,1,1,0,0,0,1,1,11.325744912028313
naive_eager,3,38,2,0,0,2,2,1,1,0,1,0,1,1,10.974668897688389
naive_eager,3,51,2,0,0,2,1,1,1,0,1,0,1,1,10.772333480417728
naive_eager,3,123,2,1,0,1,1,1,1,0,0,0,1,1,11.308853514492512
naive_eager,3,42,2,0,0,1,1,1,1,0,0,1,1,1,11.453547514975071
naive_eager,3,125,2,0,0,2,2,2,0,0,0,0,0,1,11.169038712978363
naive_eager,3,23,2,1,0,,,1,1,0,0,0,1,1,18.580207601189613
naive_eager,3,38,2,0,0,2,2,1,1,0,1,0,1,1,25.462141260504723
naive_eager,3,8,2,0,0,2,2,1,1,0,1,0,1,1,21.661276929080486
naive_eager,3,110,2,0,0,2,2,1,1,0,1,0,1,1,34.95000768452883
naive_eager,3,32,2,0,0,2,2,1,1,0,1,0,1,1,11.087501421570778
naive_eager,3,87,2,1,0,,,,0,0,0,0,0,1,10.977689176797867
naive_eager,3,37,2,0,0,2,2,1,1,0,1,0,1,1,10.768263600766659
naive_eager,3,8,2,0,0,2,2,1,1,0,1,0,1,1,10.949176736176014
naive_eager,3,32,2,0,0,2,2,1,1,0,1,0,1,1,11.139264330267906
naive_eager,3,32,2,0,0,2,2,1,1,0,1,0,1,1,10.466189123690128
naive_eager,3,110,2,0,0,2,2,1,1,0,1,0,1,1,10.898847132921219
naive_eager,3,123,2,1,0,,,,0,0,0,0,0,0,11.368400417268276
naive_eager,3,41,2,1,0,,,,0,0,0,0,0,0,7.92350247502327
naive_eager,3,33,2,0,0,2,2,2,0,0,0,0,0,0,13.553646393120289
naive_eager,3,32,2,0,0,2,2,2,0,0,0,0,0,0,10.779021307826042
naive_eager,3,23,2,1,0,,,,0,0,0,0,0,1,11.060135439038277
naive_eager,3,37,2,0,0,2,2,2,0,0,0,0,0,1,10.959731414914131
naive_eager,3,51,2,0,0,2,2,2,0,0,0,0,0,1,11.125218123197556
naive_eager,3,110,2,0,0,2,2,2,0,0,0,0,0,1,10.897829197347164
naive_eager,3,63,2,0,0,1,1,1,1,0,0,1,1,1,17.45304837822914
naive_eager,3,115,2,0,0,1,1,1,1,0,0,1,1,1,17.485931515693665
naive_eager,3,103,2,0,0,2,2,2,0,0,0,0,0,1,18.896074034273624
naive_eager,3,69,2,0,0,2,2,2,0,0,0,0,0,1,30.58653138577938
naive_eager,3,31,2,0,0,1,1,1,1,0,0,1,1,1,11.02102268487215
naive_eager,3,56,2,1,0,1,1,1,1,0,0,0,1,1,11.251017451286316
naive_eager,3,17,2,0,0,1,1,1,1,0,0,1,1,1,12.074487283825874
naive_eager,3,27,2,0,0,2,2,2,0,0,0,0,0,1,12.858254835009575
naive_eager,3,2,2,1,0,1,1,1,1,0,0,0,1,1,13.011453673243523
naive_eager,3,101,2,0,0,1,1,1,1,0,0,1,1,1,10.147667489945889
naive_eager,3,122,2,0,0,1,1,1,1,0,0,1,1,1,11.64180412888527
naive_eager,3,2,2,1,0,1,1,1,1,0,0,0,1,1,11.051764711737633
naive_eager,3,101,2,0,0,1,1,1,1,0,0,1,1,1,11.015981435775757
naive_eager,3,92,2,1,0,1,1,1,1,0,0,0,1,1,10.305690579116344
naive_eager,3,17,2,0,0,1,1,1,1,0,0,1,1,1,10.982291772961617
naive_eager,3,49,2,1,0,,,,0,0,0,0,0,1,10.793465189635754
naive_eager,3,56,2,1,0,1,1,1,1,0,0,0,1,1,11.41857448965311
naive_eager,3,17,2,0,0,1,1,1,1,0,0,1,1,1,28.401930816471577
naive_eager,3,2,2,1,0,1,1,1,1,0,0,0,1,1,24.796059355139732
naive_eager,3,122,2,0,0,2,1,1,1,0,1,0,1,1,31.65663219988346
naive_eager,3,56,2,1,0,1,1,1,1,0,0,0,1,1,10.71717869490385
naive_eager,3,63,2,0,0,2,1,1,1,0,1,0,1,1,11.914202943444252
naive_eager,3,63,2,0,0,2,1,1,1,0,1,0,1,1,11.739006265997887
naive_eager,3,56,2,1,0,1,1,1,1,0,0,0,1,1,11.713140644133091
naive_eager,3,60,2,1,0,1,1,1,1,0,0,0,1,1,11.099913157522678
naive_eager,3,60,2,1,0,1,1,1,1,0,0,0,1,1,11.190362274646759
naive_eager,3,98,2,0,0,2,2,2,0,0,0,0,0,1,11.208039708435535
naive_eager,3,122,2,0,0,2,1,1,1,0,1,0,1,1,11.646152473986149
naive_eager,3,71,2,0,0,2,1,1,1,0,1,0,1,1,11.780529282987118
naive_eager,3,101,2,0,0,1,1,1,1,0,0,1,1,1,11.713449843227863
naive_eager,3,101,2,0,0,1,1,1,1,0,0,1,1,1,11.45276241004467
naive_eager,3,113,2,0,0,2,1,1,1,0,1,0,1,1,11.455281637609005
naive_eager,3,11,2,0,0,2,1,1,1,0,1,0,1,1,12.167924083769321
naive_eager,3,39,2,0,0,2,1,1,1,0,1,0,1,1,19.01192031800747
naive_eager,3,60,2,1,0,1,1,1,1,0,0,0,1,1,25.214374996721745
naive_eager,3,55,2,0,0,2,2,1,1,0,1,0,1,1,31.699239276349545
naive_eager,3,115,2,0,0,2,1,1,1,0,1,0,1,1,11.064499616622925
naive_eager,3,55,2,0,0,2,2,1,1,0,1,0,1,1,10.992194525897503
naive_eager,3,60,2,1,0,1,1,1,1,0,0,0,1,1,11.225244030356407
naive_eager,3,31,2,0,0,2,2,1,1,0,1,0,1,1,11.179160326719284
naive_eager,3,71,2,0,0,2,1,1,1,0,1,0,1,1,11.081877164542675
naive_eager,3,39,2,0,0,2,1,1,1,0,1,0,1,1,11.112314648926258
naive_eager,3,115,2,0,0,2,1,1,1,0,1,0,1,1,10.885526426136494
naive_eager,3,113,2,0,0,2,2,1,1,0,1,0,1,1,10.87287813425064
naive_eager,3,55,2,0,0,2,2,1,1,0,1,0,1,1,11.574668809771538
naive_eager,3,17,2,0,0,2,2,1,1,0,1,0,1,1,15.700696036219597
naive_eager,3,115,2,0,0,2,2,1,1,0,1,0,1,1,24.533097632229328
naive_eager,3,122,2,0,0,2,2,1,1,0,1,0,1,1,30.697738751769066
naive_eager,3,114,2,1,0,,,,0,0,0,0,0,1,27.31034718453884
naive_eager,3,120,2,1,0,,,,0,0,0,0,0,1,10.845456272363663
naive_eager,3,31,2,0,0,2,2,1,1,0,1,0,1,1,11.301198974251747
naive_eager,3,31,2,0,0,2,2,1,1,0,1,0,1,1,11.24357245862484
naive_eager,3,55,2,0,0,2,2,1,1,0,1,0,1,1,10.733461007475853
naive_eager,3,50,2,1,0,,,,0,0,0,0,0,1,10.816444642841816
naive_eager,3,55,2,0,0,2,2,1,1,0,1,0,1,1,11.22573297470808
naive_eager,3,115,2,0,0,2,2,1,1,0,1,0,1,1,11.030126363039017
naive_eager,3,31,2,0,0,2,2,1,1,0,1,0,1,1,11.21567189693451
naive_eager,3,86,2,0,0,2,2,2,0,0,0,0,0,1,11.562285013496876
naive_eager,3,67,1,0,0,1,1,1,0,0,0,0,0,1,12.052461504936218
naive_eager,3,39,2,0,0,2,2,2,0,0,0,0,0,0,4.200432449579239
naive_eager,3,2,2,1,0,,,,0,0,0,0,0,0,14.905713498592377
naive_eager,3,71,2,0,0,2,2,2,0,0,0,0,0,0,14.095581136643887
naive_eager,3,60,2,1,0,,,,0,0,0,0,0,0,10.688741691410542
naive_eager,3,112,2,0,0,2,2,2,0,0,0,0,0,1,10.93012560158968
naive_eager,3,2,2,1,0,,,,0,0,0,0,0,1,11.046888306736946
naive_eager,3,56,2,1,0,,,,0,0,0,0,0,1,10.585940442979336
naive_eager,3,39,2,0,0,2,2,2,0,0,0,0,0,1,10.997012257575989
naive_eager,3,28,2,0,0,1,1,1,1,0,0,1,1,1,20.67750319838524
naive_eager,3,34,2,0,0,1,1,1,1,0,0,1,1,1,20.642114803195
naive_eager,3,115,2,0,0,2,2,2,0,0,0,0,0,1,20.472997799515724
naive_eager,3,97,2,0,0,1,1,1,1,0,0,1,1,1,21.759144961833954
naive_eager,3,100,2,0,0,2,2,2,0,0,0,0,0,1,11.665654368698597
naive_eager,3,34,2,0,0,1,1,1,1,0,0,1,1,1,11.78490649908781
naive_eager,3,99,2,0,0,1,1,1,1,0,0,1,1,1,11.559327132999897
naive_eager,3,29,2,1,0,1,1,1,1,0,0,0,1,1,12.163138017058372
naive_eager,3,96,2,1,0,1,1,1,1,0,0,0,1,1,11.525009758770466
naive_eager,3,91,2,0,0,1,1,1,1,0,0,1,1,1,11.41219399869442
naive_eager,3,34,2,0,0,1,1,1,1,0,0,1,1,1,10.886788368225098
naive_eager,3,91,2,0,0,1,1,1,1,0,0,1,1,1,11.087791994214058
naive_eager,3,27,2,0,0,2,2,2,0,0,0,0,0,1,11.436372064054012
naive_eager,3,45,2,1,0,1,1,1,1,0,0,0,1,1,25.756612420082092
naive_eager,3,97,2,0,0,1,1,1,1,0,0,1,1,1,13.851091265678406
naive_eager,3,47,2,0,0,1,1,1,1,0,0,1,1,1,25.748313404619694
naive_eager,3,122,2,0,0,2,2,2,0,0,0,0,0,1,32.183500938117504
naive_eager,3,4,2,0,0,2,2,2,0,0,0,0,0,1,11.792433448135853
naive_eager,3,29,2,1,0,1,1,1,1,0,0,0,1,1,11.584741063416004
naive_eager,3,30,2,0,0,2,1,1,1,0,1,0,1,1,11.716609820723534
naive_eager,3,16,2,0,0,2,1,1,1,0,1,0,1,1,11.072060093283653
naive_eager,3,97,2,0,0,1,1,1,1,0,0,1,1,1,11.873360723257065
naive_eager,3,91,2,0,0,2,1,1,1,0,1,0,1,1,11.754460632801056
naive_eager,3,28,2,0,0,1,1,1,1,0,0,1,1,1,11.5221431478858
naive_eager,3,30,2,0,0,2,1,1,1,0,1,0,1,1,11.475896462798119
naive_eager,3,43,2,1,0,,,,0,0,0,0,0,1,11.498578824102879
naive_eager,3,45,2,1,0,1,1,1,1,0,0,0,1,1,11.170411482453346
naive_eager,3,45,2,1,0,1,1,1,1,0,0,0,1,1,10.87213959544897
naive_eager,3,97,2,0,0,1,1,1,1,0,0,1,1,1,12.850116938352585
naive_eager,3,63,2,0,0,2,2,2,0,0,0,0,0,1,26.108319871127605
naive_eager,3,29,2,1,0,1,1,1,1,0,0,0,1,1,22.923978976905346
naive_eager,3,24,2,0,0,2,2,2,0,0,0,0,0,1,29.291639104485512
naive_eager,3,16,2,0,0,2,1,1,1,0,1,0,1,1,11.277461424469948
naive_eager,3,93,2,1,0,1,1,1,1,0,0,0,1,1,11.602944694459438
naive_eager,3,96,2,1,0,1,1,1,1,0,0,0,1,1,11.711884289979935
naive_eager,3,73,2,0,0,2,2,2,0,0,0,0,0,1,11.722826398909092
naive_eager,3,47,2,0,0,1,1,1,1,0,0,1,1,1,11.393561027944088
naive_eager,3,126,2,0,0,1,1,1,1,0,0,1,1,1,11.631627567112446
naive_eager,3,93,2,1,0,1,1,1,1,0,0,0,1,1,11.611864902079105
naive_eager,3,16,2,0,0,2,2,1,1,0,1,0,1,1,23.6912677064538
naive_eager,3,92,2,1,0,,,,0,0,0,0,0,1,29.930932447314262
naive_eager,3,28,2,0,0,2,2,1,1,0,1,0,1,1,24.346942082047462
naive_eager,3,91,2,0,0,2,2,1,1,0,1,0,1,1,29.476825147867203
naive_eager,3,16,2,0,0,2,2,1,1,0,1,0,1,1,11.398961767554283
naive_eager,3,29,2,1,0,,,1,1,0,0,0,1,1,11.39895524829626
naive_eager,3,17,2,0,0,2,2,2,0,0,0,0,0,1,11.170466430485249
naive_eager,3,34,2,0,0,2,2,1,1,0,1,0,1,1,11.377009563148022
naive_eager,3,47,2,0,0,2,2,1,1,0,1,0,1,1,11.174908839166164
naive_eager,3,77,2,0,0,2,2,2,0,0,0,0,0,1,11.20455376803875
naive_eager,3,34,2,0,0,2,2,1,1,0,1,0,1,1,11.087057180702686
naive_eager,3,56,2,1,0,,,,0,0,0,0,0,1,10.879812762141228
naive_eager,3,29,2,1,0,,,1,1,0,0,0,1,1,11.060526594519615
naive_eager,3,44,2,0,0,2,2,1,1,0,1,0,1,1,10.960901156067848
naive_eager,3,96,2,1,0,,,1,1,0,0,0,1,1,10.899345390498638
naive_eager,3,91,2,0,0,2,2,1,1,0,1,0,1,1,11.147135868668556
naive_eager,3,28,2,0,0,2,2,1,1,0,1,0,1,1,11.134241707623005
naive_eager,3,29,2,1,0,,,,0,0,0,0,0,0,8.114994503557682
naive_eager,3,93,2,1,0,,,,0,0,0,0,0,0,14.015556313097477
naive_eager,3,101,2,0,0,2,2,2,0,0,0,0,0,0,10.884013958275318
naive_eager,3,97,2,0,0,2,2,2,0,0,0,0,0,0,10.55515930056572
naive_eager,3,28,2,0,0,2,2,2,0,0,0,0,0,0,10.858915746212006
naive_eager,3,36,2,1,0,,,,0,0,0,0,0,0,10.983017273247242
naive_eager,3,32,2,0,0,2,2,2,0,0,0,0,0,0,11.171724647283554
naive_eager,3,47,2,0,0,2,2,2,0,0,0,0,0,0,11.356084607541561
naive_eager,3,94,2,0,0,2,2,2,0,0,0,0,0,0,11.010343208909035
naive_eager,3,126,2,0,0,2,2,2,0,0,0,0,0,0,11.396120302379131
naive_eager,3,91,2,0,0,2,2,2,0,0,0,0,0,0,11.312037706375122
naive_eager,3,20,2,0,0,2,2,2,0,0,0,0,0,0,11.299573816359043
naive_eager,3,72,2,0,0,2,2,2,0,0,0,0,0,0,11.50039304047823
naive_eager,3,96,2,1,0,,,,0,0,0,0,0,0,11.499402113258839
naive_eager,3,47,2,0,0,2,2,2,0,0,0,0,0,0,11.650081723928452
naive_eager,3,90,2,0,0,2,2,2,0,0,0,0,0,0,12.619242072105408
naive_eager,3,96,2,1,0,,,,0,0,0,0,0,0,11.754837818443775
naive_eager,3,48,2,0,0,2,2,2,0,0,0,0,0,0,10.818077251315117
naive_eager,3,97,2,0,0,2,2,2,0,0,0,0,0,0,11.626265943050385
naive_eager,3,29,2,1,0,,,,0,0,0,0,0,0,11.265873908996582
naive_eager,3,126,2,0,0,2,2,2,0,0,0,0,0,0,11.138146743178368
naive_eager,3,99,2,0,0,2,2,2,0,0,0,0,0,0,10.860183276236057
naive_eager,3,14,2,0,0,2,2,2,0,0,0,0,0,0,10.408641770482063
naive_eager,3,30,2,0,0,2,2,2,0,0,0,0,0,0,10.033606551587582
naive_eager,3,96,2,1,0,,,,0,0,0,0,0,0,9.890793822705746
naive_eager,3,28,2,0,0,2,2,2,0,0,0,0,0,0,9.865322150290012
naive_eager,3,28,2,0,0,2,2,2,0,0,0,0,0,0,11.09209656715393
naive_eager,3,85,2,0,0,2,2,2,0,0,0,0,0,0,11.298281140625477
naive_eager,3,35,2,0,0,2,2,2,0,0,0,0,0,0,11.446386575698853
naive_eager,3,126,2,0,0,2,2,2,0,0,0,0,0,0,12.225499376654625
naive_eager,3,28,2,0,0,2,2,2,0,0,0,0,0,0,11.964412406086922
naive_eager,3,96,2,1,0,,,,0,0,0,0,0,0,10.938017629086971
naive_eager,3,44,2,0,0,2,2,2,0,0,0,0,0,0,11.062976904213428
naive_eager,4,26,1,0,0,1,1,1,0,0,0,0,0,1,3.6126207560300827
naive_eager,4,8,1,0,0,1,1,1,0,0,0,0,0,1,6.807997822761536
naive_eager,4,95,1,0,0,1,1,1,0,0,0,0,0,1,9.836084209382534
naive_eager,4,77,1,0,0,1,1,1,0,0,0,0,0,1,13.004101812839508
naive_eager,4,42,2,0,0,1,1,1,1,0,0,1,1,1,31.895698979496956
naive_eager,4,70,1,0,0,1,1,1,0,0,0,0,0,1,31.512049958109856
naive_eager,4,52,2,0,0,1,1,1,1,0,0,1,1,1,31.864186748862267
naive_eager,4,42,2,0,0,1,1,1,1,0,0,1,1,1,44.333300553262234
naive_eager,4,25,2,0,0,1,1,1,1,0,0,1,1,1,11.847092770040035
naive_eager,4,42,2,0,0,1,1,1,1,0,0,1,1,1,11.745058931410313
naive_eager,4,74,2,0,0,1,1,1,1,0,0,1,1,1,11.801516637206078
naive_eager,4,5,2,0,0,1,1,1,1,0,0,1,1,1,11.969761922955513
naive_eager,4,85,2,0,0,1,1,1,1,0,0,1,1,1,11.776796542108059
naive_eager,4,115,2,1,0,1,1,1,1,0,0,0,1,1,11.449302546679974
naive_eager,4,80,2,0,0,1,1,1,1,0,0,1,1,1,11.462276801466942
naive_eager,4,37,1,0,0,1,1,1,0,0,0,0,0,1,11.486563831567764
naive_eager,4,65,2,1,0,1,1,1,1,0,0,0,1,1,27.798245660960674
naive_eager,4,65,2,1,0,1,1,1,1,0,0,0,1,1,27.39910129457712
naive_eager,4,14,1,0,0,1,1,1,0,0,0,0,0,1,27.968634851276875
naive_eager,4,58,1,0,0,1,1,1,0,0,0,0,0,1,22.937437519431114
naive_eager,4,23,1,0,0,1,1,1,0,0,0,0,0,1,12.085082940757275
naive_eager,4,25,2,0,0,2,1,1,1,0,1,0,1,1,11.992745101451874
naive_eager,4,16,1,0,0,1,1,1,0,0,0,0,0,1,11.74819003790617
naive_eager,4,24,2,0,0,1,1,1,1,0,0,1,1,1,11.712915264070034
naive_eager,4,42,2,0,0,2,1,1,1,0,1,0,1,1,10.923522524535656
naive_eager,4,109,1,0,0,1,1,1,0,0,0,0,0,1,10.855951346457005
naive_eager,4,42,2,0,0,2,1,1,1,0,1,0,1,1,11.382441967725754
naive_eager,4,85,2,0,0,2,1,1,1,0,1,0,1,1,11.404217220842838
naive_eager,4,22,2,0,0,1,1,1,1,0,0,1,1,1,11.060694232583046
naive_eager,4,85,2,0,0,2,1,1,1,0,1,0,1,1,10.917427949607372
naive_eager,4,99,1,0,0,1,1,1,0,0,0,0,0,1,11.351406574249268
naive_eager,4,114,2,0,0,1,1,1,1,0,0,1,1,1,11.04519423097372
naive_eager,4,25,2,0,0,2,2,1,1,0,1,0,1,1,26.405748911201954
naive_eager,4,25,2,0,0,2,2,1,1,0,1,0,1,1,33.05616043508053
naive_eager,4,85,2,0,0,2,1,1,1,0,1,0,1,1,29.23410478979349
naive_eager,4,65,2,1,0,1,1,1,1,0,0,0,1,1,42.46157128363848
naive_eager,4,22,2,0,0,1,1,1,1,0,0,1,1,1,11.235625483095646
naive_eager,4,52,2,0,0,2,1,1,1,0,1,0,1,1,10.438984259963036
naive_eager,4,71,1,0,0,1,1,1,0,0,0,0,0,1,11.379740200936794
naive_eager,4,22,2,0,0,1,1,1,1,0,0,1,1,1,11.641851626336575
naive_eager,4,115,2,1,0,1,1,1,1,0,0,0,1,1,12.221780605614185
naive_eager,4,28,1,0,0,1,1,1,0,0,0,0,0,1,12.286134995520115
naive_eager,4,22,2,0,0,1,1,1,1,0,0,1,1,1,11.630607768893242
naive_eager,4,25,2,0,0,2,2,1,1,0,1,0,1,1,10.98912674933672
naive_eager,4,120,1,0,0,1,1,1,0,0,0,0,0,1,10.9452148899436
naive_eager,4,96,1,0,0,1,1,1,0,0,0,0,0,1,11.050984263420105
naive_eager,4,44,2,0,0,2,1,1,1,0,1,0,1,1,11.539848521351814
naive_eager,4,82,1,0,0,1,1,1,0,0,0,0,0,1,11.602746322751045
naive_eager,4,25,2,0,0,2,2,1,1,0,1,0,1,1,11.458726599812508
naive_eager,4,80,2,0,0,2,2,1,1,0,1,0,1,1,40.11910408735275
naive_eager,4,114,2,0,0,2,2,1,1,0,1,0,1,1,36.360839381814
naive_eager,4,115,2,1,0,,,1,1,0,0,0,1,1,43.21046359837055
naive_eager,4,85,2,0,0,2,2,1,1,0,1,0,1,1,40.706438943743706
naive_eager,4,65,2,1,0,,,1,1,0,0,0,1,1,11.167081072926521
naive_eager,4,22,2,0,0,2,2,1,1,0,1,0,1,1,12.280531227588654
naive_eager,4,68,2,0,0,2,2,1,1,0,1,0,1,1,11.889856308698654
naive_eager,4,65,2,1,0,,,1,1,0,0,0,1,1,11.648335494101048
naive_eager,4,74,2,0,0,2,2,1,1,0,1,0,1,1,11.234805919229984
naive_eager,4,65,2,1,0,,,1,1,0,0,0,1,1,11.180880479514599
naive_eager,4,85,2,0,0,2,2,1,1,0,1,0,1,1,11.003891006112099
naive_eager,4,52,2,0,0,2,2,1,1,0,1,0,1,1,11.712289415299892
naive_eager,4,85,2,0,0,2,2,1,1,0,1,0,1,1,12.425598688423634
naive_eager,4,42,2,0,0,2,2,1,1,0,1,0,1,1,12.873856350779533
naive_eager,4,44,2,0,0,2,2,2,0,0,0,0,0,0,9.633833542466164
naive_eager,4,33,1,0,0,1,1,1,0,0,0,0,0,0,9.08376183360815
naive_eager,4,5,2,0,0,2,2,2,0,0,0,0,0,0,19.524102099239826
naive_eager,4,52,2,0,0,2,2,2,0,0,0,0,0,0,11.769987642765045
naive_eager,4,114,2,0,0,2,2,2,0,0,0,0,0,1,11.330930516123772
naive_eager,4,114,2,0,0,2,2,2,0,0,0,0,0,1,11.02785300463438
naive_eager,4,127,1,0,0,1,1,1,0,0,0,0,0,1,11.430309154093266
naive_eager,4,57,1,0,0,1,1,1,0,0,0,0,0,1,11.826913803815842
naive_eager,4,47,2,0,0,1,1,1,1,0,0,1,1,1,12.915074825286865
naive_eager,4,53,1,0,0,1,1,1,0,0,0,0,0,1,26.69178694486618
naive_eager,4,27,1,0,0,1,1,1,0,0,0,0,0,1,27.205434627830982
naive_eager,4,69,2,0,0,1,1,1,1,0,0,1,1,1,26.861095800995827
naive_eager,4,46,2,0,0,1,1,1,1,0,0,1,1,1,13.025772757828236
naive_eager,4,46,2,0,0,1,1,1,1,0,0,1,1,1,12.271584942936897
naive_eager,4,2,2,1,0,1,1,1,1,0,0,0,1,1,11.561853811144829
naive_eager,4,51,2,0,0,1,1,1,1,0,0,1,1,1,11.567614041268826
naive_eager,4,107,2,0,0,1,1,1,1,0,0,1,1,1,11.22134830802679
naive_eager,4,62,1,0,0,1,1,1,0,0,0,0,0,1,10.856145061552525
naive_eager,4,51,2,0,0,1,1,1,1,0,0,1,1,1,11.16359606385231
naive_eager,4,65,2,1,0,,,,0,0,0,0,0,1,11.446411721408367
naive_eager,4,35,1,0,0,1,1,1,0,0,0,0,0,1,22.922638803720474
naive_eager,4,46,2,0,0,1,1,1,1,0,0,1,1,1,27.302364818751812
naive_eager,4,51,2,0,0,1,1,1,1,0,0,1,1,1,36.816444247961044
naive_eager,4,84,2,0,0,1,1,1,1,0,0,1,1,1,25.914963334798813
naive_eager,4,46,2,0,0,1,1,1,1,0,0,1,1,1,16.242017969489098
naive_eager,4,51,2,0,0,1,1,1,1,0,0,1,1,1,12.521469034254551
naive_eager,4,123,2,0,0,2,1,1,1,0,1,0,1,1,12.295383960008621
naive_eager,4,39,1,0,0,1,1,1,0,0,0,0,0,1,11.799962259829044
naive_eager,4,1,1,0,0,1,1,1,0,0,0,0,0,1,12.100959196686745
naive_eager,4,117,1,0,0,1,1,1,0,0,0,0,0,1,11.953839100897312
naive_eager,4,98,1,0,0,1,1,1,0,0,0,0,0,1,11.83952298015356
naive_eager,4,19,1,0,0,1,1,1,0,0,0,0,0,1,11.31143607199192
naive_eager,4,37,2,1,0,1,1,1,1,0,0,0,1,1,11.301770806312561
naive_eager,4,49,2,0,0,1,1,1,1,0,0,1,1,1,10.943804867565632
naive_eager,4,3,2,0,0,1,1,1,1,0,0,1,1,1,15.392455272376537
naive_eager,4,51,2,0,0,1,1,1,1,0,0,1,1,1,21.98013011366129
naive_eager,4,0,2,0,0,2,2,1,1,0,1,0,1,1,19.828748889267445
naive_eager,4,69,2,0,0,1,1,1,1,0,0,1,1,1,31.75297100096941
naive_eager,4,49,2,0,0,1,1,1,1,0,0,1,1,1,11.694234795868397
naive_eager,4,31,1,0,0,1,1,1,0,0,0,0,0,1,11.2382797524333
naive_eager,4,61,1,0,0,1,1,1,0,0,0,0,0,1,11.270065791904926
naive_eager,4,107,2,0,0,2,1,1,1,0,1,0,1,1,11.023811995983124
naive_eager,4,107,2,0,0,2,1,1,1,0,1,0,1,1,11.808698065578938
naive_eager,4,2,2,1,0,1,1,1,1,0,0,0,1,1,11.888139881193638
naive_eager,4,101,2,1,0,1,1,1,1,0,0,0,1,1,11.569012887775898
naive_eager,4,84,2,0,0,1,1,1,1,0,0,1,1,1,10.833241045475006
naive_eager,4,86,2,0,0,1,1,1,1,0,0,1,1,1,11.33620087057352
naive_eager,4,38,1,0,0,1,1,1,0,0,0,0,0,1,11.564167216420174
naive_eager,4,3,2,0,0,1,1,1,1,0,0,1,1,1,11.98621653020382
naive_eager,4,2,2,1,0,,,1,1,0,0,0,1,1,18.40297132730484
naive_eager,4,51,2,0,0,2,2,1,1,0,1,0,1,1,28.493352234363556
naive_eager,4,0,2,0,0,2,2,1,1,0,1,0,1,1,21.64116222411394
naive_eager,4,3,2,0,0,2,2,1,1,0,1,0,1,1,31.46212175488472
naive_eager,4,3,2,0,0,2,2,1,1,0,1,0,1,1,10.956156998872757
naive_eager,4,46,2,0,0,2,2,1,1,0,1,0,1,1,11.35692186653614
naive_eager,4,69,2,0,0,2,2,1,1,0,1,0,1,1,11.271175928413868
naive_eager,4,19,1,0,0,1,1,1,0,0,0,0,0,1,10.871327482163906
naive_eager,4,101,2,1,0,,,1,1,0,0,0,1,1,11.47386059165001
naive_eager,4,84,2,0,0,2,2,1,1,0,1,0,1,1,11.283357627689838
naive_eager,4,84,2,0,0,2,2,1,1,0,1,0,1,1,11.408706195652485
naive_eager,4,107,2,0,0,2,2,1,1,0,1,0,1,1,11.391223408281803
naive_eager,4,49,2,0,0,2,2,1,1,0,1,0,1,1,10.784300044178963
naive_eager,4,2,2,1,0,,,,0,0,0,0,0,0,11.092486791312695
naive_eager,4,123,2,0,0,2,2,2,0,0,0,0,0,0,11.189689859747887
naive_eager,4,103,2,0,0,2,2,2,0,0,0,0,0,0,11.656331829726696
naive_eager,4,6,1,0,0,1,1,1,0,0,0,0,0,0,11.418870650231838
naive_eager,4,46,2,0,0,2,2,2,0,0,0,0,0,1,11.492909863591194
naive_eager,4,106,1,0,0,1,1,1,0,0,0,0,0,1,11.298181489109993
naive_eager,4,29,1,0,0,1,1,1,0,0,0,0,0,1,11.112188920378685
naive_eager,4,94,1,0,0,1,1,1,0,0,0,0,0,1,11.221596971154213
naive_eager,4,38,1,0,0,1,1,1,0,0,0,0,0,1,10.895521380007267
naive_eager,4,116,2,0,0,1,1,1,1,0,0,1,1,1,18.273032270371914
naive_eager,4,127,2,1,0,1,1,1,1,0,0,0,1,1,28.207553550601006
naive_eager,4,111,2,0,0,1,1,1,1,0,0,1,1,1,28.21958903223276
naive_eager,4,77,2,0,0,1,1,1,1,0,0,1,1,1,11.758103035390377
naive_eager,4,116,2,0,0,1,1,1,1,0,0,1,1,1,11.310744099318981
naive_eager,4,127,2,1,0,1,1,1,1,0,0,0,1,1,11.359864845871925
naive_eager,4,116,2,0,0,1,1,1,1,0,0,1,1,1,11.045337654650211
naive_eager,4,59,2,0,0,1,1,1,1,0,0,1,1,1,11.230885051190853
naive_eager,4,89,2,0,0,1,1,1,1,0,0,1,1,1,10.75141690671444
naive_eager,4,64,2,0,0,1,1,1,1,0,0,1,1,1,11.232377029955387
naive_eager,4,28,1,0,0,1,1,1,0,0,0,0,0,1,11.507878080010414
naive_eager,4,73,2,1,0,1,1,1,1,0,0,0,1,1,23.08599092066288
naive_eager,4,127,2,1,0,1,1,1,1,0,0,0,1,1,15.505931340157986
naive_eager,4,11,2,0,0,1,1,1,1,0,0,1,1,1,26.63889341056347
naive_eager,4,94,2,0,0,2,1,1,1,0,1,0,1,1,36.65521927177906
naive_eager,4,111,2,0,0,1,1,1,1,0,0,1,1,1,12.20060046762228
naive_eager,4,59,2,0,0,2,1,1,1,0,1,0,1,1,12.169946916401386
naive_eager,4,14,2,1,0,1,1,1,1,0,0,0,1,1,11.74456812441349
naive_eager,4,27,2,0,0,1,1,1,1,0,0,1,1,1,11.426923796534538
naive_eager,4,127,2,1,0,1,1,1,1,0,0,0,1,1,11.286230757832527
naive_eager,4,66,2,0,0,2,1,1,1,0,1,0,1,1,12.137716636061668
naive_eager,4,4,1,0,0,1,1,1,0,0,0,0,0,1,11.421057395637035
naive_eager,4,102,2,0,0,2,2,2,0,0,0,0,0,1,12.000972405076027
naive_eager,4,58,2,1,0,1,1,1,1,0,0,0,1,1,11.786511167883873
naive_eager,4,111,2,0,0,1,1,1,1,0,0,1,1,1,11.540109291672707
naive_eager,4,86,2,0,0,2,2,2,0,0,0,0,0,1,11.73043716698885
naive_eager,4,116,2,0,0,1,1,1,1,0,0,1,1,1,22.037789225578308
naive_eager,4,15,1,0,0,1,1,1,0,0,0,0,0,1,18.8117828220129
naive_eager,4,109,1,0,0,1,1,1,0,0,0,0,0,1,18.862794153392315
naive_eager,4,78,2,0,0,1,1,1,1,0,0,1,1,1,28.608770109713078
naive_eager,4,61,1,0,0,1,1,1,0,0,0,0,0,1,11.89134269952774
naive_eager,4,73,2,1,0,1,1,1,1,0,0,0,1,1,12.12257519364357
naive_eager,4,73,2,1,0,1,1,1,1,0,0,0,1,1,12.092983350157738
naive_eager,4,73,2,1,0,1,1,1,1,0,0,0,1,1,11.379655450582504
naive_eager,4,66,2,0,0,2,2,1,1,0,1,0,1,1,11.541380546987057
naive_eager,4,65,2,1,0,,,,0,0,0,0,0,1,11.209673248231411
naive_eager,4,7,1,0,0,1,1,1,0,0,0,0,0,1,11.273111216723919
naive_eager,4,89,2,0,0,2,2,1,1,0,1,0,1,1,24.99132603406906
naive_eager,4,58,2,1,0,,,1,1,0,0,0,1,1,22.493410855531693
naive_eager,4,14,2,1,0,,,1,1,0,0,0,1,1,34.315734170377254
naive_eager,4,11,2,0,0,2,2,1,1,0,1,0,1,1,30.801319517195225
naive_eager,4,59,2,0,0,2,2,1,1,0,1,0,1,1,11.001172475516796
naive_eager,4,59,2,0,0,2,2,1,1,0,1,0,1,1,10.48703771084547
naive_eager,4,14,2,1,0,,,1,1,0,0,0,1,1,11.632062494754791
naive_eager,4,116,2,0,0,2,2,1,1,0,1,0,1,1,11.688421480357647
naive_eager,4,59,2,0,0,2,2,1,1,0,1,0,1,1,11.07176672667265
naive_eager,4,78,2,0,0,2,2,1,1,0,1,0,1,1,11.494827456772327
naive_eager,4,59,2,0,0,2,2,1,1,0,1,0,1,1,11.56335137784481
naive_eager,4,127,2,1,0,,,1,1,0,0,0,1,1,11.179743334650993
naive_eager,4,27,2,0,0,2,2,1,1,0,1,0,1,1,12.220068834722042
naive_eager,4,79,2,0,0,2,2,1,1,0,1,0,1,1,11.576960794627666
naive_eager,4,79,2,0,0,2,2,1,1,0,1,0,1,1,11.759300716221333
naive_eager,4,72,1,0,0,1,1,1,0,0,0,0,0,1,11.986156925559044
naive_eager,4,27,2,0,0,2,2,2,0,0,0,0,0,0,11.114471592009068
naive_eager,4,68,2,0,0,2,2,2,0,0,0,0,0,0,8.109190501272678
naive_eager,4,22,2,0,0,2,2,2,0,0,0,0,0,0,8.372057229280472
naive_eager,4,102,2,0,0,2,2,2,0,0,0,0,0,0,17.712377943098545
naive_eager,4,77,2,0,0,2,2,2,0,0,0,0,0,1,11.680259369313717
naive_eager,4,45,1,0,0,1,1,1,0,0,0,0,0,1,11.735894717276096
naive_eager,4,93,1,0,0,1,1,1,0,0,0,0,0,1,12.101794593036175
naive_eager,4,116,2,0,0,2,2,2,0,0,0,0,0,1,11.682683601975441
naive_eager,4,99,2,0,0,1,1,1,1,0,0,1,1,1,14.624729752540588
naive_eager,4,45,2,0,0,1,1,1,1,0,0,1,1,1,28.070137836039066
naive_eager,4,90,2,0,0,1,1,1,1,0,0,1,1,1,24.104981683194637
naive_eager,4,15,1,0,0,1,1,1,0,0,0,0,0,1,31.018218956887722
naive_eager,4,99,2,0,0,1,1,1,1,0,0,1,1,1,10.757938027381897
naive_eager,4,48,2,1,0,1,1,1,1,0,0,0,1,1,11.304695159196854
naive_eager,4,31,2,1,0,1,1,1,1,0,0,0,1,1,10.964754968881607
naive_eager,4,66,2,0,0,2,2,2,0,0,0,0,0,1,11.598830111324787
naive_eager,4,39,2,0,0,1,1,1,1,0,0,1,1,1,11.676953174173832
naive_eager,4,17,1,0,0,1,1,1,0,0,0,0,0,1,11.344095692038536
naive_eager,4,32,1,0,0,1,1,1,0,0,0,0,0,1,11.696412228047848
naive_eager,4,99,2,0,0,2,1,1,1,0,1,0,1,1,24.290074594318867
naive_eager,4,1,2,0,0,1,1,1,1,0,0,1,1,1,16.68932195752859
naive_eager,4,48,2,1,0,1,1,1,1,0,0,0,1,1,34.05206184834242
naive_eager,4,31,2,1,0,1,1,1,1,0,0,0,1,1,31.115375459194183
naive_eager,4,20,2,0,0,2,1,1,1,0,1,0,1,1,11.734151281416416
naive_eager,4,36,2,1,0,1,1,1,1,0,0,0,1,1,11.822168715298176
naive_eager,4,48,2,1,0,1,1,1,1,0,0,0,1,1,11.317184194922447
naive_eager,4,48,2,1,0,1,1,1,1,0,0,0,1,1,11.834404431283474
naive_eager,4,19,2,0,0,1,1,1,1,0,0,1,1,1,11.8356728926301
naive_eager,4,20,2,0,0,2,1,1,1,0,1,0,1,1,11.775939725339413
naive_eager,4,89,2,0,0,2,2,2,0,0,0,0,0,1,11.589117348194122
naive_eager,4,36,2,1,0,1,1,1,1,0,0,0,1,1,10.723771527409554
naive_eager,4,18,2,0,0,2,1,1,1,0,1,0,1,1,11.4116370677948
naive_eager,4,19,2,0,0,1,1,1,1,0,0,1,1,1,11.588462628424168
naive_eager,4,19,2,0,0,1,1,1,1,0,0,1,1,1,22.003247402608395
naive_eager,4,121,2,0,0,1,1,1,1,0,0,1,1,1,14.719135127961636
naive_eager,4,79,2,0,0,2,2,2,0,0,0,0,0,1,25.172129273414612
naive_eager,4,121,2,0,0,1,1,1,1,0,0,1,1,1,24.93745181709528
naive_eager,4,121,2,0,0,1,1,1,1,0,0,1,1,1,11.599864810705185
naive_eager,4,121,2,0,0,1,1,1,1,0,0,1,1,1,11.772602796554565
naive_eager,4,21,2,1,0,1,1,1,1,0,0,0,1,1,11.686736717820168
naive_eager,4,36,2,1,0,1,1,1,1,0,0,0,1,1,11.462369002401829
naive_eager,4,77,2,0,0,2,2,2,0,0,0,0,0,1,11.103826574981213
naive_eager,4,18,2,0,0,2,1,1,1,0,1,0,1,1,11.25233806669712
naive_eager,4,45,2,0,0,2,1,1,1,0,1,0,1,1,11.464289389550686
naive_eager,4,8,2,0,0,1,1,1,1,0,0,1,1,1,11.677500791847706
naive_eager,4,20,2,0,0,2,2,1,1,0,1,0,1,1,19.142311066389084
naive_eager,4,18,2,0,0,2,2,1,1,0,1,0,1,1,28.58554106205702
naive_eager,4,90,2,0,0,2,2,1,1,0,1,0,1,1,28.75832747668028
naive_eager,4,8,2,0,0,2,2,1,1,0,1,0,1,1,25.136737152934074
naive_eager,4,48,2,1,0,,,1,1,0,0,0,1,1,11.12994085997343
naive_eager,4,111,2,0,0,2,2,2,0,0,0,0,0,1,11.285508051514626
naive_eager,4,25,2,0,0,2,2,2,0,0,0,0,0,1,11.414586566388607
naive_eager,4,39,2,0,0,2,2,1,1,0,1,0,1,1,11.38343196362257
naive_eager,4,51,2,0,0,2,2,2,0,0,0,0,0,1,11.461537331342697
naive_eager,4,1,2,0,0,2,2,1,1,0,1,0,1,1,11.661742813885212
naive_eager,4,30,2,0,0,2,2,1,1,0,1,0,1,1,11.961161158978939
naive_eager,4,39,2,0,0,2,2,1,1,0,1,0,1,1,12.02355232089758
naive_eager,4,7,2,0,0,2,2,2,0,0,0,0,0,0,8.845820091664791
naive_eager,4,45,2,0,0,2,2,2,0,0,0,0,0,0,15.965805388987064
naive_eager,4,30,2,0,0,2,2,2,0,0,0,0,0,0,12.117928825318813
naive_eager,4,18,2,0,0,2,2,2,0,0,0,0,0,0,12.11332343518734
naive_eager,4,116,2,0,0,2,2,2,0,0,0,0,0,1,12.466278858482838
naive_eager,4,31,2,1,0,,,,0,0,0,0,0,1,14.70053382217884
naive_eager,4,45,2,0,0,2,2,2,0,0,0,0,0,1,14.606130309402943
naive_eager,4,100,1,0,0,1,1,1,0,0,0,0,0,1,14.914319850504398
naive_eager,4,12,2,0,0,1,1,1,1,0,0,1,1,1,25.2247778698802
naive_eager,4,124,2,0,0,1,1,1,1,0,0,1,1,1,22.476471960544586
naive_eager,4,43,2,1,0,1,1,1,1,0,0,0,1,1,19.325454719364643
naive_eager,4,67,2,0,0,1,1,1,1,0,0,1,1,1,26.38328541070223
naive_eager,4,63,2,0,0,1,1,1,1,0,0,1,1,1,12.330709025263786
naive_eager,4,119,2,0,0,1,1,1,1,0,0,1,1,1,12.179553508758545
naive_eager,4,53,2,0,0,1,1,1,1,0,0,1,1,1,12.542913667857647
naive_eager,4,76,1,0,0,1,1,1,0,0,0,0,0,1,12.175141833722591
naive_eager,4,34,2,0,0,1,1,1,1,0,0,1,1,1,12.199247255921364
naive_eager,4,13,2,0,0,1,1,1,1,0,0,1,1,1,12.599397450685501
naive_eager,4,15,1,0,0,1,1,1,0,0,0,0,0,1,12.046052142977715
naive_eager,4,13,2,0,0,1,1,1,1,0,0,1,1,1,12.72986363619566
naive_eager,4,34,2,0,0,1,1,1,1,0,0,1,1,1,12.456998229026794
naive_eager,4,109,1,0,0,1,1,1,0,0,0,0,0,1,9.780114516615868
naive_eager,4,100,2,1,0,1,1,1,1,0,0,0,1,1,25.888090021908283
naive_eager,4,67,2,0,0,2,1,1,1,0,1,0,1,1,32.16284513473511
naive_eager,4,34,2,0,0,1,1,1,1,0,0,1,1,1,29.059486463665962
naive_eager,4,63,2,0,0,2,1,1,1,0,1,0,1,1,11.748007498681545
naive_eager,4,11,2,0,0,2,2,2,0,0,0,0,0,1,13.065668754279613
naive_eager,4,100,2,1,0,1,1,1,1,0,0,0,1,1,13.583328574895859
naive_eager,4,34,2,0,0,1,1,1,1,0,0,1,1,1,13.96497618407011
naive_eager,4,54,2,0,0,1,1,1,1,0,0,1,1,1,13.67597933858633
naive_eager,4,43,2,1,0,1,1,1,1,0,0,0,1,1,12.49532401561737
naive_eager,4,43,2,1,0,1,1,1,1,0,0,0,1,1,11.704894714057446
naive_eager,4,56,2,1,0,1,1,1,1,0,0,0,1,1,10.82607451826334
naive_eager,4,67,2,0,0,2,1,1,1,0,1,0,1,1,10.738717392086983
naive_eager,4,38,2,0,0,2,2,1,1,0,1,0,1,1,30.426696874201298
naive_eager,4,127,2,1,0,,,,0,0,0,0,0,1,27.307135984301567
naive_eager,4,91,2,0,0,2,2,1,1,0,1,0,1,1,27.97032054513693
naive_eager,4,38,2,0,0,2,2,1,1,0,1,0,1,1,36.97763662785292
naive_eager,4,34,2,0,0,1,1,1,1,0,0,1,1,1,11.387890204787254
naive_eager,4,124,2,0,0,2,1,1,1,0,1,0,1,1,11.82393915951252
naive_eager,4,67,2,0,0,2,1,1,1,0,1,0,1,1,12.109667994081974
naive_eager,4,56,2,1,0,1,1,1,1,0,0,0,1,1,11.846154928207397
naive_eager,4,91,2,0,0,2,2,1,1,0,1,0,1,1,11.80644053965807
naive_eager,4,41,2,0,0,2,2,1,1,0,1,0,1,1,12.03304622322321
naive_eager,4,100,2,1,0,1,1,1,1,0,0,0,1,1,12.078577652573586
naive_eager,4,22,2,0,0,2,2,2,0,0,0,0,0,1,12.171214446425438
naive_eager,4,53,2,0,0,2,2,1,1,0,1,0,1,1,30.552493408322334
naive_eager,4,84,2,0,0,2,2,2,0,0,0,0,0,1,36.728695034980774
naive_eager,4,12,2,0,0,2,2,1,1,0,1,0,1,1,30.906361527740955
naive_eager,4,39,2,0,0,2,2,2,0,0,0,0,0,1,36.481655202805996
naive_eager,4,99,2,0,0,2,2,2,0,0,0,0,0,1,11.415273882448673
naive_eager,4,105,2,0,0,2,2,2,0,0,0,0,0,1,11.333376169204712
naive_eager,4,119,2,0,0,2,2,1,1,0,1,0,1,1,11.298151686787605
naive_eager,4,3,2,0,0,2,2,2,0,0,0,0,0,1,11.412981897592545
naive_eager,4,91,2,0,0,2,2,1,1,0,1,0,1,1,12.34368048608303
naive_eager,4,56,2,1,0,,,1,1,0,0,0,1,1,12.733726762235165
naive_eager,4,28,1,0,0,1,1,1,0,0,0,0,0,1,12.674784287810326
naive_eager,4,49,2,0,0,2,2,2,0,0,0,0,0,1,12.223133817315102
naive_eager,4,100,2,1,0,,,1,1,0,0,0,1,1,11.744746938347816
naive_eager,4,95,2,1,0,,,,0,0,0,0,0,0,4.3315524235367775
naive_eager,4,38,2,0,0,2,2,2,0,0,0,0,0,0,14.559682458639145
naive_eager,4,12,2,0,0,2,2,2,0,0,0,0,0,0,14.482314698398113
naive_eager,4,95,2,1,0,,,,0,0,0,0,0,0,11.193281970918179
naive_eager,4,121,2,0,0,2,2,2,0,0,0,0,0,1,11.414596810936928
naive_eager,4,109,1,0,0,1,1,1,0,0,0,0,0,1,11.629773303866386
naive_eager,4,34,2,0,0,2,2,2,0,0,0,0,0,1,11.092445813119411
naive_eager,4,56,2,1,0,,,,0,0,0,0,0,1,11.897524818778038
naive_eager,4,32,2,0,0,1,1,1,1,0,0,1,1,1,11.691341176629066
naive_eager,4,32,2,0,0,1,1,1,1,0,0,1,1,1,17.96757150441408
naive_eager,4,0,2,0,0,2,2,2,0,0,0,0,0,1,24.546045809984207
naive_eager,4,24,2,0,0,2,2,2,0,0,0,0,0,1,31.069510616362095
naive_eager,4,72,2,0,0,1,1,1,1,0,0,1,1,1,11.444306001067162
naive_eager,4,120,2,1,0,1,1,1,1,0,0,0,1,1,11.250347830355167
naive_eager,4,61,2,0,0,1,1,1,1,0,0,1,1,1,11.207455769181252
naive_eager,4,23,2,1,0,1,1,1,1,0,0,0,1,1,11.261597275733948
naive_eager,4,29,2,0,0,1,1,1,1,0,0,1,1,1,11.242452077567577
naive_eager,4,113,2,0,0,1,1,1,1,0,0,1,1,1,11.188359931111336
naive_eager,4,114,2,0,0,2,2,2,0,0,0,0,0,1,11.42317894846201
naive_eager,4,33,2,0,0,1,1,1,1,0,0,1,1,1,11.288313195109367
naive_eager,4,55,1,0,0,1,1,1,0,0,0,0,0,1,11.047754436731339
naive_eager,4,9,2,0,0,2,2,2,0,0,0,0,0,1,11.106754653155804
naive_eager,4,87,2,1,0,1,1,1,1,0,0,0,1,1,11.266164481639862
naive_eager,4,75,2,0,0,1,1,1,1,0,0,1,1,1,11.608551256358624
naive_eager,4,32,2,0,0,1,1,1,1,0,0,1,1,1,15.135734342038631
naive_eager,4,33,2,0,0,1,1,1,1,0,0,1,1,1,27.4701789021492
naive_eager,4,110,2,0,0,1,1,1,1,0,0,1,1,1,27.87801530212164
naive_eager,4,125,2,0,0,2,1,1,1,0,1,0,1,1,37.295694462955
naive_eager,4,25,2,0,0,2,2,2,0,0,0,0,0,1,23.064279928803444
naive_eager,4,29,2,0,0,2,1,1,1,0,1,0,1,1,11.35275512933731
naive_eager,4,40,1,0,0,1,1,1,0,0,0,0,0,1,11.714477092027664
naive_eager,4,88,2,1,0,1,1,1,1,0,0,0,1,1,11.291751638054848
naive_eager,4,87,2,1,0,1,1,1,1,0,0,0,1,1,11.062758043408394
naive_eager,4,59,2,0,0,2,2,2,0,0,0,0,0,1,11.186412535607815
naive_eager,4,125,2,0,0,2,1,1,1,0,1,0,1,1,11.41690369695425
naive_eager,4,94,2,0,0,2,2,2,0,0,0,0,0,1,11.635785922408104
naive_eager,4,87,2,1,0,1,1,1,1,0,0,0,1,1,21.84551302343607
naive_eager,4,40,1,0,0,1,1,1,0,0,0,0,0,1,21.76103089004755
naive_eager,4,29,2,0,0,2,2,1,1,0,1,0,1,1,21.63790538907051
naive_eager,4,29,2,0,0,2,2,1,1,0,1,0,1,1,21.053860895335674
naive_eager,4,73,2,1,0,,,,0,0,0,0,0,1,11.3059738650918
naive_eager,4,110,2,0,0,1,1,1,1,0,0,1,1,1,11.007011868059635
naive_eager,4,71,2,0,0,2,2,1,1,0,1,0,1,1,11.558454483747482
naive_eager,4,23,2,1,0,1,1,1,1,0,0,0,1,1,11.51905208826065
naive_eager,4,72,2,0,0,1,1,1,1,0,0,1,1,1,11.967032216489315
naive_eager,4,109,1,0,0,1,1,1,0,0,0,0,0,1,12.431243434548378
naive_eager,4,93,2,0,0,2,1,1,1,0,1,0,1,1,12.397415935993195
naive_eager,4,106,2,0,0,2,1,1,1,0,1,0,1,1,12.495853006839752
naive_eager,4,72,2,0,0,1,1,1,1,0,0,1,1,1,12.133593671023846
naive_eager,4,61,2,0,0,2,2,1,1,0,1,0,1,1,11.936458759009838
naive_eager,4,120,2,1,0,1,1,1,1,0,0,0,1,1,11.975287459790707
naive_eager,4,110,2,0,0,1,1,1,1,0,0,1,1,1,11.802383698523045
naive_eager,4,118,1,0,0,1,1,1,0,0,0,0,0,1,15.007073991000652
naive_eager,4,125,2,0,0,2,2,1,1,0,1,0,1,1,22.081722505390644
naive_eager,4,113,2,0,0,2,2,1,1,0,1,0,1,1,32.00835548341274
naive_eager,4,61,2,0,0,2,2,1,1,0,1,0,1,1,31.70650266110897
naive_eager,4,72,2,0,0,2,2,1,1,0,1,0,1,1,11.547481641173363
naive_eager,4,59,2,0,0,2,2,2,0,0,0,0,0,1,11.43314316868782
naive_eager,4,110,2,0,0,2,2,1,1,0,1,0,1,1,11.673109605908394
naive_eager,4,106,2,0,0,2,2,1,1,0,1,0,1,1,11.019742116332054
naive_eager,4,117,1,0,0,1,1,1,0,0,0,0,0,1,10.929293930530548
naive_eager,4,113,2,0,0,2,2,1,1,0,1,0,1,1,10.957406833767891
naive_eager,4,87,2,1,0,,,1,1,0,0,0,1,1,11.427782475948334
naive_eager,4,71,2,0,0,2,2,1,1,0,1,0,1,1,11.789217591285706
naive_eager,4,106,2,0,0,2,2,1,1,0,1,0,1,1,11.246904730796814
naive_eager,4,72,2,0,0,2,2,1,1,0,1,0,1,1,11.58805936574936
naive_eager,4,29,2,0,0,2,2,1,1,0,1,0,1,1,11.274534277617931
naive_eager,4,121,2,0,0,2,2,2,0,0,0,0,0,1,11.343622580170631
naive_eager,4,110,2,0,0,2,2,2,0,0,0,0,0,0,4.379564896225929
naive_eager,4,125,2,0,0,2,2,2,0,0,0,0,0,0,11.54839526861906
naive_eager,4,113,2,0,0,2,2,2,0,0,0,0,0,0,18.307756632566452
naive_eager,4,32,2,0,0,2,2,2,0,0,0,0,0,0,12.491147965192795
naive_eager,4,71,2,0,0,2,2,2,0,0,0,0,0,1,12.866511940956116
naive_eager,4,33,2,0,0,2,2,2,0,0,0,0,0,1,12.214372865855694
naive_eager,4,93,2,0,0,2,2,2,0,0,0,0,0,1,12.256324291229248
naive_eager,4,32,2,0,0,2,2,2,0,0,0,0,0,1,18.712208606302738
naive_eager,4,104,2,0,0,1,1,1,1,0,0,1,1,1,25.109133683145046
naive_eager,4,23,2,1,0,,,,0,0,0,0,0,1,21.375907585024834
naive_eager,4,126,2,0,0,1,1,1,1,0,0,1,1,1,22.090930491685867
naive_eager,4,81,2,0,0,1,1,1,1,0,0,1,1,1,11.61249354481697
naive_eager,4,17,2,0,0,1,1,1,1,0,0,1,1,1,11.783499270677567
naive_eager,4,76,2,0,0,1,1,1,1,0,0,1,1,1,11.867490597069263
naive_eager,4,81,2,0,0,1,1,1,1,0,0,1,1,1,11.905234307050705
naive_eager,4,104,2,0,0,1,1,1,1,0,0,1,1,1,12.396814301609993
naive_eager,4,10,2,0,0,1,1,1,1,0,0,1,1,1,12.35564611852169
naive_eager,4,84,2,0,0,2,2,2,0,0,0,0,0,1,12.079187668859959
naive_eager,4,70,2,0,0,1,1,1,1,0,0,1,1,1,11.818927712738514
naive_eager,4,97,2,0,0,1,1,1,1,0,0,1,1,1,11.639107950031757
naive_eager,4,126,2,0,0,1,1,1,1,0,0,1,1,1,11.125248856842518
naive_eager,4,60,2,0,0,1,1,1,1,0,0,1,1,1,10.061652399599552
naive_eager,4,30,2,0,0,2,2,2,0,0,0,0,0,1,29.05873768031597
naive_eager,4,75,2,0,0,2,2,2,0,0,0,0,0,1,29.208135791122913
naive_eager,4,76,2,0,0,2,1,1,1,0,1,0,1,1,29.059207066893578
naive_eager,4,83,2,0,0,2,1,1,1,0,1,0,1,1,11.06011588126421
naive_eager,4,122,2,0,0,2,1,1,1,0,1,0,1,1,11.737084947526455
naive_eager,4,125,2,0,0,2,2,2,0,0,0,0,0,1,12.264593504369259
naive_eager,4,126,2,0,0,2,1,1,1,0,1,0,1,1,11.689954437315464
naive_eager,4,6,1,0,0,1,1,1,0,0,0,0,0,1,12.022200971841812
naive_eager,4,87,2,1,0,,,,0,0,0,0,0,1,11.52798905968666
naive_eager,4,122,2,0,0,2,1,1,1,0,1,0,1,1,11.287635192275047
naive_eager,4,108,2,0,0,2,1,1,1,0,1,0,1,1,11.192549020051956
naive_eager,4,70,2,0,0,2,1,1,1,0,1,0,1,1,11.678327806293964
naive_eager,4,84,2,0,0,2,2,2,0,0,0,0,0,1,12.342219240963459
naive_eager,4,60,2,0,0,1,1,1,1,0,0,1,1,1,12.244010344147682
naive_eager,4,81,2,0,0,2,1,1,1,0,1,0,1,1,11.449608951807022
naive_eager,4,108,2,0,0,2,1,1,1,0,1,0,1,1,18.193120136857033
naive_eager,4,60,2,0,0,1,1,1,1,0,0,1,1,1,28.561473824083805
naive_eager,4,126,2,0,0,2,2,1,1,0,1,0,1,1,28.567670844495296
naive_eager,4,38,2,0,0,2,2,2,0,0,0,0,0,1,11.597509495913982
naive_eager,4,18,2,0,0,2,2,2,0,0,0,0,0,1,11.699347756803036
naive_eager,4,89,2,0,0,2,2,2,0,0,0,0,0,1,11.63205225020647
naive_eager,4,16,2,1,0,1,1,1,1,0,0,0,1,1,11.00290846079588
naive_eager,4,108,2,0,0,2,1,1,1,0,1,0,1,1,12.092797085642815
naive_eager,4,117,2,1,0,1,1,1,1,0,0,0,1,1,12.024607509374619
naive_eager,4,70,2,0,0,2,2,1,1,0,1,0,1,1,11.98937650769949
naive_eager,4,16,2,1,0,,,1,1,0,0,0,1,1,21.28046192228794
naive_eager,4,62,2,1,0,,,1,1,0,0,0,1,1,28.286254964768887
naive_eager,4,122,2,0,0,2,2,1,1,0,1,0,1,1,24.758356623351574
naive_eager,4,81,2,0,0,2,2,1,1,0,1,0,1,1,23.98492582142353
naive_eager,4,99,2,0,0,2,2,2,0,0,0,0,0,1,12.335339561104774
naive_eager,4,26,1,0,0,1,1,1,0,0,0,0,0,1,12.25961558520794
naive_eager,4,60,2,0,0,2,2,1,1,0,1,0,1,1,12.321513146162033
naive_eager,4,62,2,1,0,,,1,1,0,0,0,1,1,11.863475665450096
naive_eager,4,126,2,0,0,2,2,1,1,0,1,0,1,1,11.127186007797718
naive_eager,4,116,2,0,0,2,2,2,0,0,0,0,0,1,11.742382310330868
naive_eager,4,60,2,0,0,2,2,1,1,0,1,0,1,1,11.479494161903858
naive_eager,4,24,2,0,0,2,2,2,0,0,0,0,0,0,8.419645018875599
naive_eager,4,40,1,0,0,1,1,1,0,0,0,0,0,0,8.042380213737488
naive_eager,4,60,2,0,0,2,2,2,0,0,0,0,0,0,17.813630402088165
naive_eager,4,126,2,0,0,2,2,2,0,0,0,0,0,0,11.64222415536642
naive_eager,4,62,2,1,0,,,,0,0,0,0,0,1,11.570057831704617
naive_eager,4,62,2,1,0,,,,0,0,0,0,0,1,11.051141656935215
naive_eager,4,60,2,0,0,2,2,2,0,0,0,0,0,1,12.021276168525219
naive_eager,4,122,2,0,0,2,2,2,0,0,0,0,0,1,11.697406880557537
naive_eager,4,93,2,0,0,2,2,2,0,0,0,0,0,1,12.268456630408764
naive_eager,4,119,2,0,0,2,2,2,0,0,0,0,0,1,24.403396993875504
naive_eager,4,121,2,0,0,2,2,2,0,0,0,0,0,1,21.278245374560356
naive_eager,4,50,2,0,0,1,1,1,1,0,0,1,1,1,27.76745054870844
naive_eager,4,40,2,1,0,1,1,1,1,0,0,0,1,1,11.396007612347603
naive_eager,4,50,2,0,0,1,1,1,1,0,0,1,1,1,11.095540598034859
naive_eager,4,4,2,0,0,1,1,1,1,0,0,1,1,1,10.846961289644241
naive_eager,4,15,2,0,0,1,1,1,1,0,0,1,1,1,10.933849029242992
naive_eager,4,50,2,0,0,1,1,1,1,0,0,1,1,1,10.33719815313816
naive_eager,4,15,2,0,0,1,1,1,1,0,0,1,1,1,11.169489473104477
naive_eager,4,109,2,0,0,1,1,1,1,0,0,1,1,1,11.275733821094036
naive_eager,4,108,2,0,0,2,2,2,0,0,0,0,0,1,11.947494000196457
naive_eager,4,106,2,0,0,2,2,2,0,0,0,0,0,1,16.30965992808342
naive_eager,4,92,2,0,0,2,1,1,1,0,1,0,1,1,31.675003468990326
naive_eager,4,91,2,0,0,2,2,2,0,0,0,0,0,1,24.50372837483883
naive_eager,4,15,2,0,0,2,1,1,1,0,1,0,1,1,35.03882605582476
naive_eager,4,92,2,0,0,2,1,1,1,0,1,0,1,1,22.649817168712616
naive_eager,4,26,2,0,0,1,1,1,1,0,0,1,1,1,10.999159887433052
naive_eager,4,71,2,0,0,2,2,2,0,0,0,0,0,1,11.438285931944847
naive_eager,4,40,2,1,0,1,1,1,1,0,0,0,1,1,11.537821032106876
naive_eager,4,55,2,1,0,1,1,1,1,0,0,0,1,1,11.602653190493584
naive_eager,4,82,2,0,0,2,1,1,1,0,1,0,1,1,11.71293668448925
naive_eager,4,27,2,0,0,2,2,2,0,0,0,0,0,1,11.293288320302963
naive_eager,4,6,2,0,0,2,1,1,1,0,1,0,1,1,11.876042932271957
naive_eager,4,118,2,1,0,1,1,1,1,0,0,0,1,1,11.588498018682003
naive_eager,4,15,2,0,0,2,1,1,1,0,1,0,1,1,11.952286586165428
naive_eager,4,4,2,0,0,2,1,1,1,0,1,0,1,1,11.9091821834445
naive_eager,4,4,2,0,0,2,2,1,1,0,1,0,1,1,19.32283118367195
naive_eager,4,92,2,0,0,2,1,1,1,0,1,0,1,1,26.315877214074135
naive_eager,4,4,2,0,0,2,2,1,1,0,1,0,1,1,19.54525802284479
naive_eager,4,96,2,0,0,1,1,1,1,0,0,1,1,1,25.318163447082043
naive_eager,4,92,2,0,0,2,1,1,1,0,1,0,1,1,11.102527379989624
naive_eager,4,88,2,1,0,,,,0,0,0,0,0,1,11.195730417966843
naive_eager,4,4,2,0,0,2,2,1,1,0,1,0,1,1,11.21312566101551
naive_eager,4,40,2,1,0,1,1,1,1,0,0,0,1,1,11.697998270392418
naive_eager,4,21,2,1,0,,,,0,0,0,0,0,1,11.932163499295712
naive_eager,4,26,2,0,0,1,1,1,1,0,0,1,1,1,11.94874569773674
naive_eager,4,55,2,1,0,1,1,1,1,0,0,0,1,1,11.73078827559948
naive_eager,4,96,2,0,0,1,1,1,1,0,0,1,1,1,11.612054891884327
naive_eager,4,98,2,0,0,2,2,1,1,0,1,0,1,1,11.701474897563457
naive_eager,4,50,2,0,0,2,2,1,1,0,1,0,1,1,14.563076198101044
naive_eager,4,109,2,0,0,2,2,1,1,0,1,0,1,1,27.87139266729355
naive_eager,4,26,2,0,0,2,2,1,1,0,1,0,1,1,24.323424324393272
naive_eager,4,109,2,0,0,2,2,1,1,0,1,0,1,1,30.810963362455368
naive_eager,4,76,2,0,0,2,2,2,0,0,0,0,0,1,10.656418278813362
naive_eager,4,15,2,0,0,2,2,1,1,0,1,0,1,1,10.717300698161125
naive_eager,4,73,2,1,0,,,,0,0,0,0,0,1,11.296829208731651
naive_eager,4,25,2,0,0,2,2,2,0,0,0,0,0,1,11.433183215558529
naive_eager,4,26,2,0,0,2,2,1,1,0,1,0,1,1,11.652945540845394
naive_eager,4,118,2,1,0,,,1,1,0,0,0,1,1,10.808678343892097
naive_eager,4,98,2,0,0,2,2,1,1,0,1,0,1,1,11.127223260700703
naive_eager,4,57,2,0,0,2,2,1,1,0,1,0,1,1,11.142492294311523
naive_eager,4,96,2,0,0,2,2,1,1,0,1,0,1,1,10.370854288339615
naive_eager,4,55,2,1,0,,,1,1,0,0,0,1,1,10.566305369138718
naive_eager,4,96,2,0,0,2,2,1,1,0,1,0,1,1,10.37229597568512
naive_eager,4,118,2,1,0,,,1,1,0,0,0,1,1,10.26717945933342
naive_eager,4,46,2,0,0,2,2,2,0,0,0,0,0,1,11.082477867603302
naive_eager,4,118,2,1,0,,,,0,0,0,0,0,0,11.180979199707508
naive_eager,4,96,2,0,0,2,2,2,0,0,0,0,0,0,7.9664913937449455
naive_eager,4,57,2,0,0,2,2,2,0,0,0,0,0,0,14.04367946088314
naive_eager,4,57,2,0,0,2,2,2,0,0,0,0,0,0,11.260396800935268
naive_eager,4,109,2,0,0,2,2,2,0,0,0,0,0,0,11.894900351762772
naive_eager,4,55,2,1,0,,,,0,0,0,0,0,0,12.163210660219193
naive_eager,4,40,2,1,0,,,,0,0,0,0,0,0,11.914640665054321
naive_eager,4,42,2,0,0,2,2,2,0,0,0,0,0,0,11.723645031452179
naive_eager,4,55,2,1,0,,,,0,0,0,0,0,0,10.794773697853088
naive_eager,4,113,2,0,0,2,2,2,0,0,0,0,0,0,11.092675849795341
naive_eager,4,98,2,0,0,2,2,2,0,0,0,0,0,0,11.71590480953455
naive_eager,4,38,2,0,0,2,2,2,0,0,0,0,0,0,11.887853033840656
naive_eager,4,33,2,0,0,2,2,2,0,0,0,0,0,0,12.289384379982948
naive_eager,4,57,2,0,0,2,2,2,0,0,0,0,0,0,12.105990201234818
naive_eager,4,96,2,0,0,2,2,2,0,0,0,0,0,0,11.358121410012245
naive_eager,4,82,2,0,0,2,2,2,0,0,0,0,0,0,11.400370858609676
naive_eager,4,4,2,0,0,2,2,2,0,0,0,0,0,0,11.356774717569351
naive_eager,4,15,2,0,0,2,2,2,0,0,0,0,0,0,11.320851743221283
naive_eager,4,57,2,0,0,2,2,2,0,0,0,0,0,0,11.217468418180943
naive_eager,4,99,2,0,0,2,2,2,0,0,0,0,0,0,10.860980488359928
naive_eager,4,3,2,0,0,2,2,2,0,0,0,0,0,0,11.366506107151508
naive_eager,4,28,2,0,0,2,2,2,0,0,0,0,0,0,11.448096483945847
naive_eager,4,92,2,0,0,2,2,2,0,0,0,0,0,0,11.565840803086758
naive_eager,4,4,2,0,0,2,2,2,0,0,0,0,0,0,11.745443567633629
naive_eager,4,6,2,0,0,2,2,2,0,0,0,0,0,0,11.194768361747265
naive_eager,4,50,2,0,0,2,2,2,0,0,0,0,0,0,11.466818861663342
naive_eager,4,15,2,0,0,2,2,2,0,0,0,0,0,0,11.485142633318901
naive_eager,4,77,2,0,0,2,2,2,0,0,0,0,0,0,11.648325249552727
naive_eager,4,64,2,0,0,2,2,2,0,0,0,0,0,0,11.863402090966702
naive_eager,4,92,2,0,0,2,2,2,0,0,0,0,0,0,11.980701237916946
naive_eager,4,26,2,0,0,2,2,2,0,0,0,0,0,0,11.179564520716667
naive_eager,4,26,2,0,0,2,2,2,0,0,0,0,0,0,11.486278846859932
read_version_filter,0,92,1,0,0,1,1,1,0,0,0,0,0,1,3.5046283155679703
read_version_filter,0,8,1,0,0,1,1,1,0,0,0,0,0,1,6.849066354334354
read_version_filter,0,97,1,0,0,1,1,1,0,0,0,0,0,1,10.010612197220325
read_version_filter,0,12,1,0,0,1,1,1,0,0,0,0,0,1,13.230837881565094
read_version_filter,0,26,2,0,0,,,,0,0,0,1,1,1,30.785618349909782
read_version_filter,0,9,2,0,0,,,,0,0,0,1,1,1,3.7216003984212875
read_version_filter,0,26,2,0,0,,,,0,0,0,1,1,1,32.2756702080369
read_version_filter,0,58,2,0,0,,,,0,0,0,1,1,1,32.60127454996109
read_version_filter,0,34,1,0,0,1,1,1,0,0,0,0,0,1,41.977264918386936
read_version_filter,0,14,1,0,0,1,1,1,0,0,0,0,0,1,11.269165202975273
read_version_filter,0,3,2,1,0,,,,0,0,0,0,0,1,11.543899774551392
read_version_filter,0,81,2,0,0,,,,0,0,0,1,1,1,11.398912407457829
read_version_filter,0,48,2,0,0,2,,2,0,0,0,0,0,1,23.9839730784297
read_version_filter,0,90,1,0,0,1,1,1,0,0,0,0,0,1,24.05441924929619
read_version_filter,0,26,2,0,0,2,,2,0,0,0,0,0,1,33.93632639199495
read_version_filter,0,115,2,1,0,,,,0,0,0,0,0,1,22.54714537411928
read_version_filter,0,58,2,0,0,2,,2,0,0,0,0,0,1,12.181227095425129
read_version_filter,0,115,2,1,0,,,,0,0,0,0,0,1,11.765257455408573
read_version_filter,0,48,2,0,0,2,,2,0,0,0,0,0,1,11.930139735341072
read_version_filter,0,26,2,0,0,2,,2,0,0,0,0,0,1,11.824995279312134
read_version_filter,0,58,2,0,0,2,,2,0,0,0,0,0,1,11.434061452746391
read_version_filter,0,67,1,0,0,1,1,1,0,0,0,0,0,1,11.920911259949207
read_version_filter,0,21,1,0,0,1,1,1,0,0,0,0,0,1,11.312182992696762
read_version_filter,0,64,2,1,0,,,,0,0,0,0,0,1,11.624912731349468
read_version_filter,0,9,2,0,0,2,2,2,0,0,0,0,0,1,27.19405945390463
read_version_filter,0,33,2,1,0,,,,0,0,0,0,0,1,33.584742806851864
read_version_filter,0,33,2,1,0,,,,0,0,0,0,0,1,28.354053385555744
read_version_filter,0,115,2,1,0,,,,0,0,0,0,0,1,33.927660435438156
read_version_filter,0,100,2,0,0,2,2,2,0,0,0,0,0,1,11.20769139379263
read_version_filter,0,41,1,0,0,1,1,1,0,0,0,0,0,1,11.6766057908535
read_version_filter,0,58,2,0,0,2,2,2,0,0,0,0,0,1,11.449838057160378
read_version_filter,0,103,2,0,0,2,2,2,0,0,0,0,0,1,11.47901639342308
read_version_filter,0,3,2,1,0,,,,0,0,0,0,0,1,11.619756929576397
read_version_filter,0,103,2,0,0,2,2,2,0,0,0,0,0,1,11.82402204722166
read_version_filter,0,1,1,0,0,1,1,1,0,0,0,0,0,1,11.574715375900269
read_version_filter,0,48,2,0,0,2,2,2,0,0,0,0,0,1,11.639313772320747
read_version_filter,0,61,1,0,0,1,1,1,0,0,0,0,0,1,10.939533822238445
read_version_filter,0,123,2,0,0,2,2,2,0,0,0,0,0,1,11.713428422808647
read_version_filter,0,96,2,0,0,2,2,2,0,0,0,0,0,1,38.52768614888191
read_version_filter,0,9,2,0,0,2,2,2,0,0,0,0,0,1,36.51132248342037
read_version_filter,0,64,2,1,0,,,,0,0,0,0,0,1,37.02335059642792
read_version_filter,0,81,2,0,0,2,2,2,0,0,0,0,0,1,45.871494337916374
read_version_filter,0,13,2,0,0,2,2,2,0,0,0,0,0,1,12.303756549954414
read_version_filter,0,9,2,0,0,2,2,2,0,0,0,0,0,1,11.200184933841228
read_version_filter,0,33,2,1,0,,,,0,0,0,0,0,1,11.615904048085213
read_version_filter,0,103,2,0,0,2,2,2,0,0,0,0,0,1,11.896111071109772
read_version_filter,0,100,2,0,0,2,2,2,0,0,0,0,0,1,12.437247671186924
read_version_filter,0,17,1,0,0,1,1,1,0,0,0,0,0,1,12.229949235916138
read_version_filter,0,1,1,0,0,1,1,1,0,0,0,0,0,1,12.472320348024368
read_version_filter,0,103,2,0,0,2,2,2,0,0,0,0,0,1,12.346982955932617
read_version_filter,0,76,1,0,0,1,1,1,0,0,0,0,0,1,12.02065497636795
read_version_filter,0,103,2,0,0,2,2,2,0,0,0,0,0,0,5.115220323204994
read_version_filter,0,49,2,0,0,2,2,2,0,0,0,0,0,0,12.098805978894234
read_version_filter,0,74,2,0,0,2,2,2,0,0,0,0,0,0,18.434994854032993
read_version_filter,0,7,1,0,0,1,1,1,0,0,0,0,0,0,11.755382642149925
read_version_filter,0,35,1,0,0,1,1,1,0,0,0,0,0,1,12.279202230274677
read_version_filter,0,105,1,0,0,1,1,1,0,0,0,0,0,1,12.063642963767052
read_version_filter,0,49,2,0,0,2,2,2,0,0,0,0,0,1,11.9491470977664
read_version_filter,0,104,2,1,0,,,,0,0,0,0,0,1,21.45492099225521
read_version_filter,0,99,2,0,0,,,,0,0,0,1,1,1,18.333278596401215
read_version_filter,0,55,1,0,0,1,1,1,0,0,0,0,0,1,18.787194974720478
read_version_filter,0,69,1,0,0,1,1,1,0,0,0,0,0,1,27.73244772106409
read_version_filter,0,89,2,0,0,,,,0,0,0,1,1,1,10.826178826391697
read_version_filter,0,116,1,0,0,1,1,1,0,0,0,0,0,1,11.423374526202679
read_version_filter,0,10,1,0,0,1,1,1,0,0,0,0,0,1,11.49875670671463
read_version_filter,0,5,2,0,0,,,,0,0,0,1,1,1,11.354508809745312
read_version_filter,0,102,1,0,0,1,1,1,0,0,0,0,0,1,11.319905519485474
read_version_filter,0,99,2,0,0,,,,0,0,0,1,1,1,10.980848222970963
read_version_filter,0,36,2,0,0,,,,0,0,0,1,1,1,11.170933954417706
read_version_filter,0,111,2,0,0,,,,0,0,0,1,1,1,11.13154273480177
read_version_filter,0,22,2,0,0,,,,0,0,0,1,1,1,11.38641219586134
read_version_filter,0,127,2,0,0,,,,0,0,0,1,1,1,11.545238085091114
read_version_filter,0,111,2,0,0,,,,0,0,0,1,1,1,11.393268592655659
read_version_filter,0,90,1,0,0,1,1,1,0,0,0,0,0,1,11.773296631872654
read_version_filter,0,127,2,0,0,,,,0,0,0,1,1,1,12.217966839671135
read_version_filter,0,93,2,1,0,,,,0,0,0,0,0,1,10.34502126276493
read_version_filter,0,111,2,0,0,2,,2,0,0,0,0,0,1,31.40330594033003
read_version_filter,0,45,1,0,0,1,1,1,0,0,0,0,0,1,27.988760732114315
read_version_filter,0,104,2,1,0,,,,0,0,0,0,0,1,35.12594290077686
read_version_filter,0,62,1,0,0,1,1,1,0,0,0,0,0,1,12.296336703002453
read_version_filter,0,111,2,0,0,2,,2,0,0,0,0,0,1,11.539028957486153
read_version_filter,0,39,1,0,0,1,1,1,0,0,0,0,0,1,11.035922914743423
read_version_filter,0,3,2,1,0,,,,0,0,0,0,0,1,11.618727818131447
read_version_filter,0,28,2,0,0,2,,2,0,0,0,0,0,1,11.409887112677097
read_version_filter,0,46,1,0,0,1,1,1,0,0,0,0,0,1,11.940456926822662
read_version_filter,0,121,2,0,0,2,,2,0,0,0,0,0,1,11.81071437895298
read_version_filter,0,55,1,0,0,1,1,1,0,0,0,0,0,1,12.272163294255733
read_version_filter,0,112,1,0,0,1,1,1,0,0,0,0,0,1,12.398362159729004
read_version_filter,0,99,2,0,0,2,,2,0,0,0,0,0,1,13.557045720517635
read_version_filter,0,72,2,1,0,,,,0,0,0,0,0,1,20.37019096314907
read_version_filter,0,70,1,0,0,1,1,1,0,0,0,0,0,1,20.92553861439228
read_version_filter,0,121,2,0,0,2,2,2,0,0,0,0,0,1,18.424611538648605
read_version_filter,0,61,1,0,0,1,1,1,0,0,0,0,0,1,34.21674109995365
read_version_filter,0,5,2,0,0,2,2,2,0,0,0,0,0,1,12.734287418425083
read_version_filter,0,111,2,0,0,2,2,2,0,0,0,0,0,1,12.82369066029787
read_version_filter,0,12,2,0,0,2,2,2,0,0,0,0,0,1,12.958187609910965
read_version_filter,0,12,2,0,0,2,2,2,0,0,0,0,0,1,12.90530152618885
read_version_filter,0,99,2,0,0,2,2,2,0,0,0,0,0,1,12.752857990562916
read_version_filter,0,36,2,0,0,2,2,2,0,0,0,0,0,1,12.598367407917976
read_version_filter,0,13,2,0,0,2,2,2,0,0,0,0,0,1,11.858442798256874
read_version_filter,0,12,2,0,0,2,2,2,0,0,0,0,0,1,12.125493958592415
read_version_filter,0,114,2,0,0,2,2,2,0,0,0,0,0,1,12.053371407091618
read_version_filter,0,118,1,0,0,1,1,1,0,0,0,0,0,1,12.246562168002129
read_version_filter,0,99,2,0,0,2,2,2,0,0,0,0,0,1,12.208981439471245
read_version_filter,0,99,2,0,0,2,2,2,0,0,0,0,0,1,18.77645216882229
read_version_filter,0,121,2,0,0,2,2,2,0,0,0,0,0,1,19.09842435270548
read_version_filter,0,121,2,0,0,2,2,2,0,0,0,0,0,1,32.11702685803175
read_version_filter,0,99,2,0,0,2,2,2,0,0,0,0,0,1,32.258832827210426
read_version_filter,0,36,2,0,0,2,2,2,0,0,0,0,0,1,11.612692847847939
read_version_filter,0,28,2,0,0,2,2,2,0,0,0,0,0,1,11.500314809381962
read_version_filter,0,22,2,0,0,2,2,2,0,0,0,0,0,1,12.210558168590069
read_version_filter,0,121,2,0,0,2,2,2,0,0,0,0,0,1,11.973030865192413
read_version_filter,0,28,2,0,0,2,2,2,0,0,0,0,0,1,11.89612690359354
read_version_filter,0,29,1,0,0,1,1,1,0,0,0,0,0,1,11.706123128533363
read_version_filter,0,89,2,0,0,2,2,2,0,0,0,0,0,1,11.765017174184322
read_version_filter,0,121,2,0,0,2,2,2,0,0,0,0,0,1,11.527040041983128
read_version_filter,0,99,2,0,0,2,2,2,0,0,0,0,0,1,11.587042361497879
read_version_filter,0,121,2,0,0,2,2,2,0,0,0,0,0,1,12.131153605878353
read_version_filter,0,1,2,0,0,2,2,2,0,0,0,0,0,1,11.743906885385513
read_version_filter,0,12,2,0,0,2,2,2,0,0,0,0,0,1,12.141359969973564
read_version_filter,0,69,1,0,0,1,1,1,0,0,0,0,0,0,9.23632737249136
read_version_filter,0,1,2,0,0,2,2,2,0,0,0,0,0,0,9.388224221765995
read_version_filter,0,28,2,0,0,2,2,2,0,0,0,0,0,0,19.470803439617157
read_version_filter,0,68,1,0,0,1,1,1,0,0,0,0,0,0,12.55680900067091
read_version_filter,0,121,2,0,0,2,2,2,0,0,0,0,0,1,11.819121427834034
read_version_filter,0,121,2,0,0,2,2,2,0,0,0,0,0,1,11.559383012354374
read_version_filter,0,72,2,1,0,,,,0,0,0,0,0,1,11.843184940516949
read_version_filter,0,106,2,0,0,,,,0,0,0,1,1,1,18.530718982219696
read_version_filter,0,5,2,0,0,2,2,2,0,0,0,0,0,1,25.174821726977825
read_version_filter,0,70,2,0,0,,,,0,0,0,1,1,1,21.739928983151913
read_version_filter,0,53,2,0,0,,,,0,0,0,1,1,1,21.827468648552895
read_version_filter,0,108,1,0,0,1,1,1,0,0,0,0,0,1,11.335288174450397
read_version_filter,0,87,1,0,0,1,1,1,0,0,0,0,0,1,11.511441320180893
read_version_filter,0,105,2,0,0,,,,0,0,0,1,1,1,11.57771609723568
read_version_filter,0,25,2,0,0,,,,0,0,0,1,1,1,11.970066465437412
read_version_filter,0,32,2,0,0,,,,0,0,0,1,1,1,11.960165575146675
read_version_filter,0,110,2,0,0,,,,0,0,0,1,1,1,11.75884623080492
read_version_filter,0,110,2,0,0,,,,0,0,0,1,1,1,11.830003932118416
read_version_filter,0,44,1,0,0,1,1,1,0,0,0,0,0,1,11.824891902506351
read_version_filter,0,84,1,0,0,1,1,1,0,0,0,0,0,1,11.983842588961124
read_version_filter,0,98,1,0,0,1,1,1,0,0,0,0,0,1,11.394612491130829
read_version_filter,0,30,2,0,0,2,,2,0,0,0,0,0,1,28.484134003520012
read_version_filter,0,116,1,0,0,1,1,1,0,0,0,0,0,1,25.964850559830666
read_version_filter,0,93,2,1,0,,,,0,0,0,0,0,1,4.023602232336998
read_version_filter,0,27,1,0,0,1,1,1,0,0,0,0,0,1,33.11476111412048
read_version_filter,0,25,2,0,0,2,,2,0,0,0,0,0,1,11.070485226809978
read_version_filter,0,71,1,0,0,1,1,1,0,0,0,0,0,1,46.47143557667732
read_version_filter,0,30,2,0,0,2,,2,0,0,0,0,0,1,12.728666886687279
read_version_filter,0,65,1,0,0,1,1,1,0,0,0,0,0,1,12.49862089753151
read_version_filter,0,23,2,0,0,2,,2,0,0,0,0,0,1,12.337308377027512
read_version_filter,0,106,2,0,0,2,,2,0,0,0,0,0,1,11.93302683532238
read_version_filter,0,4,2,0,0,2,2,2,0,0,0,0,0,1,14.604484662413597
read_version_filter,0,34,1,0,0,1,1,1,0,0,0,0,0,1,14.334939420223236
read_version_filter,0,119,1,0,0,1,1,1,0,0,0,0,0,1,24.672367610037327
read_version_filter,0,99,2,0,0,2,2,2,0,0,0,0,0,1,31.61764331161976
read_version_filter,0,101,2,0,0,2,2,2,0,0,0,0,0,1,11.273406445980072
read_version_filter,0,105,2,0,0,2,2,2,0,0,0,0,0,1,11.153570376336575
read_version_filter,0,20,2,0,0,2,2,2,0,0,0,0,0,1,11.538231745362282
read_version_filter,0,25,2,0,0,2,2,2,0,0,0,0,0,1,10.995789431035519
read_version_filter,0,15,2,1,0,,,,0,0,0,0,0,1,10.919604450464249
read_version_filter,0,56,2,0,0,2,2,2,0,0,0,0,0,1,11.522690765559673
read_version_filter,0,31,1,0,0,1,1,1,0,0,0,0,0,1,11.49220485240221
read_version_filter,0,76,1,0,0,1,1,1,0,0,0,0,0,1,10.851885192096233
read_version_filter,0,106,2,0,0,2,2,2,0,0,0,0,0,1,11.67373824864626
read_version_filter,0,11,1,0,0,1,1,1,0,0,0,0,0,1,11.682371608912945
read_version_filter,0,78,1,0,0,1,1,1,0,0,0,0,0,1,19.397513009607792
read_version_filter,0,20,2,0,0,2,2,2,0,0,0,0,0,1,26.296326890587807
read_version_filter,0,25,2,0,0,2,2,2,0,0,0,0,0,1,22.761274129152298
read_version_filter,0,94,2,0,0,2,2,2,0,0,0,0,0,1,35.943036898970604
read_version_filter,0,101,2,0,0,2,2,2,0,0,0,0,0,1,12.259448878467083
read_version_filter,0,94,2,0,0,2,2,2,0,0,0,0,0,1,12.312222272157669
read_version_filter,0,110,2,0,0,2,2,2,0,0,0,0,0,1,12.28431612253189
read_version_filter,0,79,2,1,0,,,,0,0,0,0,0,1,12.12708093225956
read_version_filter,0,79,2,1,0,,,,0,0,0,0,0,1,11.823134496808052
read_version_filter,0,106,2,0,0,2,2,2,0,0,0,0,0,1,11.696099303662777
read_version_filter,0,38,1,0,0,1,1,1,0,0,0,0,0,1,11.527769267559052
read_version_filter,0,80,1,0,0,1,1,1,0,0,0,0,0,1,11.777468957006931
read_version_filter,0,100,2,0,0,2,2,2,0,0,0,0,0,0,8.630394004285336
read_version_filter,0,4,2,0,0,2,2,2,0,0,0,0,0,0,15.155987814068794
read_version_filter,0,53,2,0,0,2,2,2,0,0,0,0,0,0,11.903276666998863
read_version_filter,0,106,2,0,0,2,2,2,0,0,0,0,0,0,11.74687035381794
read_version_filter,0,63,1,0,0,1,1,1,0,0,0,0,0,1,11.910200119018555
read_version_filter,0,16,1,0,0,1,1,1,0,0,0,0,0,1,11.624723672866821
read_version_filter,0,4,2,0,0,2,2,2,0,0,0,0,0,1,11.752716265618801
read_version_filter,0,70,2,0,0,2,2,2,0,0,0,0,0,1,11.731990613043308
read_version_filter,0,55,2,0,0,,,,0,0,0,1,1,1,21.8355068936944
read_version_filter,0,90,2,0,0,,,,0,0,0,1,1,1,15.73085505515337
read_version_filter,0,109,2,0,0,,,,0,0,0,1,1,1,24.635843001306057
read_version_filter,0,38,2,1,0,,,,0,0,0,0,0,1,24.504845030605793
read_version_filter,0,63,2,0,0,,,,0,0,0,1,1,1,10.89125219732523
read_version_filter,0,84,1,0,0,1,1,1,0,0,0,0,0,1,11.596058495342731
read_version_filter,0,38,2,1,0,,,,0,0,0,0,0,1,11.55090518295765
read_version_filter,0,16,2,0,0,,,,0,0,0,1,1,1,11.823399923741817
read_version_filter,0,37,2,0,0,,,,0,0,0,1,1,1,12.308869510889053
read_version_filter,0,109,2,0,0,,,,0,0,0,1,1,1,11.754880659282207
read_version_filter,0,110,2,0,0,2,2,2,0,0,0,0,0,1,12.74955365806818
read_version_filter,0,85,1,0,0,1,1,1,0,0,0,0,0,1,11.79529819637537
read_version_filter,0,80,2,0,0,,,,0,0,0,1,1,1,12.20811903476715
read_version_filter,0,29,1,0,0,1,1,1,0,0,0,0,0,1,12.200252152979374
read_version_filter,0,38,2,1,0,,,,0,0,0,0,0,1,11.330659501254559
read_version_filter,0,92,2,0,0,2,,2,0,0,0,0,0,1,21.371904760599136
read_version_filter,0,16,2,0,0,2,,2,0,0,0,0,0,1,31.289578415453434
read_version_filter,0,63,2,0,0,2,,2,0,0,0,0,0,1,25.42083989828825
read_version_filter,0,54,2,0,0,2,,2,0,0,0,0,0,1,34.92672275751829
read_version_filter,0,74,2,0,0,2,2,2,0,0,0,0,0,1,12.160846032202244
read_version_filter,0,55,2,0,0,2,,2,0,0,0,0,0,1,11.744768358767033
read_version_filter,0,37,2,0,0,2,,2,0,0,0,0,0,1,11.314693838357925
read_version_filter,0,60,2,0,0,2,,2,0,0,0,0,0,1,11.878768913447857
read_version_filter,0,109,2,0,0,2,,2,0,0,0,0,0,1,12.301596812903881
read_version_filter,0,112,1,0,0,1,1,1,0,0,0,0,0,1,12.859484180808067
read_version_filter,0,113,1,0,0,1,1,1,0,0,0,0,0,1,13.029903173446655
read_version_filter,0,21,1,0,0,1,1,1,0,0,0,0,0,1,12.642859481275082
read_version_filter,0,8,1,0,0,1,1,1,0,0,0,0,0,1,12.985938228666782
read_version_filter,0,62,2,0,0,2,,2,0,0,0,0,0,1,13.447845354676247
read_version_filter,0,80,2,0,0,2,2,2,0,0,0,0,0,1,18.562447279691696
read_version_filter,0,80,2,0,0,2,2,2,0,0,0,0,0,1,25.33363550901413
read_version_filter,0,54,2,0,0,2,2,2,0,0,0,0,0,1,32.39853959530592
read_version_filter,0,46,2,1,0,,,,0,0,0,0,0,1,38.970259949564934
read_version_filter,0,109,2,0,0,2,2,2,0,0,0,0,0,1,12.033003382384777
read_version_filter,0,4,2,0,0,2,2,2,0,0,0,0,0,1,11.82614080607891
read_version_filter,0,122,2,0,0,2,2,2,0,0,0,0,0,1,12.334977276623249
read_version_filter,0,37,2,0,0,2,2,2,0,0,0,0,0,1,12.321864254772663
read_version_filter,0,16,2,0,0,2,2,2,0,0,0,0,0,1,12.22864631563425
read_version_filter,0,80,2,0,0,2,2,2,0,0,0,0,0,1,11.818976141512394
read_version_filter,0,38,2,1,0,,,,0,0,0,0,0,1,12.100097723305225
read_version_filter,0,95,2,0,0,2,2,2,0,0,0,0,0,1,12.340637855231762
read_version_filter,0,95,2,0,0,2,2,2,0,0,0,0,0,1,12.291786260902882
read_version_filter,0,78,1,0,0,1,1,1,0,0,0,0,0,1,12.068220414221287
read_version_filter,0,60,2,0,0,2,2,2,0,0,0,0,0,1,15.189968049526215
read_version_filter,0,18,1,0,0,1,1,1,0,0,0,0,0,1,25.027419440448284
read_version_filter,0,95,2,0,0,2,2,2,0,0,0,0,0,1,24.609592743217945
read_version_filter,0,60,2,0,0,2,2,2,0,0,0,0,0,1,34.411972388625145
read_version_filter,0,115,2,1,0,,,,0,0,0,0,0,1,11.462908238172531
read_version_filter,0,16,2,0,0,2,2,2,0,0,0,0,0,1,11.739028617739677
read_version_filter,0,60,2,0,0,2,2,2,0,0,0,0,0,1,11.734441854059696
read_version_filter,0,43,2,0,0,2,2,2,0,0,0,0,0,1,11.344105005264282
read_version_filter,0,109,2,0,0,2,2,2,0,0,0,0,0,1,11.323668994009495
read_version_filter,0,62,2,0,0,2,2,2,0,0,0,0,0,1,11.612444184720516
read_version_filter,0,90,2,0,0,2,2,2,0,0,0,0,0,1,11.39682624489069
read_version_filter,0,27,1,0,0,1,1,1,0,0,0,0,0,1,12.606661766767502
read_version_filter,0,60,2,0,0,2,2,2,0,0,0,0,0,1,12.762648053467274
read_version_filter,0,42,1,0,0,1,1,1,0,0,0,0,0,0,5.426691845059395
read_version_filter,0,54,2,0,0,2,2,2,0,0,0,0,0,0,12.299589812755585
read_version_filter,0,109,2,0,0,2,2,2,0,0,0,0,0,0,20.186370238661766
read_version_filter,0,120,1,0,0,1,1,1,0,0,0,0,0,0,12.391487136483192
read_version_filter,0,43,2,0,0,2,2,2,0,0,0,0,0,1,12.327536940574646
read_version_filter,0,43,2,0,0,2,2,2,0,0,0,0,0,1,11.884694918990135
read_version_filter,0,122,2,0,0,2,2,2,0,0,0,0,0,1,11.416880413889885
read_version_filter,0,2,2,0,0,,,,0,0,0,1,1,1,14.944548718631268
read_version_filter,0,91,2,1,0,,,,0,0,0,0,0,1,15.778456814587116
read_version_filter,0,117,1,0,0,1,1,1,0,0,0,0,0,1,28.139859437942505
read_version_filter,0,10,2,1,0,,,,0,0,0,0,0,1,27.359860949218273
read_version_filter,0,21,2,0,0,,,,0,0,0,1,1,1,10.520746931433678
read_version_filter,0,65,2,0,0,,,,0,0,0,1,1,1,11.000444181263447
read_version_filter,0,76,2,0,0,,,,0,0,0,1,1,1,11.060700751841068
read_version_filter,0,91,2,1,0,,,,0,0,0,0,0,1,11.160754598677158
read_version_filter,0,2,2,0,0,,,,0,0,0,1,1,1,10.953572578728199
read_version_filter,0,91,2,1,0,,,,0,0,0,0,0,1,11.078384704887867
read_version_filter,0,92,2,0,0,2,2,2,0,0,0,0,0,1,11.188549920916557
read_version_filter,0,34,2,0,0,,,,0,0,0,1,1,1,11.331863701343536
read_version_filter,0,17,1,0,0,1,1,1,0,0,0,0,0,1,11.415727436542511
read_version_filter,0,31,1,0,0,1,1,1,0,0,0,0,0,1,12.352455407381058
read_version_filter,0,29,2,0,0,,,,0,0,0,1,1,1,11.729930527508259
read_version_filter,0,39,2,0,0,,,,0,0,0,1,1,1,12.087268754839897
read_version_filter,0,91,2,1,0,,,,0,0,0,0,0,1,11.442281305789948
read_version_filter,0,61,2,0,0,2,,2,0,0,0,0,0,1,22.99247682094574
read_version_filter,0,39,2,0,0,2,,2,0,0,0,0,0,1,29.57243286073208
read_version_filter,0,21,2,0,0,2,,2,0,0,0,0,0,1,27.206750586628914
read_version_filter,0,39,2,0,0,2,,2,0,0,0,0,0,1,39.86350726336241
read_version_filter,0,65,2,0,0,2,,2,0,0,0,0,0,1,12.13715597987175
read_version_filter,0,50,2,0,0,2,,2,0,0,0,0,0,1,11.872829869389534
read_version_filter,0,31,1,0,0,1,1,1,0,0,0,0,0,1,11.782330460846424
read_version_filter,0,65,2,0,0,2,,2,0,0,0,0,0,1,11.569195427000523
read_version_filter,0,18,2,0,0,2,,2,0,0,0,0,0,1,11.48475706577301
read_version_filter,0,36,2,0,0,2,2,2,0,0,0,0,0,1,11.669287458062172
read_version_filter,0,99,2,0,0,2,2,2,0,0,0,0,0,1,12.078764848411083
read_version_filter,0,69,1,0,0,1,1,1,0,0,0,0,0,1,22.650853730738163
read_version_filter,0,107,1,0,0,1,1,1,0,0,0,0,0,1,22.372453473508358
read_version_filter,0,78,2,0,0,2,2,2,0,0,0,0,0,1,22.73913286626339
read_version_filter,0,113,2,0,0,2,2,2,0,0,0,0,0,1,22.857903502881527
read_version_filter,0,2,2,0,0,2,2,2,0,0,0,0,0,1,11.642297729849815
read_version_filter,0,65,2,0,0,2,2,2,0,0,0,0,0,1,11.902837082743645
read_version_filter,0,30,2,0,0,2,2,2,0,0,0,0,0,1,11.919449083507061
read_version_filter,0,45,1,0,0,1,1,1,0,0,0,0,0,1,11.602181941270828
read_version_filter,0,55,2,0,0,2,2,2,0,0,0,0,0,1,11.441773734986782
read_version_filter,0,10,2,1,0,,,,0,0,0,0,0,1,11.720660142600536
read_version_filter,0,112,2,0,0,2,2,2,0,0,0,0,0,1,11.467726901173592
read_version_filter,0,126,2,0,0,2,2,2,0,0,0,0,0,1,11.304117739200592
read_version_filter,0,61,2,0,0,2,2,2,0,0,0,0,0,1,12.099155224859715
read_version_filter,0,34,2,0,0,2,2,2,0,0,0,0,0,1,12.057419866323471
read_version_filter,0,102,1,0,0,1,1,1,0,0,0,0,0,1,12.779105454683304
read_version_filter,0,99,2,0,0,2,2,2,0,0,0,0,0,1,12.864426709711552
read_version_filter,0,57,1,0,0,1,1,1,0,0,0,0,0,1,19.382351078093052
read_version_filter,0,2,2,0,0,2,2,2,0,0,0,0,0,1,29.249454848468304
read_version_filter,0,2,2,0,0,2,2,2,0,0,0,0,0,1,29.475536197423935
read_version_filter,0,29,2,0,0,2,2,2,0,0,0,0,0,1,25.757265277206898
read_version_filter,0,55,2,0,0,2,2,2,0,0,0,0,0,1,11.495350860059261
read_version_filter,0,10,2,1,0,,,,0,0,0,0,0,1,11.163176037371159
read_version_filter,0,10,2,1,0,,,,0,0,0,0,0,1,10.61526220291853
read_version_filter,0,79,2,1,0,,,,0,0,0,0,0,1,11.1195994541049
read_version_filter,0,93,2,1,0,,,,0,0,0,0,0,1,11.135582812130451
read_version_filter,0,26,2,0,0,2,2,2,0,0,0,0,0,1,11.310935020446777
read_version_filter,0,34,2,0,0,2,2,2,0,0,0,0,0,1,11.589122004806995
read_version_filter,0,78,2,0,0,2,2,2,0,0,0,0,0,1,11.419693939387798
read_version_filter,0,109,2,0,0,2,2,2,0,0,0,0,0,1,11.811627075076103
read_version_filter,0,65,2,0,0,2,2,2,0,0,0,0,0,1,11.631523258984089
read_version_filter,0,2,2,0,0,2,2,2,0,0,0,0,0,1,11.986877769231796
read_version_filter,0,61,2,0,0,2,2,2,0,0,0,0,0,1,12.01131846755743
read_version_filter,0,80,2,0,0,2,2,2,0,0,0,0,0,0,11.96003146469593
read_version_filter,0,19,1,0,0,1,1,1,0,0,0,0,0,0,11.7716733366251
read_version_filter,0,76,2,0,0,2,2,2,0,0,0,0,0,0,11.595068499445915
read_version_filter,0,126,2,0,0,2,2,2,0,0,0,0,0,0,11.539616622030735
read_version_filter,0,39,2,0,0,2,2,2,0,0,0,0,0,1,12.340089306235313
read_version_filter,0,76,2,0,0,2,2,2,0,0,0,0,0,1,12.360304594039917
read_version_filter,0,126,2,0,0,2,2,2,0,0,0,0,0,1,12.823684141039848
read_version_filter,0,76,2,0,0,2,2,2,0,0,0,0,0,1,12.828321196138859
read_version_filter,0,100,2,0,0,2,2,2,0,0,0,0,0,1,22.13708497583866
read_version_filter,0,57,2,0,0,,,,0,0,0,1,1,1,14.547860249876976
read_version_filter,0,117,2,0,0,,,,0,0,0,1,1,1,21.589682437479496
read_version_filter,0,57,2,0,0,,,,0,0,0,1,1,1,28.173337690532207
read_version_filter,0,6,2,0,0,,,,0,0,0,1,1,1,11.183337308466434
read_version_filter,0,47,1,0,0,1,1,1,0,0,0,0,0,1,11.119222268462181
read_version_filter,0,19,2,0,0,,,,0,0,0,1,1,1,11.51399314403534
read_version_filter,0,6,2,0,0,,,,0,0,0,1,1,1,11.845014989376068
read_version_filter,0,57,2,0,0,,,,0,0,0,1,1,1,11.8315564468503
read_version_filter,0,118,2,0,0,,,,0,0,0,1,1,1,11.207140982151031
read_version_filter,0,7,2,0,0,,,,0,0,0,1,1,1,11.35251671075821
read_version_filter,0,117,2,0,0,,,,0,0,0,1,1,1,11.207548901438713
read_version_filter,0,11,2,0,0,,,,0,0,0,1,1,1,11.19921263307333
read_version_filter,0,117,2,0,0,,,,0,0,0,1,1,1,10.78652311116457
read_version_filter,0,56,2,0,0,2,2,2,0,0,0,0,0,1,23.29719066619873
read_version_filter,0,22,2,0,0,2,2,2,0,0,0,0,0,1,15.773354098200798
read_version_filter,0,18,2,0,0,2,2,2,0,0,0,0,0,1,32.99675602465868
read_version_filter,0,80,2,0,0,2,2,2,0,0,0,0,0,1,29.63854093104601
read_version_filter,0,61,2,0,0,2,2,2,0,0,0,0,0,1,11.546668596565723
read_version_filter,0,122,2,0,0,2,2,2,0,0,0,0,0,1,11.48406695574522
read_version_filter,0,45,2,0,0,2,,2,0,0,0,0,0,1,11.459815315902233
read_version_filter,0,14,2,1,0,,,,0,0,0,0,0,1,12.254375964403152
read_version_filter,0,14,2,1,0,,,,0,0,0,0,0,1,12.659087777137756
read_version_filter,0,117,2,0,0,2,,2,0,0,0,0,0,1,12.746341526508331
read_version_filter,0,45,2,0,0,2,,2,0,0,0,0,0,1,12.592846527695656
read_version_filter,0,11,2,0,0,2,,2,0,0,0,0,0,1,11.976033449172974
read_version_filter,0,6,2,0,0,2,,2,0,0,0,0,0,1,11.861155740916729
read_version_filter,0,119,2,0,0,2,,2,0,0,0,0,0,1,11.854443699121475
read_version_filter,0,52,2,1,0,,,,0,0,0,0,0,1,11.437750421464443
read_version_filter,0,11,2,0,0,2,2,2,0,0,0,0,0,1,18.888884223997593
read_version_filter,0,11,2,0,0,2,2,2,0,0,0,0,0,1,15.734028071165085
read_version_filter,0,5,2,0,0,2,2,2,0,0,0,0,0,1,22.23276998847723
read_version_filter,0,71,2,0,0,2,2,2,0,0,0,0,0,1,31.907438300549984
read_version_filter,0,69,2,0,0,2,2,2,0,0,0,0,0,1,11.621713638305664
read_version_filter,0,14,2,1,0,,,,0,0,0,0,0,1,10.845272801816463
read_version_filter,0,11,2,0,0,2,2,2,0,0,0,0,0,1,11.831902898848057
read_version_filter,0,68,2,0,0,2,2,2,0,0,0,0,0,1,11.631669476628304
read_version_filter,0,57,2,0,0,2,2,2,0,0,0,0,0,1,12.229010462760925
read_version_filter,0,116,1,0,0,1,1,1,0,0,0,0,0,1,12.0505690574646
read_version_filter,0,14,2,1,0,,,,0,0,0,0,0,1,11.522838845849037
read_version_filter,0,57,2,0,0,2,2,2,0,0,0,0,0,1,12.049630284309387
read_version_filter,0,68,2,0,0,2,2,2,0,0,0,0,0,1,11.525651440024376
read_version_filter,0,88,2,0,0,2,2,2,0,0,0,0,0,1,12.221799232065678
read_version_filter,0,11,2,0,0,2,2,2,0,0,0,0,0,1,12.44338322430849
read_version_filter,0,95,2,0,0,2,2,2,0,0,0,0,0,1,12.197406031191349
read_version_filter,0,14,2,1,0,,,,0,0,0,0,0,1,26.305312290787697
read_version_filter,0,14,2,1,0,,,,0,0,0,0,0,1,22.56396133452654
read_version_filter,0,19,2,0,0,2,2,2,0,0,0,0,0,1,22.869659587740898
read_version_filter,0,6,2,0,0,2,2,2,0,0,0,0,0,1,32.34800510108471
read_version_filter,0,120,1,0,0,1,1,1,0,0,0,0,0,1,11.772830039262772
read_version_filter,0,11,2,0,0,2,2,2,0,0,0,0,0,1,11.66980154812336
read_version_filter,0,71,2,0,0,2,2,2,0,0,0,0,0,1,11.624988168478012
read_version_filter,0,16,2,0,0,2,2,2,0,0,0,0,0,1,11.109432205557823
read_version_filter,0,57,2,0,0,2,2,2,0,0,0,0,0,1,11.54409721493721
read_version_filter,0,19,2,0,0,2,2,2,0,0,0,0,0,1,11.782877147197723
read_version_filter,0,19,2,0,0,2,2,2,0,0,0,0,0,1,11.38170063495636
read_version_filter,0,19,2,0,0,2,2,2,0,0,0,0,0,1,11.725866235792637
read_version_filter,0,14,2,1,0,,,,0,0,0,0,0,1,11.6567462682724
read_version_filter,0,30,2,0,0,2,2,2,0,0,0,0,0,1,11.796809732913971
read_version_filter,0,68,2,0,0,2,2,2,0,0,0,0,0,1,11.75861619412899
read_version_filter,0,69,2,0,0,2,2,2,0,0,0,0,0,0,11.824053712189198
read_version_filter,0,57,2,0,0,2,2,2,0,0,0,0,0,0,11.681743897497654
read_version_filter,0,51,2,1,0,,,,0,0,0,0,0,0,11.68529037386179
read_version_filter,0,51,2,1,0,,,,0,0,0,0,0,0,11.314494535326958
read_version_filter,0,71,2,0,0,2,2,2,0,0,0,0,0,1,11.752724647521973
read_version_filter,0,55,2,0,0,2,2,2,0,0,0,0,0,1,11.005010455846786
read_version_filter,0,7,2,0,0,2,2,2,0,0,0,0,0,1,11.568783782422543
read_version_filter,0,14,2,1,0,,,,0,0,0,0,0,1,11.470758356153965
read_version_filter,0,120,2,0,0,,,,0,0,0,1,1,1,14.874136075377464
read_version_filter,0,8,2,1,0,,,,0,0,0,0,0,1,24.6471855789423
read_version_filter,0,42,2,0,0,,,,0,0,0,1,1,1,24.637850932776928
read_version_filter,0,17,2,0,0,,,,0,0,0,1,1,1,21.480578929185867
read_version_filter,0,84,2,0,0,,,,0,0,0,1,1,1,13.222785666584969
read_version_filter,0,98,2,0,0,,,,0,0,0,1,1,1,14.647047966718674
read_version_filter,0,125,2,0,0,,,,0,0,0,1,1,1,15.064338222146034
read_version_filter,0,98,2,0,0,,,,0,0,0,1,1,1,11.05296891182661
read_version_filter,0,42,2,0,0,,,,0,0,0,1,1,1,12.79103010892868
read_version_filter,0,120,2,0,0,,,,0,0,0,1,1,1,12.162236496806145
read_version_filter,0,17,2,0,0,,,,0,0,0,1,1,1,11.499687097966671
read_version_filter,0,31,2,0,0,,,,0,0,0,1,1,1,11.386229656636715
read_version_filter,0,8,2,1,0,,,,0,0,0,0,0,1,11.417620815336704
read_version_filter,0,98,2,0,0,,,,0,0,0,1,1,1,12.065376155078411
read_version_filter,0,31,2,0,0,,,,0,0,0,1,1,1,12.125486508011818
read_version_filter,0,17,2,0,0,2,,2,0,0,0,0,0,1,22.64603227376938
read_version_filter,0,27,2,0,0,2,,2,0,0,0,0,0,1,28.968116268515587
read_version_filter,0,66,2,1,0,,,,0,0,0,0,0,1,25.258058682084084
read_version_filter,0,82,2,0,0,2,,2,0,0,0,0,0,1,19.691861234605312
read_version_filter,0,44,2,0,0,2,,2,0,0,0,0,0,1,11.984903365373611
read_version_filter,0,125,2,0,0,2,,2,0,0,0,0,0,1,11.304949410259724
read_version_filter,0,66,2,1,0,,,,0,0,0,0,0,1,12.01035175472498
read_version_filter,0,42,2,0,0,2,,2,0,0,0,0,0,1,11.764303781092167
read_version_filter,0,73,2,0,0,2,,2,0,0,0,0,0,1,11.825444176793098
read_version_filter,0,8,2,1,0,,,,0,0,0,0,0,1,11.748291552066803
read_version_filter,0,73,2,0,0,2,,2,0,0,0,0,0,1,11.766626499593258
read_version_filter,0,125,2,0,0,2,,2,0,0,0,0,0,1,11.724595911800861
read_version_filter,0,28,2,0,0,2,2,2,0,0,0,0,0,1,11.028679087758064
read_version_filter,0,73,2,0,0,2,2,2,0,0,0,0,0,1,19.209024496376514
read_version_filter,0,55,2,0,0,2,2,2,0,0,0,0,0,1,19.282308407127857
read_version_filter,0,8,2,1,0,,,,0,0,0,0,0,1,28.823726810514927
read_version_filter,0,66,2,1,0,,,,0,0,0,0,0,1,22.75758422911167
read_version_filter,0,20,2,0,0,2,2,2,0,0,0,0,0,1,11.011363007128239
read_version_filter,0,25,2,0,0,2,2,2,0,0,0,0,0,1,11.413538828492165
read_version_filter,0,75,2,1,0,,,,0,0,0,0,0,1,11.458814144134521
read_version_filter,0,73,2,0,0,2,2,2,0,0,0,0,0,1,11.660448275506496
read_version_filter,0,84,2,0,0,2,2,2,0,0,0,0,0,1,11.281192302703857
read_version_filter,0,8,2,1,0,,,,0,0,0,0,0,1,11.618894524872303
read_version_filter,0,82,2,0,0,2,2,2,0,0,0,0,0,1,11.777376756072044
read_version_filter,0,84,2,0,0,2,2,2,0,0,0,0,0,1,10.832343250513077
read_version_filter,0,31,2,0,0,2,2,2,0,0,0,0,0,1,11.461865156888962
read_version_filter,0,85,1,0,0,1,1,1,0,0,0,0,0,1,10.981322266161442
read_version_filter,0,84,2,0,0,2,2,2,0,0,0,0,0,1,18.910687416791916
read_version_filter,0,8,2,1,0,,,,0,0,0,0,0,1,24.660279043018818
read_version_filter,0,107,2,0,0,2,2,2,0,0,0,0,0,1,21.621868945658207
read_version_filter,0,107,2,0,0,2,2,2,0,0,0,0,0,1,34.82664283365011
read_version_filter,0,73,2,0,0,2,2,2,0,0,0,0,0,1,11.556895449757576
read_version_filter,0,113,2,0,0,2,2,2,0,0,0,0,0,1,11.969530023634434
read_version_filter,0,84,2,0,0,2,2,2,0,0,0,0,0,1,11.786251328885555
read_version_filter,0,82,2,0,0,2,2,2,0,0,0,0,0,1,12.189602479338646
read_version_filter,0,27,2,0,0,2,2,2,0,0,0,0,0,1,11.813974939286709
read_version_filter,0,119,2,0,0,2,2,2,0,0,0,0,0,1,11.761384084820747
read_version_filter,0,107,2,0,0,2,2,2,0,0,0,0,0,1,12.852299958467484
read_version_filter,0,43,2,0,0,2,2,2,0,0,0,0,0,1,13.419043272733688
read_version_filter,0,42,2,0,0,2,2,2,0,0,0,0,0,1,13.060715980827808
read_version_filter,0,38,2,1,0,,,,0,0,0,0,0,1,13.221453875303268
read_version_filter,0,82,2,0,0,2,2,2,0,0,0,0,0,0,12.195879593491554
read_version_filter,0,44,2,0,0,2,2,2,0,0,0,0,0,0,8.636252023279667
read_version_filter,0,73,2,0,0,2,2,2,0,0,0,0,0,0,14.966856688261032
read_version_filter,0,31,2,0,0,2,2,2,0,0,0,0,0,0,11.447163298726082
read_version_filter,0,20,2,0,0,2,2,2,0,0,0,0,0,1,11.998742818832397
read_version_filter,0,42,2,0,0,2,2,2,0,0,0,0,0,1,11.810686439275742
read_version_filter,0,44,2,0,0,2,2,2,0,0,0,0,0,1,12.400368228554726
read_version_filter,0,98,2,0,0,2,2,2,0,0,0,0,0,1,12.109448201954365
read_version_filter,0,108,2,0,0,,,,0,0,0,1,1,1,11.576690711081028
read_version_filter,0,0,2,0,0,,,,0,0,0,1,1,1,25.002283975481987
read_version_filter,0,35,2,0,0,,,,0,0,0,1,1,1,24.47782177478075
read_version_filter,0,0,2,0,0,,,,0,0,0,1,1,1,24.53104965388775
read_version_filter,0,83,2,0,0,,,,0,0,0,1,1,1,11.071649380028248
read_version_filter,0,115,2,1,0,,,,0,0,0,0,0,1,11.331477202475071
read_version_filter,0,40,2,1,0,,,,0,0,0,0,0,1,11.486398987472057
read_version_filter,0,116,2,1,0,,,,0,0,0,0,0,1,10.827731341123581
read_version_filter,0,64,2,1,0,,,,0,0,0,0,0,1,11.369370855391026
read_version_filter,0,98,2,0,0,2,2,2,0,0,0,0,0,1,11.474793776869774
read_version_filter,0,40,2,1,0,,,,0,0,0,0,0,1,11.805102229118347
read_version_filter,0,59,2,0,0,,,,0,0,0,1,1,1,11.22889295220375
read_version_filter,0,85,2,0,0,2,,2,0,0,0,0,0,1,29.036237858235836
read_version_filter,0,83,2,0,0,2,,2,0,0,0,0,0,1,28.882158920168877
read_version_filter,0,86,2,0,0,2,,2,0,0,0,0,0,1,19.636555574834347
read_version_filter,0,40,2,1,0,,,,0,0,0,0,0,1,32.00528025627136
read_version_filter,0,90,2,0,0,2,2,2,0,0,0,0,0,1,11.689522303640842
read_version_filter,0,99,2,0,0,2,2,2,0,0,0,0,0,1,11.832112446427345
read_version_filter,0,67,2,1,0,,,,0,0,0,0,0,1,11.292044073343277
read_version_filter,0,29,2,0,0,2,2,2,0,0,0,0,0,1,11.147349141538143
read_version_filter,0,102,2,0,0,2,,2,0,0,0,0,0,1,11.223768815398216
read_version_filter,0,54,2,0,0,2,2,2,0,0,0,0,0,1,11.583582498133183
read_version_filter,0,69,2,0,0,2,2,2,0,0,0,0,0,1,11.44607737660408
read_version_filter,0,102,2,0,0,2,2,2,0,0,0,0,0,1,27.68978476524353
read_version_filter,0,108,2,0,0,2,2,2,0,0,0,0,0,1,27.672143653035164
read_version_filter,0,32,2,0,0,2,2,2,0,0,0,0,0,1,38.01975026726723
read_version_filter,0,35,2,0,0,2,2,2,0,0,0,0,0,1,44.21997908502817
read_version_filter,0,97,2,0,0,2,2,2,0,0,0,0,0,1,11.795238591730595
read_version_filter,0,87,2,0,0,2,2,2,0,0,0,0,0,1,11.93212065845728
read_version_filter,0,116,2,1,0,,,,0,0,0,0,0,1,11.601333506405354
read_version_filter,0,41,2,0,0,2,2,2,0,0,0,0,0,1,11.567918583750725
read_version_filter,0,68,2,0,0,2,2,2,0,0,0,0,0,1,11.444942094385624
read_version_filter,0,33,2,1,0,,,,0,0,0,0,0,1,11.371389031410217
read_version_filter,0,69,2,0,0,2,2,2,0,0,0,0,0,1,11.569776572287083
read_version_filter,0,0,2,0,0,2,2,2,0,0,0,0,0,1,12.25686352699995
read_version_filter,0,102,2,0,0,2,2,2,0,0,0,0,0,1,25.423631072044373
read_version_filter,0,67,2,1,0,,,,0,0,0,0,0,1,31.573968939483166
read_version_filter,0,97,2,0,0,2,2,2,0,0,0,0,0,1,24.691155180335045
read_version_filter,0,87,2,0,0,2,2,2,0,0,0,0,0,1,32.218764536082745
read_version_filter,0,116,2,1,0,,,,0,0,0,0,0,1,10.81815455108881
read_version_filter,0,97,2,0,0,2,2,2,0,0,0,0,0,1,11.532151140272617
read_version_filter,0,86,2,0,0,2,2,2,0,0,0,0,0,1,10.94221230596304
read_version_filter,0,116,2,1,0,,,,0,0,0,0,0,1,10.97144652158022
read_version_filter,0,83,2,0,0,2,2,2,0,0,0,0,0,1,10.967319831252098
read_version_filter,0,40,2,1,0,,,,0,0,0,0,0,1,10.954119265079498
read_version_filter,0,47,2,0,0,2,2,2,0,0,0,0,0,1,11.78863923996687
read_version_filter,0,41,2,0,0,2,2,2,0,0,0,0,0,1,12.54182867705822
read_version_filter,0,35,2,0,0,2,2,2,0,0,0,0,0,1,12.477393262088299
read_version_filter,0,41,2,0,0,2,2,2,0,0,0,0,0,0,8.908138610422611
read_version_filter,0,0,2,0,0,2,2,2,0,0,0,0,0,0,8.446675725281239
read_version_filter,0,111,2,0,0,2,2,2,0,0,0,0,0,0,19.181563518941402
read_version_filter,0,116,2,1,0,,,,0,0,0,0,0,0,11.721019633114338
read_version_filter,0,84,2,0,0,2,2,2,0,0,0,0,0,0,11.343663558363914
read_version_filter,0,33,2,1,0,,,,0,0,0,0,0,0,11.222297325730324
read_version_filter,0,40,2,1,0,,,,0,0,0,0,0,0,11.489163152873516
read_version_filter,0,40,2,1,0,,,,0,0,0,0,0,0,11.581732891499996
read_version_filter,0,51,2,1,0,,,,0,0,0,0,0,0,12.005122378468513
read_version_filter,0,85,2,0,0,2,2,2,0,0,0,0,0,0,12.353858910501003
read_version_filter,0,35,2,0,0,2,2,2,0,0,0,0,0,0,12.316959910094738
read_version_filter,0,4,2,0,0,2,2,2,0,0,0,0,0,0,12.274976819753647
read_version_filter,0,47,2,0,0,2,2,2,0,0,0,0,0,0,13.673213310539722
read_version_filter,0,86,2,0,0,2,2,2,0,0,0,0,0,0,3.879939205944538
read_version_filter,0,37,2,0,0,2,2,2,0,0,0,0,0,0,13.872958719730377
read_version_filter,0,86,2,0,0,2,2,2,0,0,0,0,0,0,20.793174393475056
read_version_filter,0,122,2,0,0,2,2,2,0,0,0,0,0,0,12.545345351099968
read_version_filter,0,116,2,1,0,,,,0,0,0,0,0,0,12.251208536326885
read_version_filter,0,85,2,0,0,2,2,2,0,0,0,0,0,0,12.463144026696682
read_version_filter,0,59,2,0,0,2,2,2,0,0,0,0,0,0,11.882457882165909
read_version_filter,0,35,2,0,0,2,2,2,0,0,0,0,0,0,12.64129113405943
read_version_filter,0,67,2,1,0,,,,0,0,0,0,0,0,12.760845944285393
read_version_filter,0,86,2,0,0,2,2,2,0,0,0,0,0,0,12.74909358471632
read_version_filter,0,85,2,0,0,2,2,2,0,0,0,0,0,0,13.32663744688034
read_version_filter,0,67,2,1,0,,,,0,0,0,0,0,0,12.783724814653397
read_version_filter,0,85,2,0,0,2,2,2,0,0,0,0,0,0,13.09741660952568
read_version_filter,0,77,2,1,0,,,,0,0,0,0,0,0,13.357531279325485
read_version_filter,0,74,2,0,0,2,2,2,0,0,0,0,0,0,13.002118095755577
read_version_filter,0,41,2,0,0,2,2,2,0,0,0,0,0,0,13.429307378828526
read_version_filter,0,86,2,0,0,2,2,2,0,0,0,0,0,0,12.102902866899967
read_version_filter,1,48,1,0,0,1,1,1,0,0,0,0,0,1,3.3191805705428123
read_version_filter,1,48,1,0,0,1,1,1,0,0,0,0,0,1,6.763137876987457
read_version_filter,1,41,1,0,0,1,1,1,0,0,0,0,0,1,10.025921277701855
read_version_filter,1,64,1,0,0,1,1,1,0,0,0,0,0,1,13.865613378584385
read_version_filter,1,31,1,0,0,1,1,1,0,0,0,0,0,1,28.102483600378036
read_version_filter,1,63,1,0,0,1,1,1,0,0,0,0,0,1,38.39371260255575
read_version_filter,1,93,1,0,0,1,1,1,0,0,0,0,0,1,31.62182681262493
read_version_filter,1,26,2,0,0,,,,0,0,0,1,1,1,41.52631759643555
read_version_filter,1,49,2,1,0,,,,0,0,0,0,0,1,11.660745367407799
read_version_filter,1,31,1,0,0,1,1,1,0,0,0,0,0,1,11.936920695006847
read_version_filter,1,49,2,1,0,,,,0,0,0,0,0,1,11.344856582581997
read_version_filter,1,54,2,0,0,,,,0,0,0,1,1,1,11.739525012671947
read_version_filter,1,120,1,0,0,1,1,1,0,0,0,0,0,1,11.804514564573765
read_version_filter,1,89,1,0,0,1,1,1,0,0,0,0,0,1,11.236407794058323
read_version_filter,1,7,2,0,0,,,,0,0,0,1,1,1,11.95685938000679
read_version_filter,1,43,2,0,0,,,,0,0,0,1,1,1,11.796887032687664
read_version_filter,1,73,1,0,0,1,1,1,0,0,0,0,0,1,24.55097995698452
read_version_filter,1,43,2,0,0,2,,2,0,0,0,0,0,1,31.634096056222916
read_version_filter,1,99,2,0,0,2,,2,0,0,0,0,0,1,28.54726556688547
read_version_filter,1,50,1,0,0,1,1,1,0,0,0,0,0,1,23.89336470514536
read_version_filter,1,99,2,0,0,2,,2,0,0,0,0,0,1,12.337377294898033
read_version_filter,1,86,2,0,0,2,,2,0,0,0,0,0,1,12.484352104365826
read_version_filter,1,124,1,0,0,1,1,1,0,0,0,0,0,1,12.893631123006344
read_version_filter,1,106,1,0,0,1,1,1,0,0,0,0,0,1,15.775240957736969
read_version_filter,1,14,2,0,0,2,,2,0,0,0,0,0,1,15.277600847184658
read_version_filter,1,26,2,0,0,2,,2,0,0,0,0,0,1,15.3897600248456
read_version_filter,1,86,2,0,0,2,2,2,0,0,0,0,0,1,19.0901393070817
read_version_filter,1,8,2,0,0,2,2,2,0,0,0,0,0,1,15.562640503048897
read_version_filter,1,49,2,1,0,,,,0,0,0,0,0,1,22.283919155597687
read_version_filter,1,14,2,0,0,2,2,2,0,0,0,0,0,1,32.79846254736185
read_version_filter,1,14,2,0,0,2,2,2,0,0,0,0,0,1,11.754876002669334
read_version_filter,1,125,1,0,0,1,1,1,0,0,0,0,0,1,12.21221499145031
read_version_filter,1,36,2,0,0,2,2,2,0,0,0,0,0,1,12.281532399356365
read_version_filter,1,43,2,0,0,2,2,2,0,0,0,0,0,1,12.028805911540985
read_version_filter,1,67,2,1,0,,,,0,0,0,0,0,1,11.441260576248169
read_version_filter,1,3,2,0,0,2,2,2,0,0,0,0,0,1,12.152581475675106
read_version_filter,1,62,2,0,0,2,2,2,0,0,0,0,0,1,11.530917137861252
read_version_filter,1,54,2,0,0,2,2,2,0,0,0,0,0,1,11.201714165508747
read_version_filter,1,43,2,0,0,2,2,2,0,0,0,0,0,1,11.818132363259792
read_version_filter,1,67,2,1,0,,,,0,0,0,0,0,1,11.330938898026943
read_version_filter,1,79,2,1,0,,,,0,0,0,0,0,1,11.326071806252003
read_version_filter,1,72,2,0,0,2,2,2,0,0,0,0,0,1,11.477931402623653
read_version_filter,1,49,2,1,0,,,,0,0,0,0,0,1,21.794687025249004
read_version_filter,1,99,2,0,0,2,2,2,0,0,0,0,0,1,27.82644424587488
read_version_filter,1,71,1,0,0,1,1,1,0,0,0,0,0,1,22.63770531862974
read_version_filter,1,79,2,1,0,,,,0,0,0,0,0,1,28.93837448209524
read_version_filter,1,23,1,0,0,1,1,1,0,0,0,0,0,1,12.444043532013893
read_version_filter,1,87,1,0,0,1,1,1,0,0,0,0,0,1,12.441951781511307
read_version_filter,1,126,2,0,0,2,2,2,0,0,0,0,0,1,11.290295980870724
read_version_filter,1,36,2,0,0,2,2,2,0,0,0,0,0,1,11.874503456056118
read_version_filter,1,54,2,0,0,2,2,2,0,0,0,0,0,1,11.609003879129887
read_version_filter,1,49,2,1,0,,,,0,0,0,0,0,1,11.524518020451069
read_version_filter,1,110,1,0,0,1,1,1,0,0,0,0,0,1,11.521740816533566
read_version_filter,1,103,1,0,0,1,1,1,0,0,0,0,0,1,11.794529855251312
read_version_filter,1,93,1,0,0,1,1,1,0,0,0,0,0,1,11.536551639437675
read_version_filter,1,55,1,0,0,1,1,1,0,0,0,0,0,0,4.402161575853825
read_version_filter,1,79,2,1,0,,,,0,0,0,0,0,0,11.365328915417194
read_version_filter,1,8,2,0,0,2,2,2,0,0,0,0,0,0,18.045409582555294
read_version_filter,1,79,2,1,0,,,,0,0,0,0,0,0,11.362754739820957
read_version_filter,1,99,2,0,0,2,2,2,0,0,0,0,0,1,11.579158715903759
read_version_filter,1,8,2,0,0,2,2,2,0,0,0,0,0,1,11.856377124786377
read_version_filter,1,118,1,0,0,1,1,1,0,0,0,0,0,1,11.963829398155212
read_version_filter,1,79,2,1,0,,,,0,0,0,0,0,1,12.107782065868378
read_version_filter,1,113,2,0,0,,,,0,0,0,1,1,1,15.215988270938396
read_version_filter,1,51,2,0,0,,,,0,0,0,1,1,1,27.970590628683567
read_version_filter,1,76,1,0,0,1,1,1,0,0,0,0,0,1,24.801461026072502
read_version_filter,1,66,2,0,0,,,,0,0,0,1,1,1,30.848905444145203
read_version_filter,1,66,2,0,0,,,,0,0,0,1,1,1,11.868415400385857
read_version_filter,1,121,2,0,0,,,,0,0,0,1,1,1,12.06145528703928
read_version_filter,1,51,2,0,0,,,,0,0,0,1,1,1,11.851627379655838
read_version_filter,1,59,1,0,0,1,1,1,0,0,0,0,0,1,12.421037070453167
read_version_filter,1,94,1,0,0,1,1,1,0,0,0,0,0,1,12.6979760825634
read_version_filter,1,66,2,0,0,,,,0,0,0,1,1,1,12.634447775781155
read_version_filter,1,97,2,0,0,,,,0,0,0,1,1,1,12.137768790125847
read_version_filter,1,80,1,0,0,1,1,1,0,0,0,0,0,1,11.51349674910307
read_version_filter,1,4,2,0,0,,,,0,0,0,1,1,1,11.269897222518921
read_version_filter,1,45,2,0,0,,,,0,0,0,1,1,1,11.401819996535778
read_version_filter,1,97,2,0,0,,,,0,0,0,1,1,1,11.544190347194672
read_version_filter,1,88,2,0,0,2,,2,0,0,0,0,0,1,27.382638305425644
read_version_filter,1,87,1,0,0,1,1,1,0,0,0,0,0,1,24.567198008298874
read_version_filter,1,66,2,0,0,2,,2,0,0,0,0,0,1,31.04970045387745
read_version_filter,1,66,2,0,0,2,,2,0,0,0,0,0,1,22.719597443938255
read_version_filter,1,21,2,0,0,2,,2,0,0,0,0,0,1,11.324717663228512
read_version_filter,1,26,2,0,0,2,2,2,0,0,0,0,0,1,11.376299895346165
read_version_filter,1,84,1,0,0,1,1,1,0,0,0,0,0,1,11.82845514267683
read_version_filter,1,97,2,0,0,2,,2,0,0,0,0,0,1,11.729804798960686
read_version_filter,1,4,2,0,0,2,,2,0,0,0,0,0,1,11.77774928510189
read_version_filter,1,113,2,0,0,2,,2,0,0,0,0,0,1,11.861692182719707
read_version_filter,1,99,2,0,0,2,2,2,0,0,0,0,0,1,11.563665233552456
read_version_filter,1,61,2,1,0,,,,0,0,0,0,0,1,11.899063363671303
read_version_filter,1,71,2,0,0,2,,2,0,0,0,0,0,1,12.144649401307106
read_version_filter,1,82,1,0,0,1,1,1,0,0,0,0,0,1,11.409825645387173
read_version_filter,1,71,2,0,0,2,2,2,0,0,0,0,0,1,21.784325130283833
read_version_filter,1,113,2,0,0,2,2,2,0,0,0,0,0,1,22.10724540054798
read_version_filter,1,116,1,0,0,1,1,1,0,0,0,0,0,1,19.62943747639656
read_version_filter,1,21,2,0,0,2,2,2,0,0,0,0,0,1,25.411447510123253
read_version_filter,1,81,2,1,0,,,,0,0,0,0,0,1,12.20712624490261
read_version_filter,1,4,2,0,0,2,2,2,0,0,0,0,0,1,11.854740791022778
read_version_filter,1,81,2,1,0,,,,0,0,0,0,0,1,11.633077636361122
read_version_filter,1,66,2,0,0,2,2,2,0,0,0,0,0,1,11.512873694300652
read_version_filter,1,81,2,1,0,,,,0,0,0,0,0,1,11.605658568441868
read_version_filter,1,81,2,1,0,,,,0,0,0,0,0,1,11.4586241543293
read_version_filter,1,81,2,1,0,,,,0,0,0,0,0,1,11.562509462237358
read_version_filter,1,118,1,0,0,1,1,1,0,0,0,0,0,1,11.606508865952492
read_version_filter,1,51,2,0,0,2,2,2,0,0,0,0,0,1,11.117755435407162
read_version_filter,1,6,1,0,0,1,1,1,0,0,0,0,0,1,11.858351528644562
read_version_filter,1,66,2,0,0,2,2,2,0,0,0,0,0,1,11.381772346794605
read_version_filter,1,4,2,0,0,2,2,2,0,0,0,0,0,1,15.571932308375835
read_version_filter,1,96,2,0,0,2,2,2,0,0,0,0,0,1,28.346920385956764
read_version_filter,1,4,2,0,0,2,2,2,0,0,0,0,0,1,28.49692478775978
read_version_filter,1,89,2,0,0,2,2,2,0,0,0,0,0,1,28.03882583975792
read_version_filter,1,71,2,0,0,2,2,2,0,0,0,0,0,1,11.498691514134407
read_version_filter,1,89,2,0,0,2,2,2,0,0,0,0,0,1,11.401662603020668
read_version_filter,1,106,1,0,0,1,1,1,0,0,0,0,0,1,11.429360136389732
read_version_filter,1,34,1,0,0,1,1,1,0,0,0,0,0,1,11.15308329463005
read_version_filter,1,66,2,0,0,2,2,2,0,0,0,0,0,1,11.599481105804443
read_version_filter,1,51,2,0,0,2,2,2,0,0,0,0,0,1,11.977638117969036
read_version_filter,1,94,1,0,0,1,1,1,0,0,0,0,0,1,11.466425843536854
read_version_filter,1,97,2,0,0,2,2,2,0,0,0,0,0,1,11.963969096541405
read_version_filter,1,81,2,1,0,,,,0,0,0,0,0,1,11.203008703887463
read_version_filter,1,66,2,0,0,2,2,2,0,0,0,0,0,0,12.108159251511097
read_version_filter,1,97,2,0,0,2,2,2,0,0,0,0,0,0,9.053018875420094
read_version_filter,1,71,2,0,0,2,2,2,0,0,0,0,0,0,15.318160876631737
read_version_filter,1,121,2,0,0,2,2,2,0,0,0,0,0,0,12.183564715087414
read_version_filter,1,51,2,0,0,2,2,2,0,0,0,0,0,1,11.791948229074478
read_version_filter,1,29,2,0,0,2,2,2,0,0,0,0,0,1,11.66294701397419
read_version_filter,1,120,1,0,0,1,1,1,0,0,0,0,0,1,11.961803771555424
read_version_filter,1,34,1,0,0,1,1,1,0,0,0,0,0,1,14.841124415397644
read_version_filter,1,120,2,0,0,,,,0,0,0,1,1,1,23.986324667930603
read_version_filter,1,42,2,0,0,,,,0,0,0,1,1,1,24.5863264426589
read_version_filter,1,115,2,0,0,,,,0,0,0,1,1,1,20.929358899593353
read_version_filter,1,110,2,0,0,,,,0,0,0,1,1,1,10.88344119489193
read_version_filter,1,108,2,0,0,,,,0,0,0,1,1,1,11.425699107348919
read_version_filter,1,37,2,0,0,,,,0,0,0,1,1,1,11.23038213700056
read_version_filter,1,93,2,0,0,,,,0,0,0,1,1,1,11.311229318380356
read_version_filter,1,77,2,0,0,,,,0,0,0,1,1,1,11.619673110544682
read_version_filter,1,13,2,0,0,,,,0,0,0,1,1,1,11.452809907495975
read_version_filter,1,108,2,0,0,,,,0,0,0,1,1,1,11.673967353999615
read_version_filter,1,70,2,1,0,,,,0,0,0,0,0,1,11.590513400733471
read_version_filter,1,93,2,0,0,,,,0,0,0,1,1,1,11.54814101755619
read_version_filter,1,120,2,0,0,2,,2,0,0,0,0,0,1,20.42578626424074
read_version_filter,1,61,2,1,0,,,,0,0,0,0,0,1,15.909598208963871
read_version_filter,1,15,2,0,0,2,,2,0,0,0,0,0,1,30.247937887907028
read_version_filter,1,17,2,0,0,2,,2,0,0,0,0,0,1,36.95544134825468
read_version_filter,1,13,2,0,0,2,,2,0,0,0,0,0,1,12.690884992480278
read_version_filter,1,17,2,0,0,2,,2,0,0,0,0,0,1,14.04147781431675
read_version_filter,1,5,2,0,0,2,,2,0,0,0,0,0,1,10.408725589513779
read_version_filter,1,77,2,0,0,2,,2,0,0,0,0,0,1,13.572310097515583
read_version_filter,1,37,2,0,0,2,,2,0,0,0,0,0,1,12.893225997686386
read_version_filter,1,33,1,0,0,1,1,1,0,0,0,0,0,1,12.377685867249966
read_version_filter,1,41,2,0,0,2,,2,0,0,0,0,0,1,12.308244593441486
read_version_filter,1,125,1,0,0,1,1,1,0,0,0,0,0,1,12.024934403598309
read_version_filter,1,59,2,1,0,,,,0,0,0,0,0,1,12.221971526741982
read_version_filter,1,47,2,0,0,2,2,2,0,0,0,0,0,1,22.309554740786552
read_version_filter,1,41,2,0,0,2,2,2,0,0,0,0,0,1,22.393151186406612
read_version_filter,1,42,2,0,0,2,2,2,0,0,0,0,0,1,32.23768435418606
read_version_filter,1,123,1,0,0,1,1,1,0,0,0,0,0,1,12.194989249110222
read_version_filter,1,77,2,0,0,2,2,2,0,0,0,0,0,1,12.008660472929478
read_version_filter,1,70,2,1,0,,,,0,0,0,0,0,1,11.955284513533115
read_version_filter,1,5,2,0,0,2,2,2,0,0,0,0,0,1,11.92114781588316
read_version_filter,1,127,1,0,0,1,1,1,0,0,0,0,0,1,11.911178007721901
read_version_filter,1,13,2,0,0,2,2,2,0,0,0,0,0,1,11.88769657164812
read_version_filter,1,108,2,0,0,2,2,2,0,0,0,0,0,1,11.973443441092968
read_version_filter,1,13,2,0,0,2,2,2,0,0,0,0,0,1,11.145328171551228
read_version_filter,1,38,1,0,0,1,1,1,0,0,0,0,0,1,11.724098585546017
read_version_filter,1,4,2,0,0,2,2,2,0,0,0,0,0,1,11.70448213815689
read_version_filter,1,108,2,0,0,2,2,2,0,0,0,0,0,1,11.799742467701435
read_version_filter,1,15,2,0,0,2,2,2,0,0,0,0,0,1,12.751183472573757
read_version_filter,1,30,1,0,0,1,1,1,0,0,0,0,0,1,19.860303960740566
read_version_filter,1,108,2,0,0,2,2,2,0,0,0,0,0,1,19.764664582908154
read_version_filter,1,77,2,0,0,2,2,2,0,0,0,0,0,1,30.274156481027603
read_version_filter,1,37,2,0,0,2,2,2,0,0,0,0,0,1,37.392460741102695
read_version_filter,1,59,2,1,0,,,,0,0,0,0,0,1,12.595955282449722
read_version_filter,1,93,2,0,0,2,2,2,0,0,0,0,0,1,12.789245694875717
read_version_filter,1,13,2,0,0,2,2,2,0,0,0,0,0,1,12.315753847360611
read_version_filter,1,44,1,0,0,1,1,1,0,0,0,0,0,1,12.533520348370075
read_version_filter,1,0,1,0,0,1,1,1,0,0,0,0,0,1,12.235501781105995
read_version_filter,1,96,2,0,0,2,2,2,0,0,0,0,0,1,12.177607975900173
read_version_filter,1,115,2,0,0,2,2,2,0,0,0,0,0,1,12.214070186018944
read_version_filter,1,42,2,0,0,2,2,2,0,0,0,0,0,1,11.720285750925541
read_version_filter,1,2,1,0,0,1,1,1,0,0,0,0,0,1,11.997049674391747
read_version_filter,1,84,1,0,0,1,1,1,0,0,0,0,0,1,11.48520689457655
read_version_filter,1,47,2,0,0,2,2,2,0,0,0,0,0,0,8.603649213910103
read_version_filter,1,42,2,0,0,2,2,2,0,0,0,0,0,0,14.928874559700489
read_version_filter,1,41,2,0,0,2,2,2,0,0,0,0,0,0,11.971809901297092
read_version_filter,1,5,2,0,0,2,2,2,0,0,0,0,0,0,11.912481859326363
read_version_filter,1,37,2,0,0,2,2,2,0,0,0,0,0,1,12.178691104054451
read_version_filter,1,41,2,0,0,2,2,2,0,0,0,0,0,1,12.005272321403027
read_version_filter,1,42,2,0,0,2,2,2,0,0,0,0,0,1,11.960925534367561
read_version_filter,1,5,2,0,0,2,2,2,0,0,0,0,0,1,11.936245486140251
read_version_filter,1,27,2,0,0,,,,0,0,0,1,1,1,21.56086079776287
read_version_filter,1,20,2,0,0,,,,0,0,0,1,1,1,18.147981725633144
read_version_filter,1,91,2,0,0,,,,0,0,0,1,1,1,18.644671887159348
read_version_filter,1,20,2,0,0,,,,0,0,0,1,1,1,28.92760280519724
read_version_filter,1,76,1,0,0,1,1,1,0,0,0,0,0,1,12.364428490400314
read_version_filter,1,9,2,0,0,,,,0,0,0,1,1,1,12.685546651482582
read_version_filter,1,106,1,0,0,1,1,1,0,0,0,0,0,1,12.198057025671005
read_version_filter,1,35,2,0,0,,,,0,0,0,1,1,1,11.039579287171364
read_version_filter,1,122,1,0,0,1,1,1,0,0,0,0,0,1,11.38578075915575
read_version_filter,1,126,2,0,0,2,2,2,0,0,0,0,0,1,11.68917678296566
read_version_filter,1,91,2,0,0,,,,0,0,0,1,1,1,11.597673408687115
read_version_filter,1,67,2,1,0,,,,0,0,0,0,0,1,11.808251962065697
read_version_filter,1,80,2,0,0,,,,0,0,0,1,1,1,11.715687811374664
read_version_filter,1,106,1,0,0,1,1,1,0,0,0,0,0,1,11.62423100322485
read_version_filter,1,27,2,0,0,,,,0,0,0,1,1,1,11.70541811734438
read_version_filter,1,94,2,0,0,2,,2,0,0,0,0,0,1,23.991809226572514
read_version_filter,1,37,2,0,0,2,2,2,0,0,0,0,0,1,23.34558591246605
read_version_filter,1,90,2,0,0,2,,2,0,0,0,0,0,1,16.618876717984676
read_version_filter,1,111,2,0,0,2,,2,0,0,0,0,0,1,36.623106338083744
read_version_filter,1,111,2,0,0,2,,2,0,0,0,0,0,1,10.639190673828125
read_version_filter,1,94,2,0,0,2,,2,0,0,0,0,0,1,11.474883183836937
read_version_filter,1,88,2,0,0,2,2,2,0,0,0,0,0,1,11.40198577195406
read_version_filter,1,94,2,0,0,2,,2,0,0,0,0,0,1,11.910208500921726
read_version_filter,1,111,2,0,0,2,,2,0,0,0,0,0,1,12.3099060729146
read_version_filter,1,111,2,0,0,2,,2,0,0,0,0,0,1,12.238104827702045
read_version_filter,1,20,2,0,0,2,,2,0,0,0,0,0,1,12.563221156597137
read_version_filter,1,64,2,0,0,2,,2,0,0,0,0,0,1,12.741905637085438
read_version_filter,1,94,2,0,0,2,,2,0,0,0,0,0,1,12.63717282563448
read_version_filter,1,80,2,0,0,2,,2,0,0,0,0,0,1,12.869942933321
read_version_filter,1,109,2,1,0,,,,0,0,0,0,0,1,12.948828749358654
read_version_filter,1,91,2,0,0,2,,2,0,0,0,0,0,1,13.168759644031525
read_version_filter,1,50,1,0,0,1,1,1,0,0,0,0,0,1,19.668220542371273
read_version_filter,1,68,2,0,0,2,2,2,0,0,0,0,0,1,19.14486102759838
read_version_filter,1,80,2,0,0,2,2,2,0,0,0,0,0,1,29.996399767696857
read_version_filter,1,22,2,1,0,,,,0,0,0,0,0,1,22.319105453789234
read_version_filter,1,68,2,0,0,2,2,2,0,0,0,0,0,1,11.647425591945648
read_version_filter,1,116,2,0,0,2,2,2,0,0,0,0,0,1,11.11459918320179
read_version_filter,1,52,2,0,0,2,2,2,0,0,0,0,0,1,11.194827035069466
read_version_filter,1,27,2,0,0,2,2,2,0,0,0,0,0,1,11.906610801815987
read_version_filter,1,14,2,0,0,2,2,2,0,0,0,0,0,1,12.16164045035839
read_version_filter,1,9,2,0,0,2,2,2,0,0,0,0,0,1,11.88950426876545
read_version_filter,1,116,2,0,0,2,2,2,0,0,0,0,0,1,12.016991153359413
read_version_filter,1,27,2,0,0,2,2,2,0,0,0,0,0,1,11.857193894684315
read_version_filter,1,109,2,1,0,,,,0,0,0,0,0,1,11.179731227457523
read_version_filter,1,116,2,0,0,2,2,2,0,0,0,0,0,1,11.670046485960484
read_version_filter,1,44,1,0,0,1,1,1,0,0,0,0,0,1,11.297530494630337
read_version_filter,1,90,2,0,0,2,2,2,0,0,0,0,0,1,18.04632693529129
read_version_filter,1,116,2,0,0,2,2,2,0,0,0,0,0,1,23.9518191665411
read_version_filter,1,80,2,0,0,2,2,2,0,0,0,0,0,1,30.654768459498882
read_version_filter,1,58,1,0,0,1,1,1,0,0,0,0,0,1,36.84018272906542
read_version_filter,1,116,2,0,0,2,2,2,0,0,0,0,0,1,12.033088132739067
read_version_filter,1,116,2,0,0,2,2,2,0,0,0,0,0,1,12.590313330292702
read_version_filter,1,27,2,0,0,2,2,2,0,0,0,0,0,1,12.919381260871887
read_version_filter,1,64,2,0,0,2,2,2,0,0,0,0,0,1,12.924403883516788
read_version_filter,1,79,2,1,0,,,,0,0,0,0,0,1,12.25337851792574
read_version_filter,1,116,2,0,0,2,2,2,0,0,0,0,0,1,12.117418460547924
read_version_filter,1,22,2,1,0,,,,0,0,0,0,0,1,11.588460765779018
read_version_filter,1,90,2,0,0,2,2,2,0,0,0,0,0,1,11.875784024596214
read_version_filter,1,49,2,1,0,,,,0,0,0,0,0,0,8.664518594741821
read_version_filter,1,104,1,0,0,1,1,1,0,0,0,0,0,0,8.775725029408932
read_version_filter,1,64,2,0,0,2,2,2,0,0,0,0,0,0,18.902313895523548
read_version_filter,1,94,2,0,0,2,2,2,0,0,0,0,0,0,11.961323209106922
read_version_filter,1,27,2,0,0,2,2,2,0,0,0,0,0,1,12.200788594782352
read_version_filter,1,20,2,0,0,2,2,2,0,0,0,0,0,1,12.117967009544373
read_version_filter,1,64,2,0,0,2,2,2,0,0,0,0,0,1,11.709650978446007
read_version_filter,1,91,2,0,0,2,2,2,0,0,0,0,0,1,12.088874354958534
read_version_filter,1,6,2,0,0,,,,0,0,0,1,1,1,17.741031013429165
read_version_filter,1,117,2,0,0,,,,0,0,0,1,1,1,17.71553047001362
read_version_filter,1,104,2,0,0,,,,0,0,0,1,1,1,17.988611944019794
read_version_filter,1,101,2,0,0,,,,0,0,0,1,1,1,30.865074135363102
read_version_filter,1,6,2,0,0,,,,0,0,0,1,1,1,10.907677002251148
read_version_filter,1,46,2,0,0,,,,0,0,0,1,1,1,11.447357013821602
read_version_filter,1,62,2,0,0,2,2,2,0,0,0,0,0,1,11.758917011320591
read_version_filter,1,101,2,0,0,,,,0,0,0,1,1,1,12.034755200147629
read_version_filter,1,32,2,0,0,,,,0,0,0,1,1,1,11.693146079778671
read_version_filter,1,101,2,0,0,,,,0,0,0,1,1,1,11.095425114035606
read_version_filter,1,56,1,0,0,1,1,1,0,0,0,0,0,1,11.341137811541557
read_version_filter,1,20,2,0,0,2,2,2,0,0,0,0,0,1,11.620081961154938
read_version_filter,1,63,2,1,0,,,,0,0,0,0,0,1,12.705756351351738
read_version_filter,1,67,2,1,0,,,,0,0,0,0,0,1,12.882494367659092
read_version_filter,1,34,2,0,0,,,,0,0,0,1,1,1,13.315416872501373
read_version_filter,1,124,1,0,0,1,1,1,0,0,0,0,0,1,13.27437162399292
read_version_filter,1,63,2,1,0,,,,0,0,0,0,0,1,20.922375842928886
read_version_filter,1,73,2,0,0,2,,2,0,0,0,0,0,1,13.59827071428299
read_version_filter,1,73,2,0,0,2,,2,0,0,0,0,0,1,31.38072695583105
read_version_filter,1,84,1,0,0,1,1,1,0,0,0,0,0,1,38.60331419855356
read_version_filter,1,60,2,0,0,2,,2,0,0,0,0,0,1,12.007393874228
read_version_filter,1,32,2,0,0,2,,2,0,0,0,0,0,1,11.857683770358562
read_version_filter,1,32,2,0,0,2,,2,0,0,0,0,0,1,11.708923615515232
read_version_filter,1,47,2,0,0,2,2,2,0,0,0,0,0,1,11.562751606106758
read_version_filter,1,101,2,0,0,2,,2,0,0,0,0,0,1,11.535397730767727
read_version_filter,1,32,2,0,0,2,,2,0,0,0,0,0,1,11.360528878867626
read_version_filter,1,65,2,0,0,2,,2,0,0,0,0,0,1,11.688749305903912
read_version_filter,1,104,2,0,0,2,2,2,0,0,0,0,0,1,15.782990492880344
read_version_filter,1,101,2,0,0,2,2,2,0,0,0,0,0,1,25.878112763166428
read_version_filter,1,117,2,0,0,2,2,2,0,0,0,0,0,1,19.4311561062932
read_version_filter,1,117,2,0,0,2,2,2,0,0,0,0,0,1,28.696637600660324
read_version_filter,1,32,2,0,0,2,2,2,0,0,0,0,0,1,11.679518967866898
read_version_filter,1,56,1,0,0,1,1,1,0,0,0,0,0,1,11.838654056191444
read_version_filter,1,60,2,0,0,2,2,2,0,0,0,0,0,1,12.494754046201706
read_version_filter,1,40,2,1,0,,,,0,0,0,0,0,1,12.812266126275063
read_version_filter,1,104,2,0,0,2,2,2,0,0,0,0,0,1,13.83853331208229
read_version_filter,1,11,1,0,0,1,1,1,0,0,0,0,0,1,13.747180812060833
read_version_filter,1,63,2,1,0,,,,0,0,0,0,0,1,12.721983715891838
read_version_filter,1,23,1,0,0,1,1,1,0,0,0,0,0,1,12.442872859537601
read_version_filter,1,127,1,0,0,1,1,1,0,0,0,0,0,1,11.982114054262638
read_version_filter,1,90,2,0,0,2,2,2,0,0,0,0,0,1,11.663421057164669
read_version_filter,1,83,1,0,0,1,1,1,0,0,0,0,0,1,11.79449912160635
read_version_filter,1,60,2,0,0,2,2,2,0,0,0,0,0,1,21.608659997582436
read_version_filter,1,6,2,0,0,2,2,2,0,0,0,0,0,1,19.432605244219303
read_version_filter,1,105,2,0,0,2,2,2,0,0,0,0,0,1,31.789888627827168
read_version_filter,1,65,2,0,0,2,2,2,0,0,0,0,0,1,28.425615280866623
read_version_filter,1,116,2,0,0,2,2,2,0,0,0,0,0,1,11.194282211363316
read_version_filter,1,69,1,0,0,1,1,1,0,0,0,0,0,1,10.680237784981728
read_version_filter,1,34,2,0,0,2,2,2,0,0,0,0,0,1,11.48334238678217
read_version_filter,1,65,2,0,0,2,2,2,0,0,0,0,0,1,11.837072670459747
read_version_filter,1,65,2,0,0,2,2,2,0,0,0,0,0,1,11.955266818404198
read_version_filter,1,118,1,0,0,1,1,1,0,0,0,0,0,1,11.71000488102436
read_version_filter,1,95,2,0,0,2,2,2,0,0,0,0,0,1,12.297872453927994
read_version_filter,1,101,2,0,0,2,2,2,0,0,0,0,0,1,12.328675016760826
read_version_filter,1,105,2,0,0,2,2,2,0,0,0,0,0,1,12.585247866809368
read_version_filter,1,34,2,0,0,2,2,2,0,0,0,0,0,1,11.885707266628742
read_version_filter,1,17,2,0,0,2,2,2,0,0,0,0,0,1,12.334433384239674
read_version_filter,1,22,2,1,0,,,,0,0,0,0,0,1,11.592337861657143
read_version_filter,1,111,2,0,0,2,2,2,0,0,0,0,0,0,8.615394122898579
read_version_filter,1,95,2,0,0,2,2,2,0,0,0,0,0,0,15.78623242676258
read_version_filter,1,34,2,0,0,2,2,2,0,0,0,0,0,0,12.74595595896244
read_version_filter,1,6,2,0,0,2,2,2,0,0,0,0,0,0,12.891492806375027
read_version_filter,1,40,2,1,0,,,,0,0,0,0,0,1,12.291560880839825
read_version_filter,1,46,2,0,0,2,2,2,0,0,0,0,0,1,12.001683935523033
read_version_filter,1,84,1,0,0,1,1,1,0,0,0,0,0,1,12.229984626173973
read_version_filter,1,121,2,0,0,2,2,2,0,0,0,0,0,1,12.148337438702583
read_version_filter,1,123,2,1,0,,,,0,0,0,0,0,1,10.926419869065285
read_version_filter,1,92,2,0,0,,,,0,0,0,1,1,1,18.09113472700119
read_version_filter,1,48,2,1,0,,,,0,0,0,0,0,1,28.4069636836648
read_version_filter,1,22,2,1,0,,,,0,0,0,0,0,1,27.635520324110985
read_version_filter,1,38,2,0,0,,,,0,0,0,1,1,1,11.402180418372154
read_version_filter,1,25,2,0,0,,,,0,0,0,1,1,1,11.572616174817085
read_version_filter,1,38,2,0,0,,,,0,0,0,1,1,1,11.262602172791958
read_version_filter,1,48,2,1,0,,,,0,0,0,0,0,1,11.731643229722977
read_version_filter,1,87,2,0,0,,,,0,0,0,1,1,1,11.874823831021786
read_version_filter,1,30,2,0,0,,,,0,0,0,1,1,1,11.83309406042099
read_version_filter,1,38,2,0,0,,,,0,0,0,1,1,1,11.33833359926939
read_version_filter,1,102,2,0,0,,,,0,0,0,1,1,1,11.656718328595161
read_version_filter,1,108,2,0,0,2,2,2,0,0,0,0,0,1,22.20989018678665
read_version_filter,1,116,2,0,0,2,2,2,0,0,0,0,0,1,14.777340926229954
read_version_filter,1,123,2,1,0,,,,0,0,0,0,0,1,25.904490612447262
read_version_filter,1,44,2,0,0,2,,2,0,0,0,0,0,1,35.35336349159479
read_version_filter,1,85,1,0,0,1,1,1,0,0,0,0,0,1,11.982811614871025
read_version_filter,1,25,2,0,0,2,,2,0,0,0,0,0,1,12.55890168249607
read_version_filter,1,110,2,0,0,2,2,2,0,0,0,0,0,1,12.651490978896618
read_version_filter,1,96,2,0,0,2,2,2,0,0,0,0,0,1,12.798627838492393
read_version_filter,1,112,2,0,0,2,,2,0,0,0,0,0,1,12.103257700800896
read_version_filter,1,102,2,0,0,2,,2,0,0,0,0,0,1,11.30753941833973
read_version_filter,1,38,2,0,0,2,,2,0,0,0,0,0,1,11.184988543391228
read_version_filter,1,50,2,0,0,2,,2,0,0,0,0,0,1,11.372162960469723
read_version_filter,1,100,2,0,0,2,,2,0,0,0,0,0,1,11.358781717717648
read_version_filter,1,123,2,1,0,,,,0,0,0,0,0,1,11.13013830035925
read_version_filter,1,107,2,0,0,2,2,2,0,0,0,0,0,1,11.919195763766766
read_version_filter,1,92,2,0,0,2,2,2,0,0,0,0,0,1,25.227616541087627
read_version_filter,1,48,2,1,0,,,,0,0,0,0,0,1,21.985202096402645
read_version_filter,1,125,2,0,0,2,2,2,0,0,0,0,0,1,27.87169162184
read_version_filter,1,28,1,0,0,1,1,1,0,0,0,0,0,1,11.933580040931702
read_version_filter,1,87,2,0,0,2,2,2,0,0,0,0,0,1,11.669171042740345
read_version_filter,1,25,2,0,0,2,2,2,0,0,0,0,0,1,11.854775249958038
read_version_filter,1,19,2,1,0,,,,0,0,0,0,0,1,11.606490239501
read_version_filter,1,102,2,0,0,2,2,2,0,0,0,0,0,1,11.694446206092834
read_version_filter,1,50,2,0,0,2,2,2,0,0,0,0,0,1,11.260902509093285
read_version_filter,1,120,2,0,0,2,2,2,0,0,0,0,0,1,11.806173250079155
read_version_filter,1,17,2,0,0,2,2,2,0,0,0,0,0,1,12.10517343133688
read_version_filter,1,125,2,0,0,2,2,2,0,0,0,0,0,1,11.809173971414566
read_version_filter,1,21,2,0,0,2,2,2,0,0,0,0,0,1,11.60124596208334
read_version_filter,1,67,2,1,0,,,,0,0,0,0,0,1,18.322834745049477
read_version_filter,1,92,2,0,0,2,2,2,0,0,0,0,0,1,25.857706554234028
read_version_filter,1,57,1,0,0,1,1,1,0,0,0,0,0,1,23.09397328644991
read_version_filter,1,100,2,0,0,2,2,2,0,0,0,0,0,1,36.23479884117842
read_version_filter,1,87,2,0,0,2,2,2,0,0,0,0,0,1,8.93893651664257
read_version_filter,1,100,2,0,0,2,2,2,0,0,0,0,0,1,12.091781944036484
read_version_filter,1,30,2,0,0,2,2,2,0,0,0,0,0,1,12.272000312805176
read_version_filter,1,87,2,0,0,2,2,2,0,0,0,0,0,1,12.281602248549461
read_version_filter,1,107,2,0,0,2,2,2,0,0,0,0,0,1,12.116258032619953
read_version_filter,1,19,2,1,0,,,,0,0,0,0,0,1,12.492452748119831
read_version_filter,1,68,2,0,0,2,2,2,0,0,0,0,0,1,12.29612436145544
read_version_filter,1,92,2,0,0,2,2,2,0,0,0,0,0,1,12.250328436493874
read_version_filter,1,125,2,0,0,2,2,2,0,0,0,0,0,0,5.392531864345074
read_version_filter,1,125,2,0,0,2,2,2,0,0,0,0,0,0,12.450646609067917
read_version_filter,1,124,1,0,0,1,1,1,0,0,0,0,0,0,19.188997335731983
read_version_filter,1,84,1,0,0,1,1,1,0,0,0,0,0,0,12.070350348949432
read_version_filter,1,107,2,0,0,2,2,2,0,0,0,0,0,1,11.996258050203323
read_version_filter,1,30,2,0,0,2,2,2,0,0,0,0,0,1,11.486834846436977
read_version_filter,1,100,2,0,0,2,2,2,0,0,0,0,0,1,12.07833457738161
read_version_filter,1,84,2,0,0,,,,0,0,0,1,1,1,17.946447245776653
read_version_filter,1,74,2,0,0,,,,0,0,0,1,1,1,24.912294931709766
read_version_filter,1,86,2,0,0,2,2,2,0,0,0,0,0,1,18.882475793361664
read_version_filter,1,10,2,0,0,,,,0,0,0,1,1,1,24.82319250702858
read_version_filter,1,118,2,0,0,,,,0,0,0,1,1,1,10.901575908064842
read_version_filter,1,38,2,0,0,2,2,2,0,0,0,0,0,1,11.088918894529343
read_version_filter,1,74,2,0,0,,,,0,0,0,1,1,1,11.12126000225544
read_version_filter,1,76,2,1,0,,,,0,0,0,0,0,1,11.812249198555946
read_version_filter,1,1,2,0,0,,,,0,0,0,1,1,1,12.35594879835844
read_version_filter,1,84,2,0,0,,,,0,0,0,1,1,1,12.144147418439388
read_version_filter,1,99,2,0,0,2,2,2,0,0,0,0,0,1,12.318409979343414
read_version_filter,1,122,2,0,0,,,,0,0,0,1,1,1,11.761034838855267
read_version_filter,1,10,2,0,0,,,,0,0,0,1,1,1,11.037088930606842
read_version_filter,1,39,2,0,0,,,,0,0,0,1,1,1,11.539554223418236
read_version_filter,1,27,2,0,0,2,2,2,0,0,0,0,0,1,22.105521522462368
read_version_filter,1,83,2,0,0,2,,2,0,0,0,0,0,1,13.205708004534245
read_version_filter,1,83,2,0,0,2,,2,0,0,0,0,0,1,25.91664157807827
read_version_filter,1,108,2,0,0,2,2,2,0,0,0,0,0,1,35.906425677239895
read_version_filter,1,37,2,0,0,2,2,2,0,0,0,0,0,1,11.90771535038948
read_version_filter,1,69,2,1,0,,,,0,0,0,0,0,1,11.031115427613258
read_version_filter,1,1,2,0,0,2,,2,0,0,0,0,0,1,10.867703706026077
read_version_filter,1,95,2,0,0,2,2,2,0,0,0,0,0,1,11.480117216706276
read_version_filter,1,76,2,1,0,,,,0,0,0,0,0,1,11.265837587416172
read_version_filter,1,69,2,1,0,,,,0,0,0,0,0,1,10.937419719994068
read_version_filter,1,10,2,0,0,2,,2,0,0,0,0,0,1,11.17695402354002
read_version_filter,1,120,2,0,0,2,2,2,0,0,0,0,0,1,11.459417641162872
read_version_filter,1,56,1,0,0,1,1,1,0,0,0,0,0,1,18.977138213813305
read_version_filter,1,124,1,0,0,1,1,1,0,0,0,0,0,1,15.839386731386185
read_version_filter,1,76,2,1,0,,,,0,0,0,0,0,1,28.32026779651642
read_version_filter,1,23,2,0,0,2,2,2,0,0,0,0,0,1,24.962357245385647
read_version_filter,1,69,2,1,0,,,,0,0,0,0,0,1,10.681564919650555
read_version_filter,1,116,2,0,0,2,2,2,0,0,0,0,0,1,11.941540986299515
read_version_filter,1,118,2,0,0,2,2,2,0,0,0,0,0,1,11.59670576453209
read_version_filter,1,83,2,0,0,2,2,2,0,0,0,0,0,1,12.555568479001522
read_version_filter,1,47,2,0,0,2,2,2,0,0,0,0,0,1,11.969228275120258
read_version_filter,1,23,2,0,0,2,2,2,0,0,0,0,0,1,11.729014106094837
read_version_filter,1,82,1,0,0,1,1,1,0,0,0,0,0,1,12.577109038829803
read_version_filter,1,86,2,0,0,2,2,2,0,0,0,0,0,1,12.876631692051888
read_version_filter,1,75,2,0,0,2,2,2,0,0,0,0,0,1,18.231619149446487
read_version_filter,1,75,2,0,0,2,2,2,0,0,0,0,0,1,24.262926541268826
read_version_filter,1,16,2,0,0,2,2,2,0,0,0,0,0,1,34.895507618784904
read_version_filter,1,13,2,0,0,2,2,2,0,0,0,0,0,1,34.68908276408911
read_version_filter,1,93,2,0,0,2,2,2,0,0,0,0,0,1,11.274396441876888
read_version_filter,1,122,2,0,0,2,2,2,0,0,0,0,0,1,11.670856736600399
read_version_filter,1,36,2,0,0,2,2,2,0,0,0,0,0,1,11.414012871682644
read_version_filter,1,84,2,0,0,2,2,2,0,0,0,0,0,1,11.51338778436184
read_version_filter,1,39,2,0,0,2,2,2,0,0,0,0,0,1,11.532899923622608
read_version_filter,1,12,2,0,0,2,2,2,0,0,0,0,0,1,11.918735690414906
read_version_filter,1,103,2,1,0,,,,0,0,0,0,0,1,11.673892848193645
read_version_filter,1,10,2,0,0,2,2,2,0,0,0,0,0,1,11.191950179636478
read_version_filter,1,94,2,0,0,2,2,2,0,0,0,0,0,1,11.325579136610031
read_version_filter,1,83,2,0,0,2,2,2,0,0,0,0,0,0,4.93098609149456
read_version_filter,1,12,2,0,0,2,2,2,0,0,0,0,0,0,10.99089253693819
read_version_filter,1,45,2,0,0,2,2,2,0,0,0,0,0,0,17.963889986276627
read_version_filter,1,76,2,1,0,,,,0,0,0,0,0,0,11.90995704382658
read_version_filter,1,1,2,0,0,2,2,2,0,0,0,0,0,1,12.262698262929916
read_version_filter,1,118,2,0,0,2,2,2,0,0,0,0,0,1,13.108626008033752
read_version_filter,1,103,2,1,0,,,,0,0,0,0,0,1,13.694736175239086
read_version_filter,1,57,2,0,0,,,,0,0,0,1,1,1,15.416082926094532
read_version_filter,1,127,2,0,0,,,,0,0,0,1,1,1,16.170279122889042
read_version_filter,1,127,2,0,0,,,,0,0,0,1,1,1,29.253751039505005
read_version_filter,1,82,2,0,0,,,,0,0,0,1,1,1,29.399783350527287
read_version_filter,1,18,2,0,0,2,2,2,0,0,0,0,0,1,11.123929172754288
read_version_filter,1,82,2,0,0,,,,0,0,0,1,1,1,11.101100593805313
read_version_filter,1,65,2,0,0,2,2,2,0,0,0,0,0,1,11.187730357050896
read_version_filter,1,85,2,0,0,,,,0,0,0,1,1,1,11.856399476528168
read_version_filter,1,124,2,1,0,,,,0,0,0,0,0,1,11.101609095931053
read_version_filter,1,11,2,0,0,,,,0,0,0,1,1,1,11.68598048388958
read_version_filter,1,24,2,1,0,,,,0,0,0,0,0,1,11.60208135843277
read_version_filter,1,67,2,1,0,,,,0,0,0,0,0,1,10.973545722663403
read_version_filter,1,57,2,0,0,2,,2,0,0,0,0,0,1,19.531361758708954
read_version_filter,1,56,2,0,0,2,,2,0,0,0,0,0,1,29.520568437874317
read_version_filter,1,16,2,0,0,2,2,2,0,0,0,0,0,1,29.926913790404797
read_version_filter,1,85,2,0,0,2,,2,0,0,0,0,0,1,20.29174193739891
read_version_filter,1,114,2,0,0,2,,2,0,0,0,0,0,1,11.858892627060413
read_version_filter,1,127,2,0,0,2,,2,0,0,0,0,0,1,12.048487551510334
read_version_filter,1,11,2,0,0,2,,2,0,0,0,0,0,1,11.888653971254826
read_version_filter,1,4,2,0,0,2,2,2,0,0,0,0,0,1,12.2916828840971
read_version_filter,1,12,2,0,0,2,2,2,0,0,0,0,0,1,11.560562066733837
read_version_filter,1,124,2,1,0,,,,0,0,0,0,0,1,12.533539906144142
read_version_filter,1,124,2,1,0,,,,0,0,0,0,0,1,12.879621237516403
read_version_filter,1,119,2,0,0,2,2,2,0,0,0,0,0,1,17.41706393659115
read_version_filter,1,58,2,1,0,,,,0,0,0,0,0,1,31.226882711052895
read_version_filter,1,0,2,1,0,,,,0,0,0,0,0,1,30.71699198335409
read_version_filter,1,18,2,0,0,2,2,2,0,0,0,0,0,1,30.32233938574791
read_version_filter,1,82,2,0,0,2,2,2,0,0,0,0,0,1,11.984184384346008
read_version_filter,1,82,2,0,0,2,2,2,0,0,0,0,0,1,12.262172065675259
read_version_filter,1,57,2,0,0,2,2,2,0,0,0,0,0,1,11.93951815366745
read_version_filter,1,82,2,0,0,2,2,2,0,0,0,0,0,1,12.124591507017612
read_version_filter,1,11,2,0,0,2,2,2,0,0,0,0,0,1,11.878659017384052
read_version_filter,1,78,2,0,0,2,2,2,0,0,0,0,0,1,11.717278510332108
read_version_filter,1,112,2,0,0,2,2,2,0,0,0,0,0,1,11.331818997859955
read_version_filter,1,80,2,0,0,2,2,2,0,0,0,0,0,1,11.45154144614935
read_version_filter,1,78,2,0,0,2,2,2,0,0,0,0,0,1,12.028646655380726
read_version_filter,1,124,2,1,0,,,,0,0,0,0,0,1,12.287714518606663
read_version_filter,1,114,2,0,0,2,2,2,0,0,0,0,0,1,12.228323146700859
read_version_filter,1,31,2,0,0,2,2,2,0,0,0,0,0,1,12.142491526901722
read_version_filter,1,124,2,1,0,,,,0,0,0,0,0,1,25.057028979063034
read_version_filter,1,127,2,0,0,2,2,2,0,0,0,0,0,1,18.96660216152668
read_version_filter,1,24,2,1,0,,,,0,0,0,0,0,1,28.06016430258751
read_version_filter,1,124,2,1,0,,,,0,0,0,0,0,1,28.93802896142006
read_version_filter,1,4,2,0,0,2,2,2,0,0,0,0,0,1,4.541214555501938
read_version_filter,1,127,2,0,0,2,2,2,0,0,0,0,0,1,14.696989208459854
read_version_filter,1,80,2,0,0,2,2,2,0,0,0,0,0,1,14.75916150957346
read_version_filter,1,115,2,0,0,2,2,2,0,0,0,0,0,1,26.068398728966713
read_version_filter,1,23,2,0,0,2,2,2,0,0,0,0,0,1,13.408929109573364
read_version_filter,1,24,2,1,0,,,,0,0,0,0,0,1,13.185824267566204
read_version_filter,1,98,2,0,0,2,2,2,0,0,0,0,0,1,12.779847718775272
read_version_filter,1,24,2,1,0,,,,0,0,0,0,0,1,12.281861156225204
read_version_filter,1,13,2,0,0,2,2,2,0,0,0,0,0,0,5.3200433030724525
read_version_filter,1,57,2,0,0,2,2,2,0,0,0,0,0,0,12.042311951518059
read_version_filter,1,114,2,0,0,2,2,2,0,0,0,0,0,0,18.447686918079853
read_version_filter,1,118,2,0,0,2,2,2,0,0,0,0,0,0,11.911041103303432
read_version_filter,1,31,2,0,0,2,2,2,0,0,0,0,0,0,11.602502316236496
read_version_filter,1,58,2,1,0,,,,0,0,0,0,0,0,11.922064237296581
read_version_filter,1,58,2,1,0,,,,0,0,0,0,0,0,11.533963494002819
read_version_filter,1,78,2,0,0,2,2,2,0,0,0,0,0,0,11.344147846102715
read_version_filter,1,11,2,0,0,2,2,2,0,0,0,0,0,0,12.029611505568027
read_version_filter,1,31,2,0,0,2,2,2,0,0,0,0,0,0,12.227717787027359
read_version_filter,1,11,2,0,0,2,2,2,0,0,0,0,0,0,12.143095023930073
read_version_filter,1,11,2,0,0,2,2,2,0,0,0,0,0,0,12.190750800073147
read_version_filter,1,119,2,0,0,2,2,2,0,0,0,0,0,0,12.013444676995277
read_version_filter,1,114,2,0,0,2,2,2,0,0,0,0,0,0,11.840932071208954
read_version_filter,1,56,2,0,0,2,2,2,0,0,0,0,0,0,12.397396378219128
read_version_filter,1,90,2,0,0,2,2,2,0,0,0,0,0,0,12.218669056892395
read_version_filter,1,67,2,1,0,,,,0,0,0,0,0,0,11.6743054240942
read_version_filter,1,0,2,1,0,,,,0,0,0,0,0,0,11.839745566248894
read_version_filter,1,127,2,0,0,2,2,2,0,0,0,0,0,0,11.692812666296959
read_version_filter,1,124,2,1,0,,,,0,0,0,0,0,0,11.610199697315693
read_version_filter,1,57,2,0,0,2,2,2,0,0,0,0,0,0,11.548828333616257
read_version_filter,1,119,2,0,0,2,2,2,0,0,0,0,0,0,12.68499530851841
read_version_filter,1,127,2,0,0,2,2,2,0,0,0,0,0,0,12.124731205403805
read_version_filter,1,117,2,0,0,2,2,2,0,0,0,0,0,0,12.723950669169426
read_version_filter,1,11,2,0,0,2,2,2,0,0,0,0,0,0,12.556456960737705
read_version_filter,1,21,2,0,0,2,2,2,0,0,0,0,0,0,12.40537129342556
read_version_filter,1,10,2,0,0,2,2,2,0,0,0,0,0,0,12.070045806467533
read_version_filter,1,112,2,0,0,2,2,2,0,0,0,0,0,0,12.316890060901642
read_version_filter,1,96,2,0,0,2,2,2,0,0,0,0,0,0,11.968922801315784
read_version_filter,1,31,2,0,0,2,2,2,0,0,0,0,0,0,11.979483999311924
read_version_filter,1,127,2,0,0,2,2,2,0,0,0,0,0,0,12.00901810079813
read_version_filter,2,90,1,0,0,1,1,1,0,0,0,0,0,1,3.4485869109630585
read_version_filter,2,112,1,0,0,1,1,1,0,0,0,0,0,1,6.977241486310959
read_version_filter,2,51,1,0,0,1,1,1,0,0,0,0,0,1,10.235650464892387
read_version_filter,2,10,1,0,0,1,1,1,0,0,0,0,0,1,13.495965860784054
read_version_filter,2,17,2,0,0,,,,0,0,0,1,1,1,23.32132402807474
read_version_filter,2,84,1,0,0,1,1,1,0,0,0,0,0,1,23.397324606776237
read_version_filter,2,17,2,0,0,,,,0,0,0,1,1,1,33.62248558551073
read_version_filter,2,19,2,0,0,,,,0,0,0,1,1,1,40.474784560501575
read_version_filter,2,32,2,0,0,,,,0,0,0,1,1,1,11.417878791689873
read_version_filter,2,92,2,0,0,,,,0,0,0,1,1,1,11.235034093260765
read_version_filter,2,115,2,0,0,,,,0,0,0,1,1,1,10.793968103826046
read_version_filter,2,26,1,0,0,1,1,1,0,0,0,0,0,1,11.838111095130444
read_version_filter,2,59,1,0,0,1,1,1,0,0,0,0,0,1,11.356907896697521
read_version_filter,2,0,1,0,0,1,1,1,0,0,0,0,0,1,11.430262587964535
read_version_filter,2,32,2,0,0,,,,0,0,0,1,1,1,11.949697509407997
read_version_filter,2,66,1,0,0,1,1,1,0,0,0,0,0,1,27.8906412422657
read_version_filter,2,38,2,0,0,2,,2,0,0,0,0,0,1,34.02485512197018
read_version_filter,2,42,2,0,0,2,,2,0,0,0,0,0,1,31.303098425269127
read_version_filter,2,16,2,0,0,2,,2,0,0,0,0,0,1,31.527865678071976
read_version_filter,2,87,2,0,0,2,,2,0,0,0,0,0,1,12.006537988781929
read_version_filter,2,30,2,0,0,2,,2,0,0,0,0,0,1,11.842126026749611
read_version_filter,2,49,1,0,0,1,1,1,0,0,0,0,0,1,12.579028494656086
read_version_filter,2,115,2,0,0,2,,2,0,0,0,0,0,1,12.46255449950695
read_version_filter,2,8,1,0,0,1,1,1,0,0,0,0,0,1,12.320848181843758
read_version_filter,2,92,2,0,0,2,,2,0,0,0,0,0,1,11.516142636537552
read_version_filter,2,17,2,0,0,2,,2,0,0,0,0,0,1,11.52103953063488
read_version_filter,2,74,1,0,0,1,1,1,0,0,0,0,0,1,11.64959091693163
read_version_filter,2,115,2,0,0,2,,2,0,0,0,0,0,1,11.27162016928196
read_version_filter,2,86,2,0,0,2,,2,0,0,0,0,0,1,11.810004711151123
read_version_filter,2,42,2,0,0,2,2,2,0,0,0,0,0,1,35.11686343699694
read_version_filter,2,0,1,0,0,1,1,1,0,0,0,0,0,1,28.56526244431734
read_version_filter,2,121,2,1,0,,,,0,0,0,0,0,1,35.01449804753065
read_version_filter,2,32,2,0,0,2,2,2,0,0,0,0,0,1,42.49031189829111
read_version_filter,2,75,1,0,0,1,1,1,0,0,0,0,0,1,13.048074208199978
read_version_filter,2,22,2,0,0,2,2,2,0,0,0,0,0,1,15.002726577222347
read_version_filter,2,118,1,0,0,1,1,1,0,0,0,0,0,1,15.086892992258072
read_version_filter,2,86,2,0,0,2,2,2,0,0,0,0,0,1,13.685470446944237
read_version_filter,2,69,2,0,0,2,2,2,0,0,0,0,0,1,13.700926676392555
read_version_filter,2,17,2,0,0,2,2,2,0,0,0,0,0,1,12.260165996849537
read_version_filter,2,30,2,0,0,2,2,2,0,0,0,0,0,1,12.173783034086227
read_version_filter,2,42,2,0,0,2,2,2,0,0,0,0,0,1,12.219512835144997
read_version_filter,2,17,2,0,0,2,2,2,0,0,0,0,0,1,15.20274206995964
read_version_filter,2,22,2,0,0,2,2,2,0,0,0,0,0,1,28.603455051779747
read_version_filter,2,6,1,0,0,1,1,1,0,0,0,0,0,1,28.78575585782528
read_version_filter,2,122,1,0,0,1,1,1,0,0,0,0,0,1,28.172504156827927
read_version_filter,2,22,2,0,0,2,2,2,0,0,0,0,0,1,11.535604484379292
read_version_filter,2,115,2,0,0,2,2,2,0,0,0,0,0,1,11.498846113681793
read_version_filter,2,27,2,1,0,,,,0,0,0,0,0,1,11.698950082063675
read_version_filter,2,30,2,0,0,2,2,2,0,0,0,0,0,1,11.407772079110146
read_version_filter,2,27,2,1,0,,,,0,0,0,0,0,1,11.649603955447674
read_version_filter,2,85,1,0,0,1,1,1,0,0,0,0,0,1,11.052966117858887
read_version_filter,2,22,2,0,0,2,2,2,0,0,0,0,0,1,11.535939760506153
read_version_filter,2,19,2,0,0,2,2,2,0,0,0,0,0,1,11.014151386916637
read_version_filter,2,92,2,0,0,2,2,2,0,0,0,0,0,1,11.485004797577858
read_version_filter,2,30,2,0,0,2,2,2,0,0,0,0,0,1,11.175437830388546
read_version_filter,2,87,2,0,0,2,2,2,0,0,0,0,0,1,11.714846827089787
read_version_filter,2,87,2,0,0,2,2,2,0,0,0,0,0,0,5.56519441306591
read_version_filter,2,19,2,0,0,2,2,2,0,0,0,0,0,0,15.362108126282692
read_version_filter,2,49,1,0,0,1,1,1,0,0,0,0,0,0,16.092111356556416
read_version_filter,2,33,1,0,0,1,1,1,0,0,0,0,0,0,12.904895469546318
read_version_filter,2,56,2,0,0,2,2,2,0,0,0,0,0,1,12.944737449288368
read_version_filter,2,30,2,0,0,2,2,2,0,0,0,0,0,1,12.282964773476124
read_version_filter,2,30,2,0,0,2,2,2,0,0,0,0,0,1,11.69593445956707
read_version_filter,2,35,2,0,0,,,,0,0,0,1,1,1,14.657564461231232
read_version_filter,2,71,1,0,0,1,1,1,0,0,0,0,0,1,21.2155869230628
read_version_filter,2,57,2,0,0,,,,0,0,0,1,1,1,17.498230561614037
read_version_filter,2,18,2,0,0,,,,0,0,0,1,1,1,31.01600706577301
read_version_filter,2,104,2,0,0,,,,0,0,0,1,1,1,11.452702805399895
read_version_filter,2,57,2,0,0,,,,0,0,0,1,1,1,11.50491088628769
read_version_filter,2,96,2,0,0,,,,0,0,0,1,1,1,11.46085374057293
read_version_filter,2,57,2,0,0,,,,0,0,0,1,1,1,11.140469461679459
read_version_filter,2,57,2,0,0,,,,0,0,0,1,1,1,11.245762929320335
read_version_filter,2,108,1,0,0,1,1,1,0,0,0,0,0,1,11.387842707335949
read_version_filter,2,83,2,0,0,,,,0,0,0,1,1,1,11.384000070393085
read_version_filter,2,112,2,0,0,,,,0,0,0,1,1,1,11.41811441630125
read_version_filter,2,93,2,0,0,,,,0,0,0,1,1,1,11.41406875103712
read_version_filter,2,35,2,0,0,,,,0,0,0,1,1,1,11.061321943998337
read_version_filter,2,76,2,0,0,2,,2,0,0,0,0,0,1,27.41119544953108
read_version_filter,2,23,2,0,0,2,,2,0,0,0,0,0,1,26.76406968384981
read_version_filter,2,1,1,0,0,1,1,1,0,0,0,0,0,1,27.210731990635395
read_version_filter,2,79,2,0,0,2,,2,0,0,0,0,0,1,20.692190155386925
read_version_filter,2,104,2,0,0,2,,2,0,0,0,0,0,1,12.057706713676453
read_version_filter,2,96,2,0,0,2,,2,0,0,0,0,0,1,12.04278040677309
read_version_filter,2,74,2,0,0,2,,2,0,0,0,0,0,1,12.498731724917889
read_version_filter,2,79,2,0,0,2,,2,0,0,0,0,0,1,11.848521418869495
read_version_filter,2,48,1,0,0,1,1,1,0,0,0,0,0,1,11.660472489893436
read_version_filter,2,59,1,0,0,1,1,1,0,0,0,0,0,1,11.80817000567913
read_version_filter,2,57,2,0,0,2,,2,0,0,0,0,0,1,11.903748847544193
read_version_filter,2,88,2,0,0,2,,2,0,0,0,0,0,1,12.104214169085026
read_version_filter,2,39,2,1,0,,,,0,0,0,0,0,1,12.208114378154278
read_version_filter,2,18,2,0,0,2,2,2,0,0,0,0,0,1,22.157425992190838
read_version_filter,2,18,2,0,0,2,2,2,0,0,0,0,0,1,21.959977224469185
read_version_filter,2,76,2,0,0,2,2,2,0,0,0,0,0,1,32.09762740880251
read_version_filter,2,76,2,0,0,2,2,2,0,0,0,0,0,1,11.358803138136864
read_version_filter,2,112,2,0,0,2,2,2,0,0,0,0,0,1,11.585185304284096
read_version_filter,2,57,2,0,0,2,2,2,0,0,0,0,0,1,11.564033105969429
read_version_filter,2,74,2,0,0,2,2,2,0,0,0,0,0,1,11.086734011769295
read_version_filter,2,28,1,0,0,1,1,1,0,0,0,0,0,1,11.181121692061424
read_version_filter,2,57,2,0,0,2,2,2,0,0,0,0,0,1,11.674933135509491
read_version_filter,2,77,1,0,0,1,1,1,0,0,0,0,0,1,11.158671230077744
read_version_filter,2,111,2,1,0,,,,0,0,0,0,0,1,11.441976763308048
read_version_filter,2,93,2,0,0,2,2,2,0,0,0,0,0,1,11.268382892012596
read_version_filter,2,35,2,0,0,2,2,2,0,0,0,0,0,1,11.61425095051527
read_version_filter,2,91,1,0,0,1,1,1,0,0,0,0,0,1,11.864477768540382
read_version_filter,2,39,2,1,0,,,,0,0,0,0,0,1,18.75004917383194
read_version_filter,2,76,2,0,0,2,2,2,0,0,0,0,0,1,25.71029867976904
read_version_filter,2,74,2,0,0,2,2,2,0,0,0,0,0,1,32.11222402751446
read_version_filter,2,111,2,1,0,,,,0,0,0,0,0,1,25.87144449353218
read_version_filter,2,30,2,0,0,2,2,2,0,0,0,0,0,1,11.556156910955906
read_version_filter,2,112,2,0,0,2,2,2,0,0,0,0,0,1,11.217202991247177
read_version_filter,2,112,2,0,0,2,2,2,0,0,0,0,0,1,11.05350162833929
read_version_filter,2,76,2,0,0,2,2,2,0,0,0,0,0,1,11.500861495733261
read_version_filter,2,47,1,0,0,1,1,1,0,0,0,0,0,1,11.629833839833736
read_version_filter,2,103,2,0,0,2,2,2,0,0,0,0,0,1,10.982358828186989
read_version_filter,2,57,2,0,0,2,2,2,0,0,0,0,0,1,11.650816537439823
read_version_filter,2,103,2,0,0,2,2,2,0,0,0,0,0,1,12.265647761523724
read_version_filter,2,102,1,0,0,1,1,1,0,0,0,0,0,0,8.744393475353718
read_version_filter,2,23,2,0,0,2,2,2,0,0,0,0,0,0,8.934488520026207
read_version_filter,2,96,2,0,0,2,2,2,0,0,0,0,0,0,18.5783663764596
read_version_filter,2,83,2,0,0,2,2,2,0,0,0,0,0,0,11.723693460226059
read_version_filter,2,76,2,0,0,2,2,2,0,0,0,0,0,1,11.682563461363316
read_version_filter,2,104,2,0,0,2,2,2,0,0,0,0,0,1,11.764655821025372
read_version_filter,2,88,2,0,0,2,2,2,0,0,0,0,0,1,11.439519934356213
read_version_filter,2,112,2,0,0,2,2,2,0,0,0,0,0,1,11.825725436210632
read_version_filter,2,38,2,0,0,2,2,2,0,0,0,0,0,1,12.28807121515274
read_version_filter,2,85,2,0,0,,,,0,0,0,1,1,1,25.17326921224594
read_version_filter,2,28,2,1,0,,,,0,0,0,0,0,1,24.50084686279297
read_version_filter,2,81,2,0,0,,,,0,0,0,1,1,1,24.47434887290001
read_version_filter,2,6,2,0,0,,,,0,0,0,1,1,1,11.438904330134392
read_version_filter,2,10,2,0,0,,,,0,0,0,1,1,1,10.97087748348713
read_version_filter,2,105,1,0,0,1,1,1,0,0,0,0,0,1,11.673842556774616
read_version_filter,2,113,2,0,0,,,,0,0,0,1,1,1,11.84026524424553
read_version_filter,2,113,2,0,0,,,,0,0,0,1,1,1,12.396077625453472
read_version_filter,2,67,2,0,0,,,,0,0,0,1,1,1,11.891059577465057
read_version_filter,2,28,2,1,0,,,,0,0,0,0,0,1,11.806178838014603
read_version_filter,2,67,2,0,0,,,,0,0,0,1,1,1,11.934847570955753
read_version_filter,2,82,2,0,0,,,,0,0,0,1,1,1,10.764370672404766
read_version_filter,2,91,2,0,0,,,,0,0,0,1,1,1,11.350663378834724
read_version_filter,2,13,1,0,0,1,1,1,0,0,0,0,0,1,11.272449046373367
read_version_filter,2,100,1,0,0,1,1,1,0,0,0,0,0,1,11.186319403350353
read_version_filter,2,28,2,1,0,,,,0,0,0,0,0,1,19.78590525686741
read_version_filter,2,10,2,0,0,2,,2,0,0,0,0,0,1,26.79424174129963
read_version_filter,2,119,2,1,0,,,,0,0,0,0,0,1,32.39677753299475
read_version_filter,2,53,1,0,0,1,1,1,0,0,0,0,0,1,19.71275731921196
read_version_filter,2,91,2,0,0,2,,2,0,0,0,0,0,1,11.324442923069
read_version_filter,2,103,2,0,0,2,2,2,0,0,0,0,0,1,11.750936508178711
read_version_filter,2,124,1,0,0,1,1,1,0,0,0,0,0,1,12.108126655220985
read_version_filter,2,106,2,0,0,2,,2,0,0,0,0,0,1,11.372114531695843
read_version_filter,2,46,2,0,0,2,,2,0,0,0,0,0,1,11.347014456987381
read_version_filter,2,12,1,0,0,1,1,1,0,0,0,0,0,1,11.154642328619957
read_version_filter,2,6,2,0,0,2,,2,0,0,0,0,0,1,11.365849524736404
read_version_filter,2,6,2,0,0,2,,2,0,0,0,0,0,1,11.277806013822556
read_version_filter,2,6,2,0,0,2,2,2,0,0,0,0,0,1,18.76221504062414
read_version_filter,2,91,2,0,0,2,2,2,0,0,0,0,0,1,16.420625150203705
read_version_filter,2,71,2,0,0,2,2,2,0,0,0,0,0,1,22.60817401111126
read_version_filter,2,113,2,0,0,2,2,2,0,0,0,0,0,1,32.565632835030556
read_version_filter,2,60,1,0,0,1,1,1,0,0,0,0,0,1,13.5060865432024
read_version_filter,2,105,1,0,0,1,1,1,0,0,0,0,0,1,12.36401591449976
read_version_filter,2,10,2,0,0,2,2,2,0,0,0,0,0,1,12.018644250929356
read_version_filter,2,71,2,0,0,2,2,2,0,0,0,0,0,1,11.58847939223051
read_version_filter,2,81,2,0,0,2,2,2,0,0,0,0,0,1,12.166301719844341
read_version_filter,2,75,1,0,0,1,1,1,0,0,0,0,0,1,12.434796430170536
read_version_filter,2,4,2,0,0,2,2,2,0,0,0,0,0,1,11.956787668168545
read_version_filter,2,81,2,0,0,2,2,2,0,0,0,0,0,1,12.30896357446909
read_version_filter,2,47,2,0,0,2,2,2,0,0,0,0,0,1,12.592452578246593
read_version_filter,2,81,2,0,0,2,2,2,0,0,0,0,0,1,12.377163395285606
read_version_filter,2,119,2,1,0,,,,0,0,0,0,0,1,18.543866463005543
read_version_filter,2,28,2,1,0,,,,0,0,0,0,0,1,28.815023601055145
read_version_filter,2,60,1,0,0,1,1,1,0,0,0,0,0,1,28.1435064971447
read_version_filter,2,67,2,0,0,2,2,2,0,0,0,0,0,1,25.64701810479164
read_version_filter,2,71,2,0,0,2,2,2,0,0,0,0,0,1,12.146162800490856
read_version_filter,2,43,1,0,0,1,1,1,0,0,0,0,0,1,12.628505937755108
read_version_filter,2,47,2,0,0,2,2,2,0,0,0,0,0,1,12.298434972763062
read_version_filter,2,10,2,0,0,2,2,2,0,0,0,0,0,1,12.218214571475983
read_version_filter,2,28,2,1,0,,,,0,0,0,0,0,1,11.813545599579811
read_version_filter,2,67,2,0,0,2,2,2,0,0,0,0,0,1,11.583448387682438
read_version_filter,2,6,2,0,0,2,2,2,0,0,0,0,0,1,11.238925158977509
read_version_filter,2,113,2,0,0,2,2,2,0,0,0,0,0,1,11.922958306968212
read_version_filter,2,121,2,1,0,,,,0,0,0,0,0,1,11.854421347379684
read_version_filter,2,5,2,0,0,2,2,2,0,0,0,0,0,1,11.947209015488625
read_version_filter,2,119,2,1,0,,,,0,0,0,0,0,1,12.172254733741283
read_version_filter,2,6,2,0,0,2,2,2,0,0,0,0,0,0,13.140926137566566
read_version_filter,2,88,2,0,0,2,2,2,0,0,0,0,0,0,4.144299775362015
read_version_filter,2,4,2,0,0,2,2,2,0,0,0,0,0,0,14.9299968034029
read_version_filter,2,63,1,0,0,1,1,1,0,0,0,0,0,1,22.22093939781189
read_version_filter,2,67,2,0,0,2,2,2,0,0,0,0,0,1,13.267658650875092
read_version_filter,2,42,2,0,0,2,2,2,0,0,0,0,0,1,12.759735807776451
read_version_filter,2,93,2,0,0,2,2,2,0,0,0,0,0,1,12.360070832073689
read_version_filter,2,33,2,0,0,,,,0,0,0,1,1,1,21.720890887081623
read_version_filter,2,121,2,1,0,,,,0,0,0,0,0,1,21.46860584616661
read_version_filter,2,26,2,0,0,,,,0,0,0,1,1,1,17.822567373514175
read_version_filter,2,61,2,0,0,,,,0,0,0,1,1,1,24.008127860724926
read_version_filter,2,108,2,0,0,,,,0,0,0,1,1,1,10.899003595113754
read_version_filter,2,10,2,0,0,2,2,2,0,0,0,0,0,1,10.740818455815315
read_version_filter,2,61,2,0,0,,,,0,0,0,1,1,1,11.078746989369392
read_version_filter,2,108,2,0,0,,,,0,0,0,1,1,1,11.172300204634666
read_version_filter,2,61,2,0,0,,,,0,0,0,1,1,1,11.314304545521736
read_version_filter,2,121,2,1,0,,,,0,0,0,0,0,1,11.051141656935215
read_version_filter,2,107,1,0,0,1,1,1,0,0,0,0,0,1,11.269929818809032
read_version_filter,2,74,2,0,0,2,2,2,0,0,0,0,0,1,11.245273053646088
read_version_filter,2,80,2,0,0,,,,0,0,0,1,1,1,11.210369877517223
read_version_filter,2,118,2,0,0,,,,0,0,0,1,1,1,11.237149126827717
read_version_filter,2,59,2,0,0,,,,0,0,0,1,1,1,11.426352895796299
read_version_filter,2,124,2,1,0,,,,0,0,0,0,0,1,11.790412478148937
read_version_filter,2,3,2,0,0,2,,2,0,0,0,0,0,1,18.35072971880436
read_version_filter,2,118,2,0,0,2,,2,0,0,0,0,0,1,30.928832478821278
read_version_filter,2,8,2,0,0,2,,2,0,0,0,0,0,1,30.68259172141552
read_version_filter,2,57,2,0,0,2,2,2,0,0,0,0,0,1,31.098433770239353
read_version_filter,2,21,2,0,0,2,,2,0,0,0,0,0,1,11.900240555405617
read_version_filter,2,61,2,0,0,2,,2,0,0,0,0,0,1,11.655420996248722
read_version_filter,2,61,2,0,0,2,,2,0,0,0,0,0,1,11.805118061602116
read_version_filter,2,118,2,0,0,2,,2,0,0,0,0,0,1,11.727320961654186
read_version_filter,2,13,2,1,0,,,,0,0,0,0,0,1,11.793481186032295
read_version_filter,2,3,2,0,0,2,,2,0,0,0,0,0,1,11.502071283757687
read_version_filter,2,40,1,0,0,1,1,1,0,0,0,0,0,1,11.260716244578362
read_version_filter,2,13,2,1,0,,,,0,0,0,0,0,1,11.177197098731995
read_version_filter,2,117,1,0,0,1,1,1,0,0,0,0,0,1,11.392160318791866
read_version_filter,2,80,2,0,0,2,,2,0,0,0,0,0,1,11.295103468000889
read_version_filter,2,34,1,0,0,1,1,1,0,0,0,0,0,1,11.738255620002747
read_version_filter,2,122,2,0,0,2,2,2,0,0,0,0,0,1,11.570161208510399
read_version_filter,2,44,2,0,0,2,2,2,0,0,0,0,0,1,18.748290836811066
read_version_filter,2,13,2,1,0,,,,0,0,0,0,0,1,25.184204801917076
read_version_filter,2,61,2,0,0,2,2,2,0,0,0,0,0,1,31.751634553074837
read_version_filter,2,13,2,1,0,,,,0,0,0,0,0,1,11.520377360284328
read_version_filter,2,61,2,0,0,2,2,2,0,0,0,0,0,1,11.427515186369419
read_version_filter,2,62,2,1,0,,,,0,0,0,0,0,1,11.478510685265064
read_version_filter,2,78,2,0,0,2,2,2,0,0,0,0,0,1,11.378306895494461
read_version_filter,2,78,2,0,0,2,2,2,0,0,0,0,0,1,11.593754403293133
read_version_filter,2,61,2,0,0,2,2,2,0,0,0,0,0,1,11.546161025762558
read_version_filter,2,59,2,0,0,2,2,2,0,0,0,0,0,1,11.355516500771046
read_version_filter,2,13,2,1,0,,,,0,0,0,0,0,1,11.775899678468704
read_version_filter,2,122,2,0,0,2,2,2,0,0,0,0,0,1,15.431184321641922
read_version_filter,2,30,2,0,0,2,2,2,0,0,0,0,0,1,22.659207694232464
read_version_filter,2,61,2,0,0,2,2,2,0,0,0,0,0,1,32.29675628244877
read_version_filter,2,59,2,0,0,2,2,2,0,0,0,0,0,1,33.175041899085045
read_version_filter,2,61,2,0,0,2,2,2,0,0,0,0,0,1,12.691959738731384
read_version_filter,2,78,2,0,0,2,2,2,0,0,0,0,0,1,12.647485360503197
read_version_filter,2,13,2,1,0,,,,0,0,0,0,0,1,11.685921810567379
read_version_filter,2,1,1,0,0,1,1,1,0,0,0,0,0,1,12.104973196983337
read_version_filter,2,13,2,1,0,,,,0,0,0,0,0,1,11.776565574109554
read_version_filter,2,49,1,0,0,1,1,1,0,0,0,0,0,1,11.447890661656857
read_version_filter,2,21,2,0,0,2,2,2,0,0,0,0,0,1,11.841336265206337
read_version_filter,2,27,2,1,0,,,,0,0,0,0,0,1,11.894479393959045
read_version_filter,2,33,2,0,0,2,2,2,0,0,0,0,0,0,8.111807517707348
read_version_filter,2,33,2,0,0,2,2,2,0,0,0,0,0,0,8.386681787669659
read_version_filter,2,7,1,0,0,1,1,1,0,0,0,0,0,0,18.102088011801243
read_version_filter,2,3,2,0,0,2,2,2,0,0,0,0,0,0,11.779961176216602
read_version_filter,2,80,2,0,0,2,2,2,0,0,0,0,0,1,11.349942535161972
read_version_filter,2,61,2,0,0,2,2,2,0,0,0,0,0,1,12.142212130129337
read_version_filter,2,122,2,0,0,2,2,2,0,0,0,0,0,1,12.226937338709831
read_version_filter,2,50,1,0,0,1,1,1,0,0,0,0,0,1,12.052591890096664
read_version_filter,2,2,2,0,0,,,,0,0,0,1,1,1,17.967691645026207
read_version_filter,2,40,2,0,0,,,,0,0,0,1,1,1,28.486378490924835
read_version_filter,2,77,2,0,0,,,,0,0,0,1,1,1,21.6376893222332
read_version_filter,2,90,1,0,0,1,1,1,0,0,0,0,0,1,31.923728063702583
read_version_filter,2,37,2,1,0,,,,0,0,0,0,0,1,12.743617407977581
read_version_filter,2,114,2,0,0,,,,0,0,0,1,1,1,12.145123444497585
read_version_filter,2,102,2,0,0,,,,0,0,0,1,1,1,11.839281767606735
read_version_filter,2,77,2,0,0,,,,0,0,0,1,1,1,11.801821179687977
read_version_filter,2,77,2,0,0,,,,0,0,0,1,1,1,11.851503513753414
read_version_filter,2,73,2,1,0,,,,0,0,0,0,0,1,11.559848673641682
read_version_filter,2,40,2,0,0,,,,0,0,0,1,1,1,11.609178967773914
read_version_filter,2,54,2,0,0,,,,0,0,0,1,1,1,11.309408582746983
read_version_filter,2,32,2,0,0,2,2,2,0,0,0,0,0,1,11.63982879370451
read_version_filter,2,77,2,0,0,,,,0,0,0,1,1,1,11.069041676819324
read_version_filter,2,37,2,1,0,,,,0,0,0,0,0,1,11.301498860120773
read_version_filter,2,15,2,0,0,2,,2,0,0,0,0,0,1,25.057326070964336
read_version_filter,2,114,2,0,0,2,,2,0,0,0,0,0,1,21.921259351074696
read_version_filter,2,1,2,0,0,2,,2,0,0,0,0,0,1,22.799136117100716
read_version_filter,2,101,2,1,0,,,,0,0,0,0,0,1,31.117470934987068
read_version_filter,2,107,1,0,0,1,1,1,0,0,0,0,0,1,11.30639761686325
read_version_filter,2,114,2,0,0,2,,2,0,0,0,0,0,1,11.535744182765484
read_version_filter,2,114,2,0,0,2,,2,0,0,0,0,0,1,11.524775996804237
read_version_filter,2,1,2,0,0,2,,2,0,0,0,0,0,1,11.56261470168829
read_version_filter,2,114,2,0,0,2,,2,0,0,0,0,0,1,11.289587244391441
read_version_filter,2,95,2,1,0,,,,0,0,0,0,0,1,11.782006360590458
read_version_filter,2,54,2,0,0,2,,2,0,0,0,0,0,1,11.72154676169157
read_version_filter,2,15,2,0,0,2,,2,0,0,0,0,0,1,12.0170246809721
read_version_filter,2,0,2,0,0,2,,2,0,0,0,0,0,1,11.81186456233263
read_version_filter,2,95,2,1,0,,,,0,0,0,0,0,1,12.225761078298092
read_version_filter,2,40,2,0,0,2,,2,0,0,0,0,0,1,12.43414357304573
read_version_filter,2,120,2,0,0,2,2,2,0,0,0,0,0,1,15.260457992553711
read_version_filter,2,37,2,1,0,,,,0,0,0,0,0,1,25.400223210453987
read_version_filter,2,54,2,0,0,2,2,2,0,0,0,0,0,1,25.613742880523205
read_version_filter,2,101,2,1,0,,,,0,0,0,0,0,1,22.313514724373817
read_version_filter,2,36,2,0,0,2,2,2,0,0,0,0,0,1,10.736149735748768
read_version_filter,2,54,2,0,0,2,2,2,0,0,0,0,0,1,11.162249371409416
read_version_filter,2,40,2,0,0,2,2,2,0,0,0,0,0,1,11.525426991283894
read_version_filter,2,95,2,1,0,,,,0,0,0,0,0,1,10.993514209985733
read_version_filter,2,38,2,0,0,2,2,2,0,0,0,0,0,1,11.332904919981956
read_version_filter,2,77,2,0,0,2,2,2,0,0,0,0,0,1,12.161409482359886
read_version_filter,2,40,2,0,0,2,2,2,0,0,0,0,0,1,12.035801075398922
read_version_filter,2,100,1,0,0,1,1,1,0,0,0,0,0,1,12.353423982858658
read_version_filter,2,114,2,0,0,2,2,2,0,0,0,0,0,1,12.026932090520859
read_version_filter,2,2,2,0,0,2,2,2,0,0,0,0,0,1,11.239219456911087
read_version_filter,2,41,1,0,0,1,1,1,0,0,0,0,0,1,11.56164612621069
read_version_filter,2,95,2,1,0,,,,0,0,0,0,0,1,11.59878820180893
read_version_filter,2,52,1,0,0,1,1,1,0,0,0,0,0,1,18.48424132913351
read_version_filter,2,1,2,0,0,2,2,2,0,0,0,0,0,1,24.86217673867941
read_version_filter,2,95,2,1,0,,,,0,0,0,0,0,1,21.759161725640297
read_version_filter,2,101,2,1,0,,,,0,0,0,0,0,1,34.55351572483778
read_version_filter,2,95,2,1,0,,,,0,0,0,0,0,1,11.36680692434311
read_version_filter,2,94,1,0,0,1,1,1,0,0,0,0,0,1,11.388004757463932
read_version_filter,2,54,2,0,0,2,2,2,0,0,0,0,0,1,4.099695011973381
read_version_filter,2,2,2,0,0,2,2,2,0,0,0,0,0,1,14.770710840821266
read_version_filter,2,0,2,0,0,2,2,2,0,0,0,0,0,1,15.085815452039242
read_version_filter,2,81,2,0,0,2,2,2,0,0,0,0,0,1,25.09093191474676
read_version_filter,2,1,2,0,0,2,2,2,0,0,0,0,0,1,12.407463975250721
read_version_filter,2,44,2,0,0,2,2,2,0,0,0,0,0,1,12.175698764622211
read_version_filter,2,114,2,0,0,2,2,2,0,0,0,0,0,1,12.274149805307388
read_version_filter,2,101,2,1,0,,,,0,0,0,0,0,1,12.160119600594044
read_version_filter,2,77,2,0,0,2,2,2,0,0,0,0,0,1,11.725311167538166
read_version_filter,2,56,2,0,0,2,2,2,0,0,0,0,0,0,11.943151243031025
read_version_filter,2,88,2,0,0,2,2,2,0,0,0,0,0,0,8.768074214458466
read_version_filter,2,1,2,0,0,2,2,2,0,0,0,0,0,0,15.63943363726139
read_version_filter,2,1,2,0,0,2,2,2,0,0,0,0,0,0,12.298541143536568
read_version_filter,2,54,2,0,0,2,2,2,0,0,0,0,0,1,12.117112055420876
read_version_filter,2,120,2,0,0,2,2,2,0,0,0,0,0,1,12.356095016002655
read_version_filter,2,16,2,0,0,2,2,2,0,0,0,0,0,1,12.375770136713982
read_version_filter,2,64,2,0,0,,,,0,0,0,1,1,1,18.651853315532207
read_version_filter,2,56,2,0,0,2,2,2,0,0,0,0,0,1,25.646137073636055
read_version_filter,2,24,2,1,0,,,,0,0,0,0,0,1,21.734443493187428
read_version_filter,2,11,1,0,0,1,1,1,0,0,0,0,0,1,22.17380702495575
read_version_filter,2,55,2,0,0,,,,0,0,0,1,1,1,11.635870672762394
read_version_filter,2,107,2,0,0,,,,0,0,0,1,1,1,11.5165701135993
read_version_filter,2,119,2,1,0,,,,0,0,0,0,0,1,11.635198257863522
read_version_filter,2,64,2,0,0,,,,0,0,0,1,1,1,11.770918034017086
read_version_filter,2,55,2,0,0,,,,0,0,0,1,1,1,11.17813028395176
read_version_filter,2,64,2,0,0,,,,0,0,0,1,1,1,12.090050615370274
read_version_filter,2,52,2,1,0,,,,0,0,0,0,0,1,12.177231721580029
read_version_filter,2,110,2,0,0,,,,0,0,0,1,1,1,11.753174476325512
read_version_filter,2,107,2,0,0,2,,2,0,0,0,0,0,1,22.36852888017893
read_version_filter,2,45,2,0,0,2,,2,0,0,0,0,0,1,29.78769037872553
read_version_filter,2,29,2,0,0,2,,2,0,0,0,0,0,1,25.560282170772552
read_version_filter,2,107,2,0,0,2,,2,0,0,0,0,0,1,21.22284844517708
read_version_filter,2,25,2,0,0,2,,2,0,0,0,0,0,1,11.569835245609283
read_version_filter,2,94,2,0,0,2,,2,0,0,0,0,0,1,11.520709842443466
read_version_filter,2,113,2,0,0,2,2,2,0,0,0,0,0,1,11.631734669208527
read_version_filter,2,64,2,0,0,2,,2,0,0,0,0,0,1,11.573783122003078
read_version_filter,2,28,2,1,0,,,,0,0,0,0,0,1,11.508630588650703
read_version_filter,2,71,2,0,0,2,2,2,0,0,0,0,0,1,12.08711601793766
read_version_filter,2,15,2,0,0,2,2,2,0,0,0,0,0,1,12.00160477310419
read_version_filter,2,75,2,1,0,,,,0,0,0,0,0,1,10.95412578433752
read_version_filter,2,45,2,0,0,2,,2,0,0,0,0,0,1,11.820451356470585
read_version_filter,2,81,2,0,0,2,2,2,0,0,0,0,0,1,12.068672105669975
read_version_filter,2,45,2,0,0,2,,2,0,0,0,0,0,1,12.265153229236603
read_version_filter,2,117,1,0,0,1,1,1,0,0,0,0,0,1,12.550520710647106
read_version_filter,2,58,2,0,0,2,2,2,0,0,0,0,0,1,18.394002690911293
read_version_filter,2,110,2,0,0,2,2,2,0,0,0,0,0,1,18.38915515691042
read_version_filter,2,25,2,0,0,2,2,2,0,0,0,0,0,1,18.782823346555233
read_version_filter,2,16,2,0,0,2,2,2,0,0,0,0,0,1,32.44834113866091
read_version_filter,2,98,2,0,0,2,2,2,0,0,0,0,0,1,12.416284531354904
read_version_filter,2,55,2,0,0,2,2,2,0,0,0,0,0,1,12.15455587953329
read_version_filter,2,107,2,0,0,2,2,2,0,0,0,0,0,1,12.264006771147251
read_version_filter,2,90,1,0,0,1,1,1,0,0,0,0,0,1,11.859757825732231
read_version_filter,2,94,2,0,0,2,2,2,0,0,0,0,0,1,11.630421504378319
read_version_filter,2,107,2,0,0,2,2,2,0,0,0,0,0,1,11.992125771939754
read_version_filter,2,56,2,0,0,2,2,2,0,0,0,0,0,1,12.098249979317188
read_version_filter,2,55,2,0,0,2,2,2,0,0,0,0,0,1,21.79086208343506
read_version_filter,2,45,2,0,0,2,2,2,0,0,0,0,0,1,17.943164333701134
read_version_filter,2,52,2,1,0,,,,0,0,0,0,0,1,24.88233707845211
read_version_filter,2,14,1,0,0,1,1,1,0,0,0,0,0,1,35.25308147072792
read_version_filter,2,52,2,1,0,,,,0,0,0,0,0,1,11.17067039012909
read_version_filter,2,45,2,0,0,2,2,2,0,0,0,0,0,1,10.681028477847576
read_version_filter,2,45,2,0,0,2,2,2,0,0,0,0,0,1,11.51900365948677
read_version_filter,2,107,2,0,0,2,2,2,0,0,0,0,0,1,11.33239921182394
read_version_filter,2,29,2,0,0,2,2,2,0,0,0,0,0,1,11.720406822860241
read_version_filter,2,119,2,1,0,,,,0,0,0,0,0,1,11.199979111552238
read_version_filter,2,55,2,0,0,2,2,2,0,0,0,0,0,1,10.943221859633923
read_version_filter,2,52,2,1,0,,,,0,0,0,0,0,1,10.807428508996964
read_version_filter,2,25,2,0,0,2,2,2,0,0,0,0,0,0,5.263948813080788
read_version_filter,2,64,2,0,0,2,2,2,0,0,0,0,0,0,15.044684521853924
read_version_filter,2,97,2,0,0,2,2,2,0,0,0,0,0,0,14.69089463353157
read_version_filter,2,109,1,0,0,1,1,1,0,0,0,0,0,0,11.802302673459053
read_version_filter,2,58,2,0,0,2,2,2,0,0,0,0,0,1,12.075196951627731
read_version_filter,2,107,2,0,0,2,2,2,0,0,0,0,0,1,11.254931800067425
read_version_filter,2,126,2,0,0,2,2,2,0,0,0,0,0,1,11.775565333664417
read_version_filter,2,109,1,0,0,1,1,1,0,0,0,0,0,1,12.149338610470295
read_version_filter,2,53,2,0,0,,,,0,0,0,1,1,1,12.422644533216953
read_version_filter,2,63,2,1,0,,,,0,0,0,0,0,1,21.996003575623035
read_version_filter,2,68,2,1,0,,,,0,0,0,0,0,1,28.29354628920555
read_version_filter,2,84,2,1,0,,,,0,0,0,0,0,1,24.653746746480465
read_version_filter,2,84,2,1,0,,,,0,0,0,0,0,1,11.390933766961098
read_version_filter,2,84,2,1,0,,,,0,0,0,0,0,1,11.284386739134789
read_version_filter,2,51,2,0,0,,,,0,0,0,1,1,1,11.023169383406639
read_version_filter,2,100,2,0,0,,,,0,0,0,1,1,1,10.435926727950573
read_version_filter,2,123,2,0,0,,,,0,0,0,1,1,1,10.903785936534405
read_version_filter,2,100,2,0,0,,,,0,0,0,1,1,1,11.23254094272852
read_version_filter,2,41,2,1,0,,,,0,0,0,0,0,1,11.418948881328106
read_version_filter,2,70,2,0,0,,,,0,0,0,1,1,1,11.265374720096588
read_version_filter,2,63,2,1,0,,,,0,0,0,0,0,1,11.38242892920971
read_version_filter,2,19,2,0,0,2,2,2,0,0,0,0,0,1,11.84909325093031
read_version_filter,2,99,2,0,0,,,,0,0,0,1,1,1,11.455563828349113
read_version_filter,2,51,2,0,0,,,,0,0,0,1,1,1,12.045267969369888
read_version_filter,2,5,2,0,0,2,2,2,0,0,0,0,0,1,19.705520942807198
read_version_filter,2,90,1,0,0,1,1,1,0,0,0,0,0,1,28.98217923939228
read_version_filter,2,68,2,1,0,,,,0,0,0,0,0,1,29.56877462565899
read_version_filter,2,53,2,0,0,2,,2,0,0,0,0,0,1,21.5536467730999
read_version_filter,2,63,2,1,0,,,,0,0,0,0,0,1,11.643379926681519
read_version_filter,2,89,1,0,0,1,1,1,0,0,0,0,0,1,11.492290534079075
read_version_filter,2,123,2,0,0,2,,2,0,0,0,0,0,1,11.611544527113438
read_version_filter,2,30,2,0,0,2,2,2,0,0,0,0,0,1,11.946240440011024
read_version_filter,2,43,1,0,0,1,1,1,0,0,0,0,0,1,12.371617369353771
read_version_filter,2,50,1,0,0,1,1,1,0,0,0,0,0,1,11.836395598948002
read_version_filter,2,51,2,0,0,2,,2,0,0,0,0,0,1,12.80261855572462
read_version_filter,2,70,2,0,0,2,,2,0,0,0,0,0,1,12.31976319104433
read_version_filter,2,100,2,0,0,2,2,2,0,0,0,0,0,1,18.76904722303152
read_version_filter,2,100,2,0,0,2,2,2,0,0,0,0,0,1,18.26651021838188
read_version_filter,2,7,2,0,0,2,2,2,0,0,0,0,0,1,28.551009483635426
read_version_filter,2,84,2,1,0,,,,0,0,0,0,0,1,22.00236078351736
read_version_filter,2,100,2,0,0,2,2,2,0,0,0,0,0,1,11.1162718385458
read_version_filter,2,123,2,0,0,2,2,2,0,0,0,0,0,1,12.017441913485527
read_version_filter,2,100,2,0,0,2,2,2,0,0,0,0,0,1,11.41152810305357
read_version_filter,2,70,2,0,0,2,2,2,0,0,0,0,0,1,11.885229498147964
read_version_filter,2,51,2,0,0,2,2,2,0,0,0,0,0,1,11.466693133115768
read_version_filter,2,19,2,0,0,2,2,2,0,0,0,0,0,1,11.813300661742687
read_version_filter,2,123,2,0,0,2,2,2,0,0,0,0,0,1,11.948983184993267
read_version_filter,2,60,2,0,0,2,2,2,0,0,0,0,0,1,11.866274289786816
read_version_filter,2,16,2,0,0,2,2,2,0,0,0,0,0,1,12.094918638467789
read_version_filter,2,51,2,0,0,2,2,2,0,0,0,0,0,1,21.2330874055624
read_version_filter,2,41,2,1,0,,,,0,0,0,0,0,1,27.895580977201462
read_version_filter,2,84,2,1,0,,,,0,0,0,0,0,1,23.635616526007652
read_version_filter,2,60,2,0,0,2,2,2,0,0,0,0,0,1,24.472523480653763
read_version_filter,2,70,2,0,0,2,2,2,0,0,0,0,0,1,10.734065435826778
read_version_filter,2,61,2,0,0,2,2,2,0,0,0,0,0,1,11.177850887179375
read_version_filter,2,123,2,0,0,2,2,2,0,0,0,0,0,1,11.229012161493301
read_version_filter,2,34,2,0,0,2,2,2,0,0,0,0,0,1,13.146121054887772
read_version_filter,2,68,2,1,0,,,,0,0,0,0,0,1,13.666636310517788
read_version_filter,2,53,2,0,0,2,2,2,0,0,0,0,0,1,13.957704417407513
read_version_filter,2,96,2,0,0,2,2,2,0,0,0,0,0,1,10.753286071121693
read_version_filter,2,125,2,0,0,2,2,2,0,0,0,0,0,0,9.358671493828297
read_version_filter,2,41,2,1,0,,,,0,0,0,0,0,0,16.327795572578907
read_version_filter,2,99,2,0,0,2,2,2,0,0,0,0,0,0,12.820368632674217
read_version_filter,2,68,2,1,0,,,,0,0,0,0,0,0,13.0044836550951
read_version_filter,2,49,1,0,0,1,1,1,0,0,0,0,0,1,12.687616981565952
read_version_filter,2,60,2,0,0,2,2,2,0,0,0,0,0,1,12.966646812856197
read_version_filter,2,70,2,0,0,2,2,2,0,0,0,0,0,1,12.868798337876797
read_version_filter,2,24,2,1,0,,,,0,0,0,0,0,1,15.414992347359657
read_version_filter,2,9,2,0,0,,,,0,0,0,1,1,1,25.640076026320457
read_version_filter,2,9,2,0,0,,,,0,0,0,1,1,1,25.873761624097824
read_version_filter,2,66,2,1,0,,,,0,0,0,0,0,1,21.566168405115604
read_version_filter,2,31,2,0,0,,,,0,0,0,1,1,1,11.682461947202682
read_version_filter,2,12,2,0,0,,,,0,0,0,1,1,1,12.050502933561802
read_version_filter,2,116,2,0,0,,,,0,0,0,1,1,1,11.802070774137974
read_version_filter,2,74,2,0,0,2,2,2,0,0,0,0,0,1,3.934074193239212
read_version_filter,2,14,2,1,0,,,,0,0,0,0,0,1,13.926669955253601
read_version_filter,2,31,2,0,0,,,,0,0,0,1,1,1,14.110791496932507
read_version_filter,2,31,2,0,0,,,,0,0,0,1,1,1,24.419748224318027
read_version_filter,2,14,2,1,0,,,,0,0,0,0,0,1,12.845485471189022
read_version_filter,2,26,2,0,0,2,2,2,0,0,0,0,0,1,12.662996537983418
read_version_filter,2,105,2,0,0,,,,0,0,0,1,1,1,13.267415575683117
read_version_filter,2,65,2,0,0,,,,0,0,0,1,1,1,13.125943019986153
read_version_filter,2,42,2,0,0,2,2,2,0,0,0,0,0,1,13.155786320567131
read_version_filter,2,105,2,0,0,2,,2,0,0,0,0,0,1,27.938537299633026
read_version_filter,2,90,2,0,0,2,,2,0,0,0,0,0,1,26.995464228093624
read_version_filter,2,9,2,0,0,2,,2,0,0,0,0,0,1,26.542515493929386
read_version_filter,2,117,2,1,0,,,,0,0,0,0,0,1,22.009472362697124
read_version_filter,2,20,2,1,0,,,,0,0,0,0,0,1,11.5513289347291
read_version_filter,2,22,2,0,0,2,2,2,0,0,0,0,0,1,11.599265970289707
read_version_filter,2,50,2,0,0,2,,2,0,0,0,0,0,1,11.84013020247221
read_version_filter,2,56,2,0,0,2,2,2,0,0,0,0,0,1,11.674818582832813
read_version_filter,2,20,2,1,0,,,,0,0,0,0,0,1,11.574759148061275
read_version_filter,2,122,2,0,0,2,2,2,0,0,0,0,0,1,11.641351506114006
read_version_filter,2,9,2,0,0,2,,2,0,0,0,0,0,1,11.999893002212048
read_version_filter,2,112,2,0,0,2,2,2,0,0,0,0,0,1,12.011473998427391
read_version_filter,2,74,2,0,0,2,2,2,0,0,0,0,0,1,12.3599236831069
read_version_filter,2,12,2,0,0,2,2,2,0,0,0,0,0,1,21.734084002673626
read_version_filter,2,20,2,1,0,,,,0,0,0,0,0,1,22.349204868078232
read_version_filter,2,65,2,0,0,2,2,2,0,0,0,0,0,1,35.18169093877077
read_version_filter,2,52,2,1,0,,,,0,0,0,0,0,1,34.52284913510084
read_version_filter,2,9,2,0,0,2,2,2,0,0,0,0,0,1,11.393849737942219
read_version_filter,2,12,2,0,0,2,2,2,0,0,0,0,0,1,12.081918306648731
read_version_filter,2,31,2,0,0,2,2,2,0,0,0,0,0,1,12.417755089700222
read_version_filter,2,105,2,0,0,2,2,2,0,0,0,0,0,1,12.86082062870264
read_version_filter,2,74,2,0,0,2,2,2,0,0,0,0,0,1,12.514534406363964
read_version_filter,2,68,2,1,0,,,,0,0,0,0,0,1,12.34861183911562
read_version_filter,2,43,2,0,0,2,2,2,0,0,0,0,0,1,12.150557711720467
read_version_filter,2,110,2,0,0,2,2,2,0,0,0,0,0,1,36.924309097230434
read_version_filter,2,50,2,0,0,2,2,2,0,0,0,0,0,1,33.37156493216753
read_version_filter,2,9,2,0,0,2,2,2,0,0,0,0,0,1,39.53124117106199
read_version_filter,2,14,2,1,0,,,,0,0,0,0,0,1,36.557373590767384
read_version_filter,2,12,2,0,0,2,2,2,0,0,0,0,0,1,11.573243886232376
read_version_filter,2,31,2,0,0,2,2,2,0,0,0,0,0,1,11.318332515656948
read_version_filter,2,14,2,1,0,,,,0,0,0,0,0,1,11.02155540138483
read_version_filter,2,38,2,0,0,2,2,2,0,0,0,0,0,1,11.509458534419537
read_version_filter,2,20,2,1,0,,,,0,0,0,0,0,1,11.378239840269089
read_version_filter,2,49,2,0,0,2,2,2,0,0,0,0,0,1,11.575168929994106
read_version_filter,2,31,2,0,0,2,2,2,0,0,0,0,0,1,11.75427995622158
read_version_filter,2,43,2,0,0,2,2,2,0,0,0,0,0,1,11.878917925059795
read_version_filter,2,72,2,0,0,2,2,2,0,0,0,0,0,1,11.454740539193153
read_version_filter,2,11,2,0,0,2,2,2,0,0,0,0,0,1,12.116728350520134
read_version_filter,2,127,2,1,0,,,,0,0,0,0,0,1,11.74810715019703
read_version_filter,2,105,2,0,0,2,2,2,0,0,0,0,0,0,12.129106558859348
read_version_filter,2,49,2,0,0,2,2,2,0,0,0,0,0,0,8.266436867415905
read_version_filter,2,89,2,0,0,2,2,2,0,0,0,0,0,0,15.91067761182785
read_version_filter,2,14,2,1,0,,,,0,0,0,0,0,0,12.350868433713913
read_version_filter,2,33,2,0,0,2,2,2,0,0,0,0,0,0,11.91803626716137
read_version_filter,2,126,2,0,0,2,2,2,0,0,0,0,0,0,11.590919457376003
read_version_filter,2,57,2,0,0,2,2,2,0,0,0,0,0,0,11.354553513228893
read_version_filter,2,43,2,0,0,2,2,2,0,0,0,0,0,0,11.45241130143404
read_version_filter,2,49,2,0,0,2,2,2,0,0,0,0,0,0,10.870344005525112
read_version_filter,2,52,2,1,0,,,,0,0,0,0,0,0,11.371285654604435
read_version_filter,2,54,2,0,0,2,2,2,0,0,0,0,0,0,11.437071487307549
read_version_filter,2,127,2,1,0,,,,0,0,0,0,0,0,11.597222648561
read_version_filter,2,63,2,1,0,,,,0,0,0,0,0,0,11.53868343681097
read_version_filter,2,50,2,0,0,2,2,2,0,0,0,0,0,0,11.270229704678059
read_version_filter,2,117,2,1,0,,,,0,0,0,0,0,0,11.298010125756264
read_version_filter,2,74,2,0,0,2,2,2,0,0,0,0,0,0,11.569700203835964
read_version_filter,2,67,2,0,0,2,2,2,0,0,0,0,0,0,11.662042699754238
read_version_filter,2,117,2,1,0,,,,0,0,0,0,0,0,11.951242573559284
read_version_filter,2,9,2,0,0,2,2,2,0,0,0,0,0,0,11.935961432754993
read_version_filter,2,116,2,0,0,2,2,2,0,0,0,0,0,0,11.962312273681164
read_version_filter,2,20,2,1,0,,,,0,0,0,0,0,0,11.683134362101555
read_version_filter,2,9,2,0,0,2,2,2,0,0,0,0,0,0,11.301489546895027
read_version_filter,2,49,2,0,0,2,2,2,0,0,0,0,0,0,10.858271270990372
read_version_filter,2,31,2,0,0,2,2,2,0,0,0,0,0,0,11.411072686314583
read_version_filter,2,43,2,0,0,2,2,2,0,0,0,0,0,0,11.500452645123005
read_version_filter,2,11,2,0,0,2,2,2,0,0,0,0,0,0,11.310115456581116
read_version_filter,2,5,2,0,0,2,2,2,0,0,0,0,0,0,11.522278189659119
read_version_filter,2,65,2,0,0,2,2,2,0,0,0,0,0,0,11.299239471554756
read_version_filter,2,105,2,0,0,2,2,2,0,0,0,0,0,0,11.606020852923393
read_version_filter,2,36,2,0,0,2,2,2,0,0,0,0,0,0,11.674690060317516
read_version_filter,2,89,2,0,0,2,2,2,0,0,0,0,0,0,11.61894854158163
read_version_filter,2,14,2,1,0,,,,0,0,0,0,0,0,11.488251388072968
read_version_filter,3,97,1,0,0,1,1,1,0,0,0,0,0,1,3.8569429889321327
read_version_filter,3,115,1,0,0,1,1,1,0,0,0,0,0,1,7.830334827303886
read_version_filter,3,125,1,0,0,1,1,1,0,0,0,0,0,1,11.350255459547043
read_version_filter,3,44,1,0,0,1,1,1,0,0,0,0,0,1,15.086380764842033
read_version_filter,3,98,1,0,0,1,1,1,0,0,0,0,0,1,26.39112714678049
read_version_filter,3,104,2,0,0,,,,0,0,0,1,1,1,26.637614704668522
read_version_filter,3,86,2,0,0,,,,0,0,0,1,1,1,37.54585329443216
read_version_filter,3,120,1,0,0,1,1,1,0,0,0,0,0,1,29.602503404021263
read_version_filter,3,102,2,0,0,,,,0,0,0,1,1,1,11.741789057850838
read_version_filter,3,24,1,0,0,1,1,1,0,0,0,0,0,1,11.789142154157162
read_version_filter,3,13,2,0,0,,,,0,0,0,1,1,1,12.177309021353722
read_version_filter,3,4,2,0,0,,,,0,0,0,1,1,1,12.426436878740788
read_version_filter,3,46,2,0,0,,,,0,0,0,1,1,1,13.209073804318905
read_version_filter,3,0,2,0,0,,,,0,0,0,1,1,1,12.553155422210693
read_version_filter,3,54,2,0,0,,,,0,0,0,1,1,1,12.60965596884489
read_version_filter,3,83,1,0,0,1,1,1,0,0,0,0,0,1,12.582749128341675
read_version_filter,3,10,2,0,0,,,,0,0,0,1,1,1,12.316497974097729
read_version_filter,3,81,2,0,0,,,,0,0,0,1,1,1,12.133443728089333
read_version_filter,3,4,2,0,0,,,,0,0,0,1,1,1,11.93071436136961
read_version_filter,3,54,2,0,0,,,,0,0,0,1,1,1,11.75128947943449
read_version_filter,3,67,1,0,0,1,1,1,0,0,0,0,0,1,30.691124498844147
read_version_filter,3,77,1,0,0,1,1,1,0,0,0,0,0,1,30.969195999205112
read_version_filter,3,85,2,0,0,2,,2,0,0,0,0,0,1,22.960230708122253
read_version_filter,3,86,2,0,0,2,,2,0,0,0,0,0,1,34.11924373358488
read_version_filter,3,108,1,0,0,1,1,1,0,0,0,0,0,1,11.845561675727367
read_version_filter,3,102,2,0,0,2,,2,0,0,0,0,0,1,12.150827795267105
read_version_filter,3,57,1,0,0,1,1,1,0,0,0,0,0,1,13.267271220684052
read_version_filter,3,26,2,0,0,2,,2,0,0,0,0,0,1,13.307210989296436
read_version_filter,3,81,2,0,0,2,,2,0,0,0,0,0,1,12.426317669451237
read_version_filter,3,102,2,0,0,2,,2,0,0,0,0,0,1,12.650283053517342
read_version_filter,3,0,2,0,0,2,,2,0,0,0,0,0,1,11.777007952332497
read_version_filter,3,79,2,1,0,,,,0,0,0,0,0,1,11.807447299361229
read_version_filter,3,4,2,0,0,2,,2,0,0,0,0,0,1,11.709270067512989
read_version_filter,3,127,1,0,0,1,1,1,0,0,0,0,0,1,23.660398088395596
read_version_filter,3,22,1,0,0,1,1,1,0,0,0,0,0,1,35.41195951402187
read_version_filter,3,109,1,0,0,1,1,1,0,0,0,0,0,1,32.78696443885565
read_version_filter,3,68,2,1,0,,,,0,0,0,0,0,1,39.82388321310282
read_version_filter,3,85,2,0,0,2,2,2,0,0,0,0,0,1,12.11907621473074
read_version_filter,3,4,2,0,0,2,2,2,0,0,0,0,0,1,12.679687701165676
read_version_filter,3,54,2,0,0,2,2,2,0,0,0,0,0,1,12.322834692895412
read_version_filter,3,86,2,0,0,2,2,2,0,0,0,0,0,1,12.302118353545666
read_version_filter,3,19,1,0,0,1,1,1,0,0,0,0,0,1,12.66021654009819
read_version_filter,3,86,2,0,0,2,2,2,0,0,0,0,0,1,12.527949176728725
read_version_filter,3,33,2,0,0,2,2,2,0,0,0,0,0,1,11.961206793785095
read_version_filter,3,4,2,0,0,2,2,2,0,0,0,0,0,1,11.395086534321308
read_version_filter,3,21,1,0,0,1,1,1,0,0,0,0,0,1,11.19349803775549
read_version_filter,3,4,2,0,0,2,2,2,0,0,0,0,0,1,11.763757094740868
read_version_filter,3,105,1,0,0,1,1,1,0,0,0,0,0,1,12.392908334732056
read_version_filter,3,99,1,0,0,1,1,1,0,0,0,0,0,1,12.42225244641304
read_version_filter,3,0,2,0,0,2,2,2,0,0,0,0,0,1,23.214098066091537
read_version_filter,3,25,1,0,0,1,1,1,0,0,0,0,0,1,22.75350410491228
read_version_filter,3,104,2,0,0,2,2,2,0,0,0,0,0,1,33.17178413271904
read_version_filter,3,4,2,0,0,2,2,2,0,0,0,0,0,1,25.757585652172565
read_version_filter,3,72,2,0,0,2,2,2,0,0,0,0,0,1,11.747692711651325
read_version_filter,3,110,1,0,0,1,1,1,0,0,0,0,0,1,10.768516920506954
read_version_filter,3,54,2,0,0,2,2,2,0,0,0,0,0,1,11.351397261023521
read_version_filter,3,85,2,0,0,2,2,2,0,0,0,0,0,1,11.501407250761986
read_version_filter,3,79,2,1,0,,,,0,0,0,0,0,1,11.640315875411034
read_version_filter,3,33,2,0,0,2,2,2,0,0,0,0,0,1,11.744333431124687
read_version_filter,3,10,2,0,0,2,2,2,0,0,0,0,0,1,11.120554991066456
read_version_filter,3,104,2,0,0,2,2,2,0,0,0,0,0,0,5.1772743463516235
read_version_filter,3,54,2,0,0,2,2,2,0,0,0,0,0,0,14.98212106525898
read_version_filter,3,86,2,0,0,2,2,2,0,0,0,0,0,0,15.116056427359581
read_version_filter,3,10,2,0,0,2,2,2,0,0,0,0,0,0,11.383181437849998
read_version_filter,3,85,2,0,0,2,2,2,0,0,0,0,0,1,11.612407863140106
read_version_filter,3,68,2,1,0,,,,0,0,0,0,0,1,11.200186796486378
read_version_filter,3,38,1,0,0,1,1,1,0,0,0,0,0,1,10.950745083391666
read_version_filter,3,26,2,0,0,2,2,2,0,0,0,0,0,1,11.306900531053543
read_version_filter,3,94,2,0,0,,,,0,0,0,1,1,1,12.04719953238964
read_version_filter,3,127,1,0,0,1,1,1,0,0,0,0,0,1,21.89687080681324
read_version_filter,3,109,2,0,0,,,,0,0,0,1,1,1,21.540924906730652
read_version_filter,3,61,2,0,0,,,,0,0,0,1,1,1,31.27290401607752
read_version_filter,3,79,2,1,0,,,,0,0,0,0,0,1,11.629032902419567
read_version_filter,3,7,2,0,0,,,,0,0,0,1,1,1,11.717005632817745
read_version_filter,3,125,1,0,0,1,1,1,0,0,0,0,0,1,11.46683283150196
read_version_filter,3,63,1,0,0,1,1,1,0,0,0,0,0,1,11.417892761528492
read_version_filter,3,119,1,0,0,1,1,1,0,0,0,0,0,1,11.490576900541782
read_version_filter,3,69,2,0,0,,,,0,0,0,1,1,1,11.67333498597145
read_version_filter,3,121,2,0,0,,,,0,0,0,1,1,1,11.731932871043682
read_version_filter,3,41,1,0,0,1,1,1,0,0,0,0,0,1,12.098168954253197
read_version_filter,3,69,2,0,0,,,,0,0,0,1,1,1,12.130377814173698
read_version_filter,3,109,2,0,0,,,,0,0,0,1,1,1,11.569174937903881
read_version_filter,3,7,2,0,0,,,,0,0,0,1,1,1,11.735735461115837
read_version_filter,3,109,2,0,0,2,,2,0,0,0,0,0,1,20.149611867964268
read_version_filter,3,120,2,1,0,,,,0,0,0,0,0,1,26.58301591873169
read_version_filter,3,7,2,0,0,2,,2,0,0,0,0,0,1,23.924749344587326
read_version_filter,3,15,2,0,0,2,,2,0,0,0,0,0,1,36.6976223886013
read_version_filter,3,109,2,0,0,2,,2,0,0,0,0,0,1,11.901609599590302
read_version_filter,3,81,2,0,0,2,2,2,0,0,0,0,0,1,11.651016771793365
read_version_filter,3,95,2,0,0,2,,2,0,0,0,0,0,1,11.899366043508053
read_version_filter,3,109,2,0,0,2,,2,0,0,0,0,0,1,11.651528999209404
read_version_filter,3,78,2,0,0,2,,2,0,0,0,0,0,1,11.9538689032197
read_version_filter,3,36,2,1,0,,,,0,0,0,0,0,1,12.064991518855095
read_version_filter,3,94,2,0,0,2,,2,0,0,0,0,0,1,11.944960802793503
read_version_filter,3,109,2,0,0,2,2,2,0,0,0,0,0,1,19.903959706425667
read_version_filter,3,69,2,0,0,2,2,2,0,0,0,0,0,1,29.689433053135872
read_version_filter,3,106,2,0,0,2,2,2,0,0,0,0,0,1,23.67087360471487
read_version_filter,3,106,2,0,0,2,2,2,0,0,0,0,0,1,33.892711624503136
read_version_filter,3,120,2,1,0,,,,0,0,0,0,0,1,12.597236782312393
read_version_filter,3,74,2,0,0,2,2,2,0,0,0,0,0,1,12.360237538814545
read_version_filter,3,64,1,0,0,1,1,1,0,0,0,0,0,1,12.123210355639458
read_version_filter,3,61,2,0,0,2,2,2,0,0,0,0,0,1,11.830678209662437
read_version_filter,3,58,2,0,0,2,2,2,0,0,0,0,0,1,11.756682768464088
read_version_filter,3,25,2,0,0,2,2,2,0,0,0,0,0,1,11.656803078949451
read_version_filter,3,52,1,0,0,1,1,1,0,0,0,0,0,1,11.838365346193314
read_version_filter,3,7,2,0,0,2,2,2,0,0,0,0,0,1,12.152240611612797
read_version_filter,3,25,2,0,0,2,2,2,0,0,0,0,0,1,14.696327969431877
read_version_filter,3,106,2,0,0,2,2,2,0,0,0,0,0,1,28.7335067987442
read_version_filter,3,25,2,0,0,2,2,2,0,0,0,0,0,1,28.843059204518795
read_version_filter,3,41,1,0,0,1,1,1,0,0,0,0,0,1,28.73254381120205
read_version_filter,3,120,2,1,0,,,,0,0,0,0,0,1,11.807044968008995
read_version_filter,3,69,2,0,0,2,2,2,0,0,0,0,0,1,13.058003969490528
read_version_filter,3,110,1,0,0,1,1,1,0,0,0,0,0,1,12.119118124246597
read_version_filter,3,9,1,0,0,1,1,1,0,0,0,0,0,1,12.01793272048235
read_version_filter,3,15,2,0,0,2,2,2,0,0,0,0,0,1,11.942639946937561
read_version_filter,3,36,2,1,0,,,,0,0,0,0,0,1,12.739953584969044
read_version_filter,3,95,2,0,0,2,2,2,0,0,0,0,0,1,13.10916431248188
read_version_filter,3,61,2,0,0,2,2,2,0,0,0,0,0,1,13.255270197987556
read_version_filter,3,8,1,0,0,1,1,1,0,0,0,0,0,1,13.192767277359962
read_version_filter,3,61,2,0,0,2,2,2,0,0,0,0,0,0,5.831441842019558
read_version_filter,3,69,2,0,0,2,2,2,0,0,0,0,0,0,13.015350326895714
read_version_filter,3,120,2,1,0,,,,0,0,0,0,0,0,20.18716372549534
read_version_filter,3,120,2,1,0,,,,0,0,0,0,0,0,12.292696163058281
read_version_filter,3,105,1,0,0,1,1,1,0,0,0,0,0,1,12.10405956953764
read_version_filter,3,8,1,0,0,1,1,1,0,0,0,0,0,1,12.03038077801466
read_version_filter,3,95,2,0,0,2,2,2,0,0,0,0,0,1,12.122999876737595
read_version_filter,3,89,2,0,0,2,2,2,0,0,0,0,0,1,12.431605719029903
read_version_filter,3,9,1,0,0,1,1,1,0,0,0,0,0,1,15.809125266969204
read_version_filter,3,76,2,0,0,,,,0,0,0,1,1,1,25.820694863796234
read_version_filter,3,73,2,0,0,,,,0,0,0,1,1,1,18.218875862658024
read_version_filter,3,73,2,0,0,,,,0,0,0,1,1,1,28.726767748594284
read_version_filter,3,75,2,0,0,,,,0,0,0,1,1,1,11.295963078737259
read_version_filter,3,41,2,1,0,,,,0,0,0,0,0,1,11.372828856110573
read_version_filter,3,75,2,0,0,,,,0,0,0,1,1,1,11.46289985626936
read_version_filter,3,22,2,0,0,,,,0,0,0,1,1,1,11.49152684956789
read_version_filter,3,88,2,0,0,,,,0,0,0,1,1,1,11.47440541535616
read_version_filter,3,76,2,0,0,,,,0,0,0,1,1,1,11.833672411739826
read_version_filter,3,88,2,0,0,,,,0,0,0,1,1,1,11.529766954481602
read_version_filter,3,24,1,0,0,1,1,1,0,0,0,0,0,1,11.663339100778103
read_version_filter,3,18,2,0,0,,,,0,0,0,1,1,1,11.120293289422989
read_version_filter,3,18,2,0,0,,,,0,0,0,1,1,1,10.86445339024067
read_version_filter,3,65,2,1,0,,,,0,0,0,0,0,1,11.328472755849361
read_version_filter,3,114,1,0,0,1,1,1,0,0,0,0,0,1,11.480698361992836
read_version_filter,3,127,2,0,0,,,,0,0,0,1,1,1,11.528047733008862
read_version_filter,3,41,2,1,0,,,,0,0,0,0,0,1,10.952773503959179
read_version_filter,3,65,2,1,0,,,,0,0,0,0,0,1,27.90468279272318
read_version_filter,3,75,2,0,0,2,,2,0,0,0,0,0,1,27.998085133731365
read_version_filter,3,42,1,0,0,1,1,1,0,0,0,0,0,1,37.37762290984392
read_version_filter,3,127,2,0,0,2,,2,0,0,0,0,0,1,12.140938080847263
read_version_filter,3,18,2,0,0,2,,2,0,0,0,0,0,1,11.636471375823021
read_version_filter,3,100,2,0,0,2,,2,0,0,0,0,0,1,11.80996187031269
read_version_filter,3,110,1,0,0,1,1,1,0,0,0,0,0,1,11.16202026605606
read_version_filter,3,3,2,0,0,2,,2,0,0,0,0,0,1,11.738712899386883
read_version_filter,3,75,2,0,0,2,,2,0,0,0,0,0,1,11.878550052642822
read_version_filter,3,18,2,0,0,2,2,2,0,0,0,0,0,1,18.72611604630947
read_version_filter,3,15,2,0,0,2,2,2,0,0,0,0,0,1,16.46972168236971
read_version_filter,3,103,2,0,0,2,2,2,0,0,0,0,0,1,28.57163641601801
read_version_filter,3,88,2,0,0,2,2,2,0,0,0,0,0,1,25.516154244542122
read_version_filter,3,127,2,0,0,2,2,2,0,0,0,0,0,1,11.439201422035694
read_version_filter,3,75,2,0,0,2,2,2,0,0,0,0,0,1,11.862131766974926
read_version_filter,3,22,2,0,0,2,2,2,0,0,0,0,0,1,11.542408727109432
read_version_filter,3,21,2,0,0,2,2,2,0,0,0,0,0,1,11.13156508654356
read_version_filter,3,75,2,0,0,2,2,2,0,0,0,0,0,1,11.495682410895824
read_version_filter,3,18,2,0,0,2,2,2,0,0,0,0,0,1,11.75981666892767
read_version_filter,3,64,2,1,0,,,,0,0,0,0,0,1,12.05933652818203
read_version_filter,3,76,2,0,0,2,2,2,0,0,0,0,0,1,24.835708551108837
read_version_filter,3,57,1,0,0,1,1,1,0,0,0,0,0,1,31.048020347952843
read_version_filter,3,18,2,0,0,2,2,2,0,0,0,0,0,1,38.15954830497503
read_version_filter,3,127,2,0,0,2,2,2,0,0,0,0,0,1,31.818398274481297
read_version_filter,3,103,2,0,0,2,2,2,0,0,0,0,0,1,11.18277758359909
read_version_filter,3,99,1,0,0,1,1,1,0,0,0,0,0,1,11.61512266844511
read_version_filter,3,53,2,0,0,2,2,2,0,0,0,0,0,1,11.489625088870525
read_version_filter,3,103,2,0,0,2,2,2,0,0,0,0,0,1,11.364811100065708
read_version_filter,3,75,2,0,0,2,2,2,0,0,0,0,0,1,11.621320620179176
read_version_filter,3,27,2,0,0,2,2,2,0,0,0,0,0,1,11.754242703318596
read_version_filter,3,75,2,0,0,2,2,2,0,0,0,0,0,1,11.938792653381824
read_version_filter,3,109,2,0,0,2,2,2,0,0,0,0,0,1,11.692924425005913
read_version_filter,3,41,2,1,0,,,,0,0,0,0,0,1,11.213795281946659
read_version_filter,3,41,2,1,0,,,,0,0,0,0,0,1,10.860675945878029
read_version_filter,3,18,2,0,0,2,2,2,0,0,0,0,0,1,11.497740633785725
read_version_filter,3,103,2,0,0,2,2,2,0,0,0,0,0,1,11.098090559244156
read_version_filter,3,74,2,0,0,2,2,2,0,0,0,0,0,0,8.429478853940964
read_version_filter,3,127,2,0,0,2,2,2,0,0,0,0,0,0,8.14538262784481
read_version_filter,3,21,2,0,0,2,2,2,0,0,0,0,0,0,18.681355752050877
read_version_filter,3,21,2,0,0,2,2,2,0,0,0,0,0,0,12.125479057431221
read_version_filter,3,27,2,0,0,2,2,2,0,0,0,0,0,1,12.071258388459682
read_version_filter,3,65,2,1,0,,,,0,0,0,0,0,1,11.885447427630424
read_version_filter,3,32,1,0,0,1,1,1,0,0,0,0,0,1,11.745022609829903
read_version_filter,3,100,2,0,0,2,2,2,0,0,0,0,0,1,11.799156665802002
read_version_filter,3,80,2,0,0,,,,0,0,0,1,1,1,16.190579161047935
read_version_filter,3,86,2,0,0,2,2,2,0,0,0,0,0,1,15.892029739916325
read_version_filter,3,84,2,1,0,,,,0,0,0,0,0,1,28.734653256833553
read_version_filter,3,35,2,0,0,,,,0,0,0,1,1,1,28.98673713207245
read_version_filter,3,114,2,1,0,,,,0,0,0,0,0,1,11.64367888122797
read_version_filter,3,61,2,0,0,2,2,2,0,0,0,0,0,1,11.637311428785324
read_version_filter,3,114,2,1,0,,,,0,0,0,0,0,1,11.780825443565845
read_version_filter,3,52,2,0,0,,,,0,0,0,1,1,1,11.618975549936295
read_version_filter,3,100,2,0,0,2,2,2,0,0,0,0,0,1,11.756458319723606
read_version_filter,3,77,2,0,0,,,,0,0,0,1,1,1,11.593170464038849
read_version_filter,3,24,2,0,0,,,,0,0,0,1,1,1,11.427138932049274
read_version_filter,3,50,2,1,0,,,,0,0,0,0,0,1,11.401222087442875
read_version_filter,3,114,2,1,0,,,,0,0,0,0,0,1,11.316904798150063
read_version_filter,3,77,2,0,0,,,,0,0,0,1,1,1,11.158864013850689
read_version_filter,3,83,2,0,0,,,,0,0,0,1,1,1,11.496614664793015
read_version_filter,3,24,2,0,0,,,,0,0,0,1,1,1,11.623095721006393
read_version_filter,3,50,2,1,0,,,,0,0,0,0,0,1,22.946052253246307
read_version_filter,3,80,2,0,0,2,,2,0,0,0,0,0,1,22.84000813961029
read_version_filter,3,14,1,0,0,1,1,1,0,0,0,0,0,1,23.191803134977818
read_version_filter,3,5,2,1,0,,,,0,0,0,0,0,1,35.411628894507885
read_version_filter,3,59,2,0,0,2,,2,0,0,0,0,0,1,11.396667920053005
read_version_filter,3,37,1,0,0,1,1,1,0,0,0,0,0,1,11.534454300999641
read_version_filter,3,90,2,0,0,2,,2,0,0,0,0,0,1,11.529618874192238
read_version_filter,3,99,1,0,0,1,1,1,0,0,0,0,0,1,11.403349228203297
read_version_filter,3,59,2,0,0,2,,2,0,0,0,0,0,1,11.610769666731358
read_version_filter,3,5,2,1,0,,,,0,0,0,0,0,1,11.174322105944157
read_version_filter,3,110,1,0,0,1,1,1,0,0,0,0,0,1,12.172185815870762
read_version_filter,3,84,2,1,0,,,,0,0,0,0,0,1,4.10120002925396
read_version_filter,3,90,2,0,0,2,,2,0,0,0,0,0,1,14.38898779451847
read_version_filter,3,80,2,0,0,2,,2,0,0,0,0,0,1,14.753592200577259
read_version_filter,3,77,2,0,0,2,2,2,0,0,0,0,0,1,34.46641191840172
read_version_filter,3,77,2,0,0,2,2,2,0,0,0,0,0,1,15.863809734582901
read_version_filter,3,59,2,0,0,2,2,2,0,0,0,0,0,1,25.34551825374365
read_version_filter,3,70,1,0,0,1,1,1,0,0,0,0,0,1,25.48136468976736
read_version_filter,3,101,1,0,0,1,1,1,0,0,0,0,0,1,11.63236889988184
read_version_filter,3,84,2,1,0,,,,0,0,0,0,0,1,11.245102621614933
read_version_filter,3,77,2,0,0,2,2,2,0,0,0,0,0,1,10.922075249254704
read_version_filter,3,24,2,0,0,2,2,2,0,0,0,0,0,1,11.072389781475067
read_version_filter,3,114,2,1,0,,,,0,0,0,0,0,1,11.428049765527248
read_version_filter,3,84,2,1,0,,,,0,0,0,0,0,1,11.214015074074268
read_version_filter,3,5,2,1,0,,,,0,0,0,0,0,1,11.737325228750706
read_version_filter,3,90,2,0,0,2,2,2,0,0,0,0,0,1,12.162704020738602
read_version_filter,3,50,2,1,0,,,,0,0,0,0,0,1,12.27578055113554
read_version_filter,3,28,1,0,0,1,1,1,0,0,0,0,0,1,11.673133820295334
read_version_filter,3,90,2,0,0,2,2,2,0,0,0,0,0,1,12.087873183190823
read_version_filter,3,90,2,0,0,2,2,2,0,0,0,0,0,1,12.209008447825909
read_version_filter,3,84,2,1,0,,,,0,0,0,0,0,1,12.2074531391263
read_version_filter,3,110,1,0,0,1,1,1,0,0,0,0,0,1,15.100252814590931
read_version_filter,3,80,2,0,0,2,2,2,0,0,0,0,0,1,22.284185513854027
read_version_filter,3,5,2,1,0,,,,0,0,0,0,0,1,33.381834626197815
read_version_filter,3,84,2,1,0,,,,0,0,0,0,0,1,32.7030885964632
read_version_filter,3,40,1,0,0,1,1,1,0,0,0,0,0,1,12.83478457480669
read_version_filter,3,50,2,1,0,,,,0,0,0,0,0,1,12.574572116136551
read_version_filter,3,5,2,1,0,,,,0,0,0,0,0,1,11.49735040962696
read_version_filter,3,90,2,0,0,2,2,2,0,0,0,0,0,1,11.901060119271278
read_version_filter,3,125,2,0,0,2,2,2,0,0,0,0,0,1,11.561349034309387
read_version_filter,3,49,1,0,0,1,1,1,0,0,0,0,0,1,11.550618335604668
read_version_filter,3,114,2,1,0,,,,0,0,0,0,0,1,11.36292889714241
read_version_filter,3,83,2,0,0,2,2,2,0,0,0,0,0,1,11.076629161834717
read_version_filter,3,35,2,0,0,2,2,2,0,0,0,0,0,1,11.577325873076916
read_version_filter,3,52,2,0,0,2,2,2,0,0,0,0,0,0,11.400315910577774
read_version_filter,3,79,2,1,0,,,,0,0,0,0,0,0,8.47618468105793
read_version_filter,3,35,2,0,0,2,2,2,0,0,0,0,0,0,14.583639800548553
read_version_filter,3,80,2,0,0,2,2,2,0,0,0,0,0,0,11.203456670045853
read_version_filter,3,50,2,1,0,,,,0,0,0,0,0,1,11.226379312574863
read_version_filter,3,35,2,0,0,2,2,2,0,0,0,0,0,1,11.93459052592516
read_version_filter,3,125,2,0,0,2,2,2,0,0,0,0,0,1,11.752935126423836
read_version_filter,3,83,2,0,0,2,2,2,0,0,0,0,0,1,12.560009025037289
read_version_filter,3,9,2,0,0,,,,0,0,0,1,1,1,18.554940819740295
read_version_filter,3,118,2,0,0,,,,0,0,0,1,1,1,25.26990696787834
read_version_filter,3,65,2,1,0,,,,0,0,0,0,0,1,20.928666926920414
read_version_filter,3,20,2,0,0,,,,0,0,0,1,1,1,21.286689676344395
read_version_filter,3,57,2,0,0,,,,0,0,0,1,1,1,11.637834832072258
read_version_filter,3,1,2,0,0,,,,0,0,0,1,1,1,10.807384736835957
read_version_filter,3,67,1,0,0,1,1,1,0,0,0,0,0,1,11.09214872121811
read_version_filter,3,118,2,0,0,,,,0,0,0,1,1,1,11.388307437300682
read_version_filter,3,4,2,0,0,2,2,2,0,0,0,0,0,1,12.087048962712288
read_version_filter,3,124,1,0,0,1,1,1,0,0,0,0,0,1,12.34553288668394
read_version_filter,3,49,2,1,0,,,,0,0,0,0,0,1,12.249793857336044
read_version_filter,3,116,2,1,0,,,,0,0,0,0,0,1,12.04235665500164
read_version_filter,3,57,2,0,0,,,,0,0,0,1,1,1,11.744407936930656
read_version_filter,3,28,1,0,0,1,1,1,0,0,0,0,0,1,9.783847257494926
read_version_filter,3,9,2,0,0,2,,2,0,0,0,0,0,1,28.849197551608086
read_version_filter,3,48,2,0,0,2,,2,0,0,0,0,0,1,25.579066947102547
read_version_filter,3,5,2,1,0,,,,0,0,0,0,0,1,32.35282190144062
read_version_filter,3,117,2,1,0,,,,0,0,0,0,0,1,11.36754360049963
read_version_filter,3,118,2,0,0,2,,2,0,0,0,0,0,1,11.334343813359737
read_version_filter,3,115,1,0,0,1,1,1,0,0,0,0,0,1,11.89157459884882
read_version_filter,3,48,2,0,0,2,,2,0,0,0,0,0,1,11.883053928613663
read_version_filter,3,66,2,0,0,2,2,2,0,0,0,0,0,1,11.422570794820786
read_version_filter,3,94,2,0,0,2,2,2,0,0,0,0,0,1,11.454334482550621
read_version_filter,3,19,2,0,0,2,,2,0,0,0,0,0,1,11.012780480086803
read_version_filter,3,99,1,0,0,1,1,1,0,0,0,0,0,1,21.97733987122774
read_version_filter,3,49,2,1,0,,,,0,0,0,0,0,1,15.823614783585072
read_version_filter,3,116,2,1,0,,,,0,0,0,0,0,1,25.053848512470722
read_version_filter,3,19,2,0,0,2,2,2,0,0,0,0,0,1,24.790595285594463
read_version_filter,3,9,2,0,0,2,2,2,0,0,0,0,0,1,10.774615220725536
read_version_filter,3,109,2,0,0,2,2,2,0,0,0,0,0,1,10.999497026205063
read_version_filter,3,0,2,0,0,2,2,2,0,0,0,0,0,1,11.412848718464375
read_version_filter,3,11,1,0,0,1,1,1,0,0,0,0,0,1,12.137539684772491
read_version_filter,3,117,2,1,0,,,,0,0,0,0,0,1,12.509031221270561
read_version_filter,3,87,2,1,0,,,,0,0,0,0,0,1,12.358580715954304
read_version_filter,3,98,2,0,0,2,2,2,0,0,0,0,0,1,12.204545550048351
read_version_filter,3,98,2,0,0,2,2,2,0,0,0,0,0,1,11.81946974247694
read_version_filter,3,48,2,0,0,2,2,2,0,0,0,0,0,1,11.585814878344536
read_version_filter,3,70,2,0,0,2,2,2,0,0,0,0,0,1,25.545300915837288
read_version_filter,3,9,2,0,0,2,2,2,0,0,0,0,0,1,22.12634775787592
read_version_filter,3,119,2,0,0,2,2,2,0,0,0,0,0,1,28.745456598699093
read_version_filter,3,32,1,0,0,1,1,1,0,0,0,0,0,1,26.089344173669815
read_version_filter,3,86,2,0,0,2,2,2,0,0,0,0,0,1,11.869213543832302
read_version_filter,3,6,2,0,0,2,2,2,0,0,0,0,0,1,11.949297972023487
read_version_filter,3,107,1,0,0,1,1,1,0,0,0,0,0,1,11.893341317772865
read_version_filter,3,57,2,0,0,2,2,2,0,0,0,0,0,1,11.289848946034908
read_version_filter,3,110,1,0,0,1,1,1,0,0,0,0,0,1,11.546160094439983
read_version_filter,3,51,1,0,0,1,1,1,0,0,0,0,0,1,11.390279978513718
read_version_filter,3,118,2,0,0,2,2,2,0,0,0,0,0,1,11.53881661593914
read_version_filter,3,20,2,0,0,2,2,2,0,0,0,0,0,1,11.660868301987648
read_version_filter,3,49,2,1,0,,,,0,0,0,0,0,1,11.541862040758133
read_version_filter,3,70,2,0,0,2,2,2,0,0,0,0,0,1,11.500946246087551
read_version_filter,3,48,2,0,0,2,2,2,0,0,0,0,0,1,11.91417034715414
read_version_filter,3,49,2,1,0,,,,0,0,0,0,0,1,11.85375452041626
read_version_filter,3,1,2,0,0,2,2,2,0,0,0,0,0,0,11.787022463977337
read_version_filter,3,6,2,0,0,2,2,2,0,0,0,0,0,0,11.677769012749195
read_version_filter,3,69,2,0,0,2,2,2,0,0,0,0,0,0,11.712925508618355
read_version_filter,3,87,2,1,0,,,,0,0,0,0,0,0,11.844122782349586
read_version_filter,3,98,2,0,0,2,2,2,0,0,0,0,0,1,12.048237957060337
read_version_filter,3,20,2,0,0,2,2,2,0,0,0,0,0,1,12.533887289464474
read_version_filter,3,70,2,0,0,2,2,2,0,0,0,0,0,1,12.79616542160511
read_version_filter,3,49,2,1,0,,,,0,0,0,0,0,1,12.827105820178986
read_version_filter,3,37,2,0,0,,,,0,0,0,1,1,1,18.67096871137619
read_version_filter,3,62,2,0,0,2,2,2,0,0,0,0,0,1,14.694910496473312
read_version_filter,3,123,2,1,0,,,,0,0,0,0,0,1,28.470191173255444
read_version_filter,3,82,2,1,0,,,,0,0,0,0,0,1,23.992467671632767
read_version_filter,3,32,2,0,0,,,,0,0,0,1,1,1,10.249345563352108
read_version_filter,3,9,2,0,0,2,2,2,0,0,0,0,0,1,10.915054939687252
read_version_filter,3,100,2,0,0,2,2,2,0,0,0,0,0,1,11.127075180411339
read_version_filter,3,110,2,0,0,,,,0,0,0,1,1,1,11.205591261386871
read_version_filter,3,14,2,0,0,,,,0,0,0,1,1,1,11.958110146224499
read_version_filter,3,111,2,0,0,,,,0,0,0,1,1,1,11.8783013895154
read_version_filter,3,82,2,1,0,,,,0,0,0,0,0,1,11.503200978040695
read_version_filter,3,108,2,0,0,,,,0,0,0,1,1,1,11.59362867474556
read_version_filter,3,38,2,0,0,,,,0,0,0,1,1,1,11.500494554638863
read_version_filter,3,42,2,0,0,,,,0,0,0,1,1,1,11.56627293676138
read_version_filter,3,8,2,0,0,,,,0,0,0,1,1,1,10.72502788156271
read_version_filter,3,111,2,0,0,,,,0,0,0,1,1,1,11.461068876087666
read_version_filter,3,108,2,0,0,,,,0,0,0,1,1,1,11.6621358320117
read_version_filter,3,8,2,0,0,2,,2,0,0,0,0,0,1,11.815864592790604
read_version_filter,3,38,2,0,0,2,,2,0,0,0,0,0,1,29.253852553665638
read_version_filter,3,90,2,0,0,2,2,2,0,0,0,0,0,1,26.11730247735977
read_version_filter,3,43,2,1,0,,,,0,0,0,0,0,1,36.85062285512686
read_version_filter,3,6,2,0,0,2,2,2,0,0,0,0,0,1,15.87010733783245
read_version_filter,3,14,2,0,0,2,,2,0,0,0,0,0,1,15.91807883232832
read_version_filter,3,8,2,0,0,2,,2,0,0,0,0,0,1,12.817383743822575
read_version_filter,3,108,2,0,0,2,,2,0,0,0,0,0,1,12.4212596565485
read_version_filter,3,40,2,0,0,2,,2,0,0,0,0,0,1,12.173764407634735
read_version_filter,3,14,2,0,0,2,,2,0,0,0,0,0,1,12.093127705156803
read_version_filter,3,32,2,0,0,2,,2,0,0,0,0,0,1,11.682901531457901
read_version_filter,3,43,2,1,0,,,,0,0,0,0,0,1,11.404247023165226
read_version_filter,3,43,2,1,0,,,,0,0,0,0,0,1,11.677310802042484
read_version_filter,3,37,2,0,0,2,,2,0,0,0,0,0,1,11.706800200045109
read_version_filter,3,108,2,0,0,2,,2,0,0,0,0,0,1,11.418730951845646
read_version_filter,3,111,2,0,0,2,2,2,0,0,0,0,0,1,18.520232290029526
read_version_filter,3,2,1,0,0,1,1,1,0,0,0,0,0,1,14.559411443769932
read_version_filter,3,51,2,0,0,2,2,2,0,0,0,0,0,1,27.90636569261551
read_version_filter,3,111,2,0,0,2,2,2,0,0,0,0,0,1,24.78148601949215
read_version_filter,3,124,2,0,0,2,2,2,0,0,0,0,0,1,11.43033429980278
read_version_filter,3,42,2,0,0,2,2,2,0,0,0,0,0,1,11.555037461221218
read_version_filter,3,23,2,1,0,,,,0,0,0,0,0,1,11.542148888111115
read_version_filter,3,108,2,0,0,2,2,2,0,0,0,0,0,1,11.605187319219112
read_version_filter,3,34,1,0,0,1,1,1,0,0,0,0,0,1,11.952774599194527
read_version_filter,3,123,2,1,0,,,,0,0,0,0,0,1,11.84848416596651
read_version_filter,3,39,1,0,0,1,1,1,0,0,0,0,0,1,11.072210036218166
read_version_filter,3,82,2,1,0,,,,0,0,0,0,0,1,11.202928610146046
read_version_filter,3,82,2,1,0,,,,0,0,0,0,0,1,11.270145885646343
read_version_filter,3,42,2,0,0,2,2,2,0,0,0,0,0,1,11.552979238331318
read_version_filter,3,37,2,0,0,2,2,2,0,0,0,0,0,1,18.473463132977486
read_version_filter,3,43,2,1,0,,,,0,0,0,0,0,1,25.448364205658436
read_version_filter,3,123,2,1,0,,,,0,0,0,0,0,1,31.940210610628128
read_version_filter,3,23,2,1,0,,,,0,0,0,0,0,1,24.820590391755104
read_version_filter,3,96,1,0,0,1,1,1,0,0,0,0,0,1,11.10758725553751
read_version_filter,3,42,2,0,0,2,2,2,0,0,0,0,0,1,10.748195461928844
read_version_filter,3,38,2,0,0,2,2,2,0,0,0,0,0,1,11.269536800682545
read_version_filter,3,32,2,0,0,2,2,2,0,0,0,0,0,1,11.426273733377457
read_version_filter,3,51,2,0,0,2,2,2,0,0,0,0,0,1,11.20404526591301
read_version_filter,3,38,2,0,0,2,2,2,0,0,0,0,0,1,11.645147576928139
read_version_filter,3,87,2,1,0,,,,0,0,0,0,0,1,11.753210797905922
read_version_filter,3,32,2,0,0,2,2,2,0,0,0,0,0,0,11.905518360435963
read_version_filter,3,125,2,0,0,2,2,2,0,0,0,0,0,0,8.42494610697031
read_version_filter,3,110,2,0,0,2,2,2,0,0,0,0,0,0,15.364263206720352
read_version_filter,3,32,2,0,0,2,2,2,0,0,0,0,0,0,11.341278441250324
read_version_filter,3,33,2,0,0,2,2,2,0,0,0,0,0,1,11.167347431182861
read_version_filter,3,8,2,0,0,2,2,2,0,0,0,0,0,1,10.981676168739796
read_version_filter,3,8,2,0,0,2,2,2,0,0,0,0,0,1,11.468196287751198
read_version_filter,3,41,2,1,0,,,,0,0,0,0,0,1,11.770370416343212
read_version_filter,3,122,2,0,0,,,,0,0,0,1,1,1,15.228314325213432
read_version_filter,3,37,2,0,0,2,2,2,0,0,0,0,0,1,21.59520983695984
read_version_filter,3,56,2,1,0,,,,0,0,0,0,0,1,19.034957513213158
read_version_filter,3,112,2,0,0,,,,0,0,0,1,1,1,31.785760074853897
read_version_filter,3,60,2,1,0,,,,0,0,0,0,0,1,11.531119234859943
read_version_filter,3,11,2,0,0,,,,0,0,0,1,1,1,11.755100451409817
read_version_filter,3,63,2,0,0,,,,0,0,0,1,1,1,11.973734013736248
read_version_filter,3,115,2,0,0,,,,0,0,0,1,1,1,12.05348689109087
read_version_filter,3,69,2,0,0,2,2,2,0,0,0,0,0,1,13.090443797409534
read_version_filter,3,71,2,0,0,,,,0,0,0,1,1,1,12.386883608996868
read_version_filter,3,31,2,0,0,,,,0,0,0,1,1,1,12.027512304484844
read_version_filter,3,56,2,1,0,,,,0,0,0,0,0,1,11.88493799418211
read_version_filter,3,27,2,0,0,2,2,2,0,0,0,0,0,1,11.680150404572487
read_version_filter,3,11,2,0,0,,,,0,0,0,1,1,1,12.041703797876835
read_version_filter,3,2,2,1,0,,,,0,0,0,0,0,1,11.960795149207115
read_version_filter,3,101,2,0,0,,,,0,0,0,1,1,1,12.064709328114986
read_version_filter,3,103,2,0,0,2,2,2,0,0,0,0,0,1,23.5976567491889
read_version_filter,3,92,2,1,0,,,,0,0,0,0,0,1,15.52280317991972
read_version_filter,3,2,2,1,0,,,,0,0,0,0,0,1,33.54751784354448
read_version_filter,3,101,2,0,0,2,,2,0,0,0,0,0,1,29.978650622069836
read_version_filter,3,17,2,0,0,2,,2,0,0,0,0,0,1,11.601036414504051
read_version_filter,3,122,2,0,0,2,,2,0,0,0,0,0,1,11.291779577732086
read_version_filter,3,49,2,1,0,,,,0,0,0,0,0,1,11.48516871035099
read_version_filter,3,17,2,0,0,2,,2,0,0,0,0,0,1,11.481632478535175
read_version_filter,3,122,2,0,0,2,,2,0,0,0,0,0,1,11.588451452553272
read_version_filter,3,56,2,1,0,,,,0,0,0,0,0,1,11.376012116670609
read_version_filter,3,56,2,1,0,,,,0,0,0,0,0,1,11.311277747154236
read_version_filter,3,63,2,0,0,2,,2,0,0,0,0,0,1,11.267334222793579
read_version_filter,3,17,2,0,0,2,,2,0,0,0,0,0,1,11.195399798452854
read_version_filter,3,122,2,0,0,2,,2,0,0,0,0,0,1,11.108048260211945
read_version_filter,3,56,2,1,0,,,,0,0,0,0,0,1,11.035093106329441
read_version_filter,3,60,2,1,0,,,,0,0,0,0,0,1,12.258105911314487
read_version_filter,3,60,2,1,0,,,,0,0,0,0,0,1,15.792052261531353
read_version_filter,3,113,2,0,0,2,2,2,0,0,0,0,0,1,22.8496165946126
read_version_filter,3,2,2,1,0,,,,0,0,0,0,0,1,29.067713767290115
read_version_filter,3,101,2,0,0,2,2,2,0,0,0,0,0,1,22.882431745529175
read_version_filter,3,71,2,0,0,2,2,2,0,0,0,0,0,1,11.695878580212593
read_version_filter,3,11,2,0,0,2,2,2,0,0,0,0,0,1,11.50105893611908
read_version_filter,3,63,2,0,0,2,2,2,0,0,0,0,0,1,11.744718998670578
read_version_filter,3,60,2,1,0,,,,0,0,0,0,0,1,11.266963556408882
read_version_filter,3,55,2,0,0,2,2,2,0,0,0,0,0,1,11.830542236566544
read_version_filter,3,115,2,0,0,2,2,2,0,0,0,0,0,1,11.270488612353802
read_version_filter,3,98,2,0,0,2,2,2,0,0,0,0,0,1,11.301242746412754
read_version_filter,3,60,2,1,0,,,,0,0,0,0,0,1,11.710796505212784
read_version_filter,3,101,2,0,0,2,2,2,0,0,0,0,0,1,18.172694370150566
read_version_filter,3,115,2,0,0,2,2,2,0,0,0,0,0,1,17.803624272346497
read_version_filter,3,31,2,0,0,2,2,2,0,0,0,0,0,1,31.58158529549837
read_version_filter,3,71,2,0,0,2,2,2,0,0,0,0,0,1,31.759222969412804
read_version_filter,3,39,2,0,0,2,2,2,0,0,0,0,0,1,12.104375287890434
read_version_filter,3,115,2,0,0,2,2,2,0,0,0,0,0,1,12.104900553822517
read_version_filter,3,113,2,0,0,2,2,2,0,0,0,0,0,1,11.367326602339745
read_version_filter,3,55,2,0,0,2,2,2,0,0,0,0,0,1,12.154988944530487
read_version_filter,3,55,2,0,0,2,2,2,0,0,0,0,0,1,11.531285010278225
read_version_filter,3,31,2,0,0,2,2,2,0,0,0,0,0,1,12.409417890012264
read_version_filter,3,114,2,1,0,,,,0,0,0,0,0,1,13.012177310883999
read_version_filter,3,17,2,0,0,2,2,2,0,0,0,0,0,1,14.07091785222292
read_version_filter,3,39,2,0,0,2,2,2,0,0,0,0,0,1,14.371736906468868
read_version_filter,3,55,2,0,0,2,2,2,0,0,0,0,0,1,14.078868553042412
read_version_filter,3,122,2,0,0,2,2,2,0,0,0,0,0,0,5.163218826055527
read_version_filter,3,55,2,0,0,2,2,2,0,0,0,0,0,0,16.181115061044693
read_version_filter,3,120,2,1,0,,,,0,0,0,0,0,0,15.513014979660511
read_version_filter,3,67,1,0,0,1,1,1,0,0,0,0,0,0,12.103973887860775
read_version_filter,3,31,2,0,0,2,2,2,0,0,0,0,0,1,12.02856469899416
read_version_filter,3,31,2,0,0,2,2,2,0,0,0,0,0,1,11.855579912662506
read_version_filter,3,50,2,1,0,,,,0,0,0,0,0,1,11.927240528166294
read_version_filter,3,30,2,0,0,,,,0,0,0,1,1,1,21.46135177463293
read_version_filter,3,86,2,0,0,2,2,2,0,0,0,0,0,1,14.419937506318092
read_version_filter,3,71,2,0,0,2,2,2,0,0,0,0,0,1,21.020482294261456
read_version_filter,3,115,2,0,0,2,2,2,0,0,0,0,0,1,27.721780352294445
read_version_filter,3,47,2,0,0,,,,0,0,0,1,1,1,11.262472718954086
read_version_filter,3,39,2,0,0,2,2,2,0,0,0,0,0,1,10.678104124963284
read_version_filter,3,93,2,1,0,,,,0,0,0,0,0,1,11.424054391682148
read_version_filter,3,67,2,0,0,,,,0,0,0,1,1,1,11.761274188756943
read_version_filter,3,97,2,0,0,,,,0,0,0,1,1,1,11.603279039263725
read_version_filter,3,45,2,1,0,,,,0,0,0,0,0,1,11.46185863763094
read_version_filter,3,115,2,0,0,2,2,2,0,0,0,0,0,1,10.822889395058155
read_version_filter,3,67,2,0,0,,,,0,0,0,1,1,1,11.34469173848629
read_version_filter,3,28,2,0,0,2,,2,0,0,0,0,0,1,23.0439193546772
read_version_filter,3,99,2,0,0,2,,2,0,0,0,0,0,1,23.344063200056553
read_version_filter,3,29,2,1,0,,,,0,0,0,0,0,1,33.083194866776466
read_version_filter,3,34,2,0,0,2,,2,0,0,0,0,0,1,20.305967889726162
read_version_filter,3,100,2,0,0,2,2,2,0,0,0,0,0,1,11.942459270358086
read_version_filter,3,34,2,0,0,2,,2,0,0,0,0,0,1,11.147895827889442
read_version_filter,3,91,2,0,0,2,,2,0,0,0,0,0,1,11.160551570355892
read_version_filter,3,34,2,0,0,2,,2,0,0,0,0,0,1,11.24679483473301
read_version_filter,3,96,2,1,0,,,,0,0,0,0,0,1,11.024350300431252
read_version_filter,3,122,2,0,0,2,2,2,0,0,0,0,0,1,10.808980092406273
read_version_filter,3,47,2,0,0,2,,2,0,0,0,0,0,1,10.753448121249676
read_version_filter,3,16,2,0,0,2,2,2,0,0,0,0,0,1,15.840410254895687
read_version_filter,3,27,2,0,0,2,2,2,0,0,0,0,0,1,23.088261485099792
read_version_filter,3,30,2,0,0,2,2,2,0,0,0,0,0,1,20.79563122242689
read_version_filter,3,91,2,0,0,2,2,2,0,0,0,0,0,1,32.5910821557045
read_version_filter,3,30,2,0,0,2,2,2,0,0,0,0,0,1,11.895712465047836
read_version_filter,3,97,2,0,0,2,2,2,0,0,0,0,0,1,11.325879953801632
read_version_filter,3,28,2,0,0,2,2,2,0,0,0,0,0,1,11.34322490543127
read_version_filter,3,45,2,1,0,,,,0,0,0,0,0,1,11.193981394171715
read_version_filter,3,63,2,0,0,2,2,2,0,0,0,0,0,1,10.992385447025299
read_version_filter,3,29,2,1,0,,,,0,0,0,0,0,1,10.91208215802908
read_version_filter,3,45,2,1,0,,,,0,0,0,0,0,1,10.404299944639206
read_version_filter,3,97,2,0,0,2,2,2,0,0,0,0,0,1,14.947164803743362
read_version_filter,3,93,2,1,0,,,,0,0,0,0,0,1,24.82401579618454
read_version_filter,3,4,2,0,0,2,2,2,0,0,0,0,0,1,31.732345931231976
read_version_filter,3,91,2,0,0,2,2,2,0,0,0,0,0,1,29.007378965616226
read_version_filter,3,16,2,0,0,2,2,2,0,0,0,0,0,1,12.029224075376987
read_version_filter,3,126,2,0,0,2,2,2,0,0,0,0,0,1,11.948312632739544
read_version_filter,3,97,2,0,0,2,2,2,0,0,0,0,0,1,11.575925163924694
read_version_filter,3,45,2,1,0,,,,0,0,0,0,0,1,11.240903288125992
read_version_filter,3,47,2,0,0,2,2,2,0,0,0,0,0,1,11.347424238920212
read_version_filter,3,91,2,0,0,2,2,2,0,0,0,0,0,1,11.334078386425972
read_version_filter,3,43,2,1,0,,,,0,0,0,0,0,1,11.526246555149555
read_version_filter,3,16,2,0,0,2,2,2,0,0,0,0,0,0,8.3604222163558
read_version_filter,3,29,2,1,0,,,,0,0,0,0,0,0,14.581351540982723
read_version_filter,3,34,2,0,0,2,2,2,0,0,0,0,0,0,11.358113959431648
read_version_filter,3,24,2,0,0,2,2,2,0,0,0,0,0,0,11.297093704342842
read_version_filter,3,16,2,0,0,2,2,2,0,0,0,0,0,0,11.315654963254929
read_version_filter,3,96,2,1,0,,,,0,0,0,0,0,0,11.411103419959545
read_version_filter,3,56,2,1,0,,,,0,0,0,0,0,0,11.171435005962849
read_version_filter,3,73,2,0,0,2,2,2,0,0,0,0,0,0,11.439957655966282
read_version_filter,3,47,2,0,0,2,2,2,0,0,0,0,0,0,11.605258099734783
read_version_filter,3,93,2,1,0,,,,0,0,0,0,0,0,11.715296655893326
read_version_filter,3,91,2,0,0,2,2,2,0,0,0,0,0,0,11.699569411575794
read_version_filter,3,92,2,1,0,,,,0,0,0,0,0,0,11.722668074071407
read_version_filter,3,29,2,1,0,,,,0,0,0,0,0,0,11.409956961870193
read_version_filter,3,28,2,0,0,2,2,2,0,0,0,0,0,0,11.51956431567669
read_version_filter,3,101,2,0,0,2,2,2,0,0,0,0,0,0,11.928348802030087
read_version_filter,3,29,2,1,0,,,,0,0,0,0,0,0,11.865075677633286
read_version_filter,3,28,2,0,0,2,2,2,0,0,0,0,0,0,12.002602219581604
read_version_filter,3,17,2,0,0,2,2,2,0,0,0,0,0,0,11.69024407863617
read_version_filter,3,32,2,0,0,2,2,2,0,0,0,0,0,0,11.511891148984432
read_version_filter,3,77,2,0,0,2,2,2,0,0,0,0,0,0,12.07159273326397
read_version_filter,3,97,2,0,0,2,2,2,0,0,0,0,0,0,11.974705383181572
read_version_filter,3,34,2,0,0,2,2,2,0,0,0,0,0,0,12.391421012580395
read_version_filter,3,91,2,0,0,2,2,2,0,0,0,0,0,0,12.769147753715515
read_version_filter,3,44,2,0,0,2,2,2,0,0,0,0,0,0,12.462177313864231
read_version_filter,3,47,2,0,0,2,2,2,0,0,0,0,0,0,12.409847229719162
read_version_filter,3,96,2,1,0,,,,0,0,0,0,0,0,11.993667110800743
read_version_filter,3,47,2,0,0,2,2,2,0,0,0,0,0,0,11.566580273211002
read_version_filter,3,93,2,1,0,,,,0,0,0,0,0,0,11.477096006274223
read_version_filter,3,20,2,0,0,2,2,2,0,0,0,0,0,0,11.669124476611614
read_version_filter,3,29,2,1,0,,,,0,0,0,0,0,0,11.786192655563354
read_version_filter,3,97,2,0,0,2,2,2,0,0,0,0,0,0,12.12739385664463
read_version_filter,3,36,2,1,0,,,,0,0,0,0,0,0,11.997692286968231
read_version_filter,4,26,1,0,0,1,1,1,0,0,0,0,0,1,9.080858901143074
read_version_filter,4,8,1,0,0,1,1,1,0,0,0,0,0,1,13.037532567977905
read_version_filter,4,95,1,0,0,1,1,1,0,0,0,0,0,1,16.328603960573673
read_version_filter,4,77,1,0,0,1,1,1,0,0,0,0,0,1,18.30947306007147
read_version_filter,4,52,2,0,0,,,,0,0,0,1,1,1,19.63039580732584
read_version_filter,4,42,2,0,0,,,,0,0,0,1,1,1,29.17819656431675
read_version_filter,4,42,2,0,0,,,,0,0,0,1,1,1,35.561710596084595
read_version_filter,4,70,1,0,0,1,1,1,0,0,0,0,0,1,32.00321085751057
read_version_filter,4,74,2,0,0,,,,0,0,0,1,1,1,11.156686581671238
read_version_filter,4,25,2,0,0,,,,0,0,0,1,1,1,11.707675643265247
read_version_filter,4,5,2,0,0,,,,0,0,0,1,1,1,11.936875060200691
read_version_filter,4,42,2,0,0,,,,0,0,0,1,1,1,10.512219741940498
read_version_filter,4,80,2,0,0,,,,0,0,0,1,1,1,12.718106620013714
read_version_filter,4,85,2,0,0,,,,0,0,0,1,1,1,13.968801125884056
read_version_filter,4,37,1,0,0,1,1,1,0,0,0,0,0,1,14.631615951657295
read_version_filter,4,14,1,0,0,1,1,1,0,0,0,0,0,1,29.2038731276989
read_version_filter,4,58,1,0,0,1,1,1,0,0,0,0,0,1,18.88503786176443
read_version_filter,4,115,2,1,0,,,,0,0,0,0,0,1,39.419800974428654
read_version_filter,4,65,2,1,0,,,,0,0,0,0,0,1,34.5545532181859
read_version_filter,4,16,1,0,0,1,1,1,0,0,0,0,0,1,12.494640424847603
read_version_filter,4,24,2,0,0,2,,2,0,0,0,0,0,1,13.118213973939419
read_version_filter,4,65,2,1,0,,,,0,0,0,0,0,1,12.75619026273489
read_version_filter,4,23,1,0,0,1,1,1,0,0,0,0,0,1,17.094912938773632
read_version_filter,4,42,2,0,0,2,,2,0,0,0,0,0,1,17.0156667008996
read_version_filter,4,85,2,0,0,2,,2,0,0,0,0,0,1,16.524583101272583
read_version_filter,4,25,2,0,0,2,,2,0,0,0,0,0,1,14.290181919932365
read_version_filter,4,109,1,0,0,1,1,1,0,0,0,0,0,1,22.488252259790897
read_version_filter,4,99,1,0,0,1,1,1,0,0,0,0,0,1,32.938201911747456
read_version_filter,4,42,2,0,0,2,2,2,0,0,0,0,0,1,39.2491752281785
read_version_filter,4,114,2,0,0,2,2,2,0,0,0,0,0,1,35.736373625695705
read_version_filter,4,85,2,0,0,2,2,2,0,0,0,0,0,1,12.435346841812134
read_version_filter,4,25,2,0,0,2,2,2,0,0,0,0,0,1,12.341304682195187
read_version_filter,4,22,2,0,0,2,2,2,0,0,0,0,0,1,12.280530296266079
read_version_filter,4,85,2,0,0,2,2,2,0,0,0,0,0,1,11.933891102671623
read_version_filter,4,25,2,0,0,2,2,2,0,0,0,0,0,1,11.1975884065032
read_version_filter,4,22,2,0,0,2,2,2,0,0,0,0,0,1,11.169868521392345
read_version_filter,4,65,2,1,0,,,,0,0,0,0,0,1,11.065649800002575
read_version_filter,4,71,1,0,0,1,1,1,0,0,0,0,0,1,11.326818726956844
read_version_filter,4,52,2,0,0,2,2,2,0,0,0,0,0,1,10.986210778355598
read_version_filter,4,115,2,1,0,,,,0,0,0,0,0,1,11.739056557416916
read_version_filter,4,22,2,0,0,2,2,2,0,0,0,0,0,1,12.3830521479249
read_version_filter,4,22,2,0,0,2,2,2,0,0,0,0,0,1,12.798603624105453
read_version_filter,4,44,2,0,0,2,2,2,0,0,0,0,0,1,44.68603804707527
read_version_filter,4,28,1,0,0,1,1,1,0,0,0,0,0,1,58.85401461273432
read_version_filter,4,25,2,0,0,2,2,2,0,0,0,0,0,1,54.44005690515041
read_version_filter,4,120,1,0,0,1,1,1,0,0,0,0,0,1,61.609478667378426
read_version_filter,4,115,2,1,0,,,,0,0,0,0,0,1,11.406265199184418
read_version_filter,4,96,1,0,0,1,1,1,0,0,0,0,0,1,11.397862806916237
read_version_filter,4,82,1,0,0,1,1,1,0,0,0,0,0,1,11.701885610818863
read_version_filter,4,25,2,0,0,2,2,2,0,0,0,0,0,1,11.574984528124332
read_version_filter,4,68,2,0,0,2,2,2,0,0,0,0,0,1,11.613953858613968
read_version_filter,4,80,2,0,0,2,2,2,0,0,0,0,0,1,11.297275312244892
read_version_filter,4,114,2,0,0,2,2,2,0,0,0,0,0,1,10.621064342558384
read_version_filter,4,85,2,0,0,2,2,2,0,0,0,0,0,1,11.487782001495361
read_version_filter,4,85,2,0,0,2,2,2,0,0,0,0,0,1,10.831309482455254
read_version_filter,4,65,2,1,0,,,,0,0,0,0,0,1,11.019757948815823
read_version_filter,4,22,2,0,0,2,2,2,0,0,0,0,0,1,11.49606890976429
read_version_filter,4,65,2,1,0,,,,0,0,0,0,0,1,11.516017839312553
read_version_filter,4,5,2,0,0,2,2,2,0,0,0,0,0,0,12.191490270197392
read_version_filter,4,74,2,0,0,2,2,2,0,0,0,0,0,0,12.746762484312057
read_version_filter,4,65,2,1,0,,,,0,0,0,0,0,0,12.681524269282818
read_version_filter,4,52,2,0,0,2,2,2,0,0,0,0,0,0,12.745542451739311
read_version_filter,4,127,1,0,0,1,1,1,0,0,0,0,0,1,11.935477145016193
read_version_filter,4,85,2,0,0,2,2,2,0,0,0,0,0,1,12.278598733246326
read_version_filter,4,42,2,0,0,2,2,2,0,0,0,0,0,1,12.532347813248634
read_version_filter,4,44,2,0,0,2,2,2,0,0,0,0,0,1,12.715873308479786
read_version_filter,4,33,1,0,0,1,1,1,0,0,0,0,0,1,18.63100379705429
read_version_filter,4,51,2,0,0,,,,0,0,0,1,1,1,18.564125522971153
read_version_filter,4,37,2,1,0,,,,0,0,0,0,0,1,19.17815115302801
read_version_filter,4,69,2,0,0,,,,0,0,0,1,1,1,33.74139964580536
read_version_filter,4,37,2,1,0,,,,0,0,0,0,0,1,12.828636914491653
read_version_filter,4,57,1,0,0,1,1,1,0,0,0,0,0,1,13.04978970438242
read_version_filter,4,53,1,0,0,1,1,1,0,0,0,0,0,1,12.23397720605135
read_version_filter,4,51,2,0,0,,,,0,0,0,1,1,1,11.802297085523605
read_version_filter,4,27,1,0,0,1,1,1,0,0,0,0,0,1,11.881140060722828
read_version_filter,4,47,2,0,0,,,,0,0,0,1,1,1,11.87064778059721
read_version_filter,4,46,2,0,0,,,,0,0,0,1,1,1,11.753220111131668
read_version_filter,4,65,2,1,0,,,,0,0,0,0,0,1,11.801364831626415
read_version_filter,4,2,2,1,0,,,,0,0,0,0,0,1,11.490398086607456
read_version_filter,4,46,2,0,0,2,,2,0,0,0,0,0,1,27.761471457779408
read_version_filter,4,51,2,0,0,2,,2,0,0,0,0,0,1,16.60683937370777
read_version_filter,4,46,2,0,0,2,,2,0,0,0,0,0,1,3.858054056763649
read_version_filter,4,62,1,0,0,1,1,1,0,0,0,0,0,1,35.84633953869343
read_version_filter,4,107,2,0,0,2,,2,0,0,0,0,0,1,14.302653260529041
read_version_filter,4,84,2,0,0,2,,2,0,0,0,0,0,1,40.18959868699312
read_version_filter,4,51,2,0,0,2,,2,0,0,0,0,0,1,12.382754124701023
read_version_filter,4,35,1,0,0,1,1,1,0,0,0,0,0,1,12.361700646579266
read_version_filter,4,51,2,0,0,2,,2,0,0,0,0,0,1,11.72463409602642
read_version_filter,4,39,1,0,0,1,1,1,0,0,0,0,0,1,11.590145528316498
read_version_filter,4,117,1,0,0,1,1,1,0,0,0,0,0,1,11.85996551066637
read_version_filter,4,46,2,0,0,2,,2,0,0,0,0,0,1,11.660201475024223
read_version_filter,4,123,2,0,0,2,,2,0,0,0,0,0,1,11.45192887634039
read_version_filter,4,19,1,0,0,1,1,1,0,0,0,0,0,1,11.498681269586086
read_version_filter,4,98,1,0,0,1,1,1,0,0,0,0,0,1,15.481526963412762
read_version_filter,4,51,2,0,0,2,2,2,0,0,0,0,0,1,15.2072012424469
read_version_filter,4,49,2,0,0,2,2,2,0,0,0,0,0,1,28.448360972106457
read_version_filter,4,1,1,0,0,1,1,1,0,0,0,0,0,1,28.59134040772915
read_version_filter,4,69,2,0,0,2,2,2,0,0,0,0,0,1,11.78920827805996
read_version_filter,4,31,1,0,0,1,1,1,0,0,0,0,0,1,11.911923997104168
read_version_filter,4,0,2,0,0,2,2,2,0,0,0,0,0,1,11.892073787748814
read_version_filter,4,37,2,1,0,,,,0,0,0,0,0,1,11.690612882375717
read_version_filter,4,107,2,0,0,2,2,2,0,0,0,0,0,1,11.224132031202316
read_version_filter,4,2,2,1,0,,,,0,0,0,0,0,1,11.440392583608627
read_version_filter,4,61,1,0,0,1,1,1,0,0,0,0,0,1,11.459914036095142
read_version_filter,4,84,2,0,0,2,2,2,0,0,0,0,0,1,23.912069387733936
read_version_filter,4,101,2,1,0,,,,0,0,0,0,0,1,21.509412676095963
read_version_filter,4,3,2,0,0,2,2,2,0,0,0,0,0,1,33.933063969016075
read_version_filter,4,38,1,0,0,1,1,1,0,0,0,0,0,1,30.542020685970783
read_version_filter,4,51,2,0,0,2,2,2,0,0,0,0,0,1,10.986094363033772
read_version_filter,4,3,2,0,0,2,2,2,0,0,0,0,0,1,11.567900888621807
read_version_filter,4,49,2,0,0,2,2,2,0,0,0,0,0,1,11.688197031617165
read_version_filter,4,2,2,1,0,,,,0,0,0,0,0,1,11.158596724271774
read_version_filter,4,46,2,0,0,2,2,2,0,0,0,0,0,1,11.621374636888504
read_version_filter,4,0,2,0,0,2,2,2,0,0,0,0,0,1,11.554899625480175
read_version_filter,4,107,2,0,0,2,2,2,0,0,0,0,0,1,11.644204147160053
read_version_filter,4,3,2,0,0,2,2,2,0,0,0,0,0,1,11.55045349150896
read_version_filter,4,86,2,0,0,2,2,2,0,0,0,0,0,0,5.139782093465328
read_version_filter,4,84,2,0,0,2,2,2,0,0,0,0,0,0,15.277374535799026
read_version_filter,4,69,2,0,0,2,2,2,0,0,0,0,0,0,15.436912886798382
read_version_filter,4,101,2,1,0,,,,0,0,0,0,0,0,12.070823460817337
read_version_filter,4,3,2,0,0,2,2,2,0,0,0,0,0,1,11.784831993281841
read_version_filter,4,2,2,1,0,,,,0,0,0,0,0,1,10.96783671528101
read_version_filter,4,84,2,0,0,2,2,2,0,0,0,0,0,1,11.513032019138336
read_version_filter,4,94,2,0,0,,,,0,0,0,1,1,1,11.348847299814224
read_version_filter,4,59,2,0,0,,,,0,0,0,1,1,1,24.37086496502161
read_version_filter,4,58,2,1,0,,,,0,0,0,0,0,1,21.92150242626667
read_version_filter,4,19,1,0,0,1,1,1,0,0,0,0,0,1,28.153102844953537
read_version_filter,4,106,1,0,0,1,1,1,0,0,0,0,0,1,12.256394140422344
read_version_filter,4,6,1,0,0,1,1,1,0,0,0,0,0,1,11.659831739962101
read_version_filter,4,127,2,1,0,,,,0,0,0,0,0,1,12.112327851355076
read_version_filter,4,79,2,0,0,,,,0,0,0,1,1,1,12.210976332426071
read_version_filter,4,111,2,0,0,,,,0,0,0,1,1,1,11.971850879490376
read_version_filter,4,94,2,0,0,,,,0,0,0,1,1,1,11.99781522154808
read_version_filter,4,127,2,1,0,,,,0,0,0,0,0,1,11.647231876850128
read_version_filter,4,64,2,0,0,,,,0,0,0,1,1,1,11.489286087453365
read_version_filter,4,116,2,0,0,,,,0,0,0,1,1,1,11.200246401131153
read_version_filter,4,38,1,0,0,1,1,1,0,0,0,0,0,1,26.016348972916603
read_version_filter,4,29,1,0,0,1,1,1,0,0,0,0,0,1,23.0332026258111
read_version_filter,4,28,1,0,0,1,1,1,0,0,0,0,0,1,18.758716993033886
read_version_filter,4,64,2,0,0,2,,2,0,0,0,0,0,1,32.92239177972078
read_version_filter,4,77,2,0,0,2,,2,0,0,0,0,0,1,11.257357895374298
read_version_filter,4,116,2,0,0,2,,2,0,0,0,0,0,1,11.356962844729424
read_version_filter,4,127,2,1,0,,,,0,0,0,0,0,1,11.340326629579067
read_version_filter,4,11,2,0,0,2,,2,0,0,0,0,0,1,11.467206291854382
read_version_filter,4,59,2,0,0,2,,2,0,0,0,0,0,1,11.126693338155746
read_version_filter,4,116,2,0,0,2,,2,0,0,0,0,0,1,11.56864408403635
read_version_filter,4,59,2,0,0,2,,2,0,0,0,0,0,1,11.595976538956165
read_version_filter,4,66,2,0,0,2,2,2,0,0,0,0,0,1,12.570319697260857
read_version_filter,4,94,2,0,0,2,2,2,0,0,0,0,0,1,22.092655301094055
read_version_filter,4,89,2,0,0,2,2,2,0,0,0,0,0,1,21.290089935064316
read_version_filter,4,14,2,1,0,,,,0,0,0,0,0,1,31.08127973973751
read_version_filter,4,111,2,0,0,2,2,2,0,0,0,0,0,1,11.334702372550964
read_version_filter,4,27,2,0,0,2,2,2,0,0,0,0,0,1,11.257772333920002
read_version_filter,4,73,2,1,0,,,,0,0,0,0,0,1,11.907000094652176
read_version_filter,4,4,1,0,0,1,1,1,0,0,0,0,0,1,11.905144900083542
read_version_filter,4,15,1,0,0,1,1,1,0,0,0,0,0,1,12.862618081271648
read_version_filter,4,102,2,0,0,2,2,2,0,0,0,0,0,1,12.375470250844955
read_version_filter,4,111,2,0,0,2,2,2,0,0,0,0,0,1,11.92447543144226
read_version_filter,4,86,2,0,0,2,2,2,0,0,0,0,0,1,11.860677972435951
read_version_filter,4,73,2,1,0,,,,0,0,0,0,0,1,11.51340827345848
read_version_filter,4,116,2,0,0,2,2,2,0,0,0,0,0,1,11.228710412979126
read_version_filter,4,65,2,1,0,,,,0,0,0,0,0,1,18.11148412525654
read_version_filter,4,109,1,0,0,1,1,1,0,0,0,0,0,1,24.482269771397114
read_version_filter,4,61,1,0,0,1,1,1,0,0,0,0,0,1,21.229037083685398
read_version_filter,4,127,2,1,0,,,,0,0,0,0,0,1,33.77154003828764
read_version_filter,4,11,2,0,0,2,2,2,0,0,0,0,0,1,11.045818217098713
read_version_filter,4,73,2,1,0,,,,0,0,0,0,0,1,11.520405299961567
read_version_filter,4,66,2,0,0,2,2,2,0,0,0,0,0,1,11.499338783323765
read_version_filter,4,58,2,1,0,,,,0,0,0,0,0,1,11.387363076210022
read_version_filter,4,116,2,0,0,2,2,2,0,0,0,0,0,1,11.373857036232948
read_version_filter,4,7,1,0,0,1,1,1,0,0,0,0,0,1,11.510687880218029
read_version_filter,4,89,2,0,0,2,2,2,0,0,0,0,0,1,11.533303186297417
read_version_filter,4,127,2,1,0,,,,0,0,0,0,0,0,8.230486884713173
read_version_filter,4,58,2,1,0,,,,0,0,0,0,0,0,8.31620953977108
read_version_filter,4,78,2,0,0,2,2,2,0,0,0,0,0,0,18.058372661471367
read_version_filter,4,59,2,0,0,2,2,2,0,0,0,0,0,0,11.598042212426662
read_version_filter,4,72,1,0,0,1,1,1,0,0,0,0,0,1,11.648003943264484
read_version_filter,4,59,2,0,0,2,2,2,0,0,0,0,0,1,10.866590775549412
read_version_filter,4,73,2,1,0,,,,0,0,0,0,0,1,10.597392916679382
read_version_filter,4,59,2,0,0,2,2,2,0,0,0,0,0,1,10.950208641588688
read_version_filter,4,22,2,0,0,2,2,2,0,0,0,0,0,1,21.434898488223553
read_version_filter,4,8,2,0,0,,,,0,0,0,1,1,1,21.54198568314314
read_version_filter,4,121,2,0,0,,,,0,0,0,1,1,1,18.806139938533306
read_version_filter,4,21,2,1,0,,,,0,0,0,0,0,1,24.753790348768234
read_version_filter,4,93,1,0,0,1,1,1,0,0,0,0,0,1,11.269382201135159
read_version_filter,4,39,2,0,0,,,,0,0,0,1,1,1,10.814322158694267
read_version_filter,4,121,2,0,0,,,,0,0,0,1,1,1,11.100874282419682
read_version_filter,4,21,2,1,0,,,,0,0,0,0,0,1,11.494560167193413
read_version_filter,4,90,2,0,0,,,,0,0,0,1,1,1,10.533220134675503
read_version_filter,4,102,2,0,0,2,2,2,0,0,0,0,0,1,10.710610076785088
read_version_filter,4,19,2,0,0,,,,0,0,0,1,1,1,11.18363905698061
read_version_filter,4,45,2,0,0,,,,0,0,0,1,1,1,11.355157010257244
read_version_filter,4,31,2,1,0,,,,0,0,0,0,0,1,10.660573840141296
read_version_filter,4,18,2,0,0,,,,0,0,0,1,1,1,10.889148339629173
read_version_filter,4,45,2,0,0,,,,0,0,0,1,1,1,10.906532406806946
read_version_filter,4,99,2,0,0,2,,2,0,0,0,0,0,1,18.879028968513012
read_version_filter,4,32,1,0,0,1,1,1,0,0,0,0,0,1,25.77848080545664
read_version_filter,4,39,2,0,0,2,,2,0,0,0,0,0,1,31.749418005347252
read_version_filter,4,48,2,1,0,,,,0,0,0,0,0,1,19.697310402989388
read_version_filter,4,99,2,0,0,2,,2,0,0,0,0,0,1,10.969151742756367
read_version_filter,4,1,2,0,0,2,,2,0,0,0,0,0,1,11.623939499258995
read_version_filter,4,68,2,0,0,2,2,2,0,0,0,0,0,1,11.394989676773548
read_version_filter,4,17,1,0,0,1,1,1,0,0,0,0,0,1,11.519962921738625
read_version_filter,4,39,2,0,0,2,,2,0,0,0,0,0,1,12.445433996617794
read_version_filter,4,99,2,0,0,2,,2,0,0,0,0,0,1,4.341576248407364
read_version_filter,4,45,2,0,0,2,,2,0,0,0,0,0,1,14.683798886835575
read_version_filter,4,31,2,1,0,,,,0,0,0,0,0,1,14.587610960006714
read_version_filter,4,36,2,1,0,,,,0,0,0,0,0,1,25.01394972205162
read_version_filter,4,20,2,0,0,2,,2,0,0,0,0,0,1,12.43162527680397
read_version_filter,4,19,2,0,0,2,2,2,0,0,0,0,0,1,12.443281710147858
read_version_filter,4,20,2,0,0,2,2,2,0,0,0,0,0,1,19.006483256816864
read_version_filter,4,48,2,1,0,,,,0,0,0,0,0,1,25.662964209914207
read_version_filter,4,15,1,0,0,1,1,1,0,0,0,0,0,1,32.324773259460926
read_version_filter,4,18,2,0,0,2,2,2,0,0,0,0,0,1,11.671005748212337
read_version_filter,4,19,2,0,0,2,2,2,0,0,0,0,0,1,11.999576352536678
read_version_filter,4,36,2,1,0,,,,0,0,0,0,0,1,11.127126403152943
read_version_filter,4,66,2,0,0,2,2,2,0,0,0,0,0,1,11.65316253900528
read_version_filter,4,121,2,0,0,2,2,2,0,0,0,0,0,1,11.373971588909626
read_version_filter,4,121,2,0,0,2,2,2,0,0,0,0,0,1,10.753423906862736
read_version_filter,4,79,2,0,0,2,2,2,0,0,0,0,0,1,11.638891883194447
read_version_filter,4,48,2,1,0,,,,0,0,0,0,0,1,10.958113707602024
read_version_filter,4,36,2,1,0,,,,0,0,0,0,0,1,11.314270086586475
read_version_filter,4,121,2,0,0,2,2,2,0,0,0,0,0,1,11.365353129804134
read_version_filter,4,21,2,1,0,,,,0,0,0,0,0,1,11.441923677921295
read_version_filter,4,48,2,1,0,,,,0,0,0,0,0,1,10.868214070796967
read_version_filter,4,8,2,0,0,2,2,2,0,0,0,0,0,1,11.377220042049885
read_version_filter,4,18,2,0,0,2,2,2,0,0,0,0,0,1,25.264243595302105
read_version_filter,4,89,2,0,0,2,2,2,0,0,0,0,0,1,22.43878785520792
read_version_filter,4,45,2,0,0,2,2,2,0,0,0,0,0,1,28.89925055205822
read_version_filter,4,8,2,0,0,2,2,2,0,0,0,0,0,1,25.74779838323593
read_version_filter,4,90,2,0,0,2,2,2,0,0,0,0,0,1,11.556906625628471
read_version_filter,4,19,2,0,0,2,2,2,0,0,0,0,0,1,11.369463056325912
read_version_filter,4,20,2,0,0,2,2,2,0,0,0,0,0,1,11.402608826756477
read_version_filter,4,39,2,0,0,2,2,2,0,0,0,0,0,1,11.089207604527473
read_version_filter,4,25,2,0,0,2,2,2,0,0,0,0,0,1,11.39738131314516
read_version_filter,4,121,2,0,0,2,2,2,0,0,0,0,0,1,11.436820030212402
read_version_filter,4,48,2,1,0,,,,0,0,0,0,0,1,11.462102644145489
read_version_filter,4,39,2,0,0,2,2,2,0,0,0,0,0,1,11.332591064274311
read_version_filter,4,30,2,0,0,2,2,2,0,0,0,0,0,1,11.488346382975578
read_version_filter,4,18,2,0,0,2,2,2,0,0,0,0,0,0,5.028252489864826
read_version_filter,4,51,2,0,0,2,2,2,0,0,0,0,0,0,11.712928302586079
read_version_filter,4,77,2,0,0,2,2,2,0,0,0,0,0,0,18.086847849190235
read_version_filter,4,30,2,0,0,2,2,2,0,0,0,0,0,0,11.857210658490658
read_version_filter,4,100,1,0,0,1,1,1,0,0,0,0,0,1,12.144929729402065
read_version_filter,4,45,2,0,0,2,2,2,0,0,0,0,0,1,11.868036352097988
read_version_filter,4,18,2,0,0,2,2,2,0,0,0,0,0,1,11.228845454752445
read_version_filter,4,45,2,0,0,2,2,2,0,0,0,0,0,1,11.732961982488632
read_version_filter,4,100,2,1,0,,,,0,0,0,0,0,1,18.550345674157143
read_version_filter,4,67,2,0,0,,,,0,0,0,1,1,1,15.143971890211105
read_version_filter,4,111,2,0,0,2,2,2,0,0,0,0,0,1,21.46351244300604
read_version_filter,4,43,2,1,0,,,,0,0,0,0,0,1,31.10749088227749
read_version_filter,4,124,2,0,0,,,,0,0,0,1,1,1,10.857773944735527
read_version_filter,4,76,1,0,0,1,1,1,0,0,0,0,0,1,11.57404389232397
read_version_filter,4,95,2,1,0,,,,0,0,0,0,0,1,11.549320071935654
read_version_filter,4,53,2,0,0,,,,0,0,0,1,1,1,11.462549678981304
read_version_filter,4,119,2,0,0,,,,0,0,0,1,1,1,11.784741654992104
read_version_filter,4,13,2,0,0,,,,0,0,0,1,1,1,12.406929396092892
read_version_filter,4,34,2,0,0,,,,0,0,0,1,1,1,12.076147831976414
read_version_filter,4,15,1,0,0,1,1,1,0,0,0,0,0,1,11.516598984599113
read_version_filter,4,13,2,0,0,,,,0,0,0,1,1,1,11.43499743193388
read_version_filter,4,116,2,0,0,2,2,2,0,0,0,0,0,1,23.217673413455486
read_version_filter,4,34,2,0,0,2,,2,0,0,0,0,0,1,29.679455794394016
read_version_filter,4,100,2,1,0,,,,0,0,0,0,0,1,26.398861780762672
read_version_filter,4,67,2,0,0,2,,2,0,0,0,0,0,1,20.122764632105827
read_version_filter,4,12,2,0,0,2,,2,0,0,0,0,0,1,11.421493254601955
read_version_filter,4,34,2,0,0,2,,2,0,0,0,0,0,1,11.370604857802391
read_version_filter,4,11,2,0,0,2,2,2,0,0,0,0,0,1,11.336280032992363
read_version_filter,4,100,2,1,0,,,,0,0,0,0,0,1,10.832112282514572
read_version_filter,4,63,2,0,0,2,,2,0,0,0,0,0,1,10.646756738424301
read_version_filter,4,56,2,1,0,,,,0,0,0,0,0,1,10.645036585628986
read_version_filter,4,43,2,1,0,,,,0,0,0,0,0,1,11.403880082070827
read_version_filter,4,38,2,0,0,2,2,2,0,0,0,0,0,1,11.749541386961937
read_version_filter,4,127,2,1,0,,,,0,0,0,0,0,1,18.721459433436394
read_version_filter,4,43,2,1,0,,,,0,0,0,0,0,1,28.616406954824924
read_version_filter,4,34,2,0,0,2,2,2,0,0,0,0,0,1,28.86945102363825
read_version_filter,4,34,2,0,0,2,2,2,0,0,0,0,0,1,12.080948799848557
read_version_filter,4,124,2,0,0,2,2,2,0,0,0,0,0,1,11.894501745700836
read_version_filter,4,38,2,0,0,2,2,2,0,0,0,0,0,1,11.977465823292732
read_version_filter,4,34,2,0,0,2,2,2,0,0,0,0,0,1,12.469596229493618
read_version_filter,4,91,2,0,0,2,2,2,0,0,0,0,0,1,12.714875862002373
read_version_filter,4,41,2,0,0,2,2,2,0,0,0,0,0,1,13.015932403504848
read_version_filter,4,56,2,1,0,,,,0,0,0,0,0,1,12.41624541580677
read_version_filter,4,109,1,0,0,1,1,1,0,0,0,0,0,1,12.123157270252705
read_version_filter,4,84,2,0,0,2,2,2,0,0,0,0,0,1,11.015811003744602
read_version_filter,4,53,2,0,0,2,2,2,0,0,0,0,0,1,11.623314581811428
read_version_filter,4,22,2,0,0,2,2,2,0,0,0,0,0,1,11.706913821399212
read_version_filter,4,99,2,0,0,2,2,2,0,0,0,0,0,1,21.74449898302555
read_version_filter,4,105,2,0,0,2,2,2,0,0,0,0,0,1,28.507212176918983
read_version_filter,4,12,2,0,0,2,2,2,0,0,0,0,0,1,25.863543152809143
read_version_filter,4,63,2,0,0,2,2,2,0,0,0,0,0,1,38.09605352580547
read_version_filter,4,91,2,0,0,2,2,2,0,0,0,0,0,1,12.143468484282494
read_version_filter,4,56,2,1,0,,,,0,0,0,0,0,1,11.690733954310417
read_version_filter,4,119,2,0,0,2,2,2,0,0,0,0,0,1,11.423151008784771
read_version_filter,4,54,2,0,0,2,2,2,0,0,0,0,0,1,11.57873123884201
read_version_filter,4,100,2,1,0,,,,0,0,0,0,0,1,11.216862127184868
read_version_filter,4,38,2,0,0,2,2,2,0,0,0,0,0,1,11.669960804283619
read_version_filter,4,28,1,0,0,1,1,1,0,0,0,0,0,1,11.601811274886131
read_version_filter,4,95,2,1,0,,,,0,0,0,0,0,0,8.369256742298603
read_version_filter,4,67,2,0,0,2,2,2,0,0,0,0,0,0,14.325909316539764
read_version_filter,4,109,1,0,0,1,1,1,0,0,0,0,0,0,11.695529334247112
read_version_filter,4,12,2,0,0,2,2,2,0,0,0,0,0,0,11.620994657278061
read_version_filter,4,56,2,1,0,,,,0,0,0,0,0,1,12.030775658786297
read_version_filter,4,91,2,0,0,2,2,2,0,0,0,0,0,1,11.862430721521378
read_version_filter,4,0,2,0,0,2,2,2,0,0,0,0,0,1,12.341737747192383
read_version_filter,4,34,2,0,0,2,2,2,0,0,0,0,0,1,12.571247294545174
read_version_filter,4,32,2,0,0,,,,0,0,0,1,1,1,11.426917277276516
read_version_filter,4,32,2,0,0,,,,0,0,0,1,1,1,25.583396665751934
read_version_filter,4,61,2,0,0,,,,0,0,0,1,1,1,21.314566023647785
read_version_filter,4,106,2,0,0,,,,0,0,0,1,1,1,28.77526357769966
read_version_filter,4,120,2,1,0,,,,0,0,0,0,0,1,11.08044944703579
read_version_filter,4,72,2,0,0,,,,0,0,0,1,1,1,11.103902012109756
read_version_filter,4,114,2,0,0,2,2,2,0,0,0,0,0,1,11.20804250240326
read_version_filter,4,125,2,0,0,,,,0,0,0,1,1,1,11.094935238361359
read_version_filter,4,113,2,0,0,,,,0,0,0,1,1,1,11.022333055734634
read_version_filter,4,29,2,0,0,,,,0,0,0,1,1,1,10.90308092534542
read_version_filter,4,87,2,1,0,,,,0,0,0,0,0,1,11.11616101115942
read_version_filter,4,39,2,0,0,2,2,2,0,0,0,0,0,1,11.131057515740395
read_version_filter,4,9,2,0,0,2,2,2,0,0,0,0,0,1,11.132363229990005
read_version_filter,4,55,1,0,0,1,1,1,0,0,0,0,0,1,11.650343425571918
read_version_filter,4,33,2,0,0,,,,0,0,0,1,1,1,11.359472759068012
read_version_filter,4,3,2,0,0,2,2,2,0,0,0,0,0,1,12.046704068779945
read_version_filter,4,125,2,0,0,2,,2,0,0,0,0,0,1,26.91460121423006
read_version_filter,4,32,2,0,0,2,,2,0,0,0,0,0,1,27.36019156873226
read_version_filter,4,29,2,0,0,2,,2,0,0,0,0,0,1,26.839204132556915
read_version_filter,4,49,2,0,0,2,2,2,0,0,0,0,0,1,22.167624905705452
read_version_filter,4,88,2,1,0,,,,0,0,0,0,0,1,11.408297345042229
read_version_filter,4,25,2,0,0,2,2,2,0,0,0,0,0,1,12.518433853983879
read_version_filter,4,94,2,0,0,2,2,2,0,0,0,0,0,1,4.424888640642166
read_version_filter,4,88,2,1,0,,,,0,0,0,0,0,1,14.629039913415909
read_version_filter,4,59,2,0,0,2,2,2,0,0,0,0,0,1,22.09374587982893
read_version_filter,4,87,2,1,0,,,,0,0,0,0,0,1,12.649061158299446
read_version_filter,4,29,2,0,0,2,,2,0,0,0,0,0,1,12.457731179893017
read_version_filter,4,121,2,0,0,2,2,2,0,0,0,0,0,1,12.392989359796047
read_version_filter,4,40,1,0,0,1,1,1,0,0,0,0,0,1,12.208285741508007
read_version_filter,4,87,2,1,0,,,,0,0,0,0,0,1,12.321053072810173
read_version_filter,4,110,2,0,0,2,2,2,0,0,0,0,0,1,15.31617809087038
read_version_filter,4,24,2,0,0,2,2,2,0,0,0,0,0,1,22.283079102635384
read_version_filter,4,73,2,1,0,,,,0,0,0,0,0,1,19.191144965589046
read_version_filter,4,23,2,1,0,,,,0,0,0,0,0,1,32.131800428032875
read_version_filter,4,109,1,0,0,1,1,1,0,0,0,0,0,1,11.690367944538593
read_version_filter,4,23,2,1,0,,,,0,0,0,0,0,1,11.084443889558315
read_version_filter,4,72,2,0,0,2,2,2,0,0,0,0,0,1,11.463742703199387
read_version_filter,4,106,2,0,0,2,2,2,0,0,0,0,0,1,11.657449416816235
read_version_filter,4,61,2,0,0,2,2,2,0,0,0,0,0,1,11.965245008468628
read_version_filter,4,33,2,0,0,2,2,2,0,0,0,0,0,1,12.168455868959427
read_version_filter,4,72,2,0,0,2,2,2,0,0,0,0,0,1,12.167640030384064
read_version_filter,4,110,2,0,0,2,2,2,0,0,0,0,0,1,11.982005089521408
read_version_filter,4,61,2,0,0,2,2,2,0,0,0,0,0,1,11.625963263213634
read_version_filter,4,75,2,0,0,2,2,2,0,0,0,0,0,1,11.496338993310928
read_version_filter,4,113,2,0,0,2,2,2,0,0,0,0,0,1,11.989947408437729
read_version_filter,4,110,2,0,0,2,2,2,0,0,0,0,0,1,15.698777511715889
read_version_filter,4,118,1,0,0,1,1,1,0,0,0,0,0,1,28.584607876837254
read_version_filter,4,106,2,0,0,2,2,2,0,0,0,0,0,1,28.298763558268547
read_version_filter,4,110,2,0,0,2,2,2,0,0,0,0,0,1,28.62730249762535
read_version_filter,4,87,2,1,0,,,,0,0,0,0,0,1,11.121642775833607
read_version_filter,4,72,2,0,0,2,2,2,0,0,0,0,0,1,10.877804830670357
read_version_filter,4,71,2,0,0,2,2,2,0,0,0,0,0,1,11.564147658646107
read_version_filter,4,40,1,0,0,1,1,1,0,0,0,0,0,1,11.358476243913174
read_version_filter,4,29,2,0,0,2,2,2,0,0,0,0,0,1,11.64480671286583
read_version_filter,4,117,1,0,0,1,1,1,0,0,0,0,0,1,11.317271739244461
read_version_filter,4,121,2,0,0,2,2,2,0,0,0,0,0,1,11.827446520328522
read_version_filter,4,125,2,0,0,2,2,2,0,0,0,0,0,1,11.788961477577686
read_version_filter,4,110,2,0,0,2,2,2,0,0,0,0,0,0,11.27610169351101
read_version_filter,4,32,2,0,0,2,2,2,0,0,0,0,0,0,8.327574469149113
read_version_filter,4,106,2,0,0,2,2,2,0,0,0,0,0,0,14.6185839548707
read_version_filter,4,29,2,0,0,2,2,2,0,0,0,0,0,0,11.598807759582996
read_version_filter,4,71,2,0,0,2,2,2,0,0,0,0,0,1,11.788814328610897
read_version_filter,4,71,2,0,0,2,2,2,0,0,0,0,0,1,11.500163935124874
read_version_filter,4,113,2,0,0,2,2,2,0,0,0,0,0,1,11.986271478235722
read_version_filter,4,71,2,0,0,2,2,2,0,0,0,0,0,1,11.879109777510166
read_version_filter,4,10,2,0,0,,,,0,0,0,1,1,1,14.0945790335536
read_version_filter,4,17,2,0,0,,,,0,0,0,1,1,1,21.384792402386665
read_version_filter,4,10,2,0,0,,,,0,0,0,1,1,1,18.045702949166298
read_version_filter,4,32,2,0,0,2,2,2,0,0,0,0,0,1,31.05830680578947
read_version_filter,4,126,2,0,0,,,,0,0,0,1,1,1,11.390989646315575
read_version_filter,4,10,2,0,0,,,,0,0,0,1,1,1,11.38564944267273
read_version_filter,4,112,2,1,0,,,,0,0,0,0,0,1,11.716128326952457
read_version_filter,4,81,2,0,0,,,,0,0,0,1,1,1,12.165592983365059
read_version_filter,4,81,2,0,0,,,,0,0,0,1,1,1,12.238810770213604
read_version_filter,4,126,2,0,0,,,,0,0,0,1,1,1,11.654946953058243
read_version_filter,4,122,2,0,0,,,,0,0,0,1,1,1,11.447340250015259
read_version_filter,4,104,2,0,0,,,,0,0,0,1,1,1,11.170495301485062
read_version_filter,4,70,2,0,0,,,,0,0,0,1,1,1,11.228830553591251
read_version_filter,4,60,2,0,0,,,,0,0,0,1,1,1,10.747704654932022
read_version_filter,4,59,2,0,0,2,2,2,0,0,0,0,0,1,11.081760749220848
read_version_filter,4,97,2,0,0,,,,0,0,0,1,1,1,11.732053942978382
read_version_filter,4,75,2,0,0,2,2,2,0,0,0,0,0,1,12.167212553322315
read_version_filter,4,76,2,0,0,2,,2,0,0,0,0,0,1,21.107870154082775
read_version_filter,4,60,2,0,0,2,,2,0,0,0,0,0,1,27.625257149338722
read_version_filter,4,125,2,0,0,2,2,2,0,0,0,0,0,1,19.878839142620564
read_version_filter,4,83,2,0,0,2,,2,0,0,0,0,0,1,37.59713098406792
read_version_filter,4,126,2,0,0,2,,2,0,0,0,0,0,1,11.401936411857605
read_version_filter,4,81,2,0,0,2,,2,0,0,0,0,0,1,11.843821965157986
read_version_filter,4,122,2,0,0,2,,2,0,0,0,0,0,1,11.818292550742626
read_version_filter,4,6,1,0,0,1,1,1,0,0,0,0,0,1,11.952322907745838
read_version_filter,4,108,2,0,0,2,,2,0,0,0,0,0,1,12.174835428595543
read_version_filter,4,122,2,0,0,2,,2,0,0,0,0,0,1,11.81858591735363
read_version_filter,4,60,2,0,0,2,,2,0,0,0,0,0,1,11.668659746646881
read_version_filter,4,70,2,0,0,2,,2,0,0,0,0,0,1,11.662665754556656
read_version_filter,4,81,2,0,0,2,2,2,0,0,0,0,0,1,15.984092839062214
read_version_filter,4,60,2,0,0,2,2,2,0,0,0,0,0,1,26.16995945572853
read_version_filter,4,97,2,0,0,2,2,2,0,0,0,0,0,1,26.460940949618816
read_version_filter,4,126,2,0,0,2,2,2,0,0,0,0,0,1,24.759219959378242
read_version_filter,4,38,2,0,0,2,2,2,0,0,0,0,0,1,12.752112932503223
read_version_filter,4,89,2,0,0,2,2,2,0,0,0,0,0,1,12.26748526096344
read_version_filter,4,23,2,1,0,,,,0,0,0,0,0,1,12.18192558735609
read_version_filter,4,16,2,1,0,,,,0,0,0,0,0,1,11.434133164584637
read_version_filter,4,108,2,0,0,2,2,2,0,0,0,0,0,1,11.93132996559143
read_version_filter,4,70,2,0,0,2,2,2,0,0,0,0,0,1,11.838866397738457
read_version_filter,4,76,2,0,0,2,2,2,0,0,0,0,0,1,11.78090926259756
read_version_filter,4,62,2,1,0,,,,0,0,0,0,0,1,11.773002333939075
read_version_filter,4,26,1,0,0,1,1,1,0,0,0,0,0,1,15.161351300776005
read_version_filter,4,84,2,0,0,2,2,2,0,0,0,0,0,1,21.821485832333565
read_version_filter,4,16,2,1,0,,,,0,0,0,0,0,1,31.444539315998554
read_version_filter,4,81,2,0,0,2,2,2,0,0,0,0,0,1,31.237554736435413
read_version_filter,4,116,2,0,0,2,2,2,0,0,0,0,0,1,11.44529227167368
read_version_filter,4,30,2,0,0,2,2,2,0,0,0,0,0,1,11.517124250531197
read_version_filter,4,99,2,0,0,2,2,2,0,0,0,0,0,1,11.647324077785015
read_version_filter,4,62,2,1,0,,,,0,0,0,0,0,1,11.40887476503849
read_version_filter,4,40,1,0,0,1,1,1,0,0,0,0,0,1,11.274710297584534
read_version_filter,4,122,2,0,0,2,2,2,0,0,0,0,0,1,11.2755810841918
read_version_filter,4,126,2,0,0,2,2,2,0,0,0,0,0,1,11.059341952204704
read_version_filter,4,60,2,0,0,2,2,2,0,0,0,0,0,1,11.35974656790495
read_version_filter,4,62,2,1,0,,,,0,0,0,0,0,1,10.782573372125626
read_version_filter,4,87,2,1,0,,,,0,0,0,0,0,1,11.73945888876915
read_version_filter,4,24,2,0,0,2,2,2,0,0,0,0,0,1,12.314114719629288
read_version_filter,4,84,2,0,0,2,2,2,0,0,0,0,0,0,9.774926118552685
read_version_filter,4,60,2,0,0,2,2,2,0,0,0,0,0,0,20.016410388052464
read_version_filter,4,97,2,0,0,2,2,2,0,0,0,0,0,0,20.164010114967823
read_version_filter,4,62,2,1,0,,,,0,0,0,0,0,1,12.144035659730434
read_version_filter,4,108,2,0,0,2,2,2,0,0,0,0,0,1,11.964386329054832
read_version_filter,4,121,2,0,0,2,2,2,0,0,0,0,0,1,12.044921517372131
read_version_filter,4,15,2,0,0,,,,0,0,0,1,1,1,22.068968042731285
read_version_filter,4,119,2,0,0,2,2,2,0,0,0,0,0,1,21.535389125347137
read_version_filter,4,18,2,0,0,2,2,2,0,0,0,0,0,1,22.0596706494689
read_version_filter,4,4,2,0,0,,,,0,0,0,1,1,1,21.987977437675
read_version_filter,4,108,2,0,0,2,2,2,0,0,0,0,0,1,11.617974378168583
read_version_filter,4,50,2,0,0,,,,0,0,0,1,1,1,11.39827910810709
read_version_filter,4,40,2,1,0,,,,0,0,0,0,0,1,11.285604909062386
read_version_filter,4,109,2,0,0,,,,0,0,0,1,1,1,11.101135052740574
read_version_filter,4,91,2,0,0,2,2,2,0,0,0,0,0,1,11.349162086844444
read_version_filter,4,15,2,0,0,,,,0,0,0,1,1,1,11.323613114655018
read_version_filter,4,96,2,0,0,,,,0,0,0,1,1,1,11.174790561199188
read_version_filter,4,15,2,0,0,,,,0,0,0,1,1,1,10.650299489498138
read_version_filter,4,71,2,0,0,2,2,2,0,0,0,0,0,1,11.473004706203938
read_version_filter,4,35,2,0,0,2,,2,0,0,0,0,0,1,24.54357035458088
read_version_filter,4,40,2,1,0,,,,0,0,0,0,0,1,24.773137643933296
read_version_filter,4,92,2,0,0,2,,2,0,0,0,0,0,1,34.25972815603018
read_version_filter,4,27,2,0,0,2,2,2,0,0,0,0,0,1,21.074507385492325
read_version_filter,4,35,2,0,0,2,,2,0,0,0,0,0,1,12.39885576069355
read_version_filter,4,6,2,0,0,2,,2,0,0,0,0,0,1,12.123103253543377
read_version_filter,4,26,2,0,0,2,,2,0,0,0,0,0,1,11.439026333391666
read_version_filter,4,4,2,0,0,2,,2,0,0,0,0,0,1,11.663300916552544
read_version_filter,4,4,2,0,0,2,,2,0,0,0,0,0,1,11.655062437057495
read_version_filter,4,92,2,0,0,2,,2,0,0,0,0,0,1,11.637979187071323
read_version_filter,4,82,2,0,0,2,,2,0,0,0,0,0,1,11.853398755192757
read_version_filter,4,4,2,0,0,2,,2,0,0,0,0,0,1,11.913234367966652
read_version_filter,4,4,2,0,0,2,2,2,0,0,0,0,0,1,12.963103130459785
read_version_filter,4,15,2,0,0,2,2,2,0,0,0,0,0,1,19.785036332905293
read_version_filter,4,96,2,0,0,2,2,2,0,0,0,0,0,1,29.55636754631996
read_version_filter,4,88,2,1,0,,,,0,0,0,0,0,1,29.803677462041378
read_version_filter,4,55,2,1,0,,,,0,0,0,0,0,1,11.567613109946251
read_version_filter,4,96,2,0,0,2,2,2,0,0,0,0,0,1,11.712678708136082
read_version_filter,4,93,2,0,0,2,2,2,0,0,0,0,0,1,11.50455977767706
read_version_filter,4,26,2,0,0,2,2,2,0,0,0,0,0,1,11.143708601593971
read_version_filter,4,109,2,0,0,2,2,2,0,0,0,0,0,1,11.266257613897324
read_version_filter,4,40,2,1,0,,,,0,0,0,0,0,1,10.614382103085518
read_version_filter,4,40,2,1,0,,,,0,0,0,0,0,1,11.308947578072548
read_version_filter,4,109,2,0,0,2,2,2,0,0,0,0,0,1,11.198160238564014
read_version_filter,4,25,2,0,0,2,2,2,0,0,0,0,0,1,11.1702224239707
read_version_filter,4,96,2,0,0,2,2,2,0,0,0,0,0,1,11.483226902782917
read_version_filter,4,50,2,0,0,2,2,2,0,0,0,0,0,1,10.860251262784004
read_version_filter,4,15,2,0,0,2,2,2,0,0,0,0,0,1,11.019457131624222
read_version_filter,4,106,2,0,0,2,2,2,0,0,0,0,0,1,18.88834498822689
read_version_filter,4,118,2,1,0,,,,0,0,0,0,0,1,18.201762810349464
read_version_filter,4,26,2,0,0,2,2,2,0,0,0,0,0,1,28.355740010738373
read_version_filter,4,57,2,0,0,2,2,2,0,0,0,0,0,1,35.071149468421936
read_version_filter,4,92,2,0,0,2,2,2,0,0,0,0,0,1,11.369300074875355
read_version_filter,4,55,2,1,0,,,,0,0,0,0,0,1,11.221901513636112
read_version_filter,4,73,2,1,0,,,,0,0,0,0,0,1,11.353682726621628
read_version_filter,4,118,2,1,0,,,,0,0,0,0,0,1,10.716820135712624
read_version_filter,4,55,2,1,0,,,,0,0,0,0,0,1,11.045439168810844
read_version_filter,4,118,2,1,0,,,,0,0,0,0,0,1,11.337298899888992
read_version_filter,4,98,2,0,0,2,2,2,0,0,0,0,0,1,10.914127342402935
read_version_filter,4,96,2,0,0,2,2,2,0,0,0,0,0,1,11.197404935956001
read_version_filter,4,109,2,0,0,2,2,2,0,0,0,0,0,0,8.251836523413658
read_version_filter,4,96,2,0,0,2,2,2,0,0,0,0,0,0,8.011254481971264
read_version_filter,4,118,2,1,0,,,,0,0,0,0,0,0,17.426899634301662
read_version_filter,4,55,2,1,0,,,,0,0,0,0,0,0,11.553674004971981
read_version_filter,4,55,2,1,0,,,,0,0,0,0,0,0,10.938415303826332
read_version_filter,4,57,2,0,0,2,2,2,0,0,0,0,0,0,11.240201070904732
read_version_filter,4,4,2,0,0,2,2,2,0,0,0,0,0,0,10.989043861627579
read_version_filter,4,113,2,0,0,2,2,2,0,0,0,0,0,0,11.267578229308128
read_version_filter,4,33,2,0,0,2,2,2,0,0,0,0,0,0,11.569228023290634
read_version_filter,4,40,2,1,0,,,,0,0,0,0,0,0,11.255834251642227
read_version_filter,4,92,2,0,0,2,2,2,0,0,0,0,0,0,11.406442150473595
read_version_filter,4,57,2,0,0,2,2,2,0,0,0,0,0,0,11.404861696064472
read_version_filter,4,4,2,0,0,2,2,2,0,0,0,0,0,0,11.40637043863535
read_version_filter,4,98,2,0,0,2,2,2,0,0,0,0,0,0,11.712600477039814
read_version_filter,4,21,2,1,0,,,,0,0,0,0,0,0,11.742916889488697
read_version_filter,4,15,2,0,0,2,2,2,0,0,0,0,0,0,11.798331514000893
read_version_filter,4,3,2,0,0,2,2,2,0,0,0,0,0,0,12.398304417729378
read_version_filter,4,96,2,0,0,2,2,2,0,0,0,0,0,0,12.612194754183292
read_version_filter,4,98,2,0,0,2,2,2,0,0,0,0,0,0,12.705531902611256
read_version_filter,4,28,2,0,0,2,2,2,0,0,0,0,0,0,12.539030984044075
read_version_filter,4,6,2,0,0,2,2,2,0,0,0,0,0,0,11.520026251673698
read_version_filter,4,57,2,0,0,2,2,2,0,0,0,0,0,0,11.322240345180035
read_version_filter,4,50,2,0,0,2,2,2,0,0,0,0,0,0,11.767012998461723
read_version_filter,4,50,2,0,0,2,2,2,0,0,0,0,0,0,12.190332636237144
read_version_filter,4,64,2,0,0,2,2,2,0,0,0,0,0,0,11.895475909113884
read_version_filter,4,92,2,0,0,2,2,2,0,0,0,0,0,0,11.511855758726597
read_version_filter,4,76,2,0,0,2,2,2,0,0,0,0,0,0,11.29042822867632
read_version_filter,4,92,2,0,0,2,2,2,0,0,0,0,0,0,11.851654388010502
read_version_filter,4,40,2,1,0,,,,0,0,0,0,0,0,11.843940243124962
read_version_filter,4,15,2,0,0,2,2,2,0,0,0,0,0,0,12.07178644835949
read_version_filter,4,26,2,0,0,2,2,2,0,0,0,0,0,0,11.609057895839214
read_version_filter,4,25,2,0,0,2,2,2,0,0,0,0,0,0,11.552546173334122
blue_green_epoch,0,92,1,0,0,1,1,1,0,0,0,0,0,1,3.402944654226303
blue_green_epoch,0,8,1,0,0,1,1,1,0,0,0,0,0,1,6.83269277215004
blue_green_epoch,0,97,1,0,0,1,1,1,0,0,0,0,0,1,10.094434022903442
blue_green_epoch,0,12,1,0,0,1,1,1,0,0,0,0,0,1,12.165346182882786
blue_green_epoch,0,26,1,0,0,1,1,1,0,0,0,0,0,1,12.343494221568108
blue_green_epoch,0,34,1,0,0,1,1,1,0,0,0,0,0,1,11.815517209470272
blue_green_epoch,0,26,1,0,0,1,1,1,0,0,0,0,0,1,12.14024517685175
blue_green_epoch,0,58,1,0,0,1,1,1,0,0,0,0,0,1,12.229961343109608
blue_green_epoch,0,9,1,0,0,1,1,1,0,0,0,0,0,1,12.187905609607697
blue_green_epoch,0,26,1,0,0,1,1,1,0,0,0,0,0,1,11.974609456956387
blue_green_epoch,0,3,1,0,0,1,1,1,0,0,0,0,0,1,11.854514479637146
blue_green_epoch,0,81,1,0,0,1,1,1,0,0,0,0,0,1,11.334550566971302
blue_green_epoch,0,14,1,0,0,1,1,1,0,0,0,0,0,1,11.513864621520042
blue_green_epoch,0,48,1,0,0,1,1,1,0,0,0,0,0,1,12.14976143091917
blue_green_epoch,0,90,1,0,0,1,1,1,0,0,0,0,0,1,12.07308191806078
blue_green_epoch,0,115,1,0,0,1,1,1,0,0,0,0,0,1,11.810828931629658
blue_green_epoch,0,48,1,0,0,1,1,1,0,0,0,0,0,1,11.808962561190128
blue_green_epoch,0,26,1,0,0,1,1,1,0,0,0,0,0,1,100.29111336916685
blue_green_epoch,0,58,1,0,0,1,1,1,0,0,0,0,0,1,97.68292400985956
blue_green_epoch,0,21,1,0,0,1,1,1,0,0,0,0,0,1,112.71856352686882
blue_green_epoch,0,115,1,0,0,1,1,1,0,0,0,0,0,1,112.97260783612728
blue_green_epoch,0,64,1,0,0,1,1,1,0,0,0,0,0,1,11.526093818247318
blue_green_epoch,0,58,1,0,0,1,1,1,0,0,0,0,0,1,11.021708138287067
blue_green_epoch,0,115,1,0,0,1,1,1,0,0,0,0,0,1,11.027367785573006
blue_green_epoch,0,67,1,0,0,1,1,1,0,0,0,0,0,1,11.373837478458881
blue_green_epoch,0,33,1,0,0,1,1,1,0,0,0,0,0,1,11.896293610334396
blue_green_epoch,0,33,1,0,0,1,1,1,0,0,0,0,0,1,12.056011706590652
blue_green_epoch,0,103,1,0,0,1,1,1,0,0,0,0,0,1,13.38951475918293
blue_green_epoch,0,9,1,0,0,1,1,1,0,0,0,0,0,1,13.387166894972324
blue_green_epoch,0,58,1,0,0,1,1,1,0,0,0,0,0,1,13.535702601075172
blue_green_epoch,0,41,1,0,0,1,1,1,0,0,0,0,0,1,12.945953756570816
blue_green_epoch,0,48,1,0,0,1,1,1,0,0,0,0,0,1,12.632027268409729
blue_green_epoch,0,103,1,0,0,1,1,1,0,0,0,0,0,1,27.18095388263464
blue_green_epoch,0,100,1,0,0,1,1,1,0,0,0,0,0,1,37.06211410462856
blue_green_epoch,0,1,1,0,0,1,1,1,0,0,0,0,0,1,36.99678275734186
blue_green_epoch,0,81,1,0,0,1,1,1,0,0,0,0,0,1,32.75358397513628
blue_green_epoch,0,123,1,0,0,1,1,1,0,0,0,0,0,1,11.787520721554756
blue_green_epoch,0,3,1,0,0,1,1,1,0,0,0,0,0,1,12.04454991966486
blue_green_epoch,0,96,1,0,0,1,1,1,0,0,0,0,0,1,11.658746749162674
blue_green_epoch,0,103,1,0,0,1,1,1,0,0,0,0,0,1,12.321715243160725
blue_green_epoch,0,64,1,0,0,1,1,1,0,0,0,0,0,1,11.96609903126955
blue_green_epoch,0,61,1,0,0,1,1,1,0,0,0,0,0,1,11.20032463222742
blue_green_epoch,0,13,1,0,0,1,1,1,0,0,0,0,0,1,11.88766397535801
blue_green_epoch,0,103,1,0,0,1,1,1,0,0,0,0,0,1,11.804888024926186
blue_green_epoch,0,100,2,0,1,2,2,2,0,0,0,0,0,1,15.786241739988327
blue_green_epoch,0,9,2,0,1,2,2,2,0,0,0,0,0,1,23.156708106398582
blue_green_epoch,0,103,2,0,1,2,2,2,0,0,0,0,0,1,19.76293232291937
blue_green_epoch,0,33,2,1,1,,,,0,0,0,0,0,1,33.575963228940964
blue_green_epoch,0,76,1,0,1,1,1,1,0,0,0,0,0,1,12.720358557999134
blue_green_epoch,0,9,2,0,1,2,2,2,0,0,0,0,0,1,11.87556516379118
blue_green_epoch,0,35,1,0,1,1,1,1,0,0,0,0,0,1,12.102318927645683
blue_green_epoch,0,1,1,0,1,1,1,1,0,0,0,0,0,1,11.92809734493494
blue_green_epoch,0,7,1,0,1,1,1,1,0,0,0,0,0,0,11.256999336183071
blue_green_epoch,0,17,1,0,1,1,1,1,0,0,0,0,0,0,11.36639341711998
blue_green_epoch,0,69,1,0,1,1,1,1,0,0,0,0,0,0,11.721532791852951
blue_green_epoch,0,49,2,0,1,2,2,2,0,0,0,0,0,0,11.341288685798645
blue_green_epoch,0,64,2,1,1,,,,0,0,0,0,0,1,12.05398328602314
blue_green_epoch,0,74,2,0,1,2,2,2,0,0,0,0,0,1,11.524287983775139
blue_green_epoch,0,115,2,1,1,,,,0,0,0,0,0,1,12.053275480866432
blue_green_epoch,0,105,1,0,1,1,1,1,0,0,0,0,0,1,11.839309707283974
blue_green_epoch,0,89,1,0,1,1,1,1,0,0,0,0,0,1,11.075474321842194
blue_green_epoch,0,111,1,0,1,1,1,1,0,0,0,0,0,1,11.350968852639198
blue_green_epoch,0,111,1,0,1,1,1,1,0,0,0,0,0,1,11.010323651134968
blue_green_epoch,0,99,1,0,1,1,1,1,0,0,0,0,0,1,11.675619520246983
blue_green_epoch,0,102,1,0,1,1,1,1,0,0,0,0,0,1,11.649610474705696
blue_green_epoch,0,55,1,0,1,1,1,1,0,0,0,0,0,1,11.568214744329453
blue_green_epoch,0,90,1,0,1,1,1,1,0,0,0,0,0,1,11.837112717330456
blue_green_epoch,0,116,1,0,1,1,1,1,0,0,0,0,0,1,11.735834181308746
blue_green_epoch,0,22,1,0,1,1,1,1,0,0,0,0,0,1,11.683116666972637
blue_green_epoch,0,127,1,0,1,1,1,1,0,0,0,0,0,1,92.23244339227676
blue_green_epoch,0,99,1,0,1,1,1,1,0,0,0,0,0,1,100.91557446867228
blue_green_epoch,0,10,1,0,1,1,1,1,0,0,0,0,0,1,111.04112677276134
blue_green_epoch,0,45,1,0,1,1,1,1,0,0,0,0,0,1,110.96546240150928
blue_green_epoch,0,93,1,0,1,1,1,1,0,0,0,0,0,1,11.324768885970116
blue_green_epoch,0,127,1,0,1,1,1,1,0,0,0,0,0,1,11.586080305278301
blue_green_epoch,0,36,1,0,1,1,1,1,0,0,0,0,0,1,11.427001096308231
blue_green_epoch,0,39,1,0,1,1,1,1,0,0,0,0,0,1,11.117069981992245
blue_green_epoch,0,62,1,0,1,1,1,1,0,0,0,0,0,1,11.387685313820839
blue_green_epoch,0,111,1,0,1,1,1,1,0,0,0,0,0,1,11.838998645544052
blue_green_epoch,0,111,1,0,1,1,1,1,0,0,0,0,0,1,12.465672567486763
blue_green_epoch,0,121,1,0,1,1,1,1,0,0,0,0,0,1,12.379681691527367
blue_green_epoch,0,28,1,0,1,1,1,1,0,0,0,0,0,1,12.293708510696888
blue_green_epoch,0,111,1,0,1,1,1,1,0,0,0,0,0,1,23.137619718909264
blue_green_epoch,0,112,1,0,1,1,1,1,0,0,0,0,0,1,16.302654519677162
blue_green_epoch,0,61,1,0,1,1,1,1,0,0,0,0,0,1,22.841033525764942
blue_green_epoch,0,104,1,0,1,1,1,1,0,0,0,0,0,1,29.755705036222935
blue_green_epoch,0,46,1,0,1,1,1,1,0,0,0,0,0,1,11.623322032392025
blue_green_epoch,0,70,1,0,1,1,1,1,0,0,0,0,0,1,11.650044471025467
blue_green_epoch,0,12,1,0,1,1,1,1,0,0,0,0,0,1,11.738999746739864
blue_green_epoch,0,3,2,1,1,,,,0,0,0,0,0,1,11.66711375117302
blue_green_epoch,0,99,1,0,1,1,1,1,0,0,0,0,0,1,11.753962375223637
blue_green_epoch,0,111,1,0,1,1,1,1,0,0,0,0,0,1,11.98907196521759
blue_green_epoch,0,12,1,0,1,1,1,1,0,0,0,0,0,1,11.339569464325905
blue_green_epoch,0,55,1,0,1,1,1,1,0,0,0,0,0,1,12.182624079287052
blue_green_epoch,0,121,1,0,1,1,1,1,0,0,0,0,0,1,11.454135179519653
blue_green_epoch,0,36,1,0,1,1,1,1,0,0,0,0,0,1,12.31771893799305
blue_green_epoch,0,121,1,0,1,1,1,1,0,0,0,0,0,1,12.069400399923325
blue_green_epoch,0,118,1,0,2,1,1,1,0,0,0,0,0,1,18.58970895409584
blue_green_epoch,0,72,2,1,2,,,,0,0,0,0,0,1,28.812970966100693
blue_green_epoch,0,12,2,0,2,2,2,2,0,0,0,0,0,1,28.363686054944992
blue_green_epoch,0,22,2,0,2,2,2,2,0,0,0,0,0,1,25.766804814338684
blue_green_epoch,0,99,2,0,2,2,2,2,0,0,0,0,0,1,12.709366157650948
blue_green_epoch,0,5,2,0,2,2,2,2,0,0,0,0,0,1,13.02243024110794
blue_green_epoch,0,13,2,0,2,2,2,2,0,0,0,0,0,1,12.422624044120312
blue_green_epoch,0,89,2,0,2,2,2,2,0,0,0,0,0,1,12.61014211922884
blue_green_epoch,0,36,2,0,2,2,2,2,0,0,0,0,0,1,11.997649446129799
blue_green_epoch,0,99,2,0,2,2,2,2,0,0,0,0,0,1,11.557187885046005
blue_green_epoch,0,99,2,0,2,2,2,2,0,0,0,0,0,1,11.927258223295212
blue_green_epoch,0,1,2,0,2,2,2,2,0,0,0,0,0,0,11.779628694057465
blue_green_epoch,0,28,2,0,2,2,2,2,0,0,0,0,0,0,12.226697988808155
blue_green_epoch,0,114,2,0,2,2,2,2,0,0,0,0,0,0,11.792595498263836
blue_green_epoch,0,121,2,0,2,2,2,2,0,0,0,0,0,0,12.01083604246378
blue_green_epoch,0,1,2,0,2,2,2,2,0,0,0,0,0,0,12.29982078075409
blue_green_epoch,0,99,2,0,2,2,2,2,0,0,0,0,0,1,11.713697575032711
blue_green_epoch,0,99,2,0,2,2,2,2,0,0,0,0,0,1,11.963344179093838
blue_green_epoch,0,28,2,0,2,2,2,2,0,0,0,0,0,1,11.324332095682621
blue_green_epoch,0,94,1,0,2,1,1,1,0,0,0,0,0,1,11.735501699149609
blue_green_epoch,0,106,1,0,2,1,1,1,0,0,0,0,0,1,12.018421664834023
blue_green_epoch,0,94,1,0,2,1,1,1,0,0,0,0,0,1,12.211712077260017
blue_green_epoch,0,29,1,0,2,1,1,1,0,0,0,0,0,1,12.500069104135036
blue_green_epoch,0,70,1,0,2,1,1,1,0,0,0,0,0,1,12.511690147221088
blue_green_epoch,0,56,1,0,2,1,1,1,0,0,0,0,0,1,12.220055796205997
blue_green_epoch,0,94,1,0,2,1,1,1,0,0,0,0,0,1,11.615291237831116
blue_green_epoch,0,121,2,0,2,2,2,2,0,0,0,0,0,1,11.577068828046322
blue_green_epoch,0,105,1,0,2,1,1,1,0,0,0,0,0,1,11.34327333420515
blue_green_epoch,0,53,1,0,2,1,1,1,0,0,0,0,0,1,11.712801642715931
blue_green_epoch,0,53,1,0,2,1,1,1,0,0,0,0,0,1,11.848273687064648
blue_green_epoch,0,69,1,0,2,1,1,1,0,0,0,0,0,1,11.99248991906643
blue_green_epoch,0,25,1,0,2,1,1,1,0,0,0,0,0,1,101.00906994193792
blue_green_epoch,0,110,1,0,2,1,1,1,0,0,0,0,0,1,107.53115359693766
blue_green_epoch,0,68,1,0,2,1,1,1,0,0,0,0,0,1,104.01976481080055
blue_green_epoch,0,94,1,0,2,1,1,1,0,0,0,0,0,1,101.3769842684269
blue_green_epoch,0,44,1,0,2,1,1,1,0,0,0,0,0,1,11.396327055990696
blue_green_epoch,0,30,1,0,2,1,1,1,0,0,0,0,0,1,11.276893317699432
blue_green_epoch,0,5,2,0,2,2,2,2,0,0,0,0,0,1,12.064187787473202
blue_green_epoch,0,106,1,0,2,1,1,1,0,0,0,0,0,1,12.021872214972973
blue_green_epoch,0,71,1,0,2,1,1,1,0,0,0,0,0,1,12.441743165254593
blue_green_epoch,0,25,1,0,2,1,1,1,0,0,0,0,0,1,12.441755272448063
blue_green_epoch,0,87,1,0,2,1,1,1,0,0,0,0,0,1,12.168869376182556
blue_green_epoch,0,108,1,0,2,1,1,1,0,0,0,0,0,1,12.302177958190441
blue_green_epoch,0,106,1,0,2,1,1,1,0,0,0,0,0,1,11.998563073575497
blue_green_epoch,0,23,1,0,2,1,1,1,0,0,0,0,0,1,11.668956838548183
blue_green_epoch,0,110,1,0,2,1,1,1,0,0,0,0,0,1,11.469409801065922
blue_green_epoch,0,32,1,0,2,1,1,1,0,0,0,0,0,1,11.480248533189297
blue_green_epoch,0,34,1,0,2,1,1,1,0,0,0,0,0,1,22.166112437844276
blue_green_epoch,0,98,1,0,2,1,1,1,0,0,0,0,0,1,18.978122621774673
blue_green_epoch,0,4,1,0,2,1,1,1,0,0,0,0,0,1,25.50700306892395
blue_green_epoch,0,84,1,0,2,1,1,1,0,0,0,0,0,1,23.666114546358585
blue_green_epoch,0,105,1,0,2,1,1,1,0,0,0,0,0,1,11.122425086796284
blue_green_epoch,0,27,1,0,2,1,1,1,0,0,0,0,0,1,12.007739394903183
blue_green_epoch,0,101,1,0,2,1,1,1,0,0,0,0,0,1,11.574181728065014
blue_green_epoch,0,116,1,0,2,1,1,1,0,0,0,0,0,1,11.674360372126102
blue_green_epoch,0,56,1,0,2,1,1,1,0,0,0,0,0,1,11.663234792649746
blue_green_epoch,0,65,1,0,2,1,1,1,0,0,0,0,0,1,11.566558852791786
blue_green_epoch,0,15,1,0,2,1,1,1,0,0,0,0,0,1,11.310620233416557
blue_green_epoch,0,93,2,1,2,,,,0,0,0,0,0,1,11.731801554560661
blue_green_epoch,0,11,1,0,3,1,1,1,0,0,0,0,0,1,21.65543381124735
blue_green_epoch,0,119,1,0,3,1,1,1,0,0,0,0,0,1,21.67297061532736
blue_green_epoch,0,106,2,0,3,2,2,2,0,0,0,0,0,1,22.101671434938908
blue_green_epoch,0,30,2,0,3,2,2,2,0,0,0,0,0,1,22.514347918331623
blue_green_epoch,0,25,2,0,3,2,2,2,0,0,0,0,0,1,12.027805671095848
blue_green_epoch,0,20,2,0,3,2,2,2,0,0,0,0,0,1,12.044230476021767
blue_green_epoch,0,78,1,0,3,1,1,1,0,0,0,0,0,1,11.712209321558475
blue_green_epoch,0,99,2,0,3,2,2,2,0,0,0,0,0,1,11.65991835296154
blue_green_epoch,0,110,2,0,3,2,2,2,0,0,0,0,0,1,11.847455985844135
blue_green_epoch,0,31,1,0,3,1,1,1,0,0,0,0,0,1,11.901806108653545
blue_green_epoch,0,101,2,0,3,2,2,2,0,0,0,0,0,0,11.859205551445484
blue_green_epoch,0,25,2,0,3,2,2,2,0,0,0,0,0,0,11.710524559020996
blue_green_epoch,0,38,1,0,3,1,1,1,0,0,0,0,0,0,11.610446497797966
blue_green_epoch,0,94,2,0,3,2,2,2,0,0,0,0,0,0,11.564972810447216
blue_green_epoch,0,79,2,1,3,,,,0,0,0,0,0,1,12.322659604251385
blue_green_epoch,0,76,1,0,3,1,1,1,0,0,0,0,0,1,11.388832703232765
blue_green_epoch,0,53,2,0,3,2,2,2,0,0,0,0,0,1,11.95131428539753
blue_green_epoch,0,79,2,1,3,,,,0,0,0,0,0,1,11.770137585699558
blue_green_epoch,0,122,1,0,3,1,1,1,0,0,0,0,0,1,11.398009024560452
blue_green_epoch,0,63,1,0,3,1,1,1,0,0,0,0,0,1,12.078607454895973
blue_green_epoch,0,122,1,0,3,1,1,1,0,0,0,0,0,1,12.281536124646664
blue_green_epoch,0,80,1,0,3,1,1,1,0,0,0,0,0,1,12.814249843358994
blue_green_epoch,0,16,1,0,3,1,1,1,0,0,0,0,0,1,12.67557218670845
blue_green_epoch,0,62,1,0,3,1,1,1,0,0,0,0,0,1,13.08827381581068
blue_green_epoch,0,38,1,0,3,1,1,1,0,0,0,0,0,1,12.869994156062603
blue_green_epoch,0,43,1,0,3,1,1,1,0,0,0,0,0,1,12.859993614256382
blue_green_epoch,0,109,1,0,3,1,1,1,0,0,0,0,0,1,13.032433576881886
blue_green_epoch,0,38,1,0,3,1,1,1,0,0,0,0,0,1,87.32851222157478
blue_green_epoch,0,43,1,0,3,1,1,1,0,0,0,0,0,1,103.71368285268545
blue_green_epoch,0,90,1,0,3,1,1,1,0,0,0,0,0,1,99.94263853877783
blue_green_epoch,0,16,1,0,3,1,1,1,0,0,0,0,0,1,106.82952962815762
blue_green_epoch,0,110,2,0,3,2,2,2,0,0,0,0,0,1,11.922168545424938
blue_green_epoch,0,100,2,0,3,2,2,2,0,0,0,0,0,1,11.645937338471413
blue_green_epoch,0,90,1,0,3,1,1,1,0,0,0,0,0,1,11.685879901051521
blue_green_epoch,0,85,1,0,3,1,1,1,0,0,0,0,0,1,10.996236465871334
blue_green_epoch,0,38,1,0,3,1,1,1,0,0,0,0,0,1,11.603031307458878
blue_green_epoch,0,63,1,0,3,1,1,1,0,0,0,0,0,1,12.897694483399391
blue_green_epoch,0,84,1,0,3,1,1,1,0,0,0,0,0,1,12.912817299365997
blue_green_epoch,0,63,1,0,3,1,1,1,0,0,0,0,0,1,19.770647399127483
blue_green_epoch,0,55,1,0,3,1,1,1,0,0,0,0,0,1,19.570333883166313
blue_green_epoch,0,109,1,0,3,1,1,1,0,0,0,0,0,1,19.060068763792515
blue_green_epoch,0,16,1,0,3,1,1,1,0,0,0,0,0,1,33.766272477805614
blue_green_epoch,0,37,1,0,3,1,1,1,0,0,0,0,0,1,11.148766614496708
blue_green_epoch,0,63,1,0,3,1,1,1,0,0,0,0,0,1,11.126619763672352
blue_green_epoch,0,29,1,0,3,1,1,1,0,0,0,0,0,1,11.785014532506466
blue_green_epoch,0,55,1,0,3,1,1,1,0,0,0,0,0,1,11.777670122683048
blue_green_epoch,0,113,1,0,3,1,1,1,0,0,0,0,0,1,12.510673142969608
blue_green_epoch,0,37,1,0,3,1,1,1,0,0,0,0,0,1,12.664059177041054
blue_green_epoch,0,92,1,0,3,1,1,1,0,0,0,0,0,1,12.522152625024319
blue_green_epoch,0,46,2,1,4,,,,0,0,0,0,0,1,18.0716784670949
blue_green_epoch,0,112,1,0,4,1,1,1,0,0,0,0,0,1,25.536556728184223
blue_green_epoch,0,74,2,0,4,2,2,2,0,0,0,0,0,1,18.985160626471043
blue_green_epoch,0,80,2,0,4,2,2,2,0,0,0,0,0,1,24.907329119741917
blue_green_epoch,0,37,2,0,4,2,2,2,0,0,0,0,0,1,11.676174588501453
blue_green_epoch,0,62,2,0,4,2,2,2,0,0,0,0,0,1,11.609855107963085
blue_green_epoch,0,109,2,0,4,2,2,2,0,0,0,0,0,1,11.461710557341576
blue_green_epoch,0,54,2,0,4,2,2,2,0,0,0,0,0,1,11.800155974924564
blue_green_epoch,0,95,2,0,4,2,2,2,0,0,0,0,0,1,11.737343855202198
blue_green_epoch,0,80,2,0,4,2,2,2,0,0,0,0,0,1,11.796128004789352
blue_green_epoch,0,8,1,0,4,1,1,1,0,0,0,0,0,0,12.634345330297947
blue_green_epoch,0,60,2,0,4,2,2,2,0,0,0,0,0,0,13.285976834595203
blue_green_epoch,0,18,1,0,4,1,1,1,0,0,0,0,0,0,13.874358497560024
blue_green_epoch,0,109,2,0,4,2,2,2,0,0,0,0,0,0,14.14136216044426
blue_green_epoch,0,80,2,0,4,2,2,2,0,0,0,0,0,1,13.627412728965282
blue_green_epoch,0,21,1,0,4,1,1,1,0,0,0,0,0,1,12.867219746112823
blue_green_epoch,0,16,2,0,4,2,2,2,0,0,0,0,0,1,12.96259555965662
blue_green_epoch,0,16,2,0,4,2,2,2,0,0,0,0,0,1,13.162188231945038
blue_green_epoch,0,4,2,0,4,2,2,2,0,0,0,0,0,1,12.39957194775343
blue_green_epoch,0,78,1,0,4,1,1,1,0,0,0,0,0,1,12.453037314116955
blue_green_epoch,0,91,1,0,4,1,1,1,0,0,0,0,0,1,12.32082024216652
blue_green_epoch,0,61,1,0,4,1,1,1,0,0,0,0,0,1,12.055504135787487
blue_green_epoch,0,18,1,0,4,1,1,1,0,0,0,0,0,1,11.58106792718172
blue_green_epoch,0,2,1,0,4,1,1,1,0,0,0,0,0,1,11.920490302145481
blue_green_epoch,0,113,1,0,4,1,1,1,0,0,0,0,0,1,11.919391341507435
blue_green_epoch,0,61,1,0,4,1,1,1,0,0,0,0,0,1,11.523574590682983
blue_green_epoch,0,78,1,0,4,1,1,1,0,0,0,0,0,1,11.961114592850208
blue_green_epoch,0,112,1,0,4,1,1,1,0,0,0,0,0,1,12.222572229802608
blue_green_epoch,0,2,1,0,4,1,1,1,0,0,0,0,0,1,11.847304180264473
blue_green_epoch,0,39,1,0,4,1,1,1,0,0,0,0,0,1,95.5206174403429
blue_green_epoch,0,91,1,0,4,1,1,1,0,0,0,0,0,1,86.01120673120022
blue_green_epoch,0,39,1,0,4,1,1,1,0,0,0,0,0,1,94.43320520222187
blue_green_epoch,0,39,1,0,4,1,1,1,0,0,0,0,0,1,101.41961928457022
blue_green_epoch,0,126,1,0,4,1,1,1,0,0,0,0,0,1,10.925289243459702
blue_green_epoch,0,65,1,0,4,1,1,1,0,0,0,0,0,1,11.156993918120861
blue_green_epoch,0,21,1,0,4,1,1,1,0,0,0,0,0,1,11.07569970190525
blue_green_epoch,0,115,2,1,4,,,,0,0,0,0,0,1,11.49726752191782
blue_green_epoch,0,78,1,0,4,1,1,1,0,0,0,0,0,1,10.722678154706955
blue_green_epoch,0,91,1,0,4,1,1,1,0,0,0,0,0,1,11.935862712562084
blue_green_epoch,0,27,1,0,4,1,1,1,0,0,0,0,0,1,11.942431330680847
blue_green_epoch,0,113,1,0,4,1,1,1,0,0,0,0,0,1,11.858056299388409
blue_green_epoch,0,21,1,0,4,1,1,1,0,0,0,0,0,1,11.739538982510567
blue_green_epoch,0,31,1,0,4,1,1,1,0,0,0,0,0,1,11.917300522327423
blue_green_epoch,0,39,1,0,4,1,1,1,0,0,0,0,0,1,13.576546683907509
blue_green_epoch,0,39,1,0,4,1,1,1,0,0,0,0,0,1,23.55288341641426
blue_green_epoch,0,2,1,0,4,1,1,1,0,0,0,0,0,1,23.4084939584136
blue_green_epoch,0,42,1,0,4,1,1,1,0,0,0,0,0,1,33.57022535055876
blue_green_epoch,0,65,1,0,4,1,1,1,0,0,0,0,0,1,11.304604820907116
blue_green_epoch,0,120,1,0,4,1,1,1,0,0,0,0,0,1,11.423278599977493
blue_green_epoch,0,21,1,0,4,1,1,1,0,0,0,0,0,1,11.300763115286827
blue_green_epoch,0,43,2,0,4,2,2,2,0,0,0,0,0,1,11.791565455496311
blue_green_epoch,0,69,1,0,4,1,1,1,0,0,0,0,0,1,11.761585250496864
blue_green_epoch,0,117,1,0,4,1,1,1,0,0,0,0,0,1,11.537069454789162
blue_green_epoch,0,2,1,0,4,1,1,1,0,0,0,0,0,1,11.94771472364664
blue_green_epoch,0,10,1,0,4,1,1,1,0,0,0,0,0,1,11.308714747428894
blue_green_epoch,0,2,1,0,4,1,1,1,0,0,0,0,0,1,11.73077616840601
blue_green_epoch,0,76,1,0,4,1,1,1,0,0,0,0,0,1,12.10081297904253
blue_green_epoch,0,17,1,0,5,1,1,1,0,0,0,0,0,1,21.909737028181553
blue_green_epoch,0,92,2,0,5,2,2,2,0,0,0,0,0,1,15.858029946684837
blue_green_epoch,0,91,2,1,5,,,,0,0,0,0,0,1,25.558539666235447
blue_green_epoch,0,55,2,0,5,2,2,2,0,0,0,0,0,1,25.432021357119083
blue_green_epoch,0,91,2,1,5,,,,0,0,0,0,0,1,11.139691807329655
blue_green_epoch,0,29,2,0,5,2,2,2,0,0,0,0,0,1,11.047746986150742
blue_green_epoch,0,34,2,0,5,2,2,2,0,0,0,0,0,1,11.481125839054585
blue_green_epoch,0,61,2,0,5,2,2,2,0,0,0,0,0,1,11.167694814503193
blue_green_epoch,0,21,2,0,5,2,2,2,0,0,0,0,0,1,11.249486356973648
blue_green_epoch,0,39,2,0,5,2,2,2,0,0,0,0,0,1,10.831234976649284
blue_green_epoch,0,39,2,0,5,2,2,2,0,0,0,0,0,1,11.238583363592625
blue_green_epoch,0,2,2,0,5,2,2,2,0,0,0,0,0,0,11.73201110213995
blue_green_epoch,0,31,1,0,5,1,1,1,0,0,0,0,0,0,12.707564979791641
blue_green_epoch,0,50,2,0,5,2,2,2,0,0,0,0,0,0,12.90776114910841
blue_green_epoch,0,61,2,0,5,2,2,2,0,0,0,0,0,0,13.084731996059418
blue_green_epoch,0,10,2,1,5,,,,0,0,0,0,0,1,12.199199758470058
blue_green_epoch,0,99,2,0,5,2,2,2,0,0,0,0,0,1,12.21019309014082
blue_green_epoch,0,36,2,0,5,2,2,2,0,0,0,0,0,1,11.800065636634827
blue_green_epoch,0,65,2,0,5,2,2,2,0,0,0,0,0,1,11.765005066990852
blue_green_epoch,0,26,2,0,5,2,2,2,0,0,0,0,0,1,11.459613218903542
blue_green_epoch,0,69,1,0,5,1,1,1,0,0,0,0,0,1,11.773131787776947
blue_green_epoch,0,14,1,0,5,1,1,1,0,0,0,0,0,1,12.042772956192493
blue_green_epoch,0,71,1,0,5,1,1,1,0,0,0,0,0,1,11.81438285857439
blue_green_epoch,0,19,1,0,5,1,1,1,0,0,0,0,0,1,12.65073660761118
blue_green_epoch,0,45,1,0,5,1,1,1,0,0,0,0,0,1,12.829792685806751
blue_green_epoch,0,30,2,0,5,2,2,2,0,0,0,0,0,1,12.53216341137886
blue_green_epoch,0,107,1,0,5,1,1,1,0,0,0,0,0,1,11.984114535152912
blue_green_epoch,0,19,1,0,5,1,1,1,0,0,0,0,0,1,12.020357884466648
blue_green_epoch,0,118,1,0,5,1,1,1,0,0,0,0,0,1,12.02237419784069
blue_green_epoch,0,57,1,0,5,1,1,1,0,0,0,0,0,1,89.84034229069948
blue_green_epoch,0,99,2,0,5,2,2,2,0,0,0,0,0,1,87.47406303882599
blue_green_epoch,0,68,1,0,5,1,1,1,0,0,0,0,0,1,103.45618613064289
blue_green_epoch,0,19,1,0,5,1,1,1,0,0,0,0,0,1,103.50498557090759
blue_green_epoch,0,57,1,0,5,1,1,1,0,0,0,0,0,1,11.533815413713455
blue_green_epoch,0,88,1,0,5,1,1,1,0,0,0,0,0,1,12.007879093289375
blue_green_epoch,0,102,1,0,5,1,1,1,0,0,0,0,0,1,12.022537179291248
blue_green_epoch,0,119,1,0,5,1,1,1,0,0,0,0,0,1,12.042303569614887
blue_green_epoch,0,6,1,0,5,1,1,1,0,0,0,0,0,1,12.055480852723122
blue_green_epoch,0,79,2,1,5,,,,0,0,0,0,0,1,12.14984618127346
blue_green_epoch,0,57,1,0,5,1,1,1,0,0,0,0,0,1,12.16110959649086
blue_green_epoch,0,55,2,0,5,2,2,2,0,0,0,0,0,1,13.085844926536083
blue_green_epoch,0,117,1,0,5,1,1,1,0,0,0,0,0,1,23.031283169984818
blue_green_epoch,0,117,1,0,5,1,1,1,0,0,0,0,0,1,29.57869414240122
blue_green_epoch,0,14,1,0,5,1,1,1,0,0,0,0,0,1,26.521988213062286
blue_green_epoch,0,93,2,1,5,,,,0,0,0,0,0,1,12.465022504329681
blue_green_epoch,0,56,2,0,5,2,2,2,0,0,0,0,0,1,12.848524376749992
blue_green_epoch,0,7,1,0,5,1,1,1,0,0,0,0,0,1,13.125257566571236
blue_green_epoch,0,11,1,0,5,1,1,1,0,0,0,0,0,1,12.646809220314026
blue_green_epoch,0,109,2,0,5,2,2,2,0,0,0,0,0,1,12.86233402788639
blue_green_epoch,0,61,2,0,5,2,2,2,0,0,0,0,0,1,12.793213129043579
blue_green_epoch,0,80,2,0,6,2,2,2,0,0,0,0,0,1,15.442905016243458
blue_green_epoch,0,119,2,0,6,2,2,2,0,0,0,0,0,1,25.308203883469105
blue_green_epoch,0,14,2,1,6,,,,0,0,0,0,0,1,19.018953666090965
blue_green_epoch,0,118,2,0,6,2,2,2,0,0,0,0,0,1,28.43758836388588
blue_green_epoch,0,45,2,0,6,2,2,2,0,0,0,0,0,1,11.857987381517887
blue_green_epoch,0,117,2,0,6,2,2,2,0,0,0,0,0,1,11.90527155995369
blue_green_epoch,0,6,2,0,6,2,2,2,0,0,0,0,0,1,11.795748956501484
blue_green_epoch,0,57,2,0,6,2,2,2,0,0,0,0,0,0,11.780034750699997
blue_green_epoch,0,100,2,0,6,2,2,2,0,0,0,0,0,0,11.143956333398819
blue_green_epoch,0,7,2,0,6,2,2,2,0,0,0,0,0,0,11.999903246760368
blue_green_epoch,0,11,2,0,6,2,2,2,0,0,0,0,0,0,11.897464282810688
blue_green_epoch,0,57,2,0,6,2,2,2,0,0,0,0,0,0,11.564883403480053
blue_green_epoch,0,6,2,0,6,2,2,2,0,0,0,0,0,1,12.510627508163452
blue_green_epoch,0,57,2,0,6,2,2,2,0,0,0,0,0,1,12.055250816047192
blue_green_epoch,0,69,2,0,6,2,2,2,0,0,0,0,0,1,12.191296555101871
blue_green_epoch,0,47,1,0,6,1,1,1,0,0,0,0,0,1,11.758499778807163
blue_green_epoch,0,107,1,0,6,1,1,1,0,0,0,0,0,1,11.814300902187824
blue_green_epoch,0,24,1,0,6,1,1,1,0,0,0,0,0,1,11.851700022816658
blue_green_epoch,0,107,1,0,6,1,1,1,0,0,0,0,0,1,12.03183364123106
blue_green_epoch,0,24,1,0,6,1,1,1,0,0,0,0,0,1,11.820172891020775
blue_green_epoch,0,98,1,0,6,1,1,1,0,0,0,0,0,1,12.907265685498714
blue_green_epoch,0,44,1,0,6,1,1,1,0,0,0,0,0,1,13.434489257633686
blue_green_epoch,0,27,1,0,6,1,1,1,0,0,0,0,0,1,13.39755579829216
blue_green_epoch,0,44,1,0,6,1,1,1,0,0,0,0,0,1,12.191222049295902
blue_green_epoch,0,17,1,0,6,1,1,1,0,0,0,0,0,1,89.37073405832052
blue_green_epoch,0,66,1,0,6,1,1,1,0,0,0,0,0,1,88.97577784955502
blue_green_epoch,0,22,2,0,6,2,2,2,0,0,0,0,0,1,86.75105962902308
blue_green_epoch,0,80,2,0,6,2,2,2,0,0,0,0,0,1,103.51921524852514
blue_green_epoch,0,125,1,0,6,1,1,1,0,0,0,0,0,1,12.686819769442081
blue_green_epoch,0,120,1,0,6,1,1,1,0,0,0,0,0,1,12.652857229113579
blue_green_epoch,0,122,2,0,6,2,2,2,0,0,0,0,0,1,12.39757239818573
blue_green_epoch,0,66,1,0,6,1,1,1,0,0,0,0,0,1,11.879708617925644
blue_green_epoch,0,18,2,0,6,2,2,2,0,0,0,0,0,1,11.766438372433186
blue_green_epoch,0,107,1,0,6,1,1,1,0,0,0,0,0,1,11.830328032374382
blue_green_epoch,0,44,1,0,6,1,1,1,0,0,0,0,0,1,12.117688544094563
blue_green_epoch,0,98,1,0,6,1,1,1,0,0,0,0,0,1,12.18569464981556
blue_green_epoch,0,82,1,0,6,1,1,1,0,0,0,0,0,1,11.385017074644566
blue_green_epoch,0,66,1,0,6,1,1,1,0,0,0,0,0,1,11.510195210576057
blue_green_epoch,0,42,1,0,6,1,1,1,0,0,0,0,0,1,11.94897573441267
blue_green_epoch,0,57,2,0,6,2,2,2,0,0,0,0,0,1,16.974521800875664
blue_green_epoch,0,5,2,0,6,2,2,2,0,0,0,0,0,1,17.119561322033405
blue_green_epoch,0,84,1,0,6,1,1,1,0,0,0,0,0,1,30.34038282930851
blue_green_epoch,0,82,1,0,6,1,1,1,0,0,0,0,0,1,31.069353222846985
blue_green_epoch,0,55,2,0,6,2,2,2,0,0,0,0,0,1,12.477895244956017
blue_green_epoch,0,98,1,0,6,1,1,1,0,0,0,0,0,1,13.045256026089191
blue_green_epoch,0,27,1,0,6,1,1,1,0,0,0,0,0,1,12.823434546589851
blue_green_epoch,0,73,1,0,6,1,1,1,0,0,0,0,0,1,12.819340452551842
blue_green_epoch,0,42,1,0,6,1,1,1,0,0,0,0,0,1,13.401591219007969
blue_green_epoch,0,66,1,0,6,1,1,1,0,0,0,0,0,1,13.33017461001873
blue_green_epoch,0,107,1,0,6,1,1,1,0,0,0,0,0,1,13.40317539870739
blue_green_epoch,0,98,1,0,6,1,1,1,0,0,0,0,0,1,13.237124308943748
blue_green_epoch,0,125,1,0,6,1,1,1,0,0,0,0,0,1,13.073558919131756
blue_green_epoch,0,98,2,0,7,2,2,2,0,0,0,0,0,1,26.30937658250332
blue_green_epoch,0,95,2,0,7,2,2,2,0,0,0,0,0,1,25.905695743858814
blue_green_epoch,0,66,2,1,7,,,,0,0,0,0,0,1,25.57129692286253
blue_green_epoch,0,17,2,0,7,2,2,2,0,0,0,0,0,1,25.256321765482426
blue_green_epoch,0,14,2,1,7,,,,0,0,0,0,0,1,11.982426047325134
blue_green_epoch,0,17,2,0,7,2,2,2,0,0,0,0,0,1,12.038623914122581
blue_green_epoch,0,116,1,0,7,1,1,1,0,0,0,0,0,1,12.011632323265076
blue_green_epoch,0,31,2,0,7,2,2,2,0,0,0,0,0,1,11.741888709366322
blue_green_epoch,0,98,2,0,7,2,2,2,0,0,0,0,0,1,12.066609226167202
blue_green_epoch,0,84,2,0,7,2,2,2,0,0,0,0,0,1,12.145698070526123
blue_green_epoch,0,120,2,0,7,2,2,2,0,0,0,0,0,1,11.885971762239933
blue_green_epoch,0,82,2,0,7,2,2,2,0,0,0,0,0,1,11.48207113146782
blue_green_epoch,0,17,2,0,7,2,2,2,0,0,0,0,0,0,11.969240382313728
blue_green_epoch,0,17,2,0,7,2,2,2,0,0,0,0,0,0,11.752842925488949
blue_green_epoch,0,75,2,1,7,,,,0,0,0,0,0,0,11.74905151128769
blue_green_epoch,0,42,2,0,7,2,2,2,0,0,0,0,0,0,11.909686028957367
blue_green_epoch,0,30,2,0,7,2,2,2,0,0,0,0,0,0,11.77423819899559
blue_green_epoch,0,27,2,0,7,2,2,2,0,0,0,0,0,1,12.135163880884647
blue_green_epoch,0,16,2,0,7,2,2,2,0,0,0,0,0,1,11.454363353550434
blue_green_epoch,0,125,2,0,7,2,2,2,0,0,0,0,0,1,12.04213872551918
blue_green_epoch,0,86,1,0,7,1,1,1,0,0,0,0,0,1,12.140958569943905
blue_green_epoch,0,86,1,0,7,1,1,1,0,0,0,0,0,1,11.713250540196896
blue_green_epoch,0,59,1,0,7,1,1,1,0,0,0,0,0,1,12.286489829421043
blue_green_epoch,0,55,2,0,7,2,2,2,0,0,0,0,0,1,11.990191414952278
blue_green_epoch,0,41,1,0,7,1,1,1,0,0,0,0,0,1,12.011334300041199
blue_green_epoch,0,87,1,0,7,1,1,1,0,0,0,0,0,1,11.735701933503151
blue_green_epoch,0,102,1,0,7,1,1,1,0,0,0,0,0,1,11.871841736137867
blue_green_epoch,0,25,2,0,7,2,2,2,0,0,0,0,0,1,12.484879232943058
blue_green_epoch,0,35,1,0,7,1,1,1,0,0,0,0,0,1,12.758169323205948
blue_green_epoch,0,85,1,0,7,1,1,1,0,0,0,0,0,1,77.99897529184818
blue_green_epoch,0,71,2,0,7,2,2,2,0,0,0,0,0,1,90.4800919815898
blue_green_epoch,0,59,1,0,7,1,1,1,0,0,0,0,0,1,97.69721422344446
blue_green_epoch,0,86,1,0,7,1,1,1,0,0,0,0,0,1,94.23074778169394
blue_green_epoch,0,83,1,0,7,1,1,1,0,0,0,0,0,1,12.477047741413116
blue_green_epoch,0,86,1,0,7,1,1,1,0,0,0,0,0,1,12.943903915584087
blue_green_epoch,0,77,1,0,7,1,1,1,0,0,0,0,0,1,12.221279554069042
blue_green_epoch,0,85,1,0,7,1,1,1,0,0,0,0,0,1,12.378684245049953
blue_green_epoch,0,86,1,0,7,1,1,1,0,0,0,0,0,1,11.758766137063503
blue_green_epoch,0,77,1,0,7,1,1,1,0,0,0,0,0,1,11.838785372674465
blue_green_epoch,0,102,1,0,7,1,1,1,0,0,0,0,0,1,11.990617960691452
blue_green_epoch,0,17,2,0,7,2,2,2,0,0,0,0,0,1,20.41994407773018
blue_green_epoch,0,35,1,0,7,1,1,1,0,0,0,0,0,1,20.205420441925526
blue_green_epoch,0,67,1,0,7,1,1,1,0,0,0,0,0,1,30.397512950003147
blue_green_epoch,0,0,1,0,7,1,1,1,0,0,0,0,0,1,22.951969876885414
blue_green_epoch,0,47,1,0,7,1,1,1,0,0,0,0,0,1,12.084079906344414
blue_green_epoch,0,77,1,0,7,1,1,1,0,0,0,0,0,1,12.094175443053246
blue_green_epoch,0,85,1,0,7,1,1,1,0,0,0,0,0,1,11.928647756576538
blue_green_epoch,0,41,1,0,7,1,1,1,0,0,0,0,0,1,11.652600951492786
blue_green_epoch,0,73,2,0,7,2,2,2,0,0,0,0,0,1,11.91521156579256
blue_green_epoch,0,87,1,0,7,1,1,1,0,0,0,0,0,1,11.984155513346195
blue_green_epoch,0,67,1,0,7,1,1,1,0,0,0,0,0,1,11.58963330090046
blue_green_epoch,0,86,1,0,7,1,1,1,0,0,0,0,0,1,11.16886455565691
blue_green_epoch,0,28,2,0,7,2,2,2,0,0,0,0,0,1,11.149312369525433
blue_green_epoch,0,87,1,0,7,1,1,1,0,0,0,0,0,1,11.893435381352901
blue_green_epoch,0,97,2,0,8,2,2,2,0,0,0,0,0,1,21.85832429677248
blue_green_epoch,0,86,2,0,8,2,2,2,0,0,0,0,0,1,22.128162905573845
blue_green_epoch,0,87,2,0,8,2,2,2,0,0,0,0,0,1,22.511166520416737
blue_green_epoch,0,108,2,0,8,2,2,2,0,0,0,0,0,1,23.05353432893753
blue_green_epoch,0,20,2,0,8,2,2,2,0,0,0,0,0,1,13.632495887577534
blue_green_epoch,0,40,2,1,8,,,,0,0,0,0,0,1,13.924348168075085
blue_green_epoch,0,108,2,0,8,2,2,2,0,0,0,0,0,1,9.510950185358524
blue_green_epoch,0,108,2,0,8,2,2,2,0,0,0,0,0,1,12.842930853366852
blue_green_epoch,0,0,2,0,8,2,2,2,0,0,0,0,0,1,12.390711344778538
blue_green_epoch,0,97,2,0,8,2,2,2,0,0,0,0,0,0,12.28153146803379
blue_green_epoch,0,85,2,0,8,2,2,2,0,0,0,0,0,0,11.470908299088478
blue_green_epoch,0,20,2,0,8,2,2,2,0,0,0,0,0,0,11.935754679143429
blue_green_epoch,0,115,2,1,8,,,,0,0,0,0,0,0,11.60391140729189
blue_green_epoch,0,67,2,1,8,,,,0,0,0,0,0,0,12.223566882312298
blue_green_epoch,0,86,2,0,8,2,2,2,0,0,0,0,0,0,12.008268386125565
blue_green_epoch,0,85,2,0,8,2,2,2,0,0,0,0,0,0,12.120269238948822
blue_green_epoch,0,98,2,0,8,2,2,2,0,0,0,0,0,0,12.644125148653984
blue_green_epoch,0,97,2,0,8,2,2,2,0,0,0,0,0,0,12.41984125226736
blue_green_epoch,0,113,2,0,8,2,2,2,0,0,0,0,0,0,12.36885879188776
blue_green_epoch,0,102,2,0,8,2,2,2,0,0,0,0,0,0,12.295983731746674
blue_green_epoch,0,83,2,0,8,2,2,2,0,0,0,0,0,0,11.957836337387562
blue_green_epoch,0,43,2,0,8,2,2,2,0,0,0,0,0,0,12.019782327115536
blue_green_epoch,0,119,2,0,8,2,2,2,0,0,0,0,0,0,11.77225261926651
blue_green_epoch,0,85,2,0,8,2,2,2,0,0,0,0,0,0,12.007675133645535
blue_green_epoch,0,99,2,0,8,2,2,2,0,0,0,0,0,0,12.21337728202343
blue_green_epoch,0,108,2,0,8,2,2,2,0,0,0,0,0,0,12.0045505464077
blue_green_epoch,0,38,2,1,8,,,,0,0,0,0,0,0,11.873322539031506
blue_green_epoch,0,108,2,0,8,2,2,2,0,0,0,0,0,0,11.784347705543041
blue_green_epoch,0,54,2,0,8,2,2,2,0,0,0,0,0,0,11.678860522806644
blue_green_epoch,0,47,2,0,8,2,2,2,0,0,0,0,0,0,11.853408999741077
blue_green_epoch,0,102,2,0,8,2,2,2,0,0,0,0,0,0,11.512459255754948
blue_green_epoch,0,0,2,0,8,2,2,2,0,0,0,0,0,0,11.711332947015762
blue_green_epoch,0,102,2,0,8,2,2,2,0,0,0,0,0,0,11.659420095384121
blue_green_epoch,0,0,2,0,8,2,2,2,0,0,0,0,0,0,12.504283338785172
blue_green_epoch,0,77,2,1,8,,,,0,0,0,0,0,0,12.676152400672436
blue_green_epoch,0,83,2,0,8,2,2,2,0,0,0,0,0,0,12.357263825833797
blue_green_epoch,0,97,2,0,8,2,2,2,0,0,0,0,0,0,12.199880555272102
blue_green_epoch,0,116,2,1,8,,,,0,0,0,0,0,0,11.291639879345894
blue_green_epoch,0,108,2,0,8,2,2,2,0,0,0,0,0,0,11.32343988865614
blue_green_epoch,0,47,2,0,8,2,2,2,0,0,0,0,0,0,11.749671772122383
blue_green_epoch,0,68,2,0,8,2,2,2,0,0,0,0,0,0,12.181716039776802
blue_green_epoch,1,48,1,0,0,1,1,1,0,0,0,0,0,1,3.556682728230953
blue_green_epoch,1,48,1,0,0,1,1,1,0,0,0,0,0,1,6.877153180539608
blue_green_epoch,1,41,1,0,0,1,1,1,0,0,0,0,0,1,9.87552385777235
blue_green_epoch,1,64,1,0,0,1,1,1,0,0,0,0,0,1,11.908479034900665
blue_green_epoch,1,63,1,0,0,1,1,1,0,0,0,0,0,1,11.397979222238064
blue_green_epoch,1,26,1,0,0,1,1,1,0,0,0,0,0,1,11.149423196911812
blue_green_epoch,1,31,1,0,0,1,1,1,0,0,0,0,0,1,10.538400150835514
blue_green_epoch,1,93,1,0,0,1,1,1,0,0,0,0,0,1,10.946371592581272
blue_green_epoch,1,31,1,0,0,1,1,1,0,0,0,0,0,1,10.926610790193081
blue_green_epoch,1,54,1,0,0,1,1,1,0,0,0,0,0,1,10.780850425362587
blue_green_epoch,1,49,1,0,0,1,1,1,0,0,0,0,0,1,10.872283019125462
blue_green_epoch,1,49,1,0,0,1,1,1,0,0,0,0,0,1,10.723707266151905
blue_green_epoch,1,89,1,0,0,1,1,1,0,0,0,0,0,1,10.500570759177208
blue_green_epoch,1,43,1,0,0,1,1,1,0,0,0,0,0,1,11.655064299702644
blue_green_epoch,1,73,1,0,0,1,1,1,0,0,0,0,0,1,90.2621066197753
blue_green_epoch,1,50,1,0,0,1,1,1,0,0,0,0,0,1,80.8447077870369
blue_green_epoch,1,120,1,0,0,1,1,1,0,0,0,0,0,1,103.66618353873491
blue_green_epoch,1,7,1,0,0,1,1,1,0,0,0,0,0,1,103.39229833334684
blue_green_epoch,1,99,1,0,0,1,1,1,0,0,0,0,0,1,11.580303311347961
blue_green_epoch,1,106,1,0,0,1,1,1,0,0,0,0,0,1,11.892025358974934
blue_green_epoch,1,43,1,0,0,1,1,1,0,0,0,0,0,1,11.514214798808098
blue_green_epoch,1,99,1,0,0,1,1,1,0,0,0,0,0,1,11.636215262115002
blue_green_epoch,1,14,1,0,0,1,1,1,0,0,0,0,0,1,10.608968324959278
blue_green_epoch,1,86,1,0,0,1,1,1,0,0,0,0,0,1,11.067064478993416
blue_green_epoch,1,86,1,0,0,1,1,1,0,0,0,0,0,1,10.968456976115704
blue_green_epoch,1,124,1,0,0,1,1,1,0,0,0,0,0,1,10.905169881880283
blue_green_epoch,1,14,1,0,0,1,1,1,0,0,0,0,0,1,18.85933242738247
blue_green_epoch,1,14,1,0,0,1,1,1,0,0,0,0,0,1,16.76574908196926
blue_green_epoch,1,26,1,0,0,1,1,1,0,0,0,0,0,1,22.548362612724304
blue_green_epoch,1,49,1,0,0,1,1,1,0,0,0,0,0,1,31.91925212740898
blue_green_epoch,1,67,1,0,0,1,1,1,0,0,0,0,0,1,10.706327855587006
blue_green_epoch,1,43,1,0,0,1,1,1,0,0,0,0,0,1,10.887239128351212
blue_green_epoch,1,8,1,0,0,1,1,1,0,0,0,0,0,1,10.624952614307404
blue_green_epoch,1,36,1,0,0,1,1,1,0,0,0,0,0,1,11.185536161065102
blue_green_epoch,1,43,1,0,0,1,1,1,0,0,0,0,0,1,11.218455620110035
blue_green_epoch,1,54,1,0,0,1,1,1,0,0,0,0,0,1,10.706450790166855
blue_green_epoch,1,125,1,0,0,1,1,1,0,0,0,0,0,1,11.016413569450378
blue_green_epoch,1,62,1,0,0,1,1,1,0,0,0,0,0,1,11.079538613557816
blue_green_epoch,1,99,1,0,0,1,1,1,0,0,0,0,0,1,10.382924228906631
blue_green_epoch,1,72,1,0,0,1,1,1,0,0,0,0,0,1,10.685773566365242
blue_green_epoch,1,71,1,0,1,1,1,1,0,0,0,0,0,1,11.85318361967802
blue_green_epoch,1,79,2,1,1,,,,0,0,0,0,0,1,20.6069303676486
blue_green_epoch,1,3,2,0,1,2,2,2,0,0,0,0,0,1,27.01761294156313
blue_green_epoch,1,87,1,0,1,1,1,1,0,0,0,0,0,1,24.385380558669567
blue_green_epoch,1,126,2,0,1,2,2,2,0,0,0,0,0,1,11.24434545636177
blue_green_epoch,1,79,2,1,1,,,,0,0,0,0,0,1,12.163851410150528
blue_green_epoch,1,67,2,1,1,,,,0,0,0,0,0,1,12.288132682442665
blue_green_epoch,1,49,2,1,1,,,,0,0,0,0,0,1,11.190125718712807
blue_green_epoch,1,110,1,0,1,1,1,1,0,0,0,0,0,1,10.784097015857697
blue_green_epoch,1,36,2,0,1,2,2,2,0,0,0,0,0,1,10.331420227885246
blue_green_epoch,1,49,2,1,1,,,,0,0,0,0,0,1,10.406158864498138
blue_green_epoch,1,8,2,0,1,2,2,2,0,0,0,0,0,0,10.914391838014126
blue_green_epoch,1,79,2,1,1,,,,0,0,0,0,0,0,10.97992155700922
blue_green_epoch,1,103,1,0,1,1,1,1,0,0,0,0,0,0,11.384375393390656
blue_green_epoch,1,23,1,0,1,1,1,1,0,0,0,0,0,0,11.051356792449951
blue_green_epoch,1,118,1,0,1,1,1,1,0,0,0,0,0,0,10.938500054180622
blue_green_epoch,1,8,2,0,1,2,2,2,0,0,0,0,0,1,11.192770674824715
blue_green_epoch,1,55,1,0,1,1,1,1,0,0,0,0,0,1,10.314610786736012
blue_green_epoch,1,54,2,0,1,2,2,2,0,0,0,0,0,1,10.641315951943398
blue_green_epoch,1,76,1,0,1,1,1,1,0,0,0,0,0,1,11.09581533819437
blue_green_epoch,1,66,1,0,1,1,1,1,0,0,0,0,0,1,10.213637724518776
blue_green_epoch,1,51,1,0,1,1,1,1,0,0,0,0,0,1,10.943247936666012
blue_green_epoch,1,93,1,0,1,1,1,1,0,0,0,0,0,1,11.223909445106983
blue_green_epoch,1,51,1,0,1,1,1,1,0,0,0,0,0,1,11.264193803071976
blue_green_epoch,1,59,1,0,1,1,1,1,0,0,0,0,0,1,11.496637016534805
blue_green_epoch,1,51,1,0,1,1,1,1,0,0,0,0,0,1,11.285224929451942
blue_green_epoch,1,96,1,0,1,1,1,1,0,0,0,0,0,1,11.06457319110632
blue_green_epoch,1,97,1,0,1,1,1,1,0,0,0,0,0,1,11.011694557964802
blue_green_epoch,1,97,1,0,1,1,1,1,0,0,0,0,0,1,82.82443881034851
blue_green_epoch,1,80,1,0,1,1,1,1,0,0,0,0,0,1,97.03090321272612
blue_green_epoch,1,96,1,0,1,1,1,1,0,0,0,0,0,1,94.22976244240999
blue_green_epoch,1,121,1,0,1,1,1,1,0,0,0,0,0,1,100.1837570220232
blue_green_epoch,1,66,1,0,1,1,1,1,0,0,0,0,0,1,10.30645240098238
blue_green_epoch,1,88,1,0,1,1,1,1,0,0,0,0,0,1,10.137885808944702
blue_green_epoch,1,113,1,0,1,1,1,1,0,0,0,0,0,1,11.066977865993977
blue_green_epoch,1,66,1,0,1,1,1,1,0,0,0,0,0,1,11.387922801077366
blue_green_epoch,1,97,1,0,1,1,1,1,0,0,0,0,0,1,11.554899625480175
blue_green_epoch,1,21,1,0,1,1,1,1,0,0,0,0,0,1,11.413413099944592
blue_green_epoch,1,66,1,0,1,1,1,1,0,0,0,0,0,1,11.32433395832777
blue_green_epoch,1,45,1,0,1,1,1,1,0,0,0,0,0,1,11.56594417989254
blue_green_epoch,1,4,1,0,1,1,1,1,0,0,0,0,0,1,22.63561263680458
blue_green_epoch,1,61,1,0,1,1,1,1,0,0,0,0,0,1,28.655458241701126
blue_green_epoch,1,94,1,0,1,1,1,1,0,0,0,0,0,1,25.59633832424879
blue_green_epoch,1,87,1,0,1,1,1,1,0,0,0,0,0,1,26.0589849203825
blue_green_epoch,1,71,1,0,1,1,1,1,0,0,0,0,0,1,11.109665036201477
blue_green_epoch,1,113,1,0,1,1,1,1,0,0,0,0,0,1,10.973441414535046
blue_green_epoch,1,4,1,0,1,1,1,1,0,0,0,0,0,1,10.979480110108852
blue_green_epoch,1,26,2,0,1,2,2,2,0,0,0,0,0,1,11.267810128629208
blue_green_epoch,1,21,1,0,1,1,1,1,0,0,0,0,0,1,11.258352547883987
blue_green_epoch,1,4,1,0,1,1,1,1,0,0,0,0,0,1,10.999821126461029
blue_green_epoch,1,66,1,0,1,1,1,1,0,0,0,0,0,1,10.92185266315937
blue_green_epoch,1,113,1,0,1,1,1,1,0,0,0,0,0,1,10.539469309151173
blue_green_epoch,1,66,1,0,1,1,1,1,0,0,0,0,0,1,10.480418801307678
blue_green_epoch,1,81,1,0,1,1,1,1,0,0,0,0,0,1,10.902267880737782
blue_green_epoch,1,84,1,0,1,1,1,1,0,0,0,0,0,1,11.000039987266064
blue_green_epoch,1,6,1,0,2,1,1,1,0,0,0,0,0,1,14.754644595086575
blue_green_epoch,1,118,1,0,2,1,1,1,0,0,0,0,0,1,21.086805500090122
blue_green_epoch,1,82,1,0,2,1,1,1,0,0,0,0,0,1,27.06906944513321
blue_green_epoch,1,99,2,0,2,2,2,2,0,0,0,0,0,1,20.771725103259087
blue_green_epoch,1,89,2,0,2,2,2,2,0,0,0,0,0,1,10.738685727119446
blue_green_epoch,1,96,2,0,2,2,2,2,0,0,0,0,0,1,10.73677372187376
blue_green_epoch,1,116,1,0,2,1,1,1,0,0,0,0,0,1,10.868114419281483
blue_green_epoch,1,71,2,0,2,2,2,2,0,0,0,0,0,1,11.072642169892788
blue_green_epoch,1,34,1,0,2,1,1,1,0,0,0,0,0,1,10.966603644192219
blue_green_epoch,1,89,2,0,2,2,2,2,0,0,0,0,0,1,11.159757152199745
blue_green_epoch,1,81,2,1,2,,,,0,0,0,0,0,1,11.145357973873615
blue_green_epoch,1,81,2,1,2,,,,0,0,0,0,0,0,15.402470715343952
blue_green_epoch,1,97,2,0,2,2,2,2,0,0,0,0,0,0,16.292234882712364
blue_green_epoch,1,51,2,0,2,2,2,2,0,0,0,0,0,0,16.259890981018543
blue_green_epoch,1,81,2,1,2,,,,0,0,0,0,0,0,16.20479393750429
blue_green_epoch,1,81,2,1,2,,,,0,0,0,0,0,1,11.675291694700718
blue_green_epoch,1,97,2,0,2,2,2,2,0,0,0,0,0,1,10.822473093867302
blue_green_epoch,1,66,2,0,2,2,2,2,0,0,0,0,0,1,11.282376013696194
blue_green_epoch,1,5,1,0,2,1,1,1,0,0,0,0,0,1,10.637056082487106
blue_green_epoch,1,42,1,0,2,1,1,1,0,0,0,0,0,1,10.450548492372036
blue_green_epoch,1,13,1,0,2,1,1,1,0,0,0,0,0,1,11.144575662910938
blue_green_epoch,1,42,1,0,2,1,1,1,0,0,0,0,0,1,10.99685113877058
blue_green_epoch,1,115,1,0,2,1,1,1,0,0,0,0,0,1,11.273610405623913
blue_green_epoch,1,115,1,0,2,1,1,1,0,0,0,0,0,1,11.130551807582378
blue_green_epoch,1,34,1,0,2,1,1,1,0,0,0,0,0,1,11.351908557116985
blue_green_epoch,1,42,1,0,2,1,1,1,0,0,0,0,0,1,11.406135745346546
blue_green_epoch,1,93,1,0,2,1,1,1,0,0,0,0,0,1,11.224661022424698
blue_green_epoch,1,106,1,0,2,1,1,1,0,0,0,0,0,1,11.27156987786293
blue_green_epoch,1,110,1,0,2,1,1,1,0,0,0,0,0,1,10.601918213069439
blue_green_epoch,1,37,1,0,2,1,1,1,0,0,0,0,0,1,10.839457623660564
blue_green_epoch,1,5,1,0,2,1,1,1,0,0,0,0,0,1,11.110905557870865
blue_green_epoch,1,94,1,0,2,1,1,1,0,0,0,0,0,1,10.50290372222662
blue_green_epoch,1,93,1,0,2,1,1,1,0,0,0,0,0,1,85.54259222000837
blue_green_epoch,1,108,1,0,2,1,1,1,0,0,0,0,0,1,97.34516125172377
blue_green_epoch,1,70,1,0,2,1,1,1,0,0,0,0,0,1,96.77443373948336
blue_green_epoch,1,77,1,0,2,1,1,1,0,0,0,0,0,1,106.42501339316368
blue_green_epoch,1,120,1,0,2,1,1,1,0,0,0,0,0,1,11.046739295125008
blue_green_epoch,1,15,1,0,2,1,1,1,0,0,0,0,0,1,11.500300839543343
blue_green_epoch,1,15,1,0,2,1,1,1,0,0,0,0,0,1,11.134235188364983
blue_green_epoch,1,93,1,0,2,1,1,1,0,0,0,0,0,1,11.870963498950005
blue_green_epoch,1,115,1,0,2,1,1,1,0,0,0,0,0,1,11.541329324245453
blue_green_epoch,1,5,1,0,2,1,1,1,0,0,0,0,0,1,11.446771211922169
blue_green_epoch,1,120,1,0,2,1,1,1,0,0,0,0,0,1,10.98713930696249
blue_green_epoch,1,61,2,1,2,,,,0,0,0,0,0,1,10.999339632689953
blue_green_epoch,1,93,1,0,2,1,1,1,0,0,0,0,0,1,10.932178236544132
blue_green_epoch,1,41,1,0,2,1,1,1,0,0,0,0,0,1,10.863516479730606
blue_green_epoch,1,108,1,0,2,1,1,1,0,0,0,0,0,1,10.557093657553196
blue_green_epoch,1,70,1,0,2,1,1,1,0,0,0,0,0,1,25.058998726308346
blue_green_epoch,1,17,1,0,2,1,1,1,0,0,0,0,0,1,31.292161904275417
blue_green_epoch,1,41,1,0,2,1,1,1,0,0,0,0,0,1,28.280464932322502
blue_green_epoch,1,13,1,0,2,1,1,1,0,0,0,0,0,1,28.508365154266357
blue_green_epoch,1,120,1,0,2,1,1,1,0,0,0,0,0,1,11.258449405431747
blue_green_epoch,1,33,1,0,2,1,1,1,0,0,0,0,0,1,11.485205963253975
blue_green_epoch,1,70,1,0,2,1,1,1,0,0,0,0,0,1,11.420289054512978
blue_green_epoch,1,17,1,0,2,1,1,1,0,0,0,0,0,1,10.880854912102222
blue_green_epoch,1,13,1,0,2,1,1,1,0,0,0,0,0,1,11.028025299310684
blue_green_epoch,1,47,1,0,2,1,1,1,0,0,0,0,0,1,10.962764732539654
blue_green_epoch,1,108,1,0,2,1,1,1,0,0,0,0,0,1,11.003180406987667
blue_green_epoch,1,77,1,0,2,1,1,1,0,0,0,0,0,1,10.6079475954175
blue_green_epoch,1,37,1,0,2,1,1,1,0,0,0,0,0,1,10.981054045259953
blue_green_epoch,1,77,1,0,2,1,1,1,0,0,0,0,0,1,11.014687828719616
blue_green_epoch,1,108,1,0,2,1,1,1,0,0,0,0,0,1,10.316306725144386
blue_green_epoch,1,125,1,0,2,1,1,1,0,0,0,0,0,1,11.29557378590107
blue_green_epoch,1,42,2,0,3,2,2,2,0,0,0,0,0,1,20.56392002850771
blue_green_epoch,1,30,1,0,3,1,1,1,0,0,0,0,0,1,17.853952012956142
blue_green_epoch,1,59,2,1,3,,,,0,0,0,0,0,1,17.719748429954052
blue_green_epoch,1,13,2,0,3,2,2,2,0,0,0,0,0,1,27.25957240909338
blue_green_epoch,1,5,2,0,3,2,2,2,0,0,0,0,0,1,10.893800295889378
blue_green_epoch,1,59,2,1,3,,,,0,0,0,0,0,1,10.638573206961155
blue_green_epoch,1,123,1,0,3,1,1,1,0,0,0,0,0,1,10.82009170204401
blue_green_epoch,1,4,2,0,3,2,2,2,0,0,0,0,0,1,10.286073200404644
blue_green_epoch,1,13,2,0,3,2,2,2,0,0,0,0,0,1,11.21647097170353
blue_green_epoch,1,0,1,0,3,1,1,1,0,0,0,0,0,1,12.079091742634773
blue_green_epoch,1,127,1,0,3,1,1,1,0,0,0,0,0,1,11.901142075657845
blue_green_epoch,1,77,2,0,3,2,2,2,0,0,0,0,0,1,11.761873960494995
blue_green_epoch,1,15,2,0,3,2,2,2,0,0,0,0,0,1,11.352798901498318
blue_green_epoch,1,2,1,0,3,1,1,1,0,0,0,0,0,0,11.249839328229427
blue_green_epoch,1,38,1,0,3,1,1,1,0,0,0,0,0,0,11.39754243195057
blue_green_epoch,1,13,2,0,3,2,2,2,0,0,0,0,0,0,10.737012140452862
blue_green_epoch,1,108,2,0,3,2,2,2,0,0,0,0,0,0,11.118778958916664
blue_green_epoch,1,41,2,0,3,2,2,2,0,0,0,0,0,0,11.50801032781601
blue_green_epoch,1,37,2,0,3,2,2,2,0,0,0,0,0,1,11.67758833616972
blue_green_epoch,1,115,2,0,3,2,2,2,0,0,0,0,0,1,11.791580356657505
blue_green_epoch,1,93,2,0,3,2,2,2,0,0,0,0,0,1,11.699807830154896
blue_green_epoch,1,111,1,0,3,1,1,1,0,0,0,0,0,1,11.472269892692566
blue_green_epoch,1,44,1,0,3,1,1,1,0,0,0,0,0,1,11.053509078919888
blue_green_epoch,1,111,1,0,3,1,1,1,0,0,0,0,0,1,10.782328434288502
blue_green_epoch,1,96,2,0,3,2,2,2,0,0,0,0,0,1,11.188206262886524
blue_green_epoch,1,20,1,0,3,1,1,1,0,0,0,0,0,1,10.777395218610764
blue_green_epoch,1,42,2,0,3,2,2,2,0,0,0,0,0,1,10.736689902842045
blue_green_epoch,1,52,1,0,3,1,1,1,0,0,0,0,0,1,11.117051355540752
blue_green_epoch,1,84,1,0,3,1,1,1,0,0,0,0,0,1,10.614887811243534
blue_green_epoch,1,9,1,0,3,1,1,1,0,0,0,0,0,1,11.415696702897549
blue_green_epoch,1,33,1,0,3,1,1,1,0,0,0,0,0,1,11.223731562495232
blue_green_epoch,1,20,1,0,3,1,1,1,0,0,0,0,0,1,11.524712666869164
blue_green_epoch,1,64,1,0,3,1,1,1,0,0,0,0,0,1,11.251872405409813
blue_green_epoch,1,126,2,0,3,2,2,2,0,0,0,0,0,1,11.291531845927238
blue_green_epoch,1,64,1,0,3,1,1,1,0,0,0,0,0,1,86.89175546169281
blue_green_epoch,1,27,1,0,3,1,1,1,0,0,0,0,0,1,96.46097011864185
blue_green_epoch,1,106,1,0,3,1,1,1,0,0,0,0,0,1,88.19734677672386
blue_green_epoch,1,35,1,0,3,1,1,1,0,0,0,0,0,1,99.10992905497551
blue_green_epoch,1,91,1,0,3,1,1,1,0,0,0,0,0,1,11.476937681436539
blue_green_epoch,1,27,1,0,3,1,1,1,0,0,0,0,0,1,10.8081279322505
blue_green_epoch,1,37,2,0,3,2,2,2,0,0,0,0,0,1,10.623294860124588
blue_green_epoch,1,67,2,1,3,,,,0,0,0,0,0,1,10.802981443703175
blue_green_epoch,1,106,1,0,3,1,1,1,0,0,0,0,0,1,10.923126712441444
blue_green_epoch,1,76,1,0,3,1,1,1,0,0,0,0,0,1,10.893270373344421
blue_green_epoch,1,94,1,0,3,1,1,1,0,0,0,0,0,1,10.899011045694351
blue_green_epoch,1,111,1,0,3,1,1,1,0,0,0,0,0,1,11.340846307575703
blue_green_epoch,1,91,1,0,3,1,1,1,0,0,0,0,0,1,11.570586822926998
blue_green_epoch,1,122,1,0,3,1,1,1,0,0,0,0,0,1,11.939765885472298
blue_green_epoch,1,111,1,0,3,1,1,1,0,0,0,0,0,1,11.49748545140028
blue_green_epoch,1,94,1,0,3,1,1,1,0,0,0,0,0,1,11.593762785196304
blue_green_epoch,1,64,1,0,3,1,1,1,0,0,0,0,0,1,12.867401354014874
blue_green_epoch,1,27,1,0,3,1,1,1,0,0,0,0,0,1,25.55923629552126
blue_green_epoch,1,80,1,0,3,1,1,1,0,0,0,0,0,1,22.39503338932991
blue_green_epoch,1,80,1,0,3,1,1,1,0,0,0,0,0,1,28.906417079269886
blue_green_epoch,1,91,1,0,3,1,1,1,0,0,0,0,0,1,11.554083786904812
blue_green_epoch,1,90,1,0,3,1,1,1,0,0,0,0,0,1,10.801139287650585
blue_green_epoch,1,50,1,0,3,1,1,1,0,0,0,0,0,1,11.229309253394604
blue_green_epoch,1,94,1,0,3,1,1,1,0,0,0,0,0,1,11.354894377291203
blue_green_epoch,1,22,1,0,3,1,1,1,0,0,0,0,0,1,11.277887970209122
blue_green_epoch,1,88,2,0,3,2,2,2,0,0,0,0,0,1,10.610031895339489
blue_green_epoch,1,68,1,0,3,1,1,1,0,0,0,0,0,1,11.23557798564434
blue_green_epoch,1,111,1,0,3,1,1,1,0,0,0,0,0,1,13.50471656769514
blue_green_epoch,1,27,1,0,3,1,1,1,0,0,0,0,0,1,13.802271336317062
blue_green_epoch,1,20,1,0,3,1,1,1,0,0,0,0,0,1,14.196731150150299
blue_green_epoch,1,14,2,0,3,2,2,2,0,0,0,0,0,1,14.439944177865982
blue_green_epoch,1,111,1,0,3,1,1,1,0,0,0,0,0,1,11.233104392886162
blue_green_epoch,1,94,2,0,4,2,2,2,0,0,0,0,0,1,11.868934147059917
blue_green_epoch,1,109,2,1,4,,,,0,0,0,0,0,1,20.810025744140148
blue_green_epoch,1,109,2,1,4,,,,0,0,0,0,0,1,20.429018884897232
blue_green_epoch,1,27,2,0,4,2,2,2,0,0,0,0,0,1,30.740782618522644
blue_green_epoch,1,80,2,0,4,2,2,2,0,0,0,0,0,1,11.559423990547657
blue_green_epoch,1,68,2,0,4,2,2,2,0,0,0,0,0,1,12.020811438560486
blue_green_epoch,1,80,2,0,4,2,2,2,0,0,0,0,0,1,12.18240987509489
blue_green_epoch,1,58,1,0,4,1,1,1,0,0,0,0,0,1,11.863088235259056
blue_green_epoch,1,52,2,0,4,2,2,2,0,0,0,0,0,1,11.038009077310562
blue_green_epoch,1,116,2,0,4,2,2,2,0,0,0,0,0,1,10.930679738521576
blue_green_epoch,1,27,2,0,4,2,2,2,0,0,0,0,0,1,11.636584997177124
blue_green_epoch,1,64,2,0,4,2,2,2,0,0,0,0,0,1,11.539538390934467
blue_green_epoch,1,116,2,0,4,2,2,2,0,0,0,0,0,0,11.481664143502712
blue_green_epoch,1,9,2,0,4,2,2,2,0,0,0,0,0,0,10.954429395496845
blue_green_epoch,1,22,2,1,4,,,,0,0,0,0,0,0,10.79909224063158
blue_green_epoch,1,90,2,0,4,2,2,2,0,0,0,0,0,0,11.529730632901192
blue_green_epoch,1,44,1,0,4,1,1,1,0,0,0,0,0,0,11.155635118484497
blue_green_epoch,1,116,2,0,4,2,2,2,0,0,0,0,0,1,12.418368831276894
blue_green_epoch,1,104,1,0,4,1,1,1,0,0,0,0,0,1,12.279225513339043
blue_green_epoch,1,94,2,0,4,2,2,2,0,0,0,0,0,1,11.897485703229904
blue_green_epoch,1,104,1,0,4,1,1,1,0,0,0,0,0,1,11.589104309678078
blue_green_epoch,1,73,1,0,4,1,1,1,0,0,0,0,0,1,11.256581172347069
blue_green_epoch,1,95,1,0,4,1,1,1,0,0,0,0,0,1,11.40516810119152
blue_green_epoch,1,105,1,0,4,1,1,1,0,0,0,0,0,1,11.310944333672523
blue_green_epoch,1,73,1,0,4,1,1,1,0,0,0,0,0,1,11.042616330087185
blue_green_epoch,1,73,1,0,4,1,1,1,0,0,0,0,0,1,11.151893995702267
blue_green_epoch,1,6,1,0,4,1,1,1,0,0,0,0,0,1,10.52611880004406
blue_green_epoch,1,104,1,0,4,1,1,1,0,0,0,0,0,1,11.282827705144882
blue_green_epoch,1,73,1,0,4,1,1,1,0,0,0,0,0,1,87.4707018956542
blue_green_epoch,1,79,2,1,4,,,,0,0,0,0,0,1,93.87660585343838
blue_green_epoch,1,6,1,0,4,1,1,1,0,0,0,0,0,1,90.1465080678463
blue_green_epoch,1,62,2,0,4,2,2,2,0,0,0,0,0,1,88.30553665757179
blue_green_epoch,1,49,2,1,4,,,,0,0,0,0,0,1,10.909149423241615
blue_green_epoch,1,40,1,0,4,1,1,1,0,0,0,0,0,1,10.68814005702734
blue_green_epoch,1,32,1,0,4,1,1,1,0,0,0,0,0,1,10.683130472898483
blue_green_epoch,1,56,1,0,4,1,1,1,0,0,0,0,0,1,11.06706541031599
blue_green_epoch,1,60,1,0,4,1,1,1,0,0,0,0,0,1,11.137361638247967
blue_green_epoch,1,40,1,0,4,1,1,1,0,0,0,0,0,1,10.721294209361076
blue_green_epoch,1,63,1,0,4,1,1,1,0,0,0,0,0,1,11.107269674539566
blue_green_epoch,1,34,1,0,4,1,1,1,0,0,0,0,0,1,10.226507671177387
blue_green_epoch,1,101,1,0,4,1,1,1,0,0,0,0,0,1,10.955645702779293
blue_green_epoch,1,84,1,0,4,1,1,1,0,0,0,0,0,1,22.266658022999763
blue_green_epoch,1,101,1,0,4,1,1,1,0,0,0,0,0,1,19.720369018614292
blue_green_epoch,1,117,1,0,4,1,1,1,0,0,0,0,0,1,31.477301381528378
blue_green_epoch,1,63,1,0,4,1,1,1,0,0,0,0,0,1,28.530132956802845
blue_green_epoch,1,47,2,0,4,2,2,2,0,0,0,0,0,1,11.133396998047829
blue_green_epoch,1,20,2,0,4,2,2,2,0,0,0,0,0,1,11.062207631766796
blue_green_epoch,1,46,1,0,4,1,1,1,0,0,0,0,0,1,11.216248385608196
blue_green_epoch,1,60,1,0,4,1,1,1,0,0,0,0,0,1,11.545767076313496
blue_green_epoch,1,101,1,0,4,1,1,1,0,0,0,0,0,1,11.442100629210472
blue_green_epoch,1,124,1,0,4,1,1,1,0,0,0,0,0,1,11.328059248626232
blue_green_epoch,1,101,1,0,4,1,1,1,0,0,0,0,0,1,11.21826283633709
blue_green_epoch,1,101,1,0,4,1,1,1,0,0,0,0,0,1,11.43755204975605
blue_green_epoch,1,56,1,0,4,1,1,1,0,0,0,0,0,1,11.148568242788315
blue_green_epoch,1,73,1,0,4,1,1,1,0,0,0,0,0,1,10.718101635575294
blue_green_epoch,1,67,2,1,4,,,,0,0,0,0,0,1,10.50691306591034
blue_green_epoch,1,117,1,0,4,1,1,1,0,0,0,0,0,1,10.731427930295467
blue_green_epoch,1,11,1,0,5,1,1,1,0,0,0,0,0,1,21.2779575958848
blue_green_epoch,1,73,2,0,5,2,2,2,0,0,0,0,0,1,18.13833136111498
blue_green_epoch,1,32,2,0,5,2,2,2,0,0,0,0,0,1,24.530534632503986
blue_green_epoch,1,40,2,1,5,,,,0,0,0,0,0,1,20.957094617187977
blue_green_epoch,1,90,2,0,5,2,2,2,0,0,0,0,0,1,11.345784179866314
blue_green_epoch,1,32,2,0,5,2,2,2,0,0,0,0,0,1,11.294001713395119
blue_green_epoch,1,32,2,0,5,2,2,2,0,0,0,0,0,1,10.738509707152843
blue_green_epoch,1,23,1,0,5,1,1,1,0,0,0,0,0,1,11.234302073717117
blue_green_epoch,1,65,2,0,5,2,2,2,0,0,0,0,0,1,11.568097397685051
blue_green_epoch,1,65,2,0,5,2,2,2,0,0,0,0,0,1,11.35539636015892
blue_green_epoch,1,104,2,0,5,2,2,2,0,0,0,0,0,1,12.158671393990517
blue_green_epoch,1,105,2,0,5,2,2,2,0,0,0,0,0,1,12.2678829357028
blue_green_epoch,1,65,2,0,5,2,2,2,0,0,0,0,0,1,12.256557121872902
blue_green_epoch,1,117,2,0,5,2,2,2,0,0,0,0,0,0,11.746975593268871
blue_green_epoch,1,32,2,0,5,2,2,2,0,0,0,0,0,0,11.383493430912495
blue_green_epoch,1,34,2,0,5,2,2,2,0,0,0,0,0,0,11.17618940770626
blue_green_epoch,1,101,2,0,5,2,2,2,0,0,0,0,0,0,11.014975607395172
blue_green_epoch,1,60,2,0,5,2,2,2,0,0,0,0,0,0,10.848977603018284
blue_green_epoch,1,104,2,0,5,2,2,2,0,0,0,0,0,1,10.927916504442692
blue_green_epoch,1,95,2,0,5,2,2,2,0,0,0,0,0,1,11.449682526290417
blue_green_epoch,1,22,2,1,5,,,,0,0,0,0,0,1,10.80708485096693
blue_green_epoch,1,63,2,1,5,,,,0,0,0,0,0,1,11.452076025307178
blue_green_epoch,1,127,1,0,5,1,1,1,0,0,0,0,0,1,11.219840496778488
blue_green_epoch,1,17,2,0,5,2,2,2,0,0,0,0,0,1,11.289631947875023
blue_green_epoch,1,50,1,0,5,1,1,1,0,0,0,0,0,1,11.276932433247566
blue_green_epoch,1,83,1,0,5,1,1,1,0,0,0,0,0,1,11.411506682634354
blue_green_epoch,1,107,1,0,5,1,1,1,0,0,0,0,0,1,10.501380078494549
blue_green_epoch,1,106,1,0,5,1,1,1,0,0,0,0,0,1,11.209634132683277
blue_green_epoch,1,121,2,0,5,2,2,2,0,0,0,0,0,1,11.228078976273537
blue_green_epoch,1,50,1,0,5,1,1,1,0,0,0,0,0,1,11.023063212633133
blue_green_epoch,1,123,1,0,5,1,1,1,0,0,0,0,0,1,82.0146519690752
blue_green_epoch,1,116,2,0,5,2,2,2,0,0,0,0,0,1,92.17601455748081
blue_green_epoch,1,69,1,0,5,1,1,1,0,0,0,0,0,1,83.97826552391052
blue_green_epoch,1,84,1,0,5,1,1,1,0,0,0,0,0,1,95.27290426194668
blue_green_epoch,1,38,1,0,5,1,1,1,0,0,0,0,0,1,11.145057156682014
blue_green_epoch,1,65,2,0,5,2,2,2,0,0,0,0,0,1,10.99849957972765
blue_green_epoch,1,118,1,0,5,1,1,1,0,0,0,0,0,1,10.45286562293768
blue_green_epoch,1,92,1,0,5,1,1,1,0,0,0,0,0,1,10.808984749019146
blue_green_epoch,1,87,1,0,5,1,1,1,0,0,0,0,0,1,10.996154509484768
blue_green_epoch,1,102,1,0,5,1,1,1,0,0,0,0,0,1,11.354119516909122
blue_green_epoch,1,106,1,0,5,1,1,1,0,0,0,0,0,1,10.569398291409016
blue_green_epoch,1,25,1,0,5,1,1,1,0,0,0,0,0,1,11.269507929682732
blue_green_epoch,1,44,1,0,5,1,1,1,0,0,0,0,0,1,10.858838446438313
blue_green_epoch,1,19,1,0,5,1,1,1,0,0,0,0,0,1,11.069037020206451
blue_green_epoch,1,111,2,0,5,2,2,2,0,0,0,0,0,1,11.165323667228222
blue_green_epoch,1,30,1,0,5,1,1,1,0,0,0,0,0,1,11.339490301907063
blue_green_epoch,1,96,2,0,5,2,2,2,0,0,0,0,0,1,11.259744875133038
blue_green_epoch,1,108,2,0,5,2,2,2,0,0,0,0,0,1,16.444540582597256
blue_green_epoch,1,48,1,0,5,1,1,1,0,0,0,0,0,1,22.603118792176247
blue_green_epoch,1,112,1,0,5,1,1,1,0,0,0,0,0,1,29.60310410708189
blue_green_epoch,1,50,1,0,5,1,1,1,0,0,0,0,0,1,23.322989232838154
blue_green_epoch,1,85,1,0,5,1,1,1,0,0,0,0,0,1,11.641807854175568
blue_green_epoch,1,48,1,0,5,1,1,1,0,0,0,0,0,1,11.265074834227562
blue_green_epoch,1,22,2,1,5,,,,0,0,0,0,0,1,11.00226305425167
blue_green_epoch,1,125,1,0,5,1,1,1,0,0,0,0,0,1,10.753829032182693
blue_green_epoch,1,112,1,0,5,1,1,1,0,0,0,0,0,1,11.150003410875797
blue_green_epoch,1,38,1,0,5,1,1,1,0,0,0,0,0,1,11.107636615633965
blue_green_epoch,1,48,1,0,5,1,1,1,0,0,0,0,0,1,11.379840783774853
blue_green_epoch,1,19,2,1,6,,,,0,0,0,0,0,1,21.242957562208176
blue_green_epoch,1,100,2,0,6,2,2,2,0,0,0,0,0,1,21.342861466109753
blue_green_epoch,1,38,2,0,6,2,2,2,0,0,0,0,0,1,21.06652967631817
blue_green_epoch,1,102,2,0,6,2,2,2,0,0,0,0,0,1,21.79097570478916
blue_green_epoch,1,17,2,0,6,2,2,2,0,0,0,0,0,1,11.583243496716022
blue_green_epoch,1,48,2,1,6,,,,0,0,0,0,0,1,11.458822526037693
blue_green_epoch,1,123,2,1,6,,,,0,0,0,0,0,1,11.159595102071762
blue_green_epoch,1,116,2,0,6,2,2,2,0,0,0,0,0,1,10.830629616975784
blue_green_epoch,1,92,2,0,6,2,2,2,0,0,0,0,0,1,11.273805052042007
blue_green_epoch,1,25,2,0,6,2,2,2,0,0,0,0,0,0,11.033467017114162
blue_green_epoch,1,110,2,0,6,2,2,2,0,0,0,0,0,0,11.397335678339005
blue_green_epoch,1,25,2,0,6,2,2,2,0,0,0,0,0,0,11.122570373117924
blue_green_epoch,1,100,2,0,6,2,2,2,0,0,0,0,0,0,10.410694405436516
blue_green_epoch,1,120,2,0,6,2,2,2,0,0,0,0,0,0,11.139008216559887
blue_green_epoch,1,38,2,0,6,2,2,2,0,0,0,0,0,1,10.83835493773222
blue_green_epoch,1,102,2,0,6,2,2,2,0,0,0,0,0,1,11.1403102055192
blue_green_epoch,1,19,2,1,6,,,,0,0,0,0,0,1,11.687212623655796
blue_green_epoch,1,100,2,0,6,2,2,2,0,0,0,0,0,1,12.025462463498116
blue_green_epoch,1,39,1,0,6,1,1,1,0,0,0,0,0,1,12.181363999843597
blue_green_epoch,1,23,1,0,6,1,1,1,0,0,0,0,0,1,11.559677310287952
blue_green_epoch,1,74,1,0,6,1,1,1,0,0,0,0,0,1,11.328068561851978
blue_green_epoch,1,69,1,0,6,1,1,1,0,0,0,0,0,1,11.235206387937069
blue_green_epoch,1,69,1,0,6,1,1,1,0,0,0,0,0,1,11.46735344082117
blue_green_epoch,1,103,1,0,6,1,1,1,0,0,0,0,0,1,11.150145903229713
blue_green_epoch,1,16,1,0,6,1,1,1,0,0,0,0,0,1,10.857946239411831
blue_green_epoch,1,39,1,0,6,1,1,1,0,0,0,0,0,1,11.155564337968826
blue_green_epoch,1,50,2,0,6,2,2,2,0,0,0,0,0,1,86.18929143995047
blue_green_epoch,1,28,1,0,6,1,1,1,0,0,0,0,0,1,87.19385042786598
blue_green_epoch,1,84,1,0,6,1,1,1,0,0,0,0,0,1,82.11812283843756
blue_green_epoch,1,10,1,0,6,1,1,1,0,0,0,0,0,1,90.05513973534107
blue_green_epoch,1,21,2,0,6,2,2,2,0,0,0,0,0,1,11.045399121940136
blue_green_epoch,1,12,1,0,6,1,1,1,0,0,0,0,0,1,11.059830896556377
blue_green_epoch,1,74,1,0,6,1,1,1,0,0,0,0,0,1,10.44409442692995
blue_green_epoch,1,76,1,0,6,1,1,1,0,0,0,0,0,1,10.775047354400158
blue_green_epoch,1,57,1,0,6,1,1,1,0,0,0,0,0,1,10.82464400678873
blue_green_epoch,1,125,2,0,6,2,2,2,0,0,0,0,0,1,11.11654657870531
blue_green_epoch,1,38,2,0,6,2,2,2,0,0,0,0,0,1,10.702977888286114
blue_green_epoch,1,122,1,0,6,1,1,1,0,0,0,0,0,1,22.237958386540413
blue_green_epoch,1,67,2,1,6,,,,0,0,0,0,0,1,18.591134808957577
blue_green_epoch,1,16,1,0,6,1,1,1,0,0,0,0,0,1,25.380335748195648
blue_green_epoch,1,84,1,0,6,1,1,1,0,0,0,0,0,1,22.14529551565647
blue_green_epoch,1,27,2,0,6,2,2,2,0,0,0,0,0,1,10.632116347551346
blue_green_epoch,1,69,1,0,6,1,1,1,0,0,0,0,0,1,11.279742233455181
blue_green_epoch,1,68,2,0,6,2,2,2,0,0,0,0,0,1,11.039777658879757
blue_green_epoch,1,39,1,0,6,1,1,1,0,0,0,0,0,1,11.075637303292751
blue_green_epoch,1,37,2,0,6,2,2,2,0,0,0,0,0,1,11.559231206774712
blue_green_epoch,1,103,1,0,6,1,1,1,0,0,0,0,0,1,10.814324952661991
blue_green_epoch,1,74,1,0,6,1,1,1,0,0,0,0,0,1,11.268256232142448
blue_green_epoch,1,83,1,0,6,1,1,1,0,0,0,0,0,1,11.006312444806099
blue_green_epoch,1,103,2,1,7,,,,0,0,0,0,0,1,14.70972504466772
blue_green_epoch,1,76,2,1,7,,,,0,0,0,0,0,1,24.77794047445059
blue_green_epoch,1,69,2,1,7,,,,0,0,0,0,0,1,17.814109101891518
blue_green_epoch,1,124,1,0,7,1,1,1,0,0,0,0,0,1,28.102131560444832
blue_green_epoch,1,84,2,0,7,2,2,2,0,0,0,0,0,1,11.034533381462097
blue_green_epoch,1,76,2,1,7,,,,0,0,0,0,0,1,11.184926144778728
blue_green_epoch,1,69,2,1,7,,,,0,0,0,0,0,1,10.96891239285469
blue_green_epoch,1,118,2,0,7,2,2,2,0,0,0,0,0,1,11.366109363734722
blue_green_epoch,1,118,2,0,7,2,2,2,0,0,0,0,0,1,10.879439301788807
blue_green_epoch,1,118,2,0,7,2,2,2,0,0,0,0,0,1,10.858177207410336
blue_green_epoch,1,56,1,0,7,1,1,1,0,0,0,0,0,0,11.35690975934267
blue_green_epoch,1,86,2,0,7,2,2,2,0,0,0,0,0,0,11.301313526928425
blue_green_epoch,1,1,2,0,7,2,2,2,0,0,0,0,0,0,11.241370812058449
blue_green_epoch,1,82,1,0,7,1,1,1,0,0,0,0,0,0,11.103776283562183
blue_green_epoch,1,69,2,1,7,,,,0,0,0,0,0,0,10.329128243029118
blue_green_epoch,1,74,2,0,7,2,2,2,0,0,0,0,0,1,10.703209787607193
blue_green_epoch,1,10,2,0,7,2,2,2,0,0,0,0,0,1,10.79321838915348
blue_green_epoch,1,75,2,0,7,2,2,2,0,0,0,0,0,1,11.728398501873016
blue_green_epoch,1,47,2,0,7,2,2,2,0,0,0,0,0,1,11.198154650628567
blue_green_epoch,1,99,2,0,7,2,2,2,0,0,0,0,0,1,11.652967892587185
blue_green_epoch,1,98,1,0,7,1,1,1,0,0,0,0,0,1,10.913288220763206
blue_green_epoch,1,122,2,0,7,2,2,2,0,0,0,0,0,1,11.388950981199741
blue_green_epoch,1,11,1,0,7,1,1,1,0,0,0,0,0,1,11.463962495326996
blue_green_epoch,1,108,2,0,7,2,2,2,0,0,0,0,0,1,11.52024231851101
blue_green_epoch,1,78,1,0,7,1,1,1,0,0,0,0,0,1,10.884668678045273
blue_green_epoch,1,57,1,0,7,1,1,1,0,0,0,0,0,1,11.273536831140518
blue_green_epoch,1,36,2,0,7,2,2,2,0,0,0,0,0,1,11.17213349789381
blue_green_epoch,1,95,2,0,7,2,2,2,0,0,0,0,0,1,11.361473239958286
blue_green_epoch,1,85,1,0,7,1,1,1,0,0,0,0,0,1,11.315968818962574
blue_green_epoch,1,45,2,0,7,2,2,2,0,0,0,0,0,1,11.62697933614254
blue_green_epoch,1,120,2,0,7,2,2,2,0,0,0,0,0,1,80.97656164318323
blue_green_epoch,1,0,1,0,7,1,1,1,0,0,0,0,0,1,87.3481398448348
blue_green_epoch,1,114,1,0,7,1,1,1,0,0,0,0,0,1,83.78779515624046
blue_green_epoch,1,0,1,0,7,1,1,1,0,0,0,0,0,1,82.41037931293249
blue_green_epoch,1,124,1,0,7,1,1,1,0,0,0,0,0,1,11.202283203601837
blue_green_epoch,1,57,1,0,7,1,1,1,0,0,0,0,0,1,10.457581840455532
blue_green_epoch,1,98,1,0,7,1,1,1,0,0,0,0,0,1,11.37667614966631
blue_green_epoch,1,127,1,0,7,1,1,1,0,0,0,0,0,1,11.62552461028099
blue_green_epoch,1,116,2,0,7,2,2,2,0,0,0,0,0,1,11.711467988789082
blue_green_epoch,1,124,1,0,7,1,1,1,0,0,0,0,0,1,11.915546841919422
blue_green_epoch,1,86,2,0,7,2,2,2,0,0,0,0,0,1,11.920827440917492
blue_green_epoch,1,82,1,0,7,1,1,1,0,0,0,0,0,1,12.01166957616806
blue_green_epoch,1,114,1,0,7,1,1,1,0,0,0,0,0,1,22.77903538197279
blue_green_epoch,1,11,1,0,7,1,1,1,0,0,0,0,0,1,17.009157687425613
blue_green_epoch,1,57,1,0,7,1,1,1,0,0,0,0,0,1,26.369022205471992
blue_green_epoch,1,127,1,0,7,1,1,1,0,0,0,0,0,1,26.00877732038498
blue_green_epoch,1,13,2,0,7,2,2,2,0,0,0,0,0,1,11.350225657224655
blue_green_epoch,1,16,2,0,7,2,2,2,0,0,0,0,0,1,11.314433999359608
blue_green_epoch,1,18,2,0,7,2,2,2,0,0,0,0,0,1,11.747946962714195
blue_green_epoch,1,93,2,0,7,2,2,2,0,0,0,0,0,1,11.630992405116558
blue_green_epoch,1,56,1,0,7,1,1,1,0,0,0,0,0,1,11.722508817911148
blue_green_epoch,1,11,1,0,7,1,1,1,0,0,0,0,0,1,11.451943777501583
blue_green_epoch,1,124,1,0,7,1,1,1,0,0,0,0,0,1,10.79526823014021
blue_green_epoch,1,119,1,0,7,1,1,1,0,0,0,0,0,1,11.085513979196548
blue_green_epoch,1,85,1,0,7,1,1,1,0,0,0,0,0,1,11.450755409896374
blue_green_epoch,1,124,1,0,7,1,1,1,0,0,0,0,0,1,11.613325215876102
blue_green_epoch,1,94,2,0,8,2,2,2,0,0,0,0,0,1,18.517415039241314
blue_green_epoch,1,119,2,0,8,2,2,2,0,0,0,0,0,1,15.498019754886627
blue_green_epoch,1,98,2,0,8,2,2,2,0,0,0,0,0,1,21.489810198545456
blue_green_epoch,1,56,2,0,8,2,2,2,0,0,0,0,0,1,31.425388529896736
blue_green_epoch,1,53,2,0,8,2,2,2,0,0,0,0,0,1,11.854887008666992
blue_green_epoch,1,82,2,0,8,2,2,2,0,0,0,0,0,1,11.891684494912624
blue_green_epoch,1,78,2,0,8,2,2,2,0,0,0,0,0,1,11.921961791813374
blue_green_epoch,1,127,2,0,8,2,2,2,0,0,0,0,0,1,11.05126366019249
blue_green_epoch,1,127,2,0,8,2,2,2,0,0,0,0,0,1,10.542545467615128
blue_green_epoch,1,11,2,0,8,2,2,2,0,0,0,0,0,1,11.660856194794178
blue_green_epoch,1,82,2,0,8,2,2,2,0,0,0,0,0,0,11.781323701143265
blue_green_epoch,1,124,2,1,8,,,,0,0,0,0,0,0,12.005875818431377
blue_green_epoch,1,65,2,0,8,2,2,2,0,0,0,0,0,0,12.000326067209244
blue_green_epoch,1,78,2,0,8,2,2,2,0,0,0,0,0,0,11.95406261831522
blue_green_epoch,1,85,2,0,8,2,2,2,0,0,0,0,0,0,11.75707671791315
blue_green_epoch,1,18,2,0,8,2,2,2,0,0,0,0,0,0,11.718093417584896
blue_green_epoch,1,24,2,1,8,,,,0,0,0,0,0,0,11.248130351305008
blue_green_epoch,1,124,2,1,8,,,,0,0,0,0,0,0,10.87014190852642
blue_green_epoch,1,67,2,1,8,,,,0,0,0,0,0,0,10.280248709022999
blue_green_epoch,1,82,2,0,8,2,2,2,0,0,0,0,0,0,10.575076565146446
blue_green_epoch,1,57,2,0,8,2,2,2,0,0,0,0,0,0,10.255420580506325
blue_green_epoch,1,115,2,0,8,2,2,2,0,0,0,0,0,0,11.274821124970913
blue_green_epoch,1,85,2,0,8,2,2,2,0,0,0,0,0,0,11.390725150704384
blue_green_epoch,1,80,2,0,8,2,2,2,0,0,0,0,0,0,11.041445657610893
blue_green_epoch,1,114,2,0,8,2,2,2,0,0,0,0,0,0,11.35929860174656
blue_green_epoch,1,24,2,1,8,,,,0,0,0,0,0,0,11.46766822785139
blue_green_epoch,1,4,2,0,8,2,2,2,0,0,0,0,0,0,11.609484441578388
blue_green_epoch,1,31,2,0,8,2,2,2,0,0,0,0,0,0,11.45947352051735
blue_green_epoch,1,12,2,0,8,2,2,2,0,0,0,0,0,0,10.722748935222626
blue_green_epoch,1,118,2,0,8,2,2,2,0,0,0,0,0,0,11.374644003808498
blue_green_epoch,1,58,2,1,8,,,,0,0,0,0,0,0,11.112360283732414
blue_green_epoch,1,127,2,0,8,2,2,2,0,0,0,0,0,0,11.029438115656376
blue_green_epoch,1,0,2,1,8,,,,0,0,0,0,0,0,10.67459862679243
blue_green_epoch,1,78,2,0,8,2,2,2,0,0,0,0,0,0,10.887566022574902
blue_green_epoch,1,82,2,0,8,2,2,2,0,0,0,0,0,0,11.223996058106422
blue_green_epoch,1,127,2,0,8,2,2,2,0,0,0,0,0,0,11.117740534245968
blue_green_epoch,1,57,2,0,8,2,2,2,0,0,0,0,0,0,11.000767350196838
blue_green_epoch,1,11,2,0,8,2,2,2,0,0,0,0,0,0,11.226745322346687
blue_green_epoch,1,78,2,0,8,2,2,2,0,0,0,0,0,0,11.217616498470306
blue_green_epoch,1,24,2,1,8,,,,0,0,0,0,0,0,11.30692008882761
blue_green_epoch,1,112,2,0,8,2,2,2,0,0,0,0,0,0,10.673833079636097
blue_green_epoch,1,90,2,0,8,2,2,2,0,0,0,0,0,0,11.719785630702972
blue_green_epoch,1,124,2,1,8,,,,0,0,0,0,0,0,11.89485751092434
blue_green_epoch,1,57,2,0,8,2,2,2,0,0,0,0,0,0,12.091397307813168
blue_green_epoch,2,90,1,0,0,1,1,1,0,0,0,0,0,1,3.539185971021652
blue_green_epoch,2,112,1,0,0,1,1,1,0,0,0,0,0,1,6.813439540565014
blue_green_epoch,2,51,1,0,0,1,1,1,0,0,0,0,0,1,9.763672947883606
blue_green_epoch,2,10,1,0,0,1,1,1,0,0,0,0,0,1,11.646077036857605
blue_green_epoch,2,19,1,0,0,1,1,1,0,0,0,0,0,1,11.376805603504181
blue_green_epoch,2,17,1,0,0,1,1,1,0,0,0,0,0,1,10.934708639979362
blue_green_epoch,2,17,1,0,0,1,1,1,0,0,0,0,0,1,10.411453433334827
blue_green_epoch,2,84,1,0,0,1,1,1,0,0,0,0,0,1,10.556504130363464
blue_green_epoch,2,26,1,0,0,1,1,1,0,0,0,0,0,1,11.083628050982952
blue_green_epoch,2,115,1,0,0,1,1,1,0,0,0,0,0,1,10.468625463545322
blue_green_epoch,2,32,1,0,0,1,1,1,0,0,0,0,0,1,11.130664497613907
blue_green_epoch,2,92,1,0,0,1,1,1,0,0,0,0,0,1,11.248455382883549
blue_green_epoch,2,38,1,0,0,1,1,1,0,0,0,0,0,1,96.38641402125359
blue_green_epoch,2,0,1,0,0,1,1,1,0,0,0,0,0,1,88.08602951467037
blue_green_epoch,2,32,1,0,0,1,1,1,0,0,0,0,0,1,100.0117352232337
blue_green_epoch,2,59,1,0,0,1,1,1,0,0,0,0,0,1,99.61605817079544
blue_green_epoch,2,30,1,0,0,1,1,1,0,0,0,0,0,1,10.926584713160992
blue_green_epoch,2,42,1,0,0,1,1,1,0,0,0,0,0,1,10.890175588428974
blue_green_epoch,2,16,1,0,0,1,1,1,0,0,0,0,0,1,11.315714567899704
blue_green_epoch,2,66,1,0,0,1,1,1,0,0,0,0,0,1,11.42666582018137
blue_green_epoch,2,92,1,0,0,1,1,1,0,0,0,0,0,1,10.501495562493801
blue_green_epoch,2,49,1,0,0,1,1,1,0,0,0,0,0,1,11.306732892990112
blue_green_epoch,2,115,1,0,0,1,1,1,0,0,0,0,0,1,11.244182474911213
blue_green_epoch,2,87,1,0,0,1,1,1,0,0,0,0,0,1,11.178289540112019
blue_green_epoch,2,86,1,0,0,1,1,1,0,0,0,0,0,1,11.076485738158226
blue_green_epoch,2,17,1,0,0,1,1,1,0,0,0,0,0,1,10.846346616744995
blue_green_epoch,2,74,1,0,0,1,1,1,0,0,0,0,0,1,10.94763819128275
blue_green_epoch,2,8,1,0,0,1,1,1,0,0,0,0,0,1,22.434220649302006
blue_green_epoch,2,42,1,0,0,1,1,1,0,0,0,0,0,1,19.381027668714523
blue_green_epoch,2,32,1,0,0,1,1,1,0,0,0,0,0,1,19.364344887435436
blue_green_epoch,2,0,1,0,0,1,1,1,0,0,0,0,0,1,29.705464839935303
blue_green_epoch,2,115,1,0,0,1,1,1,0,0,0,0,0,1,12.023106217384338
blue_green_epoch,2,75,1,0,0,1,1,1,0,0,0,0,0,1,12.005687691271305
blue_green_epoch,2,86,1,0,0,1,1,1,0,0,0,0,0,1,11.282711289823055
blue_green_epoch,2,22,1,0,0,1,1,1,0,0,0,0,0,1,11.466036550700665
blue_green_epoch,2,121,1,0,0,1,1,1,0,0,0,0,0,1,11.148050427436829
blue_green_epoch,2,69,1,0,0,1,1,1,0,0,0,0,0,1,10.640029795467854
blue_green_epoch,2,42,1,0,0,1,1,1,0,0,0,0,0,1,10.84381714463234
blue_green_epoch,2,17,1,0,0,1,1,1,0,0,0,0,0,1,10.607857257127762
blue_green_epoch,2,118,1,0,0,1,1,1,0,0,0,0,0,1,10.166381485760212
blue_green_epoch,2,30,2,0,1,2,2,2,0,0,0,0,0,1,30.361098237335682
blue_green_epoch,2,17,2,0,1,2,2,2,0,0,0,0,0,1,39.23072852194309
blue_green_epoch,2,22,2,0,1,2,2,2,0,0,0,0,0,1,45.313430950045586
blue_green_epoch,2,6,1,0,1,1,1,1,0,0,0,0,0,1,42.57097654044628
blue_green_epoch,2,122,1,0,1,1,1,1,0,0,0,0,0,1,10.684569366276264
blue_green_epoch,2,22,2,0,1,2,2,2,0,0,0,0,0,1,10.835574008524418
blue_green_epoch,2,115,2,0,1,2,2,2,0,0,0,0,0,1,10.547800920903683
blue_green_epoch,2,27,2,1,1,,,,0,0,0,0,0,1,10.915582068264484
blue_green_epoch,2,30,2,0,1,2,2,2,0,0,0,0,0,1,10.88833436369896
blue_green_epoch,2,27,2,1,1,,,,0,0,0,0,0,1,10.779309086501598
blue_green_epoch,2,85,1,0,1,1,1,1,0,0,0,0,0,0,10.320506989955902
blue_green_epoch,2,22,2,0,1,2,2,2,0,0,0,0,0,0,10.635608807206154
blue_green_epoch,2,19,2,0,1,2,2,2,0,0,0,0,0,0,10.487495921552181
blue_green_epoch,2,92,2,0,1,2,2,2,0,0,0,0,0,0,11.789627373218536
blue_green_epoch,2,30,2,0,1,2,2,2,0,0,0,0,0,0,11.526624672114849
blue_green_epoch,2,87,2,0,1,2,2,2,0,0,0,0,0,1,12.464337982237339
blue_green_epoch,2,19,2,0,1,2,2,2,0,0,0,0,0,1,11.696268804371357
blue_green_epoch,2,49,1,0,1,1,1,1,0,0,0,0,0,1,11.867422610521317
blue_green_epoch,2,18,1,0,1,1,1,1,0,0,0,0,0,1,11.392668820917606
blue_green_epoch,2,33,1,0,1,1,1,1,0,0,0,0,0,1,10.999109596014023
blue_green_epoch,2,96,1,0,1,1,1,1,0,0,0,0,0,1,10.86951233446598
blue_green_epoch,2,96,1,0,1,1,1,1,0,0,0,0,0,1,10.601886548101902
blue_green_epoch,2,103,1,0,1,1,1,1,0,0,0,0,0,1,11.074328795075417
blue_green_epoch,2,18,1,0,1,1,1,1,0,0,0,0,0,1,11.188437230885029
blue_green_epoch,2,35,1,0,1,1,1,1,0,0,0,0,0,1,11.117396876215935
blue_green_epoch,2,57,1,0,1,1,1,1,0,0,0,0,0,1,10.840432718396187
blue_green_epoch,2,71,1,0,1,1,1,1,0,0,0,0,0,1,11.479747481644154
blue_green_epoch,2,57,1,0,1,1,1,1,0,0,0,0,0,1,11.35486550629139
blue_green_epoch,2,104,1,0,1,1,1,1,0,0,0,0,0,1,11.438418179750443
blue_green_epoch,2,96,1,0,1,1,1,1,0,0,0,0,0,1,11.688216589391232
blue_green_epoch,2,83,1,0,1,1,1,1,0,0,0,0,0,1,88.64619676023722
blue_green_epoch,2,112,1,0,1,1,1,1,0,0,0,0,0,1,100.6108084693551
blue_green_epoch,2,57,1,0,1,1,1,1,0,0,0,0,0,1,106.88804276287556
blue_green_epoch,2,57,1,0,1,1,1,1,0,0,0,0,0,1,103.2987292855978
blue_green_epoch,2,76,1,0,1,1,1,1,0,0,0,0,0,1,10.830637067556381
blue_green_epoch,2,23,1,0,1,1,1,1,0,0,0,0,0,1,10.265056043863297
blue_green_epoch,2,108,1,0,1,1,1,1,0,0,0,0,0,1,10.920737870037556
blue_green_epoch,2,93,1,0,1,1,1,1,0,0,0,0,0,1,11.11427042633295
blue_green_epoch,2,104,1,0,1,1,1,1,0,0,0,0,0,1,11.285282671451569
blue_green_epoch,2,96,1,0,1,1,1,1,0,0,0,0,0,1,10.846555233001709
blue_green_epoch,2,35,1,0,1,1,1,1,0,0,0,0,0,1,10.907167568802834
blue_green_epoch,2,1,1,0,1,1,1,1,0,0,0,0,0,1,11.171047575771809
blue_green_epoch,2,48,1,0,1,1,1,1,0,0,0,0,0,1,11.221889406442642
blue_green_epoch,2,59,1,0,1,1,1,1,0,0,0,0,0,1,11.06403861194849
blue_green_epoch,2,79,1,0,1,1,1,1,0,0,0,0,0,1,22.96058740466833
blue_green_epoch,2,76,1,0,1,1,1,1,0,0,0,0,0,1,20.20336501300335
blue_green_epoch,2,74,1,0,1,1,1,1,0,0,0,0,0,1,26.812870055437088
blue_green_epoch,2,18,1,0,1,1,1,1,0,0,0,0,0,1,23.982705548405647
blue_green_epoch,2,79,1,0,1,1,1,1,0,0,0,0,0,1,11.831121519207954
blue_green_epoch,2,74,1,0,1,1,1,1,0,0,0,0,0,1,11.003230698406696
blue_green_epoch,2,57,1,0,1,1,1,1,0,0,0,0,0,1,11.221438646316528
blue_green_epoch,2,112,1,0,1,1,1,1,0,0,0,0,0,1,11.352206580340862
blue_green_epoch,2,88,1,0,1,1,1,1,0,0,0,0,0,1,11.416281573474407
blue_green_epoch,2,111,1,0,1,1,1,1,0,0,0,0,0,1,11.427510529756546
blue_green_epoch,2,18,1,0,1,1,1,1,0,0,0,0,0,1,11.4288916811347
blue_green_epoch,2,57,1,0,1,1,1,1,0,0,0,0,0,1,11.364110745489597
blue_green_epoch,2,74,2,0,2,2,2,2,0,0,0,0,0,1,17.93251745402813
blue_green_epoch,2,57,2,0,2,2,2,2,0,0,0,0,0,1,18.027624115347862
blue_green_epoch,2,35,2,0,2,2,2,2,0,0,0,0,0,1,18.053906969726086
blue_green_epoch,2,39,2,1,2,,,,0,0,0,0,0,1,30.75588960200548
blue_green_epoch,2,112,2,0,2,2,2,2,0,0,0,0,0,1,11.175082065165043
blue_green_epoch,2,77,1,0,2,1,1,1,0,0,0,0,0,1,10.77006570994854
blue_green_epoch,2,39,2,1,2,,,,0,0,0,0,0,1,11.142213828861713
blue_green_epoch,2,76,2,0,2,2,2,2,0,0,0,0,0,1,10.685152374207973
blue_green_epoch,2,57,2,0,2,2,2,2,0,0,0,0,0,0,10.796865448355675
blue_green_epoch,2,91,1,0,2,1,1,1,0,0,0,0,0,0,11.54975313693285
blue_green_epoch,2,30,2,0,2,2,2,2,0,0,0,0,0,0,11.564955115318298
blue_green_epoch,2,28,1,0,2,1,1,1,0,0,0,0,0,0,11.071711778640747
blue_green_epoch,2,23,2,0,2,2,2,2,0,0,0,0,0,0,11.406924575567245
blue_green_epoch,2,111,2,1,2,,,,0,0,0,0,0,1,11.69075258076191
blue_green_epoch,2,47,1,0,2,1,1,1,0,0,0,0,0,1,11.723577976226807
blue_green_epoch,2,93,2,0,2,2,2,2,0,0,0,0,0,1,11.37069147080183
blue_green_epoch,2,106,1,0,2,1,1,1,0,0,0,0,0,1,11.73660159111023
blue_green_epoch,2,91,1,0,2,1,1,1,0,0,0,0,0,1,12.33826857060194
blue_green_epoch,2,10,1,0,2,1,1,1,0,0,0,0,0,1,3.2247593626379967
blue_green_epoch,2,91,1,0,2,1,1,1,0,0,0,0,0,1,13.34742084145546
blue_green_epoch,2,28,1,0,2,1,1,1,0,0,0,0,0,1,9.335022419691086
blue_green_epoch,2,85,1,0,2,1,1,1,0,0,0,0,0,1,22.029868327081203
blue_green_epoch,2,83,2,0,2,2,2,2,0,0,0,0,0,1,10.930459946393967
blue_green_epoch,2,71,1,0,2,1,1,1,0,0,0,0,0,1,10.89068315923214
blue_green_epoch,2,71,1,0,2,1,1,1,0,0,0,0,0,1,89.22323491424322
blue_green_epoch,2,105,1,0,2,1,1,1,0,0,0,0,0,1,98.76922611147165
blue_green_epoch,2,10,1,0,2,1,1,1,0,0,0,0,0,1,90.27315117418766
blue_green_epoch,2,81,1,0,2,1,1,1,0,0,0,0,0,1,101.29611101001501
blue_green_epoch,2,38,2,0,2,2,2,2,0,0,0,0,0,1,11.433932930231094
blue_green_epoch,2,28,1,0,2,1,1,1,0,0,0,0,0,1,10.980569757521152
blue_green_epoch,2,102,1,0,2,1,1,1,0,0,0,0,0,1,10.963601991534233
blue_green_epoch,2,81,1,0,2,1,1,1,0,0,0,0,0,1,11.32399495691061
blue_green_epoch,2,6,1,0,2,1,1,1,0,0,0,0,0,1,11.253921315073967
blue_green_epoch,2,13,1,0,2,1,1,1,0,0,0,0,0,1,11.377658694982529
blue_green_epoch,2,91,1,0,2,1,1,1,0,0,0,0,0,1,11.359378695487976
blue_green_epoch,2,113,1,0,2,1,1,1,0,0,0,0,0,1,11.486922390758991
blue_green_epoch,2,113,1,0,2,1,1,1,0,0,0,0,0,1,11.317825876176357
blue_green_epoch,2,82,1,0,2,1,1,1,0,0,0,0,0,1,12.453542090952396
blue_green_epoch,2,28,1,0,2,1,1,1,0,0,0,0,0,1,24.99378379434347
blue_green_epoch,2,85,1,0,2,1,1,1,0,0,0,0,0,1,25.53340420126915
blue_green_epoch,2,67,1,0,2,1,1,1,0,0,0,0,0,1,25.599966756999493
blue_green_epoch,2,119,1,0,2,1,1,1,0,0,0,0,0,1,10.800326243042946
blue_green_epoch,2,91,1,0,2,1,1,1,0,0,0,0,0,1,10.608565993607044
blue_green_epoch,2,10,1,0,2,1,1,1,0,0,0,0,0,1,11.234312318265438
blue_green_epoch,2,100,1,0,2,1,1,1,0,0,0,0,0,1,11.380130425095558
blue_green_epoch,2,124,1,0,2,1,1,1,0,0,0,0,0,1,11.175145395100117
blue_green_epoch,2,46,1,0,2,1,1,1,0,0,0,0,0,1,10.966982692480087
blue_green_epoch,2,67,1,0,2,1,1,1,0,0,0,0,0,1,10.56298054754734
blue_green_epoch,2,53,1,0,2,1,1,1,0,0,0,0,0,1,10.964513756334782
blue_green_epoch,2,6,1,0,2,1,1,1,0,0,0,0,0,1,11.754092760384083
blue_green_epoch,2,106,2,0,3,2,2,2,0,0,0,0,0,1,15.698589384555817
blue_green_epoch,2,91,2,0,3,2,2,2,0,0,0,0,0,1,22.397860884666443
blue_green_epoch,2,71,2,0,3,2,2,2,0,0,0,0,0,1,18.25778279453516
blue_green_epoch,2,113,2,0,3,2,2,2,0,0,0,0,0,1,31.574778258800507
blue_green_epoch,2,6,2,0,3,2,2,2,0,0,0,0,0,1,11.966869235038757
blue_green_epoch,2,10,2,0,3,2,2,2,0,0,0,0,0,1,11.205100454390049
blue_green_epoch,2,10,2,0,3,2,2,2,0,0,0,0,0,1,11.419749818742275
blue_green_epoch,2,71,2,0,3,2,2,2,0,0,0,0,0,1,10.69534569978714
blue_green_epoch,2,91,2,0,3,2,2,2,0,0,0,0,0,1,11.53777725994587
blue_green_epoch,2,103,2,0,3,2,2,2,0,0,0,0,0,1,11.246760375797749
blue_green_epoch,2,4,2,0,3,2,2,2,0,0,0,0,0,1,10.660456493496895
blue_green_epoch,2,81,2,0,3,2,2,2,0,0,0,0,0,1,11.298082768917084
blue_green_epoch,2,105,1,0,3,1,1,1,0,0,0,0,0,1,10.805315338075161
blue_green_epoch,2,12,1,0,3,1,1,1,0,0,0,0,0,0,10.826608166098595
blue_green_epoch,2,28,2,1,3,,,,0,0,0,0,0,0,11.196356266736984
blue_green_epoch,2,60,1,0,3,1,1,1,0,0,0,0,0,0,10.459492914378643
blue_green_epoch,2,75,1,0,3,1,1,1,0,0,0,0,0,0,11.239436455070972
blue_green_epoch,2,6,2,0,3,2,2,2,0,0,0,0,0,0,11.11318077892065
blue_green_epoch,2,43,1,0,3,1,1,1,0,0,0,0,0,1,11.228874325752258
blue_green_epoch,2,47,2,0,3,2,2,2,0,0,0,0,0,1,10.931127704679966
blue_green_epoch,2,81,2,0,3,2,2,2,0,0,0,0,0,1,11.248699389398098
blue_green_epoch,2,60,1,0,3,1,1,1,0,0,0,0,0,1,11.356554925441742
blue_green_epoch,2,21,1,0,3,1,1,1,0,0,0,0,0,1,10.942276567220688
blue_green_epoch,2,61,1,0,3,1,1,1,0,0,0,0,0,1,11.28663495182991
blue_green_epoch,2,21,1,0,3,1,1,1,0,0,0,0,0,1,11.56832929700613
blue_green_epoch,2,81,2,0,3,2,2,2,0,0,0,0,0,1,11.456833221018314
blue_green_epoch,2,26,1,0,3,1,1,1,0,0,0,0,0,1,11.45606767386198
blue_green_epoch,2,59,1,0,3,1,1,1,0,0,0,0,0,1,11.068415828049183
blue_green_epoch,2,62,1,0,3,1,1,1,0,0,0,0,0,1,11.67321391403675
blue_green_epoch,2,47,2,0,3,2,2,2,0,0,0,0,0,1,11.986089870333672
blue_green_epoch,2,118,1,0,3,1,1,1,0,0,0,0,0,1,11.746332980692387
blue_green_epoch,2,21,1,0,3,1,1,1,0,0,0,0,0,1,11.96597982198
blue_green_epoch,2,8,1,0,3,1,1,1,0,0,0,0,0,1,11.395558714866638
blue_green_epoch,2,59,1,0,3,1,1,1,0,0,0,0,0,1,11.201901361346245
blue_green_epoch,2,93,2,0,3,2,2,2,0,0,0,0,0,1,10.988625697791576
blue_green_epoch,2,121,2,1,3,,,,0,0,0,0,0,1,97.9511309415102
blue_green_epoch,2,61,1,0,3,1,1,1,0,0,0,0,0,1,97.96321485191584
blue_green_epoch,2,3,1,0,3,1,1,1,0,0,0,0,0,1,98.18031638860703
blue_green_epoch,2,26,1,0,3,1,1,1,0,0,0,0,0,1,96.03400435298681
blue_green_epoch,2,10,2,0,3,2,2,2,0,0,0,0,0,1,10.57154405862093
blue_green_epoch,2,88,2,0,3,2,2,2,0,0,0,0,0,1,10.932527482509613
blue_green_epoch,2,13,1,0,3,1,1,1,0,0,0,0,0,1,10.964700020849705
blue_green_epoch,2,61,1,0,3,1,1,1,0,0,0,0,0,1,11.046146042644978
blue_green_epoch,2,121,2,1,3,,,,0,0,0,0,0,1,10.663632303476334
blue_green_epoch,2,42,2,0,3,2,2,2,0,0,0,0,0,1,10.905427858233452
blue_green_epoch,2,121,2,1,3,,,,0,0,0,0,0,1,11.2079419195652
blue_green_epoch,2,107,1,0,3,1,1,1,0,0,0,0,0,1,11.100783944129944
blue_green_epoch,2,118,1,0,3,1,1,1,0,0,0,0,0,1,10.785500518977642
blue_green_epoch,2,61,1,0,3,1,1,1,0,0,0,0,0,1,10.407591238617897
blue_green_epoch,2,63,1,0,3,1,1,1,0,0,0,0,0,1,10.865767486393452
blue_green_epoch,2,59,1,0,3,1,1,1,0,0,0,0,0,1,11.031468398869038
blue_green_epoch,2,8,1,0,3,1,1,1,0,0,0,0,0,1,11.061154305934906
blue_green_epoch,2,33,1,0,3,1,1,1,0,0,0,0,0,1,19.586755894124508
blue_green_epoch,2,61,1,0,3,1,1,1,0,0,0,0,0,1,16.59351959824562
blue_green_epoch,2,57,2,0,3,2,2,2,0,0,0,0,0,1,23.58460146933794
blue_green_epoch,2,108,1,0,3,1,1,1,0,0,0,0,0,1,33.08424353599548
blue_green_epoch,2,108,1,0,3,1,1,1,0,0,0,0,0,1,11.75747998058796
blue_green_epoch,2,40,1,0,3,1,1,1,0,0,0,0,0,1,11.156454682350159
blue_green_epoch,2,118,1,0,3,1,1,1,0,0,0,0,0,1,11.319516226649284
blue_green_epoch,2,74,2,0,3,2,2,2,0,0,0,0,0,1,11.177744716405869
blue_green_epoch,2,61,1,0,3,1,1,1,0,0,0,0,0,1,11.48215588182211
blue_green_epoch,2,13,2,1,4,,,,0,0,0,0,0,1,18.143152818083763
blue_green_epoch,2,124,2,1,4,,,,0,0,0,0,0,1,18.463749438524246
blue_green_epoch,2,34,1,0,4,1,1,1,0,0,0,0,0,1,28.10392901301384
blue_green_epoch,2,80,2,0,4,2,2,2,0,0,0,0,0,1,22.585395723581314
blue_green_epoch,2,61,2,0,4,2,2,2,0,0,0,0,0,1,11.633318848907948
blue_green_epoch,2,3,2,0,4,2,2,2,0,0,0,0,0,1,11.789913289248943
blue_green_epoch,2,122,2,0,4,2,2,2,0,0,0,0,0,1,11.370603926479816
blue_green_epoch,2,118,2,0,4,2,2,2,0,0,0,0,0,1,11.466598138213158
blue_green_epoch,2,78,2,0,4,2,2,2,0,0,0,0,0,1,11.411843821406364
blue_green_epoch,2,21,2,0,4,2,2,2,0,0,0,0,0,1,11.095767840743065
blue_green_epoch,2,13,2,1,4,,,,0,0,0,0,0,1,11.315450072288513
blue_green_epoch,2,61,2,0,4,2,2,2,0,0,0,0,0,1,10.997112840414047
blue_green_epoch,2,13,2,1,4,,,,0,0,0,0,0,1,11.26775797456503
blue_green_epoch,2,13,2,1,4,,,,0,0,0,0,0,0,11.12027745693922
blue_green_epoch,2,78,2,0,4,2,2,2,0,0,0,0,0,0,11.200034990906715
blue_green_epoch,2,3,2,0,4,2,2,2,0,0,0,0,0,0,10.80529298633337
blue_green_epoch,2,122,2,0,4,2,2,2,0,0,0,0,0,0,10.689166374504566
blue_green_epoch,2,117,1,0,4,1,1,1,0,0,0,0,0,0,11.348591186106205
blue_green_epoch,2,61,2,0,4,2,2,2,0,0,0,0,0,1,10.968095622956753
blue_green_epoch,2,80,2,0,4,2,2,2,0,0,0,0,0,1,11.614272370934486
blue_green_epoch,2,61,2,0,4,2,2,2,0,0,0,0,0,1,11.52160856872797
blue_green_epoch,2,40,1,0,4,1,1,1,0,0,0,0,0,1,11.13406103104353
blue_green_epoch,2,40,1,0,4,1,1,1,0,0,0,0,0,1,10.425002314150333
blue_green_epoch,2,48,1,0,4,1,1,1,0,0,0,0,0,1,11.367200873792171
blue_green_epoch,2,40,1,0,4,1,1,1,0,0,0,0,0,1,11.62214670330286
blue_green_epoch,2,101,1,0,4,1,1,1,0,0,0,0,0,1,11.704945005476475
blue_green_epoch,2,77,1,0,4,1,1,1,0,0,0,0,0,1,11.395865119993687
blue_green_epoch,2,95,1,0,4,1,1,1,0,0,0,0,0,1,11.116411536931992
blue_green_epoch,2,7,1,0,4,1,1,1,0,0,0,0,0,1,10.97926963120699
blue_green_epoch,2,36,1,0,4,1,1,1,0,0,0,0,0,1,11.512464843690395
blue_green_epoch,2,114,1,0,4,1,1,1,0,0,0,0,0,1,12.293273583054543
blue_green_epoch,2,95,1,0,4,1,1,1,0,0,0,0,0,1,12.033917009830475
blue_green_epoch,2,120,1,0,4,1,1,1,0,0,0,0,0,1,11.445283889770508
blue_green_epoch,2,30,2,0,4,2,2,2,0,0,0,0,0,1,11.593852192163467
blue_green_epoch,2,78,2,0,4,2,2,2,0,0,0,0,0,1,81.67698793113232
blue_green_epoch,2,95,1,0,4,1,1,1,0,0,0,0,0,1,96.77038062363863
blue_green_epoch,2,2,1,0,4,1,1,1,0,0,0,0,0,1,93.53085421025753
blue_green_epoch,2,36,1,0,4,1,1,1,0,0,0,0,0,1,99.86813552677631
blue_green_epoch,2,49,1,0,4,1,1,1,0,0,0,0,0,1,11.048102751374245
blue_green_epoch,2,90,1,0,4,1,1,1,0,0,0,0,0,1,10.734985582530499
blue_green_epoch,2,37,1,0,4,1,1,1,0,0,0,0,0,1,11.358356103301048
blue_green_epoch,2,1,1,0,4,1,1,1,0,0,0,0,0,1,11.314967647194862
blue_green_epoch,2,114,1,0,4,1,1,1,0,0,0,0,0,1,10.877236723899841
blue_green_epoch,2,77,1,0,4,1,1,1,0,0,0,0,0,1,11.646296828985214
blue_green_epoch,2,77,1,0,4,1,1,1,0,0,0,0,0,1,11.530006304383278
blue_green_epoch,2,27,2,1,4,,,,0,0,0,0,0,1,11.579430662095547
blue_green_epoch,2,54,1,0,4,1,1,1,0,0,0,0,0,1,19.557133316993713
blue_green_epoch,2,0,1,0,4,1,1,1,0,0,0,0,0,1,16.80732425302267
blue_green_epoch,2,1,1,0,4,1,1,1,0,0,0,0,0,1,29.202702455222607
blue_green_epoch,2,32,2,0,4,2,2,2,0,0,0,0,0,1,26.552683673799038
blue_green_epoch,2,15,1,0,4,1,1,1,0,0,0,0,0,1,10.854525491595268
blue_green_epoch,2,50,1,0,4,1,1,1,0,0,0,0,0,1,11.309733614325523
blue_green_epoch,2,40,1,0,4,1,1,1,0,0,0,0,0,1,11.310482397675514
blue_green_epoch,2,101,1,0,4,1,1,1,0,0,0,0,0,1,11.076057329773903
blue_green_epoch,2,107,1,0,4,1,1,1,0,0,0,0,0,1,11.470582336187363
blue_green_epoch,2,77,1,0,4,1,1,1,0,0,0,0,0,1,10.676410049200058
blue_green_epoch,2,114,1,0,4,1,1,1,0,0,0,0,0,1,11.386646889150143
blue_green_epoch,2,1,1,0,4,1,1,1,0,0,0,0,0,1,10.735277086496353
blue_green_epoch,2,73,2,1,5,,,,0,0,0,0,0,1,15.040266327559948
blue_green_epoch,2,15,2,0,5,2,2,2,0,0,0,0,0,1,16.03772956877947
blue_green_epoch,2,114,2,0,5,2,2,2,0,0,0,0,0,1,27.684052474796772
blue_green_epoch,2,102,2,0,5,2,2,2,0,0,0,0,0,1,28.111579827964306
blue_green_epoch,2,77,2,0,5,2,2,2,0,0,0,0,0,1,11.456195265054703
blue_green_epoch,2,37,2,1,5,,,,0,0,0,0,0,1,11.098263785243034
blue_green_epoch,2,0,2,0,5,2,2,2,0,0,0,0,0,1,11.79222110658884
blue_green_epoch,2,40,2,0,5,2,2,2,0,0,0,0,0,1,11.732050217688084
blue_green_epoch,2,114,2,0,5,2,2,2,0,0,0,0,0,0,11.290125548839569
blue_green_epoch,2,54,2,0,5,2,2,2,0,0,0,0,0,0,11.488137766718864
blue_green_epoch,2,54,2,0,5,2,2,2,0,0,0,0,0,0,11.698170565068722
blue_green_epoch,2,37,2,1,5,,,,0,0,0,0,0,0,11.447169817984104
blue_green_epoch,2,114,2,0,5,2,2,2,0,0,0,0,0,0,11.16975024342537
blue_green_epoch,2,77,2,0,5,2,2,2,0,0,0,0,0,1,11.339486576616764
blue_green_epoch,2,40,2,0,5,2,2,2,0,0,0,0,0,1,11.65033970028162
blue_green_epoch,2,1,2,0,5,2,2,2,0,0,0,0,0,1,11.941082775592804
blue_green_epoch,2,52,1,0,5,1,1,1,0,0,0,0,0,1,11.697419919073582
blue_green_epoch,2,66,1,0,5,1,1,1,0,0,0,0,0,1,11.00246049463749
blue_green_epoch,2,94,1,0,5,1,1,1,0,0,0,0,0,1,10.914439335465431
blue_green_epoch,2,75,1,0,5,1,1,1,0,0,0,0,0,1,11.244380846619606
blue_green_epoch,2,52,1,0,5,1,1,1,0,0,0,0,0,1,11.412215419113636
blue_green_epoch,2,45,1,0,5,1,1,1,0,0,0,0,0,1,11.319132521748543
blue_green_epoch,2,41,1,0,5,1,1,1,0,0,0,0,0,1,11.776776053011417
blue_green_epoch,2,29,1,0,5,1,1,1,0,0,0,0,0,1,11.189788579940796
blue_green_epoch,2,58,1,0,5,1,1,1,0,0,0,0,0,1,11.242750100791454
blue_green_epoch,2,94,1,0,5,1,1,1,0,0,0,0,0,1,11.410726234316826
blue_green_epoch,2,52,1,0,5,1,1,1,0,0,0,0,0,1,11.609198525547981
blue_green_epoch,2,94,1,0,5,1,1,1,0,0,0,0,0,1,11.812699027359486
blue_green_epoch,2,25,1,0,5,1,1,1,0,0,0,0,0,1,11.197756975889206
blue_green_epoch,2,29,1,0,5,1,1,1,0,0,0,0,0,1,89.99827411025763
blue_green_epoch,2,126,1,0,5,1,1,1,0,0,0,0,0,1,86.67879644781351
blue_green_epoch,2,52,1,0,5,1,1,1,0,0,0,0,0,1,93.14046055078506
blue_green_epoch,2,38,2,0,5,2,2,2,0,0,0,0,0,1,81.78639225661755
blue_green_epoch,2,1,2,0,5,2,2,2,0,0,0,0,0,1,10.871591977775097
blue_green_epoch,2,52,1,0,5,1,1,1,0,0,0,0,0,1,10.594094172120094
blue_green_epoch,2,107,1,0,5,1,1,1,0,0,0,0,0,1,10.769244283437729
blue_green_epoch,2,75,1,0,5,1,1,1,0,0,0,0,0,1,11.205149814486504
blue_green_epoch,2,64,1,0,5,1,1,1,0,0,0,0,0,1,10.75130794197321
blue_green_epoch,2,100,1,0,5,1,1,1,0,0,0,0,0,1,11.617430485785007
blue_green_epoch,2,75,1,0,5,1,1,1,0,0,0,0,0,1,15.103347599506378
blue_green_epoch,2,126,1,0,5,1,1,1,0,0,0,0,0,1,15.156388282775879
blue_green_epoch,2,1,2,0,5,2,2,2,0,0,0,0,0,1,15.478025190532207
blue_green_epoch,2,52,1,0,5,1,1,1,0,0,0,0,0,1,11.749720200896263
blue_green_epoch,2,66,1,0,5,1,1,1,0,0,0,0,0,1,20.10811399668455
blue_green_epoch,2,45,1,0,5,1,1,1,0,0,0,0,0,1,26.649124920368195
blue_green_epoch,2,52,1,0,5,1,1,1,0,0,0,0,0,1,19.631968811154366
blue_green_epoch,2,56,2,0,5,2,2,2,0,0,0,0,0,1,26.443026028573513
blue_green_epoch,2,44,2,0,5,2,2,2,0,0,0,0,0,1,11.406894773244858
blue_green_epoch,2,16,2,0,5,2,2,2,0,0,0,0,0,1,11.679323390126228
blue_green_epoch,2,81,2,0,5,2,2,2,0,0,0,0,0,1,11.549224145710468
blue_green_epoch,2,107,1,0,5,1,1,1,0,0,0,0,0,1,11.433351784944534
blue_green_epoch,2,56,2,0,5,2,2,2,0,0,0,0,0,1,10.979416780173779
blue_green_epoch,2,11,1,0,5,1,1,1,0,0,0,0,0,1,11.5742739289999
blue_green_epoch,2,126,1,0,5,1,1,1,0,0,0,0,0,1,11.514619924128056
blue_green_epoch,2,64,1,0,5,1,1,1,0,0,0,0,0,1,11.561333201825619
blue_green_epoch,2,29,1,0,5,1,1,1,0,0,0,0,0,1,11.341122910380363
blue_green_epoch,2,64,1,0,5,1,1,1,0,0,0,0,0,1,11.538813821971416
blue_green_epoch,2,110,2,0,6,2,2,2,0,0,0,0,0,1,11.414463631808758
blue_green_epoch,2,107,2,0,6,2,2,2,0,0,0,0,0,1,21.620196290314198
blue_green_epoch,2,88,2,0,6,2,2,2,0,0,0,0,0,1,28.182351030409336
blue_green_epoch,2,64,2,0,6,2,2,2,0,0,0,0,0,1,24.87153187394142
blue_green_epoch,2,107,2,0,6,2,2,2,0,0,0,0,0,1,11.804894544184208
blue_green_epoch,2,25,2,0,6,2,2,2,0,0,0,0,0,1,11.956246569752693
blue_green_epoch,2,58,2,0,6,2,2,2,0,0,0,0,0,1,12.15854287147522
blue_green_epoch,2,55,2,0,6,2,2,2,0,0,0,0,0,1,12.185527943074703
blue_green_epoch,2,64,2,0,6,2,2,2,0,0,0,0,0,0,11.677993461489677
blue_green_epoch,2,28,2,1,6,,,,0,0,0,0,0,0,11.188975535333157
blue_green_epoch,2,24,2,1,6,,,,0,0,0,0,0,0,10.795331560075283
blue_green_epoch,2,55,2,0,6,2,2,2,0,0,0,0,0,0,10.578582063317299
blue_green_epoch,2,75,2,1,6,,,,0,0,0,0,0,0,10.477779433131218
blue_green_epoch,2,45,2,0,6,2,2,2,0,0,0,0,0,1,11.639964766800404
blue_green_epoch,2,119,2,1,6,,,,0,0,0,0,0,1,11.687872000038624
blue_green_epoch,2,45,2,0,6,2,2,2,0,0,0,0,0,1,11.492135003209114
blue_green_epoch,2,117,1,0,6,1,1,1,0,0,0,0,0,1,11.515777558088303
blue_green_epoch,2,16,2,0,6,2,2,2,0,0,0,0,0,1,10.920933447778225
blue_green_epoch,2,99,1,0,6,1,1,1,0,0,0,0,0,1,10.82942821085453
blue_green_epoch,2,70,1,0,6,1,1,1,0,0,0,0,0,1,11.25584077090025
blue_green_epoch,2,123,1,0,6,1,1,1,0,0,0,0,0,1,11.060116812586784
blue_green_epoch,2,90,1,0,6,1,1,1,0,0,0,0,0,1,10.845468379557133
blue_green_epoch,2,109,1,0,6,1,1,1,0,0,0,0,0,1,11.4981010556221
blue_green_epoch,2,71,2,0,6,2,2,2,0,0,0,0,0,1,11.576291173696518
blue_green_epoch,2,60,1,0,6,1,1,1,0,0,0,0,0,1,11.26737892627716
blue_green_epoch,2,14,1,0,6,1,1,1,0,0,0,0,0,1,88.01611512899399
blue_green_epoch,2,56,2,0,6,2,2,2,0,0,0,0,0,1,79.45395540446043
blue_green_epoch,2,81,2,0,6,2,2,2,0,0,0,0,0,1,87.82335463911295
blue_green_epoch,2,113,2,0,6,2,2,2,0,0,0,0,0,1,94.42542493343353
blue_green_epoch,2,107,2,0,6,2,2,2,0,0,0,0,0,1,11.288373731076717
blue_green_epoch,2,53,1,0,6,1,1,1,0,0,0,0,0,1,11.157621629536152
blue_green_epoch,2,125,1,0,6,1,1,1,0,0,0,0,0,1,10.941021144390106
blue_green_epoch,2,15,2,0,6,2,2,2,0,0,0,0,0,1,11.647910811007023
blue_green_epoch,2,99,1,0,6,1,1,1,0,0,0,0,0,1,11.010411195456982
blue_green_epoch,2,45,2,0,6,2,2,2,0,0,0,0,0,1,10.905081406235695
blue_green_epoch,2,41,1,0,6,1,1,1,0,0,0,0,0,1,11.781365610659122
blue_green_epoch,2,53,1,0,6,1,1,1,0,0,0,0,0,1,11.552609503269196
blue_green_epoch,2,109,1,0,6,1,1,1,0,0,0,0,0,1,11.08220499008894
blue_green_epoch,2,119,2,1,6,,,,0,0,0,0,0,1,10.82944218069315
blue_green_epoch,2,70,1,0,6,1,1,1,0,0,0,0,0,1,10.679423809051514
blue_green_epoch,2,51,1,0,6,1,1,1,0,0,0,0,0,1,22.225843742489815
blue_green_epoch,2,100,1,0,6,1,1,1,0,0,0,0,0,1,16.72447193413973
blue_green_epoch,2,7,1,0,6,1,1,1,0,0,0,0,0,1,23.266236297786236
blue_green_epoch,2,109,1,0,6,1,1,1,0,0,0,0,0,1,30.0302654504776
blue_green_epoch,2,100,1,0,6,1,1,1,0,0,0,0,0,1,11.77269872277975
blue_green_epoch,2,99,1,0,6,1,1,1,0,0,0,0,0,1,11.626032181084156
blue_green_epoch,2,72,1,0,6,1,1,1,0,0,0,0,0,1,11.490625329315662
blue_green_epoch,2,53,1,0,6,1,1,1,0,0,0,0,0,1,11.576171033084393
blue_green_epoch,2,60,1,0,6,1,1,1,0,0,0,0,0,1,11.137880384922028
blue_green_epoch,2,109,1,0,6,1,1,1,0,0,0,0,0,1,11.578239500522614
blue_green_epoch,2,84,1,0,6,1,1,1,0,0,0,0,0,1,11.430160142481327
blue_green_epoch,2,84,1,0,6,1,1,1,0,0,0,0,0,1,11.477564461529255
blue_green_epoch,2,99,1,0,6,1,1,1,0,0,0,0,0,1,11.48902252316475
blue_green_epoch,2,100,2,0,7,2,2,2,0,0,0,0,0,1,17.887074500322342
blue_green_epoch,2,68,2,1,7,,,,0,0,0,0,0,1,25.167829357087612
blue_green_epoch,2,45,2,0,7,2,2,2,0,0,0,0,0,1,18.768063746392727
blue_green_epoch,2,123,2,0,7,2,2,2,0,0,0,0,0,1,25.075457990169525
blue_green_epoch,2,70,2,0,7,2,2,2,0,0,0,0,0,1,11.13848201930523
blue_green_epoch,2,60,2,0,7,2,2,2,0,0,0,0,0,1,10.82630269229412
blue_green_epoch,2,100,2,0,7,2,2,2,0,0,0,0,0,1,10.79750619828701
blue_green_epoch,2,63,2,1,7,,,,0,0,0,0,0,1,10.927926748991013
blue_green_epoch,2,51,2,0,7,2,2,2,0,0,0,0,0,1,11.111886240541935
blue_green_epoch,2,63,2,1,7,,,,0,0,0,0,0,1,10.673933662474155
blue_green_epoch,2,123,2,0,7,2,2,2,0,0,0,0,0,1,11.315972544252872
blue_green_epoch,2,90,1,0,7,1,1,1,0,0,0,0,0,1,11.227929964661598
blue_green_epoch,2,53,2,0,7,2,2,2,0,0,0,0,0,0,11.5775465965271
blue_green_epoch,2,84,2,1,7,,,,0,0,0,0,0,0,11.455375701189041
blue_green_epoch,2,125,2,0,7,2,2,2,0,0,0,0,0,0,11.458775959908962
blue_green_epoch,2,89,1,0,7,1,1,1,0,0,0,0,0,0,11.163691990077496
blue_green_epoch,2,30,2,0,7,2,2,2,0,0,0,0,0,0,11.816016398370266
blue_green_epoch,2,100,2,0,7,2,2,2,0,0,0,0,0,1,12.236063368618488
blue_green_epoch,2,68,2,1,7,,,,0,0,0,0,0,1,11.521137319505215
blue_green_epoch,2,50,1,0,7,1,1,1,0,0,0,0,0,1,11.524181813001633
blue_green_epoch,2,49,1,0,7,1,1,1,0,0,0,0,0,1,11.257869191467762
blue_green_epoch,2,19,2,0,7,2,2,2,0,0,0,0,0,1,11.621682904660702
blue_green_epoch,2,14,1,0,7,1,1,1,0,0,0,0,0,1,11.807120405137539
blue_green_epoch,2,100,2,0,7,2,2,2,0,0,0,0,0,1,11.7029445245862
blue_green_epoch,2,90,1,0,7,1,1,1,0,0,0,0,0,1,11.696508154273033
blue_green_epoch,2,20,1,0,7,1,1,1,0,0,0,0,0,1,11.411563493311405
blue_green_epoch,2,127,1,0,7,1,1,1,0,0,0,0,0,1,11.152024380862713
blue_green_epoch,2,11,1,0,7,1,1,1,0,0,0,0,0,1,10.813694447278976
blue_green_epoch,2,49,1,0,7,1,1,1,0,0,0,0,0,1,11.726653203368187
blue_green_epoch,2,116,1,0,7,1,1,1,0,0,0,0,0,1,11.633601039648056
blue_green_epoch,2,65,1,0,7,1,1,1,0,0,0,0,0,1,85.92704590409994
blue_green_epoch,2,14,1,0,7,1,1,1,0,0,0,0,0,1,86.38169150799513
blue_green_epoch,2,117,1,0,7,1,1,1,0,0,0,0,0,1,86.22831664979458
blue_green_epoch,2,14,1,0,7,1,1,1,0,0,0,0,0,1,84.67005845159292
blue_green_epoch,2,5,2,0,7,2,2,2,0,0,0,0,0,1,12.056936509907246
blue_green_epoch,2,16,2,0,7,2,2,2,0,0,0,0,0,1,11.761299334466457
blue_green_epoch,2,90,1,0,7,1,1,1,0,0,0,0,0,1,11.379368603229523
blue_green_epoch,2,11,1,0,7,1,1,1,0,0,0,0,0,1,11.19812112301588
blue_green_epoch,2,105,1,0,7,1,1,1,0,0,0,0,0,1,11.40668336302042
blue_green_epoch,2,117,1,0,7,1,1,1,0,0,0,0,0,1,11.498755775392056
blue_green_epoch,2,116,1,0,7,1,1,1,0,0,0,0,0,1,10.747472755610943
blue_green_epoch,2,116,1,0,7,1,1,1,0,0,0,0,0,1,11.865858919918537
blue_green_epoch,2,43,1,0,7,1,1,1,0,0,0,0,0,1,11.870595626533031
blue_green_epoch,2,43,1,0,7,1,1,1,0,0,0,0,0,1,22.94747717678547
blue_green_epoch,2,19,2,0,7,2,2,2,0,0,0,0,0,1,19.61291115731001
blue_green_epoch,2,12,1,0,7,1,1,1,0,0,0,0,0,1,20.197882317006588
blue_green_epoch,2,96,2,0,7,2,2,2,0,0,0,0,0,1,29.307467862963676
blue_green_epoch,2,127,1,0,7,1,1,1,0,0,0,0,0,1,11.26983854919672
blue_green_epoch,2,127,1,0,7,1,1,1,0,0,0,0,0,1,11.534012854099274
blue_green_epoch,2,11,1,0,7,1,1,1,0,0,0,0,0,1,11.096830479800701
blue_green_epoch,2,20,1,0,7,1,1,1,0,0,0,0,0,1,11.607029475271702
blue_green_epoch,2,117,1,0,7,1,1,1,0,0,0,0,0,1,11.574434116482735
blue_green_epoch,2,24,2,1,7,,,,0,0,0,0,0,1,3.947068937122822
blue_green_epoch,2,116,1,0,7,1,1,1,0,0,0,0,0,1,13.580480590462685
blue_green_epoch,2,9,1,0,7,1,1,1,0,0,0,0,0,1,13.788950629532337
blue_green_epoch,2,61,2,0,7,2,2,2,0,0,0,0,0,1,23.854847066104412
blue_green_epoch,2,14,2,1,8,,,,0,0,0,0,0,1,18.79819482564926
blue_green_epoch,2,31,2,0,8,2,2,2,0,0,0,0,0,1,25.681576691567898
blue_green_epoch,2,12,2,0,8,2,2,2,0,0,0,0,0,1,22.15596381574869
blue_green_epoch,2,53,2,0,8,2,2,2,0,0,0,0,0,1,22.214369848370552
blue_green_epoch,2,49,2,0,8,2,2,2,0,0,0,0,0,1,11.541275307536125
blue_green_epoch,2,14,2,1,8,,,,0,0,0,0,0,1,11.556923389434814
blue_green_epoch,2,31,2,0,8,2,2,2,0,0,0,0,0,1,11.097682639956474
blue_green_epoch,2,65,2,0,8,2,2,2,0,0,0,0,0,1,11.071812361478806
blue_green_epoch,2,20,2,1,8,,,,0,0,0,0,0,0,11.292651295661926
blue_green_epoch,2,26,2,0,8,2,2,2,0,0,0,0,0,0,11.40917744487524
blue_green_epoch,2,105,2,0,8,2,2,2,0,0,0,0,0,0,11.10709086060524
blue_green_epoch,2,49,2,0,8,2,2,2,0,0,0,0,0,0,11.224291287362576
blue_green_epoch,2,89,2,0,8,2,2,2,0,0,0,0,0,0,11.426323093473911
blue_green_epoch,2,105,2,0,8,2,2,2,0,0,0,0,0,0,11.50005403906107
blue_green_epoch,2,90,2,0,8,2,2,2,0,0,0,0,0,0,11.021660640835762
blue_green_epoch,2,66,2,1,8,,,,0,0,0,0,0,0,10.82222256809473
blue_green_epoch,2,49,2,0,8,2,2,2,0,0,0,0,0,0,11.407156474888325
blue_green_epoch,2,20,2,1,8,,,,0,0,0,0,0,0,11.40215527266264
blue_green_epoch,2,22,2,0,8,2,2,2,0,0,0,0,0,0,11.283610947430134
blue_green_epoch,2,31,2,0,8,2,2,2,0,0,0,0,0,0,11.523871682584286
blue_green_epoch,2,9,2,0,8,2,2,2,0,0,0,0,0,0,11.572547256946564
blue_green_epoch,2,20,2,1,8,,,,0,0,0,0,0,0,11.166684329509735
blue_green_epoch,2,122,2,0,8,2,2,2,0,0,0,0,0,0,10.760804638266563
blue_green_epoch,2,65,2,0,8,2,2,2,0,0,0,0,0,0,11.268403381109238
blue_green_epoch,2,116,2,0,8,2,2,2,0,0,0,0,0,0,11.064289137721062
blue_green_epoch,2,74,2,0,8,2,2,2,0,0,0,0,0,0,12.073209509253502
blue_green_epoch,2,65,2,0,8,2,2,2,0,0,0,0,0,0,12.2410012409091
blue_green_epoch,2,9,2,0,8,2,2,2,0,0,0,0,0,0,11.597524397075176
blue_green_epoch,2,74,2,0,8,2,2,2,0,0,0,0,0,0,11.621041223406792
blue_green_epoch,2,20,2,1,8,,,,0,0,0,0,0,0,11.543598026037216
blue_green_epoch,2,31,2,0,8,2,2,2,0,0,0,0,0,0,11.043333448469639
blue_green_epoch,2,50,2,0,8,2,2,2,0,0,0,0,0,0,11.280020698904991
blue_green_epoch,2,14,2,1,8,,,,0,0,0,0,0,0,11.501814238727093
blue_green_epoch,2,12,2,0,8,2,2,2,0,0,0,0,0,0,11.889390647411346
blue_green_epoch,2,43,2,0,8,2,2,2,0,0,0,0,0,0,12.073995545506477
blue_green_epoch,2,9,2,0,8,2,2,2,0,0,0,0,0,0,11.849569156765938
blue_green_epoch,2,42,2,0,8,2,2,2,0,0,0,0,0,0,11.964591220021248
blue_green_epoch,2,68,2,1,8,,,,0,0,0,0,0,0,11.472050100564957
blue_green_epoch,2,14,2,1,8,,,,0,0,0,0,0,0,11.602049693465233
blue_green_epoch,2,52,2,1,8,,,,0,0,0,0,0,0,11.108492501080036
blue_green_epoch,2,117,2,1,8,,,,0,0,0,0,0,0,11.223613284528255
blue_green_epoch,3,97,1,0,0,1,1,1,0,0,0,0,0,1,3.8199368864297867
blue_green_epoch,3,115,1,0,0,1,1,1,0,0,0,0,0,1,7.260505110025406
blue_green_epoch,3,125,1,0,0,1,1,1,0,0,0,0,0,1,10.372410528361797
blue_green_epoch,3,44,1,0,0,1,1,1,0,0,0,0,0,1,13.383433222770691
blue_green_epoch,3,86,1,0,0,1,1,1,0,0,0,0,0,1,11.806955561041832
blue_green_epoch,3,98,1,0,0,1,1,1,0,0,0,0,0,1,10.705316439270973
blue_green_epoch,3,104,1,0,0,1,1,1,0,0,0,0,0,1,11.400146409869194
blue_green_epoch,3,120,1,0,0,1,1,1,0,0,0,0,0,1,11.13909762352705
blue_green_epoch,3,13,1,0,0,1,1,1,0,0,0,0,0,1,11.042041704058647
blue_green_epoch,3,102,1,0,0,1,1,1,0,0,0,0,0,1,11.021098122000694
blue_green_epoch,3,24,1,0,0,1,1,1,0,0,0,0,0,1,10.994034819304943
blue_green_epoch,3,54,1,0,0,1,1,1,0,0,0,0,0,1,95.54179664701223
blue_green_epoch,3,4,1,0,0,1,1,1,0,0,0,0,0,1,102.15506609529257
blue_green_epoch,3,46,1,0,0,1,1,1,0,0,0,0,0,1,99.3537763133645
blue_green_epoch,3,0,1,0,0,1,1,1,0,0,0,0,0,1,96.96469828486443
blue_green_epoch,3,4,1,0,0,1,1,1,0,0,0,0,0,1,11.216520331799984
blue_green_epoch,3,83,1,0,0,1,1,1,0,0,0,0,0,1,11.032382026314735
blue_green_epoch,3,10,1,0,0,1,1,1,0,0,0,0,0,1,11.269624345004559
blue_green_epoch,3,81,1,0,0,1,1,1,0,0,0,0,0,1,11.179916560649872
blue_green_epoch,3,86,1,0,0,1,1,1,0,0,0,0,0,1,11.224614456295967
blue_green_epoch,3,54,1,0,0,1,1,1,0,0,0,0,0,1,11.398715898394585
blue_green_epoch,3,67,1,0,0,1,1,1,0,0,0,0,0,1,10.988626629114151
blue_green_epoch,3,26,1,0,0,1,1,1,0,0,0,0,0,1,19.12602037191391
blue_green_epoch,3,77,1,0,0,1,1,1,0,0,0,0,0,1,25.858054868876934
blue_green_epoch,3,108,1,0,0,1,1,1,0,0,0,0,0,1,19.42515652626753
blue_green_epoch,3,85,1,0,0,1,1,1,0,0,0,0,0,1,25.51795169711113
blue_green_epoch,3,79,1,0,0,1,1,1,0,0,0,0,0,1,11.546755209565163
blue_green_epoch,3,102,1,0,0,1,1,1,0,0,0,0,0,1,11.09947171062231
blue_green_epoch,3,81,1,0,0,1,1,1,0,0,0,0,0,1,11.972467415034771
blue_green_epoch,3,57,1,0,0,1,1,1,0,0,0,0,0,1,17.49748643487692
blue_green_epoch,3,109,1,0,0,1,1,1,0,0,0,0,0,1,18.325185403227806
blue_green_epoch,3,102,1,0,0,1,1,1,0,0,0,0,0,1,18.088454380631447
blue_green_epoch,3,4,1,0,0,1,1,1,0,0,0,0,0,1,16.232182271778584
blue_green_epoch,3,0,2,0,1,2,2,2,0,0,0,0,0,1,27.533729560673237
blue_green_epoch,3,22,1,0,1,1,1,1,0,0,0,0,0,1,23.450137116014957
blue_green_epoch,3,127,1,0,1,1,1,1,0,0,0,0,0,1,24.780161678791046
blue_green_epoch,3,54,2,0,1,2,2,2,0,0,0,0,0,1,32.645370811223984
blue_green_epoch,3,68,2,1,1,,,,0,0,0,0,0,1,11.063328012824059
blue_green_epoch,3,4,2,0,1,2,2,2,0,0,0,0,0,1,11.264323256909847
blue_green_epoch,3,85,2,0,1,2,2,2,0,0,0,0,0,1,10.785986669361591
blue_green_epoch,3,33,2,0,1,2,2,2,0,0,0,0,0,1,11.466201394796371
blue_green_epoch,3,86,2,0,1,2,2,2,0,0,0,0,0,1,11.320021003484726
blue_green_epoch,3,86,2,0,1,2,2,2,0,0,0,0,0,0,11.705297976732254
blue_green_epoch,3,19,1,0,1,1,1,1,0,0,0,0,0,0,11.832947842776775
blue_green_epoch,3,105,1,0,1,1,1,1,0,0,0,0,0,0,11.745716445147991
blue_green_epoch,3,4,2,0,1,2,2,2,0,0,0,0,0,0,11.286851949989796
blue_green_epoch,3,4,2,0,1,2,2,2,0,0,0,0,0,0,11.688737198710442
blue_green_epoch,3,21,1,0,1,1,1,1,0,0,0,0,0,1,11.634843423962593
blue_green_epoch,3,25,1,0,1,1,1,1,0,0,0,0,0,1,11.604811996221542
blue_green_epoch,3,99,1,0,1,1,1,1,0,0,0,0,0,1,11.496566236019135
blue_green_epoch,3,36,1,0,1,1,1,1,0,0,0,0,0,1,11.804287321865559
blue_green_epoch,3,61,1,0,1,1,1,1,0,0,0,0,0,1,11.31538674235344
blue_green_epoch,3,110,1,0,1,1,1,1,0,0,0,0,0,1,10.807695798575878
blue_green_epoch,3,121,1,0,1,1,1,1,0,0,0,0,0,1,11.853097938001156
blue_green_epoch,3,7,1,0,1,1,1,1,0,0,0,0,0,1,12.169811874628067
blue_green_epoch,3,15,1,0,1,1,1,1,0,0,0,0,0,1,12.141958810389042
blue_green_epoch,3,94,1,0,1,1,1,1,0,0,0,0,0,1,11.867617256939411
blue_green_epoch,3,109,1,0,1,1,1,1,0,0,0,0,0,1,11.447111144661903
blue_green_epoch,3,120,1,0,1,1,1,1,0,0,0,0,0,1,11.463768780231476
blue_green_epoch,3,89,1,0,1,1,1,1,0,0,0,0,0,1,10.788547806441784
blue_green_epoch,3,61,1,0,1,1,1,1,0,0,0,0,0,1,11.59178651869297
blue_green_epoch,3,109,1,0,1,1,1,1,0,0,0,0,0,1,88.30184862017632
blue_green_epoch,3,58,1,0,1,1,1,1,0,0,0,0,0,1,100.3549201413989
blue_green_epoch,3,15,1,0,1,1,1,1,0,0,0,0,0,1,106.77950736135244
blue_green_epoch,3,89,1,0,1,1,1,1,0,0,0,0,0,1,103.09157706797123
blue_green_epoch,3,61,1,0,1,1,1,1,0,0,0,0,0,1,10.83580031991005
blue_green_epoch,3,38,1,0,1,1,1,1,0,0,0,0,0,1,11.054406873881817
blue_green_epoch,3,78,1,0,1,1,1,1,0,0,0,0,0,1,11.183112859725952
blue_green_epoch,3,69,1,0,1,1,1,1,0,0,0,0,0,1,11.448315344750881
blue_green_epoch,3,63,1,0,1,1,1,1,0,0,0,0,0,1,11.584323830902576
blue_green_epoch,3,109,1,0,1,1,1,1,0,0,0,0,0,1,11.084013618528843
blue_green_epoch,3,127,1,0,1,1,1,1,0,0,0,0,0,1,11.854414828121662
blue_green_epoch,3,94,1,0,1,1,1,1,0,0,0,0,0,1,11.94367092102766
blue_green_epoch,3,41,1,0,1,1,1,1,0,0,0,0,0,1,11.888899840414524
blue_green_epoch,3,125,1,0,1,1,1,1,0,0,0,0,0,1,11.163713410496712
blue_green_epoch,3,7,1,0,1,1,1,1,0,0,0,0,0,1,11.311044916510582
blue_green_epoch,3,69,1,0,1,1,1,1,0,0,0,0,0,1,13.270888477563858
blue_green_epoch,3,15,1,0,1,1,1,1,0,0,0,0,0,1,23.030555807054043
blue_green_epoch,3,79,2,1,1,,,,0,0,0,0,0,1,28.94146367907524
blue_green_epoch,3,121,1,0,1,1,1,1,0,0,0,0,0,1,25.864041410386562
blue_green_epoch,3,109,1,0,1,1,1,1,0,0,0,0,0,1,11.379091069102287
blue_green_epoch,3,109,1,0,1,1,1,1,0,0,0,0,0,1,10.97533106803894
blue_green_epoch,3,119,1,0,1,1,1,1,0,0,0,0,0,1,11.67385559529066
blue_green_epoch,3,7,1,0,1,1,1,1,0,0,0,0,0,1,11.529826559126377
blue_green_epoch,3,109,1,0,1,1,1,1,0,0,0,0,0,1,11.861883103847504
blue_green_epoch,3,69,1,0,1,1,1,1,0,0,0,0,0,1,11.868385598063469
blue_green_epoch,3,69,1,0,1,1,1,1,0,0,0,0,0,1,12.26542517542839
blue_green_epoch,3,7,1,0,1,1,1,1,0,0,0,0,0,1,12.297196313738823
blue_green_epoch,3,109,1,0,1,1,1,1,0,0,0,0,0,1,11.560050770640373
blue_green_epoch,3,95,2,0,2,2,2,2,0,0,0,0,0,1,14.88033588975668
blue_green_epoch,3,78,2,0,2,2,2,2,0,0,0,0,0,1,15.73877688497305
blue_green_epoch,3,74,2,0,2,2,2,2,0,0,0,0,0,1,27.930032461881638
blue_green_epoch,3,120,2,1,2,,,,0,0,0,0,0,1,27.697117067873478
blue_green_epoch,3,94,2,0,2,2,2,2,0,0,0,0,0,1,11.230286210775375
blue_green_epoch,3,106,2,0,2,2,2,2,0,0,0,0,0,1,11.349488981068134
blue_green_epoch,3,25,2,0,2,2,2,2,0,0,0,0,0,1,10.776056908071041
blue_green_epoch,3,81,2,0,2,2,2,2,0,0,0,0,0,0,11.343256570398808
blue_green_epoch,3,106,2,0,2,2,2,2,0,0,0,0,0,0,11.549212969839573
blue_green_epoch,3,61,2,0,2,2,2,2,0,0,0,0,0,0,11.426935903728008
blue_green_epoch,3,25,2,0,2,2,2,2,0,0,0,0,0,0,11.240731924772263
blue_green_epoch,3,36,2,1,2,,,,0,0,0,0,0,0,11.20522990822792
blue_green_epoch,3,64,1,0,2,1,1,1,0,0,0,0,0,1,11.230706237256527
blue_green_epoch,3,7,2,0,2,2,2,2,0,0,0,0,0,1,11.414705775678158
blue_green_epoch,3,110,1,0,2,1,1,1,0,0,0,0,0,1,10.975254699587822
blue_green_epoch,3,109,2,0,2,2,2,2,0,0,0,0,0,1,11.486949399113655
blue_green_epoch,3,52,1,0,2,1,1,1,0,0,0,0,0,1,10.679535567760468
blue_green_epoch,3,100,1,0,2,1,1,1,0,0,0,0,0,1,10.736399330198765
blue_green_epoch,3,88,1,0,2,1,1,1,0,0,0,0,0,1,11.300318874418736
blue_green_epoch,3,75,1,0,2,1,1,1,0,0,0,0,0,1,11.329371482133865
blue_green_epoch,3,41,1,0,2,1,1,1,0,0,0,0,0,1,11.406720615923405
blue_green_epoch,3,75,1,0,2,1,1,1,0,0,0,0,0,1,11.269996874034405
blue_green_epoch,3,127,1,0,2,1,1,1,0,0,0,0,0,1,11.904500424861908
blue_green_epoch,3,58,2,0,2,2,2,2,0,0,0,0,0,1,12.365990318357944
blue_green_epoch,3,9,1,0,2,1,1,1,0,0,0,0,0,1,12.248226441442966
blue_green_epoch,3,22,1,0,2,1,1,1,0,0,0,0,0,1,11.674206703901291
blue_green_epoch,3,8,1,0,2,1,1,1,0,0,0,0,0,1,12.113318778574467
blue_green_epoch,3,76,1,0,2,1,1,1,0,0,0,0,0,1,11.717315763235092
blue_green_epoch,3,18,1,0,2,1,1,1,0,0,0,0,0,1,11.81302685290575
blue_green_epoch,3,8,1,0,2,1,1,1,0,0,0,0,0,1,98.46038464456797
blue_green_epoch,3,127,1,0,2,1,1,1,0,0,0,0,0,1,95.7643473520875
blue_green_epoch,3,18,1,0,2,1,1,1,0,0,0,0,0,1,93.56794878840446
blue_green_epoch,3,73,1,0,2,1,1,1,0,0,0,0,0,1,106.05143383145332
blue_green_epoch,3,75,1,0,2,1,1,1,0,0,0,0,0,1,11.96871604770422
blue_green_epoch,3,65,1,0,2,1,1,1,0,0,0,0,0,1,11.863443069159985
blue_green_epoch,3,105,1,0,2,1,1,1,0,0,0,0,0,1,11.532706208527088
blue_green_epoch,3,22,1,0,2,1,1,1,0,0,0,0,0,1,11.396465823054314
blue_green_epoch,3,103,1,0,2,1,1,1,0,0,0,0,0,1,11.316337622702122
blue_green_epoch,3,75,1,0,2,1,1,1,0,0,0,0,0,1,11.441275477409363
blue_green_epoch,3,76,1,0,2,1,1,1,0,0,0,0,0,1,11.442516930401325
blue_green_epoch,3,24,1,0,2,1,1,1,0,0,0,0,0,1,11.238139122724533
blue_green_epoch,3,73,1,0,2,1,1,1,0,0,0,0,0,1,10.93521248549223
blue_green_epoch,3,88,1,0,2,1,1,1,0,0,0,0,0,1,11.352789588272572
blue_green_epoch,3,41,1,0,2,1,1,1,0,0,0,0,0,1,11.319388635456562
blue_green_epoch,3,114,1,0,2,1,1,1,0,0,0,0,0,1,22.882189601659775
blue_green_epoch,3,9,1,0,2,1,1,1,0,0,0,0,0,1,19.543125294148922
blue_green_epoch,3,76,1,0,2,1,1,1,0,0,0,0,0,1,20.162160508334637
blue_green_epoch,3,75,1,0,2,1,1,1,0,0,0,0,0,1,29.49006948620081
blue_green_epoch,3,75,1,0,2,1,1,1,0,0,0,0,0,1,11.85563113540411
blue_green_epoch,3,75,1,0,2,1,1,1,0,0,0,0,0,1,11.74597442150116
blue_green_epoch,3,18,1,0,2,1,1,1,0,0,0,0,0,1,11.159042827785015
blue_green_epoch,3,88,1,0,2,1,1,1,0,0,0,0,0,1,11.15329284220934
blue_green_epoch,3,100,1,0,2,1,1,1,0,0,0,0,0,1,11.344279162585735
blue_green_epoch,3,88,1,0,2,1,1,1,0,0,0,0,0,1,11.337095871567726
blue_green_epoch,3,42,1,0,2,1,1,1,0,0,0,0,0,1,10.605581104755402
blue_green_epoch,3,65,1,0,2,1,1,1,0,0,0,0,0,1,12.543763034045696
blue_green_epoch,3,18,2,0,3,2,2,2,0,0,0,0,0,1,20.92197723686695
blue_green_epoch,3,103,2,0,3,2,2,2,0,0,0,0,0,1,26.8172025680542
blue_green_epoch,3,110,1,0,3,1,1,1,0,0,0,0,0,1,20.25267668068409
blue_green_epoch,3,65,2,1,3,,,,0,0,0,0,0,1,23.675506003201008
blue_green_epoch,3,127,2,0,3,2,2,2,0,0,0,0,0,1,11.666637845337391
blue_green_epoch,3,22,2,0,3,2,2,2,0,0,0,0,0,1,11.67224906384945
blue_green_epoch,3,18,2,0,3,2,2,2,0,0,0,0,0,1,10.764773003757
blue_green_epoch,3,18,2,0,3,2,2,2,0,0,0,0,0,1,11.211119592189789
blue_green_epoch,3,41,2,1,3,,,,0,0,0,0,0,1,10.958412662148476
blue_green_epoch,3,64,2,1,3,,,,0,0,0,0,0,1,11.53547689318657
blue_green_epoch,3,127,2,0,3,2,2,2,0,0,0,0,0,1,11.059009470045567
blue_green_epoch,3,75,2,0,3,2,2,2,0,0,0,0,0,0,11.106102727353573
blue_green_epoch,3,127,2,0,3,2,2,2,0,0,0,0,0,0,11.475952342152596
blue_green_epoch,3,127,2,0,3,2,2,2,0,0,0,0,0,0,11.602038517594337
blue_green_epoch,3,75,2,0,3,2,2,2,0,0,0,0,0,0,11.408266611397266
blue_green_epoch,3,15,2,0,3,2,2,2,0,0,0,0,0,0,11.436688713729382
blue_green_epoch,3,3,2,0,3,2,2,2,0,0,0,0,0,1,11.209582909941673
blue_green_epoch,3,103,2,0,3,2,2,2,0,0,0,0,0,1,11.117657646536827
blue_green_epoch,3,57,1,0,3,1,1,1,0,0,0,0,0,1,10.815509594976902
blue_green_epoch,3,75,2,0,3,2,2,2,0,0,0,0,0,1,11.40388660132885
blue_green_epoch,3,66,1,0,3,1,1,1,0,0,0,0,0,1,11.262712068855762
blue_green_epoch,3,109,2,0,3,2,2,2,0,0,0,0,0,1,11.570601724088192
blue_green_epoch,3,99,1,0,3,1,1,1,0,0,0,0,0,1,11.82723231613636
blue_green_epoch,3,52,1,0,3,1,1,1,0,0,0,0,0,1,12.094573117792606
blue_green_epoch,3,80,1,0,3,1,1,1,0,0,0,0,0,1,11.519765481352806
blue_green_epoch,3,35,1,0,3,1,1,1,0,0,0,0,0,1,11.02476380765438
blue_green_epoch,3,62,1,0,3,1,1,1,0,0,0,0,0,1,11.53224240988493
blue_green_epoch,3,83,1,0,3,1,1,1,0,0,0,0,0,1,11.891821399331093
blue_green_epoch,3,52,1,0,3,1,1,1,0,0,0,0,0,1,11.860041879117489
blue_green_epoch,3,80,1,0,3,1,1,1,0,0,0,0,0,1,11.832747608423233
blue_green_epoch,3,5,1,0,3,1,1,1,0,0,0,0,0,1,10.90188417583704
blue_green_epoch,3,35,1,0,3,1,1,1,0,0,0,0,0,1,10.552769526839256
blue_green_epoch,3,59,1,0,3,1,1,1,0,0,0,0,0,1,11.373215354979038
blue_green_epoch,3,90,1,0,3,1,1,1,0,0,0,0,0,1,94.88899819552898
blue_green_epoch,3,74,2,0,3,2,2,2,0,0,0,0,0,1,94.75226234644651
blue_green_epoch,3,24,1,0,3,1,1,1,0,0,0,0,0,1,94.95949931442738
blue_green_epoch,3,24,1,0,3,1,1,1,0,0,0,0,0,1,92.35826786607504
blue_green_epoch,3,86,2,0,3,2,2,2,0,0,0,0,0,1,10.930540971457958
blue_green_epoch,3,62,1,0,3,1,1,1,0,0,0,0,0,1,11.19165401905775
blue_green_epoch,3,5,1,0,3,1,1,1,0,0,0,0,0,1,10.79563144594431
blue_green_epoch,3,52,1,0,3,1,1,1,0,0,0,0,0,1,10.905101895332336
blue_green_epoch,3,61,2,0,3,2,2,2,0,0,0,0,0,1,11.228565126657486
blue_green_epoch,3,84,1,0,3,1,1,1,0,0,0,0,0,1,10.706582106649876
blue_green_epoch,3,80,1,0,3,1,1,1,0,0,0,0,0,1,11.770248413085938
blue_green_epoch,3,12,1,0,3,1,1,1,0,0,0,0,0,1,11.053958907723427
blue_green_epoch,3,77,1,0,3,1,1,1,0,0,0,0,0,1,11.340863071382046
blue_green_epoch,3,114,1,0,3,1,1,1,0,0,0,0,0,1,11.271309107542038
blue_green_epoch,3,125,1,0,3,1,1,1,0,0,0,0,0,1,19.881791435182095
blue_green_epoch,3,77,1,0,3,1,1,1,0,0,0,0,0,1,19.44472175091505
blue_green_epoch,3,32,1,0,3,1,1,1,0,0,0,0,0,1,29.036126099526882
blue_green_epoch,3,24,1,0,3,1,1,1,0,0,0,0,0,1,23.14211707562208
blue_green_epoch,3,35,1,0,3,1,1,1,0,0,0,0,0,1,10.810226202011108
blue_green_epoch,3,50,1,0,3,1,1,1,0,0,0,0,0,1,11.546655558049679
blue_green_epoch,3,80,1,0,3,1,1,1,0,0,0,0,0,1,11.608892120420933
blue_green_epoch,3,83,1,0,3,1,1,1,0,0,0,0,0,1,11.586742475628853
blue_green_epoch,3,52,1,0,3,1,1,1,0,0,0,0,0,1,11.284549720585346
blue_green_epoch,3,59,1,0,3,1,1,1,0,0,0,0,0,1,11.503450572490692
blue_green_epoch,3,114,1,0,3,1,1,1,0,0,0,0,0,1,11.459206230938435
blue_green_epoch,3,80,1,0,3,1,1,1,0,0,0,0,0,1,11.600300669670105
blue_green_epoch,3,100,2,0,4,2,2,2,0,0,0,0,0,1,14.994348399341106
blue_green_epoch,3,50,2,1,4,,,,0,0,0,0,0,1,24.6339226141572
blue_green_epoch,3,37,1,0,4,1,1,1,0,0,0,0,0,1,18.281755037605762
blue_green_epoch,3,59,2,0,4,2,2,2,0,0,0,0,0,1,27.79422141611576
blue_green_epoch,3,114,2,1,4,,,,0,0,0,0,0,1,11.211707256734371
blue_green_epoch,3,24,2,0,4,2,2,2,0,0,0,0,0,1,11.390315368771553
blue_green_epoch,3,5,2,1,4,,,,0,0,0,0,0,1,10.863009840250015
blue_green_epoch,3,90,2,0,4,2,2,2,0,0,0,0,0,1,10.989677160978317
blue_green_epoch,3,5,2,1,4,,,,0,0,0,0,0,0,10.914553888142109
blue_green_epoch,3,14,1,0,4,1,1,1,0,0,0,0,0,0,11.229262687265873
blue_green_epoch,3,80,2,0,4,2,2,2,0,0,0,0,0,0,11.206195689737797
blue_green_epoch,3,70,1,0,4,1,1,1,0,0,0,0,0,0,10.862311348319054
blue_green_epoch,3,99,1,0,4,1,1,1,0,0,0,0,0,0,10.923883877694607
blue_green_epoch,3,90,2,0,4,2,2,2,0,0,0,0,0,1,11.800670064985752
blue_green_epoch,3,77,2,0,4,2,2,2,0,0,0,0,0,1,11.810144409537315
blue_green_epoch,3,24,2,0,4,2,2,2,0,0,0,0,0,1,11.455259285867214
blue_green_epoch,3,118,1,0,4,1,1,1,0,0,0,0,0,1,10.924681089818478
blue_green_epoch,3,110,1,0,4,1,1,1,0,0,0,0,0,1,11.234081350266933
blue_green_epoch,3,87,1,0,4,1,1,1,0,0,0,0,0,1,10.949251241981983
blue_green_epoch,3,6,1,0,4,1,1,1,0,0,0,0,0,1,11.593978852033615
blue_green_epoch,3,101,1,0,4,1,1,1,0,0,0,0,0,1,11.339861899614334
blue_green_epoch,3,87,1,0,4,1,1,1,0,0,0,0,0,1,11.613687500357628
blue_green_epoch,3,87,1,0,4,1,1,1,0,0,0,0,0,1,11.049208231270313
blue_green_epoch,3,6,1,0,4,1,1,1,0,0,0,0,0,1,11.678270995616913
blue_green_epoch,3,116,1,0,4,1,1,1,0,0,0,0,0,1,11.694557033479214
blue_green_epoch,3,105,1,0,4,1,1,1,0,0,0,0,0,1,11.116476729512215
blue_green_epoch,3,57,1,0,4,1,1,1,0,0,0,0,0,1,86.80353313684464
blue_green_epoch,3,119,1,0,4,1,1,1,0,0,0,0,0,1,93.11861265450716
blue_green_epoch,3,118,1,0,4,1,1,1,0,0,0,0,0,1,87.71968260407448
blue_green_epoch,3,28,1,0,4,1,1,1,0,0,0,0,0,1,102.17571258544922
blue_green_epoch,3,87,1,0,4,1,1,1,0,0,0,0,0,1,10.860887356102467
blue_green_epoch,3,57,1,0,4,1,1,1,0,0,0,0,0,1,10.981428436934948
blue_green_epoch,3,98,1,0,4,1,1,1,0,0,0,0,0,1,10.686482302844524
blue_green_epoch,3,98,1,0,4,1,1,1,0,0,0,0,0,1,11.145499534904957
blue_green_epoch,3,110,1,0,4,1,1,1,0,0,0,0,0,1,10.708977468311787
blue_green_epoch,3,49,1,0,4,1,1,1,0,0,0,0,0,1,15.113458037376404
blue_green_epoch,3,6,1,0,4,1,1,1,0,0,0,0,0,1,15.483392402529716
blue_green_epoch,3,98,1,0,4,1,1,1,0,0,0,0,0,1,15.070692636072636
blue_green_epoch,3,116,1,0,4,1,1,1,0,0,0,0,0,1,13.856244273483753
blue_green_epoch,3,87,1,0,4,1,1,1,0,0,0,0,0,1,18.923821859061718
blue_green_epoch,3,70,1,0,4,1,1,1,0,0,0,0,0,1,26.068911887705326
blue_green_epoch,3,40,1,0,4,1,1,1,0,0,0,0,0,1,36.24112997204065
blue_green_epoch,3,9,1,0,4,1,1,1,0,0,0,0,0,1,10.807585902512074
blue_green_epoch,3,6,1,0,4,1,1,1,0,0,0,0,0,1,11.404117569327354
blue_green_epoch,3,57,1,0,4,1,1,1,0,0,0,0,0,1,10.927368886768818
blue_green_epoch,3,19,1,0,4,1,1,1,0,0,0,0,0,1,11.622353456914425
blue_green_epoch,3,19,1,0,4,1,1,1,0,0,0,0,0,1,11.155826970934868
blue_green_epoch,3,117,1,0,4,1,1,1,0,0,0,0,0,1,11.520522646605968
blue_green_epoch,3,118,1,0,4,1,1,1,0,0,0,0,0,1,11.622896417975426
blue_green_epoch,3,9,1,0,4,1,1,1,0,0,0,0,0,1,11.752518825232983
blue_green_epoch,3,65,2,1,4,,,,0,0,0,0,0,1,10.764914564788342
blue_green_epoch,3,79,2,1,4,,,,0,0,0,0,0,1,11.11548114567995
blue_green_epoch,3,9,2,0,5,2,2,2,0,0,0,0,0,1,12.627961114048958
blue_green_epoch,3,1,2,0,5,2,2,2,0,0,0,0,0,1,24.066208861768246
blue_green_epoch,3,119,2,0,5,2,2,2,0,0,0,0,0,1,24.239527992904186
blue_green_epoch,3,67,1,0,5,1,1,1,0,0,0,0,0,1,24.94697831571102
blue_green_epoch,3,9,2,0,5,2,2,2,0,0,0,0,0,1,11.736826971173286
blue_green_epoch,3,124,1,0,5,1,1,1,0,0,0,0,0,1,11.562368832528591
blue_green_epoch,3,117,2,1,5,,,,0,0,0,0,0,1,11.829440481960773
blue_green_epoch,3,49,2,1,5,,,,0,0,0,0,0,1,12.09618803113699
blue_green_epoch,3,57,2,0,5,2,2,2,0,0,0,0,0,1,12.228545732796192
blue_green_epoch,3,9,2,0,5,2,2,2,0,0,0,0,0,1,11.717051267623901
blue_green_epoch,3,20,2,0,5,2,2,2,0,0,0,0,0,0,11.867436580359936
blue_green_epoch,3,5,2,1,5,,,,0,0,0,0,0,0,11.868933215737343
blue_green_epoch,3,4,2,0,5,2,2,2,0,0,0,0,0,0,12.107154354453087
blue_green_epoch,3,118,2,0,5,2,2,2,0,0,0,0,0,0,12.107518501579762
blue_green_epoch,3,118,2,0,5,2,2,2,0,0,0,0,0,1,12.425645254552364
blue_green_epoch,3,48,2,0,5,2,2,2,0,0,0,0,0,1,12.343043461441994
blue_green_epoch,3,57,2,0,5,2,2,2,0,0,0,0,0,1,12.155251577496529
blue_green_epoch,3,94,2,0,5,2,2,2,0,0,0,0,0,1,11.455170810222626
blue_green_epoch,3,40,1,0,5,1,1,1,0,0,0,0,0,1,11.464262381196022
blue_green_epoch,3,99,1,0,5,1,1,1,0,0,0,0,0,1,11.52270007878542
blue_green_epoch,3,28,1,0,5,1,1,1,0,0,0,0,0,1,11.596902273595333
blue_green_epoch,3,14,1,0,5,1,1,1,0,0,0,0,0,1,11.62815373390913
blue_green_epoch,3,108,1,0,5,1,1,1,0,0,0,0,0,1,11.216950602829456
blue_green_epoch,3,82,1,0,5,1,1,1,0,0,0,0,0,1,11.31922472268343
blue_green_epoch,3,43,1,0,5,1,1,1,0,0,0,0,0,1,11.815270408987999
blue_green_epoch,3,11,1,0,5,1,1,1,0,0,0,0,0,1,12.061011977493763
blue_green_epoch,3,115,1,0,5,1,1,1,0,0,0,0,0,1,12.076282873749733
blue_green_epoch,3,43,1,0,5,1,1,1,0,0,0,0,0,1,11.768592521548271
blue_green_epoch,3,66,2,0,5,2,2,2,0,0,0,0,0,1,11.388208717107773
blue_green_epoch,3,124,1,0,5,1,1,1,0,0,0,0,0,1,11.95359043776989
blue_green_epoch,3,82,1,0,5,1,1,1,0,0,0,0,0,1,74.26324859261513
blue_green_epoch,3,40,1,0,5,1,1,1,0,0,0,0,0,1,87.9640830680728
blue_green_epoch,3,14,1,0,5,1,1,1,0,0,0,0,0,1,97.06558473408222
blue_green_epoch,3,108,1,0,5,1,1,1,0,0,0,0,0,1,97.17539604753256
blue_green_epoch,3,23,1,0,5,1,1,1,0,0,0,0,0,1,10.2004986256361
blue_green_epoch,3,0,2,0,5,2,2,2,0,0,0,0,0,1,10.134454816579819
blue_green_epoch,3,123,1,0,5,1,1,1,0,0,0,0,0,1,10.204489342868328
blue_green_epoch,3,32,1,0,5,1,1,1,0,0,0,0,0,1,10.218547657132149
blue_green_epoch,3,51,1,0,5,1,1,1,0,0,0,0,0,1,9.739391505718231
blue_green_epoch,3,124,1,0,5,1,1,1,0,0,0,0,0,1,9.63196437805891
blue_green_epoch,3,109,2,0,5,2,2,2,0,0,0,0,0,1,9.866969659924507
blue_green_epoch,3,8,1,0,5,1,1,1,0,0,0,0,0,1,9.603668935596943
blue_green_epoch,3,111,1,0,5,1,1,1,0,0,0,0,0,1,10.39156224578619
blue_green_epoch,3,110,1,0,5,1,1,1,0,0,0,0,0,1,9.664580225944519
blue_green_epoch,3,38,1,0,5,1,1,1,0,0,0,0,0,1,9.803448803722858
blue_green_epoch,3,51,1,0,5,1,1,1,0,0,0,0,0,1,10.731641203165054
blue_green_epoch,3,23,1,0,5,1,1,1,0,0,0,0,0,1,10.496418923139572
blue_green_epoch,3,107,1,0,5,1,1,1,0,0,0,0,0,1,11.368157342076302
blue_green_epoch,3,49,2,1,5,,,,0,0,0,0,0,1,19.11985594779253
blue_green_epoch,3,111,1,0,5,1,1,1,0,0,0,0,0,1,25.879896245896816
blue_green_epoch,3,37,1,0,5,1,1,1,0,0,0,0,0,1,19.805125892162323
blue_green_epoch,3,51,1,0,5,1,1,1,0,0,0,0,0,1,26.141746900975704
blue_green_epoch,3,38,1,0,5,1,1,1,0,0,0,0,0,1,12.52991333603859
blue_green_epoch,3,86,2,0,5,2,2,2,0,0,0,0,0,1,12.70567812025547
blue_green_epoch,3,108,1,0,5,1,1,1,0,0,0,0,0,1,13.646688312292099
blue_green_epoch,3,37,1,0,5,1,1,1,0,0,0,0,0,1,14.708716422319412
blue_green_epoch,3,123,1,0,5,1,1,1,0,0,0,0,0,1,16.003966331481934
blue_green_epoch,3,110,1,0,5,1,1,1,0,0,0,0,0,1,17.337556928396225
blue_green_epoch,3,69,2,0,5,2,2,2,0,0,0,0,0,1,19.545520655810833
blue_green_epoch,3,32,1,0,5,1,1,1,0,0,0,0,0,1,24.002852849662304
blue_green_epoch,3,62,2,0,5,2,2,2,0,0,0,0,0,1,28.11597380787134
blue_green_epoch,3,123,2,1,6,,,,0,0,0,0,0,1,42.797790840268135
blue_green_epoch,3,111,2,0,6,2,2,2,0,0,0,0,0,1,43.71650982648134
blue_green_epoch,3,14,2,0,6,2,2,2,0,0,0,0,0,1,39.574976079165936
blue_green_epoch,3,9,2,0,6,2,2,2,0,0,0,0,0,1,38.14072534441948
blue_green_epoch,3,42,2,0,6,2,2,2,0,0,0,0,0,0,22.78583962470293
blue_green_epoch,3,82,2,1,6,,,,0,0,0,0,0,0,17.015600576996803
blue_green_epoch,3,38,2,0,6,2,2,2,0,0,0,0,0,0,15.902250073850155
blue_green_epoch,3,111,2,0,6,2,2,2,0,0,0,0,0,0,15.43457992374897
blue_green_epoch,3,124,2,0,6,2,2,2,0,0,0,0,0,1,15.77102392911911
blue_green_epoch,3,110,2,0,6,2,2,2,0,0,0,0,0,1,15.776180662214756
blue_green_epoch,3,108,2,0,6,2,2,2,0,0,0,0,0,1,15.532026067376137
blue_green_epoch,3,42,2,0,6,2,2,2,0,0,0,0,0,1,15.679111704230309
blue_green_epoch,3,122,1,0,6,1,1,1,0,0,0,0,0,1,14.861218631267548
blue_green_epoch,3,115,1,0,6,1,1,1,0,0,0,0,0,1,14.840951189398766
blue_green_epoch,3,101,1,0,6,1,1,1,0,0,0,0,0,1,14.643605798482895
blue_green_epoch,3,55,1,0,6,1,1,1,0,0,0,0,0,1,14.547854661941528
blue_green_epoch,3,100,2,0,6,2,2,2,0,0,0,0,0,1,14.382208697497845
blue_green_epoch,3,111,2,0,6,2,2,2,0,0,0,0,0,1,14.342156238853931
blue_green_epoch,3,6,2,0,6,2,2,2,0,0,0,0,0,1,14.750623144209385
blue_green_epoch,3,63,1,0,6,1,1,1,0,0,0,0,0,1,15.1613624766469
blue_green_epoch,3,2,1,0,6,1,1,1,0,0,0,0,0,1,100.33023823052645
blue_green_epoch,3,63,1,0,6,1,1,1,0,0,0,0,0,1,87.56557945162058
blue_green_epoch,3,90,2,0,6,2,2,2,0,0,0,0,0,1,101.68070252984762
blue_green_epoch,3,113,1,0,6,1,1,1,0,0,0,0,0,1,100.4503034055233
blue_green_epoch,3,101,1,0,6,1,1,1,0,0,0,0,0,1,9.625948965549469
blue_green_epoch,3,56,1,0,6,1,1,1,0,0,0,0,0,1,10.529926046729088
blue_green_epoch,3,101,1,0,6,1,1,1,0,0,0,0,0,1,10.355566628277302
blue_green_epoch,3,31,1,0,6,1,1,1,0,0,0,0,0,1,10.367791168391705
blue_green_epoch,3,31,1,0,6,1,1,1,0,0,0,0,0,1,13.811378739774227
blue_green_epoch,3,92,1,0,6,1,1,1,0,0,0,0,0,1,14.0685448423028
blue_green_epoch,3,71,1,0,6,1,1,1,0,0,0,0,0,1,14.80115856975317
blue_green_epoch,3,92,1,0,6,1,1,1,0,0,0,0,0,1,14.769637025892735
blue_green_epoch,3,115,1,0,6,1,1,1,0,0,0,0,0,1,18.97488906979561
blue_green_epoch,3,115,1,0,6,1,1,1,0,0,0,0,0,1,26.366492733359337
blue_green_epoch,3,115,1,0,6,1,1,1,0,0,0,0,0,1,23.103307001292706
blue_green_epoch,3,39,1,0,6,1,1,1,0,0,0,0,0,1,24.354382418096066
blue_green_epoch,3,2,1,0,6,1,1,1,0,0,0,0,0,1,13.84238712489605
blue_green_epoch,3,31,1,0,6,1,1,1,0,0,0,0,0,1,14.734876342117786
blue_green_epoch,3,2,1,0,6,1,1,1,0,0,0,0,0,1,16.0115584731102
blue_green_epoch,3,34,1,0,6,1,1,1,0,0,0,0,0,1,18.350050784647465
blue_green_epoch,3,31,1,0,6,1,1,1,0,0,0,0,0,1,19.47750896215439
blue_green_epoch,3,17,2,0,7,2,2,2,0,0,0,0,0,1,25.38561448454857
blue_green_epoch,3,2,2,1,7,,,,0,0,0,0,0,1,23.73873721808195
blue_green_epoch,3,112,2,0,7,2,2,2,0,0,0,0,0,1,39.59959093481302
blue_green_epoch,3,17,2,0,7,2,2,2,0,0,0,0,0,1,27.321896515786648
blue_green_epoch,3,122,2,0,7,2,2,2,0,0,0,0,0,1,14.106987044215202
blue_green_epoch,3,56,2,1,7,,,,0,0,0,0,0,1,12.999992817640305
blue_green_epoch,3,60,2,1,7,,,,0,0,0,0,0,1,13.218291103839874
blue_green_epoch,3,55,2,0,7,2,2,2,0,0,0,0,0,0,12.68570777028799
blue_green_epoch,3,17,2,0,7,2,2,2,0,0,0,0,0,0,12.669350020587444
blue_green_epoch,3,96,1,0,7,1,1,1,0,0,0,0,0,0,12.191214598715305
blue_green_epoch,3,39,2,0,7,2,2,2,0,0,0,0,0,0,10.86664292961359
blue_green_epoch,3,125,2,0,7,2,2,2,0,0,0,0,0,0,10.75740996748209
blue_green_epoch,3,23,2,1,7,,,,0,0,0,0,0,1,10.695436969399452
blue_green_epoch,3,112,2,0,7,2,2,2,0,0,0,0,0,1,10.68259309977293
blue_green_epoch,3,122,2,0,7,2,2,2,0,0,0,0,0,1,11.244146153330803
blue_green_epoch,3,28,1,0,7,1,1,1,0,0,0,0,0,1,10.682841762900352
blue_green_epoch,3,44,1,0,7,1,1,1,0,0,0,0,0,1,10.90831495821476
blue_green_epoch,3,126,1,0,7,1,1,1,0,0,0,0,0,1,11.004053987562656
blue_green_epoch,3,16,1,0,7,1,1,1,0,0,0,0,0,1,11.306677013635635
blue_green_epoch,3,37,2,0,7,2,2,2,0,0,0,0,0,1,11.26913819462061
blue_green_epoch,3,44,1,0,7,1,1,1,0,0,0,0,0,1,11.394508183002472
blue_green_epoch,3,28,1,0,7,1,1,1,0,0,0,0,0,1,10.991775430738926
blue_green_epoch,3,87,2,1,7,,,,0,0,0,0,0,1,11.099363677203655
blue_green_epoch,3,126,1,0,7,1,1,1,0,0,0,0,0,1,10.597623884677887
blue_green_epoch,3,33,2,0,7,2,2,2,0,0,0,0,0,1,10.180408135056496
blue_green_epoch,3,91,1,0,7,1,1,1,0,0,0,0,0,1,10.813584551215172
blue_green_epoch,3,44,1,0,7,1,1,1,0,0,0,0,0,1,81.3912134617567
blue_green_epoch,3,44,1,0,7,1,1,1,0,0,0,0,0,1,81.8704403936863
blue_green_epoch,3,30,1,0,7,1,1,1,0,0,0,0,0,1,77.40389555692673
blue_green_epoch,3,45,1,0,7,1,1,1,0,0,0,0,0,1,85.60333773493767
blue_green_epoch,3,41,2,1,7,,,,0,0,0,0,0,1,11.25192828476429
blue_green_epoch,3,126,1,0,7,1,1,1,0,0,0,0,0,1,11.28549687564373
blue_green_epoch,3,69,2,0,7,2,2,2,0,0,0,0,0,1,11.380326002836227
blue_green_epoch,3,107,1,0,7,1,1,1,0,0,0,0,0,1,10.960548184812069
blue_green_epoch,3,93,1,0,7,1,1,1,0,0,0,0,0,1,11.500476859509945
blue_green_epoch,3,103,2,0,7,2,2,2,0,0,0,0,0,1,11.672906577587128
blue_green_epoch,3,27,2,0,7,2,2,2,0,0,0,0,0,1,11.118680238723755
blue_green_epoch,3,93,1,0,7,1,1,1,0,0,0,0,0,1,10.529685765504837
blue_green_epoch,3,34,1,0,7,1,1,1,0,0,0,0,0,1,21.581226028501987
blue_green_epoch,3,67,1,0,7,1,1,1,0,0,0,0,0,1,19.19509284198284
blue_green_epoch,3,28,1,0,7,1,1,1,0,0,0,0,0,1,19.5361552760005
blue_green_epoch,3,96,1,0,7,1,1,1,0,0,0,0,0,1,28.538143262267113
blue_green_epoch,3,99,1,0,7,1,1,1,0,0,0,0,0,1,11.084336787462234
blue_green_epoch,3,49,2,1,7,,,,0,0,0,0,0,1,11.376290582120419
blue_green_epoch,3,29,1,0,7,1,1,1,0,0,0,0,0,1,11.238177306950092
blue_green_epoch,3,91,1,0,7,1,1,1,0,0,0,0,0,1,12.342311441898346
blue_green_epoch,3,67,1,0,7,1,1,1,0,0,0,0,0,1,12.347939424216747
blue_green_epoch,3,93,1,0,7,1,1,1,0,0,0,0,0,1,12.110504321753979
blue_green_epoch,3,91,1,0,7,1,1,1,0,0,0,0,0,1,11.799442581832409
blue_green_epoch,3,96,1,0,7,1,1,1,0,0,0,0,0,1,11.099955067038536
blue_green_epoch,3,28,1,0,7,1,1,1,0,0,0,0,0,1,11.382464319467545
blue_green_epoch,3,93,1,0,7,1,1,1,0,0,0,0,0,1,10.620584711432457
blue_green_epoch,3,93,1,0,7,1,1,1,0,0,0,0,0,1,11.070900596678257
blue_green_epoch,3,67,1,0,7,1,1,1,0,0,0,0,0,1,10.757875628769398
blue_green_epoch,3,34,2,0,8,2,2,2,0,0,0,0,0,1,11.698538437485695
blue_green_epoch,3,91,2,0,8,2,2,2,0,0,0,0,0,1,18.373634666204453
blue_green_epoch,3,30,2,0,8,2,2,2,0,0,0,0,0,1,24.396578781306744
blue_green_epoch,3,96,2,1,8,,,,0,0,0,0,0,1,31.055605970323086
blue_green_epoch,3,98,2,0,8,2,2,2,0,0,0,0,0,1,11.09316572546959
blue_green_epoch,3,97,2,0,8,2,2,2,0,0,0,0,0,1,11.23767625540495
blue_green_epoch,3,44,2,0,8,2,2,2,0,0,0,0,0,1,11.03689894080162
blue_green_epoch,3,34,2,0,8,2,2,2,0,0,0,0,0,1,11.106381192803383
blue_green_epoch,3,28,2,0,8,2,2,2,0,0,0,0,0,1,11.140662245452404
blue_green_epoch,3,126,2,0,8,2,2,2,0,0,0,0,0,0,11.10828947275877
blue_green_epoch,3,16,2,0,8,2,2,2,0,0,0,0,0,0,11.11816056072712
blue_green_epoch,3,30,2,0,8,2,2,2,0,0,0,0,0,0,11.712909676134586
blue_green_epoch,3,47,2,0,8,2,2,2,0,0,0,0,0,0,11.655302718281746
blue_green_epoch,3,107,2,0,8,2,2,2,0,0,0,0,0,0,11.022457852959633
blue_green_epoch,3,99,2,0,8,2,2,2,0,0,0,0,0,0,11.54322735965252
blue_green_epoch,3,28,2,0,8,2,2,2,0,0,0,0,0,0,11.358818039298058
blue_green_epoch,3,16,2,0,8,2,2,2,0,0,0,0,0,0,10.686250403523445
blue_green_epoch,3,44,2,0,8,2,2,2,0,0,0,0,0,0,11.515770107507706
blue_green_epoch,3,97,2,0,8,2,2,2,0,0,0,0,0,0,11.527052149176598
blue_green_epoch,3,30,2,0,8,2,2,2,0,0,0,0,0,0,11.945300735533237
blue_green_epoch,3,47,2,0,8,2,2,2,0,0,0,0,0,0,12.116494588553905
blue_green_epoch,3,16,2,0,8,2,2,2,0,0,0,0,0,0,12.246391735970974
blue_green_epoch,3,114,2,1,8,,,,0,0,0,0,0,0,11.440243571996689
blue_green_epoch,3,30,2,0,8,2,2,2,0,0,0,0,0,0,11.197046376764774
blue_green_epoch,3,91,2,0,8,2,2,2,0,0,0,0,0,0,10.928100906312466
blue_green_epoch,3,96,2,1,8,,,,0,0,0,0,0,0,11.561933904886246
blue_green_epoch,3,16,2,0,8,2,2,2,0,0,0,0,0,0,10.607055388391018
blue_green_epoch,3,107,2,0,8,2,2,2,0,0,0,0,0,0,10.669576935470104
blue_green_epoch,3,99,2,0,8,2,2,2,0,0,0,0,0,0,11.785442940890789
blue_green_epoch,3,120,2,1,8,,,,0,0,0,0,0,0,11.745724827051163
blue_green_epoch,3,99,2,0,8,2,2,2,0,0,0,0,0,0,11.989005841314793
blue_green_epoch,3,107,2,0,8,2,2,2,0,0,0,0,0,0,12.095657177269459
blue_green_epoch,3,115,2,0,8,2,2,2,0,0,0,0,0,0,11.806129477918148
blue_green_epoch,3,50,2,1,8,,,,0,0,0,0,0,0,11.358257383108139
blue_green_epoch,3,71,2,0,8,2,2,2,0,0,0,0,0,0,11.311047710478306
blue_green_epoch,3,99,2,0,8,2,2,2,0,0,0,0,0,0,11.307286098599434
blue_green_epoch,3,67,2,0,8,2,2,2,0,0,0,0,0,0,11.197701096534729
blue_green_epoch,3,86,2,0,8,2,2,2,0,0,0,0,0,0,10.78013051301241
blue_green_epoch,3,93,2,1,8,,,,0,0,0,0,0,0,10.788341984152794
blue_green_epoch,3,16,2,0,8,2,2,2,0,0,0,0,0,0,11.38316560536623
blue_green_epoch,3,67,2,0,8,2,2,2,0,0,0,0,0,0,11.48561667650938
blue_green_epoch,4,26,1,0,0,1,1,1,0,0,0,0,0,1,3.535717725753784
blue_green_epoch,4,8,1,0,0,1,1,1,0,0,0,0,0,1,6.794191896915436
blue_green_epoch,4,95,1,0,0,1,1,1,0,0,0,0,0,1,10.009604506194592
blue_green_epoch,4,77,1,0,0,1,1,1,0,0,0,0,0,1,11.955996043980122
blue_green_epoch,4,42,1,0,0,1,1,1,0,0,0,0,0,1,11.23635470867157
blue_green_epoch,4,42,1,0,0,1,1,1,0,0,0,0,0,1,11.437125504016876
blue_green_epoch,4,70,1,0,0,1,1,1,0,0,0,0,0,1,11.441822163760662
blue_green_epoch,4,52,1,0,0,1,1,1,0,0,0,0,0,1,11.701819486916065
blue_green_epoch,4,5,1,0,0,1,1,1,0,0,0,0,0,1,11.69288158416748
blue_green_epoch,4,25,1,0,0,1,1,1,0,0,0,0,0,1,11.693721637129784
blue_green_epoch,4,42,1,0,0,1,1,1,0,0,0,0,0,1,11.271852999925613
blue_green_epoch,4,74,1,0,0,1,1,1,0,0,0,0,0,1,11.60966046154499
blue_green_epoch,4,37,1,0,0,1,1,1,0,0,0,0,0,1,11.448541656136513
blue_green_epoch,4,85,1,0,0,1,1,1,0,0,0,0,0,1,11.729106307029724
blue_green_epoch,4,115,1,0,0,1,1,1,0,0,0,0,0,1,11.415175162255764
blue_green_epoch,4,80,1,0,0,1,1,1,0,0,0,0,0,1,11.143531650304794
blue_green_epoch,4,58,1,0,0,1,1,1,0,0,0,0,0,1,11.257660575211048
blue_green_epoch,4,65,1,0,0,1,1,1,0,0,0,0,0,1,100.99489986896515
blue_green_epoch,4,65,1,0,0,1,1,1,0,0,0,0,0,1,100.50377529114485
blue_green_epoch,4,24,1,0,0,1,1,1,0,0,0,0,0,1,95.25238629430532
blue_green_epoch,4,14,1,0,0,1,1,1,0,0,0,0,0,1,104.37444970011711
blue_green_epoch,4,23,1,0,0,1,1,1,0,0,0,0,0,1,11.162890121340752
blue_green_epoch,4,25,1,0,0,1,1,1,0,0,0,0,0,1,11.195550672709942
blue_green_epoch,4,85,1,0,0,1,1,1,0,0,0,0,0,1,11.28299254924059
blue_green_epoch,4,16,1,0,0,1,1,1,0,0,0,0,0,1,11.23070064932108
blue_green_epoch,4,42,1,0,0,1,1,1,0,0,0,0,0,1,10.916399769484997
blue_green_epoch,4,109,1,0,0,1,1,1,0,0,0,0,0,1,11.217417195439339
blue_green_epoch,4,114,1,0,0,1,1,1,0,0,0,0,0,1,11.1152995377779
blue_green_epoch,4,42,1,0,0,1,1,1,0,0,0,0,0,1,11.484476737678051
blue_green_epoch,4,22,1,0,0,1,1,1,0,0,0,0,0,1,10.926084592938423
blue_green_epoch,4,85,1,0,0,1,1,1,0,0,0,0,0,1,10.806182399392128
blue_green_epoch,4,85,1,0,0,1,1,1,0,0,0,0,0,1,11.62741705775261
blue_green_epoch,4,99,1,0,0,1,1,1,0,0,0,0,0,1,12.120855040848255
blue_green_epoch,4,25,1,0,0,1,1,1,0,0,0,0,0,1,17.49556977301836
blue_green_epoch,4,71,1,0,0,1,1,1,0,0,0,0,0,1,23.85339792817831
blue_green_epoch,4,65,1,0,0,1,1,1,0,0,0,0,0,1,34.278830513358116
blue_green_epoch,4,25,1,0,0,1,1,1,0,0,0,0,0,1,34.69305392354727
blue_green_epoch,4,22,1,0,0,1,1,1,0,0,0,0,0,1,12.171000242233276
blue_green_epoch,4,22,1,0,0,1,1,1,0,0,0,0,0,1,12.024598196148872
blue_green_epoch,4,22,1,0,0,1,1,1,0,0,0,0,0,1,11.326725594699383
blue_green_epoch,4,52,1,0,0,1,1,1,0,0,0,0,0,1,11.136221699416637
blue_green_epoch,4,115,1,0,0,1,1,1,0,0,0,0,0,1,11.568066664040089
blue_green_epoch,4,44,1,0,0,1,1,1,0,0,0,0,0,1,11.446193791925907
blue_green_epoch,4,25,1,0,0,1,1,1,0,0,0,0,0,1,11.340145952999592
blue_green_epoch,4,115,2,1,1,,,,0,0,0,0,0,1,14.689527451992035
blue_green_epoch,4,28,1,0,1,1,1,1,0,0,0,0,0,1,24.52684473246336
blue_green_epoch,4,82,1,0,1,1,1,1,0,0,0,0,0,1,18.474359065294266
blue_green_epoch,4,120,1,0,1,1,1,1,0,0,0,0,0,1,27.43635606020689
blue_green_epoch,4,68,2,0,1,2,2,2,0,0,0,0,0,1,11.603079736232758
blue_green_epoch,4,96,1,0,1,1,1,1,0,0,0,0,0,1,11.104769073426723
blue_green_epoch,4,114,2,0,1,2,2,2,0,0,0,0,0,1,10.964448563754559
blue_green_epoch,4,25,2,0,1,2,2,2,0,0,0,0,0,1,11.375408619642258
blue_green_epoch,4,85,2,0,1,2,2,2,0,0,0,0,0,1,10.858051478862762
blue_green_epoch,4,80,2,0,1,2,2,2,0,0,0,0,0,1,11.370504274964333
blue_green_epoch,4,22,2,0,1,2,2,2,0,0,0,0,0,0,14.636477455496788
blue_green_epoch,4,85,2,0,1,2,2,2,0,0,0,0,0,0,15.26061911135912
blue_green_epoch,4,5,2,0,1,2,2,2,0,0,0,0,0,0,15.320656821131706
blue_green_epoch,4,65,2,1,1,,,,0,0,0,0,0,0,15.147420577704906
blue_green_epoch,4,65,2,1,1,,,,0,0,0,0,0,1,12.567731551826
blue_green_epoch,4,65,2,1,1,,,,0,0,0,0,0,1,12.126833200454712
blue_green_epoch,4,127,1,0,1,1,1,1,0,0,0,0,0,1,11.481142602860928
blue_green_epoch,4,74,2,0,1,2,2,2,0,0,0,0,0,1,11.622697114944458
blue_green_epoch,4,42,2,0,1,2,2,2,0,0,0,0,0,1,11.259584687650204
blue_green_epoch,4,51,1,0,1,1,1,1,0,0,0,0,0,1,11.311125941574574
blue_green_epoch,4,69,1,0,1,1,1,1,0,0,0,0,0,1,11.150602251291275
blue_green_epoch,4,3,1,0,1,1,1,1,0,0,0,0,0,1,11.56291551887989
blue_green_epoch,4,51,1,0,1,1,1,1,0,0,0,0,0,1,11.495230719447136
blue_green_epoch,4,9,1,0,1,1,1,1,0,0,0,0,0,1,11.72554213553667
blue_green_epoch,4,51,1,0,1,1,1,1,0,0,0,0,0,1,11.66465226560831
blue_green_epoch,4,33,1,0,1,1,1,1,0,0,0,0,0,1,11.15023996680975
blue_green_epoch,4,57,1,0,1,1,1,1,0,0,0,0,0,1,11.46625354886055
blue_green_epoch,4,65,2,1,1,,,,0,0,0,0,0,1,95.54625116288662
blue_green_epoch,4,37,1,0,1,1,1,1,0,0,0,0,0,1,94.86306924372911
blue_green_epoch,4,47,1,0,1,1,1,1,0,0,0,0,0,1,92.97311212867498
blue_green_epoch,4,37,1,0,1,1,1,1,0,0,0,0,0,1,108.02161321043968
blue_green_epoch,4,84,1,0,1,1,1,1,0,0,0,0,0,1,11.343584395945072
blue_green_epoch,4,27,1,0,1,1,1,1,0,0,0,0,0,1,11.469203047454357
blue_green_epoch,4,46,1,0,1,1,1,1,0,0,0,0,0,1,11.306346394121647
blue_green_epoch,4,53,1,0,1,1,1,1,0,0,0,0,0,1,11.369160376489162
blue_green_epoch,4,39,1,0,1,1,1,1,0,0,0,0,0,1,10.99957711994648
blue_green_epoch,4,2,1,0,1,1,1,1,0,0,0,0,0,1,11.394104920327663
blue_green_epoch,4,107,1,0,1,1,1,1,0,0,0,0,0,1,11.403690092265606
blue_green_epoch,4,46,1,0,1,1,1,1,0,0,0,0,0,1,11.63418684154749
blue_green_epoch,4,19,1,0,1,1,1,1,0,0,0,0,0,1,11.169473640620708
blue_green_epoch,4,51,1,0,1,1,1,1,0,0,0,0,0,1,11.092032305896282
blue_green_epoch,4,51,1,0,1,1,1,1,0,0,0,0,0,1,11.125137098133564
blue_green_epoch,4,62,1,0,1,1,1,1,0,0,0,0,0,1,22.638602182269096
blue_green_epoch,4,123,1,0,1,1,1,1,0,0,0,0,0,1,16.547242179512978
blue_green_epoch,4,51,1,0,1,1,1,1,0,0,0,0,0,1,26.27718448638916
blue_green_epoch,4,46,1,0,1,1,1,1,0,0,0,0,0,1,26.661314070224762
blue_green_epoch,4,35,1,0,1,1,1,1,0,0,0,0,0,1,12.051484547555447
blue_green_epoch,4,98,1,0,1,1,1,1,0,0,0,0,0,1,11.895365081727505
blue_green_epoch,4,31,1,0,1,1,1,1,0,0,0,0,0,1,11.657971888780594
blue_green_epoch,4,51,1,0,1,1,1,1,0,0,0,0,0,1,11.496888473629951
blue_green_epoch,4,46,1,0,1,1,1,1,0,0,0,0,0,1,11.273983865976334
blue_green_epoch,4,69,1,0,1,1,1,1,0,0,0,0,0,1,11.452240869402885
blue_green_epoch,4,2,1,0,1,1,1,1,0,0,0,0,0,1,11.668069288134575
blue_green_epoch,4,117,1,0,1,1,1,1,0,0,0,0,0,1,11.78575586527586
blue_green_epoch,4,107,2,0,2,2,2,2,0,0,0,0,0,1,18.203399144113064
blue_green_epoch,4,38,1,0,2,1,1,1,0,0,0,0,0,1,17.8989227861166
blue_green_epoch,4,49,2,0,2,2,2,2,0,0,0,0,0,1,18.255344592034817
blue_green_epoch,4,1,1,0,2,1,1,1,0,0,0,0,0,1,31.45983349531889
blue_green_epoch,4,84,2,0,2,2,2,2,0,0,0,0,0,1,11.255089193582535
blue_green_epoch,4,2,2,1,2,,,,0,0,0,0,0,1,11.467625387012959
blue_green_epoch,4,0,2,0,2,2,2,2,0,0,0,0,0,1,11.506269685924053
blue_green_epoch,4,37,2,1,2,,,,0,0,0,0,0,1,11.532333679497242
blue_green_epoch,4,51,2,0,2,2,2,2,0,0,0,0,0,1,11.0234459862113
blue_green_epoch,4,3,2,0,2,2,2,2,0,0,0,0,0,1,11.622212827205658
blue_green_epoch,4,61,1,0,2,1,1,1,0,0,0,0,0,1,11.756589636206627
blue_green_epoch,4,3,2,0,2,2,2,2,0,0,0,0,0,1,11.73979789018631
blue_green_epoch,4,46,2,0,2,2,2,2,0,0,0,0,0,0,11.861446313560009
blue_green_epoch,4,101,2,1,2,,,,0,0,0,0,0,0,11.65271457284689
blue_green_epoch,4,101,2,1,2,,,,0,0,0,0,0,0,11.593123897910118
blue_green_epoch,4,49,2,0,2,2,2,2,0,0,0,0,0,0,12.197603471577168
blue_green_epoch,4,84,2,0,2,2,2,2,0,0,0,0,0,0,12.234954163432121
blue_green_epoch,4,49,2,0,2,2,2,2,0,0,0,0,0,1,12.073643505573273
blue_green_epoch,4,3,2,0,2,2,2,2,0,0,0,0,0,1,12.682123109698296
blue_green_epoch,4,107,2,0,2,2,2,2,0,0,0,0,0,1,12.150581926107407
blue_green_epoch,4,127,1,0,2,1,1,1,0,0,0,0,0,1,11.447912082076073
blue_green_epoch,4,6,1,0,2,1,1,1,0,0,0,0,0,1,11.34505681693554
blue_green_epoch,4,27,1,0,2,1,1,1,0,0,0,0,0,1,11.619211174547672
blue_green_epoch,4,77,1,0,2,1,1,1,0,0,0,0,0,1,11.703995987772942
blue_green_epoch,4,58,1,0,2,1,1,1,0,0,0,0,0,1,11.63072045892477
blue_green_epoch,4,94,1,0,2,1,1,1,0,0,0,0,0,1,11.111389845609665
blue_green_epoch,4,78,1,0,2,1,1,1,0,0,0,0,0,1,11.35370321571827
blue_green_epoch,4,116,1,0,2,1,1,1,0,0,0,0,0,1,11.521109379827976
blue_green_epoch,4,127,1,0,2,1,1,1,0,0,0,0,0,1,11.5679781883955
blue_green_epoch,4,38,1,0,2,1,1,1,0,0,0,0,0,1,11.209100484848022
blue_green_epoch,4,89,1,0,2,1,1,1,0,0,0,0,0,1,11.76238339394331
blue_green_epoch,4,127,1,0,2,1,1,1,0,0,0,0,0,1,93.34126114845276
blue_green_epoch,4,94,1,0,2,1,1,1,0,0,0,0,0,1,87.7121826633811
blue_green_epoch,4,77,1,0,2,1,1,1,0,0,0,0,0,1,96.13787569105625
blue_green_epoch,4,19,1,0,2,1,1,1,0,0,0,0,0,1,105.95516115427017
blue_green_epoch,4,64,1,0,2,1,1,1,0,0,0,0,0,1,11.827323585748672
blue_green_epoch,4,106,1,0,2,1,1,1,0,0,0,0,0,1,11.902672238647938
blue_green_epoch,4,59,1,0,2,1,1,1,0,0,0,0,0,1,11.725811287760735
blue_green_epoch,4,79,1,0,2,1,1,1,0,0,0,0,0,1,12.104078195989132
blue_green_epoch,4,11,1,0,2,1,1,1,0,0,0,0,0,1,12.002866715192795
blue_green_epoch,4,111,1,0,2,1,1,1,0,0,0,0,0,1,12.11888249963522
blue_green_epoch,4,94,1,0,2,1,1,1,0,0,0,0,0,1,11.923739686608315
blue_green_epoch,4,64,1,0,2,1,1,1,0,0,0,0,0,1,11.782531626522541
blue_green_epoch,4,14,1,0,2,1,1,1,0,0,0,0,0,1,10.969197377562523
blue_green_epoch,4,116,1,0,2,1,1,1,0,0,0,0,0,1,11.075412854552269
blue_green_epoch,4,27,1,0,2,1,1,1,0,0,0,0,0,1,11.210225522518158
blue_green_epoch,4,29,1,0,2,1,1,1,0,0,0,0,0,1,11.073483154177666
blue_green_epoch,4,4,1,0,2,1,1,1,0,0,0,0,0,1,22.635668516159058
blue_green_epoch,4,102,2,0,2,2,2,2,0,0,0,0,0,1,20.12770064175129
blue_green_epoch,4,28,1,0,2,1,1,1,0,0,0,0,0,1,27.10779570043087
blue_green_epoch,4,116,1,0,2,1,1,1,0,0,0,0,0,1,24.044055491685867
blue_green_epoch,4,86,2,0,2,2,2,2,0,0,0,0,0,1,12.546880170702934
blue_green_epoch,4,116,1,0,2,1,1,1,0,0,0,0,0,1,12.071080505847931
blue_green_epoch,4,127,1,0,2,1,1,1,0,0,0,0,0,1,12.067104689776897
blue_green_epoch,4,116,1,0,2,1,1,1,0,0,0,0,0,1,11.629125103354454
blue_green_epoch,4,109,1,0,2,1,1,1,0,0,0,0,0,1,11.228935793042183
blue_green_epoch,4,61,1,0,2,1,1,1,0,0,0,0,0,1,11.112737469375134
blue_green_epoch,4,59,1,0,2,1,1,1,0,0,0,0,0,1,11.149420402944088
blue_green_epoch,4,89,1,0,2,1,1,1,0,0,0,0,0,1,10.686034336686134
blue_green_epoch,4,73,1,0,2,1,1,1,0,0,0,0,0,1,11.31836324930191
blue_green_epoch,4,66,1,0,2,1,1,1,0,0,0,0,0,1,11.793941259384155
blue_green_epoch,4,89,2,0,3,2,2,2,0,0,0,0,0,1,12.02320959419012
blue_green_epoch,4,7,1,0,3,1,1,1,0,0,0,0,0,1,18.396999686956406
blue_green_epoch,4,73,2,1,3,,,,0,0,0,0,0,1,25.078171864151955
blue_green_epoch,4,66,2,0,3,2,2,2,0,0,0,0,0,1,31.85315802693367
blue_green_epoch,4,59,2,0,3,2,2,2,0,0,0,0,0,1,11.674916371703148
blue_green_epoch,4,58,2,1,3,,,,0,0,0,0,0,1,11.722471565008163
blue_green_epoch,4,111,2,0,3,2,2,2,0,0,0,0,0,1,11.718888767063618
blue_green_epoch,4,111,2,0,3,2,2,2,0,0,0,0,0,1,11.424804106354713
blue_green_epoch,4,59,2,0,3,2,2,2,0,0,0,0,0,1,11.083659715950489
blue_green_epoch,4,59,2,0,3,2,2,2,0,0,0,0,0,1,11.356020346283913
blue_green_epoch,4,127,2,1,3,,,,0,0,0,0,0,0,11.481059715151787
blue_green_epoch,4,15,1,0,3,1,1,1,0,0,0,0,0,0,12.127340771257877
blue_green_epoch,4,27,2,0,3,2,2,2,0,0,0,0,0,0,11.696327477693558
blue_green_epoch,4,78,2,0,3,2,2,2,0,0,0,0,0,0,11.288425885140896
blue_green_epoch,4,58,2,1,3,,,,0,0,0,0,0,0,12.017996981739998
blue_green_epoch,4,73,2,1,3,,,,0,0,0,0,0,1,12.484685517847538
blue_green_epoch,4,27,2,0,3,2,2,2,0,0,0,0,0,1,12.196305207908154
blue_green_epoch,4,79,2,0,3,2,2,2,0,0,0,0,0,1,12.018642388284206
blue_green_epoch,4,8,1,0,3,1,1,1,0,0,0,0,0,1,11.587250046432018
blue_green_epoch,4,65,2,1,3,,,,0,0,0,0,0,1,11.564170010387897
blue_green_epoch,4,19,1,0,3,1,1,1,0,0,0,0,0,1,11.50562334805727
blue_green_epoch,4,102,2,0,3,2,2,2,0,0,0,0,0,1,10.926160030066967
blue_green_epoch,4,30,1,0,3,1,1,1,0,0,0,0,0,1,11.031183414161205
blue_green_epoch,4,90,1,0,3,1,1,1,0,0,0,0,0,1,11.07028778642416
blue_green_epoch,4,45,1,0,3,1,1,1,0,0,0,0,0,1,11.00546307861805
blue_green_epoch,4,18,1,0,3,1,1,1,0,0,0,0,0,1,11.181764304637909
blue_green_epoch,4,21,1,0,3,1,1,1,0,0,0,0,0,1,11.361686512827873
blue_green_epoch,4,18,1,0,3,1,1,1,0,0,0,0,0,1,11.344562284648418
blue_green_epoch,4,48,1,0,3,1,1,1,0,0,0,0,0,1,11.266897432506084
blue_green_epoch,4,99,1,0,3,1,1,1,0,0,0,0,0,1,10.98155602812767
blue_green_epoch,4,99,1,0,3,1,1,1,0,0,0,0,0,1,88.9888433739543
blue_green_epoch,4,21,1,0,3,1,1,1,0,0,0,0,0,1,95.57940997183323
blue_green_epoch,4,99,1,0,3,1,1,1,0,0,0,0,0,1,86.80292777717113
blue_green_epoch,4,17,1,0,3,1,1,1,0,0,0,0,0,1,94.97843123972416
blue_green_epoch,4,72,1,0,3,1,1,1,0,0,0,0,0,1,11.598953977227211
blue_green_epoch,4,45,1,0,3,1,1,1,0,0,0,0,0,1,11.644987389445305
blue_green_epoch,4,39,1,0,3,1,1,1,0,0,0,0,0,1,11.436731554567814
blue_green_epoch,4,31,1,0,3,1,1,1,0,0,0,0,0,1,11.172034777700901
blue_green_epoch,4,22,2,0,3,2,2,2,0,0,0,0,0,1,11.20931375771761
blue_green_epoch,4,39,1,0,3,1,1,1,0,0,0,0,0,1,11.297455057501793
blue_green_epoch,4,99,1,0,3,1,1,1,0,0,0,0,0,1,11.76467165350914
blue_green_epoch,4,48,1,0,3,1,1,1,0,0,0,0,0,1,11.808679439127445
blue_green_epoch,4,93,1,0,3,1,1,1,0,0,0,0,0,1,11.762814596295357
blue_green_epoch,4,68,2,0,3,2,2,2,0,0,0,0,0,1,11.267251335084438
blue_green_epoch,4,36,1,0,3,1,1,1,0,0,0,0,0,1,18.982467241585255
blue_green_epoch,4,90,1,0,3,1,1,1,0,0,0,0,0,1,18.95011216402054
blue_green_epoch,4,20,1,0,3,1,1,1,0,0,0,0,0,1,28.867319226264954
blue_green_epoch,4,45,1,0,3,1,1,1,0,0,0,0,0,1,23.299510590732098
blue_green_epoch,4,79,2,0,3,2,2,2,0,0,0,0,0,1,12.252028100192547
blue_green_epoch,4,31,1,0,3,1,1,1,0,0,0,0,0,1,12.037983164191246
blue_green_epoch,4,19,1,0,3,1,1,1,0,0,0,0,0,1,12.640598230063915
blue_green_epoch,4,15,1,0,3,1,1,1,0,0,0,0,0,1,11.827526614069939
blue_green_epoch,4,21,1,0,3,1,1,1,0,0,0,0,0,1,11.664753779768944
blue_green_epoch,4,32,1,0,3,1,1,1,0,0,0,0,0,1,11.336641386151314
blue_green_epoch,4,18,1,0,3,1,1,1,0,0,0,0,0,1,11.029481887817383
blue_green_epoch,4,66,2,0,3,2,2,2,0,0,0,0,0,1,11.235136538743973
blue_green_epoch,4,45,1,0,3,1,1,1,0,0,0,0,0,1,11.244364082813263
blue_green_epoch,4,121,2,0,4,2,2,2,0,0,0,0,0,1,17.708389088511467
blue_green_epoch,4,1,2,0,4,2,2,2,0,0,0,0,0,1,23.971576243638992
blue_green_epoch,4,48,2,1,4,,,,0,0,0,0,0,1,20.71177214384079
blue_green_epoch,4,20,2,0,4,2,2,2,0,0,0,0,0,1,21.179636009037495
blue_green_epoch,4,36,2,1,4,,,,0,0,0,0,0,1,11.26975193619728
blue_green_epoch,4,36,2,1,4,,,,0,0,0,0,0,1,11.169333010911942
blue_green_epoch,4,48,2,1,4,,,,0,0,0,0,0,1,10.202241130173206
blue_green_epoch,4,48,2,1,4,,,,0,0,0,0,0,1,10.823785327374935
blue_green_epoch,4,8,2,0,4,2,2,2,0,0,0,0,0,0,10.978029109537601
blue_green_epoch,4,20,2,0,4,2,2,2,0,0,0,0,0,0,11.450604535639286
blue_green_epoch,4,89,2,0,4,2,2,2,0,0,0,0,0,0,11.66203897446394
blue_green_epoch,4,51,2,0,4,2,2,2,0,0,0,0,0,0,11.570896953344345
blue_green_epoch,4,8,2,0,4,2,2,2,0,0,0,0,0,0,11.680061928927898
blue_green_epoch,4,19,2,0,4,2,2,2,0,0,0,0,0,1,12.029850855469704
blue_green_epoch,4,19,2,0,4,2,2,2,0,0,0,0,0,1,12.016954831779003
blue_green_epoch,4,45,2,0,4,2,2,2,0,0,0,0,0,1,12.098637409508228
blue_green_epoch,4,63,1,0,4,1,1,1,0,0,0,0,0,1,11.333299800753593
blue_green_epoch,4,54,1,0,4,1,1,1,0,0,0,0,0,1,10.799200274050236
blue_green_epoch,4,54,1,0,4,1,1,1,0,0,0,0,0,1,11.590821668505669
blue_green_epoch,4,100,1,0,4,1,1,1,0,0,0,0,0,1,15.414643101394176
blue_green_epoch,4,63,1,0,4,1,1,1,0,0,0,0,0,1,15.717790462076664
blue_green_epoch,4,54,1,0,4,1,1,1,0,0,0,0,0,1,15.86464885622263
blue_green_epoch,4,77,2,0,4,2,2,2,0,0,0,0,0,1,12.428735382854939
blue_green_epoch,4,124,1,0,4,1,1,1,0,0,0,0,0,1,11.784963309764862
blue_green_epoch,4,56,1,0,4,1,1,1,0,0,0,0,0,1,11.819415725767612
blue_green_epoch,4,56,1,0,4,1,1,1,0,0,0,0,0,1,11.79184764623642
blue_green_epoch,4,56,1,0,4,1,1,1,0,0,0,0,0,1,11.015422642230988
blue_green_epoch,4,119,1,0,4,1,1,1,0,0,0,0,0,1,92.35428180545568
blue_green_epoch,4,100,1,0,4,1,1,1,0,0,0,0,0,1,93.26673671603203
blue_green_epoch,4,124,1,0,4,1,1,1,0,0,0,0,0,1,92.93491579592228
blue_green_epoch,4,111,2,0,4,2,2,2,0,0,0,0,0,1,91.45337995141745
blue_green_epoch,4,13,1,0,4,1,1,1,0,0,0,0,0,1,12.677826918661594
blue_green_epoch,4,43,1,0,4,1,1,1,0,0,0,0,0,1,12.658053077757359
blue_green_epoch,4,25,2,0,4,2,2,2,0,0,0,0,0,1,12.708939611911774
blue_green_epoch,4,95,1,0,4,1,1,1,0,0,0,0,0,1,12.38300558179617
blue_green_epoch,4,67,1,0,4,1,1,1,0,0,0,0,0,1,11.824009008705616
blue_green_epoch,4,53,1,0,4,1,1,1,0,0,0,0,0,1,12.194960378110409
blue_green_epoch,4,91,1,0,4,1,1,1,0,0,0,0,0,1,12.457100674510002
blue_green_epoch,4,34,1,0,4,1,1,1,0,0,0,0,0,1,12.124508619308472
blue_green_epoch,4,100,1,0,4,1,1,1,0,0,0,0,0,1,22.820227779448032
blue_green_epoch,4,15,1,0,4,1,1,1,0,0,0,0,0,1,22.379704751074314
blue_green_epoch,4,91,1,0,4,1,1,1,0,0,0,0,0,1,22.48200587928295
blue_green_epoch,4,116,2,0,4,2,2,2,0,0,0,0,0,1,23.31554237753153
blue_green_epoch,4,43,1,0,4,1,1,1,0,0,0,0,0,1,11.50648295879364
blue_green_epoch,4,100,1,0,4,1,1,1,0,0,0,0,0,1,11.540763080120087
blue_green_epoch,4,67,1,0,4,1,1,1,0,0,0,0,0,1,11.654996313154697
blue_green_epoch,4,12,1,0,4,1,1,1,0,0,0,0,0,1,11.946339160203934
blue_green_epoch,4,38,1,0,4,1,1,1,0,0,0,0,0,1,12.057914398610592
blue_green_epoch,4,11,2,0,4,2,2,2,0,0,0,0,0,1,11.960132978856564
blue_green_epoch,4,67,1,0,4,1,1,1,0,0,0,0,0,1,11.968987062573433
blue_green_epoch,4,63,1,0,4,1,1,1,0,0,0,0,0,1,11.43710222095251
blue_green_epoch,4,76,1,0,5,1,1,1,0,0,0,0,0,1,18.805531784892082
blue_green_epoch,4,43,2,1,5,,,,0,0,0,0,0,1,25.99063329398632
blue_green_epoch,4,56,2,1,5,,,,0,0,0,0,0,1,32.70941134542227
blue_green_epoch,4,34,2,0,5,2,2,2,0,0,0,0,0,1,26.95241291075945
blue_green_epoch,4,13,2,0,5,2,2,2,0,0,0,0,0,1,13.063101097941399
blue_green_epoch,4,38,2,0,5,2,2,2,0,0,0,0,0,1,13.233793899416924
blue_green_epoch,4,22,2,0,5,2,2,2,0,0,0,0,0,1,13.040306977927685
blue_green_epoch,4,34,2,0,5,2,2,2,0,0,0,0,0,1,12.857201509177685
blue_green_epoch,4,34,2,0,5,2,2,2,0,0,0,0,0,1,12.719924561679363
blue_green_epoch,4,34,2,0,5,2,2,2,0,0,0,0,0,1,12.194721028208733
blue_green_epoch,4,12,2,0,5,2,2,2,0,0,0,0,0,1,12.231151573359966
blue_green_epoch,4,109,1,0,5,1,1,1,0,0,0,0,0,1,11.934115551412106
blue_green_epoch,4,34,2,0,5,2,2,2,0,0,0,0,0,0,12.168561108410358
blue_green_epoch,4,91,2,0,5,2,2,2,0,0,0,0,0,0,11.8882330134511
blue_green_epoch,4,119,2,0,5,2,2,2,0,0,0,0,0,0,12.011194601655006
blue_green_epoch,4,63,2,0,5,2,2,2,0,0,0,0,0,0,11.711993254721165
blue_green_epoch,4,56,2,1,5,,,,0,0,0,0,0,1,11.555570177733898
blue_green_epoch,4,84,2,0,5,2,2,2,0,0,0,0,0,1,11.500461958348751
blue_green_epoch,4,28,1,0,5,1,1,1,0,0,0,0,0,1,12.179111130535603
blue_green_epoch,4,54,2,0,5,2,2,2,0,0,0,0,0,1,12.031509540975094
blue_green_epoch,4,127,2,1,5,,,,0,0,0,0,0,1,11.679427698254585
blue_green_epoch,4,105,2,0,5,2,2,2,0,0,0,0,0,1,11.504017747938633
blue_green_epoch,4,110,1,0,5,1,1,1,0,0,0,0,0,1,11.497817933559418
blue_green_epoch,4,106,1,0,5,1,1,1,0,0,0,0,0,1,11.100945062935352
blue_green_epoch,4,120,1,0,5,1,1,1,0,0,0,0,0,1,11.964984238147736
blue_green_epoch,4,23,1,0,5,1,1,1,0,0,0,0,0,1,12.953601777553558
blue_green_epoch,4,32,1,0,5,1,1,1,0,0,0,0,0,1,12.501461431384087
blue_green_epoch,4,75,1,0,5,1,1,1,0,0,0,0,0,1,13.017427176237106
blue_green_epoch,4,41,2,0,5,2,2,2,0,0,0,0,0,1,12.70411442965269
blue_green_epoch,4,113,1,0,5,1,1,1,0,0,0,0,0,1,11.657461524009705
blue_green_epoch,4,32,1,0,5,1,1,1,0,0,0,0,0,1,11.201347224414349
blue_green_epoch,4,106,1,0,5,1,1,1,0,0,0,0,0,1,11.584390886127949
blue_green_epoch,4,61,1,0,5,1,1,1,0,0,0,0,0,1,11.659812182188034
blue_green_epoch,4,109,1,0,5,1,1,1,0,0,0,0,0,1,11.977455578744411
blue_green_epoch,4,99,2,0,5,2,2,2,0,0,0,0,0,1,86.05280797928572
blue_green_epoch,4,125,1,0,5,1,1,1,0,0,0,0,0,1,93.23840495198965
blue_green_epoch,4,120,1,0,5,1,1,1,0,0,0,0,0,1,99.8880211263895
blue_green_epoch,4,0,2,0,5,2,2,2,0,0,0,0,0,1,91.25905763357878
blue_green_epoch,4,75,1,0,5,1,1,1,0,0,0,0,0,1,12.270556762814522
blue_green_epoch,4,39,2,0,5,2,2,2,0,0,0,0,0,1,11.602604761719704
blue_green_epoch,4,113,1,0,5,1,1,1,0,0,0,0,0,1,11.239612475037575
blue_green_epoch,4,61,1,0,5,1,1,1,0,0,0,0,0,1,10.613690130412579
blue_green_epoch,4,125,1,0,5,1,1,1,0,0,0,0,0,1,10.937106795608997
blue_green_epoch,4,3,2,0,5,2,2,2,0,0,0,0,0,1,11.185781098902225
blue_green_epoch,4,9,2,0,5,2,2,2,0,0,0,0,0,1,11.224084533751011
blue_green_epoch,4,114,2,0,5,2,2,2,0,0,0,0,0,1,11.829975061118603
blue_green_epoch,4,88,1,0,5,1,1,1,0,0,0,0,0,1,11.706122197210789
blue_green_epoch,4,49,2,0,5,2,2,2,0,0,0,0,0,1,11.12368144094944
blue_green_epoch,4,125,1,0,5,1,1,1,0,0,0,0,0,1,11.107660830020905
blue_green_epoch,4,23,1,0,5,1,1,1,0,0,0,0,0,1,19.80468723922968
blue_green_epoch,4,87,1,0,5,1,1,1,0,0,0,0,0,1,26.231505908071995
blue_green_epoch,4,88,1,0,5,1,1,1,0,0,0,0,0,1,22.876005619764328
blue_green_epoch,4,88,1,0,5,1,1,1,0,0,0,0,0,1,22.81488198786974
blue_green_epoch,4,32,1,0,5,1,1,1,0,0,0,0,0,1,11.990707367658615
blue_green_epoch,4,33,1,0,5,1,1,1,0,0,0,0,0,1,11.550932191312313
blue_green_epoch,4,121,2,0,5,2,2,2,0,0,0,0,0,1,12.294739484786987
blue_green_epoch,4,94,2,0,5,2,2,2,0,0,0,0,0,1,12.227908708155155
blue_green_epoch,4,72,1,0,5,1,1,1,0,0,0,0,0,1,11.864541098475456
blue_green_epoch,4,29,1,0,5,1,1,1,0,0,0,0,0,1,11.618440970778465
blue_green_epoch,4,24,2,0,5,2,2,2,0,0,0,0,0,1,12.282482348382473
blue_green_epoch,4,29,1,0,5,1,1,1,0,0,0,0,0,1,12.145048938691616
blue_green_epoch,4,29,1,0,5,1,1,1,0,0,0,0,0,1,12.395326979458332
blue_green_epoch,4,59,2,0,5,2,2,2,0,0,0,0,0,1,12.39357702434063
blue_green_epoch,4,23,2,1,6,,,,0,0,0,0,0,1,21.587680093944073
blue_green_epoch,4,23,2,1,6,,,,0,0,0,0,0,1,21.559429354965687
blue_green_epoch,4,55,1,0,6,1,1,1,0,0,0,0,0,1,21.5377788990736
blue_green_epoch,4,40,1,0,6,1,1,1,0,0,0,0,0,1,22.228448651731014
blue_green_epoch,4,33,2,0,6,2,2,2,0,0,0,0,0,1,11.557972058653831
blue_green_epoch,4,106,2,0,6,2,2,2,0,0,0,0,0,1,11.761671863496304
blue_green_epoch,4,32,2,0,6,2,2,2,0,0,0,0,0,1,11.75647508352995
blue_green_epoch,4,110,2,0,6,2,2,2,0,0,0,0,0,1,11.397800408303738
blue_green_epoch,4,75,2,0,6,2,2,2,0,0,0,0,0,1,11.523332446813583
blue_green_epoch,4,110,2,0,6,2,2,2,0,0,0,0,0,1,11.945461854338646
blue_green_epoch,4,25,2,0,6,2,2,2,0,0,0,0,0,1,11.964604258537292
blue_green_epoch,4,109,1,0,6,1,1,1,0,0,0,0,0,0,12.19436526298523
blue_green_epoch,4,110,2,0,6,2,2,2,0,0,0,0,0,0,11.977262794971466
blue_green_epoch,4,118,1,0,6,1,1,1,0,0,0,0,0,0,11.597874574363232
blue_green_epoch,4,87,2,1,6,,,,0,0,0,0,0,0,11.36637944728136
blue_green_epoch,4,61,2,0,6,2,2,2,0,0,0,0,0,0,11.419576592743397
blue_green_epoch,4,40,1,0,6,1,1,1,0,0,0,0,0,1,11.098679155111313
blue_green_epoch,4,72,2,0,6,2,2,2,0,0,0,0,0,1,11.112070642411709
blue_green_epoch,4,87,2,1,6,,,,0,0,0,0,0,1,11.670533567667007
blue_green_epoch,4,17,1,0,6,1,1,1,0,0,0,0,0,1,11.338007636368275
blue_green_epoch,4,122,1,0,6,1,1,1,0,0,0,0,0,1,12.336378917098045
blue_green_epoch,4,117,1,0,6,1,1,1,0,0,0,0,0,1,11.463027447462082
blue_green_epoch,4,73,2,1,6,,,,0,0,0,0,0,1,12.133765034377575
blue_green_epoch,4,16,1,0,6,1,1,1,0,0,0,0,0,1,12.199955061078072
blue_green_epoch,4,76,1,0,6,1,1,1,0,0,0,0,0,1,12.503458186984062
blue_green_epoch,4,16,1,0,6,1,1,1,0,0,0,0,0,1,12.272363528609276
blue_green_epoch,4,81,1,0,6,1,1,1,0,0,0,0,0,1,12.304892763495445
blue_green_epoch,4,104,1,0,6,1,1,1,0,0,0,0,0,1,11.934716254472733
blue_green_epoch,4,104,1,0,6,1,1,1,0,0,0,0,0,1,11.818872764706612
blue_green_epoch,4,60,1,0,6,1,1,1,0,0,0,0,0,1,11.664480902254581
blue_green_epoch,4,72,2,0,6,2,2,2,0,0,0,0,0,1,11.972484178841114
blue_green_epoch,4,121,2,0,6,2,2,2,0,0,0,0,0,1,12.109027244150639
blue_green_epoch,4,10,1,0,6,1,1,1,0,0,0,0,0,1,12.259328737854958
blue_green_epoch,4,10,1,0,6,1,1,1,0,0,0,0,0,1,87.19527814537287
blue_green_epoch,4,60,1,0,6,1,1,1,0,0,0,0,0,1,87.515520863235
blue_green_epoch,4,112,1,0,6,1,1,1,0,0,0,0,0,1,81.9394402205944
blue_green_epoch,4,108,1,0,6,1,1,1,0,0,0,0,0,1,90.74138756841421
blue_green_epoch,4,126,1,0,6,1,1,1,0,0,0,0,0,1,12.069182470440865
blue_green_epoch,4,117,1,0,6,1,1,1,0,0,0,0,0,1,12.175182811915874
blue_green_epoch,4,122,1,0,6,1,1,1,0,0,0,0,0,1,12.030105106532574
blue_green_epoch,4,104,1,0,6,1,1,1,0,0,0,0,0,1,11.568239890038967
blue_green_epoch,4,81,1,0,6,1,1,1,0,0,0,0,0,1,11.638023890554905
blue_green_epoch,4,62,1,0,6,1,1,1,0,0,0,0,0,1,11.619530618190765
blue_green_epoch,4,59,2,0,6,2,2,2,0,0,0,0,0,1,11.68995350599289
blue_green_epoch,4,17,1,0,6,1,1,1,0,0,0,0,0,1,12.055421248078346
blue_green_epoch,4,70,1,0,6,1,1,1,0,0,0,0,0,1,12.115421704947948
blue_green_epoch,4,76,1,0,6,1,1,1,0,0,0,0,0,1,11.776519007980824
blue_green_epoch,4,60,1,0,6,1,1,1,0,0,0,0,0,1,11.32035069167614
blue_green_epoch,4,10,1,0,6,1,1,1,0,0,0,0,0,1,11.964758858084679
blue_green_epoch,4,75,2,0,6,2,2,2,0,0,0,0,0,1,11.927369050681591
blue_green_epoch,4,117,1,0,6,1,1,1,0,0,0,0,0,1,22.145163267850876
blue_green_epoch,4,125,2,0,6,2,2,2,0,0,0,0,0,1,16.194019466638565
blue_green_epoch,4,126,1,0,6,1,1,1,0,0,0,0,0,1,22.627778351306915
blue_green_epoch,4,81,1,0,6,1,1,1,0,0,0,0,0,1,29.93121650069952
blue_green_epoch,4,71,2,0,6,2,2,2,0,0,0,0,0,1,12.591538019478321
blue_green_epoch,4,122,1,0,6,1,1,1,0,0,0,0,0,1,12.462766841053963
blue_green_epoch,4,60,1,0,6,1,1,1,0,0,0,0,0,1,11.718305759131908
blue_green_epoch,4,122,1,0,6,1,1,1,0,0,0,0,0,1,12.669657357037067
blue_green_epoch,4,32,2,0,6,2,2,2,0,0,0,0,0,1,12.727429158985615
blue_green_epoch,4,60,1,0,6,1,1,1,0,0,0,0,0,1,12.61541061103344
blue_green_epoch,4,83,1,0,6,1,1,1,0,0,0,0,0,1,12.399958446621895
blue_green_epoch,4,81,2,0,7,2,2,2,0,0,0,0,0,1,18.46164930611849
blue_green_epoch,4,6,1,0,7,1,1,1,0,0,0,0,0,1,15.552337281405926
blue_green_epoch,4,81,2,0,7,2,2,2,0,0,0,0,0,1,21.844451315701008
blue_green_epoch,4,97,2,0,7,2,2,2,0,0,0,0,0,1,31.769482418894768
blue_green_epoch,4,104,2,0,7,2,2,2,0,0,0,0,0,1,11.86477392911911
blue_green_epoch,4,70,2,0,7,2,2,2,0,0,0,0,0,1,11.891738511621952
blue_green_epoch,4,38,2,0,7,2,2,2,0,0,0,0,0,1,11.731171980500221
blue_green_epoch,4,23,2,1,7,,,,0,0,0,0,0,1,11.812982149422169
blue_green_epoch,4,97,2,0,7,2,2,2,0,0,0,0,0,0,11.947968043386936
blue_green_epoch,4,126,2,0,7,2,2,2,0,0,0,0,0,0,12.107591144740582
blue_green_epoch,4,108,2,0,7,2,2,2,0,0,0,0,0,0,12.263679876923561
blue_green_epoch,4,76,2,0,7,2,2,2,0,0,0,0,0,0,12.176883406937122
blue_green_epoch,4,76,2,0,7,2,2,2,0,0,0,0,0,1,12.128425762057304
blue_green_epoch,4,16,2,1,7,,,,0,0,0,0,0,1,11.190810240805149
blue_green_epoch,4,16,2,1,7,,,,0,0,0,0,0,1,10.993558913469315
blue_green_epoch,4,84,2,0,7,2,2,2,0,0,0,0,0,1,11.569642461836338
blue_green_epoch,4,4,1,0,7,1,1,1,0,0,0,0,0,1,11.020463891327381
blue_green_epoch,4,15,1,0,7,1,1,1,0,0,0,0,0,1,11.80385984480381
blue_green_epoch,4,99,2,0,7,2,2,2,0,0,0,0,0,1,11.915032751858234
blue_green_epoch,4,30,2,0,7,2,2,2,0,0,0,0,0,1,11.959738098084927
blue_green_epoch,4,26,1,0,7,1,1,1,0,0,0,0,0,1,11.567872948944569
blue_green_epoch,4,26,1,0,7,1,1,1,0,0,0,0,0,1,11.7168128490448
blue_green_epoch,4,4,1,0,7,1,1,1,0,0,0,0,0,1,11.485321447253227
blue_green_epoch,4,96,1,0,7,1,1,1,0,0,0,0,0,1,12.661884538829327
blue_green_epoch,4,35,1,0,7,1,1,1,0,0,0,0,0,1,13.974430970847607
blue_green_epoch,4,116,2,0,7,2,2,2,0,0,0,0,0,1,14.999727718532085
blue_green_epoch,4,87,2,1,7,,,,0,0,0,0,0,1,10.598334483802319
blue_green_epoch,4,24,2,0,7,2,2,2,0,0,0,0,0,1,14.247809536755085
blue_green_epoch,4,15,1,0,7,1,1,1,0,0,0,0,0,1,73.85341543704271
blue_green_epoch,4,84,2,0,7,2,2,2,0,0,0,0,0,1,82.83366076648235
blue_green_epoch,4,40,1,0,7,1,1,1,0,0,0,0,0,1,90.41259158402681
blue_green_epoch,4,89,2,0,7,2,2,2,0,0,0,0,0,1,98.12983497977257
blue_green_epoch,4,119,2,0,7,2,2,2,0,0,0,0,0,1,12.093085795640945
blue_green_epoch,4,26,1,0,7,1,1,1,0,0,0,0,0,1,12.735302560031414
blue_green_epoch,4,15,1,0,7,1,1,1,0,0,0,0,0,1,11.671881191432476
blue_green_epoch,4,6,1,0,7,1,1,1,0,0,0,0,0,1,11.94942370057106
blue_green_epoch,4,50,1,0,7,1,1,1,0,0,0,0,0,1,11.89161092042923
blue_green_epoch,4,18,2,0,7,2,2,2,0,0,0,0,0,1,11.83445192873478
blue_green_epoch,4,50,1,0,7,1,1,1,0,0,0,0,0,1,11.636217124760151
blue_green_epoch,4,55,1,0,7,1,1,1,0,0,0,0,0,1,10.897950269281864
blue_green_epoch,4,15,1,0,7,1,1,1,0,0,0,0,0,1,11.455472558736801
blue_green_epoch,4,40,1,0,7,1,1,1,0,0,0,0,0,1,11.289967224001884
blue_green_epoch,4,15,1,0,7,1,1,1,0,0,0,0,0,1,19.59617156535387
blue_green_epoch,4,92,1,0,7,1,1,1,0,0,0,0,0,1,19.085191190242767
blue_green_epoch,4,96,1,0,7,1,1,1,0,0,0,0,0,1,20.008777268230915
blue_green_epoch,4,15,1,0,7,1,1,1,0,0,0,0,0,1,32.63984154909849
blue_green_epoch,4,35,1,0,7,1,1,1,0,0,0,0,0,1,11.672688648104668
blue_green_epoch,4,26,1,0,7,1,1,1,0,0,0,0,0,1,11.19102630764246
blue_green_epoch,4,35,1,0,7,1,1,1,0,0,0,0,0,1,11.308847926557064
blue_green_epoch,4,108,2,0,7,2,2,2,0,0,0,0,0,1,11.5016745403409
blue_green_epoch,4,35,1,0,7,1,1,1,0,0,0,0,0,1,11.222711764276028
blue_green_epoch,4,82,1,0,7,1,1,1,0,0,0,0,0,1,11.38769369572401
blue_green_epoch,4,35,1,0,7,1,1,1,0,0,0,0,0,1,11.602886021137238
blue_green_epoch,4,91,2,0,7,2,2,2,0,0,0,0,0,1,11.965157464146614
blue_green_epoch,4,121,2,0,7,2,2,2,0,0,0,0,0,1,12.180796824395657
blue_green_epoch,4,15,1,0,7,1,1,1,0,0,0,0,0,1,12.120882049202919
blue_green_epoch,4,4,1,0,7,1,1,1,0,0,0,0,0,1,12.096595019102097
blue_green_epoch,4,96,2,0,8,2,2,2,0,0,0,0,0,1,12.144990265369415
blue_green_epoch,4,96,2,0,8,2,2,2,0,0,0,0,0,1,18.971409648656845
blue_green_epoch,4,71,2,0,8,2,2,2,0,0,0,0,0,1,28.759434819221497
blue_green_epoch,4,4,2,0,8,2,2,2,0,0,0,0,0,1,28.686515986919403
blue_green_epoch,4,93,2,0,8,2,2,2,0,0,0,0,0,1,11.731375008821487
blue_green_epoch,4,40,2,1,8,,,,0,0,0,0,0,1,11.537950485944748
blue_green_epoch,4,27,2,0,8,2,2,2,0,0,0,0,0,1,11.62402331829071
blue_green_epoch,4,109,2,0,8,2,2,2,0,0,0,0,0,1,12.195619754493237
blue_green_epoch,4,40,2,1,8,,,,0,0,0,0,0,1,12.324541807174683
blue_green_epoch,4,96,2,0,8,2,2,2,0,0,0,0,0,1,12.099839746952057
blue_green_epoch,4,4,2,0,8,2,2,2,0,0,0,0,0,0,12.151701375842094
blue_green_epoch,4,15,2,0,8,2,2,2,0,0,0,0,0,0,11.591984890401363
blue_green_epoch,4,50,2,0,8,2,2,2,0,0,0,0,0,0,11.587253771722317
blue_green_epoch,4,26,2,0,8,2,2,2,0,0,0,0,0,0,12.212884612381458
blue_green_epoch,4,4,2,0,8,2,2,2,0,0,0,0,0,0,11.788140051066875
blue_green_epoch,4,40,2,1,8,,,,0,0,0,0,0,0,11.582531034946442
blue_green_epoch,4,106,2,0,8,2,2,2,0,0,0,0,0,0,11.56674511730671
blue_green_epoch,4,73,2,1,8,,,,0,0,0,0,0,0,11.189853772521019
blue_green_epoch,4,4,2,0,8,2,2,2,0,0,0,0,0,0,10.860764421522617
blue_green_epoch,4,6,2,0,8,2,2,2,0,0,0,0,0,0,11.612726375460625
blue_green_epoch,4,92,2,0,8,2,2,2,0,0,0,0,0,0,11.58569660037756
blue_green_epoch,4,98,2,0,8,2,2,2,0,0,0,0,0,0,11.604638770222664
blue_green_epoch,4,55,2,1,8,,,,0,0,0,0,0,0,11.950069107115269
blue_green_epoch,4,92,2,0,8,2,2,2,0,0,0,0,0,0,12.147350236773491
blue_green_epoch,4,55,2,1,8,,,,0,0,0,0,0,0,11.982564814388752
blue_green_epoch,4,96,2,0,8,2,2,2,0,0,0,0,0,0,11.666650883853436
blue_green_epoch,4,109,2,0,8,2,2,2,0,0,0,0,0,0,11.98101881891489
blue_green_epoch,4,88,2,1,8,,,,0,0,0,0,0,0,11.693324893712997
blue_green_epoch,4,118,2,1,8,,,,0,0,0,0,0,0,11.974248103797436
blue_green_epoch,4,57,2,0,8,2,2,2,0,0,0,0,0,0,12.120313011109829
blue_green_epoch,4,25,2,0,8,2,2,2,0,0,0,0,0,0,12.526686303317547
blue_green_epoch,4,26,2,0,8,2,2,2,0,0,0,0,0,0,12.471945025026798
blue_green_epoch,4,4,2,0,8,2,2,2,0,0,0,0,0,0,11.779190972447395
blue_green_epoch,4,40,2,1,8,,,,0,0,0,0,0,0,11.820909567177296
blue_green_epoch,4,57,2,0,8,2,2,2,0,0,0,0,0,0,12.127149850130081
blue_green_epoch,4,109,2,0,8,2,2,2,0,0,0,0,0,0,12.586765922605991
blue_green_epoch,4,92,2,0,8,2,2,2,0,0,0,0,0,0,12.544405646622181
blue_green_epoch,4,98,2,0,8,2,2,2,0,0,0,0,0,0,12.646305374801159
blue_green_epoch,4,118,2,1,8,,,,0,0,0,0,0,0,11.85288093984127
blue_green_epoch,4,15,2,0,8,2,2,2,0,0,0,0,0,0,11.444421485066414
blue_green_epoch,4,21,2,1,8,,,,0,0,0,0,0,0,12.069446966052055
blue_green_epoch,4,96,2,0,8,2,2,2,0,0,0,0,0,0,11.651599779725075
staged_manifest,0,92,1,0,0,1,1,1,0,0,0,0,0,1,3.556046634912491
staged_manifest,0,8,1,0,0,1,1,1,0,0,0,0,0,1,6.857617758214474
staged_manifest,0,97,1,0,0,1,1,1,0,0,0,0,0,1,10.219383984804153
staged_manifest,0,12,1,0,0,1,1,1,0,0,0,0,0,1,13.308324851095676
staged_manifest,0,26,1,0,0,1,1,1,0,0,0,0,0,1,11.91248930990696
staged_manifest,0,34,1,0,0,1,1,1,0,0,0,0,0,1,11.622067540884018
staged_manifest,0,26,1,0,0,1,1,1,0,0,0,0,0,1,11.951176449656487
staged_manifest,0,58,1,0,0,1,1,1,0,0,0,0,0,1,12.08725105971098
staged_manifest,0,9,1,0,0,1,1,1,0,0,0,0,0,1,12.110892683267593
staged_manifest,0,26,1,0,0,1,1,1,0,0,0,0,0,1,11.814964935183525
staged_manifest,0,3,1,0,0,1,1,1,0,0,0,0,0,1,11.701849289238453
staged_manifest,0,81,1,0,0,1,1,1,0,0,0,0,0,1,11.776234023272991
staged_manifest,0,90,1,0,0,1,1,1,0,0,0,0,0,1,21.977628581225872
staged_manifest,0,115,1,0,0,1,1,1,0,0,0,0,0,1,16.90298691391945
staged_manifest,0,48,1,0,0,1,1,1,0,0,0,0,0,1,33.21418818086386
staged_manifest,0,14,1,0,0,1,1,1,0,0,0,0,0,1,39.88652676343918
staged_manifest,0,115,1,0,0,1,1,1,0,0,0,0,0,1,13.316432014107704
staged_manifest,0,26,1,0,0,1,1,1,0,0,0,0,0,1,13.458692468702793
staged_manifest,0,21,1,0,0,1,1,1,0,0,0,0,0,1,12.32158113270998
staged_manifest,0,48,1,0,0,1,1,1,0,0,0,0,0,1,11.998479254543781
staged_manifest,0,67,1,0,0,1,1,1,0,0,0,0,0,1,12.030575424432755
staged_manifest,0,64,1,0,0,1,1,1,0,0,0,0,0,1,11.788525618612766
staged_manifest,0,115,1,0,0,1,1,1,0,0,0,0,0,1,11.397420428693295
staged_manifest,0,58,1,0,0,1,1,1,0,0,0,0,0,1,22.264122031629086
staged_manifest,0,103,1,0,0,1,1,1,0,0,0,0,0,1,15.585063956677914
staged_manifest,0,9,1,0,0,1,1,1,0,0,0,0,0,1,24.913827888667583
staged_manifest,0,33,1,0,0,1,1,1,0,0,0,0,0,1,25.427930057048798
staged_manifest,0,58,1,0,0,1,1,1,0,0,0,0,0,1,11.033601127564907
staged_manifest,0,48,1,0,0,1,1,1,0,0,0,0,0,1,11.303799226880074
staged_manifest,0,100,1,0,0,1,1,1,0,0,0,0,0,1,10.993246920406818
staged_manifest,0,58,1,0,0,1,1,1,0,0,0,0,0,1,11.16994023323059
staged_manifest,0,33,1,0,0,1,1,1,0,0,0,0,0,1,11.199882254004478
staged_manifest,0,81,1,0,0,1,1,1,0,0,0,0,0,1,11.519930325448513
staged_manifest,0,3,1,0,0,1,1,1,0,0,0,0,0,1,12.184429913759232
staged_manifest,0,1,1,0,0,1,1,1,0,0,0,0,0,1,13.22964858263731
staged_manifest,0,41,1,0,0,1,1,1,0,0,0,0,0,1,13.361032120883465
staged_manifest,0,103,1,0,0,1,1,1,0,0,0,0,0,1,13.258107006549835
staged_manifest,0,96,2,0,0,2,2,2,0,0,0,0,0,1,18.580833449959755
staged_manifest,0,61,1,0,0,1,1,1,0,0,0,0,0,1,26.037462055683136
staged_manifest,0,103,2,0,0,2,2,2,0,0,0,0,0,1,19.283995032310486
staged_manifest,0,103,2,0,0,2,2,2,0,0,0,0,0,1,25.11136420071125
staged_manifest,0,13,2,0,0,2,2,2,0,0,0,0,0,1,11.601721867918968
staged_manifest,0,9,2,0,0,2,2,2,0,0,0,0,0,1,11.570303700864315
staged_manifest,0,103,2,0,0,2,2,2,0,0,0,0,0,1,11.281773447990417
staged_manifest,0,123,2,0,0,2,2,2,0,0,0,0,0,1,11.945880949497223
staged_manifest,0,100,2,0,0,2,2,2,0,0,0,0,0,1,11.818598955869675
staged_manifest,0,9,2,0,0,2,2,2,0,0,0,0,0,1,11.418621055781841
staged_manifest,0,35,1,0,0,1,1,1,0,0,0,0,0,1,11.536386795341969
staged_manifest,0,64,2,1,0,,,,0,0,0,0,0,1,11.61092333495617
staged_manifest,0,76,1,0,0,1,1,1,0,0,0,0,0,0,11.416123248636723
staged_manifest,0,17,1,0,0,1,1,1,0,0,0,0,0,0,10.871106758713722
staged_manifest,0,69,1,0,0,1,1,1,0,0,0,0,0,0,11.419355869293213
staged_manifest,0,33,2,1,0,,,,0,0,0,0,0,0,11.49790920317173
staged_manifest,0,7,1,0,0,1,1,1,0,0,0,0,0,0,10.953509248793125
staged_manifest,0,74,2,0,0,2,2,2,0,0,0,0,0,1,11.253143660724163
staged_manifest,0,115,2,1,0,,,,0,0,0,0,0,1,11.76645327359438
staged_manifest,0,1,1,0,0,1,1,1,0,0,0,0,0,1,11.476517654955387
staged_manifest,0,64,2,1,0,,,,0,0,0,0,0,1,11.11587043851614
staged_manifest,0,111,1,0,0,1,1,1,0,0,0,0,0,1,11.341235600411892
staged_manifest,0,111,1,0,0,1,1,1,0,0,0,0,0,1,11.14689465612173
staged_manifest,0,111,1,0,0,1,1,1,0,0,0,0,0,1,11.446245945990086
staged_manifest,0,89,1,0,0,1,1,1,0,0,0,0,0,1,12.507232837378979
staged_manifest,0,102,1,0,0,1,1,1,0,0,0,0,0,1,4.2262449860572815
staged_manifest,0,90,1,0,0,1,1,1,0,0,0,0,0,1,14.888479374349117
staged_manifest,0,105,1,0,0,1,1,1,0,0,0,0,0,1,15.364933758974075
staged_manifest,0,55,1,0,0,1,1,1,0,0,0,0,0,1,25.784078054130077
staged_manifest,0,22,1,0,0,1,1,1,0,0,0,0,0,1,12.898426502943039
staged_manifest,0,45,1,0,0,1,1,1,0,0,0,0,0,1,12.428056448698044
staged_manifest,0,99,1,0,0,1,1,1,0,0,0,0,0,1,11.999384500086308
staged_manifest,0,10,1,0,0,1,1,1,0,0,0,0,0,1,11.794153600931168
staged_manifest,0,116,1,0,0,1,1,1,0,0,0,0,0,1,21.019646897912025
staged_manifest,0,39,1,0,0,1,1,1,0,0,0,0,0,1,27.610650286078453
staged_manifest,0,36,1,0,0,1,1,1,0,0,0,0,0,1,17.267384566366673
staged_manifest,0,127,1,0,0,1,1,1,0,0,0,0,0,1,37.91071102023125
staged_manifest,0,99,1,0,0,1,1,1,0,0,0,0,0,1,11.693261563777924
staged_manifest,0,121,1,0,0,1,1,1,0,0,0,0,0,1,11.564684100449085
staged_manifest,0,111,1,0,0,1,1,1,0,0,0,0,0,1,11.767304502427578
staged_manifest,0,93,1,0,0,1,1,1,0,0,0,0,0,1,11.504958383738995
staged_manifest,0,127,1,0,0,1,1,1,0,0,0,0,0,1,11.899085715413094
staged_manifest,0,61,1,0,0,1,1,1,0,0,0,0,0,1,11.747718788683414
staged_manifest,0,104,1,0,0,1,1,1,0,0,0,0,0,1,12.201091274619102
staged_manifest,0,62,1,0,0,1,1,1,0,0,0,0,0,1,12.188293039798737
staged_manifest,0,28,1,0,0,1,1,1,0,0,0,0,0,1,12.21098005771637
staged_manifest,0,3,2,1,0,,,,0,0,0,0,0,1,20.20194474607706
staged_manifest,0,12,1,0,0,1,1,1,0,0,0,0,0,1,27.280638925731182
staged_manifest,0,111,1,0,0,1,1,1,0,0,0,0,0,1,33.87821838259697
staged_manifest,0,112,1,0,0,1,1,1,0,0,0,0,0,1,12.943786568939686
staged_manifest,0,55,1,0,0,1,1,1,0,0,0,0,0,1,12.230649590492249
staged_manifest,0,12,1,0,0,1,1,1,0,0,0,0,0,1,11.554047465324402
staged_manifest,0,111,1,0,0,1,1,1,0,0,0,0,0,1,11.687427759170532
staged_manifest,0,70,1,0,0,1,1,1,0,0,0,0,0,1,12.097720056772232
staged_manifest,0,72,1,0,0,1,1,1,0,0,0,0,0,1,12.536871246993542
staged_manifest,0,121,1,0,0,1,1,1,0,0,0,0,0,1,12.681234627962112
staged_manifest,0,46,1,0,0,1,1,1,0,0,0,0,0,1,13.05744331330061
staged_manifest,0,111,1,0,0,1,1,1,0,0,0,0,0,1,13.032566756010056
staged_manifest,0,5,1,0,0,1,1,1,0,0,0,0,0,1,12.849108316004276
staged_manifest,0,99,2,0,0,2,2,2,0,0,0,0,0,1,12.511102482676506
staged_manifest,0,36,2,0,0,2,2,2,0,0,0,0,0,1,19.324883818626404
staged_manifest,0,22,2,0,0,2,2,2,0,0,0,0,0,1,29.94026057422161
staged_manifest,0,99,2,0,0,2,2,2,0,0,0,0,0,1,29.474835842847824
staged_manifest,0,114,2,0,0,2,2,2,0,0,0,0,0,1,11.326579377055168
staged_manifest,0,118,1,0,0,1,1,1,0,0,0,0,0,1,11.655035428702831
staged_manifest,0,89,2,0,0,2,2,2,0,0,0,0,0,1,11.86501607298851
staged_manifest,0,121,2,0,0,2,2,2,0,0,0,0,0,0,11.485514231026173
staged_manifest,0,99,2,0,0,2,2,2,0,0,0,0,0,0,11.944931000471115
staged_manifest,0,99,2,0,0,2,2,2,0,0,0,0,0,0,11.95717416703701
staged_manifest,0,1,2,0,0,2,2,2,0,0,0,0,0,0,11.507367715239525
staged_manifest,0,12,2,0,0,2,2,2,0,0,0,0,0,0,11.395399458706379
staged_manifest,0,121,2,0,0,2,2,2,0,0,0,0,0,1,12.19328586012125
staged_manifest,0,36,2,0,0,2,2,2,0,0,0,0,0,1,12.718160636723042
staged_manifest,0,1,2,0,0,2,2,2,0,0,0,0,0,1,12.700904160737991
staged_manifest,0,13,2,0,0,2,2,2,0,0,0,0,0,1,12.068971060216427
staged_manifest,0,94,1,0,0,1,1,1,0,0,0,0,0,1,12.137729674577713
staged_manifest,0,106,1,0,0,1,1,1,0,0,0,0,0,1,12.18093279749155
staged_manifest,0,94,1,0,0,1,1,1,0,0,0,0,0,1,11.892816051840782
staged_manifest,0,70,1,0,0,1,1,1,0,0,0,0,0,1,12.135770171880722
staged_manifest,0,53,1,0,0,1,1,1,0,0,0,0,0,1,12.154459953308105
staged_manifest,0,70,1,0,0,1,1,1,0,0,0,0,0,1,11.322783306241035
staged_manifest,0,70,1,0,0,1,1,1,0,0,0,0,0,1,11.601535603404045
staged_manifest,0,94,1,0,0,1,1,1,0,0,0,0,0,1,11.556997895240784
staged_manifest,0,68,1,0,0,1,1,1,0,0,0,0,0,1,11.58813200891018
staged_manifest,0,106,1,0,0,1,1,1,0,0,0,0,0,1,11.669219471514225
staged_manifest,0,105,1,0,0,1,1,1,0,0,0,0,0,1,11.467868462204933
staged_manifest,0,106,1,0,0,1,1,1,0,0,0,0,0,1,27.494591660797596
staged_manifest,0,110,1,0,0,1,1,1,0,0,0,0,0,1,22.204197011888027
staged_manifest,0,56,1,0,0,1,1,1,0,0,0,0,0,1,28.284034691751003
staged_manifest,0,5,2,0,0,2,2,2,0,0,0,0,0,1,34.89855583757162
staged_manifest,0,29,1,0,0,1,1,1,0,0,0,0,0,1,11.86766754835844
staged_manifest,0,30,1,0,0,1,1,1,0,0,0,0,0,1,12.005138210952282
staged_manifest,0,53,1,0,0,1,1,1,0,0,0,0,0,1,12.38110102713108
staged_manifest,0,87,1,0,0,1,1,1,0,0,0,0,0,1,12.431073933839798
staged_manifest,0,121,2,0,0,2,2,2,0,0,0,0,0,1,12.258278205990791
staged_manifest,0,25,1,0,0,1,1,1,0,0,0,0,0,1,12.388363480567932
staged_manifest,0,25,1,0,0,1,1,1,0,0,0,0,0,1,12.223102152347565
staged_manifest,0,110,1,0,0,1,1,1,0,0,0,0,0,1,12.726468965411186
staged_manifest,0,69,1,0,0,1,1,1,0,0,0,0,0,1,12.999337166547775
staged_manifest,0,23,1,0,0,1,1,1,0,0,0,0,0,1,13.060099445283413
staged_manifest,0,4,1,0,0,1,1,1,0,0,0,0,0,1,20.40514163672924
staged_manifest,0,44,1,0,0,1,1,1,0,0,0,0,0,1,35.14948766678572
staged_manifest,0,94,1,0,0,1,1,1,0,0,0,0,0,1,30.891974456608295
staged_manifest,0,98,1,0,0,1,1,1,0,0,0,0,0,1,37.5470332801342
staged_manifest,0,101,1,0,0,1,1,1,0,0,0,0,0,1,11.346619576215744
staged_manifest,0,71,1,0,0,1,1,1,0,0,0,0,0,1,12.176222167909145
staged_manifest,0,106,1,0,0,1,1,1,0,0,0,0,0,1,11.903233826160431
staged_manifest,0,27,1,0,0,1,1,1,0,0,0,0,0,1,12.138512916862965
staged_manifest,0,15,1,0,0,1,1,1,0,0,0,0,0,1,11.61608099937439
staged_manifest,0,106,1,0,0,1,1,1,0,0,0,0,0,1,11.835717596113682
staged_manifest,0,108,1,0,0,1,1,1,0,0,0,0,0,1,11.780527420341969
staged_manifest,0,65,1,0,0,1,1,1,0,0,0,0,0,1,11.604579165577888
staged_manifest,0,106,1,0,0,1,1,1,0,0,0,0,0,1,11.508537456393242
staged_manifest,0,34,1,0,0,1,1,1,0,0,0,0,0,1,11.151203885674477
staged_manifest,0,32,2,0,0,2,2,2,0,0,0,0,0,1,30.24419490247965
staged_manifest,0,119,1,0,0,1,1,1,0,0,0,0,0,1,30.302741564810276
staged_manifest,0,78,1,0,0,1,1,1,0,0,0,0,0,1,30.962768010795116
staged_manifest,0,105,2,0,0,2,2,2,0,0,0,0,0,1,30.38983140140772
staged_manifest,0,84,1,0,0,1,1,1,0,0,0,0,0,1,12.663795612752438
staged_manifest,0,20,2,0,0,2,2,2,0,0,0,0,0,1,12.413986027240753
staged_manifest,0,101,2,0,0,2,2,2,0,0,0,0,0,1,11.931784451007843
staged_manifest,0,56,2,0,0,2,2,2,0,0,0,0,0,0,11.916713789105415
staged_manifest,0,116,1,0,0,1,1,1,0,0,0,0,0,0,11.858809739351273
staged_manifest,0,31,1,0,0,1,1,1,0,0,0,0,0,0,11.879382655024529
staged_manifest,0,79,2,1,0,,,,0,0,0,0,0,0,11.887471191585064
staged_manifest,0,11,1,0,0,1,1,1,0,0,0,0,0,1,12.100322172045708
staged_manifest,0,93,2,1,0,,,,0,0,0,0,0,1,12.123866006731987
staged_manifest,0,94,2,0,0,2,2,2,0,0,0,0,0,1,11.612538248300552
staged_manifest,0,4,2,0,0,2,2,2,0,0,0,0,0,1,11.570427566766739
staged_manifest,0,25,2,0,0,2,2,2,0,0,0,0,0,1,11.546806432306767
staged_manifest,0,92,1,0,0,1,1,1,0,0,0,0,0,1,11.816158890724182
staged_manifest,0,38,1,0,0,1,1,1,0,0,0,0,0,1,11.875373311340809
staged_manifest,0,16,1,0,0,1,1,1,0,0,0,0,0,1,11.851384304463863
staged_manifest,0,37,1,0,0,1,1,1,0,0,0,0,0,1,11.684843339025974
staged_manifest,0,99,2,0,0,2,2,2,0,0,0,0,0,1,11.510436423122883
staged_manifest,0,80,1,0,0,1,1,1,0,0,0,0,0,1,11.666233651340008
staged_manifest,0,109,1,0,0,1,1,1,0,0,0,0,0,1,11.734195053577423
staged_manifest,0,38,1,0,0,1,1,1,0,0,0,0,0,1,11.584630236029625
staged_manifest,0,25,2,0,0,2,2,2,0,0,0,0,0,1,11.633121408522129
staged_manifest,0,43,1,0,0,1,1,1,0,0,0,0,0,1,30.05301859229803
staged_manifest,0,76,1,0,0,1,1,1,0,0,0,0,0,1,19.228975288569927
staged_manifest,0,16,1,0,0,1,1,1,0,0,0,0,0,1,31.09240159392357
staged_manifest,0,38,1,0,0,1,1,1,0,0,0,0,0,1,38.443656638264656
staged_manifest,0,90,1,0,0,1,1,1,0,0,0,0,0,1,13.712121173739433
staged_manifest,0,63,1,0,0,1,1,1,0,0,0,0,0,1,13.728069141507149
staged_manifest,0,122,1,0,0,1,1,1,0,0,0,0,0,1,13.19640502333641
staged_manifest,0,110,2,0,0,2,2,2,0,0,0,0,0,1,12.667735107243061
staged_manifest,0,90,1,0,0,1,1,1,0,0,0,0,0,1,12.238995172083378
staged_manifest,0,62,1,0,0,1,1,1,0,0,0,0,0,1,11.822044849395752
staged_manifest,0,38,1,0,0,1,1,1,0,0,0,0,0,1,11.509958654642105
staged_manifest,0,38,1,0,0,1,1,1,0,0,0,0,0,1,11.362590827047825
staged_manifest,0,63,1,0,0,1,1,1,0,0,0,0,0,1,12.867411598563194
staged_manifest,0,16,1,0,0,1,1,1,0,0,0,0,0,1,18.718472681939602
staged_manifest,0,84,1,0,0,1,1,1,0,0,0,0,0,1,28.864077292382717
staged_manifest,0,43,1,0,0,1,1,1,0,0,0,0,0,1,29.162750579416752
staged_manifest,0,37,1,0,0,1,1,1,0,0,0,0,0,1,11.488106101751328
staged_manifest,0,85,1,0,0,1,1,1,0,0,0,0,0,1,11.22140884399414
staged_manifest,0,109,1,0,0,1,1,1,0,0,0,0,0,1,11.279832571744919
staged_manifest,0,100,2,0,0,2,2,2,0,0,0,0,0,1,11.432114988565445
staged_manifest,0,113,1,0,0,1,1,1,0,0,0,0,0,1,11.528597213327885
staged_manifest,0,16,1,0,0,1,1,1,0,0,0,0,0,1,11.46363839507103
staged_manifest,0,29,1,0,0,1,1,1,0,0,0,0,0,1,11.658675037324429
staged_manifest,0,63,1,0,0,1,1,1,0,0,0,0,0,1,11.735637672245502
staged_manifest,0,92,2,0,0,2,2,2,0,0,0,0,0,1,14.600750058889389
staged_manifest,0,55,2,0,0,2,2,2,0,0,0,0,0,1,16.177932731807232
staged_manifest,0,55,2,0,0,2,2,2,0,0,0,0,0,1,25.30709095299244
staged_manifest,0,46,2,1,0,,,,0,0,0,0,0,1,31.50323498994112
staged_manifest,0,74,2,0,0,2,2,2,0,0,0,0,0,1,12.69884780049324
staged_manifest,0,63,2,0,0,2,2,2,0,0,0,0,0,1,11.78662944585085
staged_manifest,0,112,1,0,0,1,1,1,0,0,0,0,0,1,11.901387944817543
staged_manifest,0,37,2,0,0,2,2,2,0,0,0,0,0,1,11.806221678853035
staged_manifest,0,109,2,0,0,2,2,2,0,0,0,0,0,0,11.563416570425034
staged_manifest,0,37,2,0,0,2,2,2,0,0,0,0,0,0,11.493182741105556
staged_manifest,0,62,2,0,0,2,2,2,0,0,0,0,0,0,11.52720395475626
staged_manifest,0,95,2,0,0,2,2,2,0,0,0,0,0,0,11.768510565161705
staged_manifest,0,8,1,0,0,1,1,1,0,0,0,0,0,0,11.955597437918186
staged_manifest,0,80,2,0,0,2,2,2,0,0,0,0,0,1,11.900198645889759
staged_manifest,0,80,2,0,0,2,2,2,0,0,0,0,0,1,11.93826925009489
staged_manifest,0,18,1,0,0,1,1,1,0,0,0,0,0,1,11.656478978693485
staged_manifest,0,18,1,0,0,1,1,1,0,0,0,0,0,1,11.725219897925854
staged_manifest,0,78,1,0,0,1,1,1,0,0,0,0,0,1,11.765094473958015
staged_manifest,0,113,1,0,0,1,1,1,0,0,0,0,0,1,11.841543950140476
staged_manifest,0,29,1,0,0,1,1,1,0,0,0,0,0,1,11.759293265640736
staged_manifest,0,4,2,0,0,2,2,2,0,0,0,0,0,1,11.750079691410065
staged_manifest,0,60,2,0,0,2,2,2,0,0,0,0,0,1,12.704714201390743
staged_manifest,0,29,1,0,0,1,1,1,0,0,0,0,0,1,13.259772211313248
staged_manifest,0,91,1,0,0,1,1,1,0,0,0,0,0,1,13.415411114692688
staged_manifest,0,18,1,0,0,1,1,1,0,0,0,0,0,1,12.616636231541634
staged_manifest,0,21,1,0,0,1,1,1,0,0,0,0,0,1,12.706054374575615
staged_manifest,0,61,1,0,0,1,1,1,0,0,0,0,0,1,12.300891801714897
staged_manifest,0,113,1,0,0,1,1,1,0,0,0,0,0,1,12.170664966106415
staged_manifest,0,78,1,0,0,1,1,1,0,0,0,0,0,1,12.076652608811855
staged_manifest,0,61,1,0,0,1,1,1,0,0,0,0,0,1,24.654872715473175
staged_manifest,0,2,1,0,0,1,1,1,0,0,0,0,0,1,24.327274411916733
staged_manifest,0,78,1,0,0,1,1,1,0,0,0,0,0,1,34.922776743769646
staged_manifest,0,39,1,0,0,1,1,1,0,0,0,0,0,1,23.506569676101208
staged_manifest,0,39,1,0,0,1,1,1,0,0,0,0,0,1,11.723647825419903
staged_manifest,0,91,1,0,0,1,1,1,0,0,0,0,0,1,11.669284664094448
staged_manifest,0,2,1,0,0,1,1,1,0,0,0,0,0,1,11.676479130983353
staged_manifest,0,115,2,1,0,,,,0,0,0,0,0,1,11.48061454296112
staged_manifest,0,126,1,0,0,1,1,1,0,0,0,0,0,1,10.915368795394897
staged_manifest,0,65,1,0,0,1,1,1,0,0,0,0,0,1,11.75869069993496
staged_manifest,0,112,1,0,0,1,1,1,0,0,0,0,0,1,11.681686155498028
staged_manifest,0,113,1,0,0,1,1,1,0,0,0,0,0,1,11.510539799928665
staged_manifest,0,78,1,0,0,1,1,1,0,0,0,0,0,1,11.118263006210327
staged_manifest,0,91,1,0,0,1,1,1,0,0,0,0,0,1,11.471981182694435
staged_manifest,0,39,1,0,0,1,1,1,0,0,0,0,0,1,11.007149703800678
staged_manifest,0,39,1,0,0,1,1,1,0,0,0,0,0,1,11.699574999511242
staged_manifest,0,21,1,0,0,1,1,1,0,0,0,0,0,1,11.346543207764626
staged_manifest,0,120,1,0,0,1,1,1,0,0,0,0,0,1,15.261962078511715
staged_manifest,0,31,1,0,0,1,1,1,0,0,0,0,0,1,25.318910367786884
staged_manifest,0,21,1,0,0,1,1,1,0,0,0,0,0,1,25.20067524164915
staged_manifest,0,2,1,0,0,1,1,1,0,0,0,0,0,1,22.35745545476675
staged_manifest,0,117,1,0,0,1,1,1,0,0,0,0,0,1,11.82713732123375
staged_manifest,0,39,1,0,0,1,1,1,0,0,0,0,0,1,11.744384653866291
staged_manifest,0,27,1,0,0,1,1,1,0,0,0,0,0,1,11.876791715621948
staged_manifest,0,21,1,0,0,1,1,1,0,0,0,0,0,1,11.29151787608862
staged_manifest,0,76,1,0,0,1,1,1,0,0,0,0,0,1,12.396140955388546
staged_manifest,0,65,1,0,0,1,1,1,0,0,0,0,0,1,12.301878072321415
staged_manifest,0,42,1,0,0,1,1,1,0,0,0,0,0,1,12.796378694474697
staged_manifest,0,2,1,0,0,1,1,1,0,0,0,0,0,1,12.559625320136547
staged_manifest,0,92,2,0,0,2,2,2,0,0,0,0,0,1,12.2712142765522
staged_manifest,0,69,1,0,0,1,1,1,0,0,0,0,0,1,12.133431620895863
staged_manifest,0,43,2,0,0,2,2,2,0,0,0,0,0,1,11.990074999630451
staged_manifest,0,2,2,0,0,2,2,2,0,0,0,0,0,1,14.901959337294102
staged_manifest,0,29,2,0,0,2,2,2,0,0,0,0,0,1,21.68662566691637
staged_manifest,0,17,1,0,0,1,1,1,0,0,0,0,0,1,28.443563729524612
staged_manifest,0,10,2,1,0,,,,0,0,0,0,0,1,21.362682804465294
staged_manifest,0,55,2,0,0,2,2,2,0,0,0,0,0,1,11.546306312084198
staged_manifest,0,39,2,0,0,2,2,2,0,0,0,0,0,1,11.158476583659649
staged_manifest,0,91,2,1,0,,,,0,0,0,0,0,1,11.247401125729084
staged_manifest,0,91,2,1,0,,,,0,0,0,0,0,1,11.893651448190212
staged_manifest,0,61,2,0,0,2,2,2,0,0,0,0,0,1,12.006819248199463
staged_manifest,0,50,2,0,0,2,2,2,0,0,0,0,0,1,11.663132347166538
staged_manifest,0,21,2,0,0,2,2,2,0,0,0,0,0,1,11.657390743494034
staged_manifest,0,34,2,0,0,2,2,2,0,0,0,0,0,0,11.495825834572315
staged_manifest,0,2,2,0,0,2,2,2,0,0,0,0,0,0,11.000409722328186
staged_manifest,0,36,2,0,0,2,2,2,0,0,0,0,0,0,11.512402445077896
staged_manifest,0,31,1,0,0,1,1,1,0,0,0,0,0,0,12.544190511107445
staged_manifest,0,39,2,0,0,2,2,2,0,0,0,0,0,1,12.764379382133484
staged_manifest,0,10,2,1,0,,,,0,0,0,0,0,1,13.036182150244713
staged_manifest,0,78,2,0,0,2,2,2,0,0,0,0,0,1,13.582734391093254
staged_manifest,0,99,2,0,0,2,2,2,0,0,0,0,0,1,13.29257432371378
staged_manifest,0,11,1,0,0,1,1,1,0,0,0,0,0,1,13.715455308556557
staged_manifest,0,26,2,0,0,2,2,2,0,0,0,0,0,1,13.396462425589561
staged_manifest,0,30,2,0,0,2,2,2,0,0,0,0,0,1,13.919839635491371
staged_manifest,0,69,1,0,0,1,1,1,0,0,0,0,0,1,13.769673183560371
staged_manifest,0,19,1,0,0,1,1,1,0,0,0,0,0,1,13.011934235692024
staged_manifest,0,19,1,0,0,1,1,1,0,0,0,0,0,1,12.445114552974701
staged_manifest,0,68,1,0,0,1,1,1,0,0,0,0,0,1,12.069243006408215
staged_manifest,0,45,1,0,0,1,1,1,0,0,0,0,0,1,11.973689310252666
staged_manifest,0,71,1,0,0,1,1,1,0,0,0,0,0,1,11.917384341359138
staged_manifest,0,19,1,0,0,1,1,1,0,0,0,0,0,1,12.286059558391571
staged_manifest,0,102,1,0,0,1,1,1,0,0,0,0,0,1,12.221821583807468
staged_manifest,0,118,1,0,0,1,1,1,0,0,0,0,0,1,11.95480115711689
staged_manifest,0,57,1,0,0,1,1,1,0,0,0,0,0,1,20.86762059479952
staged_manifest,0,107,1,0,0,1,1,1,0,0,0,0,0,1,30.40278237313032
staged_manifest,0,99,2,0,0,2,2,2,0,0,0,0,0,1,19.26312316209078
staged_manifest,0,57,1,0,0,1,1,1,0,0,0,0,0,1,34.0086268261075
staged_manifest,0,55,2,0,0,2,2,2,0,0,0,0,0,1,11.243359185755253
staged_manifest,0,19,1,0,0,1,1,1,0,0,0,0,0,1,11.62874698638916
staged_manifest,0,88,1,0,0,1,1,1,0,0,0,0,0,1,11.456307955086231
staged_manifest,0,57,1,0,0,1,1,1,0,0,0,0,0,1,11.216971091926098
staged_manifest,0,93,2,1,0,,,,0,0,0,0,0,1,12.182550504803658
staged_manifest,0,119,1,0,0,1,1,1,0,0,0,0,0,1,12.032981961965561
staged_manifest,0,79,2,1,0,,,,0,0,0,0,0,1,12.067173607647419
staged_manifest,0,6,1,0,0,1,1,1,0,0,0,0,0,1,12.023291550576687
staged_manifest,0,109,2,0,0,2,2,2,0,0,0,0,0,1,11.956962756812572
staged_manifest,0,117,1,0,0,1,1,1,0,0,0,0,0,1,11.839152313768864
staged_manifest,0,14,1,0,0,1,1,1,0,0,0,0,0,1,16.355428844690323
staged_manifest,0,117,1,0,0,1,1,1,0,0,0,0,0,1,17.000924795866013
staged_manifest,0,80,2,0,0,2,2,2,0,0,0,0,0,1,17.493750900030136
staged_manifest,0,7,1,0,0,1,1,1,0,0,0,0,0,1,28.55715248733759
staged_manifest,0,45,1,0,0,1,1,1,0,0,0,0,0,1,16.717201098799706
staged_manifest,0,11,1,0,0,1,1,1,0,0,0,0,0,1,26.64093393832445
staged_manifest,0,56,2,0,0,2,2,2,0,0,0,0,0,1,26.389801874756813
staged_manifest,0,119,1,0,0,1,1,1,0,0,0,0,0,1,12.286520563066006
staged_manifest,0,100,2,0,0,2,2,2,0,0,0,0,0,1,12.176375836133957
staged_manifest,0,118,1,0,0,1,1,1,0,0,0,0,0,1,12.302159331738949
staged_manifest,0,61,2,0,0,2,2,2,0,0,0,0,0,1,12.959602288901806
staged_manifest,0,117,1,0,0,1,1,1,0,0,0,0,0,1,13.02474457770586
staged_manifest,0,6,1,0,0,1,1,1,0,0,0,0,0,1,13.236074708402157
staged_manifest,0,57,1,0,0,1,1,1,0,0,0,0,0,1,13.409161940217018
staged_manifest,0,14,1,0,0,1,1,1,0,0,0,0,0,1,13.019469566643238
staged_manifest,0,7,1,0,0,1,1,1,0,0,0,0,0,1,12.445200234651566
staged_manifest,0,57,1,0,0,1,1,1,0,0,0,0,0,1,12.26233970373869
staged_manifest,0,57,2,0,0,2,2,2,0,0,0,0,0,1,15.283276326954365
staged_manifest,0,11,2,0,0,2,2,2,0,0,0,0,0,1,15.69247804582119
staged_manifest,0,6,2,0,0,2,2,2,0,0,0,0,0,1,25.438242591917515
staged_manifest,0,57,2,0,0,2,2,2,0,0,0,0,0,1,31.574041582643986
staged_manifest,0,118,2,0,0,2,2,2,0,0,0,0,0,1,12.183894403278828
staged_manifest,0,80,2,0,0,2,2,2,0,0,0,0,0,1,12.185533531010151
staged_manifest,0,11,2,0,0,2,2,2,0,0,0,0,0,1,12.5746950507164
staged_manifest,0,47,1,0,0,1,1,1,0,0,0,0,0,1,12.374741956591606
staged_manifest,0,117,2,0,0,2,2,2,0,0,0,0,0,1,12.074102647602558
staged_manifest,0,14,2,1,0,,,,0,0,0,0,0,1,11.74947340041399
staged_manifest,0,69,2,0,0,2,2,2,0,0,0,0,0,1,11.312003247439861
staged_manifest,0,118,2,0,0,2,2,2,0,0,0,0,0,1,11.040803045034409
staged_manifest,0,19,2,0,0,2,2,2,0,0,0,0,0,0,11.203686706721783
staged_manifest,0,11,2,0,0,2,2,2,0,0,0,0,0,0,11.589065194129944
staged_manifest,0,57,2,0,0,2,2,2,0,0,0,0,0,0,12.01367937028408
staged_manifest,0,117,2,0,0,2,2,2,0,0,0,0,0,0,11.636124923825264
staged_manifest,0,7,2,0,0,2,2,2,0,0,0,0,0,1,11.925124563276768
staged_manifest,0,71,2,0,0,2,2,2,0,0,0,0,0,1,11.472603306174278
staged_manifest,0,68,2,0,0,2,2,2,0,0,0,0,0,1,11.156171560287476
staged_manifest,0,22,2,0,0,2,2,2,0,0,0,0,0,1,11.893682181835175
staged_manifest,0,18,2,0,0,2,2,2,0,0,0,0,0,1,12.116186320781708
staged_manifest,0,27,1,0,0,1,1,1,0,0,0,0,0,1,11.83329802006483
staged_manifest,0,66,1,0,0,1,1,1,0,0,0,0,0,1,12.363461777567863
staged_manifest,0,122,2,0,0,2,2,2,0,0,0,0,0,1,12.116054072976112
staged_manifest,0,82,1,0,0,1,1,1,0,0,0,0,0,1,12.020938098430634
staged_manifest,0,107,1,0,0,1,1,1,0,0,0,0,0,1,12.157706543803215
staged_manifest,0,120,1,0,0,1,1,1,0,0,0,0,0,1,12.16399297118187
staged_manifest,0,44,1,0,0,1,1,1,0,0,0,0,0,1,12.192421592772007
staged_manifest,0,82,1,0,0,1,1,1,0,0,0,0,0,1,12.710721231997013
staged_manifest,0,95,2,0,0,2,2,2,0,0,0,0,0,1,12.418322265148163
staged_manifest,0,107,1,0,0,1,1,1,0,0,0,0,0,1,12.846717610955238
staged_manifest,0,42,1,0,0,1,1,1,0,0,0,0,0,1,13.045920990407467
staged_manifest,0,66,1,0,0,1,1,1,0,0,0,0,0,1,19.959351047873497
staged_manifest,0,5,2,0,0,2,2,2,0,0,0,0,0,1,15.488819219172
staged_manifest,0,17,1,0,0,1,1,1,0,0,0,0,0,1,30.230579897761345
staged_manifest,0,73,1,0,0,1,1,1,0,0,0,0,0,1,36.53735853731632
staged_manifest,0,57,2,0,0,2,2,2,0,0,0,0,0,1,11.515782214701176
staged_manifest,0,98,1,0,0,1,1,1,0,0,0,0,0,1,11.37743704020977
staged_manifest,0,84,1,0,0,1,1,1,0,0,0,0,0,1,11.569618247449398
staged_manifest,0,98,1,0,0,1,1,1,0,0,0,0,0,1,11.381898075342178
staged_manifest,0,55,2,0,0,2,2,2,0,0,0,0,0,1,10.88615506887436
staged_manifest,0,66,1,0,0,1,1,1,0,0,0,0,0,1,11.349797248840332
staged_manifest,0,17,1,0,0,1,1,1,0,0,0,0,0,1,11.720588430762291
staged_manifest,0,66,1,0,0,1,1,1,0,0,0,0,0,1,11.502665467560291
staged_manifest,0,42,1,0,0,1,1,1,0,0,0,0,0,1,12.354259379208088
staged_manifest,0,27,1,0,0,1,1,1,0,0,0,0,0,1,19.1264720633626
staged_manifest,0,125,1,0,0,1,1,1,0,0,0,0,0,1,15.066485852003098
staged_manifest,0,98,1,0,0,1,1,1,0,0,0,0,0,1,29.07545305788517
staged_manifest,0,116,1,0,0,1,1,1,0,0,0,0,0,1,25.362825952470303
staged_manifest,0,8,1,0,0,1,1,1,0,0,0,0,0,1,11.325282976031303
staged_manifest,0,17,1,0,0,1,1,1,0,0,0,0,0,1,11.262482963502407
staged_manifest,0,14,2,1,0,,,,0,0,0,0,0,1,11.813136748969555
staged_manifest,0,120,1,0,0,1,1,1,0,0,0,0,0,1,11.824623681604862
staged_manifest,0,66,1,0,0,1,1,1,0,0,0,0,0,1,11.712058447301388
staged_manifest,0,31,1,0,0,1,1,1,0,0,0,0,0,1,11.185847222805023
staged_manifest,0,98,1,0,0,1,1,1,0,0,0,0,0,1,11.318524368107319
staged_manifest,0,75,1,0,0,1,1,1,0,0,0,0,0,1,10.985145345330238
staged_manifest,0,17,1,0,0,1,1,1,0,0,0,0,0,1,11.734643019735813
staged_manifest,0,82,1,0,0,1,1,1,0,0,0,0,0,1,11.864524334669113
staged_manifest,0,17,1,0,0,1,1,1,0,0,0,0,0,1,12.640060856938362
staged_manifest,0,16,2,0,0,2,2,2,0,0,0,0,0,1,12.076934799551964
staged_manifest,0,30,2,0,0,2,2,2,0,0,0,0,0,1,15.714743174612522
staged_manifest,0,17,2,0,0,2,2,2,0,0,0,0,0,1,15.827053226530552
staged_manifest,0,98,2,0,0,2,2,2,0,0,0,0,0,1,29.096396639943123
staged_manifest,0,42,2,0,0,2,2,2,0,0,0,0,0,1,29.246955178678036
staged_manifest,0,8,2,1,0,,,,0,0,0,0,0,1,12.06853985786438
staged_manifest,0,31,2,0,0,2,2,2,0,0,0,0,0,1,11.891581118106842
staged_manifest,0,31,2,0,0,2,2,2,0,0,0,0,0,1,11.338402517139912
staged_manifest,0,125,2,0,0,2,2,2,0,0,0,0,0,1,11.769154109060764
staged_manifest,0,125,2,0,0,2,2,2,0,0,0,0,0,1,11.862893588840961
staged_manifest,0,71,2,0,0,2,2,2,0,0,0,0,0,1,12.009970843791962
staged_manifest,0,27,2,0,0,2,2,2,0,0,0,0,0,1,11.6864163428545
staged_manifest,0,55,2,0,0,2,2,2,0,0,0,0,0,1,12.059887871146202
staged_manifest,0,120,2,0,0,2,2,2,0,0,0,0,0,0,12.14464008808136
staged_manifest,0,8,2,1,0,,,,0,0,0,0,0,0,12.152493931353092
staged_manifest,0,125,2,0,0,2,2,2,0,0,0,0,0,0,11.653689667582512
staged_manifest,0,25,2,0,0,2,2,2,0,0,0,0,0,0,12.242316268384457
staged_manifest,0,84,2,0,0,2,2,2,0,0,0,0,0,0,12.401713989675045
staged_manifest,0,98,2,0,0,2,2,2,0,0,0,0,0,1,12.11100909858942
staged_manifest,0,8,2,1,0,,,,0,0,0,0,0,1,11.937436647713184
staged_manifest,0,8,2,1,0,,,,0,0,0,0,0,1,11.942173354327679
staged_manifest,0,83,1,0,0,1,1,1,0,0,0,0,0,1,11.856245808303356
staged_manifest,0,35,1,0,0,1,1,1,0,0,0,0,0,1,11.907764710485935
staged_manifest,0,86,1,0,0,1,1,1,0,0,0,0,0,1,12.466336600482464
staged_manifest,0,85,1,0,0,1,1,1,0,0,0,0,0,1,12.303628958761692
staged_manifest,0,86,1,0,0,1,1,1,0,0,0,0,0,1,12.866044417023659
staged_manifest,0,77,1,0,0,1,1,1,0,0,0,0,0,1,15.510804951190948
staged_manifest,0,40,1,0,0,1,1,1,0,0,0,0,0,1,15.811285004019737
staged_manifest,0,17,2,0,0,2,2,2,0,0,0,0,0,1,27.27497462183237
staged_manifest,0,67,1,0,0,1,1,1,0,0,0,0,0,1,29.79769930243492
staged_manifest,0,97,1,0,0,1,1,1,0,0,0,0,0,1,17.401832155883312
staged_manifest,0,87,1,0,0,1,1,1,0,0,0,0,0,1,31.358773820102215
staged_manifest,0,47,1,0,0,1,1,1,0,0,0,0,0,1,12.034137733280659
staged_manifest,0,85,1,0,0,1,1,1,0,0,0,0,0,1,11.625018902122974
staged_manifest,0,67,1,0,0,1,1,1,0,0,0,0,0,1,11.604346334934235
staged_manifest,0,87,1,0,0,1,1,1,0,0,0,0,0,1,11.569490656256676
staged_manifest,0,73,2,0,0,2,2,2,0,0,0,0,0,1,11.515903286635876
staged_manifest,0,67,1,0,0,1,1,1,0,0,0,0,0,1,11.495241895318031
staged_manifest,0,97,1,0,0,1,1,1,0,0,0,0,0,1,11.77893951535225
staged_manifest,0,108,1,0,0,1,1,1,0,0,0,0,0,1,12.095469981431961
staged_manifest,0,97,1,0,0,1,1,1,0,0,0,0,0,1,19.47695668786764
staged_manifest,0,43,2,0,0,2,2,2,0,0,0,0,0,1,19.349975511431694
staged_manifest,0,28,2,0,0,2,2,2,0,0,0,0,0,1,28.752812184393406
staged_manifest,0,108,1,0,0,1,1,1,0,0,0,0,0,1,22.210389375686646
staged_manifest,0,20,2,0,0,2,2,2,0,0,0,0,0,1,11.559238657355309
staged_manifest,0,108,1,0,0,1,1,1,0,0,0,0,0,1,11.886866763234138
staged_manifest,0,87,1,0,0,1,1,1,0,0,0,0,0,1,12.613825500011444
staged_manifest,0,20,2,0,0,2,2,2,0,0,0,0,0,1,12.461964972317219
staged_manifest,0,0,1,0,0,1,1,1,0,0,0,0,0,1,12.521842494606972
staged_manifest,0,47,1,0,0,1,1,1,0,0,0,0,0,1,11.844363063573837
staged_manifest,0,108,1,0,0,1,1,1,0,0,0,0,0,1,11.640211567282677
staged_manifest,0,85,1,0,0,1,1,1,0,0,0,0,0,1,11.352639645338058
staged_manifest,0,115,2,1,0,,,,0,0,0,0,0,1,11.325456202030182
staged_manifest,0,0,1,0,0,1,1,1,0,0,0,0,0,1,11.54159102588892
staged_manifest,0,85,1,0,0,1,1,1,0,0,0,0,0,1,10.707627981901169
staged_manifest,0,102,1,0,0,1,1,1,0,0,0,0,0,1,11.501194909214973
staged_manifest,0,116,2,1,0,,,,0,0,0,0,0,1,17.87648070603609
staged_manifest,0,85,2,0,0,2,2,2,0,0,0,0,0,1,15.566076152026653
staged_manifest,0,98,2,0,0,2,2,2,0,0,0,0,0,1,27.643519453704357
staged_manifest,0,86,2,0,0,2,2,2,0,0,0,0,0,1,24.33121483772993
staged_manifest,0,59,2,0,0,2,2,2,0,0,0,0,0,1,11.443482711911201
staged_manifest,0,108,2,0,0,2,2,2,0,0,0,0,0,1,11.713466607034206
staged_manifest,0,83,2,0,0,2,2,2,0,0,0,0,0,1,11.424621567130089
staged_manifest,0,113,2,0,0,2,2,2,0,0,0,0,0,1,11.729241348803043
staged_manifest,0,86,2,0,0,2,2,2,0,0,0,0,0,1,11.570388451218605
staged_manifest,0,0,2,0,0,2,2,2,0,0,0,0,0,1,11.3106993958354
staged_manifest,0,99,2,0,0,2,2,2,0,0,0,0,0,1,11.988598853349686
staged_manifest,0,119,2,0,0,2,2,2,0,0,0,0,0,0,11.383586563169956
staged_manifest,0,67,2,1,0,,,,0,0,0,0,0,0,11.307855136692524
staged_manifest,0,83,2,0,0,2,2,2,0,0,0,0,0,0,11.444495059549809
staged_manifest,0,54,2,0,0,2,2,2,0,0,0,0,0,0,11.862843297421932
staged_manifest,0,38,2,1,0,,,,0,0,0,0,0,0,11.884386651217937
staged_manifest,0,69,2,0,0,2,2,2,0,0,0,0,0,0,11.395564302802086
staged_manifest,0,47,2,0,0,2,2,2,0,0,0,0,0,0,12.488418258726597
staged_manifest,0,102,2,0,0,2,2,2,0,0,0,0,0,0,12.020904570817947
staged_manifest,0,102,2,0,0,2,2,2,0,0,0,0,0,0,12.152295559644699
staged_manifest,0,108,2,0,0,2,2,2,0,0,0,0,0,0,12.642091140151024
staged_manifest,0,83,2,0,0,2,2,2,0,0,0,0,0,0,11.883148923516273
staged_manifest,0,97,2,0,0,2,2,2,0,0,0,0,0,0,11.956957168877125
staged_manifest,0,77,2,1,0,,,,0,0,0,0,0,0,11.659490875899792
staged_manifest,0,87,2,0,0,2,2,2,0,0,0,0,0,0,11.755666695535183
staged_manifest,0,35,2,0,0,2,2,2,0,0,0,0,0,0,11.582434177398682
staged_manifest,0,68,2,0,0,2,2,2,0,0,0,0,0,0,11.749109253287315
staged_manifest,0,108,2,0,0,2,2,2,0,0,0,0,0,0,11.616076342761517
staged_manifest,0,33,2,1,0,,,,0,0,0,0,0,0,11.790835298597813
staged_manifest,0,40,2,1,0,,,,0,0,0,0,0,0,11.566104367375374
staged_manifest,0,67,2,1,0,,,,0,0,0,0,0,0,10.818318463861942
staged_manifest,0,83,2,0,0,2,2,2,0,0,0,0,0,0,11.039309203624725
staged_manifest,0,102,2,0,0,2,2,2,0,0,0,0,0,0,10.749110020697117
staged_manifest,0,40,2,1,0,,,,0,0,0,0,0,0,11.387149803340435
staged_manifest,0,97,2,0,0,2,2,2,0,0,0,0,0,0,11.583678424358368
staged_manifest,0,64,2,1,0,,,,0,0,0,0,0,0,11.12153846770525
staged_manifest,0,116,2,1,0,,,,0,0,0,0,0,0,10.922267101705074
staged_manifest,0,40,2,1,0,,,,0,0,0,0,0,0,11.391335166990757
staged_manifest,0,40,2,1,0,,,,0,0,0,0,0,0,11.32170855998993
staged_manifest,0,85,2,0,0,2,2,2,0,0,0,0,0,0,12.03626673668623
staged_manifest,0,83,2,0,0,2,2,2,0,0,0,0,0,0,11.812266893684864
staged_manifest,0,29,2,0,0,2,2,2,0,0,0,0,0,0,12.176098302006721
staged_manifest,0,111,2,0,0,2,2,2,0,0,0,0,0,0,12.712009251117706
staged_manifest,1,48,1,0,0,1,1,1,0,0,0,0,0,1,3.570801578462124
staged_manifest,1,48,1,0,0,1,1,1,0,0,0,0,0,1,7.060712203383446
staged_manifest,1,41,1,0,0,1,1,1,0,0,0,0,0,1,10.310995392501354
staged_manifest,1,64,1,0,0,1,1,1,0,0,0,0,0,1,13.603249564766884
staged_manifest,1,63,1,0,0,1,1,1,0,0,0,0,0,1,12.361007742583752
staged_manifest,1,26,1,0,0,1,1,1,0,0,0,0,0,1,11.91380899399519
staged_manifest,1,31,1,0,0,1,1,1,0,0,0,0,0,1,11.531305499374866
staged_manifest,1,93,1,0,0,1,1,1,0,0,0,0,0,1,11.863908730447292
staged_manifest,1,31,1,0,0,1,1,1,0,0,0,0,0,1,12.054851278662682
staged_manifest,1,54,1,0,0,1,1,1,0,0,0,0,0,1,12.230253778398037
staged_manifest,1,49,1,0,0,1,1,1,0,0,0,0,0,1,12.413041666150093
staged_manifest,1,49,1,0,0,1,1,1,0,0,0,0,0,1,12.312693521380424
staged_manifest,1,7,1,0,0,1,1,1,0,0,0,0,0,1,14.429615810513496
staged_manifest,1,43,1,0,0,1,1,1,0,0,0,0,0,1,29.674955643713474
staged_manifest,1,120,1,0,0,1,1,1,0,0,0,0,0,1,30.00720776617527
staged_manifest,1,89,1,0,0,1,1,1,0,0,0,0,0,1,39.729601703584194
staged_manifest,1,99,1,0,0,1,1,1,0,0,0,0,0,1,12.467898428440094
staged_manifest,1,50,1,0,0,1,1,1,0,0,0,0,0,1,11.882666498422623
staged_manifest,1,43,1,0,0,1,1,1,0,0,0,0,0,1,11.285119690001011
staged_manifest,1,73,1,0,0,1,1,1,0,0,0,0,0,1,10.93258149921894
staged_manifest,1,124,1,0,0,1,1,1,0,0,0,0,0,1,11.940321885049343
staged_manifest,1,106,1,0,0,1,1,1,0,0,0,0,0,1,11.99311949312687
staged_manifest,1,86,1,0,0,1,1,1,0,0,0,0,0,1,12.881697155535221
staged_manifest,1,99,1,0,0,1,1,1,0,0,0,0,0,1,12.826173566281796
staged_manifest,1,86,1,0,0,1,1,1,0,0,0,0,0,1,31.184466555714607
staged_manifest,1,26,1,0,0,1,1,1,0,0,0,0,0,1,30.070655047893524
staged_manifest,1,14,1,0,0,1,1,1,0,0,0,0,0,1,40.84924887865782
staged_manifest,1,14,1,0,0,1,1,1,0,0,0,0,0,1,33.441340550780296
staged_manifest,1,14,1,0,0,1,1,1,0,0,0,0,0,1,11.60292886197567
staged_manifest,1,8,1,0,0,1,1,1,0,0,0,0,0,1,12.098440900444984
staged_manifest,1,43,1,0,0,1,1,1,0,0,0,0,0,1,12.312674894928932
staged_manifest,1,49,1,0,0,1,1,1,0,0,0,0,0,1,11.972092092037201
staged_manifest,1,67,1,0,0,1,1,1,0,0,0,0,0,1,11.515608057379723
staged_manifest,1,125,1,0,0,1,1,1,0,0,0,0,0,1,11.629730463027954
staged_manifest,1,54,1,0,0,1,1,1,0,0,0,0,0,1,11.10366452485323
staged_manifest,1,36,1,0,0,1,1,1,0,0,0,0,0,1,11.567579582333565
staged_manifest,1,43,1,0,0,1,1,1,0,0,0,0,0,1,11.685715988278389
staged_manifest,1,3,1,0,0,1,1,1,0,0,0,0,0,1,11.900939978659153
staged_manifest,1,72,1,0,0,1,1,1,0,0,0,0,0,1,12.175518088042736
staged_manifest,1,62,1,0,0,1,1,1,0,0,0,0,0,1,12.51685619354248
staged_manifest,1,99,2,0,0,2,2,2,0,0,0,0,0,1,22.338823415338993
staged_manifest,1,67,2,1,0,,,,0,0,0,0,0,1,22.14350923895836
staged_manifest,1,79,2,1,0,,,,0,0,0,0,0,1,18.21038406342268
staged_manifest,1,71,1,0,0,1,1,1,0,0,0,0,0,1,25.0506354495883
staged_manifest,1,87,1,0,0,1,1,1,0,0,0,0,0,1,11.505939066410065
staged_manifest,1,49,2,1,0,,,,0,0,0,0,0,1,11.344379745423794
staged_manifest,1,79,2,1,0,,,,0,0,0,0,0,1,11.413119733333588
staged_manifest,1,126,2,0,0,2,2,2,0,0,0,0,0,1,10.837103240191936
staged_manifest,1,49,2,1,0,,,,0,0,0,0,0,1,11.067201383411884
staged_manifest,1,23,1,0,0,1,1,1,0,0,0,0,0,0,11.660926975309849
staged_manifest,1,36,2,0,0,2,2,2,0,0,0,0,0,0,11.970289051532745
staged_manifest,1,110,1,0,0,1,1,1,0,0,0,0,0,0,11.869139038026333
staged_manifest,1,8,2,0,0,2,2,2,0,0,0,0,0,0,11.794708669185638
staged_manifest,1,54,2,0,0,2,2,2,0,0,0,0,0,0,11.411875486373901
staged_manifest,1,103,1,0,0,1,1,1,0,0,0,0,0,1,11.548477225005627
staged_manifest,1,79,2,1,0,,,,0,0,0,0,0,1,11.56008429825306
staged_manifest,1,118,1,0,0,1,1,1,0,0,0,0,0,1,11.719842441380024
staged_manifest,1,93,1,0,0,1,1,1,0,0,0,0,0,1,11.77317462861538
staged_manifest,1,55,1,0,0,1,1,1,0,0,0,0,0,1,11.11611444503069
staged_manifest,1,21,1,0,0,1,1,1,0,0,0,0,0,1,11.900066398084164
staged_manifest,1,76,1,0,0,1,1,1,0,0,0,0,0,1,12.180164456367493
staged_manifest,1,96,1,0,0,1,1,1,0,0,0,0,0,1,12.132198549807072
staged_manifest,1,51,1,0,0,1,1,1,0,0,0,0,0,1,11.957807466387749
staged_manifest,1,66,1,0,0,1,1,1,0,0,0,0,0,1,11.36809028685093
staged_manifest,1,51,1,0,0,1,1,1,0,0,0,0,0,1,11.632564477622509
staged_manifest,1,96,1,0,0,1,1,1,0,0,0,0,0,1,12.379057705402374
staged_manifest,1,51,1,0,0,1,1,1,0,0,0,0,0,1,28.213294222950935
staged_manifest,1,113,1,0,0,1,1,1,0,0,0,0,0,1,13.63730151206255
staged_manifest,1,97,1,0,0,1,1,1,0,0,0,0,0,1,28.059757314622402
staged_manifest,1,59,1,0,0,1,1,1,0,0,0,0,0,1,35.46924702823162
staged_manifest,1,121,1,0,0,1,1,1,0,0,0,0,0,1,12.151272967457771
staged_manifest,1,66,1,0,0,1,1,1,0,0,0,0,0,1,11.85931358486414
staged_manifest,1,97,1,0,0,1,1,1,0,0,0,0,0,1,11.957949958741665
staged_manifest,1,80,1,0,0,1,1,1,0,0,0,0,0,1,11.353282257914543
staged_manifest,1,66,1,0,0,1,1,1,0,0,0,0,0,1,11.655256152153015
staged_manifest,1,94,1,0,0,1,1,1,0,0,0,0,0,1,11.751190759241581
staged_manifest,1,66,1,0,0,1,1,1,0,0,0,0,0,1,11.443108320236206
staged_manifest,1,88,1,0,0,1,1,1,0,0,0,0,0,1,11.512632481753826
staged_manifest,1,45,1,0,0,1,1,1,0,0,0,0,0,1,22.634342312812805
staged_manifest,1,21,1,0,0,1,1,1,0,0,0,0,0,1,15.754373744130135
staged_manifest,1,4,1,0,0,1,1,1,0,0,0,0,0,1,26.072205044329166
staged_manifest,1,97,1,0,0,1,1,1,0,0,0,0,0,1,25.619253516197205
staged_manifest,1,87,1,0,0,1,1,1,0,0,0,0,0,1,11.773679405450821
staged_manifest,1,4,1,0,0,1,1,1,0,0,0,0,0,1,11.637389659881592
staged_manifest,1,66,1,0,0,1,1,1,0,0,0,0,0,1,11.633484624326229
staged_manifest,1,61,1,0,0,1,1,1,0,0,0,0,0,1,11.630318127572536
staged_manifest,1,26,2,0,0,2,2,2,0,0,0,0,0,1,11.779707856476307
staged_manifest,1,71,1,0,0,1,1,1,0,0,0,0,0,1,12.645243667066097
staged_manifest,1,84,1,0,0,1,1,1,0,0,0,0,0,1,12.899814173579216
staged_manifest,1,113,1,0,0,1,1,1,0,0,0,0,0,1,13.024761341512203
staged_manifest,1,113,1,0,0,1,1,1,0,0,0,0,0,1,12.951613403856754
staged_manifest,1,82,1,0,0,1,1,1,0,0,0,0,0,1,11.336573399603367
staged_manifest,1,4,2,0,0,2,2,2,0,0,0,0,0,1,18.218323588371277
staged_manifest,1,21,2,0,0,2,2,2,0,0,0,0,0,1,28.7278788164258
staged_manifest,1,99,2,0,0,2,2,2,0,0,0,0,0,1,27.828306891024113
staged_manifest,1,116,1,0,0,1,1,1,0,0,0,0,0,1,11.914343573153019
staged_manifest,1,81,2,1,0,,,,0,0,0,0,0,1,11.658423580229282
staged_manifest,1,66,2,0,0,2,2,2,0,0,0,0,0,1,11.75629161298275
staged_manifest,1,71,2,0,0,2,2,2,0,0,0,0,0,1,11.835248209536076
staged_manifest,1,81,2,1,0,,,,0,0,0,0,0,1,12.077721767127514
staged_manifest,1,6,1,0,0,1,1,1,0,0,0,0,0,1,12.260538525879383
staged_manifest,1,118,1,0,0,1,1,1,0,0,0,0,0,0,12.158723548054695
staged_manifest,1,81,2,1,0,,,,0,0,0,0,0,0,11.836127378046513
staged_manifest,1,81,2,1,0,,,,0,0,0,0,0,0,11.577191762626171
staged_manifest,1,89,2,0,0,2,2,2,0,0,0,0,0,0,11.141184717416763
staged_manifest,1,96,2,0,0,2,2,2,0,0,0,0,0,0,11.378119699656963
staged_manifest,1,81,2,1,0,,,,0,0,0,0,0,1,11.703536845743656
staged_manifest,1,66,2,0,0,2,2,2,0,0,0,0,0,1,11.117775924503803
staged_manifest,1,34,1,0,0,1,1,1,0,0,0,0,0,1,11.73423882573843
staged_manifest,1,89,2,0,0,2,2,2,0,0,0,0,0,1,11.737741529941559
staged_manifest,1,42,1,0,0,1,1,1,0,0,0,0,0,1,11.202885769307613
staged_manifest,1,115,1,0,0,1,1,1,0,0,0,0,0,1,11.968466453254223
staged_manifest,1,37,1,0,0,1,1,1,0,0,0,0,0,1,11.969173327088356
staged_manifest,1,42,1,0,0,1,1,1,0,0,0,0,0,1,11.931395158171654
staged_manifest,1,115,1,0,0,1,1,1,0,0,0,0,0,1,12.839245609939098
staged_manifest,1,93,1,0,0,1,1,1,0,0,0,0,0,1,13.469275087118149
staged_manifest,1,37,1,0,0,1,1,1,0,0,0,0,0,1,13.8896144926548
staged_manifest,1,5,1,0,0,1,1,1,0,0,0,0,0,1,9.826631285250187
staged_manifest,1,106,1,0,0,1,1,1,0,0,0,0,0,1,13.164633885025978
staged_manifest,1,94,1,0,0,1,1,1,0,0,0,0,0,1,10.602439753711224
staged_manifest,1,13,1,0,0,1,1,1,0,0,0,0,0,1,28.80830690264702
staged_manifest,1,5,1,0,0,1,1,1,0,0,0,0,0,1,35.93914769589901
staged_manifest,1,42,1,0,0,1,1,1,0,0,0,0,0,1,31.881636939942837
staged_manifest,1,93,1,0,0,1,1,1,0,0,0,0,0,1,11.379620991647243
staged_manifest,1,34,1,0,0,1,1,1,0,0,0,0,0,1,11.768667958676815
staged_manifest,1,70,1,0,0,1,1,1,0,0,0,0,0,1,11.281700804829597
staged_manifest,1,42,1,0,0,1,1,1,0,0,0,0,0,1,11.41638308763504
staged_manifest,1,120,1,0,0,1,1,1,0,0,0,0,0,1,11.536342091858387
staged_manifest,1,110,1,0,0,1,1,1,0,0,0,0,0,1,11.535687372088432
staged_manifest,1,15,1,0,0,1,1,1,0,0,0,0,0,1,11.680765077471733
staged_manifest,1,37,1,0,0,1,1,1,0,0,0,0,0,1,12.241781689226627
staged_manifest,1,115,1,0,0,1,1,1,0,0,0,0,0,1,12.175644747912884
staged_manifest,1,77,1,0,0,1,1,1,0,0,0,0,0,1,11.958783492445946
staged_manifest,1,120,1,0,0,1,1,1,0,0,0,0,0,1,11.350688524544239
staged_manifest,1,108,1,0,0,1,1,1,0,0,0,0,0,1,22.14912325143814
staged_manifest,1,108,1,0,0,1,1,1,0,0,0,0,0,1,15.804458409547806
staged_manifest,1,93,1,0,0,1,1,1,0,0,0,0,0,1,22.0812214538455
staged_manifest,1,93,1,0,0,1,1,1,0,0,0,0,0,1,29.128845781087875
staged_manifest,1,15,1,0,0,1,1,1,0,0,0,0,0,1,13.007326051592827
staged_manifest,1,13,1,0,0,1,1,1,0,0,0,0,0,1,12.985534965991974
staged_manifest,1,61,2,1,0,,,,0,0,0,0,0,1,12.657460756599903
staged_manifest,1,70,1,0,0,1,1,1,0,0,0,0,0,1,12.37829215824604
staged_manifest,1,5,1,0,0,1,1,1,0,0,0,0,0,1,11.85757014900446
staged_manifest,1,17,1,0,0,1,1,1,0,0,0,0,0,1,11.682328768074512
staged_manifest,1,17,1,0,0,1,1,1,0,0,0,0,0,1,11.785820126533508
staged_manifest,1,120,1,0,0,1,1,1,0,0,0,0,0,1,11.063432320952415
staged_manifest,1,41,1,0,0,1,1,1,0,0,0,0,0,1,11.036020703613758
staged_manifest,1,77,1,0,0,1,1,1,0,0,0,0,0,1,10.61205379664898
staged_manifest,1,33,1,0,0,1,1,1,0,0,0,0,0,1,11.02567557245493
staged_manifest,1,13,1,0,0,1,1,1,0,0,0,0,0,1,11.348241940140724
staged_manifest,1,37,2,0,0,2,2,2,0,0,0,0,0,1,12.545952573418617
staged_manifest,1,47,2,0,0,2,2,2,0,0,0,0,0,1,18.417106941342354
staged_manifest,1,125,1,0,0,1,1,1,0,0,0,0,0,1,24.916172958910465
staged_manifest,1,41,2,0,0,2,2,2,0,0,0,0,0,1,31.216884031891823
staged_manifest,1,42,2,0,0,2,2,2,0,0,0,0,0,1,10.83904504776001
staged_manifest,1,77,2,0,0,2,2,2,0,0,0,0,0,1,11.375104077160358
staged_manifest,1,59,2,1,0,,,,0,0,0,0,0,1,11.43721491098404
staged_manifest,1,70,2,1,0,,,,0,0,0,0,0,1,11.39099057763815
staged_manifest,1,5,2,0,0,2,2,2,0,0,0,0,0,1,11.85446698218584
staged_manifest,1,13,2,0,0,2,2,2,0,0,0,0,0,1,11.889389716088772
staged_manifest,1,123,1,0,0,1,1,1,0,0,0,0,0,0,11.89110055565834
staged_manifest,1,108,2,0,0,2,2,2,0,0,0,0,0,0,12.0636485517025
staged_manifest,1,13,2,0,0,2,2,2,0,0,0,0,0,0,11.362428776919842
staged_manifest,1,4,2,0,0,2,2,2,0,0,0,0,0,0,11.373177170753479
staged_manifest,1,127,1,0,0,1,1,1,0,0,0,0,0,0,12.063371017575264
staged_manifest,1,108,2,0,0,2,2,2,0,0,0,0,0,1,12.104909867048264
staged_manifest,1,15,2,0,0,2,2,2,0,0,0,0,0,1,12.595629319548607
staged_manifest,1,77,2,0,0,2,2,2,0,0,0,0,0,1,12.20138929784298
staged_manifest,1,38,1,0,0,1,1,1,0,0,0,0,0,1,12.254138477146626
staged_manifest,1,30,1,0,0,1,1,1,0,0,0,0,0,1,11.793131940066814
staged_manifest,1,116,1,0,0,1,1,1,0,0,0,0,0,1,11.656010523438454
staged_manifest,1,35,1,0,0,1,1,1,0,0,0,0,0,1,11.618009768426418
staged_manifest,1,27,1,0,0,1,1,1,0,0,0,0,0,1,11.741560883820057
staged_manifest,1,59,2,1,0,,,,0,0,0,0,0,1,11.70969009399414
staged_manifest,1,93,2,0,0,2,2,2,0,0,0,0,0,1,11.986230500042439
staged_manifest,1,20,1,0,0,1,1,1,0,0,0,0,0,1,11.83316484093666
staged_manifest,1,44,1,0,0,1,1,1,0,0,0,0,0,1,11.806170456111431
staged_manifest,1,0,1,0,0,1,1,1,0,0,0,0,0,1,12.14265264570713
staged_manifest,1,96,2,0,0,2,2,2,0,0,0,0,0,1,12.375326827168465
staged_manifest,1,42,2,0,0,2,2,2,0,0,0,0,0,1,24.86075833439827
staged_manifest,1,111,1,0,0,1,1,1,0,0,0,0,0,1,31.67654573917389
staged_manifest,1,84,1,0,0,1,1,1,0,0,0,0,0,1,20.16358356922865
staged_manifest,1,2,1,0,0,1,1,1,0,0,0,0,0,1,31.973580829799175
staged_manifest,1,33,1,0,0,1,1,1,0,0,0,0,0,1,12.34318409115076
staged_manifest,1,52,1,0,0,1,1,1,0,0,0,0,0,1,12.310657650232315
staged_manifest,1,64,1,0,0,1,1,1,0,0,0,0,0,1,12.529716826975346
staged_manifest,1,52,1,0,0,1,1,1,0,0,0,0,0,1,12.359820306301117
staged_manifest,1,27,1,0,0,1,1,1,0,0,0,0,0,1,12.612756341695786
staged_manifest,1,20,1,0,0,1,1,1,0,0,0,0,0,1,12.447983026504517
staged_manifest,1,64,1,0,0,1,1,1,0,0,0,0,0,1,12.004473246634007
staged_manifest,1,111,1,0,0,1,1,1,0,0,0,0,0,1,12.35065795481205
staged_manifest,1,20,1,0,0,1,1,1,0,0,0,0,0,1,20.649922080338
staged_manifest,1,35,1,0,0,1,1,1,0,0,0,0,0,1,30.306893400847912
staged_manifest,1,91,1,0,0,1,1,1,0,0,0,0,0,1,31.232116743922234
staged_manifest,1,27,1,0,0,1,1,1,0,0,0,0,0,1,41.16332996636629
staged_manifest,1,9,1,0,0,1,1,1,0,0,0,0,0,1,12.812080793082714
staged_manifest,1,67,2,1,0,,,,0,0,0,0,0,1,12.731030583381653
staged_manifest,1,106,1,0,0,1,1,1,0,0,0,0,0,1,13.075331225991249
staged_manifest,1,76,1,0,0,1,1,1,0,0,0,0,0,1,13.020011596381664
staged_manifest,1,126,2,0,0,2,2,2,0,0,0,0,0,1,12.922797352075577
staged_manifest,1,111,1,0,0,1,1,1,0,0,0,0,0,1,12.984621338546276
staged_manifest,1,91,1,0,0,1,1,1,0,0,0,0,0,1,12.314289808273315
staged_manifest,1,122,1,0,0,1,1,1,0,0,0,0,0,1,12.326318770647049
staged_manifest,1,80,2,0,0,2,2,2,0,0,0,0,0,1,23.79358559846878
staged_manifest,1,106,1,0,0,1,1,1,0,0,0,0,0,1,36.63669340312481
staged_manifest,1,94,2,0,0,2,2,2,0,0,0,0,0,1,36.266954615712166
staged_manifest,1,27,2,0,0,2,2,2,0,0,0,0,0,1,36.39617841690779
staged_manifest,1,94,2,0,0,2,2,2,0,0,0,0,0,1,12.781196273863316
staged_manifest,1,37,2,0,0,2,2,2,0,0,0,0,0,1,15.49755223095417
staged_manifest,1,64,2,0,0,2,2,2,0,0,0,0,0,1,16.12002495676279
staged_manifest,1,90,2,0,0,2,2,2,0,0,0,0,0,1,15.652109868824482
staged_manifest,1,111,2,0,0,2,2,2,0,0,0,0,0,1,14.332404360175133
staged_manifest,1,94,2,0,0,2,2,2,0,0,0,0,0,0,12.202927842736244
staged_manifest,1,91,2,0,0,2,2,2,0,0,0,0,0,0,11.93151343613863
staged_manifest,1,88,2,0,0,2,2,2,0,0,0,0,0,0,11.365211568772793
staged_manifest,1,111,2,0,0,2,2,2,0,0,0,0,0,0,11.692737229168415
staged_manifest,1,111,2,0,0,2,2,2,0,0,0,0,0,0,11.677959933876991
staged_manifest,1,22,2,1,0,,,,0,0,0,0,0,1,12.16079667210579
staged_manifest,1,20,2,0,0,2,2,2,0,0,0,0,0,1,12.138946913182735
staged_manifest,1,94,2,0,0,2,2,2,0,0,0,0,0,1,12.402684427797794
staged_manifest,1,6,1,0,0,1,1,1,0,0,0,0,0,1,11.938879266381264
staged_manifest,1,60,1,0,0,1,1,1,0,0,0,0,0,1,12.154479511082172
staged_manifest,1,2,1,0,0,1,1,1,0,0,0,0,0,1,11.920735239982605
staged_manifest,1,6,1,0,0,1,1,1,0,0,0,0,0,1,11.73337735235691
staged_manifest,1,50,1,0,0,1,1,1,0,0,0,0,0,1,11.711597442626953
staged_manifest,1,60,1,0,0,1,1,1,0,0,0,0,0,1,11.690065264701843
staged_manifest,1,101,1,0,0,1,1,1,0,0,0,0,0,1,11.835237964987755
staged_manifest,1,34,1,0,0,1,1,1,0,0,0,0,0,1,11.581051163375378
staged_manifest,1,101,1,0,0,1,1,1,0,0,0,0,0,1,12.208865024149418
staged_manifest,1,58,1,0,0,1,1,1,0,0,0,0,0,1,11.681830510497093
staged_manifest,1,73,1,0,0,1,1,1,0,0,0,0,0,1,11.198369786143303
staged_manifest,1,73,1,0,0,1,1,1,0,0,0,0,0,1,11.421033181250095
staged_manifest,1,14,2,0,0,2,2,2,0,0,0,0,0,1,11.595157906413078
staged_manifest,1,40,1,0,0,1,1,1,0,0,0,0,0,1,11.792199686169624
staged_manifest,1,109,2,1,0,,,,0,0,0,0,0,1,19.972422160208225
staged_manifest,1,44,1,0,0,1,1,1,0,0,0,0,0,1,26.646397076547146
staged_manifest,1,104,1,0,0,1,1,1,0,0,0,0,0,1,17.610558308660984
staged_manifest,1,46,1,0,0,1,1,1,0,0,0,0,0,1,37.00042422860861
staged_manifest,1,6,1,0,0,1,1,1,0,0,0,0,0,1,12.283461168408394
staged_manifest,1,104,1,0,0,1,1,1,0,0,0,0,0,1,11.91093772649765
staged_manifest,1,63,1,0,0,1,1,1,0,0,0,0,0,1,11.867130175232887
staged_manifest,1,73,1,0,0,1,1,1,0,0,0,0,0,1,11.872760951519012
staged_manifest,1,60,1,0,0,1,1,1,0,0,0,0,0,1,11.75590418279171
staged_manifest,1,73,1,0,0,1,1,1,0,0,0,0,0,1,11.625663377344608
staged_manifest,1,105,1,0,0,1,1,1,0,0,0,0,0,1,11.754036881029606
staged_manifest,1,73,1,0,0,1,1,1,0,0,0,0,0,1,11.859973892569542
staged_manifest,1,65,1,0,0,1,1,1,0,0,0,0,0,1,12.000608257949352
staged_manifest,1,79,2,1,0,,,,0,0,0,0,0,1,12.377538718283176
staged_manifest,1,104,1,0,0,1,1,1,0,0,0,0,0,1,22.788874804973602
staged_manifest,1,104,1,0,0,1,1,1,0,0,0,0,0,1,18.70899461209774
staged_manifest,1,40,1,0,0,1,1,1,0,0,0,0,0,1,18.576910719275475
staged_manifest,1,73,1,0,0,1,1,1,0,0,0,0,0,1,28.993849642574787
staged_manifest,1,62,2,0,0,2,2,2,0,0,0,0,0,1,11.709420941770077
staged_manifest,1,95,1,0,0,1,1,1,0,0,0,0,0,1,11.912607587873936
staged_manifest,1,40,1,0,0,1,1,1,0,0,0,0,0,1,11.453399434685707
staged_manifest,1,73,1,0,0,1,1,1,0,0,0,0,0,1,11.744111776351929
staged_manifest,1,56,1,0,0,1,1,1,0,0,0,0,0,1,11.96313090622425
staged_manifest,1,6,1,0,0,1,1,1,0,0,0,0,0,1,11.332469061017036
staged_manifest,1,117,1,0,0,1,1,1,0,0,0,0,0,1,11.611148715019226
staged_manifest,1,49,2,1,0,,,,0,0,0,0,0,1,12.381298467516899
staged_manifest,1,34,1,0,0,1,1,1,0,0,0,0,0,1,12.14141771197319
staged_manifest,1,6,1,0,0,1,1,1,0,0,0,0,0,1,12.771166861057281
staged_manifest,1,46,1,0,0,1,1,1,0,0,0,0,0,1,12.753152288496494
staged_manifest,1,60,1,0,0,1,1,1,0,0,0,0,0,1,12.147308327257633
staged_manifest,1,32,2,0,0,2,2,2,0,0,0,0,0,1,18.47053039819002
staged_manifest,1,101,2,0,0,2,2,2,0,0,0,0,0,1,18.486016429960728
staged_manifest,1,63,2,1,0,,,,0,0,0,0,0,1,28.67883536964655
staged_manifest,1,101,2,0,0,2,2,2,0,0,0,0,0,1,22.516321390867233
staged_manifest,1,63,2,1,0,,,,0,0,0,0,0,1,12.081258930265903
staged_manifest,1,67,2,1,0,,,,0,0,0,0,0,1,11.605191975831985
staged_manifest,1,60,2,0,0,2,2,2,0,0,0,0,0,1,12.235719710588455
staged_manifest,1,101,2,0,0,2,2,2,0,0,0,0,0,1,12.151953764259815
staged_manifest,1,84,1,0,0,1,1,1,0,0,0,0,0,0,12.19910103827715
staged_manifest,1,73,2,0,0,2,2,2,0,0,0,0,0,0,11.997257359325886
staged_manifest,1,101,2,0,0,2,2,2,0,0,0,0,0,0,12.005515396595001
staged_manifest,1,20,2,0,0,2,2,2,0,0,0,0,0,0,12.002951465547085
staged_manifest,1,47,2,0,0,2,2,2,0,0,0,0,0,1,12.131270952522755
staged_manifest,1,32,2,0,0,2,2,2,0,0,0,0,0,1,12.33203150331974
staged_manifest,1,117,2,0,0,2,2,2,0,0,0,0,0,1,12.041931040585041
staged_manifest,1,124,1,0,0,1,1,1,0,0,0,0,0,1,12.311261147260666
staged_manifest,1,125,1,0,0,1,1,1,0,0,0,0,0,1,11.675070971250534
staged_manifest,1,44,1,0,0,1,1,1,0,0,0,0,0,1,11.207538656890392
staged_manifest,1,48,1,0,0,1,1,1,0,0,0,0,0,1,11.008269153535366
staged_manifest,1,92,1,0,0,1,1,1,0,0,0,0,0,1,10.934779420495033
staged_manifest,1,56,1,0,0,1,1,1,0,0,0,0,0,1,11.388204991817474
staged_manifest,1,25,1,0,0,1,1,1,0,0,0,0,0,1,11.510102078318596
staged_manifest,1,23,1,0,0,1,1,1,0,0,0,0,0,1,12.159544043242931
staged_manifest,1,32,2,0,0,2,2,2,0,0,0,0,0,1,12.417169287800789
staged_manifest,1,11,1,0,0,1,1,1,0,0,0,0,0,1,12.74089515209198
staged_manifest,1,60,2,0,0,2,2,2,0,0,0,0,0,1,12.633982114493847
staged_manifest,1,102,1,0,0,1,1,1,0,0,0,0,0,1,11.999302543699741
staged_manifest,1,87,1,0,0,1,1,1,0,0,0,0,0,1,25.767589919269085
staged_manifest,1,123,1,0,0,1,1,1,0,0,0,0,0,1,22.890912368893623
staged_manifest,1,90,2,0,0,2,2,2,0,0,0,0,0,1,29.589006677269936
staged_manifest,1,106,1,0,0,1,1,1,0,0,0,0,0,1,20.16309555619955
staged_manifest,1,100,1,0,0,1,1,1,0,0,0,0,0,1,12.183353304862976
staged_manifest,1,83,1,0,0,1,1,1,0,0,0,0,0,1,12.197145260870457
staged_manifest,1,44,1,0,0,1,1,1,0,0,0,0,0,1,12.108305469155312
staged_manifest,1,19,1,0,0,1,1,1,0,0,0,0,0,1,12.096107006072998
staged_manifest,1,87,1,0,0,1,1,1,0,0,0,0,0,1,11.728672310709953
staged_manifest,1,50,1,0,0,1,1,1,0,0,0,0,0,1,11.763505637645721
staged_manifest,1,44,1,0,0,1,1,1,0,0,0,0,0,1,11.739416047930717
staged_manifest,1,125,1,0,0,1,1,1,0,0,0,0,0,1,12.67558615654707
staged_manifest,1,69,1,0,0,1,1,1,0,0,0,0,0,1,18.018887378275394
staged_manifest,1,100,1,0,0,1,1,1,0,0,0,0,0,1,24.897933937609196
staged_manifest,1,17,2,0,0,2,2,2,0,0,0,0,0,1,31.884300522506237
staged_manifest,1,22,2,1,0,,,,0,0,0,0,0,1,11.19504775851965
staged_manifest,1,118,1,0,0,1,1,1,0,0,0,0,0,1,11.29051111638546
staged_manifest,1,127,1,0,0,1,1,1,0,0,0,0,0,1,12.023207731544971
staged_manifest,1,106,1,0,0,1,1,1,0,0,0,0,0,1,12.49308418482542
staged_manifest,1,50,1,0,0,1,1,1,0,0,0,0,0,1,13.33916187286377
staged_manifest,1,106,1,0,0,1,1,1,0,0,0,0,0,1,13.021529652178288
staged_manifest,1,107,1,0,0,1,1,1,0,0,0,0,0,1,13.182547874748707
staged_manifest,1,84,1,0,0,1,1,1,0,0,0,0,0,1,12.941275723278522
staged_manifest,1,121,2,0,0,2,2,2,0,0,0,0,0,1,12.607204727828503
staged_manifest,1,92,2,0,0,2,2,2,0,0,0,0,0,1,15.39807952940464
staged_manifest,1,111,2,0,0,2,2,2,0,0,0,0,0,1,26.030358858406544
staged_manifest,1,123,2,1,0,,,,0,0,0,0,0,1,18.19452829658985
staged_manifest,1,116,2,0,0,2,2,2,0,0,0,0,0,1,29.307973571121693
staged_manifest,1,25,2,0,0,2,2,2,0,0,0,0,0,1,12.276353314518929
staged_manifest,1,48,2,1,0,,,,0,0,0,0,0,1,11.738241650164127
staged_manifest,1,38,2,0,0,2,2,2,0,0,0,0,0,1,12.396413832902908
staged_manifest,1,65,2,0,0,2,2,2,0,0,0,0,0,0,12.25951500236988
staged_manifest,1,30,2,0,0,2,2,2,0,0,0,0,0,0,12.312046252191067
staged_manifest,1,48,2,1,0,,,,0,0,0,0,0,0,11.925466358661652
staged_manifest,1,87,2,0,0,2,2,2,0,0,0,0,0,0,12.269572354853153
staged_manifest,1,102,2,0,0,2,2,2,0,0,0,0,0,1,12.313156388700008
staged_manifest,1,108,2,0,0,2,2,2,0,0,0,0,0,1,12.089778669178486
staged_manifest,1,38,2,0,0,2,2,2,0,0,0,0,0,1,12.561693787574768
staged_manifest,1,44,2,0,0,2,2,2,0,0,0,0,0,1,12.149198912084103
staged_manifest,1,76,1,0,0,1,1,1,0,0,0,0,0,1,12.100261636078358
staged_manifest,1,85,1,0,0,1,1,1,0,0,0,0,0,1,11.945359408855438
staged_manifest,1,84,1,0,0,1,1,1,0,0,0,0,0,1,11.528916656970978
staged_manifest,1,96,2,0,0,2,2,2,0,0,0,0,0,1,11.817973107099533
staged_manifest,1,83,1,0,0,1,1,1,0,0,0,0,0,1,11.811246164143085
staged_manifest,1,83,1,0,0,1,1,1,0,0,0,0,0,1,12.531690299510956
staged_manifest,1,123,2,1,0,,,,0,0,0,0,0,1,13.53989727795124
staged_manifest,1,75,1,0,0,1,1,1,0,0,0,0,0,1,13.648278079926968
staged_manifest,1,22,2,1,0,,,,0,0,0,0,0,1,12.671800330281258
staged_manifest,1,74,1,0,0,1,1,1,0,0,0,0,0,1,19.36196628957987
staged_manifest,1,1,1,0,0,1,1,1,0,0,0,0,0,1,20.58468945324421
staged_manifest,1,118,1,0,0,1,1,1,0,0,0,0,0,1,34.95484963059425
staged_manifest,1,110,2,0,0,2,2,2,0,0,0,0,0,1,33.522602170705795
staged_manifest,1,76,1,0,0,1,1,1,0,0,0,0,0,1,11.924996972084045
staged_manifest,1,12,1,0,0,1,1,1,0,0,0,0,0,1,11.89980935305357
staged_manifest,1,1,1,0,0,1,1,1,0,0,0,0,0,1,11.843119747936726
staged_manifest,1,84,1,0,0,1,1,1,0,0,0,0,0,1,11.492098681628704
staged_manifest,1,17,2,0,0,2,2,2,0,0,0,0,0,1,11.878001503646374
staged_manifest,1,116,2,0,0,2,2,2,0,0,0,0,0,1,11.65627222508192
staged_manifest,1,10,1,0,0,1,1,1,0,0,0,0,0,1,11.937262490391731
staged_manifest,1,39,1,0,0,1,1,1,0,0,0,0,0,1,11.94871962070465
staged_manifest,1,92,2,0,0,2,2,2,0,0,0,0,0,1,11.927781626582146
staged_manifest,1,10,1,0,0,1,1,1,0,0,0,0,0,1,12.038832530379295
staged_manifest,1,118,1,0,0,1,1,1,0,0,0,0,0,1,14.803167432546616
staged_manifest,1,12,1,0,0,1,1,1,0,0,0,0,0,1,15.15532098710537
staged_manifest,1,69,1,0,0,1,1,1,0,0,0,0,0,1,25.471369735896587
staged_manifest,1,120,2,0,0,2,2,2,0,0,0,0,0,1,32.32126776129007
staged_manifest,1,76,1,0,0,1,1,1,0,0,0,0,0,1,12.14961614459753
staged_manifest,1,23,1,0,0,1,1,1,0,0,0,0,0,1,12.610137462615967
staged_manifest,1,50,2,0,0,2,2,2,0,0,0,0,0,1,12.34804280102253
staged_manifest,1,118,1,0,0,1,1,1,0,0,0,0,0,1,12.455512769520283
staged_manifest,1,74,1,0,0,1,1,1,0,0,0,0,0,1,12.021887116134167
staged_manifest,1,103,1,0,0,1,1,1,0,0,0,0,0,1,11.461879126727581
staged_manifest,1,21,2,0,0,2,2,2,0,0,0,0,0,1,11.550500057637691
staged_manifest,1,69,1,0,0,1,1,1,0,0,0,0,0,1,11.846779845654964
staged_manifest,1,16,1,0,0,1,1,1,0,0,0,0,0,1,11.558282189071178
staged_manifest,1,28,1,0,0,1,1,1,0,0,0,0,0,1,12.299513444304466
staged_manifest,1,57,1,0,0,1,1,1,0,0,0,0,0,1,12.321542017161846
staged_manifest,1,16,2,0,0,2,2,2,0,0,0,0,0,1,12.587939389050007
staged_manifest,1,10,2,0,0,2,2,2,0,0,0,0,0,1,21.868464536964893
staged_manifest,1,39,2,0,0,2,2,2,0,0,0,0,0,1,28.599806129932404
staged_manifest,1,12,2,0,0,2,2,2,0,0,0,0,0,1,25.04443097859621
staged_manifest,1,68,2,0,0,2,2,2,0,0,0,0,0,1,11.644260957837105
staged_manifest,1,76,2,1,0,,,,0,0,0,0,0,1,11.475720442831516
staged_manifest,1,84,2,0,0,2,2,2,0,0,0,0,0,1,11.745205149054527
staged_manifest,1,125,2,0,0,2,2,2,0,0,0,0,0,1,12.009191326797009
staged_manifest,1,74,2,0,0,2,2,2,0,0,0,0,0,0,11.837717145681381
staged_manifest,1,122,2,0,0,2,2,2,0,0,0,0,0,0,11.691918596625328
staged_manifest,1,74,2,0,0,2,2,2,0,0,0,0,0,0,11.03637833148241
staged_manifest,1,67,2,1,0,,,,0,0,0,0,0,0,11.49335689842701
staged_manifest,1,103,2,1,0,,,,0,0,0,0,0,0,11.457796208560467
staged_manifest,1,27,2,0,0,2,2,2,0,0,0,0,0,1,11.700477451086044
staged_manifest,1,38,2,0,0,2,2,2,0,0,0,0,0,1,11.683234013617039
staged_manifest,1,69,2,1,0,,,,0,0,0,0,0,1,12.057408690452576
staged_manifest,1,56,1,0,0,1,1,1,0,0,0,0,0,1,12.268612161278725
staged_manifest,1,37,2,0,0,2,2,2,0,0,0,0,0,1,13.114814646542072
staged_manifest,1,56,1,0,0,1,1,1,0,0,0,0,0,1,13.00305500626564
staged_manifest,1,0,1,0,0,1,1,1,0,0,0,0,0,1,12.461797334253788
staged_manifest,1,124,1,0,0,1,1,1,0,0,0,0,0,1,12.084810063242912
staged_manifest,1,53,1,0,0,1,1,1,0,0,0,0,0,1,12.084508314728737
staged_manifest,1,119,1,0,0,1,1,1,0,0,0,0,0,1,11.829840019345284
staged_manifest,1,124,1,0,0,1,1,1,0,0,0,0,0,1,12.007280252873898
staged_manifest,1,78,1,0,0,1,1,1,0,0,0,0,0,1,11.842533946037292
staged_manifest,1,53,1,0,0,1,1,1,0,0,0,0,0,1,12.060030363500118
staged_manifest,1,98,1,0,0,1,1,1,0,0,0,0,0,1,12.288426980376244
staged_manifest,1,124,1,0,0,1,1,1,0,0,0,0,0,1,12.770218774676323
staged_manifest,1,85,1,0,0,1,1,1,0,0,0,0,0,1,12.331920675933361
staged_manifest,1,86,2,0,0,2,2,2,0,0,0,0,0,1,20.967064425349236
staged_manifest,1,124,1,0,0,1,1,1,0,0,0,0,0,1,31.016862019896507
staged_manifest,1,98,1,0,0,1,1,1,0,0,0,0,0,1,19.28484905511141
staged_manifest,1,24,1,0,0,1,1,1,0,0,0,0,0,1,33.982579596340656
staged_manifest,1,58,1,0,0,1,1,1,0,0,0,0,0,1,11.616135016083717
staged_manifest,1,82,1,0,0,1,1,1,0,0,0,0,0,1,11.973273009061813
staged_manifest,1,78,1,0,0,1,1,1,0,0,0,0,0,1,11.564982123672962
staged_manifest,1,24,1,0,0,1,1,1,0,0,0,0,0,1,11.50070782750845
staged_manifest,1,99,2,0,0,2,2,2,0,0,0,0,0,1,11.850672774016857
staged_manifest,1,127,1,0,0,1,1,1,0,0,0,0,0,1,11.932045221328735
staged_manifest,1,85,1,0,0,1,1,1,0,0,0,0,0,1,11.756165884435177
staged_manifest,1,56,1,0,0,1,1,1,0,0,0,0,0,1,12.10357528179884
staged_manifest,1,108,2,0,0,2,2,2,0,0,0,0,0,1,12.403352186083794
staged_manifest,1,122,2,0,0,2,2,2,0,0,0,0,0,1,12.438097968697548
staged_manifest,1,114,1,0,0,1,1,1,0,0,0,0,0,1,12.460194528102875
staged_manifest,1,24,1,0,0,1,1,1,0,0,0,0,0,1,22.12892286479473
staged_manifest,1,57,1,0,0,1,1,1,0,0,0,0,0,1,19.13518365472555
staged_manifest,1,95,2,0,0,2,2,2,0,0,0,0,0,1,25.706889107823372
staged_manifest,1,98,1,0,0,1,1,1,0,0,0,0,0,1,22.61738572269678
staged_manifest,1,47,2,0,0,2,2,2,0,0,0,0,0,1,11.2413689494133
staged_manifest,1,45,2,0,0,2,2,2,0,0,0,0,0,1,11.801480315625668
staged_manifest,1,120,2,0,0,2,2,2,0,0,0,0,0,1,11.89845334738493
staged_manifest,1,86,2,0,0,2,2,2,0,0,0,0,0,1,11.861748062074184
staged_manifest,1,11,1,0,0,1,1,1,0,0,0,0,0,1,11.841942556202412
staged_manifest,1,0,1,0,0,1,1,1,0,0,0,0,0,1,11.882842518389225
staged_manifest,1,124,1,0,0,1,1,1,0,0,0,0,0,1,12.074110098183155
staged_manifest,1,127,1,0,0,1,1,1,0,0,0,0,0,1,12.269893661141396
staged_manifest,1,36,2,0,0,2,2,2,0,0,0,0,0,1,12.217353098094463
staged_manifest,1,93,2,0,0,2,2,2,0,0,0,0,0,1,14.87011555582285
staged_manifest,1,116,2,0,0,2,2,2,0,0,0,0,0,1,21.9199787825346
staged_manifest,1,127,2,0,0,2,2,2,0,0,0,0,0,1,29.189597815275192
staged_manifest,1,0,2,1,0,,,,0,0,0,0,0,1,22.21751306205988
staged_manifest,1,119,2,0,0,2,2,2,0,0,0,0,0,1,11.541101150214672
staged_manifest,1,114,2,0,0,2,2,2,0,0,0,0,0,1,11.129758320748806
staged_manifest,1,82,2,0,0,2,2,2,0,0,0,0,0,1,11.505723930895329
staged_manifest,1,57,2,0,0,2,2,2,0,0,0,0,0,1,11.134113185107708
staged_manifest,1,94,2,0,0,2,2,2,0,0,0,0,0,1,12.52993755042553
staged_manifest,1,13,2,0,0,2,2,2,0,0,0,0,0,1,12.896698899567127
staged_manifest,1,11,2,0,0,2,2,2,0,0,0,0,0,1,13.116830959916115
staged_manifest,1,124,2,1,0,,,,0,0,0,0,0,1,12.513909488916397
staged_manifest,1,53,2,0,0,2,2,2,0,0,0,0,0,1,12.28339970111847
staged_manifest,1,56,2,0,0,2,2,2,0,0,0,0,0,0,11.805159971117973
staged_manifest,1,16,2,0,0,2,2,2,0,0,0,0,0,0,11.805311776697636
staged_manifest,1,57,2,0,0,2,2,2,0,0,0,0,0,0,12.132873758673668
staged_manifest,1,127,2,0,0,2,2,2,0,0,0,0,0,0,11.895976960659027
staged_manifest,1,85,2,0,0,2,2,2,0,0,0,0,0,0,12.589739635586739
staged_manifest,1,11,2,0,0,2,2,2,0,0,0,0,0,0,12.456278316676617
staged_manifest,1,18,2,0,0,2,2,2,0,0,0,0,0,0,12.05222774296999
staged_manifest,1,65,2,0,0,2,2,2,0,0,0,0,0,0,11.745438911020756
staged_manifest,1,98,2,0,0,2,2,2,0,0,0,0,0,0,11.555914767086506
staged_manifest,1,124,2,1,0,,,,0,0,0,0,0,0,11.653902940452099
staged_manifest,1,124,2,1,0,,,,0,0,0,0,0,0,11.155564337968826
staged_manifest,1,24,2,1,0,,,,0,0,0,0,0,0,11.91768329590559
staged_manifest,1,78,2,0,0,2,2,2,0,0,0,0,0,0,11.82206254452467
staged_manifest,1,119,2,0,0,2,2,2,0,0,0,0,0,0,11.894658207893372
staged_manifest,1,56,2,0,0,2,2,2,0,0,0,0,0,0,11.621433310210705
staged_manifest,1,57,2,0,0,2,2,2,0,0,0,0,0,0,11.58784981817007
staged_manifest,1,82,2,0,0,2,2,2,0,0,0,0,0,0,12.229131534695625
staged_manifest,1,82,2,0,0,2,2,2,0,0,0,0,0,0,12.126032263040543
staged_manifest,1,127,2,0,0,2,2,2,0,0,0,0,0,0,11.384517885744572
staged_manifest,1,114,2,0,0,2,2,2,0,0,0,0,0,0,11.472661048173904
staged_manifest,1,85,2,0,0,2,2,2,0,0,0,0,0,0,11.926734820008278
staged_manifest,1,11,2,0,0,2,2,2,0,0,0,0,0,0,12.13761605322361
staged_manifest,1,124,2,1,0,,,,0,0,0,0,0,0,12.215572409331799
staged_manifest,1,12,2,0,0,2,2,2,0,0,0,0,0,0,11.729741469025612
staged_manifest,1,67,2,1,0,,,,0,0,0,0,0,0,11.760558933019638
staged_manifest,1,78,2,0,0,2,2,2,0,0,0,0,0,0,17.801469191908836
staged_manifest,1,18,2,0,0,2,2,2,0,0,0,0,0,0,18.811795860528946
staged_manifest,1,0,2,1,0,,,,0,0,0,0,0,0,19.14992742240429
staged_manifest,1,85,2,0,0,2,2,2,0,0,0,0,0,0,19.683445803821087
staged_manifest,1,124,2,1,0,,,,0,0,0,0,0,0,13.77489697188139
staged_manifest,2,90,1,0,0,1,1,1,0,0,0,0,0,1,4.254022613167763
staged_manifest,2,112,1,0,0,1,1,1,0,0,0,0,0,1,7.988736964762211
staged_manifest,2,51,1,0,0,1,1,1,0,0,0,0,0,1,11.473312973976135
staged_manifest,2,10,1,0,0,1,1,1,0,0,0,0,0,1,14.72409162670374
staged_manifest,2,19,1,0,0,1,1,1,0,0,0,0,0,1,12.762443162500858
staged_manifest,2,17,1,0,0,1,1,1,0,0,0,0,0,1,12.472057715058327
staged_manifest,2,17,1,0,0,1,1,1,0,0,0,0,0,1,11.900726705789566
staged_manifest,2,84,1,0,0,1,1,1,0,0,0,0,0,1,11.836173012852669
staged_manifest,2,26,1,0,0,1,1,1,0,0,0,0,0,1,11.57455611974001
staged_manifest,2,115,1,0,0,1,1,1,0,0,0,0,0,1,10.883587412536144
staged_manifest,2,32,1,0,0,1,1,1,0,0,0,0,0,1,11.894798837602139
staged_manifest,2,32,1,0,0,1,1,1,0,0,0,0,0,1,22.21101615577936
staged_manifest,2,92,1,0,0,1,1,1,0,0,0,0,0,1,32.36088901758194
staged_manifest,2,38,1,0,0,1,1,1,0,0,0,0,0,1,32.0657417178154
staged_manifest,2,59,1,0,0,1,1,1,0,0,0,0,0,1,20.860291086137295
staged_manifest,2,16,1,0,0,1,1,1,0,0,0,0,0,1,11.645305901765823
staged_manifest,2,0,1,0,0,1,1,1,0,0,0,0,0,1,11.692479252815247
staged_manifest,2,30,1,0,0,1,1,1,0,0,0,0,0,1,11.596371419727802
staged_manifest,2,66,1,0,0,1,1,1,0,0,0,0,0,1,11.752347461879253
staged_manifest,2,115,1,0,0,1,1,1,0,0,0,0,0,1,11.926250532269478
staged_manifest,2,42,1,0,0,1,1,1,0,0,0,0,0,1,11.812812648713589
staged_manifest,2,92,1,0,0,1,1,1,0,0,0,0,0,1,11.55032031238079
staged_manifest,2,49,1,0,0,1,1,1,0,0,0,0,0,1,23.113101720809937
staged_manifest,2,86,1,0,0,1,1,1,0,0,0,0,0,1,23.873514495790005
staged_manifest,2,74,1,0,0,1,1,1,0,0,0,0,0,1,33.19099731743336
staged_manifest,2,87,1,0,0,1,1,1,0,0,0,0,0,1,39.839860051870346
staged_manifest,2,17,1,0,0,1,1,1,0,0,0,0,0,1,11.712389066815376
staged_manifest,2,0,1,0,0,1,1,1,0,0,0,0,0,1,11.77246030420065
staged_manifest,2,32,1,0,0,1,1,1,0,0,0,0,0,1,11.290102265775204
staged_manifest,2,8,1,0,0,1,1,1,0,0,0,0,0,1,12.94112391769886
staged_manifest,2,42,1,0,0,1,1,1,0,0,0,0,0,1,12.83179223537445
staged_manifest,2,22,1,0,0,1,1,1,0,0,0,0,0,1,12.821212410926819
staged_manifest,2,86,1,0,0,1,1,1,0,0,0,0,0,1,11.804904788732529
staged_manifest,2,115,1,0,0,1,1,1,0,0,0,0,0,1,11.518913321197033
staged_manifest,2,75,1,0,0,1,1,1,0,0,0,0,0,1,11.290651746094227
staged_manifest,2,17,1,0,0,1,1,1,0,0,0,0,0,1,11.782616376876831
staged_manifest,2,42,2,0,0,2,2,2,0,0,0,0,0,1,29.23564426600933
staged_manifest,2,121,2,1,0,,,,0,0,0,0,0,1,29.25222646445036
staged_manifest,2,69,2,0,0,2,2,2,0,0,0,0,0,1,29.114500619471073
staged_manifest,2,6,1,0,0,1,1,1,0,0,0,0,0,1,30.262954533100128
staged_manifest,2,17,2,0,0,2,2,2,0,0,0,0,0,1,11.785762384533882
staged_manifest,2,118,1,0,0,1,1,1,0,0,0,0,0,1,11.943371035158634
staged_manifest,2,22,2,0,0,2,2,2,0,0,0,0,0,1,13.909547589719296
staged_manifest,2,27,2,1,0,,,,0,0,0,0,0,1,14.342274516820908
staged_manifest,2,22,2,0,0,2,2,2,0,0,0,0,0,1,15.238234773278236
staged_manifest,2,27,2,1,0,,,,0,0,0,0,0,1,3.8334205746650696
staged_manifest,2,115,2,0,0,2,2,2,0,0,0,0,0,0,14.684147201478481
staged_manifest,2,22,2,0,0,2,2,2,0,0,0,0,0,0,14.48457408696413
staged_manifest,2,30,2,0,0,2,2,2,0,0,0,0,0,0,26.849829591810703
staged_manifest,2,92,2,0,0,2,2,2,0,0,0,0,0,0,12.303316034376621
staged_manifest,2,85,1,0,0,1,1,1,0,0,0,0,0,1,12.271447107195854
staged_manifest,2,87,2,0,0,2,2,2,0,0,0,0,0,1,12.495866045355797
staged_manifest,2,122,1,0,0,1,1,1,0,0,0,0,0,1,12.198570184409618
staged_manifest,2,49,1,0,0,1,1,1,0,0,0,0,0,1,12.622828595340252
staged_manifest,2,96,1,0,0,1,1,1,0,0,0,0,0,1,11.803433299064636
staged_manifest,2,33,1,0,0,1,1,1,0,0,0,0,0,1,12.02540472149849
staged_manifest,2,96,1,0,0,1,1,1,0,0,0,0,0,1,12.016022577881813
staged_manifest,2,96,1,0,0,1,1,1,0,0,0,0,0,1,11.5858418866992
staged_manifest,2,18,1,0,0,1,1,1,0,0,0,0,0,1,12.141020968556404
staged_manifest,2,18,1,0,0,1,1,1,0,0,0,0,0,1,12.198059819638729
staged_manifest,2,74,1,0,0,1,1,1,0,0,0,0,0,1,12.09936011582613
staged_manifest,2,74,1,0,0,1,1,1,0,0,0,0,0,1,12.465431354939938
staged_manifest,2,57,1,0,0,1,1,1,0,0,0,0,0,1,26.999599300324917
staged_manifest,2,57,1,0,0,1,1,1,0,0,0,0,0,1,37.29336243122816
staged_manifest,2,103,1,0,0,1,1,1,0,0,0,0,0,1,37.274131551384926
staged_manifest,2,96,1,0,0,1,1,1,0,0,0,0,0,1,11.845415458083153
staged_manifest,2,112,1,0,0,1,1,1,0,0,0,0,0,1,11.670715175569057
staged_manifest,2,96,1,0,0,1,1,1,0,0,0,0,0,1,12.320620007812977
staged_manifest,2,71,1,0,0,1,1,1,0,0,0,0,0,1,12.609126046299934
staged_manifest,2,35,1,0,0,1,1,1,0,0,0,0,0,1,12.917890213429928
staged_manifest,2,23,1,0,0,1,1,1,0,0,0,0,0,1,12.322798371315002
staged_manifest,2,83,1,0,0,1,1,1,0,0,0,0,0,1,12.2730303555727
staged_manifest,2,57,1,0,0,1,1,1,0,0,0,0,0,1,12.196219526231289
staged_manifest,2,76,1,0,0,1,1,1,0,0,0,0,0,1,30.31158447265625
staged_manifest,2,104,1,0,0,1,1,1,0,0,0,0,0,1,40.28991609811783
staged_manifest,2,96,1,0,0,1,1,1,0,0,0,0,0,1,40.36417696624994
staged_manifest,2,108,1,0,0,1,1,1,0,0,0,0,0,1,36.935094743967056
staged_manifest,2,104,1,0,0,1,1,1,0,0,0,0,0,1,11.715198867022991
staged_manifest,2,57,1,0,0,1,1,1,0,0,0,0,0,1,11.7586525157094
staged_manifest,2,59,1,0,0,1,1,1,0,0,0,0,0,1,12.064555659890175
staged_manifest,2,35,1,0,0,1,1,1,0,0,0,0,0,1,11.894896626472473
staged_manifest,2,48,1,0,0,1,1,1,0,0,0,0,0,1,11.950971558690071
staged_manifest,2,93,1,0,0,1,1,1,0,0,0,0,0,1,11.957630515098572
staged_manifest,2,18,1,0,0,1,1,1,0,0,0,0,0,1,11.856143362820148
staged_manifest,2,79,1,0,0,1,1,1,0,0,0,0,0,1,11.679585091769695
staged_manifest,2,76,1,0,0,1,1,1,0,0,0,0,0,1,11.754980310797691
staged_manifest,2,1,1,0,0,1,1,1,0,0,0,0,0,1,11.610673740506172
staged_manifest,2,112,1,0,0,1,1,1,0,0,0,0,0,1,12.43055984377861
staged_manifest,2,57,2,0,0,2,2,2,0,0,0,0,0,1,21.55890502035618
staged_manifest,2,74,2,0,0,2,2,2,0,0,0,0,0,1,30.764926224946976
staged_manifest,2,79,2,0,0,2,2,2,0,0,0,0,0,1,37.945485673844814
staged_manifest,2,74,2,0,0,2,2,2,0,0,0,0,0,1,34.56393349915743
staged_manifest,2,35,2,0,0,2,2,2,0,0,0,0,0,1,11.832098476588726
staged_manifest,2,111,2,1,0,,,,0,0,0,0,0,1,11.663589626550674
staged_manifest,2,88,2,0,0,2,2,2,0,0,0,0,0,1,11.775173246860504
staged_manifest,2,57,2,0,0,2,2,2,0,0,0,0,0,1,11.925414204597473
staged_manifest,2,39,2,1,0,,,,0,0,0,0,0,1,11.626910418272018
staged_manifest,2,74,2,0,0,2,2,2,0,0,0,0,0,1,11.690675280988216
staged_manifest,2,39,2,1,0,,,,0,0,0,0,0,0,11.726061813533306
staged_manifest,2,18,2,0,0,2,2,2,0,0,0,0,0,0,12.010938487946987
staged_manifest,2,30,2,0,0,2,2,2,0,0,0,0,0,0,12.248613871634007
staged_manifest,2,112,2,0,0,2,2,2,0,0,0,0,0,0,12.239099480211735
staged_manifest,2,76,2,0,0,2,2,2,0,0,0,0,0,0,11.736147105693817
staged_manifest,2,57,2,0,0,2,2,2,0,0,0,0,0,1,11.924203485250473
staged_manifest,2,47,1,0,0,1,1,1,0,0,0,0,0,1,11.712214909493923
staged_manifest,2,57,2,0,0,2,2,2,0,0,0,0,0,1,11.358387768268585
staged_manifest,2,28,1,0,0,1,1,1,0,0,0,0,0,1,11.138071306049824
staged_manifest,2,77,1,0,0,1,1,1,0,0,0,0,0,1,11.1681018024683
staged_manifest,2,85,1,0,0,1,1,1,0,0,0,0,0,1,11.066578328609467
staged_manifest,2,6,1,0,0,1,1,1,0,0,0,0,0,1,11.6189643740654
staged_manifest,2,47,1,0,0,1,1,1,0,0,0,0,0,1,11.375915259122849
staged_manifest,2,91,1,0,0,1,1,1,0,0,0,0,0,1,11.628637090325356
staged_manifest,2,81,1,0,0,1,1,1,0,0,0,0,0,1,11.162198148667812
staged_manifest,2,106,1,0,0,1,1,1,0,0,0,0,0,1,11.750295758247375
staged_manifest,2,91,1,0,0,1,1,1,0,0,0,0,0,1,12.101292610168457
staged_manifest,2,119,1,0,0,1,1,1,0,0,0,0,0,1,12.597008608281612
staged_manifest,2,28,1,0,0,1,1,1,0,0,0,0,0,1,24.876851588487625
staged_manifest,2,81,1,0,0,1,1,1,0,0,0,0,0,1,31.780054792761803
staged_manifest,2,91,1,0,0,1,1,1,0,0,0,0,0,1,19.620118662714958
staged_manifest,2,71,1,0,0,1,1,1,0,0,0,0,0,1,31.27137478441
staged_manifest,2,105,1,0,0,1,1,1,0,0,0,0,0,1,11.761508882045746
staged_manifest,2,113,1,0,0,1,1,1,0,0,0,0,0,1,11.540066450834274
staged_manifest,2,10,1,0,0,1,1,1,0,0,0,0,0,1,11.602352373301983
staged_manifest,2,10,1,0,0,1,1,1,0,0,0,0,0,1,10.974381119012833
staged_manifest,2,28,1,0,0,1,1,1,0,0,0,0,0,1,11.420353315770626
staged_manifest,2,67,1,0,0,1,1,1,0,0,0,0,0,1,11.963391676545143
staged_manifest,2,83,2,0,0,2,2,2,0,0,0,0,0,1,11.868268251419067
staged_manifest,2,102,1,0,0,1,1,1,0,0,0,0,0,1,11.37043721973896
staged_manifest,2,91,1,0,0,1,1,1,0,0,0,0,0,1,12.510282918810844
staged_manifest,2,71,1,0,0,1,1,1,0,0,0,0,0,1,18.600464798510075
staged_manifest,2,13,1,0,0,1,1,1,0,0,0,0,0,1,28.642812743782997
staged_manifest,2,100,1,0,0,1,1,1,0,0,0,0,0,1,28.484824113547802
staged_manifest,2,85,1,0,0,1,1,1,0,0,0,0,0,1,11.543537490069866
staged_manifest,2,38,2,0,0,2,2,2,0,0,0,0,0,1,11.558967642486095
staged_manifest,2,28,1,0,0,1,1,1,0,0,0,0,0,1,10.953507386147976
staged_manifest,2,53,1,0,0,1,1,1,0,0,0,0,0,1,11.351598426699638
staged_manifest,2,10,1,0,0,1,1,1,0,0,0,0,0,1,11.223050765693188
staged_manifest,2,6,1,0,0,1,1,1,0,0,0,0,0,1,12.149381451308727
staged_manifest,2,91,1,0,0,1,1,1,0,0,0,0,0,1,11.900508776307106
staged_manifest,2,106,1,0,0,1,1,1,0,0,0,0,0,1,12.644478119909763
staged_manifest,2,67,1,0,0,1,1,1,0,0,0,0,0,1,12.466387823224068
staged_manifest,2,113,1,0,0,1,1,1,0,0,0,0,0,1,12.270118109881878
staged_manifest,2,46,1,0,0,1,1,1,0,0,0,0,0,1,12.000542134046555
staged_manifest,2,6,1,0,0,1,1,1,0,0,0,0,0,1,12.045731768012047
staged_manifest,2,91,2,0,0,2,2,2,0,0,0,0,0,1,12.400349602103233
staged_manifest,2,91,2,0,0,2,2,2,0,0,0,0,0,1,25.17172507941723
staged_manifest,2,82,2,0,0,2,2,2,0,0,0,0,0,1,24.36493430286646
staged_manifest,2,113,2,0,0,2,2,2,0,0,0,0,0,1,24.82114639133215
staged_manifest,2,105,1,0,0,1,1,1,0,0,0,0,0,1,11.730138212442398
staged_manifest,2,10,2,0,0,2,2,2,0,0,0,0,0,1,12.135211378335953
staged_manifest,2,119,2,1,0,,,,0,0,0,0,0,1,11.505184695124626
staged_manifest,2,71,2,0,0,2,2,2,0,0,0,0,0,1,11.357300914824009
staged_manifest,2,75,1,0,0,1,1,1,0,0,0,0,0,0,11.54438965022564
staged_manifest,2,103,2,0,0,2,2,2,0,0,0,0,0,0,11.243208311498165
staged_manifest,2,124,1,0,0,1,1,1,0,0,0,0,0,0,11.653666384518147
staged_manifest,2,81,2,0,0,2,2,2,0,0,0,0,0,0,11.612060479819775
staged_manifest,2,81,2,0,0,2,2,2,0,0,0,0,0,0,11.638913303613663
staged_manifest,2,12,1,0,0,1,1,1,0,0,0,0,0,1,11.356879025697708
staged_manifest,2,6,2,0,0,2,2,2,0,0,0,0,0,1,11.940700002014637
staged_manifest,2,60,1,0,0,1,1,1,0,0,0,0,0,1,11.48327998816967
staged_manifest,2,67,2,0,0,2,2,2,0,0,0,0,0,1,12.258033268153667
staged_manifest,2,61,1,0,0,1,1,1,0,0,0,0,0,1,12.273016385734081
staged_manifest,2,3,1,0,0,1,1,1,0,0,0,0,0,1,11.600574478507042
staged_manifest,2,124,1,0,0,1,1,1,0,0,0,0,0,1,11.463574133813381
staged_manifest,2,62,1,0,0,1,1,1,0,0,0,0,0,1,15.003464184701443
staged_manifest,2,60,1,0,0,1,1,1,0,0,0,0,0,1,15.748345293104649
staged_manifest,2,62,1,0,0,1,1,1,0,0,0,0,0,1,16.218059696257114
staged_manifest,2,61,1,0,0,1,1,1,0,0,0,0,0,1,16.333195380866528
staged_manifest,2,81,2,0,0,2,2,2,0,0,0,0,0,1,24.077067151665688
staged_manifest,2,8,1,0,0,1,1,1,0,0,0,0,0,1,31.19485918432474
staged_manifest,2,118,1,0,0,1,1,1,0,0,0,0,0,1,26.714048348367214
staged_manifest,2,59,1,0,0,1,1,1,0,0,0,0,0,1,22.44708314538002
staged_manifest,2,47,2,0,0,2,2,2,0,0,0,0,0,1,11.996028013527393
staged_manifest,2,61,1,0,0,1,1,1,0,0,0,0,0,1,12.04709243029356
staged_manifest,2,13,1,0,0,1,1,1,0,0,0,0,0,1,12.150554917752743
staged_manifest,2,21,1,0,0,1,1,1,0,0,0,0,0,1,12.007968500256538
staged_manifest,2,59,1,0,0,1,1,1,0,0,0,0,0,1,11.950446292757988
staged_manifest,2,88,2,0,0,2,2,2,0,0,0,0,0,1,12.145773507654667
staged_manifest,2,43,1,0,0,1,1,1,0,0,0,0,0,1,12.146302498877048
staged_manifest,2,121,2,1,0,,,,0,0,0,0,0,1,11.653016321361065
staged_manifest,2,3,1,0,0,1,1,1,0,0,0,0,0,1,11.739849112927914
staged_manifest,2,42,2,0,0,2,2,2,0,0,0,0,0,1,11.158082634210587
staged_manifest,2,13,1,0,0,1,1,1,0,0,0,0,0,1,15.33910259604454
staged_manifest,2,10,2,0,0,2,2,2,0,0,0,0,0,1,21.63897268474102
staged_manifest,2,61,1,0,0,1,1,1,0,0,0,0,0,1,18.552780151367188
staged_manifest,2,21,1,0,0,1,1,1,0,0,0,0,0,1,31.51032328605652
staged_manifest,2,121,2,1,0,,,,0,0,0,0,0,1,11.813580058515072
staged_manifest,2,121,2,1,0,,,,0,0,0,0,0,1,12.3334601521492
staged_manifest,2,108,1,0,0,1,1,1,0,0,0,0,0,1,12.74252962321043
staged_manifest,2,26,1,0,0,1,1,1,0,0,0,0,0,1,12.649576179683208
staged_manifest,2,63,1,0,0,1,1,1,0,0,0,0,0,1,12.410879135131836
staged_manifest,2,118,1,0,0,1,1,1,0,0,0,0,0,1,11.684435419738293
staged_manifest,2,74,2,0,0,2,2,2,0,0,0,0,0,1,11.698130518198013
staged_manifest,2,118,1,0,0,1,1,1,0,0,0,0,0,1,11.549911461770535
staged_manifest,2,33,1,0,0,1,1,1,0,0,0,0,0,1,11.495309881865978
staged_manifest,2,8,1,0,0,1,1,1,0,0,0,0,0,1,11.811797507107258
staged_manifest,2,124,1,0,0,1,1,1,0,0,0,0,0,1,11.755756102502346
staged_manifest,2,108,2,0,0,2,2,2,0,0,0,0,0,1,18.58623046427965
staged_manifest,2,61,2,0,0,2,2,2,0,0,0,0,0,1,18.20140890777111
staged_manifest,2,3,2,0,0,2,2,2,0,0,0,0,0,1,19.177360460162163
staged_manifest,2,93,2,0,0,2,2,2,0,0,0,0,0,1,31.54260665178299
staged_manifest,2,61,2,0,0,2,2,2,0,0,0,0,0,1,11.626825667917728
staged_manifest,2,40,1,0,0,1,1,1,0,0,0,0,0,1,11.440973728895187
staged_manifest,2,21,2,0,0,2,2,2,0,0,0,0,0,1,11.798957362771034
staged_manifest,2,26,2,0,0,2,2,2,0,0,0,0,0,1,11.977765709161758
staged_manifest,2,80,2,0,0,2,2,2,0,0,0,0,0,1,12.082060799002647
staged_manifest,2,34,1,0,0,1,1,1,0,0,0,0,0,0,12.065262533724308
staged_manifest,2,13,2,1,0,,,,0,0,0,0,0,0,12.25106231868267
staged_manifest,2,61,2,0,0,2,2,2,0,0,0,0,0,0,12.248420156538486
staged_manifest,2,118,2,0,0,2,2,2,0,0,0,0,0,0,12.235965579748154
staged_manifest,2,122,2,0,0,2,2,2,0,0,0,0,0,0,11.590168811380863
staged_manifest,2,117,1,0,0,1,1,1,0,0,0,0,0,1,11.813553981482983
staged_manifest,2,107,1,0,0,1,1,1,0,0,0,0,0,1,11.682998389005661
staged_manifest,2,61,2,0,0,2,2,2,0,0,0,0,0,1,11.582562699913979
staged_manifest,2,40,1,0,0,1,1,1,0,0,0,0,0,1,12.280155904591084
staged_manifest,2,40,1,0,0,1,1,1,0,0,0,0,0,1,12.68147211521864
staged_manifest,2,36,1,0,0,1,1,1,0,0,0,0,0,1,12.48661708086729
staged_manifest,2,0,1,0,0,1,1,1,0,0,0,0,0,1,12.557177804410458
staged_manifest,2,2,1,0,0,1,1,1,0,0,0,0,0,1,12.174860574305058
staged_manifest,2,101,1,0,0,1,1,1,0,0,0,0,0,1,11.940598487854004
staged_manifest,2,57,2,0,0,2,2,2,0,0,0,0,0,1,11.824337765574455
staged_manifest,2,1,1,0,0,1,1,1,0,0,0,0,0,1,11.477460153400898
staged_manifest,2,95,1,0,0,1,1,1,0,0,0,0,0,1,11.05597522109747
staged_manifest,2,36,1,0,0,1,1,1,0,0,0,0,0,1,11.331828311085701
staged_manifest,2,102,1,0,0,1,1,1,0,0,0,0,0,1,11.83215994387865
staged_manifest,2,30,2,0,0,2,2,2,0,0,0,0,0,1,19.762666895985603
staged_manifest,2,40,1,0,0,1,1,1,0,0,0,0,0,1,13.45576997846365
staged_manifest,2,40,1,0,0,1,1,1,0,0,0,0,0,1,28.76588422805071
staged_manifest,2,48,1,0,0,1,1,1,0,0,0,0,0,1,36.085095256567
staged_manifest,2,78,2,0,0,2,2,2,0,0,0,0,0,1,11.77250500768423
staged_manifest,2,95,1,0,0,1,1,1,0,0,0,0,0,1,11.958028189837933
staged_manifest,2,77,1,0,0,1,1,1,0,0,0,0,0,1,12.066071853041649
staged_manifest,2,95,1,0,0,1,1,1,0,0,0,0,0,1,11.840184219181538
staged_manifest,2,49,1,0,0,1,1,1,0,0,0,0,0,1,11.42826583236456
staged_manifest,2,2,1,0,0,1,1,1,0,0,0,0,0,1,11.593468487262726
staged_manifest,2,114,1,0,0,1,1,1,0,0,0,0,0,1,11.66349183768034
staged_manifest,2,95,1,0,0,1,1,1,0,0,0,0,0,1,11.860651895403862
staged_manifest,2,114,1,0,0,1,1,1,0,0,0,0,0,1,11.335778050124645
staged_manifest,2,40,1,0,0,1,1,1,0,0,0,0,0,1,12.103174813091755
staged_manifest,2,1,1,0,0,1,1,1,0,0,0,0,0,1,15.40644932538271
staged_manifest,2,120,1,0,0,1,1,1,0,0,0,0,0,1,15.514384023845196
staged_manifest,2,36,1,0,0,1,1,1,0,0,0,0,0,1,25.793994776904583
staged_manifest,2,95,1,0,0,1,1,1,0,0,0,0,0,1,32.403647899627686
staged_manifest,2,40,1,0,0,1,1,1,0,0,0,0,0,1,11.608527041971684
staged_manifest,2,95,1,0,0,1,1,1,0,0,0,0,0,1,11.64522860199213
staged_manifest,2,1,1,0,0,1,1,1,0,0,0,0,0,1,11.848361231386662
staged_manifest,2,90,1,0,0,1,1,1,0,0,0,0,0,1,11.644048616290092
staged_manifest,2,114,1,0,0,1,1,1,0,0,0,0,0,1,11.918241158127785
staged_manifest,2,40,1,0,0,1,1,1,0,0,0,0,0,1,11.606683023273945
staged_manifest,2,27,2,1,0,,,,0,0,0,0,0,1,11.355298571288586
staged_manifest,2,77,1,0,0,1,1,1,0,0,0,0,0,1,11.312284506857395
staged_manifest,2,7,1,0,0,1,1,1,0,0,0,0,0,1,17.432239837944508
staged_manifest,2,73,2,1,0,,,,0,0,0,0,0,1,24.497495032846928
staged_manifest,2,54,2,0,0,2,2,2,0,0,0,0,0,1,17.930183559656143
staged_manifest,2,0,2,0,0,2,2,2,0,0,0,0,0,1,24.915224872529507
staged_manifest,2,120,2,0,0,2,2,2,0,0,0,0,0,1,11.888857930898666
staged_manifest,2,77,2,0,0,2,2,2,0,0,0,0,0,1,11.136272922158241
staged_manifest,2,15,2,0,0,2,2,2,0,0,0,0,0,1,11.14401314407587
staged_manifest,2,50,1,0,0,1,1,1,0,0,0,0,0,1,11.337450705468655
staged_manifest,2,2,2,0,0,2,2,2,0,0,0,0,0,1,11.600353755056858
staged_manifest,2,114,2,0,0,2,2,2,0,0,0,0,0,0,10.979312472045422
staged_manifest,2,107,1,0,0,1,1,1,0,0,0,0,0,0,11.494229547679424
staged_manifest,2,77,2,0,0,2,2,2,0,0,0,0,0,0,11.011015623807907
staged_manifest,2,37,2,1,0,,,,0,0,0,0,0,0,11.800656095147133
staged_manifest,2,114,2,0,0,2,2,2,0,0,0,0,0,0,12.633083388209343
staged_manifest,2,114,2,0,0,2,2,2,0,0,0,0,0,1,12.74131890386343
staged_manifest,2,102,2,0,0,2,2,2,0,0,0,0,0,1,13.26642744243145
staged_manifest,2,77,2,0,0,2,2,2,0,0,0,0,0,1,13.486593961715698
staged_manifest,2,52,1,0,0,1,1,1,0,0,0,0,0,1,12.528911232948303
staged_manifest,2,107,1,0,0,1,1,1,0,0,0,0,0,1,12.426089495420456
staged_manifest,2,94,1,0,0,1,1,1,0,0,0,0,0,1,12.144584208726883
staged_manifest,2,32,2,0,0,2,2,2,0,0,0,0,0,1,12.012382037937641
staged_manifest,2,52,1,0,0,1,1,1,0,0,0,0,0,1,11.852248571813107
staged_manifest,2,29,1,0,0,1,1,1,0,0,0,0,0,1,11.808774434030056
staged_manifest,2,24,1,0,0,1,1,1,0,0,0,0,0,1,12.089589610695839
staged_manifest,2,126,1,0,0,1,1,1,0,0,0,0,0,1,11.45393680781126
staged_manifest,2,58,1,0,0,1,1,1,0,0,0,0,0,1,11.661824770271778
staged_manifest,2,94,1,0,0,1,1,1,0,0,0,0,0,1,11.571787297725677
staged_manifest,2,45,1,0,0,1,1,1,0,0,0,0,0,1,11.312589980661869
staged_manifest,2,45,1,0,0,1,1,1,0,0,0,0,0,1,11.163769289851189
staged_manifest,2,94,1,0,0,1,1,1,0,0,0,0,0,1,22.42544014006853
staged_manifest,2,25,1,0,0,1,1,1,0,0,0,0,0,1,28.438004665076733
staged_manifest,2,75,1,0,0,1,1,1,0,0,0,0,0,1,25.685938075184822
staged_manifest,2,97,1,0,0,1,1,1,0,0,0,0,0,1,21.447597071528435
staged_manifest,2,41,1,0,0,1,1,1,0,0,0,0,0,1,11.919218115508556
staged_manifest,2,38,2,0,0,2,2,2,0,0,0,0,0,1,11.691720224916935
staged_manifest,2,29,1,0,0,1,1,1,0,0,0,0,0,1,11.740151792764664
staged_manifest,2,24,1,0,0,1,1,1,0,0,0,0,0,1,11.444563046097755
staged_manifest,2,52,1,0,0,1,1,1,0,0,0,0,0,1,11.86400931328535
staged_manifest,2,75,1,0,0,1,1,1,0,0,0,0,0,1,11.711039580404758
staged_manifest,2,94,1,0,0,1,1,1,0,0,0,0,0,1,11.690021492540836
staged_manifest,2,126,1,0,0,1,1,1,0,0,0,0,0,1,4.211775027215481
staged_manifest,2,52,1,0,0,1,1,1,0,0,0,0,0,1,13.992572203278542
staged_manifest,2,126,1,0,0,1,1,1,0,0,0,0,0,1,14.48732428252697
staged_manifest,2,29,1,0,0,1,1,1,0,0,0,0,0,1,24.461681954562664
staged_manifest,2,107,1,0,0,1,1,1,0,0,0,0,0,1,19.690068438649178
staged_manifest,2,52,1,0,0,1,1,1,0,0,0,0,0,1,26.557913050055504
staged_manifest,2,66,1,0,0,1,1,1,0,0,0,0,0,1,22.237769328057766
staged_manifest,2,64,1,0,0,1,1,1,0,0,0,0,0,1,22.198696620762348
staged_manifest,2,75,1,0,0,1,1,1,0,0,0,0,0,1,11.526946909725666
staged_manifest,2,100,1,0,0,1,1,1,0,0,0,0,0,1,11.427771300077438
staged_manifest,2,44,2,0,0,2,2,2,0,0,0,0,0,1,11.280545964837074
staged_manifest,2,66,1,0,0,1,1,1,0,0,0,0,0,1,10.953669436275959
staged_manifest,2,45,1,0,0,1,1,1,0,0,0,0,0,1,11.569221504032612
staged_manifest,2,52,1,0,0,1,1,1,0,0,0,0,0,1,11.735783889889717
staged_manifest,2,56,2,0,0,2,2,2,0,0,0,0,0,1,11.43653504550457
staged_manifest,2,45,1,0,0,1,1,1,0,0,0,0,0,1,11.299765668809414
staged_manifest,2,16,2,0,0,2,2,2,0,0,0,0,0,1,11.619660072028637
staged_manifest,2,52,1,0,0,1,1,1,0,0,0,0,0,1,11.33674755692482
staged_manifest,2,94,2,0,0,2,2,2,0,0,0,0,0,1,20.91120555996895
staged_manifest,2,11,1,0,0,1,1,1,0,0,0,0,0,1,21.089565940201283
staged_manifest,2,81,2,0,0,2,2,2,0,0,0,0,0,1,21.226448006927967
staged_manifest,2,29,2,0,0,2,2,2,0,0,0,0,0,1,33.964660950005054
staged_manifest,2,29,2,0,0,2,2,2,0,0,0,0,0,1,11.772728525102139
staged_manifest,2,64,2,0,0,2,2,2,0,0,0,0,0,1,11.827296577394009
staged_manifest,2,126,2,0,0,2,2,2,0,0,0,0,0,1,12.29134202003479
staged_manifest,2,64,2,0,0,2,2,2,0,0,0,0,0,1,12.106780894100666
staged_manifest,2,1,2,0,0,2,2,2,0,0,0,0,0,0,12.161456979811192
staged_manifest,2,110,2,0,0,2,2,2,0,0,0,0,0,0,12.036202475428581
staged_manifest,2,88,2,0,0,2,2,2,0,0,0,0,0,0,11.962044052779675
staged_manifest,2,55,2,0,0,2,2,2,0,0,0,0,0,0,12.158993631601334
staged_manifest,2,64,2,0,0,2,2,2,0,0,0,0,0,0,11.528785340487957
staged_manifest,2,107,2,0,0,2,2,2,0,0,0,0,0,1,11.844383552670479
staged_manifest,2,58,2,0,0,2,2,2,0,0,0,0,0,1,11.956220492720604
staged_manifest,2,55,2,0,0,2,2,2,0,0,0,0,0,1,11.350552551448345
staged_manifest,2,1,2,0,0,2,2,2,0,0,0,0,0,1,12.141763232648373
staged_manifest,2,68,1,0,0,1,1,1,0,0,0,0,0,1,11.545068584382534
staged_manifest,2,34,1,0,0,1,1,1,0,0,0,0,0,1,11.637367308139801
staged_manifest,2,53,1,0,0,1,1,1,0,0,0,0,0,1,11.860083788633347
staged_manifest,2,56,2,0,0,2,2,2,0,0,0,0,0,1,11.706862598657608
staged_manifest,2,63,1,0,0,1,1,1,0,0,0,0,0,1,11.024640873074532
staged_manifest,2,119,2,1,0,,,,0,0,0,0,0,1,11.659521609544754
staged_manifest,2,70,1,0,0,1,1,1,0,0,0,0,0,1,11.723242700099945
staged_manifest,2,60,1,0,0,1,1,1,0,0,0,0,0,1,12.107612565159798
staged_manifest,2,117,1,0,0,1,1,1,0,0,0,0,0,1,12.131045572459698
staged_manifest,2,99,1,0,0,1,1,1,0,0,0,0,0,1,11.988445185124874
staged_manifest,2,71,2,0,0,2,2,2,0,0,0,0,0,1,12.155693955719471
staged_manifest,2,81,2,0,0,2,2,2,0,0,0,0,0,1,12.420197948813438
staged_manifest,2,123,1,0,0,1,1,1,0,0,0,0,0,1,26.908126659691334
staged_manifest,2,68,1,0,0,1,1,1,0,0,0,0,0,1,33.6050596088171
staged_manifest,2,109,1,0,0,1,1,1,0,0,0,0,0,1,30.70741891860962
staged_manifest,2,125,1,0,0,1,1,1,0,0,0,0,0,1,12.017324566841125
staged_manifest,2,60,1,0,0,1,1,1,0,0,0,0,0,1,12.622842565178871
staged_manifest,2,60,1,0,0,1,1,1,0,0,0,0,0,1,12.774158269166946
staged_manifest,2,113,2,0,0,2,2,2,0,0,0,0,0,1,12.679857201874256
staged_manifest,2,41,1,0,0,1,1,1,0,0,0,0,0,1,12.5922542065382
staged_manifest,2,56,2,0,0,2,2,2,0,0,0,0,0,1,12.23091222345829
staged_manifest,2,123,1,0,0,1,1,1,0,0,0,0,0,1,12.119639664888382
staged_manifest,2,15,2,0,0,2,2,2,0,0,0,0,0,1,11.881285347044468
staged_manifest,2,70,1,0,0,1,1,1,0,0,0,0,0,1,21.528598852455616
staged_manifest,2,28,2,1,0,,,,0,0,0,0,0,1,18.24704185128212
staged_manifest,2,53,1,0,0,1,1,1,0,0,0,0,0,1,24.58075061440468
staged_manifest,2,53,1,0,0,1,1,1,0,0,0,0,0,1,22.686933167278767
staged_manifest,2,100,1,0,0,1,1,1,0,0,0,0,0,1,11.456666514277458
staged_manifest,2,53,1,0,0,1,1,1,0,0,0,0,0,1,11.944163590669632
staged_manifest,2,45,2,0,0,2,2,2,0,0,0,0,0,1,11.041718535125256
staged_manifest,2,51,1,0,0,1,1,1,0,0,0,0,0,1,10.653592646121979
staged_manifest,2,99,1,0,0,1,1,1,0,0,0,0,0,1,11.102106422185898
staged_manifest,2,16,2,0,0,2,2,2,0,0,0,0,0,1,11.288032867014408
staged_manifest,2,119,2,1,0,,,,0,0,0,0,0,1,11.221444234251976
staged_manifest,2,100,1,0,0,1,1,1,0,0,0,0,0,1,11.367247439920902
staged_manifest,2,109,1,0,0,1,1,1,0,0,0,0,0,1,11.756787076592445
staged_manifest,2,90,1,0,0,1,1,1,0,0,0,0,0,1,11.41849160194397
staged_manifest,2,7,1,0,0,1,1,1,0,0,0,0,0,1,11.72696053981781
staged_manifest,2,60,1,0,0,1,1,1,0,0,0,0,0,1,12.202105484902859
staged_manifest,2,68,1,0,0,1,1,1,0,0,0,0,0,1,12.571356259286404
staged_manifest,2,72,2,0,0,2,2,2,0,0,0,0,0,1,19.086388871073723
staged_manifest,2,14,1,0,0,1,1,1,0,0,0,0,0,1,25.738857686519623
staged_manifest,2,60,2,0,0,2,2,2,0,0,0,0,0,1,18.01239140331745
staged_manifest,2,99,2,0,0,2,2,2,0,0,0,0,0,1,25.188052095472813
staged_manifest,2,84,2,1,0,,,,0,0,0,0,0,1,11.378138326108456
staged_manifest,2,107,2,0,0,2,2,2,0,0,0,0,0,1,11.256402358412743
staged_manifest,2,63,2,1,0,,,,0,0,0,0,0,1,11.300217360258102
staged_manifest,2,45,2,0,0,2,2,2,0,0,0,0,0,1,11.412899009883404
staged_manifest,2,100,2,0,0,2,2,2,0,0,0,0,0,1,10.868998244404793
staged_manifest,2,99,2,0,0,2,2,2,0,0,0,0,0,1,11.138222180306911
staged_manifest,2,84,2,1,0,,,,0,0,0,0,0,1,11.31238229572773
staged_manifest,2,100,2,0,0,2,2,2,0,0,0,0,0,0,10.977149941027164
staged_manifest,2,70,2,0,0,2,2,2,0,0,0,0,0,0,11.340145952999592
staged_manifest,2,109,2,0,0,2,2,2,0,0,0,0,0,0,11.143213137984276
staged_manifest,2,100,2,0,0,2,2,2,0,0,0,0,0,0,11.674093082547188
staged_manifest,2,123,2,0,0,2,2,2,0,0,0,0,0,0,11.718757450580597
staged_manifest,2,51,2,0,0,2,2,2,0,0,0,0,0,1,12.077359482645988
staged_manifest,2,109,2,0,0,2,2,2,0,0,0,0,0,1,11.974817141890526
staged_manifest,2,19,2,0,0,2,2,2,0,0,0,0,0,1,12.026802636682987
staged_manifest,2,125,2,0,0,2,2,2,0,0,0,0,0,1,12.219330295920372
staged_manifest,2,9,1,0,0,1,1,1,0,0,0,0,0,1,12.133975513279438
staged_manifest,2,9,1,0,0,1,1,1,0,0,0,0,0,1,12.050129473209381
staged_manifest,2,20,1,0,0,1,1,1,0,0,0,0,0,1,11.938858777284622
staged_manifest,2,20,1,0,0,1,1,1,0,0,0,0,0,1,11.250761337578297
staged_manifest,2,30,2,0,0,2,2,2,0,0,0,0,0,1,11.674999259412289
staged_manifest,2,90,1,0,0,1,1,1,0,0,0,0,0,1,11.663473211228848
staged_manifest,2,116,1,0,0,1,1,1,0,0,0,0,0,1,11.976296082139015
staged_manifest,2,14,1,0,0,1,1,1,0,0,0,0,0,1,11.930259875953197
staged_manifest,2,49,1,0,0,1,1,1,0,0,0,0,0,1,11.85049582272768
staged_manifest,2,14,1,0,0,1,1,1,0,0,0,0,0,1,23.092334158718586
staged_manifest,2,90,1,0,0,1,1,1,0,0,0,0,0,1,15.354509465396404
staged_manifest,2,116,1,0,0,1,1,1,0,0,0,0,0,1,32.678887248039246
staged_manifest,2,127,1,0,0,1,1,1,0,0,0,0,0,1,29.384756460785866
staged_manifest,2,11,1,0,0,1,1,1,0,0,0,0,0,1,11.446342803537846
staged_manifest,2,49,1,0,0,1,1,1,0,0,0,0,0,1,11.391518637537956
staged_manifest,2,105,1,0,0,1,1,1,0,0,0,0,0,1,11.594552546739578
staged_manifest,2,65,1,0,0,1,1,1,0,0,0,0,0,1,11.309958063066006
staged_manifest,2,116,1,0,0,1,1,1,0,0,0,0,0,1,11.925790458917618
staged_manifest,2,117,1,0,0,1,1,1,0,0,0,0,0,1,11.408510617911816
staged_manifest,2,90,1,0,0,1,1,1,0,0,0,0,0,1,11.568757705390453
staged_manifest,2,5,2,0,0,2,2,2,0,0,0,0,0,1,11.899118311703205
staged_manifest,2,19,2,0,0,2,2,2,0,0,0,0,0,1,11.861953884363174
staged_manifest,2,90,1,0,0,1,1,1,0,0,0,0,0,1,11.123252101242542
staged_manifest,2,89,1,0,0,1,1,1,0,0,0,0,0,1,11.478796601295471
staged_manifest,2,105,1,0,0,1,1,1,0,0,0,0,0,1,11.451244354248047
staged_manifest,2,127,1,0,0,1,1,1,0,0,0,0,0,1,11.760714463889599
staged_manifest,2,43,1,0,0,1,1,1,0,0,0,0,0,1,16.00145362317562
staged_manifest,2,50,1,0,0,1,1,1,0,0,0,0,0,1,21.883475594222546
staged_manifest,2,61,2,0,0,2,2,2,0,0,0,0,0,1,19.251996651291847
staged_manifest,2,116,1,0,0,1,1,1,0,0,0,0,0,1,31.649512238800526
staged_manifest,2,12,1,0,0,1,1,1,0,0,0,0,0,1,11.874986812472343
staged_manifest,2,100,2,0,0,2,2,2,0,0,0,0,0,1,11.82837225496769
staged_manifest,2,53,2,0,0,2,2,2,0,0,0,0,0,1,12.079931795597076
staged_manifest,2,96,2,0,0,2,2,2,0,0,0,0,0,1,12.39765528589487
staged_manifest,2,11,1,0,0,1,1,1,0,0,0,0,0,1,12.06353772431612
staged_manifest,2,11,1,0,0,1,1,1,0,0,0,0,0,1,12.608353979885578
staged_manifest,2,65,1,0,0,1,1,1,0,0,0,0,0,1,12.772209011018276
staged_manifest,2,20,1,0,0,1,1,1,0,0,0,0,0,1,13.261162675917149
staged_manifest,2,116,2,0,0,2,2,2,0,0,0,0,0,1,22.75342494249344
staged_manifest,2,14,2,1,0,,,,0,0,0,0,0,1,22.464615292847157
staged_manifest,2,49,2,0,0,2,2,2,0,0,0,0,0,1,22.190367802977562
staged_manifest,2,9,2,0,0,2,2,2,0,0,0,0,0,1,21.813955157995224
staged_manifest,2,14,2,1,0,,,,0,0,0,0,0,1,12.084652669727802
staged_manifest,2,16,2,0,0,2,2,2,0,0,0,0,0,1,11.928705498576164
staged_manifest,2,66,2,1,0,,,,0,0,0,0,0,1,11.500936932861805
staged_manifest,2,12,2,0,0,2,2,2,0,0,0,0,0,1,12.011692859232426
staged_manifest,2,49,2,0,0,2,2,2,0,0,0,0,0,1,11.49823423475027
staged_manifest,2,117,2,1,0,,,,0,0,0,0,0,0,11.5929851308465
staged_manifest,2,31,2,0,0,2,2,2,0,0,0,0,0,0,11.930402368307114
staged_manifest,2,31,2,0,0,2,2,2,0,0,0,0,0,0,11.502656154334545
staged_manifest,2,20,2,1,0,,,,0,0,0,0,0,0,11.783676221966743
staged_manifest,2,43,2,0,0,2,2,2,0,0,0,0,0,0,12.045520357787609
staged_manifest,2,65,2,0,0,2,2,2,0,0,0,0,0,0,11.930922046303749
staged_manifest,2,105,2,0,0,2,2,2,0,0,0,0,0,0,11.79497316479683
staged_manifest,2,89,2,0,0,2,2,2,0,0,0,0,0,0,12.038793414831161
staged_manifest,2,127,2,1,0,,,,0,0,0,0,0,0,11.689371429383755
staged_manifest,2,9,2,0,0,2,2,2,0,0,0,0,0,0,11.30377035588026
staged_manifest,2,90,2,0,0,2,2,2,0,0,0,0,0,0,11.360094882547855
staged_manifest,2,49,2,0,0,2,2,2,0,0,0,0,0,0,11.717593297362328
staged_manifest,2,117,2,1,0,,,,0,0,0,0,0,0,12.26220466196537
staged_manifest,2,50,2,0,0,2,2,2,0,0,0,0,0,0,13.393472880125046
staged_manifest,2,22,2,0,0,2,2,2,0,0,0,0,0,0,14.204873703420162
staged_manifest,2,9,2,0,0,2,2,2,0,0,0,0,0,0,12.524317018687725
staged_manifest,2,24,2,1,0,,,,0,0,0,0,0,0,13.49533163011074
staged_manifest,2,9,2,0,0,2,2,2,0,0,0,0,0,0,13.056028634309769
staged_manifest,2,122,2,0,0,2,2,2,0,0,0,0,0,0,12.49992661178112
staged_manifest,2,116,2,0,0,2,2,2,0,0,0,0,0,0,12.052561156451702
staged_manifest,2,31,2,0,0,2,2,2,0,0,0,0,0,0,12.133424170315266
staged_manifest,2,52,2,1,0,,,,0,0,0,0,0,0,11.70322671532631
staged_manifest,2,65,2,0,0,2,2,2,0,0,0,0,0,0,11.90111692994833
staged_manifest,2,74,2,0,0,2,2,2,0,0,0,0,0,0,11.79029606282711
staged_manifest,2,14,2,1,0,,,,0,0,0,0,0,0,11.75528671592474
staged_manifest,2,105,2,0,0,2,2,2,0,0,0,0,0,0,11.829082854092121
staged_manifest,2,31,2,0,0,2,2,2,0,0,0,0,0,0,11.51077076792717
staged_manifest,2,14,2,1,0,,,,0,0,0,0,0,0,11.438505724072456
staged_manifest,2,26,2,0,0,2,2,2,0,0,0,0,0,0,11.776849627494812
staged_manifest,2,110,2,0,0,2,2,2,0,0,0,0,0,0,11.992799118161201
staged_manifest,2,43,2,0,0,2,2,2,0,0,0,0,0,0,12.040783651173115
staged_manifest,3,97,1,0,0,1,1,1,0,0,0,0,0,1,3.5805394873023033
staged_manifest,3,115,1,0,0,1,1,1,0,0,0,0,0,1,6.864308379590511
staged_manifest,3,125,1,0,0,1,1,1,0,0,0,0,0,1,10.104362852871418
staged_manifest,3,44,1,0,0,1,1,1,0,0,0,0,0,1,13.310818001627922
staged_manifest,3,86,1,0,0,1,1,1,0,0,0,0,0,1,11.968087404966354
staged_manifest,3,98,1,0,0,1,1,1,0,0,0,0,0,1,11.382204480469227
staged_manifest,3,104,1,0,0,1,1,1,0,0,0,0,0,1,11.987392790615559
staged_manifest,3,120,1,0,0,1,1,1,0,0,0,0,0,1,12.07885891199112
staged_manifest,3,13,1,0,0,1,1,1,0,0,0,0,0,1,12.123584747314453
staged_manifest,3,102,1,0,0,1,1,1,0,0,0,0,0,1,12.278201058506966
staged_manifest,3,24,1,0,0,1,1,1,0,0,0,0,0,1,12.253688648343086
staged_manifest,3,4,1,0,0,1,1,1,0,0,0,0,0,1,12.094605714082718
staged_manifest,3,54,1,0,0,1,1,1,0,0,0,0,0,1,11.620053090155125
staged_manifest,3,46,1,0,0,1,1,1,0,0,0,0,0,1,12.267465703189373
staged_manifest,3,0,1,0,0,1,1,1,0,0,0,0,0,1,11.721807532012463
staged_manifest,3,10,1,0,0,1,1,1,0,0,0,0,0,1,23.3138594776392
staged_manifest,3,83,1,0,0,1,1,1,0,0,0,0,0,1,33.74549001455307
staged_manifest,3,4,1,0,0,1,1,1,0,0,0,0,0,1,34.088898450136185
staged_manifest,3,81,1,0,0,1,1,1,0,0,0,0,0,1,25.570673868060112
staged_manifest,3,67,1,0,0,1,1,1,0,0,0,0,0,1,11.915009468793869
staged_manifest,3,54,1,0,0,1,1,1,0,0,0,0,0,1,11.89258974045515
staged_manifest,3,86,1,0,0,1,1,1,0,0,0,0,0,1,11.662247590720654
staged_manifest,3,77,1,0,0,1,1,1,0,0,0,0,0,1,11.693503707647324
staged_manifest,3,108,1,0,0,1,1,1,0,0,0,0,0,1,11.806562542915344
staged_manifest,3,85,1,0,0,1,1,1,0,0,0,0,0,1,11.663377285003662
staged_manifest,3,26,1,0,0,1,1,1,0,0,0,0,0,1,12.007773853838444
staged_manifest,3,81,1,0,0,1,1,1,0,0,0,0,0,1,31.53112530708313
staged_manifest,3,102,1,0,0,1,1,1,0,0,0,0,0,1,38.51862624287605
staged_manifest,3,79,1,0,0,1,1,1,0,0,0,0,0,1,32.527162693440914
staged_manifest,3,57,1,0,0,1,1,1,0,0,0,0,0,1,38.176958449184895
staged_manifest,3,4,1,0,0,1,1,1,0,0,0,0,0,1,11.887926608324051
staged_manifest,3,102,1,0,0,1,1,1,0,0,0,0,0,1,11.982817202806473
staged_manifest,3,109,1,0,0,1,1,1,0,0,0,0,0,1,12.067345902323723
staged_manifest,3,0,1,0,0,1,1,1,0,0,0,0,0,1,12.055141851305962
staged_manifest,3,127,1,0,0,1,1,1,0,0,0,0,0,1,11.795277707278728
staged_manifest,3,22,1,0,0,1,1,1,0,0,0,0,0,1,11.26596424728632
staged_manifest,3,54,1,0,0,1,1,1,0,0,0,0,0,1,11.356959119439125
staged_manifest,3,68,1,0,0,1,1,1,0,0,0,0,0,1,12.175528332591057
staged_manifest,3,85,1,0,0,1,1,1,0,0,0,0,0,1,11.726107448339462
staged_manifest,3,4,1,0,0,1,1,1,0,0,0,0,0,1,12.847228907048702
staged_manifest,3,33,1,0,0,1,1,1,0,0,0,0,0,1,13.076027855277061
staged_manifest,3,105,1,0,0,1,1,1,0,0,0,0,0,1,25.056046433746815
staged_manifest,3,86,2,0,0,2,2,2,0,0,0,0,0,1,31.850128434598446
staged_manifest,3,86,2,0,0,2,2,2,0,0,0,0,0,1,42.23471973091364
staged_manifest,3,19,1,0,0,1,1,1,0,0,0,0,0,1,42.22616273909807
staged_manifest,3,25,1,0,0,1,1,1,0,0,0,0,0,1,11.239578947424889
staged_manifest,3,4,2,0,0,2,2,2,0,0,0,0,0,1,11.429890990257263
staged_manifest,3,4,2,0,0,2,2,2,0,0,0,0,0,1,10.965012945234776
staged_manifest,3,21,1,0,0,1,1,1,0,0,0,0,0,1,11.297987774014473
staged_manifest,3,110,1,0,0,1,1,1,0,0,0,0,0,0,11.046118102967739
staged_manifest,3,0,2,0,0,2,2,2,0,0,0,0,0,0,11.88710704445839
staged_manifest,3,99,1,0,0,1,1,1,0,0,0,0,0,0,11.732744984328747
staged_manifest,3,104,2,0,0,2,2,2,0,0,0,0,0,0,11.910412460565567
staged_manifest,3,33,2,0,0,2,2,2,0,0,0,0,0,0,12.387231923639774
staged_manifest,3,72,2,0,0,2,2,2,0,0,0,0,0,1,12.409420683979988
staged_manifest,3,4,2,0,0,2,2,2,0,0,0,0,0,1,12.080728076398373
staged_manifest,3,54,2,0,0,2,2,2,0,0,0,0,0,1,11.765110306441784
staged_manifest,3,61,1,0,0,1,1,1,0,0,0,0,0,1,11.44773792475462
staged_manifest,3,120,1,0,0,1,1,1,0,0,0,0,0,1,11.436515487730503
staged_manifest,3,109,1,0,0,1,1,1,0,0,0,0,0,1,11.514115147292614
staged_manifest,3,89,1,0,0,1,1,1,0,0,0,0,0,1,11.125831864774227
staged_manifest,3,109,1,0,0,1,1,1,0,0,0,0,0,1,11.820942163467407
staged_manifest,3,58,1,0,0,1,1,1,0,0,0,0,0,1,11.812973767518997
staged_manifest,3,15,1,0,0,1,1,1,0,0,0,0,0,1,12.393851764500141
staged_manifest,3,89,1,0,0,1,1,1,0,0,0,0,0,1,11.953403241932392
staged_manifest,3,61,1,0,0,1,1,1,0,0,0,0,0,1,11.819259263575077
staged_manifest,3,38,1,0,0,1,1,1,0,0,0,0,0,1,12.093467637896538
staged_manifest,3,78,1,0,0,1,1,1,0,0,0,0,0,1,11.776070110499859
staged_manifest,3,69,1,0,0,1,1,1,0,0,0,0,0,1,11.782563291490078
staged_manifest,3,63,1,0,0,1,1,1,0,0,0,0,0,1,11.962519958615303
staged_manifest,3,41,1,0,0,1,1,1,0,0,0,0,0,1,12.731367722153664
staged_manifest,3,94,1,0,0,1,1,1,0,0,0,0,0,1,26.651887223124504
staged_manifest,3,127,1,0,0,1,1,1,0,0,0,0,0,1,33.48460607230663
staged_manifest,3,109,1,0,0,1,1,1,0,0,0,0,0,1,39.84435833990574
staged_manifest,3,15,1,0,0,1,1,1,0,0,0,0,0,1,11.992910876870155
staged_manifest,3,79,2,1,0,,,,0,0,0,0,0,1,11.513309553265572
staged_manifest,3,7,1,0,0,1,1,1,0,0,0,0,0,1,11.660340242087841
staged_manifest,3,125,1,0,0,1,1,1,0,0,0,0,0,1,11.41854003071785
staged_manifest,3,109,1,0,0,1,1,1,0,0,0,0,0,1,11.098443530499935
staged_manifest,3,119,1,0,0,1,1,1,0,0,0,0,0,1,11.79975364357233
staged_manifest,3,69,1,0,0,1,1,1,0,0,0,0,0,1,11.405972763895988
staged_manifest,3,121,1,0,0,1,1,1,0,0,0,0,0,1,11.622792109847069
staged_manifest,3,7,1,0,0,1,1,1,0,0,0,0,0,1,29.113344848155975
staged_manifest,3,69,1,0,0,1,1,1,0,0,0,0,0,1,41.59794840961695
staged_manifest,3,69,1,0,0,1,1,1,0,0,0,0,0,1,42.43038222193718
staged_manifest,3,109,1,0,0,1,1,1,0,0,0,0,0,1,42.12050139904022
staged_manifest,3,7,1,0,0,1,1,1,0,0,0,0,0,1,12.960595078766346
staged_manifest,3,74,1,0,0,1,1,1,0,0,0,0,0,1,12.604137882590294
staged_manifest,3,120,1,0,0,1,1,1,0,0,0,0,0,1,11.98684610426426
staged_manifest,3,109,1,0,0,1,1,1,0,0,0,0,0,1,12.17249222099781
staged_manifest,3,95,1,0,0,1,1,1,0,0,0,0,0,1,12.041769921779633
staged_manifest,3,25,1,0,0,1,1,1,0,0,0,0,0,1,12.489170767366886
staged_manifest,3,81,2,0,0,2,2,2,0,0,0,0,0,1,12.68118992447853
staged_manifest,3,109,1,0,0,1,1,1,0,0,0,0,0,1,12.811477296054363
staged_manifest,3,94,2,0,0,2,2,2,0,0,0,0,0,1,33.505250699818134
staged_manifest,3,25,2,0,0,2,2,2,0,0,0,0,0,1,33.38160086423159
staged_manifest,3,36,2,1,0,,,,0,0,0,0,0,1,33.08001812547445
staged_manifest,3,78,2,0,0,2,2,2,0,0,0,0,0,1,33.57273247092962
staged_manifest,3,106,2,0,0,2,2,2,0,0,0,0,0,1,11.29138097167015
staged_manifest,3,110,1,0,0,1,1,1,0,0,0,0,0,1,11.067621409893036
staged_manifest,3,109,2,0,0,2,2,2,0,0,0,0,0,1,11.53639331459999
staged_manifest,3,106,2,0,0,2,2,2,0,0,0,0,0,1,11.553545482456684
staged_manifest,3,64,1,0,0,1,1,1,0,0,0,0,0,1,11.241918429732323
staged_manifest,3,95,2,0,0,2,2,2,0,0,0,0,0,1,11.79311703890562
staged_manifest,3,120,2,1,0,,,,0,0,0,0,0,0,12.273122556507587
staged_manifest,3,61,2,0,0,2,2,2,0,0,0,0,0,0,12.364916503429413
staged_manifest,3,52,1,0,0,1,1,1,0,0,0,0,0,0,11.859934777021408
staged_manifest,3,69,2,0,0,2,2,2,0,0,0,0,0,0,11.820957064628601
staged_manifest,3,58,2,0,0,2,2,2,0,0,0,0,0,0,11.672922410070896
staged_manifest,3,7,2,0,0,2,2,2,0,0,0,0,0,1,12.31326162815094
staged_manifest,3,41,1,0,0,1,1,1,0,0,0,0,0,1,11.96434535086155
staged_manifest,3,8,1,0,0,1,1,1,0,0,0,0,0,1,11.949143372476101
staged_manifest,3,76,1,0,0,1,1,1,0,0,0,0,0,1,11.201177723705769
staged_manifest,3,100,1,0,0,1,1,1,0,0,0,0,0,1,10.902974754571915
staged_manifest,3,9,1,0,0,1,1,1,0,0,0,0,0,1,11.423838324844837
staged_manifest,3,73,1,0,0,1,1,1,0,0,0,0,0,1,11.774269863963127
staged_manifest,3,127,1,0,0,1,1,1,0,0,0,0,0,1,11.749845929443836
staged_manifest,3,75,1,0,0,1,1,1,0,0,0,0,0,1,11.268517933785915
staged_manifest,3,18,1,0,0,1,1,1,0,0,0,0,0,1,11.588904075324535
staged_manifest,3,22,1,0,0,1,1,1,0,0,0,0,0,1,11.8588637560606
staged_manifest,3,65,1,0,0,1,1,1,0,0,0,0,0,1,11.930623091757298
staged_manifest,3,24,1,0,0,1,1,1,0,0,0,0,0,1,19.903890788555145
staged_manifest,3,75,1,0,0,1,1,1,0,0,0,0,0,1,15.421750023961067
staged_manifest,3,22,1,0,0,1,1,1,0,0,0,0,0,1,32.69548062235117
staged_manifest,3,18,1,0,0,1,1,1,0,0,0,0,0,1,33.42331852763891
staged_manifest,3,114,1,0,0,1,1,1,0,0,0,0,0,1,11.540185660123825
staged_manifest,3,88,1,0,0,1,1,1,0,0,0,0,0,1,11.427933350205421
staged_manifest,3,8,1,0,0,1,1,1,0,0,0,0,0,1,10.961608029901981
staged_manifest,3,105,1,0,0,1,1,1,0,0,0,0,0,1,11.77569292485714
staged_manifest,3,75,1,0,0,1,1,1,0,0,0,0,0,1,12.779586017131805
staged_manifest,3,9,1,0,0,1,1,1,0,0,0,0,0,1,13.155655935406685
staged_manifest,3,75,1,0,0,1,1,1,0,0,0,0,0,1,13.517697341740131
staged_manifest,3,76,1,0,0,1,1,1,0,0,0,0,0,1,13.67371715605259
staged_manifest,3,100,1,0,0,1,1,1,0,0,0,0,0,1,12.988337315618992
staged_manifest,3,103,1,0,0,1,1,1,0,0,0,0,0,1,19.22663487493992
staged_manifest,3,75,1,0,0,1,1,1,0,0,0,0,0,1,26.391055434942245
staged_manifest,3,103,1,0,0,1,1,1,0,0,0,0,0,1,18.388863652944565
staged_manifest,3,41,1,0,0,1,1,1,0,0,0,0,0,1,25.83639044314623
staged_manifest,3,73,1,0,0,1,1,1,0,0,0,0,0,1,11.713720858097076
staged_manifest,3,88,1,0,0,1,1,1,0,0,0,0,0,1,12.030109763145447
staged_manifest,3,22,1,0,0,1,1,1,0,0,0,0,0,1,12.042326852679253
staged_manifest,3,76,1,0,0,1,1,1,0,0,0,0,0,1,11.865375563502312
staged_manifest,3,75,1,0,0,1,1,1,0,0,0,0,0,1,11.807681061327457
staged_manifest,3,18,1,0,0,1,1,1,0,0,0,0,0,1,11.670871637761593
staged_manifest,3,64,1,0,0,1,1,1,0,0,0,0,0,1,11.783121153712273
staged_manifest,3,18,1,0,0,1,1,1,0,0,0,0,0,1,11.509610339999199
staged_manifest,3,88,1,0,0,1,1,1,0,0,0,0,0,1,11.564811691641808
staged_manifest,3,127,2,0,0,2,2,2,0,0,0,0,0,1,18.404054455459118
staged_manifest,3,42,1,0,0,1,1,1,0,0,0,0,0,1,17.81522762030363
staged_manifest,3,65,2,1,0,,,,0,0,0,0,0,1,19.159968942403793
staged_manifest,3,127,2,0,0,2,2,2,0,0,0,0,0,1,31.542958691716194
staged_manifest,3,103,2,0,0,2,2,2,0,0,0,0,0,1,11.341755278408527
staged_manifest,3,110,1,0,0,1,1,1,0,0,0,0,0,1,10.972095653414726
staged_manifest,3,65,2,1,0,,,,0,0,0,0,0,1,12.021981179714203
staged_manifest,3,41,2,1,0,,,,0,0,0,0,0,1,11.52409054338932
staged_manifest,3,109,2,0,0,2,2,2,0,0,0,0,0,0,12.388499453663826
staged_manifest,3,18,2,0,0,2,2,2,0,0,0,0,0,0,11.986748315393925
staged_manifest,3,18,2,0,0,2,2,2,0,0,0,0,0,0,11.966274119913578
staged_manifest,3,127,2,0,0,2,2,2,0,0,0,0,0,0,12.436645105481148
staged_manifest,3,103,2,0,0,2,2,2,0,0,0,0,0,0,11.851130053400993
staged_manifest,3,127,2,0,0,2,2,2,0,0,0,0,0,1,12.023020535707474
staged_manifest,3,75,2,0,0,2,2,2,0,0,0,0,0,1,12.19853200018406
staged_manifest,3,3,2,0,0,2,2,2,0,0,0,0,0,1,11.862779036164284
staged_manifest,3,21,2,0,0,2,2,2,0,0,0,0,0,1,11.906160973012447
staged_manifest,3,24,1,0,0,1,1,1,0,0,0,0,0,1,11.86192687600851
staged_manifest,3,15,2,0,0,2,2,2,0,0,0,0,0,1,11.851102113723755
staged_manifest,3,66,1,0,0,1,1,1,0,0,0,0,0,1,11.478178203105927
staged_manifest,3,90,1,0,0,1,1,1,0,0,0,0,0,1,11.635001748800278
staged_manifest,3,57,1,0,0,1,1,1,0,0,0,0,0,1,11.190483346581459
staged_manifest,3,24,1,0,0,1,1,1,0,0,0,0,0,1,12.065669521689415
staged_manifest,3,80,1,0,0,1,1,1,0,0,0,0,0,1,11.744067072868347
staged_manifest,3,86,2,0,0,2,2,2,0,0,0,0,0,1,11.58843282610178
staged_manifest,3,99,1,0,0,1,1,1,0,0,0,0,0,1,11.65594533085823
staged_manifest,3,52,1,0,0,1,1,1,0,0,0,0,0,1,11.55382115393877
staged_manifest,3,61,2,0,0,2,2,2,0,0,0,0,0,1,23.112365044653416
staged_manifest,3,83,1,0,0,1,1,1,0,0,0,0,0,1,15.372805297374725
staged_manifest,3,62,1,0,0,1,1,1,0,0,0,0,0,1,26.721703819930553
staged_manifest,3,52,1,0,0,1,1,1,0,0,0,0,0,1,36.82002238929272
staged_manifest,3,77,1,0,0,1,1,1,0,0,0,0,0,1,12.813109904527664
staged_manifest,3,35,1,0,0,1,1,1,0,0,0,0,0,1,12.330462224781513
staged_manifest,3,5,1,0,0,1,1,1,0,0,0,0,0,1,12.617475353181362
staged_manifest,3,59,1,0,0,1,1,1,0,0,0,0,0,1,12.901141308248043
staged_manifest,3,77,1,0,0,1,1,1,0,0,0,0,0,1,12.12874986231327
staged_manifest,3,24,1,0,0,1,1,1,0,0,0,0,0,1,12.181936763226986
staged_manifest,3,74,2,0,0,2,2,2,0,0,0,0,0,1,11.733410879969597
staged_manifest,3,24,1,0,0,1,1,1,0,0,0,0,0,1,11.845221742987633
staged_manifest,3,50,1,0,0,1,1,1,0,0,0,0,0,1,11.923648416996002
staged_manifest,3,5,1,0,0,1,1,1,0,0,0,0,0,1,12.035481631755829
staged_manifest,3,62,1,0,0,1,1,1,0,0,0,0,0,1,12.53140065819025
staged_manifest,3,52,1,0,0,1,1,1,0,0,0,0,0,1,12.43354007601738
staged_manifest,3,59,1,0,0,1,1,1,0,0,0,0,0,1,25.73016844689846
staged_manifest,3,12,1,0,0,1,1,1,0,0,0,0,0,1,18.02897360175848
staged_manifest,3,84,1,0,0,1,1,1,0,0,0,0,0,1,24.32043571025133
staged_manifest,3,80,1,0,0,1,1,1,0,0,0,0,0,1,31.77438024431467
staged_manifest,3,59,1,0,0,1,1,1,0,0,0,0,0,1,11.388050392270088
staged_manifest,3,125,1,0,0,1,1,1,0,0,0,0,0,1,11.81288342922926
staged_manifest,3,114,1,0,0,1,1,1,0,0,0,0,0,1,11.95538230240345
staged_manifest,3,32,1,0,0,1,1,1,0,0,0,0,0,1,12.1698547154665
staged_manifest,3,90,1,0,0,1,1,1,0,0,0,0,0,1,12.11519818753004
staged_manifest,3,35,1,0,0,1,1,1,0,0,0,0,0,1,11.66395004838705
staged_manifest,3,24,1,0,0,1,1,1,0,0,0,0,0,1,11.975564062595367
staged_manifest,3,80,1,0,0,1,1,1,0,0,0,0,0,1,11.907849460840225
staged_manifest,3,114,2,1,0,,,,0,0,0,0,0,1,16.48867968469858
staged_manifest,3,83,2,0,0,2,2,2,0,0,0,0,0,1,22.39147759974003
staged_manifest,3,70,1,0,0,1,1,1,0,0,0,0,0,1,32.57595747709274
staged_manifest,3,52,2,0,0,2,2,2,0,0,0,0,0,1,32.9353678971529
staged_manifest,3,100,2,0,0,2,2,2,0,0,0,0,0,1,12.195799499750137
staged_manifest,3,80,2,0,0,2,2,2,0,0,0,0,0,1,12.527607381343842
staged_manifest,3,24,2,0,0,2,2,2,0,0,0,0,0,1,12.122531421482563
staged_manifest,3,50,2,1,0,,,,0,0,0,0,0,1,12.159918434917927
staged_manifest,3,114,2,1,0,,,,0,0,0,0,0,1,11.498606763780117
staged_manifest,3,37,1,0,0,1,1,1,0,0,0,0,0,1,11.724038980901241
staged_manifest,3,90,2,0,0,2,2,2,0,0,0,0,0,0,11.658405885100365
staged_manifest,3,24,2,0,0,2,2,2,0,0,0,0,0,0,11.634386144578457
staged_manifest,3,5,2,1,0,,,,0,0,0,0,0,0,11.384018696844578
staged_manifest,3,5,2,1,0,,,,0,0,0,0,0,0,10.944285430014133
staged_manifest,3,90,2,0,0,2,2,2,0,0,0,0,0,0,11.297564953565598
staged_manifest,3,14,1,0,0,1,1,1,0,0,0,0,0,1,11.709135957062244
staged_manifest,3,99,1,0,0,1,1,1,0,0,0,0,0,1,11.582940816879272
staged_manifest,3,80,2,0,0,2,2,2,0,0,0,0,0,1,12.109695933759212
staged_manifest,3,80,2,0,0,2,2,2,0,0,0,0,0,1,12.07253523170948
staged_manifest,3,6,1,0,0,1,1,1,0,0,0,0,0,1,11.816398240625858
staged_manifest,3,118,1,0,0,1,1,1,0,0,0,0,0,1,11.436865665018559
staged_manifest,3,118,1,0,0,1,1,1,0,0,0,0,0,1,11.76399551331997
staged_manifest,3,57,1,0,0,1,1,1,0,0,0,0,0,1,11.650835163891315
staged_manifest,3,110,1,0,0,1,1,1,0,0,0,0,0,1,11.379053816199303
staged_manifest,3,101,1,0,0,1,1,1,0,0,0,0,0,1,10.92036534100771
staged_manifest,3,87,1,0,0,1,1,1,0,0,0,0,0,1,11.001115664839745
staged_manifest,3,49,1,0,0,1,1,1,0,0,0,0,0,1,11.552860960364342
staged_manifest,3,87,1,0,0,1,1,1,0,0,0,0,0,1,11.854583397507668
staged_manifest,3,116,1,0,0,1,1,1,0,0,0,0,0,1,11.928502470254898
staged_manifest,3,87,1,0,0,1,1,1,0,0,0,0,0,1,11.798962019383907
staged_manifest,3,70,1,0,0,1,1,1,0,0,0,0,0,1,12.172883376479149
staged_manifest,3,105,1,0,0,1,1,1,0,0,0,0,0,1,11.68185193091631
staged_manifest,3,28,1,0,0,1,1,1,0,0,0,0,0,1,22.437122650444508
staged_manifest,3,57,1,0,0,1,1,1,0,0,0,0,0,1,22.352691739797592
staged_manifest,3,118,1,0,0,1,1,1,0,0,0,0,0,1,18.1574784219265
staged_manifest,3,57,1,0,0,1,1,1,0,0,0,0,0,1,36.38587985187769
staged_manifest,3,98,1,0,0,1,1,1,0,0,0,0,0,1,11.825867928564548
staged_manifest,3,118,1,0,0,1,1,1,0,0,0,0,0,1,11.290295049548149
staged_manifest,3,98,1,0,0,1,1,1,0,0,0,0,0,1,10.983951389789581
staged_manifest,3,87,1,0,0,1,1,1,0,0,0,0,0,1,11.257577687501907
staged_manifest,3,98,1,0,0,1,1,1,0,0,0,0,0,1,10.653662495315075
staged_manifest,3,1,1,0,0,1,1,1,0,0,0,0,0,1,10.836035013198853
staged_manifest,3,6,1,0,0,1,1,1,0,0,0,0,0,1,11.758810840547085
staged_manifest,3,110,1,0,0,1,1,1,0,0,0,0,0,1,11.517592705786228
staged_manifest,3,116,1,0,0,1,1,1,0,0,0,0,0,1,12.1274059638381
staged_manifest,3,9,1,0,0,1,1,1,0,0,0,0,0,1,11.602373793721199
staged_manifest,3,40,1,0,0,1,1,1,0,0,0,0,0,1,18.39148160070181
staged_manifest,3,124,1,0,0,1,1,1,0,0,0,0,0,1,28.5049919039011
staged_manifest,3,87,1,0,0,1,1,1,0,0,0,0,0,1,28.06698065251112
staged_manifest,3,19,1,0,0,1,1,1,0,0,0,0,0,1,10.921502485871315
staged_manifest,3,19,1,0,0,1,1,1,0,0,0,0,0,1,11.58333383500576
staged_manifest,3,9,1,0,0,1,1,1,0,0,0,0,0,1,11.10947411507368
staged_manifest,3,6,1,0,0,1,1,1,0,0,0,0,0,1,12.319554574787617
staged_manifest,3,65,2,1,0,,,,0,0,0,0,0,1,11.624624952673912
staged_manifest,3,9,1,0,0,1,1,1,0,0,0,0,0,1,12.52018567174673
staged_manifest,3,118,1,0,0,1,1,1,0,0,0,0,0,1,12.424024753272533
staged_manifest,3,119,2,0,0,2,2,2,0,0,0,0,0,1,14.023510739207268
staged_manifest,3,94,2,0,0,2,2,2,0,0,0,0,0,1,14.263099990785122
staged_manifest,3,67,1,0,0,1,1,1,0,0,0,0,0,1,24.230051785707474
staged_manifest,3,117,2,1,0,,,,0,0,0,0,0,1,30.688319355249405
staged_manifest,3,117,2,1,0,,,,0,0,0,0,0,1,11.529418639838696
staged_manifest,3,19,2,0,0,2,2,2,0,0,0,0,0,1,11.493158526718616
staged_manifest,3,49,2,1,0,,,,0,0,0,0,0,1,11.451814323663712
staged_manifest,3,79,2,1,0,,,,0,0,0,0,0,1,11.16276066750288
staged_manifest,3,20,2,0,0,2,2,2,0,0,0,0,0,1,11.290017515420914
staged_manifest,3,11,1,0,0,1,1,1,0,0,0,0,0,0,11.636359617114067
staged_manifest,3,5,2,1,0,,,,0,0,0,0,0,0,11.393063701689243
staged_manifest,3,9,2,0,0,2,2,2,0,0,0,0,0,0,11.553282849490643
staged_manifest,3,118,2,0,0,2,2,2,0,0,0,0,0,0,11.409870348870754
staged_manifest,3,98,2,0,0,2,2,2,0,0,0,0,0,1,11.410296894609928
staged_manifest,3,48,2,0,0,2,2,2,0,0,0,0,0,1,11.83220837265253
staged_manifest,3,9,2,0,0,2,2,2,0,0,0,0,0,1,11.91265881061554
staged_manifest,3,116,2,1,0,,,,0,0,0,0,0,1,11.981721967458725
staged_manifest,3,82,1,0,0,1,1,1,0,0,0,0,0,1,11.637941002845764
staged_manifest,3,99,1,0,0,1,1,1,0,0,0,0,0,1,12.190606445074081
staged_manifest,3,8,1,0,0,1,1,1,0,0,0,0,0,1,12.29992788285017
staged_manifest,3,108,1,0,0,1,1,1,0,0,0,0,0,1,12.346433475613594
staged_manifest,3,23,1,0,0,1,1,1,0,0,0,0,0,1,13.209506869316101
staged_manifest,3,82,1,0,0,1,1,1,0,0,0,0,0,1,12.895754538476467
staged_manifest,3,4,2,0,0,2,2,2,0,0,0,0,0,1,14.121771790087223
staged_manifest,3,115,1,0,0,1,1,1,0,0,0,0,0,1,14.299527741968632
staged_manifest,3,51,1,0,0,1,1,1,0,0,0,0,0,1,14.11629468202591
staged_manifest,3,43,1,0,0,1,1,1,0,0,0,0,0,1,14.133524149656296
staged_manifest,3,8,1,0,0,1,1,1,0,0,0,0,0,1,29.351990669965744
staged_manifest,3,111,1,0,0,1,1,1,0,0,0,0,0,1,25.09445510804653
staged_manifest,3,14,1,0,0,1,1,1,0,0,0,0,0,1,31.903792172670364
staged_manifest,3,108,1,0,0,1,1,1,0,0,0,0,0,1,23.6586956307292
staged_manifest,3,28,1,0,0,1,1,1,0,0,0,0,0,1,11.885004118084908
staged_manifest,3,23,1,0,0,1,1,1,0,0,0,0,0,1,11.294988915324211
staged_manifest,3,123,1,0,0,1,1,1,0,0,0,0,0,1,12.074202299118042
staged_manifest,3,32,1,0,0,1,1,1,0,0,0,0,0,1,12.107603251934052
staged_manifest,3,43,1,0,0,1,1,1,0,0,0,0,0,1,12.213429436087608
staged_manifest,3,51,1,0,0,1,1,1,0,0,0,0,0,1,12.308334931731224
staged_manifest,3,109,2,0,0,2,2,2,0,0,0,0,0,1,12.182525359094143
staged_manifest,3,8,1,0,0,1,1,1,0,0,0,0,0,1,11.684521101415157
staged_manifest,3,66,2,0,0,2,2,2,0,0,0,0,0,1,11.713456362485886
staged_manifest,3,37,1,0,0,1,1,1,0,0,0,0,0,1,11.850086972117424
staged_manifest,3,38,1,0,0,1,1,1,0,0,0,0,0,1,11.329161003232002
staged_manifest,3,32,1,0,0,1,1,1,0,0,0,0,0,1,15.186724252998829
staged_manifest,3,111,1,0,0,1,1,1,0,0,0,0,0,1,15.59929084032774
staged_manifest,3,51,1,0,0,1,1,1,0,0,0,0,0,1,28.874424286186695
staged_manifest,3,40,1,0,0,1,1,1,0,0,0,0,0,1,32.94058423489332
staged_manifest,3,14,1,0,0,1,1,1,0,0,0,0,0,1,16.547666862607002
staged_manifest,3,86,2,0,0,2,2,2,0,0,0,0,0,1,16.592013649642467
staged_manifest,3,49,2,1,0,,,,0,0,0,0,0,1,16.538425348699093
staged_manifest,3,0,2,0,0,2,2,2,0,0,0,0,0,1,12.304798699915409
staged_manifest,3,38,1,0,0,1,1,1,0,0,0,0,0,1,12.266106903553009
staged_manifest,3,110,1,0,0,1,1,1,0,0,0,0,0,1,12.15458195656538
staged_manifest,3,38,1,0,0,1,1,1,0,0,0,0,0,1,12.123754248023033
staged_manifest,3,124,1,0,0,1,1,1,0,0,0,0,0,1,11.64612639695406
staged_manifest,3,108,1,0,0,1,1,1,0,0,0,0,0,1,11.9633162394166
staged_manifest,3,123,1,0,0,1,1,1,0,0,0,0,0,1,12.128034606575966
staged_manifest,3,8,2,0,0,2,2,2,0,0,0,0,0,1,15.13384934514761
staged_manifest,3,110,2,0,0,2,2,2,0,0,0,0,0,1,21.924891509115696
staged_manifest,3,42,2,0,0,2,2,2,0,0,0,0,0,1,19.131621345877647
staged_manifest,3,123,2,1,0,,,,0,0,0,0,0,1,32.17256162315607
staged_manifest,3,6,2,0,0,2,2,2,0,0,0,0,0,1,11.946389451622963
staged_manifest,3,107,1,0,0,1,1,1,0,0,0,0,0,1,11.79535873234272
staged_manifest,3,124,2,0,0,2,2,2,0,0,0,0,0,1,11.704753153026104
staged_manifest,3,62,2,0,0,2,2,2,0,0,0,0,0,1,11.40301302075386
staged_manifest,3,40,2,0,0,2,2,2,0,0,0,0,0,1,11.59515231847763
staged_manifest,3,37,2,0,0,2,2,2,0,0,0,0,0,1,11.966259218752384
staged_manifest,3,123,2,1,0,,,,0,0,0,0,0,1,12.247058562934399
staged_manifest,3,9,2,0,0,2,2,2,0,0,0,0,0,1,12.355087324976921
staged_manifest,3,43,2,1,0,,,,0,0,0,0,0,0,12.011214159429073
staged_manifest,3,108,2,0,0,2,2,2,0,0,0,0,0,0,11.768918484449387
staged_manifest,3,100,2,0,0,2,2,2,0,0,0,0,0,0,11.696693487465382
staged_manifest,3,111,2,0,0,2,2,2,0,0,0,0,0,0,12.432165443897247
staged_manifest,3,111,2,0,0,2,2,2,0,0,0,0,0,1,12.945267371833324
staged_manifest,3,69,2,0,0,2,2,2,0,0,0,0,0,1,12.868523597717285
staged_manifest,3,82,2,1,0,,,,0,0,0,0,0,1,12.217769399285316
staged_manifest,3,17,1,0,0,1,1,1,0,0,0,0,0,1,11.82456687092781
staged_manifest,3,39,1,0,0,1,1,1,0,0,0,0,0,1,11.773480102419853
staged_manifest,3,92,1,0,0,1,1,1,0,0,0,0,0,1,12.02292274683714
staged_manifest,3,101,1,0,0,1,1,1,0,0,0,0,0,1,11.44659798592329
staged_manifest,3,55,1,0,0,1,1,1,0,0,0,0,0,1,11.794162914156914
staged_manifest,3,34,1,0,0,1,1,1,0,0,0,0,0,1,12.26221863180399
staged_manifest,3,2,1,0,0,1,1,1,0,0,0,0,0,1,12.263997457921505
staged_manifest,3,31,1,0,0,1,1,1,0,0,0,0,0,1,12.165267951786518
staged_manifest,3,63,1,0,0,1,1,1,0,0,0,0,0,1,11.835167184472084
staged_manifest,3,2,1,0,0,1,1,1,0,0,0,0,0,1,11.592473834753036
staged_manifest,3,11,1,0,0,1,1,1,0,0,0,0,0,1,11.177229695022106
staged_manifest,3,115,1,0,0,1,1,1,0,0,0,0,0,1,11.894972063601017
staged_manifest,3,31,1,0,0,1,1,1,0,0,0,0,0,1,9.715789929032326
staged_manifest,3,56,1,0,0,1,1,1,0,0,0,0,0,1,25.780707597732544
staged_manifest,3,63,1,0,0,1,1,1,0,0,0,0,0,1,33.00285618752241
staged_manifest,3,115,1,0,0,1,1,1,0,0,0,0,0,1,29.1053568944335
staged_manifest,3,112,1,0,0,1,1,1,0,0,0,0,0,1,11.057252064347267
staged_manifest,3,96,1,0,0,1,1,1,0,0,0,0,0,1,11.461255140602589
staged_manifest,3,56,1,0,0,1,1,1,0,0,0,0,0,1,11.636100709438324
staged_manifest,3,111,2,0,0,2,2,2,0,0,0,0,0,1,11.701616458594799
staged_manifest,3,60,1,0,0,1,1,1,0,0,0,0,0,1,11.872434988617897
staged_manifest,3,112,1,0,0,1,1,1,0,0,0,0,0,1,11.860692873597145
staged_manifest,3,92,1,0,0,1,1,1,0,0,0,0,0,1,12.471893802285194
staged_manifest,3,90,2,0,0,2,2,2,0,0,0,0,0,1,12.402578257024288
staged_manifest,3,39,1,0,0,1,1,1,0,0,0,0,0,1,12.140263803303242
staged_manifest,3,122,1,0,0,1,1,1,0,0,0,0,0,1,13.368348591029644
staged_manifest,3,11,1,0,0,1,1,1,0,0,0,0,0,1,26.128938421607018
staged_manifest,3,101,1,0,0,1,1,1,0,0,0,0,0,1,22.35220931470394
staged_manifest,3,115,1,0,0,1,1,1,0,0,0,0,0,1,28.773504309356213
staged_manifest,3,55,1,0,0,1,1,1,0,0,0,0,0,1,11.70368492603302
staged_manifest,3,101,1,0,0,1,1,1,0,0,0,0,0,1,11.996131390333176
staged_manifest,3,71,1,0,0,1,1,1,0,0,0,0,0,1,12.12137658149004
staged_manifest,3,2,1,0,0,1,1,1,0,0,0,0,0,1,11.995350010693073
staged_manifest,3,87,2,1,0,,,,0,0,0,0,0,1,12.016025371849537
staged_manifest,3,122,1,0,0,1,1,1,0,0,0,0,0,1,11.797868646681309
staged_manifest,3,115,1,0,0,1,1,1,0,0,0,0,0,1,11.429221369326115
staged_manifest,3,71,2,0,0,2,2,2,0,0,0,0,0,1,17.89917331188917
staged_manifest,3,60,2,1,0,,,,0,0,0,0,0,1,18.33115052431822
staged_manifest,3,2,2,1,0,,,,0,0,0,0,0,1,17.572330310940742
staged_manifest,3,31,2,0,0,2,2,2,0,0,0,0,0,1,31.405645422637463
staged_manifest,3,41,2,1,0,,,,0,0,0,0,0,1,11.457688175141811
staged_manifest,3,69,2,0,0,2,2,2,0,0,0,0,0,1,11.75716519355774
staged_manifest,3,17,2,0,0,2,2,2,0,0,0,0,0,1,11.91276777535677
staged_manifest,3,17,2,0,0,2,2,2,0,0,0,0,0,1,11.424296535551548
staged_manifest,3,56,2,1,0,,,,0,0,0,0,0,0,11.714451014995575
staged_manifest,3,27,2,0,0,2,2,2,0,0,0,0,0,0,12.263604439795017
staged_manifest,3,122,2,0,0,2,2,2,0,0,0,0,0,0,12.57934607565403
staged_manifest,3,55,2,0,0,2,2,2,0,0,0,0,0,0,12.469591572880745
staged_manifest,3,63,2,0,0,2,2,2,0,0,0,0,0,1,12.348031625151634
staged_manifest,3,2,2,1,0,,,,0,0,0,0,0,1,12.202720157802105
staged_manifest,3,17,2,0,0,2,2,2,0,0,0,0,0,1,12.490281835198402
staged_manifest,3,125,2,0,0,2,2,2,0,0,0,0,0,1,12.044954113662243
staged_manifest,3,99,1,0,0,1,1,1,0,0,0,0,0,1,12.030177749693394
staged_manifest,3,49,2,1,0,,,,0,0,0,0,0,1,11.963734403252602
staged_manifest,3,23,2,1,0,,,,0,0,0,0,0,1,11.508345603942871
staged_manifest,3,28,1,0,0,1,1,1,0,0,0,0,0,1,11.368117295205593
staged_manifest,3,67,1,0,0,1,1,1,0,0,0,0,0,1,11.761093512177467
staged_manifest,3,93,1,0,0,1,1,1,0,0,0,0,0,1,11.825754307210445
staged_manifest,3,44,1,0,0,1,1,1,0,0,0,0,0,1,11.730805039405823
staged_manifest,3,37,2,0,0,2,2,2,0,0,0,0,0,1,11.762924492359161
staged_manifest,3,28,1,0,0,1,1,1,0,0,0,0,0,1,12.132748030126095
staged_manifest,3,93,1,0,0,1,1,1,0,0,0,0,0,1,11.30323950201273
staged_manifest,3,44,1,0,0,1,1,1,0,0,0,0,0,1,11.914062313735485
staged_manifest,3,126,1,0,0,1,1,1,0,0,0,0,0,1,11.427570134401321
staged_manifest,3,44,1,0,0,1,1,1,0,0,0,0,0,1,12.33623456209898
staged_manifest,3,30,1,0,0,1,1,1,0,0,0,0,0,1,26.27554163336754
staged_manifest,3,33,2,0,0,2,2,2,0,0,0,0,0,1,25.941957719624043
staged_manifest,3,96,1,0,0,1,1,1,0,0,0,0,0,1,36.28380969166756
staged_manifest,3,126,1,0,0,1,1,1,0,0,0,0,0,1,11.620208621025085
staged_manifest,3,44,1,0,0,1,1,1,0,0,0,0,0,1,11.785744689404964
staged_manifest,3,45,1,0,0,1,1,1,0,0,0,0,0,1,12.211893685162067
staged_manifest,3,34,1,0,0,1,1,1,0,0,0,0,0,1,12.423411943018436
staged_manifest,3,103,2,0,0,2,2,2,0,0,0,0,0,1,13.195102103054523
staged_manifest,3,30,1,0,0,1,1,1,0,0,0,0,0,1,3.8863150402903557
staged_manifest,3,107,1,0,0,1,1,1,0,0,0,0,0,1,14.248589985072613
staged_manifest,3,96,1,0,0,1,1,1,0,0,0,0,0,1,10.62845066189766
staged_manifest,3,16,1,0,0,1,1,1,0,0,0,0,0,1,24.568211287260056
staged_manifest,3,91,1,0,0,1,1,1,0,0,0,0,0,1,15.506763011217117
staged_manifest,3,28,1,0,0,1,1,1,0,0,0,0,0,1,25.522513315081596
staged_manifest,3,99,1,0,0,1,1,1,0,0,0,0,0,1,19.45653185248375
staged_manifest,3,93,1,0,0,1,1,1,0,0,0,0,0,1,29.112261720001698
staged_manifest,3,96,1,0,0,1,1,1,0,0,0,0,0,1,12.22317386418581
staged_manifest,3,30,1,0,0,1,1,1,0,0,0,0,0,1,11.782467365264893
staged_manifest,3,97,1,0,0,1,1,1,0,0,0,0,0,1,11.219684034585953
staged_manifest,3,28,1,0,0,1,1,1,0,0,0,0,0,1,11.65673602372408
staged_manifest,3,67,1,0,0,1,1,1,0,0,0,0,0,1,11.320207267999649
staged_manifest,3,30,1,0,0,1,1,1,0,0,0,0,0,1,11.59731950610876
staged_manifest,3,114,2,1,0,,,,0,0,0,0,0,1,11.62563357502222
staged_manifest,3,29,1,0,0,1,1,1,0,0,0,0,0,1,10.923399589955807
staged_manifest,3,34,1,0,0,1,1,1,0,0,0,0,0,1,11.785905808210373
staged_manifest,3,107,1,0,0,1,1,1,0,0,0,0,0,1,11.445493437349796
staged_manifest,3,91,2,0,0,2,2,2,0,0,0,0,0,1,18.64071935415268
staged_manifest,3,98,2,0,0,2,2,2,0,0,0,0,0,1,18.283248879015446
staged_manifest,3,16,2,0,0,2,2,2,0,0,0,0,0,1,28.14219705760479
staged_manifest,3,107,2,0,0,2,2,2,0,0,0,0,0,1,22.654524073004723
staged_manifest,3,93,2,1,0,,,,0,0,0,0,0,1,12.567193247377872
staged_manifest,3,28,2,0,0,2,2,2,0,0,0,0,0,1,12.647517025470734
staged_manifest,3,99,2,0,0,2,2,2,0,0,0,0,0,1,12.893072329461575
staged_manifest,3,99,2,0,0,2,2,2,0,0,0,0,0,1,12.515651062130928
staged_manifest,3,91,2,0,0,2,2,2,0,0,0,0,0,1,12.579561211168766
staged_manifest,3,47,2,0,0,2,2,2,0,0,0,0,0,0,12.718509882688522
staged_manifest,3,71,2,0,0,2,2,2,0,0,0,0,0,0,12.46718317270279
staged_manifest,3,16,2,0,0,2,2,2,0,0,0,0,0,0,12.218477204442024
staged_manifest,3,97,2,0,0,2,2,2,0,0,0,0,0,0,11.78703736513853
staged_manifest,3,16,2,0,0,2,2,2,0,0,0,0,0,0,11.568055488169193
staged_manifest,3,93,2,1,0,,,,0,0,0,0,0,0,11.884771287441254
staged_manifest,3,67,2,0,0,2,2,2,0,0,0,0,0,0,12.369181029498577
staged_manifest,3,126,2,0,0,2,2,2,0,0,0,0,0,0,12.200146913528442
staged_manifest,3,47,2,0,0,2,2,2,0,0,0,0,0,0,12.241692282259464
staged_manifest,3,115,2,0,0,2,2,2,0,0,0,0,0,0,11.794092133641243
staged_manifest,3,30,2,0,0,2,2,2,0,0,0,0,0,0,11.70523650944233
staged_manifest,3,107,2,0,0,2,2,2,0,0,0,0,0,0,11.273161508142948
staged_manifest,3,91,2,0,0,2,2,2,0,0,0,0,0,0,11.352024972438812
staged_manifest,3,99,2,0,0,2,2,2,0,0,0,0,0,0,11.728652752935886
staged_manifest,3,47,2,0,0,2,2,2,0,0,0,0,0,0,11.929206550121307
staged_manifest,3,44,2,0,0,2,2,2,0,0,0,0,0,0,11.806568130850792
staged_manifest,3,99,2,0,0,2,2,2,0,0,0,0,0,0,11.50636188685894
staged_manifest,3,34,2,0,0,2,2,2,0,0,0,0,0,0,10.995783843100071
staged_manifest,3,97,2,0,0,2,2,2,0,0,0,0,0,0,11.800659820437431
staged_manifest,3,16,2,0,0,2,2,2,0,0,0,0,0,0,12.295451946556568
staged_manifest,3,115,2,0,0,2,2,2,0,0,0,0,0,0,12.527231127023697
staged_manifest,3,122,2,0,0,2,2,2,0,0,0,0,0,0,11.806219816207886
staged_manifest,3,29,2,1,0,,,,0,0,0,0,0,0,11.902897618710995
staged_manifest,3,96,2,1,0,,,,0,0,0,0,0,0,11.469284072518349
staged_manifest,3,67,2,0,0,2,2,2,0,0,0,0,0,0,11.43892016261816
staged_manifest,3,16,2,0,0,2,2,2,0,0,0,0,0,0,11.43935788422823
staged_manifest,3,91,2,0,0,2,2,2,0,0,0,0,0,0,12.166772969067097
staged_manifest,3,120,2,1,0,,,,0,0,0,0,0,0,12.29849923402071
staged_manifest,3,67,2,0,0,2,2,2,0,0,0,0,0,0,12.165136635303497
staged_manifest,3,30,2,0,0,2,2,2,0,0,0,0,0,0,12.077310122549534
staged_manifest,3,47,2,0,0,2,2,2,0,0,0,0,0,0,11.341617442667484
staged_manifest,3,50,2,1,0,,,,0,0,0,0,0,0,11.618449352681637
staged_manifest,4,26,1,0,0,1,1,1,0,0,0,0,0,1,3.4569185227155685
staged_manifest,4,8,1,0,0,1,1,1,0,0,0,0,0,1,7.130724377930164
staged_manifest,4,95,1,0,0,1,1,1,0,0,0,0,0,1,10.395287536084652
staged_manifest,4,77,1,0,0,1,1,1,0,0,0,0,0,1,12.47869711369276
staged_manifest,4,42,1,0,0,1,1,1,0,0,0,0,0,1,12.356409803032875
staged_manifest,4,42,1,0,0,1,1,1,0,0,0,0,0,1,13.133051805198193
staged_manifest,4,70,1,0,0,1,1,1,0,0,0,0,0,1,14.017482288181782
staged_manifest,4,52,1,0,0,1,1,1,0,0,0,0,0,1,14.208351261913776
staged_manifest,4,5,1,0,0,1,1,1,0,0,0,0,0,1,13.71314749121666
staged_manifest,4,25,1,0,0,1,1,1,0,0,0,0,0,1,12.919983826577663
staged_manifest,4,42,1,0,0,1,1,1,0,0,0,0,0,1,12.513100169599056
staged_manifest,4,85,1,0,0,1,1,1,0,0,0,0,0,1,23.91073852777481
staged_manifest,4,74,1,0,0,1,1,1,0,0,0,0,0,1,34.84248649328947
staged_manifest,4,115,1,0,0,1,1,1,0,0,0,0,0,1,22.79217354953289
staged_manifest,4,37,1,0,0,1,1,1,0,0,0,0,0,1,38.340482860803604
staged_manifest,4,65,1,0,0,1,1,1,0,0,0,0,0,1,12.852165848016739
staged_manifest,4,80,1,0,0,1,1,1,0,0,0,0,0,1,12.8502007573843
staged_manifest,4,65,1,0,0,1,1,1,0,0,0,0,0,1,12.583776377141476
staged_manifest,4,58,1,0,0,1,1,1,0,0,0,0,0,1,13.334380462765694
staged_manifest,4,23,1,0,0,1,1,1,0,0,0,0,0,1,13.069527223706245
staged_manifest,4,14,1,0,0,1,1,1,0,0,0,0,0,1,12.898333370685577
staged_manifest,4,25,1,0,0,1,1,1,0,0,0,0,0,1,12.467090971767902
staged_manifest,4,109,1,0,0,1,1,1,0,0,0,0,0,1,24.09427333623171
staged_manifest,4,16,1,0,0,1,1,1,0,0,0,0,0,1,31.28678258508444
staged_manifest,4,42,1,0,0,1,1,1,0,0,0,0,0,1,37.466960959136486
staged_manifest,4,24,1,0,0,1,1,1,0,0,0,0,0,1,44.70409359782934
staged_manifest,4,85,1,0,0,1,1,1,0,0,0,0,0,1,11.838815174996853
staged_manifest,4,42,1,0,0,1,1,1,0,0,0,0,0,1,11.918291449546814
staged_manifest,4,22,1,0,0,1,1,1,0,0,0,0,0,1,11.795179918408394
staged_manifest,4,85,1,0,0,1,1,1,0,0,0,0,0,1,11.802883818745613
staged_manifest,4,25,1,0,0,1,1,1,0,0,0,0,0,1,11.842112988233566
staged_manifest,4,99,1,0,0,1,1,1,0,0,0,0,0,1,11.77956536412239
staged_manifest,4,65,1,0,0,1,1,1,0,0,0,0,0,1,11.733243241906166
staged_manifest,4,114,1,0,0,1,1,1,0,0,0,0,0,1,11.347612366080284
staged_manifest,4,52,1,0,0,1,1,1,0,0,0,0,0,1,11.155771091580391
staged_manifest,4,28,1,0,0,1,1,1,0,0,0,0,0,1,22.775969468057156
staged_manifest,4,22,2,0,0,2,2,2,0,0,0,0,0,1,32.259032130241394
staged_manifest,4,85,2,0,0,2,2,2,0,0,0,0,0,1,32.196193002164364
staged_manifest,4,25,2,0,0,2,2,2,0,0,0,0,0,1,42.19834320247173
staged_manifest,4,96,1,0,0,1,1,1,0,0,0,0,0,1,11.059564538300037
staged_manifest,4,25,2,0,0,2,2,2,0,0,0,0,0,1,11.334582231938839
staged_manifest,4,71,1,0,0,1,1,1,0,0,0,0,0,1,12.036037631332874
staged_manifest,4,22,2,0,0,2,2,2,0,0,0,0,0,1,11.942877434194088
staged_manifest,4,80,2,0,0,2,2,2,0,0,0,0,0,0,12.02797144651413
staged_manifest,4,82,1,0,0,1,1,1,0,0,0,0,0,0,10.162063874304295
staged_manifest,4,22,2,0,0,2,2,2,0,0,0,0,0,0,12.210025452077389
staged_manifest,4,115,2,1,0,,,,0,0,0,0,0,0,12.603376992046833
staged_manifest,4,65,2,1,0,,,,0,0,0,0,0,1,12.243499048054218
staged_manifest,4,114,2,0,0,2,2,2,0,0,0,0,0,1,12.284398078918457
staged_manifest,4,44,2,0,0,2,2,2,0,0,0,0,0,1,11.83277741074562
staged_manifest,4,120,1,0,0,1,1,1,0,0,0,0,0,1,11.745430529117584
staged_manifest,4,47,1,0,0,1,1,1,0,0,0,0,0,1,12.29499839246273
staged_manifest,4,86,1,0,0,1,1,1,0,0,0,0,0,1,12.284882366657257
staged_manifest,4,123,1,0,0,1,1,1,0,0,0,0,0,1,12.3194120824337
staged_manifest,4,0,1,0,0,1,1,1,0,0,0,0,0,1,12.10953388363123
staged_manifest,4,3,1,0,0,1,1,1,0,0,0,0,0,1,12.10690662264824
staged_manifest,4,65,2,1,0,,,,0,0,0,0,0,1,11.720086447894573
staged_manifest,4,69,1,0,0,1,1,1,0,0,0,0,0,1,11.886795051395893
staged_manifest,4,3,1,0,0,1,1,1,0,0,0,0,0,1,11.784366331994534
staged_manifest,4,33,1,0,0,1,1,1,0,0,0,0,0,1,11.562522500753403
staged_manifest,4,42,2,0,0,2,2,2,0,0,0,0,0,1,12.281100265681744
staged_manifest,4,51,1,0,0,1,1,1,0,0,0,0,0,1,12.331672012805939
staged_manifest,4,101,1,0,0,1,1,1,0,0,0,0,0,1,29.36375606805086
staged_manifest,4,3,1,0,0,1,1,1,0,0,0,0,0,1,35.36953404545784
staged_manifest,4,37,1,0,0,1,1,1,0,0,0,0,0,1,32.05655515193939
staged_manifest,4,57,1,0,0,1,1,1,0,0,0,0,0,1,11.536668986082077
staged_manifest,4,51,1,0,0,1,1,1,0,0,0,0,0,1,11.502079665660858
staged_manifest,4,103,1,0,0,1,1,1,0,0,0,0,0,1,11.39028463512659
staged_manifest,4,27,1,0,0,1,1,1,0,0,0,0,0,1,11.417523957788944
staged_manifest,4,47,1,0,0,1,1,1,0,0,0,0,0,1,11.746615171432495
staged_manifest,4,9,1,0,0,1,1,1,0,0,0,0,0,1,12.320769019424915
staged_manifest,4,127,1,0,0,1,1,1,0,0,0,0,0,1,12.215529568493366
staged_manifest,4,2,1,0,0,1,1,1,0,0,0,0,0,1,33.95627532154322
staged_manifest,4,46,1,0,0,1,1,1,0,0,0,0,0,1,34.01580825448036
staged_manifest,4,37,1,0,0,1,1,1,0,0,0,0,0,1,32.969219610095024
staged_manifest,4,69,1,0,0,1,1,1,0,0,0,0,0,1,32.7524421736598
staged_manifest,4,51,1,0,0,1,1,1,0,0,0,0,0,1,10.946227237582207
staged_manifest,4,107,1,0,0,1,1,1,0,0,0,0,0,1,10.954443365335464
staged_manifest,4,53,1,0,0,1,1,1,0,0,0,0,0,1,11.565105989575386
staged_manifest,4,51,1,0,0,1,1,1,0,0,0,0,0,1,11.667490005493164
staged_manifest,4,46,1,0,0,1,1,1,0,0,0,0,0,1,11.574703268706799
staged_manifest,4,51,1,0,0,1,1,1,0,0,0,0,0,1,11.140290647745132
staged_manifest,4,46,1,0,0,1,1,1,0,0,0,0,0,1,11.528631672263145
staged_manifest,4,65,2,1,0,,,,0,0,0,0,0,1,11.167093180119991
staged_manifest,4,51,2,0,0,2,2,2,0,0,0,0,0,1,34.47146248072386
staged_manifest,4,62,1,0,0,1,1,1,0,0,0,0,0,1,30.83549626171589
staged_manifest,4,84,2,0,0,2,2,2,0,0,0,0,0,1,31.73422161489725
staged_manifest,4,123,2,0,0,2,2,2,0,0,0,0,0,1,41.70388821512461
staged_manifest,4,117,1,0,0,1,1,1,0,0,0,0,0,1,12.816132046282291
staged_manifest,4,35,1,0,0,1,1,1,0,0,0,0,0,1,13.011067174375057
staged_manifest,4,39,1,0,0,1,1,1,0,0,0,0,0,1,12.384460307657719
staged_manifest,4,98,1,0,0,1,1,1,0,0,0,0,0,1,12.145075015723705
staged_manifest,4,49,2,0,0,2,2,2,0,0,0,0,0,1,11.451051570475101
staged_manifest,4,46,2,0,0,2,2,2,0,0,0,0,0,1,11.572199873626232
staged_manifest,4,19,1,0,0,1,1,1,0,0,0,0,0,0,11.211806908249855
staged_manifest,4,69,2,0,0,2,2,2,0,0,0,0,0,0,11.684336699545383
staged_manifest,4,0,2,0,0,2,2,2,0,0,0,0,0,0,11.822879314422607
staged_manifest,4,1,1,0,0,1,1,1,0,0,0,0,0,0,11.708781123161316
staged_manifest,4,51,2,0,0,2,2,2,0,0,0,0,0,0,11.532828211784363
staged_manifest,4,107,2,0,0,2,2,2,0,0,0,0,0,1,11.59079372882843
staged_manifest,4,61,1,0,0,1,1,1,0,0,0,0,0,1,11.816534213721752
staged_manifest,4,37,2,1,0,,,,0,0,0,0,0,1,11.822374537587166
staged_manifest,4,31,1,0,0,1,1,1,0,0,0,0,0,1,11.857675388455391
staged_manifest,4,89,1,0,0,1,1,1,0,0,0,0,0,1,10.935206897556782
staged_manifest,4,66,1,0,0,1,1,1,0,0,0,0,0,1,11.379173025488853
staged_manifest,4,116,1,0,0,1,1,1,0,0,0,0,0,1,11.345842853188515
staged_manifest,4,127,1,0,0,1,1,1,0,0,0,0,0,1,11.317181400954723
staged_manifest,4,14,1,0,0,1,1,1,0,0,0,0,0,1,10.749148204922676
staged_manifest,4,116,1,0,0,1,1,1,0,0,0,0,0,1,11.33574079722166
staged_manifest,4,59,1,0,0,1,1,1,0,0,0,0,0,1,11.888476088643074
staged_manifest,4,38,1,0,0,1,1,1,0,0,0,0,0,1,11.158190667629242
staged_manifest,4,58,1,0,0,1,1,1,0,0,0,0,0,1,11.848256923258305
staged_manifest,4,27,1,0,0,1,1,1,0,0,0,0,0,1,11.710455641150475
staged_manifest,4,127,1,0,0,1,1,1,0,0,0,0,0,1,23.624972440302372
staged_manifest,4,79,1,0,0,1,1,1,0,0,0,0,0,1,31.344532035291195
staged_manifest,4,84,2,0,0,2,2,2,0,0,0,0,0,1,29.200779274106026
staged_manifest,4,78,1,0,0,1,1,1,0,0,0,0,0,1,29.96148355305195
staged_manifest,4,116,1,0,0,1,1,1,0,0,0,0,0,1,12.087086215615273
staged_manifest,4,77,1,0,0,1,1,1,0,0,0,0,0,1,13.020210899412632
staged_manifest,4,127,1,0,0,1,1,1,0,0,0,0,0,1,12.155460193753242
staged_manifest,4,89,1,0,0,1,1,1,0,0,0,0,0,1,12.099101208150387
staged_manifest,4,66,1,0,0,1,1,1,0,0,0,0,0,1,12.057135812938213
staged_manifest,4,116,1,0,0,1,1,1,0,0,0,0,0,1,11.603032238781452
staged_manifest,4,58,1,0,0,1,1,1,0,0,0,0,0,1,11.597768403589725
staged_manifest,4,94,1,0,0,1,1,1,0,0,0,0,0,1,11.023487895727158
staged_manifest,4,19,1,0,0,1,1,1,0,0,0,0,0,1,18.256396986544132
staged_manifest,4,127,1,0,0,1,1,1,0,0,0,0,0,1,18.55356153100729
staged_manifest,4,59,1,0,0,1,1,1,0,0,0,0,0,1,27.594582177698612
staged_manifest,4,106,1,0,0,1,1,1,0,0,0,0,0,1,23.01075402647257
staged_manifest,4,79,1,0,0,1,1,1,0,0,0,0,0,1,11.86147890985012
staged_manifest,4,127,1,0,0,1,1,1,0,0,0,0,0,1,11.827792041003704
staged_manifest,4,6,1,0,0,1,1,1,0,0,0,0,0,1,11.53639517724514
staged_manifest,4,111,1,0,0,1,1,1,0,0,0,0,0,1,11.768958531320095
staged_manifest,4,64,1,0,0,1,1,1,0,0,0,0,0,1,11.524464935064316
staged_manifest,4,64,1,0,0,1,1,1,0,0,0,0,0,1,11.616427451372147
staged_manifest,4,94,1,0,0,1,1,1,0,0,0,0,0,1,11.659127660095692
staged_manifest,4,29,1,0,0,1,1,1,0,0,0,0,0,1,18.45918782055378
staged_manifest,4,38,1,0,0,1,1,1,0,0,0,0,0,1,15.406678430736065
staged_manifest,4,116,2,0,0,2,2,2,0,0,0,0,0,1,29.311916790902615
staged_manifest,4,11,2,0,0,2,2,2,0,0,0,0,0,1,26.2144198641181
staged_manifest,4,116,2,0,0,2,2,2,0,0,0,0,0,1,12.53389474004507
staged_manifest,4,77,2,0,0,2,2,2,0,0,0,0,0,1,11.642393656075
staged_manifest,4,28,1,0,0,1,1,1,0,0,0,0,0,1,11.898769997060299
staged_manifest,4,14,2,1,0,,,,0,0,0,0,0,1,11.471327394247055
staged_manifest,4,116,2,0,0,2,2,2,0,0,0,0,0,1,11.929623782634735
staged_manifest,4,59,2,0,0,2,2,2,0,0,0,0,0,1,11.666490696370602
staged_manifest,4,127,2,1,0,,,,0,0,0,0,0,1,11.722765862941742
staged_manifest,4,4,1,0,0,1,1,1,0,0,0,0,0,1,11.056460440158844
staged_manifest,4,89,2,0,0,2,2,2,0,0,0,0,0,0,11.089637875556946
staged_manifest,4,94,2,0,0,2,2,2,0,0,0,0,0,0,11.679030954837799
staged_manifest,4,59,2,0,0,2,2,2,0,0,0,0,0,0,11.471244506537914
staged_manifest,4,86,2,0,0,2,2,2,0,0,0,0,0,0,11.803451925516129
staged_manifest,4,73,2,1,0,,,,0,0,0,0,0,0,11.282771825790405
staged_manifest,4,27,2,0,0,2,2,2,0,0,0,0,0,1,11.4488760009408
staged_manifest,4,66,2,0,0,2,2,2,0,0,0,0,0,1,11.958803050220013
staged_manifest,4,109,1,0,0,1,1,1,0,0,0,0,0,1,11.734411120414734
staged_manifest,4,111,2,0,0,2,2,2,0,0,0,0,0,1,11.883636936545372
staged_manifest,4,102,2,0,0,2,2,2,0,0,0,0,0,1,11.908533982932568
staged_manifest,4,36,1,0,0,1,1,1,0,0,0,0,0,1,12.090395204722881
staged_manifest,4,30,1,0,0,1,1,1,0,0,0,0,0,1,12.181339785456657
staged_manifest,4,99,1,0,0,1,1,1,0,0,0,0,0,1,11.716458946466446
staged_manifest,4,18,1,0,0,1,1,1,0,0,0,0,0,1,11.651579290628433
staged_manifest,4,15,1,0,0,1,1,1,0,0,0,0,0,1,11.609550565481186
staged_manifest,4,7,1,0,0,1,1,1,0,0,0,0,0,1,11.739889159798622
staged_manifest,4,48,1,0,0,1,1,1,0,0,0,0,0,1,11.633703485131264
staged_manifest,4,61,1,0,0,1,1,1,0,0,0,0,0,1,11.5303760394454
staged_manifest,4,30,1,0,0,1,1,1,0,0,0,0,0,1,11.948630213737488
staged_manifest,4,48,1,0,0,1,1,1,0,0,0,0,0,1,12.348094955086708
staged_manifest,4,8,1,0,0,1,1,1,0,0,0,0,0,1,12.408415786921978
staged_manifest,4,7,1,0,0,1,1,1,0,0,0,0,0,1,12.877841480076313
staged_manifest,4,65,2,1,0,,,,0,0,0,0,0,1,27.792489156126976
staged_manifest,4,45,1,0,0,1,1,1,0,0,0,0,0,1,26.7099654302001
staged_manifest,4,31,1,0,0,1,1,1,0,0,0,0,0,1,18.816495314240456
staged_manifest,4,30,1,0,0,1,1,1,0,0,0,0,0,1,29.78071477264166
staged_manifest,4,90,1,0,0,1,1,1,0,0,0,0,0,1,11.376075446605682
staged_manifest,4,8,1,0,0,1,1,1,0,0,0,0,0,1,11.670466512441635
staged_manifest,4,45,1,0,0,1,1,1,0,0,0,0,0,1,12.039616703987122
staged_manifest,4,21,1,0,0,1,1,1,0,0,0,0,0,1,12.222211807966232
staged_manifest,4,18,1,0,0,1,1,1,0,0,0,0,0,1,12.1025824919343
staged_manifest,4,39,1,0,0,1,1,1,0,0,0,0,0,1,11.410246603190899
staged_manifest,4,45,1,0,0,1,1,1,0,0,0,0,0,1,11.308069340884686
staged_manifest,4,21,1,0,0,1,1,1,0,0,0,0,0,1,11.63058914244175
staged_manifest,4,99,1,0,0,1,1,1,0,0,0,0,0,1,11.512170545756817
staged_manifest,4,102,2,0,0,2,2,2,0,0,0,0,0,1,11.210835538804531
staged_manifest,4,121,1,0,0,1,1,1,0,0,0,0,0,1,11.623130179941654
staged_manifest,4,45,1,0,0,1,1,1,0,0,0,0,0,1,11.615714989602566
staged_manifest,4,18,1,0,0,1,1,1,0,0,0,0,0,1,18.619270995259285
staged_manifest,4,121,1,0,0,1,1,1,0,0,0,0,0,1,18.671012483537197
staged_manifest,4,39,1,0,0,1,1,1,0,0,0,0,0,1,18.892038613557816
staged_manifest,4,72,1,0,0,1,1,1,0,0,0,0,0,1,32.56838861852884
staged_manifest,4,99,1,0,0,1,1,1,0,0,0,0,0,1,12.175709009170532
staged_manifest,4,19,1,0,0,1,1,1,0,0,0,0,0,1,12.700038030743599
staged_manifest,4,68,2,0,0,2,2,2,0,0,0,0,0,1,12.227036990225315
staged_manifest,4,22,2,0,0,2,2,2,0,0,0,0,0,1,11.912550777196884
staged_manifest,4,99,1,0,0,1,1,1,0,0,0,0,0,1,11.262758634984493
staged_manifest,4,45,1,0,0,1,1,1,0,0,0,0,0,1,11.23843900859356
staged_manifest,4,45,1,0,0,1,1,1,0,0,0,0,0,1,11.555034667253494
staged_manifest,4,93,1,0,0,1,1,1,0,0,0,0,0,1,11.631038039922714
staged_manifest,4,15,1,0,0,1,1,1,0,0,0,0,0,1,14.604992233216763
staged_manifest,4,48,2,1,0,,,,0,0,0,0,0,1,21.537565626204014
staged_manifest,4,90,2,0,0,2,2,2,0,0,0,0,0,1,17.833178862929344
staged_manifest,4,39,2,0,0,2,2,2,0,0,0,0,0,1,31.974803656339645
staged_manifest,4,66,2,0,0,2,2,2,0,0,0,0,0,1,12.267038226127625
staged_manifest,4,17,1,0,0,1,1,1,0,0,0,0,0,1,11.707987636327744
staged_manifest,4,31,2,1,0,,,,0,0,0,0,0,1,10.799486190080643
staged_manifest,4,99,2,0,0,2,2,2,0,0,0,0,0,1,10.973747819662094
staged_manifest,4,48,2,1,0,,,,0,0,0,0,0,1,10.475123301148415
staged_manifest,4,31,2,1,0,,,,0,0,0,0,0,1,10.987486690282822
staged_manifest,4,32,1,0,0,1,1,1,0,0,0,0,0,0,12.359518557786942
staged_manifest,4,20,2,0,0,2,2,2,0,0,0,0,0,0,11.517529375851154
staged_manifest,4,48,2,1,0,,,,0,0,0,0,0,0,11.4408228546381
staged_manifest,4,48,2,1,0,,,,0,0,0,0,0,0,11.69605739414692
staged_manifest,4,1,2,0,0,2,2,2,0,0,0,0,0,0,11.241042986512184
staged_manifest,4,19,2,0,0,2,2,2,0,0,0,0,0,1,11.577006429433823
staged_manifest,4,89,2,0,0,2,2,2,0,0,0,0,0,1,11.674182489514351
staged_manifest,4,36,2,1,0,,,,0,0,0,0,0,1,11.03111170232296
staged_manifest,4,43,1,0,0,1,1,1,0,0,0,0,0,1,11.835736222565174
staged_manifest,4,56,1,0,0,1,1,1,0,0,0,0,0,1,12.379555031657219
staged_manifest,4,13,1,0,0,1,1,1,0,0,0,0,0,1,12.674400582909584
staged_manifest,4,79,2,0,0,2,2,2,0,0,0,0,0,1,12.96207308769226
staged_manifest,4,119,1,0,0,1,1,1,0,0,0,0,0,1,12.638388201594353
staged_manifest,4,54,1,0,0,1,1,1,0,0,0,0,0,1,11.712011881172657
staged_manifest,4,54,1,0,0,1,1,1,0,0,0,0,0,1,11.793885380029678
staged_manifest,4,41,1,0,0,1,1,1,0,0,0,0,0,1,11.945473030209541
staged_manifest,4,13,1,0,0,1,1,1,0,0,0,0,0,1,12.240481562912464
staged_manifest,4,43,1,0,0,1,1,1,0,0,0,0,0,1,12.300737202167511
staged_manifest,4,77,2,0,0,2,2,2,0,0,0,0,0,1,12.32040859758854
staged_manifest,4,12,1,0,0,1,1,1,0,0,0,0,0,1,21.499982103705406
staged_manifest,4,67,1,0,0,1,1,1,0,0,0,0,0,1,32.09957014769316
staged_manifest,4,56,1,0,0,1,1,1,0,0,0,0,0,1,20.369848236441612
staged_manifest,4,54,1,0,0,1,1,1,0,0,0,0,0,1,34.723274409770966
staged_manifest,4,12,1,0,0,1,1,1,0,0,0,0,0,1,11.95521466434002
staged_manifest,4,119,1,0,0,1,1,1,0,0,0,0,0,1,12.103220447897911
staged_manifest,4,111,2,0,0,2,2,2,0,0,0,0,0,1,12.660395354032516
staged_manifest,4,54,1,0,0,1,1,1,0,0,0,0,0,1,12.74890173226595
staged_manifest,4,63,1,0,0,1,1,1,0,0,0,0,0,1,12.992611154913902
staged_manifest,4,53,1,0,0,1,1,1,0,0,0,0,0,1,12.860718183219433
staged_manifest,4,95,1,0,0,1,1,1,0,0,0,0,0,1,12.593061663210392
staged_manifest,4,56,1,0,0,1,1,1,0,0,0,0,0,1,12.906068935990334
staged_manifest,4,51,2,0,0,2,2,2,0,0,0,0,0,1,21.624085493385792
staged_manifest,4,34,1,0,0,1,1,1,0,0,0,0,0,1,21.68916631489992
staged_manifest,4,63,1,0,0,1,1,1,0,0,0,0,0,1,31.958026811480522
staged_manifest,4,124,1,0,0,1,1,1,0,0,0,0,0,1,25.30739363282919
staged_manifest,4,67,1,0,0,1,1,1,0,0,0,0,0,1,12.237279675900936
staged_manifest,4,116,2,0,0,2,2,2,0,0,0,0,0,1,12.026727199554443
staged_manifest,4,56,1,0,0,1,1,1,0,0,0,0,0,1,11.67906355112791
staged_manifest,4,25,2,0,0,2,2,2,0,0,0,0,0,1,11.887915432453156
staged_manifest,4,100,1,0,0,1,1,1,0,0,0,0,0,1,11.949571780860424
staged_manifest,4,12,1,0,0,1,1,1,0,0,0,0,0,1,11.94955687969923
staged_manifest,4,100,1,0,0,1,1,1,0,0,0,0,0,1,12.187317945063114
staged_manifest,4,91,1,0,0,1,1,1,0,0,0,0,0,1,12.11107149720192
staged_manifest,4,124,2,0,0,2,2,2,0,0,0,0,0,1,21.490441635251045
staged_manifest,4,63,2,0,0,2,2,2,0,0,0,0,0,1,21.039742045104504
staged_manifest,4,91,2,0,0,2,2,2,0,0,0,0,0,1,17.69054401665926
staged_manifest,4,43,2,1,0,,,,0,0,0,0,0,1,24.726666510105133
staged_manifest,4,119,2,0,0,2,2,2,0,0,0,0,0,1,11.0185407102108
staged_manifest,4,34,2,0,0,2,2,2,0,0,0,0,0,1,12.153437361121178
staged_manifest,4,67,2,0,0,2,2,2,0,0,0,0,0,1,12.004968710243702
staged_manifest,4,53,2,0,0,2,2,2,0,0,0,0,0,1,11.688250117003918
staged_manifest,4,13,2,0,0,2,2,2,0,0,0,0,0,1,11.703516356647015
staged_manifest,4,34,2,0,0,2,2,2,0,0,0,0,0,1,11.325131170451641
staged_manifest,4,67,2,0,0,2,2,2,0,0,0,0,0,1,11.477706022560596
staged_manifest,4,15,1,0,0,1,1,1,0,0,0,0,0,1,11.05374377220869
staged_manifest,4,67,2,0,0,2,2,2,0,0,0,0,0,0,11.438732035458088
staged_manifest,4,109,1,0,0,1,1,1,0,0,0,0,0,0,11.939041316509247
staged_manifest,4,76,1,0,0,1,1,1,0,0,0,0,0,0,12.388328090310097
staged_manifest,4,100,2,1,0,,,,0,0,0,0,0,0,12.574765831232071
staged_manifest,4,100,2,1,0,,,,0,0,0,0,0,1,12.319915927946568
staged_manifest,4,63,2,0,0,2,2,2,0,0,0,0,0,1,12.269888073205948
staged_manifest,4,13,2,0,0,2,2,2,0,0,0,0,0,1,12.079651467502117
staged_manifest,4,11,2,0,0,2,2,2,0,0,0,0,0,1,11.804013513028622
staged_manifest,4,71,1,0,0,1,1,1,0,0,0,0,0,1,11.801122687757015
staged_manifest,4,54,2,0,0,2,2,2,0,0,0,0,0,1,11.806033551692963
staged_manifest,4,32,1,0,0,1,1,1,0,0,0,0,0,1,11.76992617547512
staged_manifest,4,71,1,0,0,1,1,1,0,0,0,0,0,1,11.658203788101673
staged_manifest,4,113,1,0,0,1,1,1,0,0,0,0,0,1,11.74096204340458
staged_manifest,4,106,1,0,0,1,1,1,0,0,0,0,0,1,11.300251819193363
staged_manifest,4,32,1,0,0,1,1,1,0,0,0,0,0,1,12.036374770104885
staged_manifest,4,113,1,0,0,1,1,1,0,0,0,0,0,1,11.737462133169174
staged_manifest,4,23,1,0,0,1,1,1,0,0,0,0,0,1,11.485956609249115
staged_manifest,4,75,1,0,0,1,1,1,0,0,0,0,0,1,11.898893862962723
staged_manifest,4,23,1,0,0,1,1,1,0,0,0,0,0,1,11.286438442766666
staged_manifest,4,106,1,0,0,1,1,1,0,0,0,0,0,1,19.98206600546837
staged_manifest,4,127,2,1,0,,,,0,0,0,0,0,1,20.99955640733242
staged_manifest,4,32,1,0,0,1,1,1,0,0,0,0,0,1,34.29403156042099
staged_manifest,4,22,2,0,0,2,2,2,0,0,0,0,0,1,34.4488387927413
staged_manifest,4,125,1,0,0,1,1,1,0,0,0,0,0,1,12.941236607730389
staged_manifest,4,120,1,0,0,1,1,1,0,0,0,0,0,1,12.175867334008217
staged_manifest,4,75,1,0,0,1,1,1,0,0,0,0,0,1,11.788833886384964
staged_manifest,4,110,1,0,0,1,1,1,0,0,0,0,0,1,11.988767422735691
staged_manifest,4,39,2,0,0,2,2,2,0,0,0,0,0,1,11.749863624572754
staged_manifest,4,41,2,0,0,2,2,2,0,0,0,0,0,1,12.488984502851963
staged_manifest,4,84,2,0,0,2,2,2,0,0,0,0,0,1,12.121208943426609
staged_manifest,4,93,1,0,0,1,1,1,0,0,0,0,0,1,12.82996591180563
staged_manifest,4,61,1,0,0,1,1,1,0,0,0,0,0,1,19.497531466186047
staged_manifest,4,28,1,0,0,1,1,1,0,0,0,0,0,1,16.686600632965565
staged_manifest,4,3,2,0,0,2,2,2,0,0,0,0,0,1,30.07528092712164
staged_manifest,4,105,2,0,0,2,2,2,0,0,0,0,0,1,26.06024034321308
staged_manifest,4,99,2,0,0,2,2,2,0,0,0,0,0,1,12.097956612706184
staged_manifest,4,110,1,0,0,1,1,1,0,0,0,0,0,1,11.966006830334663
staged_manifest,4,49,2,0,0,2,2,2,0,0,0,0,0,1,11.43931970000267
staged_manifest,4,23,1,0,0,1,1,1,0,0,0,0,0,1,11.75902970135212
staged_manifest,4,75,1,0,0,1,1,1,0,0,0,0,0,1,11.559565551578999
staged_manifest,4,32,1,0,0,1,1,1,0,0,0,0,0,1,11.116567999124527
staged_manifest,4,88,1,0,0,1,1,1,0,0,0,0,0,1,11.410714127123356
staged_manifest,4,113,1,0,0,1,1,1,0,0,0,0,0,1,12.293324805796146
staged_manifest,4,125,1,0,0,1,1,1,0,0,0,0,0,1,12.43686769157648
staged_manifest,4,32,2,0,0,2,2,2,0,0,0,0,0,1,21.907592192292213
staged_manifest,4,109,1,0,0,1,1,1,0,0,0,0,0,1,18.376760184764862
staged_manifest,4,121,2,0,0,2,2,2,0,0,0,0,0,1,25.099894031882286
staged_manifest,4,88,2,1,0,,,,0,0,0,0,0,1,22.242510691285133
staged_manifest,4,120,2,1,0,,,,0,0,0,0,0,1,11.296323500573635
staged_manifest,4,0,2,0,0,2,2,2,0,0,0,0,0,1,11.538556776940823
staged_manifest,4,24,2,0,0,2,2,2,0,0,0,0,0,1,11.506825685501099
staged_manifest,4,23,2,1,0,,,,0,0,0,0,0,1,12.297295965254307
staged_manifest,4,113,2,0,0,2,2,2,0,0,0,0,0,1,13.0572859197855
staged_manifest,4,61,2,0,0,2,2,2,0,0,0,0,0,1,13.10066506266594
staged_manifest,4,23,2,1,0,,,,0,0,0,0,0,0,12.879918329417706
staged_manifest,4,32,2,0,0,2,2,2,0,0,0,0,0,0,12.577925808727741
staged_manifest,4,9,2,0,0,2,2,2,0,0,0,0,0,0,11.802409775555134
staged_manifest,4,114,2,0,0,2,2,2,0,0,0,0,0,0,11.57243549823761
staged_manifest,4,33,2,0,0,2,2,2,0,0,0,0,0,0,11.632006615400314
staged_manifest,4,72,2,0,0,2,2,2,0,0,0,0,0,1,11.564652435481548
staged_manifest,4,125,2,0,0,2,2,2,0,0,0,0,0,1,11.142452247440815
staged_manifest,4,87,2,1,0,,,,0,0,0,0,0,1,11.57030276954174
staged_manifest,4,83,1,0,0,1,1,1,0,0,0,0,0,1,11.477207764983177
staged_manifest,4,76,1,0,0,1,1,1,0,0,0,0,0,1,11.753858998417854
staged_manifest,4,126,1,0,0,1,1,1,0,0,0,0,0,1,11.846940033137798
staged_manifest,4,97,1,0,0,1,1,1,0,0,0,0,0,1,11.725930497050285
staged_manifest,4,117,1,0,0,1,1,1,0,0,0,0,0,1,11.6431200876832
staged_manifest,4,55,1,0,0,1,1,1,0,0,0,0,0,1,11.398552916944027
staged_manifest,4,94,2,0,0,2,2,2,0,0,0,0,0,1,11.449134908616543
staged_manifest,4,76,1,0,0,1,1,1,0,0,0,0,0,1,10.919333435595036
staged_manifest,4,40,1,0,0,1,1,1,0,0,0,0,0,1,11.7345554754138
staged_manifest,4,108,1,0,0,1,1,1,0,0,0,0,0,1,12.016667053103447
staged_manifest,4,59,2,0,0,2,2,2,0,0,0,0,0,1,23.5093766823411
staged_manifest,4,122,1,0,0,1,1,1,0,0,0,0,0,1,23.43945112079382
staged_manifest,4,76,1,0,0,1,1,1,0,0,0,0,0,1,33.15236046910286
staged_manifest,4,25,2,0,0,2,2,2,0,0,0,0,0,1,22.078941576182842
staged_manifest,4,40,1,0,0,1,1,1,0,0,0,0,0,1,11.7307985201478
staged_manifest,4,76,1,0,0,1,1,1,0,0,0,0,0,1,12.171369977295399
staged_manifest,4,70,1,0,0,1,1,1,0,0,0,0,0,1,12.315363623201847
staged_manifest,4,62,1,0,0,1,1,1,0,0,0,0,0,1,12.43925653398037
staged_manifest,4,117,1,0,0,1,1,1,0,0,0,0,0,1,12.449049390852451
staged_manifest,4,104,1,0,0,1,1,1,0,0,0,0,0,1,12.291837483644485
staged_manifest,4,16,1,0,0,1,1,1,0,0,0,0,0,1,12.105638161301613
staged_manifest,4,62,1,0,0,1,1,1,0,0,0,0,0,1,11.939926072955132
staged_manifest,4,73,2,1,0,,,,0,0,0,0,0,1,12.26026751101017
staged_manifest,4,117,1,0,0,1,1,1,0,0,0,0,0,1,18.398725427687168
staged_manifest,4,10,1,0,0,1,1,1,0,0,0,0,0,1,24.858047254383564
staged_manifest,4,109,1,0,0,1,1,1,0,0,0,0,0,1,31.578402034938335
staged_manifest,4,81,1,0,0,1,1,1,0,0,0,0,0,1,11.602136306464672
staged_manifest,4,118,1,0,0,1,1,1,0,0,0,0,0,1,11.374317109584808
staged_manifest,4,112,1,0,0,1,1,1,0,0,0,0,0,1,11.91751193255186
staged_manifest,4,17,1,0,0,1,1,1,0,0,0,0,0,1,12.276843190193176
staged_manifest,4,72,2,0,0,2,2,2,0,0,0,0,0,1,12.898855842649937
staged_manifest,4,81,1,0,0,1,1,1,0,0,0,0,0,1,12.81343400478363
staged_manifest,4,122,1,0,0,1,1,1,0,0,0,0,0,1,13.506512157619
staged_manifest,4,117,2,1,0,,,,0,0,0,0,0,1,14.984496869146824
staged_manifest,4,59,2,0,0,2,2,2,0,0,0,0,0,1,14.894823543727398
staged_manifest,4,60,2,0,0,2,2,2,0,0,0,0,0,1,25.639518164098263
staged_manifest,4,17,2,0,0,2,2,2,0,0,0,0,0,1,32.64970052987337
staged_manifest,4,16,2,1,0,,,,0,0,0,0,0,1,11.402933858335018
staged_manifest,4,60,2,0,0,2,2,2,0,0,0,0,0,1,11.350063607096672
staged_manifest,4,117,2,1,0,,,,0,0,0,0,0,1,12.529401108622551
staged_manifest,4,16,2,1,0,,,,0,0,0,0,0,1,12.349901720881462
staged_manifest,4,60,2,0,0,2,2,2,0,0,0,0,0,1,12.955918908119202
staged_manifest,4,81,2,0,0,2,2,2,0,0,0,0,0,1,12.636374682188034
staged_manifest,4,62,2,1,0,,,,0,0,0,0,0,0,11.59478910267353
staged_manifest,4,104,2,0,0,2,2,2,0,0,0,0,0,0,11.668205261230469
staged_manifest,4,10,2,0,0,2,2,2,0,0,0,0,0,0,11.124812066555023
staged_manifest,4,122,2,0,0,2,2,2,0,0,0,0,0,0,12.008896097540855
staged_manifest,4,76,2,0,0,2,2,2,0,0,0,0,0,0,11.82144321501255
staged_manifest,4,121,2,0,0,2,2,2,0,0,0,0,0,1,12.021849863231182
staged_manifest,4,126,2,0,0,2,2,2,0,0,0,0,0,1,12.091831304132938
staged_manifest,4,97,2,0,0,2,2,2,0,0,0,0,0,1,11.372320353984833
staged_manifest,4,40,1,0,0,1,1,1,0,0,0,0,0,1,11.530997231602669
staged_manifest,4,26,1,0,0,1,1,1,0,0,0,0,0,1,12.01699674129486
staged_manifest,4,55,1,0,0,1,1,1,0,0,0,0,0,1,11.744095012545586
staged_manifest,4,23,2,1,0,,,,0,0,0,0,0,1,11.559410952031612
staged_manifest,4,71,2,0,0,2,2,2,0,0,0,0,0,1,11.525141075253487
staged_manifest,4,82,1,0,0,1,1,1,0,0,0,0,0,1,11.061285622417927
staged_manifest,4,6,1,0,0,1,1,1,0,0,0,0,0,1,11.664877645671368
staged_manifest,4,92,1,0,0,1,1,1,0,0,0,0,0,1,12.013006024062634
staged_manifest,4,32,2,0,0,2,2,2,0,0,0,0,0,1,12.157507240772247
staged_manifest,4,28,1,0,0,1,1,1,0,0,0,0,0,1,12.102738954126835
staged_manifest,4,75,2,0,0,2,2,2,0,0,0,0,0,1,12.121654115617275
staged_manifest,4,57,1,0,0,1,1,1,0,0,0,0,0,1,21.10267896205187
staged_manifest,4,125,2,0,0,2,2,2,0,0,0,0,0,1,16.259049996733665
staged_manifest,4,84,2,0,0,2,2,2,0,0,0,0,0,1,34.5450546592474
staged_manifest,4,55,1,0,0,1,1,1,0,0,0,0,0,1,36.09890770167112
staged_manifest,4,4,1,0,0,1,1,1,0,0,0,0,0,1,14.39978089183569
staged_manifest,4,96,1,0,0,1,1,1,0,0,0,0,0,1,15.138116665184498
staged_manifest,4,30,2,0,0,2,2,2,0,0,0,0,0,1,12.887497432529926
staged_manifest,4,82,1,0,0,1,1,1,0,0,0,0,0,1,13.552844524383545
staged_manifest,4,35,1,0,0,1,1,1,0,0,0,0,0,1,12.572781182825565
staged_manifest,4,35,1,0,0,1,1,1,0,0,0,0,0,1,12.577862478792667
staged_manifest,4,96,1,0,0,1,1,1,0,0,0,0,0,1,11.923599056899548
staged_manifest,4,50,1,0,0,1,1,1,0,0,0,0,0,1,12.021574191749096
staged_manifest,4,109,1,0,0,1,1,1,0,0,0,0,0,1,11.358113959431648
staged_manifest,4,55,1,0,0,1,1,1,0,0,0,0,0,1,11.590799316763878
staged_manifest,4,76,2,0,0,2,2,2,0,0,0,0,0,1,21.94111328572035
staged_manifest,4,87,2,1,0,,,,0,0,0,0,0,1,28.2813161611557
staged_manifest,4,6,1,0,0,1,1,1,0,0,0,0,0,1,25.36130789667368
staged_manifest,4,38,2,0,0,2,2,2,0,0,0,0,0,1,25.848522782325745
staged_manifest,4,4,1,0,0,1,1,1,0,0,0,0,0,1,11.093352921307087
staged_manifest,4,84,2,0,0,2,2,2,0,0,0,0,0,1,12.042047455906868
staged_manifest,4,6,1,0,0,1,1,1,0,0,0,0,0,1,11.809762567281723
staged_manifest,4,26,1,0,0,1,1,1,0,0,0,0,0,1,12.073523364961147
staged_manifest,4,26,1,0,0,1,1,1,0,0,0,0,0,1,12.118804268538952
staged_manifest,4,26,1,0,0,1,1,1,0,0,0,0,0,1,12.173043563961983
staged_manifest,4,4,1,0,0,1,1,1,0,0,0,0,0,1,12.187302112579346
staged_manifest,4,35,2,0,0,2,2,2,0,0,0,0,0,1,19.038613885641098
staged_manifest,4,118,2,1,0,,,,0,0,0,0,0,1,15.614031814038754
staged_manifest,4,118,2,1,0,,,,0,0,0,0,0,1,29.48568109422922
staged_manifest,4,18,2,0,0,2,2,2,0,0,0,0,0,1,25.98190028220415
staged_manifest,4,89,2,0,0,2,2,2,0,0,0,0,0,1,11.916223913431168
staged_manifest,4,15,2,0,0,2,2,2,0,0,0,0,0,1,11.641077697277069
staged_manifest,4,99,2,0,0,2,2,2,0,0,0,0,0,1,11.746495962142944
staged_manifest,4,40,2,1,0,,,,0,0,0,0,0,1,11.83071918785572
staged_manifest,4,6,2,0,0,2,2,2,0,0,0,0,0,1,11.949168518185616
staged_manifest,4,26,2,0,0,2,2,2,0,0,0,0,0,1,11.682610958814621
staged_manifest,4,4,2,0,0,2,2,2,0,0,0,0,0,1,11.379017494618893
staged_manifest,4,96,2,0,0,2,2,2,0,0,0,0,0,1,12.241237796843052
staged_manifest,4,55,2,1,0,,,,0,0,0,0,0,1,11.498653329908848
staged_manifest,4,116,2,0,0,2,2,2,0,0,0,0,0,0,12.116866186261177
staged_manifest,4,24,2,0,0,2,2,2,0,0,0,0,0,0,12.128892354667187
staged_manifest,4,35,2,0,0,2,2,2,0,0,0,0,0,0,11.481326073408127
staged_manifest,4,15,2,0,0,2,2,2,0,0,0,0,0,0,11.777970008552074
staged_manifest,4,40,2,1,0,,,,0,0,0,0,0,0,11.282435618340969
staged_manifest,4,15,2,0,0,2,2,2,0,0,0,0,0,0,11.762451380491257
staged_manifest,4,35,2,0,0,2,2,2,0,0,0,0,0,0,11.97819784283638
staged_manifest,4,35,2,0,0,2,2,2,0,0,0,0,0,0,11.659267358481884
staged_manifest,4,15,2,0,0,2,2,2,0,0,0,0,0,0,11.483639478683472
staged_manifest,4,119,2,0,0,2,2,2,0,0,0,0,0,0,11.236965656280518
staged_manifest,4,4,2,0,0,2,2,2,0,0,0,0,0,0,11.8579575791955
staged_manifest,4,35,2,0,0,2,2,2,0,0,0,0,0,0,11.86744961887598
staged_manifest,4,50,2,0,0,2,2,2,0,0,0,0,0,0,11.687143705785275
staged_manifest,4,50,2,0,0,2,2,2,0,0,0,0,0,0,11.782082729041576
staged_manifest,4,96,2,0,0,2,2,2,0,0,0,0,0,0,11.652344837784767
staged_manifest,4,121,2,0,0,2,2,2,0,0,0,0,0,0,11.926256120204926
staged_manifest,4,15,2,0,0,2,2,2,0,0,0,0,0,0,12.062875553965569
staged_manifest,4,15,2,0,0,2,2,2,0,0,0,0,0,0,12.715338729321957
staged_manifest,4,93,2,0,0,2,2,2,0,0,0,0,0,0,13.011065311729908
staged_manifest,4,4,2,0,0,2,2,2,0,0,0,0,0,0,13.02509754896164
staged_manifest,4,108,2,0,0,2,2,2,0,0,0,0,0,0,12.848084792494774
staged_manifest,4,92,2,0,0,2,2,2,0,0,0,0,0,0,11.621369980275631
staged_manifest,4,40,2,1,0,,,,0,0,0,0,0,0,11.832674965262413
staged_manifest,4,109,2,0,0,2,2,2,0,0,0,0,0,0,11.672457680106163
staged_manifest,4,91,2,0,0,2,2,2,0,0,0,0,0,0,11.848906055092812
staged_manifest,4,26,2,0,0,2,2,2,0,0,0,0,0,0,11.633140966296196
staged_manifest,4,50,2,0,0,2,2,2,0,0,0,0,0,0,11.671566404402256
staged_manifest,4,15,2,0,0,2,2,2,0,0,0,0,0,0,11.82759739458561
staged_manifest,4,71,2,0,0,2,2,2,0,0,0,0,0,0,12.025445699691772
staged_manifest,4,82,2,0,0,2,2,2,0,0,0,0,0,0,12.147177010774612
staged_manifest,4,106,2,0,0,2,2,2,0,0,0,0,0,0,12.170521542429924
