replicate,dose,relevance_def,population_edges,selected_edges,selected_clip_ids_sha256
0,0.0,parked_vehicle,69,0,e3b0c44298fc1c149afbf4c8996fb92427ae41e4649b934ca495991b7852b855
0,0.0,dense_frame,70,0,e3b0c44298fc1c149afbf4c8996fb92427ae41e4649b934ca495991b7852b855
0,0.0,multiple_buses,247,0,e3b0c44298fc1c149afbf4c8996fb92427ae41e4649b934ca495991b7852b855
0,0.0,stopped_vehicles,636,0,e3b0c44298fc1c149afbf4c8996fb92427ae41e4649b934ca495991b7852b855
0,0.0,two_plus_bikes,345,0,e3b0c44298fc1c149afbf4c8996fb92427ae41e4649b934ca495991b7852b855
0,0.25,parked_vehicle,69,17,abb74babb53a8e82ec7ab8c86ba55c587312da3c169fdd4ab12d7b9f582d8a6e
0,0.25,dense_frame,70,17,397399736be7a11e612f000bbc29f50a4aa1da230300bc54a1dff818fb2cddcf
0,0.25,multiple_buses,247,61,d012fe3ff95be6b65dc7c3d4be94ded48c9f399a509af26db127f5e05d4d6d1d
0,0.25,stopped_vehicles,636,159,3e9bbf73dbb39c6df462421a2818226fdce2af213923808574014fb038f5ab95
0,0.25,two_plus_bikes,345,86,ca179ad308e67beef4a9b8349b71b848c0f5198db53efd895c4a495169ab1f68
1,0.25,parked_vehicle,69,17,5ca281971cad1913e9c64b286d5732dc8bdc2ccd5dc42ed6bb11c4c572c7816c
1,0.25,dense_frame,70,17,eb6ab52b06a0cd3d93f67b53fb5ea5e6569b448b4b76e5b51421822bca623ab3
1,0.25,multiple_buses,247,61,4aeace2e8b323844e549b8893d075d0c68c2d9a738d81d2fb95401f86296c9e8
1,0.25,stopped_vehicles,636,159,20b208118c97e107cd913e320ed87fd6c7944e1ef799d8c261268a267d2d70ee
1,0.25,two_plus_bikes,345,86,26fef45feb7a726b3b47208d16c8db0b1b56d77a4ae23e618b65afb36368553f
2,0.25,parked_vehicle,69,17,c32fbda482533dee067e7ed0d90875a3b6510272f5b8bea86e9b164daed8f98e
2,0.25,dense_frame,70,17,6fc212c1418b936c7b488d28df59654d406d250cd53799c1dc9b1306cc702f61
2,0.25,multiple_buses,247,61,e000a197cfaa7f930c7cbb03e7bdf3104953642b530e2d8b5cb998325654c222
2,0.25,stopped_vehicles,636,159,2f9cefc5c3941f5d91eb43917e3444b2df9f4d5f2d7bbfc552afedcc8e87cc99
2,0.25,two_plus_bikes,345,86,507fbc417360878b4b03ddb4229ff72c5c9cfa5412448cff15c70911db610d39
3,0.25,parked_vehicle,69,17,c02ec271c2ea62a90c7f84cf2f29d844e845f0110ac4e795d26329c7cc51f451
3,0.25,dense_frame,70,17,ead930e4f6ecce3f4febad7b309f6a584645add6d4b7908a7a1ecc9af987387a
3,0.25,multiple_buses,247,61,f34e95eb4314150521c2356d73385f875855518f3468b98c2672ce7aabe4920f
3,0.25,stopped_vehicles,636,159,e2730b058856f101f89a8dd58559e452fa25b1ec28628b3552504783aac5d265
3,0.25,two_plus_bikes,345,86,1a253f77e09ffb0f58135b9e6209fe7fd1d5068bf2a000bdca811d2153bcc19a
4,0.25,parked_vehicle,69,17,e4e2c0ef5538fcbe73cb8cd1d408ffd2b84561c304a61189ff72c74c1d0a8124
4,0.25,dense_frame,70,17,4ab2d87d2d3c8e3fcf18098dc6a62377b5bc7fccbd85dedb7985c5f0706ffc45
4,0.25,multiple_buses,247,61,5e0c75e32eb95d01403f9cc44cc8a8f2957e41c348db44365ca52db1aa63717e
4,0.25,stopped_vehicles,636,159,361d67f35a8d049ffa68aac2a7eacb403103d0004e6c832cd4ab8ecfc69db9d9
4,0.25,two_plus_bikes,345,86,3768ea0cefc09ce3069ce3998131b7ffe552e046e401a75c666f018ce010796c
5,0.25,parked_vehicle,69,17,8d61cf4e7031edd3985e73c6812e865188f4db65bd8891897d5aadc9c4c743f4
5,0.25,dense_frame,70,17,9df853d283284ce11ecaf46ac224428b4b9da28f5ed2658a2283dcbab781732b
5,0.25,multiple_buses,247,61,138e189e42e60c93278a0fbd8655caef03db6edb3d0f0f78331a7998b3f0f385
5,0.25,stopped_vehicles,636,159,72b894c10371bc2ee487436c090fbb3aa6f073287bf79d3f095ca37abba7e413
5,0.25,two_plus_bikes,345,86,e650fc130bf627d1f3de5d9c5a80b52326f49ebc633ab656e6348d9bfaacb666
6,0.25,parked_vehicle,69,17,e098583b8faa7ef065db48884db6bae32eeae48fd62c94b37967efb4aae64f10
6,0.25,dense_frame,70,17,06273805b20bb6014d9a41d4cd5a13bd87994cdc5a4a258b443b8fafd6a674e0
6,0.25,multiple_buses,247,61,17c99046927903f5a2993c54f6d14ee3ab16fdc121cea08d32a82179788c52f8
6,0.25,stopped_vehicles,636,159,92495f6a3bcfbb8804c5bbf46f0e9e7a23acf099c924bb2efd73f50857b4ba38
6,0.25,two_plus_bikes,345,86,494adfd6cf37a0ed0c75c32d4a74e22c30b95833771a3f735f7a1375c5e4c86e
7,0.25,parked_vehicle,69,17,023e63392e8850aa1975b858d367530889ebea64164917f54e5082e6e8d45d87
7,0.25,dense_frame,70,17,2a73ae42f1c7b104c9e702088057fb390fc854fa8450dcfad80b6848f9675a0c
7,0.25,multiple_buses,247,61,2b386960bf5d60e67af390c16e031a4d73108bb6dd2485d68d44f96f947df0d5
7,0.25,stopped_vehicles,636,159,25c3828f4d59b19fb7a6a56d036e2c6fb559950180275be290e7411a28c1d448
7,0.25,two_plus_bikes,345,86,01e137e821cdc6c33147ec4cc44b9865c6475f488b3be6874ef6e2b57d845951
8,0.25,parked_vehicle,69,17,41392191b9fe50fca691d22df2ba2c5803c4f272269f2e462e015174fa7a4987
8,0.25,dense_frame,70,17,0875a9cd1d906cb7aa422984903826fd772b2e908829f3f783eef3268d8761c2
8,0.25,multiple_buses,247,61,da65198cd5c644d23d964cd900701e453d49cb232ff70b161b4dde72cf7d3c8c
8,0.25,stopped_vehicles,636,159,3554687193703839931cb7e15a98ad17ae24ff45cf582a65c707b52752b61740
8,0.25,two_plus_bikes,345,86,b6a2f509b5abc07c2c32f5d3b97bcbbca333b7a70b630f2ecedca27aa6baf14e
9,0.25,parked_vehicle,69,17,e97b49d91a6edcc8d52e175e0794e72abafd95cc7ec43bb9d9f1aeee8d684cc8
9,0.25,dense_frame,70,17,28fbda95c36bd53d77233cc87ec08fcdd734fdc1ae7c73079b6ef625b98cf959
9,0.25,multiple_buses,247,61,4a2c00341bfdf88ae953e5cb7f34a49e53829ea663e69d808343b57494106a0c
9,0.25,stopped_vehicles,636,159,d623114e97276a27b4f91482e408c0b831551ecf6465ac1fa000b3eb5c5ac7da
9,0.25,two_plus_bikes,345,86,3200aa2eba685a2decf7e2780b887ce936775600385e47c8737b501074ac3287
10,0.25,parked_vehicle,69,17,16287dddc381fcf2ac62885b8fbc1b0a97afa66876c8950df46be0b145a248bb
10,0.25,dense_frame,70,17,759d7416b10095b71d0d6cd8d4267bc2134982676c5e2a19d1fc0c870286b3fb
10,0.25,multiple_buses,247,61,7f58ece6483fb7eea9a7333366177db56a26081b26efcc722d24ddfe517e9295
10,0.25,stopped_vehicles,636,159,92c29c7e5a7229a840636152a5d242108f87b93c40cdd3915b6f3e679539069b
10,0.25,two_plus_bikes,345,86,dafd059ac15616827066710e387bbb2df2e71ba28bafbffff43bb9bb7af3101d
11,0.25,parked_vehicle,69,17,a3a8439278b7e3c9404e1d3ea35a1ef57e36ed9bb97c7e9a64e088c43d843f59
11,0.25,dense_frame,70,17,8b9dad8ad6ba3da98e6d5afc9f313aee974de65e38c0917a64d5909f3c2f6655
11,0.25,multiple_buses,247,61,bc46d966f347ffadc44f9f83455b9a32437b82ddc219c15d491516c89479abd7
11,0.25,stopped_vehicles,636,159,70d025db15c78fa92c9cb05354e4ab475febe6fc14b4952fc5f9f5a7f91caeaa
11,0.25,two_plus_bikes,345,86,cda9de234be9004f4fcaec07717fc39b93b9ef188233b574d64e557b95c33a20
12,0.25,parked_vehicle,69,17,2da34c8bffee95292dfe81e88d521cf3f2f679f6c6ca85b2b2bd85a92eb578e8
12,0.25,dense_frame,70,17,e42324b1b776d8c1d913063ab2932911e3b65bed06a34186fca04eb3519c8d0a
12,0.25,multiple_buses,247,61,ed3ddd7b5db68a91505b6aff39070f44fb44012f07288aac1d301f9a980c7c7b
12,0.25,stopped_vehicles,636,159,df50a91c9b431a8c5b0598db945e0d1113dce0cf9196bcf89dc7668811d0b45f
12,0.25,two_plus_bikes,345,86,986d84ce8bd865db14c0993627e7edde4612daec8eaaa87e87430bcb871b523f
13,0.25,parked_vehicle,69,17,41e5f9a0668eeab004d5509af8bf24bdabc4e8204970d2f9b15cab10c9225b7a
13,0.25,dense_frame,70,17,ddea2cfe9b75971f1a66ef500325b6494db97095964d8fcb967d43fbb9e11a55
13,0.25,multiple_buses,247,61,3e20dbc8eca1a6203c0ac8852f6dc8232580aca10a5387e254f7838ce774b2bd
13,0.25,stopped_vehicles,636,159,a7acf2f11a3f35ff10ec5c135388119f99bd7734c386b784f053ffb8eae4b651
13,0.25,two_plus_bikes,345,86,1397c126bd855c859520ac6a60ffd621e54de98564897e9a09b481f0dc485c7d
14,0.25,parked_vehicle,69,17,84e74ed9253444d8921f658f24d5843ab1996fb0392392c594d1d30dd6ab080d
14,0.25,dense_frame,70,17,904dd484c430070deb8bd604dfc270a34bf26c90a92b43628113b0546812583e
14,0.25,multiple_buses,247,61,8ce0220bc66de91101c681e8be3dbc84b5aac7cd7b700a50a39c0edb82ca3273
14,0.25,stopped_vehicles,636,159,ee433415dc604500711821bbc8d57145b2fde27cf4afad22b1045f79584238a5
14,0.25,two_plus_bikes,345,86,fa50356f098f773954d1f2e4edeb61dca4ad31b39a905e14e791747319294f7a
15,0.25,parked_vehicle,69,17,42d24b577230747cd620b65ffdd90114818714f881a20e3e5f5a1b25ae420629
15,0.25,dense_frame,70,17,a162a5728c28373d530c0de7f971b02a931e452149538791673e8e21a740a6cd
15,0.25,multiple_buses,247,61,53ecfb98354af5a4b56e22ac2beac7cfa0caad7c2ff80fa519f248a1004a682d
15,0.25,stopped_vehicles,636,159,2e2ed0c7c579651a82be9e798fb1cc5527f0300c2908e444379875909ce2c69e
15,0.25,two_plus_bikes,345,86,24694c8c4363a82eb586716445111d6f0fc353500b0f2d3e3a45fc75eaa3b68d
16,0.25,parked_vehicle,69,17,59c04c30cb4e3781b370997160b4e56344a189d8b0c64613f0efaee2cf50aeb8
16,0.25,dense_frame,70,17,cea35ea0f5df3e4b2d1981a72bbec2520585ee1f8ff23e8d101432601356a220
16,0.25,multiple_buses,247,61,9e3e21822b919ec2af058163353cee50f946b7093b5f799f0c386218fc125054
16,0.25,stopped_vehicles,636,159,f4e4a03782ae75ad710fa8c031272c08adc8b2c6286918a1beee2410a8d62466
16,0.25,two_plus_bikes,345,86,42945e58bb8a3cbd30ddc57696c0f19884c814afaab9d4db0a3d079b20891f6f
17,0.25,parked_vehicle,69,17,9cd081237188cf03acd5d313ac3c1862d22f10f94f24d0a3aa606dcccc26f37d
17,0.25,dense_frame,70,17,21243798a7f30edda0a78e5e49cf6c3042ace64a35d455ab3684e5262af1236b
17,0.25,multiple_buses,247,61,92f97076b304a059884cec23a8f5468cdad3e85802f76eb36661c365493d9079
17,0.25,stopped_vehicles,636,159,dfc0e1b33dbaeb18397fb577047eba8a249228ba0ab3313dba817b186d76f7a4
17,0.25,two_plus_bikes,345,86,7a8d9f56e0bc68091e8f2b412e4db64f1445d478e5c50b66c3dc89e9ef947f88
18,0.25,parked_vehicle,69,17,ffe0903baac22e2973071c0de01299ff6d052d0c483f13f360ed275853abc102
18,0.25,dense_frame,70,17,106ec4b0f91df75150f6122792793d9c0566f754b5a40fa79375abafcf3b3809
18,0.25,multiple_buses,247,61,a134c6e8c73c343b1031881d968b47b87ecbc381ac010b893a89b0568b983c6c
18,0.25,stopped_vehicles,636,159,045b00a1959176d9e764ee0926732d27f820a96872c6adbe36239fdeafdcdd7d
18,0.25,two_plus_bikes,345,86,05e061e100f9ccea598193b684c5dfcff99fe5d7e08f4fb52c8f37a874e5aa4c
19,0.25,parked_vehicle,69,17,da5cfecd507ef0bc3678bc114d1a5e1222b73cf8756ba79b4849ec62e6aacd0a
19,0.25,dense_frame,70,17,d909693e8fee518692c69dede052b54d1f1a9d11e3a765ee5dc2cf438ce988aa
19,0.25,multiple_buses,247,61,e8e86eb98ca5be5056e7fdfd759f2c2994d12b962c0c1d216e6137651be460ef
19,0.25,stopped_vehicles,636,159,ddf114fcdbfd02ddbad129337f215d4721fa87dc39b0022b7785c56ecef727cd
19,0.25,two_plus_bikes,345,86,d0a140b120152d9345d5ac7afb72990c0a83f06ee5bf0c4d860b3cd388116b7b
20,0.25,parked_vehicle,69,17,799fcab442d5a592cc5ce1ea24ae5b9b852833a01e3da49d04c414e2d8b82dc2
20,0.25,dense_frame,70,17,0ce6619fef110ba0fab371401cf69ec9f836225af4d9c84a094511adc6c3739b
20,0.25,multiple_buses,247,61,3b16b3ad155bceb0e9d456dc37984da1ea53509b124bc51a4abcb9ced6657363
20,0.25,stopped_vehicles,636,159,81cbbca42bc0e7398e53e7b220baf06336b568ed859bbf169ea164d4482851a4
20,0.25,two_plus_bikes,345,86,4d0d5c142ae45ef2951dc8d9d92533ce8f377532217897ab1aadb065f580efd2
21,0.25,parked_vehicle,69,17,3ad84fecf032f4864be7173b3315ef66e2d2b6e916477c0dabaed903d0af611a
21,0.25,dense_frame,70,17,060dd3e4c753aab862f1a9cc135ca0735decbb872372a4d06993b45077ec6066
21,0.25,multiple_buses,247,61,92d63a48a7bd8c0f384a8c23fd56da8ae3ecc2ea6cf82e7bbe3f8c368a6fc9d7
21,0.25,stopped_vehicles,636,159,c812080168c472a84438efd4f1c6d1b54b6b234bf91cf129ec73eab8456a1e29
21,0.25,two_plus_bikes,345,86,43f6cc5188124d105f4d17c86957d4ff1541c06184632ae89aa1385648879451
22,0.25,parked_vehicle,69,17,381fc523f27b000237018225ca369a7a986aad9b5445bf57efeaa8c9b7b262d0
22,0.25,dense_frame,70,17,4a03b08041b9334e857a6c4bc1dba320a3c09ee353b27f385c9f766e27fdd45a
22,0.25,multiple_buses,247,61,066a7f21257c2979a7ec68ea98533d2e0a722fa9ba5e406c94d20dfb911b9aba
22,0.25,stopped_vehicles,636,159,ec55e8eec281a3c49253710d784216a2a0d578af15a21a92fb39f57234e33f87
22,0.25,two_plus_bikes,345,86,0154ef24790c922741bacf1e5933e2cc5cc3dfbe3163c8f49178a4846668073d
23,0.25,parked_vehicle,69,17,067a650c31ce28a5fa26d8da9c19c817ab401c8c333f1783ca3801ec9026b2e1
23,0.25,dense_frame,70,17,e4d099015a04a51148c9c4df8ac8b9f98119cc9b66c4b82d2935d1a4bf6c9ebc
23,0.25,multiple_buses,247,61,94f5064d0cbb8b592de6036d10fff1f244fd7d39e2942e510d08fb37fee8ebf4
23,0.25,stopped_vehicles,636,159,5e6c37dfa5788149156e372a6fc5b91651796d481bf8d1678f921fc01cf74b13
23,0.25,two_plus_bikes,345,86,ef1733206145657c56deffacdbad48142ac56e6d173ef3bf2dd0368e0e884564
24,0.25,parked_vehicle,69,17,3c0f99593087ad64ff401c52631e9c601cbe185ffc7414a057c474349d0d77f9
24,0.25,dense_frame,70,17,bc7a78920388c0758e64c9d0e32acfeeb437f9104590c533d33d1c5b6689a88b
24,0.25,multiple_buses,247,61,b0909a26d960341e9f84ab890ac0331ed81d160342972ce8133a2d3574568d3b
24,0.25,stopped_vehicles,636,159,201d07c83d118f8e4e4be3d82cc71f17b9ed76525b50b0862486f24c792a113c
24,0.25,two_plus_bikes,345,86,14cfb57670f9b92275203523184b13357739b85a19ec6fd232aed5d721b064b6
25,0.25,parked_vehicle,69,17,4385829a198663971e2993df72dd1467772f693250421d95061f41c3b4c23bc4
25,0.25,dense_frame,70,17,8fce54eb534f0d214700acb012c3205d39757e814a7634394e9870ff0d8b3003
25,0.25,multiple_buses,247,61,e8d4406841afff529b9b0cb37e8fc7de531ec3119792dbcb6e7cb6aa0fcfb450
25,0.25,stopped_vehicles,636,159,559c58f4670d88ce9764bdc05e51a6914dbcea4099f4f70a5adf638d88bb0a2a
25,0.25,two_plus_bikes,345,86,022688533041107a694f40ccef605e8ba2d8b201fdbcc2737bddb876eb9f7ff4
26,0.25,parked_vehicle,69,17,ec19781a4037624828bc70b17d05a8daa78a9b30e965d996e85ecc2792e513e0
26,0.25,dense_frame,70,17,fef85f9efec851005b71c90ed7c5c3dca06a713f144788edcb93014b22c5e197
26,0.25,multiple_buses,247,61,7f9b23d36b5d214b0d377cdea765025bb72e01b7495bf90737afd2e54a75c749
26,0.25,stopped_vehicles,636,159,33d3a59dfd794bbe29b86e8278906d156bfc1bef280777de99e316bbd4a25193
26,0.25,two_plus_bikes,345,86,26b48ff8ac508d43a419049b107b4b29dec76fdd07d482de36414a531ff9aa79
27,0.25,parked_vehicle,69,17,d46cbbfaa1b438bd993e69ebaca0faa89fd767e222b3a484f24f4eb240d0da1f
27,0.25,dense_frame,70,17,9665867be00eaced615c2b236ac5eb2f290794819ce0f610e4239ffe35d28ef9
27,0.25,multiple_buses,247,61,670ecd7685fbf5c352b1392cb1cf5409aeefe0fbf9052c4563a18a55003b8014
27,0.25,stopped_vehicles,636,159,a743616afcd1176cc9d6aac4bb658b67c8143c8940ba9521a40457f7875a7335
27,0.25,two_plus_bikes,345,86,3f89357b18d018ae9a125b7d7ef753ad659b9da84fbdd624a587033e50f60f8f
28,0.25,parked_vehicle,69,17,0cd3fc234ba3348f96756165013b012d25236a3482c9e195bd477a7ef135e6d4
28,0.25,dense_frame,70,17,a7ef5f418bc8c1d59ef9a20e8ed7463db04114ed89df893effa59bee458967e5
28,0.25,multiple_buses,247,61,f445ec961b53f81e0a7c3441673ba0f3670914e0ba9a01dd41d11b31ceeb06dd
28,0.25,stopped_vehicles,636,159,3845c7c678cc8719f0acbfbd20e64da5d53c2cf53e382242d2530a099a8e4830
28,0.25,two_plus_bikes,345,86,f9689c385b68073b3d8f2bf2c663bf8b458bda36bf9d16f01ec8b65d0b1d9628
29,0.25,parked_vehicle,69,17,9a6cc815b16036a4f59cbf05ae99b1fbcaa3a78b9c184fc60580dc52baffcf8a
29,0.25,dense_frame,70,17,15dd889e8244b2c82d72b40e4bbdb5d01760718e6aafadea18d65d778cb38fbc
29,0.25,multiple_buses,247,61,8e2430137c4a292e57c424bf370149b251d23161820db6fe8983250b10b2d77d
29,0.25,stopped_vehicles,636,159,95060a23b402ae97cd212f6831fed2fdca93f98b13cf2dece4a0a102194cf515
29,0.25,two_plus_bikes,345,86,5d8101458e51382e724d096e692d59612e8936ef98544d8e80715ccdf9717c6f
30,0.25,parked_vehicle,69,17,19dc6530e11dd09220f04ec5cfdfda425b8b3c0a83b4634fba2ea5d69bcdfa0a
30,0.25,dense_frame,70,17,bbea3706004ec54705a614d114595aebad61a1ae732682b866fc3037437e429b
30,0.25,multiple_buses,247,61,1a2a38d75dcb247f67f58a935e687e6a0da9e44e453b57d7ce201e37f7b067b7
30,0.25,stopped_vehicles,636,159,3bc6802a82daf77ab0f5194e5084035c39749aabe29d6838dc81b24cf0c85498
30,0.25,two_plus_bikes,345,86,5dc829bce6f094133196021a7595c0a20d7a5e01a12bfe330fa9cd6b4c2505bd
31,0.25,parked_vehicle,69,17,62b64d8c79d4aa8f451132058ba4d70742eddb85cfae6013efd90203aafe0395
31,0.25,dense_frame,70,17,8afe576af229bcc4725b7419e184bc7c6d4bc1e6ec9619fa6ecf93c188c836a5
31,0.25,multiple_buses,247,61,98be460de837f659dfffec9f0c138b40214c62c715046f4403d92a6875465274
31,0.25,stopped_vehicles,636,159,60c2221b1da2b8d035406715d383676aef67f888d005d3721b6b4b459907f040
31,0.25,two_plus_bikes,345,86,4c3faeb0a9ccc20e4e5cc98392573c21d166918bcea877acd9010dfd750f29cf
32,0.25,parked_vehicle,69,17,b910ddb26a03b5e3349f01f0e9cbee2782fdae2d69a0bc1109cb8c989c1e322d
32,0.25,dense_frame,70,17,f3191716bd05b20225f9105b13211052c10bf93bb4f2a1d36719479170f8f801
32,0.25,multiple_buses,247,61,016d2f62233d55377c4d71e93fe18a22e7b20663cd7e7b06a012c8d5ad02867f
32,0.25,stopped_vehicles,636,159,3fb8a6ef6a2402af3554cac7f79127e0a77ab057ee4e9f3d9bc13ebe72b7d1ec
32,0.25,two_plus_bikes,345,86,b454a2ef4b6dc14ebe1804717a750022da0f5425953bbd26258c2571f04e2883
33,0.25,parked_vehicle,69,17,d6f08b9e08aff99ca501bb949ce96aa97e4d9bf6bad94ac44afc77b36883adbf
33,0.25,dense_frame,70,17,c0909386c9e4177080c0271e9942b081f1299de5c975eaa5117f31c8471b2127
33,0.25,multiple_buses,247,61,a622b5e1a8084170bce22e079eab9d8bc06b0741262bf248958bff4099e0efad
33,0.25,stopped_vehicles,636,159,931546a79af39acd5d07d01a8281341d5da0afa181bbc2e0711f43f025d03dc1
33,0.25,two_plus_bikes,345,86,709d2a016099b6244e86e3fc749b867873ae85e1587643bb53fa1b68218aae1e
34,0.25,parked_vehicle,69,17,9e489aed7f0319f464a846ae31d427d40eb87e0766a36f33d36218e0cc7a590e
34,0.25,dense_frame,70,17,e1659fdbf3fe09af800a100c135d8924e3d1e1a9b69d78859ef4d927f1b8df03
34,0.25,multiple_buses,247,61,1b8fb032b43faddac1a0c6ec5001268abb86539342d9c987bbfcdacfcd9fe7bb
34,0.25,stopped_vehicles,636,159,f2f1d75a6d22d36bef73aaf5026f81bb119f60aee041ab3874c16a267eb3af62
34,0.25,two_plus_bikes,345,86,02b65ea0ee32dde99642abde0b7251da091182094e6de36b38964d5cbfe2a806
35,0.25,parked_vehicle,69,17,9da128ba6261ee6270dd467326cd14a6d4faeb2f78f48885ee2bff4337aaa40e
35,0.25,dense_frame,70,17,cef5137030f40100a2f99b4bf001b1ff8d3dda2a2f95dfa457f787e665b05158
35,0.25,multiple_buses,247,61,dfe9df342224b558f258577afc44206419fe56d663c2885d8d8b7f0770a31431
35,0.25,stopped_vehicles,636,159,39e5133759997f5f82676724ca3e7cd263ea703a5ea588cc7b780b7edc4e865a
35,0.25,two_plus_bikes,345,86,be291b661bc795061e13bd352f005bef70e6547580318b533a411ebd15c31ebc
36,0.25,parked_vehicle,69,17,9e289229043995fd5eb814f7650abec8efc6e9b402e6d4ea19c1e1b4015fb899
36,0.25,dense_frame,70,17,ee8513d66eb934f869716ddefdd81930dd0b340201cdacfcf7060d172451b1d4
36,0.25,multiple_buses,247,61,a826fa28fabf1a64ed82cd6b000d648a84aae0dff243ad20c416d2c5996523ac
36,0.25,stopped_vehicles,636,159,6d1c63f1d73bd915d8c4b9ec7a314dbf58c6ba277d68c2897cfcac2e03b4926c
36,0.25,two_plus_bikes,345,86,bf112967d2e8f61a6e91e68bad7bd078bb917881fe3734ec28cf88aac043777a
37,0.25,parked_vehicle,69,17,accce5363152b0ac4bfdea1b95096a56a8354cd0c5aa5b7c416d711908e4dcc7
37,0.25,dense_frame,70,17,f97cde2191ee1d9c913c2c84d468e3e785b17b816a83740451d04bda5d199079
37,0.25,multiple_buses,247,61,a31b21ee4541af050194608df7604fec458d98a8d74c59b6cacfdc87600b9e75
37,0.25,stopped_vehicles,636,159,f16c84237ffeb737b6cd661d46d7003b1f30a68d2897cb407b92dcecd1adb581
37,0.25,two_plus_bikes,345,86,ff405572d2a91193026072f7bd3ec0dd9d2f51e9c86378db08bbb1dfe540bfc4
38,0.25,parked_vehicle,69,17,65235b44c39c105f0d17034062e87c97fc50344044ebe779c84bd830dab727e9
38,0.25,dense_frame,70,17,7f725f74f5390bef715ccfee9e5f5c7a93acf190fe6c1fb480aee1a626ac4c5c
38,0.25,multiple_buses,247,61,2a1e2a1a1ce05718a00b5bd2693addb40b66d444006ea2bafa45801a5f34dc5e
38,0.25,stopped_vehicles,636,159,dd477c01c7bd2fa560eda6292ef05007311b3fd918f58daac126809daef6c0ce
38,0.25,two_plus_bikes,345,86,774166969b1fcef1f600d5bd0803bf5bc6befa7c5217b83d91597f75a889b569
39,0.25,parked_vehicle,69,17,5b3e0fcfe72f47324c3f9dfb56abe0ce4df2b8f21f2d0ac31bb57f044dd0c25b
39,0.25,dense_frame,70,17,e91b87c87a6104e006461a4e17eff954787f9f49c1165f6d94a842c9685ed0e7
39,0.25,multiple_buses,247,61,acc70d68ae23c4baecf860bc05bda23e9c03dcaf881d79fd807dc603802a4fdb
39,0.25,stopped_vehicles,636,159,1361492ce9edc8ef8529d85041dc6dba01ebdbfa566dcf507d4dcdd9950aa95d
39,0.25,two_plus_bikes,345,86,8cf23d478870bdc2efa2d5650ac6cf8ad3ae101252a6646a4f2e9e57672da92b
40,0.25,parked_vehicle,69,17,f205aacd9a626372ab04e3c9c68d0f885b33f38eb8663c10f5b6c3808d0d1930
40,0.25,dense_frame,70,17,761fb1d0eca2387fc43e4d68b12deb0699b1f78f1fc4d586c7a079fe5cfbf597
40,0.25,multiple_buses,247,61,5330feb0d127d61f67e05d4f8cccc7d466809dae6acb33c4d4950118ae4ed6f3
40,0.25,stopped_vehicles,636,159,a354a5744e62344fcd8d1bc993682d6b54389bf714f82570136e98fe14217f87
40,0.25,two_plus_bikes,345,86,4215618372e6008ab7fe75dc0814b37e19f394096e93856ba7dde6fc335714f6
41,0.25,parked_vehicle,69,17,58baf73309d824bb0a68c987f48e967ab1122eed0b1400447fced4fe882ec7c7
41,0.25,dense_frame,70,17,0c5b5ef44bfefbad7fbd99dab3bba7799e0063661d1d51dc4fb4e74cf2735156
41,0.25,multiple_buses,247,61,9f7e08180df7a3bbc0a0b2a9eb872b0e9b775b77ec9f8436ce16a7d18412edaf
41,0.25,stopped_vehicles,636,159,377986861d395e62ca85003d98baa0e39e9afd3cae49cbede883e9b46f060124
41,0.25,two_plus_bikes,345,86,41882056999551232ddafe0d3cdc2c183934d079007d55c8859219829a43c96b
42,0.25,parked_vehicle,69,17,e2852aa694d36cdc2d747e21058e0965d857d0e0d7f5926c7b5ac542f94172a0
42,0.25,dense_frame,70,17,96bc553072e01c46c30c7cc7f2672cdeded53b4380bac62ef365651c7aa1b469
42,0.25,multiple_buses,247,61,bf0354f053f7465e2e35c10f81ac29f9e9b089f756d15ec42480103f6d03599e
42,0.25,stopped_vehicles,636,159,48cd979eeed4dc0534ee26e32efdfd6c20af5f7fa59f2a44837a20dc94780534
42,0.25,two_plus_bikes,345,86,89e79627b009994a7b054d4bd301f71d0d9f85b7113e63d9ae9b57503751c184
43,0.25,parked_vehicle,69,17,8bdb32dd269d4cf5afca9bbbeb9e2160a86030244d48db68bfeb54b1cc171655
43,0.25,dense_frame,70,17,e067cfdb06592d17d931468821c9b7ef2f4c2aad811d2a1e9ba667807a2a0b78
43,0.25,multiple_buses,247,61,eaf4ca973e70d5d2f63405f487a37b448dff47b05f3f824e6effe63e2d255c7e
43,0.25,stopped_vehicles,636,159,f63feaa4b978fb0fc10c52b7ecbf4e93c4295497c4c27fe13802da6e6f68929d
43,0.25,two_plus_bikes,345,86,ae777638a39c68806334a2aea3d5e9050f5cc168c56b6ce17834b74b0af9dc78
44,0.25,parked_vehicle,69,17,a6a243ff60bbeb79d23f7277818d8a005261d3206b79eb9b363c43a4d8628924
44,0.25,dense_frame,70,17,ac2eaf73dbad57566185fdeb565c8568127d7d6a5a2c6a843463c95f7a9a03d0
44,0.25,multiple_buses,247,61,9d523e515cc14d3edbee13b228c418177400fe22d2dc004c512791f531b70757
44,0.25,stopped_vehicles,636,159,6eceb226a15dd275cc5853f75e6586d800135e50bf4ce77e5ba5ccba56d10c63
44,0.25,two_plus_bikes,345,86,2a7c10675a283359286f4c3dbfb49bcdb8c0837061a84a13ce0217d2c1f20c41
45,0.25,parked_vehicle,69,17,82795cd810eb481a875585165bd93590cbb2a14f23bbe4190570fd8765c6f486
45,0.25,dense_frame,70,17,5d04cce3f3498db01cbc51b7239c6fdb36b5833244fabeb753d0bc918937a245
45,0.25,multiple_buses,247,61,5fdf4b029901845a7574b4577173661ce8bf67d08de42efe6c5c7915a9b1c7a7
45,0.25,stopped_vehicles,636,159,f67cd919bbcdb07f7913491d2c5b4a45c97fa582e87152b9fc69f33111ebcbad
45,0.25,two_plus_bikes,345,86,67635e434e05bf0c25818148a94ad5d297068c6ca3c9d8610255a5b49a84c232
46,0.25,parked_vehicle,69,17,49fdeb14e90bfeb4e67290e593fc56618c6d106abf0bcf8af63c6b31d7e56794
46,0.25,dense_frame,70,17,1dcd7397adbcc6f6eb6655b5f87f00efccc0d0f1f572ea07a8a814e2bd574186
46,0.25,multiple_buses,247,61,7028ba9b9bc44ad47c5b6cbcb1592a79494aaaf3080230b699b536d43af712da
46,0.25,stopped_vehicles,636,159,de76fdafc397a6e600bb4330f21ce83856a79a144277d7d892776a8e87826420
46,0.25,two_plus_bikes,345,86,d354ac30108afc7e29be15fba4ce299df51527edc22f41fea596a44659f2fb00
47,0.25,parked_vehicle,69,17,ee8989daecfff6315dc4e67e61b9439677babcbb670396c0adcc18c6788e7461
47,0.25,dense_frame,70,17,7143ddb52ceda608f7477c9ce624f27cd2376248f7f7a0d46c587d9336a38609
47,0.25,multiple_buses,247,61,888876efa81bab75a37f8ebbe52ceb4f01177a0c7a44cde14e68cc6416bcf281
47,0.25,stopped_vehicles,636,159,216aab8c20959dd4e6553cf27dd27d60d88e53383fc6b81876838df118f9af0d
47,0.25,two_plus_bikes,345,86,4734382b6a69d678fbafd4b0ea42a55746e864c2ed94c8f0a6cadb3f56f3d4f5
48,0.25,parked_vehicle,69,17,e7d74033f2a4de7385842ce262f21e5cf1e71d017d11c8e218caff9813de3f5e
48,0.25,dense_frame,70,17,21fdf5706286a6be25f41471c1ca160bff2436dbc317fa8b9b2d1ea75d2c877a
48,0.25,multiple_buses,247,61,c65decb6f655e9b915056b169bd2eb875e8d21708b00b3caeba9bcbe486d4f69
48,0.25,stopped_vehicles,636,159,19a76b75726f0d760932c5c9d005af87c2f3f20e4cbe59f811cfb94583a81629
48,0.25,two_plus_bikes,345,86,c8ded806ee0e973e6b8b7276d4c0560657c9e097a7913380b8c480fe1a45b69b
49,0.25,parked_vehicle,69,17,15eff62089de2bdff5c222fde309c29aca3fe41e64ae17d26f68588834fb18b8
49,0.25,dense_frame,70,17,03c156daac95db9507a8d905ecd92e72502a4111927c9b373adfd2625c0b2b82
49,0.25,multiple_buses,247,61,7fc3ae5f132625e0e7f616a2418dbadb395474f52dfad2bebf2f67b2d0afa5c1
49,0.25,stopped_vehicles,636,159,d3976c05f9f9137dde583e02ec8be08a961f4ea79036a7c910a5ef2f1f2042eb
49,0.25,two_plus_bikes,345,86,abf06445721ac4dd97bfb3de80e84a7f11d3ea986184bf55884c80c16ca3fa53
50,0.25,parked_vehicle,69,17,43d2e7000555727ba2c0be316e97e97d04482e7a69cb6b2bba887042ba6bf1e2
50,0.25,dense_frame,70,17,a628d06d7619de7e42b05d1cd29452752ca1d0573091d92dff52dcff9004675c
50,0.25,multiple_buses,247,61,620c479eda14f29eaa8aebcd24727c2fc762829b65927132ef54324547b7e92f
50,0.25,stopped_vehicles,636,159,c9e6158a2cc4ca0c7ad305c28f81b23b0f509634a55e0ac7c810031c86686061
50,0.25,two_plus_bikes,345,86,dad27874803d5fe7e2e593277f9c58b1f2192fb5650caccd71591eed5fce1753
51,0.25,parked_vehicle,69,17,ebbb8154b8ffe376e4cb11ca9451e61705836a53c3b2987de1b48dd696b5bbfa
51,0.25,dense_frame,70,17,3efc4b511f923b0936449706a9f1ade0016e1aebfcf84f232e9982ae40043d28
51,0.25,multiple_buses,247,61,6c0294a92b966ff8e2316f1893240c04c3d98ba9c4afa642033a936fad314db3
51,0.25,stopped_vehicles,636,159,5f580b69ebab497a232d326db329c18e81221ec57f67be3ad1eabb4eb568bb06
51,0.25,two_plus_bikes,345,86,087976e2b9d613a6ecbf6dd0592138e52bc0cf278c5904d0f9de2aacf5be0d15
52,0.25,parked_vehicle,69,17,b32d5b0d8af5bbb9a4ecf18d2ddf60dbde1f145ee7d487f1329f9cc589ba6000
52,0.25,dense_frame,70,17,f69cd3d3a26e688ff528117d43415aae5cd1d3e1cb90594f941bd8554c45b623
52,0.25,multiple_buses,247,61,8ee8125e16b196805ca1b1064c52ca1bcba6226fd177f7b56a83af45015a4338
52,0.25,stopped_vehicles,636,159,ea9c4c7cb6894fb7de712828332bf404b26286c7750fec80e0837ebee9eb1247
52,0.25,two_plus_bikes,345,86,2dc8dbebec55f0704bc09edfe232357744a6374085ce3fc33f11c92dafab8872
53,0.25,parked_vehicle,69,17,6150303f4f6b46e15df293572e4b7b2b9925934b006bd50ecd7a446bc47fbed2
53,0.25,dense_frame,70,17,9de325ed581e828812297eb075c6b72a69a258a601a68b8fa9ef51551afa8bb1
53,0.25,multiple_buses,247,61,0ddc4987cff6032cf7c4f84a330f7b81ccb74c2285f3f04c604dd513072ea7ae
53,0.25,stopped_vehicles,636,159,d7c501d0b453037d815795c226f6387a74144191f223eeaa894b02be0eaf0fce
53,0.25,two_plus_bikes,345,86,0c6b11d0a95e66cf178f1d022ff69d91c1ac97f7fb573cc62dd2d0957d964d53
54,0.25,parked_vehicle,69,17,769ebc679bcda7e8ae5043e3b0bafe7936f0dcd795403fd7985d2124bdbb4912
54,0.25,dense_frame,70,17,a86ec06d2015f80c793b28c9d2415dd93442f0df36b74aa670c04b3e93afae76
54,0.25,multiple_buses,247,61,8f4210ed393906b5e609503610641604afda5af98ec6f3fe0910fcad76ce30db
54,0.25,stopped_vehicles,636,159,c0d995b82298dead2c3910ec40f17e042cfeffbfde1526aa63578b4ad80366ab
54,0.25,two_plus_bikes,345,86,4d6c281ca91bdfafff79c5a4ef70861bbb28b0991f1910f7ad499c2b4249554f
55,0.25,parked_vehicle,69,17,eb71ce77be7ec94f8400d82d45cd7b51c0e9f840e0fe780a8e6792353017071a
55,0.25,dense_frame,70,17,d65bf66faa10b0ee6dbac8c90e53f77972badf787b7bf73d209d515f692e6183
55,0.25,multiple_buses,247,61,0cc8fe8690d02fd2a87409c0c997eba1b68a2d69357b0cf35936a023fa70d954
55,0.25,stopped_vehicles,636,159,9d52a0eb4ff874077c1009d0281ef41d6e8073b835cf4c2cc6d6e5ba97dcebad
55,0.25,two_plus_bikes,345,86,bc7cd883e30285dd244d6483b6a1f01e19d01acfcd0fbc8d8340794b769ab78e
56,0.25,parked_vehicle,69,17,92d863e0d9b5abf1f0538eb2053776337d8fdae2f0f1390010b30a2a99a9ac5c
56,0.25,dense_frame,70,17,0487c487f60823900927ee77944ed437a513cae7bb29f4bc987ac53dcf8b7fe3
56,0.25,multiple_buses,247,61,e50b4d9426c619be05be82c50c06366940fb334b5b8bb1ddf0afc21da6f12eb5
56,0.25,stopped_vehicles,636,159,a75730e6289d3815d0068c2cecf581854c7f51950a76b22697f5b2a9eeaf3fa6
56,0.25,two_plus_bikes,345,86,a4f87db6587e3d683138ffb8eb48eed66455fdc6a33aa131bb4d3f4ccc6e75bc
57,0.25,parked_vehicle,69,17,51ce096e613676d36875f2b48d954ce1ef072c8c080aba37620aeec48c129b3b
57,0.25,dense_frame,70,17,e9f1c0913987da14fe0392a0405ae7cee90aaf09fe479e988cc13b84278ea806
57,0.25,multiple_buses,247,61,aa9a064d95714e9960078e363e0cfd4a846b5049d8fe69a9d53a2b92d0613c39
57,0.25,stopped_vehicles,636,159,5896d8b55ba4c6b69f98c8c67d2c3c4a8fd82f556cabe47e40a519be503f8ef5
57,0.25,two_plus_bikes,345,86,933583a3d498aceb612ff569a0560fcb71e71bdf48114231d8de7f638041d76b
58,0.25,parked_vehicle,69,17,e078fa8fcbb97a78c17cb7f9a04d1c873633feb9dcca5ee322bd1669b38353d5
58,0.25,dense_frame,70,17,8e2719b0bc0e8dbd141cfea7888b80ad033bd9957512530cd16bdcfdaaf9fff8
58,0.25,multiple_buses,247,61,c4c3c252140333b20bfaab4ccb0eff5ccdb2bafd72f299eff9749ee35ec3a6bc
58,0.25,stopped_vehicles,636,159,eec72748ca054127907092bf74a6c645ccf637d6eab9bc2dedd11b7f968b8f06
58,0.25,two_plus_bikes,345,86,423ce9b309959c26ed48a54bf6574def2acf95022853b7d91f4e430f299e5c83
59,0.25,parked_vehicle,69,17,9a183fdf1df5a082671b1ec1d0b6259e717750b7bcc34ff5d75d2514999fd998
59,0.25,dense_frame,70,17,3b1a339a48b4dec0d96d61aac4b817aa5c5d4b7efb3a4f5ed1493d282f150dfc
59,0.25,multiple_buses,247,61,87491d662e1fa2e29b4d579811b2a5132b145e8a5434714a0b59c2107206b1e7
59,0.25,stopped_vehicles,636,159,711ce2926dcaf76927719fece9089d6efc7bff809da3a0bdfd5ec992d013412e
59,0.25,two_plus_bikes,345,86,9720baed29084949e105804037c7f930b4e93038e52d5d4f3ff23ba1aca78e37
60,0.25,parked_vehicle,69,17,e2722a9fa78dd087ae370679ca220b66a9d9a5236a63fa5d90fdaf2e0dfe70fe
60,0.25,dense_frame,70,17,71a726549c7cd485a5fd81f7686db710ca375d1576f22716f142fc3024fb9d72
60,0.25,multiple_buses,247,61,219ab378bbd62ab02409a51807b5c116e97d6e78d448de66e2d84f40ff79fa32
60,0.25,stopped_vehicles,636,159,60dbeca9a5430f40ebf448db3865c114dd74a7742e8054f1411e0f8fff898b16
60,0.25,two_plus_bikes,345,86,f8ec57e41af69a0c30e458c107fef9e42876c54277fae819707ffad9f8374377
61,0.25,parked_vehicle,69,17,70c646da286adbd1bd3f0e274445508cbbb7d63556de568cff1b8cb87d1711ed
61,0.25,dense_frame,70,17,add39251a4cde1a59cbcbc26405c253757ed72bfdd27dd9d12f167760e23bbe5
61,0.25,multiple_buses,247,61,ebd03100f98dbf6a412d94925221e09e426751e65a1923e2cbd2875e818585c7
61,0.25,stopped_vehicles,636,159,a8ee0127f3298b0e6912a214f5a8b1fbdd267d244413f5e60b67ff2b7bb04661
61,0.25,two_plus_bikes,345,86,0ef0529a7e37ab5e7d9ad8eef81d0400d71f8786cea569c80d45f5fd9ee9072e
62,0.25,parked_vehicle,69,17,e4ac8becf6726460ecb0f05825c4ee55db0af448b3b03aa5441c74d2f75c2bab
62,0.25,dense_frame,70,17,5a02dd5b1eade89e9a887b2785c40f9f189533f0918758e214321d281fe2e1bf
62,0.25,multiple_buses,247,61,677734da255e6969d10925b83e33e0f550d77300f00487059895fae33689d957
62,0.25,stopped_vehicles,636,159,fc0396baa2486ea75297122113ed8d21dc716dbf0bab24d941c592df6cf50d3d
62,0.25,two_plus_bikes,345,86,c03c650469807b61c59eac7a6d37f68d5ac39b8cb58fea14b204a72c1daa57f1
63,0.25,parked_vehicle,69,17,0d9a4afdd74af924ba6a0638a6c9907dcfc1a08bd431da9aa4d95e0e3648dccd
63,0.25,dense_frame,70,17,1750ac7762c0b1e3a0b0001c2f3e82c08efcbe443515653bfb33b9b90653850e
63,0.25,multiple_buses,247,61,5bc734f51593b3487a8334731fdc94182c48012e622e8df52995c6f47a5e311b
63,0.25,stopped_vehicles,636,159,625d0674391203bfe14fae5639732e496ddc27771e0fa1cd832e98b14b6cf2e9
63,0.25,two_plus_bikes,345,86,58dd9c7eadc5419e7c469075d9c5c7eb13d2d97571d1f0a1de2e8eee7a8383f5
64,0.25,parked_vehicle,69,17,db093de369c858ec1015c3ee2c63fd529229d32a63eeda3972a909e03a5b4e83
64,0.25,dense_frame,70,17,bd4fad9eef0839113b972b3195b013e3b6abb65c88d46ae2cf4ce8c6be0daa0c
64,0.25,multiple_buses,247,61,fa07ade1dd89596d539a777d0f1fc9077c78d4a2f5df7375dde467dfdd864bc4
64,0.25,stopped_vehicles,636,159,7eb456b61f72b37ea9efcf941e41aed3ca0d89ef62ae1213c8ed352756e6c921
64,0.25,two_plus_bikes,345,86,6cee2fc852d15328ea42b10105dd7496812026edac614511ece0243a3b8391a8
65,0.25,parked_vehicle,69,17,a01be59928e9ce342d7e2c17500164927f7e50e7a87651da9c2798de00ceff36
65,0.25,dense_frame,70,17,9b73f423b716b05826bc7ccf984ce38d3a6d49b375c509b9aacbcd37b90eb3ce
65,0.25,multiple_buses,247,61,533f3ad7d83aba2169724f437f1c56a7eb589e0781b3d0531ff19a0d194dddda
65,0.25,stopped_vehicles,636,159,3ef6c961d98b237f13bbafbba104a53aee74e5afa26d28b9edf8ef76c282a983
65,0.25,two_plus_bikes,345,86,fc576029c8dd6882a53e4befc314ff04fdba700eb86631537d5196c004620940
66,0.25,parked_vehicle,69,17,02331c904f7ca3d7c8e7c751dff79e3785c4cb56d3a06b11126232d8abdc1de2
66,0.25,dense_frame,70,17,ee5f91f548a7a81d7f10096a38381b8fde01c8aea3043b6a465ab4ed49be6ad5
66,0.25,multiple_buses,247,61,1683275f77f25ecd3757253db5b819440d578de1c1eadf01e6f65cce4bafb70a
66,0.25,stopped_vehicles,636,159,7e57e810f3679c5354711ba7cad201b5a563f48304a2f8c06ed4a508d5b4fc03
66,0.25,two_plus_bikes,345,86,8a60a15165adfa4e09b54fd4ee090523382efbcf50461fa6220598227e38fa1b
67,0.25,parked_vehicle,69,17,18d8f4398d31d4d672f887736ea70439f2de86a992b4a18b3e49d6f05f33c308
67,0.25,dense_frame,70,17,b64dd5a2d1082cb51889632f0906310bac443dd5ee2e18f64236689b0d94cde9
67,0.25,multiple_buses,247,61,5a455e85b7994b55297051c3417228d3549410ee30e0f52019bc7c6dfac78c0a
67,0.25,stopped_vehicles,636,159,c74c695b333c00b587153680ebe9a4a5dac23e062155d1638347bae151351162
67,0.25,two_plus_bikes,345,86,e0766b98556d0331a2b5ff5eabf3d9992715869d92d911294d4c1cf8c60c3279
68,0.25,parked_vehicle,69,17,243b40360d76b9279599fa2669e913bfd157dee9b9f87cd40abbe8061da4466a
68,0.25,dense_frame,70,17,3cfcd1f88353eed53e55ea96c8c57678e77d1b25936d9d5f59f5ff3b464d3e7a
68,0.25,multiple_buses,247,61,a97263012a23b1fcbbca732b9bc4ebc01c0a97d654489385cc9af9e0149a502d
68,0.25,stopped_vehicles,636,159,620af8a18c9bd4a07be01d03547620190eabaf2935a3b771769653b51568c245
68,0.25,two_plus_bikes,345,86,de2230a3de8457af2e86f56e568ac6d3c1d8146fa8aed4b56351168e309166cb
69,0.25,parked_vehicle,69,17,bdd6997bb3b6fea6ec7419304d515e54691b445f4f2c40ea8814dbd4dcb5a472
69,0.25,dense_frame,70,17,7ff42bda4d0b472dbc6f078706b4e71baea4586a061a8a24b441b25c37c35486
69,0.25,multiple_buses,247,61,e3e789ad3eb6c1ac3ff39579cec5ccda35a625c8222389bc28cd269458e59472
69,0.25,stopped_vehicles,636,159,5457df8420a919cef01a244808b37a744050be387f8c92fd8f3ad85bb972f14e
69,0.25,two_plus_bikes,345,86,00653e5de350515fc487c6f7d26bf9b1e99d805a3f0ff6ba90cb1a17dbaa10dc
70,0.25,parked_vehicle,69,17,7993130a54c7dd697c0ba08c9c8e7b9335da1733f7e0192c7aa4ce83c192a55b
70,0.25,dense_frame,70,17,84e11d0d438bf68632460fad29ebbd467ac2abf92fff3f6396c1fec2284fed7c
70,0.25,multiple_buses,247,61,12c57945aa82d36819b331a4666861fd6cf539a7d5896d67930f46a4642d7d3d
70,0.25,stopped_vehicles,636,159,de90f8fa6e638e23d5e300cfbdd9da97295859b172104bbfc6675ab7173eaed9
70,0.25,two_plus_bikes,345,86,6c46c744a3fc139851d48b676d582b7c13ee4f95a3d22b52cbaaa70e04bbdc3e
71,0.25,parked_vehicle,69,17,e799e5bbaa165f4aa6bf78313719d70a717029fef623f2ac38f8438813d9d854
71,0.25,dense_frame,70,17,aaa2ae4ac3fb50e3ca089b4a58baca95bbcbf1fdb5fad829a4ca6389ad038cd9
71,0.25,multiple_buses,247,61,37b8196d82a60fc3790b20c89ac30c1647ed86d879323cc907b0200e8a76b236
71,0.25,stopped_vehicles,636,159,e0c42615baaf78008abd8c3d28e1c4b95a332c9c5a688146673d47c5029fa651
71,0.25,two_plus_bikes,345,86,1fdc7a8837b35333fec350936f05eb6cd93e119d0eb5e75eebb9f0a0ef52d5e9
72,0.25,parked_vehicle,69,17,0d472eb284f8450ea15febfc25922e8ef6c1ac0cea4b94604187f22a830a64e2
72,0.25,dense_frame,70,17,cbf28d4d7934ba89e5220a775ec7166890cb5877ebaec37a513145216ac0c4c0
72,0.25,multiple_buses,247,61,aa8828d496c2145ce6d6601a3dabc8938873ac6d663fa20cdc3c024f0f1b4204
72,0.25,stopped_vehicles,636,159,3e1454e7add938f86157a990623502d967cb3f0931abc423355a73e8a9ca3ab1
72,0.25,two_plus_bikes,345,86,e7b42498b51f5e59f428564822da8ab614e33f09ee1ebae772432036995d400c
73,0.25,parked_vehicle,69,17,9e9500009cc35fcad99c29d71c35cad94042dfd72577afee9127d71b578e9975
73,0.25,dense_frame,70,17,f6cd20c85b2660cff2f04df75b5b122a5f321e4a27ed94df9347ee85f41fe53e
73,0.25,multiple_buses,247,61,bdb1bddac29df827b6a5e35039e534f42f8f5244146146a359e94a26eb534ee6
73,0.25,stopped_vehicles,636,159,60192d32ef57656cf061ddb7bd55c32522bfd832f84b1836db63782681e0e9d2
73,0.25,two_plus_bikes,345,86,b590c6ebac6d29019324fd24bdbc5dbdd67ada97dd0b64ed4b91fb5c7de15d4c
74,0.25,parked_vehicle,69,17,00f33a4590e52bd07e1918229d54728a1312ab1e489cc8b4097ed36da3f6c672
74,0.25,dense_frame,70,17,55a151118a15202ce45a6895f0a73b6ee344cc78d28ca050b02d5cb19de2bb7e
74,0.25,multiple_buses,247,61,584f80d1f9ae3d9041a9279bdd8e6a76b7ab06ac764f3f72bca37df29a856893
74,0.25,stopped_vehicles,636,159,9be665977bdccc50cc5ff07cde285efee894db0168d7d1cf640a015a3952cb63
74,0.25,two_plus_bikes,345,86,bdefdbc1c505b37e32f6ec3808a489e3f87ba4dbca07dbf0fb5d7c223396673f
75,0.25,parked_vehicle,69,17,7795630eab60b22b1ccfe83cdab10ee1ca42976375f17010bb7b256165156f8b
75,0.25,dense_frame,70,17,f9ddedf24682eefd00c6c2ffcd647e99958a264c3004b0d02a5e646d216009d3
75,0.25,multiple_buses,247,61,3ac8e4c665c70e86c164c0e94797ff8d0e3d7e8636706419ef67e2995055258e
75,0.25,stopped_vehicles,636,159,7af845eb66582ad390097974d4ecbbb6256522b6335e4d28f7abd8f7890d17b5
75,0.25,two_plus_bikes,345,86,7fbdba2e1aa09a89fe4115b687de2998b1b1f8f611b724e141abf5a337542d1c
76,0.25,parked_vehicle,69,17,45b301cfdd5ee7f1dacd04560f4b9289cf42be962ae0d25d6b396ac4f897668d
76,0.25,dense_frame,70,17,a94d1bee75deaa546a1c91f3384cac04ac0ad559ef3e035a3238fa83e784aa28
76,0.25,multiple_buses,247,61,d78eb8bd921e9a1069961e23bb71df3a586efb6c3435d10b97ff1825725654b2
76,0.25,stopped_vehicles,636,159,1dae6883cda8813502c759a330f290cc061e130418be251b1fa76bde1a880320
76,0.25,two_plus_bikes,345,86,54ffc253370e41121b0da5aff0c8a3914ee92c66478458428e8123591191d0b5
77,0.25,parked_vehicle,69,17,38053158a84562f7449cb33849512f27f2ba9916c0f9fed08272aa0a5211a78f
77,0.25,dense_frame,70,17,896c9dc8122d17173a15cc359055fce6cdc5b197cf31b1264959c6e668fd1a06
77,0.25,multiple_buses,247,61,25e544ce1fe57e2aab294875fb741ef1e452ee284582b3489d5c094852222486
77,0.25,stopped_vehicles,636,159,b8ab75d7e0e3331bc38b336a54a080e64cf47531f74b3ea3bb4c24ddfbd966b7
77,0.25,two_plus_bikes,345,86,f2d93d5f76b5cc6b98f0275be2178bd5d10fded829eeec813552a91ea9094f86
78,0.25,parked_vehicle,69,17,4d1d944886ac534a08db5d47e3fd4751a9d1f18081889513a12e419a0a49ee6a
78,0.25,dense_frame,70,17,a86de47ec4babc838004d35059087775cb12a658dc0d421c7241494cf6ab6a3c
78,0.25,multiple_buses,247,61,2313f6beebb8b191d50007966f411838fe8e3e381591dd84c921a9b4d217c449
78,0.25,stopped_vehicles,636,159,027ff0294d7933df001d61b26d3b5a91a17d12481929f23772fd592870f562d5
78,0.25,two_plus_bikes,345,86,bb6a5ac8387bd171a3ce76aea989ffd32f377c5c1d0b1dd7382cf8b1cbb87e9a
79,0.25,parked_vehicle,69,17,8c0f6ce1d7be785c94e8afb1373431e770c193d105bcace334836d7429e4d598
79,0.25,dense_frame,70,17,fda9a0d15fa53c4acfdf468f20be777a6b6b1df6d25899642f2f300bb9764124
79,0.25,multiple_buses,247,61,6ceab2dd34056f760980571905d3c1f2d27a78475fd0f69b88f60ee5d3f51b75
79,0.25,stopped_vehicles,636,159,23ef98bfdc23c8b739a0e2ffe259f7406f2071c096a51d7446365268accb56a9
79,0.25,two_plus_bikes,345,86,81f4f7829c1cca761dad9af4c0e8bc85d99bc32148bef787be1df204084c482b
80,0.25,parked_vehicle,69,17,6a14ee5dab3997d52d001923ee3d75180cb8172b6c923b2c4ff55f3efc85f601
80,0.25,dense_frame,70,17,40d55f4e4f4d25b68ef9ac4139716054b95c5396e098f38d68908fc40ba6f4f5
80,0.25,multiple_buses,247,61,175d4e12735a007a9290be07a3fe55cddb295b507a37e3864d1c1facefae7391
80,0.25,stopped_vehicles,636,159,cc8325790fec930bae0b1325a20bc3ff9867912b30df16fdfec9da95998b098c
80,0.25,two_plus_bikes,345,86,f9c06af914cf61ec2199f1381678be817bcaf35a4ac2937ebec04758f82a4964
81,0.25,parked_vehicle,69,17,70a0cbbb4cf6a6b655731ae566cf9f3bbf34165e1457d594dc34a890a71247cd
81,0.25,dense_frame,70,17,892a8ef977742f85ae8e9b942ad26a7cf8cc18c240073fbebb601ecb92ccf6a0
81,0.25,multiple_buses,247,61,d9cf069099683ef74fb746c94e5585d885d3fa383409f352881679e22d5cd3bd
81,0.25,stopped_vehicles,636,159,6c1415b72df990140eac80f2ee441791dfb4d9f4f3b1dc10743e4597735adf69
81,0.25,two_plus_bikes,345,86,0cdd9b536bc4f995717d34a7a6879ee2c0a6002ade07e8c4516db1fb6d3df289
82,0.25,parked_vehicle,69,17,f31b0439a2c77090d38e9dfb2c9c7fa4c2fcc5c4db5b12a5f58885600d1aca6a
82,0.25,dense_frame,70,17,df22b6ee33beb8375005beeef2daa1985415f31a7cc028ecdd28dc541c29af76
82,0.25,multiple_buses,247,61,74afe447bafb08d8b0d346f996f878bb20e260d51b82ae52f86bea7bb02bec60
82,0.25,stopped_vehicles,636,159,8e9443626470eda40a2a1a9a41db8918ba7fb13b2c3d8806345629a7b3b3729e
82,0.25,two_plus_bikes,345,86,9fffcb1b7276948ef8a80587fe391d891776900abd139cd828d5851866594e71
83,0.25,parked_vehicle,69,17,1135795904d037bbd52cc9892f7b323b7730c6e7beff13879f084fdac46d8c9a
83,0.25,dense_frame,70,17,86a5312ad044fb5315b5fc1ccfbab0dfcbb615ad5bc448b7ef08f911627d6494
83,0.25,multiple_buses,247,61,b3b42975997d8f41d923d5fc2c405596ca43ee0582a7bf59a7cb8fea73bb3a0f
83,0.25,stopped_vehicles,636,159,712fe9a1cb96ae1e0dc9d39d322280fbfc37f1166db512fb34aab706f729b183
83,0.25,two_plus_bikes,345,86,0f8cc96a4a9c2ef5cbbfa082cca74ae41c25379bb86cc37895f00d2a519bc91f
84,0.25,parked_vehicle,69,17,0866bc26803bd9d90043c0909d6079230a1a84cddd41aa26b18b17a76b7d28ce
84,0.25,dense_frame,70,17,a770b9268f2d378a71e60457b0b7dfa06b75f7966b1747fc2d537ab5ec4a9c87
84,0.25,multiple_buses,247,61,1d4f659cb8f73d67e15c32d9eeb480168bcd19ad103eb071640472789c02329c
84,0.25,stopped_vehicles,636,159,c19337ae1c7527c7e3cf6761bc459d0c5c4a9d18899f3aee70f7736191361c8f
84,0.25,two_plus_bikes,345,86,9c14a4aac943aa1d95543d2cc1a4b8424718d442f1d9a3ade3a9f6b9ce6e0570
85,0.25,parked_vehicle,69,17,fe784c7f48068864490917c08c867541125cfc7108e1dd9056d00b5b5a5acd7c
85,0.25,dense_frame,70,17,3279f854be64966b6a500e3cc751c33cadb4b8c877eccd7a55fa9bce306474c3
85,0.25,multiple_buses,247,61,5a3a460075eed389c674308601042aa7dcacb10c70262f2ae569d362dada3a03
85,0.25,stopped_vehicles,636,159,cefeaec93d066a30bf5e8462cf6b3955e5dcf534e90cc0cb66aef460b8f01d96
85,0.25,two_plus_bikes,345,86,e7c5a7b2c339297fb0aa0b4b5a2d9ff1ca99430a7879a739ce89e7a941ecd965
86,0.25,parked_vehicle,69,17,380d9a2cf9523c3bf426a6eb7f882088558b0b3177b62a2279dae5eda1a41d60
86,0.25,dense_frame,70,17,178f33985f1dcaee186cdc2df6f466277f55c7321c2e5297de989180e1f6d500
86,0.25,multiple_buses,247,61,4393ffccbbf1eb57f7312ab26f05ff6ba237abb7105302d614b599ca68a0eb08
86,0.25,stopped_vehicles,636,159,611082eeda7269a0de7d6531b710ca2b3bd57997a4745330b279b16316dfd280
86,0.25,two_plus_bikes,345,86,ebd8fb577aa6494072ff952bf951d1d53659e6f605a5b505124e5d1611bdd685
87,0.25,parked_vehicle,69,17,5de59569ffac916124c86dbcf4fb5b71f1b5c5d31c6ebb8173dafd0afe1b7adb
87,0.25,dense_frame,70,17,a2b126afd1eca0598f28834e4815ae4e09c039f7147df79fbaec28148d878b0c
87,0.25,multiple_buses,247,61,ba9eb064224431cc1ea5a51fe92e2a6d93bd54e7f3426955de416394ab21df4b
87,0.25,stopped_vehicles,636,159,205bccd8f3ca3907117a040c790af87e729803a1cafe90ddaa3c9bf73430b7bb
87,0.25,two_plus_bikes,345,86,22b1393cc8045c5d357ee07176f162ed682eca9aaa95f38fd503394f69531338
88,0.25,parked_vehicle,69,17,74a15bed43b553ad14b86ce46fefc7002189954d0075980e77c3d194d7af9ec4
88,0.25,dense_frame,70,17,d4e0a3594a054eac41bed7052380cf991e1c8fe46102029864eeafeea5b76e31
88,0.25,multiple_buses,247,61,82e45033eca173de876335e08eef63a7250e3f8220dacb4c0764af979a5ed796
88,0.25,stopped_vehicles,636,159,e5394090bec47d4c72f03316146bbb712aa52f3110723be1d0c6da2fe9b8b0f8
88,0.25,two_plus_bikes,345,86,32c71589ae790fe2ce68fda4fe22ddc243b75935b246980708923bb8e33b5d0a
89,0.25,parked_vehicle,69,17,2ca6ec582ead284730da75e9d1ef886f99311f07af4d86222a85ff31d3cb0bc5
89,0.25,dense_frame,70,17,9d6d5605aa93a887be3a7f076ef66558a320d24de899da5d0a7f9426661b05c3
89,0.25,multiple_buses,247,61,1139d3d6ee513e4bacad6ae7ab7ab7861041b4f0308149779a01906a4dbd878b
89,0.25,stopped_vehicles,636,159,3d8222f0f4c31c3d1e0e303d7533642f866c0b382a1f871ba9f3233b4b92683c
89,0.25,two_plus_bikes,345,86,d4a4cabb6fc0833178cd400451c548c8fb1eb7add6bf53335d6781af40514293
90,0.25,parked_vehicle,69,17,9091eab35586062be0134dea532364f4800009e867d27f269c544d75dc486c30
90,0.25,dense_frame,70,17,f716f4ccc699e90e9f7c7784a7c3d6d52685a9fe90c49684ec3470ed697556c0
90,0.25,multiple_buses,247,61,58afbf4b2563b0748bd4ac8ccb02b4ad2a4e72f671801727ca16d3712ae72a45
90,0.25,stopped_vehicles,636,159,6e72cc665a59c4f9aee00397fb62bdb8a588c4f418e40ffe1cc649ca579a6bc6
90,0.25,two_plus_bikes,345,86,fd04fa520bdb5ec81416d517feee07f31500d1088ff46bf5c92f859707735c73
91,0.25,parked_vehicle,69,17,22f7b2baaedd75b12ad501bfea2892f9a2cb8d987bd679a94fa33c3f8f4a75ed
91,0.25,dense_frame,70,17,aa454416e2a4893ca8f1396700bf699a8bb0b11711b047af11b0ef9ccf5b056f
91,0.25,multiple_buses,247,61,87c05fa437d4a5453609fcea2abb28c4a03f8a7ba93fabb7a280806dd993f7ca
91,0.25,stopped_vehicles,636,159,735d81f9f328e559f32d82b61a54e1f0b0720ba80ed83b13245be07e676f195f
91,0.25,two_plus_bikes,345,86,bea96709886e87a213939e55b59c1342d2ee844aa3cdd96ba6fc6a85084de827
92,0.25,parked_vehicle,69,17,fa7b6601dd853a59a8a2865ce2d401b9a5629f374324642cfc6f51f6b5fa56ae
92,0.25,dense_frame,70,17,16c17e40df9b791aebea3eb03085e000fcc25eb9bf344d861a8399c7a1f44b56
92,0.25,multiple_buses,247,61,2ff1bdc3733dd199a45de3b7fa6e7bb98489d4dd17052e978313fd684dc259ff
92,0.25,stopped_vehicles,636,159,ec628af5c06f445a02f66a44941752520c40ff7416f59fb8f0d3291a21564640
92,0.25,two_plus_bikes,345,86,fde9b7d56d0f32bcdce8e984b5a3943ec217a338c1ac56979415fa27d5c5fd81
93,0.25,parked_vehicle,69,17,6d06f466b48d112388085b18c3a06d11e37bb4ee8c55be5327c1664f1fb023d2
93,0.25,dense_frame,70,17,b4bbe66eb1ff3c3a69cd1595db7b28ef88fab51b62ffc73bae533bcaed80bb7b
93,0.25,multiple_buses,247,61,d9b949a8a4f4d5ff8de23bd6684371a598eea3a1b3ef7fe0fa84db915af04dfb
93,0.25,stopped_vehicles,636,159,37eed26783d00c2801306eec7b81959cd377ee2b39b4953218a273f0a064a990
93,0.25,two_plus_bikes,345,86,bc689d1eaa5749f5cf3a2812088296e235e582fcd1f2f3a687ef31ae0ec86e6b
94,0.25,parked_vehicle,69,17,f57ea7b1f3fc054e78de10b35d84b6fceede913202e418e24578fb7cb5269b22
94,0.25,dense_frame,70,17,8d66de681c4b20773adb4db141b95f37a7b44cf1d766c7ea2cc16eda4baa70c9
94,0.25,multiple_buses,247,61,a79f5d7b2b7909eb24fd69c68bf3c95f599046b94383c350ffdc603b8723ae70
94,0.25,stopped_vehicles,636,159,b1cd6e1a08c5ac2c2f0de51dd343bf6abe5cd756a81c8f0546b7570ca83fe277
94,0.25,two_plus_bikes,345,86,26cecb8784cf31192ca1ccf5b0974300998c7795487bc858eeecfd2058e1f405
95,0.25,parked_vehicle,69,17,5d53653b9c3b4f9574372a656aa227f51ffc525502526d4543afe2fa1fa05993
95,0.25,dense_frame,70,17,3d1124268a875efefb0979530e4af346b41cc257e92d9b2672ddd585c29206c8
95,0.25,multiple_buses,247,61,b60fcbd9bf227d59ea4829e0efaa8208ef083ad7a320e7dffbb567fbd45556cc
95,0.25,stopped_vehicles,636,159,05605ee38a1bb8d5d885abe484460dc019e011a733885318abe606d6d510610f
95,0.25,two_plus_bikes,345,86,1808990f2f5aecc83558c8d9c5c6f55991172dc0e46e000e6433cf38c69893c7
96,0.25,parked_vehicle,69,17,3e156fa120d606bfe95ab8e15cf4ae419255579bc81a816fa9feea73d09d93bd
96,0.25,dense_frame,70,17,cf230ce2308917118428b07e8f78b687db61df5cc7a1efc6c0a384f68f2c580b
96,0.25,multiple_buses,247,61,508899ac1b541262be7993018f370be30dbb3d0a201a3531208c29dcf8a6e394
96,0.25,stopped_vehicles,636,159,16239f03d1f4e8692d132e63718f9cda6436e740b85d17057e1291fb63730219
96,0.25,two_plus_bikes,345,86,6a55bc8a91f9b9006b9e8b7041978543f6f8d5d341694c2ee23f4ceafe5edd92
97,0.25,parked_vehicle,69,17,91df3c874217d0a61e0db978139866ac6940881708ad26d6ed51feea983db450
97,0.25,dense_frame,70,17,115bf2dea51796e15ba429d5f6c1d5b9cf9fdf89155563a25ba970c0004fad72
97,0.25,multiple_buses,247,61,14bc5ed2120bd8ac1eaca5e485f7f8df3972f297561de4800563d4972630904c
97,0.25,stopped_vehicles,636,159,f935f1ab572949b5d2d5a8a59eed1f9d3bc49ccde03d778179429d4499000c7e
97,0.25,two_plus_bikes,345,86,33c16c6b16864d23f71f83f680acd30dce8b02be3a8d70ee0e4545946135f278
98,0.25,parked_vehicle,69,17,bc7eead725d9cae49de7f7fc5bd1520685e9e6199b37b744f53d668324dd9867
98,0.25,dense_frame,70,17,0b1c07a536d136502d87f740420d33670d8825280129f6bf45fef5b1c3c98e7c
98,0.25,multiple_buses,247,61,85119f1f18b6daf9784b3de247beb024369af9245d0248dd62caefe964326995
98,0.25,stopped_vehicles,636,159,4bb51787cb3e527f4189b6d8910d4827cc3242022317c947d4a3b7d25878c2a0
98,0.25,two_plus_bikes,345,86,440686e43b030d308ad15152c6807eb1167256788a9d0cc7e8b50a0fcd9b661c
99,0.25,parked_vehicle,69,17,e345cf78100ea7be979842666b714215cc378a85d0af81ad7d1d3f39d9d87378
99,0.25,dense_frame,70,17,3a9f422fb09a5994406d8a909cad370a1ece7692bee566d58f3c774d6d1007e2
99,0.25,multiple_buses,247,61,da6210d07322fba9b3ea9951f100098168ae0d4dee6158f558098d4df02fa2f1
99,0.25,stopped_vehicles,636,159,2543c85629734eafec717d492ea8ff8e076702c3b5fd69c590d75dc86e9cf81d
99,0.25,two_plus_bikes,345,86,587dd80f574ec8aa9f1584a9c72e618fb30720429253eb3a9a9336763c481226
100,0.25,parked_vehicle,69,17,1537526fc29b8aaa5139934689a5fe7742c353ab780b9cfbe54c8715bf340698
100,0.25,dense_frame,70,17,2fac5c1abb0b41f274251e6d233fa5e389abdbe2702233efaede170c2234374a
100,0.25,multiple_buses,247,61,1a47c22aab09dc41d42de4445503a700a582f7b3303223c349b30753e43d53cc
100,0.25,stopped_vehicles,636,159,be201d5cf417892cf7e4014e516b9fec044a1e11893d0fbd009d571e5126da8c
100,0.25,two_plus_bikes,345,86,b7f68f74932559f15dbbd281ccf8e65a49dc57d6befa380e34263f17907e62dd
101,0.25,parked_vehicle,69,17,14b25530f1adc9df00b685f621ee138c04163e06874176357247872d8d9cbff6
101,0.25,dense_frame,70,17,3fc4fcd4bbe29026af36087025ace41f43abe11a9f1ef462efb9a281ed89d950
101,0.25,multiple_buses,247,61,87246bb865bef50464ce821ef116f16ee62cced76ba414bbc3d3522dfa116d16
101,0.25,stopped_vehicles,636,159,4b6c477688fada7a78f0fd1f4a7ccd0b29f288bc8eb30a4bac04d1691095d573
101,0.25,two_plus_bikes,345,86,fc6f0010dfcc581ebb45dd737b7a600e5d26cf9864961bd7c89b23f66b1799c3
102,0.25,parked_vehicle,69,17,ea4f257c49c15d5b25ff2c586653c1ced7462d1b39f39ffbe29dd7463f501aeb
102,0.25,dense_frame,70,17,3d27fcf9a5155e36deeb14305add43a7624f78348ffef6361d9a8482ed382aeb
102,0.25,multiple_buses,247,61,7c5966d638c636d43c237301a97048748c661a273e1890ebdccd676b9cd22d2a
102,0.25,stopped_vehicles,636,159,8a9d16319f0f0cf6e999b7975549ed88954fc90c34319753853fe36da52a938e
102,0.25,two_plus_bikes,345,86,1c74caa8d04819224d51cc6d78790a5daac5c56ee30b3a9fb33d15490ad7530a
103,0.25,parked_vehicle,69,17,4906b1ec4065a83552cc5106bf64aedc458e25f6c5924a31b4b815ad52ebd3e6
103,0.25,dense_frame,70,17,36f9f2879abbea3bc2eff00b5593b7bdbe14b7cc842292d04600e7710f5e7bba
103,0.25,multiple_buses,247,61,c53b119ced15859c75c8d0b97f234b912acf2f1c5b00fd71dc511be7a309b85b
103,0.25,stopped_vehicles,636,159,c61816281cfd621183031874200282b2ca4fa1bb198ffb6d63963a1d99b1b0be
103,0.25,two_plus_bikes,345,86,4ca00e12444d04913205d1c1d251fdb1bc53790c90bfa12378907e7e8afce388
104,0.25,parked_vehicle,69,17,baeeeac991dac32dbc9020b81e1bfa501acaf6b078a862b189959fbec2d2a9a1
104,0.25,dense_frame,70,17,534d24723d51e19c181b2b40a7beef85a9709d53c7f1bf49c1bf189fa7b08cb0
104,0.25,multiple_buses,247,61,871d66e7216c582ebac5774d13524533a4728c494c0f4f09e9c37f14d23b527e
104,0.25,stopped_vehicles,636,159,472a826489fa2876475382bfe69630e8d5fe191dbc4f7bba7d4b89a41eb2fc27
104,0.25,two_plus_bikes,345,86,5ed0ee219eb2c168c966b371ea1604f52ff96fea71c2828cd81e13cf369429e1
105,0.25,parked_vehicle,69,17,55538714584d7d743066cf0596370899d00912a41945c985a464b01ecb907f86
105,0.25,dense_frame,70,17,6a3d10c18b85e42641b9ec7fd4c6b6928accbd2e172de6ae0c6218eb7c4a99aa
105,0.25,multiple_buses,247,61,9e98be9c20fa42bf834f4e09e7d54cb019c9e016915fa8f10818f723e2b02173
105,0.25,stopped_vehicles,636,159,19da44b8d525b6c0354700c7fb511eaf353e80734dde8901147ef6b1c6d9a8b2
105,0.25,two_plus_bikes,345,86,b733b7f535d7e158c85616aef8e0524c22027da5c40be83a2094b65b10aace31
106,0.25,parked_vehicle,69,17,dc59dcdfa723a2eb5317eb87eebc294b3773daacdaf9fc724989d03efe2ad3b7
106,0.25,dense_frame,70,17,736859bb9db3dfbf3a4e68d6c54cfbec265a6c66d205b89db4b09d96425be776
106,0.25,multiple_buses,247,61,7c4b80c1b47fafdaa3a24c8aa85379ce04538939255e1ba481548906a89d5ec5
106,0.25,stopped_vehicles,636,159,32803d95cede32b8625680fdcedda9242be4870f434695f620d6d27708d999c0
106,0.25,two_plus_bikes,345,86,fcdb1d69d2ad2e62e463af9354b479749f9f39b2332d16a11748bdf2ef989dc2
107,0.25,parked_vehicle,69,17,086931bf07579f3ec5b85662f2e2a7bc36077e57b0067897b7bee832dabfc22b
107,0.25,dense_frame,70,17,fa0ae2d7e47645df3ab42d39268d4efc29804b7361d85b4ba6621acd75ef47b3
107,0.25,multiple_buses,247,61,9d2b5ededc18873533f2fcc2ec7c7caba27104e89acb44f53ff1e717408418d7
107,0.25,stopped_vehicles,636,159,663e4e4ff919e7e561575df77aa673f84dc373a7d1795945bbc78cfa06e7d35c
107,0.25,two_plus_bikes,345,86,6f245e149d4c0c2e5fffb20f7966550768f9c093e3e96b0efe2649b647ad72ae
108,0.25,parked_vehicle,69,17,ee26a7e75418394f26eb3bdf99ef65b6a67db433f3c2b600b47ab15b984dade8
108,0.25,dense_frame,70,17,253cdd7d06a629ffc0dc8540357fd003e3ccbfb4e46d4893afe7d0336fa9483e
108,0.25,multiple_buses,247,61,3c967cbf78b48e08de3756b219a61534b3256d4138963c1402d92eeecd65102b
108,0.25,stopped_vehicles,636,159,68909a4b82ade774b3718365d4f61cc82c71e847913a93e80c43a7d10d60ea23
108,0.25,two_plus_bikes,345,86,e51aab82f936986a8b4121a8bfa947c06eaad0fd127279a8c428b0418c36cd04
109,0.25,parked_vehicle,69,17,07c391026e62d757c048904ff356779dd68cdc3d051370789076781c957087d2
109,0.25,dense_frame,70,17,94473fa07aa86702f394eebb49d72c3e1825e9d18d09bc01fe47c8f76a2f2129
109,0.25,multiple_buses,247,61,d9529bd0cc2175f1b3223a5c226e216c7426f4ff515c2896353f7f9949c63911
109,0.25,stopped_vehicles,636,159,5b0ee878db34694d8966f927d0ead03c27d7a79f2b8e40e53c4970acb5a5cde5
109,0.25,two_plus_bikes,345,86,fbf50d8b9ff6e764cfff6b94473d25396532657018a7cd1d3c89b9eca818c205
110,0.25,parked_vehicle,69,17,1629baae114fc247986c30e07ad2a69aab0bca76a7d517314ff59533a468b8ca
110,0.25,dense_frame,70,17,64f4573a116244433dfc489f3b3754c05c435dbf006fc45a1a32fa9a30bd0853
110,0.25,multiple_buses,247,61,7685e30e58f350509ba897ed091a2f40a6b57518e618e88d17d365fe74374472
110,0.25,stopped_vehicles,636,159,cf96a2b21678d3b19872c2e3a4ea418db0554f1e96ec7b6dcb14438afb0e8da0
110,0.25,two_plus_bikes,345,86,bb8bb4e96a720b5ef52651d50846709a3eff8a954ad9c2d3923ef0443ae42611
111,0.25,parked_vehicle,69,17,aa28b3079b1315ee62492b8f44ac87ae041cd49cb5a672d695034e9cedc6be08
111,0.25,dense_frame,70,17,ba3f1518c5ee56e0b3f53252c40da2b966f22d00188407aaff618869b7587568
111,0.25,multiple_buses,247,61,001bf24523ece25790fbe5e2f2b36ec0d4abbd95fad50cd812f448e8473bb24e
111,0.25,stopped_vehicles,636,159,326bd5cbbb27f250da87e77dbad4d798dff87f8ce0986d354d44d0e38465f0ee
111,0.25,two_plus_bikes,345,86,c176e5f8d05d45efd6d2282329cd28026fc1078fbd87fe708ecd21bab7d3f3d5
112,0.25,parked_vehicle,69,17,66d2be207f15181637b1b4ac6d003c77e93badc29f86d7a890cfd80ff46cb6db
112,0.25,dense_frame,70,17,af6fb8fadad25adecc1d32aac6b4b5b24348764db26ccc9b657dc0cc13a7998e
112,0.25,multiple_buses,247,61,05c97731e660b8a57e592a8b11b739d564084d68bbcd5a0942e971c74ae07c2f
112,0.25,stopped_vehicles,636,159,959f2a761887143db6585bd5724ef5921f70f6eaea7f3cc6b3360dd2acaba4b5
112,0.25,two_plus_bikes,345,86,d604d47597d225973ed81c213fa34f560cf04cce9add546a725c27d598b62ba4
113,0.25,parked_vehicle,69,17,e8c0cceb2c3fff3069fd145135d32344396909b9abec5682522f6dd457bb7c18
113,0.25,dense_frame,70,17,6429edad98cd19e1a4eb3fb6b67661d5538d95e05f164e96a67fa6b4003cc7fa
113,0.25,multiple_buses,247,61,f69c0253a98ead9016818e356a12f9da34f88cc2cd2829215ffb489ec0405029
113,0.25,stopped_vehicles,636,159,38ce22ac412805eb6a5af24899c0e0b9f17439a7555a1ba319ba53dd67c70069
113,0.25,two_plus_bikes,345,86,3680b80d4fe2ba25355d790111c91f6228f6f4a8f72819dd2edd4327857ac9ec
114,0.25,parked_vehicle,69,17,1be6218a9234238baed67d5d96bacecb372f2c233c36754da734fdc407467772
114,0.25,dense_frame,70,17,75f6cefdbc1472ab12dbcdc1df1040de7d78fc1d06206233469d7d4208113c77
114,0.25,multiple_buses,247,61,d24733e0001e0d1ec8774b80a60f20c10585db6fdb26e7cd090881d98cc90803
114,0.25,stopped_vehicles,636,159,cf301d0b73e9d71be7bba1e90f3fa615ef51f5dc0dae5462f99bd13162d4f6cb
114,0.25,two_plus_bikes,345,86,2157e36e007b0d119701ade3fc0299e1262206c243a2bca9a83f4ea6ae16f082
115,0.25,parked_vehicle,69,17,14ee68f01c63754587f538ea8f212626a21a6997df7c42ba5b9b24c76ca47c9e
115,0.25,dense_frame,70,17,f47bf925c38f478ac4d6fdd7318c57fe1054efc45f91fad52792376e5800f2c6
115,0.25,multiple_buses,247,61,287eea14367f917b776556a2364e3d3994feda6f1265d4b79d0b41d2d18d549c
115,0.25,stopped_vehicles,636,159,bde63dea51637791eaf0f4120a26e835a17dc8af0d247c6b3bf9e98602659206
115,0.25,two_plus_bikes,345,86,61e10e35f657bbb46027b49d69e527d2719f25a2b7376e000252f18c6cf657b3
116,0.25,parked_vehicle,69,17,4bbf60f4911e255555b7ac757285c25ecd2292ae9417b77ccede0413ede78be4
116,0.25,dense_frame,70,17,3d55326588fce971e887c65e124a7a3bfa4157784e0b239052a1cc233968dfc4
116,0.25,multiple_buses,247,61,cb3c19c088b649bd08ba4b7e1ba96bfb4b90cfbb5606c5052cbc28bc60a784ca
116,0.25,stopped_vehicles,636,159,705ed175c1e035aa1bd14eefba2edd307a9cd7d888ea37884809bda51ecd6e3e
116,0.25,two_plus_bikes,345,86,ac41143219c824d54b2a061ee1c19ff10e0ad2883c0e345398c4a846f433c1bf
117,0.25,parked_vehicle,69,17,b28ca8dc71f42efdd9c42843580b2469aaa1f6b1ce3642db297600b4c6077849
117,0.25,dense_frame,70,17,cf6450ed88fe2197d17d9cd9f42cc0d744ad605f21ce630bc90f9ce5c1c1de22
117,0.25,multiple_buses,247,61,f57c535c2eaf3db9357fa04857f0be831fa43945107148d8b1feb46a3b935eb4
117,0.25,stopped_vehicles,636,159,401ad30bf4d0ef0ce9f1f600c044942dbb36b1d1f5292cabac31ec600d9f6058
117,0.25,two_plus_bikes,345,86,c68010fff164d9d14a7fde1d3311882ff12edb079efaa4fb6f78e36e7a55fc1b
118,0.25,parked_vehicle,69,17,c7060ff30b736a0029272c99a2906aa469ede624d627c001ebb05e1663f15241
118,0.25,dense_frame,70,17,c85b0ed5f082bb1744d13397c4c15238668c2709f197ed436cbbf728b9aae6e5
118,0.25,multiple_buses,247,61,57d947fc68aa4f9018b435cfa1a5f8dbb654942c68b64bfd5aac3b7b23fbdbd5
118,0.25,stopped_vehicles,636,159,dd898c3214a9dc2ca1ce7482b8d4cba474e7635f8e59dd62c4aa4115eac6a49e
118,0.25,two_plus_bikes,345,86,f0e27ec7cc7d92aa48f8f05d9276f8e72ff6521ff696d63974d09f882443f959
119,0.25,parked_vehicle,69,17,0166ed16351881929ff0bf3defaab61bdee0558562dbfc4c17b4797a32107542
119,0.25,dense_frame,70,17,6bf6698ec03d46205d5cf53295c1ba1167d44818b57cb4b21aa8111a78ead77c
119,0.25,multiple_buses,247,61,73d895bcd37ab83c41a82060c39ac95c1510901afd47b8c69e3cbb1511b06402
119,0.25,stopped_vehicles,636,159,41b7610e0d8aefd2eb652ff5eb092080a45596dcfdd876ef95b2644d868df32b
119,0.25,two_plus_bikes,345,86,291e8315b36fd2e770e238782879d1955e0ee8731a796e10d2e07928a6c50d5d
120,0.25,parked_vehicle,69,17,b1f81ad897f9b7aad4bbf9430ce8a511f579297add57d303eff722b21f13fd0e
120,0.25,dense_frame,70,17,5dbe811339fa82a824ed3c8a67616c54e551814dfb5f668cfb2844cccd1d4022
120,0.25,multiple_buses,247,61,2072a128ec5865a6bddffef180f42632f24006a4cd0866f5d33e4c41ebfd18b4
120,0.25,stopped_vehicles,636,159,176674b266e13c0cb15f421bf3faaaac6413a671412e5ac8b518aa4d8cbfaf32
120,0.25,two_plus_bikes,345,86,7978f768973bd4fab022134fb0aac721f2356a524c1f08120f9bee4c3b941d61
121,0.25,parked_vehicle,69,17,80a6279fa264551f828d0460589c28de295c61f30be18fa58135958fc913f40c
121,0.25,dense_frame,70,17,e22ca5c7946fd7914a5aca890cf31a88edc1dd89789384ebbd27ba3bc3bf43b4
121,0.25,multiple_buses,247,61,95de8a8cb1eac03ff75d0e932631cff43618b0a4d7a02eb770216ad008f3eebf
121,0.25,stopped_vehicles,636,159,b3328937caf683b81eaac6741b4b40e3d3ada2318fdae53c8329df4ba8fe11e0
121,0.25,two_plus_bikes,345,86,01e3ff0202027ccb9d7581e496f669b5f42208a68191105afe20a8f71e526891
122,0.25,parked_vehicle,69,17,6ca24332679c2a4a7802a4bc9428bf645fca3ad1e70083d2c1312eae6c70a5e7
122,0.25,dense_frame,70,17,fc0934a2fefbddb11125660c316099ee4aa81f68b910dacb4043485be4dbf0c7
122,0.25,multiple_buses,247,61,1205f2861ca4ff828d16a8ea4ce0d8d105eec83d3280f7ff08777ecfe031858e
122,0.25,stopped_vehicles,636,159,ec7e62bccd893090838601f3707c51625685af85297054fa75f694ba7b2955ef
122,0.25,two_plus_bikes,345,86,6cbd88e6012e0890002edcbe9251795663783b05302daa2ae614ddb19e633596
123,0.25,parked_vehicle,69,17,7d0c342e3891fb3645a282d6b4cd6cdefff1eb761d45c1b0e1d595ae540de18d
123,0.25,dense_frame,70,17,ce4f20c313d14fa17a120f9772bdeb94c35bf0c353bdb063891b93b37e55e3bb
123,0.25,multiple_buses,247,61,9de6c06612c9c82b4900c15cdc7f882087e38427ec78bfc69a0a535bfa13a6a6
123,0.25,stopped_vehicles,636,159,1153b7500120e87e55f9a87186ac23737df0dc845e673da4baec0dff639608ee
123,0.25,two_plus_bikes,345,86,0215a2b2427e0e494f7e8b56571e56e665004b2609284b196edef6e29cf5f31f
124,0.25,parked_vehicle,69,17,97e2e8f9aad2cd2d711bfd7f0a9f9daafb6122826f990576d09423a0847bd74c
124,0.25,dense_frame,70,17,f472c45c7ff4b2bf6545b93bc33d6040a7b28feb545e3de6b51c8fa576639ca9
124,0.25,multiple_buses,247,61,50748009d38dfc249cd00657a6bc3c6e9d6bc4192d003588fd719f619ee19c63
124,0.25,stopped_vehicles,636,159,0e7814ee3ecb5bef3d988a3865578bdb15040011cae1103dc068dabfeb3d6db0
124,0.25,two_plus_bikes,345,86,ee3e9ddcf07ede729d2826a0f48ea6f75cd42034752996c3e4e2e588d21f1ba3
125,0.25,parked_vehicle,69,17,4c7b777cdde2cb8dc9a20e71b60e1de06cd194af5cbe52d0c662e9f9d1ca9615
125,0.25,dense_frame,70,17,2a0e77e7887de77373e74b6cb68b6ded08c4fe54592fbfb07c555106cade96a1
125,0.25,multiple_buses,247,61,9dadcc0ec8c002f69705c492b786d9a7bde7a8e4d4428fd530e080feda9d1baa
125,0.25,stopped_vehicles,636,159,c6fab810edbef054d6503930e57be6aa2447705404fca15b9172df5f89f20e63
125,0.25,two_plus_bikes,345,86,96da24021952390c5aefcd7f350216d9c6622735ffcdebbd8982a28dd2126c0f
126,0.25,parked_vehicle,69,17,7019d3543e49c2d3cfdb9d08c89057d9c61dfb1f9cd71e29c35081a57aa2baca
126,0.25,dense_frame,70,17,c09152991fe83024caa3341dce7d6db677032e2d77d2d8c0e1bd0bd1d749b152
126,0.25,multiple_buses,247,61,f7c198d4d60ddf5539f99b694e3f97704ef3b78c4d504ab31ffa8245638eccb8
126,0.25,stopped_vehicles,636,159,9d48c115b11dba1b26f93901b692ebb9639eda719b68d92302ce29354b0e2316
126,0.25,two_plus_bikes,345,86,5301365c4a4e335a37327d207f6907b3b569a96e177d17b805c3cb83b93cf2cf
127,0.25,parked_vehicle,69,17,42f8e5f1d3045621e9eeaabb157949d2d7f63ac513c44f8a0feaf8410cd80869
127,0.25,dense_frame,70,17,bb2d42d3c153b7eb497b142f90a759e7612db6a9834b0866e93d8ee4baced901
127,0.25,multiple_buses,247,61,2c9362d5ba07f024ebbd95e3f4bc114d07371a8541dfd6f47f680f6ebfe16f75
127,0.25,stopped_vehicles,636,159,692ef477a14189f897dc821e665932bc510466069cbc17d87d7c09634c238ef1
127,0.25,two_plus_bikes,345,86,99472f9756d175b8a2a4fc5c1ebf368773ad3b44ba085d210b07fafee18d88c6
128,0.25,parked_vehicle,69,17,65995a7aedb3b5564f5bae54d90094b71d60ac50ce3d39afb82e34ccb853129f
128,0.25,dense_frame,70,17,1d217815cb88596835aabdff84689b6f42197044d6614b2ea6f4f92a86ab9d2e
128,0.25,multiple_buses,247,61,9fe73df699cbcb6e8e2e3a66162b144652a88101533bfee0cd6270de0a8dacb2
128,0.25,stopped_vehicles,636,159,9db81e483977efed4517d2c36196657e592ee26391afa29838fe21393717323a
128,0.25,two_plus_bikes,345,86,55d9cc83d5533ee34b2deada23a7bd3c420e08a6f965c1e6190aec83cde9e744
129,0.25,parked_vehicle,69,17,0d66a7fc382756f77ede0140804263c45d2828bf0e852be114088513662d5671
129,0.25,dense_frame,70,17,2038a776a9af353eaaf650c69edbdba0754a3ae0aa4658b6f02c344a01d45bc2
129,0.25,multiple_buses,247,61,63f5bec9484d335e33bf27b951fd6caa69568c85c3ea4a9321179348a8d488b8
129,0.25,stopped_vehicles,636,159,94a628b9d4600e4deb384349c8b142302c71073c46aced5154946dafa2a7c606
129,0.25,two_plus_bikes,345,86,8773c5ac27ede5c2d018eebc97e6fe10acabc2a6182f05b4c063e38badb72ab7
130,0.25,parked_vehicle,69,17,129b8808d7874af3af272b2ac95b23ba32820d8aad4647c588f1502be6a6d67f
130,0.25,dense_frame,70,17,5824c566ac29e8da287bca098fcf5693a25fe5eb0ba9c67d45caa2db07fccae8
130,0.25,multiple_buses,247,61,88d82cb2e7b89d0aff3a596f29cde6089cfa41a3730fe28ce01e8e5f72f1f825
130,0.25,stopped_vehicles,636,159,594fc599c478700412d6762be19e4161a70a2b09ef43b9fbbd494edd8faba97b
130,0.25,two_plus_bikes,345,86,0ad970a8e284364f8b045e5d65f3fea9ca1a46c41e65818cde1ea9ff4a79ea50
131,0.25,parked_vehicle,69,17,71b7f7414a91b763a5d643e2bf768e25c8b64c7ba755a4b868879774a3e3cf16
131,0.25,dense_frame,70,17,e2f912727a565d770579d9f0be339bb7aed0d746ea3a18dc46c09c5d1fa8bed8
131,0.25,multiple_buses,247,61,a841c5de8d7781e6faa9bcf13e6000b9e07d23ef52108a1b0fef07365c6091d8
131,0.25,stopped_vehicles,636,159,9bb216ff5c0eabe27eed8e20a62dc98cc623ac0e4475b305ecf4c42246b4e080
131,0.25,two_plus_bikes,345,86,e1bcfde706016e31cdd01d098459e8c266b01a95ec30f1fc039f8cd9e4716e51
132,0.25,parked_vehicle,69,17,df80cb74e3dca7c917e0e82a50bcbb2a811840e516ea09aa3c89d5a6bc84d858
132,0.25,dense_frame,70,17,7e8812cfb2e5c44ea867b372fa532e4f8d14cbfd53c72c158ed14f66e84f3ea3
132,0.25,multiple_buses,247,61,1bf146d680493ed25c666b7119ec08794af814e8b43d63adea1c15301e4bd296
132,0.25,stopped_vehicles,636,159,9f251fa1065c912a6688facfb3ef12dbee8f09d80fa1ee0eef7a29529e69cd8f
132,0.25,two_plus_bikes,345,86,cac75570412919bcec5bef0d0c3dd18887c0e9bd246d062d725c28b99e4e71e6
133,0.25,parked_vehicle,69,17,4797fc79c512e69c08f90b510b485433c517fb5fc164d9b7a42642b25ea79fb9
133,0.25,dense_frame,70,17,8ab99356aaeee34bc094ea2555b7345180e2792ba90a2af12e7e46c82b19ef74
133,0.25,multiple_buses,247,61,71b5a6ba7ca109a12578b1f9ec949e3f84106869d5db8dc758cf617c610fd67d
133,0.25,stopped_vehicles,636,159,297f2c298bea1248e2b4cf7efc91e0d9b3c17526582f8d0ead490670d3a11ec7
133,0.25,two_plus_bikes,345,86,931af3190f4068d6263942f04d5eb77da4af3879b30f2e242d8cf8e5a5a4bd8f
134,0.25,parked_vehicle,69,17,c59d2e8aeb7193780347ec3fb2654287c8961282aa4aaac2a2db755f17bd5cc5
134,0.25,dense_frame,70,17,7f653731a91219c10658d43a0f5a18ff7c075e105e12f0dca1042542911d3cda
134,0.25,multiple_buses,247,61,02d6c42b6a8e63b304d7bbf9bc57aeb501cfe4c85e6514a87f6b764be84b0132
134,0.25,stopped_vehicles,636,159,452fc823b88b5cde73813858e94085bc6d583a476eeed39515e1990a3d287f08
134,0.25,two_plus_bikes,345,86,cd0fb234dac11365f2672ce1414399313d906395d5449521f6cb0b8d4c90628a
135,0.25,parked_vehicle,69,17,3dc839ca7baea4986d204545b7abd57e7cfdee4479abc5404be0a5ea0fa2e654
135,0.25,dense_frame,70,17,d791ae3bd3a78bf4e76ed4de8467505eaed087a0dfde75fa40cd161ad3365c8b
135,0.25,multiple_buses,247,61,cc60fab3a2f9f874cfece49ddd637fe95612092ec35ed5711b7f0434392340fd
135,0.25,stopped_vehicles,636,159,60be75758fed65be78ad7cb65104b1909d5aa70e97df34a42396b62769bfc57f
135,0.25,two_plus_bikes,345,86,01cf2c8cf03dbae6d365fc3c956ce9fa47046071cdf6ac61ef55c2e98402e999
136,0.25,parked_vehicle,69,17,3ca3fab11025c2435b882987265974ef7a59b6fb935067e2ad41fd7d0b472575
136,0.25,dense_frame,70,17,3b926ba1a1486758813a4cb7bbbb1bf690c386b80aebc635c003ad0795d2caf6
136,0.25,multiple_buses,247,61,38402318e536c9d1fb1006c134ea09319769d9a50058d919ab2df5e48304d6ef
136,0.25,stopped_vehicles,636,159,e3aed35a9dab932df260dfa5a223397a6c4be97f75841763e2ecda374b60cce5
136,0.25,two_plus_bikes,345,86,04fcca4b1f932e26d912180048181cbb8cc068613cbdfd47f44c174af8d04353
137,0.25,parked_vehicle,69,17,38c111a6b6ce79ea1ac536ebf6332cfb6c9873381242765f124aeac2a1020437
137,0.25,dense_frame,70,17,6141ca78d3b1c0bf27bd085690467b8debde1230aa4b49ca31794b7e14ba832f
137,0.25,multiple_buses,247,61,19edd05a86d519d2f2d5a2acab3196ab000774d843a2eaf0411b749017b9dfad
137,0.25,stopped_vehicles,636,159,b0d76e17d58bf20554a2503ddeba24739127e8edb1ff2dd6a45e3596b2d47249
137,0.25,two_plus_bikes,345,86,bbd4b816dcdcdfa8638b4469e6aa969a9f7373158c124d53c836c5696e5905ec
138,0.25,parked_vehicle,69,17,6ed168bef11fc7988051ab3d70315f84e0020583b227ad4642f5e0fb435a7e8d
138,0.25,dense_frame,70,17,d06ae3b7db144965be914b38fb12fdd3effd745bbe8020c25d4f775678c79d1c
138,0.25,multiple_buses,247,61,a063077343733355ba72e62be6e0342520721bc3bcc188bc8e786f9c0e7a4933
138,0.25,stopped_vehicles,636,159,3a2e919082c2cb893aa9f84cafec7a8ba9645c3252e702acaaff83ad632e4c8c
138,0.25,two_plus_bikes,345,86,0877210340446cea375d8f3eed0a0a892d0ab87a018b18f45525c82a612a0b2a
139,0.25,parked_vehicle,69,17,2a64e003227c28596432a61ce1ecebecf1b7cde0afac2b89f1551b15ab87ffd2
139,0.25,dense_frame,70,17,555555091c2c9859f983c22c4175ae647ede1be6b1a1a00e7a586215a316a752
139,0.25,multiple_buses,247,61,7bf305577b29a123c2fd6c422d0991dadc0ef26181e6293a90f6146ea0c628d7
139,0.25,stopped_vehicles,636,159,f649eadb869cadd1257685ce0fd0351696e32f58fc066ee73e2d2c4de06ca98d
139,0.25,two_plus_bikes,345,86,25f5872b347f196010efd6eb4aa759f70943d48f3e33905329fa535aaf51897e
140,0.25,parked_vehicle,69,17,24bb07f8527d3e476b2a7ae5231563572a6174702ea0c9a65763a76b9c320335
140,0.25,dense_frame,70,17,bc491ac69404b5a0a0d918616fab99a2f9d7fea5fde4c53420d84e0daa474d4c
140,0.25,multiple_buses,247,61,998eda4440ecca12ac4889a2dfffa0804e22131df34b154a55653aa8b1989f89
140,0.25,stopped_vehicles,636,159,e73a6acdfa50eef3f63d0f9d3633ff7daf6e9244e635f874cada6bac094be400
140,0.25,two_plus_bikes,345,86,288e497b395b3ce56fb6812392200f56072f741021bcde11ff515a09a33f8504
141,0.25,parked_vehicle,69,17,d05e476edcc50fc23faeae70752ef0e1bf9741635626037eba7e86659ec22a34
141,0.25,dense_frame,70,17,b1d3149f137799b1c85887524df15b3d9184127729913668f436970e50447aeb
141,0.25,multiple_buses,247,61,cfb2e844cc76cb1c0618f3ebe1c77ba7733523d6e4c22f1118d137fed911f02c
141,0.25,stopped_vehicles,636,159,2d172b4105bb95cda7b4eeb39f34f3bce841ab3a02abe067f5dc092508575a72
141,0.25,two_plus_bikes,345,86,9e274998038cb56b889dc9af8073da667618870b8e76d18da72cd90b8d4f8e68
142,0.25,parked_vehicle,69,17,258524481d6bb35c781b80720fff7e9015d81f955478b546cc6600804a97e4ba
142,0.25,dense_frame,70,17,3c9ca60b0acb44279ae02feb83dc168bd45e83bbe7c02a92517956dfe1aa0557
142,0.25,multiple_buses,247,61,d0b13965b46291be33c563f753d5477f603ab829391d0c9079448619b3e87111
142,0.25,stopped_vehicles,636,159,66e45422f07fbad9dc60b86367e62969275df828d358aada8e6a794cbb9bcd96
142,0.25,two_plus_bikes,345,86,ae8e71111a9732a6037313bd686070d972db80a3ec26365e41a8fb0aca08b37e
143,0.25,parked_vehicle,69,17,8ca23f1fe17ab131f62cc6da359e6beaa091f9ec4a44be1a796b27ccd2910728
143,0.25,dense_frame,70,17,e858cc62072aff76562e9d571890df01c5802bd5aacc7f09bdf5b499cf99d44e
143,0.25,multiple_buses,247,61,82ef9929143ba785619caec3209a4adea1856f96ac8255b2baa042b2341fcc15
143,0.25,stopped_vehicles,636,159,ddcd9aea2bde767e52718be631f4e33cb4d886da609e315fe6d39fe05557e4a4
143,0.25,two_plus_bikes,345,86,2c4ab2a58d6398fdb3faca9eb3f94430cdd451a28d89e67eac8f4154b120e803
144,0.25,parked_vehicle,69,17,223f9239bd26824feaf2e9261b07ca63ae29df8d5b2337023e4f7bec805bea98
144,0.25,dense_frame,70,17,f90f7c82bfd11186c8630942254f88f367f9ad90cd5593fc4f80425ec4e96a3f
144,0.25,multiple_buses,247,61,6dc4775fe21d2c4c926340dbf4b6402c775e07a05d0bd2e7097fb3d45e2b978a
144,0.25,stopped_vehicles,636,159,a3f445130093d23c668074c7f448bf26e235021d6550e0f8378c4925dc7b263a
144,0.25,two_plus_bikes,345,86,b8aaef15bf7ca04aa9ff651fc23baee650e80255188547273d3a1c910649fc82
145,0.25,parked_vehicle,69,17,216f5792b881d23011ee9c7a9afd0337056393e6bcb7f20f2789a612f56760c5
145,0.25,dense_frame,70,17,2d5a212beca8b34ae2801eb586abc7eed777568e41f802a430f26c5d5fb8f4ba
145,0.25,multiple_buses,247,61,831dd792f4c4252f33955aa99601d92c039d6dbc42f5d8222ce5b78155d115f1
145,0.25,stopped_vehicles,636,159,c1502345cadb1a9c319bb33f69f28733f24cef696b94393d7b53ab942da35c67
145,0.25,two_plus_bikes,345,86,195f66ffde8e69dcecec95f4fc64ee40be1fcf61d636e478ea9f81ad9e81b31c
146,0.25,parked_vehicle,69,17,485249e558939a21ac5ff0e3e0ff0f30af25016308ad9568354a3ae857685064
146,0.25,dense_frame,70,17,da208d77e709d6a8c4382b9935dddc1f577eb4804bde733c26d04f7c94483e57
146,0.25,multiple_buses,247,61,35cdc94333f02c081f031eb5cfbb4bc56ccdc7a10243a70d62de9b642cb6260d
146,0.25,stopped_vehicles,636,159,fd74344f84c1c2245f4070d44f0a397ed3ee013636da74b3ebf8e2d937f388ce
146,0.25,two_plus_bikes,345,86,65b01ab6ceb08cfbaf8b25416cc68a88b0ce1343703fe3031420d984b70d1350
147,0.25,parked_vehicle,69,17,181ff31d66460ab1f4b1361a527ac83cd651f37c5c242fbd760033d50e149827
147,0.25,dense_frame,70,17,451820fdca16cce5c5cf66c6e3f365d3a7f6f2c67b886db882259c5130b65c5c
147,0.25,multiple_buses,247,61,491c650a167ad581667058b23acb0438bfbb36c60113409175f1249c18787944
147,0.25,stopped_vehicles,636,159,21fce60813df23301c5818a1c1b00049f5e37c35827ec8bedee232387d84a3b8
147,0.25,two_plus_bikes,345,86,247e8efd580addc756fb26e76bbf5a4e40e283f956df4001eadf50b53df30046
148,0.25,parked_vehicle,69,17,9abecb0d19947bdf90096eb00a949d48b80f017ca1384091d7cb2c28eadaebbd
148,0.25,dense_frame,70,17,3ffd2a38a1361725e353c514b43fa8f180b02f65a7ecef5c6c42ab55f7084e50
148,0.25,multiple_buses,247,61,3ffa1ae34ac1138ec67825958e6f06057be5a179616b392d5c58610aa99729af
148,0.25,stopped_vehicles,636,159,62a0e865d58658f3cb8394803d0ffa675877a57dc826272e87cf53f8f26f0bdb
148,0.25,two_plus_bikes,345,86,cd7d1b04c82be76ed0520239114519d2fa527c27aea6d134da136f05dc40eeae
149,0.25,parked_vehicle,69,17,252fb267cc1a70d6ed45372cd242c3aece2d2de265be917bd95456bc05a423e0
149,0.25,dense_frame,70,17,53566d61882274648fb74750d8dd9ef8598e26b8489ae387799f02053e3328ce
149,0.25,multiple_buses,247,61,aafb2962ddfc2b90329dbee4de880fe5687f4585f8d86d4ca43ed4c35a8974f2
149,0.25,stopped_vehicles,636,159,50f3ac4aa7c8c8a90055cd1c1b12a24bd34dd2e21db3db4f3bfb7b770f2d5560
149,0.25,two_plus_bikes,345,86,15fc81bf44d42dc23e40fbd0f38a199dd5eb7bb1f6d77abbc194a062f2756f61
150,0.25,parked_vehicle,69,17,1fca3adb54369468d0da99f6e6c5baae9cce2282fde7cf406e1fb56527b3413b
150,0.25,dense_frame,70,17,55a7d79d7773fdbaf4b15b4d5a61c36aa6c5d39852a681c92db6a457fae1496d
150,0.25,multiple_buses,247,61,5318ebe15ba668f2f655a3314c931f340f2696b7504d3d77c11bfd85f2198cad
150,0.25,stopped_vehicles,636,159,70943a062c443c2b1284ba2ffdcda38a7d4b29243f5ddde4556233a31771a70c
150,0.25,two_plus_bikes,345,86,ae1321d0c38f2cff64e414d68efe8a0cfe9e66ef48f07aac6d0ff3828188bfe9
151,0.25,parked_vehicle,69,17,366b876e2065ffa2b6e3990f123f923019dde6c46e6faab70716c2b417ebcef3
151,0.25,dense_frame,70,17,f33f91fb66420551b0673cb91a25cdef385f391dcba16034c92ad04ca4223ea7
151,0.25,multiple_buses,247,61,67c283e55fdecfe22b0cbaf6aa0b965a6833e582a012da9e3f72c57cfc2167a4
151,0.25,stopped_vehicles,636,159,adbb285f5ac69bfefc1d8f40b0066400031430690b6d32547f14f4a565d9b347
151,0.25,two_plus_bikes,345,86,6e01be42f52dcfb6d822a215e0d6ffc5e2a5546a707f27586c4361a344919ea6
152,0.25,parked_vehicle,69,17,cec86ce09274434493bc77465e74ba578a2a729a61aaf1b7277d694ea86052e6
152,0.25,dense_frame,70,17,7659c0921205fa058f4aa5b2cb13131ade25cefe82c493d7148221a8b5e52a1e
152,0.25,multiple_buses,247,61,e048c1a50c5e307e201a447b5ef32afd0036036f6f73294eb30771e70e7f75f0
152,0.25,stopped_vehicles,636,159,2790678c86b7693e6d29f5cbfb2dd8e3f0eedf3286b5c6ed3f762595b8442826
152,0.25,two_plus_bikes,345,86,b296d85f5f6636c3b6bd2d0c67518d2f5f61b1b6813e23e3c3fda88cb2b21d06
153,0.25,parked_vehicle,69,17,8882c692d2ca698b06f2d5b2b5eb15a70393ac6985f2d7e1dc24953e515bd26c
153,0.25,dense_frame,70,17,cc7f0b0ccc7c83babd3b6aabf584ad7b005e785f72d71009304885fc6388473b
153,0.25,multiple_buses,247,61,98de0e11c61272419c1978cc3696b82f2d17a9f66f6682fdac00145495bfb97a
153,0.25,stopped_vehicles,636,159,99d12a332f437151f43769b0395812207a869495305bb476990971c27ad194db
153,0.25,two_plus_bikes,345,86,b97706157faf94bf01550ce8886c8e681bcaea42c9d47e6be0825a56a4d4120c
154,0.25,parked_vehicle,69,17,427573c035c7d5590be83439e285b3593a74a310f57422dacbad26adff0382e4
154,0.25,dense_frame,70,17,dc9927e0b1e12bcf18963ae2fd098de493532280cbc233cd9bcd1c82aea5ec4e
154,0.25,multiple_buses,247,61,3cee468e673b4d15b2a79decc21d9c5f0d81b5176b324299163bd6f5eb7f074f
154,0.25,stopped_vehicles,636,159,72025f285de5412e3e20a7b1889ff1f923f095dd9ce626ccd6decdc19a85b2e8
154,0.25,two_plus_bikes,345,86,155120fcba04bddb59c9c875af2897807d6631fd32ca861e57d1470858d13720
155,0.25,parked_vehicle,69,17,e2fec6cc742bf22fac01b463b31f7909fd9acf9abcf4de4b8e7ac8182e697778
155,0.25,dense_frame,70,17,4507ca8ad34b4381e354b01247dc7e580c6efbb48d77287325b59693587a8ef1
155,0.25,multiple_buses,247,61,9265ac26072cd89480957a44007b19663a37768d25f7dcee0c3ad4d5e6d32cf5
155,0.25,stopped_vehicles,636,159,0bb3770b151a44a0fccdddb9a83a71df6b5ac0ba0bb3ed081f10378afe1ae502
155,0.25,two_plus_bikes,345,86,abe693ee3ea1bff55fe26982401dc60a83dca1a1137452ed6226844cbfff1e66
156,0.25,parked_vehicle,69,17,b3a6d1d542ad4b5269b3ddfeb998e7924c4220aeb81fd6d71e78e4601a52c60d
156,0.25,dense_frame,70,17,494bec5b28cd3fbcb00860e90ba3e897fa87e5606eec05eb87a68debb9b274cf
156,0.25,multiple_buses,247,61,1e95c4b8bd7d73735e88c4726bbce66130e71c0aa3ce0e57446c5ec94031f7e0
156,0.25,stopped_vehicles,636,159,04caed9c7079e13f8df268a3b268c9e68dddc947549329ba975e350395935d4f
156,0.25,two_plus_bikes,345,86,4230ed665de4a909303e54129ab194c589d43122836ce5fd8596651c9cc06d15
157,0.25,parked_vehicle,69,17,abf4de4644e14de42ad1634bcc65333cf3fde2039aed52fda91d393cc2471c83
157,0.25,dense_frame,70,17,aa8125b6f57e32f27646fbed3e5a2b87f1adf44b7d67c64f47f0e93fdf7a571d
157,0.25,multiple_buses,247,61,0f28e1a811c2d98f5340ec1d4ae79a16783941b0cf4553e1b6ed573f7aa330b0
157,0.25,stopped_vehicles,636,159,5b296ccbe2200f9a47e08ae74c91e2fe6827a2459e4564cee8c914b3b9239cfb
157,0.25,two_plus_bikes,345,86,602768645a4c58e4c1fbfbb788a6a54a744322977eba0ba7eecd41a204d6e0ed
158,0.25,parked_vehicle,69,17,b50a03507f1528905accf4d67bf92682a57a98367a2eba8f7196d72365f994be
158,0.25,dense_frame,70,17,0d902897bf0a5c8e476f2080c2f85c0428472f3a586ac170e24e76c2c2e83906
158,0.25,multiple_buses,247,61,62a04e1f1905063c9938425d3740eb8c276cfacb72a5152e239cca542b7fb9c7
158,0.25,stopped_vehicles,636,159,bfc3a4fae5196c6a5df30cc5e563efae61714d25bf21e4b0a1b4cb041af405b8
158,0.25,two_plus_bikes,345,86,4c30f067b7b8984f21374d9f9a60ab04a373d54db9c8a1d819d69a8efaa54f54
159,0.25,parked_vehicle,69,17,23a422527e4aa2fa4711ffe1532803ccd6845aa27f7ea234a49290351444a885
159,0.25,dense_frame,70,17,5519c70e9dfd42e03d5a052e76c94219dc4e650b97bfaf44ec04094c065a1571
159,0.25,multiple_buses,247,61,ba1b2874b521248975213d446aa1f0d5ec23043e8f7acb5eade82acb52c7e656
159,0.25,stopped_vehicles,636,159,998829ac71d567273a84b7150f6ac2688550dae41ddcb7760739a581c9df0ae0
159,0.25,two_plus_bikes,345,86,a7e7f05b131f89b9d4e593344035463656590a3543991ddc49f72d41f962f6dd
160,0.25,parked_vehicle,69,17,99349c7958ab71c8a23f6c9882b6a9f73e923ef86d4de2919270afdec45a060d
160,0.25,dense_frame,70,17,7356b2d18d5a9aa2e9cac1f3378f3f43e7f458d24ca62efa515aa42937ec5622
160,0.25,multiple_buses,247,61,cc45113cf8950938c1c018975dd26194e29329b95cab24cdf4c71a8bc19b2ad3
160,0.25,stopped_vehicles,636,159,ce0dcb8e221db5b284c29a60daf34f27afe658c3b75b33622b2c5e9be1f1b601
160,0.25,two_plus_bikes,345,86,58e67ee5e83580927e4f56dc43cb9ad5323031235fb5cf223b252339c9bdedef
161,0.25,parked_vehicle,69,17,ba0e3f4ab852e2af208d9266037d9573924a97a6f6529e333c808439ebc1de06
161,0.25,dense_frame,70,17,44baa1f7a834a12eab99930b2b4d3a0d845c09a77310c81bf6d23f7cb77db639
161,0.25,multiple_buses,247,61,bb7e45acf5e9b548fdcae89180272abf92ca864d6448ca8aaf6a3017e44d8c01
161,0.25,stopped_vehicles,636,159,31d5154fa2d902fbb9587eb2c5351a37bd776d6f5c4bbfba96bfb9771b02a015
161,0.25,two_plus_bikes,345,86,58086210ccf96721a4ee481ed5525a1960bb7ba74b812cb4a9d4ea80322327ae
162,0.25,parked_vehicle,69,17,45eaf897d2bcb291b6bef76e23dec43994b1c4b51be7f971747fa7a37e6e36ab
162,0.25,dense_frame,70,17,fb1b7c18b764628cb5eedd202e48beeb124dc7f0e2ec8674c1ed700dc042f5ca
162,0.25,multiple_buses,247,61,4a1ab1dccb0d42433f313e85a9056043d3897fb9d5b7d10d432bb78513c00347
162,0.25,stopped_vehicles,636,159,b3d1ffb15891aad1b4cfd521e1f81b0dd390394173f28d1b74e739db805901c4
162,0.25,two_plus_bikes,345,86,1dc2269413fe72fe9373e489f2e62f0d108c0e9561d08ff4bf2b107836a91fb4
163,0.25,parked_vehicle,69,17,9e12b1ccab96803921ec433ef503e9553a531c0dd7cb4f410d39dcb4e78bb21d
163,0.25,dense_frame,70,17,5acafda1a17981c5dcd5f457ace9f6d8d44f39e09f2f369591f19d3468ded661
163,0.25,multiple_buses,247,61,524a3136ef7d9c5e61a398d65620e1cca60345e387955875fb456ee3f4c049da
163,0.25,stopped_vehicles,636,159,8cc4fabe57203db756e5d4b255412d73dab00c6789348092cc40207052189ad0
163,0.25,two_plus_bikes,345,86,4e9d02c689bc49ae5a1ccdafbd2e750dc8560a80302e69639b5de0a817af9ffd
164,0.25,parked_vehicle,69,17,0e1836c3397efb050b0b253a63c224e273564d4621bec0b42bc33d4d52c5efeb
164,0.25,dense_frame,70,17,99a7f95d4d9253931e56d839d9847bf54bb1c5652fc0f4fdc20ed0a979c0fbd1
164,0.25,multiple_buses,247,61,33c93a830a98988b7cbd8b7bb4b6ed1234978548f8ffae4f77da9cb3ef278043
164,0.25,stopped_vehicles,636,159,438efa7f8f95aa5d2861345449ca61e9f58f4d1d501f8913085fc410121e438e
164,0.25,two_plus_bikes,345,86,b95b44789759c147da77bf73f5aa8f3ddf934e31daab140469f22ba4e2c0227e
165,0.25,parked_vehicle,69,17,95d4432a0dcb7870e3c1a9fabfd494800569fb92f475bdb23042ae3a8ce7918e
165,0.25,dense_frame,70,17,4a722c0546520e9896ee78f6f3ad651b4d0c43d7f913bc0a042d6afde093d534
165,0.25,multiple_buses,247,61,d4bb40e04d5f25545bd5d3568a1060f28e317947cd75e015336a022a87b296c8
165,0.25,stopped_vehicles,636,159,05c9db1fb7ffc5d367d24fb0c61e661e6d2020fd2a6d8e048c550e5e2dcbbd4a
165,0.25,two_plus_bikes,345,86,11240e60c3047dcf5591b267819ea5249b63803f6d54954f1dc2887b6dd59d10
166,0.25,parked_vehicle,69,17,70ce91880abd1126483c684134b88eac67926c35b923981e0b21ed73891f44b5
166,0.25,dense_frame,70,17,cb9d01d5888ef3a356076e5cc099322a342f35afbbefb6fe005ca70ae0e7a4b5
166,0.25,multiple_buses,247,61,f84e78573ae6b61d9c05c7c2255f63617d6ec81adb374b114f24703aff60c4b6
166,0.25,stopped_vehicles,636,159,931c2118c79bf5b585521bfd6562bf3e565d2d60bb4c1d9be83650de76428f9f
166,0.25,two_plus_bikes,345,86,d67ccfd339cc5c26a2298c60be31f622a453c6338eab3e21ec2853c1ba5e52ce
167,0.25,parked_vehicle,69,17,5e3a41452d4b77ec7d8f6a7be1095e03df78fa6fa83094cb1e72c87c47800c7a
167,0.25,dense_frame,70,17,57620da4427601b11b9272f6a8183b918a98dea9ffe9135e5a3386b72f701978
167,0.25,multiple_buses,247,61,2df0f299f7fa8451bc1769ac66194e0373f23d945727c796b5cf6ec5204052c5
167,0.25,stopped_vehicles,636,159,8ec31344a1ae07c097a83d5ff0efd22e87bcde8913da447070a11eae8ebf8fd6
167,0.25,two_plus_bikes,345,86,68bdfe6f75bdd18577a89882e0e22f21c82c38524cb9093fab961d5c9cf56d3b
168,0.25,parked_vehicle,69,17,9265eb75523b1b165172d995724a184250f3794d626105cc57bb0198edbbfa68
168,0.25,dense_frame,70,17,51fc6035f09ede4d5ea4f1fc1b725c68baeb7b5dd4a18658daae1ccecc18e523
168,0.25,multiple_buses,247,61,94fe35d980b77ab8de49f3cba5f6491294a73f9b222bde182fd80b06fc0e437c
168,0.25,stopped_vehicles,636,159,d0962aff717787fd54f68b783c9a2914e97f1bc591ba3a82ed42bea2c476e706
168,0.25,two_plus_bikes,345,86,9951674bc2f8a437bd5019167a35e5ff05115714bfa8d0f240bcb476c49156d5
169,0.25,parked_vehicle,69,17,bc4a47fd841d318d818c60475030a75df92e6e65abc89c25061dc662462bfb18
169,0.25,dense_frame,70,17,b5391704a0e0ef3d89ec9c62e19283a0d0fcf99f335620ad3b196a7afba33f31
169,0.25,multiple_buses,247,61,25e4133b63d5b33343fe3f8735383aeea777d08fbcda53eeb4de36db805b6b9e
169,0.25,stopped_vehicles,636,159,e364f11d8a604ea46447dff0a2bdeb7ce6c2f7a042dac30f61b5ceb0d0ac121c
169,0.25,two_plus_bikes,345,86,582bce91647ac9ce8d213b42be6fbed22f7d2d42f0fb9c7a4c5b9fb6f78ee9ed
170,0.25,parked_vehicle,69,17,dc2403203e1a45f452992fb507e849d9c20ff26dce5a97835a3a49452c9805bc
170,0.25,dense_frame,70,17,50d54fce4d2ab4405740e8baf5cc79e0555575edc854971b6267dd4a9d101b8d
170,0.25,multiple_buses,247,61,9bcb52ae78927718cbae122ee3adcc463e4f23322c5760cdfca44c6b93b9758f
170,0.25,stopped_vehicles,636,159,007a8a8c7a96933a5879a7857fea58dfeb46d102fa045f8c383880ee09f53a1f
170,0.25,two_plus_bikes,345,86,75ca25f4bf858f4129327380e9c962fc66879e180d09a7e91c1d32db209b9b6e
171,0.25,parked_vehicle,69,17,f632e0009c1e8c4c2ae145f3d8551f5e4abcf6d0e1d3b5b5ed4a88615f567525
171,0.25,dense_frame,70,17,76375553b4a1a8be4656319a9b9ce720b712291921f3ee9241a696a383c7fbcd
171,0.25,multiple_buses,247,61,088916b955f629496316c079b4b33064e0d5f88c2e88f891ff03a47faa281892
171,0.25,stopped_vehicles,636,159,439d2ddabe93ebaf3490470d102f1476fb6a8c0b523a11e56e150f03638b965e
171,0.25,two_plus_bikes,345,86,929c7f8406a91c0bf23f318ce5a4e25c359401d060668875084ab3eb414eab0d
172,0.25,parked_vehicle,69,17,35a9bd273d501eecb942b42df853269b01c252fdd64570bd1c4b5b7c558539b8
172,0.25,dense_frame,70,17,0721526b49d64a68786bc84de663359fcbd55bbd3dde90aa762ed6aa6621322d
172,0.25,multiple_buses,247,61,5aad630ad1005f662ee23281adbaa353a88260aff34b8e7a227a8167ccb89f24
172,0.25,stopped_vehicles,636,159,554cc2243cd41835a4a726ab655f18e5e24c841f7cb867b44c804a9f3adceb52
172,0.25,two_plus_bikes,345,86,53668c06beab759ec83eb5a64b672ca88df10de6606b83b4e8f881338627d41f
173,0.25,parked_vehicle,69,17,971a08a07557a8513c026b09f7f2ad3adbaad11f8fc517a2f14d9497986be802
173,0.25,dense_frame,70,17,814b851f87ded3e1e16f0b5572a6f553136286601c192af08c3861a275235635
173,0.25,multiple_buses,247,61,daf0c2e894ce087f001937c22f3d902b38407929339e3a3cfe3d0e890f8cf0f2
173,0.25,stopped_vehicles,636,159,10c3f93775662ee95157d6827149e90467bc100738b53858650b40c91eace637
173,0.25,two_plus_bikes,345,86,6c5ac990e3b366c3394f6da54f5f2300ea165a315b6aeae349635f42ed6c9fd0
174,0.25,parked_vehicle,69,17,a48e19b5555eb85d46a7c469922c5d7158904f6f3d51d0eacbc400618afec1d5
174,0.25,dense_frame,70,17,f5dd081501cb956a82821248645b53d3427b14cbb499973df9d7ba0ee6f09a24
174,0.25,multiple_buses,247,61,5e12b8339764d0947957faae2230740673193e25ab3f8af74f6bd5f47c24d18f
174,0.25,stopped_vehicles,636,159,da8f7a78d0927b64a8f126f9c268f0b0bd17b04f6c9077911f9e331b92cd0f75
174,0.25,two_plus_bikes,345,86,61310f340608992a8fbfac24eaa344495754ec71b35839402c9ee1f09d26afd9
175,0.25,parked_vehicle,69,17,cd8aa4b5c3b03789bdf9a306cdd3c912b69ef254027a89c393545a8d77f4d29a
175,0.25,dense_frame,70,17,9d807c14f4387b8e5e51b3c1559bccb8a63b69524b256de98dcfb3d39dc1b4a5
175,0.25,multiple_buses,247,61,b4c38603d012e1a66f8f4fa2f317d5c059f47b9316a4afe75a4bf6a6aa23ed97
175,0.25,stopped_vehicles,636,159,929310cee7915c43ad43cc9d917e5ac0e4c76fb0a3a71fb4059b6fc0500bac81
175,0.25,two_plus_bikes,345,86,415d5363cc4b75c1b7f196d31dec4655edd8575b8a4aa4d25d7fedc524b13867
176,0.25,parked_vehicle,69,17,f575291b87d1711932ad13fe56a8fb2489a91d37d4433257cdbe96d829b3c0e1
176,0.25,dense_frame,70,17,17714bbb14a648e7148a794da3402a7587fba5ce3cb4b5012c0549c0b73f3904
176,0.25,multiple_buses,247,61,0ddd1ef34a6944f637c4873adc02e38a3df35e43d8da5b86c28b53651f87c900
176,0.25,stopped_vehicles,636,159,eecde9bf5781a91fd8be6496c82c2c0f1485d61458aef6c48d8325b7a0ccf15c
176,0.25,two_plus_bikes,345,86,6e482d24b4838b758e8f51f24a88c35b5054b2de9f76a53f3bdff5aa884ff695
177,0.25,parked_vehicle,69,17,3149b550b0885edef8c8f4ae311fadaacd5ac7fbb1216c46fae2bdee6c252493
177,0.25,dense_frame,70,17,745abd2fad950e0f86670d43bf8935921ba7a67722f8edc24b287f158b09d0ff
177,0.25,multiple_buses,247,61,1bc13af874e0c6192f6174052143216005c01025917369854797ff5088c7b3c2
177,0.25,stopped_vehicles,636,159,538d3e8f26f560e1613fa0f06bcf424620d924071db6dacbc517d5d1c9eb656a
177,0.25,two_plus_bikes,345,86,bb93faeff794c7bdf3e28b31fbd13f5ff42b424257176ef71166bd2683633b65
178,0.25,parked_vehicle,69,17,f2d0ddffc404636ff9df7cbc5f2d471e56f5482825ba893492d0f2b2b31b3dc5
178,0.25,dense_frame,70,17,41b363ae620c45450fb19efe5b3cb3b429ca5d75af8de1bbf26d183e34dd9acd
178,0.25,multiple_buses,247,61,d59940d35fe3d60cabea0592035fec0018233aea0922acb9616ef56c62dac33d
178,0.25,stopped_vehicles,636,159,b0d79a71219f59b36b70b0a113744f2cffc8c4fe90d6a3a34f70710d6ca391a7
178,0.25,two_plus_bikes,345,86,50de225cf39c8df538c263ff64a27a7b23c753befc86ead62f873ef5393fea1d
179,0.25,parked_vehicle,69,17,c5af3f5da447f4143fbb23b771af3b254ea42cbac447462cbbc1ed51e351b591
179,0.25,dense_frame,70,17,4562b30b203a24192e4c6922789debdc845f80a0ef18af232431f82fa52199a8
179,0.25,multiple_buses,247,61,6b0ef2866f0194fbf8d35db7c90b5e2b0ddbb92bac9dfbdca58ba9b448b18ea3
179,0.25,stopped_vehicles,636,159,3161b73daddc4f5751e15b51e785cc2281ccad67640e24b81804d73d1699403c
179,0.25,two_plus_bikes,345,86,48e622f5d7ae2e633d074c10d3d87b78045d488b4d9d63586d6c6c506ecd9eea
180,0.25,parked_vehicle,69,17,5ecab09b9e425f53f0207b4d2464a39537a40662f498c8a24d725d639e9ad628
180,0.25,dense_frame,70,17,01ac64dfb25f3a78a8fdf45958f2d8b0bc2c877d33070bde0c138d71dd8d2c84
180,0.25,multiple_buses,247,61,77f72a7274169556e8c6c26b19e02dbb48040edbbda23dbbde0dc6d9fab8efcb
180,0.25,stopped_vehicles,636,159,a509a52ae75788f2eb0aeee7f950cc2450944f6d62b052d282272ea021709668
180,0.25,two_plus_bikes,345,86,7430afde0ebf69f34ddf36866b870bcc375806727ad8aa5425ecc797d7943cd9
181,0.25,parked_vehicle,69,17,b1c998966b23ceb7fc697f9c505a79f897712ad4ec663437a3aa77ef2fa2ed82
181,0.25,dense_frame,70,17,23cee0805675fb73403f861dfc8def4beb20ce8e0a3146443fadd426dee5d528
181,0.25,multiple_buses,247,61,cb1d671562208dbdea510e24f318fddcd6af81469885292107d131bfc8cf492f
181,0.25,stopped_vehicles,636,159,6b8f8aaeb60a6e7e53e71dd2331161ce880d7b753d8eab66b02b30b2ef8e59d9
181,0.25,two_plus_bikes,345,86,aa0ae0ef9ad9bdc5b48d4dfcb2f8c5101a2eb96209212f80da9af47094633eaa
182,0.25,parked_vehicle,69,17,85fb667b2703313d955ec7b5fcd8f28934861f5b9ab5d079a83f14b7c5d99475
182,0.25,dense_frame,70,17,c78bc963b2ff7ab79f109b066f5b30d8bfe556a346f8ada7bb2cb6a25eab9343
182,0.25,multiple_buses,247,61,ed280fa0f9a2191d340c43dac1a38069610f10dc5d1a5356771f7589b50f5489
182,0.25,stopped_vehicles,636,159,d80190f855d718d6ab1e63a1acb4dc625875e5df0c5282352037a070f96424a6
182,0.25,two_plus_bikes,345,86,6c0ed68c255c58e9b54bc49e90ec8cecfbb574361a178f8484df657bee1881ba
183,0.25,parked_vehicle,69,17,6b8d088d908eba0baaabbf65adcd513c2e25f930d41915545373a995ac0b8290
183,0.25,dense_frame,70,17,83755e878fb4cc1aaa495f71c39966d4ab25c5479c67aee094027e41bfc90dd0
183,0.25,multiple_buses,247,61,22e4edda50c45e7970fdbcbffde68089cb82dc6bfa83d7bd04660bad6d3ce767
183,0.25,stopped_vehicles,636,159,e1999051c24cefd3fb9b022bff777b3bbdde77356eca1d442fce2082b3fafc94
183,0.25,two_plus_bikes,345,86,bc326fb5daeabfc1f701082d3969f224f4ea301f8b4fd36b5dac42c36b5d1b3c
184,0.25,parked_vehicle,69,17,2591a8f1ae353bf34803f104acee95da91e611e842cf8236724fb8a91059a37e
184,0.25,dense_frame,70,17,5abb8394a60b68b57030193c49f5878273da6c046a9074eabd22171980d32987
184,0.25,multiple_buses,247,61,02b322e186bb656aa70a8c2b3f7a1eab5313b0c57e189510c57436cf96d4d74f
184,0.25,stopped_vehicles,636,159,38f1df7e1725ae6aa44cfbcb16a47b3003900a8c6285be644cc733c81c0bf6c3
184,0.25,two_plus_bikes,345,86,45eb5a0da6f030b22af8ba73db0e84560dd83024d7a7add6f027b28c3dc80e5d
185,0.25,parked_vehicle,69,17,a3f9ad100b87f5afd02c7ae9e73b6c2616d551526bfb87732abd231d7c44278c
185,0.25,dense_frame,70,17,17a4612e9d0734079a699c9acaf0ccd099b509524295d9c39ff522489b06b989
185,0.25,multiple_buses,247,61,5a6a158d19ce734a6dc32746f687c3db20568e7262f32797bb13b61571a08aa1
185,0.25,stopped_vehicles,636,159,2480daf1f038ec3dc5f0e3a5621f6b1519aaa4243a51950d3ab721e373103c50
185,0.25,two_plus_bikes,345,86,5a4715eb566ebfd579bf91d821bb2e663c442980e6f88a6a765161c3d0155605
186,0.25,parked_vehicle,69,17,373fa3e1ac13ab03b68793e40dcde325735a364303da6798561d85c2ce9d51d6
186,0.25,dense_frame,70,17,51684fd22c3898f62cfda4f2480d8ec11bfa3a5d52d6f76ad3c9c5e8d4901f7f
186,0.25,multiple_buses,247,61,a8fffa4e9a65d677394d9f4e74b9353311a1bde6baadca826cb7dd02fcc09951
186,0.25,stopped_vehicles,636,159,aec0bc1454cfc3625d13f0194209052143a5ba6f1dbf9e12cb0a14f0b4e3fa2b
186,0.25,two_plus_bikes,345,86,ca14b7ecd98dc5c16567735e2ac856713264cf6599a6717ef580f9cc1711576a
187,0.25,parked_vehicle,69,17,c834dc77abd0f1dd731e15a904174afe36289ae5931624fb3df05972a10b30a0
187,0.25,dense_frame,70,17,cea4a4566efffe9ee7fd2a80c86fe8765e56b4a61a5c9d75e5a292fd6409e95a
187,0.25,multiple_buses,247,61,b1f76ff45a2bc3f1ac4521a445717b4f40d385fb77104129ebfec7855ba4162a
187,0.25,stopped_vehicles,636,159,558b3a54f204f1482931950feee4de1f53694260fa7035ea7441916def3084b4
187,0.25,two_plus_bikes,345,86,2fbdbbcb4ece57c48c2f7d9d5b393f3221a83f83aa1dd37b58860aa905e2aeab
188,0.25,parked_vehicle,69,17,20a43b0f2dc3f9643b0a7e5ae3933fdaba5a611377f439c4cf0fc8fe0dc1a686
188,0.25,dense_frame,70,17,85245e2c58c742693300bd7fa6530ed50816737c13f9d98b1e9ada8bc884b95b
188,0.25,multiple_buses,247,61,870d1d9cccbd349d775cee826cdad8ac2459d02bc0bebfd7611fc379898f38f7
188,0.25,stopped_vehicles,636,159,83ac8f9bafc796acf00d24ddc0a5babe2ecda53892dd907e005c3660203c84c4
188,0.25,two_plus_bikes,345,86,33d101ff2585d73eeb5d9b4d860086c89fb4c01ed9a0b1ed83eab3d5d873347e
189,0.25,parked_vehicle,69,17,d42df26902100b66bb6e96a74196338585cc1c390f5a23de5bc54293029729ef
189,0.25,dense_frame,70,17,22afdefe7c8a7d42771b4c3b0458172820a67db3da40b54bb6d2e1a5d8d813cd
189,0.25,multiple_buses,247,61,ba98fa24352a6d12c568f0603f180deda30e152bf9686d8b0f559df883fd91eb
189,0.25,stopped_vehicles,636,159,77ae8157f08a1c4aa021f43f94d9c309e78a52199e0ff1c93364a49511614064
189,0.25,two_plus_bikes,345,86,24d0b455c11c2ecdd0ee81df79813daee219709a15e26ef831436346fff7a778
190,0.25,parked_vehicle,69,17,0e7f5f3c554eae5ea69c9c15219a39b5eb2f6304898fd6a96bdb42a855afb8a9
190,0.25,dense_frame,70,17,8e30e4824ef73097935b80aa12d74f6a909610864456ca6531e2377d66181af6
190,0.25,multiple_buses,247,61,6a39653682007eb25c5eace3ebbe1308fbabd208b3f9c6d59ed67cbbddf8b061
190,0.25,stopped_vehicles,636,159,3023a6196ef7ea546c8b1632c407795c5b06da554964b3262c30d937f1a69d53
190,0.25,two_plus_bikes,345,86,f87498aa3ed0326401f6ebaf8d5c052046c59947981d93147b00c7b89bc93d2e
191,0.25,parked_vehicle,69,17,8b9999a7d3365dd9d1c5480fd382e4953b27131c7dd08ec86fb73ba3fca47d4a
191,0.25,dense_frame,70,17,54f5f0e3b26493e15e39c2d5a0bbbb2c895edf9a6884481cdd3de2456ce68f3f
191,0.25,multiple_buses,247,61,231dc2916ecb19cee1ac4664e8c1875bbcab4a7cb92f25f2b74932f2bc51609b
191,0.25,stopped_vehicles,636,159,913ef9b017dcd3b2933b9055ccd3a4c7c59ffe620201219dce4e4ed4331354bb
191,0.25,two_plus_bikes,345,86,b25f93e7432dadf79a6982d24341e00a580eaf1ac29d2bea84da8a05e5c49fb0
192,0.25,parked_vehicle,69,17,550ed4254041a2a691e207bb9ea493ab560f4f3831a462fc4e3eee65941b9a70
192,0.25,dense_frame,70,17,e5d30c45e60dc79711f13716eb5b74de801c86ab53217da75ef7268648a3cdfa
192,0.25,multiple_buses,247,61,8e8e423cdf5a608fccda86a8b05498965dacde8b39f1f3e0e673fb2ecb24ef8a
192,0.25,stopped_vehicles,636,159,2442ea310021917ef1f688408d9a00f15d862a05297de2fd02e3791f72d54e34
192,0.25,two_plus_bikes,345,86,03dfe684b5f599d8e3481c30d3d5c7a6e424a793d19a24a956b6c2c8dd8c63a1
193,0.25,parked_vehicle,69,17,fab78a163df81c7d15ebc0773e1eb3a3904cfc044c3b6c5eb40ba8aef6b345a9
193,0.25,dense_frame,70,17,686591a317a89dfc90dee4c917f949993daa13abdf198ee05ae9eb34426083a1
193,0.25,multiple_buses,247,61,df3d60d77305434f856c504ecd8f16b75cbc4119af3f64ecb436bc50881834b1
193,0.25,stopped_vehicles,636,159,4b88a94a716b2bb35ac433a8ebdb480d82eaa4819f626ba15dd753d33589ee19
193,0.25,two_plus_bikes,345,86,fbf51fed0256171b1be1d482c3f737625ce13ec8fc5b6f78e8e5ca7da271fd20
194,0.25,parked_vehicle,69,17,db401d970627625419db3730839eef426accece79d79e0f478fba29918c0cafe
194,0.25,dense_frame,70,17,c19a3f9d5d94390430bb330a54ad589c265a8df6da9d35c3520d49228d8b2481
194,0.25,multiple_buses,247,61,af49862b0609e2dabc0a366f7e9b7279ad8233197d0e57cb1b9e161261d4b14f
194,0.25,stopped_vehicles,636,159,1ec0ed8793350d14dfff1f87dab0cee8c5ba8012612297a3b9928c5b504b122c
194,0.25,two_plus_bikes,345,86,ef7e87ce62c033ad25509550318218b56c28f8b781afd693299e090c99a43614
195,0.25,parked_vehicle,69,17,6cf3c33768e9a7c749b1464b9bbf8a6c4d567fd5f6f757703a85f8418ef677a0
195,0.25,dense_frame,70,17,bb58e1b71f7746f5b5fd94bf02e4f5c5bdb6a64dd9be712d399ff4d27bbe5811
195,0.25,multiple_buses,247,61,e51ccda45bc8e956736be145c5acb74e2820156014855ed84ad648c80826dd71
195,0.25,stopped_vehicles,636,159,a48177aa05a5437aae293846781afe34849d0bc670832a15159e60cb18e38701
195,0.25,two_plus_bikes,345,86,f9e07e4458cf6fcff7083845f2bb909c3ac0952ccbfd758055158c0becce4ba0
196,0.25,parked_vehicle,69,17,b28ee3ae67d0c3c6086fa348f5ca5b6c5cb0fa811fbfc5e64b5334708e6d4331
196,0.25,dense_frame,70,17,1dd4e03fdd20a047d8abd749e30a02476b4cfdd3e30a522ee2144e6e8222c10b
196,0.25,multiple_buses,247,61,bca4723088d546d38f13f52527f842f4c1343f43de56dfa5cede03ca8ae3e6aa
196,0.25,stopped_vehicles,636,159,1114839847ccd862e292a332370443dcaf23ff2ecd3135f7e4cffa9149719346
196,0.25,two_plus_bikes,345,86,4d588f1576896ef4b158d1a11869d69eca7718892ced1d4eda53a607ce97bbb2
197,0.25,parked_vehicle,69,17,49abc4fe335cb0063b7dd60ec94c9574fbd543d95119a03c5e95fddd86002002
197,0.25,dense_frame,70,17,42119e4105597681c4d1cd0c240ad2a7ade29319ee4e49ed85496c2e6c582b91
197,0.25,multiple_buses,247,61,9abef47c7ce9fdfc746d5a26828888b231790b77b28ac8afd30b50fe05d70b38
197,0.25,stopped_vehicles,636,159,7dc93eb20280ba7d8ccdf885a0741a0520d12b1a4d6dc7ec2505c9e292442ea0
197,0.25,two_plus_bikes,345,86,ec41c08a78742ff2c7bce9b130a0051130fe558b898d8431516e47b5b68d5b50
198,0.25,parked_vehicle,69,17,80e9c91bfb4a38dbbb911fae241f7b1becdf286197624dd9e7eeaec95bc980bb
198,0.25,dense_frame,70,17,babab7ec17b6fbb1e56a45691ebd77060c435dfba3a417ee9744d01ef3466660
198,0.25,multiple_buses,247,61,fcf2e3eaa89176c5ae1aa2f2c40643027972317b2773d033ad214a107eda5798
198,0.25,stopped_vehicles,636,159,f27c9ba608b5ec552a52a68c596f21726514b04259377a13340fcb6506131e21
198,0.25,two_plus_bikes,345,86,7608e4fc26b5e71f9a27f65772fb61e21fd5b1cf7f6fb4eb9659f4d5a8fe565b
199,0.25,parked_vehicle,69,17,f187d171b6cc87b18d8202961270953af31092e40d7ba09db0ed97946a56d9ad
199,0.25,dense_frame,70,17,76e645375f6ddbbc47e45903f4d0c8a1bf919072588cb6cdb7e5bccd2683d2dd
199,0.25,multiple_buses,247,61,dfba44f8e61693daae53340928f5525ace9ccb5871ecd8f4ee4faae2ee7eb32f
199,0.25,stopped_vehicles,636,159,d7caae1434b45b0d6d3e17482e503caa9414f9cf677e53ac504bb018b3497be6
199,0.25,two_plus_bikes,345,86,a40801f72d35d080812a8e1af539d994fdb1fea7af8638adce2fa13e292525dc
0,0.5,parked_vehicle,69,34,88e4a0b12064e0ab168d11cafe5cc13b25c1b88d429c8f8af6f4c7e9d1c22689
0,0.5,dense_frame,70,35,38ad520c94c295de2f2c099805f43c8bda9acabe9a27f14edbaab15fe8932b5b
0,0.5,multiple_buses,247,123,68ee45d6d79797986a5c4b203f03887978c90f7a406d25b6a9f051a21515a469
0,0.5,stopped_vehicles,636,318,6b94e6371eb1cfb9bd21442b79107277b71c164445c60495a75061761ccd9d81
0,0.5,two_plus_bikes,345,172,4f6fad5d5bb023ca08d2864d5463f65cd96a455e92f0d723cdf8c35e7b648566
1,0.5,parked_vehicle,69,34,e277bb934de80a077da643095c3c6ff2c16fd6e3526f8c2b26694471663c8fc9
1,0.5,dense_frame,70,35,9930f199c1ad837e72d1441b8103ac1f379585dec001616a02f3b9669c40dfcc
1,0.5,multiple_buses,247,123,51c18545a315d836192fbb32534589bb9ab70b6efdcd350f8cb9b7ad6ba9a429
1,0.5,stopped_vehicles,636,318,a7af66133b2f492490fd89a7caebba71fa7c146d48d8e8632529d4c7c178fdcb
1,0.5,two_plus_bikes,345,172,aa7baa786d7421525eb6bff094f589fcd45977bf09991c86152aa37a9ff6df61
2,0.5,parked_vehicle,69,34,9151ddc1762d1e234cff80a48dbaca7b7e69d00a8c33bee282d3c74e602f7e8c
2,0.5,dense_frame,70,35,37a2df57dc05d028ff899288561f90b7769f437f1ce0a53373e3ffb3e085c24a
2,0.5,multiple_buses,247,123,fb25d66e2f2fcd46e903a9a957a4db6d0dd7c0093359177d7a3b7acf61c61145
2,0.5,stopped_vehicles,636,318,a2b929530e4f682833a5ea74c38eda621d3f27c6b9c5a83341bbece6744bd0e9
2,0.5,two_plus_bikes,345,172,5cf5eb17b04f9d1599f12847ddcf72de9e8dc7ea5138388b8d515747512d6e32
3,0.5,parked_vehicle,69,34,5d0ca514b91131e1d0d00e8fedada61d8c0623e6b4af9e5115413e3593e291db
3,0.5,dense_frame,70,35,17a2d339503fe26d795e2365abed34d45748875dc45d60f913efacf39c734634
3,0.5,multiple_buses,247,123,fb2579003de21237235bbfd2b1622870a550edd68d421fcb72bbc6da3ce119c7
3,0.5,stopped_vehicles,636,318,15c3a2e941e33999be00824c2289ac76bc83924d1165d3979646d79d871f9176
3,0.5,two_plus_bikes,345,172,fadbdb9ffcbc4c616a831ca18514847886d27a1b49ffd22793d96cb0043938a7
4,0.5,parked_vehicle,69,34,9a1690c267c533d83c51958fe968602683a63acb897ae1bf62990b924178faf7
4,0.5,dense_frame,70,35,cb163c6d520796528668837285dba35c4b4197f32830b887e53483821538cb8e
4,0.5,multiple_buses,247,123,0b03f4f5cb6a745233a7a8c98f2edcb9da2138e22b85daa7895d0d72d71fc5e4
4,0.5,stopped_vehicles,636,318,c92e2e25f9d56498062cda825582ed3d1cee72300554aa264db5b66d2f02c908
4,0.5,two_plus_bikes,345,172,928ea18624cb55a75526ead1d293c6958cb4d9e232e322f1e5c74650a53be15e
5,0.5,parked_vehicle,69,34,f26728091375099fb69f601c08d83478dfb65357fee9ebd684e9b3e034c32f7b
5,0.5,dense_frame,70,35,d4ee1659f15fc3c8d4d4e61d09429d1299c07948f56cadab0bb80e7aa1e7a626
5,0.5,multiple_buses,247,123,b2cd43ed118e4df9b662ae6f2c9261f253942903f063e0400959065635ca7aef
5,0.5,stopped_vehicles,636,318,c0d5a0ec7f94a0653bc807c08a9176149bbbb25bdf601468789b7c9318d2adcd
5,0.5,two_plus_bikes,345,172,ea7476ff2db77f86bd37fa986184b9816b14aca351ec3c2ae6b2514948a5a6bb
6,0.5,parked_vehicle,69,34,8b4f8dab4fb4faf36d5b7f6a13e25d60966f65702883a33c4ecb290eea64646f
6,0.5,dense_frame,70,35,c9ece49718ddc10cf55a19ec1778560b7b2c80cea09cc7e3a2f91aeacfbbae3c
6,0.5,multiple_buses,247,123,ea582258c557eda5fcc9e7b2579b0541f60e0c21a9af69cc161fa5a1853db54c
6,0.5,stopped_vehicles,636,318,9e239c0ab5f35cd12a87040139b9e17da93b8fed50d8aacbced2bfaa6a3d6fc6
6,0.5,two_plus_bikes,345,172,681c18b10ece395ef973310a5f9ccb99d5e853499fa67d54eae17ba090398b27
7,0.5,parked_vehicle,69,34,cf353748f68aa316a51e8071c42f09d4c04e75f619979542d2414951c9a8a5ff
7,0.5,dense_frame,70,35,6a3fceb378c599db19d97f9121df2288702501e71c2d3d124c5b36e6009d563b
7,0.5,multiple_buses,247,123,dc34db6531031daac6560f751dd2e7432599712d1c60ffd91b0025806c38ac3a
7,0.5,stopped_vehicles,636,318,9a0a05625cfaa1df2d0f206d0701b964b6528bd109f6e30a630791dd1ba2fe15
7,0.5,two_plus_bikes,345,172,0f816fed7e9330cad8b0f2d4394230622fcbb2d68a733cced21e61ff052f4fc7
8,0.5,parked_vehicle,69,34,d0620c53c80ce21317e26cad13de2249b816bcafe8b88747d5afd01f80f0ca93
8,0.5,dense_frame,70,35,0b0c094ee9e5f8cc4bd626c7ac3c2991d9034fc4359672c986317a078f91349d
8,0.5,multiple_buses,247,123,bfd1a30371c3c62099bc27cce868eed30e3084621d186f929a1d5f700cbcd089
8,0.5,stopped_vehicles,636,318,a852e900a05cfbca50896764379179d7d50dac803e3ac61914239c6ca8f8a4cf
8,0.5,two_plus_bikes,345,172,c81d27f8a864ae8acb3b2cdbfe3aaba7ece9e52d0e86571c3b9e37d383030487
9,0.5,parked_vehicle,69,34,1e76c1f92a8489bd151194d1515d0ba16835285290e1491f29b65069ebca2649
9,0.5,dense_frame,70,35,fa359b5c9dc5455e16206668838ee878a0a94a99ca5a7ca64653faf30709483a
9,0.5,multiple_buses,247,123,9f655d5d4b731c9b3cffdcb21b439656cfd465d7ddcc401099fb196c02fbaf2f
9,0.5,stopped_vehicles,636,318,0407c14700afed9acab2fa691fb3ef1467327f9fe27b5c40fe89394e3ce57ded
9,0.5,two_plus_bikes,345,172,cf8fe16efd0ea60b7c9c75a7d986dccd0e214daafaa6d05f75050b2a7a69e141
10,0.5,parked_vehicle,69,34,b2a857e0a1457fd80c84182a6e801234439dc8b05924536de4daf84ffae6c420
10,0.5,dense_frame,70,35,f10fa6daa7897efe393e9b32a695c16cbf37fb7319e22bdd14c6e1a35e2f9678
10,0.5,multiple_buses,247,123,6cf9b2a14e092a3bc5bb606e5728a4d28fb3011bbaf66e68111d2ddaab5b69d3
10,0.5,stopped_vehicles,636,318,c7efd4edf260454b8cb4a7e6fa9d961e8ac86c24c0b9271365d52c417e83dabd
10,0.5,two_plus_bikes,345,172,2e385eeca6e64a15a72bbab0fb4d20b2ce4278d9b20a3220eca6e5e91efa58b6
11,0.5,parked_vehicle,69,34,bf658b7a1530c1a01c2f4813a847500e7f14a35ecc0fc64e7db3a5469f73f6e5
11,0.5,dense_frame,70,35,a6bdbdca5e44999dca61615593226689e4b35e2eea4a44c1d673478e6cdff839
11,0.5,multiple_buses,247,123,e2dc9836fa42a8d6f3c70b4b65cc3636c748a4be7ad7ab16ca0772fddde3cbbc
11,0.5,stopped_vehicles,636,318,87f22008f9af5c5e65c522ca922e424fadaf615d0c033c31ec0afcb1439e7b42
11,0.5,two_plus_bikes,345,172,4c8a59f41d3113b390bb4c7eaae3a1ed51ca51daa4fe2eb626397feff4520403
12,0.5,parked_vehicle,69,34,8402594feb26ac4f09f7d2e853a0acca201b9c2b8a136669fec27ab211345cc2
12,0.5,dense_frame,70,35,1e34a5c437572efdb53103abf46d87a17e10c686ec828e4ae9fe407a44bb7d24
12,0.5,multiple_buses,247,123,d29440fe816f43098909d20e81829608d2cc8764e8adceebe48b63619b3effe3
12,0.5,stopped_vehicles,636,318,5eb80120086afe423f8946e6d67ae2c681037a0b3c0b304fb587a640d2a445f4
12,0.5,two_plus_bikes,345,172,4e0134c10f33be34b611f9150dacbada8101ca10b270360a81f5beea01710363
13,0.5,parked_vehicle,69,34,aa0075d69d7d001fb472259cd46cf44083dd6c7aff3ce9fd41d7c57f048b1149
13,0.5,dense_frame,70,35,f7e442aa0f90fa01fd9db1b3851ed8029bc712e4abdb644a7ce4664452b9cc72
13,0.5,multiple_buses,247,123,5d62d4ced1d2a7000f97b6dd3773325e7582f9d3ca16581830c59ac659a64b05
13,0.5,stopped_vehicles,636,318,f27981cdb1970338f1f86ff17dd975b7e98f798344ac33e4f2a36aeff1b52666
13,0.5,two_plus_bikes,345,172,8912f8c8a2e993691226771eec2a8fdbc7075cf71b004eb294ad455a6d7a3929
14,0.5,parked_vehicle,69,34,8803c3c4abd3a979476aaf0776ddad9b402d183fda4658c883a748acd6373699
14,0.5,dense_frame,70,35,45d5ba4227f7211918aa94000a8f15de9de30ce9b550da81d4e20434b6bcc20d
14,0.5,multiple_buses,247,123,cf9b1a12633437d4a2649c43e02e42c00b69f3a353e8cbb4784c958112752fc7
14,0.5,stopped_vehicles,636,318,82f71a9d84fedd92b6edf55206a91981515630c53297ee571311c04d1ea1c0de
14,0.5,two_plus_bikes,345,172,4c88d285e9c40925e2b43d94906e4b9e36d7139b9e1c516fdafe50e6be6d2f38
15,0.5,parked_vehicle,69,34,9b1219b2c29d415c7e73dde5be3442298799348ad6bb14cd071cd85604ee2549
15,0.5,dense_frame,70,35,9f90b543ca17090c84a2e43cd86d885e03943732745db20bc49a8217a5635e28
15,0.5,multiple_buses,247,123,8d949ef9f5121137cc1a02d585851354b3493333ee7442801bbfe13ca8ca45c4
15,0.5,stopped_vehicles,636,318,65c64c57e8b610dd01f917b7e8627a08ddc5db6a9e64035fd8e7c314844be836
15,0.5,two_plus_bikes,345,172,9aae10b6c197c1044ba859ee406c2f9949737f2d8968c6ae3188b3cd73a259c1
16,0.5,parked_vehicle,69,34,53ba353cf1eef84de74c48c261ff5a8fb90efbec7f74ebc7cc79c58ccf56266c
16,0.5,dense_frame,70,35,d915dc15d89ad98804093a476345380bb8d54580f84312cb0aef4bafc77dfc81
16,0.5,multiple_buses,247,123,e630ce23c30c4c747cb7ce49b425a6a4eebcfb0a0c7add6d1f4dbed08a28e2e7
16,0.5,stopped_vehicles,636,318,aa3d00ecabb9e37fbcdbcab96c8d3d3142e79e60ee9ae80b787f470ef367f20a
16,0.5,two_plus_bikes,345,172,498cdd9a7e8d3039219a6cbfd8f65cd3390e6f96f366424a98f140c9a0fa2872
17,0.5,parked_vehicle,69,34,4f987df1e5bd944a4871f0e29138f15d5805aadca42d5c7df7767c7ad30a20cd
17,0.5,dense_frame,70,35,717411f90781d6c6c712bac56f7bc34ad3a20a6c2d41669e616474cc9c45eb5d
17,0.5,multiple_buses,247,123,cb02f72d1dec05469e448b19e1913f67d883d0b3264dc5eeb9b8e11d9c5283af
17,0.5,stopped_vehicles,636,318,7b99f2e3f0b2df351c1739c36869542952f692f912afa02f7b4dade0c43c0713
17,0.5,two_plus_bikes,345,172,42eb6e90223d4205ab480459f325e81139bad817fc3c2035d6a3394d44657ad8
18,0.5,parked_vehicle,69,34,40a46052df7c717b177f8550d380a78c4a777ed393b56041b92050bef8b9085b
18,0.5,dense_frame,70,35,e7fca239384e7ccdb52823e3800f569222a0fdf7ea97916e7a2a74e268e237f7
18,0.5,multiple_buses,247,123,9bed225c9908100de68eaf49208d7067fb6892555350b868745512975889c445
18,0.5,stopped_vehicles,636,318,eba6f2c7f9d9f2c3dd917d5aa7c34f7a2aca386e078e34c81516f242db6aeab1
18,0.5,two_plus_bikes,345,172,a51126aef6b46d3d1cc167206cd2e8a154e8c430af912ec166de80cd42d0c2b5
19,0.5,parked_vehicle,69,34,e343576ea98b9f9b2fb8cd28d9702d8486a1f16dc55702d37ae68f8fb1676db5
19,0.5,dense_frame,70,35,6fdd23c5e554e62f7a88d616292d5cff42c1911fb7d9b22a73bf5b7858903251
19,0.5,multiple_buses,247,123,a515bf5a3b0f744e79c37efa7b9a2d2811bd8e43227e1c9d81e86b05e7c94dfe
19,0.5,stopped_vehicles,636,318,a89f00bce80937293198954d7da36a15c47a14735a19441e70c4fc279115eee3
19,0.5,two_plus_bikes,345,172,627d2e0ac4679b5e5e8664dc36f2c4ebf87a019e781ba08fabd1e650d3c7fe91
20,0.5,parked_vehicle,69,34,456ce8d29075b68c1f09dfc0229195f26f642186baf85cc6019efb1179de3442
20,0.5,dense_frame,70,35,81b9813845de8239a2dbfaea202b8a86caa4e62792ee21b1972e4d16abe6901a
20,0.5,multiple_buses,247,123,ba9e06e94df7c17dd6713d61329f6fd8bab44b99328c0cfad8a746328bf6a57e
20,0.5,stopped_vehicles,636,318,7184c5a699d5b97431cb067b98d74e2f92d64e554eb82f3b046b472cb6ea41ec
20,0.5,two_plus_bikes,345,172,d6703916ffd18936efd9c97b37c21aaee852de81c265913df0815db42471b4b6
21,0.5,parked_vehicle,69,34,97d985480d0197ff55e1eae8805e046fc8924957f0c2f78b8a4bbc3587c07302
21,0.5,dense_frame,70,35,f0eeaab62a4c72c957c406bd7dd95c853a47379c649c0b7a1f612ceec080577c
21,0.5,multiple_buses,247,123,90baa45d79a13eb29e666a801bad4cbf7008f97c90d4f7cd999e9ccf5986dbd0
21,0.5,stopped_vehicles,636,318,ce69d08af4db6f4142e04990f173211a6f60bc5cff3f54efeee3b463804bd476
21,0.5,two_plus_bikes,345,172,33bda6e39a2b7891c3aadbf91816b977999dfd14de681cb10d9e8b7f2be93db0
22,0.5,parked_vehicle,69,34,69c13228789276309acb6b4e7812f8b078a814eba4c6eb53ac6fc3fcae724c7e
22,0.5,dense_frame,70,35,52996e83e3769960f9db87b52ba7d63b4e1a3a0b220adcba6f935ea0b403971f
22,0.5,multiple_buses,247,123,c2c108e86033432aaac568ee202f24d129299a80efb8fb9fcb3e4c3081167425
22,0.5,stopped_vehicles,636,318,2e9db6961048cb1ee7ec3806b41abd0015bc33e29f7f320e9b6fee752e5d6767
22,0.5,two_plus_bikes,345,172,846175dc4313eaf0387e379641590de20c346c746c1edc735bfd4d9b7536be4e
23,0.5,parked_vehicle,69,34,951c5b4835428027255b8bb11139885d52168b1da47476c22d9d2248e76c06a3
23,0.5,dense_frame,70,35,6f1765f284d3a97a1bea7c5e53c06560ce5b8ef29045c86dbfb72529f114a94e
23,0.5,multiple_buses,247,123,3d1ff2c33c5618dfe8c2657d715fcf78e7667a4b3b722b89662dd635bf6f8a49
23,0.5,stopped_vehicles,636,318,24554af08f7693cf308da8e034360bdcfd8e1b00fc540f3116ab91346a1bcc4a
23,0.5,two_plus_bikes,345,172,010445ccdf1fecdfe3c2e4856c7f180d340fbf05eead6bb03d21605f77ee0acb
24,0.5,parked_vehicle,69,34,434505d3fa03b018b1db8dd8e91f92d2241772293ef5216642009a30215a7cac
24,0.5,dense_frame,70,35,c6184a48c7b4fcee82853f95c6d6297d836c0455298bcc50237bd25d4b5fd4cf
24,0.5,multiple_buses,247,123,5a2d24cddffb79efdc0803fdae18161b9bffe72e033ea11e7494796d9ad32efa
24,0.5,stopped_vehicles,636,318,b7d6b05b2ba02d7940c4330256f27578e102971eacbc3bb8f1901bd0137056c6
24,0.5,two_plus_bikes,345,172,8c19fb0e43c085cd246aa1a71ce865fce4498061cb47194228c111263bb9e248
25,0.5,parked_vehicle,69,34,e160ad597f6656adb8980ee7f8324e6bbe96c4a90a5a02d968523764f4643f7f
25,0.5,dense_frame,70,35,4c16cd9bca4c86f93b08707e164e59fd2c37ba847691b7c1f8cccf644d6769cf
25,0.5,multiple_buses,247,123,7baf494e69b24e3735115160e95e0715d0e6d7d5f6ba4b85c8541312161e122a
25,0.5,stopped_vehicles,636,318,e54f760431aec066f9bbb575f3352214712c591576235f3d6b858a5f51289cb1
25,0.5,two_plus_bikes,345,172,e2320f1a38166077cb1aab37e84d725bf39302222d5c52db5a6fb34ef0fceaca
26,0.5,parked_vehicle,69,34,84660718ddbd9e63b081adb53c92160824ea39f020bbe90ffb6956f9c9e4efb5
26,0.5,dense_frame,70,35,d308336c3bd7a502cffec4949f74c6dfaa7fbfab09cf8b91f083fd24e1be672b
26,0.5,multiple_buses,247,123,7cba985c1dfed677034d2051a635b6a23b0fd635049aef352ab9634f208a8f36
26,0.5,stopped_vehicles,636,318,af764647641d7bc849799c1191d4aeb7d3ad96babfa2806ee6f9a31b165437b5
26,0.5,two_plus_bikes,345,172,7b3ade56e60d168b770976f8cfe3d2eef138fc1b6724624cf0001224ebe3a689
27,0.5,parked_vehicle,69,34,75571166aada0767b90067440121fc91e4af49be977181dc7f1c51fdcc9f7105
27,0.5,dense_frame,70,35,c036958e1470f76dc3c4c518bf5ecec5896c04ef76f800399b265ca7e2075446
27,0.5,multiple_buses,247,123,2a692d82748fc433c9241f051de9fec6c06f1c104db37164a1173bbdebc478de
27,0.5,stopped_vehicles,636,318,9f9f5934197e39b06540d90613c2f4b5d424f30f09d867bd2e361ec4c939d910
27,0.5,two_plus_bikes,345,172,3695de605f4f48e1ecd5c2dee1788427b96886fd2eecbcd9437fdf9871a19275
28,0.5,parked_vehicle,69,34,7cde692a4a144f589ac8535e00131452a43d949822ad7d3f62a7d2d945f9df2b
28,0.5,dense_frame,70,35,dd550db13ee4b4b40a115cb3608ffc5289f19499fbc86b4ab5fefda52ad33e3a
28,0.5,multiple_buses,247,123,2c76f8f2b166a5d1df2914f8161a1135edff54d107130bc0c0d2d3f115405e97
28,0.5,stopped_vehicles,636,318,2008f156136b8ae8b879f081c08f7ae4cc5a5542ea46cbe324085ae9ee9b8dd0
28,0.5,two_plus_bikes,345,172,e19fd1f14319487cc8fa99dcc16cdc69f29e7ad52aef290ebfe7d6aff5fdf8aa
29,0.5,parked_vehicle,69,34,c0a3eccabe2b334d5ee4694b7849c1e80fbda5ca0ccace85aabe87a01b3d00f9
29,0.5,dense_frame,70,35,300fdffe4d541d4127a48deb3a6e67afc27e24afe09b67fc907d7c264f606289
29,0.5,multiple_buses,247,123,749ea9b06f59f9d93867a39edf43ced08b23a23a6da7682bc6bf2e27c3571b08
29,0.5,stopped_vehicles,636,318,b8a8ed9304a9e9baabc2cbd426dfad827da2614e1e28a0d0d603673d1abd4947
29,0.5,two_plus_bikes,345,172,2320f524404ba6f2b731161ae94cee4e8f6e7def973257713b3395a13c5e92d4
30,0.5,parked_vehicle,69,34,da74af414eedd9d4cbb3d622538591a53c857ad8fea1b42dd09d1eccab8a20e2
30,0.5,dense_frame,70,35,101a76fd856027f7b3732f7881af35bc8d76a243469f8c4451c9859c22535a87
30,0.5,multiple_buses,247,123,7a216a679a9b5297ce8ce2a8066d8b6b75d673019e4b4c52a2c3077aaec5c1d3
30,0.5,stopped_vehicles,636,318,dd5f22b1366edde5cf8d2812dd36297b04dafdea6880ca15cd00eadd8123ce85
30,0.5,two_plus_bikes,345,172,d897392182fe7bbecf7d35f043ba397a907d88184b22b9df6260f192a704d69b
31,0.5,parked_vehicle,69,34,1f1d3d7ec9955c9dfbda25739ea1e73c5ccdc1c13fe0fb539ce0d9437e0ce804
31,0.5,dense_frame,70,35,75ceaa5b01ebd22f15100b971e9b793a1fa8233c8057fbf776b9b2275f73efff
31,0.5,multiple_buses,247,123,61cc476ad69d8128bbdd3e858d33b9cc2846a699b164ce88c4c9bc0f35d904d6
31,0.5,stopped_vehicles,636,318,06032d130539e7bcf518feae129d0315f13bdd1aca243a5b049b681056ba279f
31,0.5,two_plus_bikes,345,172,8858e5a550321aa6a162d5499480dedd488a0e040f0ca26cf478a8e1440f8ba8
32,0.5,parked_vehicle,69,34,29a025dd4be28dd96f2f52f22efb81490e6c31a5d467cb3b959f9f1ca56f117c
32,0.5,dense_frame,70,35,d355e6fbf0822abcd0cb0479907f486868258bf6ca40bb2afaaf8e5f549f7a8c
32,0.5,multiple_buses,247,123,3df8c90dc32bd43986a682917f2e4b933af92a224b4ef60dfb3c077393e33c62
32,0.5,stopped_vehicles,636,318,5a058ed5cc22c338d4f3cac2e6f4177daf4a0ba3aa6fd03eb52f6abee5f5cb19
32,0.5,two_plus_bikes,345,172,5ef39735ea94533a75e25c443eabc5bed8d1f136c5c2df28568cd039ec7dbe51
33,0.5,parked_vehicle,69,34,625af28ad6eca3e9e48f55b0d44699475395d614e1295360232913ab84197a4a
33,0.5,dense_frame,70,35,4647721c84c1f4f0363a1387f1150630ecc571dfd1b4e86d534aed13b4c4ac2d
33,0.5,multiple_buses,247,123,8eaa6164519cc465d5378e997207c45bf24203d85fd27134fe461c6295573829
33,0.5,stopped_vehicles,636,318,6bea5f5a93c31af3fda33bd4e80d3819e445604ff3633e5d311c3e4067d71168
33,0.5,two_plus_bikes,345,172,372b479cb0d2564134c383ded8d18dd017c1c67b95a0b3db8cf9604de1632b7a
34,0.5,parked_vehicle,69,34,3e900fd9ee92abc82ae05ef4f1b39758e94afb403d270ed8d7fef9b29a2d5a72
34,0.5,dense_frame,70,35,26cb54818a4686f8f12a783418f4149a46b2a41c6c817a7e36c1d72899575717
34,0.5,multiple_buses,247,123,5eebf899a6f8c7379bcdb20ad8b271d9e555c6a29a8db50cf9fedbadef945500
34,0.5,stopped_vehicles,636,318,a30dfee1af40bf2828229c67438cd9e98e70e4961afac799769341a511512dc7
34,0.5,two_plus_bikes,345,172,282171a43570630d201269f3d83d9b5bc458275fa222733ecf29f719b8b3a2ef
35,0.5,parked_vehicle,69,34,7c9db923c02a99e0019218991b1d8fbc536525d1f9c5cff356058361590d570c
35,0.5,dense_frame,70,35,2c7a09f627c8693fc021d4a2abbc40d4ac6d4329236031f61a644072b1ac3ee5
35,0.5,multiple_buses,247,123,962207b9b7e7cb28d5b25cbd50cc882e63122b914abbebb1164171936954252c
35,0.5,stopped_vehicles,636,318,ade9eb03d1b231883f92ea0d11b35231b50e84d3c4abb00ee02d35432c8519cf
35,0.5,two_plus_bikes,345,172,cb2aee6dde08577287426e2995d9fb24c068f095ed219215dd68c2d8e3b34f63
36,0.5,parked_vehicle,69,34,a6f785926f13cdbde7e038c2445448c2cd74a832c54575a4cc962d04ce95957d
36,0.5,dense_frame,70,35,45fcce62ef1ebc6ffdf18ee5d7e73aa49d4332659c710459230743de7bc0dc51
36,0.5,multiple_buses,247,123,c9694b41e0a4df9c106a25061a352402a35b0ee83f774e3991fff248dea1978f
36,0.5,stopped_vehicles,636,318,45d312c9df08c2319b5f440b4da6d4b665f59e97224ee26ef079e57898169f4b
36,0.5,two_plus_bikes,345,172,147d83043d74f430886f41e3cf475b44d05cedb7691246aa758b0d1a8fd29fd1
37,0.5,parked_vehicle,69,34,77cab309104a57ddcf30405277ab4cd6a04f2a04c124ce8a0f57878197d489ea
37,0.5,dense_frame,70,35,9f56e5b4c7cc532c6ccb1576ceee65773ec90d8f92f6a5bc3034844e7afab149
37,0.5,multiple_buses,247,123,a9a82650dd82100fbeda345dabda9ec33f7e230b354d9f1463fb749dd6614b9f
37,0.5,stopped_vehicles,636,318,3a9e2a3379b369e65b2ebec773f2619049314c20bb4c3e9612e5db67187836ea
37,0.5,two_plus_bikes,345,172,4b926928e10abdc71d8b5990f1dced0978baadc3b85166169f084f7356f6e276
38,0.5,parked_vehicle,69,34,304df16cc46e6ccd3d78797888a2d459878d5e59aff57682b8cb58cd2f5e3cb8
38,0.5,dense_frame,70,35,02dc88bbd699cf0983f17cba02fcb00518ebe5357e7b4ebb7d89b97f8dc8d50c
38,0.5,multiple_buses,247,123,2cac346509834fbdbb1ee9f09e16091c507143682ed62986bbb2ede5e394d86b
38,0.5,stopped_vehicles,636,318,808139c0ff76722cbb12344b558094ad984c7ef5b165cfeb91931e5c63ea13e8
38,0.5,two_plus_bikes,345,172,a7f4bb471a4798ec79b29bba6332a7b56d5b4e414c3dbbffe8b00d51484568c0
39,0.5,parked_vehicle,69,34,92d1c67860acd8e12eb8c11495f27d47b0a96cf152845194f6347aa24ceb9107
39,0.5,dense_frame,70,35,6237c7a18bdaeb0121c64a3bbb4ad2ab38613a87d5ca5abc9ab049d53b6bc2c2
39,0.5,multiple_buses,247,123,cd9edffe1626dd1ac4e3438cdbaec2d15ab68025f32fd666a45c36371180c034
39,0.5,stopped_vehicles,636,318,1381f4dee6a1d1a700adad049af98021d151f8d048b19ca84d199b03ab4cb34b
39,0.5,two_plus_bikes,345,172,264e1170df17838b9a383b3a2ddab227da9c7cd5d317f61fe2249f6554d88287
40,0.5,parked_vehicle,69,34,c3ae175aa147075793baa9c9cc112d9f6d38942f9e088b751d2753ff00956add
40,0.5,dense_frame,70,35,e155847474ade7f94acb852da0c57f8bf2b3645d7e3130671f5d219d079792dc
40,0.5,multiple_buses,247,123,8d0b2873071ee77f56f52ab8865bb646d0a711d2ec6734aa957bf60507ff5563
40,0.5,stopped_vehicles,636,318,e9c11b969d6862368cd627f173d3af90696830dc126c2965727f9e8bfaebc8b2
40,0.5,two_plus_bikes,345,172,704bab06900aca9060d6b814d781ab50c5ccefa7a416d596106d9353000eff3c
41,0.5,parked_vehicle,69,34,998006758365140a1828a2ac568517f0722d1da9faeeca7639d2d3c6499d460e
41,0.5,dense_frame,70,35,43b0a9f644c7a9ee871b5408c1ea4a956a3d1404096d1f4b34edf81126747965
41,0.5,multiple_buses,247,123,be08c38f9d1552cbb574c18578830af96233070c83781dc9a59e15e340c05023
41,0.5,stopped_vehicles,636,318,6625ed9f6ad3dbf6673a0e995d0f59e986c739578f49ae2d705441d0c607072f
41,0.5,two_plus_bikes,345,172,9051590b5563009beeb3d9d8f256ba328ce8aecd4ff1a504caa4e2b458cd8b42
42,0.5,parked_vehicle,69,34,9c71e755ec40aa37266ce9a5950266f1001752228a3b3665178520bf9a82d735
42,0.5,dense_frame,70,35,7c711f8c4bb147b0f351a24c6201770b75b82b41aa2c6543b0e6b927d1426d2c
42,0.5,multiple_buses,247,123,ed07a966949d632fb34c7c17557a2e32b8c9adf7545476bf8bd0bb5f681048ec
42,0.5,stopped_vehicles,636,318,3f1036117656f6191410b8ca5f1c4e60bfeccf828ea51d49cdebe70aac3024c1
42,0.5,two_plus_bikes,345,172,9c0ec23a46feea96fd551ca9df2b379c9d2417e73a5f6c494e224601920be422
43,0.5,parked_vehicle,69,34,f09db53a881d3ea4e31fee1c22941e713c5b2c953f0830a5e3cf14f3cdc34856
43,0.5,dense_frame,70,35,ae7298d03b0704b671891582e8369b5bde1f293ee885449356a46f3f0c0e026c
43,0.5,multiple_buses,247,123,dae284d299b79379261516410f4b0d03bd0151a85ec3513f0a913c4fce342ebe
43,0.5,stopped_vehicles,636,318,2929a199b4c327def1b8f6e7deec4a990ef5aa96a0d8f7bb32431a1938c919c5
43,0.5,two_plus_bikes,345,172,5a4cf52d4f39c739cb77eb2f08176ca19c8ccb6ceca7f541a80519f909ff3528
44,0.5,parked_vehicle,69,34,1b9fc0423044e5cc425faa3441ecb8ea010b1434ae2aa6769cbd9d10fd690370
44,0.5,dense_frame,70,35,07c17c4bb7bd1c687220599cdb210a9045a27f83365c6a27f78fb6be7d0bdb4a
44,0.5,multiple_buses,247,123,1da86b707ceb241ac99e9ebdb5eefdedf230835a94a01693c7085343b11139c5
44,0.5,stopped_vehicles,636,318,9ea7bef3bfbd0bccec3bb6d2542e470c1e822c0a3bd004d31fb663906d723ed1
44,0.5,two_plus_bikes,345,172,312b07fb5ee1a548ca5733570840e71836b231610047ec4ff08a42f529e95aff
45,0.5,parked_vehicle,69,34,a41dc220802741e8005351c1adc09674d8f0a49307d954a0b65211d7383b6340
45,0.5,dense_frame,70,35,309c8a2341b43ee233aec1896759d42383633e968eb69f11115ddee92c84a14b
45,0.5,multiple_buses,247,123,f689c6a6a5c48f4636da4a8620bba92ca0e8bd1d0be82fb7904966f681205ceb
45,0.5,stopped_vehicles,636,318,97ccc9af8297129ce98a35ffccd49d4afee99a14eb0c2d0dee4b47d45b721d55
45,0.5,two_plus_bikes,345,172,3c5c93bd3c1c7ff61d839828596402efa1bef4677c07421bc27918ef7c70a096
46,0.5,parked_vehicle,69,34,77aaf0071489a9d38c4b2ed93b4baa34020a6d56708e695e6b10e0595949e745
46,0.5,dense_frame,70,35,83cccade25840f83989a3167aa8c9b782bedfb25208e5fbd3b7a5c47be095384
46,0.5,multiple_buses,247,123,14b82dc2ab4d8d6c79c30b83ee045cf4568654bf97153bb939e1d33c0a99a9b1
46,0.5,stopped_vehicles,636,318,5cb32cc12bf353288ef547c181be6ca6227b5848521a676b36f249dfc563b86d
46,0.5,two_plus_bikes,345,172,0bd44a49bfc4554bf6e1a30a0af149918d2e0146e01ef1b2a484d9dffd8115e2
47,0.5,parked_vehicle,69,34,f2fe48ba62ba1731a219a89811f0948fa30cb37b9ce4bd3009e38e61868e126a
47,0.5,dense_frame,70,35,8a891af0e839861f2242e0dd39ee8742a4e04980b9828f964e386d916c0cd204
47,0.5,multiple_buses,247,123,f8de5af0177292b1e4c51cb14564203f758c040471724df1c2a4d97014e480e8
47,0.5,stopped_vehicles,636,318,3a48ecda1a64a265ecfba84360883356bbed87e9d61cc97024052b0565ae9489
47,0.5,two_plus_bikes,345,172,e15a84e6b52f50713535dd27e5c42e07872754640d721f5107caa4429cea8835
48,0.5,parked_vehicle,69,34,8c70e26e3fd992ded3fb1ce5de05daafe21926fd4ab7510ddb1b632a3790f3ea
48,0.5,dense_frame,70,35,22b4ce7cc012c316349c9eba13e6813ba6323b291d67755c57778e5854a647b0
48,0.5,multiple_buses,247,123,8426bfc1966b60e6b90134c3369fb4f2d43fbacdad304e4a181f8275a267b17f
48,0.5,stopped_vehicles,636,318,476206e08ff8f7c2469032f6b1d88d1aea24147cb1f25de9c355bb0c1eb68391
48,0.5,two_plus_bikes,345,172,ae72d543fe4dc2e81592c7c2d8ca9cb16aba5fc633d9ee10511ac59af595c454
49,0.5,parked_vehicle,69,34,922f3d06706b6a99714f870fd5907885349b187006adc719f8fec397200cf767
49,0.5,dense_frame,70,35,3bca45aa4ad5cfbca4e97b930c408af7e83777c7dbf84ea1bcde24ffc1f4a961
49,0.5,multiple_buses,247,123,055eecc3e8b62f6fec070251fe30944d59c0bade3f2e2a42acdd3ef890e4df3f
49,0.5,stopped_vehicles,636,318,6418f9ff278162868e5300a5a59ab5951e8d5866e415a288eda156cf0ac4691c
49,0.5,two_plus_bikes,345,172,6ef080d5b7f9a3a3ce3fb7279b2e27e1e7248ec90a79b2102b11e7dde4b05269
50,0.5,parked_vehicle,69,34,8f65dbf9f7c6f2487a2156e326a7012ff8ea833689b92dfa5b190026dfde0565
50,0.5,dense_frame,70,35,78e19c7751e22da4d0de736f0ce9ce34a39eea0915ec4f1b751e4fb531159f95
50,0.5,multiple_buses,247,123,c95ec38c2a12671b1be05360c9959dac48f9890f33e20dc8781ec536bf7a5acb
50,0.5,stopped_vehicles,636,318,0f64605059461fca15f2cfb0c922a7335394e1f3a44ae95661171dc86ca0ea94
50,0.5,two_plus_bikes,345,172,7abba69595536b3dc4880189862fa9bee2b015140df47fcc0b416ddbccf142f5
51,0.5,parked_vehicle,69,34,35d8a9fc7f896bb6a0bd09467ee773de1bd7c082acf8342b13f6a71e704c13f1
51,0.5,dense_frame,70,35,ec76eecc01639265102799f3581ad4a317d011090052545701657068d39c2fae
51,0.5,multiple_buses,247,123,7e0435f362ab6b4446b3328aa4709c4304a19a6c95ccdb6e796644c95e1a079d
51,0.5,stopped_vehicles,636,318,22e6c0d9416c373b27d2bb27b76e6f8a672eb60a7e11444b49c867a73259a848
51,0.5,two_plus_bikes,345,172,b6461a2b0606604e6e5ed71bfdc2477af2b2afb82ba8442b5d333b4f1bc08b82
52,0.5,parked_vehicle,69,34,522fffc87487cb5721a3d6a4f706a47996eaf426d7ce3878e7408d9f2ca10914
52,0.5,dense_frame,70,35,376c6deca51305dc301c8a161bcf58cde0ddbd20ee3eb7b5110d00ca2ebd1e70
52,0.5,multiple_buses,247,123,0ecaf4cffbb59080e4e654157e5ad663a74a5745e562c3227ca32bbc38e6622f
52,0.5,stopped_vehicles,636,318,75b15a3aa9e1d11a7ac76872a81b068785ed2cea02236721785e331ed0fc391f
52,0.5,two_plus_bikes,345,172,738bd3b7b3a732fe2fb3fb13a19200a0bd85c38bfc6470bf81543e82b28f88a2
53,0.5,parked_vehicle,69,34,cfbd4b36c676a70d50a0a44ab5f242fa033dd207c3611fedfe2ffb173d6810a4
53,0.5,dense_frame,70,35,ea5aa8cdb8b12fb32723e44f928e121dbef3e3636b8c60714aae49d0a58bc40d
53,0.5,multiple_buses,247,123,446281a0cd608856aac33d2108c3d69775ab7ee95a8f37780faa2ddbfb4166e8
53,0.5,stopped_vehicles,636,318,7bc54f2e65468dc0995cc06f06e7351f6d98a92acfc5051dc49279037cd68c18
53,0.5,two_plus_bikes,345,172,d4b704273a3c069129ef8ab51cfd6aff7e4b328c0d35d22e71a651c9cb243201
54,0.5,parked_vehicle,69,34,efd4339bffd3812c616bcf1a480a0e9e656bf1fcefc1f9cd63a86db5725b71d6
54,0.5,dense_frame,70,35,ea71559a6e8956fbe483438d5402f57b1b883c3377aab7bc488e8dd22baf73f7
54,0.5,multiple_buses,247,123,6cfabf7c89f542a019aeffa48cdb3a8997f4c0a73eb8855727b820ec16cf780e
54,0.5,stopped_vehicles,636,318,ff808adefbdcecfda9962368c2561c131d1326bee072431325e3d11185f4b256
54,0.5,two_plus_bikes,345,172,13499ab058ed9248359a1e0e7f7c63113692eaa81848063ae49da13f661c95c1
55,0.5,parked_vehicle,69,34,34392941bf35eef7eb8b791db79642f76f33c1466798da73f19ad202bf375d60
55,0.5,dense_frame,70,35,a410db1ccf62d1ece2135472b9a363d30113929e9829639f0552c9fb3ec9eeae
55,0.5,multiple_buses,247,123,f313fd6317d47a27a2cfb779557bc4dfc1bbf490e699791db33ee75d45246596
55,0.5,stopped_vehicles,636,318,f222ea468e6f0d6129ad860918965aaceeaeaa6716a73ad8bfb48bd39ab4ad94
55,0.5,two_plus_bikes,345,172,5842e3891d2981c450960b96f33bf6de0a81c10f4e782f82072f712ce6f85e7f
56,0.5,parked_vehicle,69,34,cee5bfb0acd8abcd8ed389ac80f2bc1e9c30f559c844f14fcacf4900c2abf3a9
56,0.5,dense_frame,70,35,e3aa3d0d0fd0e1ba7d510623b0c7bc323baf3ff89c4447d09ba239bc086dcb9d
56,0.5,multiple_buses,247,123,c5553af7a86a598480a3153075c522bd082b423c886cf83a18c00dd30731badc
56,0.5,stopped_vehicles,636,318,b129136c7166c1a91a71ab626511cc72e6909a023204988852b8d85619956b62
56,0.5,two_plus_bikes,345,172,673785f22e3391b2096a7ed9cc08b282b547ed0fcb078a10fec941d2e7017ced
57,0.5,parked_vehicle,69,34,5e310662ee1af504e53a2b784793280548744881c26ea27bd309a918536a08b3
57,0.5,dense_frame,70,35,c6cecaff7ae111a1b14a39fbcfd29ebbe9030eb8287df0d581f6eea09f71be53
57,0.5,multiple_buses,247,123,cc0eb8cdb970d6f887a97b6bb815f7b8f910a71e1eb70c1e53a6d2bba0564754
57,0.5,stopped_vehicles,636,318,2e13160ca7faf2b29faac96fb2e2a3d20fe882c0a0f5c37616aebac0cef090ae
57,0.5,two_plus_bikes,345,172,76aef30dfc6bbf075ccab9ee7290a96593d3b5427f8c3d5a54c60f945d770c64
58,0.5,parked_vehicle,69,34,13fc59137a5ae57c40954baf73f5295935fbd75350cd563ac737e4b149f39e6c
58,0.5,dense_frame,70,35,e036ccd7a8c2116551ac24753dfe145db2b2ceac3f7822cbe2fed3579fab8cbd
58,0.5,multiple_buses,247,123,b19e0d53b93f51ade6d639aa8d9bb59564aaf1daddd581ae1f712396743ed439
58,0.5,stopped_vehicles,636,318,dc0868cc16b464a9326169d50f8d61e163f0e3b50825bdc283f4226901c80a69
58,0.5,two_plus_bikes,345,172,99fb7e12ebe9309c993b9bccfd0009b316466beab2417c330073bff9c8b7ec79
59,0.5,parked_vehicle,69,34,c4e170d4248149d93b918fa593d3727209f13d3463fc75df0a5844232efb81ea
59,0.5,dense_frame,70,35,40b651d13a1eabd0e2c7172595f77c400912951314675a26f4ab2c56dfa0c20d
59,0.5,multiple_buses,247,123,85700d739dc828da0c0c983ec258860670b02dcbd64a15c1ee027d24f272ae40
59,0.5,stopped_vehicles,636,318,298995097005c691defe69a5488e7d9cb2996d9844b72f09d997d5f52f60bb99
59,0.5,two_plus_bikes,345,172,240fd78235fac3c5f7969570cf2856c070f1dd17b13842ebb8bf8e077f6e28cb
60,0.5,parked_vehicle,69,34,9df7c5877e68351d89f64b5109e50050feb42ceae3ffd5be1cea5934ec67417f
60,0.5,dense_frame,70,35,c33a21d056652fd053c7b708439c7c80def47aa68b3bd7076f375476b5ed1f78
60,0.5,multiple_buses,247,123,bbb2e7a1595c589a8cf9df0be169add7c2a8dfa92189b507423d4d48e552b99c
60,0.5,stopped_vehicles,636,318,24460641ad1089389c5725e084188c7f56cf3f2643e006e59f05178c76a47b53
60,0.5,two_plus_bikes,345,172,5cd7c48d73d345434a93ff8560630a45d39b52c3f92ffcd35db82fd5ad15ddf3
61,0.5,parked_vehicle,69,34,ee7076643cfcd442b622ffda52a19f353a57f55be3b229de1e0fd053ce31e0a0
61,0.5,dense_frame,70,35,2a9115409653166629b9dc029e5a3d5b2590a7f3217bb91fb5d4f35462e5ecb8
61,0.5,multiple_buses,247,123,fa0bc33a7e02a174bf08fc84303585077369394f950b85df3261c97bd48cc06f
61,0.5,stopped_vehicles,636,318,21381a49366e97f20a86131cac55a8683bda5a4cd4c226d141768377c098a874
61,0.5,two_plus_bikes,345,172,942fe835b2a233a5e21503b7ee4134f2ac062ff5b9373cb43106d58b530d8107
62,0.5,parked_vehicle,69,34,4ee376e4bf3f9a5da71a0556486cc7eda06fef11e1d1841330990c45c1e21d52
62,0.5,dense_frame,70,35,be5904327b40126b79ffdf2141c923d2bffa53ea6fa4d9878246d59b4d5d7975
62,0.5,multiple_buses,247,123,790f2996a1c05ff2cf5f7a58beefbb6ce057b84dcebf79318726a786d5516369
62,0.5,stopped_vehicles,636,318,310484dfcce2a5f6d2a6efdbc641f1d8fb451c179d97cf8942485d314219da87
62,0.5,two_plus_bikes,345,172,a0c0089ec9d75bea1d20bcc69995b1a2072b45c9b5f164d96d27b3f0163385a2
63,0.5,parked_vehicle,69,34,d1844c7bf575a14bfeaa36d553f2e055f8d5068f626e51a61f10eaea9af8635a
63,0.5,dense_frame,70,35,77885035cda29487e1bc21e25b8e02b8db89d0c76890d4a9f472752a44187d7d
63,0.5,multiple_buses,247,123,70f2f690542c5237c1a6d5abe83c4aa65a6f5d5e7eff58c3a9499eaf4e9194e0
63,0.5,stopped_vehicles,636,318,982a2aab55fc8aa77770df2356103c013840b61d9a6537d4b34cdb32a3bc43df
63,0.5,two_plus_bikes,345,172,1c6e0228fcc547a52a8362a676cc4a26287cca75cc658b76e2003921ca7c4b9d
64,0.5,parked_vehicle,69,34,efed34d90ba657bf954a8aa434bb6476cdb2d60ebdf325f3957bada503cb4f1f
64,0.5,dense_frame,70,35,9388af90fd3ed69637257dbb3381bf4b96bb32857f5e5e36de75119b710d1512
64,0.5,multiple_buses,247,123,4d59d2875289b28a8dd3228e9fdf60d85dfd53bb82163986061e3893296c2e4c
64,0.5,stopped_vehicles,636,318,741dbbd8553abf2c4236d41122d606f93d39181e5eb38a55ec2233284ff93506
64,0.5,two_plus_bikes,345,172,4c3cd979d9cd08645726017204f21c208a9a82958987ffcf71b05ab1942658ac
65,0.5,parked_vehicle,69,34,4e1d5688a4938317bed01d63cf929e18b1df08ef255f9e1c0b0fffde65054921
65,0.5,dense_frame,70,35,37a833fe2021d6ae6894d08ddbe41883f840bb8ea424e114bd43ffa7f028e02e
65,0.5,multiple_buses,247,123,bb1aacba34eb9281c0676ce1c0a2f6f0061795120f8d228b610bbe5188070696
65,0.5,stopped_vehicles,636,318,9b7e2491644eeccb1e43ad67ba284de4247e9b555ce245dde7454c3215b66f11
65,0.5,two_plus_bikes,345,172,9961efbe8c31176e3958d6445fa52bd29ca8844ed93133f50b534489f71502ec
66,0.5,parked_vehicle,69,34,3d1e2a5f64e247d049658d444a4c05e6605a1ea67332fc155ae63b53a360bf3d
66,0.5,dense_frame,70,35,e7226097ed97f7114a17abb12485b5f159ec33761afb0677485e3ae9c9ad0c4f
66,0.5,multiple_buses,247,123,014c9d8a447a1b3708ca4cf6e46611ce3f022273a838edf3a233e90a10ab6f9a
66,0.5,stopped_vehicles,636,318,48859fe8e25e2dcd8ed7ff1a2cfddebd874656d23320b7249f33d5fba222f6a3
66,0.5,two_plus_bikes,345,172,3a0fd3aaae42555febfd62583b6ea4aaf84094fa3d63c8e4528aa643dfc52691
67,0.5,parked_vehicle,69,34,204b15cb9cd7c749675a251642e1d2de541300ccec6e226bb7890a9c00f01fb2
67,0.5,dense_frame,70,35,4056bd7845f3a041b8644b9e34169ff8e544e129dbcd08225104b2a309c4592a
67,0.5,multiple_buses,247,123,99155a4c5b61c35fbe3eb6983afa602f67ba0f402fd6862b4b301d26a96ab5fe
67,0.5,stopped_vehicles,636,318,6809415f5b6eab93d7689baa6a68bbd3f303eb4a5789baab645eddb42855a174
67,0.5,two_plus_bikes,345,172,41cadadd0ca876e0afff928c938d241fb9abe7d4ecda3bfc4b9c4b82073d6045
68,0.5,parked_vehicle,69,34,ee4339a4225fb9a7bbaaa286bb398b15eaa2e1ed3c6449d1f721e6f03e9c31c0
68,0.5,dense_frame,70,35,54c3ca113ad4257c202a78a9d21f249ca8adc61c2e9abe3f0bb4bcb75971431e
68,0.5,multiple_buses,247,123,f2f51276eca67ca3c4dff4c33d6f190f2835167d88bcea54d429a402d47feb18
68,0.5,stopped_vehicles,636,318,275d55797614b5d20ae2673a72b3ba8f4824bc90661b65a6340beafd6e0f5561
68,0.5,two_plus_bikes,345,172,beb572f8c75be4a1c23f75f5b69f8060101519684ac17894bb671bfb2be526d1
69,0.5,parked_vehicle,69,34,aaf5ff219553eb3921f4a30f7b2f4f8c5a2c3a254b9654692bcc990e1d787cd8
69,0.5,dense_frame,70,35,d5e621b09e3cc2d523be8e35968c75c3eb7c50228d75127fb78f5e29bdb6d77b
69,0.5,multiple_buses,247,123,3203c0b8fe48e9655ca59dd523d375fbf463883d47b07e73343282c2ff1d2a09
69,0.5,stopped_vehicles,636,318,8d9971a417cc4265d139d0ba68e06d85f18a545185c99b84e04eb0696af8f23b
69,0.5,two_plus_bikes,345,172,b98aadc1b47def49807e360e16873753bd4fd0520185335a8ebdf994b8ce96a9
70,0.5,parked_vehicle,69,34,fc3a8c329c1e79a50db6cb0f2475f105dfd41ce0cdaa7527db8c3c88103eb6ad
70,0.5,dense_frame,70,35,ba22beb9fa740c76555d28d35de281ffd06b0c6a5d213736feea37490f1862d9
70,0.5,multiple_buses,247,123,581f7beb19fd52e5567324e5264a0dbee130f5ca34ad3f88e162901590d669da
70,0.5,stopped_vehicles,636,318,7378d22182284dcbd980b366bbfa59ac84d9111aba7b9e2085f33f760719bb29
70,0.5,two_plus_bikes,345,172,60a0269149e69a23b17e358e0b964be2e092a37c20184e53c069988f5613a8b9
71,0.5,parked_vehicle,69,34,f01396507d3d46a090e693a88feea0b2099776c08d0101d50af7bb2b0b31a5fe
71,0.5,dense_frame,70,35,6011ccc009d32c24f90e4efd75e44bd569f2bc57517b36a90171721a55cb8642
71,0.5,multiple_buses,247,123,779688c5db858e23cb367d2022f802efd54867f8f47f2ae111169836356cef2c
71,0.5,stopped_vehicles,636,318,72960b924deb9decfb457668b7221c0246d50e0cf954e4e02e317fd4e1a4a699
71,0.5,two_plus_bikes,345,172,aa136128a5ccece04090861fbf32dd1594f983bca758d6f7d94be606f61f1779
72,0.5,parked_vehicle,69,34,8a7bf5e2d454277914e2e3773cf1543356b132b895bc513b88084016d53308ca
72,0.5,dense_frame,70,35,800454bfca13c3eec40c43d84b4be057816289c76aaa9ce0da712609c434713f
72,0.5,multiple_buses,247,123,724fb505ebbc50f4e2c912875ae8a59b38c577b32d9296bbcd2ec70fd1dc8280
72,0.5,stopped_vehicles,636,318,1a330b360aef7715fe63b122c613020ac26307661fceafcf1910e9797fdb6cc2
72,0.5,two_plus_bikes,345,172,951f73d2b0c08aa3415d883722f1fb7721e2d6c22ddd57b5516f686aae3cf52d
73,0.5,parked_vehicle,69,34,011ac8508a1e7b39259d211f203548d700eb3616574bcda0a29c3bcaa5c466c6
73,0.5,dense_frame,70,35,21dc31ce45b1e702c58693ee3d3d799e50ffa4c2557560ac5a94d224da1db6a3
73,0.5,multiple_buses,247,123,63577ebaec3db0d7e4c4b757de5ecb97e0a638457addc86f988e125d2b30b3c7
73,0.5,stopped_vehicles,636,318,b0bc18c0f52f2cc2df33a27937ae1f42c09a81819e72b41037fe8411151ea137
73,0.5,two_plus_bikes,345,172,f1d7cfacf2f4327fb6f7fc946efe8a236feae44c930f076edf9e4fd0f49e8045
74,0.5,parked_vehicle,69,34,7831d4fb5df29454bebba2ec53380f2d91a7be378baa105055f1358d5af8b0ee
74,0.5,dense_frame,70,35,b965d1e997c010f6247b224d205763a5177724b7e9fc34ee58a0188243c23014
74,0.5,multiple_buses,247,123,6aca30387924fb4e3bce506a28c199c17396b798124ab8fedfece8c1fa4e9d6f
74,0.5,stopped_vehicles,636,318,be9e049c52fac3995dc9f7a42d6c27f1f56ae5e518b483528687ff21757a3aa9
74,0.5,two_plus_bikes,345,172,07a81e7d23839174464a96b061f8c8017867aa63522d6436fdf38f64a09a2fb2
75,0.5,parked_vehicle,69,34,1ba6818cf010c81f08f9029c070f1b0ef3052255e115e6b1f98fd2887dbb8b59
75,0.5,dense_frame,70,35,8b6b68d2874132e1af8fcc8431af892767406383100497f05bfbf4e0fdf224aa
75,0.5,multiple_buses,247,123,01828c0d98dab731dc0c13f7d2f070703da10eb4b4acdd9555e788d099bcc4d9
75,0.5,stopped_vehicles,636,318,92d55e3417994943ca1e0006ab3a13bd37e23a7d50ed8276880fabd9c34ce981
75,0.5,two_plus_bikes,345,172,c7eef9ea30a2656ac891fa6728a9faef8e7ac35de40689842f79eeb232f33f05
76,0.5,parked_vehicle,69,34,69f90d53d951c402b92ecded1115b431634f0bd631aa6d8b14fea61bbfeaf7ce
76,0.5,dense_frame,70,35,533c0aa7073074b93fcea3ea66b3886e123ee94ccd362da32326282c00bfc9ee
76,0.5,multiple_buses,247,123,c2b6382a1d6fbec3176be94c8327b54719346d6904accf5302d01f1e6d315630
76,0.5,stopped_vehicles,636,318,588a00ff39e13e138367724670e3e3ca6322bd522590fdacd5dbabb5351749c5
76,0.5,two_plus_bikes,345,172,3fb7dc9ea97cd4f514035dd16e0851c505105abf25ea3cd4d408dd495eebb446
77,0.5,parked_vehicle,69,34,d9bf78522279449b45a6e64724a8b11a6d0fb4beaa696bd587b88449705b7936
77,0.5,dense_frame,70,35,2e1cca85e2a925b27d0037ccce678572330a01c4bf6846816b5296cf6f6d22a9
77,0.5,multiple_buses,247,123,c2b2ce0d071c25b3c8d1a9bd746916cca2e08afcdcc239b2ec85b66d2dbb39a4
77,0.5,stopped_vehicles,636,318,0484fb6b5fe6869b2ac202914a0a37c1279b559508e1ac410417e91f6666402b
77,0.5,two_plus_bikes,345,172,d8454915233cd0f91fb69b11762e4302f8848eb4f9e234fc1475d01554828cad
78,0.5,parked_vehicle,69,34,945a7e33964a868b3b3c85ecd9bb547157a0e1457668a0c6fcb72fdf005d65e0
78,0.5,dense_frame,70,35,91682f29ae50a76412611b24b3770baa76587a5939d58514f4bcafc653c61a36
78,0.5,multiple_buses,247,123,3c060e7c5dae7aecb415a41a14db8cee94f2d19dec93e200257c9516940fffbe
78,0.5,stopped_vehicles,636,318,1b042646ab4de01d226b286fcaf0cd6979796308c386cae7189d1d7ea56076a5
78,0.5,two_plus_bikes,345,172,51194ed848d3a5b03be2d83e794be581ba99c1b934adf4a11ae6c275d3720aa0
79,0.5,parked_vehicle,69,34,87f3df2d584eef19b069178c66a18638d4561b7e6050dcf8347ce10adf9771b7
79,0.5,dense_frame,70,35,cbdc6dec5ff42b109880de4637782f121bc3df990700b5198b14559f7d74840f
79,0.5,multiple_buses,247,123,a22a8138b2c4abe2c010d2cd8802eab5bd6e8a7ff941ba3c17558b39d012c32a
79,0.5,stopped_vehicles,636,318,37f85f36f274f7a2ac2fb3261adf79a4e9d536595d6f412aea270f54001d5914
79,0.5,two_plus_bikes,345,172,654af0021314ea72563106b1b420ccfe63e268c74e72e698a7a5260ff477c5b3
80,0.5,parked_vehicle,69,34,4ec92a8211cee91dbc7652d21295392c9b638bdce8dc8640c58e58201a8ac63f
80,0.5,dense_frame,70,35,d5f1ea64ecb6380bc2f2902a213d414983efd0e884b83458d2a20def6e2e8fe7
80,0.5,multiple_buses,247,123,0cd350b386443c9c197fc2d30349203b008c3ed15f6840a0f1202ef107bd2cc6
80,0.5,stopped_vehicles,636,318,23def3bbad4054879a44c37a80d969c3346ca5c4550b92f2323fbd0a93739d74
80,0.5,two_plus_bikes,345,172,ac3930b20cfbdc784f20cb7cfce38d4ad77452ec61e4e4e69f67f0df75902559
81,0.5,parked_vehicle,69,34,c816119dc11ea47f41d5d173042c076a9c8103d7391b82a6be1700e0f1668bcb
81,0.5,dense_frame,70,35,e8833937dbf8027e1a31b482e3674d2c750811c082a669cb647b4413d56e7bbf
81,0.5,multiple_buses,247,123,004a7ea64b51bed9f7ed33581ba15f6454b48845b107395b93ca7221966a1800
81,0.5,stopped_vehicles,636,318,ab0ac265223170646e1338ae159eec8631818a7f81c5c231591fb51584846550
81,0.5,two_plus_bikes,345,172,d2aa93d3a0a1676237dc07edb2bd34d0f9a35dc862ecffdf26233d5a7315fc6d
82,0.5,parked_vehicle,69,34,ec0077001f12915a16d08d5553d10ea1d9752c433ee34be136abf548a5f1e479
82,0.5,dense_frame,70,35,41398403fd4e105ad8fc02929b14db99e204e71c52b839f3cf70ac82c539d041
82,0.5,multiple_buses,247,123,0a7cbc0d3a4e1f2e03a9b7315984994474678ece8a7e1fa0b2e337d8bee7ce3d
82,0.5,stopped_vehicles,636,318,b421da9ef27c0635ee86371ed1c1749c81b0d99b9a4c5b13e1e867e1e28986c0
82,0.5,two_plus_bikes,345,172,e2cce925dfe266eb74bc229b528fc190ac465e99f603a0b5db8bcf9ab3b0c6a0
83,0.5,parked_vehicle,69,34,de172c743642c54884acc0be6ab53d4a69da24339675abd9ffa7d86a14724314
83,0.5,dense_frame,70,35,45c3923f957b63d0dd7275003f7c6bc1057ad16d969f2176590b9105348731fe
83,0.5,multiple_buses,247,123,2255f02119ef1af4cc1f02e5de3a2bbb990588d43acb5b892d8b571175346a25
83,0.5,stopped_vehicles,636,318,ad65196c61e43d80c3c8be6c769c6285e18998339a54345cd1e70e41d5fd765a
83,0.5,two_plus_bikes,345,172,88f5c868d96ad79a53fb7a2124a2e553742a9fb6cf3283e599851133a0a043ca
84,0.5,parked_vehicle,69,34,abe6b566cf0fcd0ae1a1fc8b2d20308524ab2ef7406adbf3a1763e1e3f670253
84,0.5,dense_frame,70,35,4feaf6e02f209698154f3df2e28af063f4caf5440b4917ab679be05205fb71ce
84,0.5,multiple_buses,247,123,e0e649ab42bede7a14b05f2cc1d7a4dd792fc4455bf48b52c7bdd87112c78692
84,0.5,stopped_vehicles,636,318,dac07f14608f510be019f514ec1285b249871c43c2aa609eb05c87febd77e019
84,0.5,two_plus_bikes,345,172,95bbc2c38e54ae48a6e389bc59264052a41976f4eac1f97bbd7f1eeda3330615
85,0.5,parked_vehicle,69,34,02dbfd247815cf49ccf25a7e78e63c6219194340da3462445a9d7f219ce2e659
85,0.5,dense_frame,70,35,30666115ca320a51e9efbfb04e7f7ea0d28a22b6b66c5cf767645b79df2e9b77
85,0.5,multiple_buses,247,123,9d3902cc4b80cfbee80266963e7e04244a70e87a273b5742d100468611725824
85,0.5,stopped_vehicles,636,318,6a7b8fb7a419f96f5813486a1d1684c052489874f634e8489d9b191dc6961e39
85,0.5,two_plus_bikes,345,172,4731ee07bbb394a860d7c732199e888dc02d61267848662c2926ed1bc6b4640f
86,0.5,parked_vehicle,69,34,d4bf3bee7a2226b00331f07ccae22a1d49a36bc0d238ac340c4b4ac22925e771
86,0.5,dense_frame,70,35,d1ec69e8a730c4646a93dadbd1c221a18a60242b27259dd208fecc9ec7eb51be
86,0.5,multiple_buses,247,123,0a07aefdcb8df6dae9354e0a0541e1d7e34cd003672cbef8a0fc2264b3ab4100
86,0.5,stopped_vehicles,636,318,d0e085825ad078b1df660c11b412f6a7bffeda0d39c6e017cbab2e15dfe5ec45
86,0.5,two_plus_bikes,345,172,29d03cca3332bef461f7ad52ac2e157fa1866c566e0c28122958fcc53ad78048
87,0.5,parked_vehicle,69,34,443fc2d114e603fbc02893617695e2c7da8694ad7d780dd0b22877cfa974abef
87,0.5,dense_frame,70,35,152100189ba8bbbbc87993a3cc69ab42ad9bca1600aaca854b5212cd05b09307
87,0.5,multiple_buses,247,123,bb705cedc674a8306c54d9ca6d578816fb7e241cb4339552ece596d1ad59fccd
87,0.5,stopped_vehicles,636,318,93a645194c77a6c9e8e0a5a9f34c5342cdfee686643d1cb1044a3acfb2ddbb8a
87,0.5,two_plus_bikes,345,172,2e80d605032044cc22a874f349c7ff9480d7bc99f767043c3b87ef42208e9e74
88,0.5,parked_vehicle,69,34,d4f8e276f5d994a5b5745448976d7ba87ba031ec52c02489389e81a21c7ed7e2
88,0.5,dense_frame,70,35,090d94b99e03b2b3d242c949c7c6ebe2a62c4d99e987efdb3b093a40e424692d
88,0.5,multiple_buses,247,123,454f55304d7042653555b239b9af14d5fb924e8b45727b04c8f127321cdc894f
88,0.5,stopped_vehicles,636,318,051025126a9569f82aedc17a110fe207d403a3da69ae54f4e7bde40c375fd3a2
88,0.5,two_plus_bikes,345,172,b5783403972cbb7406296425402679104d8760e2e1118e642edc5ce7f5994401
89,0.5,parked_vehicle,69,34,b0bc9e064ebd9e9692f7bf5cfae0db2d18938895b71e70a18fc4fee55a7b5c55
89,0.5,dense_frame,70,35,4ea6961492d24b2953d01a7764e49299e96b4045a38ae15823c41a8510014ac5
89,0.5,multiple_buses,247,123,2fadbbb98155bf647191058dfffb40a08661344b2d89b4765fc965df6b10e88d
89,0.5,stopped_vehicles,636,318,eaeb24c2d6e30dc266b00d4ab02155c903d29aed5f9662bb2dc51f8af4d5eb33
89,0.5,two_plus_bikes,345,172,b86593eae9f5203c908bdb4fadea972238e09c240828aa5188e93b63f6f00eff
90,0.5,parked_vehicle,69,34,74d7e17d0d57aac8d93199fe25c102cd7fb69f9ed517355f4df919d3249047ea
90,0.5,dense_frame,70,35,18727740f9d7ba0dc7e671b8e261103d38848cf4d4da7b3f27e0a3ad033bb704
90,0.5,multiple_buses,247,123,4f874636ab2fe9b09ba3e81af712a6431c0e95fe7759f51830fcd46a18309240
90,0.5,stopped_vehicles,636,318,25c007060452889c7a2a86d5cdaa4e92a82e281a9b9d17ce0b1b12bfe04752d9
90,0.5,two_plus_bikes,345,172,f5920a4be5955548c96834866e0c15d121b4d2b9d533be12d6297b3d5f2140e6
91,0.5,parked_vehicle,69,34,7c70e3b41de1a4de2f775c67b3190597741821267f40f13c417bcf02d2ff7835
91,0.5,dense_frame,70,35,7876c3551356a06145491aea3354e964153dd637b9c3df393b2d72f8718a5421
91,0.5,multiple_buses,247,123,9faff2f0418cc01e5b15d0451af85600f407c1a3a017d9e14e1ada8fe70ad070
91,0.5,stopped_vehicles,636,318,83253efb161c08eeb3d520f1a4b6b5d9282331e41d1acca50a2bd0ad489754e0
91,0.5,two_plus_bikes,345,172,edeea0cb2aa2af10b789ebe4e5b09e563e97997621ded359417e41b5e0fd9a01
92,0.5,parked_vehicle,69,34,f1aeae9c8c90da3709d8b80531a331a3a93800c098b41abbc167ebc7c0eb3e0f
92,0.5,dense_frame,70,35,f83d2d1ede9126f077c8068be45c40a6b1358490080aeec666072a3568a1b62d
92,0.5,multiple_buses,247,123,7ffa4e53edbd2fee9fe15c3f949b8c32334559dbadf4d6fc37fdd88f2c31f97f
92,0.5,stopped_vehicles,636,318,021b3bd7a204c265cca90099a75f9048514f365a3e662d4135049d1de4262cd5
92,0.5,two_plus_bikes,345,172,5642ddcac01a06da9068d7381a0e9c8c4f77120ad28e306d088893c905fac7b6
93,0.5,parked_vehicle,69,34,e3e5f00ffa51a5687066fc07b629d7f9ccb817b7e440afb1a054891b2ab7b120
93,0.5,dense_frame,70,35,dc5d029ed903fbf7ced3c9cd92721fea7f274e9948d10ce2c27a35f4b71de591
93,0.5,multiple_buses,247,123,672bbfb2d1d062269badeb992abf8411c738ddbae265faf41ad620ef223eeb8e
93,0.5,stopped_vehicles,636,318,2b06f021b924393a18b1e383cb9170ab02308f847d910d639e3a621a8a4db5bb
93,0.5,two_plus_bikes,345,172,8638db6a2d3218cf72d2085809f7a4bc882921c15a66ee309074448087ead903
94,0.5,parked_vehicle,69,34,17abfa9095326f9f2d67dd8ead6341532431875c1cdd545b499ab5644736da08
94,0.5,dense_frame,70,35,f11898af00090f21aa980747f89864da6a353c8bb971927ab2ac6e27bb0ee146
94,0.5,multiple_buses,247,123,36e62291e61cc1d15fd3baa10a0f289740ecf8446bc83bc179e9c080baea1935
94,0.5,stopped_vehicles,636,318,30646d41b3d7e8b05a0f0b246afeceae4daaa3a848c2a9768cd86267ae2786f7
94,0.5,two_plus_bikes,345,172,33e900f5a708e4662bdb62ed34252268101bd034c512dd5d412ffde072d19b3f
95,0.5,parked_vehicle,69,34,723d186baf3b70e6340a494321bb5323a4c7c3505c6ee90858ba87140e9424b0
95,0.5,dense_frame,70,35,a6f4a8f9b4af250148bae098d7106d48a2f1354577a863f3ed3dc2bca714b959
95,0.5,multiple_buses,247,123,66394acab7a64e1f12b80b1bfaa2a3759aa20d3aa8e5777e915bb5882ee2acd0
95,0.5,stopped_vehicles,636,318,128d56cb07fc31e6abc4a1fbcc3232efb70ea36ea3d381ef11beda5cc4ff1044
95,0.5,two_plus_bikes,345,172,4045a451689e677941ba07cf97d5b905bc373218a2042ec5ed32e4e616d0be93
96,0.5,parked_vehicle,69,34,c8732a0f7ac7da263d2da0dfed3d6a85981cc396e9bdd57fb0bbc68ddae07e48
96,0.5,dense_frame,70,35,b4ceec4bd155aab1aef71c9a436364f75cf7e68bef42d3777e36d6c6574e4fee
96,0.5,multiple_buses,247,123,558b26d94cf8a2a99659d7de87a456568e30864f97d6683329d819dcc5002ae4
96,0.5,stopped_vehicles,636,318,7ed49a2caf11d0ecf29956ecb4698cd343d305fca98e0cd58c65a0d33dbd6841
96,0.5,two_plus_bikes,345,172,474ccd883d58d23a02b74d7d66cf73bab510976c62ed3797599ad3f3beda7b1c
97,0.5,parked_vehicle,69,34,e0d47abaf45bec0d47fe78d85eeacf8224568adde3bd0f4eb7bc998159dc367e
97,0.5,dense_frame,70,35,d4c4f808d9d551a62a34449d271fc6ce40b59f4c423209989ddff89995502351
97,0.5,multiple_buses,247,123,aeec9f849149c5cad8b61089e2d553726fcdecd898d3b3cf78a5d3e7de8ec26e
97,0.5,stopped_vehicles,636,318,47c4a268a33a2643d68adec0d0bc37a0b828bd1576ba68152b25aff3a3a952db
97,0.5,two_plus_bikes,345,172,abe550524e5235226e35c550bb6e27c3191154016870e9ba804eb5bb5cf44313
98,0.5,parked_vehicle,69,34,c5841469cfb5ce7d1e20249ef56e92419264d2cd4e577c34d38723d8fec8ef02
98,0.5,dense_frame,70,35,2e830cee585fef292aafc979b6f5d90ad34fc6f79c511ea53df7826c2809c567
98,0.5,multiple_buses,247,123,7f4e9a34a23e6dc9165191c136c4088491f613d16e30c673e3241ba9c71614a7
98,0.5,stopped_vehicles,636,318,db8a2283692ca038bdee2fa36fab7de6eb493eebb61066e2ebacda4f466b6c17
98,0.5,two_plus_bikes,345,172,a0a39553876a00ef24e13852dc5255504eba5ec9c452eb14303748ec1d60ba38
99,0.5,parked_vehicle,69,34,fc2f3837f6bcd6ab1bfd556f7f5278cd12a96c3afe0278db31322ed2d99aa007
99,0.5,dense_frame,70,35,3d4651e0df758e22909c34aa455839275502c92f681830e2d004fb4c98696fe2
99,0.5,multiple_buses,247,123,c40cdc557e88c981664eaad9d04bc4ecd82f97e7446a2be5f69367b394a9a7ac
99,0.5,stopped_vehicles,636,318,0799bf7154535a402ae19936fec2f46ed1609ebc7adddd9cbfff03e52eaf5d15
99,0.5,two_plus_bikes,345,172,6b913506a85d9ca227065606d6de271b0f838d00d973fde375e03df2a2d94418
100,0.5,parked_vehicle,69,34,c84ee7c8e9c8c6984b75f81ee161cf6a16b87d9373959927a354a40a7d699a3e
100,0.5,dense_frame,70,35,9d1dac74d517007d925493fa3c65d492025e3ae664082554680f2cf49161f5ee
100,0.5,multiple_buses,247,123,ba3143e2410e7921e772f1d1afbde893a3c573952e9cd4cb29042abbcb0cea20
100,0.5,stopped_vehicles,636,318,407e5c4032fc5bfba44c68d020b36e3647d88f8bee4f222ace4847c7bcb06aac
100,0.5,two_plus_bikes,345,172,85b37e298f1b422679bf1e4669850629fbcf90d678e621e4c29e765c6bd8ee5a
101,0.5,parked_vehicle,69,34,b5c6c1775cb7f921b3ed9a6c4fb8646092cd6d627e68fe9771d0beb9cefbdee0
101,0.5,dense_frame,70,35,6f5c2a9f45df6d01d55fa1d5f40335a698361fe8f629d1b54f46a1affc731b34
101,0.5,multiple_buses,247,123,5fd86179422632c28935a9b97eecda7df076b25db1c7295b04e676621464e98e
101,0.5,stopped_vehicles,636,318,e2e983b4dcb4d6dadf3219fcd3389f14c777664d60d240e871a92e91634b2239
101,0.5,two_plus_bikes,345,172,d9a423c506a8e49b1e22ed64a1b737b821905e1a3da5ba50ba60f2f0d77fe74f
102,0.5,parked_vehicle,69,34,ce10fe6210355ca248df4b3e73ab95a163ba990468146015889c7dd0f9a95ec8
102,0.5,dense_frame,70,35,74741a41c579023e766cdd840c412469222ea23710dc423ac7d44410a85a9820
102,0.5,multiple_buses,247,123,71ceadd848d114bbe743d74ca0ce0b099cc16453d4b99fcc51bbeb427baf535d
102,0.5,stopped_vehicles,636,318,54eb540bc917f45de2d6e50aabdc015bc55e19b0802e4a2b7fecda6cef2c068b
102,0.5,two_plus_bikes,345,172,29a3399aa20d055c32747f26dfbd48417fcfa212dc2fccb078b5c477d03d0e55
103,0.5,parked_vehicle,69,34,121ed13dd3bd3d32b73f4a0206258c92b34780eb08405da0fcc4cf0daf13d021
103,0.5,dense_frame,70,35,e8783e649a7fbbd86d046269a640e29aae5d422f96f900883a89984dcf71996f
103,0.5,multiple_buses,247,123,6b9e28bbf08d333bfb6ed44369563d844fc23f79ba8a762db62b2283653cbed5
103,0.5,stopped_vehicles,636,318,60f3dc4b871d287a7aee8446fc1a658c876269792497451903fdd997bc272f95
103,0.5,two_plus_bikes,345,172,ac169dfdc916148986a7c3b6245473dcfbe62a3daa328ad39882add75e12e3e0
104,0.5,parked_vehicle,69,34,86e79c9aa14f10eb07401371edaf3b5b5dda324272f8dd182778eb3fcbe1cda3
104,0.5,dense_frame,70,35,8ba352053f1f055b8d8b362013b45c859ae881230558c87dbbc153ef1108b35a
104,0.5,multiple_buses,247,123,6489c5340d58eb48d9962a3646a3df3bf49371a0e52da6e24c0823585cb78958
104,0.5,stopped_vehicles,636,318,3d82cad6c501e17d9280ff9501ab94e87590f8b66dab5c17416ae453ecec220f
104,0.5,two_plus_bikes,345,172,e9f4dbbc3f7fb1e768fa2b6aa329f05d8debe5dc2dc7aac8a03f52c4093ac1b7
105,0.5,parked_vehicle,69,34,2ab487272046588d7f85eb5653ff7f5bb9d7e59eb26d0e5694bd2c9355fd2f45
105,0.5,dense_frame,70,35,513807fbd937af410dea79c5c5f9d19af4f03f74cc982853ebceaf4eb681f04b
105,0.5,multiple_buses,247,123,f79dd0eeef75a007634aa54798fbe643d15c16333b012dccba79f0a52486bdb7
105,0.5,stopped_vehicles,636,318,c48df5f7646c29e8f08441514bde41f368535d1cbd106472c78e48e9b0215952
105,0.5,two_plus_bikes,345,172,973177848ff1474614939178fd6ac0b0905ccdabc36ca09dc47991c3231e4dfd
106,0.5,parked_vehicle,69,34,a0e76cb107e385a61d607182ad988271f8291785233c9043648312afade91594
106,0.5,dense_frame,70,35,d5964f9c18c54b86e5da8e90b750163c83b6374355b89e1941b4e781e147668b
106,0.5,multiple_buses,247,123,68277658ef77631f207e4c1062addb8f003c049e641573bf435f551618e5c39a
106,0.5,stopped_vehicles,636,318,039a8d8e750230722317a22096854238cfb0fd449252c0ffa764e28bf2625e34
106,0.5,two_plus_bikes,345,172,506e745cabe124bfd560bb91ee2466a56229fd2e3db88e9301588200ad801a19
107,0.5,parked_vehicle,69,34,5440e70caf181a929ae93aafd4e3fae73fafbfc1c035f0c1f37d4e9f1efac950
107,0.5,dense_frame,70,35,500a262130689a79a0c8e453d03edb4f6fdce25615a55f76bce977d758f762ba
107,0.5,multiple_buses,247,123,a7052dfc51a9737fb31bd62ed47c184fc92546e4b2f4864334a7bfbab85cd49e
107,0.5,stopped_vehicles,636,318,d1c2a54b828e85df19c33face970e31a5db96b994688b434c96fdf175126d5a8
107,0.5,two_plus_bikes,345,172,0c5afbcec5da4d9d30b13ae27ebf4e08426d4afdf9bf38608c50da37b8f802b6
108,0.5,parked_vehicle,69,34,fa0a22d70c8b99c5260fcbdc1a53eb9e1e19248a31cc5553dc483e39de967985
108,0.5,dense_frame,70,35,7bd46baae73357c661b9e3bab28c5d74b8db5878d746e5f49f0c48e3f98c5873
108,0.5,multiple_buses,247,123,3bf5a3cef8a6ed3654a3251b60777538aaea20c72b278efdc75ee95cd05fea80
108,0.5,stopped_vehicles,636,318,805f6b7a6a4747aac0d8a353961f6f85e18051f2ddb0e1fb6349c2e45d426d30
108,0.5,two_plus_bikes,345,172,154b11dfb989b3401be1ce3d876022fb71ebf3531372f6da1478907871cb476e
109,0.5,parked_vehicle,69,34,c00bdfec27b68c6f9e64e45d6e66093bcca0b678d7231cefb98195739fffe8da
109,0.5,dense_frame,70,35,a5833de8757c405eb6ef373cdbcde1bf0f155db33ece22f5f57ea04f8d29fae4
109,0.5,multiple_buses,247,123,b3c884add888f3343c5865c3c5a7411810d496dc2bc99aef47ba607abd0c32e9
109,0.5,stopped_vehicles,636,318,f1f302b62b2d5357fac19eb647ffd5bfa316d9ed1a33093fe1d8e691b2672918
109,0.5,two_plus_bikes,345,172,7ba2f114c4ece6495169772d04deebff786fa2982321e6291bda2ae784596b7f
110,0.5,parked_vehicle,69,34,a5ec5b0d2e0be9e77336544ab7eca09daf475e4d599c3ca83b4206f8a9bc2863
110,0.5,dense_frame,70,35,f39b8417ccc60ef25c0016308dbabb71921762e9438ea15084243e240396d5a8
110,0.5,multiple_buses,247,123,68e6884b8438559a7f1f6a60c4d7ba53cb27c4475c3443fcbcfa001773f00c7a
110,0.5,stopped_vehicles,636,318,54fe51c5bd925c0f98fcf2ab90a9c6eded7b6ae1110f882877ce115ea9d1a3c9
110,0.5,two_plus_bikes,345,172,8d565a04276f4a406ad09d794a5766cf251a541de75a88510731fe4671a5b032
111,0.5,parked_vehicle,69,34,23244c943481d3b0cc6b6c54f184f33467c1cadc4219a8e76725554428a48d7e
111,0.5,dense_frame,70,35,f87af9ca38665435c6cceb8b11893cf646fdea21001b2013437da627ebe34ed0
111,0.5,multiple_buses,247,123,78372b9ee922d8278f3d0ebd3273a4b4d3f60d989b048ec90b5956bcb02a3190
111,0.5,stopped_vehicles,636,318,6a1062fc273252ec0e7f82371bebf045e8e563519a6550c6a7a1b9ea7a1eb6ae
111,0.5,two_plus_bikes,345,172,300ecbda63ecfb8d024511a33c4c377b1a5dc06b0cbb6c0d2e0d9c9efa77ffe5
112,0.5,parked_vehicle,69,34,528b823c588c44867c4dd6c5fcbcc6c712e9c4facd29f714c741a4c5af1c4340
112,0.5,dense_frame,70,35,0fb9b8068d65197e0eceff91f7f9d7b56cdbb4551df65de091c78bf631f9b112
112,0.5,multiple_buses,247,123,4673bec4e63e86f355ac8f459e37f9780174372596e1d47e864cff5ff442370f
112,0.5,stopped_vehicles,636,318,860e0a7700448a049894b6148211dda1331fa127ad55463383999cd1f537f7d4
112,0.5,two_plus_bikes,345,172,4c4d8614f270910c1bff8cc0a750fbc91f1c1c682777038d216bf1d789ed7e38
113,0.5,parked_vehicle,69,34,507b9238cdaefef3a92555c74300ecf680ebafff810343c4cac5b75187cc147d
113,0.5,dense_frame,70,35,54d84d52ab9f5f6ebd85c6b00aa966acff6af89cd2c2d3c6f2e34ca82d61631f
113,0.5,multiple_buses,247,123,383456b2c9e5c4e334dc2a3b5ac043e936b971ef4bac029b68fc1089fbc5e830
113,0.5,stopped_vehicles,636,318,8fe286eb903c2cdaec3c811aa2bb5f7cfaf28cd6a5250b54f3475b31d5e82776
113,0.5,two_plus_bikes,345,172,460a68dadc50ce00a910f2cb60ae34ba195c9cb15e9995d753e27772e82e4303
114,0.5,parked_vehicle,69,34,8bd73b19a98de8044120ee1890612727d64eac1f70d575eb3f9a265b85a14d24
114,0.5,dense_frame,70,35,6d4d17d448d33320db84ee00182e1ba513c631619d3de14ed8ece7ad859997ce
114,0.5,multiple_buses,247,123,cecdb390b0e4de3490e7a30c700e01ae66784eae2b9309f7c74d200703f31156
114,0.5,stopped_vehicles,636,318,22f4a72722542c0461780e6fb975cab647674761dea6934ad21e185946611aa2
114,0.5,two_plus_bikes,345,172,b0b84bd8eaf85a872ebc4bcdf93e8099c466445d17f90abf7b2f48e2ac1b29c9
115,0.5,parked_vehicle,69,34,e056cb5006deaee1de57edd6ab7ae6ed55ba063cbabbfab06929f02aeddd69ce
115,0.5,dense_frame,70,35,2a4084c5c059057a0441bc98673477b39d8b2ce555b59dcff8e430ca1454a307
115,0.5,multiple_buses,247,123,9eb59ee2e3d0a1b8e78974bc0564865f2860d5c2cbe34c79f0a7fc7c656abda0
115,0.5,stopped_vehicles,636,318,67966b2e9937771869d718da1b54de14e04f5546d7745edceb37abfdb971de6e
115,0.5,two_plus_bikes,345,172,e1b18441ee5584f33a941b1caf4081bba7216bef9cc07f81710baea04756168e
116,0.5,parked_vehicle,69,34,fa49fcab20a44864b2fe5f9ec3dac551dd34b50a21f7c96c52d5c4b38694b363
116,0.5,dense_frame,70,35,1f0568eba3d8e29cbe78d7d25bccd7dbb801bf004d30f605f536d3fc724f038e
116,0.5,multiple_buses,247,123,3d6fecfaca0f8c054b99d18a7b735be8cb1cfdc71cb85d27e6afc86933945c18
116,0.5,stopped_vehicles,636,318,05699a366d9e1f8384b058923f67d8dd925ae6eafe429d4631cc863f305208ac
116,0.5,two_plus_bikes,345,172,6bf524f10d8b795bf25388ffd69d7319f3fad87f664b917d302764999081efc9
117,0.5,parked_vehicle,69,34,eb74e0b41555015c1eb7511c89bc01b44efbf213d18cc411b048a6f104791d30
117,0.5,dense_frame,70,35,905ebd278b693e370e32f7bca5236cff59c326863454de6cb863b78d67e6d364
117,0.5,multiple_buses,247,123,5112ce7da82e4d356a971e38d27261639fbde3ae6734b8b75857aa988def03a0
117,0.5,stopped_vehicles,636,318,7041b5e4f32c4b6cb1eb92b6acbdfbd31d0c068f7325c6894adb02b95cd2eb8b
117,0.5,two_plus_bikes,345,172,1cdd904fb805a8ac2faf3afa72a353b8ad5f16d5f3f6f7c8d5c7d49bd58c62cd
118,0.5,parked_vehicle,69,34,2f878086eaad9fe508906a15d7ca8e895315de4a2f73a9f5ba9ef5732d25be04
118,0.5,dense_frame,70,35,60f965ea516ebcede67e9529c496353f59933c8dafc23f7123c94d6bda32943a
118,0.5,multiple_buses,247,123,c222390bbfc03a90db718d2657685dcb1d2207a29d505e5c22ec3b8d08c751d5
118,0.5,stopped_vehicles,636,318,21701985d71b8b0c49512757e342310ba368979127ff3cb8a5278ef358fb612b
118,0.5,two_plus_bikes,345,172,acf183c8072f7e7f0f2f2996f6f1ffd8a242afaf13d4b5464bcfef003c2f51f7
119,0.5,parked_vehicle,69,34,d371b6da54857235b53a6f906263b813a65f882a3fcf247b0ba1be7ad50bccf0
119,0.5,dense_frame,70,35,030adcf67679b944a1ac8e547cf93f9dced6d2e43f49f3134c5bb503394e3634
119,0.5,multiple_buses,247,123,98e8fe8571120c406787569a78760d21909817ffc2df3bcf2770ce798bacca84
119,0.5,stopped_vehicles,636,318,df0fd216a8bef6367ca4cd040da709f1509cc493f3b81981affec9c92068c570
119,0.5,two_plus_bikes,345,172,49ac7dcd77243cd7997b6b74276ec5f7e819a3edc379b86e4c6dc41ab216e157
120,0.5,parked_vehicle,69,34,31f346f9228a795629bf3fe73e488b75f30827bbca2a35ccb3f7db8ecc7050bf
120,0.5,dense_frame,70,35,6694393dc6466f20bda5db6285d291ce41f3a02d3d12b4a329a8af45bc17ae47
120,0.5,multiple_buses,247,123,4938c0c04577c5a9564df85c5a1c8947126635f55adc2bce9f4a0797017497fe
120,0.5,stopped_vehicles,636,318,df48b06d758f0dabf3f10c061bc947f23f4bafafe730382508037318878856de
120,0.5,two_plus_bikes,345,172,a6898f3e09c30b4ac740ebd4845c79a7642cc2168ca95bbde93254bc548a13f3
121,0.5,parked_vehicle,69,34,55eb250a27501c7557ac1bf33e4d4a880fad1f717491b16cb3551f6087d2cc74
121,0.5,dense_frame,70,35,7fa3cc5dfa35f92e5e4f3dedc28edfbc4648ab2bcb841c9cfdb113910235dc2f
121,0.5,multiple_buses,247,123,d987cb4266426a78d88f36c5e82541c31625d91b373f55bf609d03e542d2f4b4
121,0.5,stopped_vehicles,636,318,a29b59aebd2f7d0c18ba0e55aebdd1285468d2cb99c3ea48bfdecbaf6e8a0861
121,0.5,two_plus_bikes,345,172,4b05d881a6e15a3fa1f1bcedf04c67abf3f64da5a1731bc605d2143cdde05d37
122,0.5,parked_vehicle,69,34,acf2031835111b2eb07becc6fe61d487e83d6adde31bb58e41635a2f3cc9aee5
122,0.5,dense_frame,70,35,2607937f705dbf7bc202f1103313e797b15bebc2a7f1d1b7409613e4a257f3ea
122,0.5,multiple_buses,247,123,26c113ae92db088652e75fd97990cc482750cd28c5b01b3e61e0734df084c177
122,0.5,stopped_vehicles,636,318,f313e1e02457e191d9893fc1c21b35d7e4632e2465a8da1a986c488d299ee572
122,0.5,two_plus_bikes,345,172,b3b0baab3c94d6943b1e0ef804c8494e091dd977fd68a8cdefcc419420bc716a
123,0.5,parked_vehicle,69,34,c6d99b8b3cbec2a55cd99dee88dfbdd8f43d05b53a89af1cc265d4fee4fef7ee
123,0.5,dense_frame,70,35,47ffe790852dd334d609292b75205e7cbd6723509f49a4c1d4ff6a83aab6bb65
123,0.5,multiple_buses,247,123,58a178db6877d82008752aebd910787a193b138d8909458e26fb1028c51573b9
123,0.5,stopped_vehicles,636,318,985ad498653ad434063e18acf82d02c455c7fba9610283617d33704dbd52bc07
123,0.5,two_plus_bikes,345,172,55b70c8abf16641fadc9edd8b5cdad7d17bc2b6870bc2bdfe3db6c44a05289d7
124,0.5,parked_vehicle,69,34,034b4c8dcc902506b0adaf86f99bec0477f494231f15de73679473abe899feef
124,0.5,dense_frame,70,35,a34046209210426c5a53c5e0c95b1ef65e433a599c797d6d7242ca79274361d0
124,0.5,multiple_buses,247,123,5a10756a03c74e3fa1c713230467330aec391194a7d2aa2943584f2f369fc0ba
124,0.5,stopped_vehicles,636,318,726a9089e44a94af71d07dff46fd09a3435389559fcace23c52452d25a115677
124,0.5,two_plus_bikes,345,172,f0907eff361f0290ec8f345801ff3b790f9d3b8a3f8a1b2c8403819cc5e79714
125,0.5,parked_vehicle,69,34,9d6bd67d8d8d021894cd2c877788171b651d7bbad2ec5752738186bb19cf3bad
125,0.5,dense_frame,70,35,10420bbe2565647342785a7b8ee454580456b0d5842a4c25c9828fca36d38b58
125,0.5,multiple_buses,247,123,165ccc36d7488039b0fadd26a74c49c4e20185eb66964fe4bdd7aff02a6f2500
125,0.5,stopped_vehicles,636,318,98f2838797fd4e4be3cd683b63c0a09fa8af11e2052f3bacde9e6b44ab10a361
125,0.5,two_plus_bikes,345,172,6b85b930832642b3e477f38ed85acdccdb55ba45cfecd932dc653deb7ed0d4f9
126,0.5,parked_vehicle,69,34,f7d8e85d5e7f2d14c42f1f5df47f47e73203925f5238601e27d8b5144c981b1f
126,0.5,dense_frame,70,35,72f30ee0ba52eb591a8cae9e6db10c40350b231c29e1067ff74df65ab9e607fd
126,0.5,multiple_buses,247,123,32420073b0523fa8a481a3a13506afb790b4985b9a0ad0dc985eb1034c7d85b6
126,0.5,stopped_vehicles,636,318,c618d59605fd81c3e75269ff6b5f0adf63a7e0cb58039bc02746709b85d62eca
126,0.5,two_plus_bikes,345,172,f59eeab74d9ca0f799fa05554da26d91b916c3e98b258bbaa63f6151431b8ed7
127,0.5,parked_vehicle,69,34,c0c6e73c604adfabb122875c27b4971e2fd75bd160a1b9e8eb6171ad5a8bdb67
127,0.5,dense_frame,70,35,55a679c440ebc1922abca196e6c9249b17c110fdfe0e10d55477b19b4a1cd955
127,0.5,multiple_buses,247,123,b84da6c6a51f6e37fb390002c324e6b5ff33f36bb24bf5e25ba8a489fc1a9e1c
127,0.5,stopped_vehicles,636,318,58f44fa6612374aac1b7ba8eff85d44555852ee824f02f55557d28043f76a482
127,0.5,two_plus_bikes,345,172,faf4b124f1c97d123fabb5508c358da0cb71982c899e90fc84b74b75f733ed2a
128,0.5,parked_vehicle,69,34,487d1b494acc08d0278c6b61101078096099698cb2edd7a1eb6509ec4d4b15d4
128,0.5,dense_frame,70,35,46104ec6b1a958fb1aea0b2f3abd23aaccccfb2cd6e488e0853ed240957ca823
128,0.5,multiple_buses,247,123,98ab0c68cc96f1fa20e0fb1d29ff530efade9245dfbb2323904f00f5f099ee15
128,0.5,stopped_vehicles,636,318,7d74356cb9246aaf6b4932bc0313920983007f968d0c32f5f8daf9e4c27b76b8
128,0.5,two_plus_bikes,345,172,cae5f0d3fae6b01e42e15bdfa65fcddb64baa502313b996d22b1e85b9e953ffe
129,0.5,parked_vehicle,69,34,039a230f1aecb903638a1a176e6a4ae1c2e86d67b5cd3d75fc9d753a5e46b3e5
129,0.5,dense_frame,70,35,892904915e9205b71c5c3e27d0f726897a035f569e4a5ef55e9058f704a464f5
129,0.5,multiple_buses,247,123,b51b7a5acff82fb918306b63ba15f52f3af9427833123a1572d3af20ff548d78
129,0.5,stopped_vehicles,636,318,2b47ea7c3c981555ea391f4b798c182cb4e2903709720e7138a305da91bb355c
129,0.5,two_plus_bikes,345,172,8d7624c5ab7e20b1a0070caffb3e95f65afd111ed8931a22b69781e6ad565278
130,0.5,parked_vehicle,69,34,6e880e99fd2d42b90fbf2396b052705dc86633fbe5c0998182d07fdb9dc93c82
130,0.5,dense_frame,70,35,93dd9360055f3da9b2cc35d45b359861c0f1bc86b783403b0564a4d7c4a9796b
130,0.5,multiple_buses,247,123,04625e27464f7dce28ce548c5587c4280a6942922f2907b449e035dab495e8e8
130,0.5,stopped_vehicles,636,318,88c2fc37098d532cdcfc8afe139c244a2c3252db7f6339547939111cd663921e
130,0.5,two_plus_bikes,345,172,14fec6899af0d96e0f4b414d23f5ae463731420a337bf698dbb53e376eac7b71
131,0.5,parked_vehicle,69,34,7374411cbdbcb9f16edf0d101152051d4ada26a160b9ef423ba9d54cdef71175
131,0.5,dense_frame,70,35,a46c9e9ab16ce1760b8758e6e483f90780a41019dc3e6b779525dcadefd43651
131,0.5,multiple_buses,247,123,2ec909e503e244900d8080d614cc829d38c19d348ca52c26a4840047d5a600d2
131,0.5,stopped_vehicles,636,318,877b7590fc08f33e881e88eb9e85b45a4537dcd1358c1791e88f24e162f8534e
131,0.5,two_plus_bikes,345,172,88236567ce07a977af269364e822b8e63fbcfd55b10203d15b8e3c08d846f08c
132,0.5,parked_vehicle,69,34,de7f4e21de6b6502d87a600b68811533a8e0d6fd7f7c2342cc540ba573d70e0b
132,0.5,dense_frame,70,35,bcbbd9574fb6d3421b05ee53f847a5af2fb6110b52324692c23eec051d7b42c7
132,0.5,multiple_buses,247,123,a1a04d73226f6236f63ee8d0eaad1747c802e7352bdef7ad7de35849d7e3687a
132,0.5,stopped_vehicles,636,318,cee3c0cba3e91e69281d9c97959fc80b7e26d32af9a0e4f220041ff8dc366cd1
132,0.5,two_plus_bikes,345,172,85fbf61e579772da5bd0f51dc326fe359a1f9c81ebf858c8ccf0f1ce501d2084
133,0.5,parked_vehicle,69,34,320fb7d12720d8035596106b2aced504e57b1f0e24e1550fc7a8dbe42c714479
133,0.5,dense_frame,70,35,8cd2c80697afa45f3ca962d65814427d216232e649b7fd75c01d0680cf91c459
133,0.5,multiple_buses,247,123,7fedb4a82696d195ee801dccd8177b42f52d84cffd8b78bd8221c1cfe4a4fc90
133,0.5,stopped_vehicles,636,318,e7d84d0bad4c760fee0fe762f13d11829234ec35c64d25ac9c043dacf43ca5f9
133,0.5,two_plus_bikes,345,172,5a106109fbe08650b669f7176256a1e33ca3f9046396cb540db04612e8de0715
134,0.5,parked_vehicle,69,34,d00390320e0fcf48d9fa24427f36998373f7fc2b6c657a5fb9cc060765520c54
134,0.5,dense_frame,70,35,3cbc4f3553d5b87744e931c993e48ee83d4a589205cb7a4344c95a03c11a277d
134,0.5,multiple_buses,247,123,080005be3bfac0c565465d4ea3ac4542df671c577a6396fb8e8cb9e43a0f98e4
134,0.5,stopped_vehicles,636,318,e3d622b1f90c62b179e8190f9e9d3a82f3c36e8e7b5a80a1861428eb851025eb
134,0.5,two_plus_bikes,345,172,b56df3906b6375bf5f77ba85fec6d323d6135f84a75423def4b2efcf746ec2a4
135,0.5,parked_vehicle,69,34,bc8bb9427e343634fc122a8cf7c69f8c2340d9957b4c11f19e3dc24effeb0e50
135,0.5,dense_frame,70,35,4d30fbb6d98d4c7972e6f8a69b63b60e00bdb11f63b243c6438d24cafa799cc9
135,0.5,multiple_buses,247,123,a39de36e8a0e9c81e634dad1e7e987e83628fdc77da4d97029293f65f61993de
135,0.5,stopped_vehicles,636,318,93edad9770df4515cbc422e03bfc2ab0ffef9b15a307b5fde3df09d094a6603c
135,0.5,two_plus_bikes,345,172,f28aefb6a17c3ed59fa91b2511f2a461fdfc6fea09a102c1e190ab8d2ec8bcd8
136,0.5,parked_vehicle,69,34,c312c6c21fbc30586474c8311d54d651d6cf26668f3af3e48b2488ccec3bbc3f
136,0.5,dense_frame,70,35,70afbb6d276e678c99aaebdaac619cfda54076f3cadbd9765b687391dd046680
136,0.5,multiple_buses,247,123,c4d8977fcccf420076d7c0783bbdfbd4d01df93cdc8fab77a2b7860719dc3483
136,0.5,stopped_vehicles,636,318,686b8b8d1f293efa4d41dfe075957efca4402eae1a834d548585f35ce1944219
136,0.5,two_plus_bikes,345,172,9b62a7ef1c6327e90d541bcf5a2317a5f9b7aaf9dfda48ee546078ec8b897882
137,0.5,parked_vehicle,69,34,4622e2f5af08ec0b0d7c27773eed52567e3512181abbed1be8c819073d555c59
137,0.5,dense_frame,70,35,cacdc28b0aa13292c75d384232e4a1625d5efe3102b15707cbbed9b9e36ec28d
137,0.5,multiple_buses,247,123,048d4acaefbaff76fcc9f931be58de4253808a172b3a0a0b31303bae1fac76b3
137,0.5,stopped_vehicles,636,318,2af1d51cd57f86592514e7e8ef159307bcb4093d11e60440728bc50930a239c3
137,0.5,two_plus_bikes,345,172,1a0fbe1dd28a5bc4d750d2ea9f3c676742a93b5bceb359cde9b3044c6699b892
138,0.5,parked_vehicle,69,34,ca1db4e7cbbd11fa4719f8a7a06f9598bdf9f322347d17184df25827f2472973
138,0.5,dense_frame,70,35,a340950ba12f762e8487f7c8ac9f1e3ac5c1972524a07343c8f267548794a766
138,0.5,multiple_buses,247,123,3c4c26ddce980885c8508aaa695e51b61184b77e8834af7883df50c1cacf7f60
138,0.5,stopped_vehicles,636,318,8ee43500b2e69ef3395c201d99361d37de808c012f2fdac24639dbcc0d638ee0
138,0.5,two_plus_bikes,345,172,8d773e205c221d96b5e69e1c995b94307fb6e6cf2dfd14468e0fa9e751051b8e
139,0.5,parked_vehicle,69,34,bb2033674920f059cd4df6985471da7e0cd0541e11f3f0a0919bc69fdf70aa23
139,0.5,dense_frame,70,35,8fa050f1f49da9f69282a34a8db534a4183b3bf92fba29f2222b8db490271e02
139,0.5,multiple_buses,247,123,96c5c51b15c65481caf2211f29f51a9c68d36205e1113f19807097410b5ec39b
139,0.5,stopped_vehicles,636,318,09575420acca6cc24683b10830c2e40cb69fa9fd6820065357c9d710d41b831a
139,0.5,two_plus_bikes,345,172,a962a18b5ceac3dca50ea0094c79e56b7f14f4d5bd02acddbcb52421ee4ec388
140,0.5,parked_vehicle,69,34,fac07a0f515364bd2e1ba6ac8a5443f6c884dd8b9486c852988116b2b4d37ad8
140,0.5,dense_frame,70,35,3dfdf0367fa8a46b1958c1343adf2362da065caad3dbdf087fa8a83c3b50504e
140,0.5,multiple_buses,247,123,cbabcfcb5fd2b65d7b59aaf4e2a8287ab88897fdf5ac03b0ec70876f3ad82e7e
140,0.5,stopped_vehicles,636,318,411ea48c9e22704745fd829049235dc72da65ae1917dcd0809d8dc7ab504f099
140,0.5,two_plus_bikes,345,172,a9313d6404a30bc96ec116a1c8b1be6796db5680f137767c4ec76259923ceb5e
141,0.5,parked_vehicle,69,34,9d3623ca8cb25cc2bdf826bb2fcb2a39bfd264f39ed8683d180e91cd2e25a1e1
141,0.5,dense_frame,70,35,751cfc7eda8b624be86f1acb5349b1823fef0051b64b544a2e2fbb0a59d59bb2
141,0.5,multiple_buses,247,123,4b230f70bda75c53cba76b3e31b23688dd43014d2f87a839c1bf88dd40e41474
141,0.5,stopped_vehicles,636,318,2052bc56e7809a4e0349b8bf422abe9a96f8c98cfe1db91a869420ee4287c5b9
141,0.5,two_plus_bikes,345,172,ee5524ef97bf12a6244f06cfd61e915078d8c35529b2070e6a2263c6b0158c70
142,0.5,parked_vehicle,69,34,64a8e523f37311867574fe2bb9e88c97e6e7d92c4567a32a2aaefd64d11c9192
142,0.5,dense_frame,70,35,6dbd64d8110633385699c5d4b2b48a7fd8bcaa7139a96f638c3a2be3091f5061
142,0.5,multiple_buses,247,123,12bdbb9fefcade5fddabc7a00d10d5efbac9b21e28f477c285d7984222266b06
142,0.5,stopped_vehicles,636,318,22198d63babd1dd79bf96345016a015a87ca5b7129355ed953256fcfab734727
142,0.5,two_plus_bikes,345,172,2c27cb783fba450fad6309e49b038ae9f58ab37bc5014ee1cd3ab846b4b23c73
143,0.5,parked_vehicle,69,34,15942aafec319b37d3156cefb925bf605f31cdb700b9330a373dcc0a0691097f
143,0.5,dense_frame,70,35,ef1fccba331faab5e2e60e5d6604f8af137feea91649a8c534df90bd6f8f7b47
143,0.5,multiple_buses,247,123,fb74bae3a31488e84f309e9f205c091d7e5bca232e3b300e62858d44ed22d2d2
143,0.5,stopped_vehicles,636,318,1fe263da0998e979b7d12f7e113f0c06f484b9171c1b1edebf8c4ba4f345f10b
143,0.5,two_plus_bikes,345,172,368b2a8475f488c6ba6d1d9bfeb6e7c94289cbe2b3626403ce8417ccb8566ac7
144,0.5,parked_vehicle,69,34,28993d11f74df0857773c61ff87d290435f5b0e1452df12456f0691f79f6e745
144,0.5,dense_frame,70,35,bcacf8837b46393f277780dc03760cda25aaccf763b318bb62e7f10b354e3cbb
144,0.5,multiple_buses,247,123,1a2d5fe307e7d7471e0cd560692f25423e1294fea15bdc5cb3950d9371577df1
144,0.5,stopped_vehicles,636,318,4310b67be36f471a544a8a659d3bfcec53ca470ebdd874e9d36588b2fa1c601a
144,0.5,two_plus_bikes,345,172,bf02ecaf6ac2f6d87766b1ab1cca7fa90a0048ab5604a355e9580e611a045bb6
145,0.5,parked_vehicle,69,34,03aa7b29efd766bbe5d8cbeeac0597443fdfc018949b0c9832c18b597aa04020
145,0.5,dense_frame,70,35,61aaabbba7a7664e8966703d4b921297b368a61124e678e5cf1b81dce89fe4e8
145,0.5,multiple_buses,247,123,4d32a83cb86c428c50832bda7f88db8375d7a6bc454b7e4320eaec29a3503f7a
145,0.5,stopped_vehicles,636,318,c0b32e47f8da589ecfef5e9747c6a2e11a04f871bfb11ef5f25608ef30987bbd
145,0.5,two_plus_bikes,345,172,2b36d5b043abddd6251f01d1cc7a07f0ebf597ecfcdb68fe07db9a4fa9af41fd
146,0.5,parked_vehicle,69,34,5db810e0b29edab560fa566d18a695ebf6b1f7cb74b78824e6aaa58109bfda41
146,0.5,dense_frame,70,35,21c93d8312fab255865b15226f02495e0480e69377c8548616df058faf9dd605
146,0.5,multiple_buses,247,123,9293900802a7fbb6944fff5fe0338de0d947d66be78610ccb5f14057b11f4255
146,0.5,stopped_vehicles,636,318,e2c1070bd3db3c8c2269cadf6b44f454855a2b0f8b0658825f5a2f6ea26c6c5b
146,0.5,two_plus_bikes,345,172,bfa0c2870849bbd2350027ba336b9f87b36a7a6fec8d9a5bbec6051949ea27d8
147,0.5,parked_vehicle,69,34,91c436badcc3bf7e5d2a47502d5f077bbc116a3dcbd33c57f5d3a87031526942
147,0.5,dense_frame,70,35,0c9d4506b83572c203adbbd56946f692043510b0160ea31f1e39ca81e8a7e4e0
147,0.5,multiple_buses,247,123,af7f89720fb82e9cec8be2a27e0f105ad91ba0ab051b37f32c955170069f1c90
147,0.5,stopped_vehicles,636,318,2ebc7f93305e2c5adb3272028db7806a5326878732c3de074d4dcd05858f7f6c
147,0.5,two_plus_bikes,345,172,345bae3ee9a90f0fc648875687629df7aff5c6ae82e584306f39415cc4551b6b
148,0.5,parked_vehicle,69,34,37869a1f56d9dd161fca2bdf5d776d783e11a7d2376780a6a9d404917d4fe8da
148,0.5,dense_frame,70,35,9118c86939dea336c0283dc7a6e4fd83500603389cd8913fd84f1da8ed55d1be
148,0.5,multiple_buses,247,123,73e7009f04f427d75261f83d858ad04a8b40a087fddb0bf58e5d760adb2649c0
148,0.5,stopped_vehicles,636,318,e8b68f053573ffabe82d1a77755cc2154792f7f19713696c807ccd3aea148ba4
148,0.5,two_plus_bikes,345,172,956bdc661fc19459bfa166b23d6c8d9f7e87d9639c5a96e3a797663405fefc55
149,0.5,parked_vehicle,69,34,c25fe07bd7f8e5fee3bd3eed05df5e50fe4ccaabb9a6da6492a2f149f8fb7951
149,0.5,dense_frame,70,35,0c1bddcc9a8a87244b50235fb29e97925bc784c2dcdb1f7fafdb8b168f66dc50
149,0.5,multiple_buses,247,123,7b7bdebb00d373fbefb2c87f894e0e8d51b6bab20ed56d22916fd8f790b6af9e
149,0.5,stopped_vehicles,636,318,a3e6b23a2990d34a40760b8b4042e627bdb73766c999fdd34bbde0755db02c2f
149,0.5,two_plus_bikes,345,172,43be141e9134aabf9f308404978a2c84e3301682c848281105494f9aa5994572
150,0.5,parked_vehicle,69,34,9f5b05b19e3e2c0991d68353dffcbcf21d150a4d1ec34029af2ddd5569fc1abe
150,0.5,dense_frame,70,35,10321a2267018256ae972d145e37fa632ba747b6abda6132fc87d4ae4364c972
150,0.5,multiple_buses,247,123,aab0427478fdb468b1ca129194f66a18ac875ef3303797b485ea4e6e4ed5dbaa
150,0.5,stopped_vehicles,636,318,5f3f756ff894063ec0c79e554538d1ab5f3bf44ac5c10f980232dcbe93abbcfe
150,0.5,two_plus_bikes,345,172,198c7a6943eaafc73d65ff70d901ba272949dec03e25fb642ee870c6cc36598b
151,0.5,parked_vehicle,69,34,f07d8e38e6a09bbafe6feb9e2ec211993e70e5d0e79590f8772371774861c675
151,0.5,dense_frame,70,35,801974bb7d9bd5eb05ccd26f7667f0d9c3382df2dde9fd58ec592c3dbc7cc84d
151,0.5,multiple_buses,247,123,1f4c385105635e3dac07fc13503e316fda64adce6325aecbc5e8592d789aefd8
151,0.5,stopped_vehicles,636,318,2fb0aedb2734358237575f9cba63af98e32cc6e78085663b017e9e653abf9362
151,0.5,two_plus_bikes,345,172,8d110836f13f475bd9e1835b06f28974d4b95683bb975d0af8a2973921acad9b
152,0.5,parked_vehicle,69,34,854a887946d2f94341b5a499ae61167d97a86fba91fd432082a09330b356d158
152,0.5,dense_frame,70,35,37ff576e1e47488fd71eb9e71746a2a25e16bf0297f839f8ab70ed43dd218b5a
152,0.5,multiple_buses,247,123,f6f085ba86c10427ca335f34f71523ce031e460c1f989827cb00f503398a95c8
152,0.5,stopped_vehicles,636,318,734948e21107afef9bceb4cba195a79ddcc4e2ff2b6421d44c412e82b66d1944
152,0.5,two_plus_bikes,345,172,95cc482428464156232f3a307afc4640a7eaff99dd2acedae6bb3da630e1e37a
153,0.5,parked_vehicle,69,34,b5a33c3880f33ad491aa7d64beaeb3e1593e4e714db4dd037c9ea51b6665eacf
153,0.5,dense_frame,70,35,29988a4e2f3c88862c4ad9f4e8845374a86cad7eb492502eae3b2a268043780d
153,0.5,multiple_buses,247,123,8529dc6a085c4594fac08277bf2d420bd478c33be44c9583a440a27333c717d0
153,0.5,stopped_vehicles,636,318,1017e36d2505ca7895b95e4997f3244dfccce4eab67f0d3750b68754912d8edf
153,0.5,two_plus_bikes,345,172,81fac1ec906b4d02936f4ad8f84948291082325cb8337b990cce63cd7a733cb2
154,0.5,parked_vehicle,69,34,9ed4d0e15e17ebf898e1b074fb016a50b87423314995f6033a0f8dd9268c3cc6
154,0.5,dense_frame,70,35,6b0249f140d6b1f5d4499403ac20569bcf9735c0d30b488671008067391068cc
154,0.5,multiple_buses,247,123,b2e352f51a0eee11bfa45713a5421dc2ac81fa593ee6beb53bb8da63cb720ad1
154,0.5,stopped_vehicles,636,318,842b48b9f2ad2714c1343dab8f8b57585ae6d8fb44249581117de2a08b29e5cc
154,0.5,two_plus_bikes,345,172,8549c60a1e6ebf6c0c9b03d78cd7d36c445f8a13fc5093d417f9795c88f76764
155,0.5,parked_vehicle,69,34,5228156b4dd1bdfe6650822184a93200ca3f7320bff4e7b4b2d834eee7b671fe
155,0.5,dense_frame,70,35,a46ed1b855c220afa18bdfce240de46796c616c0e719ed9c34a20b7d0d79c22a
155,0.5,multiple_buses,247,123,199f8f3087a83e203712413a23450a3bb231095115a0a29265abd3816b20de83
155,0.5,stopped_vehicles,636,318,ea97bd06ece3414109a18abfb443c85d309567651bb243dd63b7a783f5509f02
155,0.5,two_plus_bikes,345,172,e8e6b9abb705d524814ea15747805c8f20f90168ec94908e21a6210732025845
156,0.5,parked_vehicle,69,34,07a7834d4a24c415b7dc01014c4fe6260b5fae54984d152fac194ceed804b83e
156,0.5,dense_frame,70,35,8461a67fd3c57f9ffb70e7e30774297277967b05866a6ba5e6c8bbce98ca7baa
156,0.5,multiple_buses,247,123,c59552f7074af9c64eb583d26b468085836a0b650f99deba441461bc18cbac8a
156,0.5,stopped_vehicles,636,318,0e487b6023298a53b1a456253bc81164e0ba6db1eaf1842198fdcd235b89852a
156,0.5,two_plus_bikes,345,172,9445a731a4454624e622b4bf36e71ceac8a65f0ed498ca42ee904e69d4064253
157,0.5,parked_vehicle,69,34,e8dfb64356fa36606bba2d4e0c80d20563ecf5753fc5ea28a18628422b0592b7
157,0.5,dense_frame,70,35,d62a664592be3b3fab8abfc578c7e799f82b7b444e813b91174e66ee5e2ab2de
157,0.5,multiple_buses,247,123,a97b9811e041d7630f0cbde3231a1a49dbf6360421e0fcf1fe28ab998dce768f
157,0.5,stopped_vehicles,636,318,89458e04c6e88692088034744c764dc9860c9239e792a3fe9c246bb958f47881
157,0.5,two_plus_bikes,345,172,db6fdf7543a6ca77746c52ab620a23d540ef6107dec36c1ff5cc9834e4ffd7b4
158,0.5,parked_vehicle,69,34,788dd6cad016ac54634b563a196c495109f193cfcb06dde3e05c1e50e012f091
158,0.5,dense_frame,70,35,eec94897a758fc6bd439f0f35b91b77f278000d2ba77f327f34f7ae6d45ea165
158,0.5,multiple_buses,247,123,612a54c650c8f9e6a55fc33445f38875f30e68548b0d832560cd9aa2b98e4fa5
158,0.5,stopped_vehicles,636,318,11e5d88873d3a168ca726e0202b78e2e25226201359662f01c9964f079f5937d
158,0.5,two_plus_bikes,345,172,8181a3250e46e56b99c2b8f0819f8a27762e5b6ef101100c5a860303387e5776
159,0.5,parked_vehicle,69,34,36e1be33a7f0b38b713346df56a2429a2ade1aad0888f2a1b922f6e954f0032d
159,0.5,dense_frame,70,35,38e9f5e7354c0692c1ac6826288b0b2e9b47922269047c76c2a997883fd10048
159,0.5,multiple_buses,247,123,2dfbf5627ddb9d17bb4d567ee9453aedab20f510593d32a765c50fb2c5e9e824
159,0.5,stopped_vehicles,636,318,aa7f6ac35ae714e39300b0e2a612a955af89f95fb6d845d00725776f2ca1e52a
159,0.5,two_plus_bikes,345,172,5fa09401f6b8f01affa271a9a1b64c12bd0519e850b1b4eadf82cd75b70bc44e
160,0.5,parked_vehicle,69,34,1d26265071a84ab983eb604099491a1884deb56919b76e597b524ebde5b68659
160,0.5,dense_frame,70,35,43b5f2d24dfdbea8d999ece847b21a0c2d0767f53eb41b96a930ae66bc1bd1ac
160,0.5,multiple_buses,247,123,e7a18b365086b4bb59d05c3970be1b2e888bc692792a3ec0b21c3d01bd9e8b90
160,0.5,stopped_vehicles,636,318,f6616ba0eef0fcf299f0d5ea9e46f65ca8bcc8f93d15910c3f48e0bae4aba24e
160,0.5,two_plus_bikes,345,172,1e8b5d95f76fa5ce6aba40412d6cd1c66ba00efdb1db4cbbfa2c3c48eb14c632
161,0.5,parked_vehicle,69,34,54f05fb9b0423de677e3009fbaf200a109393c968ea0c671744cd63e3231365e
161,0.5,dense_frame,70,35,9fb12716a06aff3f8c42e44994bb923a52ff0059220a205d6764ed5461ac6869
161,0.5,multiple_buses,247,123,c22377119688042ffcc84c43a64231404ada25a3bd90d5f76990aede468cbd82
161,0.5,stopped_vehicles,636,318,197905e843410f605c233a31023d6732085f3e4c0eb7477b2096d2f191c86999
161,0.5,two_plus_bikes,345,172,d5676c07d2ed27ca72173ce967dfec4c2665eaef296f726c836d969a16bd3e84
162,0.5,parked_vehicle,69,34,bcb8b4df3fcab05fb573dac3d54a9ade5fa41c5ae208b98f1ec0c164812f1a05
162,0.5,dense_frame,70,35,f659d6d117688dfc657ef724ff9162ca865df9344edffed43dfcdc8397c3666e
162,0.5,multiple_buses,247,123,801c5ade859c181be35d88ae53c57ac476e13681d7781db599537337792fc7b6
162,0.5,stopped_vehicles,636,318,78ad4718b0627d735bb571f6d88801cb1d4be61e56a421ef35c62b8d8e87b21d
162,0.5,two_plus_bikes,345,172,84aef54321e80f203664d463cfa3f853f647e4a9bca40fce1090f83a8d12a523
163,0.5,parked_vehicle,69,34,3add8d46f1e483bda626233684d6b7df3cb36dc320de9db714f920be19b55e34
163,0.5,dense_frame,70,35,3ad4791cced30e57099445f9238a1679bae5b06f834d72056c42ae3d4625f576
163,0.5,multiple_buses,247,123,429daabd50d3fb573784d665fc037841cc26505f375dcd4b869d3f7bdf3f3a73
163,0.5,stopped_vehicles,636,318,73eb9fe79789dcef2a445a0a4ae61ff65f08f8afc9f30a9d0556c55c17a5815e
163,0.5,two_plus_bikes,345,172,429d6cb45e24db132c7cae6dd6b18c14b04d2ade67bd899d9adaed4515b082e8
164,0.5,parked_vehicle,69,34,0fb6042194479e1d347201a3a48c5ff28a1ab692af452f7147860d04768643ee
164,0.5,dense_frame,70,35,96a5afffe6935dd5e857e8ac83ec3e85b38a9d27ef591d799afee2fb758aff48
164,0.5,multiple_buses,247,123,95a2b2abd3804a1b542b681cfdc3b84726db8190d9a0530e3d08fd1c808cc47b
164,0.5,stopped_vehicles,636,318,9d34c2c2f34e609355710228b9273e23d5ff1d25bb1927d8727e4b6ad27139c2
164,0.5,two_plus_bikes,345,172,4fadff83a03aba290ddb69f402bbdb2091d7ae916faeb6bab463bc51b7562d75
165,0.5,parked_vehicle,69,34,abaecacf43ce5a808239f064cd8b7d68775a312340bdf0affa2832458dfd9f2d
165,0.5,dense_frame,70,35,5adb2ff9410e9a6839a66b61c19fa3beb4c3f726a44e24d6ef02f29cf0f9bcc0
165,0.5,multiple_buses,247,123,80deaf5097c65b91627c43bded72a1aaf78c5c6343fa3e533f33f99e57504636
165,0.5,stopped_vehicles,636,318,f3aa35a33bb275058784f8ac1bdcaf18f278c6ed1b6f1c9f75df47acd51b9ada
165,0.5,two_plus_bikes,345,172,bd773b77ab0b9c5e0c7d9025c22015e3e05ab77ee184fd464a76fec469b7750c
166,0.5,parked_vehicle,69,34,c343e7d519f7486c5b2ff6f78f5c6a2f2d0710f06574089ad692d8eb83c52f27
166,0.5,dense_frame,70,35,09dd40cbbb179272ad63e31f10895ddccedfd27cf8aee6a1174f4702e8165706
166,0.5,multiple_buses,247,123,a6afef93659e6c51e4d5091cfd35559a210203865465164ab7d95bd4a4e60a8a
166,0.5,stopped_vehicles,636,318,77de39e1b81a1a8205b7cd6c52a816e0d735a56278c94b997a0da56afa186c94
166,0.5,two_plus_bikes,345,172,ddcdf2e4c0ea8deef12931dc54c4a142fac49bd7d72c54f1a416880802bf9287
167,0.5,parked_vehicle,69,34,3f689e1b6b634a42a603d54dc02df5d33f84a59b3646b18e5d1b5fcade8abe42
167,0.5,dense_frame,70,35,f9456809ce2aaaa86a55b392faacfb5306f3c7808d82ae2d301340c5f7eb4fbc
167,0.5,multiple_buses,247,123,c881f8689f62c493c9ae276e16c0e9013cbda5659f67f7fad498e6c0025a18fe
167,0.5,stopped_vehicles,636,318,ec9cc96933bf0d6b2a5ea63bb70c45a2558a7855dc74ec35e99b312f4e67c4b7
167,0.5,two_plus_bikes,345,172,4d997dc3a854d4ec4919588119dbda265371bb18015520363a4e3bcc61855e72
168,0.5,parked_vehicle,69,34,495ba2664410102106c64a8f3e2aa0783ab07a2d17a6a57a59a3978479751947
168,0.5,dense_frame,70,35,904de0f093699c72da4529f2a5e0f8b16ae8e6a0fbc42b6a9e5fde6e0bcda366
168,0.5,multiple_buses,247,123,628f4661f5e55093aba797df38c6f00c3e6535e06feb10e9e4069549d9376b8f
168,0.5,stopped_vehicles,636,318,c9ad2bbe4a6dc716efe9b438e09e08aab2fda24758f612d7e446d7601810bd97
168,0.5,two_plus_bikes,345,172,286d01b7f879c0f10996ad2ffb5f249e2b6b05a7cc6d84c9e3fb350daf176eb4
169,0.5,parked_vehicle,69,34,4d44d0473ba11bc20525617917836bc07cb2d69701f9ee6b1e3c0e7e50275333
169,0.5,dense_frame,70,35,2c9552e5623fa276a3dbefd9cadacde05fc27c53819a12bd28c6594ed616dd96
169,0.5,multiple_buses,247,123,5869b602fe64267e6afe25e8ddd9e228611b326c6c81a4ae1e5e40b7e9e5b21c
169,0.5,stopped_vehicles,636,318,e159694fe2494a7c49ba9b17059d3f3205307606ca8807074e0fa0794b96c058
169,0.5,two_plus_bikes,345,172,37ba3cf40b1c658f8e6c254b25470d2fcdf35421ab1fb91d7d9f71591974190a
170,0.5,parked_vehicle,69,34,dee37831bfd1a679a211c4465d4bcc55ec3271f5752f9b3d6a3bc170b6956621
170,0.5,dense_frame,70,35,8de6946c261433607ed76a44a71276b0ba59c7ee70816f66438b40644ab8bc9f
170,0.5,multiple_buses,247,123,b38a9ab157e09aa26c85b4c22b99ce8a7770970d7dd85086600600918740719e
170,0.5,stopped_vehicles,636,318,452c337ab1adf7a8634d4d8d78fe92ae4c2392b2d9a4145f23085db981d46148
170,0.5,two_plus_bikes,345,172,aeb62e8261636fc0a622a011e9d635594d7846cf79ac1cc3fb83baa9126dde63
171,0.5,parked_vehicle,69,34,50ba4dd899624122ab329bd2e35650be2831319c57bd687cfcaf014d350faf4a
171,0.5,dense_frame,70,35,f6713d8160f714b8dcc8059ee6d31cbc67a8180e26b98b64873d619c50e02c1f
171,0.5,multiple_buses,247,123,601b1085f6e809f2c9b55fa1a835db9c7ae678f54176b9b44e1111e7e42a47bd
171,0.5,stopped_vehicles,636,318,d01d14bf2db6f139f3ba46ce5962d1114e49c53c16af9bfedf779ac88ad62641
171,0.5,two_plus_bikes,345,172,21ada31573dee2bbfc5c528378bc10160122869423bc0b34b59008555ced9d9b
172,0.5,parked_vehicle,69,34,add1939cc2bf86067bc5035a6af629168e4efcb7984459a30f3cab743e17d0c2
172,0.5,dense_frame,70,35,75d878cd231a68a944f8b20fa045d12cb20e0efc4a19d7f6f22ef6f24a4ff3c6
172,0.5,multiple_buses,247,123,cf15468723f308d0742f8cb5f3205ee550562463b3ca1cd6c35632f5b3678bb7
172,0.5,stopped_vehicles,636,318,74f3852e683a5ac45713f1eabee14a072864867ec0f6535a28e5d748333c82fc
172,0.5,two_plus_bikes,345,172,047cc89f6038bf4492c69005cd2c32f8788d3272bb12ba4eccf3329a82f41879
173,0.5,parked_vehicle,69,34,487d2c134fd50e632920c859252da188d67d35cf037b67ae7d5a3d278ac1a3ad
173,0.5,dense_frame,70,35,01ec838e43bb43338fbf74921002b73741ee41ace8d3a1cc49f102a7a354aea8
173,0.5,multiple_buses,247,123,a08e48bf48a1d3d2ed9e8b15be2c328c04d66eb21dea08e5f5ac2af756fbc566
173,0.5,stopped_vehicles,636,318,fb17633fab015dd14752a0c7a234bb79f5543a515567111bf4d690f4c8b93da6
173,0.5,two_plus_bikes,345,172,f58c6682ba945bfc644f424bd34567d1009b9412a37dc31bd7c28cb2c4a1e45c
174,0.5,parked_vehicle,69,34,16b5f4144e59a03e2003ffcae086c1cdd3baf046b5dae20d4f1d564e933f6117
174,0.5,dense_frame,70,35,7dcbb1808bc199ebcd59d4a392adda67298387e900dac78cb48a829b1e098fe6
174,0.5,multiple_buses,247,123,1e9f26e182d0f25c79b45d8c814b2b3574ee76772733228045a9cea73558f07b
174,0.5,stopped_vehicles,636,318,741e670fb6319996ed7c6efe875ce8d1d5720872272270ac6ad7bd44268c2db1
174,0.5,two_plus_bikes,345,172,28b20f4a9e7cd909dcff480812d1cc131a95f89e33d44523b63b1c98aa0ed722
175,0.5,parked_vehicle,69,34,82d873266faf9ea628040423dbd721afaa6befcac8be5bc26a4dabe263a64c7e
175,0.5,dense_frame,70,35,2c5740cc70f87ffc987b0b43ddf0d93874d9999268f188c55f681a625d17d6f0
175,0.5,multiple_buses,247,123,4e2f1f203841a424c6e6c1146b50adaa305c06273fcb182cf412490a4ecc81b4
175,0.5,stopped_vehicles,636,318,fff52135728274da6f86d6ec371ed0df00a18ea6c7ad8566cc538cfe6d5bcf63
175,0.5,two_plus_bikes,345,172,d1c2443343a3d751f11f374300632d7fbf564a359bb6d482f4fa94f46007c70f
176,0.5,parked_vehicle,69,34,cb6b60af737923bd76052e55204bde44b042156112b9852a44abca76b4de430d
176,0.5,dense_frame,70,35,6b7eeaf764fa318ebf2b4e39e3b3921864c3f2d331a57cc210e20ff8489692f7
176,0.5,multiple_buses,247,123,e2ca3cddd9a843207f860fb7b0c706e180993e8be1a6aa387cb169e5f8a72618
176,0.5,stopped_vehicles,636,318,b8e78dbeb099dbf08effa20d7f380e5bb1c7fe6d9f4ade71612519eee60977e7
176,0.5,two_plus_bikes,345,172,fb85ee4d2fb45d69a69a2be173dee6676f314d8b6ef8a60021bb6df43f070173
177,0.5,parked_vehicle,69,34,28dfe9dbc7a56da01e2dbb7ef90dc558910af848d9b1495b9f53e9f0eb5ef04b
177,0.5,dense_frame,70,35,4f79cf1f5afb0aac498e3464d19cc2326670ab4e9061eb89adc9f74092237e94
177,0.5,multiple_buses,247,123,f848e3ad7d10a51a679dd6e67ae6e72774b94f6d8a881eb37d3181c5a7124d6d
177,0.5,stopped_vehicles,636,318,283a2a68e7250d48fad83578253566da5daa063e2f6e3fa9e8017393c58e4411
177,0.5,two_plus_bikes,345,172,dd20886629c9c085a7c00ab68b79b917bcdc2a03abc12a70a812b449f688df8c
178,0.5,parked_vehicle,69,34,7221a72a0d6a250f5da5354958214252c1ab687c7d48210071600d5e63182023
178,0.5,dense_frame,70,35,479ca1db4d2f78dfee0ce9e5cf58cb60ea7fffd04c5f98dd9a104dfa9dee1ec1
178,0.5,multiple_buses,247,123,6e25132c078e1d864b6313eb4e604229247d2139548e48bf8bb9e2f5f0f6da0c
178,0.5,stopped_vehicles,636,318,43ef21e37b6ef8340121bf1076c4159299925c33b6a37660766f98efc2da9517
178,0.5,two_plus_bikes,345,172,015e4aef5fb639f0ae60c8294071c68ab48a61ed35ce342b9c01e6be94ce2f92
179,0.5,parked_vehicle,69,34,625a53b7facbb4cfb6260affee2ab3c4fb7d9595d3f1c487a7a8765c40bb685a
179,0.5,dense_frame,70,35,e0f31f1ba954b309c95c2976c5f2be8629a13f6e524157831a69065256d179e2
179,0.5,multiple_buses,247,123,c758dd2baf8064fad711eadf573db5b3630112d71dd409436dc5bc9821df8f67
179,0.5,stopped_vehicles,636,318,bb4dd10664ee3110d874a1ad9cf1fe36fd825a57008f89f679f3b48622cc3a25
179,0.5,two_plus_bikes,345,172,8caa697fc54ce4c384f1b6db3ae41e88e852ce3e8098d48b6990aa978b01d419
180,0.5,parked_vehicle,69,34,2dfaf0d91f1538e98038a2da6f247b7b38cbf9bb3459c989bc54ed8d43544a12
180,0.5,dense_frame,70,35,d6c31c263b5b9757054e6e72c22a7371c3401aad1e19d811d8e7ed4070aae8b1
180,0.5,multiple_buses,247,123,d6d381f2134d3c7e16d0de2a3079021bbca32b4ca6b181ef6deb0b65cba794df
180,0.5,stopped_vehicles,636,318,d1dcc09ad6c7de3a778425e8d3e25e111c4e9da04a894097252e24426abc2d6c
180,0.5,two_plus_bikes,345,172,08ea954e7f8dfe5fbf194ab31fc133ab64f9e5042097f9284564e577ca654110
181,0.5,parked_vehicle,69,34,5b4114ca69804cbf773f2d8e437b8d83e4672aee2277474f3ab767231e6e8a08
181,0.5,dense_frame,70,35,cd56f2791f50ecdf9665781d76ec603992552dfb9a8fe10a6f14b0edafd4f38a
181,0.5,multiple_buses,247,123,fd3360df9435f7f385c244b44ee95081c3d47f764bdfa3b95709346c552082f7
181,0.5,stopped_vehicles,636,318,8592aa49be5de36be37fed607b2d6bafb26d10d92ca001ab66ac72ef61ca2001
181,0.5,two_plus_bikes,345,172,cc37da784d8f00e8dcfa7b156b8ec31934b7caf04d2387a51fdf6fcef5dd58d6
182,0.5,parked_vehicle,69,34,526be5e06d2a9e93fdaa0bf0a6cbce87ad89b35fd13ee114d2219831c469fcef
182,0.5,dense_frame,70,35,c3d924a74d1360ec7d58dcf843094f146ab0ca1567fa33fc58015a6a2c4ac3e8
182,0.5,multiple_buses,247,123,33bcd75dc6174270f9f7749941dfb3843ce0e3679e14b920fafa54182de8fa61
182,0.5,stopped_vehicles,636,318,5b1930c9da1929bbb499093b7dba157016f4c0950acdce4dd187b9f07856909d
182,0.5,two_plus_bikes,345,172,52d5a5d73b1bead39b92984affafb85a36a58a46f68eb88173200e5ee244103c
183,0.5,parked_vehicle,69,34,32c8816887cc05cdfd693a41668100088d8cb47a1c1469109f6160204682e6ca
183,0.5,dense_frame,70,35,516110fdb75c9ce85f7b754c068f098a9e13c673219573ad5ea7355db1ee3a69
183,0.5,multiple_buses,247,123,a803b9c05c4b69a7389589f4a8e2add22d04899d3ed6f4374f0e76ddb7591121
183,0.5,stopped_vehicles,636,318,0ce5d1ad8985cd42ad2e97451b7d50eb0a49c680d735d598a1b13826f5541528
183,0.5,two_plus_bikes,345,172,4c87218ebbf361d8dad1f66827f84ffbf6c3855d0a3ad96a6816337218d202aa
184,0.5,parked_vehicle,69,34,306519d42adbd2643edd13fb314ce562be02bb52d14cc0d9608374dcc599c134
184,0.5,dense_frame,70,35,7cdb55326b0a4aa3493798ad3d7f24dfb32d5631cd28526bacf9d2e6295ec7fa
184,0.5,multiple_buses,247,123,0123375554dff41300a00c09236cac45f2171b33141af2e80e33d3256a180830
184,0.5,stopped_vehicles,636,318,1309194210cb3cdf9bbdd1b4a6ad4d1c5cf1db4d1f6c3ec15c2a8feebfb6dd96
184,0.5,two_plus_bikes,345,172,799b35f2a3e52df14c9efc40b30dd06bbe393ae977b39478a34c9d3f6d17c18f
185,0.5,parked_vehicle,69,34,0014580946eeaa3c53d2fdabc1b7d50cb0d4218c98408729fcb8f6e397d6538c
185,0.5,dense_frame,70,35,76b5fa5a6e20d823814074ced0ebc2e728ea8f925eb67b8ada98bdda2ac40e26
185,0.5,multiple_buses,247,123,a9b41a0ffefb98336a446cb64a048332a968d13d44384a29a10bf9508e444220
185,0.5,stopped_vehicles,636,318,e47304acc7d4b14d5a149ac55d1d4bf791bbe955ceaa5dc33b076bff5a2ab843
185,0.5,two_plus_bikes,345,172,847ba9fe04622b280f162bff696949c9e7ed41e66b1a07b093153cd1573b83df
186,0.5,parked_vehicle,69,34,9925160a2ebf6face895f5d28c9cfbc31e28ea6e7b975e46a9abfa1be537f304
186,0.5,dense_frame,70,35,b6f133320356bed3e3b80bea9f669314f3a9754ba67c72bd580778fbe5ad6f8c
186,0.5,multiple_buses,247,123,be882609fcd5090eff126028472285540b137acdc2871c2db3f99c6179ad969c
186,0.5,stopped_vehicles,636,318,50b964658282b012b530d47674495c63fe60fa60e8c9697c09098c09d1e60555
186,0.5,two_plus_bikes,345,172,7ebe8b7c63b3346e4ed75e978a99bb6cce0a79845f52348b13708c15c974a3f0
187,0.5,parked_vehicle,69,34,48453b0f25ffeb5e74b41b3f64e175e939f9fc2446a17dc79ddcaa7874da328c
187,0.5,dense_frame,70,35,bff5ae820d4fd109579986fd87dbfb412bf79d91adf83686153f56674f66cee0
187,0.5,multiple_buses,247,123,e2413a11005ee9e84fb555195c8fe424c42b5474d44f68a00e97a4fde43fe4c0
187,0.5,stopped_vehicles,636,318,626e1df3c55d99057c03a611236f9830b1ef9518b7dc059ddd59502a11469f48
187,0.5,two_plus_bikes,345,172,9be4286979cef1a5df3da95915bbafaf64984e99f79acab81e39ad202a3fe307
188,0.5,parked_vehicle,69,34,8c4157e1ecec8265fd1d85bfe1e488b039aaed7b2e6cb8e3614c99570bd5d6ff
188,0.5,dense_frame,70,35,15477f409dc852ee292bb12a3cb28e5d0ceef3d8557886d5fe2a5aa01966edca
188,0.5,multiple_buses,247,123,e096e5ca11458e22b663d35c82a0344b06dfe64d57e86d3487bc7f527b9a585d
188,0.5,stopped_vehicles,636,318,6589b85dc310a88f8d3c722cd992391945c3410d8a6c8baedcb854c541edeadd
188,0.5,two_plus_bikes,345,172,0fed844bbe69e72a3a98d3add08330b8949f674a242b77cf77ab15499787ef2b
189,0.5,parked_vehicle,69,34,e57dc1076fa40f453086c08fbd0eb0e60fc857d766f0f4851df50120403fb501
189,0.5,dense_frame,70,35,ae7b4f244b1f118e8808214f4666a86df31a9687a59658f1b61a891960a1a04a
189,0.5,multiple_buses,247,123,ff0b1d62b599eb7da5df48813d1092571d5458472967f9192f462a6a6aa79755
189,0.5,stopped_vehicles,636,318,a21bab7126638130652d0ee6c81907a4a0daf4e801cd08703af0db14f8955e84
189,0.5,two_plus_bikes,345,172,bec9a03c6084f55d4fa4e97399c558270287cbb1b417c840ea42c16bdd9802b4
190,0.5,parked_vehicle,69,34,b3b828e1c26d46005fce0f37e4bb9d28f71c2c4a2239f9a7b55fd8a638f90945
190,0.5,dense_frame,70,35,42aa8af2665dd5f7ff2cde08a898a32e25b8a751d5863a77070906b6f07dc22e
190,0.5,multiple_buses,247,123,3d234b6aa10f2eb587f20cfc7e07606c36ee642a65c17281d754bf19181ed9f4
190,0.5,stopped_vehicles,636,318,7a51c7257907662a8f1c9023115a6ccbe399aa8c2518ce9edab8e621a179c18c
190,0.5,two_plus_bikes,345,172,3304672a0dd1837a540e7c422c339fdc40e6076988b6a317037bda19cfbab2aa
191,0.5,parked_vehicle,69,34,0682ab094996a61f55d6a52b3a1d8555d017640846b9f40b0883c72e3a47dda0
191,0.5,dense_frame,70,35,847a625a394b7c8a49ff6a6b153700845d3a6cf37048968d3f9cb02728f94b34
191,0.5,multiple_buses,247,123,4469cdd27d7b1129e3057ba66e0b64e3cb6fe22bf39b1f94df4a69e1550b6409
191,0.5,stopped_vehicles,636,318,5f16d9d5b312ffbdc4844ce9e8ed635cef2f56a8cd92a01e3b0b2155e4b8a351
191,0.5,two_plus_bikes,345,172,6c4313270735bd3bb062a7d9cff11bc5cf18e75c208618448b35f2b5d4280d4d
192,0.5,parked_vehicle,69,34,55d75955eba84c6a6352013602916b5f35a44739b90ced4af0c24f64e2f66f1d
192,0.5,dense_frame,70,35,3ef34ac0b2d4f417270f8ff61c38864937de29143f6d15c33991dbe773fa9151
192,0.5,multiple_buses,247,123,4639abb7c8b94bff5079e0825ad3cd4ca94e1b9a7c669a64819695331241b5db
192,0.5,stopped_vehicles,636,318,508b7ce82697f6e361f40c56f2b6a7e630a5c41cd5d696ce576d072b212d1e20
192,0.5,two_plus_bikes,345,172,c7e3669aafb980224de21aa4045ff0b978b3991212526f7ab107c4796ed77166
193,0.5,parked_vehicle,69,34,f9298f447b37c6b18b95dc7ac07215bc60ef2f4f3c2b3a719bd94aed1b0ab0d8
193,0.5,dense_frame,70,35,a85befbeae9e02b2939ae59034d160c787ecfba7c59fc7350c93b732cf410d23
193,0.5,multiple_buses,247,123,1ba0b6c2169d3d3b9ddf35ce01cf73c6965d19148ebb4dc24571baa07225cf0a
193,0.5,stopped_vehicles,636,318,98aa10640dc339632b65b072c7af59b4a12ccb8bc6dada0484a5323f669afb63
193,0.5,two_plus_bikes,345,172,b2ecd481994f615d60b9f52caf7acf96e7c43808dbcae17a4cc7a097344c2234
194,0.5,parked_vehicle,69,34,a3ec50286636966f6e0909f1773e7a7d7da1340dd85fbfee66f15e346a51f048
194,0.5,dense_frame,70,35,2d7e5e468a09104e78d319bf6cc583e6e1c67e027b952347f77c5ba4a32f61d5
194,0.5,multiple_buses,247,123,eb79c9615ec2d1455264b48cc5c85e074fcb915c798f8efee3ae713c4876a090
194,0.5,stopped_vehicles,636,318,2b2a684500d00a961febdcc5fb3d9c4ec73306df9de638ff5841fd8180e2a50e
194,0.5,two_plus_bikes,345,172,d8ba0e7f0dbf8b56ad7d7240fbfe0466d460b909873174aa00b913b7157a6e63
195,0.5,parked_vehicle,69,34,0122728e4a721a58471b5ad7513e621696a5a9b7742b81fef4cc69b9863946b2
195,0.5,dense_frame,70,35,bc6f43ffbb74bfe0162b46d6ae1399cc0be4265f0eb568cf0d729ff6511c8033
195,0.5,multiple_buses,247,123,8c085014800d0ed3bbbee94dc56cd46f10f6b3de44371c447b29ef639065bf3a
195,0.5,stopped_vehicles,636,318,a5f6c22a87a693e7e7038a7c0bd7ec2d12c1265192d6b617201189d15c9a166b
195,0.5,two_plus_bikes,345,172,1d4d04c3d035b468a96d26f616c9c6a85eb35658b5c28793e26071a1a6080e91
196,0.5,parked_vehicle,69,34,bdf335473aabfbf595178b0460288fa12021f0a1bb249d55b0b827b3356d7270
196,0.5,dense_frame,70,35,239ee86957233b9564670291da62a18d0c5af05529513638b00d3b374003ad84
196,0.5,multiple_buses,247,123,808d3c8bb9bbe4e63f3845e0de3e694f7addaa5dea9523e8ea2a7b523214add6
196,0.5,stopped_vehicles,636,318,11ab4087eb5d3fa673ff77265c6494a575f3726ef79e637568c9ac1fbb1c29e4
196,0.5,two_plus_bikes,345,172,27d7d48b341b1ab512910be99d6b23e4927f7af72219a177bcf9771081c3be7e
197,0.5,parked_vehicle,69,34,ec7ce53f9143eb439d30ca6a8add1ea81a7ed32c7c094991eb01b01e76c09ff0
197,0.5,dense_frame,70,35,beab5b90f55f1b5427df44659a2116717e5aa9fa64d3fadf6f65465e928bf01c
197,0.5,multiple_buses,247,123,f1564c3cfab61b122cbf32b4d95dd7fa227da9fffe19a5922fdd6b2d0b54a619
197,0.5,stopped_vehicles,636,318,f2215fda26138af9646495f047ef21769279f4c9bb247245f8163200d68a6b60
197,0.5,two_plus_bikes,345,172,40ab5ec6147672750ba98d12ff95c7dc3b4017a7cbee1ecc595ea5ecd358a4b7
198,0.5,parked_vehicle,69,34,092caf92c265ff799cac601cab54cc35fd2b20f83144a1949f74b90dd526158e
198,0.5,dense_frame,70,35,9e0cd0f2e2e75f25653366e8e3a2e836a2c2a8dc48e7dec5cf28c3e3f25cbfe2
198,0.5,multiple_buses,247,123,17d879bbee9a88a91f18dfcfcf29031b2828ffbdc6d441e31381372c47d00276
198,0.5,stopped_vehicles,636,318,c21c0538c57ef13524dc6067ccf7553ab3e46354737c6f12567e739f53de2df3
198,0.5,two_plus_bikes,345,172,895ed6d156606f33eabafa197062aa1d08b911e51ff110ff43e3820e8055d7d7
199,0.5,parked_vehicle,69,34,170e2b5df3260d2554e3d2c504ac81931ddc50a045214ba930cfd75a1e6ad551
199,0.5,dense_frame,70,35,746a531f5903458db68933b3cf2f57e56c7ca8148fbc6576577dd0565adb18f7
199,0.5,multiple_buses,247,123,fd686f5b3d64502f2183465718edd0dedd6d36119fecead9e3b2ddae4ccb42b5
199,0.5,stopped_vehicles,636,318,e10ad75f14860159867f4ec1375871947b806bc62f84e92534f036443f71c1b2
199,0.5,two_plus_bikes,345,172,ae7c612a05f71365e09d61f4888283cf8796fea0fdfa10c6d53fab6cf9419ebd
0,0.75,parked_vehicle,69,51,16f5e220a69c0274a2fbfad25775f7d1f2510780f8bf96a1cef9f11a1ec57648
0,0.75,dense_frame,70,52,330dd8744ec8bb61d02b9599237ef4e7896302a144bcb24394f6f5d640ad5135
0,0.75,multiple_buses,247,185,f3b47feafc2d316a3dbfdc24c36b8b1b0b53caa56ee90ad8fdbcddc00bafdde0
0,0.75,stopped_vehicles,636,477,1119f26bd21e1a8944bda29c357a8de060b3e1534eaa987b91573743c5b95483
0,0.75,two_plus_bikes,345,258,49dd83493d45c5f28c3b2baca36316d9007f34e1768b6ab4bbe3b956b9d6844f
1,0.75,parked_vehicle,69,51,b3ca79c0c6358744a1f13f151a5bc580e897b8a998c9c41c6c176c1dee32c52c
1,0.75,dense_frame,70,52,8364014797a504256edc4b9230b1acd8c38238bcd8c76f7d7bd47f72e5ce4bc0
1,0.75,multiple_buses,247,185,745970377936231ed06e4db4d1a2d04ed0a83b7184380bce894ce6ee56c78956
1,0.75,stopped_vehicles,636,477,916235136952cc5a2bb162b0afdd3fc09646266967df033f9ee602f11644e8e4
1,0.75,two_plus_bikes,345,258,db282975e40500324de0ea1b26e8ebb422d9ed951752cc75c582ceb43914af55
2,0.75,parked_vehicle,69,51,978de35dc79986ffe77d12f216553637cd580e322338975791bacfd2d34454ff
2,0.75,dense_frame,70,52,f18c7bc2ebc51ba998fa2eedd2f0fbc80224656393240f49b638352085e65a48
2,0.75,multiple_buses,247,185,a3d3e9a798c74210ef65bcf6d33ccd6b774e6219fce0f71c959608d8b0487436
2,0.75,stopped_vehicles,636,477,cb635407ab0c8ccd6e6b494036471599a45d9a35f85f6a2fc7d37b2971109f85
2,0.75,two_plus_bikes,345,258,eaf6b7f3da20eb07f916a5282724f4d54b93282951ac67fb2b10b583689e7e90
3,0.75,parked_vehicle,69,51,4ffd114987c79cc0bfad87d9b5233123b26fea09dcd1696fc1df966dde6f0cb5
3,0.75,dense_frame,70,52,5479e69ae21d9d91019fd32df90c807617f0d49fe4e1860f0de312da52728ba1
3,0.75,multiple_buses,247,185,b8ec7a35bae6f51b40cc8359c24d165698f51f22ed19ec1ab71b45ffc4d268d8
3,0.75,stopped_vehicles,636,477,1468758e4aa3cf002b34c3e7a8b82c79741484a3a747de26cf1124f2cfd36523
3,0.75,two_plus_bikes,345,258,25a6075fcf6e5603e81f151d3df039f0ad6d5e7c1063aec05bfb7b511f77ec7f
4,0.75,parked_vehicle,69,51,3eef68a345edf00117ad932f6e96edf68fcd19ed9a89d08caa603f91e9a851bf
4,0.75,dense_frame,70,52,7d1ab5024a1c4a9edd9929b436fc7551bc842ec20af61a5b0a07f8a7a981dafa
4,0.75,multiple_buses,247,185,712b0a1326d0c7f2fb80a62c5261e721723abfc7e4861aad2dc1bdd13fb49c9d
4,0.75,stopped_vehicles,636,477,0129329db5e407bae2ba230da28f8de48ce4c8d537a6dcb6f43334dbb612659d
4,0.75,two_plus_bikes,345,258,dfaa0a0a4966f237660e2424d6590a65e3b1abd1a68c5caafa80997bd6e0d64a
5,0.75,parked_vehicle,69,51,59d9c2f97bc707bc798376d5f375ab6271fb43b3453ac360ae538e0d74342cbe
5,0.75,dense_frame,70,52,00dec3ebaf276a608781263330dfbcc8e7c068f40a034ce1333836d438af4669
5,0.75,multiple_buses,247,185,f43ba4f06171fafaa5693fd8405b7be03379b6101601d4bc89f8894f62dcb05e
5,0.75,stopped_vehicles,636,477,2d29f0f2fde0fd66ed4941605c6cbd0233ee8d70a3cffca79e20655cebd2382e
5,0.75,two_plus_bikes,345,258,264e2220f8d812441e0dd0513ae8c86faa02fa0262e68f2bf8fa249d3c01ef53
6,0.75,parked_vehicle,69,51,4042168f2433d54d628d4ece32312aceae86f48c25494ec580daa5974876c529
6,0.75,dense_frame,70,52,47747b2b87336f71c4a026a94277f455a33d4a054928bf6d53f84ea131b1be55
6,0.75,multiple_buses,247,185,430ad5a01aef2b77c8df9252f7a1c4156f43e8e8f7b0211fe702988d114c04cc
6,0.75,stopped_vehicles,636,477,9c8d0db10a03bc3a3357f046f0fff63b07145871bb2976323e8afd4c28102729
6,0.75,two_plus_bikes,345,258,c77975f20f8c9e038a26a46e2efa73cb5e45b890808a06d5002719ec31323933
7,0.75,parked_vehicle,69,51,5de882c7624220ce669b299d29aa7d94224f74c162e4af49723f9c679748934e
7,0.75,dense_frame,70,52,1985d1f4810c2294d402cc588d8e5226734f49f039ed4bcd9808bccffbfe4f70
7,0.75,multiple_buses,247,185,9895a78d1daf82ad43520f6a7a9b2dbd5390742e02f866489b15f9895abb10f2
7,0.75,stopped_vehicles,636,477,468443b3fcaf3a8509098f1897b66e87235b5cfe2080eb15001f0f0b74788c2d
7,0.75,two_plus_bikes,345,258,29d4ef90aba4bea58b43d29fb3b2474dd855082138b81ea6ea05692cd47456c0
8,0.75,parked_vehicle,69,51,7193f61f58bf1675d8e13cd281fec3d2c6c209ca4ba4ec1b79afa01edf58e9ab
8,0.75,dense_frame,70,52,ce35e202fba1f1ff50faee973ae9ea847b1b329cba7ef63ddfe71f97cd13aa9a
8,0.75,multiple_buses,247,185,cfa7ec0619d085c1925f29bc5865a2b0f0a4de9e5436921e4d5938152ec33417
8,0.75,stopped_vehicles,636,477,50b17a91223fc074eb3747220a9e44759ea8dd2ab5280f7afecb626ce1acfca4
8,0.75,two_plus_bikes,345,258,5adce8aca77086b2b065d938c74fa9af0d2b7e33f94292be275ca65f7d8f9bce
9,0.75,parked_vehicle,69,51,82c8d6a91a20117000b778ca0bc5890bd056685aa0d9b13b44a3c29cb511d77d
9,0.75,dense_frame,70,52,0d9a27f2462a93d408afcf84294efac1ba4c77ca7b55a25584db3c16819a822b
9,0.75,multiple_buses,247,185,4e9f5147ec0c558a181014be90ab9d374801f39b8be1e161dfa3dc76f95a7a6a
9,0.75,stopped_vehicles,636,477,945a8c48cbd8905c4826e7fda3e6b47400e6b0379d456d2b789288d22f1c29f6
9,0.75,two_plus_bikes,345,258,693047ee30d73ac064b193e4aef03950c3783a5fdf9eb039b9b950f76b24b1c2
10,0.75,parked_vehicle,69,51,5c53ac0ffce454775cee60ef5c3fa2417a78df3075c76f9c6ec6191370feec1e
10,0.75,dense_frame,70,52,23c9abc0e058149c4995509505d1af0ce5441e8c7d380e6f85e1dc6d4771e3e8
10,0.75,multiple_buses,247,185,79d7e4a6c2e1cc21b2ca9b5c530bfb2e95826c693fc129cf067c2978c3bac2fa
10,0.75,stopped_vehicles,636,477,908c8a1f82cbde6d077791d6b2682195ae85082a109aa4cc53fe88ca05327da1
10,0.75,two_plus_bikes,345,258,6e0ae1ececa904db7dd0d623605ba28876c28ae767a9f36ef42b2045954f99fa
11,0.75,parked_vehicle,69,51,722efe26496f8a23529d7da0dbd8c902acd0774240ee7e04fdc44a3b646ad117
11,0.75,dense_frame,70,52,9364dd02b297795f0f61ea578b771fc37f333d33857aebaae52c9da18c8d7442
11,0.75,multiple_buses,247,185,de250dedba896cfc761134a2f65212254a62c8fe89668b252b367e29b8545a94
11,0.75,stopped_vehicles,636,477,751d48090bd559d0d584c37f7562ea09776b00be0047ea194baa2669fefe6541
11,0.75,two_plus_bikes,345,258,8ac871ad56f6dba22ca9f3f61ed459d063d7a6ff35a672b85722b31cb8639cba
12,0.75,parked_vehicle,69,51,b65d9988569a7489379140a3230d44b85c7e0dc539d336641dbd2cd24d5a8c39
12,0.75,dense_frame,70,52,5f05e6a3178a5d22a3103e7dec7e684bf21e156cf5eb579f4e58125fe46802ab
12,0.75,multiple_buses,247,185,f5825e0a6e5d58f37e32bfdda3d48cccc869cc5eceab2dbc06cdcae13bfaa83f
12,0.75,stopped_vehicles,636,477,b8ea6362ab2523fd19ee58c045537fbd54f7dcd3990f05d851c408f47a951b6d
12,0.75,two_plus_bikes,345,258,117f6c68600a241ad2d8fb47ee1b4906aa6982657e4c31f4142be82a8aa57145
13,0.75,parked_vehicle,69,51,3b887ba68f7fd7e648d166e352de0ca775ba51e1dd864b6fb1db57983bfd6005
13,0.75,dense_frame,70,52,6e12e5ae112d7fa5cd3b5525afefa20c795e9ed9c97b457983de33ea2ac5cef6
13,0.75,multiple_buses,247,185,4c65097ab18dc58095036b0788d32efe10e993723eb49745d863ff805afdc915
13,0.75,stopped_vehicles,636,477,b88b6b313f376665aba405ca2693bf9a418235bac79b4466f7c2ff34fe0af5ec
13,0.75,two_plus_bikes,345,258,a421a521fe84e8a63446b7070467cc17517ea161d55676c7df45a3f752d48d62
14,0.75,parked_vehicle,69,51,7d5aad5ccff75fd7c60552678e78215b14b767ccd92368598cf9c5500b509fe6
14,0.75,dense_frame,70,52,06cbda577c75e5c724e55c78e7bda006b672e6fd227b2535f960d9e53a2a188a
14,0.75,multiple_buses,247,185,9654df8a02b3c5674dba1fb76be35bb662d9291b880d46c9589e5aeb563851b2
14,0.75,stopped_vehicles,636,477,022c23fc94ef8b65bdba0aac55920a8330e1da189d59515c5314f2697f5b879c
14,0.75,two_plus_bikes,345,258,1353c2ba35c76f0279553df5d0911a026685ee7bbdd1fa2c1578b9ccdd9c9e44
15,0.75,parked_vehicle,69,51,27d7960f6a57fc418dd5d62b09b30ebe2a0333d60c4c8da4a07016dcec865a0a
15,0.75,dense_frame,70,52,d9a480c84e0d605a89bb659d31f84b15a3b7fdaea893e952d863e98973e37f0c
15,0.75,multiple_buses,247,185,4af4fb8cba5a386145863b93283a4cad8ec86334329ff0944c71e26e5f49db08
15,0.75,stopped_vehicles,636,477,c03d4f42046c9fc24404045046f76b8e5ce2c597919d3f63b3c4630de4c3747a
15,0.75,two_plus_bikes,345,258,9e2c5dd7799b84bf2f18886795a8df921e7a7e62b2cbe484285fa44b70f7f2ba
16,0.75,parked_vehicle,69,51,a461eda7909c7f3441f47b10b19f92d034c20931a09c01c6bdf43494bbe5c142
16,0.75,dense_frame,70,52,1225e8b09f09feed3cea6637ae19defbeb9d081f239c5f00138f7316c53808fc
16,0.75,multiple_buses,247,185,aa122aa7693f52c4725a755ae9161c2dd84b3c45ab70b7dcde5097e4b6f37b78
16,0.75,stopped_vehicles,636,477,ff903b412f8a5921bfcae87f45790f3063836b5cd97357024a50554c8c68ab69
16,0.75,two_plus_bikes,345,258,5e85bed304309fe2f41dd14c987b4690db953050402c0f7d9a49e3e355a8308e
17,0.75,parked_vehicle,69,51,0a40073f0cd1532a83537c66f2ed9e2b8c986a549c7d8317c60d9392c8001dbd
17,0.75,dense_frame,70,52,2ebd520bdbea88cb81236b1e145b99f120151a556278642d9cb262428d97d4fa
17,0.75,multiple_buses,247,185,5f61c7804f89b11fecbfb063654dbb8663e0752f63f9092256fe6ad460be38b6
17,0.75,stopped_vehicles,636,477,62f9a8ef8e8fd4c96f1042cd147cd3ba060aa8f0b1929a6db15c1c9a391d35bc
17,0.75,two_plus_bikes,345,258,e0ad8a2a18080a6556691e8c26a9abc351726d0700098a8d2e3afcafcad9e8c7
18,0.75,parked_vehicle,69,51,97f203daf05d7122d8187bd249be31a2894b1d90cf5afe6aeb9817e026b11cbd
18,0.75,dense_frame,70,52,1f9cbf70f3c767aa3f51f133ae18acc7540f5ac62b2dd0de71d339b512566f0f
18,0.75,multiple_buses,247,185,fe428e7f281cd8374ab5b38d522a65995cf2d0142b4ddd0d70dd53cd53d50e06
18,0.75,stopped_vehicles,636,477,0425e0274fbe37add275213d97a6cc978456d77999d0ba40955c810543377d40
18,0.75,two_plus_bikes,345,258,618e9f3cd3bb1088d02b40b268ea238dfc507ecff21e3f22a00545c5bccdcaec
19,0.75,parked_vehicle,69,51,5aad7473a58c8a05d4bfa556709bcf7de5c85fe86be20efeff3611464b465bfe
19,0.75,dense_frame,70,52,9e8fa87c3e372ed94ccacce08cc9aa4ef0a8105e6a1e69aabb764b64f70c829c
19,0.75,multiple_buses,247,185,371f3925a9d1b24eb75a65babfe9907bd045c3f346e5c744651d11fa6830d5c8
19,0.75,stopped_vehicles,636,477,7607a96a2e49147d1d864a3bcb06a5bbaf2af70b1839a25ad7a186449389558b
19,0.75,two_plus_bikes,345,258,6ea8b1eed16aa20b74a68d274f605acd74f30fcc7d1f8be75cc4065281e0081b
20,0.75,parked_vehicle,69,51,98ea3538f268bd618f49ac926c33012c50b33e23f1c9ba27ea855af517fdfa4d
20,0.75,dense_frame,70,52,94a0f8f5054426855a1ea572ddf9f98f1395208816787c72646a950403a56dbe
20,0.75,multiple_buses,247,185,d8e24cc7d5272881d6961dde6ab191061a6518b93e3cd9a6f13bcf045ffd578e
20,0.75,stopped_vehicles,636,477,d1250a08b7948d7dc080d2248309e62ab6c896c4c8227f562e01f4864548a544
20,0.75,two_plus_bikes,345,258,659eccd2b29e39ea81e82d9119cb9ca08e22bd2be92e0bb8ff7d81b75df95e00
21,0.75,parked_vehicle,69,51,bd11cc10621adcaaefbed4b64366a16da3f51df7670315145d44f948840a67a3
21,0.75,dense_frame,70,52,cd246e725ac72352ad1dc456a42d5886d7a7f8547cc216d68e02efeff5b92c41
21,0.75,multiple_buses,247,185,a05924c5e01051e4a235f2cde162829719a9f823aaa9bd804ab18919b1891ec8
21,0.75,stopped_vehicles,636,477,a73513a2441e1803ecc766790d3baf63962337f84738522cafe0db0649db25e4
21,0.75,two_plus_bikes,345,258,7534c7faf900d48e2fc1217eb06a8569d239efa665d675ff567fb8b40d99fde0
22,0.75,parked_vehicle,69,51,41d3c6312e0c4e00f9acf322178812e4545259d790f389c039beb675ae6b9294
22,0.75,dense_frame,70,52,78943e6d6ff533ebf49815f3121a598fee2b0545608b927faad8ae448aa7a626
22,0.75,multiple_buses,247,185,5320111b69f2c62b48b0051b9ca7130d7e4f59d57785fecf3ccebaa61aebc2d3
22,0.75,stopped_vehicles,636,477,3d0656c91f4758631345f5ca80dae4bf537485a21eee36bb6fd3d6a49c338516
22,0.75,two_plus_bikes,345,258,daa2c953fa9345bf3575f3c216c8deee2d774fcbe0f79322b8bae2160216712d
23,0.75,parked_vehicle,69,51,efdcccec230816b4bac5fd7e7cf85b1c06062fa893d1ecfc3f28031fb7ca062c
23,0.75,dense_frame,70,52,7b6e5c9aa49d6a879e5ca41d77d079fce2aa9050db28c3ca85040280f32c0581
23,0.75,multiple_buses,247,185,fcf4c98a756a46e2f337c481629a8f0fbb80023294fb0f1d222f798726b6ae43
23,0.75,stopped_vehicles,636,477,0c67642f5107f424374b66ed719f49e207a8c62d8ac5897f998e4a83a4a1548c
23,0.75,two_plus_bikes,345,258,511f8a789c960c774cd255633e2e57e57921cf1a29bb0b9c81f9863093b63651
24,0.75,parked_vehicle,69,51,51a43fc16a423f6bc6042dbd2f2225b817a1e9675d6b3d0c1b0ffc350eae0204
24,0.75,dense_frame,70,52,177c7c8debffee3c1fa1c413d14230857a685fc5f2c4882cc147b84b025bf217
24,0.75,multiple_buses,247,185,a98d92bfdd82a135a57a48ad4d2f461b85695d4315aa3b1bf3dfb1c6ddd237e2
24,0.75,stopped_vehicles,636,477,32e092eb588444781e9dddc98b7b9d824e7c8670388e0457de4885af0261710f
24,0.75,two_plus_bikes,345,258,d7055d9ab161a4e04ec9eef629dc7b2e8772fba57e766ae5a6d27481e868aeb2
25,0.75,parked_vehicle,69,51,22bef1f4536e1e8632acb3f792cf274a0a3280dc6496945cec54c8a3a1e66eea
25,0.75,dense_frame,70,52,34201d8906926138ec87ba7a9886ec7b8d7d13887d24e2449bd7363b28693eb0
25,0.75,multiple_buses,247,185,d63716ba5b159606364c284bb4434275f8b536382c5ad41619ebb6b61ab5b2d5
25,0.75,stopped_vehicles,636,477,127fc3ace484526990ae9dd58b96ae395204de38157d2fd3747175d31aec0e5e
25,0.75,two_plus_bikes,345,258,6e1d04704c65b191a69f40747aadfcc2f55c17f5adaad0508af2b945885fc8a4
26,0.75,parked_vehicle,69,51,583a9e7dd73094cbf8a6228be34508868f771b8a2cbe90792aa2f732ee71d4fb
26,0.75,dense_frame,70,52,79c3336f4530b62aa4f435ffc1b63019b86e065fe1b38c825e5eb478886cc916
26,0.75,multiple_buses,247,185,213191ac808df6226bbd4b73aec6ef40a04cf1cd8e55e932e4daf655d38d2585
26,0.75,stopped_vehicles,636,477,edca033b875699462208c3d0149fbeba68cdc0494f5924471b457fb0b6f47815
26,0.75,two_plus_bikes,345,258,c48827f46715ea761c4f1ab1947be1395ad882aaeef00ce0446506544f329e22
27,0.75,parked_vehicle,69,51,1ae8d3e2465d63269828ac62377a7701383cd27077c6a8f2467754ce82a1735a
27,0.75,dense_frame,70,52,cd29700dea9e226a93570feeb5dcb289d3c50b9533f10ee43f9c3c469895b2cb
27,0.75,multiple_buses,247,185,edcc13df17d7862406116c22603b9d2df05c8e2b09418fc1b235a55f1f7c1314
27,0.75,stopped_vehicles,636,477,3691a54dad5d771b058e961de10bf338f366cf4c46f5ec37240176c0a184cabd
27,0.75,two_plus_bikes,345,258,1169f35a52c37aed4438fa6ad78f738ef0e5fe7749e47bb0c4787c9fedf3ce50
28,0.75,parked_vehicle,69,51,9edcc6cd393138c73dc8dab8636f30a23ab59d8e3e3691c5da24a8a4a1f912c1
28,0.75,dense_frame,70,52,b4830ce6fd5696557ab672340b2bf85fbda61ea69755c6b2c0bee5a63cf22b86
28,0.75,multiple_buses,247,185,47a5974bc5853123b6629c7bec5e7874b5d5aa34373e9e076c45a1717b851851
28,0.75,stopped_vehicles,636,477,a04de04fb60febfd1077760a4498ee719e4ae15ad8e45a7984890eb172ef2c4c
28,0.75,two_plus_bikes,345,258,7699bf16f58f2898c1293fdd4bf1c0d4dea27e028f54fa2f436121f40b1a3f15
29,0.75,parked_vehicle,69,51,fd8c3220c451140e276347702800b6d73c99d8a1b288e836f473cfe4c7446b72
29,0.75,dense_frame,70,52,6f8e0b3dcc0b230034fefd30d6b220c5e1e10ef652009de08b5bf0466fc19e0c
29,0.75,multiple_buses,247,185,f5adeacb6f10695f329468c117adb921c1eaf0e2ec05eadb23716439b7192d55
29,0.75,stopped_vehicles,636,477,adb5b0a84563cd29a54bf8de4ffb8e9678a76b16178d9fee7a92f84c5bdee0e7
29,0.75,two_plus_bikes,345,258,da26b644b51e94182894082af415bd803fbf2099bfa4a130f2bcbb1d0109d018
30,0.75,parked_vehicle,69,51,d356b415d0f40f0e3a8f4609b7cf316841793d07952632a11f3e475668d8536c
30,0.75,dense_frame,70,52,7c1fdf628bfa3ce384c9f2185c6401828ccad259a9240e611be2a36c48358762
30,0.75,multiple_buses,247,185,4c04b31392a5585cdac56608c86bbd30b2ecad7856385ff1d127083bc6fd8ba3
30,0.75,stopped_vehicles,636,477,c1284b9a55e0e5802629e863698c62199d851779e74f5f3a69bd1ed0ab954790
30,0.75,two_plus_bikes,345,258,6dcc3ececaf5daff36a37cb874bff472bdfd9b874d71382ed5433b48a51f7d48
31,0.75,parked_vehicle,69,51,a15106eb99f6de617f8b705f37be7cd1c5784bd9c67ffdd7f501a103886839a4
31,0.75,dense_frame,70,52,8b61cd3997ee3a83582b3799f68d9ef7eb6645f98fced62437a353cbf3b3a9a4
31,0.75,multiple_buses,247,185,48b50fbb44047abfbd656557a6e957bae8494b0127f9d1df4fb3f572bba62261
31,0.75,stopped_vehicles,636,477,bcdec774662a4b38ab1899a2a1083a9111af93207046a414dc10ef7e22ee313e
31,0.75,two_plus_bikes,345,258,0435633c9401f2167c6a52ce364628681ce61e910b8a6055b9ff6fe145f08db4
32,0.75,parked_vehicle,69,51,b3be6cf56c84a0f072fdd6109eb3cacd33ffab7bedb6c4e7378ccf00546f50a8
32,0.75,dense_frame,70,52,a6ecfbfa313e6e6356b47be4731815af37443aaacaeb478a3e8a9a3d9d87a2c6
32,0.75,multiple_buses,247,185,ea86034ae9386a422f43721c46f8ead219ffbbad96d0afbc5b211a978f0d5fdd
32,0.75,stopped_vehicles,636,477,e55034f05aedd0dd123f06864987117ed317a4c93bd33c843a5a9264cfb07cd7
32,0.75,two_plus_bikes,345,258,67ea9bdc5c660fb34a25b28982b35bd43412b8f7a0c20bbc76d1235a8875c070
33,0.75,parked_vehicle,69,51,700731cd5852021ab5c5f4187a9c3f8a3845d55165cf106849033bdbe353315b
33,0.75,dense_frame,70,52,90ddad2dba4baf1d48b6481e76be8893c72782eccba5936d67bfd83e463ea14f
33,0.75,multiple_buses,247,185,2ff35de57ae29128a03389ec644050543af7b6d322714b2da0c0f8ea10bcdfa1
33,0.75,stopped_vehicles,636,477,a715783f691c5c62e4bd41ff66380ad1d28d14235982696acd159e93df7a33d3
33,0.75,two_plus_bikes,345,258,c928633f0b88c819e34737a841fa73eb1281d5805ce8265991507233c45654e1
34,0.75,parked_vehicle,69,51,0731feeb155c7d35004db10fe37b662d99a2fffa0289d59daf84fce79acae396
34,0.75,dense_frame,70,52,16eed6a62d9c5fb1d04cc44143cfb08bd8d3ebaa802246909ccf1b912531b75b
34,0.75,multiple_buses,247,185,c9d212cd5a425015b72448f0ed1b5fa119d69ecee816eff63fce31ad22211ab3
34,0.75,stopped_vehicles,636,477,a17addb00d498cfef2b61f7a8115d1cd2e92149b02f6e0a67f0413b96d4100ed
34,0.75,two_plus_bikes,345,258,eaa1ad3390d472e5bbf2332a87b345e40ebac30150aef3137267bc9094f5ad08
35,0.75,parked_vehicle,69,51,cd5ccfe8a97f3eb27ff2a0a33810fd9bd7588a7a1062d883c69f40007cdd4cc0
35,0.75,dense_frame,70,52,fd9b78bc0025f1c03be32efa9f931d67811d3f0e8bacac0dc81651190e64b292
35,0.75,multiple_buses,247,185,0d697ddff615e5059c0c422660f3ac1e9712f6962bc7073dd181ab2927a9c6f0
35,0.75,stopped_vehicles,636,477,88444446370b28a20ae1c84d8aaf388e46f6ffa56e30bd2338eb3b0a87eaed9c
35,0.75,two_plus_bikes,345,258,5ac5f2b9117901506783af366097280d32525f95023803a437a9fecf0a625781
36,0.75,parked_vehicle,69,51,18e4dbcb1634e05ef26d5379baa0c863b7c95336e7f041abbacc229ae2633f48
36,0.75,dense_frame,70,52,18e092f389ecde1738b0256c0cfe7e328eaf7a740da57f6311c6999f86b7a83e
36,0.75,multiple_buses,247,185,adf13cf394e54842144f5d671fe4285605e32974b1565bfd27a1eee19f154d7a
36,0.75,stopped_vehicles,636,477,a318b23c43e50d8ba3db8804963a85319fc5b852bdd3a2b0c7c12ca76d5ac0b4
36,0.75,two_plus_bikes,345,258,616509ef0aee78f54f9049ddb6765d37474cf4b6484a6ef4ed2e74ed842f3bd1
37,0.75,parked_vehicle,69,51,2381b55d6243c0a9f6da787acd4c6286e0c26a1595cf148dbe83acd92d6d27e2
37,0.75,dense_frame,70,52,fa386cf6e8985b74af2c6f250fe8951f2938c957aecc07ec18620a150d8edd5c
37,0.75,multiple_buses,247,185,9a7e4770227115d8dd01cd66c50a1eea9491c82f1c67a810a3cdb9f6da5e670c
37,0.75,stopped_vehicles,636,477,5a01378506b0a09d3e14ee4f1b097a0aec51f30654dc0bc45c49cea071b91f38
37,0.75,two_plus_bikes,345,258,ce40092207e6804585dda04cd2d9cd73e9dda968caa3d94657a48052c33baf23
38,0.75,parked_vehicle,69,51,aca2a9b91aec6716cf1447bc524d2949956311aca8a811e17c739885d6cc4dad
38,0.75,dense_frame,70,52,e86683378b1090c870df84d45a84b9e46bc4c3c43dfaec270b045d11f1d3929e
38,0.75,multiple_buses,247,185,e9cc68e80e10d574716c0aa67044f9d96af6e9919b3f915b0ab64487a6a9edc7
38,0.75,stopped_vehicles,636,477,3a1d7bc54366f34d9e6a3932e4d13f888bda16251cf1c698490af1288e035bf6
38,0.75,two_plus_bikes,345,258,0303989c0bdc0356ff9dbd1302dea0b3a8dd505feba8499406fc52f4a3a0037e
39,0.75,parked_vehicle,69,51,81d9656cc2334aa60a52981a2ee70916ea0633634c98ea46249639b42079eb03
39,0.75,dense_frame,70,52,16bc1ea3bb06c99b9be989563165dcbb39cfff432fdd5a3ceb9e945745856826
39,0.75,multiple_buses,247,185,a1ac4796cab3b88ee7e2e851983d79c7087a94f92ac7922de32b48e737b7bd84
39,0.75,stopped_vehicles,636,477,af3dbfbf6a6f1ee5a58329c61e16d0dd3d4f49d7cd72f489fce5450d394e1105
39,0.75,two_plus_bikes,345,258,833eea680d99f5b502b9c70d186ec6e180f4ea54fd86c3e83eaca8d99a932e7d
40,0.75,parked_vehicle,69,51,5e755cacc8672694c02ef5f58e76ed915730e753165b79c47a50b99c0c607127
40,0.75,dense_frame,70,52,a686f0c18aee4bfc0609d4f03b81fb9ecce399472e980cce3cce5c2ccea86bda
40,0.75,multiple_buses,247,185,debc2c3bd7f66375a2c9cf3217dac3bcbe056badce31255dfe3c720516778160
40,0.75,stopped_vehicles,636,477,5b603efe37d42efad22897ec4a940ccc5007bf82f037580c4a091f111f8e8194
40,0.75,two_plus_bikes,345,258,f741681d507a3820a430489c65a1abb3153cca3005687ade3ebddfcae8182053
41,0.75,parked_vehicle,69,51,dfbfd1fc49fdbe188713857ce7850d920da8ab544bf86dc6648e213a8419e37f
41,0.75,dense_frame,70,52,9818f1f4ca7981d78def4add716768debb3713eef8ffa4364585654ac4ba33c7
41,0.75,multiple_buses,247,185,940d2d7a86f6d45cb2f91be43829cd86d436131ca72be653e8bc92e55506cc09
41,0.75,stopped_vehicles,636,477,551a546a4eb6a9ef40c1952f7d5c3875877de8b2d4e4e2ccd80315b238c70b84
41,0.75,two_plus_bikes,345,258,13649d7c7bfc9ef69810575a32e6febdb9ebc3aadecb6b9e65ac5d6574288f0e
42,0.75,parked_vehicle,69,51,64d0aa3350f43a009da45755616364ab8eeb034f6b6f9861a98482950f74ae96
42,0.75,dense_frame,70,52,bbfb31092d1a8de76657ebc2d7ed915a32b3213a8a261d97eb162cadab015b92
42,0.75,multiple_buses,247,185,2f10f2c37c776d1a80a67b944e2a5a85c9904c6950ad9f780701a9eab91a5cc0
42,0.75,stopped_vehicles,636,477,77170b10b5b66a9fc6a2f5c5982d3d0428c6ebcdb002b9fa3f0323e40dcca22d
42,0.75,two_plus_bikes,345,258,68ba4419749953ed7476ac716a3f0beb2444d5543058e135b034347546853118
43,0.75,parked_vehicle,69,51,8a4c24bd53eeaa2acd04d14d9c3cf95fb758c79de360b11f8424cc5a4ef89f9c
43,0.75,dense_frame,70,52,677626c9d9ad5c5d72aa4eea1c056408deace99e3e7a9576836d8035e27ea5fd
43,0.75,multiple_buses,247,185,661be5c25e9e8361a9444bcd4a9234be8d85605e73a0bd9673b16af99b4eee20
43,0.75,stopped_vehicles,636,477,7a99bc9fbf48aebe1a1921389d9a0252580de6500c41c9a6d786f8a6c43f2ad4
43,0.75,two_plus_bikes,345,258,103f4fc77e08e4f2d6e2c09a0adb7fda1fd0f595aea01743730b065b3c6564e0
44,0.75,parked_vehicle,69,51,375d3c2fb844f7871e4b6f488ae5bd1e9446a3a707e626689440c6c3ad38f245
44,0.75,dense_frame,70,52,ede903518990503e45d02252e48d87dbba1fbbf44bdbcdec0cac653de385aa5f
44,0.75,multiple_buses,247,185,11378e9223dcd70ac563e22aa93f0b903f043f544d1ae361b68aa88d596fdf5c
44,0.75,stopped_vehicles,636,477,23af8d3a11145a176209729daa5e1bf963d8c2298c79cb883751297cb7178073
44,0.75,two_plus_bikes,345,258,2fb0d303759d95851df71ef94b4c8f2ff0699e8371b2e428063250423df1fa16
45,0.75,parked_vehicle,69,51,cd397e44736c6471b0a1d92934f95767634e0ef174dbee4b97012157246f72ea
45,0.75,dense_frame,70,52,5239f82520deb69bac96603e919a2beb819dd18004f504254dd9f9eff9812096
45,0.75,multiple_buses,247,185,59a6d6649372e50b6697a04df8cc61feec55abd2d600be3c6ce9191d8159704c
45,0.75,stopped_vehicles,636,477,a7ad275831cf36209bff52866655a38aa313ea591999ea2416454f79f2c4f071
45,0.75,two_plus_bikes,345,258,ff9517706f4525ef3d3842a97fb7733c6cb71373b409f2e92622969f0c7323c5
46,0.75,parked_vehicle,69,51,8493281a5a001007a75d13d7faa6c4cc1b78d96866a30a02ef4a3af91c5e7930
46,0.75,dense_frame,70,52,3defa22110a09d39ed0c02ddf1e0ee4b5ccd8484311e6fb028c1b29ab4121659
46,0.75,multiple_buses,247,185,8174cc1708039408189e910687ed52b8667e4dc97de568cc1ddaee8b2622850d
46,0.75,stopped_vehicles,636,477,b2c4c631595c1e961bb5d9fbe27d29033e2b42c690d55c68e9048b8acda4ba5b
46,0.75,two_plus_bikes,345,258,45a74d3fe3fba05b08ac83a5ab3f56488a82447df74f98d052c3bc6e1067d2c8
47,0.75,parked_vehicle,69,51,bead5792dec1de5b2cb0b9d6a65b5b5fa47c72546545e0d870c1e97f8b1652a5
47,0.75,dense_frame,70,52,4bf301e6b85a4da9a3da8125e0ba37d03752f15b897cdfbc5079b106000b7313
47,0.75,multiple_buses,247,185,fadea7dda5ae95794440cdf58e218c1e31b56949d946ec9e5082d435ed538679
47,0.75,stopped_vehicles,636,477,357515fdf893cbe459d32e9ad5bf5e062ab9389483d84bfd0ed24ba5347eae92
47,0.75,two_plus_bikes,345,258,442d9a5d06145caf99da86df712c5e8bc937f69769aac06969c361c7fa765ae8
48,0.75,parked_vehicle,69,51,6af5e58892505fdf23ee235d2419d6c54da081d4ec10d22469c340da0a3231ac
48,0.75,dense_frame,70,52,a1ae43cfe450ec64b784a891e66fe340c76ef8e588d53d236e019cfd57936c4e
48,0.75,multiple_buses,247,185,d9e94467e21d9f875182ee91a5a9a1ac62b0331840b1be5962f11354e1f6a12e
48,0.75,stopped_vehicles,636,477,1a840c30be602cb7f48deae5f46b38464a53f4e338c8e48e717c09fe23660a9e
48,0.75,two_plus_bikes,345,258,9b7cfce78fecbe5dc29138f5baa0d705fec4ec7900b2f743b672e5bb5861dae8
49,0.75,parked_vehicle,69,51,898a93cd10cc082a203540b9bf6b61f1c976ff1d880e6c7181ba29f90515707a
49,0.75,dense_frame,70,52,e93f56be6d23b1d101980bb00fe07d3169b82729fbec6aa1345aa8a57c18f85a
49,0.75,multiple_buses,247,185,4fb8ebe3e6d42444c95d0cb887bef538844327ea8d9c1f3dab68520474d72c23
49,0.75,stopped_vehicles,636,477,6e5cc39770ef6983ff88643501e2149d9534a36ca0d896ff204562d524d5ec51
49,0.75,two_plus_bikes,345,258,1b49f941a164af46e367bf9b2b5f4a9467178dff397ea3e112854117c8cf8eee
50,0.75,parked_vehicle,69,51,1de55b4f3ba7f9fe9a4e7f5cb63ce0a9838d5c4c551f9ed4895867429a93385f
50,0.75,dense_frame,70,52,7ca145b29c87a4aa0b581a3e4109e3bc34256ace44d4eac360d010348e169425
50,0.75,multiple_buses,247,185,51a595f6c6e95362673b11c5df7256fee536a8b070e0bb2db756aad9db66b939
50,0.75,stopped_vehicles,636,477,dffc00b65e1dd963aa0b72e6708f496adfea07e5ea5853d1109be47d68779137
50,0.75,two_plus_bikes,345,258,16f9f2cf498e2bc77e5e2a6a8e53a14885b2b67144db21cc0e2337f2192ed679
51,0.75,parked_vehicle,69,51,9b7bf7ffc20c329179a6ae78c5ebc97151e543bc333828a67ec943deaad744c1
51,0.75,dense_frame,70,52,6d06852b07409237df989938ee06bc4ba97ebc509671a3ba768c04ed7767d823
51,0.75,multiple_buses,247,185,5220291f0c1769411a0c2d564d5693d90551091f33ba223848cfd17eb2746d0c
51,0.75,stopped_vehicles,636,477,e61f2105fed99f34c090de2de186fe962250f85e994f4a31512443af497575e3
51,0.75,two_plus_bikes,345,258,c95037236650b29a53f19c1f38912983df30bb451b94f7caff1e3e96b625f5fd
52,0.75,parked_vehicle,69,51,d4254f4b47264d6330daac97e109f35dd9cd25a3cd45d51ccc25f294bf0b8bfc
52,0.75,dense_frame,70,52,d69a9b02ff049a06f18a790d5decbb8facf0d1998335e42d882d24f96700c8dd
52,0.75,multiple_buses,247,185,7fd3151618ca82796a926a10cf3c8a178cc0bdeb88fcf9eb8ffa80e969b93c63
52,0.75,stopped_vehicles,636,477,45654b64a7cb053d07ae5b1b524847a9d4bb7a71511d40bdd738586273592d54
52,0.75,two_plus_bikes,345,258,8e57ad322fe6be32a11ce8372200e447a347480e06115eb8b6eb9bfe92ae6088
53,0.75,parked_vehicle,69,51,ca013aaf277990cac102a982f27a2941d6e74336fcc2051bbb4b036f0536b764
53,0.75,dense_frame,70,52,8ba7471e9da099e7d7e68e5f62d1737ec480a5559a966697fd37d868e198d4fc
53,0.75,multiple_buses,247,185,dab28da254352987bb174c44710a3b8ba00d47e2f0a1f00bc86c5393ac9a0833
53,0.75,stopped_vehicles,636,477,9834dd078fd834ccbea2f338baff3e4cae9558e028f77506e1e3e5680f2c146a
53,0.75,two_plus_bikes,345,258,23176d1fe0144c4914c5a36ccaa63596072b2b1891669308d88243e23a4f4bc8
54,0.75,parked_vehicle,69,51,f37da954bc9ef9db01da986e582813cd7469b7b6509a0681816b92faaa0aec2b
54,0.75,dense_frame,70,52,1d5cefb64b64402ef3a1191328539de564d2bfb595aa7a6356f39e1682f3cf07
54,0.75,multiple_buses,247,185,ac1f2bb74aba9f94417d6df5bb8e4522d3dffe05ef0fa3f972c0635c8ee0dcf5
54,0.75,stopped_vehicles,636,477,13a934ed6c480d279d0d01f5b20e32b197d0d212a3b7ea197b9c79d00bbf7966
54,0.75,two_plus_bikes,345,258,d54cc86c39783d27117a2e06f9e39a9a71af7d5263b9253ef19e38298748ab75
55,0.75,parked_vehicle,69,51,be3c57fad204c1dc6228f9fd6063c2dc452ff9879a1324fb5aaf24cbb43ed07d
55,0.75,dense_frame,70,52,58d3acc8c3d35e7d1cc83deb1fb3062571e28fc11d0d45bfd44084a6d07a4b7a
55,0.75,multiple_buses,247,185,d556233b71a17dbabe613101ee90f291b8959d0d17b44e0b97056f9c8a3bbe0b
55,0.75,stopped_vehicles,636,477,e49c76e5581d903a20cb658ee409f1c78aee56cf5a572177f049e52d7f50fe77
55,0.75,two_plus_bikes,345,258,12ff9d71a5bbe7290a16d716173078c6bb3646e96afb924c0bc8ec825f89373b
56,0.75,parked_vehicle,69,51,dd8a5a7e2d234cfecb33092ea38b7d8bffcbcb16e84be866fe449ccbcffc7e72
56,0.75,dense_frame,70,52,0480942af30f1a3b8fa52ab7979a4df4f4444b338459a9b6fd7825fd096567a2
56,0.75,multiple_buses,247,185,ac1affed2acd9fec9ed8ba69a80506101153c24058896a0bed295a7dcccb7874
56,0.75,stopped_vehicles,636,477,e63912a4d6e187ef151abc8904ff094816e863a30f04c0deccbb4e680a4eb67b
56,0.75,two_plus_bikes,345,258,6cd4804966f93f4977e759fba7f9e80231a66ff6174dba366854a9b5b907f3f8
57,0.75,parked_vehicle,69,51,59b93e8b7cc904824ef2387b149ece1f1f3e474b37f2c9bc96e8a3e5f53fb0e6
57,0.75,dense_frame,70,52,03dbff6a0dcb0563acc3b8e2d0860c4eda47453b5fd677dbc2f5abbfcab89bb8
57,0.75,multiple_buses,247,185,42833bb394d7367633a991aa3eb6f1c88ee64dbd19477fa911278805fbcd1960
57,0.75,stopped_vehicles,636,477,c5a41fb41b25a4efca467ab647a70ed18d566ae1c8ba4acba3bec46d385f6ba6
57,0.75,two_plus_bikes,345,258,82e0d6dbd26b838ca981050199c4e2a6add96e7dd7d383b446e025f0e1c6b183
58,0.75,parked_vehicle,69,51,2ecbc0546dbd5fe39b14d5a9e4aa9f4e5569fa150634a56052891f4d035030db
58,0.75,dense_frame,70,52,af51a4a3bbd169f84dce019f470ceca50f4d52ca747ac321cad680858b362631
58,0.75,multiple_buses,247,185,ac839f19b3c5556e8c6d08ff810f42060870162886ceb6870e648881a23dc402
58,0.75,stopped_vehicles,636,477,9f6b919408f727cdc45ba7f3333b7e6e4e69160aec13fa7b7c0e3587a0842623
58,0.75,two_plus_bikes,345,258,7752c95e4c78912df0d4ed0775ede188aacca1b3f8df9de24e94e636afa59d3e
59,0.75,parked_vehicle,69,51,e6207e9c37a00779921513ad11f9cc45d94eb4d5e49a0b43946be8276f09af22
59,0.75,dense_frame,70,52,8bea967c1916c8dbd3c19ca811e1e610c57fde400df19839650a2803edb07132
59,0.75,multiple_buses,247,185,37773944eed7303e60e2aafa0780c0aa17fddde5b89b88fdf9884944cb227e03
59,0.75,stopped_vehicles,636,477,53207a189c6f4c097c716d28e2ce21cd604a66179afc4938c71cd06f7108f768
59,0.75,two_plus_bikes,345,258,3beba10068758c5dcfc5ff490e94c57db116a20b62489f90307636f20b7ff524
60,0.75,parked_vehicle,69,51,4be7a9b5277a81cfb61eced071a38a0443c55956c85dbff6130dfc45eebfe5ed
60,0.75,dense_frame,70,52,cd71635764f3c7743a821d5dd683498b14c47b6c1ba99a8759b31ba72c733982
60,0.75,multiple_buses,247,185,11c84f9b2cfaaa211e901ea98ea71ed462ae89f5c877f1da1ed5bee4ac391464
60,0.75,stopped_vehicles,636,477,478929c520baa95d0a3b11a8ccb1b4d72310431480f6bb910b0bf5995d044302
60,0.75,two_plus_bikes,345,258,c6912d46a51495c5b49aacae295a985b45fa7edcd461a69050e5823dab2fbf50
61,0.75,parked_vehicle,69,51,007ad56f15e54405ef7798aa792963e7d1382c06a89ef9db70cf8274a0b22cfb
61,0.75,dense_frame,70,52,10c1c11d77afd0b541e55b16b3bcb9e075129cfa064e2d5c443164e76185c936
61,0.75,multiple_buses,247,185,4671d57718ae8e56834997b8ad77f506e06303184fd27d445bce330d7b15b5b3
61,0.75,stopped_vehicles,636,477,93de1c4c3d9b43d38a140d535a8bcda6ccf95b3fb0706dacaf373799cf822280
61,0.75,two_plus_bikes,345,258,948d5295d6f791cf9a90c8f991d323f44f475d7554063ec20ca49316329d53d8
62,0.75,parked_vehicle,69,51,f171d97cd0311372ae8e2890384ff676cd62e843141a6c8e6aefa01923121e0b
62,0.75,dense_frame,70,52,3cab676f83f165c37629f26ebe96cefd69ca3b9893f989f6190896100c4ef0fe
62,0.75,multiple_buses,247,185,aa9ae5fc7c4e6cb2d663ba733de671a5f8b3c1b9023e6209f296081a7fbdd996
62,0.75,stopped_vehicles,636,477,92ce4516c8849eec940c838870faed2e207a170b73c31093a568e48118b02553
62,0.75,two_plus_bikes,345,258,eb4fe048f17058e3ad862fe4f1a3875d007e1d0521e0ed2ed627097cf3146ea9
63,0.75,parked_vehicle,69,51,c4b64f63f07a0b67bd232aec00eb049f3317d87bb7dd1d584a12dc439abc9229
63,0.75,dense_frame,70,52,283f3d32dcbfd55e95738cbfbb0a53e2dc3b801c79c01005f70246f7b45d5c6c
63,0.75,multiple_buses,247,185,c6d6e4868f1c57558edad4e5e0f8844b6fb84bdfbc4926d4635b017cc11ea949
63,0.75,stopped_vehicles,636,477,3420c60623eb8874ae256ac4d517c91baf1cc04797d4fb6b1b0eda9d87a49e32
63,0.75,two_plus_bikes,345,258,b714f48de58b0ad9c4e4b084d393a512c28ca8e027a5e98b65a5034f5ed8734c
64,0.75,parked_vehicle,69,51,32fde4e7d72937821db4675c854538838ae94ce23a99e2fcfc8e8cfe6cbd9dca
64,0.75,dense_frame,70,52,0dc4604214526033da0d29928c498201c856a5c7d76b8501289ca527d037559c
64,0.75,multiple_buses,247,185,d26a6f46b0a338cb609a8e73cf5b7a7d8b74215eb1e797dc9bad5a69f36f302e
64,0.75,stopped_vehicles,636,477,195ba19f747d04f722ed9497eae766bbd53ad46b348440a3e3091f5b6ec575a9
64,0.75,two_plus_bikes,345,258,83194756c65db7da18d7d708aed2128b1b812f1acec07b223601619dac2da4c7
65,0.75,parked_vehicle,69,51,fc75fa145fc8abc138e79ef55c0f8da7981d84eb4b303dcd62a56e26e7f527f3
65,0.75,dense_frame,70,52,ab09cf82151779bde584dace9c86c9ab4d595703b98bfc6eb6f004e8596860d2
65,0.75,multiple_buses,247,185,5f0c7ad81d4c3aaeb255eb0461b6e5aa2948de3c44f049b7c6c9cb0f75096bf1
65,0.75,stopped_vehicles,636,477,b202585e134b0a974873cd837d08a3284ac614e0e61f73806b8b836b58b07c76
65,0.75,two_plus_bikes,345,258,ff14978cc74c09b46b62b435909686f57bd1620b8071a767058a0e3614095455
66,0.75,parked_vehicle,69,51,b92171e25a5a36d223194d65b1191a8ddea437f8a2058ad43cf3f0115cd3822d
66,0.75,dense_frame,70,52,09f87298ca98d16661373c601aec872b052b27912be815aff1790143f3e9eb99
66,0.75,multiple_buses,247,185,8f23ab17878a3498180918391ea4969b50dea21a76d19fbc20dce4b6ddf6a069
66,0.75,stopped_vehicles,636,477,9d2ef2ef2b142418215d58b51e39dace65b6075a44845a520944d2066922e4d9
66,0.75,two_plus_bikes,345,258,8f7095b5a6b886a412da02f026dcaddb49aadc69566b42736fe7dd40dbaf33e3
67,0.75,parked_vehicle,69,51,a25ed76c85331cb3982c4d3193d8bfbf9dc7e9d6bd9b2e2b6473068b6956ba1b
67,0.75,dense_frame,70,52,7b11b7b3b20c71b950d64e14a67b3dd30f22b6bf7b3b6b0a280d8c8e7379c78d
67,0.75,multiple_buses,247,185,503932e2a221498490fb3b16a9e91ba1850b1e2ceed577ab4cc87acda93807de
67,0.75,stopped_vehicles,636,477,ae3e3ac65cbbc08d38440542c44c833cf6ae3521400b8da0143c535196e24087
67,0.75,two_plus_bikes,345,258,5e241390af430ff1425ee48d07c4503ba5f170fc968d0380f8885d94db479ab2
68,0.75,parked_vehicle,69,51,2dc24ebbd15a396a82d6d6611b07cbf25661364d4bf0b90c792161489af52f62
68,0.75,dense_frame,70,52,f4a47b5e369fa62b3d3a950037fdd33b9ea474746361d07513e1ef6ac491bc35
68,0.75,multiple_buses,247,185,307af523f9bce6898dbb93e1ce4523320299961a6d901141f8e84005a7ec1e72
68,0.75,stopped_vehicles,636,477,0f3a1278676a62746e20411fa17d24f4ac27486f40bebed09c68b6da09afcdb1
68,0.75,two_plus_bikes,345,258,f1afe491a153249511293ad8e6ae473fd3341a1a6eb5d55db105f7c76f9f6f21
69,0.75,parked_vehicle,69,51,18a3159133a98d03d92c66e6a3821ca325e2615ca2a1e0b680f1e78cb2c4ff9f
69,0.75,dense_frame,70,52,72a60d5163536c310568989fe975f2c2432114d6f5c7fe439157469441910793
69,0.75,multiple_buses,247,185,8463961e0bb1c8189db9ed780c0eb99e4545d9cd2ec4f24b467adf57ae35145a
69,0.75,stopped_vehicles,636,477,4063c79d48ebd3ed468c1e70ca374755583a5debd0adf1c65e9ef42734458468
69,0.75,two_plus_bikes,345,258,d3be96b93dd3755002b67b3863425928fb7166c2248a3949dd052e5ee8505592
70,0.75,parked_vehicle,69,51,5860cdc0b4c4153e675b2499aa60e3755c2326a33412bf1d128ba7ac8534d179
70,0.75,dense_frame,70,52,0f86b4c4e44dbd7be8d7b91e17e8f1fc3bf582792c8fc45ae72b4935f6778fb0
70,0.75,multiple_buses,247,185,4a14e26489638c1d49ec8a3710ee7cc42ac89ab248beb7655e1171c2852278ea
70,0.75,stopped_vehicles,636,477,6c715b95221de4512e7b605e1daa7478317dcae2ba77120e25ac6c825dd6fbbc
70,0.75,two_plus_bikes,345,258,91b60b86ac68a702dbb13c541ffac2a6e3f915c41078276b18d442f8540ce7c2
71,0.75,parked_vehicle,69,51,e5070c8ed6586daa14cd3190944ca6f3391797915841524e94a401e000254c97
71,0.75,dense_frame,70,52,bdf673e38c952e7f62b8f4eb0b22b1ac134d7dc6809fc9bfc5ac337878b1624f
71,0.75,multiple_buses,247,185,8212047a4eac47447c6f8dfaf9002ed13dae47689198f014f9adde60eb919d06
71,0.75,stopped_vehicles,636,477,9de49a8f99857a61fb8c5febce77a6c08d1d01c71f2716b1d253e793be3a3704
71,0.75,two_plus_bikes,345,258,fd801e887784c91371bc684f405affdc7de5c98c8f1cabce3c7e58207e758d2e
72,0.75,parked_vehicle,69,51,1cf4dbbcbfeccb687886d0860914e45722ed9a88ba0bfbf00934563694d69e45
72,0.75,dense_frame,70,52,29305c4e875791d39dc00a7e9051018facec81c0be62239a258e177d151fe646
72,0.75,multiple_buses,247,185,5bf3cb6fa2dfe36a079e227f8fd1483e4ca7e7697a2ed875126b8c529c959000
72,0.75,stopped_vehicles,636,477,fc33d9b097b809e98728afe71ac83130a6dd2d77bdeedbb56c4e2ff31d76cb48
72,0.75,two_plus_bikes,345,258,7c13d96d95af550699bf1338f888746e448f0fc4badc5d4c8ed09e0af20d7f82
73,0.75,parked_vehicle,69,51,32f10fa49c4697df2b187c465770e506454cc59816c0c80b3ca36ef0205c220f
73,0.75,dense_frame,70,52,9c86544267b85c9e9ef0d5e9c0c6d094a93979d4d3d588faf87d338ac7161594
73,0.75,multiple_buses,247,185,63781e1e06a7859c6d2ed6d4edeb6ff634cb7a64e386627775cc51ece447ad5e
73,0.75,stopped_vehicles,636,477,ff0b9ef102b03db11d82423aed6368a62a42a32a21a589be62dc4beb67eb5efa
73,0.75,two_plus_bikes,345,258,94cf5b7e626190a956258f4421922d79eb729309c28fb55dad5b0a232bc743b0
74,0.75,parked_vehicle,69,51,5b1c0e5cd97ffcc412467f31ffeda49150da970f68f6d4be39b6314d2f8e1c10
74,0.75,dense_frame,70,52,2bd1cc1067c2c4e1ed5be39dc5b8478ec1245ed172f3f6f9c0967da7a38864c5
74,0.75,multiple_buses,247,185,243543d94e6258b12a158d0613f358d92ab309edc0306b4b2664ff7e7ae3f235
74,0.75,stopped_vehicles,636,477,ca131367321ae4328c447ee22c8430c818f2c11626c332230026835c3a4ef529
74,0.75,two_plus_bikes,345,258,2bfbe382838cc2fed80f6945a4114b8b5e0cd9f0246ddd92ef00a91256cf3027
75,0.75,parked_vehicle,69,51,51dc70ac9f29ba115d1ca9e2cbc1aa9a71fe9dc236f447270217031146b8d93e
75,0.75,dense_frame,70,52,22284213acdbcbc9d11e99df69477eca493912c674a626c133f46a8e7c7b6808
75,0.75,multiple_buses,247,185,01a6d514ad6b35e4cc0a744d1418f2233b548629ac765f67093e5b2c90bd8a89
75,0.75,stopped_vehicles,636,477,4a13001c57103e39ed9f9db8ed06389b3df7e8c5087c7d4ba0508b63884d267f
75,0.75,two_plus_bikes,345,258,c762444c33eaf372bce5746f23ae1c50f057abb6965131b0386345446255d188
76,0.75,parked_vehicle,69,51,a49710d1adf2c6d91532010aed7fd2030b85e67c755171666bcc705e9f207b11
76,0.75,dense_frame,70,52,86d29ef597a55c26fe6660efdb326bd894340d49b81c35b7b213a91ecaf7b19b
76,0.75,multiple_buses,247,185,cdc27ed403a1d468d870f02a7b67701a82cef823e92d1dc296d53a019a0dca84
76,0.75,stopped_vehicles,636,477,8f0c2b8d2a8464b2365bc4eaf5c318f1d36a26503983155b63611dafa90d86e6
76,0.75,two_plus_bikes,345,258,329d04b4053b187e20496fed9b4f1d07329b666a6813dd5ad2329257665ec9db
77,0.75,parked_vehicle,69,51,9e786277745913b99fd80e35d07658799474e25220947e66f8194c332e591bd8
77,0.75,dense_frame,70,52,b3b2b420c2726f764663c5b3288161474e742e552eb550b9dd9db5f751568b44
77,0.75,multiple_buses,247,185,6002ba620f72a2d79798d4335cb3a27b977fca06cb05461a1ae34a35ca4d1d43
77,0.75,stopped_vehicles,636,477,115b3c58d524da33a602d22b7390aed4fe1f6c6db343a37c67460631d02eab46
77,0.75,two_plus_bikes,345,258,39cc4c530ded93c1a0dc6ac082df6c24bf24898be9cdacf4540b8b5a34fb2f8b
78,0.75,parked_vehicle,69,51,d4aaf0fbcff0b2c05670764681c72d6e4e3e2a95428deb35fcbcd6a53d12a146
78,0.75,dense_frame,70,52,51e7280348ae9b7f92249a254895094fa350938e358cef94cd9e7eafdf32c34f
78,0.75,multiple_buses,247,185,fda6ebd1e59d03ed2883011a91c882412e04f5490064814a96ca2b84cb745fc0
78,0.75,stopped_vehicles,636,477,4482faee1279fc6cca248cf1ac0232ff6eb9b693dd17f84c671d0fae99818a39
78,0.75,two_plus_bikes,345,258,e0f33a74253ebe9a9d969688f9d7fe66f9e27056b21a1b09968769520393a25e
79,0.75,parked_vehicle,69,51,ecc015f0e3e89c55de204dd8c7d519229228dab819cfc647d9ad1c0be002da97
79,0.75,dense_frame,70,52,394c27e2f9586a3476fbf6a8a889504126f54438f9a33ec356d657931bc4d856
79,0.75,multiple_buses,247,185,ed54619d8d45641778eb68c32ce9e70f2dac4d6b31e8d53c5ea538c3eb63204e
79,0.75,stopped_vehicles,636,477,4aea214c8a69208cbcd753d3c7771e94cdad20a157d0744ad70c469d10dc7b6b
79,0.75,two_plus_bikes,345,258,8efb856de806e80d108bf00a08f8b46c043a97bc500dc6a297afce5e21429452
80,0.75,parked_vehicle,69,51,7b5e8128b241c9577addc456a3e2ffd328b438416760b5841504cc0411305943
80,0.75,dense_frame,70,52,249da8a16b25406c0d26a599703aaf7d444c7e2b9b5789fdb6d59cf46fb97084
80,0.75,multiple_buses,247,185,af6de3fa2698cb64e6928cab8eb35e7a4090486ee2179ad1f822fbb8ba559719
80,0.75,stopped_vehicles,636,477,2cc9e3d7b9f20a154b08c3c54a2db5b0839ff1c220d1d45f1e0b8c778a54380d
80,0.75,two_plus_bikes,345,258,fa444b31d27f86908b5764894c569518f62ea3922969346e7a658f60d073e4fb
81,0.75,parked_vehicle,69,51,92eeb6a4c4dd40b4fa7ce5d3c038c43b60cc065d0912dbe603f0defa34a263b9
81,0.75,dense_frame,70,52,3e9418261e970944ffd6f12bb776604b7a5958c06efff014cfd7325d1ae401af
81,0.75,multiple_buses,247,185,987205845cb2b6daa5ff4a14c4b567e366f61c25a1d32fa9a8ce6b125758c895
81,0.75,stopped_vehicles,636,477,c315611d5e9d95183c2871383b25e137dcbd74f175ad7918e06bb1724267e63b
81,0.75,two_plus_bikes,345,258,096c4eabc634cd99f8f6c21ce306dc35d3887e2dacd71e130337a00dd9faceb3
82,0.75,parked_vehicle,69,51,fa026019407634f460438d90310e2c1b2ecae7ab50facb5e1ecdcaad19c2a264
82,0.75,dense_frame,70,52,e031536f85133222a45b0828189f9c8be730867b0baf97b198c86797c71202a2
82,0.75,multiple_buses,247,185,a267adde024148af3e290e82768b50e643cddf46555a5bcc84c0fa6c3b58e1b0
82,0.75,stopped_vehicles,636,477,c0424d13f9ed2893597a75b5beee4f4dd81532d304b2ea4a759e0752ee453e8a
82,0.75,two_plus_bikes,345,258,0b540b7c48d430ce7b4be094be544192a157d1811bf51350e491fc563aedd637
83,0.75,parked_vehicle,69,51,481554131a8f4aa19fb0a2dc4c8913f5d0cd45998657a89d306a3c7e27e06f02
83,0.75,dense_frame,70,52,70c5ec8e469fe85d1dff95f38404c556b5f8ca15ec278d52f5595c25f5aa1a9b
83,0.75,multiple_buses,247,185,31f9b0a0206136b421dc9e1ccb87c1b2f1de94eb7f1b1d62177704f092d618a7
83,0.75,stopped_vehicles,636,477,dad27809faa92a69d5c74a8a8c123d3533cf85db5dd7c346d8b6d4819abdd099
83,0.75,two_plus_bikes,345,258,0a4c61e388e6a69495662704e167e840ec39f471e3a99040208c9a9368489ec0
84,0.75,parked_vehicle,69,51,0d4b3a4fb9913d2ec963d442cc1192f843e6e4c985a8f928bc8b017a347872cc
84,0.75,dense_frame,70,52,168882b1598993f7dbdb3a0282c8c38035bb32d65232f2eace7b6c5b319a9480
84,0.75,multiple_buses,247,185,cc56a4dbcffb064331b3459eca5c9e4c22958ab6f82bcd0043d451ec00f272f9
84,0.75,stopped_vehicles,636,477,1aabafca911213b602b73cbe16d50b6673677de414370493312e14422625256e
84,0.75,two_plus_bikes,345,258,5a2bef402a9969105f96a4a0ffbe26d7a26f437be63b1b86ab18881bfa08b90c
85,0.75,parked_vehicle,69,51,ac95ab5f3b45d0f2be1aa2f41734708eae11226f165083e7b062e45965ddd5f4
85,0.75,dense_frame,70,52,922b17bc1d24cb48b33de1d82638cb043d789de16899294f62f00502ede11698
85,0.75,multiple_buses,247,185,e51172cca40317000be48a18c5dda3fb419ba1be62bc469ed4fed78f3c832457
85,0.75,stopped_vehicles,636,477,00e20643ebf4c5ad141534fdd14d4dd96b79750caec5d1fc693b11461f7ad805
85,0.75,two_plus_bikes,345,258,2396e9cadc025959118c237d8c09aa723c0c2cc29ea913ce16708205a7baeea9
86,0.75,parked_vehicle,69,51,54b0590f341949219d039e01f2bdc9620533c91a0c920ae7baadfcf05ea14bc8
86,0.75,dense_frame,70,52,04cfb420e4d6d9dda9390d46a38226b56ef6ebed1f0984a04e5cd02f8f784104
86,0.75,multiple_buses,247,185,8c116e05800c11216871323f5b101b3e44c8c2eca32b4cdedf2422ef44f933bc
86,0.75,stopped_vehicles,636,477,9a3b00d01f71c1fa953191de4fc8df0649fa2c9695974bf31d1b75e370730aae
86,0.75,two_plus_bikes,345,258,12c4ab618f4036f991c78886eb38bb6ff9dba06af1aba664f3b3f8ad9eeb7b94
87,0.75,parked_vehicle,69,51,53d95d52b696b41693410626a5300087df2ce474fd4ac1df175a3235b560b5a6
87,0.75,dense_frame,70,52,404a3ecff054c75be14cd580e5e80f58a42a961b7059bd3847158e59879efcd4
87,0.75,multiple_buses,247,185,ef701aefa0c42d7a03d5c1f2599d0ec446bb6c64eb83d235c4d2c20fd2c69381
87,0.75,stopped_vehicles,636,477,e360b4d993b1978893e6ed80711ced1b051c6263aa659fb624e9ffe4ee3e1d8c
87,0.75,two_plus_bikes,345,258,f89774944cb49ffdcabd4a9b18dbbe4ce12fbe50b85726bdfa564c792c17553f
88,0.75,parked_vehicle,69,51,352c3347c43726058a029c8a41ac3272d262b8d639bef02528392e08698eda68
88,0.75,dense_frame,70,52,eca66a68f2fdef96b743b81d2e70739b4585562ff4be8a6b0fdb37eccd2b29a1
88,0.75,multiple_buses,247,185,db049a572fb38c3c75f8406e271f8724f5a8a56df741bc7932f64293155c7fed
88,0.75,stopped_vehicles,636,477,8b2138d74a280c62f62aece4bc94ee16d654ffeb748e246319a97a6754a4be4d
88,0.75,two_plus_bikes,345,258,d1ea9f816503f5e6324742bc2c5e881a2cf433e0d4ac83b29c0490d1b64cd413
89,0.75,parked_vehicle,69,51,6dce9019e96fb1a16e14b25fa66034ac4e0c622eb772a35ea876e9f9b95b4d1e
89,0.75,dense_frame,70,52,d7a28704b0abd0c2b4d6d4154e6232c46eaf86937cbd860f43154d31d8157eaa
89,0.75,multiple_buses,247,185,b0e75704158e92f9b36b5afcc0544d6e843f0b5cd78bc32d5c85eebd1df7698e
89,0.75,stopped_vehicles,636,477,283ab2c6eaed80ef0f243fe4c0fb0a7fb854bae7a6b34c7f9fbd4e4afc8eae76
89,0.75,two_plus_bikes,345,258,633a5aeb82b0b5013185c2a25b4d41deba75ba0b920dd2cd133f140f74901e5f
90,0.75,parked_vehicle,69,51,2ec94527bd810edfe4d4d4ab4d2bbb7288c7597f5c5b7bdaae34f2323c77fc03
90,0.75,dense_frame,70,52,aaff890f7a1bd54ef8d5edcc9ffe0f6686e5eb95b96f795cb717131299ded93c
90,0.75,multiple_buses,247,185,3a4f827221a469caef19223351def1afe0f5c388fb9ce66dd022e375d1a95768
90,0.75,stopped_vehicles,636,477,56492d5730f6c819329023d5b72bdad9f0bcc4e5558d8a9648238518dc81c623
90,0.75,two_plus_bikes,345,258,0f4456805a4b3f8a2d5644218172fb8f00640cc41880e4224d29abaf68b93554
91,0.75,parked_vehicle,69,51,1a256835a8ce1ec283cf62b9c1c73d5b605477993062a90f788af69e652f4184
91,0.75,dense_frame,70,52,26f88cf54327b30c2b9fdfde6d8d345c87f18c3d21350d997769cfc18e5db1d9
91,0.75,multiple_buses,247,185,c388cef95f40631783edc0274e96da37e87f46d5e0bd4cc3f41c3a90fbdef5a8
91,0.75,stopped_vehicles,636,477,9d86d2cefbb44b1426fa87104998a32255552814eaf17aaada55f98a0f69fa3d
91,0.75,two_plus_bikes,345,258,1bd16a03341f74bc0c992c40c6041a981b86b4dba68cebb912f0a74e931d1b21
92,0.75,parked_vehicle,69,51,5d9b9a4930624f5d05f22abfa634c7e4f32b813af4cf595750fc9899622865cd
92,0.75,dense_frame,70,52,e983a1f4567e9650cbb4f9d183de9a644c95c43350fe0ddf081cbe7f75918d83
92,0.75,multiple_buses,247,185,c28dabd78c017b9c76f1db5a0590a8a4bf2bc782a077a4b6dfc92bb2b09ace9d
92,0.75,stopped_vehicles,636,477,7ec9157af2eebac9591bc304434a43e416cf8efae30941590fac30d30b1944ee
92,0.75,two_plus_bikes,345,258,34bfa33964a5bfa2a89f47ffef4987ec11b3996687af627fa1299c0844fc8c0a
93,0.75,parked_vehicle,69,51,e372d347532c664d7a7c9725c69d6a8c6548db0e6e8bb6142320375cf0963121
93,0.75,dense_frame,70,52,3168c5015002450e5ec3f95d877bfbf56d6cca4a88df6138c01c48f6cedf20fe
93,0.75,multiple_buses,247,185,1ae41112807e40d6a1a2ebfc14b14820aecfd4fed30d7d74950585490a0dac3e
93,0.75,stopped_vehicles,636,477,a20ad3c8510227d15575704d1583a44812dacde602c5e07c676756a786918de1
93,0.75,two_plus_bikes,345,258,ba0a850a85aacef9a37893980361e02deed113d60a22bb5cf4d91f8a297fd2c7
94,0.75,parked_vehicle,69,51,bda6730b49d2ecf8b9c3aa8ab7f0ab21ef464f967e17e06ec7f39e51fe47e8ac
94,0.75,dense_frame,70,52,195378534091cc763180309a2d2fcab645157377cd9a4aeb8ce0415baacfbf3b
94,0.75,multiple_buses,247,185,22c5f4347a52d86416908d47c827949c7045fd6ddb2505066c8de22e71061d03
94,0.75,stopped_vehicles,636,477,488ec5c6bb5174ffb74aed9e5e68125f36085433621075bb5bf2c96c5fb5f7bb
94,0.75,two_plus_bikes,345,258,03258cee354acabf707b71cadb099f7e9a6feac1da427038ed8d72693cd4924b
95,0.75,parked_vehicle,69,51,d6a7abdf83083d4a21abb73f279b88b9f5a34aeb34c574a5433f9bb4587837bb
95,0.75,dense_frame,70,52,9292d258658420381ac237a344d908f865c4713c26d7d18d3f509a9dcb744587
95,0.75,multiple_buses,247,185,b14f4e949341beca3a3de9c5e4d9e92cad32c62bfc3e286b53b4230c716e46ba
95,0.75,stopped_vehicles,636,477,9dba01131413886ef5254d2f1b9757663801bc3593d79dbf883887129f3f352c
95,0.75,two_plus_bikes,345,258,482bfdb4a9d60ffefc9fb95bfc773beda9bf9a355381f4195e88dba0390a0dbd
96,0.75,parked_vehicle,69,51,af68df12ca084bdbdaedd54cdd958a38d635e7829cc618bb49afc8f937f35deb
96,0.75,dense_frame,70,52,224b5f99b4b9fc312137c1d25ad1d6b4b32fb9021e77fc146661628e74a125ac
96,0.75,multiple_buses,247,185,062b44522e2a50023410b5a75c696343fc967ac02a0a4d572975632ab4f4341c
96,0.75,stopped_vehicles,636,477,1caa2d5c37c8bd79f7729f554ef4eb128c960c5936fbbc9b64cbebd779105e48
96,0.75,two_plus_bikes,345,258,2142362f5658f27f642cd0d1a3e1140eeca5a98ae10a7db3ce803656a19aa545
97,0.75,parked_vehicle,69,51,3b9d7081399560e4dcf7f72559a049bd2d381d35a35bebd45fe9e18428693e23
97,0.75,dense_frame,70,52,0dff7842de2ac5b48068cd72684182735f7635c49c34b8833b880b7d13344c11
97,0.75,multiple_buses,247,185,e23a98416684c9805f612184d7e8d120e14faf174a5953ca1ef0e79247dc07ea
97,0.75,stopped_vehicles,636,477,a014856b6ecfa6bcc01e567fc0300b4500f4db55f0c903f2c3819c1e87e2572a
97,0.75,two_plus_bikes,345,258,b48892594899cb2d4cda8a14b605fd5cb770aab4aacb1b2c2a9de189dba6a0d5
98,0.75,parked_vehicle,69,51,4d5b4b7c11d5e384cec1d73880129b564c1a9408aa2a4bf53bc0908286f3f0c8
98,0.75,dense_frame,70,52,632b36a1b356a7474327775d3f372b97137302b1f4bfcca18de836a1b117de4c
98,0.75,multiple_buses,247,185,c6980ed76b4509030931917532f7c161036980b0ca78698000b483dbe9c142ce
98,0.75,stopped_vehicles,636,477,1219d7c727415f97af099d1a7b8cfe32754240a76d476384d32c9948c1f895d1
98,0.75,two_plus_bikes,345,258,85e87e19d4ae5a0d7d015adb84a7e923bc7ba56c37ae64fd6f7ba72b72c1a55c
99,0.75,parked_vehicle,69,51,7ec2802d8bf2c91d348a8027a470b05b2426c7a662fcb50f887bec313011f1b3
99,0.75,dense_frame,70,52,4c96c241b2979bccb2582688c6b3441fe779a19209a1787552a9a36c5ef3e48d
99,0.75,multiple_buses,247,185,41ec50b9f97f34198194575e1478b4198ef25b8526af1bb9b928cddc894653dd
99,0.75,stopped_vehicles,636,477,f48725b8d6c46380500906bb271db0e0c1f9789a8c8e1d7b5a2faa4d806b6758
99,0.75,two_plus_bikes,345,258,f5403062a7395128d86492b742584adc42a30ba3e3e364793cd40613e4f251dc
100,0.75,parked_vehicle,69,51,b9fc4e0ab481632e626a3b72bb8debe631f969f84ac663d4d9849effdeae8257
100,0.75,dense_frame,70,52,1c4e1cc88efad8b0afc078eb876ed0519a48a9e03b75cb9caf20bae262dbb661
100,0.75,multiple_buses,247,185,82112d2a43869b73e12a42ad46e3899f0938791d9ac6b83d94db8a7689a874f2
100,0.75,stopped_vehicles,636,477,f55a247d9f40c7ab700eaddaa718aa9ab308c526a80a9cad8e6278180aff9546
100,0.75,two_plus_bikes,345,258,0843f2a763bc11b4b93a07070bc92f96e3d3df1e2fc9520638d62ee3fb209aab
101,0.75,parked_vehicle,69,51,46d0dd983e6b76d5e7741ac7e100f416b7a880cd78ca0b2097ab96c73053fda1
101,0.75,dense_frame,70,52,9a60c835dba11dd752ae600b0db6489a8798d5bb0087831ff8efaad2689c9937
101,0.75,multiple_buses,247,185,f402fbb9e7ca92cccc7b76abd2f995c8d12fe9e7c114edbee9d17671dc06ce0b
101,0.75,stopped_vehicles,636,477,1c86a0f318db021443d941586fe408758b949114627de47255136d90074f264d
101,0.75,two_plus_bikes,345,258,9362878020d0581762fed087a6c56d35dfadbc93d85e7c5f87b9ecc513073cd5
102,0.75,parked_vehicle,69,51,878436b925f77aca26c95203418f219d56ee42e0305c845b3af3b8bbca4d5e67
102,0.75,dense_frame,70,52,853a85f6d1b778ceb706df3e9bc66ca72b68987ab248b28bd34d8976145661d2
102,0.75,multiple_buses,247,185,1cf90104b789110b71ab0d2f86a61dd678ac058dbce0856e46519de41b4a8bc0
102,0.75,stopped_vehicles,636,477,8b57d5cf1a60cb1e84ed06d22102e4005d63361e17baa54c0ed217b117f32cd7
102,0.75,two_plus_bikes,345,258,c96abab59920c9486b9d9ec1d024111acd0c5c4c6f96e23845d86752b0fb2573
103,0.75,parked_vehicle,69,51,6a86c3aee93af152ef87264c426818753063aeec27e63cd3f446d1e9044208bd
103,0.75,dense_frame,70,52,46872a7d4129f48aa28cc11b8f670c05794d7592df4e0e86918c2f0ab82d1873
103,0.75,multiple_buses,247,185,c8e9c6c6bc14ebfa027b8805f13e48e307454d1fd4101ba62a77a124295c495a
103,0.75,stopped_vehicles,636,477,c2836182b8991d34303064e2d4031808ee7b152e0964fca82c5e2d362df9e3e6
103,0.75,two_plus_bikes,345,258,3312192005a97d690e1d86ae822655eb26ee2d4e871e2eb52354786d4f15f530
104,0.75,parked_vehicle,69,51,2dea25145d08c8fb5308203ded3e38c6c8eafcf32fb1269ef6a858d452d5430d
104,0.75,dense_frame,70,52,2f750eceee3ee48cf9545464cd95c506823161e61daeba8fcb67572da0004ed5
104,0.75,multiple_buses,247,185,f1a0e92198fb44e9303871951240f474d711a1107dbcede769d553fe698c683f
104,0.75,stopped_vehicles,636,477,025fcde9572845f833adbdb8c414a720e975344897fd30e5da180583e9030d29
104,0.75,two_plus_bikes,345,258,330d8f6d4046e2b834bc6b85a43c9fb1ce9539f90cfc121d1d5750ffd56a9dcb
105,0.75,parked_vehicle,69,51,c92f0663a805ac2e880d71940bad8cbda007d36116c064d5a842bd5794356fc2
105,0.75,dense_frame,70,52,97822e15b1f5980e8ee26d1d91c840419ea2e52c6c5d7cb87d0e205cc2601da3
105,0.75,multiple_buses,247,185,762ad49aac32a2ccb55a7c0da48f267d9df05827198ef3457d9bedd57ce34e1e
105,0.75,stopped_vehicles,636,477,5416c38ad1c9dcf841ef1d0a45b7638b0736497c5fbc8ff18d4110986c883a69
105,0.75,two_plus_bikes,345,258,78fab09ca990ce63f78c65b0c51510131daa1fc842633d015af345bdc41a2800
106,0.75,parked_vehicle,69,51,e7ce98a9f476ef640c6778b7f83f38afba472bdbc7cf5b4778c59ce5946963ba
106,0.75,dense_frame,70,52,32dfdb9fc4383292542153314bea2f012ee48dba1e306fa2b9d0c526b9f69174
106,0.75,multiple_buses,247,185,e86c8f40e62f8c142807138e584a808a51553576dd3f389e894e019e88c7fa52
106,0.75,stopped_vehicles,636,477,7f081b028314357c1e70f3e44e54235c5d3d9aec91393fe750c72397febfb5a8
106,0.75,two_plus_bikes,345,258,a3c5beee0c3df85a0c6fe69b2dd197f114ee86c1c637913db4fc66f862d9463c
107,0.75,parked_vehicle,69,51,79e3affee116ba4107d7d620ad326a982fcc8d931d718aa304bc33b53c2ad0af
107,0.75,dense_frame,70,52,9b0462eac627f326576fe8563fef8296c38c0a84234a7dbc29f44664f93c1167
107,0.75,multiple_buses,247,185,d72244376ee376109e63cf82e8858d265ebd58b9fa1b312d988537cbcdfbf059
107,0.75,stopped_vehicles,636,477,c21987bcebd5e84b29991d8cd4ba2c3ae3b439cd70b2152e641978c9468d6f38
107,0.75,two_plus_bikes,345,258,4743ae50b2b0431ac0e9183937f88253f7138b110c539d63036c7528747128f2
108,0.75,parked_vehicle,69,51,fb62faf400eba7b7d3e2bdcfb67588d2253c4e8ffc3c389366a5fb89cc23c1c1
108,0.75,dense_frame,70,52,4f9a1e58dee0f817a9dff965dcce120ea7ddb2c8a469b37f405346ef5d4472e2
108,0.75,multiple_buses,247,185,7b46b8df20e6c00102aeea75d99b466daba77aade5ce1ecdabb9d113c7335ccf
108,0.75,stopped_vehicles,636,477,10c227931e4d1c9fe0ce3c6234d5c92bec87d348f2315eb26b7385a55b744752
108,0.75,two_plus_bikes,345,258,f7bf3c16efc27914ad585d7686de62c532b515384d2ae689a0b64fa9008ec673
109,0.75,parked_vehicle,69,51,3da3c374df05ed4e80235b9a012e40659cca568bb1183f5fc5d238054cdee0e1
109,0.75,dense_frame,70,52,b216e02d8d27dd2c184f4e72d2dfcfcc7c439e178a076e165f0b1982f678813c
109,0.75,multiple_buses,247,185,2e532c4093a0f8956830c1740da42b99412ccbc92b916e6d0615c83302d4e072
109,0.75,stopped_vehicles,636,477,5f2a415891706eee86172feb750368e029f3b62f85a17eafb28fb228a7da4fb4
109,0.75,two_plus_bikes,345,258,9dcaaa8adfaf9fd984b1b7136809f4a90408595a5e4dc546b526be2a3b8a404d
110,0.75,parked_vehicle,69,51,f4a49b51bdc9900135167c1bc779021ba3785e6b7a225a57eb0862723cfa7552
110,0.75,dense_frame,70,52,e63da79eb90e5bce75314a90328f56831c7ecc87ecb04c65636805cecf3b71c3
110,0.75,multiple_buses,247,185,e6d5c91878551dbdee17e8c5710a01f6f61a928be35fd11c68c0582157848ab0
110,0.75,stopped_vehicles,636,477,fbe50415454bf8b7792a94f405145edecd536e712b9b42069164b93955a4130e
110,0.75,two_plus_bikes,345,258,6812ca9d3c81c99abdc5743d977a18f68408288e0ab6cfd003ad454947f5e974
111,0.75,parked_vehicle,69,51,9678810355fb1e20b44ca78708b781bbb95de046d0088b3c03d94284544e6ad8
111,0.75,dense_frame,70,52,c6b76c97d2f9b269406ce53fc621e8fe31d7409900e0671e6e7d1c32156889e3
111,0.75,multiple_buses,247,185,dae089682f786ff292b7028c14e8257dea87cbab4c6b7b3d1a00c5959cd7e63c
111,0.75,stopped_vehicles,636,477,5a054cb9c3cb24e40a27f4ecd4b2b16e4afed4fc10200b191b03474a027f5bc0
111,0.75,two_plus_bikes,345,258,d9fb542f8cd3082bfc9d65cf537e88881de381053dac6adca703129f2a081406
112,0.75,parked_vehicle,69,51,9a89da73156fbcfa3ab0a0432d38b46e3c18ff6ba91bbb0d5c368ab558c41f95
112,0.75,dense_frame,70,52,c0d0d537c8a92b6066f04af1480899925c3111c36f212dc603d643a8f2c56b01
112,0.75,multiple_buses,247,185,200d00929fe96e30231ca0b6855ef1ecf12a9cbbac963a07f2fb748a2240f8a7
112,0.75,stopped_vehicles,636,477,d9b7f1cc302cf37d67c5699a785be22c3c33476592bfe6fed9955dd51367c608
112,0.75,two_plus_bikes,345,258,34be04690ab8191988fb48b32bcd7f1f49ed81e6bf943d983cd2f6998775fca0
113,0.75,parked_vehicle,69,51,88183c7277639215509ffd5356ad87f8675ecd39d8992c5e323347ad887b54b3
113,0.75,dense_frame,70,52,28520fd6a73c52d90d955ed6d1cecfbdbe5416d0413305f431137af8372747f7
113,0.75,multiple_buses,247,185,f6aed63f4b7b4343441796374bbb984dac25d038142a7485a9dd98877e58c135
113,0.75,stopped_vehicles,636,477,8ac8fac2329d08a0e0fc4f443aa009afb00eb3bfc2dddbe71b9915b5c37c9b69
113,0.75,two_plus_bikes,345,258,62085502cacae7e547118c41031655aeb081de90f848d91f45bcbded85c77ca4
114,0.75,parked_vehicle,69,51,b05b08009171a0eb975d3d8c794d895bf7a39bfc0a55add30a7ea2351e7fd38d
114,0.75,dense_frame,70,52,dee27ca7051a4b5bad3c81b1341135d1a1a5f8c7ba14c0454f77280a652095ed
114,0.75,multiple_buses,247,185,60c3c1088cc5bf9c9bb946d328c0b12969ae798367062144e08c256f4361c827
114,0.75,stopped_vehicles,636,477,6123a4f05e88985fac107e666f1686ec09ee06436225857d564aa63eb031d0ab
114,0.75,two_plus_bikes,345,258,29a1a4c776b9b5845e575bdff5d3495db730742d2a32f790edfd3ac398d9ac55
115,0.75,parked_vehicle,69,51,a3b68482637aaca6002ed16a6cca534f862f77638a31d3cb3e0ed4d31e9222e4
115,0.75,dense_frame,70,52,02c9fec065b3b53a86d291ba38f3d891cf93f0193473972386853273dfdafe5c
115,0.75,multiple_buses,247,185,423a69f724cc131cd8b9f8d61567d6412d6e41cce2746391c5d5c84992797064
115,0.75,stopped_vehicles,636,477,33092d674db767de1946e168065f50212a49ad7f1d16bf0b2f30769a8945c500
115,0.75,two_plus_bikes,345,258,5b036003c99edbe493c0c2dedce3773bceffc0e40980c45f2a29ecff6b972756
116,0.75,parked_vehicle,69,51,2bc6a43254f7e5c517d16061fc4d68102b8a4d5d744a61495d1570e3c970d9c4
116,0.75,dense_frame,70,52,2f3139814e870efd3109788802d983fb8ad85b6f8ae3e8a9bc989fcdf49954ce
116,0.75,multiple_buses,247,185,319c049695291af99c3c2bc2612bee36ee23466d9c701551c39e8f312f141ee8
116,0.75,stopped_vehicles,636,477,9a852a26d050fba3eb0642c13ea1d8d82d4b7005ba7e67865c884ddc739d1ba3
116,0.75,two_plus_bikes,345,258,f0a6ffd3d3f2922ef29b5de3d098dc15cb9b95228558ce6d8baa3466a64c1fef
117,0.75,parked_vehicle,69,51,1642f0adcc2b80e5d1165b811e538eb61089936c77d43c7b090160fcec8f0821
117,0.75,dense_frame,70,52,3ededc5be30b68753e258ee018eaeb039b7cfb6e00c03d585ca889ef8314c15f
117,0.75,multiple_buses,247,185,5b24a569028979a8bd336a252ee7365c23ec8389b5cde2da0822e5be7918436f
117,0.75,stopped_vehicles,636,477,5bc432ab44c2b1141eb2382821a9fc8b462419a12b59a28e15d03a15ff4f1d18
117,0.75,two_plus_bikes,345,258,a44c9174110d570314007f724cf9c8a460bb230860929a250f7694e067a74025
118,0.75,parked_vehicle,69,51,d659032f29302a03b16d5a8f7c06caad1c7d27cc4069c3b48ff2ae9c137ed882
118,0.75,dense_frame,70,52,b9dff07a9387c80c6fa0e46075535895a931cbb7a221aa5e419e65927676720c
118,0.75,multiple_buses,247,185,09bcbe3db9e45cf215de4676e547fd4a82cf7ed0734c4356fc388a8f6cec90cf
118,0.75,stopped_vehicles,636,477,f2b32653f85703b9cdb108dbc39cda576a44c1c4ebcfd9ef81de50d722ef119f
118,0.75,two_plus_bikes,345,258,b61b5c8f93c2f3d73bd5657f86faa25c6e45c78c7db30fcd3a8a5922c6538f3b
119,0.75,parked_vehicle,69,51,964ef6e39de15ae2c1faa42e1d2bc9d609356c67d58d2c323ed4882eab63cffc
119,0.75,dense_frame,70,52,a4cc74a16db30ecb4165f06f3ed7e4f251c99aa8228f1968636245ea51280c87
119,0.75,multiple_buses,247,185,a063b449f421f791861f23182369535aa98dbcea6f950c0ecc3c27cf1d8d03ab
119,0.75,stopped_vehicles,636,477,46f225d6c9d5d82b2ae9a2aaf492ef7aba642be4c17be8bf32b6b763f7c214d2
119,0.75,two_plus_bikes,345,258,03323bf6b1daa176c6634dcfba1af9209d0001f26770fb3dd6f26e1839d2234c
120,0.75,parked_vehicle,69,51,8d27de34f29e01436eaf29da53261aaa8153815a54cc5a5685993cbc026a7c75
120,0.75,dense_frame,70,52,dd4fc05819b93e974957e414986490dd5dc7798f8d9dea0a6d0a1d4d7911d64f
120,0.75,multiple_buses,247,185,21f095564f5042eefba4efd32a313f98844a911deef05dea6f82b9a43a781484
120,0.75,stopped_vehicles,636,477,d01e4689d0eacb94f143a824d0bf053dbe0c4a272bcf0c1af592d3765c963b06
120,0.75,two_plus_bikes,345,258,fa53aeff9649f3b6ddac949f56c19aca717da102fd4717caa8f7bb5a4facb633
121,0.75,parked_vehicle,69,51,c901348020506ddafd2ecb4fb7f1eae7592b6a93adc2b4c25e95a485149353ba
121,0.75,dense_frame,70,52,b25521bad808b89893a24ef85fe771514131ef179a405eb26c0de0e19fa1d01a
121,0.75,multiple_buses,247,185,6149a15b8a0bc028852bcb5ef824c7dc5813830cac1ca1ee329b4dae4bd8f655
121,0.75,stopped_vehicles,636,477,215b8f6280af13ccafabe1bfbbecc55e576d1fd3be94b6e045ceed3358a99c46
121,0.75,two_plus_bikes,345,258,c6a9202dddb82450009e84a4e4d9f520115870e93a4219b20505a55c749ad560
122,0.75,parked_vehicle,69,51,0fba685df7cb86c24f45c7ea1be660c6a2b71cfa08d1c28ba2275c36d8fb4419
122,0.75,dense_frame,70,52,e65e1f42942122cdd2f068840cd3aec2d0af4efe7c9b41f9d49ea3de02ccfe13
122,0.75,multiple_buses,247,185,9d482c3510a1a66c522a2ee8199aa713d5e58b634e057a61d5a18e4ce465a1f1
122,0.75,stopped_vehicles,636,477,d4306073299d2cac50602eb42c8938687c1e58729bf3252e278a509d7497808d
122,0.75,two_plus_bikes,345,258,e926e31fdd7de5e527e68ec691ae24edc4baf109de62f5b778a54fc871d19686
123,0.75,parked_vehicle,69,51,a8359174dc1ffb3a75673c946dc5aa8b7a032b2917953ff5be0e98f51f9b1c4b
123,0.75,dense_frame,70,52,6a9c18ce8432852a9c6c0eb3fa02a0ec977a0307c4740208d9dacd3d89cdf958
123,0.75,multiple_buses,247,185,7aa2a1040761a56702896e70075f6dd81942346044cdb822c488003e6700690d
123,0.75,stopped_vehicles,636,477,ef77ffa5f01c0c4188f60fd110ef2b67bf404c739120ec3f0fa6f987f5e81e9a
123,0.75,two_plus_bikes,345,258,62685434ec23869a20112da0ea1e8b62579ea0084b39251b7feb17adfc02141b
124,0.75,parked_vehicle,69,51,60d874e5515094381a5bcb83a42c3017a0fedc8b6e47117bdd982d567c86c6eb
124,0.75,dense_frame,70,52,ac6ba77783775c6347fbb246a03cd693569360474fa82e2496245bf5cee3b186
124,0.75,multiple_buses,247,185,a7dbfb3265300149b08e856546f5256da1efa3bf67e1d75780e64689c56e0de8
124,0.75,stopped_vehicles,636,477,d0898fc8ca8133a31c0ab5851e6452ed61d94c5d470cd4c11e2e3ad65e3005ae
124,0.75,two_plus_bikes,345,258,6a4418a145190432af6632a113202f38105c0ca4f580d353f31f2ebf560bce05
125,0.75,parked_vehicle,69,51,c9fcfbe66c21f27432592f64c9de9590d75598b56750d446a32075846b7d850f
125,0.75,dense_frame,70,52,6205922b2bd88d15bee5f7a2d3b94ab568f0d2c57cb0f0df96b5a1482fb65eaf
125,0.75,multiple_buses,247,185,bd5b79b4a07c94dab13ec0f593fef044ef3a9e9dd29deade66f8a5359fadb708
125,0.75,stopped_vehicles,636,477,4e031da9247f27d2a62c626bcea912fecdb735a9b4f6753fd2775bba37a1ff79
125,0.75,two_plus_bikes,345,258,c8c5ccc7ead9969af7ec2a7560cec6ba487e65761bc538273e4ebd40b9c80dd1
126,0.75,parked_vehicle,69,51,f003d06ad6941b8d89a15fe41bfe56d6a8b2fc1156b7120616cfe52603340293
126,0.75,dense_frame,70,52,9ae8c528dde35a8c8b4660a7a265f8bfb775ef9a20e7d72bb78e5dd7c5732203
126,0.75,multiple_buses,247,185,1ae9db598fac9775903c2c59e5350c2975b07e92512b986d897c5378e1f176ce
126,0.75,stopped_vehicles,636,477,3a759e5e10c5309d3ff8a5017d37ad35e8e7e92d9158cdcbded164e1a6d395cf
126,0.75,two_plus_bikes,345,258,8295c40991be19de2413499f445c6917c97f8f0f67493c36e29772dcb09ea311
127,0.75,parked_vehicle,69,51,302af822a5f2b320506252ea23907b491b113d77696219c25dccbc7fdd946b86
127,0.75,dense_frame,70,52,28e980c5ed4483df2ed86f5741729939e3c140c64bda233a443668a59cc710b3
127,0.75,multiple_buses,247,185,2286ed93d925f3cbb62fa8066d1aa5dfdf1bb89cee2800e2f8c7095a2a25cb07
127,0.75,stopped_vehicles,636,477,8a0128fe774f5a7f5386d87c6512b714be5d8f21d257799575dfa89eb648c0b8
127,0.75,two_plus_bikes,345,258,ae28149c9f8aab5aaaa1754e18f5c5aa1852cececb7e32a40d12e42c3a68dec4
128,0.75,parked_vehicle,69,51,215eab0eac91434104eaa774c5d839d22fce4a0357fa10f9046e9269e94ce8af
128,0.75,dense_frame,70,52,fc91352237df21259dcbaa001cf3d48a63fbcd68d9671b4634e62e13dd497f61
128,0.75,multiple_buses,247,185,adcf0566593ae059168d84e162d4cc7fbff8e9ae03f44573e7abc33445bd059d
128,0.75,stopped_vehicles,636,477,f8d5cbd70ea1b18d67febf6a2dc4c6b8a3d7ffb26d80a5716bbfdc2ffb1fcc80
128,0.75,two_plus_bikes,345,258,e444b661bca7f7899df7451dad8c948f2c081a71bd94187dd6cc0b5f054d0cc7
129,0.75,parked_vehicle,69,51,3376561ebf779a2d948799c9d6ad542b17721de3966f11db187ad3e7a1c2d5e1
129,0.75,dense_frame,70,52,6175545b484746a6c457f66630e1280b1e4dd12d41001603efd8ac35af9c17c5
129,0.75,multiple_buses,247,185,6539836c27d474fdbb9a53f56c7f32c6925e01c2907e9978c559ab19b7886d5b
129,0.75,stopped_vehicles,636,477,360c25d409aae86f31a24e99d9fe98201187c0802a681dff02b634b43e7a9c54
129,0.75,two_plus_bikes,345,258,fa25ba3d4df76b3158cc551f22fb13a981f9a01a0e9db43cace32ef626557958
130,0.75,parked_vehicle,69,51,b40000538151398e22c500777f36c8d07af2f357d445c7978f3d6b11d2813f01
130,0.75,dense_frame,70,52,f911460225fc26fdfbf09bbec5f443a790944606bc229ae7f70ad4bab36f8f41
130,0.75,multiple_buses,247,185,f14b1fcd976d8df3ba013616d115cd3fce07e1c45c46fafb9bcad85154c1746c
130,0.75,stopped_vehicles,636,477,0b6f986ba54a31c224915e60e0937c4a39d56ac6f27e7bd3a62443fdad843979
130,0.75,two_plus_bikes,345,258,9dec1441bbb1cbd5a241f88dcf317675bd97ec0d09f340979eba2004a4b232b0
131,0.75,parked_vehicle,69,51,621b22e818ced7f791bfa8cd598a6300c24e9ff63aec97af4d06411f9822f99d
131,0.75,dense_frame,70,52,4cd345b859253a61971e7b2600e5468a6f931d689165b6232f6824b9bc40ccf1
131,0.75,multiple_buses,247,185,fd162c78672d681c95ba8170980816be6ae0e95df7156941219c9b33699c455c
131,0.75,stopped_vehicles,636,477,ccf71f4ffd304dbf849ef4f8cf8cc3eb08e5a2046946ac185b999163c256dd8b
131,0.75,two_plus_bikes,345,258,51a3430dc2ffc6e91826f7488fc63d11ad484705c8b90b0f0878e3912d62f2ce
132,0.75,parked_vehicle,69,51,78badac14999a538eff53dc3c49077c034aabde6a7423217df80e06ac5de0e7c
132,0.75,dense_frame,70,52,75380a835dc33537e0a2df63320db20e7006915b9141fad17424b57b70e9a6d9
132,0.75,multiple_buses,247,185,953ab168f2256486de5476f58547fcfaa1c6dfea34c2581606321e7a4c710889
132,0.75,stopped_vehicles,636,477,7102bd5f27ed26622766aae09edf8003c995e453899b5a99b15c9192b8ee62b4
132,0.75,two_plus_bikes,345,258,62569d1bcc14974fef0bee0b6ef3e11ccb214ea383180461173935188dac7cc7
133,0.75,parked_vehicle,69,51,db3803bc9f8532d694204b91cb94e2d99b2a002ccdd48958051a6ca7dc29a935
133,0.75,dense_frame,70,52,dfe6b62f6651df0a9c7394cc9afcefcd9eaa117a0341df26c6ed9b7d998b0db0
133,0.75,multiple_buses,247,185,3f4523344557b74b04d08e625fc47bfdb3205e81833d03029405ca649be87ff0
133,0.75,stopped_vehicles,636,477,88ad433b898d201ae0214c0c6d608c1da132a0b2eb5a850648c6135372cf51be
133,0.75,two_plus_bikes,345,258,f5eaca8e675291b4e5e21ced67a1175ba4cd36704d2972380e15537e3c3bc5fe
134,0.75,parked_vehicle,69,51,ac64aef2a4fe08de897c05a56dd24dc709f749585fab59d1346aa302680aef2e
134,0.75,dense_frame,70,52,6a9fc3312afa0e09accd4ca9c7447d7c9a892aa59a9bdfeeb5c818fb6d796848
134,0.75,multiple_buses,247,185,b1270a7383232af672e60d9413eeb7be230bcb8d27c971fbe6bad3392559e558
134,0.75,stopped_vehicles,636,477,72a674328c0a7b662c56e606f26b9390be4de2637c6428a905f6c5a44477b360
134,0.75,two_plus_bikes,345,258,08a5549ded1a5eaa83af8497d00cb4f6cc0fa3223ddd9fef9095bc63d7714651
135,0.75,parked_vehicle,69,51,30f90ebedaaf63a1aa51da31dde0450f85d4fddd249afade948e3e88af3234d4
135,0.75,dense_frame,70,52,518a27b9eb1ee4f872cfc889cf2583134ac0cd67fda6643fead5eefd9ae567ea
135,0.75,multiple_buses,247,185,c27925a122adc494208deea43c726a2d32c72436999b8d28f1c5add62f114e42
135,0.75,stopped_vehicles,636,477,d93d77dfad95f5cd88e2f75b7ef5207301c5f7bb3eab0ed83dc3c77d60d3408d
135,0.75,two_plus_bikes,345,258,98071405c3a621d379b650f8cdd61801e2ac570bc18149751ed54f13933343c1
136,0.75,parked_vehicle,69,51,cb3b2d7f650e3fa0e7511ca645fa85842883ec96d4f5e0a8bb6e6b4fbb8fd57c
136,0.75,dense_frame,70,52,f45dccaf5beb7de20da4b5b3dcc86ae818d769badcf6c39d2d0360bd3a3faa46
136,0.75,multiple_buses,247,185,ddbcf1442e85b935de0414283de62aa448f3501fc632d197071f7ebe7f63752c
136,0.75,stopped_vehicles,636,477,e4b2732a4da4c6a3fb4c9792c8b7fae8157dc179f5495bc0dda709e4b49c0f6d
136,0.75,two_plus_bikes,345,258,3c0945fe6cd375dc019ffb7c7f9be71528f38ef852a48b20839bc1e922f2b26a
137,0.75,parked_vehicle,69,51,15392bd39530f47a396583ba28729b945baae025c29bde01e5cb3709dca1a070
137,0.75,dense_frame,70,52,780a2d4929a580f8cf9f40b2e748f92fafe8d75a8233635068b4766eea8c3c1e
137,0.75,multiple_buses,247,185,fb089e360d95ae6d222ac3bd3845ea1b8580f76b742844fdec5976fc32918eba
137,0.75,stopped_vehicles,636,477,81373cf8f739ed9d699f0908baacd48afa4ed427735188489ac1b2f67630a46b
137,0.75,two_plus_bikes,345,258,0a32e781781566ee17f2783329bce50626c007da14a0838cb91fa436ddf08f03
138,0.75,parked_vehicle,69,51,da28f8bef00b9816c3f9e03d5bb53ce806edcc0c68afa1e15f0b1cb4059a5651
138,0.75,dense_frame,70,52,2e948a3b59ec335273062692a081468b10525d1a172969f2de9f485a0a0023a1
138,0.75,multiple_buses,247,185,43f6a981cfcac0c6c44dc2134a69b035f5d33e9df64795adece141b82a3936f5
138,0.75,stopped_vehicles,636,477,86e5e22dd938dd176b0734ddbd18a4b22a25be45c8cbebbae346f8b6c2ebc89d
138,0.75,two_plus_bikes,345,258,a2ff4f0812caf1c56bd09a0597c62dad651de43bca7acb37a67040679be2103e
139,0.75,parked_vehicle,69,51,ad9dbade2a94a85facb49646440b546bae25a331e67d5e22ff9d95f9e49a1220
139,0.75,dense_frame,70,52,b4d024a25b9d3f844bf8da21bdd2b2e0a2e5f5d6897b4ac30d65f1f11e416e09
139,0.75,multiple_buses,247,185,c03d85f650e8724b23e83d52e16e5a020c74b76be5814d13f0c27f3ca5b7e272
139,0.75,stopped_vehicles,636,477,e920915c7fc34d2a337aea33247611c2f24683441f0306de82f67433165fa692
139,0.75,two_plus_bikes,345,258,f77d168110038e9135b3a26f978500217211319060e7443b6376867b06abd844
140,0.75,parked_vehicle,69,51,f876e9d4fb9413b02ff84a8cec460b5b3be16766c3710c7b9233fb82c2955b1b
140,0.75,dense_frame,70,52,2fa001716754566ad19223549ff67d301fe41ef2505fdd33ad10d28b0d8571ac
140,0.75,multiple_buses,247,185,570da7f3061ca1d0a6b63a907e7ceb6e4310536987893194c18b0a213998cbf5
140,0.75,stopped_vehicles,636,477,7bbaee76be8ee9da2d778e9ff7734ae14f9b59e914ac4bc08f6584c6d73e330a
140,0.75,two_plus_bikes,345,258,c3c49313a366cca04ea1f6dd3f8d8816e04f15f0eccbe95f2cc0cf9403570c7b
141,0.75,parked_vehicle,69,51,c3811f2659246426cb00f64e2f358c570cb1c71f552baa40571d772af20cc77e
141,0.75,dense_frame,70,52,f68b6e948138380ec2ceec4269f744249d346b595b39d822759937011e9026a9
141,0.75,multiple_buses,247,185,f07a3cadb8c392936a7d2c01cd4c96da9ad7de728a06809e07c51b05506f22d7
141,0.75,stopped_vehicles,636,477,20b2c30fdcf4057bf756ba79d0e369128ea4b85fe016ee996c844f64967d7143
141,0.75,two_plus_bikes,345,258,9ff58dab8df8f7e2fe8d16145ab666d9d5b54149d0e4fa5c8e4220fba24d95a6
142,0.75,parked_vehicle,69,51,d206b23dd7494d6d9f7ce998432b121e768c55f52a5d28a8644fcd084531250c
142,0.75,dense_frame,70,52,8a254f36e0d6cd30f1caeadbd6c49dff99808cedc212c8fdca875df9a47db83f
142,0.75,multiple_buses,247,185,b046feaeec610d803115132045435fed14f2bd132fa2a59ba2815184d1129b17
142,0.75,stopped_vehicles,636,477,d150d9047219acd454d241fe75107afb47c30bccce8d6c0f9a8ed3256d468115
142,0.75,two_plus_bikes,345,258,b7e67962e14c24411666263a76c8d7b4e21be56d488196d194d78481778f0cb3
143,0.75,parked_vehicle,69,51,aa6be941a61b666f07b3682b7bbde4325340d6db0e7ff7758738488c83a6cb72
143,0.75,dense_frame,70,52,7c630115f62f85cac71016ae1cb3658711f56da7b2e37a39c76489a4e3e21123
143,0.75,multiple_buses,247,185,1ddabf3c301a701bd12d527571e5f7efa3b1a04ffeeaac684243145bf6f46248
143,0.75,stopped_vehicles,636,477,fa8f4bcd1f625daa5336577ca86e22e94b0a2f410f938466029c57c34892d44a
143,0.75,two_plus_bikes,345,258,32ed7ffcbb60bbabe3483031d4714791b02bf6dc15af579d8596d506a5e8f791
144,0.75,parked_vehicle,69,51,ccf98a3b513056fe18c43fbb41099291f02ce8ebe59281b5e6d5cea8acd9ba5c
144,0.75,dense_frame,70,52,b128bdd82f936ef0c7d77dab5f223b658252d849f7acc17a2e8008774396377f
144,0.75,multiple_buses,247,185,2052922edcf8093ef64f98ab6ca8671d757a9458ac2c74d0c8868214706b58b1
144,0.75,stopped_vehicles,636,477,9acb9e35cef1fd28aba161793197573c5850141086a43ae944a4b48a21d7c349
144,0.75,two_plus_bikes,345,258,55acdeae08ca54deca56055412ebff62be574fa7dd53e56230fbd5798c944aec
145,0.75,parked_vehicle,69,51,008bf59e9555e081f4ee6c63daf4472b86714b9da2e493dc886edc9d58cb6c69
145,0.75,dense_frame,70,52,a88c321a17abb9be58231d84476e534ca34ac3196b4f8c0890825394eacdb5a8
145,0.75,multiple_buses,247,185,cd961a8500485dea523e9d05d3a38a6a473924f2d78f62e61944733fea3a3eaa
145,0.75,stopped_vehicles,636,477,45204ec3f6b938892b8247533ca7deb97d8131361c6a275d43e2b7c7c6f6e995
145,0.75,two_plus_bikes,345,258,1ed4b571b060eca9b362c227fc7adbaf99070c91459bd52444a7f0910305bf7c
146,0.75,parked_vehicle,69,51,340788db748a3d98c394e34d49769e41b270835adc960c2cf7a599277e3a5b2f
146,0.75,dense_frame,70,52,bed9628d318f3fcbffdd8da93e94e253da51b4b9fd18391a6a814f175a4fc9c8
146,0.75,multiple_buses,247,185,e2a020bed5a62b5a88462351cbfe43dd8d285ac64ba166ee70ce22282137dd64
146,0.75,stopped_vehicles,636,477,d7b6fee2c35d097e4cd517d1e2b87a45d4798fa3894c23e3bf1e547307b9d9f4
146,0.75,two_plus_bikes,345,258,3239bdb4c9955d769e42ed93105312945b546e3e53c3c039aa7c782aafa9dac6
147,0.75,parked_vehicle,69,51,3b58b97fb5a0bb4c0352cf6ab39b09e31de34c97c6b96e51ec1c749d0c6a8857
147,0.75,dense_frame,70,52,a4fdc5f8e14ccc068a42fa09c260c2a461522dad52afa5b5f20587b3fb1dcdde
147,0.75,multiple_buses,247,185,5156d3a3791246f8c60bb283da5c8154c5bb68fe09fcf8d4130a6e1fe76865e9
147,0.75,stopped_vehicles,636,477,076d80a9b8323753956c9c53f17d0318a8375bc8d1ab97ae4051651cec91ece1
147,0.75,two_plus_bikes,345,258,1ff230dd2b27391f35d726531ac037fb7b0d0874e4f7109a898740295f32060c
148,0.75,parked_vehicle,69,51,6cd3afdd9bef859b19b56338439dbf3f394277b9f3d79717234b61b9760e9cef
148,0.75,dense_frame,70,52,61eb96a509d73a8e610cc93870e8d86acd91fabc2a5fad4ab07000cb683974cc
148,0.75,multiple_buses,247,185,7732da2d6f3301c757e68c550ea96679c39f0364c669f0404195a9bcced42c52
148,0.75,stopped_vehicles,636,477,0115ec1b907ce14534035d466b3ebd80528b43072cebe6bd7b76a01bedea6814
148,0.75,two_plus_bikes,345,258,40cd0c168459d322d7be569ca8103a1d8802416d59179c574a1073049fe5eedb
149,0.75,parked_vehicle,69,51,ea524f41380401b9d0558ae84e63099a3265313681a8d4dd208c85f7efcbafe4
149,0.75,dense_frame,70,52,1b2b52ab32543e2447de0e3b061c5cb03e7f2d6612daef6268df8459d7eac55f
149,0.75,multiple_buses,247,185,951b732612c2122dd8fef30398467d2f6d1d90e54c6faa6256a0498480dc5703
149,0.75,stopped_vehicles,636,477,1b48ebe7ec39a8a116a79d1aef3f5f004e46215abb534a5ae02867a2ef68ba82
149,0.75,two_plus_bikes,345,258,171c0f4ba0b297f2d5da871c7c26ff4223e37423a124d7826ae704e1cf5dea85
150,0.75,parked_vehicle,69,51,dc2f49f5cadecc726caa1ffefdbcf353fca8b6b0b4c51945f5d0f87625d13dd1
150,0.75,dense_frame,70,52,f0929b60c995beb788ca7c0beaf846c6fd845a056dfb7061aede1738c577cfff
150,0.75,multiple_buses,247,185,ff0fc4e748e36a4345b2de4779d95e16ac8a662693ea80de9081f374ad6a9c4c
150,0.75,stopped_vehicles,636,477,3a52bed6a5025639b610e586e6865b4a8101461b06e85874e71fc1c2627b9c93
150,0.75,two_plus_bikes,345,258,6593ef06ba92079f27030b2647aa7e54483969f87039e1e3ac33c4fb06c214a1
151,0.75,parked_vehicle,69,51,f54de7d3cee726ea60c1db0116bf00807f726005a551d0b79c4cf232c6c9d8c0
151,0.75,dense_frame,70,52,9a97e79544b6d8b0bf3fd04296f8a195204dfafa9e44ac3b2e50515740670ead
151,0.75,multiple_buses,247,185,691904a3e477b1fa91e4ec875d7b69d8dc3bd4264464668a4b3b47eb57004c0c
151,0.75,stopped_vehicles,636,477,d0f78be174bcd546e8a81cc446dd2b291a8a16286207eff1f2e889a7ddd597fb
151,0.75,two_plus_bikes,345,258,d3870b29ed2eb4ac3b918984554fb1ba2b28d5bfde2e06a029106091e3c7166a
152,0.75,parked_vehicle,69,51,b420a772dc51a509769ffbb4e15fd88dc2edb452b1174f44aa8b9158880a8606
152,0.75,dense_frame,70,52,55c9fc054f170a8b5ecee547ebea39988908fec5b7befa67736550145513f452
152,0.75,multiple_buses,247,185,6936eef3c1237e7a766fb80103cf141923546b39a91bf72bb1bb5c885b1ea2d2
152,0.75,stopped_vehicles,636,477,8af74244e2f5a593a430ba80e99dee5b9c42ead53795105d8201e458781c7d85
152,0.75,two_plus_bikes,345,258,ad05403dea6d9100e2f7599cd2bb5253239df634757674089fc3bd0101280d3f
153,0.75,parked_vehicle,69,51,9dc9402a36d5344ac602de561d50a724bb7722eb232f784ad64f2c38b46b81d8
153,0.75,dense_frame,70,52,c48f7c49c442c11bf49fcd96bd0ae418e6d66c8afc2ea6e8249d0c89c96f2aa6
153,0.75,multiple_buses,247,185,70829894c067051c8626c1f6169412eee6f1a2db903643cfed87a2c5b4fab4e0
153,0.75,stopped_vehicles,636,477,3d0e83d9bfa5e27d1ba519776d3e396c3f518edca2743be4de9499ad27b693e6
153,0.75,two_plus_bikes,345,258,e878b968bad9567c71134cf5aec82b047d87fb96c52a4e3e54244ebaa789b0d9
154,0.75,parked_vehicle,69,51,a38dba8f7cbd055e844182ea759698bb566d4376e2fd11493b6b06b99092486a
154,0.75,dense_frame,70,52,00dcd6b707b924ed99b1fd7809ad27300758e5483e64ebc9ffdc02008fbbbba4
154,0.75,multiple_buses,247,185,a2c299a741d920df813283f7669e61cfe0e22c24b2571002d2df3d7bd3bc5bfe
154,0.75,stopped_vehicles,636,477,b1c863ac53c99ac01771cda5f9ed930963103532460301841930b514d5f183e2
154,0.75,two_plus_bikes,345,258,070416e432762d434c95c2edd91cf30b21930ebd86d4f07dee76e2fe40249678
155,0.75,parked_vehicle,69,51,8376fa4bf6ab6fc65e87582b700b16974a9885f15f660ba79588ec0e5718d7e7
155,0.75,dense_frame,70,52,5fbd5999d80dd768c3d400b5ecae9bc55fc1ce131d233ae184ad3f1f909ff785
155,0.75,multiple_buses,247,185,dbd727e1bf62acee85ecc05614f01246df4b059612d176f95888bd71e4f47307
155,0.75,stopped_vehicles,636,477,ccd16866747928fb6437eeefc70c286b0baeaa514ba75036181bca7bba17be57
155,0.75,two_plus_bikes,345,258,e917f71ebd5e5910911955e8db6a6a9706051fa4dfe799c92f3566eec044836a
156,0.75,parked_vehicle,69,51,c6e07a62bde8fc9ae3a25d4c61af3933ec1b0bca5eceeabd76c65e58daa707e1
156,0.75,dense_frame,70,52,14e58b16fbfce97970cb2d8e94c5f28ef26a6b5ad9d284ec9458bc8e5219d3b0
156,0.75,multiple_buses,247,185,b2e3343639f9569c59c428c4dc5a4dfb0eea59218bf36df377e124abe52c3c62
156,0.75,stopped_vehicles,636,477,b52d3a38d9c50762eb69f08e195664099d75e594243dfea1b37f7a235caa83f2
156,0.75,two_plus_bikes,345,258,068c562561a65ab89de7bb09ce3aadb448f82a5550b4f290b572eb42eb16c49a
157,0.75,parked_vehicle,69,51,c24accb7c24dad8b373b6686e2269ff818935ba6ce8012e011e55d94fad9a12c
157,0.75,dense_frame,70,52,560f1fd44a5566818afb5338b13788c27ec270d6b0c50adbc5e19d0a3e51de47
157,0.75,multiple_buses,247,185,67f0b02cf5c1bfa7bf743031cad86a7d963829dd0fcee2aa71fba816ea0c55c6
157,0.75,stopped_vehicles,636,477,6bb2ef12b9c885e1fc893eb224ae32710b338c9e8f916be6c2a8ff0004b359f9
157,0.75,two_plus_bikes,345,258,1a75b94295b9646b24319ebd2f47b4ff873ee03866093f09fbc2a774c44cdfb3
158,0.75,parked_vehicle,69,51,576a2f365ddf2406a0efa67eb81442024de6cf33c605b238e6cccb7868c8a27a
158,0.75,dense_frame,70,52,bca34bb937f106a3da5ead631a10bd123ec37b780053e11073d70a000afe9fa2
158,0.75,multiple_buses,247,185,d73b6690b34a509f43d58b3b2dd81dd3e8fed415027d244030fec5dcf6f270c7
158,0.75,stopped_vehicles,636,477,434a44db6a6b0744b0fcf5747a42c59dab9d33536843cc4f01127ef37ece6385
158,0.75,two_plus_bikes,345,258,38a689f9adadaa56ac8a5f7ead9fbcb6b4c1496742addd66f3f5e100d9f6578c
159,0.75,parked_vehicle,69,51,a5884b140c945d02756d16c9848b67a3c8acddc6db8da3db3dfda30d8868fd05
159,0.75,dense_frame,70,52,71fcecb6ed17e4708606304c453e6787741895c0ab893736155cebdfcbc986f6
159,0.75,multiple_buses,247,185,2f9b2d3c0c368341b0d28c536444da8440e2512d4310c8970182937969d54c75
159,0.75,stopped_vehicles,636,477,4aa663af547c4f27917d9c0afbd7a5c03fddccaaa021a500259ab227e52a87e7
159,0.75,two_plus_bikes,345,258,457f9532486a92f0b707a17ddde59df4bd9c197f7b31a1f089898730023414fb
160,0.75,parked_vehicle,69,51,2fc8b75fb8fd6b4fa7d8259e8a87f71dbc8dec364ba0b74c19c877090a799cbf
160,0.75,dense_frame,70,52,a29231e61cc6b5201fa6066ab1989413d6df9843f53ba17198e85209e98a235a
160,0.75,multiple_buses,247,185,18ad507086e6eaf2ca5ef8e9d096845c9fed45844d7b5e99e2b0c9f38c4ecb3e
160,0.75,stopped_vehicles,636,477,c6bfb6620d246f9624c19cc825bc7205b306939b4ff5ac6e7e7735bffc796e2e
160,0.75,two_plus_bikes,345,258,faa15ea6f41db04b7765dee6f6b92522976be7eae01c6c0385016d8e5c7acbf1
161,0.75,parked_vehicle,69,51,377ba0b1a5443ec14d044c4ff3eccd5c328e4a86c68a8e1914e66591f660c0ad
161,0.75,dense_frame,70,52,620bc221727cc16c6e14be132cfc4ecba308924257c8d0c5060cc500ebccb52b
161,0.75,multiple_buses,247,185,d0c6bec9da21f734ac7444ee144410dafdd0bb88c495d77bfe85f7b836c4cfe3
161,0.75,stopped_vehicles,636,477,fb69b523b0caea8f4f385c8ae508af0ae48f87e14f89d4f9ae7295658ef57091
161,0.75,two_plus_bikes,345,258,4d6d14a575965c0fc5b0465b03af5747185ba3f132c6b3038e29a95ebf84048d
162,0.75,parked_vehicle,69,51,04b34735b5bb1571654402652610dc8977e735613f8eeea035d5d7a2d4746687
162,0.75,dense_frame,70,52,5b57fa43b95ab650ee667bc1216ba7c86b7065a2ca78c78fd0e99cd42239020a
162,0.75,multiple_buses,247,185,fafa549bddcbd036c0c65089f30fc03197283e15746bb6d7e470cad488d9fd19
162,0.75,stopped_vehicles,636,477,cff57dff9a335b0265ce70e2c896ebe73728e4882d5516b411084c3033f77b50
162,0.75,two_plus_bikes,345,258,21dfd1d75ed79a9313e1d5a5c153cbf6f26b1ff71575ada9eaab758133098438
163,0.75,parked_vehicle,69,51,6bf4f3185146ba58da4eff4a9e4c440b2c5a504f919d7158727a40bc7151ce4a
163,0.75,dense_frame,70,52,b37a4f68b907f2c079e57dc5aa46f2df68b852370e70a1487dcba712c65f4e3d
163,0.75,multiple_buses,247,185,57c061df322862e9cfcf7e49ebc7a9526b88adf791624809e646e26419f948c8
163,0.75,stopped_vehicles,636,477,0ba826b20a1dd90d32889942607c3c09c0f465453b79d32e3deaf48f828c1e0e
163,0.75,two_plus_bikes,345,258,26df24288b9c2190c3e761ceea88be06758c2059a4b2b7961d4b68fff7207115
164,0.75,parked_vehicle,69,51,166eae83836d051413a9ffece7ff6f09bb6f5b8082461bc088a7a3dc4513c77b
164,0.75,dense_frame,70,52,a6f1a5b3ca1f7e61d24b275bbb8d7c603f5c49b6b921222265cd17a89dc742e3
164,0.75,multiple_buses,247,185,bdb4c8193db16145dc242ee478be9f6e75d00289d93877f56100749136280ce3
164,0.75,stopped_vehicles,636,477,a8194d24a9252ae3765198144c16541227295a09949ae0d6c4d1a3bc3c9b1c02
164,0.75,two_plus_bikes,345,258,bc00c09fa33aa96a4c647ff08bbeadb7d7552216a9344fab99a53c9239d8d740
165,0.75,parked_vehicle,69,51,0f21f42f3fa7fafda44eb23e0c68cbb9863d1be1c6142d5d6c151d97921c1e9e
165,0.75,dense_frame,70,52,d20c5df8627bef9c30f82fad9397896a0610b281c4386cfc839ed5b1b95040b6
165,0.75,multiple_buses,247,185,f6ee68d4e7143982a66a88bb326f3ec94d6d8d43a48c6b1e80eeb6357eac3f67
165,0.75,stopped_vehicles,636,477,f21098957c393b1a39e74fe8f0dd5b6cc8a23d15dc410a672b847c1cae31719c
165,0.75,two_plus_bikes,345,258,47b884f48dcb95e3c23f82419bf140b08ef560bb541eca91a7f27352590906e8
166,0.75,parked_vehicle,69,51,a02aa9ba8e7711e1300910814b14eb26fec7b2a0ef04825defefabcf0acd5653
166,0.75,dense_frame,70,52,c42f5cc5e2fcd368ed5e32d819535061a726f4a94ca34fca6651ac8d20d7789a
166,0.75,multiple_buses,247,185,fbbe19b52f13a2dbb5aeb94c70ea5a53f5bd089d9c59dc1021077017e06fba39
166,0.75,stopped_vehicles,636,477,b5851df9f1fbebcd685876ca0c23029c4fc1b4dab9446c4e47523e3d1c66e2b4
166,0.75,two_plus_bikes,345,258,0a251871564fb32841b93f4f0cdbcbfdb1fc3945d94413c836731922a75f99dd
167,0.75,parked_vehicle,69,51,fdd2d49cfc65c5ff3beafeaab014994f07aaef4d134c8a38c7da5dbd02c59f15
167,0.75,dense_frame,70,52,1a3546dff2fbc2824343a7124f8db02e810c91ec99e7173de202e436d91a6b6f
167,0.75,multiple_buses,247,185,0965448d6ea7cdf78015ecedbfd5a84866acb1be4353e6500e7e8fdfcdda8208
167,0.75,stopped_vehicles,636,477,105bc63e7ec35e29bf82df142f5c192d8987dac7b8d6239eb519e10a90ac8773
167,0.75,two_plus_bikes,345,258,98b83deac424a96b9b64f8605dc0eea68e956cdb72f5e9815fee2ceb53a42e0b
168,0.75,parked_vehicle,69,51,0fb97c2083aca423377fb819a69d2240f0d891d614c402a39cdaf1ebe4498f29
168,0.75,dense_frame,70,52,8fe4bc8f9e3e84bbc5dc1a67982cd40ae3f065981d89e935446e4aa540f6f9f6
168,0.75,multiple_buses,247,185,7630c6e12d143f4a30c05dd390bdc840186a442c9330a4734b3db53c912fd9a8
168,0.75,stopped_vehicles,636,477,d564f95303d9dbc63f3355192b2cc12674d4fcba203a097be684ec8f7b72ba39
168,0.75,two_plus_bikes,345,258,d13bc1a9d16c0eb6d1fd77b94786b975ae809da8f80d2715fe0bb544a12fbe78
169,0.75,parked_vehicle,69,51,8bc11f7ef6ba1dc0dfedf2f221094fe2d8e0c9abb3b37538f508cf809522647f
169,0.75,dense_frame,70,52,e3a0ca385d0604a4f5981706c196c85eb5832d30f4271b77ab9d9b13050c7127
169,0.75,multiple_buses,247,185,d54b64c3fb760f011df4ab1752a43a59dd3ecc490d7b58ab5453c60a9c1171de
169,0.75,stopped_vehicles,636,477,f81ec24019932b8e2c6280eb3b60b1417c485c2c19f93c2ee2759fb1b87dfb85
169,0.75,two_plus_bikes,345,258,65686767bd907748e877813ac28d98fbd4aa88a9ff64f4e15ea2dd05505eee44
170,0.75,parked_vehicle,69,51,cd6104172fa1245d40959e54876cf8720150d8189a7fe2f05d17d337062cc252
170,0.75,dense_frame,70,52,59ecc3998663015d5eacfa87d82e4e85c5785ba0695bb23e60118e7f835320a5
170,0.75,multiple_buses,247,185,ad9a1d3d6b3ea55b8a458e39944208909bf40ae8c8cb0fcd58768d9c9f52bfd6
170,0.75,stopped_vehicles,636,477,81e256da3ed40f7ae86e0b4b910c13df6611ce1323766f4de65923b0da8c631f
170,0.75,two_plus_bikes,345,258,16cc20a060812a94b29de564dbc08013d0dbd568fb12208110cb4628c06fc1e2
171,0.75,parked_vehicle,69,51,36d6cce8560a4017588f4252b1c6d70b7ec69d427a27817655e2ede13cae515b
171,0.75,dense_frame,70,52,5a4c8e849fe2d5592ab47f74e4e1af24455aa48804782ac3fe50fee2cffe8fea
171,0.75,multiple_buses,247,185,d535e4d2fdab5d6e002c90645d32edab45ea240d12b6ff90e6cadadc27012e49
171,0.75,stopped_vehicles,636,477,8c2d383a40fa6d5397974443f70dafd57ad1b7406d6d09b199c0f22e00e8b73e
171,0.75,two_plus_bikes,345,258,d54dcba5f06b834d8c2464fc4823c9146b8188324d744bdc195cce976d58dd30
172,0.75,parked_vehicle,69,51,0e0b5f2e894dd772fd827c2c2dd4d2bc8138946ce858faf3f751e72ed3c88463
172,0.75,dense_frame,70,52,031eb68219766fd128f6cd0454bda3e0b4712c6991e7bd591e9e52559374f348
172,0.75,multiple_buses,247,185,ad5b2a43ab6701c9edafb3146e234a12f32b4edcf61e3491fb764d2c9726cdc7
172,0.75,stopped_vehicles,636,477,7cda2861e28c62aaf98b8f47326138811fdb5a5ca118245c4813577950537d8e
172,0.75,two_plus_bikes,345,258,ce45ad172ff39f7a661a5e562bf25f7f3e53fc352e392d1dbedb3a2c479cfc70
173,0.75,parked_vehicle,69,51,4e7b09936895ec13e9383a167295a06d9a16723fdec5da275fe5a9add5b8f64a
173,0.75,dense_frame,70,52,ccf4810b4f5e7134d8b5fe30a3917ccead10d1bbf1cb362ad5f8bd637089beb5
173,0.75,multiple_buses,247,185,e6a872d70e3720865923db93dacad473c1d0c5c610010942d94752d319bf2936
173,0.75,stopped_vehicles,636,477,d3073c24d3675101c6e31d0322018d0c542270bc1c23fdbfe68d07088f1bb1a6
173,0.75,two_plus_bikes,345,258,f1df072e789ea3d7fab30f8af8ca11ffbae54a4756423b9351ff881106bb54d2
174,0.75,parked_vehicle,69,51,b8045517c268868fd06a23a89db64ff6dcbda69ddb217658b15154e7ade4763b
174,0.75,dense_frame,70,52,e10a3e695cc82ced812c8d9c638a615e56ed56ab878b30b68851e54d9324c3ad
174,0.75,multiple_buses,247,185,b03935603b6cae700bbd9cb4a296768d7b1630bf4bf523f730e6f2e0213f318e
174,0.75,stopped_vehicles,636,477,ee0660b99a4598ea495bb8239562fb0de4d8096a7d09e0958a2240c90cee04bf
174,0.75,two_plus_bikes,345,258,4796cdabc2149e63c6a01e15076bae2332fd11241d3408d2bf63aea8d113a4e0
175,0.75,parked_vehicle,69,51,f9f6080de6abd70db5a33f6203c172027afc7f06b811322b911b23b8d90d6d00
175,0.75,dense_frame,70,52,3dca1c2b05d9959581d7571320d3b764ebc2d2231b1d454a1ddf6faff1d4d2ea
175,0.75,multiple_buses,247,185,a0b82f86910e7686fe278ff5af72c5123e9f6c4ccf99be1912c11f68f54b63dd
175,0.75,stopped_vehicles,636,477,2970050dd77a1e2917671e74a4654f4b13dcfef01cc93a4e9cdfd0327a6e00b5
175,0.75,two_plus_bikes,345,258,f898b1dc01929e79b32c3c9ae8770539973a4a4b6129c395a88518b619cb39e2
176,0.75,parked_vehicle,69,51,6f7099b156853bccf5291ba85d54f50bee858a97004fd1a6430a5c1d7b33d615
176,0.75,dense_frame,70,52,fe3cde813a8b23e0be0919916dfd433f2a8428b0a92473a3fd76f63139b61dd9
176,0.75,multiple_buses,247,185,441691d1ae1971c967c9f9fb6417e70f0e4e132c00fbdec3ae04df85033880f3
176,0.75,stopped_vehicles,636,477,516dd21ae6ca11928687636584dad4c0401e94564f0e9c12f45e05aec86fbb5e
176,0.75,two_plus_bikes,345,258,bb9b9646be456e2e85522d59c22a0dcbc6326a9135465e6fd1e304bdad961d77
177,0.75,parked_vehicle,69,51,42903c90245c8c4330aaf5611fc56badf9a5061185379e6e81f5cc09a53bf8f6
177,0.75,dense_frame,70,52,bae86d5afb1cba73de03cff3c6b3b2f5a813bd6a149a06147add135ee9180ff2
177,0.75,multiple_buses,247,185,d4f815e76c3937473b92866fbc3bdba5a2ef988961ebf8280486825d7facac4f
177,0.75,stopped_vehicles,636,477,9194787706edbb8939b3c206c696f3113f81c889b7d8b6ecbd5e132f5790057d
177,0.75,two_plus_bikes,345,258,b841f1655d7011c8c2048eda03ef68253de7281890b18e2008a7534816b13755
178,0.75,parked_vehicle,69,51,50858fc1438a6b2d36a0ac93333fa92c66d35af0c18baba426d5b8855a437466
178,0.75,dense_frame,70,52,64f43d222aabedb5de05692b5c0b63e811a8d609144497a2300a68bd25506f39
178,0.75,multiple_buses,247,185,6c82961369022b278c07e8fc0ba48244ae82d2f5a4852c3312129cde196a9e66
178,0.75,stopped_vehicles,636,477,687e61b0ffab76a57e573708f9cb882968b436d8403dd2a42fef3f0b48f2457b
178,0.75,two_plus_bikes,345,258,cd95dc2dd9cbccccd4567771d03ad388396f5fc06b354c41d6a109a36e50d593
179,0.75,parked_vehicle,69,51,2e5a417f914d68f65c2e12e9e40ec357539e67c53d48dfd2fd978452d56e9f32
179,0.75,dense_frame,70,52,d1ff3f87395c4cb2ed5cfdd77af7fb1daba7c952be66b1915070a557773cefe5
179,0.75,multiple_buses,247,185,c93b11ea68a3c2ff786f05f76a12f8c1e63171d07989d93937a1f89d28e24758
179,0.75,stopped_vehicles,636,477,5b94290682ac00f52c49d1eec2a6680986de4858c768d01910fdbee1d7e94a16
179,0.75,two_plus_bikes,345,258,115e3f968b550a6d76a6eef1165358d64fbc5de23a103f106acb2f6591f674b8
180,0.75,parked_vehicle,69,51,ec75f8fabad37aed60b9a4e1e42410ead76ba3396886ab3b1b423c7c18d20e70
180,0.75,dense_frame,70,52,460699163c388960a772110d3dedb8b3a5f2e8d52e34c98525a04447c5ffcb37
180,0.75,multiple_buses,247,185,4a2931c54c6e821856df8330487deb4e1799e346650e829740fb700a47cb2059
180,0.75,stopped_vehicles,636,477,a6e8908a480c621a607ae97699ffe6f85490f97d8acf7e6d2e8b43bc74171aca
180,0.75,two_plus_bikes,345,258,a284290260f512b3f830885ee82f34c754392e5d3d8e05763bf913a351671848
181,0.75,parked_vehicle,69,51,d262a4ae4064c88a656613365ee7a6f20ae267e7ba9bf102a4939f846a564d37
181,0.75,dense_frame,70,52,77ba34e13951586eb582c3ca950a572afa7f0c7a8994a145162bcc320bebbb2e
181,0.75,multiple_buses,247,185,9a483192117695f70dfe77dbe6c4ecca8b1f36799dbaacb19abdb73993f63fab
181,0.75,stopped_vehicles,636,477,d8cc7ae5040d7afcd7aa8fa3511ad60eb4bb189da2547ac8ed39bcecefefaba5
181,0.75,two_plus_bikes,345,258,4978638af25198e19c7bc424ad8b107975a7b41192e3e9508bb14acf0e730499
182,0.75,parked_vehicle,69,51,93c31f3bc3ec4fb62125e0af8facf478da182495a2a6f9fd68eacfc9db7518e3
182,0.75,dense_frame,70,52,1630a46c6041e86c12f7fe1d41ec631075a6bb05843ac513e61e389273b29c4e
182,0.75,multiple_buses,247,185,bca248a979d095095480bacb4aad497634935fae43a40ed16cbf52d5d0f3b98a
182,0.75,stopped_vehicles,636,477,09e30635c089099ba1da02c67b90b0e9d11a27f5b7b6ceecc27c297a38084927
182,0.75,two_plus_bikes,345,258,d841f538c98824064df59ff97f0c1f70dd1782960a4e61cba7e78414de48622e
183,0.75,parked_vehicle,69,51,250bb2101e933cdfd292b4f7e5f9f30cc621e8a4f33a5473ab326a84ae232c37
183,0.75,dense_frame,70,52,68646327bf82d55be5af52a24db1be08a757b7cf3f7d3b5aaab7f23458d3a504
183,0.75,multiple_buses,247,185,347317611fb817aa95ac1950b142786901b3749c19cd2d54231986b7edfe9449
183,0.75,stopped_vehicles,636,477,10fed10307a6d640d23ff5d3794c27332a06608e0b7d0a917319c4999223d603
183,0.75,two_plus_bikes,345,258,71a6339c3b7538e4a8d49d786b8f8ab5765536445b76e78c58d02de6a74e644f
184,0.75,parked_vehicle,69,51,a9eae821037346db3a337cd570fafebb9a9150081982bf6765289cc9d882c0e0
184,0.75,dense_frame,70,52,53b9cb380e1d4f7d7ff0b7c3413b7e15d9acab2b9d99f66bbd786d763c2cba68
184,0.75,multiple_buses,247,185,b447b7be34ceffdb6aece33bfbadf8f95990478c08eb412f43264ba02e50202c
184,0.75,stopped_vehicles,636,477,94848d1b7d1ba3fd392e2d388eda45cf4dc520363454cc17fb73483f1866847f
184,0.75,two_plus_bikes,345,258,b023c27d8eaa5bb0dac97444d96da73b077b67b4f0e9046cca7bcdc7d14981f8
185,0.75,parked_vehicle,69,51,914fb3c62a7b5b7ec5f2db7daeb946d6b53dcfa242664a27083ccd77bbe4020f
185,0.75,dense_frame,70,52,50915baf59e9c11f1b863764a4f9652c0631d311c12e5f518c91c5706d061781
185,0.75,multiple_buses,247,185,d24fcf058d7879c6e92f932a26529024f279ed286a742de8c1d627edaeb5495d
185,0.75,stopped_vehicles,636,477,ae68377936040d1d8a43564c8a0a5fb2ad41ab2e30c6b37bc0d863944ee83790
185,0.75,two_plus_bikes,345,258,d2e292f675a0a331b4ff672e6b13b1b3f06a3884c29072d216fd6424753c04cb
186,0.75,parked_vehicle,69,51,4a42529a07e4ca3a5d1750a086a0074aa24fa27057932d9e773d8de46fd6145e
186,0.75,dense_frame,70,52,abd0a268fb21bd79fc8d0acbf9d032d63134fad18662edda152e20613d2c237a
186,0.75,multiple_buses,247,185,3a5385bd76ea18de5ed8d6e5206076ca04af560ad1cf3b861ef441acfbe5779d
186,0.75,stopped_vehicles,636,477,4cf451460504475c3fb6293dfabe67b5f206c4b78cd33265a7271ae9e60d3a7a
186,0.75,two_plus_bikes,345,258,e500c115b6a7e9cbbc4cfc62e6d0170c41721b37387fb911840e0403a82bd2d4
187,0.75,parked_vehicle,69,51,ac066f800752dd334f3e66a565ebde0ddcb2184b6eddeddb7541b3b04531b731
187,0.75,dense_frame,70,52,60fdc13d0bd6aa9014f19655cf0b04e729276056fddd23c9a889463d9b16f6dc
187,0.75,multiple_buses,247,185,54eeae7ff9a48a714c2ff1f9990dc065e5c455dfddb4b9e5f4c3570de4f89d21
187,0.75,stopped_vehicles,636,477,c114f79600ae0dfb4eb5bb90916594213e6f30a073e2916b34f3d0852c88a9a5
187,0.75,two_plus_bikes,345,258,82874534d07f3e735098f91607661ffb04e60e113b527a10f365b821d520395b
188,0.75,parked_vehicle,69,51,a4437571a97bbe4dfe679a96b020285cef07f8cc822cec9aa58f18564799b805
188,0.75,dense_frame,70,52,cb86d726f395f46ab8c1d4254a661f7d312e7cc1a57a1683e73836c3988b6237
188,0.75,multiple_buses,247,185,b237257237d24c4d19ae8b7bd3357309d569a0e964aa5a152974798ee59a56c3
188,0.75,stopped_vehicles,636,477,0a27d20a542a1d79d01e0160c18fb6026ecf95184dc0e3fcc3a35608c1254d78
188,0.75,two_plus_bikes,345,258,f3b4a2d8b48d64265f21cca8ef9369dfb6b103b5efc06eb70cf7d8ea0e289c16
189,0.75,parked_vehicle,69,51,386d1039731fe6dc916c17c2b9f77a544f2a6816725fca477e769134517f4c58
189,0.75,dense_frame,70,52,0a6a0c39c229a1df7d2b2720c7bda7412d6bf82b7edb05440e159976b361fd0a
189,0.75,multiple_buses,247,185,4560db7ef2237734543685216897d893278312e2be250759a55401f83e8eb6c1
189,0.75,stopped_vehicles,636,477,1787edbb0aa9fef631e54b9492ef83a4a16e58980ac88c2d0b1927b5a1ea6241
189,0.75,two_plus_bikes,345,258,9ae000d6b08852008ff5f40afdd27bc5cac5f9a9aec3fc2ca65cbf1c59119edb
190,0.75,parked_vehicle,69,51,d7eeef342dce4220e27e4868f299000439ca125ff775b2fb9266ce260a5af122
190,0.75,dense_frame,70,52,f91a984deb3a8dc4b6a13abf7a781974e6a174286d7546adc03357076a6eb5cd
190,0.75,multiple_buses,247,185,13c033f7cbc75e9568c8ff04e540ddcf3a9f52b4fe92995cc216719a54b03cc3
190,0.75,stopped_vehicles,636,477,f700864f89e6ceb5d88b4bacaacbdea09ff2a1b902267a2bc5389bd50e70c7c3
190,0.75,two_plus_bikes,345,258,7e09bb7dba5b17b1011be88d823702b6e211773b6f3ee5b1e6bb9ab71bac4724
191,0.75,parked_vehicle,69,51,cf947dae7cd69a7502c1bacfb8f6732f776d9437aff8eceef63bec4b54eb5388
191,0.75,dense_frame,70,52,6d1c7b7ebce5368c35dd2ab89cda09b60923d8369e34fa52518319f92549aaeb
191,0.75,multiple_buses,247,185,0dcd1578a5d7df96780a597d04a60a9e93fd5ac471cb3866d022be62cb3a63e0
191,0.75,stopped_vehicles,636,477,4a3adad1ed4486200e17e76e62158fe32a8150f22eee2e9290fd2ade34f1015a
191,0.75,two_plus_bikes,345,258,454d0db08967a65010c3390e0e55c6d11226d3ec775b7d78eb616d0d1939ddc8
192,0.75,parked_vehicle,69,51,4a9f5ef44c692482208e5a2896d7700f1ed460a9ef327899373ed8d39ebde757
192,0.75,dense_frame,70,52,a6d4736ffc1eec98604d31d513550147b0925958ee3bfe4b4bf3851695f2cd61
192,0.75,multiple_buses,247,185,43a6e21a834b9f5d811e70ee26b0ee8edb43db8b579bfa9def1e8f681b1f09ba
192,0.75,stopped_vehicles,636,477,67731c26328b5b36cfc888c6b902ae6a35f04387b599609e10e3526ee07f254b
192,0.75,two_plus_bikes,345,258,a29ba4bb34744752107e7090e2ddf274d6f2e7b86f105cd74571f586e9d9fc5e
193,0.75,parked_vehicle,69,51,93e54b879f45a0bc3e3446bdc7c22b7cfe33bffaac96298ed0c60cfb3a8357c6
193,0.75,dense_frame,70,52,dda278e5c617dcc7fb2270f620725e9052ea6e482158092119eb88f5137ad208
193,0.75,multiple_buses,247,185,7804173f0f75aa5d5d698f9d54cced26384a1293c1df44cff8b7b668ef2d0996
193,0.75,stopped_vehicles,636,477,b50de2d775402d43fb9ca1954ed773edd2a5d29bb2cd08efa6930a8b3fc15b7f
193,0.75,two_plus_bikes,345,258,b679d19d019bcdb40368ee526f28892503a388c881f2c92ba1b67e5b8827397d
194,0.75,parked_vehicle,69,51,3d4199e157a8e620d9b78caf3b0a8f943fa71f5cd22ec1d02301772ed3ed3ec2
194,0.75,dense_frame,70,52,dd48b4beb896bc5c09a968078cf51fa68eb36dca6c99aadf553779553560a18b
194,0.75,multiple_buses,247,185,0e00816999c1ebaff91fb272028b4b042a542b4cb464deb2d3d9a601e6a35d08
194,0.75,stopped_vehicles,636,477,6a586746e986cb3b1f86798f699f010bc3e6595b8c6af30f0624dfe03861492e
194,0.75,two_plus_bikes,345,258,374cb8adc4e90e393a62439493e68baba399f351e82502afff31e78f8ee156d8
195,0.75,parked_vehicle,69,51,a92a25081238b76738863e3271116f587c1bac3231490c42a79f8db95001348d
195,0.75,dense_frame,70,52,335ef14ced7d18f9892c2341dce770140a903e0c1d5c458e3d43676129985723
195,0.75,multiple_buses,247,185,101cb568c468f78d881c458b7f8b7b00418f67ffe9a00950164b98dfc6e5f3ee
195,0.75,stopped_vehicles,636,477,1b46d076b4316364cea46ab8f1a86549f5602753d5f26f5352d02be33f9d24de
195,0.75,two_plus_bikes,345,258,9837ea5b17b27281ea3243dfc085c498962e2550780398d1ce4e7cf76f534109
196,0.75,parked_vehicle,69,51,0c722e739a1cbc7838ec6e7fe12e442186041e747a009f8a6af3da800d30ce68
196,0.75,dense_frame,70,52,2db88d7ccac1f655ca707ae30d40db248e8cdabd57538a21f66d6b43dfc98102
196,0.75,multiple_buses,247,185,3abd9deb6240971e02619808c40e194e08e885d69db5903922cdc760043ce9a4
196,0.75,stopped_vehicles,636,477,2ac9bf33c8b504b7aa9d92eb2024f303a00206334b78580f6476e1b86bc0fe0a
196,0.75,two_plus_bikes,345,258,13907329f4ad3155e12beb8eccb15ec0e73182cbc5dc3375b2aafa5c6daa8de8
197,0.75,parked_vehicle,69,51,67d201c08aba3b9016507a57e15c8febe81ab18fcfc23ee9bdd30786d641e714
197,0.75,dense_frame,70,52,9da8ac29f2082509c065b17dc4ae7c3fbe973765d42770a8e8cf6f51afa7545f
197,0.75,multiple_buses,247,185,a6b94b1020709e66b833b0a137e4209c0939487be144ea65557625fd17e70bbf
197,0.75,stopped_vehicles,636,477,c37484d0fdf2c7b5175a613d01586b90008c1092955cb24e309a1925f8114ef1
197,0.75,two_plus_bikes,345,258,b88a1693cf5416ab32363651fec4340b0b1cd08b9c897412a8550a68554bca87
198,0.75,parked_vehicle,69,51,ef7356dcc6e0499929ac696669cb27211cded3858d96b8eda32d2927326ab405
198,0.75,dense_frame,70,52,61c9e67f4a7bd4992ea57d9fd8e101de6a94eb34d176587c7f288c3b25ff004d
198,0.75,multiple_buses,247,185,9c01fca339537ce43ce290f2415a33dbba42f63492e1e078a56a4dc569472166
198,0.75,stopped_vehicles,636,477,22adda46eb9314b975ce20a6f996ece6684c8876cd438ead98948e41c2d7cca8
198,0.75,two_plus_bikes,345,258,af05ae2b272990c02419a394da8743e5f9c53d57e6db45d8aad90649aed40384
199,0.75,parked_vehicle,69,51,f6c8b976c1f4905a4713dd5c1d14743643d8ffe298b3a776d7a3e57c669bf818
199,0.75,dense_frame,70,52,f68744afa26c0e9190721ead76b15e44fd72adfe4855a8c69f6e1be316d8a411
199,0.75,multiple_buses,247,185,60c7284405ef224b6a090432c31314884a6bcd5f548e068ba85fd56a912f85d8
199,0.75,stopped_vehicles,636,477,64bc611b661b59c805e7e398aa3164707274b6fc3f9a660f4ccfcad4f80b302e
199,0.75,two_plus_bikes,345,258,5e79957b8fd4d64518f577ba0212f99145584fcb888fbb2c8824a149135497ee
0,1.0,parked_vehicle,69,69,d8649631e964f227a0e42f7344bd8d183bf65c5aa084321ae9d6004e6b31b555
0,1.0,dense_frame,70,70,88088efb816505b14327ccb4a1169ebf4c9d7803e8598879034a0b7b02332fde
0,1.0,multiple_buses,247,247,1c2a17ac768eaeed1417ec287788b59d56b001b6421c468617615a0b32cc81f6
0,1.0,stopped_vehicles,636,636,f957d1d56def46ac4e5c13f9ded348125d33ffbab3306e64b2cbfd27de322e85
0,1.0,two_plus_bikes,345,345,08e5d36010ff8ae7d9e0b5f6aaa48f5dcbc2e2a262095a879bc6e95374ff64cc
