page,day_utc,user_views,revisions,expected_unsafe_observations
Kubernetes,20250801,972,0,0.0
Kubernetes,20250802,536,0,0.0
Kubernetes,20250803,869,0,0.0
Kubernetes,20250804,1134,0,0.0
Kubernetes,20250805,1099,0,0.0
Kubernetes,20250806,1192,0,0.0
Kubernetes,20250807,1201,0,0.0
Kubernetes,20250808,1061,4,0.0030685004166666665
Kubernetes,20250809,600,0,0.0
Kubernetes,20250810,542,0,0.0
Kubernetes,20250811,977,0,0.0
Kubernetes,20250812,1128,2,0.001631135
Kubernetes,20250813,1088,0,0.0
Kubernetes,20250814,1056,2,0.00152702
Kubernetes,20250815,941,2,0.0013607252083333331
Kubernetes,20250816,654,0,0.0
Kubernetes,20250817,526,0,0.0
Kubernetes,20250818,1054,0,0.0
Kubernetes,20250819,1219,0,0.0
Kubernetes,20250820,1156,1,0.0008358120833333333
Kubernetes,20250821,1158,0,0.0
Kubernetes,20250822,1059,0,0.0
Kubernetes,20250823,720,0,0.0
Kubernetes,20250824,667,0,0.0
Kubernetes,20250825,1208,0,0.0
Kubernetes,20250826,1126,0,0.0
Kubernetes,20250827,1164,0,0.0
Kubernetes,20250828,1065,0,0.0
Kubernetes,20250829,925,0,0.0
Kubernetes,20250830,569,0,0.0
Kubernetes,20250831,575,0,0.0
Kubernetes,20250901,908,0,0.0
Kubernetes,20250902,1044,1,0.0007548337499999999
Kubernetes,20250903,1189,0,0.0
Kubernetes,20250904,1270,0,0.0
Kubernetes,20250905,1068,1,0.00077218625
Kubernetes,20250906,530,0,0.0
Kubernetes,20250907,625,0,0.0
Kubernetes,20250908,1163,0,0.0
Kubernetes,20250909,1180,0,0.0
Kubernetes,20250910,1114,0,0.0
Kubernetes,20250911,1172,0,0.0
Kubernetes,20250912,1199,0,0.0
Kubernetes,20250913,790,0,0.0
Kubernetes,20250914,812,0,0.0
Kubernetes,20250915,1124,0,0.0
Kubernetes,20250916,1291,0,0.0
Kubernetes,20250917,1275,0,0.0
Kubernetes,20250918,1198,0,0.0
Kubernetes,20250919,1041,0,0.0
Kubernetes,20250920,531,0,0.0
Kubernetes,20250921,550,0,0.0
Kubernetes,20250922,1118,0,0.0
Kubernetes,20250923,1104,1,0.000798215
Kubernetes,20250924,1142,0,0.0
Kubernetes,20250925,1083,0,0.0
Kubernetes,20250926,898,1,0.0006492727083333333
Kubernetes,20250927,515,0,0.0
Kubernetes,20250928,506,0,0.0
Kubernetes,20250929,1049,0,0.0
Kubernetes,20250930,1181,0,0.0
Kubernetes,20251001,991,0,0.0
Kubernetes,20251002,1045,0,0.0
Kubernetes,20251003,927,0,0.0
Kubernetes,20251004,549,0,0.0
Kubernetes,20251005,542,0,0.0
Kubernetes,20251006,1109,0,0.0
Kubernetes,20251007,1194,0,0.0
Kubernetes,20251008,1265,0,0.0
Kubernetes,20251009,1270,0,0.0
Kubernetes,20251010,1147,0,0.0
Kubernetes,20251011,608,0,0.0
Kubernetes,20251012,530,0,0.0
Kubernetes,20251013,1138,3,0.002468393125
Kubernetes,20251014,1108,0,0.0
Kubernetes,20251015,1173,0,0.0
Kubernetes,20251016,1166,1,0.0008430422916666666
Kubernetes,20251017,995,0,0.0
Kubernetes,20251018,517,0,0.0
Kubernetes,20251019,612,0,0.0
Kubernetes,20251020,1191,0,0.0
Kubernetes,20251021,1178,0,0.0
Kubernetes,20251022,1182,0,0.0
Kubernetes,20251023,1215,0,0.0
Kubernetes,20251024,1011,0,0.0
Kubernetes,20251025,611,0,0.0
Kubernetes,20251026,623,0,0.0
Kubernetes,20251027,1077,0,0.0
Kubernetes,20251028,1099,0,0.0
Kubernetes,20251029,1196,0,0.0
Kubernetes,20251030,1224,0,0.0
Kubernetes,20251031,1015,0,0.0
Kubernetes,20251101,687,0,0.0
Kubernetes,20251102,745,0,0.0
Kubernetes,20251103,1210,0,0.0
Kubernetes,20251104,1222,0,0.0
Kubernetes,20251105,1173,0,0.0
Kubernetes,20251106,1289,0,0.0
Kubernetes,20251107,1237,0,0.0
Kubernetes,20251108,747,0,0.0
Kubernetes,20251109,694,0,0.0
Kubernetes,20251110,1310,0,0.0
Kubernetes,20251111,1295,0,0.0
Kubernetes,20251112,1319,0,0.0
Kubernetes,20251113,1240,0,0.0
Kubernetes,20251114,1083,0,0.0
Kubernetes,20251115,676,0,0.0
Kubernetes,20251116,747,0,0.0
Kubernetes,20251117,1168,0,0.0
Kubernetes,20251118,1346,0,0.0
Kubernetes,20251119,1388,0,0.0
Kubernetes,20251120,1379,0,0.0
Kubernetes,20251121,1102,0,0.0
Kubernetes,20251122,724,0,0.0
Kubernetes,20251123,669,0,0.0
Kubernetes,20251124,1215,0,0.0
Kubernetes,20251125,1255,0,0.0
Kubernetes,20251126,1215,0,0.0
Kubernetes,20251127,999,0,0.0
Kubernetes,20251128,1003,0,0.0
Kubernetes,20251129,616,0,0.0
Kubernetes,20251130,676,0,0.0
Kubernetes,20251201,1128,0,0.0
Kubernetes,20251202,1112,0,0.0
Kubernetes,20251203,1187,0,0.0
Kubernetes,20251204,1196,0,0.0
Kubernetes,20251205,993,0,0.0
Kubernetes,20251206,520,0,0.0
Kubernetes,20251207,641,0,0.0
Kubernetes,20251208,955,0,0.0
Kubernetes,20251209,1147,1,0.0008293048958333333
Kubernetes,20251210,1214,2,0.0017554945833333333
Kubernetes,20251211,1176,1,0.0008502724999999999
Kubernetes,20251212,973,0,0.0
Kubernetes,20251213,584,0,0.0
Kubernetes,20251214,552,0,0.0
Kubernetes,20251215,942,0,0.0
Kubernetes,20251216,1048,1,0.0007577258333333332
Kubernetes,20251217,953,0,0.0
Kubernetes,20251218,973,0,0.0
Kubernetes,20251219,788,0,0.0
Kubernetes,20251220,557,0,0.0
Kubernetes,20251221,567,0,0.0
Kubernetes,20251222,790,0,0.0
Kubernetes,20251223,682,0,0.0
Kubernetes,20251224,636,0,0.0
Kubernetes,20251225,467,0,0.0
Kubernetes,20251226,612,0,0.0
Kubernetes,20251227,544,0,0.0
Kubernetes,20251228,495,0,0.0
Kubernetes,20251229,671,0,0.0
Kubernetes,20251230,669,0,0.0
Kubernetes,20251231,598,0,0.0
Kubernetes,20260101,463,0,0.0
Kubernetes,20260102,669,0,0.0
Kubernetes,20260103,519,0,0.0
Kubernetes,20260104,459,0,0.0
Kubernetes,20260105,883,0,0.0
Kubernetes,20260106,855,0,0.0
Kubernetes,20260107,891,0,0.0
Kubernetes,20260108,873,0,0.0
Kubernetes,20260109,795,0,0.0
Kubernetes,20260110,492,0,0.0
Kubernetes,20260111,543,0,0.0
Kubernetes,20260112,994,0,0.0
Kubernetes,20260113,1028,0,0.0
Kubernetes,20260114,1038,0,0.0
Kubernetes,20260115,1007,0,0.0
Kubernetes,20260116,923,0,0.0
Kubernetes,20260117,532,0,0.0
Kubernetes,20260118,607,0,0.0
Kubernetes,20260119,909,0,0.0
Kubernetes,20260120,1085,0,0.0
Kubernetes,20260121,1194,0,0.0
Kubernetes,20260122,979,0,0.0
Kubernetes,20260123,952,0,0.0
Kubernetes,20260124,596,1,0.0004309204166666666
Kubernetes,20260125,603,0,0.0
Kubernetes,20260126,932,0,0.0
Kubernetes,20260127,1097,0,0.0
Kubernetes,20260128,1095,0,0.0
Kubernetes,20260129,1083,0,0.0
Kubernetes,20260130,1000,0,0.0
Kubernetes,20260131,616,0,0.0
Kubernetes,20260201,623,0,0.0
Kubernetes,20260202,1010,1,0.0007302510416666665
Kubernetes,20260203,1197,0,0.0
Kubernetes,20260204,1167,0,0.0
Kubernetes,20260205,1213,0,0.0
Kubernetes,20260206,1097,0,0.0
Kubernetes,20260207,620,0,0.0
Kubernetes,20260208,607,0,0.0
Kubernetes,20260209,1865,0,0.0
Kubernetes,20260210,1292,0,0.0
Kubernetes,20260211,1322,0,0.0
Kubernetes,20260212,1271,0,0.0
Kubernetes,20260213,992,1,0.0007172366666666666
Kubernetes,20260214,577,0,0.0
Kubernetes,20260215,562,1,0.0004063377083333333
Kubernetes,20260216,907,0,0.0
Kubernetes,20260217,1042,0,0.0
Kubernetes,20260218,1135,0,0.0
Kubernetes,20260219,1186,0,0.0
Kubernetes,20260220,993,0,0.0
Kubernetes,20260221,619,0,0.0
Kubernetes,20260222,655,0,0.0
Kubernetes,20260223,977,0,0.0
Kubernetes,20260224,1058,0,0.0
Kubernetes,20260225,1039,0,0.0
Kubernetes,20260226,1076,0,0.0
Kubernetes,20260227,950,0,0.0
Kubernetes,20260228,572,0,0.0
Kubernetes,20260301,579,0,0.0
Kubernetes,20260302,917,0,0.0
Kubernetes,20260303,966,0,0.0
Kubernetes,20260304,990,0,0.0
Kubernetes,20260305,1100,0,0.0
Kubernetes,20260306,881,0,0.0
Kubernetes,20260307,532,0,0.0
Kubernetes,20260308,539,0,0.0
Kubernetes,20260309,857,0,0.0
Kubernetes,20260310,978,0,0.0
Kubernetes,20260311,1037,0,0.0
Kubernetes,20260312,1131,0,0.0
Kubernetes,20260313,922,0,0.0
Kubernetes,20260314,554,0,0.0
Kubernetes,20260315,531,0,0.0
Kubernetes,20260316,945,0,0.0
Kubernetes,20260317,1056,0,0.0
Kubernetes,20260318,1030,0,0.0
Kubernetes,20260319,982,0,0.0
Kubernetes,20260320,857,0,0.0
Kubernetes,20260321,524,0,0.0
Kubernetes,20260322,547,0,0.0
Kubernetes,20260323,1039,0,0.0
Kubernetes,20260324,1174,0,0.0
Kubernetes,20260325,1034,0,0.0
Kubernetes,20260326,983,0,0.0
Kubernetes,20260327,893,0,0.0
Kubernetes,20260328,590,0,0.0
Kubernetes,20260329,548,0,0.0
Kubernetes,20260330,964,0,0.0
Kubernetes,20260331,928,0,0.0
Kubernetes,20260401,946,0,0.0
Kubernetes,20260402,925,0,0.0
Kubernetes,20260403,660,0,0.0
Kubernetes,20260404,505,0,0.0
Kubernetes,20260405,506,0,0.0
Kubernetes,20260406,722,0,0.0
Kubernetes,20260407,875,0,0.0
Kubernetes,20260408,931,0,0.0
Kubernetes,20260409,984,0,0.0
Kubernetes,20260410,893,0,0.0
Kubernetes,20260411,472,0,0.0
Kubernetes,20260412,557,1,0.0004027226041666666
Kubernetes,20260413,1067,1,0.0007714632291666667
Kubernetes,20260414,1062,0,0.0
Kubernetes,20260415,965,0,0.0
Kubernetes,20260416,978,0,0.0
Kubernetes,20260417,824,1,0.0005957691666666666
Kubernetes,20260418,535,0,0.0
Kubernetes,20260419,528,4,0.00152702
Kubernetes,20260420,1001,0,0.0
Kubernetes,20260421,972,0,0.0
Kubernetes,20260422,1076,0,0.0
Kubernetes,20260423,1082,0,0.0
Kubernetes,20260424,899,0,0.0
Kubernetes,20260425,552,0,0.0
Kubernetes,20260426,688,2,0.0009948766666666668
Kubernetes,20260427,961,0,0.0
Kubernetes,20260428,996,0,0.0
Kubernetes,20260429,1081,0,0.0
Kubernetes,20260430,885,0,0.0
Kubernetes,20260501,766,0,0.0
Kubernetes,20260502,527,0,0.0
Kubernetes,20260503,477,0,0.0
Kubernetes,20260504,857,0,0.0
Kubernetes,20260505,1076,0,0.0
Kubernetes,20260506,998,0,0.0
Kubernetes,20260507,1025,0,0.0
Kubernetes,20260508,898,0,0.0
Kubernetes,20260509,570,0,0.0
Kubernetes,20260510,613,0,0.0
Kubernetes,20260511,1025,0,0.0
Kubernetes,20260512,1158,0,0.0
Kubernetes,20260513,987,0,0.0
Kubernetes,20260514,1118,0,0.0
Kubernetes,20260515,916,3,0.00198686125
Kubernetes,20260516,640,1,0.0004627333333333333
Kubernetes,20260517,682,0,0.0
Kubernetes,20260518,1052,0,0.0
Kubernetes,20260519,1074,0,0.0
Kubernetes,20260520,1303,0,0.0
Kubernetes,20260521,1048,0,0.0
Kubernetes,20260522,873,0,0.0
Kubernetes,20260523,494,0,0.0
Kubernetes,20260524,505,0,0.0
Kubernetes,20260525,1261,0,0.0
Kubernetes,20260526,1027,0,0.0
Kubernetes,20260527,947,0,0.0
Kubernetes,20260528,1190,0,0.0
Kubernetes,20260529,858,0,0.0
Kubernetes,20260530,573,0,0.0
Kubernetes,20260531,511,0,0.0
Kubernetes,20260601,886,0,0.0
Kubernetes,20260602,932,0,0.0
Kubernetes,20260603,987,0,0.0
Kubernetes,20260604,1001,0,0.0
Kubernetes,20260605,900,0,0.0
Kubernetes,20260606,534,0,0.0
Kubernetes,20260607,535,0,0.0
Kubernetes,20260608,858,0,0.0
Kubernetes,20260609,977,0,0.0
Kubernetes,20260610,907,0,0.0
Kubernetes,20260611,993,0,0.0
Kubernetes,20260612,853,0,0.0
Kubernetes,20260613,503,0,0.0
Kubernetes,20260614,497,0,0.0
Kubernetes,20260615,966,0,0.0
Kubernetes,20260616,991,0,0.0
Kubernetes,20260617,925,0,0.0
Kubernetes,20260618,892,0,0.0
Kubernetes,20260619,747,0,0.0
Kubernetes,20260620,413,0,0.0
Kubernetes,20260621,504,0,0.0
Kubernetes,20260622,955,0,0.0
Kubernetes,20260623,924,1,0.00066807125
Kubernetes,20260624,996,0,0.0
Kubernetes,20260625,949,0,0.0
Kubernetes,20260626,735,0,0.0
Kubernetes,20260627,441,0,0.0
Kubernetes,20260628,462,0,0.0
Kubernetes,20260629,907,0,0.0
Kubernetes,20260630,866,0,0.0
Kubernetes,20260701,839,0,0.0
Kubernetes,20260702,820,0,0.0
Kubernetes,20260703,758,4,0.0021921991666666667
Kubernetes,20260704,467,0,0.0
Kubernetes,20260705,499,0,0.0
Kubernetes,20260706,804,0,0.0
Kubernetes,20260707,885,3,0.0019196203124999998
Kubernetes,20260708,918,0,0.0
Kubernetes,20260709,873,0,0.0
Kubernetes,20260710,807,0,0.0
Kubernetes,20260711,538,0,0.0
Kubernetes,20260712,489,0,0.0
Kubernetes,20260713,767,0,0.0
Kubernetes,20260714,792,0,0.0
Kubernetes,20260715,873,0,0.0
Kubernetes,20260716,897,0,0.0
Kubernetes,20260717,740,0,0.0
Kubernetes,20260718,509,0,0.0
Kubernetes,20260719,477,0,0.0
Kubernetes,20260720,760,0,0.0
Kubernetes,20260721,782,0,0.0
Kubernetes,20260722,840,0,0.0
Kubernetes,20260723,789,0,0.0
Kubernetes,20260724,701,0,0.0
Kubernetes,20260725,551,0,0.0
Kubernetes,20260726,522,0,0.0
Kubernetes,20260727,1696,0,0.0
Kubernetes,20260728,4855,0,0.0
Kubernetes,20260729,1102,0,0.0
Kubernetes,20260730,972,0,0.0
Kubernetes,20260731,726,0,0.0
Flask_(web_framework),20250801,195,0,0.0
Flask_(web_framework),20250802,114,0,0.0
Flask_(web_framework),20250803,164,0,0.0
Flask_(web_framework),20250804,242,0,0.0
Flask_(web_framework),20250805,235,0,0.0
Flask_(web_framework),20250806,197,0,0.0
Flask_(web_framework),20250807,237,0,0.0
Flask_(web_framework),20250808,210,0,0.0
Flask_(web_framework),20250809,124,0,0.0
Flask_(web_framework),20250810,137,0,0.0
Flask_(web_framework),20250811,214,0,0.0
Flask_(web_framework),20250812,267,1,0.0001930465625
Flask_(web_framework),20250813,215,0,0.0
Flask_(web_framework),20250814,187,0,0.0
Flask_(web_framework),20250815,180,0,0.0
Flask_(web_framework),20250816,128,0,0.0
Flask_(web_framework),20250817,124,0,0.0
Flask_(web_framework),20250818,181,0,0.0
Flask_(web_framework),20250819,214,0,0.0
Flask_(web_framework),20250820,191,0,0.0
Flask_(web_framework),20250821,204,0,0.0
Flask_(web_framework),20250822,233,0,0.0
Flask_(web_framework),20250823,144,0,0.0
Flask_(web_framework),20250824,126,0,0.0
Flask_(web_framework),20250825,187,0,0.0
Flask_(web_framework),20250826,236,0,0.0
Flask_(web_framework),20250827,194,0,0.0
Flask_(web_framework),20250828,253,0,0.0
Flask_(web_framework),20250829,232,0,0.0
Flask_(web_framework),20250830,158,0,0.0
Flask_(web_framework),20250831,183,0,0.0
Flask_(web_framework),20250901,238,0,0.0
Flask_(web_framework),20250902,293,0,0.0
Flask_(web_framework),20250903,257,0,0.0
Flask_(web_framework),20250904,260,0,0.0
Flask_(web_framework),20250905,212,0,0.0
Flask_(web_framework),20250906,160,0,0.0
Flask_(web_framework),20250907,206,0,0.0
Flask_(web_framework),20250908,229,0,0.0
Flask_(web_framework),20250909,243,1,0.0001756940625
Flask_(web_framework),20250910,259,1,0.00018726239583333334
Flask_(web_framework),20250911,193,0,0.0
Flask_(web_framework),20250912,220,0,0.0
Flask_(web_framework),20250913,246,0,0.0
Flask_(web_framework),20250914,244,0,0.0
Flask_(web_framework),20250915,275,0,0.0
Flask_(web_framework),20250916,201,0,0.0
Flask_(web_framework),20250917,226,0,0.0
Flask_(web_framework),20250918,182,0,0.0
Flask_(web_framework),20250919,216,0,0.0
Flask_(web_framework),20250920,141,0,0.0
Flask_(web_framework),20250921,147,0,0.0
Flask_(web_framework),20250922,216,0,0.0
Flask_(web_framework),20250923,244,0,0.0
Flask_(web_framework),20250924,220,0,0.0
Flask_(web_framework),20250925,224,0,0.0
Flask_(web_framework),20250926,216,0,0.0
Flask_(web_framework),20250927,132,0,0.0
Flask_(web_framework),20250928,150,0,0.0
Flask_(web_framework),20250929,224,0,0.0
Flask_(web_framework),20250930,249,0,0.0
Flask_(web_framework),20251001,200,0,0.0
Flask_(web_framework),20251002,207,0,0.0
Flask_(web_framework),20251003,177,0,0.0
Flask_(web_framework),20251004,157,0,0.0
Flask_(web_framework),20251005,163,0,0.0
Flask_(web_framework),20251006,239,0,0.0
Flask_(web_framework),20251007,216,0,0.0
Flask_(web_framework),20251008,225,0,0.0
Flask_(web_framework),20251009,257,0,0.0
Flask_(web_framework),20251010,252,0,0.0
Flask_(web_framework),20251011,195,0,0.0
Flask_(web_framework),20251012,154,0,0.0
Flask_(web_framework),20251013,241,0,0.0
Flask_(web_framework),20251014,238,0,0.0
Flask_(web_framework),20251015,230,0,0.0
Flask_(web_framework),20251016,226,1,0.0001634027083333333
Flask_(web_framework),20251017,201,1,0.00014532718749999998
Flask_(web_framework),20251018,169,0,0.0
Flask_(web_framework),20251019,141,0,0.0
Flask_(web_framework),20251020,205,0,0.0
Flask_(web_framework),20251021,257,0,0.0
Flask_(web_framework),20251022,322,0,0.0
Flask_(web_framework),20251023,313,0,0.0
Flask_(web_framework),20251024,267,0,0.0
Flask_(web_framework),20251025,194,0,0.0
Flask_(web_framework),20251026,153,0,0.0
Flask_(web_framework),20251027,257,0,0.0
Flask_(web_framework),20251028,253,1,0.00018292427083333333
Flask_(web_framework),20251029,231,0,0.0
Flask_(web_framework),20251030,249,0,0.0
Flask_(web_framework),20251031,217,0,0.0
Flask_(web_framework),20251101,146,0,0.0
Flask_(web_framework),20251102,147,0,0.0
Flask_(web_framework),20251103,265,0,0.0
Flask_(web_framework),20251104,285,0,0.0
Flask_(web_framework),20251105,213,0,0.0
Flask_(web_framework),20251106,218,0,0.0
Flask_(web_framework),20251107,212,0,0.0
Flask_(web_framework),20251108,138,0,0.0
Flask_(web_framework),20251109,152,0,0.0
Flask_(web_framework),20251110,230,0,0.0
Flask_(web_framework),20251111,211,0,0.0
Flask_(web_framework),20251112,212,0,0.0
Flask_(web_framework),20251113,216,0,0.0
Flask_(web_framework),20251114,213,0,0.0
Flask_(web_framework),20251115,173,0,0.0
Flask_(web_framework),20251116,149,0,0.0
Flask_(web_framework),20251117,229,0,0.0
Flask_(web_framework),20251118,255,0,0.0
Flask_(web_framework),20251119,223,0,0.0
Flask_(web_framework),20251120,212,0,0.0
Flask_(web_framework),20251121,193,0,0.0
Flask_(web_framework),20251122,150,0,0.0
Flask_(web_framework),20251123,184,0,0.0
Flask_(web_framework),20251124,283,0,0.0
Flask_(web_framework),20251125,245,0,0.0
Flask_(web_framework),20251126,300,0,0.0
Flask_(web_framework),20251127,220,0,0.0
Flask_(web_framework),20251128,185,0,0.0
Flask_(web_framework),20251129,132,0,0.0
Flask_(web_framework),20251130,154,0,0.0
Flask_(web_framework),20251201,209,0,0.0
Flask_(web_framework),20251202,230,0,0.0
Flask_(web_framework),20251203,200,0,0.0
Flask_(web_framework),20251204,215,0,0.0
Flask_(web_framework),20251205,190,0,0.0
Flask_(web_framework),20251206,136,0,0.0
Flask_(web_framework),20251207,136,0,0.0
Flask_(web_framework),20251208,192,0,0.0
Flask_(web_framework),20251209,213,0,0.0
Flask_(web_framework),20251210,225,0,0.0
Flask_(web_framework),20251211,173,0,0.0
Flask_(web_framework),20251212,175,0,0.0
Flask_(web_framework),20251213,119,0,0.0
Flask_(web_framework),20251214,126,0,0.0
Flask_(web_framework),20251215,174,0,0.0
Flask_(web_framework),20251216,188,0,0.0
Flask_(web_framework),20251217,164,0,0.0
Flask_(web_framework),20251218,179,0,0.0
Flask_(web_framework),20251219,166,0,0.0
Flask_(web_framework),20251220,113,0,0.0
Flask_(web_framework),20251221,133,0,0.0
Flask_(web_framework),20251222,157,0,0.0
Flask_(web_framework),20251223,139,0,0.0
Flask_(web_framework),20251224,131,0,0.0
Flask_(web_framework),20251225,112,0,0.0
Flask_(web_framework),20251226,126,0,0.0
Flask_(web_framework),20251227,116,0,0.0
Flask_(web_framework),20251228,88,0,0.0
Flask_(web_framework),20251229,125,1,9.037760416666665e-05
Flask_(web_framework),20251230,134,0,0.0
Flask_(web_framework),20251231,107,0,0.0
Flask_(web_framework),20260101,98,0,0.0
Flask_(web_framework),20260102,158,0,0.0
Flask_(web_framework),20260103,100,0,0.0
Flask_(web_framework),20260104,129,0,0.0
Flask_(web_framework),20260105,175,1,0.0001265286458333333
Flask_(web_framework),20260106,163,0,0.0
Flask_(web_framework),20260107,188,0,0.0
Flask_(web_framework),20260108,173,0,0.0
Flask_(web_framework),20260109,177,0,0.0
Flask_(web_framework),20260110,117,0,0.0
Flask_(web_framework),20260111,109,0,0.0
Flask_(web_framework),20260112,201,0,0.0
Flask_(web_framework),20260113,191,0,0.0
Flask_(web_framework),20260114,192,0,0.0
Flask_(web_framework),20260115,206,0,0.0
Flask_(web_framework),20260116,153,0,0.0
Flask_(web_framework),20260117,125,0,0.0
Flask_(web_framework),20260118,130,0,0.0
Flask_(web_framework),20260119,194,0,0.0
Flask_(web_framework),20260120,224,0,0.0
Flask_(web_framework),20260121,236,0,0.0
Flask_(web_framework),20260122,179,0,0.0
Flask_(web_framework),20260123,168,0,0.0
Flask_(web_framework),20260124,118,0,0.0
Flask_(web_framework),20260125,117,0,0.0
Flask_(web_framework),20260126,178,0,0.0
Flask_(web_framework),20260127,210,0,0.0
Flask_(web_framework),20260128,177,0,0.0
Flask_(web_framework),20260129,193,0,0.0
Flask_(web_framework),20260130,162,0,0.0
Flask_(web_framework),20260131,139,0,0.0
Flask_(web_framework),20260201,132,0,0.0
Flask_(web_framework),20260202,163,0,0.0
Flask_(web_framework),20260203,229,0,0.0
Flask_(web_framework),20260204,228,0,0.0
Flask_(web_framework),20260205,231,0,0.0
Flask_(web_framework),20260206,172,0,0.0
Flask_(web_framework),20260207,127,0,0.0
Flask_(web_framework),20260208,127,0,0.0
Flask_(web_framework),20260209,181,0,0.0
Flask_(web_framework),20260210,193,0,0.0
Flask_(web_framework),20260211,231,0,0.0
Flask_(web_framework),20260212,227,0,0.0
Flask_(web_framework),20260213,175,0,0.0
Flask_(web_framework),20260214,139,0,0.0
Flask_(web_framework),20260215,116,0,0.0
Flask_(web_framework),20260216,173,0,0.0
Flask_(web_framework),20260217,172,0,0.0
Flask_(web_framework),20260218,194,0,0.0
Flask_(web_framework),20260219,189,0,0.0
Flask_(web_framework),20260220,191,0,0.0
Flask_(web_framework),20260221,127,0,0.0
Flask_(web_framework),20260222,162,0,0.0
Flask_(web_framework),20260223,188,0,0.0
Flask_(web_framework),20260224,179,0,0.0
Flask_(web_framework),20260225,212,0,0.0
Flask_(web_framework),20260226,138,0,0.0
Flask_(web_framework),20260227,144,0,0.0
Flask_(web_framework),20260228,109,0,0.0
Flask_(web_framework),20260301,107,0,0.0
Flask_(web_framework),20260302,225,0,0.0
Flask_(web_framework),20260303,185,0,0.0
Flask_(web_framework),20260304,207,0,0.0
Flask_(web_framework),20260305,226,0,0.0
Flask_(web_framework),20260306,198,0,0.0
Flask_(web_framework),20260307,100,0,0.0
Flask_(web_framework),20260308,111,0,0.0
Flask_(web_framework),20260309,185,0,0.0
Flask_(web_framework),20260310,188,0,0.0
Flask_(web_framework),20260311,186,0,0.0
Flask_(web_framework),20260312,197,0,0.0
Flask_(web_framework),20260313,148,0,0.0
Flask_(web_framework),20260314,103,0,0.0
Flask_(web_framework),20260315,102,0,0.0
Flask_(web_framework),20260316,204,0,0.0
Flask_(web_framework),20260317,188,0,0.0
Flask_(web_framework),20260318,190,0,0.0
Flask_(web_framework),20260319,144,0,0.0
Flask_(web_framework),20260320,151,0,0.0
Flask_(web_framework),20260321,100,0,0.0
Flask_(web_framework),20260322,153,0,0.0
Flask_(web_framework),20260323,154,0,0.0
Flask_(web_framework),20260324,184,0,0.0
Flask_(web_framework),20260325,175,0,0.0
Flask_(web_framework),20260326,177,0,0.0
Flask_(web_framework),20260327,152,0,0.0
Flask_(web_framework),20260328,114,0,0.0
Flask_(web_framework),20260329,161,0,0.0
Flask_(web_framework),20260330,162,0,0.0
Flask_(web_framework),20260331,214,0,0.0
Flask_(web_framework),20260401,183,0,0.0
Flask_(web_framework),20260402,192,0,0.0
Flask_(web_framework),20260403,177,0,0.0
Flask_(web_framework),20260404,141,0,0.0
Flask_(web_framework),20260405,119,0,0.0
Flask_(web_framework),20260406,132,0,0.0
Flask_(web_framework),20260407,209,0,0.0
Flask_(web_framework),20260408,195,0,0.0
Flask_(web_framework),20260409,182,0,0.0
Flask_(web_framework),20260410,176,0,0.0
Flask_(web_framework),20260411,103,0,0.0
Flask_(web_framework),20260412,129,0,0.0
Flask_(web_framework),20260413,174,0,0.0
Flask_(web_framework),20260414,202,0,0.0
Flask_(web_framework),20260415,181,0,0.0
Flask_(web_framework),20260416,189,0,0.0
Flask_(web_framework),20260417,167,0,0.0
Flask_(web_framework),20260418,125,0,0.0
Flask_(web_framework),20260419,138,0,0.0
Flask_(web_framework),20260420,184,0,0.0
Flask_(web_framework),20260421,204,0,0.0
Flask_(web_framework),20260422,184,0,0.0
Flask_(web_framework),20260423,176,0,0.0
Flask_(web_framework),20260424,165,0,0.0
Flask_(web_framework),20260425,134,0,0.0
Flask_(web_framework),20260426,124,0,0.0
Flask_(web_framework),20260427,206,0,0.0
Flask_(web_framework),20260428,219,0,0.0
Flask_(web_framework),20260429,194,0,0.0
Flask_(web_framework),20260430,196,0,0.0
Flask_(web_framework),20260501,131,0,0.0
Flask_(web_framework),20260502,97,0,0.0
Flask_(web_framework),20260503,132,0,0.0
Flask_(web_framework),20260504,213,0,0.0
Flask_(web_framework),20260505,186,0,0.0
Flask_(web_framework),20260506,199,0,0.0
Flask_(web_framework),20260507,212,0,0.0
Flask_(web_framework),20260508,170,0,0.0
Flask_(web_framework),20260509,139,0,0.0
Flask_(web_framework),20260510,112,0,0.0
Flask_(web_framework),20260511,178,0,0.0
Flask_(web_framework),20260512,200,0,0.0
Flask_(web_framework),20260513,173,0,0.0
Flask_(web_framework),20260514,180,0,0.0
Flask_(web_framework),20260515,179,0,0.0
Flask_(web_framework),20260516,120,0,0.0
Flask_(web_framework),20260517,123,0,0.0
Flask_(web_framework),20260518,184,0,0.0
Flask_(web_framework),20260519,228,0,0.0
Flask_(web_framework),20260520,275,0,0.0
Flask_(web_framework),20260521,314,0,0.0
Flask_(web_framework),20260522,245,0,0.0
Flask_(web_framework),20260523,148,0,0.0
Flask_(web_framework),20260524,130,0,0.0
Flask_(web_framework),20260525,133,0,0.0
Flask_(web_framework),20260526,141,0,0.0
Flask_(web_framework),20260527,307,0,0.0
Flask_(web_framework),20260528,233,0,0.0
Flask_(web_framework),20260529,163,2,0.00023570479166666668
Flask_(web_framework),20260530,101,0,0.0
Flask_(web_framework),20260531,132,0,0.0
Flask_(web_framework),20260601,162,0,0.0
Flask_(web_framework),20260602,193,0,0.0
Flask_(web_framework),20260603,165,0,0.0
Flask_(web_framework),20260604,176,0,0.0
Flask_(web_framework),20260605,174,0,0.0
Flask_(web_framework),20260606,113,0,0.0
Flask_(web_framework),20260607,126,0,0.0
Flask_(web_framework),20260608,176,0,0.0
Flask_(web_framework),20260609,164,0,0.0
Flask_(web_framework),20260610,181,0,0.0
Flask_(web_framework),20260611,139,0,0.0
Flask_(web_framework),20260612,131,0,0.0
Flask_(web_framework),20260613,90,0,0.0
Flask_(web_framework),20260614,102,0,0.0
Flask_(web_framework),20260615,146,0,0.0
Flask_(web_framework),20260616,156,0,0.0
Flask_(web_framework),20260617,188,0,0.0
Flask_(web_framework),20260618,202,0,0.0
Flask_(web_framework),20260619,123,0,0.0
Flask_(web_framework),20260620,98,0,0.0
Flask_(web_framework),20260621,110,0,0.0
Flask_(web_framework),20260622,167,0,0.0
Flask_(web_framework),20260623,150,0,0.0
Flask_(web_framework),20260624,164,0,0.0
Flask_(web_framework),20260625,136,0,0.0
Flask_(web_framework),20260626,126,0,0.0
Flask_(web_framework),20260627,94,0,0.0
Flask_(web_framework),20260628,80,0,0.0
Flask_(web_framework),20260629,122,0,0.0
Flask_(web_framework),20260630,128,0,0.0
Flask_(web_framework),20260701,161,0,0.0
Flask_(web_framework),20260702,162,0,0.0
Flask_(web_framework),20260703,147,0,0.0
Flask_(web_framework),20260704,104,0,0.0
Flask_(web_framework),20260705,91,0,0.0
Flask_(web_framework),20260706,147,0,0.0
Flask_(web_framework),20260707,221,0,0.0
Flask_(web_framework),20260708,175,0,0.0
Flask_(web_framework),20260709,115,0,0.0
Flask_(web_framework),20260710,120,0,0.0
Flask_(web_framework),20260711,93,0,0.0
Flask_(web_framework),20260712,76,0,0.0
Flask_(web_framework),20260713,126,0,0.0
Flask_(web_framework),20260714,141,0,0.0
Flask_(web_framework),20260715,155,0,0.0
Flask_(web_framework),20260716,158,0,0.0
Flask_(web_framework),20260717,141,0,0.0
Flask_(web_framework),20260718,102,0,0.0
Flask_(web_framework),20260719,103,0,0.0
Flask_(web_framework),20260720,144,0,0.0
Flask_(web_framework),20260721,128,0,0.0
Flask_(web_framework),20260722,145,0,0.0
Flask_(web_framework),20260723,131,0,0.0
Flask_(web_framework),20260724,100,0,0.0
Flask_(web_framework),20260725,92,0,0.0
Flask_(web_framework),20260726,116,0,0.0
Flask_(web_framework),20260727,126,0,0.0
Flask_(web_framework),20260728,139,0,0.0
Flask_(web_framework),20260729,152,0,0.0
Flask_(web_framework),20260730,132,0,0.0
Flask_(web_framework),20260731,120,0,0.0
PostgreSQL,20250801,765,0,0.0
PostgreSQL,20250802,448,0,0.0
PostgreSQL,20250803,450,0,0.0
PostgreSQL,20250804,926,0,0.0
PostgreSQL,20250805,1058,0,0.0
PostgreSQL,20250806,1011,0,0.0
PostgreSQL,20250807,925,1,0.0006687942708333333
PostgreSQL,20250808,816,0,0.0
PostgreSQL,20250809,411,0,0.0
PostgreSQL,20250810,500,3,0.00108453125
PostgreSQL,20250811,928,1,0.0006709633333333333
PostgreSQL,20250812,1003,0,0.0
PostgreSQL,20250813,895,0,0.0
PostgreSQL,20250814,904,1,0.0006536108333333332
PostgreSQL,20250815,801,0,0.0
PostgreSQL,20250816,476,0,0.0
PostgreSQL,20250817,514,0,0.0
PostgreSQL,20250818,1028,0,0.0
PostgreSQL,20250819,2587,0,0.0
PostgreSQL,20250820,989,0,0.0
PostgreSQL,20250821,1037,2,0.0014995452083333331
PostgreSQL,20250822,942,0,0.0
PostgreSQL,20250823,501,0,0.0
PostgreSQL,20250824,577,0,0.0
PostgreSQL,20250825,1176,0,0.0
PostgreSQL,20250826,1065,0,0.0
PostgreSQL,20250827,1104,2,0.00159643
PostgreSQL,20250828,1020,0,0.0
PostgreSQL,20250829,868,0,0.0
PostgreSQL,20250830,424,0,0.0
PostgreSQL,20250831,424,0,0.0
PostgreSQL,20250901,849,0,0.0
PostgreSQL,20250902,1048,1,0.0007577258333333332
PostgreSQL,20250903,1147,0,0.0
PostgreSQL,20250904,1136,1,0.0008213516666666666
PostgreSQL,20250905,982,0,0.0
PostgreSQL,20250906,624,0,0.0
PostgreSQL,20250907,888,0,0.0
PostgreSQL,20250908,1107,0,0.0
PostgreSQL,20250909,1141,0,0.0
PostgreSQL,20250910,1185,0,0.0
PostgreSQL,20250911,1225,0,0.0
PostgreSQL,20250912,988,0,0.0
PostgreSQL,20250913,528,0,0.0
PostgreSQL,20250914,501,0,0.0
PostgreSQL,20250915,1121,0,0.0
PostgreSQL,20250916,1133,0,0.0
PostgreSQL,20250917,1234,0,0.0
PostgreSQL,20250918,1379,0,0.0
PostgreSQL,20250919,1179,0,0.0
PostgreSQL,20250920,493,0,0.0
PostgreSQL,20250921,702,0,0.0
PostgreSQL,20250922,1100,0,0.0
PostgreSQL,20250923,1236,0,0.0
PostgreSQL,20250924,1200,0,0.0
PostgreSQL,20250925,1259,2,0.0018205664583333333
PostgreSQL,20250926,1169,0,0.0
PostgreSQL,20250927,541,0,0.0
PostgreSQL,20250928,588,0,0.0
PostgreSQL,20250929,1161,0,0.0
PostgreSQL,20250930,1208,0,0.0
PostgreSQL,20251001,1084,0,0.0
PostgreSQL,20251002,1065,0,0.0
PostgreSQL,20251003,945,0,0.0
PostgreSQL,20251004,509,0,0.0
PostgreSQL,20251005,529,0,0.0
PostgreSQL,20251006,1132,0,0.0
PostgreSQL,20251007,1105,0,0.0
PostgreSQL,20251008,1195,0,0.0
PostgreSQL,20251009,1215,0,0.0
PostgreSQL,20251010,979,0,0.0
PostgreSQL,20251011,469,0,0.0
PostgreSQL,20251012,510,0,0.0
PostgreSQL,20251013,1077,0,0.0
PostgreSQL,20251014,1166,0,0.0
PostgreSQL,20251015,1079,0,0.0
PostgreSQL,20251016,1075,0,0.0
PostgreSQL,20251017,980,0,0.0
PostgreSQL,20251018,532,0,0.0
PostgreSQL,20251019,490,0,0.0
PostgreSQL,20251020,1138,0,0.0
PostgreSQL,20251021,1137,0,0.0
PostgreSQL,20251022,1069,0,0.0
PostgreSQL,20251023,1130,0,0.0
PostgreSQL,20251024,1017,0,0.0
PostgreSQL,20251025,578,0,0.0
PostgreSQL,20251026,572,0,0.0
PostgreSQL,20251027,1113,0,0.0
PostgreSQL,20251028,1112,0,0.0
PostgreSQL,20251029,1167,0,0.0
PostgreSQL,20251030,1113,0,0.0
PostgreSQL,20251031,954,0,0.0
PostgreSQL,20251101,550,0,0.0
PostgreSQL,20251102,562,0,0.0
PostgreSQL,20251103,1078,0,0.0
PostgreSQL,20251104,1087,0,0.0
PostgreSQL,20251105,1179,0,0.0
PostgreSQL,20251106,1020,0,0.0
PostgreSQL,20251107,990,0,0.0
PostgreSQL,20251108,545,0,0.0
PostgreSQL,20251109,512,1,0.00037018666666666664
PostgreSQL,20251110,1083,0,0.0
PostgreSQL,20251111,1025,0,0.0
PostgreSQL,20251112,1063,0,0.0
PostgreSQL,20251113,1218,3,0.0026419181249999995
PostgreSQL,20251114,1100,0,0.0
PostgreSQL,20251115,512,0,0.0
PostgreSQL,20251116,506,0,0.0
PostgreSQL,20251117,1169,0,0.0
PostgreSQL,20251118,1102,2,0.0015935379166666665
PostgreSQL,20251119,1067,0,0.0
PostgreSQL,20251120,1029,0,0.0
PostgreSQL,20251121,951,0,0.0
PostgreSQL,20251122,488,0,0.0
PostgreSQL,20251123,499,0,0.0
PostgreSQL,20251124,1079,0,0.0
PostgreSQL,20251125,1211,0,0.0
PostgreSQL,20251126,1405,0,0.0
PostgreSQL,20251127,952,1,0.0006883158333333332
PostgreSQL,20251128,867,3,0.0018805771875
PostgreSQL,20251129,493,0,0.0
PostgreSQL,20251130,528,0,0.0
PostgreSQL,20251201,1043,0,0.0
PostgreSQL,20251202,1147,0,0.0
PostgreSQL,20251203,1086,0,0.0
PostgreSQL,20251204,1089,0,0.0
PostgreSQL,20251205,825,0,0.0
PostgreSQL,20251206,478,1,0.00034560395833333336
PostgreSQL,20251207,487,0,0.0
PostgreSQL,20251208,971,0,0.0
PostgreSQL,20251209,1013,0,0.0
PostgreSQL,20251210,997,0,0.0
PostgreSQL,20251211,907,0,0.0
PostgreSQL,20251212,971,0,0.0
PostgreSQL,20251213,485,0,0.0
PostgreSQL,20251214,444,0,0.0
PostgreSQL,20251215,937,0,0.0
PostgreSQL,20251216,980,0,0.0
PostgreSQL,20251217,989,0,0.0
PostgreSQL,20251218,929,0,0.0
PostgreSQL,20251219,763,0,0.0
PostgreSQL,20251220,437,0,0.0
PostgreSQL,20251221,434,0,0.0
PostgreSQL,20251222,733,0,0.0
PostgreSQL,20251223,743,0,0.0
PostgreSQL,20251224,569,0,0.0
PostgreSQL,20251225,464,0,0.0
PostgreSQL,20251226,525,0,0.0
PostgreSQL,20251227,455,0,0.0
PostgreSQL,20251228,400,0,0.0
PostgreSQL,20251229,663,0,0.0
PostgreSQL,20251230,644,0,0.0
PostgreSQL,20251231,497,0,0.0
PostgreSQL,20260101,384,0,0.0
PostgreSQL,20260102,566,0,0.0
PostgreSQL,20260103,414,0,0.0
PostgreSQL,20260104,463,0,0.0
PostgreSQL,20260105,873,0,0.0
PostgreSQL,20260106,966,1,0.0006984381249999999
PostgreSQL,20260107,1022,0,0.0
PostgreSQL,20260108,999,0,0.0
PostgreSQL,20260109,870,0,0.0
PostgreSQL,20260110,540,0,0.0
PostgreSQL,20260111,505,0,0.0
PostgreSQL,20260112,1064,0,0.0
PostgreSQL,20260113,1142,0,0.0
PostgreSQL,20260114,1135,0,0.0
PostgreSQL,20260115,1000,0,0.0
PostgreSQL,20260116,896,1,0.0006478266666666666
PostgreSQL,20260117,512,1,0.00037018666666666664
PostgreSQL,20260118,621,1,0.0004489959375
PostgreSQL,20260119,1112,1,0.0008039991666666666
PostgreSQL,20260120,1090,0,0.0
PostgreSQL,20260121,1139,0,0.0
PostgreSQL,20260122,1068,0,0.0
PostgreSQL,20260123,1179,0,0.0
PostgreSQL,20260124,774,0,0.0
PostgreSQL,20260125,651,1,0.0004706865625
PostgreSQL,20260126,1135,0,0.0
PostgreSQL,20260127,1209,0,0.0
PostgreSQL,20260128,1124,0,0.0
PostgreSQL,20260129,1057,0,0.0
PostgreSQL,20260130,1006,0,0.0
PostgreSQL,20260131,494,0,0.0
PostgreSQL,20260201,512,0,0.0
PostgreSQL,20260202,1298,0,0.0
PostgreSQL,20260203,1199,0,0.0
PostgreSQL,20260204,1133,0,0.0
PostgreSQL,20260205,1268,1,0.0009167904166666666
PostgreSQL,20260206,1035,0,0.0
PostgreSQL,20260207,564,0,0.0
PostgreSQL,20260208,557,0,0.0
PostgreSQL,20260209,1151,0,0.0
PostgreSQL,20260210,1089,2,0.001574739375
PostgreSQL,20260211,1143,0,0.0
PostgreSQL,20260212,1038,0,0.0
PostgreSQL,20260213,958,0,0.0
PostgreSQL,20260214,530,0,0.0
PostgreSQL,20260215,575,0,0.0
PostgreSQL,20260216,1028,0,0.0
PostgreSQL,20260217,1156,0,0.0
PostgreSQL,20260218,1122,0,0.0
PostgreSQL,20260219,1050,0,0.0
PostgreSQL,20260220,936,2,0.001353495
PostgreSQL,20260221,527,0,0.0
PostgreSQL,20260222,585,0,0.0
PostgreSQL,20260223,977,0,0.0
PostgreSQL,20260224,1065,0,0.0
PostgreSQL,20260225,1327,0,0.0
PostgreSQL,20260226,2047,1,0.0014800236458333332
PostgreSQL,20260227,1444,0,0.0
PostgreSQL,20260228,813,0,0.0
PostgreSQL,20260301,716,0,0.0
PostgreSQL,20260302,1234,0,0.0
PostgreSQL,20260303,1314,2,0.00190009875
PostgreSQL,20260304,1217,0,0.0
PostgreSQL,20260305,1186,0,0.0
PostgreSQL,20260306,978,0,0.0
PostgreSQL,20260307,610,1,0.0004410427083333333
PostgreSQL,20260308,767,0,0.0
PostgreSQL,20260309,1099,0,0.0
PostgreSQL,20260310,1176,0,0.0
PostgreSQL,20260311,1142,0,0.0
PostgreSQL,20260312,1200,0,0.0
PostgreSQL,20260313,927,0,0.0
PostgreSQL,20260314,437,0,0.0
PostgreSQL,20260315,505,0,0.0
PostgreSQL,20260316,994,0,0.0
PostgreSQL,20260317,1112,0,0.0
PostgreSQL,20260318,1046,0,0.0
PostgreSQL,20260319,931,0,0.0
PostgreSQL,20260320,810,0,0.0
PostgreSQL,20260321,443,0,0.0
PostgreSQL,20260322,486,0,0.0
PostgreSQL,20260323,974,0,0.0
PostgreSQL,20260324,1050,0,0.0
PostgreSQL,20260325,946,0,0.0
PostgreSQL,20260326,918,0,0.0
PostgreSQL,20260327,792,0,0.0
PostgreSQL,20260328,574,0,0.0
PostgreSQL,20260329,490,0,0.0
PostgreSQL,20260330,1015,0,0.0
PostgreSQL,20260331,1001,0,0.0
PostgreSQL,20260401,1022,0,0.0
PostgreSQL,20260402,963,0,0.0
PostgreSQL,20260403,720,0,0.0
PostgreSQL,20260404,479,0,0.0
PostgreSQL,20260405,495,0,0.0
PostgreSQL,20260406,773,0,0.0
PostgreSQL,20260407,992,0,0.0
PostgreSQL,20260408,910,0,0.0
PostgreSQL,20260409,959,0,0.0
PostgreSQL,20260410,809,0,0.0
PostgreSQL,20260411,464,0,0.0
PostgreSQL,20260412,447,0,0.0
PostgreSQL,20260413,986,0,0.0
PostgreSQL,20260414,1096,0,0.0
PostgreSQL,20260415,902,1,0.0006521647916666667
PostgreSQL,20260416,961,0,0.0
PostgreSQL,20260417,887,0,0.0
PostgreSQL,20260418,536,0,0.0
PostgreSQL,20260419,528,0,0.0
PostgreSQL,20260420,1089,0,0.0
PostgreSQL,20260421,1168,0,0.0
PostgreSQL,20260422,1186,0,0.0
PostgreSQL,20260423,1181,0,0.0
PostgreSQL,20260424,961,0,0.0
PostgreSQL,20260425,676,0,0.0
PostgreSQL,20260426,695,0,0.0
PostgreSQL,20260427,1148,0,0.0
PostgreSQL,20260428,1133,1,0.0008191826041666667
PostgreSQL,20260429,1125,0,0.0
PostgreSQL,20260430,1043,0,0.0
PostgreSQL,20260501,757,0,0.0
PostgreSQL,20260502,529,0,0.0
PostgreSQL,20260503,566,0,0.0
PostgreSQL,20260504,1009,2,0.0014590560416666667
PostgreSQL,20260505,1090,0,0.0
PostgreSQL,20260506,1033,0,0.0
PostgreSQL,20260507,992,2,0.0014344733333333333
PostgreSQL,20260508,893,0,0.0
PostgreSQL,20260509,576,0,0.0
PostgreSQL,20260510,581,0,0.0
PostgreSQL,20260511,1071,0,0.0
PostgreSQL,20260512,1173,0,0.0
PostgreSQL,20260513,989,0,0.0
PostgreSQL,20260514,992,1,0.0007172366666666666
PostgreSQL,20260515,901,0,0.0
PostgreSQL,20260516,499,0,0.0
PostgreSQL,20260517,577,0,0.0
PostgreSQL,20260518,1034,0,0.0
PostgreSQL,20260519,1091,0,0.0
PostgreSQL,20260520,1417,0,0.0
PostgreSQL,20260521,1113,0,0.0
PostgreSQL,20260522,804,0,0.0
PostgreSQL,20260523,475,0,0.0
PostgreSQL,20260524,530,0,0.0
PostgreSQL,20260525,725,0,0.0
PostgreSQL,20260526,966,1,0.0006984381249999999
PostgreSQL,20260527,937,0,0.0
PostgreSQL,20260528,1005,0,0.0
PostgreSQL,20260529,766,0,0.0
PostgreSQL,20260530,452,0,0.0
PostgreSQL,20260531,427,0,0.0
PostgreSQL,20260601,878,0,0.0
PostgreSQL,20260602,1051,0,0.0
PostgreSQL,20260603,896,0,0.0
PostgreSQL,20260604,975,3,0.0021148359374999997
PostgreSQL,20260605,950,0,0.0
PostgreSQL,20260606,511,0,0.0
PostgreSQL,20260607,553,0,0.0
PostgreSQL,20260608,945,0,0.0
PostgreSQL,20260609,944,0,0.0
PostgreSQL,20260610,902,0,0.0
PostgreSQL,20260611,963,0,0.0
PostgreSQL,20260612,783,0,0.0
PostgreSQL,20260613,573,0,0.0
PostgreSQL,20260614,475,0,0.0
PostgreSQL,20260615,898,0,0.0
PostgreSQL,20260616,988,0,0.0
PostgreSQL,20260617,875,0,0.0
PostgreSQL,20260618,869,0,0.0
PostgreSQL,20260619,703,0,0.0
PostgreSQL,20260620,403,0,0.0
PostgreSQL,20260621,436,0,0.0
PostgreSQL,20260622,900,0,0.0
PostgreSQL,20260623,933,0,0.0
PostgreSQL,20260624,1191,0,0.0
PostgreSQL,20260625,1063,0,0.0
PostgreSQL,20260626,973,0,0.0
PostgreSQL,20260627,592,0,0.0
PostgreSQL,20260628,536,0,0.0
PostgreSQL,20260629,892,0,0.0
PostgreSQL,20260630,892,0,0.0
PostgreSQL,20260701,780,0,0.0
PostgreSQL,20260702,711,0,0.0
PostgreSQL,20260703,691,0,0.0
PostgreSQL,20260704,407,0,0.0
PostgreSQL,20260705,401,0,0.0
PostgreSQL,20260706,826,0,0.0
PostgreSQL,20260707,835,0,0.0
PostgreSQL,20260708,890,0,0.0
PostgreSQL,20260709,864,0,0.0
PostgreSQL,20260710,842,0,0.0
PostgreSQL,20260711,480,0,0.0
PostgreSQL,20260712,490,0,0.0
PostgreSQL,20260713,841,0,0.0
PostgreSQL,20260714,800,0,0.0
PostgreSQL,20260715,909,0,0.0
PostgreSQL,20260716,899,0,0.0
PostgreSQL,20260717,867,0,0.0
PostgreSQL,20260718,619,0,0.0
PostgreSQL,20260719,563,0,0.0
PostgreSQL,20260720,834,1,0.0006029993749999999
PostgreSQL,20260721,801,0,0.0
PostgreSQL,20260722,885,0,0.0
PostgreSQL,20260723,836,0,0.0
PostgreSQL,20260724,717,0,0.0
PostgreSQL,20260725,450,0,0.0
PostgreSQL,20260726,509,0,0.0
PostgreSQL,20260727,1622,0,0.0
PostgreSQL,20260728,4747,0,0.0
PostgreSQL,20260729,1152,0,0.0
PostgreSQL,20260730,1093,0,0.0
PostgreSQL,20260731,725,0,0.0
Elasticsearch,20250801,620,0,0.0
Elasticsearch,20250802,480,0,0.0
Elasticsearch,20250803,468,0,0.0
Elasticsearch,20250804,658,0,0.0
Elasticsearch,20250805,707,0,0.0
Elasticsearch,20250806,687,0,0.0
Elasticsearch,20250807,667,0,0.0
Elasticsearch,20250808,690,0,0.0
Elasticsearch,20250809,464,0,0.0
Elasticsearch,20250810,466,0,0.0
Elasticsearch,20250811,710,0,0.0
Elasticsearch,20250812,660,0,0.0
Elasticsearch,20250813,717,0,0.0
Elasticsearch,20250814,653,0,0.0
Elasticsearch,20250815,597,0,0.0
Elasticsearch,20250816,442,0,0.0
Elasticsearch,20250817,467,0,0.0
Elasticsearch,20250818,695,0,0.0
Elasticsearch,20250819,683,0,0.0
Elasticsearch,20250820,671,0,0.0
Elasticsearch,20250821,693,0,0.0
Elasticsearch,20250822,655,0,0.0
Elasticsearch,20250823,504,0,0.0
Elasticsearch,20250824,458,0,0.0
Elasticsearch,20250825,683,0,0.0
Elasticsearch,20250826,983,0,0.0
Elasticsearch,20250827,727,0,0.0
Elasticsearch,20250828,687,0,0.0
Elasticsearch,20250829,664,0,0.0
Elasticsearch,20250830,472,1,0.0003412658333333333
Elasticsearch,20250831,506,0,0.0
Elasticsearch,20250901,624,0,0.0
Elasticsearch,20250902,715,0,0.0
Elasticsearch,20250903,726,0,0.0
Elasticsearch,20250904,691,0,0.0
Elasticsearch,20250905,813,0,0.0
Elasticsearch,20250906,490,0,0.0
Elasticsearch,20250907,509,0,0.0
Elasticsearch,20250908,705,0,0.0
Elasticsearch,20250909,690,0,0.0
Elasticsearch,20250910,884,0,0.0
Elasticsearch,20250911,996,0,0.0
Elasticsearch,20250912,945,0,0.0
Elasticsearch,20250913,796,0,0.0
Elasticsearch,20250914,780,0,0.0
Elasticsearch,20250915,1014,0,0.0
Elasticsearch,20250916,1007,0,0.0
Elasticsearch,20250917,1056,0,0.0
Elasticsearch,20250918,1037,0,0.0
Elasticsearch,20250919,921,0,0.0
Elasticsearch,20250920,770,0,0.0
Elasticsearch,20250921,779,0,0.0
Elasticsearch,20250922,1017,0,0.0
Elasticsearch,20250923,1102,0,0.0
Elasticsearch,20250924,991,0,0.0
Elasticsearch,20250925,1017,0,0.0
Elasticsearch,20250926,658,0,0.0
Elasticsearch,20250927,494,0,0.0
Elasticsearch,20250928,499,0,0.0
Elasticsearch,20250929,677,0,0.0
Elasticsearch,20250930,805,0,0.0
Elasticsearch,20251001,722,0,0.0
Elasticsearch,20251002,666,0,0.0
Elasticsearch,20251003,612,0,0.0
Elasticsearch,20251004,503,0,0.0
Elasticsearch,20251005,538,0,0.0
Elasticsearch,20251006,668,0,0.0
Elasticsearch,20251007,810,0,0.0
Elasticsearch,20251008,720,0,0.0
Elasticsearch,20251009,817,0,0.0
Elasticsearch,20251010,675,0,0.0
Elasticsearch,20251011,476,0,0.0
Elasticsearch,20251012,441,0,0.0
Elasticsearch,20251013,676,0,0.0
Elasticsearch,20251014,803,0,0.0
Elasticsearch,20251015,747,0,0.0
Elasticsearch,20251016,696,0,0.0
Elasticsearch,20251017,882,0,0.0
Elasticsearch,20251018,488,0,0.0
Elasticsearch,20251019,494,0,0.0
Elasticsearch,20251020,670,2,0.0009688479166666666
Elasticsearch,20251021,781,0,0.0
Elasticsearch,20251022,726,0,0.0
Elasticsearch,20251023,908,0,0.0
Elasticsearch,20251024,808,0,0.0
Elasticsearch,20251025,642,0,0.0
Elasticsearch,20251026,623,0,0.0
Elasticsearch,20251027,825,0,0.0
Elasticsearch,20251028,809,0,0.0
Elasticsearch,20251029,861,0,0.0
Elasticsearch,20251030,877,0,0.0
Elasticsearch,20251031,804,0,0.0
Elasticsearch,20251101,709,0,0.0
Elasticsearch,20251102,747,0,0.0
Elasticsearch,20251103,945,0,0.0
Elasticsearch,20251104,975,0,0.0
Elasticsearch,20251105,1008,0,0.0
Elasticsearch,20251106,923,0,0.0
Elasticsearch,20251107,879,0,0.0
Elasticsearch,20251108,702,0,0.0
Elasticsearch,20251109,725,0,0.0
Elasticsearch,20251110,929,0,0.0
Elasticsearch,20251111,896,0,0.0
Elasticsearch,20251112,974,0,0.0
Elasticsearch,20251113,1025,0,0.0
Elasticsearch,20251114,892,0,0.0
Elasticsearch,20251115,735,0,0.0
Elasticsearch,20251116,709,1,0.0005126217708333334
Elasticsearch,20251117,978,0,0.0
Elasticsearch,20251118,964,0,0.0
Elasticsearch,20251119,961,0,0.0
Elasticsearch,20251120,924,0,0.0
Elasticsearch,20251121,826,0,0.0
Elasticsearch,20251122,734,0,0.0
Elasticsearch,20251123,716,0,0.0
Elasticsearch,20251124,957,0,0.0
Elasticsearch,20251125,937,0,0.0
Elasticsearch,20251126,876,0,0.0
Elasticsearch,20251127,779,0,0.0
Elasticsearch,20251128,803,0,0.0
Elasticsearch,20251129,724,0,0.0
Elasticsearch,20251130,741,0,0.0
Elasticsearch,20251201,791,0,0.0
Elasticsearch,20251202,832,0,0.0
Elasticsearch,20251203,935,0,0.0
Elasticsearch,20251204,823,0,0.0
Elasticsearch,20251205,764,0,0.0
Elasticsearch,20251206,624,0,0.0
Elasticsearch,20251207,658,0,0.0
Elasticsearch,20251208,794,0,0.0
Elasticsearch,20251209,810,0,0.0
Elasticsearch,20251210,846,0,0.0
Elasticsearch,20251211,755,0,0.0
Elasticsearch,20251212,770,0,0.0
Elasticsearch,20251213,604,0,0.0
Elasticsearch,20251214,611,0,0.0
Elasticsearch,20251215,1107,0,0.0
Elasticsearch,20251216,793,0,0.0
Elasticsearch,20251217,800,0,0.0
Elasticsearch,20251218,744,0,0.0
Elasticsearch,20251219,709,0,0.0
Elasticsearch,20251220,612,0,0.0
Elasticsearch,20251221,609,0,0.0
Elasticsearch,20251222,699,0,0.0
Elasticsearch,20251223,702,2,0.00101512125
Elasticsearch,20251224,637,0,0.0
Elasticsearch,20251225,669,0,0.0
Elasticsearch,20251226,635,0,0.0
Elasticsearch,20251227,655,0,0.0
Elasticsearch,20251228,647,0,0.0
Elasticsearch,20251229,723,0,0.0
Elasticsearch,20251230,743,0,0.0
Elasticsearch,20251231,662,0,0.0
Elasticsearch,20260101,639,0,0.0
Elasticsearch,20260102,703,0,0.0
Elasticsearch,20260103,628,0,0.0
Elasticsearch,20260104,627,0,0.0
Elasticsearch,20260105,781,0,0.0
Elasticsearch,20260106,822,0,0.0
Elasticsearch,20260107,852,0,0.0
Elasticsearch,20260108,853,0,0.0
Elasticsearch,20260109,756,1,0.00054660375
Elasticsearch,20260110,608,0,0.0
Elasticsearch,20260111,614,0,0.0
Elasticsearch,20260112,777,0,0.0
Elasticsearch,20260113,956,0,0.0
Elasticsearch,20260114,957,0,0.0
Elasticsearch,20260115,989,0,0.0
Elasticsearch,20260116,918,0,0.0
Elasticsearch,20260117,770,0,0.0
Elasticsearch,20260118,763,0,0.0
Elasticsearch,20260119,922,0,0.0
Elasticsearch,20260120,995,0,0.0
Elasticsearch,20260121,1028,0,0.0
Elasticsearch,20260122,1020,0,0.0
Elasticsearch,20260123,935,0,0.0
Elasticsearch,20260124,768,0,0.0
Elasticsearch,20260125,804,0,0.0
Elasticsearch,20260126,948,0,0.0
Elasticsearch,20260127,966,0,0.0
Elasticsearch,20260128,994,0,0.0
Elasticsearch,20260129,989,0,0.0
Elasticsearch,20260130,914,0,0.0
Elasticsearch,20260131,758,0,0.0
Elasticsearch,20260201,754,0,0.0
Elasticsearch,20260202,974,0,0.0
Elasticsearch,20260203,970,0,0.0
Elasticsearch,20260204,1000,0,0.0
Elasticsearch,20260205,1068,0,0.0
Elasticsearch,20260206,928,0,0.0
Elasticsearch,20260207,768,0,0.0
Elasticsearch,20260208,763,0,0.0
Elasticsearch,20260209,1010,0,0.0
Elasticsearch,20260210,1069,0,0.0
Elasticsearch,20260211,1009,0,0.0
Elasticsearch,20260212,1046,0,0.0
Elasticsearch,20260213,1030,2,0.0014894229166666666
Elasticsearch,20260214,764,0,0.0
Elasticsearch,20260215,780,0,0.0
Elasticsearch,20260216,905,0,0.0
Elasticsearch,20260217,962,0,0.0
Elasticsearch,20260218,954,0,0.0
Elasticsearch,20260219,966,0,0.0
Elasticsearch,20260220,947,0,0.0
Elasticsearch,20260221,805,0,0.0
Elasticsearch,20260222,803,0,0.0
Elasticsearch,20260223,946,0,0.0
Elasticsearch,20260224,967,0,0.0
Elasticsearch,20260225,1041,0,0.0
Elasticsearch,20260226,983,0,0.0
Elasticsearch,20260227,985,0,0.0
Elasticsearch,20260228,735,0,0.0
Elasticsearch,20260301,786,0,0.0
Elasticsearch,20260302,891,0,0.0
Elasticsearch,20260303,934,0,0.0
Elasticsearch,20260304,922,0,0.0
Elasticsearch,20260305,1045,0,0.0
Elasticsearch,20260306,972,0,0.0
Elasticsearch,20260307,805,0,0.0
Elasticsearch,20260308,804,0,0.0
Elasticsearch,20260309,922,0,0.0
Elasticsearch,20260310,1025,2,0.0014821927083333334
Elasticsearch,20260311,986,0,0.0
Elasticsearch,20260312,959,0,0.0
Elasticsearch,20260313,987,0,0.0
Elasticsearch,20260314,788,0,0.0
Elasticsearch,20260315,786,0,0.0
Elasticsearch,20260316,936,0,0.0
Elasticsearch,20260317,1074,1,0.000776524375
Elasticsearch,20260318,917,0,0.0
Elasticsearch,20260319,1002,0,0.0
Elasticsearch,20260320,906,0,0.0
Elasticsearch,20260321,762,0,0.0
Elasticsearch,20260322,799,0,0.0
Elasticsearch,20260323,950,0,0.0
Elasticsearch,20260324,967,0,0.0
Elasticsearch,20260325,995,0,0.0
Elasticsearch,20260326,864,0,0.0
Elasticsearch,20260327,877,0,0.0
Elasticsearch,20260328,764,0,0.0
Elasticsearch,20260329,779,0,0.0
Elasticsearch,20260330,897,0,0.0
Elasticsearch,20260331,903,0,0.0
Elasticsearch,20260401,952,0,0.0
Elasticsearch,20260402,891,0,0.0
Elasticsearch,20260403,803,0,0.0
Elasticsearch,20260404,740,0,0.0
Elasticsearch,20260405,737,0,0.0
Elasticsearch,20260406,805,0,0.0
Elasticsearch,20260407,901,0,0.0
Elasticsearch,20260408,867,0,0.0
Elasticsearch,20260409,903,0,0.0
Elasticsearch,20260410,816,0,0.0
Elasticsearch,20260411,733,0,0.0
Elasticsearch,20260412,750,0,0.0
Elasticsearch,20260413,925,0,0.0
Elasticsearch,20260414,914,0,0.0
Elasticsearch,20260415,885,0,0.0
Elasticsearch,20260416,883,0,0.0
Elasticsearch,20260417,926,0,0.0
Elasticsearch,20260418,774,0,0.0
Elasticsearch,20260419,738,0,0.0
Elasticsearch,20260420,926,0,0.0
Elasticsearch,20260421,965,1,0.0006977151041666666
Elasticsearch,20260422,885,0,0.0
Elasticsearch,20260423,933,0,0.0
Elasticsearch,20260424,971,0,0.0
Elasticsearch,20260425,730,0,0.0
Elasticsearch,20260426,727,0,0.0
Elasticsearch,20260427,959,0,0.0
Elasticsearch,20260428,952,0,0.0
Elasticsearch,20260429,999,0,0.0
Elasticsearch,20260430,925,0,0.0
Elasticsearch,20260501,821,0,0.0
Elasticsearch,20260502,739,0,0.0
Elasticsearch,20260503,751,0,0.0
Elasticsearch,20260504,855,0,0.0
Elasticsearch,20260505,1006,1,0.0007273589583333333
Elasticsearch,20260506,1013,0,0.0
Elasticsearch,20260507,887,0,0.0
Elasticsearch,20260508,837,0,0.0
Elasticsearch,20260509,731,0,0.0
Elasticsearch,20260510,758,0,0.0
Elasticsearch,20260511,1081,0,0.0
Elasticsearch,20260512,1095,0,0.0
Elasticsearch,20260513,1030,0,0.0
Elasticsearch,20260514,993,0,0.0
Elasticsearch,20260515,919,0,0.0
Elasticsearch,20260516,726,0,0.0
Elasticsearch,20260517,715,0,0.0
Elasticsearch,20260518,873,0,0.0
Elasticsearch,20260519,931,0,0.0
Elasticsearch,20260520,919,0,0.0
Elasticsearch,20260521,896,0,0.0
Elasticsearch,20260522,947,0,0.0
Elasticsearch,20260523,865,0,0.0
Elasticsearch,20260524,867,0,0.0
Elasticsearch,20260525,915,0,0.0
Elasticsearch,20260526,1012,0,0.0
Elasticsearch,20260527,1004,0,0.0
Elasticsearch,20260528,1049,0,0.0
Elasticsearch,20260529,873,0,0.0
Elasticsearch,20260530,718,0,0.0
Elasticsearch,20260531,737,0,0.0
Elasticsearch,20260601,867,0,0.0
Elasticsearch,20260602,961,0,0.0
Elasticsearch,20260603,870,0,0.0
Elasticsearch,20260604,920,0,0.0
Elasticsearch,20260605,959,0,0.0
Elasticsearch,20260606,781,0,0.0
Elasticsearch,20260607,780,0,0.0
Elasticsearch,20260608,924,0,0.0
Elasticsearch,20260609,907,0,0.0
Elasticsearch,20260610,930,0,0.0
Elasticsearch,20260611,878,0,0.0
Elasticsearch,20260612,832,0,0.0
Elasticsearch,20260613,743,0,0.0
Elasticsearch,20260614,767,0,0.0
Elasticsearch,20260615,944,1,0.0006825316666666666
Elasticsearch,20260616,891,0,0.0
Elasticsearch,20260617,1079,0,0.0
Elasticsearch,20260618,879,0,0.0
Elasticsearch,20260619,900,1,0.0006507187499999999
Elasticsearch,20260620,756,0,0.0
Elasticsearch,20260621,715,0,0.0
Elasticsearch,20260622,848,0,0.0
Elasticsearch,20260623,867,0,0.0
Elasticsearch,20260624,860,0,0.0
Elasticsearch,20260625,918,0,0.0
Elasticsearch,20260626,861,0,0.0
Elasticsearch,20260627,732,0,0.0
Elasticsearch,20260628,731,0,0.0
Elasticsearch,20260629,872,0,0.0
Elasticsearch,20260630,885,0,0.0
Elasticsearch,20260701,876,1,0.0006333662499999999
Elasticsearch,20260702,893,0,0.0
Elasticsearch,20260703,803,0,0.0
Elasticsearch,20260704,720,0,0.0
Elasticsearch,20260705,733,0,0.0
Elasticsearch,20260706,842,0,0.0
Elasticsearch,20260707,836,0,0.0
Elasticsearch,20260708,874,0,0.0
Elasticsearch,20260709,878,0,0.0
Elasticsearch,20260710,830,0,0.0
Elasticsearch,20260711,730,0,0.0
Elasticsearch,20260712,735,0,0.0
Elasticsearch,20260713,855,0,0.0
Elasticsearch,20260714,846,0,0.0
Elasticsearch,20260715,886,0,0.0
Elasticsearch,20260716,893,0,0.0
Elasticsearch,20260717,799,0,0.0
Elasticsearch,20260718,745,0,0.0
Elasticsearch,20260719,738,0,0.0
Elasticsearch,20260720,856,0,0.0
Elasticsearch,20260721,840,0,0.0
Elasticsearch,20260722,827,0,0.0
Elasticsearch,20260723,826,0,0.0
Elasticsearch,20260724,802,0,0.0
Elasticsearch,20260725,674,0,0.0
Elasticsearch,20260726,706,0,0.0
Elasticsearch,20260727,819,0,0.0
Elasticsearch,20260728,859,0,0.0
Elasticsearch,20260729,847,0,0.0
Elasticsearch,20260730,848,0,0.0
Elasticsearch,20260731,783,0,0.0
Redis,20250801,431,0,0.0
Redis,20250802,262,0,0.0
Redis,20250803,249,1,0.00018003218749999998
Redis,20250804,533,0,0.0
Redis,20250805,549,0,0.0
Redis,20250806,553,0,0.0
Redis,20250807,460,0,0.0
Redis,20250808,453,0,0.0
Redis,20250809,234,0,0.0
Redis,20250810,258,0,0.0
Redis,20250811,574,0,0.0
Redis,20250812,537,0,0.0
Redis,20250813,484,0,0.0
Redis,20250814,488,0,0.0
Redis,20250815,391,1,0.0002827011458333333
Redis,20250816,304,0,0.0
Redis,20250817,327,0,0.0
Redis,20250818,510,0,0.0
Redis,20250819,488,0,0.0
Redis,20250820,479,0,0.0
Redis,20250821,495,0,0.0
Redis,20250822,448,0,0.0
Redis,20250823,251,0,0.0
Redis,20250824,290,0,0.0
Redis,20250825,547,1,0.00039549239583333334
Redis,20250826,536,1,0.00038753916666666664
Redis,20250827,553,0,0.0
Redis,20250828,540,0,0.0
Redis,20250829,429,0,0.0
Redis,20250830,223,0,0.0
Redis,20250831,264,0,0.0
Redis,20250901,443,0,0.0
Redis,20250902,534,0,0.0
Redis,20250903,518,0,0.0
Redis,20250904,517,0,0.0
Redis,20250905,478,0,0.0
Redis,20250906,290,0,0.0
Redis,20250907,223,0,0.0
Redis,20250908,573,0,0.0
Redis,20250909,509,0,0.0
Redis,20250910,484,0,0.0
Redis,20250911,430,0,0.0
Redis,20250912,373,0,0.0
Redis,20250913,210,0,0.0
Redis,20250914,283,0,0.0
Redis,20250915,529,0,0.0
Redis,20250916,481,0,0.0
Redis,20250917,510,0,0.0
Redis,20250918,522,0,0.0
Redis,20250919,431,0,0.0
Redis,20250920,292,0,0.0
Redis,20250921,216,1,0.0001561725
Redis,20250922,426,0,0.0
Redis,20250923,498,0,0.0
Redis,20250924,449,0,0.0
Redis,20250925,542,0,0.0
Redis,20250926,479,1,0.00034632697916666663
Redis,20250927,264,0,0.0
Redis,20250928,275,0,0.0
Redis,20250929,527,0,0.0
Redis,20250930,539,2,0.0007794164583333333
Redis,20251001,459,4,0.00132746625
Redis,20251002,436,0,0.0
Redis,20251003,444,0,0.0
Redis,20251004,272,0,0.0
Redis,20251005,285,0,0.0
Redis,20251006,533,0,0.0
Redis,20251007,828,0,0.0
Redis,20251008,804,0,0.0
Redis,20251009,709,0,0.0
Redis,20251010,511,0,0.0
Redis,20251011,417,0,0.0
Redis,20251012,537,0,0.0
Redis,20251013,905,0,0.0
Redis,20251014,876,0,0.0
Redis,20251015,873,0,0.0
Redis,20251016,768,0,0.0
Redis,20251017,590,0,0.0
Redis,20251018,362,2,0.0005234670833333333
Redis,20251019,390,0,0.0
Redis,20251020,676,0,0.0
Redis,20251021,659,0,0.0
Redis,20251022,728,0,0.0
Redis,20251023,661,0,0.0
Redis,20251024,497,0,0.0
Redis,20251025,366,0,0.0
Redis,20251026,339,0,0.0
Redis,20251027,589,0,0.0
Redis,20251028,491,0,0.0
Redis,20251029,551,0,0.0
Redis,20251030,616,0,0.0
Redis,20251031,446,0,0.0
Redis,20251101,260,0,0.0
Redis,20251102,305,0,0.0
Redis,20251103,509,0,0.0
Redis,20251104,517,0,0.0
Redis,20251105,464,0,0.0
Redis,20251106,586,0,0.0
Redis,20251107,445,0,0.0
Redis,20251108,296,0,0.0
Redis,20251109,305,0,0.0
Redis,20251110,546,0,0.0
Redis,20251111,482,1,0.00034849604166666665
Redis,20251112,523,0,0.0
Redis,20251113,551,0,0.0
Redis,20251114,485,0,0.0
Redis,20251115,252,0,0.0
Redis,20251116,306,0,0.0
Redis,20251117,518,0,0.0
Redis,20251118,510,0,0.0
Redis,20251119,570,0,0.0
Redis,20251120,488,0,0.0
Redis,20251121,454,0,0.0
Redis,20251122,252,0,0.0
Redis,20251123,262,0,0.0
Redis,20251124,464,0,0.0
Redis,20251125,467,0,0.0
Redis,20251126,466,0,0.0
Redis,20251127,456,0,0.0
Redis,20251128,447,1,0.0003231903125
Redis,20251129,302,0,0.0
Redis,20251130,292,0,0.0
Redis,20251201,467,0,0.0
Redis,20251202,501,0,0.0
Redis,20251203,483,0,0.0
Redis,20251204,529,0,0.0
Redis,20251205,475,0,0.0
Redis,20251206,266,0,0.0
Redis,20251207,275,0,0.0
Redis,20251208,441,0,0.0
Redis,20251209,469,0,0.0
Redis,20251210,550,0,0.0
Redis,20251211,476,0,0.0
Redis,20251212,391,0,0.0
Redis,20251213,252,0,0.0
Redis,20251214,265,0,0.0
Redis,20251215,418,0,0.0
Redis,20251216,498,0,0.0
Redis,20251217,492,0,0.0
Redis,20251218,400,0,0.0
Redis,20251219,379,0,0.0
Redis,20251220,268,0,0.0
Redis,20251221,245,1,0.00017714010416666667
Redis,20251222,373,0,0.0
Redis,20251223,366,0,0.0
Redis,20251224,358,0,0.0
Redis,20251225,310,0,0.0
Redis,20251226,260,0,0.0
Redis,20251227,243,0,0.0
Redis,20251228,261,0,0.0
Redis,20251229,352,0,0.0
Redis,20251230,384,0,0.0
Redis,20251231,469,0,0.0
Redis,20260101,318,0,0.0
Redis,20260102,377,0,0.0
Redis,20260103,269,0,0.0
Redis,20260104,296,0,0.0
Redis,20260105,467,0,0.0
Redis,20260106,457,0,0.0
Redis,20260107,453,0,0.0
Redis,20260108,528,0,0.0
Redis,20260109,434,0,0.0
Redis,20260110,270,0,0.0
Redis,20260111,360,0,0.0
Redis,20260112,691,0,0.0
Redis,20260113,569,0,0.0
Redis,20260114,562,0,0.0
Redis,20260115,534,0,0.0
Redis,20260116,530,1,0.00038320104166666665
Redis,20260117,309,0,0.0
Redis,20260118,346,0,0.0
Redis,20260119,554,0,0.0
Redis,20260120,566,0,0.0
Redis,20260121,544,1,0.0003933233333333333
Redis,20260122,531,0,0.0
Redis,20260123,481,0,0.0
Redis,20260124,277,0,0.0
Redis,20260125,256,0,0.0
Redis,20260126,478,0,0.0
Redis,20260127,500,0,0.0
Redis,20260128,566,0,0.0
Redis,20260129,505,0,0.0
Redis,20260130,437,0,0.0
Redis,20260131,274,0,0.0
Redis,20260201,272,0,0.0
Redis,20260202,478,0,0.0
Redis,20260203,517,0,0.0
Redis,20260204,520,0,0.0
Redis,20260205,601,0,0.0
Redis,20260206,463,0,0.0
Redis,20260207,270,0,0.0
Redis,20260208,274,0,0.0
Redis,20260209,523,0,0.0
Redis,20260210,573,0,0.0
Redis,20260211,633,0,0.0
Redis,20260212,544,0,0.0
Redis,20260213,525,0,0.0
Redis,20260214,233,1,0.00016846385416666667
Redis,20260215,278,0,0.0
Redis,20260216,440,0,0.0
Redis,20260217,463,0,0.0
Redis,20260218,479,0,0.0
Redis,20260219,452,0,0.0
Redis,20260220,437,0,0.0
Redis,20260221,228,0,0.0
Redis,20260222,312,0,0.0
Redis,20260223,505,0,0.0
Redis,20260224,486,0,0.0
Redis,20260225,441,0,0.0
Redis,20260226,479,0,0.0
Redis,20260227,451,0,0.0
Redis,20260228,263,0,0.0
Redis,20260301,268,0,0.0
Redis,20260302,466,0,0.0
Redis,20260303,514,0,0.0
Redis,20260304,489,0,0.0
Redis,20260305,569,0,0.0
Redis,20260306,372,0,0.0
Redis,20260307,233,0,0.0
Redis,20260308,229,0,0.0
Redis,20260309,420,0,0.0
Redis,20260310,481,0,0.0
Redis,20260311,434,0,0.0
Redis,20260312,458,0,0.0
Redis,20260313,430,0,0.0
Redis,20260314,237,0,0.0
Redis,20260315,238,0,0.0
Redis,20260316,419,0,0.0
Redis,20260317,460,0,0.0
Redis,20260318,465,0,0.0
Redis,20260319,414,0,0.0
Redis,20260320,383,0,0.0
Redis,20260321,214,0,0.0
Redis,20260322,192,0,0.0
Redis,20260323,431,0,0.0
Redis,20260324,456,0,0.0
Redis,20260325,456,0,0.0
Redis,20260326,444,0,0.0
Redis,20260327,400,0,0.0
Redis,20260328,236,0,0.0
Redis,20260329,215,0,0.0
Redis,20260330,435,0,0.0
Redis,20260331,397,0,0.0
Redis,20260401,414,0,0.0
Redis,20260402,387,0,0.0
Redis,20260403,338,1,0.00024438104166666665
Redis,20260404,196,0,0.0
Redis,20260405,259,0,0.0
Redis,20260406,397,0,0.0
Redis,20260407,575,0,0.0
Redis,20260408,431,0,0.0
Redis,20260409,526,0,0.0
Redis,20260410,398,0,0.0
Redis,20260411,229,0,0.0
Redis,20260412,240,0,0.0
Redis,20260413,612,0,0.0
Redis,20260414,496,0,0.0
Redis,20260415,430,0,0.0
Redis,20260416,476,0,0.0
Redis,20260417,395,0,0.0
Redis,20260418,272,0,0.0
Redis,20260419,269,1,0.00019449260416666664
Redis,20260420,516,0,0.0
Redis,20260421,469,0,0.0
Redis,20260422,399,0,0.0
Redis,20260423,448,0,0.0
Redis,20260424,446,0,0.0
Redis,20260425,203,2,0.0002935464583333333
Redis,20260426,236,0,0.0
Redis,20260427,417,0,0.0
Redis,20260428,453,0,0.0
Redis,20260429,443,0,0.0
Redis,20260430,397,0,0.0
Redis,20260501,281,0,0.0
Redis,20260502,238,0,0.0
Redis,20260503,257,0,0.0
Redis,20260504,420,0,0.0
Redis,20260505,451,0,0.0
Redis,20260506,439,0,0.0
Redis,20260507,650,0,0.0
Redis,20260508,507,0,0.0
Redis,20260509,305,0,0.0
Redis,20260510,278,0,0.0
Redis,20260511,486,0,0.0
Redis,20260512,493,0,0.0
Redis,20260513,534,0,0.0
Redis,20260514,461,0,0.0
Redis,20260515,469,0,0.0
Redis,20260516,314,0,0.0
Redis,20260517,271,0,0.0
Redis,20260518,460,0,0.0
Redis,20260519,467,0,0.0
Redis,20260520,474,0,0.0
Redis,20260521,441,0,0.0
Redis,20260522,368,0,0.0
Redis,20260523,230,0,0.0
Redis,20260524,224,0,0.0
Redis,20260525,405,0,0.0
Redis,20260526,498,0,0.0
Redis,20260527,467,0,0.0
Redis,20260528,579,0,0.0
Redis,20260529,395,0,0.0
Redis,20260530,242,0,0.0
Redis,20260531,338,0,0.0
Redis,20260601,449,0,0.0
Redis,20260602,476,0,0.0
Redis,20260603,450,0,0.0
Redis,20260604,381,0,0.0
Redis,20260605,507,0,0.0
Redis,20260606,244,0,0.0
Redis,20260607,236,0,0.0
Redis,20260608,363,0,0.0
Redis,20260609,408,0,0.0
Redis,20260610,459,0,0.0
Redis,20260611,420,0,0.0
Redis,20260612,371,0,0.0
Redis,20260613,196,0,0.0
Redis,20260614,201,0,0.0
Redis,20260615,410,0,0.0
Redis,20260616,403,0,0.0
Redis,20260617,377,0,0.0
Redis,20260618,365,0,0.0
Redis,20260619,306,0,0.0
Redis,20260620,244,0,0.0
Redis,20260621,240,0,0.0
Redis,20260622,452,0,0.0
Redis,20260623,518,0,0.0
Redis,20260624,486,0,0.0
Redis,20260625,387,0,0.0
Redis,20260626,366,0,0.0
Redis,20260627,311,0,0.0
Redis,20260628,290,0,0.0
Redis,20260629,439,0,0.0
Redis,20260630,430,0,0.0
Redis,20260701,402,0,0.0
Redis,20260702,358,0,0.0
Redis,20260703,337,0,0.0
Redis,20260704,226,0,0.0
Redis,20260705,203,0,0.0
Redis,20260706,350,0,0.0
Redis,20260707,428,0,0.0
Redis,20260708,398,0,0.0
Redis,20260709,378,0,0.0
Redis,20260710,393,0,0.0
Redis,20260711,236,0,0.0
Redis,20260712,254,1,0.00018364729166666665
Redis,20260713,603,0,0.0
Redis,20260714,457,0,0.0
Redis,20260715,447,0,0.0
Redis,20260716,403,0,0.0
Redis,20260717,353,0,0.0
Redis,20260718,236,0,0.0
Redis,20260719,214,0,0.0
Redis,20260720,357,0,0.0
Redis,20260721,363,0,0.0
Redis,20260722,396,0,0.0
Redis,20260723,382,0,0.0
Redis,20260724,351,0,0.0
Redis,20260725,224,0,0.0
Redis,20260726,238,0,0.0
Redis,20260727,1175,0,0.0
Redis,20260728,4102,0,0.0
Redis,20260729,431,0,0.0
Redis,20260730,409,0,0.0
Redis,20260731,362,0,0.0
Neo4j,20250801,161,0,0.0
Neo4j,20250802,96,0,0.0
Neo4j,20250803,115,0,0.0
Neo4j,20250804,205,0,0.0
Neo4j,20250805,209,1,0.00015111135416666667
Neo4j,20250806,157,0,0.0
Neo4j,20250807,186,1,0.000134481875
Neo4j,20250808,162,0,0.0
Neo4j,20250809,79,0,0.0
Neo4j,20250810,83,0,0.0
Neo4j,20250811,159,0,0.0
Neo4j,20250812,176,0,0.0
Neo4j,20250813,153,0,0.0
Neo4j,20250814,173,0,0.0
Neo4j,20250815,199,0,0.0
Neo4j,20250816,137,0,0.0
Neo4j,20250817,121,0,0.0
Neo4j,20250818,183,0,0.0
Neo4j,20250819,199,0,0.0
Neo4j,20250820,206,0,0.0
Neo4j,20250821,201,0,0.0
Neo4j,20250822,201,0,0.0
Neo4j,20250823,106,0,0.0
Neo4j,20250824,94,0,0.0
Neo4j,20250825,217,1,0.00015689552083333332
Neo4j,20250826,180,0,0.0
Neo4j,20250827,184,0,0.0
Neo4j,20250828,241,3,0.0005227440625
Neo4j,20250829,165,0,0.0
Neo4j,20250830,73,0,0.0
Neo4j,20250831,97,0,0.0
Neo4j,20250901,172,0,0.0
Neo4j,20250902,213,1,0.00015400343749999998
Neo4j,20250903,220,0,0.0
Neo4j,20250904,234,0,0.0
Neo4j,20250905,204,1,0.00014749625
Neo4j,20250906,102,0,0.0
Neo4j,20250907,94,0,0.0
Neo4j,20250908,207,0,0.0
Neo4j,20250909,234,0,0.0
Neo4j,20250910,203,0,0.0
Neo4j,20250911,225,0,0.0
Neo4j,20250912,192,0,0.0
Neo4j,20250913,104,0,0.0
Neo4j,20250914,99,0,0.0
Neo4j,20250915,202,0,0.0
Neo4j,20250916,225,0,0.0
Neo4j,20250917,201,0,0.0
Neo4j,20250918,202,0,0.0
Neo4j,20250919,201,0,0.0
Neo4j,20250920,101,0,0.0
Neo4j,20250921,80,0,0.0
Neo4j,20250922,214,0,0.0
Neo4j,20250923,242,0,0.0
Neo4j,20250924,255,0,0.0
Neo4j,20250925,243,0,0.0
Neo4j,20250926,189,0,0.0
Neo4j,20250927,111,0,0.0
Neo4j,20250928,93,0,0.0
Neo4j,20250929,207,1,0.00014966531249999997
Neo4j,20250930,209,0,0.0
Neo4j,20251001,196,0,0.0
Neo4j,20251002,279,1,0.0002017228125
Neo4j,20251003,146,0,0.0
Neo4j,20251004,84,0,0.0
Neo4j,20251005,78,0,0.0
Neo4j,20251006,272,0,0.0
Neo4j,20251007,255,1,0.0001843703125
Neo4j,20251008,206,0,0.0
Neo4j,20251009,260,0,0.0
Neo4j,20251010,201,0,0.0
Neo4j,20251011,99,0,0.0
Neo4j,20251012,95,0,0.0
Neo4j,20251013,234,0,0.0
Neo4j,20251014,243,0,0.0
Neo4j,20251015,224,0,0.0
Neo4j,20251016,228,0,0.0
Neo4j,20251017,189,0,0.0
Neo4j,20251018,107,0,0.0
Neo4j,20251019,127,0,0.0
Neo4j,20251020,209,0,0.0
Neo4j,20251021,227,0,0.0
Neo4j,20251022,244,0,0.0
Neo4j,20251023,227,0,0.0
Neo4j,20251024,208,10,0.0015038833333333333
Neo4j,20251025,117,0,0.0
Neo4j,20251026,95,0,0.0
Neo4j,20251027,232,1,0.00016774083333333332
Neo4j,20251028,229,0,0.0
Neo4j,20251029,273,0,0.0
Neo4j,20251030,226,0,0.0
Neo4j,20251031,179,1,0.00012942072916666665
Neo4j,20251101,102,0,0.0
Neo4j,20251102,105,1,7.59171875e-05
Neo4j,20251103,251,0,0.0
Neo4j,20251104,211,0,0.0
Neo4j,20251105,230,0,0.0
Neo4j,20251106,244,0,0.0
Neo4j,20251107,170,0,0.0
Neo4j,20251108,106,1,7.664020833333333e-05
Neo4j,20251109,105,0,0.0
Neo4j,20251110,239,0,0.0
Neo4j,20251111,244,0,0.0
Neo4j,20251112,247,0,0.0
Neo4j,20251113,234,0,0.0
Neo4j,20251114,191,0,0.0
Neo4j,20251115,118,0,0.0
Neo4j,20251116,130,0,0.0
Neo4j,20251117,247,0,0.0
Neo4j,20251118,212,0,0.0
Neo4j,20251119,244,0,0.0
Neo4j,20251120,208,0,0.0
Neo4j,20251121,177,0,0.0
Neo4j,20251122,99,0,0.0
Neo4j,20251123,107,0,0.0
Neo4j,20251124,253,1,0.00018292427083333333
Neo4j,20251125,220,0,0.0
Neo4j,20251126,213,0,0.0
Neo4j,20251127,197,0,0.0
Neo4j,20251128,155,0,0.0
Neo4j,20251129,119,0,0.0
Neo4j,20251130,117,0,0.0
Neo4j,20251201,200,0,0.0
Neo4j,20251202,222,0,0.0
Neo4j,20251203,232,0,0.0
Neo4j,20251204,226,0,0.0
Neo4j,20251205,220,1,0.00015906458333333335
Neo4j,20251206,79,0,0.0
Neo4j,20251207,112,0,0.0
Neo4j,20251208,186,0,0.0
Neo4j,20251209,222,0,0.0
Neo4j,20251210,214,0,0.0
Neo4j,20251211,196,0,0.0
Neo4j,20251212,169,0,0.0
Neo4j,20251213,73,0,0.0
Neo4j,20251214,94,0,0.0
Neo4j,20251215,194,0,0.0
Neo4j,20251216,232,0,0.0
Neo4j,20251217,211,0,0.0
Neo4j,20251218,215,0,0.0
Neo4j,20251219,193,2,0.00027908604166666665
Neo4j,20251220,76,0,0.0
Neo4j,20251221,64,0,0.0
Neo4j,20251222,166,0,0.0
Neo4j,20251223,146,0,0.0
Neo4j,20251224,128,0,0.0
Neo4j,20251225,104,0,0.0
Neo4j,20251226,105,0,0.0
Neo4j,20251227,94,0,0.0
Neo4j,20251228,97,0,0.0
Neo4j,20251229,166,0,0.0
Neo4j,20251230,112,0,0.0
Neo4j,20251231,99,0,0.0
Neo4j,20260101,61,0,0.0
Neo4j,20260102,137,0,0.0
Neo4j,20260103,72,0,0.0
Neo4j,20260104,90,0,0.0
Neo4j,20260105,158,0,0.0
Neo4j,20260106,198,1,0.000143158125
Neo4j,20260107,208,0,0.0
Neo4j,20260108,193,0,0.0
Neo4j,20260109,169,0,0.0
Neo4j,20260110,68,0,0.0
Neo4j,20260111,111,0,0.0
Neo4j,20260112,263,0,0.0
Neo4j,20260113,210,0,0.0
Neo4j,20260114,214,0,0.0
Neo4j,20260115,225,0,0.0
Neo4j,20260116,188,0,0.0
Neo4j,20260117,83,0,0.0
Neo4j,20260118,95,0,0.0
Neo4j,20260119,218,1,0.00015761854166666665
Neo4j,20260120,212,0,0.0
Neo4j,20260121,220,0,0.0
Neo4j,20260122,196,0,0.0
Neo4j,20260123,200,0,0.0
Neo4j,20260124,92,0,0.0
Neo4j,20260125,98,1,7.085604166666667e-05
Neo4j,20260126,238,0,0.0
Neo4j,20260127,199,0,0.0
Neo4j,20260128,203,0,0.0
Neo4j,20260129,221,0,0.0
Neo4j,20260130,194,1,0.00014026604166666665
Neo4j,20260131,111,0,0.0
Neo4j,20260201,87,0,0.0
Neo4j,20260202,194,0,0.0
Neo4j,20260203,217,0,0.0
Neo4j,20260204,222,0,0.0
Neo4j,20260205,218,0,0.0
Neo4j,20260206,216,1,0.0001561725
Neo4j,20260207,80,0,0.0
Neo4j,20260208,76,0,0.0
Neo4j,20260209,197,0,0.0
Neo4j,20260210,236,0,0.0
Neo4j,20260211,238,0,0.0
Neo4j,20260212,271,1,0.00019593864583333334
Neo4j,20260213,210,0,0.0
Neo4j,20260214,98,0,0.0
Neo4j,20260215,112,0,0.0
Neo4j,20260216,222,0,0.0
Neo4j,20260217,278,0,0.0
Neo4j,20260218,229,0,0.0
Neo4j,20260219,215,0,0.0
Neo4j,20260220,248,0,0.0
Neo4j,20260221,118,0,0.0
Neo4j,20260222,127,0,0.0
Neo4j,20260223,242,0,0.0
Neo4j,20260224,246,0,0.0
Neo4j,20260225,223,0,0.0
Neo4j,20260226,223,0,0.0
Neo4j,20260227,199,0,0.0
Neo4j,20260228,126,1,9.1100625e-05
Neo4j,20260301,117,0,0.0
Neo4j,20260302,214,0,0.0
Neo4j,20260303,223,0,0.0
Neo4j,20260304,273,0,0.0
Neo4j,20260305,283,0,0.0
Neo4j,20260306,242,1,0.00017497104166666665
Neo4j,20260307,129,0,0.0
Neo4j,20260308,125,0,0.0
Neo4j,20260309,212,0,0.0
Neo4j,20260310,273,0,0.0
Neo4j,20260311,243,0,0.0
Neo4j,20260312,280,0,0.0
Neo4j,20260313,220,0,0.0
Neo4j,20260314,118,1,8.531645833333333e-05
Neo4j,20260315,131,0,0.0
Neo4j,20260316,251,0,0.0
Neo4j,20260317,278,0,0.0
Neo4j,20260318,283,0,0.0
Neo4j,20260319,231,0,0.0
Neo4j,20260320,203,1,0.00014677322916666665
Neo4j,20260321,123,1,8.89315625e-05
Neo4j,20260322,114,0,0.0
Neo4j,20260323,251,0,0.0
Neo4j,20260324,297,0,0.0
Neo4j,20260325,306,0,0.0
Neo4j,20260326,246,0,0.0
Neo4j,20260327,225,0,0.0
Neo4j,20260328,134,0,0.0
Neo4j,20260329,94,0,0.0
Neo4j,20260330,219,0,0.0
Neo4j,20260331,224,0,0.0
Neo4j,20260401,260,0,0.0
Neo4j,20260402,207,0,0.0
Neo4j,20260403,153,0,0.0
Neo4j,20260404,100,1,7.230208333333333e-05
Neo4j,20260405,146,0,0.0
Neo4j,20260406,182,0,0.0
Neo4j,20260407,243,0,0.0
Neo4j,20260408,215,0,0.0
Neo4j,20260409,204,0,0.0
Neo4j,20260410,162,0,0.0
Neo4j,20260411,109,0,0.0
Neo4j,20260412,99,0,0.0
Neo4j,20260413,215,0,0.0
Neo4j,20260414,237,0,0.0
Neo4j,20260415,251,0,0.0
Neo4j,20260416,288,0,0.0
Neo4j,20260417,183,0,0.0
Neo4j,20260418,107,0,0.0
Neo4j,20260419,127,0,0.0
Neo4j,20260420,222,0,0.0
Neo4j,20260421,228,0,0.0
Neo4j,20260422,221,0,0.0
Neo4j,20260423,221,0,0.0
Neo4j,20260424,167,1,0.00012074447916666667
Neo4j,20260425,138,0,0.0
Neo4j,20260426,139,0,0.0
Neo4j,20260427,219,1,0.00015834156249999997
Neo4j,20260428,212,1,0.00015328041666666666
Neo4j,20260429,252,1,0.00018220125
Neo4j,20260430,195,0,0.0
Neo4j,20260501,151,0,0.0
Neo4j,20260502,98,0,0.0
Neo4j,20260503,132,1,9.543875e-05
Neo4j,20260504,194,0,0.0
Neo4j,20260505,256,0,0.0
Neo4j,20260506,304,1,0.00021979833333333332
Neo4j,20260507,287,2,0.0004150139583333333
Neo4j,20260508,292,0,0.0
Neo4j,20260509,180,0,0.0
Neo4j,20260510,118,0,0.0
Neo4j,20260511,297,0,0.0
Neo4j,20260512,267,1,0.0001930465625
Neo4j,20260513,292,0,0.0
Neo4j,20260514,205,0,0.0
Neo4j,20260515,231,0,0.0
Neo4j,20260516,122,0,0.0
Neo4j,20260517,123,1,8.89315625e-05
Neo4j,20260518,194,0,0.0
Neo4j,20260519,261,1,0.00018870843749999998
Neo4j,20260520,246,0,0.0
Neo4j,20260521,188,0,0.0
Neo4j,20260522,178,0,0.0
Neo4j,20260523,92,0,0.0
Neo4j,20260524,189,0,0.0
Neo4j,20260525,169,0,0.0
Neo4j,20260526,221,1,0.00015978760416666667
Neo4j,20260527,224,0,0.0
Neo4j,20260528,234,0,0.0
Neo4j,20260529,210,0,0.0
Neo4j,20260530,86,0,0.0
Neo4j,20260531,122,1,8.820854166666666e-05
Neo4j,20260601,192,1,0.00013882
Neo4j,20260602,230,0,0.0
Neo4j,20260603,248,2,0.0003586183333333333
Neo4j,20260604,239,0,0.0
Neo4j,20260605,270,0,0.0
Neo4j,20260606,123,0,0.0
Neo4j,20260607,103,0,0.0
Neo4j,20260608,229,0,0.0
Neo4j,20260609,195,0,0.0
Neo4j,20260610,258,1,0.000186539375
Neo4j,20260611,250,0,0.0
Neo4j,20260612,188,1,0.00013592791666666666
Neo4j,20260613,149,0,0.0
Neo4j,20260614,110,0,0.0
Neo4j,20260615,198,0,0.0
Neo4j,20260616,218,1,0.00015761854166666665
Neo4j,20260617,190,1,0.00013737395833333333
Neo4j,20260618,210,0,0.0
Neo4j,20260619,136,0,0.0
Neo4j,20260620,77,0,0.0
Neo4j,20260621,64,0,0.0
Neo4j,20260622,169,0,0.0
Neo4j,20260623,192,0,0.0
Neo4j,20260624,225,1,0.00016267968749999998
Neo4j,20260625,292,2,0.00042224416666666664
Neo4j,20260626,236,0,0.0
Neo4j,20260627,91,0,0.0
Neo4j,20260628,86,0,0.0
Neo4j,20260629,213,1,0.00015400343749999998
Neo4j,20260630,190,0,0.0
Neo4j,20260701,192,0,0.0
Neo4j,20260702,226,0,0.0
Neo4j,20260703,162,0,0.0
Neo4j,20260704,80,0,0.0
Neo4j,20260705,86,0,0.0
Neo4j,20260706,157,0,0.0
Neo4j,20260707,215,0,0.0
Neo4j,20260708,186,0,0.0
Neo4j,20260709,194,0,0.0
Neo4j,20260710,141,0,0.0
Neo4j,20260711,61,0,0.0
Neo4j,20260712,81,0,0.0
Neo4j,20260713,135,0,0.0
Neo4j,20260714,201,0,0.0
Neo4j,20260715,175,0,0.0
Neo4j,20260716,157,0,0.0
Neo4j,20260717,138,1,9.9776875e-05
Neo4j,20260718,103,0,0.0
Neo4j,20260719,63,0,0.0
Neo4j,20260720,300,0,0.0
Neo4j,20260721,162,0,0.0
Neo4j,20260722,187,0,0.0
Neo4j,20260723,182,0,0.0
Neo4j,20260724,128,0,0.0
Neo4j,20260725,71,0,0.0
Neo4j,20260726,72,0,0.0
Neo4j,20260727,164,0,0.0
Neo4j,20260728,157,0,0.0
Neo4j,20260729,162,0,0.0
Neo4j,20260730,173,0,0.0
Neo4j,20260731,163,0,0.0
Docker_(software),20250801,947,0,0.0
Docker_(software),20250802,599,0,0.0
Docker_(software),20250803,664,0,0.0
Docker_(software),20250804,1104,0,0.0
Docker_(software),20250805,1105,0,0.0
Docker_(software),20250806,1053,0,0.0
Docker_(software),20250807,1103,0,0.0
Docker_(software),20250808,1024,0,0.0
Docker_(software),20250809,621,0,0.0
Docker_(software),20250810,610,0,0.0
Docker_(software),20250811,997,0,0.0
Docker_(software),20250812,1181,0,0.0
Docker_(software),20250813,1065,4,0.0030800687499999996
Docker_(software),20250814,1040,0,0.0
Docker_(software),20250815,849,0,0.0
Docker_(software),20250816,572,0,0.0
Docker_(software),20250817,658,1,0.0004757477083333333
Docker_(software),20250818,1064,0,0.0
Docker_(software),20250819,1099,0,0.0
Docker_(software),20250820,1033,0,0.0
Docker_(software),20250821,1166,0,0.0
Docker_(software),20250822,1013,0,0.0
Docker_(software),20250823,694,0,0.0
Docker_(software),20250824,644,0,0.0
Docker_(software),20250825,1145,0,0.0
Docker_(software),20250826,1183,0,0.0
Docker_(software),20250827,1105,0,0.0
Docker_(software),20250828,1060,0,0.0
Docker_(software),20250829,1028,0,0.0
Docker_(software),20250830,658,1,0.0004757477083333333
Docker_(software),20250831,611,0,0.0
Docker_(software),20250901,1002,0,0.0
Docker_(software),20250902,1147,0,0.0
Docker_(software),20250903,1141,0,0.0
Docker_(software),20250904,1172,0,0.0
Docker_(software),20250905,1106,0,0.0
Docker_(software),20250906,629,0,0.0
Docker_(software),20250907,660,0,0.0
Docker_(software),20250908,1091,0,0.0
Docker_(software),20250909,1142,1,0.0008256897916666667
Docker_(software),20250910,1079,0,0.0
Docker_(software),20250911,1122,0,0.0
Docker_(software),20250912,931,0,0.0
Docker_(software),20250913,585,0,0.0
Docker_(software),20250914,591,0,0.0
Docker_(software),20250915,1146,0,0.0
Docker_(software),20250916,1095,0,0.0
Docker_(software),20250917,1128,1,0.0008155675
Docker_(software),20250918,1153,0,0.0
Docker_(software),20250919,972,0,0.0
Docker_(software),20250920,632,0,0.0
Docker_(software),20250921,582,0,0.0
Docker_(software),20250922,1029,0,0.0
Docker_(software),20250923,1064,0,0.0
Docker_(software),20250924,1343,0,0.0
Docker_(software),20250925,1064,0,0.0
Docker_(software),20250926,930,0,0.0
Docker_(software),20250927,605,0,0.0
Docker_(software),20250928,653,0,0.0
Docker_(software),20250929,1037,0,0.0
Docker_(software),20250930,1050,1,0.000759171875
Docker_(software),20251001,981,0,0.0
Docker_(software),20251002,937,0,0.0
Docker_(software),20251003,888,0,0.0
Docker_(software),20251004,642,0,0.0
Docker_(software),20251005,649,0,0.0
Docker_(software),20251006,1101,0,0.0
Docker_(software),20251007,1226,0,0.0
Docker_(software),20251008,1169,0,0.0
Docker_(software),20251009,1151,0,0.0
Docker_(software),20251010,1082,0,0.0
Docker_(software),20251011,700,0,0.0
Docker_(software),20251012,722,0,0.0
Docker_(software),20251013,1138,0,0.0
Docker_(software),20251014,1270,0,0.0
Docker_(software),20251015,1196,0,0.0
Docker_(software),20251016,1203,0,0.0
Docker_(software),20251017,996,0,0.0
Docker_(software),20251018,656,0,0.0
Docker_(software),20251019,652,0,0.0
Docker_(software),20251020,1203,0,0.0
Docker_(software),20251021,1098,0,0.0
Docker_(software),20251022,1206,0,0.0
Docker_(software),20251023,1239,0,0.0
Docker_(software),20251024,1066,0,0.0
Docker_(software),20251025,722,0,0.0
Docker_(software),20251026,706,0,0.0
Docker_(software),20251027,1162,0,0.0
Docker_(software),20251028,1090,0,0.0
Docker_(software),20251029,1001,0,0.0
Docker_(software),20251030,1022,0,0.0
Docker_(software),20251031,1043,0,0.0
Docker_(software),20251101,628,0,0.0
Docker_(software),20251102,687,0,0.0
Docker_(software),20251103,1153,0,0.0
Docker_(software),20251104,1184,0,0.0
Docker_(software),20251105,1140,0,0.0
Docker_(software),20251106,1163,0,0.0
Docker_(software),20251107,1031,0,0.0
Docker_(software),20251108,690,0,0.0
Docker_(software),20251109,703,1,0.0005082836458333333
Docker_(software),20251110,1151,0,0.0
Docker_(software),20251111,1235,0,0.0
Docker_(software),20251112,1227,0,0.0
Docker_(software),20251113,1166,0,0.0
Docker_(software),20251114,986,1,0.0007128985416666666
Docker_(software),20251115,709,0,0.0
Docker_(software),20251116,725,0,0.0
Docker_(software),20251117,1128,0,0.0
Docker_(software),20251118,1165,0,0.0
Docker_(software),20251119,1137,0,0.0
Docker_(software),20251120,1116,0,0.0
Docker_(software),20251121,1095,0,0.0
Docker_(software),20251122,659,0,0.0
Docker_(software),20251123,658,0,0.0
Docker_(software),20251124,1230,0,0.0
Docker_(software),20251125,1141,0,0.0
Docker_(software),20251126,1228,0,0.0
Docker_(software),20251127,988,0,0.0
Docker_(software),20251128,943,0,0.0
Docker_(software),20251129,701,0,0.0
Docker_(software),20251130,720,0,0.0
Docker_(software),20251201,1166,0,0.0
Docker_(software),20251202,1184,0,0.0
Docker_(software),20251203,1212,0,0.0
Docker_(software),20251204,1170,0,0.0
Docker_(software),20251205,1002,0,0.0
Docker_(software),20251206,651,0,0.0
Docker_(software),20251207,676,0,0.0
Docker_(software),20251208,983,0,0.0
Docker_(software),20251209,1095,0,0.0
Docker_(software),20251210,1111,0,0.0
Docker_(software),20251211,1122,0,0.0
Docker_(software),20251212,994,0,0.0
Docker_(software),20251213,641,1,0.00046345635416666665
Docker_(software),20251214,704,0,0.0
Docker_(software),20251215,1142,2,0.0016513795833333334
Docker_(software),20251216,1163,1,0.0008408732291666667
Docker_(software),20251217,1102,1,0.0007967689583333333
Docker_(software),20251218,1089,0,0.0
Docker_(software),20251219,935,0,0.0
Docker_(software),20251220,642,0,0.0
Docker_(software),20251221,639,0,0.0
Docker_(software),20251222,915,0,0.0
Docker_(software),20251223,768,0,0.0
Docker_(software),20251224,648,0,0.0
Docker_(software),20251225,596,0,0.0
Docker_(software),20251226,691,0,0.0
Docker_(software),20251227,668,0,0.0
Docker_(software),20251228,655,0,0.0
Docker_(software),20251229,852,0,0.0
Docker_(software),20251230,773,0,0.0
Docker_(software),20251231,672,0,0.0
Docker_(software),20260101,627,0,0.0
Docker_(software),20260102,717,6,0.0031104356249999996
Docker_(software),20260103,622,0,0.0
Docker_(software),20260104,713,0,0.0
Docker_(software),20260105,1035,0,0.0
Docker_(software),20260106,977,0,0.0
Docker_(software),20260107,1124,0,0.0
Docker_(software),20260108,1014,0,0.0
Docker_(software),20260109,1015,1,0.0007338661458333334
Docker_(software),20260110,686,0,0.0
Docker_(software),20260111,744,0,0.0
Docker_(software),20260112,1192,0,0.0
Docker_(software),20260113,1153,0,0.0
Docker_(software),20260114,1156,0,0.0
Docker_(software),20260115,1076,0,0.0
Docker_(software),20260116,1003,0,0.0
Docker_(software),20260117,643,0,0.0
Docker_(software),20260118,740,0,0.0
Docker_(software),20260119,1161,1,0.0008394271874999999
Docker_(software),20260120,1161,1,0.0008394271874999999
Docker_(software),20260121,1201,0,0.0
Docker_(software),20260122,1122,1,0.000811229375
Docker_(software),20260123,1132,1,0.0008184595833333334
Docker_(software),20260124,735,0,0.0
Docker_(software),20260125,643,0,0.0
Docker_(software),20260126,992,0,0.0
Docker_(software),20260127,1174,0,0.0
Docker_(software),20260128,1199,0,0.0
Docker_(software),20260129,1242,0,0.0
Docker_(software),20260130,1069,0,0.0
Docker_(software),20260131,785,0,0.0
Docker_(software),20260201,733,0,0.0
Docker_(software),20260202,1076,2,0.0015559408333333331
Docker_(software),20260203,1100,0,0.0
Docker_(software),20260204,1144,0,0.0
Docker_(software),20260205,1131,0,0.0
Docker_(software),20260206,993,0,0.0
Docker_(software),20260207,741,0,0.0
Docker_(software),20260208,692,0,0.0
Docker_(software),20260209,1109,0,0.0
Docker_(software),20260210,1422,0,0.0
Docker_(software),20260211,1299,0,0.0
Docker_(software),20260212,1183,0,0.0
Docker_(software),20260213,1038,0,0.0
Docker_(software),20260214,682,0,0.0
Docker_(software),20260215,832,0,0.0
Docker_(software),20260216,1042,0,0.0
Docker_(software),20260217,1252,0,0.0
Docker_(software),20260218,1141,0,0.0
Docker_(software),20260219,1078,0,0.0
Docker_(software),20260220,1022,0,0.0
Docker_(software),20260221,709,0,0.0
Docker_(software),20260222,778,0,0.0
Docker_(software),20260223,1083,0,0.0
Docker_(software),20260224,1182,0,0.0
Docker_(software),20260225,1398,1,0.001010783125
Docker_(software),20260226,1103,0,0.0
Docker_(software),20260227,1110,0,0.0
Docker_(software),20260228,789,2,0.001140926875
Docker_(software),20260301,759,0,0.0
Docker_(software),20260302,1100,0,0.0
Docker_(software),20260303,1205,0,0.0
Docker_(software),20260304,1098,0,0.0
Docker_(software),20260305,1207,0,0.0
Docker_(software),20260306,1144,0,0.0
Docker_(software),20260307,847,0,0.0
Docker_(software),20260308,756,0,0.0
Docker_(software),20260309,1145,0,0.0
Docker_(software),20260310,1067,0,0.0
Docker_(software),20260311,1124,1,0.0008126754166666666
Docker_(software),20260312,1196,0,0.0
Docker_(software),20260313,1059,0,0.0
Docker_(software),20260314,689,0,0.0
Docker_(software),20260315,667,0,0.0
Docker_(software),20260316,1181,1,0.0008538876041666667
Docker_(software),20260317,1180,0,0.0
Docker_(software),20260318,1065,0,0.0
Docker_(software),20260319,942,0,0.0
Docker_(software),20260320,840,0,0.0
Docker_(software),20260321,610,0,0.0
Docker_(software),20260322,753,0,0.0
Docker_(software),20260323,1066,0,0.0
Docker_(software),20260324,1091,0,0.0
Docker_(software),20260325,1120,0,0.0
Docker_(software),20260326,1090,0,0.0
Docker_(software),20260327,958,0,0.0
Docker_(software),20260328,720,0,0.0
Docker_(software),20260329,646,0,0.0
Docker_(software),20260330,1151,0,0.0
Docker_(software),20260331,1003,0,0.0
Docker_(software),20260401,997,0,0.0
Docker_(software),20260402,866,0,0.0
Docker_(software),20260403,899,0,0.0
Docker_(software),20260404,743,0,0.0
Docker_(software),20260405,633,0,0.0
Docker_(software),20260406,920,0,0.0
Docker_(software),20260407,1097,2,0.0015863077083333333
Docker_(software),20260408,1084,1,0.0007837545833333334
Docker_(software),20260409,1105,0,0.0
Docker_(software),20260410,1251,0,0.0
Docker_(software),20260411,762,0,0.0
Docker_(software),20260412,615,0,0.0
Docker_(software),20260413,1125,0,0.0
Docker_(software),20260414,1191,0,0.0
Docker_(software),20260415,1095,0,0.0
Docker_(software),20260416,1110,0,0.0
Docker_(software),20260417,929,0,0.0
Docker_(software),20260418,621,0,0.0
Docker_(software),20260419,655,0,0.0
Docker_(software),20260420,1019,0,0.0
Docker_(software),20260421,1029,0,0.0
Docker_(software),20260422,1084,0,0.0
Docker_(software),20260423,990,0,0.0
Docker_(software),20260424,864,0,0.0
Docker_(software),20260425,586,0,0.0
Docker_(software),20260426,601,0,0.0
Docker_(software),20260427,978,0,0.0
Docker_(software),20260428,1055,0,0.0
Docker_(software),20260429,1025,0,0.0
Docker_(software),20260430,1026,0,0.0
Docker_(software),20260501,688,0,0.0
Docker_(software),20260502,591,0,0.0
Docker_(software),20260503,619,0,0.0
Docker_(software),20260504,957,0,0.0
Docker_(software),20260505,956,0,0.0
Docker_(software),20260506,935,0,0.0
Docker_(software),20260507,976,0,0.0
Docker_(software),20260508,883,0,0.0
Docker_(software),20260509,641,0,0.0
Docker_(software),20260510,531,0,0.0
Docker_(software),20260511,1029,0,0.0
Docker_(software),20260512,1119,0,0.0
Docker_(software),20260513,1090,0,0.0
Docker_(software),20260514,1047,0,0.0
Docker_(software),20260515,836,0,0.0
Docker_(software),20260516,700,0,0.0
Docker_(software),20260517,629,0,0.0
Docker_(software),20260518,987,0,0.0
Docker_(software),20260519,1037,0,0.0
Docker_(software),20260520,1042,0,0.0
Docker_(software),20260521,908,0,0.0
Docker_(software),20260522,853,0,0.0
Docker_(software),20260523,563,0,0.0
Docker_(software),20260524,586,0,0.0
Docker_(software),20260525,1245,0,0.0
Docker_(software),20260526,977,0,0.0
Docker_(software),20260527,941,0,0.0
Docker_(software),20260528,1139,0,0.0
Docker_(software),20260529,886,0,0.0
Docker_(software),20260530,488,0,0.0
Docker_(software),20260531,648,0,0.0
Docker_(software),20260601,1042,0,0.0
Docker_(software),20260602,1074,0,0.0
Docker_(software),20260603,1003,0,0.0
Docker_(software),20260604,974,0,0.0
Docker_(software),20260605,964,0,0.0
Docker_(software),20260606,625,0,0.0
Docker_(software),20260607,632,0,0.0
Docker_(software),20260608,914,0,0.0
Docker_(software),20260609,875,0,0.0
Docker_(software),20260610,959,0,0.0
Docker_(software),20260611,899,0,0.0
Docker_(software),20260612,749,0,0.0
Docker_(software),20260613,577,0,0.0
Docker_(software),20260614,536,0,0.0
Docker_(software),20260615,860,0,0.0
Docker_(software),20260616,932,0,0.0
Docker_(software),20260617,781,0,0.0
Docker_(software),20260618,721,0,0.0
Docker_(software),20260619,668,0,0.0
Docker_(software),20260620,560,0,0.0
Docker_(software),20260621,500,0,0.0
Docker_(software),20260622,954,0,0.0
Docker_(software),20260623,904,0,0.0
Docker_(software),20260624,917,0,0.0
Docker_(software),20260625,854,0,0.0
Docker_(software),20260626,894,0,0.0
Docker_(software),20260627,473,0,0.0
Docker_(software),20260628,754,0,0.0
Docker_(software),20260629,1052,0,0.0
Docker_(software),20260630,974,0,0.0
Docker_(software),20260701,911,0,0.0
Docker_(software),20260702,948,0,0.0
Docker_(software),20260703,791,2,0.0011438189583333333
Docker_(software),20260704,551,0,0.0
Docker_(software),20260705,761,0,0.0
Docker_(software),20260706,1018,0,0.0
Docker_(software),20260707,1059,0,0.0
Docker_(software),20260708,1094,0,0.0
Docker_(software),20260709,911,0,0.0
Docker_(software),20260710,866,0,0.0
Docker_(software),20260711,618,0,0.0
Docker_(software),20260712,647,0,0.0
Docker_(software),20260713,1031,0,0.0
Docker_(software),20260714,831,0,0.0
Docker_(software),20260715,800,0,0.0
Docker_(software),20260716,774,0,0.0
Docker_(software),20260717,766,0,0.0
Docker_(software),20260718,707,0,0.0
Docker_(software),20260719,867,0,0.0
Docker_(software),20260720,958,0,0.0
Docker_(software),20260721,829,0,0.0
Docker_(software),20260722,789,0,0.0
Docker_(software),20260723,875,0,0.0
Docker_(software),20260724,842,0,0.0
Docker_(software),20260725,626,0,0.0
Docker_(software),20260726,583,0,0.0
Docker_(software),20260727,1704,0,0.0
Docker_(software),20260728,5105,0,0.0
Docker_(software),20260729,942,0,0.0
Docker_(software),20260730,973,0,0.0
Docker_(software),20260731,784,0,0.0
Retrieval-augmented_generation,20250801,1300,0,0.0
Retrieval-augmented_generation,20250802,676,0,0.0
Retrieval-augmented_generation,20250803,813,0,0.0
Retrieval-augmented_generation,20250804,1649,0,0.0
Retrieval-augmented_generation,20250805,1596,0,0.0
Retrieval-augmented_generation,20250806,1721,0,0.0
Retrieval-augmented_generation,20250807,1685,0,0.0
Retrieval-augmented_generation,20250808,1580,0,0.0
Retrieval-augmented_generation,20250809,812,0,0.0
Retrieval-augmented_generation,20250810,845,0,0.0
Retrieval-augmented_generation,20250811,1663,0,0.0
Retrieval-augmented_generation,20250812,1657,0,0.0
Retrieval-augmented_generation,20250813,1597,1,0.0011546642708333333
Retrieval-augmented_generation,20250814,1508,0,0.0
Retrieval-augmented_generation,20250815,1276,0,0.0
Retrieval-augmented_generation,20250816,778,0,0.0
Retrieval-augmented_generation,20250817,883,0,0.0
Retrieval-augmented_generation,20250818,1841,0,0.0
Retrieval-augmented_generation,20250819,1685,0,0.0
Retrieval-augmented_generation,20250820,1835,0,0.0
Retrieval-augmented_generation,20250821,1645,0,0.0
Retrieval-augmented_generation,20250822,1464,0,0.0
Retrieval-augmented_generation,20250823,791,1,0.0005719094791666666
Retrieval-augmented_generation,20250824,822,0,0.0
Retrieval-augmented_generation,20250825,1673,0,0.0
Retrieval-augmented_generation,20250826,1715,0,0.0
Retrieval-augmented_generation,20250827,1596,1,0.00115394125
Retrieval-augmented_generation,20250828,1591,3,0.0034509784374999997
Retrieval-augmented_generation,20250829,1579,0,0.0
Retrieval-augmented_generation,20250830,759,2,0.0010975456249999998
Retrieval-augmented_generation,20250831,756,0,0.0
Retrieval-augmented_generation,20250901,1447,0,0.0
Retrieval-augmented_generation,20250902,1888,0,0.0
Retrieval-augmented_generation,20250903,1856,0,0.0
Retrieval-augmented_generation,20250904,1859,2,0.002688191458333333
Retrieval-augmented_generation,20250905,1599,0,0.0
Retrieval-augmented_generation,20250906,857,0,0.0
Retrieval-augmented_generation,20250907,857,0,0.0
Retrieval-augmented_generation,20250908,1869,1,0.0013513259375
Retrieval-augmented_generation,20250909,1878,0,0.0
Retrieval-augmented_generation,20250910,1829,0,0.0
Retrieval-augmented_generation,20250911,1760,0,0.0
Retrieval-augmented_generation,20250912,1428,0,0.0
Retrieval-augmented_generation,20250913,822,0,0.0
Retrieval-augmented_generation,20250914,730,0,0.0
Retrieval-augmented_generation,20250915,1820,2,0.002631795833333333
Retrieval-augmented_generation,20250916,1940,0,0.0
Retrieval-augmented_generation,20250917,1939,0,0.0
Retrieval-augmented_generation,20250918,1882,0,0.0
Retrieval-augmented_generation,20250919,1605,0,0.0
Retrieval-augmented_generation,20250920,815,0,0.0
Retrieval-augmented_generation,20250921,851,0,0.0
Retrieval-augmented_generation,20250922,1806,1,0.0013057756249999998
Retrieval-augmented_generation,20250923,1859,0,0.0
Retrieval-augmented_generation,20250924,1918,0,0.0
Retrieval-augmented_generation,20250925,1749,0,0.0
Retrieval-augmented_generation,20250926,1611,0,0.0
Retrieval-augmented_generation,20250927,783,0,0.0
Retrieval-augmented_generation,20250928,841,2,0.0012161210416666666
Retrieval-augmented_generation,20250929,1926,0,0.0
Retrieval-augmented_generation,20250930,1914,2,0.0027677237499999998
Retrieval-augmented_generation,20251001,1779,0,0.0
Retrieval-augmented_generation,20251002,1741,0,0.0
Retrieval-augmented_generation,20251003,1449,0,0.0
Retrieval-augmented_generation,20251004,834,0,0.0
Retrieval-augmented_generation,20251005,864,0,0.0
Retrieval-augmented_generation,20251006,1833,0,0.0
Retrieval-augmented_generation,20251007,1788,0,0.0
Retrieval-augmented_generation,20251008,1981,0,0.0
Retrieval-augmented_generation,20251009,1905,0,0.0
Retrieval-augmented_generation,20251010,1650,0,0.0
Retrieval-augmented_generation,20251011,857,0,0.0
Retrieval-augmented_generation,20251012,991,0,0.0
Retrieval-augmented_generation,20251013,1761,0,0.0
Retrieval-augmented_generation,20251014,1874,1,0.0013549410416666666
Retrieval-augmented_generation,20251015,1970,0,0.0
Retrieval-augmented_generation,20251016,1878,0,0.0
Retrieval-augmented_generation,20251017,1639,0,0.0
Retrieval-augmented_generation,20251018,811,0,0.0
Retrieval-augmented_generation,20251019,911,0,0.0
Retrieval-augmented_generation,20251020,1928,0,0.0
Retrieval-augmented_generation,20251021,1984,0,0.0
Retrieval-augmented_generation,20251022,2212,0,0.0
Retrieval-augmented_generation,20251023,1970,0,0.0
Retrieval-augmented_generation,20251024,1564,0,0.0
Retrieval-augmented_generation,20251025,854,0,0.0
Retrieval-augmented_generation,20251026,862,0,0.0
Retrieval-augmented_generation,20251027,1743,0,0.0
Retrieval-augmented_generation,20251028,1803,0,0.0
Retrieval-augmented_generation,20251029,1688,0,0.0
Retrieval-augmented_generation,20251030,1610,0,0.0
Retrieval-augmented_generation,20251031,1762,0,0.0
Retrieval-augmented_generation,20251101,849,0,0.0
Retrieval-augmented_generation,20251102,888,0,0.0
Retrieval-augmented_generation,20251103,1703,1,0.0012313044791666665
Retrieval-augmented_generation,20251104,1906,0,0.0
Retrieval-augmented_generation,20251105,1799,0,0.0
Retrieval-augmented_generation,20251106,1662,0,0.0
Retrieval-augmented_generation,20251107,1537,0,0.0
Retrieval-augmented_generation,20251108,963,0,0.0
Retrieval-augmented_generation,20251109,971,0,0.0
Retrieval-augmented_generation,20251110,1885,0,0.0
Retrieval-augmented_generation,20251111,1801,0,0.0
Retrieval-augmented_generation,20251112,2076,0,0.0
Retrieval-augmented_generation,20251113,2392,1,0.0017294658333333332
Retrieval-augmented_generation,20251114,1579,1,0.0011416498958333333
Retrieval-augmented_generation,20251115,881,0,0.0
Retrieval-augmented_generation,20251116,909,0,0.0
Retrieval-augmented_generation,20251117,1658,0,0.0
Retrieval-augmented_generation,20251118,1784,0,0.0
Retrieval-augmented_generation,20251119,1781,0,0.0
Retrieval-augmented_generation,20251120,1628,0,0.0
Retrieval-augmented_generation,20251121,1525,0,0.0
Retrieval-augmented_generation,20251122,858,0,0.0
Retrieval-augmented_generation,20251123,883,0,0.0
Retrieval-augmented_generation,20251124,1810,0,0.0
Retrieval-augmented_generation,20251125,1635,0,0.0
Retrieval-augmented_generation,20251126,1660,0,0.0
Retrieval-augmented_generation,20251127,1402,0,0.0
Retrieval-augmented_generation,20251128,1342,0,0.0
Retrieval-augmented_generation,20251129,850,0,0.0
Retrieval-augmented_generation,20251130,834,0,0.0
Retrieval-augmented_generation,20251201,1713,0,0.0
Retrieval-augmented_generation,20251202,1668,0,0.0
Retrieval-augmented_generation,20251203,1716,0,0.0
Retrieval-augmented_generation,20251204,1700,0,0.0
Retrieval-augmented_generation,20251205,1554,0,0.0
Retrieval-augmented_generation,20251206,805,0,0.0
Retrieval-augmented_generation,20251207,959,0,0.0
Retrieval-augmented_generation,20251208,1652,0,0.0
Retrieval-augmented_generation,20251209,1621,3,0.0035160503125
Retrieval-augmented_generation,20251210,1897,0,0.0
Retrieval-augmented_generation,20251211,1839,0,0.0
Retrieval-augmented_generation,20251212,1425,1,0.0010303046875
Retrieval-augmented_generation,20251213,778,0,0.0
Retrieval-augmented_generation,20251214,787,0,0.0
Retrieval-augmented_generation,20251215,1488,0,0.0
Retrieval-augmented_generation,20251216,1667,2,0.002410551458333333
Retrieval-augmented_generation,20251217,1542,0,0.0
Retrieval-augmented_generation,20251218,1516,0,0.0
Retrieval-augmented_generation,20251219,1254,0,0.0
Retrieval-augmented_generation,20251220,695,0,0.0
Retrieval-augmented_generation,20251221,691,0,0.0
Retrieval-augmented_generation,20251222,1151,0,0.0
Retrieval-augmented_generation,20251223,1035,0,0.0
Retrieval-augmented_generation,20251224,869,0,0.0
Retrieval-augmented_generation,20251225,663,0,0.0
Retrieval-augmented_generation,20251226,720,0,0.0
Retrieval-augmented_generation,20251227,674,0,0.0
Retrieval-augmented_generation,20251228,908,0,0.0
Retrieval-augmented_generation,20251229,1157,0,0.0
Retrieval-augmented_generation,20251230,975,0,0.0
Retrieval-augmented_generation,20251231,783,0,0.0
Retrieval-augmented_generation,20260101,633,1,0.0004576721875
Retrieval-augmented_generation,20260102,971,0,0.0
Retrieval-augmented_generation,20260103,800,0,0.0
Retrieval-augmented_generation,20260104,812,0,0.0
Retrieval-augmented_generation,20260105,1561,0,0.0
Retrieval-augmented_generation,20260106,1546,0,0.0
Retrieval-augmented_generation,20260107,1537,0,0.0
Retrieval-augmented_generation,20260108,1632,0,0.0
Retrieval-augmented_generation,20260109,1482,0,0.0
Retrieval-augmented_generation,20260110,753,0,0.0
Retrieval-augmented_generation,20260111,884,1,0.0006391504166666667
Retrieval-augmented_generation,20260112,1806,0,0.0
Retrieval-augmented_generation,20260113,1707,2,0.002468393125
Retrieval-augmented_generation,20260114,1812,3,0.003930341249999999
Retrieval-augmented_generation,20260115,2001,0,0.0
Retrieval-augmented_generation,20260116,1653,0,0.0
Retrieval-augmented_generation,20260117,865,0,0.0
Retrieval-augmented_generation,20260118,948,1,0.0006854237499999999
Retrieval-augmented_generation,20260119,1629,3,0.0035334028124999997
Retrieval-augmented_generation,20260120,1766,2,0.002553709583333333
Retrieval-augmented_generation,20260121,1745,1,0.0012616713541666665
Retrieval-augmented_generation,20260122,1785,0,0.0
Retrieval-augmented_generation,20260123,1476,0,0.0
Retrieval-augmented_generation,20260124,814,1,0.0005885389583333333
Retrieval-augmented_generation,20260125,894,0,0.0
Retrieval-augmented_generation,20260126,1584,0,0.0
Retrieval-augmented_generation,20260127,1851,0,0.0
Retrieval-augmented_generation,20260128,1875,0,0.0
Retrieval-augmented_generation,20260129,1819,0,0.0
Retrieval-augmented_generation,20260130,1582,2,0.0022876379166666665
Retrieval-augmented_generation,20260131,851,0,0.0
Retrieval-augmented_generation,20260201,907,0,0.0
Retrieval-augmented_generation,20260202,1801,0,0.0
Retrieval-augmented_generation,20260203,1767,0,0.0
Retrieval-augmented_generation,20260204,1984,0,0.0
Retrieval-augmented_generation,20260205,1870,0,0.0
Retrieval-augmented_generation,20260206,1503,0,0.0
Retrieval-augmented_generation,20260207,961,0,0.0
Retrieval-augmented_generation,20260208,1311,1,0.0009478803125
Retrieval-augmented_generation,20260209,1905,0,0.0
Retrieval-augmented_generation,20260210,1838,0,0.0
Retrieval-augmented_generation,20260211,1923,0,0.0
Retrieval-augmented_generation,20260212,1790,0,0.0
Retrieval-augmented_generation,20260213,1567,0,0.0
Retrieval-augmented_generation,20260214,879,0,0.0
Retrieval-augmented_generation,20260215,942,0,0.0
Retrieval-augmented_generation,20260216,1787,0,0.0
Retrieval-augmented_generation,20260217,1904,0,0.0
Retrieval-augmented_generation,20260218,1884,0,0.0
Retrieval-augmented_generation,20260219,1881,0,0.0
Retrieval-augmented_generation,20260220,1580,0,0.0
Retrieval-augmented_generation,20260221,932,0,0.0
Retrieval-augmented_generation,20260222,1048,0,0.0
Retrieval-augmented_generation,20260223,1750,0,0.0
Retrieval-augmented_generation,20260224,1855,0,0.0
Retrieval-augmented_generation,20260225,1823,0,0.0
Retrieval-augmented_generation,20260226,1836,0,0.0
Retrieval-augmented_generation,20260227,1715,0,0.0
Retrieval-augmented_generation,20260228,939,0,0.0
Retrieval-augmented_generation,20260301,974,0,0.0
Retrieval-augmented_generation,20260302,1803,0,0.0
Retrieval-augmented_generation,20260303,1842,0,0.0
Retrieval-augmented_generation,20260304,1825,0,0.0
Retrieval-augmented_generation,20260305,1926,0,0.0
Retrieval-augmented_generation,20260306,1629,0,0.0
Retrieval-augmented_generation,20260307,906,0,0.0
Retrieval-augmented_generation,20260308,943,0,0.0
Retrieval-augmented_generation,20260309,1769,0,0.0
Retrieval-augmented_generation,20260310,1727,0,0.0
Retrieval-augmented_generation,20260311,1742,0,0.0
Retrieval-augmented_generation,20260312,1896,0,0.0
Retrieval-augmented_generation,20260313,1678,0,0.0
Retrieval-augmented_generation,20260314,1027,0,0.0
Retrieval-augmented_generation,20260315,1018,0,0.0
Retrieval-augmented_generation,20260316,1983,0,0.0
Retrieval-augmented_generation,20260317,1902,0,0.0
Retrieval-augmented_generation,20260318,1800,0,0.0
Retrieval-augmented_generation,20260319,1744,0,0.0
Retrieval-augmented_generation,20260320,1495,0,0.0
Retrieval-augmented_generation,20260321,938,0,0.0
Retrieval-augmented_generation,20260322,915,0,0.0
Retrieval-augmented_generation,20260323,1674,0,0.0
Retrieval-augmented_generation,20260324,1693,2,0.0024481485416666666
Retrieval-augmented_generation,20260325,1654,1,0.0011958764583333333
Retrieval-augmented_generation,20260326,1760,0,0.0
Retrieval-augmented_generation,20260327,1486,0,0.0
Retrieval-augmented_generation,20260328,807,0,0.0
Retrieval-augmented_generation,20260329,902,0,0.0
Retrieval-augmented_generation,20260330,1581,0,0.0
Retrieval-augmented_generation,20260331,1432,0,0.0
Retrieval-augmented_generation,20260401,1688,0,0.0
Retrieval-augmented_generation,20260402,1438,0,0.0
Retrieval-augmented_generation,20260403,1183,0,0.0
Retrieval-augmented_generation,20260404,878,0,0.0
Retrieval-augmented_generation,20260405,794,1,0.0005740785416666667
Retrieval-augmented_generation,20260406,1280,0,0.0
Retrieval-augmented_generation,20260407,1745,0,0.0
Retrieval-augmented_generation,20260408,1573,0,0.0
Retrieval-augmented_generation,20260409,1517,0,0.0
Retrieval-augmented_generation,20260410,1552,0,0.0
Retrieval-augmented_generation,20260411,750,0,0.0
Retrieval-augmented_generation,20260412,868,0,0.0
Retrieval-augmented_generation,20260413,1471,0,0.0
Retrieval-augmented_generation,20260414,1701,1,0.0012298584375
Retrieval-augmented_generation,20260415,1681,0,0.0
Retrieval-augmented_generation,20260416,1711,0,0.0
Retrieval-augmented_generation,20260417,1657,0,0.0
Retrieval-augmented_generation,20260418,786,0,0.0
Retrieval-augmented_generation,20260419,825,0,0.0
Retrieval-augmented_generation,20260420,1598,0,0.0
Retrieval-augmented_generation,20260421,1742,0,0.0
Retrieval-augmented_generation,20260422,1584,0,0.0
Retrieval-augmented_generation,20260423,1587,0,0.0
Retrieval-augmented_generation,20260424,1432,0,0.0
Retrieval-augmented_generation,20260425,821,0,0.0
Retrieval-augmented_generation,20260426,905,0,0.0
Retrieval-augmented_generation,20260427,1903,0,0.0
Retrieval-augmented_generation,20260428,1957,0,0.0
Retrieval-augmented_generation,20260429,1669,0,0.0
Retrieval-augmented_generation,20260430,1349,0,0.0
Retrieval-augmented_generation,20260501,992,0,0.0
Retrieval-augmented_generation,20260502,812,0,0.0
Retrieval-augmented_generation,20260503,784,0,0.0
Retrieval-augmented_generation,20260504,1422,0,0.0
Retrieval-augmented_generation,20260505,1683,5,0.006084220312499999
Retrieval-augmented_generation,20260506,1610,0,0.0
Retrieval-augmented_generation,20260507,1591,1,0.0011503261458333334
Retrieval-augmented_generation,20260508,1467,1,0.0010606715625
Retrieval-augmented_generation,20260509,998,0,0.0
Retrieval-augmented_generation,20260510,832,0,0.0
Retrieval-augmented_generation,20260511,1648,2,0.0023830766666666663
Retrieval-augmented_generation,20260512,1762,0,0.0
Retrieval-augmented_generation,20260513,1816,0,0.0
Retrieval-augmented_generation,20260514,1646,0,0.0
Retrieval-augmented_generation,20260515,1387,0,0.0
Retrieval-augmented_generation,20260516,754,0,0.0
Retrieval-augmented_generation,20260517,779,0,0.0
Retrieval-augmented_generation,20260518,1612,0,0.0
Retrieval-augmented_generation,20260519,1836,0,0.0
Retrieval-augmented_generation,20260520,1615,0,0.0
Retrieval-augmented_generation,20260521,1898,0,0.0
Retrieval-augmented_generation,20260522,1336,1,0.0009659558333333333
Retrieval-augmented_generation,20260523,836,0,0.0
Retrieval-augmented_generation,20260524,846,0,0.0
Retrieval-augmented_generation,20260525,1072,0,0.0
Retrieval-augmented_generation,20260526,1386,0,0.0
Retrieval-augmented_generation,20260527,1402,0,0.0
Retrieval-augmented_generation,20260528,1426,1,0.0010310277083333333
Retrieval-augmented_generation,20260529,1370,1,0.0009905385416666666
Retrieval-augmented_generation,20260530,810,1,0.000585646875
Retrieval-augmented_generation,20260531,776,0,0.0
Retrieval-augmented_generation,20260601,1480,0,0.0
Retrieval-augmented_generation,20260602,1375,6,0.005964921874999999
Retrieval-augmented_generation,20260603,1394,0,0.0
Retrieval-augmented_generation,20260604,1462,0,0.0
Retrieval-augmented_generation,20260605,1163,0,0.0
Retrieval-augmented_generation,20260606,720,0,0.0
Retrieval-augmented_generation,20260607,773,0,0.0
Retrieval-augmented_generation,20260608,1503,0,0.0
Retrieval-augmented_generation,20260609,1447,0,0.0
Retrieval-augmented_generation,20260610,1415,2,0.002046148958333333
Retrieval-augmented_generation,20260611,1311,0,0.0
Retrieval-augmented_generation,20260612,1124,1,0.0008126754166666666
Retrieval-augmented_generation,20260613,834,1,0.0006029993749999999
Retrieval-augmented_generation,20260614,834,0,0.0
Retrieval-augmented_generation,20260615,1377,0,0.0
Retrieval-augmented_generation,20260616,1434,0,0.0
Retrieval-augmented_generation,20260617,1317,0,0.0
Retrieval-augmented_generation,20260618,1461,1,0.0010563334375
Retrieval-augmented_generation,20260619,1140,0,0.0
Retrieval-augmented_generation,20260620,689,0,0.0
Retrieval-augmented_generation,20260621,738,0,0.0
Retrieval-augmented_generation,20260622,1367,0,0.0
Retrieval-augmented_generation,20260623,1286,0,0.0
Retrieval-augmented_generation,20260624,1326,2,0.0019174512499999998
Retrieval-augmented_generation,20260625,1656,0,0.0
Retrieval-augmented_generation,20260626,1116,2,0.0016137825
Retrieval-augmented_generation,20260627,741,0,0.0
Retrieval-augmented_generation,20260628,752,0,0.0
Retrieval-augmented_generation,20260629,1376,0,0.0
Retrieval-augmented_generation,20260630,1344,0,0.0
Retrieval-augmented_generation,20260701,1233,0,0.0
Retrieval-augmented_generation,20260702,1187,0,0.0
Retrieval-augmented_generation,20260703,1063,0,0.0
Retrieval-augmented_generation,20260704,724,0,0.0
Retrieval-augmented_generation,20260705,746,0,0.0
Retrieval-augmented_generation,20260706,1279,0,0.0
Retrieval-augmented_generation,20260707,1262,0,0.0
Retrieval-augmented_generation,20260708,1323,0,0.0
Retrieval-augmented_generation,20260709,1244,0,0.0
Retrieval-augmented_generation,20260710,1105,0,0.0
Retrieval-augmented_generation,20260711,787,0,0.0
Retrieval-augmented_generation,20260712,762,0,0.0
Retrieval-augmented_generation,20260713,1275,2,0.0018437031249999999
Retrieval-augmented_generation,20260714,1215,0,0.0
Retrieval-augmented_generation,20260715,1345,0,0.0
Retrieval-augmented_generation,20260716,1155,0,0.0
Retrieval-augmented_generation,20260717,1045,0,0.0
Retrieval-augmented_generation,20260718,808,0,0.0
Retrieval-augmented_generation,20260719,699,0,0.0
Retrieval-augmented_generation,20260720,1209,0,0.0
Retrieval-augmented_generation,20260721,1183,0,0.0
Retrieval-augmented_generation,20260722,1228,0,0.0
Retrieval-augmented_generation,20260723,1160,1,0.0008387041666666666
Retrieval-augmented_generation,20260724,1027,0,0.0
Retrieval-augmented_generation,20260725,629,0,0.0
Retrieval-augmented_generation,20260726,733,0,0.0
Retrieval-augmented_generation,20260727,1192,0,0.0
Retrieval-augmented_generation,20260728,1313,0,0.0
Retrieval-augmented_generation,20260729,1180,0,0.0
Retrieval-augmented_generation,20260730,1122,0,0.0
Retrieval-augmented_generation,20260731,973,0,0.0
Large_language_model,20250801,3388,1,0.0024495945833333333
Large_language_model,20250802,2634,2,0.0038088737499999996
Large_language_model,20250803,2585,4,0.007476035416666666
Large_language_model,20250804,3754,2,0.005428440416666667
Large_language_model,20250805,3733,1,0.002699036770833333
Large_language_model,20250806,3838,2,0.005549907916666667
Large_language_model,20250807,4127,12,0.03580688375
Large_language_model,20250808,4408,18,0.057367365
Large_language_model,20250809,2987,1,0.0021596632291666666
Large_language_model,20250810,3201,2,0.004628779374999999
Large_language_model,20250811,4273,4,0.012357872083333332
Large_language_model,20250812,4278,0,0.0
Large_language_model,20250813,4353,1,0.0031473096874999997
Large_language_model,20250814,4075,0,0.0
Large_language_model,20250815,3515,0,0.0
Large_language_model,20250816,2797,1,0.0020222892708333332
Large_language_model,20250817,2730,1,0.001973846875
Large_language_model,20250818,3845,0,0.0
Large_language_model,20250819,4025,2,0.005820317708333333
Large_language_model,20250820,4287,5,0.015497951562499999
Large_language_model,20250821,4154,1,0.0030034285416666666
Large_language_model,20250822,3750,1,0.0027113281249999998
Large_language_model,20250823,2856,0,0.0
Large_language_model,20250824,2804,2,0.004054700833333333
Large_language_model,20250825,3844,3,0.00833787625
Large_language_model,20250826,3954,5,0.014294121875
Large_language_model,20250827,3894,3,0.008446329375
Large_language_model,20250828,3844,0,0.0
Large_language_model,20250829,3235,2,0.004677944791666667
Large_language_model,20250830,2359,2,0.0034112122916666664
Large_language_model,20250831,2379,0,0.0
Large_language_model,20250901,3242,1,0.0023440335416666665
Large_language_model,20250902,3822,0,0.0
Large_language_model,20250903,3860,0,0.0
Large_language_model,20250904,3876,1,0.0028024287499999996
Large_language_model,20250905,3912,1,0.0028284574999999997
Large_language_model,20250906,2960,3,0.006420425
Large_language_model,20250907,2835,0,0.0
Large_language_model,20250908,3732,2,0.0053966275
Large_language_model,20250909,4079,1,0.0029492019791666664
Large_language_model,20250910,3831,1,0.0027698928125
Large_language_model,20250911,3707,0,0.0
Large_language_model,20250912,3347,0,0.0
Large_language_model,20250913,2435,0,0.0
Large_language_model,20250914,2555,0,0.0
Large_language_model,20250915,3654,0,0.0
Large_language_model,20250916,3762,1,0.0027200043749999996
Large_language_model,20250917,3761,2,0.005438562708333333
Large_language_model,20250918,3827,0,0.0
Large_language_model,20250919,3323,0,0.0
Large_language_model,20250920,2517,1,0.0018198434374999998
Large_language_model,20250921,2483,7,0.012566825104166667
Large_language_model,20250922,3642,5,0.013166209375
Large_language_model,20250923,3686,2,0.0053301095833333334
Large_language_model,20250924,3703,0,0.0
Large_language_model,20250925,3599,1,0.0026021519791666666
Large_language_model,20250926,3279,0,0.0
Large_language_model,20250927,2375,1,0.0017171744791666665
Large_language_model,20250928,2645,3,0.0057371703125000005
Large_language_model,20250929,3546,0,0.0
Large_language_model,20250930,3756,0,0.0
Large_language_model,20251001,3551,2,0.0051348939583333334
Large_language_model,20251002,3619,16,0.041865798333333336
Large_language_model,20251003,3331,5,0.012041911979166667
Large_language_model,20251004,2900,5,0.010483802083333332
Large_language_model,20251005,2956,6,0.0128234975
Large_language_model,20251006,4454,1,0.0032203347916666663
Large_language_model,20251007,4153,0,0.0
Large_language_model,20251008,4486,3,0.009730414375
Large_language_model,20251009,4125,0,0.0
Large_language_model,20251010,3551,0,0.0
Large_language_model,20251011,2655,3,0.0057588609375
Large_language_model,20251012,2821,3,0.0061189253125
Large_language_model,20251013,4074,11,0.032401455625
Large_language_model,20251014,3940,3,0.008546106250000001
Large_language_model,20251015,4091,2,0.005915756458333333
Large_language_model,20251016,3946,5,0.014265201041666667
Large_language_model,20251017,3548,11,0.028218057083333335
Large_language_model,20251018,2674,0,0.0
Large_language_model,20251019,2780,7,0.014069985416666665
Large_language_model,20251020,4208,0,0.0
Large_language_model,20251021,3899,1,0.0028190582291666667
Large_language_model,20251022,4049,0,0.0
Large_language_model,20251023,4199,0,0.0
Large_language_model,20251024,3585,1,0.0025920296874999997
Large_language_model,20251025,2667,4,0.007713186249999999
Large_language_model,20251026,2918,5,0.010548873958333333
Large_language_model,20251027,4037,3,0.008756505312500001
Large_language_model,20251028,4065,0,0.0
Large_language_model,20251029,4146,1,0.002997644375
Large_language_model,20251030,4170,4,0.0120599875
Large_language_model,20251031,3641,2,0.005265037708333333
Large_language_model,20251101,2699,1,0.0019514332291666666
Large_language_model,20251102,2876,4,0.008317631666666667
Large_language_model,20251103,4058,7,0.02053812979166667
Large_language_model,20251104,4159,0,0.0
Large_language_model,20251105,4272,0,0.0
Large_language_model,20251106,4015,0,0.0
Large_language_model,20251107,3692,1,0.0026693929166666666
Large_language_model,20251108,2954,0,0.0
Large_language_model,20251109,2758,4,0.007976365833333332
Large_language_model,20251110,4048,5,0.014633941666666666
Large_language_model,20251111,3831,2,0.005539785625
Large_language_model,20251112,3868,2,0.005593289166666666
Large_language_model,20251113,3880,2,0.005610641666666667
Large_language_model,20251114,3412,2,0.004933894166666667
Large_language_model,20251115,2592,1,0.0018740699999999998
Large_language_model,20251116,2725,6,0.011821390624999999
Large_language_model,20251117,3948,2,0.0057089725
Large_language_model,20251118,4521,2,0.006537554375
Large_language_model,20251119,3921,0,0.0
Large_language_model,20251120,3792,0,0.0
Large_language_model,20251121,3465,0,0.0
Large_language_model,20251122,2645,0,0.0
Large_language_model,20251123,2612,1,0.0018885304166666665
Large_language_model,20251124,3835,1,0.0027727848958333332
Large_language_model,20251125,3933,0,0.0
Large_language_model,20251126,3649,4,0.010553212083333333
Large_language_model,20251127,3405,4,0.00984754375
Large_language_model,20251128,3294,0,0.0
Large_language_model,20251129,2497,0,0.0
Large_language_model,20251130,2593,0,0.0
Large_language_model,20251201,3833,2,0.005542677708333333
Large_language_model,20251202,3945,1,0.0028523171874999995
Large_language_model,20251203,3807,2,0.0055050806249999995
Large_language_model,20251204,3944,0,0.0
Large_language_model,20251205,3447,0,0.0
Large_language_model,20251206,2443,0,0.0
Large_language_model,20251207,2542,0,0.0
Large_language_model,20251208,3377,3,0.007324924062499999
Large_language_model,20251209,3592,1,0.002597090833333333
Large_language_model,20251210,3734,2,0.005399519583333333
Large_language_model,20251211,3754,0,0.0
Large_language_model,20251212,3171,0,0.0
Large_language_model,20251213,2283,0,0.0
Large_language_model,20251214,2416,2,0.003493636666666667
Large_language_model,20251215,3143,1,0.0022724544791666666
Large_language_model,20251216,3235,0,0.0
Large_language_model,20251217,3188,2,0.0046099808333333325
Large_language_model,20251218,3337,1,0.002412720520833333
Large_language_model,20251219,2863,0,0.0
Large_language_model,20251220,2100,1,0.00151834375
Large_language_model,20251221,2124,0,0.0
Large_language_model,20251222,2673,2,0.003865269375
Large_language_model,20251223,2482,0,0.0
Large_language_model,20251224,2410,2,0.0034849604166666665
Large_language_model,20251225,2174,0,0.0
Large_language_model,20251226,2187,0,0.0
Large_language_model,20251227,2052,1,0.0014836387499999998
Large_language_model,20251228,2156,3,0.00467649875
Large_language_model,20251229,2772,4,0.008016855
Large_language_model,20251230,2713,0,0.0
Large_language_model,20251231,2272,2,0.0032854066666666666
Large_language_model,20260101,1965,0,0.0
Large_language_model,20260102,2762,5,0.009984917708333332
Large_language_model,20260103,2202,0,0.0
Large_language_model,20260104,2376,1,0.0017178974999999999
Large_language_model,20260105,3117,2,0.0045073118749999995
Large_language_model,20260106,3248,0,0.0
Large_language_model,20260107,3074,0,0.0
Large_language_model,20260108,3124,0,0.0
Large_language_model,20260109,2974,0,0.0
Large_language_model,20260110,2246,0,0.0
Large_language_model,20260111,2383,0,0.0
Large_language_model,20260112,3412,1,0.0024669470833333334
Large_language_model,20260113,3711,2,0.005366260624999999
Large_language_model,20260114,3647,0,0.0
Large_language_model,20260115,3590,6,0.015573868749999999
Large_language_model,20260116,3162,1,0.002286191875
Large_language_model,20260117,2461,0,0.0
Large_language_model,20260118,2557,2,0.0036975285416666662
Large_language_model,20260119,3247,0,0.0
Large_language_model,20260120,3516,0,0.0
Large_language_model,20260121,3731,0,0.0
Large_language_model,20260122,7810,0,0.0
Large_language_model,20260123,3122,0,0.0
Large_language_model,20260124,2188,0,0.0
Large_language_model,20260125,2318,0,0.0
Large_language_model,20260126,3163,1,0.0022869148958333334
Large_language_model,20260127,3383,0,0.0
Large_language_model,20260128,3326,0,0.0
Large_language_model,20260129,3345,3,0.0072555140625
Large_language_model,20260130,3395,1,0.0024546557291666663
Large_language_model,20260131,2573,1,0.0018603326041666667
Large_language_model,20260201,2653,0,0.0
Large_language_model,20260202,3692,5,0.013346964583333332
Large_language_model,20260203,3618,1,0.002615889375
Large_language_model,20260204,3907,0,0.0
Large_language_model,20260205,3851,0,0.0
Large_language_model,20260206,3638,2,0.005260699583333333
Large_language_model,20260207,2715,1,0.0019630015625
Large_language_model,20260208,2966,0,0.0
Large_language_model,20260209,3907,2,0.0056496847916666666
Large_language_model,20260210,3610,0,0.0
Large_language_model,20260211,3912,2,0.005656914999999999
Large_language_model,20260212,4247,0,0.0
Large_language_model,20260213,3669,3,0.0079582903125
Large_language_model,20260214,2808,0,0.0
Large_language_model,20260215,2747,0,0.0
Large_language_model,20260216,3722,0,0.0
Large_language_model,20260217,3776,1,0.0027301266666666666
Large_language_model,20260218,4113,0,0.0
Large_language_model,20260219,4388,0,0.0
Large_language_model,20260220,3789,0,0.0
Large_language_model,20260221,3055,0,0.0
Large_language_model,20260222,3114,0,0.0
Large_language_model,20260223,3987,0,0.0
Large_language_model,20260224,4886,1,0.0035326797916666666
Large_language_model,20260225,4878,1,0.0035268956249999996
Large_language_model,20260226,4611,1,0.0033338490625
Large_language_model,20260227,4999,1,0.003614381145833333
Large_language_model,20260228,4380,0,0.0
Large_language_model,20260301,3366,0,0.0
Large_language_model,20260302,4044,1,0.00292389625
Large_language_model,20260303,4003,0,0.0
Large_language_model,20260304,4055,0,0.0
Large_language_model,20260305,3927,0,0.0
Large_language_model,20260306,3572,1,0.0025826304166666663
Large_language_model,20260307,2839,1,0.002052656145833333
Large_language_model,20260308,2892,0,0.0
Large_language_model,20260309,4008,0,0.0
Large_language_model,20260310,4327,1,0.0031285111458333333
Large_language_model,20260311,4256,4,0.012308706666666665
Large_language_model,20260312,4126,1,0.002983183958333333
Large_language_model,20260313,3678,1,0.0026592706249999997
Large_language_model,20260314,2758,0,0.0
Large_language_model,20260315,2857,4,0.008262682083333332
Large_language_model,20260316,3749,0,0.0
Large_language_model,20260317,4058,2,0.005868037083333334
Large_language_model,20260318,3875,3,0.0084051171875
Large_language_model,20260319,3534,0,0.0
Large_language_model,20260320,3251,0,0.0
Large_language_model,20260321,2523,0,0.0
Large_language_model,20260322,2571,0,0.0
Large_language_model,20260323,3467,2,0.005013426458333334
Large_language_model,20260324,3679,0,0.0
Large_language_model,20260325,3710,2,0.005364814583333333
Large_language_model,20260326,3648,4,0.01055032
Large_language_model,20260327,3398,0,0.0
Large_language_model,20260328,2856,0,0.0
Large_language_model,20260329,2717,2,0.003928895208333333
Large_language_model,20260330,3549,0,0.0
Large_language_model,20260331,3278,0,0.0
Large_language_model,20260401,3240,0,0.0
Large_language_model,20260402,3145,0,0.0
Large_language_model,20260403,2906,16,0.03361757666666666
Large_language_model,20260404,2287,0,0.0
Large_language_model,20260405,2492,0,0.0
Large_language_model,20260406,3331,1,0.0024083823958333333
Large_language_model,20260407,3610,0,0.0
Large_language_model,20260408,4027,0,0.0
Large_language_model,20260409,3664,0,0.0
Large_language_model,20260410,3493,0,0.0
Large_language_model,20260411,2749,0,0.0
Large_language_model,20260412,2952,5,0.0106717875
Large_language_model,20260413,3779,5,0.013661478645833332
Large_language_model,20260414,3706,2,0.005359030416666666
Large_language_model,20260415,3784,5,0.013679554166666665
Large_language_model,20260416,3735,1,0.0027004828124999997
Large_language_model,20260417,3618,1,0.002615889375
Large_language_model,20260418,2799,0,0.0
Large_language_model,20260419,3228,1,0.0023339112499999996
Large_language_model,20260420,4087,0,0.0
Large_language_model,20260421,3780,5,0.01366509375
Large_language_model,20260422,3656,4,0.010573456666666665
Large_language_model,20260423,3609,3,0.007828146562499999
Large_language_model,20260424,3417,2,0.004941124375
Large_language_model,20260425,2556,1,0.0018480412499999998
Large_language_model,20260426,2595,0,0.0
Large_language_model,20260427,3658,2,0.0052896204166666665
Large_language_model,20260428,3793,2,0.005484836041666666
Large_language_model,20260429,3814,0,0.0
Large_language_model,20260430,3530,0,0.0
Large_language_model,20260501,2919,0,0.0
Large_language_model,20260502,2512,0,0.0
Large_language_model,20260503,2505,6,0.010867003124999998
Large_language_model,20260504,3333,4,0.00963931375
Large_language_model,20260505,3457,1,0.002499483020833333
Large_language_model,20260506,3583,0,0.0
Large_language_model,20260507,3656,0,0.0
Large_language_model,20260508,3254,1,0.0023527097916666664
Large_language_model,20260509,2766,5,0.009999378124999998
Large_language_model,20260510,2629,1,0.0019008217708333334
Large_language_model,20260511,3384,3,0.007340107499999999
Large_language_model,20260512,3524,0,0.0
Large_language_model,20260513,3591,0,0.0
Large_language_model,20260514,3379,0,0.0
Large_language_model,20260515,3337,0,0.0
Large_language_model,20260516,2404,4,0.006952568333333333
Large_language_model,20260517,2661,0,0.0
Large_language_model,20260518,3525,0,0.0
Large_language_model,20260519,3700,0,0.0
Large_language_model,20260520,3709,0,0.0
Large_language_model,20260521,3673,1,0.0026556555208333333
Large_language_model,20260522,3444,0,0.0
Large_language_model,20260523,2671,0,0.0
Large_language_model,20260524,2658,0,0.0
Large_language_model,20260525,3262,0,0.0
Large_language_model,20260526,3538,0,0.0
Large_language_model,20260527,3654,0,0.0
Large_language_model,20260528,3640,1,0.002631795833333333
Large_language_model,20260529,3512,0,0.0
Large_language_model,20260530,2682,5,0.009695709375
Large_language_model,20260531,3127,0,0.0
Large_language_model,20260601,3862,2,0.005584612916666666
Large_language_model,20260602,3853,4,0.011143197083333334
Large_language_model,20260603,3569,4,0.010321845416666666
Large_language_model,20260604,3599,0,0.0
Large_language_model,20260605,3540,0,0.0
Large_language_model,20260606,2939,2,0.0042499164583333325
Large_language_model,20260607,2691,2,0.003891298125
Large_language_model,20260608,3650,0,0.0
Large_language_model,20260609,3822,0,0.0
Large_language_model,20260610,3940,4,0.011394808333333332
Large_language_model,20260611,3545,0,0.0
Large_language_model,20260612,3219,1,0.0023274040625
Large_language_model,20260613,3386,1,0.0024481485416666666
Large_language_model,20260614,2921,2,0.004223887708333333
Large_language_model,20260615,3660,0,0.0
Large_language_model,20260616,3777,0,0.0
Large_language_model,20260617,3594,0,0.0
Large_language_model,20260618,3609,0,0.0
Large_language_model,20260619,3242,0,0.0
Large_language_model,20260620,2568,2,0.0037134349999999997
Large_language_model,20260621,2605,1,0.0018834692708333332
Large_language_model,20260622,3547,0,0.0
Large_language_model,20260623,3496,4,0.010110723333333333
Large_language_model,20260624,3627,0,0.0
Large_language_model,20260625,3177,2,0.004594074375
Large_language_model,20260626,3065,0,0.0
Large_language_model,20260627,2502,0,0.0
Large_language_model,20260628,2670,0,0.0
Large_language_model,20260629,3204,0,0.0
Large_language_model,20260630,3264,0,0.0
Large_language_model,20260701,3125,0,0.0
Large_language_model,20260702,3018,0,0.0
Large_language_model,20260703,2917,0,0.0
Large_language_model,20260704,2327,0,0.0
Large_language_model,20260705,2417,3,0.0052426240625
Large_language_model,20260706,2999,2,0.004336678958333334
Large_language_model,20260707,3409,2,0.004929556041666666
Large_language_model,20260708,3142,0,0.0
Large_language_model,20260709,3386,0,0.0
Large_language_model,20260710,3042,0,0.0
Large_language_model,20260711,2541,1,0.0018371959375
Large_language_model,20260712,2304,1,0.00166584
Large_language_model,20260713,3039,1,0.0021972603125
Large_language_model,20260714,3341,4,0.009662450416666668
Large_language_model,20260715,3376,3,0.007322755
Large_language_model,20260716,3172,0,0.0
Large_language_model,20260717,2977,3,0.0064572990625
Large_language_model,20260718,2405,0,0.0
Large_language_model,20260719,2316,0,0.0
Large_language_model,20260720,3872,0,0.0
Large_language_model,20260721,3468,0,0.0
Large_language_model,20260722,3875,0,0.0
Large_language_model,20260723,3530,1,0.0025522635416666663
Large_language_model,20260724,3189,0,0.0
Large_language_model,20260725,2583,0,0.0
Large_language_model,20260726,2588,6,0.0112270675
Large_language_model,20260727,3436,2,0.004968599166666666
Large_language_model,20260728,3416,0,0.0
Large_language_model,20260729,3453,0,0.0
Large_language_model,20260730,3083,3,0.006687219687499999
Large_language_model,20260731,3104,0,0.0
Vector_database,20250801,336,0,0.0
Vector_database,20250802,201,0,0.0
Vector_database,20250803,191,0,0.0
Vector_database,20250804,422,3,0.000915344375
Vector_database,20250805,407,1,0.00029426947916666663
Vector_database,20250806,347,0,0.0
Vector_database,20250807,395,3,0.0008567796875
Vector_database,20250808,357,1,0.0002581184375
Vector_database,20250809,202,0,0.0
Vector_database,20250810,207,4,0.0005986612499999999
Vector_database,20250811,344,0,0.0
Vector_database,20250812,388,0,0.0
Vector_database,20250813,356,0,0.0
Vector_database,20250814,330,0,0.0
Vector_database,20250815,310,0,0.0
Vector_database,20250816,173,0,0.0
Vector_database,20250817,217,0,0.0
Vector_database,20250818,373,0,0.0
Vector_database,20250819,411,0,0.0
Vector_database,20250820,418,1,0.00030222270833333333
Vector_database,20250821,433,0,0.0
Vector_database,20250822,392,0,0.0
Vector_database,20250823,215,0,0.0
Vector_database,20250824,206,0,0.0
Vector_database,20250825,346,0,0.0
Vector_database,20250826,395,0,0.0
Vector_database,20250827,392,0,0.0
Vector_database,20250828,375,0,0.0
Vector_database,20250829,301,0,0.0
Vector_database,20250830,178,0,0.0
Vector_database,20250831,163,0,0.0
Vector_database,20250901,327,0,0.0
Vector_database,20250902,376,0,0.0
Vector_database,20250903,410,0,0.0
Vector_database,20250904,377,0,0.0
Vector_database,20250905,356,0,0.0
Vector_database,20250906,192,0,0.0
Vector_database,20250907,200,0,0.0
Vector_database,20250908,497,1,0.00035934135416666664
Vector_database,20250909,468,0,0.0
Vector_database,20250910,433,0,0.0
Vector_database,20250911,370,0,0.0
Vector_database,20250912,350,0,0.0
Vector_database,20250913,205,0,0.0
Vector_database,20250914,201,0,0.0
Vector_database,20250915,418,0,0.0
Vector_database,20250916,468,0,0.0
Vector_database,20250917,489,0,0.0
Vector_database,20250918,427,0,0.0
Vector_database,20250919,328,0,0.0
Vector_database,20250920,175,0,0.0
Vector_database,20250921,180,0,0.0
Vector_database,20250922,406,0,0.0
Vector_database,20250923,392,0,0.0
Vector_database,20250924,428,0,0.0
Vector_database,20250925,416,1,0.0003007766666666667
Vector_database,20250926,348,0,0.0
Vector_database,20250927,176,0,0.0
Vector_database,20250928,166,0,0.0
Vector_database,20250929,368,0,0.0
Vector_database,20250930,425,2,0.0006145677083333333
Vector_database,20251001,369,0,0.0
Vector_database,20251002,345,0,0.0
Vector_database,20251003,329,0,0.0
Vector_database,20251004,167,0,0.0
Vector_database,20251005,196,0,0.0
Vector_database,20251006,419,0,0.0
Vector_database,20251007,476,0,0.0
Vector_database,20251008,455,0,0.0
Vector_database,20251009,445,0,0.0
Vector_database,20251010,322,0,0.0
Vector_database,20251011,180,0,0.0
Vector_database,20251012,223,0,0.0
Vector_database,20251013,418,0,0.0
Vector_database,20251014,470,0,0.0
Vector_database,20251015,410,0,0.0
Vector_database,20251016,416,0,0.0
Vector_database,20251017,314,1,0.00022702854166666668
Vector_database,20251018,168,0,0.0
Vector_database,20251019,209,0,0.0
Vector_database,20251020,323,0,0.0
Vector_database,20251021,386,0,0.0
Vector_database,20251022,391,0,0.0
Vector_database,20251023,375,0,0.0
Vector_database,20251024,343,0,0.0
Vector_database,20251025,199,0,0.0
Vector_database,20251026,204,0,0.0
Vector_database,20251027,327,0,0.0
Vector_database,20251028,355,0,0.0
Vector_database,20251029,347,0,0.0
Vector_database,20251030,343,0,0.0
Vector_database,20251031,289,0,0.0
Vector_database,20251101,169,0,0.0
Vector_database,20251102,187,0,0.0
Vector_database,20251103,362,0,0.0
Vector_database,20251104,396,0,0.0
Vector_database,20251105,369,0,0.0
Vector_database,20251106,359,1,0.00025956447916666663
Vector_database,20251107,334,0,0.0
Vector_database,20251108,209,0,0.0
Vector_database,20251109,192,0,0.0
Vector_database,20251110,372,0,0.0
Vector_database,20251111,422,0,0.0
Vector_database,20251112,390,0,0.0
Vector_database,20251113,419,0,0.0
Vector_database,20251114,347,2,0.0005017764583333333
Vector_database,20251115,222,0,0.0
Vector_database,20251116,226,0,0.0
Vector_database,20251117,384,0,0.0
Vector_database,20251118,389,1,0.00028125510416666667
Vector_database,20251119,364,0,0.0
Vector_database,20251120,333,0,0.0
Vector_database,20251121,306,0,0.0
Vector_database,20251122,198,0,0.0
Vector_database,20251123,180,0,0.0
Vector_database,20251124,394,0,0.0
Vector_database,20251125,338,0,0.0
Vector_database,20251126,346,0,0.0
Vector_database,20251127,342,0,0.0
Vector_database,20251128,300,0,0.0
Vector_database,20251129,205,0,0.0
Vector_database,20251130,176,0,0.0
Vector_database,20251201,421,0,0.0
Vector_database,20251202,454,0,0.0
Vector_database,20251203,363,0,0.0
Vector_database,20251204,332,0,0.0
Vector_database,20251205,275,0,0.0
Vector_database,20251206,159,0,0.0
Vector_database,20251207,164,0,0.0
Vector_database,20251208,337,0,0.0
Vector_database,20251209,303,1,0.0002190753125
Vector_database,20251210,339,0,0.0
Vector_database,20251211,341,0,0.0
Vector_database,20251212,327,0,0.0
Vector_database,20251213,178,0,0.0
Vector_database,20251214,184,0,0.0
Vector_database,20251215,335,0,0.0
Vector_database,20251216,353,0,0.0
Vector_database,20251217,314,0,0.0
Vector_database,20251218,300,0,0.0
Vector_database,20251219,253,0,0.0
Vector_database,20251220,144,0,0.0
Vector_database,20251221,163,0,0.0
Vector_database,20251222,241,0,0.0
Vector_database,20251223,229,0,0.0
Vector_database,20251224,237,0,0.0
Vector_database,20251225,190,1,0.00013737395833333333
Vector_database,20251226,194,0,0.0
Vector_database,20251227,263,0,0.0
Vector_database,20251228,182,0,0.0
Vector_database,20251229,294,0,0.0
Vector_database,20251230,252,0,0.0
Vector_database,20251231,177,0,0.0
Vector_database,20260101,148,15,0.00160510625
Vector_database,20260102,209,0,0.0
Vector_database,20260103,152,0,0.0
Vector_database,20260104,147,0,0.0
Vector_database,20260105,295,0,0.0
Vector_database,20260106,343,0,0.0
Vector_database,20260107,302,0,0.0
Vector_database,20260108,340,0,0.0
Vector_database,20260109,276,0,0.0
Vector_database,20260110,144,0,0.0
Vector_database,20260111,156,0,0.0
Vector_database,20260112,324,0,0.0
Vector_database,20260113,302,0,0.0
Vector_database,20260114,354,0,0.0
Vector_database,20260115,321,0,0.0
Vector_database,20260116,306,0,0.0
Vector_database,20260117,161,0,0.0
Vector_database,20260118,202,0,0.0
Vector_database,20260119,301,0,0.0
Vector_database,20260120,300,0,0.0
Vector_database,20260121,372,0,0.0
Vector_database,20260122,335,0,0.0
Vector_database,20260123,319,0,0.0
Vector_database,20260124,134,0,0.0
Vector_database,20260125,185,0,0.0
Vector_database,20260126,303,0,0.0
Vector_database,20260127,319,0,0.0
Vector_database,20260128,344,0,0.0
Vector_database,20260129,388,0,0.0
Vector_database,20260130,284,0,0.0
Vector_database,20260131,196,0,0.0
Vector_database,20260201,183,0,0.0
Vector_database,20260202,395,0,0.0
Vector_database,20260203,339,0,0.0
Vector_database,20260204,378,0,0.0
Vector_database,20260205,395,0,0.0
Vector_database,20260206,321,0,0.0
Vector_database,20260207,185,0,0.0
Vector_database,20260208,222,0,0.0
Vector_database,20260209,346,0,0.0
Vector_database,20260210,369,2,0.0005335893749999999
Vector_database,20260211,427,1,0.00030872989583333334
Vector_database,20260212,406,0,0.0
Vector_database,20260213,395,0,0.0
Vector_database,20260214,213,0,0.0
Vector_database,20260215,345,0,0.0
Vector_database,20260216,371,0,0.0
Vector_database,20260217,362,0,0.0
Vector_database,20260218,425,0,0.0
Vector_database,20260219,368,0,0.0
Vector_database,20260220,345,0,0.0
Vector_database,20260221,204,0,0.0
Vector_database,20260222,215,0,0.0
Vector_database,20260223,385,2,0.0005567260416666667
Vector_database,20260224,423,0,0.0
Vector_database,20260225,381,0,0.0
Vector_database,20260226,314,0,0.0
Vector_database,20260227,280,0,0.0
Vector_database,20260228,212,0,0.0
Vector_database,20260301,228,0,0.0
Vector_database,20260302,335,0,0.0
Vector_database,20260303,430,0,0.0
Vector_database,20260304,362,0,0.0
Vector_database,20260305,415,0,0.0
Vector_database,20260306,317,0,0.0
Vector_database,20260307,244,0,0.0
Vector_database,20260308,187,0,0.0
Vector_database,20260309,396,0,0.0
Vector_database,20260310,357,0,0.0
Vector_database,20260311,432,0,0.0
Vector_database,20260312,459,0,0.0
Vector_database,20260313,316,0,0.0
Vector_database,20260314,212,0,0.0
Vector_database,20260315,244,0,0.0
Vector_database,20260316,409,0,0.0
Vector_database,20260317,400,0,0.0
Vector_database,20260318,411,0,0.0
Vector_database,20260319,371,0,0.0
Vector_database,20260320,304,0,0.0
Vector_database,20260321,182,0,0.0
Vector_database,20260322,236,0,0.0
Vector_database,20260323,388,0,0.0
Vector_database,20260324,350,0,0.0
Vector_database,20260325,338,0,0.0
Vector_database,20260326,382,0,0.0
Vector_database,20260327,327,0,0.0
Vector_database,20260328,189,0,0.0
Vector_database,20260329,213,0,0.0
Vector_database,20260330,332,0,0.0
Vector_database,20260331,358,0,0.0
Vector_database,20260401,317,0,0.0
Vector_database,20260402,299,0,0.0
Vector_database,20260403,243,0,0.0
Vector_database,20260404,150,0,0.0
Vector_database,20260405,175,1,0.0001265286458333333
Vector_database,20260406,246,0,0.0
Vector_database,20260407,332,0,0.0
Vector_database,20260408,291,0,0.0
Vector_database,20260409,306,0,0.0
Vector_database,20260410,288,2,0.00041646
Vector_database,20260411,152,0,0.0
Vector_database,20260412,182,0,0.0
Vector_database,20260413,297,0,0.0
Vector_database,20260414,321,0,0.0
Vector_database,20260415,325,0,0.0
Vector_database,20260416,346,0,0.0
Vector_database,20260417,298,0,0.0
Vector_database,20260418,186,0,0.0
Vector_database,20260419,202,0,0.0
Vector_database,20260420,330,0,0.0
Vector_database,20260421,347,0,0.0
Vector_database,20260422,338,0,0.0
Vector_database,20260423,377,0,0.0
Vector_database,20260424,310,0,0.0
Vector_database,20260425,226,0,0.0
Vector_database,20260426,237,0,0.0
Vector_database,20260427,436,0,0.0
Vector_database,20260428,422,0,0.0
Vector_database,20260429,481,0,0.0
Vector_database,20260430,378,0,0.0
Vector_database,20260501,289,0,0.0
Vector_database,20260502,218,0,0.0
Vector_database,20260503,199,0,0.0
Vector_database,20260504,340,0,0.0
Vector_database,20260505,378,2,0.00054660375
Vector_database,20260506,339,0,0.0
Vector_database,20260507,358,0,0.0
Vector_database,20260508,240,0,0.0
Vector_database,20260509,180,0,0.0
Vector_database,20260510,189,0,0.0
Vector_database,20260511,359,0,0.0
Vector_database,20260512,309,0,0.0
Vector_database,20260513,354,0,0.0
Vector_database,20260514,310,0,0.0
Vector_database,20260515,300,0,0.0
Vector_database,20260516,191,0,0.0
Vector_database,20260517,192,0,0.0
Vector_database,20260518,352,0,0.0
Vector_database,20260519,351,0,0.0
Vector_database,20260520,279,0,0.0
Vector_database,20260521,334,0,0.0
Vector_database,20260522,287,0,0.0
Vector_database,20260523,177,0,0.0
Vector_database,20260524,166,0,0.0
Vector_database,20260525,374,0,0.0
Vector_database,20260526,434,0,0.0
Vector_database,20260527,316,1,0.00022847458333333332
Vector_database,20260528,371,0,0.0
Vector_database,20260529,303,0,0.0
Vector_database,20260530,147,0,0.0
Vector_database,20260531,175,0,0.0
Vector_database,20260601,314,0,0.0
Vector_database,20260602,274,0,0.0
Vector_database,20260603,295,0,0.0
Vector_database,20260604,304,0,0.0
Vector_database,20260605,254,0,0.0
Vector_database,20260606,196,0,0.0
Vector_database,20260607,170,0,0.0
Vector_database,20260608,296,0,0.0
Vector_database,20260609,292,0,0.0
Vector_database,20260610,283,0,0.0
Vector_database,20260611,319,0,0.0
Vector_database,20260612,245,0,0.0
Vector_database,20260613,219,0,0.0
Vector_database,20260614,168,0,0.0
Vector_database,20260615,266,0,0.0
Vector_database,20260616,280,0,0.0
Vector_database,20260617,266,0,0.0
Vector_database,20260618,308,0,0.0
Vector_database,20260619,261,0,0.0
Vector_database,20260620,184,0,0.0
Vector_database,20260621,183,0,0.0
Vector_database,20260622,273,0,0.0
Vector_database,20260623,302,0,0.0
Vector_database,20260624,247,0,0.0
Vector_database,20260625,245,0,0.0
Vector_database,20260626,238,0,0.0
Vector_database,20260627,172,0,0.0
Vector_database,20260628,214,0,0.0
Vector_database,20260629,225,0,0.0
Vector_database,20260630,276,0,0.0
Vector_database,20260701,260,0,0.0
Vector_database,20260702,260,0,0.0
Vector_database,20260703,250,0,0.0
Vector_database,20260704,171,0,0.0
Vector_database,20260705,177,0,0.0
Vector_database,20260706,255,0,0.0
Vector_database,20260707,277,0,0.0
Vector_database,20260708,316,2,0.00045694916666666664
Vector_database,20260709,219,1,0.00015834156249999997
Vector_database,20260710,225,0,0.0
Vector_database,20260711,142,0,0.0
Vector_database,20260712,147,0,0.0
Vector_database,20260713,226,0,0.0
Vector_database,20260714,241,0,0.0
Vector_database,20260715,257,0,0.0
Vector_database,20260716,232,0,0.0
Vector_database,20260717,210,0,0.0
Vector_database,20260718,129,0,0.0
Vector_database,20260719,142,0,0.0
Vector_database,20260720,238,0,0.0
Vector_database,20260721,231,0,0.0
Vector_database,20260722,227,0,0.0
Vector_database,20260723,238,0,0.0
Vector_database,20260724,182,1,0.00013158979166666665
Vector_database,20260725,119,0,0.0
Vector_database,20260726,140,0,0.0
Vector_database,20260727,241,0,0.0
Vector_database,20260728,255,0,0.0
Vector_database,20260729,280,0,0.0
Vector_database,20260730,268,0,0.0
Vector_database,20260731,254,0,0.0
ChatGPT,20250801,131136,10,0.9481405999999999
ChatGPT,20250802,109468,0,0.0
ChatGPT,20250803,111995,2,0.16194943645833332
ChatGPT,20250804,136806,7,0.6923951168749999
ChatGPT,20250805,138594,4,0.4008253975
ChatGPT,20250806,140441,3,0.3046253065625
ChatGPT,20250807,141849,6,0.615358693125
ChatGPT,20250808,136620,3,0.29633731875
ChatGPT,20250809,128154,1,0.092658011875
ChatGPT,20250810,132856,0,0.0
ChatGPT,20250811,142763,3,0.3096618696875
ChatGPT,20250812,139723,0,0.0
ChatGPT,20250813,154267,5,0.5576912744791667
ChatGPT,20250814,174657,2,0.252561299375
ChatGPT,20250815,151646,7,0.7675025210416667
ChatGPT,20250816,114422,0,0.0
ChatGPT,20250817,112371,3,0.24373972218749998
ChatGPT,20250818,144317,1,0.10434419760416666
ChatGPT,20250819,148031,0,0.0
ChatGPT,20250820,149986,2,0.21688600541666667
ChatGPT,20250821,148731,1,0.1075356115625
ChatGPT,20250822,140232,3,0.3041719725
ChatGPT,20250823,113957,0,0.0
ChatGPT,20250824,113395,0,0.0
ChatGPT,20250825,146792,2,0.21226734833333333
ChatGPT,20250826,143067,1,0.1034404215625
ChatGPT,20250827,142260,4,0.411427775
ChatGPT,20250828,146704,2,0.21214009666666664
ChatGPT,20250829,126649,6,0.5494191931249999
ChatGPT,20250830,109654,3,0.23784637937499997
ChatGPT,20250831,99217,5,0.3586797901041666
ChatGPT,20250901,115691,6,0.501882019375
ChatGPT,20250902,143487,0,0.0
ChatGPT,20250903,156181,2,0.22584423354166666
ChatGPT,20250904,149790,8,0.8664103249999999
ChatGPT,20250905,142730,0,0.0
ChatGPT,20250906,113009,0,0.0
ChatGPT,20250907,121479,0,0.0
ChatGPT,20250908,163467,0,0.0
ChatGPT,20250909,165059,2,0.23868219145833333
ChatGPT,20250910,167410,0,0.0
ChatGPT,20250911,165103,0,0.0
ChatGPT,20250912,151939,1,0.10985506239583333
ChatGPT,20250913,122146,1,0.08831410270833333
ChatGPT,20250914,124082,0,0.0
ChatGPT,20250915,164326,0,0.0
ChatGPT,20250916,169258,0,0.0
ChatGPT,20250917,166567,8,0.9634512891666667
ChatGPT,20250918,164106,4,0.4746082275
ChatGPT,20250919,146916,2,0.2124466575
ChatGPT,20250920,113742,8,0.6579026849999999
ChatGPT,20250921,122197,0,0.0
ChatGPT,20250922,162964,1,0.11782636708333333
ChatGPT,20250923,162555,3,0.3525919546875
ChatGPT,20250924,163513,0,0.0
ChatGPT,20250925,157882,1,0.11415197520833333
ChatGPT,20250926,141633,2,0.204807219375
ChatGPT,20250927,104960,1,0.07588826666666666
ChatGPT,20250928,114449,4,0.3309960454166666
ChatGPT,20250929,148199,1,0.10715096447916665
ChatGPT,20250930,149530,8,0.8649064416666666
ChatGPT,20251001,145383,4,0.42045975124999996
ChatGPT,20251002,141571,2,0.20471756479166667
ChatGPT,20251003,136413,0,0.0
ChatGPT,20251004,106032,0,0.0
ChatGPT,20251005,116294,0,0.0
ChatGPT,20251006,152433,1,0.1102122346875
ChatGPT,20251007,150022,1,0.10846903145833332
ChatGPT,20251008,154703,1,0.11185349197916666
ChatGPT,20251009,149867,2,0.21671392645833332
ChatGPT,20251010,129962,0,0.0
ChatGPT,20251011,104437,0,0.0
ChatGPT,20251012,112663,2,0.16291539229166666
ChatGPT,20251013,144194,0,0.0
ChatGPT,20251014,154461,0,0.0
ChatGPT,20251015,152225,2,0.22012369270833332
ChatGPT,20251016,151856,0,0.0
ChatGPT,20251017,137287,0,0.0
ChatGPT,20251018,110304,1,0.07975209
ChatGPT,20251019,117198,1,0.084736595625
ChatGPT,20251020,154338,1,0.11158958937499999
ChatGPT,20251021,274968,3,0.5964227775
ChatGPT,20251022,211070,3,0.45782402187499993
ChatGPT,20251023,144135,0,0.0
ChatGPT,20251024,129772,0,0.0
ChatGPT,20251025,101553,3,0.2202748040625
ChatGPT,20251026,89392,3,0.193896835
ChatGPT,20251027,103883,1,0.07510957322916666
ChatGPT,20251028,105827,1,0.07651512572916667
ChatGPT,20251029,107460,0,0.0
ChatGPT,20251030,119528,0,0.0
ChatGPT,20251031,115204,0,0.0
ChatGPT,20251101,100425,0,0.0
ChatGPT,20251102,111573,1,0.08066960343749999
ChatGPT,20251103,145828,3,0.31631004625
ChatGPT,20251104,153518,1,0.11099671229166666
ChatGPT,20251105,141663,5,0.5121265015625
ChatGPT,20251106,136210,0,0.0
ChatGPT,20251107,124983,8,0.7229225024999999
ChatGPT,20251108,97634,3,0.21177424812499998
ChatGPT,20251109,101758,1,0.07357315395833333
ChatGPT,20251110,136381,0,0.0
ChatGPT,20251111,133585,0,0.0
ChatGPT,20251112,137463,0,0.0
ChatGPT,20251113,133885,4,0.3872065770833333
ChatGPT,20251114,124017,1,0.0896668746875
ChatGPT,20251115,92968,5,0.33608900416666665
ChatGPT,20251116,99099,0,0.0
ChatGPT,20251117,128993,4,0.3730585054166667
ChatGPT,20251118,306406,4,0.8861516858333334
ChatGPT,20251119,122391,4,0.35396497125
ChatGPT,20251120,125935,2,0.18210725729166666
ChatGPT,20251121,108462,1,0.07842028562499999
ChatGPT,20251122,86468,1,0.06251816541666666
ChatGPT,20251123,90991,0,0.0
ChatGPT,20251124,116229,4,0.33614395374999995
ChatGPT,20251125,112102,1,0.08105208145833333
ChatGPT,20251126,105938,1,0.07659538104166666
ChatGPT,20251127,95242,1,0.06886195020833334
ChatGPT,20251128,89907,2,0.130009268125
ChatGPT,20251129,84755,1,0.06127963072916666
ChatGPT,20251130,94676,1,0.06845272041666667
ChatGPT,20251201,122330,1,0.08844713854166666
ChatGPT,20251202,129262,1,0.09345911895833332
ChatGPT,20251203,118772,1,0.08587463041666667
ChatGPT,20251204,117282,3,0.25439198812499997
ChatGPT,20251205,111077,0,0.0
ChatGPT,20251206,86691,0,0.0
ChatGPT,20251207,91698,10,0.66299564375
ChatGPT,20251208,117994,2,0.17062424041666666
ChatGPT,20251209,125626,3,0.27249064562499997
ChatGPT,20251210,123623,2,0.17876400895833333
ChatGPT,20251211,124678,6,0.5408687487499999
ChatGPT,20251212,115750,2,0.16737932291666668
ChatGPT,20251213,89149,0,0.0
ChatGPT,20251214,89686,0,0.0
ChatGPT,20251215,113364,5,0.40982266875
ChatGPT,20251216,112683,1,0.0814721565625
ChatGPT,20251217,106755,5,0.3859304453125
ChatGPT,20251218,108493,2,0.15688539854166667
ChatGPT,20251219,115678,1,0.08363760395833333
ChatGPT,20251220,96162,0,0.0
ChatGPT,20251221,86382,15,0.9368397843749999
ChatGPT,20251222,93079,15,1.0094708421875
ChatGPT,20251223,90693,2,0.131145856875
ChatGPT,20251224,80746,2,0.11676208041666665
ChatGPT,20251225,81098,4,0.23454217416666664
ChatGPT,20251226,80692,25,1.4585499270833333
ChatGPT,20251227,82334,0,0.0
ChatGPT,20251228,81021,2,0.117159741875
ChatGPT,20251229,91005,0,0.0
ChatGPT,20251230,88389,0,0.0
ChatGPT,20251231,83270,0,0.0
ChatGPT,20260101,80172,3,0.17389807875
ChatGPT,20260102,89259,1,0.0645361165625
ChatGPT,20260103,87304,2,0.12624522166666666
ChatGPT,20260104,90729,20,1.3119791437500001
ChatGPT,20260105,102236,1,0.07391875791666666
ChatGPT,20260106,107323,1,0.07759676489583334
ChatGPT,20260107,113147,0,0.0
ChatGPT,20260108,109351,0,0.0
ChatGPT,20260109,105488,2,0.15254004333333332
ChatGPT,20260110,85708,0,0.0
ChatGPT,20260111,86599,2,0.12522576229166668
ChatGPT,20260112,109547,5,0.3960238161458333
ChatGPT,20260113,112837,4,0.3263340070833333
ChatGPT,20260114,112469,2,0.16263486020833332
ChatGPT,20260115,111877,2,0.16177880354166668
ChatGPT,20260116,105356,0,0.0
ChatGPT,20260117,83983,0,0.0
ChatGPT,20260118,86696,0,0.0
ChatGPT,20260119,101861,1,0.07364762510416667
ChatGPT,20260120,111061,2,0.16059883354166665
ChatGPT,20260121,114082,2,0.16496732541666664
ChatGPT,20260122,114534,0,0.0
ChatGPT,20260123,108614,1,0.07853018479166665
ChatGPT,20260124,87724,0,0.0
ChatGPT,20260125,86857,0,0.0
ChatGPT,20260126,110043,0,0.0
ChatGPT,20260127,110374,0,0.0
ChatGPT,20260128,118978,0,0.0
ChatGPT,20260129,118003,8,0.6825490191666667
ChatGPT,20260130,109799,3,0.2381608934375
ChatGPT,20260131,91408,0,0.0
ChatGPT,20260201,94706,0,0.0
ChatGPT,20260202,131354,3,0.284915035625
ChatGPT,20260203,187566,11,1.491755381875
ChatGPT,20260204,166720,3,0.36162609999999995
ChatGPT,20260205,128195,11,1.019564213020833
ChatGPT,20260206,74945,0,0.0
ChatGPT,20260207,60917,1,0.04404426010416666
ChatGPT,20260208,61601,3,0.1336164190625
ChatGPT,20260209,75626,2,0.10935834708333332
ChatGPT,20260210,75970,0,0.0
ChatGPT,20260211,90778,1,0.06563438520833333
ChatGPT,20260212,87023,0,0.0
ChatGPT,20260213,71931,7,0.3640532809375
ChatGPT,20260214,62538,2,0.09043255374999999
ChatGPT,20260215,60326,4,0.17446781916666668
ChatGPT,20260216,80811,4,0.23371214624999997
ChatGPT,20260217,97869,0,0.0
ChatGPT,20260218,96435,9,0.6275206265625
ChatGPT,20260219,74420,1,0.05380721041666667
ChatGPT,20260220,76133,0,0.0
ChatGPT,20260221,63521,3,0.13778101906249998
ChatGPT,20260222,71616,1,0.05177986
ChatGPT,20260223,92588,3,0.20082915875
ChatGPT,20260224,91669,4,0.2651143870833333
ChatGPT,20260225,74579,8,0.4313773658333333
ChatGPT,20260226,77341,1,0.055919154270833334
ChatGPT,20260227,71648,1,0.05180299666666666
ChatGPT,20260228,56422,0,0.0
ChatGPT,20260301,61668,4,0.17834899499999998
ChatGPT,20260302,80377,2,0.11622849104166666
ChatGPT,20260303,75899,5,0.2743827911458333
ChatGPT,20260304,86991,2,0.125792610625
ChatGPT,20260305,66594,23,1.107423535625
ChatGPT,20260306,66557,4,0.19248839041666665
ChatGPT,20260307,54156,1,0.03915591624999999
ChatGPT,20260308,57030,4,0.1649355125
ChatGPT,20260309,70161,0,0.0
ChatGPT,20260310,78275,0,0.0
ChatGPT,20260311,80309,0,0.0
ChatGPT,20260312,75576,1,0.05464302249999999
ChatGPT,20260313,63947,0,0.0
ChatGPT,20260314,54510,0,0.0
ChatGPT,20260315,56298,10,0.40704626875
ChatGPT,20260316,90064,18,1.17212667
ChatGPT,20260317,112580,2,0.1627953708333333
ChatGPT,20260318,104598,1,0.075626533125
ChatGPT,20260319,101777,0,0.0
ChatGPT,20260320,93534,0,0.0
ChatGPT,20260321,78365,0,0.0
ChatGPT,20260322,82911,2,0.119892760625
ChatGPT,20260323,105330,2,0.15231156875
ChatGPT,20260324,73343,0,0.0
ChatGPT,20260325,72801,0,0.0
ChatGPT,20260326,67028,2,0.09692528083333332
ChatGPT,20260327,67244,0,0.0
ChatGPT,20260328,48618,2,0.07030365375
ChatGPT,20260329,51638,0,0.0
ChatGPT,20260330,69755,2,0.10086863645833333
ChatGPT,20260331,66944,0,0.0
ChatGPT,20260401,68222,4,0.19730370916666665
ChatGPT,20260402,59649,0,0.0
ChatGPT,20260403,49557,1,0.03583074343749999
ChatGPT,20260404,51037,0,0.0
ChatGPT,20260405,48285,0,0.0
ChatGPT,20260406,62107,5,0.22452327447916665
ChatGPT,20260407,61916,4,0.17906623166666666
ChatGPT,20260408,55739,7,0.28210320760416663
ChatGPT,20260409,60907,1,0.04403702989583333
ChatGPT,20260410,50948,0,0.0
ChatGPT,20260411,45783,0,0.0
ChatGPT,20260412,43331,4,0.12531686291666666
ChatGPT,20260413,73636,0,0.0
ChatGPT,20260414,65658,5,0.237360509375
ChatGPT,20260415,52290,8,0.302454075
ChatGPT,20260416,62097,4,0.17958969875
ChatGPT,20260417,84687,9,0.5510741878125001
ChatGPT,20260418,78876,14,0.7984058775
ChatGPT,20260419,82360,5,0.2977399791666666
ChatGPT,20260420,115942,2,0.16765696291666665
ChatGPT,20260421,106511,3,0.23102901593749997
ChatGPT,20260422,107642,10,0.7782740854166666
ChatGPT,20260423,106898,14,1.0820527345833333
ChatGPT,20260424,96132,0,0.0
ChatGPT,20260425,78357,1,0.056653743437499994
ChatGPT,20260426,82985,0,0.0
ChatGPT,20260427,114814,3,0.24903874187499997
ChatGPT,20260428,116519,3,0.2527369934375
ChatGPT,20260429,111475,0,0.0
ChatGPT,20260430,70910,2,0.10253881458333333
ChatGPT,20260501,36110,1,0.026108282291666663
ChatGPT,20260502,39501,0,0.0
ChatGPT,20260503,34364,0,0.0
ChatGPT,20260504,45375,7,0.22964949218749997
ChatGPT,20260505,47472,10,0.34323244999999997
ChatGPT,20260506,56897,3,0.12341314906249999
ChatGPT,20260507,50627,0,0.0
ChatGPT,20260508,42896,1,0.031014701666666665
ChatGPT,20260509,34222,2,0.04948643791666666
ChatGPT,20260510,33844,0,0.0
ChatGPT,20260511,46136,2,0.06671457833333333
ChatGPT,20260512,44818,3,0.097213043125
ChatGPT,20260513,50317,2,0.07276047854166666
ChatGPT,20260514,49345,5,0.17838731510416667
ChatGPT,20260515,86702,0,0.0
ChatGPT,20260516,81186,0,0.0
ChatGPT,20260517,81285,2,0.11754149687499998
ChatGPT,20260518,108988,2,0.15760118916666666
ChatGPT,20260519,111197,0,0.0
ChatGPT,20260520,118278,0,0.0
ChatGPT,20260521,109059,1,0.07885192906249999
ChatGPT,20260522,97195,0,0.0
ChatGPT,20260523,88367,0,0.0
ChatGPT,20260524,82098,0,0.0
ChatGPT,20260525,104877,0,0.0
ChatGPT,20260526,111540,1,0.08064574375
ChatGPT,20260527,104415,1,0.0754942203125
ChatGPT,20260528,108982,2,0.15759251291666668
ChatGPT,20260529,106595,0,0.0
ChatGPT,20260530,84054,3,0.18231837937499998
ChatGPT,20260531,81310,1,0.058788823958333326
ChatGPT,20260601,93308,0,0.0
ChatGPT,20260602,62562,1,0.045233629374999994
ChatGPT,20260603,64882,3,0.14073311312499998
ChatGPT,20260604,62003,2,0.08965892145833333
ChatGPT,20260605,64842,8,0.375056935
ChatGPT,20260606,82239,2,0.118921020625
ChatGPT,20260607,82585,0,0.0
ChatGPT,20260608,105017,2,0.15185895770833333
ChatGPT,20260609,105341,1,0.07616373760416666
ChatGPT,20260610,103457,0,0.0
ChatGPT,20260611,96270,4,0.27842086250000003
ChatGPT,20260612,92931,1,0.0671910490625
ChatGPT,20260613,93140,8,0.5387372833333333
ChatGPT,20260614,88229,2,0.12758281020833334
ChatGPT,20260615,111321,1,0.08048740218749999
ChatGPT,20260616,108634,2,0.15708929041666667
ChatGPT,20260617,111784,0,0.0
ChatGPT,20260618,102675,0,0.0
ChatGPT,20260619,91902,0,0.0
ChatGPT,20260620,82499,3,0.1789454871875
ChatGPT,20260621,87159,0,0.0
ChatGPT,20260622,105420,0,0.0
ChatGPT,20260623,106552,0,0.0
ChatGPT,20260624,102817,0,0.0
ChatGPT,20260625,101215,0,0.0
ChatGPT,20260626,87170,1,0.06302572604166666
ChatGPT,20260627,76141,3,0.16515458781249998
ChatGPT,20260628,73701,1,0.053287358437499995
ChatGPT,20260629,86835,0,0.0
ChatGPT,20260630,92196,0,0.0
ChatGPT,20260701,89185,1,0.06448261302083333
ChatGPT,20260702,87461,0,0.0
ChatGPT,20260703,79145,0,0.0
ChatGPT,20260704,66018,0,0.0
ChatGPT,20260705,70789,0,0.0
ChatGPT,20260706,92810,1,0.06710356354166666
ChatGPT,20260707,102000,0,0.0
ChatGPT,20260708,96608,0,0.0
ChatGPT,20260709,98606,1,0.07129419229166667
ChatGPT,20260710,92518,5,0.33446220729166665
ChatGPT,20260711,82300,5,0.2975230729166667
ChatGPT,20260712,85017,4,0.24587624875
ChatGPT,20260713,102876,0,0.0
ChatGPT,20260714,113211,0,0.0
ChatGPT,20260715,115167,0,0.0
ChatGPT,20260716,63442,1,0.04586988770833333
ChatGPT,20260717,38299,1,0.02769097489583333
ChatGPT,20260718,30185,1,0.021824383854166667
ChatGPT,20260719,30996,0,0.0
ChatGPT,20260720,34352,0,0.0
ChatGPT,20260721,138825,1,0.10037336718749999
ChatGPT,20260722,153090,0,0.0
ChatGPT,20260723,196704,2,0.28444218
ChatGPT,20260724,142618,1,0.10311578520833334
ChatGPT,20260725,111796,4,0.3233233483333333
ChatGPT,20260726,65299,2,0.09442507479166666
ChatGPT,20260727,108699,2,0.157183283125
ChatGPT,20260728,101360,2,0.14657078333333332
ChatGPT,20260729,93019,0,0.0
ChatGPT,20260730,87947,2,0.1271750264583333
ChatGPT,20260731,69899,0,0.0
Qdrant,20250802,0,0,0.0
Qdrant,20250803,0,0,0.0
Qdrant,20250805,3,0,0.0
Qdrant,20250807,1,0,0.0
Qdrant,20250810,1,0,0.0
Qdrant,20250812,0,0,0.0
Qdrant,20250815,0,0,0.0
Qdrant,20250816,1,0,0.0
Qdrant,20250817,0,0,0.0
Qdrant,20250818,0,0,0.0
Qdrant,20250825,1,0,0.0
Qdrant,20250827,1,0,0.0
Qdrant,20250828,2,0,0.0
Qdrant,20250829,2,0,0.0
Qdrant,20250902,2,0,0.0
Qdrant,20250904,1,0,0.0
Qdrant,20250905,2,0,0.0
Qdrant,20250906,1,0,0.0
Qdrant,20250907,2,0,0.0
Qdrant,20250908,0,0,0.0
Qdrant,20250909,1,0,0.0
Qdrant,20250910,1,0,0.0
Qdrant,20250911,1,0,0.0
Qdrant,20250912,1,0,0.0
Qdrant,20250914,0,0,0.0
Qdrant,20250915,1,0,0.0
Qdrant,20250916,1,0,0.0
Qdrant,20250917,3,0,0.0
Qdrant,20250918,2,0,0.0
Qdrant,20250920,3,0,0.0
Qdrant,20250921,2,0,0.0
Qdrant,20250923,1,0,0.0
Qdrant,20250924,1,0,0.0
Qdrant,20250925,0,0,0.0
Qdrant,20250926,2,0,0.0
Qdrant,20250929,3,0,0.0
Qdrant,20250930,1,0,0.0
Qdrant,20251001,2,0,0.0
Qdrant,20251002,3,0,0.0
Qdrant,20251004,0,0,0.0
Qdrant,20251005,1,0,0.0
Qdrant,20251007,2,0,0.0
Qdrant,20251008,1,0,0.0
Qdrant,20251009,6,0,0.0
Qdrant,20251010,5,0,0.0
Qdrant,20251012,2,0,0.0
Qdrant,20251013,9,0,0.0
Qdrant,20251014,5,0,0.0
Qdrant,20251015,1,0,0.0
Qdrant,20251018,1,0,0.0
Qdrant,20251021,0,0,0.0
Qdrant,20251023,2,0,0.0
Qdrant,20251024,1,0,0.0
Qdrant,20251025,1,0,0.0
Qdrant,20251027,0,0,0.0
Qdrant,20251028,1,0,0.0
Qdrant,20251029,2,0,0.0
Qdrant,20251030,1,0,0.0
Qdrant,20251031,2,0,0.0
Qdrant,20251103,0,0,0.0
Qdrant,20251105,0,0,0.0
Qdrant,20251106,0,0,0.0
Qdrant,20251107,1,0,0.0
Qdrant,20251108,1,0,0.0
Qdrant,20251110,0,0,0.0
Qdrant,20251111,1,0,0.0
Qdrant,20251112,0,0,0.0
Qdrant,20251113,0,0,0.0
Qdrant,20251114,1,0,0.0
Qdrant,20251115,0,0,0.0
Qdrant,20251117,3,0,0.0
Qdrant,20251118,1,0,0.0
Qdrant,20251119,1,0,0.0
Qdrant,20251120,1,0,0.0
Qdrant,20251121,1,0,0.0
Qdrant,20251124,2,0,0.0
Qdrant,20251128,1,0,0.0
Qdrant,20251129,1,0,0.0
Qdrant,20251201,1,0,0.0
Qdrant,20251202,1,0,0.0
Qdrant,20251203,2,0,0.0
Qdrant,20251204,1,0,0.0
Qdrant,20251205,2,0,0.0
Qdrant,20251206,0,0,0.0
Qdrant,20251207,0,0,0.0
Qdrant,20251208,0,0,0.0
Qdrant,20251209,2,0,0.0
Qdrant,20251211,0,0,0.0
Qdrant,20251212,0,0,0.0
Qdrant,20251215,3,0,0.0
Qdrant,20251217,0,0,0.0
Qdrant,20251221,1,0,0.0
Qdrant,20251222,0,0,0.0
Qdrant,20251223,1,0,0.0
Qdrant,20251224,0,0,0.0
Qdrant,20251226,1,0,0.0
Qdrant,20251228,0,0,0.0
Qdrant,20251229,1,0,0.0
Qdrant,20251230,0,0,0.0
Qdrant,20251231,0,0,0.0
Qdrant,20260101,1,0,0.0
Qdrant,20260102,2,0,0.0
Qdrant,20260103,0,0,0.0
Qdrant,20260104,2,0,0.0
Qdrant,20260107,1,0,0.0
Qdrant,20260109,0,0,0.0
Qdrant,20260112,2,0,0.0
Qdrant,20260113,0,0,0.0
Qdrant,20260114,3,0,0.0
Qdrant,20260115,0,0,0.0
Qdrant,20260116,1,0,0.0
Qdrant,20260117,0,0,0.0
Qdrant,20260118,0,0,0.0
Qdrant,20260119,1,0,0.0
Qdrant,20260120,2,0,0.0
Qdrant,20260122,2,0,0.0
Qdrant,20260123,2,0,0.0
Qdrant,20260125,0,0,0.0
Qdrant,20260126,2,0,0.0
Qdrant,20260127,2,0,0.0
Qdrant,20260128,1,0,0.0
Qdrant,20260129,1,0,0.0
Qdrant,20260130,1,0,0.0
Qdrant,20260131,0,0,0.0
Qdrant,20260201,0,0,0.0
Qdrant,20260202,1,0,0.0
Qdrant,20260203,2,0,0.0
Qdrant,20260205,2,0,0.0
Qdrant,20260206,1,0,0.0
Qdrant,20260207,0,0,0.0
Qdrant,20260208,0,0,0.0
Qdrant,20260211,0,0,0.0
Qdrant,20260212,0,0,0.0
Qdrant,20260213,0,0,0.0
Qdrant,20260214,0,0,0.0
Qdrant,20260215,1,0,0.0
Qdrant,20260217,2,0,0.0
Qdrant,20260218,2,0,0.0
Qdrant,20260219,1,0,0.0
Qdrant,20260220,1,0,0.0
Qdrant,20260221,3,0,0.0
Qdrant,20260222,1,0,0.0
Qdrant,20260223,2,0,0.0
Qdrant,20260224,0,0,0.0
Qdrant,20260225,3,0,0.0
Qdrant,20260226,0,0,0.0
Qdrant,20260228,1,0,0.0
Qdrant,20260302,0,0,0.0
Qdrant,20260303,1,0,0.0
Qdrant,20260304,2,0,0.0
Qdrant,20260305,1,0,0.0
Qdrant,20260306,1,0,0.0
Qdrant,20260308,1,0,0.0
Qdrant,20260309,1,0,0.0
Qdrant,20260310,6,0,0.0
Qdrant,20260311,19,0,0.0
Qdrant,20260312,7,0,0.0
Qdrant,20260313,1,0,0.0
Qdrant,20260315,0,0,0.0
Qdrant,20260316,1,0,0.0
Qdrant,20260317,1,0,0.0
Qdrant,20260318,0,0,0.0
Qdrant,20260319,2,0,0.0
Qdrant,20260320,3,0,0.0
Qdrant,20260322,2,0,0.0
Qdrant,20260323,2,0,0.0
Qdrant,20260324,6,0,0.0
Qdrant,20260325,1,0,0.0
Qdrant,20260326,1,0,0.0
Qdrant,20260328,1,0,0.0
Qdrant,20260329,1,0,0.0
Qdrant,20260330,4,0,0.0
Qdrant,20260331,1,0,0.0
Qdrant,20260401,2,0,0.0
Qdrant,20260402,5,0,0.0
Qdrant,20260403,1,0,0.0
Qdrant,20260404,1,0,0.0
Qdrant,20260405,0,0,0.0
Qdrant,20260406,1,0,0.0
Qdrant,20260407,1,0,0.0
Qdrant,20260408,0,0,0.0
Qdrant,20260409,2,0,0.0
Qdrant,20260410,0,0,0.0
Qdrant,20260411,2,0,0.0
Qdrant,20260412,8,0,0.0
Qdrant,20260413,1,0,0.0
Qdrant,20260414,3,0,0.0
Qdrant,20260415,1,0,0.0
Qdrant,20260416,1,0,0.0
Qdrant,20260417,2,0,0.0
Qdrant,20260418,0,0,0.0
Qdrant,20260419,0,0,0.0
Qdrant,20260421,0,0,0.0
Qdrant,20260422,2,0,0.0
Qdrant,20260423,7,0,0.0
Qdrant,20260424,1,0,0.0
Qdrant,20260425,1,0,0.0
Qdrant,20260427,1,0,0.0
Qdrant,20260428,2,0,0.0
Qdrant,20260429,1,0,0.0
Qdrant,20260430,5,0,0.0
Qdrant,20260501,0,0,0.0
Qdrant,20260502,0,0,0.0
Qdrant,20260503,1,0,0.0
Qdrant,20260504,1,0,0.0
Qdrant,20260505,1,0,0.0
Qdrant,20260506,2,0,0.0
Qdrant,20260507,1,0,0.0
Qdrant,20260508,2,0,0.0
Qdrant,20260509,0,0,0.0
Qdrant,20260510,0,0,0.0
Qdrant,20260512,5,0,0.0
Qdrant,20260513,4,0,0.0
Qdrant,20260514,3,0,0.0
Qdrant,20260515,0,0,0.0
Qdrant,20260516,0,0,0.0
Qdrant,20260517,0,0,0.0
Qdrant,20260518,0,0,0.0
Qdrant,20260519,0,0,0.0
Qdrant,20260520,1,0,0.0
Qdrant,20260521,2,0,0.0
Qdrant,20260522,3,0,0.0
Qdrant,20260523,0,0,0.0
Qdrant,20260524,1,0,0.0
Qdrant,20260525,0,0,0.0
Qdrant,20260526,0,0,0.0
Qdrant,20260527,7,0,0.0
Qdrant,20260528,0,0,0.0
Qdrant,20260529,2,0,0.0
Qdrant,20260531,3,0,0.0
Qdrant,20260601,2,0,0.0
Qdrant,20260602,4,0,0.0
Qdrant,20260603,4,0,0.0
Qdrant,20260604,5,0,0.0
Qdrant,20260605,2,0,0.0
Qdrant,20260606,1,0,0.0
Qdrant,20260607,3,0,0.0
Qdrant,20260608,1,0,0.0
Qdrant,20260609,7,0,0.0
Qdrant,20260610,0,0,0.0
Qdrant,20260611,2,0,0.0
Qdrant,20260612,6,0,0.0
Qdrant,20260613,2,0,0.0
Qdrant,20260614,1,0,0.0
Qdrant,20260615,2,0,0.0
Qdrant,20260616,2,0,0.0
Qdrant,20260617,3,0,0.0
Qdrant,20260618,2,0,0.0
Qdrant,20260619,1,0,0.0
Qdrant,20260620,1,0,0.0
Qdrant,20260621,0,0,0.0
Qdrant,20260622,2,0,0.0
Qdrant,20260623,5,0,0.0
Qdrant,20260624,4,0,0.0
Qdrant,20260625,2,0,0.0
Qdrant,20260626,2,0,0.0
Qdrant,20260627,1,0,0.0
Qdrant,20260628,0,0,0.0
Qdrant,20260629,1,0,0.0
Qdrant,20260630,2,0,0.0
Qdrant,20260701,0,0,0.0
Qdrant,20260702,1,0,0.0
Qdrant,20260703,1,0,0.0
Qdrant,20260704,0,0,0.0
Qdrant,20260705,2,0,0.0
Qdrant,20260706,5,0,0.0
Qdrant,20260707,0,0,0.0
Qdrant,20260708,10,0,0.0
Qdrant,20260709,2,0,0.0
Qdrant,20260710,2,0,0.0
Qdrant,20260711,2,0,0.0
Qdrant,20260712,3,0,0.0
Qdrant,20260713,0,0,0.0
Qdrant,20260714,0,0,0.0
Qdrant,20260715,1,0,0.0
Qdrant,20260716,2,0,0.0
Qdrant,20260717,3,0,0.0
Qdrant,20260718,1,0,0.0
Qdrant,20260719,2,0,0.0
Qdrant,20260720,3,0,0.0
Qdrant,20260721,2,0,0.0
Qdrant,20260722,0,0,0.0
Qdrant,20260723,1,0,0.0
Qdrant,20260724,1,0,0.0
Qdrant,20260725,2,0,0.0
Qdrant,20260726,0,0,0.0
Qdrant,20260727,1,0,0.0
Qdrant,20260728,2,0,0.0
Qdrant,20260729,4,0,0.0
Qdrant,20260730,2,0,0.0
Qdrant,20260731,5,0,0.0
