clip_id,c1,c2,event_class,source_split,better_view,worse_view,better_area,worse_area,area_ratio,stratum,service_group,cot_better_text_bytes,cot_both_text_bytes,cot_worse_pred,cot_worse_correct,cot_better_pred,cot_better_correct,cot_both_mean_pred,cot_both_mean_correct,cot_both_max_pred,cot_both_max_correct,qwen25_vl_7b_better_view_only_correct,qwen25_vl_7b_better_view_only_pred,qwen25_vl_7b_both_view_correct,qwen25_vl_7b_both_view_pred,qwen25_vl_7b_closed_book_correct,qwen25_vl_7b_closed_book_pred,qwen25_vl_7b_worse_view_only_correct,qwen25_vl_7b_worse_view_only_pred,qwen2_vl_7b_better_view_only_correct,qwen2_vl_7b_better_view_only_pred,qwen2_vl_7b_both_view_correct,qwen2_vl_7b_both_view_pred,qwen2_vl_7b_closed_book_correct,qwen2_vl_7b_closed_book_pred,qwen2_vl_7b_worse_view_only_correct,qwen2_vl_7b_worse_view_only_pred,idefics2_8b_better_view_only_correct,idefics2_8b_better_view_only_pred,idefics2_8b_both_view_correct,idefics2_8b_both_view_pred,idefics2_8b_closed_book_correct,idefics2_8b_closed_book_pred,idefics2_8b_worse_view_only_correct,idefics2_8b_worse_view_only_pred,internvl3_8b_better_view_only_correct,internvl3_8b_better_view_only_pred,internvl3_8b_both_view_correct,internvl3_8b_both_view_pred,internvl3_8b_closed_book_correct,internvl3_8b_closed_book_pred,internvl3_8b_worse_view_only_correct,internvl3_8b_worse_view_only_pred,cot_1view_bytes,cot_2view_bytes,visual_1view_bytes,visual_2view_bytes
aihub_multi_angle_cctv:Training:bl_e0122,50916.0,15146.0,경계선을 통한 침입,Training,c1,c2,50916.0,15146.0,3.361679651393107,asymmetric,temporal_relation,182,374,특정 인물을 뒤따라가며 배회,0,오토바이 인도 주행,0,특정 인물을 뒤따라가며 배회,0,특정 인물을 뒤따라가며 배회,0,0,전동킥보드 인도 주행,0,전동킥보드 인도 주행,0,전동킥보드 인도 주행,0,전동킥보드 인도 주행,0,특정 인물을 뒤따라가며 배회,0,비정상적인 경로로의 침범,0,비정상적인 경로로의 침범,0,비정상적인 경로로의 침범,0,오토바이 인도 주행,0,오토바이 인도 주행,0,오토바이 인도 주행,0,오토바이 인도 주행,0,신체적 충돌을 동반한 싸움,0,전동킥보드 인도 주행,0,오토바이 인도 주행,0,전동킥보드 인도 주행,4278,8566,138826,302797
aihub_multi_angle_cctv:Validation:bl_e0273,72518.0,23338.333333333332,경계선을 통한 침입,Validation,c1,c2,72518.0,23338.333333333332,3.1072484467614085,asymmetric,temporal_relation,228,463,경계선을 통한 침입,1,경계선을 통한 침입,1,경계선을 통한 침입,1,경계선을 통한 침입,1,0,전동킥보드 인도 주행,0,전동킥보드 인도 주행,0,전동킥보드 인도 주행,0,전동킥보드 인도 주행,0,비정상적인 경로로의 침범,1,경계선을 통한 침입,0,비정상적인 경로로의 침범,0,비정상적인 경로로의 침범,0,비정상적인 경로로의 침범,0,비정상적인 경로로의 침범,0,오토바이 인도 주행,0,비정상적인 경로로의 침범,0,신체적 충돌을 동반한 싸움,0,신체적 충돌을 동반한 싸움,0,오토바이 인도 주행,0,신체적 충돌을 동반한 싸움,4324,8655,198944,367475
aihub_multi_angle_cctv:Training:ab_e0491,52437.666666666664,10744.333333333334,비정상적인 경로로의 침범,Training,c1,c2,52437.666666666664,10744.333333333334,4.880495144727453,asymmetric,temporal_relation,191,407,특정 인물을 뒤따라가며 배회,0,특정 인물을 뒤따라가며 배회,0,특정 인물을 뒤따라가며 배회,0,특정 인물을 뒤따라가며 배회,0,0,전동킥보드 인도 주행,0,전동킥보드 인도 주행,0,전동킥보드 인도 주행,0,전동킥보드 인도 주행,1,비정상적인 경로로의 침범,1,비정상적인 경로로의 침범,1,비정상적인 경로로의 침범,0,경계선을 통한 침입,0,오토바이 인도 주행,0,오토바이 인도 주행,0,오토바이 인도 주행,0,오토바이 인도 주행,0,경계선을 통한 침입,0,경계선을 통한 침입,0,오토바이 인도 주행,0,전동킥보드 앞뒤 2인 탑승,4287,8599,172293,359032
aihub_multi_angle_cctv:Validation:ab_e0391,35538.333333333336,15650.666666666666,비정상적인 경로로의 침범,Validation,c1,c2,35538.333333333336,15650.666666666666,2.270723291872551,asymmetric,temporal_relation,207,400,특정 인물을 뒤따라가며 배회,0,특정 인물을 뒤따라가며 배회,0,특정 인물을 뒤따라가며 배회,0,특정 인물을 뒤따라가며 배회,0,0,전동킥보드 인도 주행,0,전동킥보드 인도 주행,0,전동킥보드 인도 주행,0,경계선을 통한 침입,1,비정상적인 경로로의 침범,1,비정상적인 경로로의 침범,1,비정상적인 경로로의 침범,0,특정 구역 내 지속 배회,0,이륜 이동수단 운전자 1인 헬멧 미착용,0,이륜 이동수단 탑승자 일부 또는 전체 헬멧 미착용,0,오토바이 인도 주행,0,이륜 이동수단 탑승자 일부 또는 전체 헬멧 미착용,0,전동킥보드 인도 주행,0,전동킥보드 인도 주행,0,오토바이 인도 주행,0,전동킥보드 인도 주행,4303,8592,211505,394638
aihub_multi_angle_cctv:Training:ph_e2068,94283.0,22100.333333333332,신체적 충돌을 동반한 싸움,Training,c1,c2,94283.0,22100.333333333332,4.266134749098807,asymmetric,temporal_relation,389,691,신체적 충돌을 동반한 싸움,1,신체적 충돌을 동반한 싸움,1,신체적 충돌을 동반한 싸움,1,신체적 충돌을 동반한 싸움,1,1,신체적 충돌을 동반한 싸움,0,전동킥보드 인도 주행,0,전동킥보드 인도 주행,0,전동킥보드 인도 주행,1,신체적 충돌을 동반한 싸움,1,신체적 충돌을 동반한 싸움,0,비정상적인 경로로의 침범,0,비정상적인 경로로의 침범,0,비정상적인 경로로의 침범,0,비정상적인 경로로의 침범,0,오토바이 인도 주행,0,비정상적인 경로로의 침범,1,신체적 충돌을 동반한 싸움,1,신체적 충돌을 동반한 싸움,0,오토바이 인도 주행,1,신체적 충돌을 동반한 싸움,4485,8883,136697,288544
aihub_multi_angle_cctv:Validation:ph_e2069,50542.0,143945.33333333334,신체적 충돌을 동반한 싸움,Validation,c2,c1,143945.33333333334,50542.0,2.8480339783414457,asymmetric,temporal_relation,316,666,신체적 충돌을 동반한 싸움,1,신체적 충돌을 동반한 싸움,1,신체적 충돌을 동반한 싸움,1,신체적 충돌을 동반한 싸움,1,0,전동킥보드 인도 주행,1,신체적 충돌을 동반한 싸움,0,전동킥보드 인도 주행,0,전동킥보드 인도 주행,1,신체적 충돌을 동반한 싸움,0,비정상적인 경로로의 침범,0,비정상적인 경로로의 침범,0,비정상적인 경로로의 침범,0,비정상적인 경로로의 침범,0,비정상적인 경로로의 침범,0,오토바이 인도 주행,0,오토바이 인도 주행,1,신체적 충돌을 동반한 싸움,1,신체적 충돌을 동반한 싸움,0,오토바이 인도 주행,0,전동킥보드 앞뒤 2인 탑승,4412,8858,154958,351683
aihub_multi_angle_cctv:Training:ms_e3504,16198.666666666666,42446.333333333336,오토바이 인도 주행,Training,c2,c1,42446.333333333336,16198.666666666666,2.6203597003868633,asymmetric,path_mode,331,710,오토바이 인도 주행,1,오토바이 인도 주행,1,오토바이 인도 주행,1,오토바이 인도 주행,1,0,전동킥보드 인도 주행,1,오토바이 인도 주행,0,전동킥보드 인도 주행,0,전동킥보드 인도 주행,1,오토바이 인도 주행,0,비정상적인 경로로의 침범,0,비정상적인 경로로의 침범,0,비정상적인 경로로의 침범,1,오토바이 인도 주행,1,오토바이 인도 주행,1,오토바이 인도 주행,0,비정상적인 경로로의 침범,0,전동킥보드 인도 주행,0,전동킥보드 인도 주행,1,오토바이 인도 주행,0,전동킥보드 인도 주행,4427,8902,97144,253755
aihub_multi_angle_cctv:Validation:ms_e3492,14901.333333333334,48781.333333333336,오토바이 인도 주행,Validation,c2,c1,48781.333333333336,14901.333333333334,3.2736220472440944,asymmetric,path_mode,320,632,오토바이 인도 주행,1,오토바이 인도 주행,1,오토바이 인도 주행,1,오토바이 인도 주행,1,0,전동킥보드 인도 주행,0,전동킥보드 인도 주행,0,전동킥보드 인도 주행,0,전동킥보드 인도 주행,1,오토바이 인도 주행,0,비정상적인 경로로의 침범,0,비정상적인 경로로의 침범,0,비정상적인 경로로의 침범,1,오토바이 인도 주행,1,오토바이 인도 주행,1,오토바이 인도 주행,0,비정상적인 경로로의 침범,1,오토바이 인도 주행,1,오토바이 인도 주행,1,오토바이 인도 주행,0,전동킥보드 인도 주행,4416,8824,97479,253571
aihub_multi_angle_cctv:Training:md_e2260,131144.0,32645.666666666668,이륜 이동수단 운전자 1인 헬멧 미착용,Training,c1,c2,131144.0,32645.666666666668,4.017194727222602,asymmetric,attribute_count,250,530,이륜 이동수단 운전자 1인 헬멧 미착용,1,이륜 이동수단 운전자 1인 헬멧 미착용,1,이륜 이동수단 운전자 1인 헬멧 미착용,1,이륜 이동수단 운전자 1인 헬멧 미착용,1,0,오토바이 인도 주행,0,오토바이 인도 주행,0,전동킥보드 인도 주행,0,오토바이 인도 주행,0,오토바이 인도 주행,0,비정상적인 경로로의 침범,0,비정상적인 경로로의 침범,0,비정상적인 경로로의 침범,0,오토바이 인도 주행,0,비정상적인 경로로의 침범,0,오토바이 인도 주행,0,비정상적인 경로로의 침범,0,오토바이 인도 주행,0,오토바이 인도 주행,0,오토바이 인도 주행,0,오토바이 인도 주행,4346,8722,221931,412072
aihub_multi_angle_cctv:Validation:md_e2254,95788.0,36601.333333333336,이륜 이동수단 운전자 1인 헬멧 미착용,Validation,c1,c2,95788.0,36601.333333333336,2.6170631306691923,asymmetric,attribute_count,245,514,이륜 이동수단 운전자 1인 헬멧 미착용,1,이륜 이동수단 운전자 1인 헬멧 미착용,1,이륜 이동수단 운전자 1인 헬멧 미착용,1,이륜 이동수단 운전자 1인 헬멧 미착용,1,0,오토바이 인도 주행,0,오토바이 인도 주행,0,전동킥보드 인도 주행,0,오토바이 인도 주행,0,오토바이 인도 주행,0,비정상적인 경로로의 침범,0,비정상적인 경로로의 침범,0,비정상적인 경로로의 침범,0,오토바이 인도 주행,0,비정상적인 경로로의 침범,0,오토바이 인도 주행,0,<INVALID>,0,오토바이 인도 주행,0,오토바이 인도 주행,0,오토바이 인도 주행,0,전동킥보드 앞뒤 2인 탑승,4341,8706,216910,401110
aihub_multi_angle_cctv:Training:mp_e2858,98341.66666666667,38103.666666666664,이륜 이동수단 탑승자 일부 또는 전체 헬멧 미착용,Training,c1,c2,98341.66666666667,38103.666666666664,2.5808977263780393,asymmetric,attribute_count,411,831,이륜 이동수단 탑승자 일부 또는 전체 헬멧 미착용,1,이륜 이동수단 탑승자 일부 또는 전체 헬멧 미착용,1,이륜 이동수단 탑승자 일부 또는 전체 헬멧 미착용,1,이륜 이동수단 탑승자 일부 또는 전체 헬멧 미착용,1,0,오토바이 인도 주행,0,오토바이 인도 주행,0,전동킥보드 인도 주행,0,전동킥보드 인도 주행,0,오토바이 인도 주행,0,전동킥보드 앞뒤 2인 탑승,0,비정상적인 경로로의 침범,0,비정상적인 경로로의 침범,0,오토바이 인도 주행,0,비정상적인 경로로의 침범,0,오토바이 인도 주행,0,비정상적인 경로로의 침범,0,전동킥보드 인도 주행,0,전동킥보드 앞뒤 2인 탑승,0,오토바이 인도 주행,0,전동킥보드 앞뒤 2인 탑승,4507,9023,230087,431624
aihub_multi_angle_cctv:Validation:mp_e2839,104387.0,40555.333333333336,이륜 이동수단 탑승자 일부 또는 전체 헬멧 미착용,Validation,c1,c2,104387.0,40555.333333333336,2.5739401311788006,asymmetric,attribute_count,328,679,이륜 이동수단 운전자 1인 헬멧 미착용,0,이륜 이동수단 운전자 1인 헬멧 미착용,0,이륜 이동수단 운전자 1인 헬멧 미착용,0,이륜 이동수단 운전자 1인 헬멧 미착용,0,0,오토바이 인도 주행,0,오토바이 인도 주행,0,전동킥보드 인도 주행,0,오토바이 인도 주행,0,오토바이 인도 주행,0,오토바이 인도 주행,0,비정상적인 경로로의 침범,0,오토바이 인도 주행,0,오토바이 인도 주행,0,오토바이 인도 주행,0,오토바이 인도 주행,0,오토바이 인도 주행,0,전동킥보드 인도 주행,0,오토바이 인도 주행,0,오토바이 인도 주행,0,오토바이 인도 주행,4424,8871,226403,417420
aihub_multi_angle_cctv:Training:bs_e4276,35870.0,4683.666666666667,자전거 인도 주행,Training,c1,c2,35870.0,4683.666666666667,7.658529642018361,asymmetric,path_mode,311,624,자전거 인도 주행,1,자전거 인도 주행,1,자전거 인도 주행,1,자전거 인도 주행,1,0,전동킥보드 인도 주행,0,오토바이 인도 주행,0,전동킥보드 인도 주행,0,전동킥보드 인도 주행,0,이륜 이동수단 운전자 1인 헬멧 미착용,0,비정상적인 경로로의 침범,0,비정상적인 경로로의 침범,0,비정상적인 경로로의 침범,0,오토바이 인도 주행,0,오토바이 인도 주행,0,오토바이 인도 주행,0,비정상적인 경로로의 침범,0,오토바이 인도 주행,0,오토바이 인도 주행,0,오토바이 인도 주행,0,<INVALID>,4407,8816,126100,244831
aihub_multi_angle_cctv:Validation:bs_e4301,28517.333333333332,9922.0,자전거 인도 주행,Validation,c1,c2,28517.333333333332,9922.0,2.874151716723779,asymmetric,path_mode,331,676,자전거 인도 주행,1,자전거 인도 주행,1,자전거 인도 주행,1,자전거 인도 주행,1,0,전동킥보드 인도 주행,0,전동킥보드 인도 주행,0,전동킥보드 인도 주행,0,오토바이 인도 주행,0,비정상적인 경로로의 침범,0,비정상적인 경로로의 침범,0,비정상적인 경로로의 침범,0,비정상적인 경로로의 침범,0,<INVALID>,0,오토바이 인도 주행,0,오토바이 인도 주행,0,비정상적인 경로로의 침범,0,오토바이 인도 주행,0,오토바이 인도 주행,0,오토바이 인도 주행,0,오토바이 인도 주행,4427,8868,154006,373921
aihub_multi_angle_cctv:Training:st_e4731,36962.333333333336,80130.0,전동킥보드 앞뒤 2인 탑승,Training,c2,c1,80130.0,36962.333333333336,2.167882619243013,asymmetric,attribute_count,329,667,전동킥보드 앞뒤 2인 탑승,1,전동킥보드 앞뒤 2인 탑승,1,전동킥보드 앞뒤 2인 탑승,1,전동킥보드 앞뒤 2인 탑승,1,0,전동킥보드 인도 주행,0,전동킥보드 인도 주행,0,전동킥보드 인도 주행,0,전동킥보드 인도 주행,0,전동킥보드 인도 주행,0,전동킥보드 인도 주행,0,비정상적인 경로로의 침범,0,비정상적인 경로로의 침범,0,오토바이 인도 주행,0,오토바이 인도 주행,0,오토바이 인도 주행,0,오토바이 인도 주행,0,전동킥보드 인도 주행,0,전동킥보드 인도 주행,0,오토바이 인도 주행,0,전동킥보드 인도 주행,4425,8859,152563,307244
aihub_multi_angle_cctv:Validation:st_e4696,76898.33333333333,25460.666666666668,전동킥보드 앞뒤 2인 탑승,Validation,c1,c2,76898.33333333333,25460.666666666668,3.0202796470372597,asymmetric,attribute_count,443,879,전동킥보드 앞뒤 2인 탑승,1,전동킥보드 앞뒤 2인 탑승,1,전동킥보드 앞뒤 2인 탑승,1,전동킥보드 앞뒤 2인 탑승,1,1,전동킥보드 앞뒤 2인 탑승,1,전동킥보드 앞뒤 2인 탑승,0,전동킥보드 인도 주행,0,전동킥보드 인도 주행,0,전동킥보드 인도 주행,0,전동킥보드 인도 주행,0,비정상적인 경로로의 침범,0,비정상적인 경로로의 침범,0,오토바이 인도 주행,0,오토바이 인도 주행,0,오토바이 인도 주행,0,비정상적인 경로로의 침범,0,전동킥보드 인도 주행,0,전동킥보드 인도 주행,0,오토바이 인도 주행,0,오토바이 인도 주행,4539,9071,193362,387715
aihub_multi_angle_cctv:Training:es_e4074,82569.0,18773.0,전동킥보드 인도 주행,Training,c1,c2,82569.0,18773.0,4.398284770681298,asymmetric,path_mode,357,720,전동킥보드 인도 주행,1,전동킥보드 앞뒤 2인 탑승,0,전동킥보드 앞뒤 2인 탑승,0,전동킥보드 인도 주행,1,1,전동킥보드 인도 주행,1,전동킥보드 인도 주행,1,전동킥보드 인도 주행,1,전동킥보드 인도 주행,1,전동킥보드 인도 주행,1,전동킥보드 인도 주행,0,비정상적인 경로로의 침범,0,비정상적인 경로로의 침범,0,오토바이 인도 주행,0,오토바이 인도 주행,0,오토바이 인도 주행,0,오토바이 인도 주행,1,전동킥보드 인도 주행,1,전동킥보드 인도 주행,0,오토바이 인도 주행,1,전동킥보드 인도 주행,4453,8912,154694,245632
aihub_multi_angle_cctv:Validation:es_e4042,111517.0,24516.333333333332,전동킥보드 인도 주행,Validation,c1,c2,111517.0,24516.333333333332,4.548681831160179,asymmetric,path_mode,290,564,전동킥보드 인도 주행,1,전동킥보드 인도 주행,1,전동킥보드 인도 주행,1,전동킥보드 인도 주행,1,1,전동킥보드 인도 주행,1,전동킥보드 인도 주행,1,전동킥보드 인도 주행,1,전동킥보드 인도 주행,1,전동킥보드 인도 주행,1,전동킥보드 인도 주행,0,비정상적인 경로로의 침범,0,비정상적인 경로로의 침범,1,전동킥보드 인도 주행,0,오토바이 인도 주행,0,오토바이 인도 주행,0,오토바이 인도 주행,1,전동킥보드 인도 주행,1,전동킥보드 인도 주행,0,오토바이 인도 주행,1,전동킥보드 인도 주행,4386,8756,155178,249571
aihub_multi_angle_cctv:Training:lo_e1264,33112.0,12033.333333333334,특정 구역 내 지속 배회,Training,c1,c2,33112.0,12033.333333333334,2.7516897506925204,asymmetric,temporal_relation,211,454,특정 인물을 뒤따라가며 배회,0,특정 인물을 뒤따라가며 배회,0,특정 인물을 뒤따라가며 배회,0,특정 인물을 뒤따라가며 배회,0,0,전동킥보드 인도 주행,0,전동킥보드 인도 주행,0,전동킥보드 인도 주행,0,전동킥보드 인도 주행,0,비정상적인 경로로의 침범,1,특정 구역 내 지속 배회,0,비정상적인 경로로의 침범,0,비정상적인 경로로의 침범,0,오토바이 인도 주행,0,오토바이 인도 주행,0,오토바이 인도 주행,0,비정상적인 경로로의 침범,0,신체적 충돌을 동반한 싸움,0,전동킥보드 앞뒤 2인 탑승,0,오토바이 인도 주행,0,신체적 충돌을 동반한 싸움,4307,8646,138977,291795
aihub_multi_angle_cctv:Validation:lo_e1294,27100.333333333332,12115.666666666666,특정 구역 내 지속 배회,Validation,c1,c2,27100.333333333332,12115.666666666666,2.236800836382645,asymmetric,temporal_relation,304,585,특정 인물을 뒤따라가며 배회,0,특정 인물을 뒤따라가며 배회,0,특정 인물을 뒤따라가며 배회,0,특정 인물을 뒤따라가며 배회,0,0,전동킥보드 인도 주행,0,전동킥보드 인도 주행,0,전동킥보드 인도 주행,0,전동킥보드 인도 주행,0,비정상적인 경로로의 침범,0,비정상적인 경로로의 침범,0,비정상적인 경로로의 침범,0,비정상적인 경로로의 침범,0,오토바이 인도 주행,0,비정상적인 경로로의 침범,0,오토바이 인도 주행,0,비정상적인 경로로의 침범,0,신체적 충돌을 동반한 싸움,0,전동킥보드 앞뒤 2인 탑승,0,오토바이 인도 주행,0,신체적 충돌을 동반한 싸움,4400,8777,136138,285778
aihub_multi_angle_cctv:Training:fp_e1660,95373.0,41536.0,특정 인물을 뒤따라가며 배회,Training,c1,c2,95373.0,41536.0,2.2961527349768875,asymmetric,temporal_relation,227,482,자전거 인도 주행,0,특정 인물을 뒤따라가며 배회,1,자전거 인도 주행,0,특정 인물을 뒤따라가며 배회,1,0,전동킥보드 인도 주행,0,전동킥보드 인도 주행,0,전동킥보드 인도 주행,0,비정상적인 경로로의 침범,0,비정상적인 경로로의 침범,0,비정상적인 경로로의 침범,0,비정상적인 경로로의 침범,0,비정상적인 경로로의 침범,0,비정상적인 경로로의 침범,0,비정상적인 경로로의 침범,0,오토바이 인도 주행,0,비정상적인 경로로의 침범,0,비정상적인 경로로의 침범,0,<INVALID>,0,오토바이 인도 주행,0,경계선을 통한 침입,4323,8674,144838,310396
aihub_multi_angle_cctv:Validation:fp_e1595,102036.0,13303.0,특정 인물을 뒤따라가며 배회,Validation,c1,c2,102036.0,13303.0,7.6701495903179735,asymmetric,temporal_relation,249,461,특정 인물을 뒤따라가며 배회,1,특정 인물을 뒤따라가며 배회,1,특정 인물을 뒤따라가며 배회,1,특정 인물을 뒤따라가며 배회,1,0,전동킥보드 인도 주행,0,전동킥보드 인도 주행,0,전동킥보드 인도 주행,0,비정상적인 경로로의 침범,0,비정상적인 경로로의 침범,0,비정상적인 경로로의 침범,0,비정상적인 경로로의 침범,0,비정상적인 경로로의 침범,0,비정상적인 경로로의 침범,0,비정상적인 경로로의 침범,0,오토바이 인도 주행,0,비정상적인 경로로의 침범,0,전동킥보드 앞뒤 2인 탑승,0,전동킥보드 앞뒤 2인 탑승,0,오토바이 인도 주행,0,전동킥보드 앞뒤 2인 탑승,4345,8653,198191,384193
aihub_multi_angle_cctv:Training:bl_e0112,78284.33333333333,20050.0,경계선을 통한 침입,Training,c1,c2,78284.33333333333,20050.0,3.9044555278470487,asymmetric,temporal_relation,159,335,특정 인물을 뒤따라가며 배회,0,자전거 인도 주행,0,특정 인물을 뒤따라가며 배회,0,특정 인물을 뒤따라가며 배회,0,0,전동킥보드 인도 주행,0,전동킥보드 인도 주행,0,전동킥보드 인도 주행,0,전동킥보드 인도 주행,0,비정상적인 경로로의 침범,0,비정상적인 경로로의 침범,0,비정상적인 경로로의 침범,0,특정 구역 내 지속 배회,0,비정상적인 경로로의 침범,0,비정상적인 경로로의 침범,0,오토바이 인도 주행,0,오토바이 인도 주행,0,신체적 충돌을 동반한 싸움,0,<INVALID>,0,오토바이 인도 주행,0,신체적 충돌을 동반한 싸움,4255,8527,135584,293677
aihub_multi_angle_cctv:Validation:bl_e0317,89712.0,30685.333333333332,경계선을 통한 침입,Validation,c1,c2,89712.0,30685.333333333332,2.9236117146084992,asymmetric,temporal_relation,272,496,특정 인물을 뒤따라가며 배회,0,전동킥보드 앞뒤 2인 탑승,0,특정 인물을 뒤따라가며 배회,0,전동킥보드 앞뒤 2인 탑승,0,0,전동킥보드 인도 주행,0,전동킥보드 인도 주행,0,전동킥보드 인도 주행,0,전동킥보드 인도 주행,0,비정상적인 경로로의 침범,0,비정상적인 경로로의 침범,0,비정상적인 경로로의 침범,1,경계선을 통한 침입,0,이륜 이동수단 탑승자 일부 또는 전체 헬멧 미착용,0,비정상적인 경로로의 침범,0,오토바이 인도 주행,0,이륜 이동수단 탑승자 일부 또는 전체 헬멧 미착용,1,경계선을 통한 침입,1,경계선을 통한 침입,0,오토바이 인도 주행,1,경계선을 통한 침입,4368,8688,198313,360644
aihub_multi_angle_cctv:Training:ab_e0784,23167.666666666668,10264.0,비정상적인 경로로의 침범,Training,c1,c2,23167.666666666668,10264.0,2.257177188880229,asymmetric,temporal_relation,282,568,경계선을 통한 침입,0,자전거 인도 주행,0,경계선을 통한 침입,0,경계선을 통한 침입,0,0,전동킥보드 인도 주행,0,전동킥보드 인도 주행,0,전동킥보드 인도 주행,0,전동킥보드 인도 주행,1,비정상적인 경로로의 침범,1,비정상적인 경로로의 침범,1,비정상적인 경로로의 침범,0,특정 구역 내 지속 배회,0,이륜 이동수단 탑승자 일부 또는 전체 헬멧 미착용,1,비정상적인 경로로의 침범,0,오토바이 인도 주행,1,비정상적인 경로로의 침범,0,경계선을 통한 침입,0,<INVALID>,0,오토바이 인도 주행,0,신체적 충돌을 동반한 싸움,4378,8760,184644,398745
aihub_multi_angle_cctv:Validation:ab_e0567,40134.666666666664,9629.0,비정상적인 경로로의 침범,Validation,c1,c2,40134.666666666664,9629.0,4.168103299061862,asymmetric,temporal_relation,292,478,경계선을 통한 침입,0,전동킥보드 앞뒤 2인 탑승,0,특정 인물을 뒤따라가며 배회,0,경계선을 통한 침입,0,0,전동킥보드 인도 주행,0,전동킥보드 인도 주행,0,전동킥보드 인도 주행,0,전동킥보드 인도 주행,1,비정상적인 경로로의 침범,1,비정상적인 경로로의 침범,1,비정상적인 경로로의 침범,1,비정상적인 경로로의 침범,0,이륜 이동수단 운전자 1인 헬멧 미착용,0,<INVALID>,0,오토바이 인도 주행,0,<INVALID>,0,<INVALID>,0,신체적 충돌을 동반한 싸움,0,오토바이 인도 주행,0,신체적 충돌을 동반한 싸움,4388,8670,211384,395467
aihub_multi_angle_cctv:Training:ph_e2035,121026.33333333333,49142.333333333336,신체적 충돌을 동반한 싸움,Training,c1,c2,121026.33333333333,49142.333333333336,2.462771405509167,asymmetric,temporal_relation,248,552,특정 인물을 뒤따라가며 배회,0,신체적 충돌을 동반한 싸움,1,신체적 충돌을 동반한 싸움,1,특정 인물을 뒤따라가며 배회,0,0,전동킥보드 앞뒤 2인 탑승,0,전동킥보드 인도 주행,0,전동킥보드 인도 주행,0,전동킥보드 앞뒤 2인 탑승,1,신체적 충돌을 동반한 싸움,1,신체적 충돌을 동반한 싸움,0,비정상적인 경로로의 침범,1,신체적 충돌을 동반한 싸움,0,이륜 이동수단 운전자 1인 헬멧 미착용,0,비정상적인 경로로의 침범,0,오토바이 인도 주행,0,이륜 이동수단 운전자 1인 헬멧 미착용,1,신체적 충돌을 동반한 싸움,1,신체적 충돌을 동반한 싸움,0,오토바이 인도 주행,1,신체적 충돌을 동반한 싸움,4344,8744,183470,355757
aihub_multi_angle_cctv:Validation:ph_e2044,36201.0,95418.0,신체적 충돌을 동반한 싸움,Validation,c2,c1,95418.0,36201.0,2.635783541891108,asymmetric,temporal_relation,283,569,특정 인물을 뒤따라가며 배회,0,특정 인물을 뒤따라가며 배회,0,특정 인물을 뒤따라가며 배회,0,특정 인물을 뒤따라가며 배회,0,1,신체적 충돌을 동반한 싸움,1,신체적 충돌을 동반한 싸움,0,전동킥보드 인도 주행,0,전동킥보드 인도 주행,1,신체적 충돌을 동반한 싸움,1,신체적 충돌을 동반한 싸움,0,비정상적인 경로로의 침범,0,비정상적인 경로로의 침범,0,<INVALID>,0,비정상적인 경로로의 침범,0,오토바이 인도 주행,0,이륜 이동수단 운전자 1인 헬멧 미착용,1,신체적 충돌을 동반한 싸움,1,신체적 충돌을 동반한 싸움,0,오토바이 인도 주행,1,신체적 충돌을 동반한 싸움,4379,8761,185381,346402
aihub_multi_angle_cctv:Training:ms_e3570,29708.666666666668,60618.333333333336,오토바이 인도 주행,Training,c2,c1,60618.333333333336,29708.666666666668,2.040425913874739,asymmetric,path_mode,285,615,오토바이 인도 주행,1,오토바이 인도 주행,1,오토바이 인도 주행,1,오토바이 인도 주행,1,0,전동킥보드 인도 주행,1,오토바이 인도 주행,0,전동킥보드 인도 주행,1,오토바이 인도 주행,0,경계선을 통한 침입,1,오토바이 인도 주행,0,비정상적인 경로로의 침범,0,이륜 이동수단 탑승자 일부 또는 전체 헬멧 미착용,1,오토바이 인도 주행,1,오토바이 인도 주행,1,오토바이 인도 주행,1,오토바이 인도 주행,0,전동킥보드 인도 주행,1,오토바이 인도 주행,1,오토바이 인도 주행,1,오토바이 인도 주행,4381,8807,142289,310294
aihub_multi_angle_cctv:Validation:ms_e3280,48766.0,15849.666666666666,오토바이 인도 주행,Validation,c1,c2,48766.0,15849.666666666666,3.0767839491892577,asymmetric,path_mode,365,739,오토바이 인도 주행,1,오토바이 인도 주행,1,오토바이 인도 주행,1,오토바이 인도 주행,1,1,오토바이 인도 주행,0,전동킥보드 인도 주행,0,전동킥보드 인도 주행,0,전동킥보드 인도 주행,1,오토바이 인도 주행,1,오토바이 인도 주행,0,비정상적인 경로로의 침범,1,오토바이 인도 주행,1,오토바이 인도 주행,1,오토바이 인도 주행,1,오토바이 인도 주행,1,오토바이 인도 주행,1,오토바이 인도 주행,1,오토바이 인도 주행,1,오토바이 인도 주행,1,오토바이 인도 주행,4461,8931,152231,265470
aihub_multi_angle_cctv:Training:md_e2275,76944.33333333333,32199.333333333332,이륜 이동수단 운전자 1인 헬멧 미착용,Training,c1,c2,76944.33333333333,32199.333333333332,2.38962504399677,asymmetric,attribute_count,331,673,오토바이 인도 주행,0,오토바이 인도 주행,0,오토바이 인도 주행,0,오토바이 인도 주행,0,0,오토바이 인도 주행,0,오토바이 인도 주행,0,전동킥보드 인도 주행,0,오토바이 인도 주행,0,오토바이 인도 주행,0,오토바이 인도 주행,0,비정상적인 경로로의 침범,0,오토바이 인도 주행,0,오토바이 인도 주행,0,오토바이 인도 주행,0,오토바이 인도 주행,0,오토바이 인도 주행,0,오토바이 인도 주행,0,오토바이 인도 주행,0,오토바이 인도 주행,0,오토바이 인도 주행,4427,8865,227260,425993
aihub_multi_angle_cctv:Validation:md_e2282,60047.333333333336,11351.666666666666,이륜 이동수단 운전자 1인 헬멧 미착용,Validation,c1,c2,60047.333333333336,11351.666666666666,5.289737189839966,asymmetric,attribute_count,298,549,이륜 이동수단 운전자 1인 헬멧 미착용,1,이륜 이동수단 운전자 1인 헬멧 미착용,1,이륜 이동수단 운전자 1인 헬멧 미착용,1,이륜 이동수단 운전자 1인 헬멧 미착용,1,0,전동킥보드 인도 주행,0,오토바이 인도 주행,0,전동킥보드 인도 주행,0,오토바이 인도 주행,0,비정상적인 경로로의 침범,0,비정상적인 경로로의 침범,0,비정상적인 경로로의 침범,0,비정상적인 경로로의 침범,0,오토바이 인도 주행,0,오토바이 인도 주행,0,오토바이 인도 주행,0,오토바이 인도 주행,0,오토바이 인도 주행,0,오토바이 인도 주행,0,오토바이 인도 주행,0,오토바이 인도 주행,4394,8741,187194,405169
aihub_multi_angle_cctv:Training:mp_e2840,98171.33333333333,45528.333333333336,이륜 이동수단 탑승자 일부 또는 전체 헬멧 미착용,Training,c1,c2,98171.33333333333,45528.333333333336,2.156268990006223,asymmetric,attribute_count,377,767,이륜 이동수단 탑승자 일부 또는 전체 헬멧 미착용,1,이륜 이동수단 탑승자 일부 또는 전체 헬멧 미착용,1,이륜 이동수단 탑승자 일부 또는 전체 헬멧 미착용,1,이륜 이동수단 탑승자 일부 또는 전체 헬멧 미착용,1,0,오토바이 인도 주행,0,오토바이 인도 주행,0,전동킥보드 인도 주행,0,전동킥보드 인도 주행,0,오토바이 인도 주행,0,오토바이 인도 주행,0,비정상적인 경로로의 침범,0,오토바이 인도 주행,0,오토바이 인도 주행,0,비정상적인 경로로의 침범,0,오토바이 인도 주행,0,<INVALID>,0,오토바이 인도 주행,0,오토바이 인도 주행,0,오토바이 인도 주행,0,전동킥보드 앞뒤 2인 탑승,4473,8959,216430,402297
aihub_multi_angle_cctv:Validation:mp_e2838,110445.66666666667,28189.333333333332,이륜 이동수단 탑승자 일부 또는 전체 헬멧 미착용,Validation,c1,c2,110445.66666666667,28189.333333333332,3.917994986283228,asymmetric,attribute_count,414,761,이륜 이동수단 운전자 1인 헬멧 미착용,0,이륜 이동수단 운전자 1인 헬멧 미착용,0,이륜 이동수단 운전자 1인 헬멧 미착용,0,이륜 이동수단 운전자 1인 헬멧 미착용,0,0,오토바이 인도 주행,0,오토바이 인도 주행,0,전동킥보드 인도 주행,0,오토바이 인도 주행,0,오토바이 인도 주행,0,비정상적인 경로로의 침범,0,비정상적인 경로로의 침범,0,오토바이 인도 주행,0,오토바이 인도 주행,0,<INVALID>,0,오토바이 인도 주행,0,<INVALID>,0,전동킥보드 인도 주행,0,전동킥보드 앞뒤 2인 탑승,0,오토바이 인도 주행,0,전동킥보드 앞뒤 2인 탑승,4510,8953,219749,406362
aihub_multi_angle_cctv:Training:bs_e4550,27501.0,12202.666666666666,자전거 인도 주행,Training,c1,c2,27501.0,12202.666666666666,2.2536877185314688,asymmetric,path_mode,255,525,자전거 인도 주행,1,자전거 인도 주행,1,자전거 인도 주행,1,자전거 인도 주행,1,0,전동킥보드 인도 주행,0,전동킥보드 인도 주행,0,전동킥보드 인도 주행,0,오토바이 인도 주행,0,비정상적인 경로로의 침범,0,비정상적인 경로로의 침범,0,비정상적인 경로로의 침범,0,비정상적인 경로로의 침범,0,오토바이 인도 주행,0,비정상적인 경로로의 침범,0,오토바이 인도 주행,0,비정상적인 경로로의 침범,0,오토바이 인도 주행,0,오토바이 인도 주행,0,오토바이 인도 주행,0,오토바이 인도 주행,4351,8717,173429,340328
aihub_multi_angle_cctv:Validation:bs_e4254,29479.0,6956.333333333333,자전거 인도 주행,Validation,c1,c2,29479.0,6956.333333333333,4.237721021611002,asymmetric,path_mode,221,441,자전거 인도 주행,1,자전거 인도 주행,1,자전거 인도 주행,1,자전거 인도 주행,1,0,오토바이 인도 주행,0,오토바이 인도 주행,0,전동킥보드 인도 주행,0,오토바이 인도 주행,0,오토바이 인도 주행,0,비정상적인 경로로의 침범,0,비정상적인 경로로의 침범,0,비정상적인 경로로의 침범,0,<INVALID>,0,오토바이 인도 주행,0,오토바이 인도 주행,0,비정상적인 경로로의 침범,0,이륜 이동수단 탑승자 일부 또는 전체 헬멧 미착용,0,오토바이 인도 주행,0,오토바이 인도 주행,0,전동킥보드 인도 주행,4317,8633,131586,253309
aihub_multi_angle_cctv:Training:st_e4721,34029.333333333336,68290.33333333333,전동킥보드 앞뒤 2인 탑승,Training,c2,c1,68290.33333333333,34029.333333333336,2.0068078520492123,asymmetric,attribute_count,372,694,전동킥보드 앞뒤 2인 탑승,1,전동킥보드 앞뒤 2인 탑승,1,전동킥보드 앞뒤 2인 탑승,1,전동킥보드 앞뒤 2인 탑승,1,0,전동킥보드 인도 주행,0,전동킥보드 인도 주행,0,전동킥보드 인도 주행,0,전동킥보드 인도 주행,0,전동킥보드 인도 주행,0,전동킥보드 인도 주행,0,비정상적인 경로로의 침범,0,전동킥보드 인도 주행,0,전동킥보드 인도 주행,0,<INVALID>,0,오토바이 인도 주행,0,비정상적인 경로로의 침범,0,전동킥보드 인도 주행,0,전동킥보드 인도 주행,0,오토바이 인도 주행,0,전동킥보드 인도 주행,4468,8886,152978,306024
aihub_multi_angle_cctv:Validation:st_e4715,23084.0,57957.666666666664,전동킥보드 앞뒤 2인 탑승,Validation,c2,c1,57957.666666666664,23084.0,2.510728932016404,asymmetric,attribute_count,369,701,전동킥보드 앞뒤 2인 탑승,1,전동킥보드 앞뒤 2인 탑승,1,전동킥보드 앞뒤 2인 탑승,1,전동킥보드 앞뒤 2인 탑승,1,0,전동킥보드 인도 주행,0,전동킥보드 인도 주행,0,전동킥보드 인도 주행,0,전동킥보드 인도 주행,0,전동킥보드 인도 주행,0,전동킥보드 인도 주행,0,비정상적인 경로로의 침범,0,전동킥보드 인도 주행,0,오토바이 인도 주행,0,오토바이 인도 주행,0,오토바이 인도 주행,0,오토바이 인도 주행,1,전동킥보드 앞뒤 2인 탑승,1,전동킥보드 앞뒤 2인 탑승,0,오토바이 인도 주행,0,전동킥보드 인도 주행,4465,8893,155438,308461
aihub_multi_angle_cctv:Training:es_e3941,23512.666666666668,5817.0,전동킥보드 인도 주행,Training,c1,c2,23512.666666666668,5817.0,4.042060626898172,asymmetric,path_mode,244,452,전동킥보드 인도 주행,1,전동킥보드 인도 주행,1,전동킥보드 인도 주행,1,전동킥보드 인도 주행,1,1,전동킥보드 인도 주행,1,전동킥보드 인도 주행,1,전동킥보드 인도 주행,1,전동킥보드 인도 주행,0,전동킥보드 앞뒤 2인 탑승,1,전동킥보드 인도 주행,0,비정상적인 경로로의 침범,0,경계선을 통한 침입,0,오토바이 인도 주행,0,오토바이 인도 주행,0,오토바이 인도 주행,0,오토바이 인도 주행,1,전동킥보드 인도 주행,1,전동킥보드 인도 주행,0,오토바이 인도 주행,1,전동킥보드 인도 주행,4340,8644,135509,288376
aihub_multi_angle_cctv:Validation:es_e3696,37111.0,5241.333333333333,전동킥보드 인도 주행,Validation,c1,c2,37111.0,5241.333333333333,7.080450267107607,asymmetric,path_mode,267,490,전동킥보드 인도 주행,1,전동킥보드 인도 주행,1,전동킥보드 인도 주행,1,전동킥보드 인도 주행,1,1,전동킥보드 인도 주행,1,전동킥보드 인도 주행,1,전동킥보드 인도 주행,1,전동킥보드 인도 주행,0,경계선을 통한 침입,1,전동킥보드 인도 주행,0,비정상적인 경로로의 침범,0,경계선을 통한 침입,0,오토바이 인도 주행,0,오토바이 인도 주행,0,오토바이 인도 주행,0,비정상적인 경로로의 침범,1,전동킥보드 인도 주행,1,전동킥보드 인도 주행,0,오토바이 인도 주행,1,전동킥보드 인도 주행,4363,8682,137279,263984
aihub_multi_angle_cctv:Training:lo_e1270,49955.0,21000.333333333332,특정 구역 내 지속 배회,Training,c1,c2,49955.0,21000.333333333332,2.3787717655275316,asymmetric,temporal_relation,263,490,특정 인물을 뒤따라가며 배회,0,특정 인물을 뒤따라가며 배회,0,특정 인물을 뒤따라가며 배회,0,특정 인물을 뒤따라가며 배회,0,0,전동킥보드 인도 주행,0,전동킥보드 인도 주행,0,전동킥보드 인도 주행,0,전동킥보드 인도 주행,0,비정상적인 경로로의 침범,0,비정상적인 경로로의 침범,0,비정상적인 경로로의 침범,0,비정상적인 경로로의 침범,0,오토바이 인도 주행,0,오토바이 인도 주행,0,오토바이 인도 주행,0,비정상적인 경로로의 침범,0,신체적 충돌을 동반한 싸움,0,전동킥보드 인도 주행,0,오토바이 인도 주행,0,신체적 충돌을 동반한 싸움,4359,8682,141672,283175
aihub_multi_angle_cctv:Validation:lo_e1124,48641.333333333336,17362.333333333332,특정 구역 내 지속 배회,Validation,c1,c2,48641.333333333336,17362.333333333332,2.8015435713325787,asymmetric,temporal_relation,369,744,특정 인물을 뒤따라가며 배회,0,특정 인물을 뒤따라가며 배회,0,특정 인물을 뒤따라가며 배회,0,특정 인물을 뒤따라가며 배회,0,0,전동킥보드 인도 주행,0,전동킥보드 인도 주행,0,전동킥보드 인도 주행,0,전동킥보드 인도 주행,0,비정상적인 경로로의 침범,1,특정 구역 내 지속 배회,0,비정상적인 경로로의 침범,1,특정 구역 내 지속 배회,0,비정상적인 경로로의 침범,0,비정상적인 경로로의 침범,0,오토바이 인도 주행,0,비정상적인 경로로의 침범,0,신체적 충돌을 동반한 싸움,0,전동킥보드 인도 주행,0,오토바이 인도 주행,0,전동킥보드 앞뒤 2인 탑승,4465,8936,168134,333460
aihub_multi_angle_cctv:Training:fp_e1536,128095.0,61383.333333333336,특정 인물을 뒤따라가며 배회,Training,c1,c2,128095.0,61383.333333333336,2.086804235677437,asymmetric,temporal_relation,346,610,특정 인물을 뒤따라가며 배회,1,특정 인물을 뒤따라가며 배회,1,특정 인물을 뒤따라가며 배회,1,특정 인물을 뒤따라가며 배회,1,0,전동킥보드 인도 주행,0,전동킥보드 인도 주행,0,전동킥보드 인도 주행,0,전동킥보드 인도 주행,1,특정 인물을 뒤따라가며 배회,1,특정 인물을 뒤따라가며 배회,0,비정상적인 경로로의 침범,0,비정상적인 경로로의 침범,0,비정상적인 경로로의 침범,0,비정상적인 경로로의 침범,0,오토바이 인도 주행,0,비정상적인 경로로의 침범,0,전동킥보드 앞뒤 2인 탑승,0,전동킥보드 앞뒤 2인 탑승,0,오토바이 인도 주행,0,신체적 충돌을 동반한 싸움,4442,8802,136068,306407
aihub_multi_angle_cctv:Validation:fp_e1511,36003.0,85643.0,특정 인물을 뒤따라가며 배회,Validation,c2,c1,85643.0,36003.0,2.378773991056301,asymmetric,temporal_relation,372,742,특정 인물을 뒤따라가며 배회,1,특정 인물을 뒤따라가며 배회,1,특정 인물을 뒤따라가며 배회,1,특정 인물을 뒤따라가며 배회,1,0,전동킥보드 인도 주행,0,전동킥보드 인도 주행,0,전동킥보드 인도 주행,0,전동킥보드 인도 주행,0,비정상적인 경로로의 침범,0,특정 구역 내 지속 배회,0,비정상적인 경로로의 침범,1,특정 인물을 뒤따라가며 배회,0,오토바이 인도 주행,0,비정상적인 경로로의 침범,0,오토바이 인도 주행,0,비정상적인 경로로의 침범,0,전동킥보드 앞뒤 2인 탑승,0,전동킥보드 앞뒤 2인 탑승,0,오토바이 인도 주행,0,전동킥보드 인도 주행,4468,8934,167561,301478
aihub_multi_angle_cctv:Training:bl_e0090,46137.333333333336,11088.666666666666,경계선을 통한 침입,Training,c1,c2,46137.333333333336,11088.666666666666,4.160764744784465,asymmetric,temporal_relation,299,551,특정 인물을 뒤따라가며 배회,0,특정 인물을 뒤따라가며 배회,0,특정 인물을 뒤따라가며 배회,0,특정 인물을 뒤따라가며 배회,0,0,전동킥보드 인도 주행,0,전동킥보드 인도 주행,0,전동킥보드 인도 주행,0,전동킥보드 인도 주행,0,특정 구역 내 지속 배회,0,특정 구역 내 지속 배회,0,비정상적인 경로로의 침범,0,비정상적인 경로로의 침범,0,비정상적인 경로로의 침범,0,비정상적인 경로로의 침범,0,오토바이 인도 주행,0,오토바이 인도 주행,0,신체적 충돌을 동반한 싸움,0,신체적 충돌을 동반한 싸움,0,오토바이 인도 주행,0,전동킥보드 앞뒤 2인 탑승,4395,8743,161149,325426
aihub_multi_angle_cctv:Validation:bl_e0183,85836.0,40719.666666666664,경계선을 통한 침입,Validation,c1,c2,85836.0,40719.666666666664,2.1079740338411415,asymmetric,temporal_relation,207,408,특정 인물을 뒤따라가며 배회,0,특정 인물을 뒤따라가며 배회,0,특정 인물을 뒤따라가며 배회,0,특정 인물을 뒤따라가며 배회,0,0,전동킥보드 인도 주행,0,전동킥보드 인도 주행,0,전동킥보드 인도 주행,0,전동킥보드 인도 주행,0,비정상적인 경로로의 침범,0,비정상적인 경로로의 침범,0,비정상적인 경로로의 침범,0,비정상적인 경로로의 침범,0,비정상적인 경로로의 침범,0,비정상적인 경로로의 침범,0,오토바이 인도 주행,0,이륜 이동수단 탑승자 일부 또는 전체 헬멧 미착용,1,경계선을 통한 침입,1,경계선을 통한 침입,0,오토바이 인도 주행,0,전동킥보드 인도 주행,4303,8600,195894,352489
aihub_multi_angle_cctv:Training:ab_e0847,121582.0,49199.666666666664,비정상적인 경로로의 침범,Training,c1,c2,121582.0,49199.666666666664,2.471195604306262,asymmetric,temporal_relation,258,529,경계선을 통한 침입,0,경계선을 통한 침입,0,경계선을 통한 침입,0,경계선을 통한 침입,0,0,전동킥보드 인도 주행,0,전동킥보드 인도 주행,0,전동킥보드 인도 주행,0,전동킥보드 인도 주행,1,비정상적인 경로로의 침범,1,비정상적인 경로로의 침범,1,비정상적인 경로로의 침범,1,비정상적인 경로로의 침범,1,비정상적인 경로로의 침범,1,비정상적인 경로로의 침범,0,오토바이 인도 주행,1,비정상적인 경로로의 침범,0,<INVALID>,0,<INVALID>,0,오토바이 인도 주행,0,<INVALID>,4354,8721,183343,357388
aihub_multi_angle_cctv:Validation:ab_e0599,10940.666666666666,24489.0,비정상적인 경로로의 침범,Validation,c2,c1,24489.0,10940.666666666666,2.2383462311863993,asymmetric,temporal_relation,193,417,신체적 충돌을 동반한 싸움,0,특정 인물을 뒤따라가며 배회,0,특정 인물을 뒤따라가며 배회,0,신체적 충돌을 동반한 싸움,0,0,전동킥보드 인도 주행,0,전동킥보드 인도 주행,0,전동킥보드 인도 주행,0,전동킥보드 인도 주행,1,비정상적인 경로로의 침범,1,비정상적인 경로로의 침범,1,비정상적인 경로로의 침범,1,비정상적인 경로로의 침범,0,이륜 이동수단 탑승자 일부 또는 전체 헬멧 미착용,0,이륜 이동수단 탑승자 일부 또는 전체 헬멧 미착용,0,오토바이 인도 주행,0,이륜 이동수단 탑승자 일부 또는 전체 헬멧 미착용,0,신체적 충돌을 동반한 싸움,0,전동킥보드 인도 주행,0,오토바이 인도 주행,0,전동킥보드 인도 주행,4289,8609,193400,365281
aihub_multi_angle_cctv:Training:ph_e2034,101474.33333333333,46974.333333333336,신체적 충돌을 동반한 싸움,Training,c1,c2,101474.33333333333,46974.333333333336,2.160208056882127,asymmetric,temporal_relation,335,637,특정 인물을 뒤따라가며 배회,0,특정 인물을 뒤따라가며 배회,0,특정 인물을 뒤따라가며 배회,0,특정 인물을 뒤따라가며 배회,0,0,전동킥보드 앞뒤 2인 탑승,0,전동킥보드 인도 주행,0,전동킥보드 인도 주행,0,전동킥보드 인도 주행,1,신체적 충돌을 동반한 싸움,1,신체적 충돌을 동반한 싸움,0,비정상적인 경로로의 침범,1,신체적 충돌을 동반한 싸움,0,비정상적인 경로로의 침범,0,비정상적인 경로로의 침범,0,오토바이 인도 주행,0,비정상적인 경로로의 침범,1,신체적 충돌을 동반한 싸움,1,신체적 충돌을 동반한 싸움,0,오토바이 인도 주행,1,신체적 충돌을 동반한 싸움,4431,8829,180461,350335
aihub_multi_angle_cctv:Training:ms_e3223,19940.333333333332,48171.0,오토바이 인도 주행,Training,c2,c1,48171.0,19940.333333333332,2.4157570084084186,asymmetric,path_mode,305,597,오토바이 인도 주행,1,오토바이 인도 주행,1,오토바이 인도 주행,1,오토바이 인도 주행,1,1,오토바이 인도 주행,1,오토바이 인도 주행,0,전동킥보드 인도 주행,1,오토바이 인도 주행,1,오토바이 인도 주행,1,오토바이 인도 주행,0,비정상적인 경로로의 침범,1,오토바이 인도 주행,1,오토바이 인도 주행,0,비정상적인 경로로의 침범,1,오토바이 인도 주행,1,오토바이 인도 주행,1,오토바이 인도 주행,1,오토바이 인도 주행,1,오토바이 인도 주행,1,오토바이 인도 주행,4401,8789,182642,352843
aihub_multi_angle_cctv:Validation:ms_e3510,11254.0,29133.0,오토바이 인도 주행,Validation,c2,c1,29133.0,11254.0,2.588679580593567,asymmetric,path_mode,254,522,오토바이 인도 주행,1,오토바이 인도 주행,1,오토바이 인도 주행,1,오토바이 인도 주행,1,1,오토바이 인도 주행,0,전동킥보드 인도 주행,0,전동킥보드 인도 주행,0,전동킥보드 인도 주행,0,비정상적인 경로로의 침범,0,비정상적인 경로로의 침범,0,비정상적인 경로로의 침범,0,비정상적인 경로로의 침범,1,오토바이 인도 주행,0,비정상적인 경로로의 침범,1,오토바이 인도 주행,1,오토바이 인도 주행,1,오토바이 인도 주행,1,오토바이 인도 주행,1,오토바이 인도 주행,1,오토바이 인도 주행,4350,8714,93119,246047
aihub_multi_angle_cctv:Training:md_e2266,107178.66666666667,37207.0,이륜 이동수단 운전자 1인 헬멧 미착용,Training,c1,c2,107178.66666666667,37207.0,2.8806049040951076,asymmetric,attribute_count,286,579,이륜 이동수단 운전자 1인 헬멧 미착용,1,이륜 이동수단 운전자 1인 헬멧 미착용,1,이륜 이동수단 운전자 1인 헬멧 미착용,1,이륜 이동수단 운전자 1인 헬멧 미착용,1,0,오토바이 인도 주행,0,오토바이 인도 주행,0,전동킥보드 인도 주행,0,전동킥보드 인도 주행,0,오토바이 인도 주행,0,비정상적인 경로로의 침범,0,비정상적인 경로로의 침범,0,비정상적인 경로로의 침범,0,오토바이 인도 주행,0,비정상적인 경로로의 침범,0,오토바이 인도 주행,0,비정상적인 경로로의 침범,0,오토바이 인도 주행,0,오토바이 인도 주행,0,오토바이 인도 주행,0,전동킥보드 인도 주행,4382,8771,219236,402137
aihub_multi_angle_cctv:Validation:md_e2272,92451.0,18468.333333333332,이륜 이동수단 운전자 1인 헬멧 미착용,Validation,c1,c2,92451.0,18468.333333333332,5.00592004331739,asymmetric,attribute_count,365,744,이륜 이동수단 운전자 1인 헬멧 미착용,1,이륜 이동수단 운전자 1인 헬멧 미착용,1,이륜 이동수단 운전자 1인 헬멧 미착용,1,이륜 이동수단 운전자 1인 헬멧 미착용,1,0,오토바이 인도 주행,0,오토바이 인도 주행,0,전동킥보드 인도 주행,0,전동킥보드 인도 주행,0,오토바이 인도 주행,0,비정상적인 경로로의 침범,0,비정상적인 경로로의 침범,0,오토바이 인도 주행,0,오토바이 인도 주행,0,비정상적인 경로로의 침범,0,오토바이 인도 주행,0,비정상적인 경로로의 침범,0,오토바이 인도 주행,0,오토바이 인도 주행,0,오토바이 인도 주행,0,오토바이 인도 주행,4461,8936,227024,421444
aihub_multi_angle_cctv:Training:mp_e2851,85514.0,31575.333333333332,이륜 이동수단 탑승자 일부 또는 전체 헬멧 미착용,Training,c1,c2,85514.0,31575.333333333332,2.708253277875135,asymmetric,attribute_count,349,710,이륜 이동수단 운전자 1인 헬멧 미착용,0,이륜 이동수단 탑승자 일부 또는 전체 헬멧 미착용,1,이륜 이동수단 운전자 1인 헬멧 미착용,0,이륜 이동수단 탑승자 일부 또는 전체 헬멧 미착용,1,0,오토바이 인도 주행,0,오토바이 인도 주행,0,전동킥보드 인도 주행,0,오토바이 인도 주행,0,오토바이 인도 주행,0,오토바이 인도 주행,0,비정상적인 경로로의 침범,0,오토바이 인도 주행,0,오토바이 인도 주행,0,오토바이 인도 주행,0,오토바이 인도 주행,0,오토바이 인도 주행,0,전동킥보드 앞뒤 2인 탑승,0,오토바이 인도 주행,0,오토바이 인도 주행,0,전동킥보드 앞뒤 2인 탑승,4445,8902,230569,431149
aihub_multi_angle_cctv:Validation:mp_e2859,126076.0,44068.333333333336,이륜 이동수단 탑승자 일부 또는 전체 헬멧 미착용,Validation,c1,c2,126076.0,44068.333333333336,2.860920540070345,asymmetric,attribute_count,427,872,이륜 이동수단 탑승자 일부 또는 전체 헬멧 미착용,1,이륜 이동수단 탑승자 일부 또는 전체 헬멧 미착용,1,이륜 이동수단 탑승자 일부 또는 전체 헬멧 미착용,1,이륜 이동수단 탑승자 일부 또는 전체 헬멧 미착용,1,0,오토바이 인도 주행,0,오토바이 인도 주행,0,전동킥보드 인도 주행,0,오토바이 인도 주행,0,오토바이 인도 주행,0,오토바이 인도 주행,0,비정상적인 경로로의 침범,0,오토바이 인도 주행,0,오토바이 인도 주행,0,오토바이 인도 주행,0,오토바이 인도 주행,0,오토바이 인도 주행,0,전동킥보드 앞뒤 2인 탑승,0,전동킥보드 앞뒤 2인 탑승,0,오토바이 인도 주행,0,전동킥보드 앞뒤 2인 탑승,4523,9064,229422,428336
aihub_multi_angle_cctv:Training:bs_e4466,74114.33333333333,13871.333333333334,자전거 인도 주행,Training,c1,c2,74114.33333333333,13871.333333333334,5.342985533714614,asymmetric,path_mode,261,523,자전거 인도 주행,1,자전거 인도 주행,1,자전거 인도 주행,1,자전거 인도 주행,1,0,이륜 이동수단 탑승자 일부 또는 전체 헬멧 미착용,0,전동킥보드 인도 주행,0,전동킥보드 인도 주행,0,오토바이 인도 주행,1,자전거 인도 주행,0,비정상적인 경로로의 침범,0,비정상적인 경로로의 침범,0,비정상적인 경로로의 침범,0,오토바이 인도 주행,0,오토바이 인도 주행,0,오토바이 인도 주행,0,오토바이 인도 주행,0,오토바이 인도 주행,0,오토바이 인도 주행,0,오토바이 인도 주행,0,오토바이 인도 주행,4357,8715,150875,245436
aihub_multi_angle_cctv:Validation:bs_e4335,9552.0,31422.333333333332,자전거 인도 주행,Validation,c2,c1,31422.333333333332,9552.0,3.289607761027359,asymmetric,path_mode,205,409,자전거 인도 주행,1,자전거 인도 주행,1,자전거 인도 주행,1,자전거 인도 주행,1,0,오토바이 인도 주행,0,오토바이 인도 주행,0,전동킥보드 인도 주행,0,오토바이 인도 주행,0,비정상적인 경로로의 침범,0,비정상적인 경로로의 침범,0,비정상적인 경로로의 침범,0,비정상적인 경로로의 침범,0,오토바이 인도 주행,0,오토바이 인도 주행,0,오토바이 인도 주행,0,오토바이 인도 주행,0,오토바이 인도 주행,0,오토바이 인도 주행,0,오토바이 인도 주행,0,오토바이 인도 주행,4301,8601,131609,279893
aihub_multi_angle_cctv:Training:st_e4853,36932.666666666664,8272.666666666666,전동킥보드 앞뒤 2인 탑승,Training,c1,c2,36932.666666666664,8272.666666666666,4.464420984769119,asymmetric,attribute_count,302,552,전동킥보드 앞뒤 2인 탑승,1,전동킥보드 앞뒤 2인 탑승,1,전동킥보드 앞뒤 2인 탑승,1,전동킥보드 앞뒤 2인 탑승,1,0,전동킥보드 인도 주행,0,전동킥보드 인도 주행,0,전동킥보드 인도 주행,1,전동킥보드 앞뒤 2인 탑승,0,비정상적인 경로로의 침범,0,비정상적인 경로로의 침범,0,비정상적인 경로로의 침범,0,비정상적인 경로로의 침범,0,비정상적인 경로로의 침범,0,오토바이 인도 주행,0,오토바이 인도 주행,0,오토바이 인도 주행,0,전동킥보드 인도 주행,0,전동킥보드 인도 주행,0,오토바이 인도 주행,0,전동킥보드 인도 주행,4398,8744,192208,409559
aihub_multi_angle_cctv:Validation:st_e4688,99719.0,39591.333333333336,전동킥보드 앞뒤 2인 탑승,Validation,c1,c2,99719.0,39591.333333333336,2.51870779800293,asymmetric,attribute_count,401,770,전동킥보드 앞뒤 2인 탑승,1,전동킥보드 앞뒤 2인 탑승,1,전동킥보드 앞뒤 2인 탑승,1,전동킥보드 앞뒤 2인 탑승,1,0,전동킥보드 인도 주행,0,전동킥보드 인도 주행,0,전동킥보드 인도 주행,0,전동킥보드 인도 주행,0,비정상적인 경로로의 침범,0,비정상적인 경로로의 침범,0,비정상적인 경로로의 침범,0,비정상적인 경로로의 침범,0,오토바이 인도 주행,0,오토바이 인도 주행,0,오토바이 인도 주행,0,<INVALID>,0,전동킥보드 인도 주행,0,전동킥보드 인도 주행,0,오토바이 인도 주행,0,전동킥보드 인도 주행,4497,8962,188647,381513
aihub_multi_angle_cctv:Training:es_e3877,14257.666666666666,118690.0,전동킥보드 인도 주행,Training,c2,c1,118690.0,14257.666666666666,8.324644051153765,asymmetric,path_mode,386,765,전동킥보드 인도 주행,1,전동킥보드 앞뒤 2인 탑승,0,전동킥보드 앞뒤 2인 탑승,0,전동킥보드 인도 주행,1,1,전동킥보드 인도 주행,1,전동킥보드 인도 주행,1,전동킥보드 인도 주행,1,전동킥보드 인도 주행,0,전동킥보드 앞뒤 2인 탑승,0,전동킥보드 앞뒤 2인 탑승,0,비정상적인 경로로의 침범,1,전동킥보드 인도 주행,0,오토바이 인도 주행,0,오토바이 인도 주행,0,오토바이 인도 주행,0,오토바이 인도 주행,1,전동킥보드 인도 주행,1,전동킥보드 인도 주행,0,오토바이 인도 주행,0,오토바이 인도 주행,4482,8957,150798,303987
aihub_multi_angle_cctv:Validation:es_e3834,11039.333333333334,30907.0,전동킥보드 인도 주행,Validation,c2,c1,30907.0,11039.333333333334,2.799716166435171,asymmetric,path_mode,242,482,전동킥보드 인도 주행,1,전동킥보드 인도 주행,1,전동킥보드 인도 주행,1,전동킥보드 인도 주행,1,1,전동킥보드 인도 주행,1,전동킥보드 인도 주행,1,전동킥보드 인도 주행,1,전동킥보드 인도 주행,1,전동킥보드 인도 주행,1,전동킥보드 인도 주행,0,비정상적인 경로로의 침범,0,비정상적인 경로로의 침범,0,오토바이 인도 주행,0,오토바이 인도 주행,0,오토바이 인도 주행,0,오토바이 인도 주행,1,전동킥보드 인도 주행,1,전동킥보드 인도 주행,0,오토바이 인도 주행,0,신체적 충돌을 동반한 싸움,4338,8674,148857,316671
aihub_multi_angle_cctv:Training:lo_e1065,34079.666666666664,10452.0,특정 구역 내 지속 배회,Training,c1,c2,34079.666666666664,10452.0,3.2605880852149505,asymmetric,temporal_relation,230,404,특정 인물을 뒤따라가며 배회,0,특정 인물을 뒤따라가며 배회,0,특정 인물을 뒤따라가며 배회,0,특정 인물을 뒤따라가며 배회,0,0,전동킥보드 인도 주행,0,전동킥보드 인도 주행,0,전동킥보드 인도 주행,0,전동킥보드 인도 주행,0,비정상적인 경로로의 침범,1,특정 구역 내 지속 배회,0,비정상적인 경로로의 침범,1,특정 구역 내 지속 배회,0,오토바이 인도 주행,0,비정상적인 경로로의 침범,0,오토바이 인도 주행,0,비정상적인 경로로의 침범,0,신체적 충돌을 동반한 싸움,0,신체적 충돌을 동반한 싸움,0,오토바이 인도 주행,0,신체적 충돌을 동반한 싸움,4326,8596,136708,319694
aihub_multi_angle_cctv:Validation:lo_e1026,39763.333333333336,16838.666666666668,특정 구역 내 지속 배회,Validation,c1,c2,39763.333333333336,16838.666666666668,2.3614300419669014,asymmetric,temporal_relation,287,556,특정 인물을 뒤따라가며 배회,0,특정 인물을 뒤따라가며 배회,0,특정 인물을 뒤따라가며 배회,0,특정 인물을 뒤따라가며 배회,0,0,신체적 충돌을 동반한 싸움,0,신체적 충돌을 동반한 싸움,0,전동킥보드 인도 주행,0,전동킥보드 인도 주행,0,비정상적인 경로로의 침범,1,특정 구역 내 지속 배회,0,비정상적인 경로로의 침범,1,특정 구역 내 지속 배회,0,오토바이 인도 주행,0,비정상적인 경로로의 침범,0,오토바이 인도 주행,0,비정상적인 경로로의 침범,0,신체적 충돌을 동반한 싸움,0,신체적 충돌을 동반한 싸움,0,오토바이 인도 주행,0,신체적 충돌을 동반한 싸움,4383,8748,145570,321927
aihub_multi_angle_cctv:Training:fp_e1986,46283.333333333336,102491.33333333333,특정 인물을 뒤따라가며 배회,Training,c2,c1,102491.33333333333,46283.333333333336,2.2144328411955345,asymmetric,temporal_relation,274,494,특정 인물을 뒤따라가며 배회,1,특정 인물을 뒤따라가며 배회,1,특정 인물을 뒤따라가며 배회,1,특정 인물을 뒤따라가며 배회,1,0,전동킥보드 인도 주행,0,비정상적인 경로로의 침범,0,전동킥보드 인도 주행,0,전동킥보드 인도 주행,0,비정상적인 경로로의 침범,0,비정상적인 경로로의 침범,0,비정상적인 경로로의 침범,0,비정상적인 경로로의 침범,0,비정상적인 경로로의 침범,0,비정상적인 경로로의 침범,0,오토바이 인도 주행,0,비정상적인 경로로의 침범,0,신체적 충돌을 동반한 싸움,0,신체적 충돌을 동반한 싸움,0,오토바이 인도 주행,0,전동킥보드 인도 주행,4370,8686,159088,345645
aihub_multi_angle_cctv:Validation:fp_e1888,49245.666666666664,137786.0,특정 인물을 뒤따라가며 배회,Validation,c2,c1,137786.0,49245.666666666664,2.7979314592823736,asymmetric,temporal_relation,261,548,특정 인물을 뒤따라가며 배회,1,특정 인물을 뒤따라가며 배회,1,특정 인물을 뒤따라가며 배회,1,특정 인물을 뒤따라가며 배회,1,0,전동킥보드 인도 주행,0,전동킥보드 인도 주행,0,전동킥보드 인도 주행,0,전동킥보드 인도 주행,0,경계선을 통한 침입,0,비정상적인 경로로의 침범,0,비정상적인 경로로의 침범,0,비정상적인 경로로의 침범,0,오토바이 인도 주행,0,오토바이 인도 주행,0,오토바이 인도 주행,0,비정상적인 경로로의 침범,0,신체적 충돌을 동반한 싸움,0,신체적 충돌을 동반한 싸움,0,오토바이 인도 주행,0,신체적 충돌을 동반한 싸움,4357,8740,102636,271886
aihub_multi_angle_cctv:Training:bl_e0079,55038.0,15562.0,경계선을 통한 침입,Training,c1,c2,55038.0,15562.0,3.53669194190978,asymmetric,temporal_relation,218,470,특정 인물을 뒤따라가며 배회,0,특정 인물을 뒤따라가며 배회,0,특정 인물을 뒤따라가며 배회,0,특정 인물을 뒤따라가며 배회,0,0,전동킥보드 앞뒤 2인 탑승,0,전동킥보드 인도 주행,0,전동킥보드 인도 주행,0,전동킥보드 앞뒤 2인 탑승,0,비정상적인 경로로의 침범,0,비정상적인 경로로의 침범,0,비정상적인 경로로의 침범,0,비정상적인 경로로의 침범,0,비정상적인 경로로의 침범,0,비정상적인 경로로의 침범,0,오토바이 인도 주행,0,오토바이 인도 주행,0,<INVALID>,0,전동킥보드 인도 주행,0,오토바이 인도 주행,0,전동킥보드 앞뒤 2인 탑승,4314,8662,154566,312498
aihub_multi_angle_cctv:Validation:bl_e0219,77909.66666666667,36616.0,경계선을 통한 침입,Validation,c1,c2,77909.66666666667,36616.0,2.127749253513947,asymmetric,temporal_relation,264,539,자전거 인도 주행,0,자전거 인도 주행,0,자전거 인도 주행,0,자전거 인도 주행,0,0,전동킥보드 인도 주행,0,전동킥보드 인도 주행,0,전동킥보드 인도 주행,0,전동킥보드 인도 주행,0,특정 구역 내 지속 배회,1,경계선을 통한 침입,0,비정상적인 경로로의 침범,0,비정상적인 경로로의 침범,0,<INVALID>,0,비정상적인 경로로의 침범,0,오토바이 인도 주행,0,이륜 이동수단 탑승자 일부 또는 전체 헬멧 미착용,0,신체적 충돌을 동반한 싸움,1,경계선을 통한 침입,0,오토바이 인도 주행,0,전동킥보드 인도 주행,4360,8731,197076,363199
aihub_multi_angle_cctv:Training:ab_e0627,19966.0,40531.0,비정상적인 경로로의 침범,Training,c2,c1,40531.0,19966.0,2.030001001702895,asymmetric,temporal_relation,324,611,특정 인물을 뒤따라가며 배회,0,특정 인물을 뒤따라가며 배회,0,특정 인물을 뒤따라가며 배회,0,특정 인물을 뒤따라가며 배회,0,0,전동킥보드 인도 주행,0,전동킥보드 인도 주행,0,전동킥보드 인도 주행,0,전동킥보드 인도 주행,1,비정상적인 경로로의 침범,1,비정상적인 경로로의 침범,1,비정상적인 경로로의 침범,1,비정상적인 경로로의 침범,0,이륜 이동수단 탑승자 일부 또는 전체 헬멧 미착용,1,비정상적인 경로로의 침범,0,오토바이 인도 주행,0,이륜 이동수단 탑승자 일부 또는 전체 헬멧 미착용,0,경계선을 통한 침입,0,경계선을 통한 침입,0,오토바이 인도 주행,0,전동킥보드 앞뒤 2인 탑승,4420,8803,185950,339589
aihub_multi_angle_cctv:Validation:ab_e0490,49622.0,13145.0,비정상적인 경로로의 침범,Validation,c1,c2,49622.0,13145.0,3.7749714720426018,asymmetric,temporal_relation,199,406,특정 인물을 뒤따라가며 배회,0,경계선을 통한 침입,0,특정 인물을 뒤따라가며 배회,0,경계선을 통한 침입,0,0,전동킥보드 인도 주행,0,전동킥보드 인도 주행,0,전동킥보드 인도 주행,0,전동킥보드 인도 주행,1,비정상적인 경로로의 침범,1,비정상적인 경로로의 침범,1,비정상적인 경로로의 침범,0,경계선을 통한 침입,0,오토바이 인도 주행,1,비정상적인 경로로의 침범,0,오토바이 인도 주행,0,오토바이 인도 주행,0,경계선을 통한 침입,0,경계선을 통한 침입,0,오토바이 인도 주행,0,경계선을 통한 침입,4295,8598,187813,380046
aihub_multi_angle_cctv:Training:ms_e3499,7694.333333333333,19743.333333333332,오토바이 인도 주행,Training,c2,c1,19743.333333333332,7694.333333333333,2.5659576311571284,asymmetric,path_mode,338,724,오토바이 인도 주행,1,오토바이 인도 주행,1,오토바이 인도 주행,1,오토바이 인도 주행,1,1,오토바이 인도 주행,1,오토바이 인도 주행,0,전동킥보드 인도 주행,0,전동킥보드 인도 주행,0,비정상적인 경로로의 침범,0,전동킥보드 인도 주행,0,비정상적인 경로로의 침범,0,전동킥보드 앞뒤 2인 탑승,1,오토바이 인도 주행,0,비정상적인 경로로의 침범,1,오토바이 인도 주행,1,오토바이 인도 주행,0,전동킥보드 인도 주행,1,오토바이 인도 주행,1,오토바이 인도 주행,0,전동킥보드 인도 주행,4434,8916,103844,253633
aihub_multi_angle_cctv:Validation:ms_e3281,38656.666666666664,19032.666666666668,오토바이 인도 주행,Validation,c1,c2,38656.666666666664,19032.666666666668,2.0310693894707343,asymmetric,path_mode,331,680,오토바이 인도 주행,1,오토바이 인도 주행,1,오토바이 인도 주행,1,오토바이 인도 주행,1,0,전동킥보드 인도 주행,0,전동킥보드 인도 주행,0,전동킥보드 인도 주행,0,전동킥보드 인도 주행,1,오토바이 인도 주행,0,비정상적인 경로로의 침범,0,비정상적인 경로로의 침범,0,비정상적인 경로로의 침범,1,오토바이 인도 주행,0,비정상적인 경로로의 침범,1,오토바이 인도 주행,0,비정상적인 경로로의 침범,1,오토바이 인도 주행,0,전동킥보드 인도 주행,1,오토바이 인도 주행,0,전동킥보드 인도 주행,4427,8872,146709,253001
aihub_multi_angle_cctv:Training:md_e2296,48965.333333333336,10189.0,이륜 이동수단 운전자 1인 헬멧 미착용,Training,c1,c2,48965.333333333336,10189.0,4.805705499394772,asymmetric,attribute_count,342,715,이륜 이동수단 운전자 1인 헬멧 미착용,1,이륜 이동수단 탑승자 일부 또는 전체 헬멧 미착용,0,이륜 이동수단 운전자 1인 헬멧 미착용,1,이륜 이동수단 탑승자 일부 또는 전체 헬멧 미착용,0,0,전동킥보드 인도 주행,0,전동킥보드 인도 주행,0,전동킥보드 인도 주행,0,전동킥보드 인도 주행,0,비정상적인 경로로의 침범,0,비정상적인 경로로의 침범,0,비정상적인 경로로의 침범,0,비정상적인 경로로의 침범,0,오토바이 인도 주행,0,오토바이 인도 주행,0,오토바이 인도 주행,0,오토바이 인도 주행,0,오토바이 인도 주행,0,전동킥보드 인도 주행,0,오토바이 인도 주행,0,전동킥보드 인도 주행,4438,8907,193343,405890
aihub_multi_angle_cctv:Validation:md_e2283,63408.0,18030.333333333332,이륜 이동수단 운전자 1인 헬멧 미착용,Validation,c1,c2,63408.0,18030.333333333332,3.516740307999483,asymmetric,attribute_count,299,566,이륜 이동수단 운전자 1인 헬멧 미착용,1,이륜 이동수단 운전자 1인 헬멧 미착용,1,이륜 이동수단 운전자 1인 헬멧 미착용,1,이륜 이동수단 운전자 1인 헬멧 미착용,1,0,오토바이 인도 주행,0,오토바이 인도 주행,0,전동킥보드 인도 주행,0,오토바이 인도 주행,0,오토바이 인도 주행,0,오토바이 인도 주행,0,비정상적인 경로로의 침범,0,오토바이 인도 주행,0,오토바이 인도 주행,0,오토바이 인도 주행,0,오토바이 인도 주행,0,오토바이 인도 주행,0,오토바이 인도 주행,0,오토바이 인도 주행,0,오토바이 인도 주행,0,오토바이 인도 주행,4395,8758,189505,400242
aihub_multi_angle_cctv:Training:mp_e2850,108583.33333333333,29349.333333333332,이륜 이동수단 탑승자 일부 또는 전체 헬멧 미착용,Training,c1,c2,108583.33333333333,29349.333333333332,3.699686534617481,asymmetric,attribute_count,340,713,이륜 이동수단 운전자 1인 헬멧 미착용,0,이륜 이동수단 운전자 1인 헬멧 미착용,0,이륜 이동수단 운전자 1인 헬멧 미착용,0,이륜 이동수단 운전자 1인 헬멧 미착용,0,0,오토바이 인도 주행,0,오토바이 인도 주행,0,전동킥보드 인도 주행,0,전동킥보드 인도 주행,0,오토바이 인도 주행,0,오토바이 인도 주행,0,비정상적인 경로로의 침범,0,오토바이 인도 주행,0,오토바이 인도 주행,0,비정상적인 경로로의 침범,0,오토바이 인도 주행,0,비정상적인 경로로의 침범,0,오토바이 인도 주행,0,전동킥보드 앞뒤 2인 탑승,0,오토바이 인도 주행,0,전동킥보드 앞뒤 2인 탑승,4436,8905,229142,429209
aihub_multi_angle_cctv:Validation:mp_e2683,19863.666666666668,46218.0,이륜 이동수단 탑승자 일부 또는 전체 헬멧 미착용,Validation,c2,c1,46218.0,19863.666666666668,2.32676075246262,asymmetric,attribute_count,359,701,이륜 이동수단 탑승자 일부 또는 전체 헬멧 미착용,1,이륜 이동수단 탑승자 일부 또는 전체 헬멧 미착용,1,이륜 이동수단 탑승자 일부 또는 전체 헬멧 미착용,1,이륜 이동수단 탑승자 일부 또는 전체 헬멧 미착용,1,0,오토바이 인도 주행,0,오토바이 인도 주행,0,전동킥보드 인도 주행,0,오토바이 인도 주행,0,오토바이 인도 주행,0,오토바이 인도 주행,0,비정상적인 경로로의 침범,0,오토바이 인도 주행,0,오토바이 인도 주행,0,오토바이 인도 주행,0,오토바이 인도 주행,0,오토바이 인도 주행,0,오토바이 인도 주행,0,오토바이 인도 주행,0,오토바이 인도 주행,0,오토바이 인도 주행,4455,8893,136460,304190
aihub_multi_angle_cctv:Training:bs_e4304,30400.666666666668,10776.666666666666,자전거 인도 주행,Training,c1,c2,30400.666666666668,10776.666666666666,2.8209712341478506,asymmetric,path_mode,287,557,자전거 인도 주행,1,자전거 인도 주행,1,자전거 인도 주행,1,자전거 인도 주행,1,0,전동킥보드 인도 주행,0,전동킥보드 인도 주행,0,전동킥보드 인도 주행,0,전동킥보드 앞뒤 2인 탑승,0,비정상적인 경로로의 침범,0,비정상적인 경로로의 침범,0,비정상적인 경로로의 침범,0,전동킥보드 인도 주행,0,오토바이 인도 주행,0,오토바이 인도 주행,0,오토바이 인도 주행,0,전동킥보드 앞뒤 2인 탑승,0,오토바이 인도 주행,0,전동킥보드 인도 주행,0,오토바이 인도 주행,0,전동킥보드 앞뒤 2인 탑승,4383,8749,157595,373371
aihub_multi_angle_cctv:Validation:bs_e4454,54180.0,11902.333333333334,자전거 인도 주행,Validation,c1,c2,54180.0,11902.333333333334,4.5520486179180555,asymmetric,path_mode,274,544,자전거 인도 주행,1,자전거 인도 주행,1,자전거 인도 주행,1,자전거 인도 주행,1,0,전동킥보드 인도 주행,0,전동킥보드 인도 주행,0,전동킥보드 인도 주행,0,전동킥보드 인도 주행,1,자전거 인도 주행,1,자전거 인도 주행,0,비정상적인 경로로의 침범,0,비정상적인 경로로의 침범,0,<INVALID>,0,비정상적인 경로로의 침범,0,오토바이 인도 주행,0,오토바이 인도 주행,0,오토바이 인도 주행,0,오토바이 인도 주행,0,오토바이 인도 주행,0,전동킥보드 인도 주행,4370,8736,153349,246962
aihub_multi_angle_cctv:Training:st_e4824,13232.666666666666,26801.666666666668,전동킥보드 앞뒤 2인 탑승,Training,c2,c1,26801.666666666668,13232.666666666666,2.0254168975767044,asymmetric,attribute_count,340,652,전동킥보드 앞뒤 2인 탑승,1,전동킥보드 앞뒤 2인 탑승,1,전동킥보드 앞뒤 2인 탑승,1,전동킥보드 앞뒤 2인 탑승,1,0,전동킥보드 인도 주행,0,전동킥보드 인도 주행,0,전동킥보드 인도 주행,0,전동킥보드 인도 주행,0,비정상적인 경로로의 침범,0,비정상적인 경로로의 침범,0,비정상적인 경로로의 침범,0,비정상적인 경로로의 침범,0,비정상적인 경로로의 침범,0,비정상적인 경로로의 침범,0,오토바이 인도 주행,0,오토바이 인도 주행,0,전동킥보드 인도 주행,0,전동킥보드 인도 주행,0,오토바이 인도 주행,0,전동킥보드 인도 주행,4436,8844,97099,161055
aihub_multi_angle_cctv:Validation:st_e4917,43345.333333333336,16823.333333333332,전동킥보드 앞뒤 2인 탑승,Validation,c1,c2,43345.333333333336,16823.333333333332,2.576500891618784,asymmetric,attribute_count,335,696,전동킥보드 앞뒤 2인 탑승,1,전동킥보드 앞뒤 2인 탑승,1,전동킥보드 앞뒤 2인 탑승,1,전동킥보드 앞뒤 2인 탑승,1,0,전동킥보드 인도 주행,0,전동킥보드 인도 주행,0,전동킥보드 인도 주행,0,전동킥보드 인도 주행,0,비정상적인 경로로의 침범,0,비정상적인 경로로의 침범,0,비정상적인 경로로의 침범,0,오토바이 인도 주행,0,오토바이 인도 주행,0,오토바이 인도 주행,0,오토바이 인도 주행,0,오토바이 인도 주행,0,전동킥보드 인도 주행,0,전동킥보드 인도 주행,0,오토바이 인도 주행,0,전동킥보드 인도 주행,4431,8888,172052,337644
aihub_multi_angle_cctv:Training:es_e3871,7974.0,95262.0,전동킥보드 인도 주행,Training,c2,c1,95262.0,7974.0,11.946576373212942,asymmetric,path_mode,349,668,전동킥보드 인도 주행,1,전동킥보드 인도 주행,1,전동킥보드 인도 주행,1,전동킥보드 인도 주행,1,1,전동킥보드 인도 주행,1,전동킥보드 인도 주행,1,전동킥보드 인도 주행,1,전동킥보드 인도 주행,1,전동킥보드 인도 주행,1,전동킥보드 인도 주행,0,비정상적인 경로로의 침범,0,비정상적인 경로로의 침범,1,전동킥보드 인도 주행,0,오토바이 인도 주행,0,오토바이 인도 주행,0,비정상적인 경로로의 침범,1,전동킥보드 인도 주행,1,전동킥보드 인도 주행,0,오토바이 인도 주행,1,전동킥보드 인도 주행,4445,8860,152220,305718
aihub_multi_angle_cctv:Validation:es_e3698,27990.0,8423.666666666666,전동킥보드 인도 주행,Validation,c1,c2,27990.0,8423.666666666666,3.3227810533813464,asymmetric,path_mode,295,529,전동킥보드 인도 주행,1,전동킥보드 인도 주행,1,전동킥보드 인도 주행,1,전동킥보드 인도 주행,1,1,전동킥보드 인도 주행,1,전동킥보드 인도 주행,1,전동킥보드 인도 주행,1,전동킥보드 인도 주행,1,전동킥보드 인도 주행,1,전동킥보드 인도 주행,0,비정상적인 경로로의 침범,0,비정상적인 경로로의 침범,0,<INVALID>,0,오토바이 인도 주행,0,오토바이 인도 주행,0,비정상적인 경로로의 침범,1,전동킥보드 인도 주행,1,전동킥보드 인도 주행,0,오토바이 인도 주행,0,신체적 충돌을 동반한 싸움,4391,8721,136821,263866
aihub_multi_angle_cctv:Training:lo_e1257,62446.666666666664,25668.666666666668,특정 구역 내 지속 배회,Training,c1,c2,62446.666666666664,25668.666666666668,2.432797444354985,asymmetric,temporal_relation,329,567,특정 인물을 뒤따라가며 배회,0,특정 인물을 뒤따라가며 배회,0,특정 인물을 뒤따라가며 배회,0,특정 인물을 뒤따라가며 배회,0,0,전동킥보드 인도 주행,0,전동킥보드 인도 주행,0,전동킥보드 인도 주행,0,전동킥보드 인도 주행,0,비정상적인 경로로의 침범,0,비정상적인 경로로의 침범,0,비정상적인 경로로의 침범,0,비정상적인 경로로의 침범,0,비정상적인 경로로의 침범,0,비정상적인 경로로의 침범,0,오토바이 인도 주행,0,비정상적인 경로로의 침범,0,전동킥보드 앞뒤 2인 탑승,0,전동킥보드 앞뒤 2인 탑승,0,오토바이 인도 주행,0,신체적 충돌을 동반한 싸움,4425,8759,144632,300691
aihub_multi_angle_cctv:Validation:lo_e1030,53830.333333333336,12163.333333333334,특정 구역 내 지속 배회,Validation,c1,c2,53830.333333333336,12163.333333333334,4.425623458481776,asymmetric,temporal_relation,255,597,특정 인물을 뒤따라가며 배회,0,특정 인물을 뒤따라가며 배회,0,특정 인물을 뒤따라가며 배회,0,특정 인물을 뒤따라가며 배회,0,0,전동킥보드 인도 주행,0,전동킥보드 인도 주행,0,전동킥보드 인도 주행,0,전동킥보드 인도 주행,0,비정상적인 경로로의 침범,0,비정상적인 경로로의 침범,0,비정상적인 경로로의 침범,0,비정상적인 경로로의 침범,0,비정상적인 경로로의 침범,0,비정상적인 경로로의 침범,0,오토바이 인도 주행,0,비정상적인 경로로의 침범,0,신체적 충돌을 동반한 싸움,0,전동킥보드 앞뒤 2인 탑승,0,오토바이 인도 주행,0,신체적 충돌을 동반한 싸움,4351,8789,145778,321315
aihub_multi_angle_cctv:Training:fp_e1611,51630.0,11279.666666666666,특정 인물을 뒤따라가며 배회,Training,c1,c2,51630.0,11279.666666666666,4.577262921481132,asymmetric,temporal_relation,246,500,특정 인물을 뒤따라가며 배회,1,특정 인물을 뒤따라가며 배회,1,특정 인물을 뒤따라가며 배회,1,특정 인물을 뒤따라가며 배회,1,0,전동킥보드 인도 주행,0,전동킥보드 인도 주행,0,전동킥보드 인도 주행,0,전동킥보드 인도 주행,0,비정상적인 경로로의 침범,0,비정상적인 경로로의 침범,0,비정상적인 경로로의 침범,0,비정상적인 경로로의 침범,0,비정상적인 경로로의 침범,0,비정상적인 경로로의 침범,0,오토바이 인도 주행,0,비정상적인 경로로의 침범,0,오토바이 인도 주행,0,오토바이 인도 주행,0,오토바이 인도 주행,0,오토바이 인도 주행,4342,8692,182739,357459
aihub_multi_angle_cctv:Validation:fp_e1645,17587.333333333332,46926.333333333336,특정 인물을 뒤따라가며 배회,Validation,c2,c1,46926.333333333336,17587.333333333332,2.668189227095258,asymmetric,temporal_relation,272,490,특정 인물을 뒤따라가며 배회,1,자전거 인도 주행,0,자전거 인도 주행,0,특정 인물을 뒤따라가며 배회,1,0,전동킥보드 인도 주행,0,전동킥보드 인도 주행,0,전동킥보드 인도 주행,0,전동킥보드 인도 주행,0,비정상적인 경로로의 침범,0,비정상적인 경로로의 침범,0,비정상적인 경로로의 침범,0,비정상적인 경로로의 침범,0,비정상적인 경로로의 침범,0,비정상적인 경로로의 침범,0,오토바이 인도 주행,0,비정상적인 경로로의 침범,0,전동킥보드 인도 주행,0,전동킥보드 인도 주행,0,오토바이 인도 주행,0,오토바이 인도 주행,4368,8682,162005,297282
aihub_multi_angle_cctv:Training:bl_e0246,13935.333333333334,37595.333333333336,경계선을 통한 침입,Training,c2,c1,37595.333333333336,13935.333333333334,2.6978424149643594,asymmetric,temporal_relation,237,487,경계선을 통한 침입,1,자전거 인도 주행,0,경계선을 통한 침입,1,자전거 인도 주행,0,0,전동킥보드 인도 주행,0,전동킥보드 인도 주행,0,전동킥보드 인도 주행,0,전동킥보드 인도 주행,0,비정상적인 경로로의 침범,0,특정 구역 내 지속 배회,0,비정상적인 경로로의 침범,0,특정 구역 내 지속 배회,0,<INVALID>,0,비정상적인 경로로의 침범,0,오토바이 인도 주행,0,비정상적인 경로로의 침범,0,신체적 충돌을 동반한 싸움,0,신체적 충돌을 동반한 싸움,0,오토바이 인도 주행,0,신체적 충돌을 동반한 싸움,4333,8679,203348,395820
aihub_multi_angle_cctv:Validation:bl_e0029,22156.333333333332,10729.0,경계선을 통한 침입,Validation,c1,c2,22156.333333333332,10729.0,2.0650883897225585,asymmetric,temporal_relation,224,488,특정 인물을 뒤따라가며 배회,0,특정 인물을 뒤따라가며 배회,0,특정 인물을 뒤따라가며 배회,0,특정 인물을 뒤따라가며 배회,0,0,전동킥보드 인도 주행,0,전동킥보드 인도 주행,0,전동킥보드 인도 주행,0,전동킥보드 인도 주행,0,비정상적인 경로로의 침범,0,비정상적인 경로로의 침범,0,비정상적인 경로로의 침범,0,특정 구역 내 지속 배회,0,<INVALID>,0,비정상적인 경로로의 침범,0,오토바이 인도 주행,0,비정상적인 경로로의 침범,0,특정 구역 내 지속 배회,0,전동킥보드 인도 주행,0,오토바이 인도 주행,0,전동킥보드 인도 주행,4320,8680,193412,369718
aihub_multi_angle_cctv:Training:ab_e0496,53566.333333333336,12301.666666666666,비정상적인 경로로의 침범,Training,c1,c2,53566.333333333336,12301.666666666666,4.3543964232488825,asymmetric,temporal_relation,225,497,특정 인물을 뒤따라가며 배회,0,신체적 충돌을 동반한 싸움,0,특정 인물을 뒤따라가며 배회,0,특정 인물을 뒤따라가며 배회,0,0,전동킥보드 인도 주행,0,전동킥보드 인도 주행,0,전동킥보드 인도 주행,0,전동킥보드 인도 주행,1,비정상적인 경로로의 침범,1,비정상적인 경로로의 침범,1,비정상적인 경로로의 침범,0,경계선을 통한 침입,0,오토바이 인도 주행,0,오토바이 인도 주행,0,오토바이 인도 주행,0,오토바이 인도 주행,0,<INVALID>,0,전동킥보드 인도 주행,0,오토바이 인도 주행,0,전동킥보드 인도 주행,4321,8689,184406,376407
aihub_multi_angle_cctv:Validation:ab_e0826,95085.33333333333,45799.333333333336,비정상적인 경로로의 침범,Validation,c1,c2,95085.33333333333,45799.333333333336,2.0761292012984174,asymmetric,temporal_relation,185,449,경계선을 통한 침입,0,경계선을 통한 침입,0,경계선을 통한 침입,0,경계선을 통한 침입,0,0,전동킥보드 인도 주행,0,전동킥보드 인도 주행,0,전동킥보드 인도 주행,0,전동킥보드 인도 주행,1,비정상적인 경로로의 침범,0,특정 구역 내 지속 배회,1,비정상적인 경로로의 침범,1,비정상적인 경로로의 침범,1,비정상적인 경로로의 침범,1,비정상적인 경로로의 침범,0,오토바이 인도 주행,1,비정상적인 경로로의 침범,0,신체적 충돌을 동반한 싸움,0,전동킥보드 인도 주행,0,오토바이 인도 주행,0,전동킥보드 인도 주행,4281,8641,183351,344218
aihub_multi_angle_cctv:Training:ph_e2070,56918.666666666664,128825.33333333333,신체적 충돌을 동반한 싸움,Training,c2,c1,128825.33333333333,56918.666666666664,2.2633231043125863,asymmetric,temporal_relation,326,638,신체적 충돌을 동반한 싸움,1,신체적 충돌을 동반한 싸움,1,신체적 충돌을 동반한 싸움,1,신체적 충돌을 동반한 싸움,1,1,신체적 충돌을 동반한 싸움,1,신체적 충돌을 동반한 싸움,0,전동킥보드 인도 주행,0,전동킥보드 인도 주행,1,신체적 충돌을 동반한 싸움,1,신체적 충돌을 동반한 싸움,0,비정상적인 경로로의 침범,0,비정상적인 경로로의 침범,0,비정상적인 경로로의 침범,0,비정상적인 경로로의 침범,0,오토바이 인도 주행,0,비정상적인 경로로의 침범,1,신체적 충돌을 동반한 싸움,1,신체적 충돌을 동반한 싸움,0,오토바이 인도 주행,1,신체적 충돌을 동반한 싸움,4422,8830,152167,343852
aihub_multi_angle_cctv:Training:ms_e3216,6988.666666666667,89784.0,오토바이 인도 주행,Training,c2,c1,89784.0,6988.666666666667,12.847085757893732,asymmetric,path_mode,364,710,오토바이 인도 주행,1,오토바이 인도 주행,1,오토바이 인도 주행,1,오토바이 인도 주행,1,1,오토바이 인도 주행,1,오토바이 인도 주행,0,전동킥보드 인도 주행,0,전동킥보드 인도 주행,1,오토바이 인도 주행,1,오토바이 인도 주행,0,비정상적인 경로로의 침범,0,비정상적인 경로로의 침범,1,오토바이 인도 주행,1,오토바이 인도 주행,1,오토바이 인도 주행,0,비정상적인 경로로의 침범,1,오토바이 인도 주행,1,오토바이 인도 주행,1,오토바이 인도 주행,0,전동킥보드 인도 주행,4460,8902,175777,342865
aihub_multi_angle_cctv:Validation:ms_e3238,44874.666666666664,21989.666666666668,오토바이 인도 주행,Validation,c1,c2,44874.666666666664,21989.666666666668,2.040716093922903,asymmetric,path_mode,356,741,오토바이 인도 주행,1,오토바이 인도 주행,1,오토바이 인도 주행,1,오토바이 인도 주행,1,1,오토바이 인도 주행,1,오토바이 인도 주행,0,전동킥보드 인도 주행,1,오토바이 인도 주행,0,비정상적인 경로로의 침범,0,비정상적인 경로로의 침범,0,비정상적인 경로로의 침범,0,비정상적인 경로로의 침범,1,오토바이 인도 주행,0,비정상적인 경로로의 침범,1,오토바이 인도 주행,0,비정상적인 경로로의 침범,1,오토바이 인도 주행,1,오토바이 인도 주행,1,오토바이 인도 주행,1,오토바이 인도 주행,4452,8933,119191,169861
aihub_multi_angle_cctv:Training:md_e2261,105066.66666666667,40628.666666666664,이륜 이동수단 운전자 1인 헬멧 미착용,Training,c1,c2,105066.66666666667,40628.666666666664,2.5860230051031294,asymmetric,attribute_count,246,492,이륜 이동수단 운전자 1인 헬멧 미착용,1,이륜 이동수단 운전자 1인 헬멧 미착용,1,이륜 이동수단 운전자 1인 헬멧 미착용,1,이륜 이동수단 운전자 1인 헬멧 미착용,1,0,오토바이 인도 주행,0,오토바이 인도 주행,0,전동킥보드 인도 주행,0,오토바이 인도 주행,0,오토바이 인도 주행,0,오토바이 인도 주행,0,비정상적인 경로로의 침범,0,오토바이 인도 주행,0,오토바이 인도 주행,0,오토바이 인도 주행,0,오토바이 인도 주행,0,오토바이 인도 주행,0,오토바이 인도 주행,0,오토바이 인도 주행,0,오토바이 인도 주행,0,오토바이 인도 주행,4342,8684,218151,402543
aihub_multi_angle_cctv:Validation:md_e2236,37043.666666666664,15820.666666666666,이륜 이동수단 운전자 1인 헬멧 미착용,Validation,c1,c2,37043.666666666664,15820.666666666666,2.341473178542834,asymmetric,attribute_count,321,609,오토바이 인도 주행,0,오토바이 인도 주행,0,오토바이 인도 주행,0,오토바이 인도 주행,0,0,오토바이 인도 주행,0,오토바이 인도 주행,0,전동킥보드 인도 주행,0,오토바이 인도 주행,0,오토바이 인도 주행,0,오토바이 인도 주행,0,비정상적인 경로로의 침범,0,오토바이 인도 주행,0,오토바이 인도 주행,0,오토바이 인도 주행,0,오토바이 인도 주행,0,오토바이 인도 주행,0,오토바이 인도 주행,0,오토바이 인도 주행,0,오토바이 인도 주행,0,오토바이 인도 주행,4417,8801,136852,283806
aihub_multi_angle_cctv:Training:mp_e2712,54004.0,111063.66666666667,이륜 이동수단 탑승자 일부 또는 전체 헬멧 미착용,Training,c2,c1,111063.66666666667,54004.0,2.056582228476903,asymmetric,attribute_count,445,875,이륜 이동수단 탑승자 일부 또는 전체 헬멧 미착용,1,이륜 이동수단 탑승자 일부 또는 전체 헬멧 미착용,1,이륜 이동수단 탑승자 일부 또는 전체 헬멧 미착용,1,이륜 이동수단 탑승자 일부 또는 전체 헬멧 미착용,1,0,오토바이 인도 주행,0,오토바이 인도 주행,0,전동킥보드 인도 주행,0,오토바이 인도 주행,0,오토바이 인도 주행,0,오토바이 인도 주행,0,비정상적인 경로로의 침범,0,오토바이 인도 주행,0,<INVALID>,0,오토바이 인도 주행,0,오토바이 인도 주행,0,오토바이 인도 주행,0,전동킥보드 앞뒤 2인 탑승,0,오토바이 인도 주행,0,오토바이 인도 주행,0,오토바이 인도 주행,4541,9067,139129,287580
aihub_multi_angle_cctv:Validation:mp_e2854,113892.66666666667,38748.0,이륜 이동수단 탑승자 일부 또는 전체 헬멧 미착용,Validation,c1,c2,113892.66666666667,38748.0,2.939317298097106,asymmetric,attribute_count,409,818,이륜 이동수단 탑승자 일부 또는 전체 헬멧 미착용,1,이륜 이동수단 탑승자 일부 또는 전체 헬멧 미착용,1,이륜 이동수단 탑승자 일부 또는 전체 헬멧 미착용,1,이륜 이동수단 탑승자 일부 또는 전체 헬멧 미착용,1,0,오토바이 인도 주행,0,오토바이 인도 주행,0,전동킥보드 인도 주행,0,전동킥보드 인도 주행,0,오토바이 인도 주행,0,비정상적인 경로로의 침범,0,비정상적인 경로로의 침범,0,전동킥보드 앞뒤 2인 탑승,0,오토바이 인도 주행,0,비정상적인 경로로의 침범,0,오토바이 인도 주행,0,비정상적인 경로로의 침범,0,전동킥보드 인도 주행,0,전동킥보드 앞뒤 2인 탑승,0,오토바이 인도 주행,0,전동킥보드 앞뒤 2인 탑승,4505,9010,228519,427502
aihub_multi_angle_cctv:Training:bs_e4532,26110.333333333332,12920.333333333334,자전거 인도 주행,Training,c1,c2,26110.333333333332,12920.333333333334,2.020871494543484,asymmetric,path_mode,211,481,자전거 인도 주행,1,자전거 인도 주행,1,자전거 인도 주행,1,자전거 인도 주행,1,0,전동킥보드 인도 주행,0,전동킥보드 인도 주행,0,전동킥보드 인도 주행,0,전동킥보드 인도 주행,0,비정상적인 경로로의 침범,0,비정상적인 경로로의 침범,0,비정상적인 경로로의 침범,0,오토바이 인도 주행,0,비정상적인 경로로의 침범,0,비정상적인 경로로의 침범,0,오토바이 인도 주행,0,비정상적인 경로로의 침범,0,전동킥보드 인도 주행,0,오토바이 인도 주행,0,오토바이 인도 주행,0,오토바이 인도 주행,4307,8673,174645,332058
aihub_multi_angle_cctv:Validation:bs_e4560,28355.666666666668,12434.333333333334,자전거 인도 주행,Validation,c1,c2,28355.666666666668,12434.333333333334,2.2804332091252713,asymmetric,path_mode,242,524,자전거 인도 주행,1,자전거 인도 주행,1,자전거 인도 주행,1,자전거 인도 주행,1,0,전동킥보드 인도 주행,0,전동킥보드 인도 주행,0,전동킥보드 인도 주행,0,전동킥보드 인도 주행,0,비정상적인 경로로의 침범,0,비정상적인 경로로의 침범,0,비정상적인 경로로의 침범,0,오토바이 인도 주행,0,오토바이 인도 주행,0,비정상적인 경로로의 침범,0,오토바이 인도 주행,0,비정상적인 경로로의 침범,0,오토바이 인도 주행,0,오토바이 인도 주행,0,오토바이 인도 주행,0,오토바이 인도 주행,4338,8716,172503,341495
aihub_multi_angle_cctv:Training:st_e4701,33245.333333333336,67614.66666666667,전동킥보드 앞뒤 2인 탑승,Training,c2,c1,67614.66666666667,33245.333333333336,2.0338092564369936,asymmetric,attribute_count,394,754,전동킥보드 앞뒤 2인 탑승,1,전동킥보드 앞뒤 2인 탑승,1,전동킥보드 앞뒤 2인 탑승,1,전동킥보드 앞뒤 2인 탑승,1,0,전동킥보드 인도 주행,0,전동킥보드 인도 주행,0,전동킥보드 인도 주행,0,전동킥보드 인도 주행,0,오토바이 인도 주행,0,전동킥보드 인도 주행,0,비정상적인 경로로의 침범,0,전동킥보드 인도 주행,0,전동킥보드 인도 주행,0,전동킥보드 인도 주행,0,오토바이 인도 주행,0,비정상적인 경로로의 침범,0,전동킥보드 인도 주행,0,전동킥보드 인도 주행,0,오토바이 인도 주행,0,전동킥보드 인도 주행,4490,8946,147484,301296
aihub_multi_angle_cctv:Validation:st_e4698,48291.0,20692.333333333332,전동킥보드 앞뒤 2인 탑승,Validation,c1,c2,48291.0,20692.333333333332,2.3337629073569923,asymmetric,attribute_count,320,661,전동킥보드 앞뒤 2인 탑승,1,전동킥보드 앞뒤 2인 탑승,1,전동킥보드 앞뒤 2인 탑승,1,전동킥보드 앞뒤 2인 탑승,1,0,전동킥보드 인도 주행,0,전동킥보드 인도 주행,0,전동킥보드 인도 주행,0,전동킥보드 인도 주행,1,전동킥보드 앞뒤 2인 탑승,0,비정상적인 경로로의 침범,0,비정상적인 경로로의 침범,0,비정상적인 경로로의 침범,0,비정상적인 경로로의 침범,0,비정상적인 경로로의 침범,0,오토바이 인도 주행,0,<INVALID>,1,전동킥보드 앞뒤 2인 탑승,1,전동킥보드 앞뒤 2인 탑승,0,오토바이 인도 주행,0,전동킥보드 인도 주행,4416,8853,192273,382436
aihub_multi_angle_cctv:Training:es_e3760,45364.333333333336,19323.0,전동킥보드 인도 주행,Training,c1,c2,45364.333333333336,19323.0,2.347685832082665,asymmetric,path_mode,394,776,전동킥보드 앞뒤 2인 탑승,0,전동킥보드 앞뒤 2인 탑승,0,전동킥보드 앞뒤 2인 탑승,0,전동킥보드 앞뒤 2인 탑승,0,1,전동킥보드 인도 주행,1,전동킥보드 인도 주행,1,전동킥보드 인도 주행,1,전동킥보드 인도 주행,0,오토바이 인도 주행,0,오토바이 인도 주행,0,비정상적인 경로로의 침범,0,오토바이 인도 주행,0,오토바이 인도 주행,0,비정상적인 경로로의 침범,0,오토바이 인도 주행,0,오토바이 인도 주행,1,전동킥보드 인도 주행,1,전동킥보드 인도 주행,0,오토바이 인도 주행,1,전동킥보드 인도 주행,4490,8968,93522,137923
aihub_multi_angle_cctv:Validation:es_e3841,13736.333333333334,68888.33333333333,전동킥보드 인도 주행,Validation,c2,c1,68888.33333333333,13736.333333333334,5.01504525710403,asymmetric,path_mode,383,770,전동킥보드 인도 주행,1,전동킥보드 인도 주행,1,전동킥보드 인도 주행,1,전동킥보드 인도 주행,1,1,전동킥보드 인도 주행,1,전동킥보드 인도 주행,1,전동킥보드 인도 주행,1,전동킥보드 인도 주행,1,전동킥보드 인도 주행,0,비정상적인 경로로의 침범,0,비정상적인 경로로의 침범,0,비정상적인 경로로의 침범,0,오토바이 인도 주행,0,오토바이 인도 주행,0,오토바이 인도 주행,0,비정상적인 경로로의 침범,1,전동킥보드 인도 주행,1,전동킥보드 인도 주행,0,오토바이 인도 주행,1,전동킥보드 인도 주행,4479,8962,151017,306310
aihub_multi_angle_cctv:Training:lo_e1293,10592.666666666666,22867.666666666668,특정 구역 내 지속 배회,Training,c2,c1,22867.666666666668,10592.666666666666,2.158820567688338,asymmetric,temporal_relation,230,471,특정 인물을 뒤따라가며 배회,0,특정 인물을 뒤따라가며 배회,0,특정 인물을 뒤따라가며 배회,0,특정 인물을 뒤따라가며 배회,0,0,신체적 충돌을 동반한 싸움,0,전동킥보드 인도 주행,0,전동킥보드 인도 주행,0,전동킥보드 인도 주행,0,특정 인물을 뒤따라가며 배회,0,비정상적인 경로로의 침범,0,비정상적인 경로로의 침범,0,비정상적인 경로로의 침범,0,비정상적인 경로로의 침범,0,비정상적인 경로로의 침범,0,오토바이 인도 주행,0,비정상적인 경로로의 침범,0,신체적 충돌을 동반한 싸움,0,신체적 충돌을 동반한 싸움,0,오토바이 인도 주행,0,신체적 충돌을 동반한 싸움,4326,8663,137148,284947
aihub_multi_angle_cctv:Validation:lo_e1272,22020.333333333332,8812.333333333334,특정 구역 내 지속 배회,Validation,c1,c2,22020.333333333332,8812.333333333334,2.4988084881037937,asymmetric,temporal_relation,233,488,특정 인물을 뒤따라가며 배회,0,특정 인물을 뒤따라가며 배회,0,특정 인물을 뒤따라가며 배회,0,특정 인물을 뒤따라가며 배회,0,0,전동킥보드 인도 주행,0,전동킥보드 인도 주행,0,전동킥보드 인도 주행,0,전동킥보드 인도 주행,0,비정상적인 경로로의 침범,0,비정상적인 경로로의 침범,0,비정상적인 경로로의 침범,0,비정상적인 경로로의 침범,0,비정상적인 경로로의 침범,0,비정상적인 경로로의 침범,0,오토바이 인도 주행,0,비정상적인 경로로의 침범,0,신체적 충돌을 동반한 싸움,0,전동킥보드 앞뒤 2인 탑승,0,오토바이 인도 주행,0,전동킥보드 앞뒤 2인 탑승,4329,8680,136716,290235
aihub_multi_angle_cctv:Training:fp_e1600,60485.0,13529.333333333334,특정 인물을 뒤따라가며 배회,Training,c1,c2,60485.0,13529.333333333334,4.470656351631024,asymmetric,temporal_relation,265,496,특정 인물을 뒤따라가며 배회,1,특정 인물을 뒤따라가며 배회,1,특정 인물을 뒤따라가며 배회,1,특정 인물을 뒤따라가며 배회,1,0,전동킥보드 인도 주행,0,전동킥보드 인도 주행,0,전동킥보드 인도 주행,0,전동킥보드 인도 주행,0,비정상적인 경로로의 침범,0,비정상적인 경로로의 침범,0,비정상적인 경로로의 침범,0,비정상적인 경로로의 침범,0,오토바이 인도 주행,0,비정상적인 경로로의 침범,0,오토바이 인도 주행,0,비정상적인 경로로의 침범,0,전동킥보드 인도 주행,0,전동킥보드 인도 주행,0,오토바이 인도 주행,0,전동킥보드 인도 주행,4361,8688,197204,382800
aihub_multi_angle_cctv:Validation:fp_e1486,46643.333333333336,107476.0,특정 인물을 뒤따라가며 배회,Validation,c2,c1,107476.0,46643.333333333336,2.304209247480883,asymmetric,temporal_relation,310,605,특정 인물을 뒤따라가며 배회,1,특정 인물을 뒤따라가며 배회,1,특정 인물을 뒤따라가며 배회,1,특정 인물을 뒤따라가며 배회,1,0,전동킥보드 인도 주행,0,전동킥보드 인도 주행,0,전동킥보드 인도 주행,0,전동킥보드 인도 주행,0,비정상적인 경로로의 침범,0,비정상적인 경로로의 침범,0,비정상적인 경로로의 침범,0,비정상적인 경로로의 침범,0,이륜 이동수단 운전자 1인 헬멧 미착용,0,오토바이 인도 주행,0,오토바이 인도 주행,0,오토바이 인도 주행,0,전동킥보드 앞뒤 2인 탑승,0,전동킥보드 앞뒤 2인 탑승,0,오토바이 인도 주행,0,신체적 충돌을 동반한 싸움,4406,8797,126387,285639
aihub_multi_angle_cctv:Training:bl_e0036,9018.666666666666,29725.333333333332,경계선을 통한 침입,Training,c2,c1,29725.333333333332,9018.666666666666,3.295978710821999,asymmetric,temporal_relation,218,424,경계선을 통한 침입,1,특정 인물을 뒤따라가며 배회,0,특정 인물을 뒤따라가며 배회,0,경계선을 통한 침입,1,0,전동킥보드 인도 주행,0,전동킥보드 인도 주행,0,전동킥보드 인도 주행,0,전동킥보드 인도 주행,0,특정 구역 내 지속 배회,1,경계선을 통한 침입,0,비정상적인 경로로의 침범,1,경계선을 통한 침입,0,<INVALID>,0,<INVALID>,0,오토바이 인도 주행,0,비정상적인 경로로의 침범,0,특정 구역 내 지속 배회,0,전동킥보드 인도 주행,0,오토바이 인도 주행,0,특정 구역 내 지속 배회,4314,8616,183957,362532
aihub_multi_angle_cctv:Validation:bl_e0269,65460.666666666664,18939.0,경계선을 통한 침입,Validation,c1,c2,65460.666666666664,18939.0,3.456395093017935,asymmetric,temporal_relation,247,536,경계선을 통한 침입,1,경계선을 통한 침입,1,경계선을 통한 침입,1,경계선을 통한 침입,1,0,전동킥보드 인도 주행,0,전동킥보드 인도 주행,0,전동킥보드 인도 주행,0,전동킥보드 인도 주행,0,비정상적인 경로로의 침범,1,경계선을 통한 침입,0,비정상적인 경로로의 침범,0,비정상적인 경로로의 침범,0,<INVALID>,0,비정상적인 경로로의 침범,0,오토바이 인도 주행,0,비정상적인 경로로의 침범,1,경계선을 통한 침입,1,경계선을 통한 침입,0,오토바이 인도 주행,0,신체적 충돌을 동반한 싸움,4343,8728,187365,356803
aihub_multi_angle_cctv:Training:ab_e0944,85738.66666666667,21277.333333333332,비정상적인 경로로의 침범,Training,c1,c2,85738.66666666667,21277.333333333332,4.029577641308435,asymmetric,temporal_relation,283,524,경계선을 통한 침입,0,경계선을 통한 침입,0,경계선을 통한 침입,0,경계선을 통한 침입,0,0,경계선을 통한 침입,0,경계선을 통한 침입,0,전동킥보드 인도 주행,0,전동킥보드 인도 주행,1,비정상적인 경로로의 침범,1,비정상적인 경로로의 침범,1,비정상적인 경로로의 침범,1,비정상적인 경로로의 침범,1,비정상적인 경로로의 침범,1,비정상적인 경로로의 침범,0,오토바이 인도 주행,1,비정상적인 경로로의 침범,0,<INVALID>,0,경계선을 통한 침입,0,오토바이 인도 주행,0,전동킥보드 인도 주행,4379,8716,159935,324079
aihub_multi_angle_cctv:Validation:ab_e0449,35028.333333333336,12023.333333333334,비정상적인 경로로의 침범,Validation,c1,c2,35028.333333333336,12023.333333333334,2.9133629054616024,asymmetric,temporal_relation,225,491,특정 인물을 뒤따라가며 배회,0,특정 인물을 뒤따라가며 배회,0,특정 인물을 뒤따라가며 배회,0,특정 인물을 뒤따라가며 배회,0,0,전동킥보드 인도 주행,0,전동킥보드 인도 주행,0,전동킥보드 인도 주행,0,전동킥보드 인도 주행,1,비정상적인 경로로의 침범,0,경계선을 통한 침입,1,비정상적인 경로로의 침범,0,경계선을 통한 침입,0,오토바이 인도 주행,0,오토바이 인도 주행,0,오토바이 인도 주행,0,오토바이 인도 주행,0,전동킥보드 앞뒤 2인 탑승,0,전동킥보드 앞뒤 2인 탑승,0,오토바이 인도 주행,0,전동킥보드 앞뒤 2인 탑승,4321,8683,174933,361476
aihub_multi_angle_cctv:Training:ph_e2063,76496.33333333333,35619.0,신체적 충돌을 동반한 싸움,Training,c1,c2,76496.33333333333,35619.0,2.1476272027101637,asymmetric,temporal_relation,267,638,신체적 충돌을 동반한 싸움,1,신체적 충돌을 동반한 싸움,1,신체적 충돌을 동반한 싸움,1,신체적 충돌을 동반한 싸움,1,0,전동킥보드 앞뒤 2인 탑승,0,전동킥보드 인도 주행,0,전동킥보드 인도 주행,0,전동킥보드 인도 주행,0,비정상적인 경로로의 침범,0,비정상적인 경로로의 침범,0,비정상적인 경로로의 침범,0,비정상적인 경로로의 침범,0,비정상적인 경로로의 침범,0,비정상적인 경로로의 침범,0,오토바이 인도 주행,0,비정상적인 경로로의 침범,1,신체적 충돌을 동반한 싸움,1,신체적 충돌을 동반한 싸움,0,오토바이 인도 주행,0,전동킥보드 앞뒤 2인 탑승,4363,8830,140226,296830
aihub_multi_angle_cctv:Training:ms_e3364,31719.0,76749.0,오토바이 인도 주행,Training,c2,c1,76749.0,31719.0,2.4196538352407075,asymmetric,path_mode,240,480,오토바이 인도 주행,1,오토바이 인도 주행,1,오토바이 인도 주행,1,오토바이 인도 주행,1,0,전동킥보드 앞뒤 2인 탑승,0,전동킥보드 인도 주행,0,전동킥보드 인도 주행,0,전동킥보드 인도 주행,1,오토바이 인도 주행,1,오토바이 인도 주행,0,비정상적인 경로로의 침범,0,비정상적인 경로로의 침범,0,비정상적인 경로로의 침범,0,비정상적인 경로로의 침범,1,오토바이 인도 주행,0,비정상적인 경로로의 침범,1,오토바이 인도 주행,1,오토바이 인도 주행,1,오토바이 인도 주행,1,오토바이 인도 주행,4336,8672,162632,298447
aihub_multi_angle_cctv:Validation:ms_e3264,43730.333333333336,20120.666666666668,오토바이 인도 주행,Validation,c1,c2,43730.333333333336,20120.666666666668,2.173403797090885,asymmetric,path_mode,297,649,오토바이 인도 주행,1,오토바이 인도 주행,1,오토바이 인도 주행,1,오토바이 인도 주행,1,1,오토바이 인도 주행,1,오토바이 인도 주행,0,전동킥보드 인도 주행,0,전동킥보드 인도 주행,1,오토바이 인도 주행,1,오토바이 인도 주행,0,비정상적인 경로로의 침범,1,오토바이 인도 주행,1,오토바이 인도 주행,1,오토바이 인도 주행,1,오토바이 인도 주행,1,오토바이 인도 주행,1,오토바이 인도 주행,1,오토바이 인도 주행,1,오토바이 인도 주행,1,오토바이 인도 주행,4393,8841,144747,250323
aihub_multi_angle_cctv:Training:md_e2578,25411.333333333332,57306.666666666664,이륜 이동수단 운전자 1인 헬멧 미착용,Training,c2,c1,57306.666666666664,25411.333333333332,2.2551617388566783,asymmetric,attribute_count,277,522,이륜 이동수단 탑승자 일부 또는 전체 헬멧 미착용,0,이륜 이동수단 탑승자 일부 또는 전체 헬멧 미착용,0,이륜 이동수단 탑승자 일부 또는 전체 헬멧 미착용,0,이륜 이동수단 탑승자 일부 또는 전체 헬멧 미착용,0,0,전동킥보드 인도 주행,0,오토바이 인도 주행,0,전동킥보드 인도 주행,0,오토바이 인도 주행,0,특정 구역 내 지속 배회,0,오토바이 인도 주행,0,비정상적인 경로로의 침범,0,오토바이 인도 주행,0,비정상적인 경로로의 침범,0,오토바이 인도 주행,0,오토바이 인도 주행,0,오토바이 인도 주행,0,신체적 충돌을 동반한 싸움,0,오토바이 인도 주행,0,오토바이 인도 주행,0,전동킥보드 인도 주행,4373,8714,90027,207874
aihub_multi_angle_cctv:Training:mp_e2847,89645.33333333333,39785.0,이륜 이동수단 탑승자 일부 또는 전체 헬멧 미착용,Training,c1,c2,89645.33333333333,39785.0,2.253244522642537,asymmetric,attribute_count,394,790,이륜 이동수단 운전자 1인 헬멧 미착용,0,이륜 이동수단 운전자 1인 헬멧 미착용,0,이륜 이동수단 운전자 1인 헬멧 미착용,0,이륜 이동수단 운전자 1인 헬멧 미착용,0,0,오토바이 인도 주행,0,오토바이 인도 주행,0,전동킥보드 인도 주행,0,오토바이 인도 주행,0,오토바이 인도 주행,0,오토바이 인도 주행,0,비정상적인 경로로의 침범,0,오토바이 인도 주행,0,오토바이 인도 주행,0,오토바이 인도 주행,0,오토바이 인도 주행,0,오토바이 인도 주행,0,전동킥보드 앞뒤 2인 탑승,0,전동킥보드 앞뒤 2인 탑승,0,오토바이 인도 주행,0,전동킥보드 앞뒤 2인 탑승,4490,8982,226624,419801
aihub_multi_angle_cctv:Training:bs_e4321,40617.666666666664,17669.666666666668,자전거 인도 주행,Training,c1,c2,40617.666666666664,17669.666666666668,2.2987228583825385,asymmetric,path_mode,265,545,자전거 인도 주행,1,자전거 인도 주행,1,자전거 인도 주행,1,자전거 인도 주행,1,0,전동킥보드 인도 주행,0,전동킥보드 인도 주행,0,전동킥보드 인도 주행,0,전동킥보드 인도 주행,0,오토바이 인도 주행,0,오토바이 인도 주행,0,비정상적인 경로로의 침범,0,비정상적인 경로로의 침범,0,오토바이 인도 주행,0,오토바이 인도 주행,0,오토바이 인도 주행,0,비정상적인 경로로의 침범,0,오토바이 인도 주행,0,오토바이 인도 주행,0,오토바이 인도 주행,0,전동킥보드 인도 주행,4361,8737,104788,181600
aihub_multi_angle_cctv:Validation:bs_e4433,23220.0,10247.333333333334,자전거 인도 주행,Validation,c1,c2,23220.0,10247.333333333334,2.265955370502895,asymmetric,path_mode,271,497,자전거 인도 주행,1,자전거 인도 주행,1,자전거 인도 주행,1,자전거 인도 주행,1,0,전동킥보드 인도 주행,0,전동킥보드 인도 주행,0,전동킥보드 인도 주행,0,전동킥보드 인도 주행,1,자전거 인도 주행,0,비정상적인 경로로의 침범,0,비정상적인 경로로의 침범,0,비정상적인 경로로의 침범,0,비정상적인 경로로의 침범,0,오토바이 인도 주행,0,오토바이 인도 주행,0,비정상적인 경로로의 침범,0,전동킥보드 인도 주행,0,전동킥보드 인도 주행,0,오토바이 인도 주행,0,전동킥보드 인도 주행,4367,8689,133118,275006
aihub_multi_angle_cctv:Training:st_e4846,51425.0,11424.0,전동킥보드 앞뒤 2인 탑승,Training,c1,c2,51425.0,11424.0,4.501488095238095,asymmetric,attribute_count,323,660,전동킥보드 앞뒤 2인 탑승,1,전동킥보드 앞뒤 2인 탑승,1,전동킥보드 앞뒤 2인 탑승,1,전동킥보드 앞뒤 2인 탑승,1,0,전동킥보드 인도 주행,0,전동킥보드 인도 주행,0,전동킥보드 인도 주행,0,전동킥보드 인도 주행,1,전동킥보드 앞뒤 2인 탑승,0,비정상적인 경로로의 침범,0,비정상적인 경로로의 침범,0,비정상적인 경로로의 침범,0,오토바이 인도 주행,0,오토바이 인도 주행,0,오토바이 인도 주행,0,오토바이 인도 주행,1,전동킥보드 앞뒤 2인 탑승,1,전동킥보드 앞뒤 2인 탑승,0,오토바이 인도 주행,0,전동킥보드 인도 주행,4419,8852,191082,411627
aihub_multi_angle_cctv:Validation:st_e4838,63732.333333333336,21668.0,전동킥보드 앞뒤 2인 탑승,Validation,c1,c2,63732.333333333336,21668.0,2.941311303919759,asymmetric,attribute_count,472,900,전동킥보드 앞뒤 2인 탑승,1,전동킥보드 앞뒤 2인 탑승,1,전동킥보드 앞뒤 2인 탑승,1,전동킥보드 앞뒤 2인 탑승,1,0,전동킥보드 인도 주행,0,전동킥보드 인도 주행,0,전동킥보드 인도 주행,0,전동킥보드 인도 주행,1,전동킥보드 앞뒤 2인 탑승,1,전동킥보드 앞뒤 2인 탑승,0,비정상적인 경로로의 침범,0,비정상적인 경로로의 침범,0,오토바이 인도 주행,0,오토바이 인도 주행,0,오토바이 인도 주행,0,오토바이 인도 주행,1,전동킥보드 앞뒤 2인 탑승,1,전동킥보드 앞뒤 2인 탑승,0,오토바이 인도 주행,0,전동킥보드 인도 주행,4568,9092,187457,401063
aihub_multi_angle_cctv:Training:es_e3945,24119.333333333332,7589.333333333333,전동킥보드 인도 주행,Training,c1,c2,24119.333333333332,7589.333333333333,3.1780569219957835,asymmetric,path_mode,236,489,전동킥보드 인도 주행,1,전동킥보드 인도 주행,1,전동킥보드 인도 주행,1,전동킥보드 인도 주행,1,1,전동킥보드 인도 주행,1,전동킥보드 인도 주행,1,전동킥보드 인도 주행,1,전동킥보드 인도 주행,0,비정상적인 경로로의 침범,0,비정상적인 경로로의 침범,0,비정상적인 경로로의 침범,0,비정상적인 경로로의 침범,0,비정상적인 경로로의 침범,0,비정상적인 경로로의 침범,0,오토바이 인도 주행,0,비정상적인 경로로의 침범,0,신체적 충돌을 동반한 싸움,0,신체적 충돌을 동반한 싸움,0,오토바이 인도 주행,1,전동킥보드 인도 주행,4332,8681,140070,293264
aihub_multi_angle_cctv:Validation:es_e4062,83388.0,20420.333333333332,전동킥보드 인도 주행,Validation,c1,c2,83388.0,20420.333333333332,4.083576827018821,asymmetric,path_mode,449,877,전동킥보드 인도 주행,1,전동킥보드 인도 주행,1,전동킥보드 인도 주행,1,전동킥보드 인도 주행,1,1,전동킥보드 인도 주행,1,전동킥보드 인도 주행,1,전동킥보드 인도 주행,1,전동킥보드 인도 주행,1,전동킥보드 인도 주행,1,전동킥보드 인도 주행,0,비정상적인 경로로의 침범,0,비정상적인 경로로의 침범,1,전동킥보드 인도 주행,0,오토바이 인도 주행,0,오토바이 인도 주행,0,오토바이 인도 주행,1,전동킥보드 인도 주행,1,전동킥보드 인도 주행,0,오토바이 인도 주행,0,전동킥보드 앞뒤 2인 탑승,4545,9069,150874,243212
aihub_multi_angle_cctv:Training:lo_e1302,11765.666666666666,33868.0,특정 구역 내 지속 배회,Training,c2,c1,33868.0,11765.666666666666,2.8785449188316288,asymmetric,temporal_relation,202,396,특정 인물을 뒤따라가며 배회,0,특정 인물을 뒤따라가며 배회,0,특정 인물을 뒤따라가며 배회,0,특정 인물을 뒤따라가며 배회,0,0,전동킥보드 인도 주행,0,전동킥보드 인도 주행,0,전동킥보드 인도 주행,0,전동킥보드 인도 주행,0,비정상적인 경로로의 침범,0,비정상적인 경로로의 침범,0,비정상적인 경로로의 침범,0,비정상적인 경로로의 침범,0,비정상적인 경로로의 침범,0,비정상적인 경로로의 침범,0,오토바이 인도 주행,0,비정상적인 경로로의 침범,0,신체적 충돌을 동반한 싸움,0,전동킥보드 앞뒤 2인 탑승,0,오토바이 인도 주행,0,신체적 충돌을 동반한 싸움,4298,8588,132750,280114
aihub_multi_angle_cctv:Validation:lo_e1354,29857.0,14511.0,특정 구역 내 지속 배회,Validation,c1,c2,29857.0,14511.0,2.057542553924609,asymmetric,temporal_relation,275,519,특정 인물을 뒤따라가며 배회,0,특정 인물을 뒤따라가며 배회,0,특정 인물을 뒤따라가며 배회,0,특정 인물을 뒤따라가며 배회,0,0,전동킥보드 인도 주행,0,전동킥보드 인도 주행,0,전동킥보드 인도 주행,0,전동킥보드 인도 주행,0,비정상적인 경로로의 침범,0,비정상적인 경로로의 침범,0,비정상적인 경로로의 침범,0,비정상적인 경로로의 침범,0,오토바이 인도 주행,0,오토바이 인도 주행,0,오토바이 인도 주행,0,<INVALID>,0,신체적 충돌을 동반한 싸움,0,신체적 충돌을 동반한 싸움,0,오토바이 인도 주행,0,신체적 충돌을 동반한 싸움,4371,8711,137140,293613
aihub_multi_angle_cctv:Training:fp_e1388,72612.33333333333,31871.0,특정 인물을 뒤따라가며 배회,Training,c1,c2,72612.33333333333,31871.0,2.278319893738299,asymmetric,temporal_relation,313,605,특정 인물을 뒤따라가며 배회,1,특정 인물을 뒤따라가며 배회,1,특정 인물을 뒤따라가며 배회,1,특정 인물을 뒤따라가며 배회,1,0,전동킥보드 인도 주행,0,신체적 충돌을 동반한 싸움,0,전동킥보드 인도 주행,0,전동킥보드 인도 주행,1,특정 인물을 뒤따라가며 배회,0,특정 구역 내 지속 배회,0,비정상적인 경로로의 침범,0,특정 구역 내 지속 배회,0,오토바이 인도 주행,0,비정상적인 경로로의 침범,0,오토바이 인도 주행,0,비정상적인 경로로의 침범,0,전동킥보드 앞뒤 2인 탑승,0,전동킥보드 앞뒤 2인 탑승,0,오토바이 인도 주행,0,신체적 충돌을 동반한 싸움,4409,8797,135298,310798
aihub_multi_angle_cctv:Validation:fp_e1594,61187.333333333336,14738.333333333334,특정 인물을 뒤따라가며 배회,Validation,c1,c2,61187.333333333336,14738.333333333334,4.151577518941536,asymmetric,temporal_relation,225,481,특정 인물을 뒤따라가며 배회,1,특정 인물을 뒤따라가며 배회,1,특정 인물을 뒤따라가며 배회,1,특정 인물을 뒤따라가며 배회,1,0,전동킥보드 인도 주행,0,전동킥보드 인도 주행,0,전동킥보드 인도 주행,0,전동킥보드 인도 주행,0,비정상적인 경로로의 침범,0,비정상적인 경로로의 침범,0,비정상적인 경로로의 침범,0,비정상적인 경로로의 침범,0,비정상적인 경로로의 침범,0,비정상적인 경로로의 침범,0,오토바이 인도 주행,0,비정상적인 경로로의 침범,0,전동킥보드 인도 주행,0,전동킥보드 인도 주행,0,오토바이 인도 주행,0,전동킥보드 인도 주행,4321,8673,198729,388028
aihub_multi_angle_cctv:Training:bl_e0080,58976.666666666664,14656.333333333334,경계선을 통한 침입,Training,c1,c2,58976.666666666664,14656.333333333334,4.023971434419704,asymmetric,temporal_relation,208,443,특정 인물을 뒤따라가며 배회,0,특정 인물을 뒤따라가며 배회,0,특정 인물을 뒤따라가며 배회,0,특정 인물을 뒤따라가며 배회,0,0,전동킥보드 앞뒤 2인 탑승,0,전동킥보드 인도 주행,0,전동킥보드 인도 주행,0,전동킥보드 앞뒤 2인 탑승,0,비정상적인 경로로의 침범,0,비정상적인 경로로의 침범,0,비정상적인 경로로의 침범,0,비정상적인 경로로의 침범,0,비정상적인 경로로의 침범,0,오토바이 인도 주행,0,오토바이 인도 주행,0,오토바이 인도 주행,0,<INVALID>,0,전동킥보드 인도 주행,0,오토바이 인도 주행,0,전동킥보드 앞뒤 2인 탑승,4304,8635,155539,312976
aihub_multi_angle_cctv:Validation:bl_e0096,55137.0,19970.666666666668,경계선을 통한 침입,Validation,c1,c2,55137.0,19970.666666666668,2.7608993190012017,asymmetric,temporal_relation,232,460,오토바이 인도 주행,0,자전거 인도 주행,0,자전거 인도 주행,0,오토바이 인도 주행,0,0,전동킥보드 인도 주행,0,전동킥보드 인도 주행,0,전동킥보드 인도 주행,0,전동킥보드 인도 주행,0,특정 구역 내 지속 배회,0,특정 구역 내 지속 배회,0,비정상적인 경로로의 침범,0,비정상적인 경로로의 침범,0,비정상적인 경로로의 침범,0,비정상적인 경로로의 침범,0,오토바이 인도 주행,0,오토바이 인도 주행,0,전동킥보드 인도 주행,0,전동킥보드 인도 주행,0,오토바이 인도 주행,0,전동킥보드 앞뒤 2인 탑승,4328,8652,134706,297672
aihub_multi_angle_cctv:Training:ab_e0474,77520.33333333333,13380.333333333334,비정상적인 경로로의 침범,Training,c1,c2,77520.33333333333,13380.333333333334,5.793602551007697,asymmetric,temporal_relation,220,481,특정 인물을 뒤따라가며 배회,0,경계선을 통한 침입,0,특정 인물을 뒤따라가며 배회,0,특정 인물을 뒤따라가며 배회,0,0,전동킥보드 인도 주행,0,전동킥보드 인도 주행,0,전동킥보드 인도 주행,0,전동킥보드 인도 주행,1,비정상적인 경로로의 침범,1,비정상적인 경로로의 침범,1,비정상적인 경로로의 침범,1,비정상적인 경로로의 침범,0,오토바이 인도 주행,0,오토바이 인도 주행,0,오토바이 인도 주행,0,오토바이 인도 주행,0,전동킥보드 인도 주행,0,전동킥보드 앞뒤 2인 탑승,0,오토바이 인도 주행,0,경계선을 통한 침입,4316,8673,173011,357440
aihub_multi_angle_cctv:Validation:ab_e0463,45329.0,10542.0,비정상적인 경로로의 침범,Validation,c1,c2,45329.0,10542.0,4.299848226143047,asymmetric,temporal_relation,256,514,특정 인물을 뒤따라가며 배회,0,특정 인물을 뒤따라가며 배회,0,특정 인물을 뒤따라가며 배회,0,특정 인물을 뒤따라가며 배회,0,0,전동킥보드 인도 주행,0,전동킥보드 인도 주행,0,전동킥보드 인도 주행,0,전동킥보드 인도 주행,1,비정상적인 경로로의 침범,1,비정상적인 경로로의 침범,1,비정상적인 경로로의 침범,0,경계선을 통한 침입,0,오토바이 인도 주행,0,오토바이 인도 주행,0,오토바이 인도 주행,0,오토바이 인도 주행,0,<INVALID>,0,경계선을 통한 침입,0,오토바이 인도 주행,0,경계선을 통한 침입,4352,8706,186463,378794
aihub_multi_angle_cctv:Training:ph_e2042,46278.666666666664,113859.0,신체적 충돌을 동반한 싸움,Training,c2,c1,113859.0,46278.666666666664,2.4602912789190126,asymmetric,temporal_relation,255,511,특정 인물을 뒤따라가며 배회,0,특정 인물을 뒤따라가며 배회,0,특정 인물을 뒤따라가며 배회,0,특정 인물을 뒤따라가며 배회,0,1,신체적 충돌을 동반한 싸움,1,신체적 충돌을 동반한 싸움,0,전동킥보드 인도 주행,0,전동킥보드 인도 주행,1,신체적 충돌을 동반한 싸움,1,신체적 충돌을 동반한 싸움,0,비정상적인 경로로의 침범,1,신체적 충돌을 동반한 싸움,0,비정상적인 경로로의 침범,0,비정상적인 경로로의 침범,0,오토바이 인도 주행,0,<INVALID>,1,신체적 충돌을 동반한 싸움,1,신체적 충돌을 동반한 싸움,0,오토바이 인도 주행,0,전동킥보드 앞뒤 2인 탑승,4351,8703,182869,332299
aihub_multi_angle_cctv:Training:ms_e3186,9211.666666666666,97287.0,오토바이 인도 주행,Training,c2,c1,97287.0,9211.666666666666,10.561280984259092,asymmetric,path_mode,238,530,오토바이 인도 주행,1,오토바이 인도 주행,1,오토바이 인도 주행,1,오토바이 인도 주행,1,1,오토바이 인도 주행,1,오토바이 인도 주행,0,전동킥보드 인도 주행,0,전동킥보드 인도 주행,1,오토바이 인도 주행,1,오토바이 인도 주행,0,비정상적인 경로로의 침범,0,비정상적인 경로로의 침범,1,오토바이 인도 주행,1,오토바이 인도 주행,1,오토바이 인도 주행,0,비정상적인 경로로의 침범,1,오토바이 인도 주행,1,오토바이 인도 주행,1,오토바이 인도 주행,0,전동킥보드 인도 주행,4334,8722,174261,342131
aihub_multi_angle_cctv:Validation:ms_e3503,14242.666666666666,31976.666666666668,오토바이 인도 주행,Validation,c2,c1,31976.666666666668,14242.666666666666,2.24513199775323,asymmetric,path_mode,334,680,오토바이 인도 주행,1,오토바이 인도 주행,1,오토바이 인도 주행,1,오토바이 인도 주행,1,0,전동킥보드 인도 주행,0,전동킥보드 인도 주행,0,전동킥보드 인도 주행,0,전동킥보드 인도 주행,0,비정상적인 경로로의 침범,0,비정상적인 경로로의 침범,0,비정상적인 경로로의 침범,0,비정상적인 경로로의 침범,1,오토바이 인도 주행,1,오토바이 인도 주행,1,오토바이 인도 주행,1,오토바이 인도 주행,1,오토바이 인도 주행,1,오토바이 인도 주행,1,오토바이 인도 주행,1,오토바이 인도 주행,4430,8872,95183,249792
aihub_multi_angle_cctv:Training:md_e2274,88530.33333333333,16007.666666666666,이륜 이동수단 운전자 1인 헬멧 미착용,Training,c1,c2,88530.33333333333,16007.666666666666,5.530495804093872,asymmetric,attribute_count,373,738,이륜 이동수단 탑승자 일부 또는 전체 헬멧 미착용,0,이륜 이동수단 운전자 1인 헬멧 미착용,1,이륜 이동수단 탑승자 일부 또는 전체 헬멧 미착용,0,이륜 이동수단 탑승자 일부 또는 전체 헬멧 미착용,0,0,오토바이 인도 주행,0,오토바이 인도 주행,0,전동킥보드 인도 주행,0,오토바이 인도 주행,0,비정상적인 경로로의 침범,0,비정상적인 경로로의 침범,0,비정상적인 경로로의 침범,0,비정상적인 경로로의 침범,0,오토바이 인도 주행,0,비정상적인 경로로의 침범,0,오토바이 인도 주행,0,비정상적인 경로로의 침범,0,오토바이 인도 주행,0,오토바이 인도 주행,0,오토바이 인도 주행,0,전동킥보드 인도 주행,4469,8930,225140,417556
aihub_multi_angle_cctv:Training:mp_e2842,111616.66666666667,46847.333333333336,이륜 이동수단 탑승자 일부 또는 전체 헬멧 미착용,Training,c1,c2,111616.66666666667,46847.333333333336,2.382561796473652,asymmetric,attribute_count,370,752,이륜 이동수단 탑승자 일부 또는 전체 헬멧 미착용,1,이륜 이동수단 탑승자 일부 또는 전체 헬멧 미착용,1,이륜 이동수단 탑승자 일부 또는 전체 헬멧 미착용,1,이륜 이동수단 탑승자 일부 또는 전체 헬멧 미착용,1,0,오토바이 인도 주행,0,오토바이 인도 주행,0,전동킥보드 인도 주행,0,오토바이 인도 주행,0,오토바이 인도 주행,0,오토바이 인도 주행,0,비정상적인 경로로의 침범,0,오토바이 인도 주행,0,오토바이 인도 주행,0,비정상적인 경로로의 침범,0,오토바이 인도 주행,0,이륜 이동수단 운전자 1인 헬멧 미착용,0,오토바이 인도 주행,0,오토바이 인도 주행,0,오토바이 인도 주행,0,전동킥보드 앞뒤 2인 탑승,4466,8944,229573,428364
aihub_multi_angle_cctv:Training:bs_e4556,31246.333333333332,15327.333333333334,자전거 인도 주행,Training,c1,c2,31246.333333333332,15327.333333333334,2.038602061676308,asymmetric,path_mode,223,502,자전거 인도 주행,1,자전거 인도 주행,1,자전거 인도 주행,1,자전거 인도 주행,1,0,전동킥보드 인도 주행,0,전동킥보드 인도 주행,0,전동킥보드 인도 주행,0,전동킥보드 인도 주행,0,비정상적인 경로로의 침범,0,비정상적인 경로로의 침범,0,비정상적인 경로로의 침범,0,비정상적인 경로로의 침범,0,오토바이 인도 주행,0,비정상적인 경로로의 침범,0,오토바이 인도 주행,0,비정상적인 경로로의 침범,0,오토바이 인도 주행,0,전동킥보드 인도 주행,0,오토바이 인도 주행,0,전동킥보드 인도 주행,4319,8694,174251,340118
aihub_multi_angle_cctv:Validation:bs_e4530,26622.0,12706.0,자전거 인도 주행,Validation,c1,c2,26622.0,12706.0,2.095230599716669,asymmetric,path_mode,252,502,자전거 인도 주행,1,자전거 인도 주행,1,자전거 인도 주행,1,자전거 인도 주행,1,0,전동킥보드 인도 주행,0,전동킥보드 인도 주행,0,전동킥보드 인도 주행,0,전동킥보드 인도 주행,0,비정상적인 경로로의 침범,0,비정상적인 경로로의 침범,0,비정상적인 경로로의 침범,0,비정상적인 경로로의 침범,0,오토바이 인도 주행,0,비정상적인 경로로의 침범,0,오토바이 인도 주행,0,비정상적인 경로로의 침범,0,오토바이 인도 주행,0,오토바이 인도 주행,0,오토바이 인도 주행,0,신체적 충돌을 동반한 싸움,4348,8694,171794,331578
aihub_multi_angle_cctv:Training:st_e4850,59304.0,10893.333333333334,전동킥보드 앞뒤 2인 탑승,Training,c1,c2,59304.0,10893.333333333334,5.44406364749082,asymmetric,attribute_count,339,654,전동킥보드 앞뒤 2인 탑승,1,전동킥보드 앞뒤 2인 탑승,1,전동킥보드 앞뒤 2인 탑승,1,전동킥보드 앞뒤 2인 탑승,1,0,전동킥보드 인도 주행,0,전동킥보드 인도 주행,0,전동킥보드 인도 주행,0,전동킥보드 인도 주행,0,비정상적인 경로로의 침범,0,비정상적인 경로로의 침범,0,비정상적인 경로로의 침범,0,비정상적인 경로로의 침범,0,오토바이 인도 주행,0,오토바이 인도 주행,0,오토바이 인도 주행,0,오토바이 인도 주행,0,전동킥보드 인도 주행,0,전동킥보드 인도 주행,0,오토바이 인도 주행,0,전동킥보드 인도 주행,4435,8846,190875,404181
aihub_multi_angle_cctv:Training:es_e3790,10105.333333333334,38294.666666666664,전동킥보드 인도 주행,Training,c2,c1,38294.666666666664,10105.333333333334,3.78955007256894,asymmetric,path_mode,284,540,전동킥보드 인도 주행,1,전동킥보드 인도 주행,1,전동킥보드 인도 주행,1,전동킥보드 인도 주행,1,1,전동킥보드 인도 주행,1,전동킥보드 인도 주행,1,전동킥보드 인도 주행,1,전동킥보드 인도 주행,1,전동킥보드 인도 주행,1,전동킥보드 인도 주행,0,비정상적인 경로로의 침범,0,전동킥보드 앞뒤 2인 탑승,0,오토바이 인도 주행,0,오토바이 인도 주행,0,오토바이 인도 주행,0,오토바이 인도 주행,1,전동킥보드 인도 주행,1,전동킥보드 인도 주행,0,오토바이 인도 주행,1,전동킥보드 인도 주행,4380,8732,146142,310022
aihub_multi_angle_cctv:Validation:es_e3727,36410.0,4047.6666666666665,전동킥보드 인도 주행,Validation,c1,c2,36410.0,4047.6666666666665,8.995305937577205,asymmetric,path_mode,314,630,전동킥보드 인도 주행,1,전동킥보드 인도 주행,1,전동킥보드 인도 주행,1,전동킥보드 인도 주행,1,1,전동킥보드 인도 주행,1,전동킥보드 인도 주행,1,전동킥보드 인도 주행,0,오토바이 인도 주행,0,경계선을 통한 침입,0,비정상적인 경로로의 침범,0,비정상적인 경로로의 침범,0,비정상적인 경로로의 침범,0,오토바이 인도 주행,0,오토바이 인도 주행,0,오토바이 인도 주행,0,오토바이 인도 주행,1,전동킥보드 인도 주행,1,전동킥보드 인도 주행,0,오토바이 인도 주행,0,오토바이 인도 주행,4410,8822,139892,264445
aihub_multi_angle_cctv:Training:lo_e1299,27245.333333333332,9786.0,특정 구역 내 지속 배회,Training,c1,c2,27245.333333333332,9786.0,2.784113359220655,asymmetric,temporal_relation,324,611,특정 인물을 뒤따라가며 배회,0,특정 인물을 뒤따라가며 배회,0,특정 인물을 뒤따라가며 배회,0,특정 인물을 뒤따라가며 배회,0,0,전동킥보드 인도 주행,0,전동킥보드 인도 주행,0,전동킥보드 인도 주행,0,전동킥보드 인도 주행,0,비정상적인 경로로의 침범,0,비정상적인 경로로의 침범,0,비정상적인 경로로의 침범,0,비정상적인 경로로의 침범,0,오토바이 인도 주행,0,비정상적인 경로로의 침범,0,오토바이 인도 주행,0,비정상적인 경로로의 침범,0,신체적 충돌을 동반한 싸움,0,전동킥보드 앞뒤 2인 탑승,0,오토바이 인도 주행,0,신체적 충돌을 동반한 싸움,4420,8803,133174,283602
aihub_multi_angle_cctv:Validation:lo_e1273,9316.333333333334,23898.333333333332,특정 구역 내 지속 배회,Validation,c2,c1,23898.333333333332,9316.333333333334,2.565208057533364,asymmetric,temporal_relation,264,486,특정 인물을 뒤따라가며 배회,0,특정 인물을 뒤따라가며 배회,0,특정 인물을 뒤따라가며 배회,0,특정 인물을 뒤따라가며 배회,0,0,전동킥보드 인도 주행,0,전동킥보드 인도 주행,0,전동킥보드 인도 주행,0,전동킥보드 인도 주행,0,특정 인물을 뒤따라가며 배회,0,비정상적인 경로로의 침범,0,비정상적인 경로로의 침범,0,비정상적인 경로로의 침범,0,비정상적인 경로로의 침범,0,비정상적인 경로로의 침범,0,오토바이 인도 주행,0,비정상적인 경로로의 침범,0,신체적 충돌을 동반한 싸움,0,전동킥보드 앞뒤 2인 탑승,0,오토바이 인도 주행,0,신체적 충돌을 동반한 싸움,4360,8678,137535,282056
aihub_multi_angle_cctv:Training:fp_e1894,42620.0,89083.33333333333,특정 인물을 뒤따라가며 배회,Training,c2,c1,89083.33333333333,42620.0,2.0901767558266853,asymmetric,temporal_relation,256,529,특정 인물을 뒤따라가며 배회,1,특정 인물을 뒤따라가며 배회,1,특정 인물을 뒤따라가며 배회,1,특정 인물을 뒤따라가며 배회,1,0,전동킥보드 인도 주행,0,전동킥보드 인도 주행,0,전동킥보드 인도 주행,0,전동킥보드 인도 주행,0,비정상적인 경로로의 침범,0,비정상적인 경로로의 침범,0,비정상적인 경로로의 침범,0,비정상적인 경로로의 침범,0,이륜 이동수단 탑승자 일부 또는 전체 헬멧 미착용,0,오토바이 인도 주행,0,오토바이 인도 주행,0,비정상적인 경로로의 침범,0,신체적 충돌을 동반한 싸움,0,신체적 충돌을 동반한 싸움,0,오토바이 인도 주행,0,신체적 충돌을 동반한 싸움,4352,8721,100353,268933
aihub_multi_angle_cctv:Validation:fp_e1521,124202.66666666667,36110.333333333336,특정 인물을 뒤따라가며 배회,Validation,c1,c2,124202.66666666667,36110.333333333336,3.439532543777866,asymmetric,temporal_relation,410,701,특정 인물을 뒤따라가며 배회,1,특정 인물을 뒤따라가며 배회,1,특정 인물을 뒤따라가며 배회,1,특정 인물을 뒤따라가며 배회,1,0,전동킥보드 인도 주행,0,전동킥보드 인도 주행,0,전동킥보드 인도 주행,0,전동킥보드 인도 주행,0,비정상적인 경로로의 침범,1,특정 인물을 뒤따라가며 배회,0,비정상적인 경로로의 침범,0,비정상적인 경로로의 침범,0,이륜 이동수단 운전자 1인 헬멧 미착용,0,비정상적인 경로로의 침범,0,오토바이 인도 주행,0,비정상적인 경로로의 침범,0,전동킥보드 앞뒤 2인 탑승,0,전동킥보드 앞뒤 2인 탑승,0,오토바이 인도 주행,0,신체적 충돌을 동반한 싸움,4506,8893,132531,300338
aihub_multi_angle_cctv:Training:bl_e0168,92684.66666666667,41835.666666666664,경계선을 통한 침입,Training,c1,c2,92684.66666666667,41835.666666666664,2.2154461504139213,asymmetric,temporal_relation,333,626,특정 인물을 뒤따라가며 배회,0,경계선을 통한 침입,1,특정 인물을 뒤따라가며 배회,0,특정 인물을 뒤따라가며 배회,0,0,전동킥보드 인도 주행,0,전동킥보드 인도 주행,0,전동킥보드 인도 주행,0,전동킥보드 인도 주행,0,비정상적인 경로로의 침범,0,비정상적인 경로로의 침범,0,비정상적인 경로로의 침범,1,경계선을 통한 침입,0,<INVALID>,0,비정상적인 경로로의 침범,0,오토바이 인도 주행,0,이륜 이동수단 탑승자 일부 또는 전체 헬멧 미착용,0,신체적 충돌을 동반한 싸움,1,경계선을 통한 침입,0,오토바이 인도 주행,0,전동킥보드 인도 주행,4429,8818,188778,343765
aihub_multi_angle_cctv:Validation:bl_e0244,14031.333333333334,34501.666666666664,경계선을 통한 침입,Validation,c2,c1,34501.666666666664,14031.333333333334,2.4589015061528956,asymmetric,temporal_relation,247,484,경계선을 통한 침입,1,경계선을 통한 침입,1,경계선을 통한 침입,1,경계선을 통한 침입,1,0,전동킥보드 인도 주행,0,전동킥보드 인도 주행,0,전동킥보드 인도 주행,0,전동킥보드 인도 주행,0,비정상적인 경로로의 침범,1,경계선을 통한 침입,0,비정상적인 경로로의 침범,0,특정 구역 내 지속 배회,0,<INVALID>,0,비정상적인 경로로의 침범,0,오토바이 인도 주행,0,비정상적인 경로로의 침범,0,신체적 충돌을 동반한 싸움,0,신체적 충돌을 동반한 싸움,0,오토바이 인도 주행,1,경계선을 통한 침입,4343,8676,201717,393418
aihub_multi_angle_cctv:Training:ab_e0501,51802.666666666664,15672.666666666666,비정상적인 경로로의 침범,Training,c1,c2,51802.666666666664,15672.666666666666,3.305287336764643,asymmetric,temporal_relation,368,732,경계선을 통한 침입,0,경계선을 통한 침입,0,경계선을 통한 침입,0,경계선을 통한 침입,0,0,전동킥보드 인도 주행,0,전동킥보드 인도 주행,0,전동킥보드 인도 주행,0,전동킥보드 인도 주행,1,비정상적인 경로로의 침범,1,비정상적인 경로로의 침범,1,비정상적인 경로로의 침범,1,비정상적인 경로로의 침범,0,오토바이 인도 주행,0,오토바이 인도 주행,0,오토바이 인도 주행,0,오토바이 인도 주행,0,경계선을 통한 침입,0,전동킥보드 인도 주행,0,오토바이 인도 주행,0,전동킥보드 앞뒤 2인 탑승,4464,8924,171022,356068
aihub_multi_angle_cctv:Validation:ab_e0856,83070.0,39788.666666666664,비정상적인 경로로의 침범,Validation,c1,c2,83070.0,39788.666666666664,2.0877804399912874,asymmetric,temporal_relation,252,469,경계선을 통한 침입,0,경계선을 통한 침입,0,경계선을 통한 침입,0,경계선을 통한 침입,0,0,전동킥보드 인도 주행,0,전동킥보드 인도 주행,0,전동킥보드 인도 주행,0,전동킥보드 인도 주행,1,비정상적인 경로로의 침범,1,비정상적인 경로로의 침범,1,비정상적인 경로로의 침범,1,비정상적인 경로로의 침범,1,비정상적인 경로로의 침범,1,비정상적인 경로로의 침범,0,오토바이 인도 주행,1,비정상적인 경로로의 침범,0,신체적 충돌을 동반한 싸움,0,신체적 충돌을 동반한 싸움,0,오토바이 인도 주행,0,신체적 충돌을 동반한 싸움,4348,8661,185299,368205
aihub_multi_angle_cctv:Training:ms_e3271,47232.666666666664,22731.666666666668,오토바이 인도 주행,Training,c1,c2,47232.666666666664,22731.666666666668,2.0778356184471,asymmetric,path_mode,416,844,오토바이 인도 주행,1,오토바이 인도 주행,1,오토바이 인도 주행,1,오토바이 인도 주행,1,1,오토바이 인도 주행,1,오토바이 인도 주행,0,전동킥보드 인도 주행,0,전동킥보드 인도 주행,1,오토바이 인도 주행,1,오토바이 인도 주행,0,비정상적인 경로로의 침범,0,비정상적인 경로로의 침범,1,오토바이 인도 주행,0,비정상적인 경로로의 침범,1,오토바이 인도 주행,0,비정상적인 경로로의 침범,1,오토바이 인도 주행,1,오토바이 인도 주행,1,오토바이 인도 주행,1,오토바이 인도 주행,4512,9036,135854,235619
aihub_multi_angle_cctv:Validation:ms_e3259,49074.666666666664,22191.666666666668,오토바이 인도 주행,Validation,c1,c2,49074.666666666664,22191.666666666668,2.2114006759294025,asymmetric,path_mode,264,626,오토바이 인도 주행,1,오토바이 인도 주행,1,오토바이 인도 주행,1,오토바이 인도 주행,1,1,오토바이 인도 주행,1,오토바이 인도 주행,0,전동킥보드 인도 주행,0,전동킥보드 인도 주행,1,오토바이 인도 주행,1,오토바이 인도 주행,0,비정상적인 경로로의 침범,0,비정상적인 경로로의 침범,1,오토바이 인도 주행,0,비정상적인 경로로의 침범,1,오토바이 인도 주행,0,비정상적인 경로로의 침범,1,오토바이 인도 주행,1,오토바이 인도 주행,1,오토바이 인도 주행,0,전동킥보드 인도 주행,4360,8818,135624,236287
aihub_multi_angle_cctv:Training:md_e2286,60736.0,18693.333333333332,이륜 이동수단 운전자 1인 헬멧 미착용,Training,c1,c2,60736.0,18693.333333333332,3.249072753209701,asymmetric,attribute_count,438,801,이륜 이동수단 운전자 1인 헬멧 미착용,1,이륜 이동수단 운전자 1인 헬멧 미착용,1,이륜 이동수단 운전자 1인 헬멧 미착용,1,이륜 이동수단 운전자 1인 헬멧 미착용,1,0,오토바이 인도 주행,0,오토바이 인도 주행,0,전동킥보드 인도 주행,0,전동킥보드 인도 주행,0,오토바이 인도 주행,0,비정상적인 경로로의 침범,0,비정상적인 경로로의 침범,0,비정상적인 경로로의 침범,0,오토바이 인도 주행,0,오토바이 인도 주행,0,오토바이 인도 주행,0,오토바이 인도 주행,0,전동킥보드 인도 주행,0,오토바이 인도 주행,0,오토바이 인도 주행,0,전동킥보드 인도 주행,4534,8993,186467,406113
aihub_multi_angle_cctv:Training:mp_e2836,94768.66666666667,26725.666666666668,이륜 이동수단 탑승자 일부 또는 전체 헬멧 미착용,Training,c1,c2,94768.66666666667,26725.666666666668,3.5459795203113114,asymmetric,attribute_count,370,710,이륜 이동수단 운전자 1인 헬멧 미착용,0,이륜 이동수단 운전자 1인 헬멧 미착용,0,이륜 이동수단 운전자 1인 헬멧 미착용,0,이륜 이동수단 운전자 1인 헬멧 미착용,0,0,오토바이 인도 주행,0,오토바이 인도 주행,0,전동킥보드 인도 주행,0,오토바이 인도 주행,0,오토바이 인도 주행,0,오토바이 인도 주행,0,비정상적인 경로로의 침범,0,비정상적인 경로로의 침범,0,오토바이 인도 주행,0,비정상적인 경로로의 침범,0,오토바이 인도 주행,0,<INVALID>,0,전동킥보드 앞뒤 2인 탑승,0,전동킥보드 앞뒤 2인 탑승,0,오토바이 인도 주행,0,오토바이 인도 주행,4466,8902,224750,417189
aihub_multi_angle_cctv:Training:bs_e4559,28244.666666666668,11911.666666666666,자전거 인도 주행,Training,c1,c2,28244.666666666668,11911.666666666666,2.371176717503848,asymmetric,path_mode,249,492,자전거 인도 주행,1,자전거 인도 주행,1,자전거 인도 주행,1,자전거 인도 주행,1,0,전동킥보드 인도 주행,0,전동킥보드 인도 주행,0,전동킥보드 인도 주행,0,오토바이 인도 주행,0,비정상적인 경로로의 침범,0,비정상적인 경로로의 침범,0,비정상적인 경로로의 침범,0,비정상적인 경로로의 침범,0,비정상적인 경로로의 침범,0,비정상적인 경로로의 침범,0,오토바이 인도 주행,0,비정상적인 경로로의 침범,0,전동킥보드 앞뒤 2인 탑승,0,오토바이 인도 주행,0,오토바이 인도 주행,0,오토바이 인도 주행,4345,8684,172697,341644
aihub_multi_angle_cctv:Validation:bs_e4460,63768.333333333336,14322.666666666666,자전거 인도 주행,Validation,c1,c2,63768.333333333336,14322.666666666666,4.4522668032023835,asymmetric,path_mode,269,543,자전거 인도 주행,1,자전거 인도 주행,1,자전거 인도 주행,1,자전거 인도 주행,1,0,오토바이 인도 주행,0,오토바이 인도 주행,0,전동킥보드 인도 주행,0,오토바이 인도 주행,0,오토바이 인도 주행,0,오토바이 인도 주행,0,비정상적인 경로로의 침범,0,오토바이 인도 주행,0,<INVALID>,0,오토바이 인도 주행,0,오토바이 인도 주행,0,오토바이 인도 주행,0,오토바이 인도 주행,0,오토바이 인도 주행,0,오토바이 인도 주행,0,오토바이 인도 주행,4365,8735,148648,241629
aihub_multi_angle_cctv:Training:st_e4723,28855.333333333332,74906.33333333333,전동킥보드 앞뒤 2인 탑승,Training,c2,c1,74906.33333333333,28855.333333333332,2.5959268072915465,asymmetric,attribute_count,318,592,전동킥보드 앞뒤 2인 탑승,1,전동킥보드 앞뒤 2인 탑승,1,전동킥보드 앞뒤 2인 탑승,1,전동킥보드 앞뒤 2인 탑승,1,0,전동킥보드 인도 주행,0,전동킥보드 인도 주행,0,전동킥보드 인도 주행,0,전동킥보드 인도 주행,0,오토바이 인도 주행,0,전동킥보드 인도 주행,0,비정상적인 경로로의 침범,0,비정상적인 경로로의 침범,0,오토바이 인도 주행,0,오토바이 인도 주행,0,오토바이 인도 주행,0,오토바이 인도 주행,0,전동킥보드 인도 주행,0,전동킥보드 인도 주행,0,오토바이 인도 주행,0,전동킥보드 인도 주행,4414,8784,150165,305644
aihub_multi_angle_cctv:Training:es_e3873,7867.0,105680.66666666667,전동킥보드 인도 주행,Training,c2,c1,105680.66666666667,7867.0,13.433413838396678,asymmetric,path_mode,297,585,전동킥보드 인도 주행,1,전동킥보드 인도 주행,1,전동킥보드 인도 주행,1,전동킥보드 인도 주행,1,1,전동킥보드 인도 주행,1,전동킥보드 인도 주행,1,전동킥보드 인도 주행,1,전동킥보드 인도 주행,1,전동킥보드 인도 주행,1,전동킥보드 인도 주행,0,비정상적인 경로로의 침범,0,비정상적인 경로로의 침범,1,전동킥보드 인도 주행,0,오토바이 인도 주행,0,오토바이 인도 주행,0,비정상적인 경로로의 침범,1,전동킥보드 인도 주행,1,전동킥보드 인도 주행,0,오토바이 인도 주행,1,전동킥보드 인도 주행,4393,8777,150042,301298
aihub_multi_angle_cctv:Validation:es_e3943,30852.666666666668,6458.0,전동킥보드 인도 주행,Validation,c1,c2,30852.666666666668,6458.0,4.777433673996077,asymmetric,path_mode,254,493,전동킥보드 인도 주행,1,전동킥보드 인도 주행,1,전동킥보드 인도 주행,1,전동킥보드 인도 주행,1,1,전동킥보드 인도 주행,1,전동킥보드 인도 주행,1,전동킥보드 인도 주행,1,전동킥보드 인도 주행,0,비정상적인 경로로의 침범,0,비정상적인 경로로의 침범,0,비정상적인 경로로의 침범,0,비정상적인 경로로의 침범,0,오토바이 인도 주행,0,오토바이 인도 주행,0,오토바이 인도 주행,0,비정상적인 경로로의 침범,1,전동킥보드 인도 주행,0,전동킥보드 앞뒤 2인 탑승,0,오토바이 인도 주행,1,전동킥보드 인도 주행,4350,8685,139540,292210
aihub_multi_angle_cctv:Training:lo_e1219,26480.666666666668,9949.333333333334,특정 구역 내 지속 배회,Training,c1,c2,26480.666666666668,9949.333333333334,2.661551862771375,asymmetric,temporal_relation,230,479,특정 인물을 뒤따라가며 배회,0,특정 인물을 뒤따라가며 배회,0,특정 인물을 뒤따라가며 배회,0,특정 인물을 뒤따라가며 배회,0,0,전동킥보드 인도 주행,0,전동킥보드 인도 주행,0,전동킥보드 인도 주행,0,전동킥보드 인도 주행,0,비정상적인 경로로의 침범,0,비정상적인 경로로의 침범,0,비정상적인 경로로의 침범,0,경계선을 통한 침입,0,비정상적인 경로로의 침범,0,비정상적인 경로로의 침범,0,오토바이 인도 주행,0,비정상적인 경로로의 침범,0,신체적 충돌을 동반한 싸움,0,신체적 충돌을 동반한 싸움,0,오토바이 인도 주행,0,신체적 충돌을 동반한 싸움,4326,8671,160208,318458
aihub_multi_angle_cctv:Validation:lo_e1286,5582.0,16295.333333333334,특정 구역 내 지속 배회,Validation,c2,c1,16295.333333333334,5582.0,2.9192643019228472,asymmetric,temporal_relation,217,482,특정 인물을 뒤따라가며 배회,0,특정 인물을 뒤따라가며 배회,0,특정 인물을 뒤따라가며 배회,0,특정 인물을 뒤따라가며 배회,0,0,전동킥보드 인도 주행,0,전동킥보드 인도 주행,0,전동킥보드 인도 주행,0,전동킥보드 인도 주행,0,비정상적인 경로로의 침범,0,비정상적인 경로로의 침범,0,비정상적인 경로로의 침범,0,경계선을 통한 침입,0,비정상적인 경로로의 침범,0,비정상적인 경로로의 침범,0,오토바이 인도 주행,0,비정상적인 경로로의 침범,0,신체적 충돌을 동반한 싸움,0,신체적 충돌을 동반한 싸움,0,오토바이 인도 주행,0,신체적 충돌을 동반한 싸움,4313,8674,136588,284440
aihub_multi_angle_cctv:Training:fp_e1876,45383.0,192697.33333333334,특정 인물을 뒤따라가며 배회,Training,c2,c1,192697.33333333334,45383.0,4.246024576015983,asymmetric,temporal_relation,183,438,특정 인물을 뒤따라가며 배회,1,특정 인물을 뒤따라가며 배회,1,특정 인물을 뒤따라가며 배회,1,특정 인물을 뒤따라가며 배회,1,0,전동킥보드 인도 주행,0,전동킥보드 인도 주행,0,전동킥보드 인도 주행,0,전동킥보드 인도 주행,0,특정 구역 내 지속 배회,0,비정상적인 경로로의 침범,0,비정상적인 경로로의 침범,0,비정상적인 경로로의 침범,0,오토바이 인도 주행,0,오토바이 인도 주행,0,오토바이 인도 주행,0,비정상적인 경로로의 침범,0,신체적 충돌을 동반한 싸움,0,신체적 충돌을 동반한 싸움,0,오토바이 인도 주행,0,신체적 충돌을 동반한 싸움,4279,8630,105586,274540
aihub_multi_angle_cctv:Validation:fp_e1591,82327.0,13830.666666666666,특정 인물을 뒤따라가며 배회,Validation,c1,c2,82327.0,13830.666666666666,5.952496866865902,asymmetric,temporal_relation,215,465,특정 인물을 뒤따라가며 배회,1,특정 인물을 뒤따라가며 배회,1,특정 인물을 뒤따라가며 배회,1,특정 인물을 뒤따라가며 배회,1,0,전동킥보드 인도 주행,0,전동킥보드 인도 주행,0,전동킥보드 인도 주행,0,비정상적인 경로로의 침범,0,비정상적인 경로로의 침범,0,비정상적인 경로로의 침범,0,비정상적인 경로로의 침범,0,비정상적인 경로로의 침범,0,비정상적인 경로로의 침범,0,비정상적인 경로로의 침범,0,오토바이 인도 주행,0,비정상적인 경로로의 침범,0,전동킥보드 인도 주행,0,전동킥보드 인도 주행,0,오토바이 인도 주행,0,전동킥보드 인도 주행,4311,8657,196957,388523
aihub_multi_angle_cctv:Training:bl_e0128,78197.33333333333,23805.333333333332,경계선을 통한 침입,Training,c1,c2,78197.33333333333,23805.333333333332,3.2848661364400136,asymmetric,temporal_relation,196,411,특정 인물을 뒤따라가며 배회,0,특정 인물을 뒤따라가며 배회,0,특정 인물을 뒤따라가며 배회,0,특정 인물을 뒤따라가며 배회,0,0,전동킥보드 인도 주행,0,전동킥보드 인도 주행,0,전동킥보드 인도 주행,0,전동킥보드 인도 주행,0,비정상적인 경로로의 침범,0,비정상적인 경로로의 침범,0,비정상적인 경로로의 침범,0,비정상적인 경로로의 침범,0,비정상적인 경로로의 침범,0,오토바이 인도 주행,0,오토바이 인도 주행,0,오토바이 인도 주행,0,신체적 충돌을 동반한 싸움,0,전동킥보드 인도 주행,0,오토바이 인도 주행,0,전동킥보드 앞뒤 2인 탑승,4292,8603,140687,302984
aihub_multi_angle_cctv:Validation:bl_e0065,72067.66666666667,17549.333333333332,경계선을 통한 침입,Validation,c1,c2,72067.66666666667,17549.333333333332,4.10657574836651,asymmetric,temporal_relation,223,461,특정 인물을 뒤따라가며 배회,0,특정 인물을 뒤따라가며 배회,0,특정 인물을 뒤따라가며 배회,0,특정 인물을 뒤따라가며 배회,0,0,전동킥보드 인도 주행,0,전동킥보드 인도 주행,0,전동킥보드 인도 주행,0,전동킥보드 인도 주행,0,특정 구역 내 지속 배회,0,특정 구역 내 지속 배회,0,비정상적인 경로로의 침범,0,비정상적인 경로로의 침범,0,비정상적인 경로로의 침범,0,비정상적인 경로로의 침범,0,오토바이 인도 주행,0,오토바이 인도 주행,0,신체적 충돌을 동반한 싸움,0,전동킥보드 앞뒤 2인 탑승,0,오토바이 인도 주행,0,전동킥보드 앞뒤 2인 탑승,4319,8653,170055,332128
aihub_multi_angle_cctv:Training:ab_e0829,91526.0,40784.666666666664,비정상적인 경로로의 침범,Training,c1,c2,91526.0,40784.666666666664,2.244127695048793,asymmetric,temporal_relation,201,403,경계선을 통한 침입,0,경계선을 통한 침입,0,경계선을 통한 침입,0,경계선을 통한 침입,0,0,전동킥보드 인도 주행,0,전동킥보드 인도 주행,0,전동킥보드 인도 주행,0,전동킥보드 인도 주행,1,비정상적인 경로로의 침범,1,비정상적인 경로로의 침범,1,비정상적인 경로로의 침범,1,비정상적인 경로로의 침범,1,비정상적인 경로로의 침범,1,비정상적인 경로로의 침범,0,오토바이 인도 주행,0,이륜 이동수단 운전자 1인 헬멧 미착용,0,<INVALID>,0,전동킥보드 앞뒤 2인 탑승,0,오토바이 인도 주행,0,<INVALID>,4297,8595,177938,339779
aihub_multi_angle_cctv:Validation:ab_e0924,75786.33333333333,17520.666666666668,비정상적인 경로로의 침범,Validation,c1,c2,75786.33333333333,17520.666666666668,4.325539363037936,asymmetric,temporal_relation,316,556,경계선을 통한 침입,0,경계선을 통한 침입,0,경계선을 통한 침입,0,경계선을 통한 침입,0,0,전동킥보드 인도 주행,0,전동킥보드 인도 주행,0,전동킥보드 인도 주행,0,전동킥보드 인도 주행,1,비정상적인 경로로의 침범,1,비정상적인 경로로의 침범,1,비정상적인 경로로의 침범,1,비정상적인 경로로의 침범,1,비정상적인 경로로의 침범,1,비정상적인 경로로의 침범,0,오토바이 인도 주행,1,비정상적인 경로로의 침범,0,신체적 충돌을 동반한 싸움,0,경계선을 통한 침입,0,오토바이 인도 주행,0,전동킥보드 인도 주행,4412,8748,163618,325144
aihub_multi_angle_cctv:Training:ms_e3130,31304.0,7475.333333333333,오토바이 인도 주행,Training,c1,c2,31304.0,7475.333333333333,4.187639347186302,asymmetric,path_mode,234,462,오토바이 인도 주행,1,오토바이 인도 주행,1,오토바이 인도 주행,1,오토바이 인도 주행,1,1,오토바이 인도 주행,1,오토바이 인도 주행,0,전동킥보드 인도 주행,0,전동킥보드 인도 주행,1,오토바이 인도 주행,1,오토바이 인도 주행,0,비정상적인 경로로의 침범,0,비정상적인 경로로의 침범,0,<INVALID>,0,비정상적인 경로로의 침범,1,오토바이 인도 주행,0,비정상적인 경로로의 침범,1,오토바이 인도 주행,1,오토바이 인도 주행,1,오토바이 인도 주행,0,전동킥보드 인도 주행,4330,8654,131176,256180
aihub_multi_angle_cctv:Validation:ms_e3278,44502.666666666664,16506.0,오토바이 인도 주행,Validation,c1,c2,44502.666666666664,16506.0,2.696150894624177,asymmetric,path_mode,380,779,오토바이 인도 주행,1,오토바이 인도 주행,1,오토바이 인도 주행,1,오토바이 인도 주행,1,1,오토바이 인도 주행,1,오토바이 인도 주행,0,전동킥보드 인도 주행,1,오토바이 인도 주행,1,오토바이 인도 주행,1,오토바이 인도 주행,0,비정상적인 경로로의 침범,0,비정상적인 경로로의 침범,1,오토바이 인도 주행,0,비정상적인 경로로의 침범,1,오토바이 인도 주행,1,오토바이 인도 주행,1,오토바이 인도 주행,1,오토바이 인도 주행,1,오토바이 인도 주행,1,오토바이 인도 주행,4476,8971,147516,260296
aihub_multi_angle_cctv:Training:md_e2270,100972.0,27080.666666666668,이륜 이동수단 운전자 1인 헬멧 미착용,Training,c1,c2,100972.0,27080.666666666668,3.7285640432288716,asymmetric,attribute_count,371,717,이륜 이동수단 운전자 1인 헬멧 미착용,1,이륜 이동수단 운전자 1인 헬멧 미착용,1,이륜 이동수단 운전자 1인 헬멧 미착용,1,이륜 이동수단 운전자 1인 헬멧 미착용,1,0,오토바이 인도 주행,0,오토바이 인도 주행,0,전동킥보드 인도 주행,0,오토바이 인도 주행,0,오토바이 인도 주행,0,오토바이 인도 주행,0,비정상적인 경로로의 침범,0,비정상적인 경로로의 침범,0,오토바이 인도 주행,0,비정상적인 경로로의 침범,0,오토바이 인도 주행,0,비정상적인 경로로의 침범,0,오토바이 인도 주행,0,오토바이 인도 주행,0,오토바이 인도 주행,0,전동킥보드 인도 주행,4467,8909,224831,419056
aihub_multi_angle_cctv:Training:mp_e2849,88653.0,39115.666666666664,이륜 이동수단 탑승자 일부 또는 전체 헬멧 미착용,Training,c1,c2,88653.0,39115.666666666664,2.2664320349050255,asymmetric,attribute_count,378,757,이륜 이동수단 운전자 1인 헬멧 미착용,0,이륜 이동수단 운전자 1인 헬멧 미착용,0,이륜 이동수단 운전자 1인 헬멧 미착용,0,이륜 이동수단 운전자 1인 헬멧 미착용,0,0,오토바이 인도 주행,0,오토바이 인도 주행,0,전동킥보드 인도 주행,0,오토바이 인도 주행,0,오토바이 인도 주행,0,오토바이 인도 주행,0,비정상적인 경로로의 침범,0,오토바이 인도 주행,0,오토바이 인도 주행,0,오토바이 인도 주행,0,오토바이 인도 주행,0,오토바이 인도 주행,0,오토바이 인도 주행,0,오토바이 인도 주행,0,오토바이 인도 주행,0,전동킥보드 앞뒤 2인 탑승,4474,8949,222877,412440
aihub_multi_angle_cctv:Training:bs_e4284,29549.0,4844.333333333333,자전거 인도 주행,Training,c1,c2,29549.0,4844.333333333333,6.099704121654167,asymmetric,path_mode,245,479,자전거 인도 주행,1,자전거 인도 주행,1,자전거 인도 주행,1,자전거 인도 주행,1,0,오토바이 인도 주행,0,전동킥보드 인도 주행,0,전동킥보드 인도 주행,0,전동킥보드 인도 주행,0,이륜 이동수단 운전자 1인 헬멧 미착용,0,비정상적인 경로로의 침범,0,비정상적인 경로로의 침범,0,비정상적인 경로로의 침범,0,<INVALID>,0,오토바이 인도 주행,0,오토바이 인도 주행,0,오토바이 인도 주행,0,오토바이 인도 주행,0,오토바이 인도 주행,0,오토바이 인도 주행,0,전동킥보드 인도 주행,4341,8671,132495,258859
aihub_multi_angle_cctv:Validation:bs_e4423,14914.0,39343.0,자전거 인도 주행,Validation,c2,c1,39343.0,14914.0,2.637991149255733,asymmetric,path_mode,256,494,자전거 인도 주행,1,자전거 인도 주행,1,자전거 인도 주행,1,자전거 인도 주행,1,0,전동킥보드 인도 주행,0,전동킥보드 인도 주행,0,전동킥보드 인도 주행,0,전동킥보드 인도 주행,1,자전거 인도 주행,0,비정상적인 경로로의 침범,0,비정상적인 경로로의 침범,0,비정상적인 경로로의 침범,0,오토바이 인도 주행,0,오토바이 인도 주행,0,오토바이 인도 주행,0,오토바이 인도 주행,0,오토바이 인도 주행,0,오토바이 인도 주행,0,오토바이 인도 주행,0,오토바이 인도 주행,4352,8686,142316,285504
aihub_multi_angle_cctv:Training:st_e4729,36114.666666666664,77934.33333333333,전동킥보드 앞뒤 2인 탑승,Training,c2,c1,77934.33333333333,36114.666666666664,2.15796906150779,asymmetric,attribute_count,395,784,전동킥보드 앞뒤 2인 탑승,1,전동킥보드 앞뒤 2인 탑승,1,전동킥보드 앞뒤 2인 탑승,1,전동킥보드 앞뒤 2인 탑승,1,0,전동킥보드 인도 주행,0,전동킥보드 인도 주행,0,전동킥보드 인도 주행,0,전동킥보드 인도 주행,0,전동킥보드 인도 주행,0,전동킥보드 인도 주행,0,비정상적인 경로로의 침범,0,비정상적인 경로로의 침범,0,전동킥보드 인도 주행,0,전동킥보드 인도 주행,0,오토바이 인도 주행,0,비정상적인 경로로의 침범,0,전동킥보드 인도 주행,0,전동킥보드 인도 주행,0,오토바이 인도 주행,0,전동킥보드 인도 주행,4491,8976,150573,305329
aihub_multi_angle_cctv:Training:es_e3759,68488.66666666667,18256.666666666668,전동킥보드 인도 주행,Training,c1,c2,68488.66666666667,18256.666666666668,3.7514332663867083,asymmetric,path_mode,353,711,전동킥보드 인도 주행,1,전동킥보드 인도 주행,1,전동킥보드 인도 주행,1,전동킥보드 인도 주행,1,1,전동킥보드 인도 주행,1,전동킥보드 인도 주행,1,전동킥보드 인도 주행,1,전동킥보드 인도 주행,0,오토바이 인도 주행,0,비정상적인 경로로의 침범,0,비정상적인 경로로의 침범,0,비정상적인 경로로의 침범,0,오토바이 인도 주행,0,오토바이 인도 주행,0,오토바이 인도 주행,0,비정상적인 경로로의 침범,1,전동킥보드 인도 주행,1,전동킥보드 인도 주행,0,오토바이 인도 주행,1,전동킥보드 인도 주행,4449,8903,96665,161500
aihub_multi_angle_cctv:Validation:es_e3829,25537.333333333332,9819.333333333334,전동킥보드 인도 주행,Validation,c1,c2,25537.333333333332,9819.333333333334,2.6007196686808336,asymmetric,path_mode,269,496,전동킥보드 인도 주행,1,전동킥보드 인도 주행,1,전동킥보드 인도 주행,1,전동킥보드 인도 주행,1,1,전동킥보드 인도 주행,1,전동킥보드 인도 주행,1,전동킥보드 인도 주행,1,전동킥보드 인도 주행,0,비정상적인 경로로의 침범,0,비정상적인 경로로의 침범,0,비정상적인 경로로의 침범,0,비정상적인 경로로의 침범,0,오토바이 인도 주행,0,오토바이 인도 주행,0,오토바이 인도 주행,0,오토바이 인도 주행,1,전동킥보드 인도 주행,1,전동킥보드 인도 주행,0,오토바이 인도 주행,0,신체적 충돌을 동반한 싸움,4365,8688,161982,304536
aihub_multi_angle_cctv:Training:lo_e1104,59508.0,21064.333333333332,특정 구역 내 지속 배회,Training,c1,c2,59508.0,21064.333333333332,2.825059737629168,asymmetric,temporal_relation,273,574,특정 인물을 뒤따라가며 배회,0,특정 인물을 뒤따라가며 배회,0,특정 인물을 뒤따라가며 배회,0,특정 인물을 뒤따라가며 배회,0,0,전동킥보드 인도 주행,0,전동킥보드 인도 주행,0,전동킥보드 인도 주행,0,전동킥보드 인도 주행,1,특정 구역 내 지속 배회,1,특정 구역 내 지속 배회,0,비정상적인 경로로의 침범,1,특정 구역 내 지속 배회,0,비정상적인 경로로의 침범,0,비정상적인 경로로의 침범,0,오토바이 인도 주행,0,비정상적인 경로로의 침범,0,신체적 충돌을 동반한 싸움,1,특정 구역 내 지속 배회,0,오토바이 인도 주행,0,신체적 충돌을 동반한 싸움,4369,8766,164816,326302
aihub_multi_angle_cctv:Validation:lo_e1364,68727.0,21140.0,특정 구역 내 지속 배회,Validation,c1,c2,68727.0,21140.0,3.2510406811731314,asymmetric,temporal_relation,228,451,특정 인물을 뒤따라가며 배회,0,특정 인물을 뒤따라가며 배회,0,특정 인물을 뒤따라가며 배회,0,특정 인물을 뒤따라가며 배회,0,0,전동킥보드 인도 주행,0,전동킥보드 인도 주행,0,전동킥보드 인도 주행,0,오토바이 인도 주행,0,비정상적인 경로로의 침범,0,비정상적인 경로로의 침범,0,비정상적인 경로로의 침범,0,비정상적인 경로로의 침범,0,오토바이 인도 주행,0,비정상적인 경로로의 침범,0,오토바이 인도 주행,0,이륜 이동수단 탑승자 일부 또는 전체 헬멧 미착용,0,신체적 충돌을 동반한 싸움,0,전동킥보드 앞뒤 2인 탑승,0,오토바이 인도 주행,0,오토바이 인도 주행,4324,8643,136085,293578
aihub_multi_angle_cctv:Training:fp_e1691,16982.0,63758.333333333336,특정 인물을 뒤따라가며 배회,Training,c2,c1,63758.333333333336,16982.0,3.754465512503435,asymmetric,temporal_relation,268,519,자전거 인도 주행,0,특정 인물을 뒤따라가며 배회,1,자전거 인도 주행,0,자전거 인도 주행,0,0,전동킥보드 인도 주행,0,전동킥보드 인도 주행,0,전동킥보드 인도 주행,0,전동킥보드 인도 주행,0,비정상적인 경로로의 침범,0,비정상적인 경로로의 침범,0,비정상적인 경로로의 침범,0,비정상적인 경로로의 침범,0,비정상적인 경로로의 침범,0,비정상적인 경로로의 침범,0,오토바이 인도 주행,0,비정상적인 경로로의 침범,0,전동킥보드 인도 주행,0,전동킥보드 인도 주행,0,오토바이 인도 주행,0,오토바이 인도 주행,4364,8711,167279,298664
aihub_multi_angle_cctv:Validation:fp_e1588,89750.0,12904.666666666666,특정 인물을 뒤따라가며 배회,Validation,c1,c2,89750.0,12904.666666666666,6.9548483752647625,asymmetric,temporal_relation,242,460,특정 인물을 뒤따라가며 배회,1,특정 인물을 뒤따라가며 배회,1,특정 인물을 뒤따라가며 배회,1,특정 인물을 뒤따라가며 배회,1,0,전동킥보드 인도 주행,0,전동킥보드 인도 주행,0,전동킥보드 인도 주행,0,비정상적인 경로로의 침범,0,비정상적인 경로로의 침범,0,비정상적인 경로로의 침범,0,비정상적인 경로로의 침범,0,비정상적인 경로로의 침범,0,비정상적인 경로로의 침범,0,비정상적인 경로로의 침범,0,오토바이 인도 주행,0,비정상적인 경로로의 침범,0,전동킥보드 인도 주행,0,전동킥보드 인도 주행,0,오토바이 인도 주행,0,신체적 충돌을 동반한 싸움,4338,8652,198173,388575
aihub_multi_angle_cctv:Training:bl_e0119,70884.66666666667,20208.333333333332,경계선을 통한 침입,Training,c1,c2,70884.66666666667,20208.333333333332,3.507694845360825,asymmetric,temporal_relation,209,450,특정 인물을 뒤따라가며 배회,0,자전거 인도 주행,0,자전거 인도 주행,0,특정 인물을 뒤따라가며 배회,0,0,전동킥보드 인도 주행,0,전동킥보드 인도 주행,0,전동킥보드 인도 주행,0,전동킥보드 인도 주행,0,특정 구역 내 지속 배회,0,특정 구역 내 지속 배회,0,비정상적인 경로로의 침범,0,특정 구역 내 지속 배회,0,비정상적인 경로로의 침범,0,비정상적인 경로로의 침범,0,오토바이 인도 주행,0,오토바이 인도 주행,0,신체적 충돌을 동반한 싸움,0,전동킥보드 인도 주행,0,오토바이 인도 주행,0,신체적 충돌을 동반한 싸움,4305,8642,135865,301910
aihub_multi_angle_cctv:Validation:bl_e0101,61049.0,13713.333333333334,경계선을 통한 침입,Validation,c1,c2,61049.0,13713.333333333334,4.451798736023335,asymmetric,temporal_relation,244,485,특정 인물을 뒤따라가며 배회,0,특정 인물을 뒤따라가며 배회,0,특정 인물을 뒤따라가며 배회,0,특정 인물을 뒤따라가며 배회,0,0,전동킥보드 인도 주행,0,전동킥보드 인도 주행,0,전동킥보드 인도 주행,0,전동킥보드 인도 주행,0,비정상적인 경로로의 침범,0,비정상적인 경로로의 침범,0,비정상적인 경로로의 침범,0,비정상적인 경로로의 침범,0,비정상적인 경로로의 침범,0,비정상적인 경로로의 침범,0,오토바이 인도 주행,0,오토바이 인도 주행,0,전동킥보드 인도 주행,0,전동킥보드 앞뒤 2인 탑승,0,오토바이 인도 주행,0,전동킥보드 앞뒤 2인 탑승,4340,8677,139069,302121
aihub_multi_angle_cctv:Training:ab_e0955,63854.333333333336,18290.0,비정상적인 경로로의 침범,Training,c1,c2,63854.333333333336,18290.0,3.491215600510297,asymmetric,temporal_relation,194,382,경계선을 통한 침입,0,특정 인물을 뒤따라가며 배회,0,경계선을 통한 침입,0,경계선을 통한 침입,0,0,전동킥보드 인도 주행,0,전동킥보드 인도 주행,0,전동킥보드 인도 주행,0,전동킥보드 인도 주행,1,비정상적인 경로로의 침범,1,비정상적인 경로로의 침범,1,비정상적인 경로로의 침범,1,비정상적인 경로로의 침범,1,비정상적인 경로로의 침범,1,비정상적인 경로로의 침범,0,오토바이 인도 주행,1,비정상적인 경로로의 침범,0,신체적 충돌을 동반한 싸움,0,신체적 충돌을 동반한 싸움,0,오토바이 인도 주행,0,전동킥보드 인도 주행,4290,8574,157067,320122
aihub_multi_angle_cctv:Validation:ab_e0660,18298.333333333332,37829.0,비정상적인 경로로의 침범,Validation,c2,c1,37829.0,18298.333333333332,2.0673467528918845,asymmetric,temporal_relation,281,621,경계선을 통한 침입,0,경계선을 통한 침입,0,경계선을 통한 침입,0,경계선을 통한 침입,0,0,전동킥보드 인도 주행,0,전동킥보드 인도 주행,0,전동킥보드 인도 주행,0,전동킥보드 인도 주행,1,비정상적인 경로로의 침범,1,비정상적인 경로로의 침범,1,비정상적인 경로로의 침범,1,비정상적인 경로로의 침범,0,이륜 이동수단 탑승자 일부 또는 전체 헬멧 미착용,1,비정상적인 경로로의 침범,0,오토바이 인도 주행,0,이륜 이동수단 탑승자 일부 또는 전체 헬멧 미착용,0,경계선을 통한 침입,0,전동킥보드 앞뒤 2인 탑승,0,오토바이 인도 주행,0,전동킥보드 인도 주행,4377,8813,178604,322952
aihub_multi_angle_cctv:Training:ms_e3527,85359.0,27335.666666666668,오토바이 인도 주행,Training,c1,c2,85359.0,27335.666666666668,3.1226236784664723,asymmetric,path_mode,338,726,오토바이 인도 주행,1,오토바이 인도 주행,1,오토바이 인도 주행,1,오토바이 인도 주행,1,1,오토바이 인도 주행,1,오토바이 인도 주행,0,전동킥보드 인도 주행,1,오토바이 인도 주행,1,오토바이 인도 주행,1,오토바이 인도 주행,0,비정상적인 경로로의 침범,0,비정상적인 경로로의 침범,1,오토바이 인도 주행,1,오토바이 인도 주행,1,오토바이 인도 주행,1,오토바이 인도 주행,1,오토바이 인도 주행,1,오토바이 인도 주행,1,오토바이 인도 주행,1,오토바이 인도 주행,4434,8918,152147,247647
aihub_multi_angle_cctv:Validation:ms_e3138,31764.666666666668,13511.333333333334,오토바이 인도 주행,Validation,c1,c2,31764.666666666668,13511.333333333334,2.3509646222923966,asymmetric,path_mode,327,581,오토바이 인도 주행,1,오토바이 인도 주행,1,오토바이 인도 주행,1,오토바이 인도 주행,1,1,오토바이 인도 주행,1,오토바이 인도 주행,0,전동킥보드 인도 주행,0,전동킥보드 인도 주행,1,오토바이 인도 주행,0,비정상적인 경로로의 침범,0,비정상적인 경로로의 침범,0,비정상적인 경로로의 침범,0,<INVALID>,0,비정상적인 경로로의 침범,1,오토바이 인도 주행,1,오토바이 인도 주행,1,오토바이 인도 주행,1,오토바이 인도 주행,1,오토바이 인도 주행,0,전동킥보드 앞뒤 2인 탑승,4423,8773,136311,261509
aihub_multi_angle_cctv:Training:md_e2295,57284.0,20131.0,이륜 이동수단 운전자 1인 헬멧 미착용,Training,c1,c2,57284.0,20131.0,2.84556157170533,asymmetric,attribute_count,431,835,이륜 이동수단 운전자 1인 헬멧 미착용,1,이륜 이동수단 운전자 1인 헬멧 미착용,1,이륜 이동수단 운전자 1인 헬멧 미착용,1,이륜 이동수단 운전자 1인 헬멧 미착용,1,0,오토바이 인도 주행,0,오토바이 인도 주행,0,전동킥보드 인도 주행,0,오토바이 인도 주행,0,비정상적인 경로로의 침범,0,비정상적인 경로로의 침범,0,비정상적인 경로로의 침범,0,비정상적인 경로로의 침범,0,<INVALID>,0,오토바이 인도 주행,0,오토바이 인도 주행,0,오토바이 인도 주행,0,오토바이 인도 주행,0,오토바이 인도 주행,0,오토바이 인도 주행,0,오토바이 인도 주행,4527,9027,191451,405585
aihub_multi_angle_cctv:Training:mp_e2853,70722.66666666667,27530.666666666668,이륜 이동수단 탑승자 일부 또는 전체 헬멧 미착용,Training,c1,c2,70722.66666666667,27530.666666666668,2.5688686555598608,asymmetric,attribute_count,352,708,이륜 이동수단 운전자 1인 헬멧 미착용,0,이륜 이동수단 운전자 1인 헬멧 미착용,0,이륜 이동수단 운전자 1인 헬멧 미착용,0,이륜 이동수단 운전자 1인 헬멧 미착용,0,0,오토바이 인도 주행,0,오토바이 인도 주행,0,전동킥보드 인도 주행,0,오토바이 인도 주행,0,오토바이 인도 주행,0,오토바이 인도 주행,0,비정상적인 경로로의 침범,0,오토바이 인도 주행,0,오토바이 인도 주행,0,오토바이 인도 주행,0,오토바이 인도 주행,0,오토바이 인도 주행,0,전동킥보드 앞뒤 2인 탑승,0,전동킥보드 앞뒤 2인 탑승,0,오토바이 인도 주행,0,전동킥보드 인도 주행,4448,8900,228625,422983
aihub_multi_angle_cctv:Training:bs_e4543,34408.0,15666.666666666666,자전거 인도 주행,Training,c1,c2,34408.0,15666.666666666666,2.1962553191489365,asymmetric,path_mode,311,583,자전거 인도 주행,1,자전거 인도 주행,1,자전거 인도 주행,1,자전거 인도 주행,1,0,전동킥보드 인도 주행,0,전동킥보드 인도 주행,0,전동킥보드 인도 주행,0,전동킥보드 인도 주행,0,오토바이 인도 주행,0,오토바이 인도 주행,0,비정상적인 경로로의 침범,0,비정상적인 경로로의 침범,0,오토바이 인도 주행,0,비정상적인 경로로의 침범,0,오토바이 인도 주행,0,비정상적인 경로로의 침범,0,오토바이 인도 주행,0,오토바이 인도 주행,0,오토바이 인도 주행,0,이륜 이동수단 탑승자 일부 또는 전체 헬멧 미착용,4407,8775,172663,334515
aihub_multi_angle_cctv:Validation:bs_e4634,40246.333333333336,11267.333333333334,자전거 인도 주행,Validation,c1,c2,40246.333333333336,11267.333333333334,3.5719484054197976,asymmetric,path_mode,242,476,자전거 인도 주행,1,자전거 인도 주행,1,자전거 인도 주행,1,자전거 인도 주행,1,0,전동킥보드 인도 주행,0,전동킥보드 인도 주행,0,전동킥보드 인도 주행,0,전동킥보드 인도 주행,0,<INVALID>,0,비정상적인 경로로의 침범,0,비정상적인 경로로의 침범,0,오토바이 인도 주행,0,비정상적인 경로로의 침범,0,오토바이 인도 주행,0,오토바이 인도 주행,0,오토바이 인도 주행,0,전동킥보드 앞뒤 2인 탑승,0,전동킥보드 앞뒤 2인 탑승,0,오토바이 인도 주행,0,오토바이 인도 주행,4338,8668,151193,288747
aihub_multi_angle_cctv:Training:st_e4699,28114.0,71195.0,전동킥보드 앞뒤 2인 탑승,Training,c2,c1,71195.0,28114.0,2.5323682151241376,asymmetric,attribute_count,373,716,전동킥보드 앞뒤 2인 탑승,1,전동킥보드 앞뒤 2인 탑승,1,전동킥보드 앞뒤 2인 탑승,1,전동킥보드 앞뒤 2인 탑승,1,0,전동킥보드 인도 주행,0,전동킥보드 인도 주행,0,전동킥보드 인도 주행,0,전동킥보드 인도 주행,0,전동킥보드 인도 주행,0,전동킥보드 인도 주행,0,비정상적인 경로로의 침범,0,전동킥보드 인도 주행,0,전동킥보드 인도 주행,0,오토바이 인도 주행,0,오토바이 인도 주행,0,비정상적인 경로로의 침범,0,전동킥보드 인도 주행,0,전동킥보드 인도 주행,0,오토바이 인도 주행,0,전동킥보드 인도 주행,4469,8908,152713,308104
aihub_multi_angle_cctv:Training:es_e4050,88418.66666666667,17147.0,전동킥보드 인도 주행,Training,c1,c2,88418.66666666667,17147.0,5.156509399117436,asymmetric,path_mode,299,558,전동킥보드 인도 주행,1,전동킥보드 인도 주행,1,전동킥보드 인도 주행,1,전동킥보드 인도 주행,1,1,전동킥보드 인도 주행,1,전동킥보드 인도 주행,1,전동킥보드 인도 주행,1,전동킥보드 인도 주행,1,전동킥보드 인도 주행,1,전동킥보드 인도 주행,0,비정상적인 경로로의 침범,0,비정상적인 경로로의 침범,1,전동킥보드 인도 주행,0,오토바이 인도 주행,0,오토바이 인도 주행,0,오토바이 인도 주행,1,전동킥보드 인도 주행,1,전동킥보드 인도 주행,0,오토바이 인도 주행,1,전동킥보드 인도 주행,4395,8750,152451,246033
aihub_multi_angle_cctv:Validation:es_e3939,24681.333333333332,7975.333333333333,전동킥보드 인도 주행,Validation,c1,c2,24681.333333333332,7975.333333333333,3.09470868511243,asymmetric,path_mode,264,493,전동킥보드 인도 주행,1,전동킥보드 인도 주행,1,전동킥보드 인도 주행,1,전동킥보드 인도 주행,1,1,전동킥보드 인도 주행,1,전동킥보드 인도 주행,1,전동킥보드 인도 주행,1,전동킥보드 인도 주행,1,전동킥보드 인도 주행,1,전동킥보드 인도 주행,0,비정상적인 경로로의 침범,0,비정상적인 경로로의 침범,1,전동킥보드 인도 주행,0,오토바이 인도 주행,0,오토바이 인도 주행,0,비정상적인 경로로의 침범,1,전동킥보드 인도 주행,1,전동킥보드 인도 주행,0,오토바이 인도 주행,1,전동킥보드 인도 주행,4360,8685,138508,293140
aihub_multi_angle_cctv:Training:lo_e1153,53014.0,24295.0,특정 구역 내 지속 배회,Training,c1,c2,53014.0,24295.0,2.182095081292447,asymmetric,temporal_relation,273,628,특정 인물을 뒤따라가며 배회,0,특정 인물을 뒤따라가며 배회,0,특정 인물을 뒤따라가며 배회,0,특정 인물을 뒤따라가며 배회,0,0,전동킥보드 인도 주행,0,전동킥보드 인도 주행,0,전동킥보드 인도 주행,0,전동킥보드 인도 주행,0,비정상적인 경로로의 침범,0,비정상적인 경로로의 침범,0,비정상적인 경로로의 침범,1,특정 구역 내 지속 배회,0,비정상적인 경로로의 침범,0,비정상적인 경로로의 침범,0,오토바이 인도 주행,0,비정상적인 경로로의 침범,0,신체적 충돌을 동반한 싸움,0,신체적 충돌을 동반한 싸움,0,오토바이 인도 주행,0,신체적 충돌을 동반한 싸움,4369,8820,156585,311972
aihub_multi_angle_cctv:Validation:lo_e1280,30186.0,76983.66666666667,특정 구역 내 지속 배회,Validation,c2,c1,76983.66666666667,30186.0,2.550310298372314,asymmetric,temporal_relation,206,432,특정 인물을 뒤따라가며 배회,0,특정 인물을 뒤따라가며 배회,0,특정 인물을 뒤따라가며 배회,0,특정 인물을 뒤따라가며 배회,0,0,신체적 충돌을 동반한 싸움,0,전동킥보드 인도 주행,0,전동킥보드 인도 주행,0,전동킥보드 인도 주행,0,특정 인물을 뒤따라가며 배회,0,비정상적인 경로로의 침범,0,비정상적인 경로로의 침범,0,비정상적인 경로로의 침범,0,오토바이 인도 주행,0,비정상적인 경로로의 침범,0,오토바이 인도 주행,0,비정상적인 경로로의 침범,0,신체적 충돌을 동반한 싸움,0,신체적 충돌을 동반한 싸움,0,오토바이 인도 주행,0,신체적 충돌을 동반한 싸움,4302,8624,133441,280133
aihub_multi_angle_cctv:Training:fp_e1589,78295.33333333333,15755.333333333334,특정 인물을 뒤따라가며 배회,Training,c1,c2,78295.33333333333,15755.333333333334,4.96944949858249,asymmetric,temporal_relation,222,489,특정 인물을 뒤따라가며 배회,1,특정 인물을 뒤따라가며 배회,1,특정 인물을 뒤따라가며 배회,1,특정 인물을 뒤따라가며 배회,1,0,전동킥보드 인도 주행,0,전동킥보드 인도 주행,0,전동킥보드 인도 주행,0,전동킥보드 인도 주행,0,비정상적인 경로로의 침범,0,비정상적인 경로로의 침범,0,비정상적인 경로로의 침범,0,비정상적인 경로로의 침범,0,비정상적인 경로로의 침범,0,비정상적인 경로로의 침범,0,오토바이 인도 주행,0,비정상적인 경로로의 침범,0,전동킥보드 인도 주행,0,전동킥보드 앞뒤 2인 탑승,0,오토바이 인도 주행,0,전동킥보드 인도 주행,4318,8681,197992,390907
aihub_multi_angle_cctv:Validation:fp_e1641,40293.666666666664,106851.0,특정 인물을 뒤따라가며 배회,Validation,c2,c1,106851.0,40293.666666666664,2.651806321919905,asymmetric,temporal_relation,306,588,특정 인물을 뒤따라가며 배회,1,특정 인물을 뒤따라가며 배회,1,특정 인물을 뒤따라가며 배회,1,특정 인물을 뒤따라가며 배회,1,0,전동킥보드 인도 주행,0,전동킥보드 인도 주행,0,전동킥보드 인도 주행,0,전동킥보드 인도 주행,0,비정상적인 경로로의 침범,0,비정상적인 경로로의 침범,0,비정상적인 경로로의 침범,0,비정상적인 경로로의 침범,0,비정상적인 경로로의 침범,0,비정상적인 경로로의 침범,0,오토바이 인도 주행,0,비정상적인 경로로의 침범,0,전동킥보드 인도 주행,0,전동킥보드 인도 주행,0,오토바이 인도 주행,0,신체적 충돌을 동반한 싸움,4402,8780,164842,299039
aihub_multi_angle_cctv:Training:bl_e0155,59591.0,25680.666666666668,경계선을 통한 침입,Training,c1,c2,59591.0,25680.666666666668,2.320461566418317,asymmetric,temporal_relation,263,519,경계선을 통한 침입,1,경계선을 통한 침입,1,경계선을 통한 침입,1,경계선을 통한 침입,1,0,전동킥보드 인도 주행,0,전동킥보드 인도 주행,0,전동킥보드 인도 주행,0,전동킥보드 인도 주행,0,비정상적인 경로로의 침범,0,비정상적인 경로로의 침범,0,비정상적인 경로로의 침범,0,비정상적인 경로로의 침범,0,이륜 이동수단 운전자 1인 헬멧 미착용,0,비정상적인 경로로의 침범,0,오토바이 인도 주행,0,이륜 이동수단 탑승자 일부 또는 전체 헬멧 미착용,0,신체적 충돌을 동반한 싸움,0,전동킥보드 인도 주행,0,오토바이 인도 주행,0,전동킥보드 인도 주행,4359,8711,183957,316114
aihub_multi_angle_cctv:Validation:bl_e0308,72160.0,13426.666666666666,경계선을 통한 침입,Validation,c1,c2,72160.0,13426.666666666666,5.374379344587885,asymmetric,temporal_relation,207,419,경계선을 통한 침입,1,특정 인물을 뒤따라가며 배회,0,경계선을 통한 침입,1,특정 인물을 뒤따라가며 배회,0,0,전동킥보드 인도 주행,0,전동킥보드 인도 주행,0,전동킥보드 인도 주행,0,전동킥보드 인도 주행,0,비정상적인 경로로의 침범,0,비정상적인 경로로의 침범,0,비정상적인 경로로의 침범,1,경계선을 통한 침입,0,<INVALID>,0,비정상적인 경로로의 침범,0,오토바이 인도 주행,0,비정상적인 경로로의 침범,0,신체적 충돌을 동반한 싸움,0,신체적 충돌을 동반한 싸움,0,오토바이 인도 주행,0,전동킥보드 인도 주행,4303,8611,204201,369681
aihub_multi_angle_cctv:Training:ab_e0920,56585.333333333336,15228.666666666666,비정상적인 경로로의 침범,Training,c1,c2,56585.333333333336,15228.666666666666,3.7157115965503658,asymmetric,temporal_relation,175,425,경계선을 통한 침입,0,경계선을 통한 침입,0,경계선을 통한 침입,0,경계선을 통한 침입,0,0,신체적 충돌을 동반한 싸움,0,신체적 충돌을 동반한 싸움,0,전동킥보드 인도 주행,0,전동킥보드 인도 주행,1,비정상적인 경로로의 침범,1,비정상적인 경로로의 침범,1,비정상적인 경로로의 침범,1,비정상적인 경로로의 침범,1,비정상적인 경로로의 침범,1,비정상적인 경로로의 침범,0,오토바이 인도 주행,1,비정상적인 경로로의 침범,0,신체적 충돌을 동반한 싸움,0,신체적 충돌을 동반한 싸움,0,오토바이 인도 주행,0,전동킥보드 인도 주행,4271,8617,161336,324828
aihub_multi_angle_cctv:Validation:ab_e0597,10502.0,25849.0,비정상적인 경로로의 침범,Validation,c2,c1,25849.0,10502.0,2.4613406970100935,asymmetric,temporal_relation,206,396,특정 인물을 뒤따라가며 배회,0,경계선을 통한 침입,0,특정 인물을 뒤따라가며 배회,0,특정 인물을 뒤따라가며 배회,0,0,전동킥보드 인도 주행,0,전동킥보드 인도 주행,0,전동킥보드 인도 주행,0,전동킥보드 인도 주행,1,비정상적인 경로로의 침범,1,비정상적인 경로로의 침범,1,비정상적인 경로로의 침범,1,비정상적인 경로로의 침범,0,이륜 이동수단 탑승자 일부 또는 전체 헬멧 미착용,1,비정상적인 경로로의 침범,0,오토바이 인도 주행,0,이륜 이동수단 탑승자 일부 또는 전체 헬멧 미착용,0,경계선을 통한 침입,0,전동킥보드 인도 주행,0,오토바이 인도 주행,0,오토바이 인도 주행,4302,8588,193871,366805
aihub_multi_angle_cctv:Training:ms_e3234,38026.0,14868.333333333334,오토바이 인도 주행,Training,c1,c2,38026.0,14868.333333333334,2.5575159735455664,asymmetric,path_mode,277,552,오토바이 인도 주행,1,오토바이 인도 주행,1,오토바이 인도 주행,1,오토바이 인도 주행,1,1,오토바이 인도 주행,1,오토바이 인도 주행,0,전동킥보드 인도 주행,0,전동킥보드 인도 주행,1,오토바이 인도 주행,1,오토바이 인도 주행,0,비정상적인 경로로의 침범,0,비정상적인 경로로의 침범,1,오토바이 인도 주행,1,오토바이 인도 주행,1,오토바이 인도 주행,0,비정상적인 경로로의 침범,1,오토바이 인도 주행,1,오토바이 인도 주행,1,오토바이 인도 주행,1,오토바이 인도 주행,4373,8744,133780,227232
aihub_multi_angle_cctv:Validation:ms_e3174,4331.0,72336.66666666667,오토바이 인도 주행,Validation,c2,c1,72336.66666666667,4331.0,16.702070345570693,asymmetric,path_mode,323,598,오토바이 인도 주행,1,오토바이 인도 주행,1,오토바이 인도 주행,1,오토바이 인도 주행,1,1,오토바이 인도 주행,1,오토바이 인도 주행,0,전동킥보드 인도 주행,0,전동킥보드 인도 주행,1,오토바이 인도 주행,1,오토바이 인도 주행,0,비정상적인 경로로의 침범,0,비정상적인 경로로의 침범,1,오토바이 인도 주행,1,오토바이 인도 주행,1,오토바이 인도 주행,0,비정상적인 경로로의 침범,1,오토바이 인도 주행,1,오토바이 인도 주행,1,오토바이 인도 주행,0,전동킥보드 인도 주행,4419,8790,183617,349718
aihub_multi_angle_cctv:Training:md_e2290,53160.0,14886.0,이륜 이동수단 운전자 1인 헬멧 미착용,Training,c1,c2,53160.0,14886.0,3.5711406690850462,asymmetric,attribute_count,380,747,오토바이 인도 주행,0,이륜 이동수단 운전자 1인 헬멧 미착용,1,이륜 이동수단 운전자 1인 헬멧 미착용,1,이륜 이동수단 운전자 1인 헬멧 미착용,1,0,오토바이 인도 주행,0,오토바이 인도 주행,0,전동킥보드 인도 주행,0,오토바이 인도 주행,0,오토바이 인도 주행,0,비정상적인 경로로의 침범,0,비정상적인 경로로의 침범,0,비정상적인 경로로의 침범,0,오토바이 인도 주행,0,오토바이 인도 주행,0,오토바이 인도 주행,0,오토바이 인도 주행,0,오토바이 인도 주행,0,오토바이 인도 주행,0,오토바이 인도 주행,0,오토바이 인도 주행,4476,8939,194092,407916
aihub_multi_angle_cctv:Training:mp_e2835,115605.33333333333,38246.666666666664,이륜 이동수단 탑승자 일부 또는 전체 헬멧 미착용,Training,c1,c2,115605.33333333333,38246.666666666664,3.0226250653651734,asymmetric,attribute_count,365,745,이륜 이동수단 탑승자 일부 또는 전체 헬멧 미착용,1,이륜 이동수단 운전자 1인 헬멧 미착용,0,이륜 이동수단 탑승자 일부 또는 전체 헬멧 미착용,1,이륜 이동수단 운전자 1인 헬멧 미착용,0,0,오토바이 인도 주행,0,오토바이 인도 주행,0,전동킥보드 인도 주행,0,오토바이 인도 주행,0,오토바이 인도 주행,0,오토바이 인도 주행,0,비정상적인 경로로의 침범,0,오토바이 인도 주행,0,오토바이 인도 주행,0,오토바이 인도 주행,0,오토바이 인도 주행,0,오토바이 인도 주행,0,전동킥보드 인도 주행,0,전동킥보드 앞뒤 2인 탑승,0,오토바이 인도 주행,0,오토바이 인도 주행,4461,8937,222680,411055
aihub_multi_angle_cctv:Training:bs_e4268,21769.0,6019.666666666667,자전거 인도 주행,Training,c1,c2,21769.0,6019.666666666667,3.6163131956365246,asymmetric,path_mode,211,422,자전거 인도 주행,1,자전거 인도 주행,1,자전거 인도 주행,1,자전거 인도 주행,1,0,오토바이 인도 주행,0,오토바이 인도 주행,0,전동킥보드 인도 주행,0,오토바이 인도 주행,0,이륜 이동수단 운전자 1인 헬멧 미착용,0,비정상적인 경로로의 침범,0,비정상적인 경로로의 침범,0,비정상적인 경로로의 침범,0,<INVALID>,0,비정상적인 경로로의 침범,0,오토바이 인도 주행,0,비정상적인 경로로의 침범,0,오토바이 인도 주행,0,오토바이 인도 주행,0,오토바이 인도 주행,0,전동킥보드 인도 주행,4307,8614,132186,260980
aihub_multi_angle_cctv:Validation:bs_e4307,26529.0,9981.0,자전거 인도 주행,Validation,c1,c2,26529.0,9981.0,2.65795010519988,asymmetric,path_mode,284,544,자전거 인도 주행,1,자전거 인도 주행,1,자전거 인도 주행,1,자전거 인도 주행,1,0,전동킥보드 인도 주행,0,전동킥보드 인도 주행,0,전동킥보드 인도 주행,0,오토바이 인도 주행,0,이륜 이동수단 탑승자 일부 또는 전체 헬멧 미착용,0,비정상적인 경로로의 침범,0,비정상적인 경로로의 침범,0,비정상적인 경로로의 침범,0,오토바이 인도 주행,0,오토바이 인도 주행,0,오토바이 인도 주행,0,오토바이 인도 주행,0,오토바이 인도 주행,0,오토바이 인도 주행,0,오토바이 인도 주행,0,오토바이 인도 주행,4380,8736,160066,380108
aihub_multi_angle_cctv:Training:st_e4712,26035.666666666668,57703.666666666664,전동킥보드 앞뒤 2인 탑승,Training,c2,c1,57703.666666666664,26035.666666666668,2.2163314427644125,asymmetric,attribute_count,325,685,전동킥보드 앞뒤 2인 탑승,1,전동킥보드 앞뒤 2인 탑승,1,전동킥보드 앞뒤 2인 탑승,1,전동킥보드 앞뒤 2인 탑승,1,0,전동킥보드 인도 주행,0,전동킥보드 인도 주행,0,전동킥보드 인도 주행,0,전동킥보드 인도 주행,0,전동킥보드 인도 주행,0,전동킥보드 인도 주행,0,비정상적인 경로로의 침범,0,비정상적인 경로로의 침범,0,전동킥보드 인도 주행,0,비정상적인 경로로의 침범,0,오토바이 인도 주행,0,오토바이 인도 주행,0,전동킥보드 인도 주행,0,전동킥보드 인도 주행,0,오토바이 인도 주행,0,전동킥보드 인도 주행,4421,8877,149264,302827
aihub_multi_angle_cctv:Training:es_e4090,20150.333333333332,41175.333333333336,전동킥보드 인도 주행,Training,c2,c1,41175.333333333336,20150.333333333332,2.0434070569552203,asymmetric,path_mode,303,632,전동킥보드 인도 주행,1,전동킥보드 인도 주행,1,전동킥보드 인도 주행,1,전동킥보드 인도 주행,1,1,전동킥보드 인도 주행,1,전동킥보드 인도 주행,1,전동킥보드 인도 주행,1,전동킥보드 인도 주행,0,비정상적인 경로로의 침범,0,특정 구역 내 지속 배회,0,비정상적인 경로로의 침범,0,특정 구역 내 지속 배회,0,오토바이 인도 주행,0,오토바이 인도 주행,0,오토바이 인도 주행,0,비정상적인 경로로의 침범,1,전동킥보드 인도 주행,0,전동킥보드 앞뒤 2인 탑승,0,오토바이 인도 주행,0,신체적 충돌을 동반한 싸움,4399,8824,150748,316269
aihub_multi_angle_cctv:Validation:es_e3802,11313.0,39844.0,전동킥보드 인도 주행,Validation,c2,c1,39844.0,11313.0,3.521965879961107,asymmetric,path_mode,232,453,전동킥보드 인도 주행,1,전동킥보드 인도 주행,1,전동킥보드 인도 주행,1,전동킥보드 인도 주행,1,1,전동킥보드 인도 주행,1,전동킥보드 인도 주행,1,전동킥보드 인도 주행,1,전동킥보드 인도 주행,0,비정상적인 경로로의 침범,0,비정상적인 경로로의 침범,0,비정상적인 경로로의 침범,0,비정상적인 경로로의 침범,0,오토바이 인도 주행,0,오토바이 인도 주행,0,오토바이 인도 주행,0,오토바이 인도 주행,1,전동킥보드 인도 주행,1,전동킥보드 인도 주행,0,오토바이 인도 주행,1,전동킥보드 인도 주행,4328,8645,147090,309934
aihub_multi_angle_cctv:Training:lo_e1210,36808.0,11812.0,특정 구역 내 지속 배회,Training,c1,c2,36808.0,11812.0,3.1161530646799864,asymmetric,temporal_relation,219,445,특정 인물을 뒤따라가며 배회,0,특정 인물을 뒤따라가며 배회,0,특정 인물을 뒤따라가며 배회,0,특정 인물을 뒤따라가며 배회,0,0,전동킥보드 인도 주행,0,전동킥보드 인도 주행,0,전동킥보드 인도 주행,0,전동킥보드 인도 주행,0,비정상적인 경로로의 침범,0,비정상적인 경로로의 침범,0,비정상적인 경로로의 침범,0,경계선을 통한 침입,0,비정상적인 경로로의 침범,0,비정상적인 경로로의 침범,0,오토바이 인도 주행,0,비정상적인 경로로의 침범,0,신체적 충돌을 동반한 싸움,0,신체적 충돌을 동반한 싸움,0,오토바이 인도 주행,0,전동킥보드 인도 주행,4315,8637,148660,310531
aihub_multi_angle_cctv:Validation:lo_e1114,56557.333333333336,20872.333333333332,특정 구역 내 지속 배회,Validation,c1,c2,56557.333333333336,20872.333333333332,2.709679480013415,asymmetric,temporal_relation,318,642,특정 인물을 뒤따라가며 배회,0,특정 인물을 뒤따라가며 배회,0,특정 인물을 뒤따라가며 배회,0,특정 인물을 뒤따라가며 배회,0,0,전동킥보드 인도 주행,0,전동킥보드 인도 주행,0,전동킥보드 인도 주행,0,전동킥보드 인도 주행,1,특정 구역 내 지속 배회,1,특정 구역 내 지속 배회,0,비정상적인 경로로의 침범,0,비정상적인 경로로의 침범,0,비정상적인 경로로의 침범,0,비정상적인 경로로의 침범,0,오토바이 인도 주행,0,비정상적인 경로로의 침범,0,신체적 충돌을 동반한 싸움,0,신체적 충돌을 동반한 싸움,0,오토바이 인도 주행,0,신체적 충돌을 동반한 싸움,4414,8834,171477,331456
aihub_multi_angle_cctv:Training:fp_e1590,69200.66666666667,17428.0,특정 인물을 뒤따라가며 배회,Training,c1,c2,69200.66666666667,17428.0,3.9706602402264557,asymmetric,temporal_relation,255,506,특정 인물을 뒤따라가며 배회,1,특정 인물을 뒤따라가며 배회,1,특정 인물을 뒤따라가며 배회,1,특정 인물을 뒤따라가며 배회,1,0,전동킥보드 인도 주행,0,전동킥보드 인도 주행,0,전동킥보드 인도 주행,0,전동킥보드 인도 주행,0,비정상적인 경로로의 침범,0,비정상적인 경로로의 침범,0,비정상적인 경로로의 침범,0,비정상적인 경로로의 침범,0,비정상적인 경로로의 침범,0,비정상적인 경로로의 침범,0,오토바이 인도 주행,0,비정상적인 경로로의 침범,0,전동킥보드 인도 주행,0,전동킥보드 인도 주행,0,오토바이 인도 주행,0,전동킥보드 인도 주행,4351,8698,199043,392325
aihub_multi_angle_cctv:Validation:fp_e1673,71031.66666666667,145934.33333333334,특정 인물을 뒤따라가며 배회,Validation,c2,c1,145934.33333333334,71031.66666666667,2.054496820666839,asymmetric,temporal_relation,389,788,전동킥보드 앞뒤 2인 탑승,0,특정 인물을 뒤따라가며 배회,1,특정 인물을 뒤따라가며 배회,1,특정 인물을 뒤따라가며 배회,1,0,전동킥보드 인도 주행,0,전동킥보드 인도 주행,0,전동킥보드 인도 주행,0,전동킥보드 인도 주행,0,비정상적인 경로로의 침범,0,비정상적인 경로로의 침범,0,비정상적인 경로로의 침범,0,비정상적인 경로로의 침범,0,비정상적인 경로로의 침범,0,비정상적인 경로로의 침범,0,오토바이 인도 주행,0,오토바이 인도 주행,0,전동킥보드 인도 주행,0,전동킥보드 인도 주행,0,오토바이 인도 주행,0,비정상적인 경로로의 침범,4485,8980,172963,307225
aihub_multi_angle_cctv:Training:bl_e0275,86952.0,22095.333333333332,경계선을 통한 침입,Training,c1,c2,86952.0,22095.333333333332,3.9353106236611053,asymmetric,temporal_relation,201,462,특정 인물을 뒤따라가며 배회,0,자전거 인도 주행,0,자전거 인도 주행,0,자전거 인도 주행,0,0,전동킥보드 인도 주행,0,전동킥보드 인도 주행,0,전동킥보드 인도 주행,0,전동킥보드 인도 주행,0,비정상적인 경로로의 침범,0,비정상적인 경로로의 침범,0,비정상적인 경로로의 침범,0,비정상적인 경로로의 침범,0,<INVALID>,0,비정상적인 경로로의 침범,0,오토바이 인도 주행,0,비정상적인 경로로의 침범,0,신체적 충돌을 동반한 싸움,0,신체적 충돌을 동반한 싸움,0,오토바이 인도 주행,0,신체적 충돌을 동반한 싸움,4297,8654,197697,366890
aihub_multi_angle_cctv:Validation:bl_e0037,8285.0,32274.0,경계선을 통한 침입,Validation,c2,c1,32274.0,8285.0,3.8954737477368737,asymmetric,temporal_relation,242,452,자전거 인도 주행,0,경계선을 통한 침입,1,자전거 인도 주행,0,경계선을 통한 침입,1,0,전동킥보드 인도 주행,0,전동킥보드 인도 주행,0,전동킥보드 인도 주행,0,전동킥보드 인도 주행,0,비정상적인 경로로의 침범,1,경계선을 통한 침입,0,비정상적인 경로로의 침범,1,경계선을 통한 침입,0,<INVALID>,0,<INVALID>,0,오토바이 인도 주행,0,비정상적인 경로로의 침범,0,신체적 충돌을 동반한 싸움,0,신체적 충돌을 동반한 싸움,0,오토바이 인도 주행,0,특정 구역 내 지속 배회,4338,8644,178745,362623
aihub_multi_angle_cctv:Training:ab_e0504,61264.666666666664,20420.666666666668,비정상적인 경로로의 침범,Training,c1,c2,61264.666666666664,20420.666666666668,3.0001305866605725,asymmetric,temporal_relation,365,725,특정 인물을 뒤따라가며 배회,0,경계선을 통한 침입,0,경계선을 통한 침입,0,특정 인물을 뒤따라가며 배회,0,0,전동킥보드 인도 주행,0,전동킥보드 인도 주행,0,전동킥보드 인도 주행,0,전동킥보드 인도 주행,1,비정상적인 경로로의 침범,1,비정상적인 경로로의 침범,1,비정상적인 경로로의 침범,1,비정상적인 경로로의 침범,0,오토바이 인도 주행,1,비정상적인 경로로의 침범,0,오토바이 인도 주행,0,오토바이 인도 주행,0,<INVALID>,0,전동킥보드 인도 주행,0,오토바이 인도 주행,0,전동킥보드 앞뒤 2인 탑승,4461,8917,183455,377332
aihub_multi_angle_cctv:Validation:ab_e0455,41836.333333333336,9107.0,비정상적인 경로로의 침범,Validation,c1,c2,41836.333333333336,9107.0,4.59386552468797,asymmetric,temporal_relation,249,469,경계선을 통한 침입,0,경계선을 통한 침입,0,경계선을 통한 침입,0,경계선을 통한 침입,0,0,전동킥보드 인도 주행,0,전동킥보드 인도 주행,0,전동킥보드 인도 주행,0,전동킥보드 인도 주행,1,비정상적인 경로로의 침범,1,비정상적인 경로로의 침범,1,비정상적인 경로로의 침범,0,경계선을 통한 침입,0,오토바이 인도 주행,0,오토바이 인도 주행,0,오토바이 인도 주행,0,오토바이 인도 주행,0,경계선을 통한 침입,0,전동킥보드 앞뒤 2인 탑승,0,오토바이 인도 주행,0,경계선을 통한 침입,4345,8661,183425,376352
aihub_multi_angle_cctv:Training:ms_e3501,10404.666666666666,26111.333333333332,오토바이 인도 주행,Training,c2,c1,26111.333333333332,10404.666666666666,2.5095790350483758,asymmetric,path_mode,324,679,오토바이 인도 주행,1,오토바이 인도 주행,1,오토바이 인도 주행,1,오토바이 인도 주행,1,0,전동킥보드 인도 주행,0,전동킥보드 인도 주행,0,전동킥보드 인도 주행,0,전동킥보드 인도 주행,0,비정상적인 경로로의 침범,0,비정상적인 경로로의 침범,0,비정상적인 경로로의 침범,0,비정상적인 경로로의 침범,1,오토바이 인도 주행,1,오토바이 인도 주행,1,오토바이 인도 주행,1,오토바이 인도 주행,0,전동킥보드 인도 주행,0,전동킥보드 인도 주행,1,오토바이 인도 주행,0,전동킥보드 인도 주행,4420,8871,93239,247151
aihub_multi_angle_cctv:Validation:ms_e3655,34583.333333333336,70348.33333333333,오토바이 인도 주행,Validation,c2,c1,70348.33333333333,34583.333333333336,2.034168674698795,asymmetric,path_mode,250,496,오토바이 인도 주행,1,오토바이 인도 주행,1,오토바이 인도 주행,1,오토바이 인도 주행,1,0,전동킥보드 인도 주행,0,전동킥보드 인도 주행,0,전동킥보드 인도 주행,0,전동킥보드 인도 주행,0,비정상적인 경로로의 침범,0,비정상적인 경로로의 침범,0,비정상적인 경로로의 침범,0,비정상적인 경로로의 침범,0,비정상적인 경로로의 침범,0,비정상적인 경로로의 침범,1,오토바이 인도 주행,0,비정상적인 경로로의 침범,0,전동킥보드 인도 주행,0,전동킥보드 인도 주행,1,오토바이 인도 주행,1,오토바이 인도 주행,4346,8688,159300,293263
aihub_multi_angle_cctv:Training:md_e2281,74142.0,17187.666666666668,이륜 이동수단 운전자 1인 헬멧 미착용,Training,c1,c2,74142.0,17187.666666666668,4.313674534065124,asymmetric,attribute_count,250,489,이륜 이동수단 운전자 1인 헬멧 미착용,1,이륜 이동수단 운전자 1인 헬멧 미착용,1,이륜 이동수단 운전자 1인 헬멧 미착용,1,이륜 이동수단 운전자 1인 헬멧 미착용,1,0,오토바이 인도 주행,0,오토바이 인도 주행,0,전동킥보드 인도 주행,0,전동킥보드 앞뒤 2인 탑승,0,비정상적인 경로로의 침범,0,비정상적인 경로로의 침범,0,비정상적인 경로로의 침범,0,경계선을 통한 침입,0,오토바이 인도 주행,0,오토바이 인도 주행,0,오토바이 인도 주행,0,오토바이 인도 주행,0,오토바이 인도 주행,0,오토바이 인도 주행,0,오토바이 인도 주행,0,오토바이 인도 주행,4346,8681,189612,410634
aihub_multi_angle_cctv:Training:mp_e2927,25478.0,51552.0,이륜 이동수단 탑승자 일부 또는 전체 헬멧 미착용,Training,c2,c1,51552.0,25478.0,2.0233927309835935,asymmetric,attribute_count,372,728,오토바이 인도 주행,0,이륜 이동수단 운전자 1인 헬멧 미착용,0,오토바이 인도 주행,0,이륜 이동수단 운전자 1인 헬멧 미착용,0,0,전동킥보드 인도 주행,0,전동킥보드 인도 주행,0,전동킥보드 인도 주행,0,전동킥보드 인도 주행,0,비정상적인 경로로의 침범,0,오토바이 인도 주행,0,비정상적인 경로로의 침범,0,전동킥보드 앞뒤 2인 탑승,0,오토바이 인도 주행,0,오토바이 인도 주행,0,오토바이 인도 주행,0,오토바이 인도 주행,0,전동킥보드 인도 주행,0,전동킥보드 앞뒤 2인 탑승,0,오토바이 인도 주행,0,전동킥보드 앞뒤 2인 탑승,4468,8920,114218,203205
aihub_multi_angle_cctv:Training:bs_e4434,23842.0,10376.0,자전거 인도 주행,Training,c1,c2,23842.0,10376.0,2.2978026214340788,asymmetric,path_mode,247,512,자전거 인도 주행,1,자전거 인도 주행,1,자전거 인도 주행,1,자전거 인도 주행,1,0,오토바이 인도 주행,0,오토바이 인도 주행,0,전동킥보드 인도 주행,0,전동킥보드 앞뒤 2인 탑승,0,이륜 이동수단 운전자 1인 헬멧 미착용,0,비정상적인 경로로의 침범,0,비정상적인 경로로의 침범,0,비정상적인 경로로의 침범,0,<INVALID>,0,비정상적인 경로로의 침범,0,오토바이 인도 주행,0,비정상적인 경로로의 침범,0,오토바이 인도 주행,0,오토바이 인도 주행,0,오토바이 인도 주행,0,전동킥보드 인도 주행,4343,8704,131429,270878
aihub_multi_angle_cctv:Validation:bs_e4308,31182.0,8904.0,자전거 인도 주행,Validation,c1,c2,31182.0,8904.0,3.502021563342318,asymmetric,path_mode,284,580,자전거 인도 주행,1,자전거 인도 주행,1,자전거 인도 주행,1,자전거 인도 주행,1,0,전동킥보드 인도 주행,0,전동킥보드 인도 주행,0,전동킥보드 인도 주행,0,전동킥보드 인도 주행,0,이륜 이동수단 탑승자 일부 또는 전체 헬멧 미착용,0,비정상적인 경로로의 침범,0,비정상적인 경로로의 침범,0,전동킥보드 인도 주행,0,오토바이 인도 주행,0,오토바이 인도 주행,0,오토바이 인도 주행,0,전동킥보드 인도 주행,0,오토바이 인도 주행,0,오토바이 인도 주행,0,오토바이 인도 주행,0,오토바이 인도 주행,4380,8772,160831,381847
aihub_multi_angle_cctv:Training:st_e4911,40712.333333333336,11165.0,전동킥보드 앞뒤 2인 탑승,Training,c1,c2,40712.333333333336,11165.0,3.646424839528288,asymmetric,attribute_count,310,713,전동킥보드 앞뒤 2인 탑승,1,전동킥보드 앞뒤 2인 탑승,1,전동킥보드 앞뒤 2인 탑승,1,전동킥보드 앞뒤 2인 탑승,1,0,전동킥보드 인도 주행,0,전동킥보드 인도 주행,0,전동킥보드 인도 주행,0,전동킥보드 인도 주행,0,비정상적인 경로로의 침범,0,비정상적인 경로로의 침범,0,비정상적인 경로로의 침범,0,비정상적인 경로로의 침범,0,오토바이 인도 주행,0,비정상적인 경로로의 침범,0,오토바이 인도 주행,0,비정상적인 경로로의 침범,0,오토바이 인도 주행,0,오토바이 인도 주행,0,오토바이 인도 주행,0,전동킥보드 인도 주행,4406,8905,175873,342792
aihub_multi_angle_cctv:Training:es_e3733,32846.0,12325.666666666666,전동킥보드 인도 주행,Training,c1,c2,32846.0,12325.666666666666,2.6648457149038594,asymmetric,path_mode,255,510,전동킥보드 인도 주행,1,전동킥보드 인도 주행,1,전동킥보드 인도 주행,1,전동킥보드 인도 주행,1,1,전동킥보드 인도 주행,1,전동킥보드 인도 주행,1,전동킥보드 인도 주행,1,전동킥보드 인도 주행,0,비정상적인 경로로의 침범,0,비정상적인 경로로의 침범,0,비정상적인 경로로의 침범,0,비정상적인 경로로의 침범,0,오토바이 인도 주행,0,오토바이 인도 주행,0,오토바이 인도 주행,1,전동킥보드 인도 주행,1,전동킥보드 인도 주행,0,전동킥보드 앞뒤 2인 탑승,0,오토바이 인도 주행,1,전동킥보드 인도 주행,4351,8702,169378,384218
aihub_multi_angle_cctv:Validation:es_e3749,32981.333333333336,12681.666666666666,전동킥보드 인도 주행,Validation,c1,c2,32981.333333333336,12681.666666666666,2.6007096858982788,asymmetric,path_mode,252,516,전동킥보드 인도 주행,1,전동킥보드 인도 주행,1,전동킥보드 인도 주행,1,전동킥보드 인도 주행,1,1,전동킥보드 인도 주행,1,전동킥보드 인도 주행,1,전동킥보드 인도 주행,1,전동킥보드 인도 주행,0,비정상적인 경로로의 침범,0,비정상적인 경로로의 침범,0,비정상적인 경로로의 침범,0,비정상적인 경로로의 침범,0,오토바이 인도 주행,0,오토바이 인도 주행,0,오토바이 인도 주행,1,전동킥보드 인도 주행,1,전동킥보드 인도 주행,1,전동킥보드 인도 주행,0,오토바이 인도 주행,1,전동킥보드 인도 주행,4348,8708,166012,374114
aihub_multi_angle_cctv:Training:lo_e1034,15778.666666666666,32976.333333333336,특정 구역 내 지속 배회,Training,c2,c1,32976.333333333336,15778.666666666666,2.0899315531519354,asymmetric,temporal_relation,205,520,특정 인물을 뒤따라가며 배회,0,특정 인물을 뒤따라가며 배회,0,특정 인물을 뒤따라가며 배회,0,특정 인물을 뒤따라가며 배회,0,0,전동킥보드 인도 주행,0,전동킥보드 인도 주행,0,전동킥보드 인도 주행,0,전동킥보드 인도 주행,0,비정상적인 경로로의 침범,1,특정 구역 내 지속 배회,0,비정상적인 경로로의 침범,1,특정 구역 내 지속 배회,0,오토바이 인도 주행,0,오토바이 인도 주행,0,오토바이 인도 주행,0,비정상적인 경로로의 침범,0,신체적 충돌을 동반한 싸움,0,전동킥보드 인도 주행,0,오토바이 인도 주행,0,전동킥보드 인도 주행,4301,8712,139263,322537
aihub_multi_angle_cctv:Validation:lo_e1103,21924.333333333332,72051.0,특정 구역 내 지속 배회,Validation,c2,c1,72051.0,21924.333333333332,3.286348501664817,asymmetric,temporal_relation,285,579,특정 인물을 뒤따라가며 배회,0,특정 인물을 뒤따라가며 배회,0,특정 인물을 뒤따라가며 배회,0,특정 인물을 뒤따라가며 배회,0,0,전동킥보드 인도 주행,0,전동킥보드 인도 주행,0,전동킥보드 인도 주행,0,전동킥보드 인도 주행,1,특정 구역 내 지속 배회,1,특정 구역 내 지속 배회,0,비정상적인 경로로의 침범,0,비정상적인 경로로의 침범,0,오토바이 인도 주행,0,비정상적인 경로로의 침범,0,오토바이 인도 주행,0,비정상적인 경로로의 침범,0,신체적 충돌을 동반한 싸움,0,신체적 충돌을 동반한 싸움,0,오토바이 인도 주행,0,신체적 충돌을 동반한 싸움,4381,8771,162480,328964
aihub_multi_angle_cctv:Training:fp_e2025,201024.66666666666,70631.0,특정 인물을 뒤따라가며 배회,Training,c1,c2,201024.66666666666,70631.0,2.8461251669474685,asymmetric,temporal_relation,384,709,전동킥보드 앞뒤 2인 탑승,0,특정 인물을 뒤따라가며 배회,1,특정 인물을 뒤따라가며 배회,1,전동킥보드 앞뒤 2인 탑승,0,0,전동킥보드 인도 주행,0,전동킥보드 인도 주행,0,전동킥보드 인도 주행,0,전동킥보드 인도 주행,0,비정상적인 경로로의 침범,0,비정상적인 경로로의 침범,0,비정상적인 경로로의 침범,0,비정상적인 경로로의 침범,0,비정상적인 경로로의 침범,0,비정상적인 경로로의 침범,0,오토바이 인도 주행,0,비정상적인 경로로의 침범,0,신체적 충돌을 동반한 싸움,0,전동킥보드 인도 주행,0,오토바이 인도 주행,0,전동킥보드 인도 주행,4480,8901,110340,224900
aihub_multi_angle_cctv:Validation:fp_e1621,43029.666666666664,10880.0,특정 인물을 뒤따라가며 배회,Validation,c1,c2,43029.666666666664,10880.0,3.9549325980392154,asymmetric,temporal_relation,268,524,특정 인물을 뒤따라가며 배회,1,특정 인물을 뒤따라가며 배회,1,특정 인물을 뒤따라가며 배회,1,특정 인물을 뒤따라가며 배회,1,0,전동킥보드 인도 주행,0,전동킥보드 인도 주행,0,전동킥보드 인도 주행,0,전동킥보드 인도 주행,0,비정상적인 경로로의 침범,0,비정상적인 경로로의 침범,0,비정상적인 경로로의 침범,0,비정상적인 경로로의 침범,0,비정상적인 경로로의 침범,0,비정상적인 경로로의 침범,0,오토바이 인도 주행,0,비정상적인 경로로의 침범,0,전동킥보드 앞뒤 2인 탑승,0,전동킥보드 앞뒤 2인 탑승,0,오토바이 인도 주행,0,전동킥보드 인도 주행,4364,8716,154704,314469
aihub_multi_angle_cctv:Training:bl_e0058,5277.0,28458.0,경계선을 통한 침입,Training,c2,c1,28458.0,5277.0,5.392836839113133,asymmetric,temporal_relation,277,524,특정 인물을 뒤따라가며 배회,0,특정 인물을 뒤따라가며 배회,0,특정 인물을 뒤따라가며 배회,0,특정 인물을 뒤따라가며 배회,0,0,전동킥보드 인도 주행,0,신체적 충돌을 동반한 싸움,0,전동킥보드 인도 주행,0,전동킥보드 인도 주행,0,특정 인물을 뒤따라가며 배회,0,특정 구역 내 지속 배회,0,비정상적인 경로로의 침범,0,특정 구역 내 지속 배회,0,<INVALID>,0,<INVALID>,0,오토바이 인도 주행,0,이륜 이동수단 탑승자 일부 또는 전체 헬멧 미착용,0,특정 구역 내 지속 배회,0,신체적 충돌을 동반한 싸움,0,오토바이 인도 주행,0,전동킥보드 인도 주행,4373,8716,186061,361483
aihub_multi_angle_cctv:Validation:bl_e0277,79844.0,20902.666666666668,경계선을 통한 침입,Validation,c1,c2,79844.0,20902.666666666668,3.819799706576513,asymmetric,temporal_relation,162,407,경계선을 통한 침입,1,경계선을 통한 침입,1,경계선을 통한 침입,1,경계선을 통한 침입,1,0,전동킥보드 인도 주행,0,전동킥보드 인도 주행,0,전동킥보드 인도 주행,0,전동킥보드 인도 주행,0,비정상적인 경로로의 침범,0,비정상적인 경로로의 침범,0,비정상적인 경로로의 침범,0,비정상적인 경로로의 침범,0,<INVALID>,0,비정상적인 경로로의 침범,0,오토바이 인도 주행,0,비정상적인 경로로의 침범,1,경계선을 통한 침입,1,경계선을 통한 침입,0,오토바이 인도 주행,0,신체적 충돌을 동반한 싸움,4258,8599,192534,360863
aihub_multi_angle_cctv:Training:ab_e0549,34540.0,7932.0,비정상적인 경로로의 침범,Training,c1,c2,34540.0,7932.0,4.354513363590519,asymmetric,temporal_relation,291,609,특정 인물을 뒤따라가며 배회,0,특정 인물을 뒤따라가며 배회,0,특정 인물을 뒤따라가며 배회,0,특정 인물을 뒤따라가며 배회,0,0,전동킥보드 인도 주행,0,전동킥보드 인도 주행,0,전동킥보드 인도 주행,0,전동킥보드 인도 주행,0,경계선을 통한 침입,0,특정 구역 내 지속 배회,1,비정상적인 경로로의 침범,0,특정 구역 내 지속 배회,0,오토바이 인도 주행,1,비정상적인 경로로의 침범,0,오토바이 인도 주행,0,<INVALID>,0,전동킥보드 인도 주행,0,전동킥보드 앞뒤 2인 탑승,0,오토바이 인도 주행,0,전동킥보드 앞뒤 2인 탑승,4387,8801,210872,405807
aihub_multi_angle_cctv:Validation:ab_e0544,39129.333333333336,9312.666666666666,비정상적인 경로로의 침범,Validation,c1,c2,39129.333333333336,9312.666666666666,4.201732407473692,asymmetric,temporal_relation,262,546,특정 인물을 뒤따라가며 배회,0,특정 인물을 뒤따라가며 배회,0,특정 인물을 뒤따라가며 배회,0,특정 인물을 뒤따라가며 배회,0,0,전동킥보드 인도 주행,0,전동킥보드 인도 주행,0,전동킥보드 인도 주행,0,전동킥보드 인도 주행,1,비정상적인 경로로의 침범,1,비정상적인 경로로의 침범,1,비정상적인 경로로의 침범,0,특정 구역 내 지속 배회,1,비정상적인 경로로의 침범,1,비정상적인 경로로의 침범,0,오토바이 인도 주행,0,<INVALID>,0,전동킥보드 인도 주행,0,전동킥보드 앞뒤 2인 탑승,0,오토바이 인도 주행,0,신체적 충돌을 동반한 싸움,4358,8738,211333,404221
aihub_multi_angle_cctv:Training:ms_e3151,29906.0,13336.333333333334,오토바이 인도 주행,Training,c1,c2,29906.0,13336.333333333334,2.242445449773801,asymmetric,path_mode,344,668,오토바이 인도 주행,1,오토바이 인도 주행,1,오토바이 인도 주행,1,오토바이 인도 주행,1,1,오토바이 인도 주행,1,오토바이 인도 주행,0,전동킥보드 인도 주행,1,오토바이 인도 주행,0,비정상적인 경로로의 침범,0,비정상적인 경로로의 침범,0,비정상적인 경로로의 침범,0,비정상적인 경로로의 침범,0,비정상적인 경로로의 침범,1,오토바이 인도 주행,1,오토바이 인도 주행,1,오토바이 인도 주행,1,오토바이 인도 주행,1,오토바이 인도 주행,1,오토바이 인도 주행,1,오토바이 인도 주행,4440,8860,133870,255481
aihub_multi_angle_cctv:Validation:ms_e3159,33337.0,5440.0,오토바이 인도 주행,Validation,c1,c2,33337.0,5440.0,6.128125,asymmetric,path_mode,250,486,오토바이 인도 주행,1,오토바이 인도 주행,1,오토바이 인도 주행,1,오토바이 인도 주행,1,0,전동킥보드 인도 주행,1,오토바이 인도 주행,0,전동킥보드 인도 주행,1,오토바이 인도 주행,0,비정상적인 경로로의 침범,0,비정상적인 경로로의 침범,0,비정상적인 경로로의 침범,1,오토바이 인도 주행,0,<INVALID>,1,오토바이 인도 주행,1,오토바이 인도 주행,1,오토바이 인도 주행,0,전동킥보드 앞뒤 2인 탑승,1,오토바이 인도 주행,1,오토바이 인도 주행,1,오토바이 인도 주행,4346,8678,160075,375819
aihub_multi_angle_cctv:Training:md_e2576,29466.666666666668,67169.33333333333,이륜 이동수단 운전자 1인 헬멧 미착용,Training,c2,c1,67169.33333333333,29466.666666666668,2.2795022624434385,asymmetric,attribute_count,287,547,이륜 이동수단 탑승자 일부 또는 전체 헬멧 미착용,0,이륜 이동수단 탑승자 일부 또는 전체 헬멧 미착용,0,이륜 이동수단 탑승자 일부 또는 전체 헬멧 미착용,0,이륜 이동수단 탑승자 일부 또는 전체 헬멧 미착용,0,0,오토바이 인도 주행,0,오토바이 인도 주행,0,전동킥보드 인도 주행,0,오토바이 인도 주행,0,비정상적인 경로로의 침범,0,오토바이 인도 주행,0,비정상적인 경로로의 침범,0,오토바이 인도 주행,0,오토바이 인도 주행,0,오토바이 인도 주행,0,오토바이 인도 주행,0,오토바이 인도 주행,0,전동킥보드 인도 주행,0,오토바이 인도 주행,0,오토바이 인도 주행,0,오토바이 인도 주행,4383,8739,88086,205946
aihub_multi_angle_cctv:Training:mp_e2852,107684.33333333333,27172.666666666668,이륜 이동수단 탑승자 일부 또는 전체 헬멧 미착용,Training,c1,c2,107684.33333333333,27172.666666666668,3.9629652346720965,asymmetric,attribute_count,322,660,이륜 이동수단 운전자 1인 헬멧 미착용,0,이륜 이동수단 운전자 1인 헬멧 미착용,0,이륜 이동수단 운전자 1인 헬멧 미착용,0,이륜 이동수단 운전자 1인 헬멧 미착용,0,0,오토바이 인도 주행,0,오토바이 인도 주행,0,전동킥보드 인도 주행,0,전동킥보드 인도 주행,0,오토바이 인도 주행,0,비정상적인 경로로의 침범,0,비정상적인 경로로의 침범,0,비정상적인 경로로의 침범,0,오토바이 인도 주행,0,비정상적인 경로로의 침범,0,오토바이 인도 주행,0,비정상적인 경로로의 침범,0,전동킥보드 인도 주행,0,전동킥보드 앞뒤 2인 탑승,0,오토바이 인도 주행,0,전동킥보드 앞뒤 2인 탑승,4418,8852,224715,418551
aihub_multi_angle_cctv:Training:bs_e4519,30649.333333333332,14667.333333333334,자전거 인도 주행,Training,c1,c2,30649.333333333332,14667.333333333334,2.089632289441389,asymmetric,path_mode,263,504,자전거 인도 주행,1,자전거 인도 주행,1,자전거 인도 주행,1,자전거 인도 주행,1,0,전동킥보드 인도 주행,0,전동킥보드 인도 주행,0,전동킥보드 인도 주행,0,전동킥보드 인도 주행,0,이륜 이동수단 탑승자 일부 또는 전체 헬멧 미착용,0,이륜 이동수단 탑승자 일부 또는 전체 헬멧 미착용,0,비정상적인 경로로의 침범,0,비정상적인 경로로의 침범,0,오토바이 인도 주행,0,비정상적인 경로로의 침범,0,오토바이 인도 주행,0,비정상적인 경로로의 침범,0,오토바이 인도 주행,0,오토바이 인도 주행,0,오토바이 인도 주행,0,이륜 이동수단 탑승자 일부 또는 전체 헬멧 미착용,4359,8696,174522,340595
aihub_multi_angle_cctv:Validation:bs_e4464,72406.66666666667,13079.0,자전거 인도 주행,Validation,c1,c2,72406.66666666667,13079.0,5.5361011290363695,asymmetric,path_mode,259,518,자전거 인도 주행,1,자전거 인도 주행,1,자전거 인도 주행,1,자전거 인도 주행,1,0,이륜 이동수단 탑승자 일부 또는 전체 헬멧 미착용,0,전동킥보드 인도 주행,0,전동킥보드 인도 주행,0,전동킥보드 인도 주행,1,자전거 인도 주행,1,자전거 인도 주행,0,비정상적인 경로로의 침범,0,비정상적인 경로로의 침범,0,<INVALID>,0,비정상적인 경로로의 침범,0,오토바이 인도 주행,0,오토바이 인도 주행,0,오토바이 인도 주행,0,오토바이 인도 주행,0,오토바이 인도 주행,0,전동킥보드 인도 주행,4355,8710,150027,242287
aihub_multi_angle_cctv:Training:st_e4851,36401.333333333336,8273.333333333334,전동킥보드 앞뒤 2인 탑승,Training,c1,c2,36401.333333333336,8273.333333333334,4.399838839645447,asymmetric,attribute_count,287,558,전동킥보드 앞뒤 2인 탑승,1,전동킥보드 앞뒤 2인 탑승,1,전동킥보드 앞뒤 2인 탑승,1,전동킥보드 앞뒤 2인 탑승,1,0,전동킥보드 인도 주행,0,전동킥보드 인도 주행,0,전동킥보드 인도 주행,0,전동킥보드 인도 주행,0,전동킥보드 인도 주행,0,경계선을 통한 침입,0,비정상적인 경로로의 침범,0,비정상적인 경로로의 침범,0,오토바이 인도 주행,0,오토바이 인도 주행,0,오토바이 인도 주행,0,오토바이 인도 주행,0,전동킥보드 인도 주행,0,전동킥보드 인도 주행,0,오토바이 인도 주행,0,전동킥보드 인도 주행,4383,8750,191214,405422
aihub_multi_angle_cctv:Training:es_e3764,8730.333333333334,45712.0,전동킥보드 인도 주행,Training,c2,c1,45712.0,8730.333333333334,5.235997098239853,asymmetric,path_mode,257,511,전동킥보드 인도 주행,1,전동킥보드 인도 주행,1,전동킥보드 인도 주행,1,전동킥보드 인도 주행,1,1,전동킥보드 인도 주행,1,전동킥보드 인도 주행,1,전동킥보드 인도 주행,1,전동킥보드 인도 주행,1,전동킥보드 인도 주행,1,전동킥보드 인도 주행,0,비정상적인 경로로의 침범,0,비정상적인 경로로의 침범,0,오토바이 인도 주행,0,오토바이 인도 주행,0,오토바이 인도 주행,0,오토바이 인도 주행,1,전동킥보드 인도 주행,1,전동킥보드 인도 주행,0,오토바이 인도 주행,0,오토바이 인도 주행,4353,8703,154075,298792
aihub_multi_angle_cctv:Validation:es_e3723,36607.0,5068.333333333333,전동킥보드 인도 주행,Validation,c1,c2,36607.0,5068.333333333333,7.222689904636633,asymmetric,path_mode,291,604,전동킥보드 인도 주행,1,전동킥보드 인도 주행,1,전동킥보드 인도 주행,1,전동킥보드 인도 주행,1,0,전동킥보드 앞뒤 2인 탑승,1,전동킥보드 인도 주행,1,전동킥보드 인도 주행,1,전동킥보드 인도 주행,1,전동킥보드 인도 주행,1,전동킥보드 인도 주행,0,비정상적인 경로로의 침범,0,비정상적인 경로로의 침범,0,오토바이 인도 주행,0,오토바이 인도 주행,0,오토바이 인도 주행,0,오토바이 인도 주행,1,전동킥보드 인도 주행,1,전동킥보드 인도 주행,0,오토바이 인도 주행,0,경계선을 통한 침입,4387,8796,142796,272403
aihub_multi_angle_cctv:Training:lo_e1269,13837.666666666666,41860.0,특정 구역 내 지속 배회,Training,c2,c1,41860.0,13837.666666666666,3.025076482065859,asymmetric,temporal_relation,242,511,특정 인물을 뒤따라가며 배회,0,특정 인물을 뒤따라가며 배회,0,특정 인물을 뒤따라가며 배회,0,특정 인물을 뒤따라가며 배회,0,0,전동킥보드 인도 주행,0,전동킥보드 인도 주행,0,전동킥보드 인도 주행,0,전동킥보드 인도 주행,0,비정상적인 경로로의 침범,0,비정상적인 경로로의 침범,0,비정상적인 경로로의 침범,0,비정상적인 경로로의 침범,0,오토바이 인도 주행,0,비정상적인 경로로의 침범,0,오토바이 인도 주행,0,비정상적인 경로로의 침범,0,신체적 충돌을 동반한 싸움,0,전동킥보드 앞뒤 2인 탑승,0,오토바이 인도 주행,0,신체적 충돌을 동반한 싸움,4338,8703,140970,297057
aihub_multi_angle_cctv:Validation:lo_e1288,14202.0,29201.666666666668,특정 구역 내 지속 배회,Validation,c2,c1,29201.666666666668,14202.0,2.0561657982443786,asymmetric,temporal_relation,251,508,특정 인물을 뒤따라가며 배회,0,특정 인물을 뒤따라가며 배회,0,특정 인물을 뒤따라가며 배회,0,특정 인물을 뒤따라가며 배회,0,0,전동킥보드 인도 주행,0,전동킥보드 인도 주행,0,전동킥보드 인도 주행,0,전동킥보드 인도 주행,0,비정상적인 경로로의 침범,0,비정상적인 경로로의 침범,0,비정상적인 경로로의 침범,0,비정상적인 경로로의 침범,0,비정상적인 경로로의 침범,0,비정상적인 경로로의 침범,0,오토바이 인도 주행,0,비정상적인 경로로의 침범,0,신체적 충돌을 동반한 싸움,0,전동킥보드 앞뒤 2인 탑승,0,오토바이 인도 주행,0,신체적 충돌을 동반한 싸움,4347,8700,135186,282166
aihub_multi_angle_cctv:Training:fp_e1696,87040.33333333333,41831.333333333336,특정 인물을 뒤따라가며 배회,Training,c1,c2,87040.33333333333,41831.333333333336,2.0807448961703345,asymmetric,temporal_relation,255,515,자전거 인도 주행,0,자전거 인도 주행,0,자전거 인도 주행,0,자전거 인도 주행,0,0,전동킥보드 인도 주행,0,전동킥보드 인도 주행,0,전동킥보드 인도 주행,0,전동킥보드 인도 주행,0,비정상적인 경로로의 침범,0,비정상적인 경로로의 침범,0,비정상적인 경로로의 침범,0,비정상적인 경로로의 침범,0,비정상적인 경로로의 침범,0,비정상적인 경로로의 침범,0,오토바이 인도 주행,0,비정상적인 경로로의 침범,0,전동킥보드 인도 주행,0,전동킥보드 인도 주행,0,오토바이 인도 주행,0,전동킥보드 인도 주행,4351,8707,127532,294676
aihub_multi_angle_cctv:Validation:fp_e1559,148047.66666666666,70051.33333333333,특정 인물을 뒤따라가며 배회,Validation,c1,c2,148047.66666666666,70051.33333333333,2.1134168276597163,asymmetric,temporal_relation,352,735,특정 인물을 뒤따라가며 배회,1,특정 인물을 뒤따라가며 배회,1,특정 인물을 뒤따라가며 배회,1,특정 인물을 뒤따라가며 배회,1,0,신체적 충돌을 동반한 싸움,0,전동킥보드 인도 주행,0,전동킥보드 인도 주행,0,전동킥보드 인도 주행,0,비정상적인 경로로의 침범,0,특정 구역 내 지속 배회,0,비정상적인 경로로의 침범,0,비정상적인 경로로의 침범,0,비정상적인 경로로의 침범,0,비정상적인 경로로의 침범,0,오토바이 인도 주행,0,이륜 이동수단 운전자 1인 헬멧 미착용,0,전동킥보드 앞뒤 2인 탑승,0,전동킥보드 앞뒤 2인 탑승,0,오토바이 인도 주행,0,전동킥보드 앞뒤 2인 탑승,4448,8927,133160,305451
aihub_multi_angle_cctv:Training:bl_e0043,9200.0,25416.333333333332,경계선을 통한 침입,Training,c2,c1,25416.333333333332,9200.0,2.7626449275362317,asymmetric,temporal_relation,249,471,특정 인물을 뒤따라가며 배회,0,경계선을 통한 침입,1,특정 인물을 뒤따라가며 배회,0,경계선을 통한 침입,1,0,전동킥보드 인도 주행,0,전동킥보드 인도 주행,0,전동킥보드 인도 주행,0,전동킥보드 인도 주행,0,비정상적인 경로로의 침범,1,경계선을 통한 침입,0,비정상적인 경로로의 침범,1,경계선을 통한 침입,0,오토바이 인도 주행,0,오토바이 인도 주행,0,오토바이 인도 주행,0,비정상적인 경로로의 침범,0,전동킥보드 앞뒤 2인 탑승,0,전동킥보드 앞뒤 2인 탑승,0,오토바이 인도 주행,1,경계선을 통한 침입,4345,8663,182185,368257
aihub_multi_angle_cctv:Validation:bl_e0114,59566.666666666664,22384.0,경계선을 통한 침입,Validation,c1,c2,59566.666666666664,22384.0,2.661126995472957,asymmetric,temporal_relation,170,412,자전거 인도 주행,0,자전거 인도 주행,0,자전거 인도 주행,0,자전거 인도 주행,0,0,전동킥보드 인도 주행,0,전동킥보드 인도 주행,0,전동킥보드 인도 주행,0,전동킥보드 인도 주행,0,비정상적인 경로로의 침범,0,비정상적인 경로로의 침범,0,비정상적인 경로로의 침범,0,비정상적인 경로로의 침범,0,비정상적인 경로로의 침범,0,비정상적인 경로로의 침범,0,오토바이 인도 주행,0,오토바이 인도 주행,0,<INVALID>,0,<INVALID>,0,오토바이 인도 주행,0,신체적 충돌을 동반한 싸움,4266,8604,136064,295989
aihub_multi_angle_cctv:Training:ab_e0585,46950.0,10723.0,비정상적인 경로로의 침범,Training,c1,c2,46950.0,10723.0,4.378438869719295,asymmetric,temporal_relation,281,564,특정 인물을 뒤따라가며 배회,0,특정 인물을 뒤따라가며 배회,0,특정 인물을 뒤따라가며 배회,0,특정 인물을 뒤따라가며 배회,0,0,전동킥보드 인도 주행,0,전동킥보드 인도 주행,0,전동킥보드 인도 주행,0,전동킥보드 인도 주행,1,비정상적인 경로로의 침범,1,비정상적인 경로로의 침범,1,비정상적인 경로로의 침범,1,비정상적인 경로로의 침범,0,이륜 이동수단 운전자 1인 헬멧 미착용,1,비정상적인 경로로의 침범,0,오토바이 인도 주행,1,비정상적인 경로로의 침범,0,<INVALID>,0,전동킥보드 인도 주행,0,오토바이 인도 주행,0,전동킥보드 인도 주행,4377,8756,193696,373268
aihub_multi_angle_cctv:Validation:ab_e0481,53325.0,13573.666666666666,비정상적인 경로로의 침범,Validation,c1,c2,53325.0,13573.666666666666,3.9285626580879645,asymmetric,temporal_relation,251,496,특정 인물을 뒤따라가며 배회,0,특정 인물을 뒤따라가며 배회,0,특정 인물을 뒤따라가며 배회,0,특정 인물을 뒤따라가며 배회,0,0,전동킥보드 인도 주행,0,전동킥보드 인도 주행,0,전동킥보드 인도 주행,0,전동킥보드 인도 주행,1,비정상적인 경로로의 침범,1,비정상적인 경로로의 침범,1,비정상적인 경로로의 침범,1,비정상적인 경로로의 침범,0,오토바이 인도 주행,0,오토바이 인도 주행,0,오토바이 인도 주행,0,오토바이 인도 주행,0,경계선을 통한 침입,0,전동킥보드 앞뒤 2인 탑승,0,오토바이 인도 주행,0,전동킥보드 앞뒤 2인 탑승,4347,8688,177548,362115
aihub_multi_angle_cctv:Training:bl_e0013,31259.0,27507.0,경계선을 통한 침입,Training,c1,c2,31259.0,27507.0,1.13640164321809,symmetric,temporal_relation,224,485,경계선을 통한 침입,1,특정 인물을 뒤따라가며 배회,0,특정 인물을 뒤따라가며 배회,0,특정 인물을 뒤따라가며 배회,0,0,전동킥보드 인도 주행,0,전동킥보드 인도 주행,0,전동킥보드 인도 주행,0,전동킥보드 인도 주행,0,비정상적인 경로로의 침범,0,비정상적인 경로로의 침범,0,비정상적인 경로로의 침범,0,특정 구역 내 지속 배회,0,<INVALID>,0,비정상적인 경로로의 침범,0,오토바이 인도 주행,0,비정상적인 경로로의 침범,0,특정 구역 내 지속 배회,0,전동킥보드 인도 주행,0,오토바이 인도 주행,0,전동킥보드 인도 주행,4320,8677,196830,367793
aihub_multi_angle_cctv:Training:ab_e0674,21419.333333333332,18572.333333333332,비정상적인 경로로의 침범,Training,c1,c2,21419.333333333332,18572.333333333332,1.153292531902292,symmetric,temporal_relation,252,549,경계선을 통한 침입,0,경계선을 통한 침입,0,경계선을 통한 침입,0,경계선을 통한 침입,0,0,전동킥보드 인도 주행,0,전동킥보드 인도 주행,0,전동킥보드 인도 주행,0,전동킥보드 인도 주행,1,비정상적인 경로로의 침범,1,비정상적인 경로로의 침범,1,비정상적인 경로로의 침범,0,특정 구역 내 지속 배회,0,오토바이 인도 주행,1,비정상적인 경로로의 침범,0,오토바이 인도 주행,1,비정상적인 경로로의 침범,0,전동킥보드 앞뒤 2인 탑승,0,전동킥보드 앞뒤 2인 탑승,0,오토바이 인도 주행,0,전동킥보드 앞뒤 2인 탑승,4348,8741,97186,215650
aihub_multi_angle_cctv:Validation:ab_e0675,18976.0,19601.333333333332,비정상적인 경로로의 침범,Validation,c2,c1,19601.333333333332,18976.0,1.032953906689151,symmetric,temporal_relation,303,591,경계선을 통한 침입,0,경계선을 통한 침입,0,경계선을 통한 침입,0,경계선을 통한 침입,0,0,전동킥보드 인도 주행,0,전동킥보드 인도 주행,0,전동킥보드 인도 주행,0,전동킥보드 인도 주행,1,비정상적인 경로로의 침범,1,비정상적인 경로로의 침범,1,비정상적인 경로로의 침범,1,비정상적인 경로로의 침범,1,비정상적인 경로로의 침범,1,비정상적인 경로로의 침범,0,오토바이 인도 주행,0,오토바이 인도 주행,0,전동킥보드 앞뒤 2인 탑승,0,전동킥보드 앞뒤 2인 탑승,0,오토바이 인도 주행,0,전동킥보드 앞뒤 2인 탑승,4399,8783,117005,214226
aihub_multi_angle_cctv:Training:ph_e2041,68118.33333333333,78853.0,신체적 충돌을 동반한 싸움,Training,c2,c1,78853.0,68118.33333333333,1.1575885101905998,symmetric,temporal_relation,242,470,특정 인물을 뒤따라가며 배회,0,특정 인물을 뒤따라가며 배회,0,특정 인물을 뒤따라가며 배회,0,특정 인물을 뒤따라가며 배회,0,1,신체적 충돌을 동반한 싸움,1,신체적 충돌을 동반한 싸움,0,전동킥보드 인도 주행,0,전동킥보드 인도 주행,1,신체적 충돌을 동반한 싸움,1,신체적 충돌을 동반한 싸움,0,비정상적인 경로로의 침범,0,비정상적인 경로로의 침범,0,비정상적인 경로로의 침범,0,비정상적인 경로로의 침범,0,오토바이 인도 주행,0,<INVALID>,1,신체적 충돌을 동반한 싸움,1,신체적 충돌을 동반한 싸움,0,오토바이 인도 주행,1,신체적 충돌을 동반한 싸움,4338,8662,185052,341026
aihub_multi_angle_cctv:Validation:ph_e2058,24513.0,25726.333333333332,신체적 충돌을 동반한 싸움,Validation,c2,c1,25726.333333333332,24513.0,1.0494975455200641,symmetric,temporal_relation,243,497,신체적 충돌을 동반한 싸움,1,신체적 충돌을 동반한 싸움,1,신체적 충돌을 동반한 싸움,1,신체적 충돌을 동반한 싸움,1,0,전동킥보드 인도 주행,0,전동킥보드 인도 주행,0,전동킥보드 인도 주행,0,전동킥보드 앞뒤 2인 탑승,0,비정상적인 경로로의 침범,0,비정상적인 경로로의 침범,0,비정상적인 경로로의 침범,0,비정상적인 경로로의 침범,0,비정상적인 경로로의 침범,0,오토바이 인도 주행,0,오토바이 인도 주행,0,비정상적인 경로로의 침범,1,신체적 충돌을 동반한 싸움,0,전동킥보드 앞뒤 2인 탑승,0,오토바이 인도 주행,1,신체적 충돌을 동반한 싸움,4339,8689,157676,331336
aihub_multi_angle_cctv:Training:ms_e3634,46407.0,55051.0,오토바이 인도 주행,Training,c2,c1,55051.0,46407.0,1.1862650031245285,symmetric,path_mode,326,623,오토바이 인도 주행,1,오토바이 인도 주행,1,오토바이 인도 주행,1,오토바이 인도 주행,1,1,오토바이 인도 주행,0,전동킥보드 인도 주행,0,전동킥보드 인도 주행,0,전동킥보드 인도 주행,1,오토바이 인도 주행,1,오토바이 인도 주행,0,비정상적인 경로로의 침범,1,오토바이 인도 주행,1,오토바이 인도 주행,1,오토바이 인도 주행,1,오토바이 인도 주행,1,오토바이 인도 주행,1,오토바이 인도 주행,1,오토바이 인도 주행,1,오토바이 인도 주행,1,오토바이 인도 주행,4422,8815,159757,290480
aihub_multi_angle_cctv:Validation:ms_e3578,21295.333333333332,23939.666666666668,오토바이 인도 주행,Validation,c2,c1,23939.666666666668,21295.333333333332,1.1241743104905615,symmetric,path_mode,247,502,오토바이 인도 주행,1,오토바이 인도 주행,1,오토바이 인도 주행,1,오토바이 인도 주행,1,0,전동킥보드 인도 주행,1,오토바이 인도 주행,0,전동킥보드 인도 주행,1,오토바이 인도 주행,0,비정상적인 경로로의 침범,0,경계선을 통한 침입,0,비정상적인 경로로의 침범,0,경계선을 통한 침입,1,오토바이 인도 주행,1,오토바이 인도 주행,1,오토바이 인도 주행,1,오토바이 인도 주행,0,전동킥보드 앞뒤 2인 탑승,0,전동킥보드 인도 주행,1,오토바이 인도 주행,1,오토바이 인도 주행,4343,8694,161294,310631
aihub_multi_angle_cctv:Training:md_e2505,30138.333333333332,30954.0,이륜 이동수단 운전자 1인 헬멧 미착용,Training,c2,c1,30954.0,30138.333333333332,1.027064093347343,symmetric,attribute_count,343,731,이륜 이동수단 운전자 1인 헬멧 미착용,1,이륜 이동수단 운전자 1인 헬멧 미착용,1,이륜 이동수단 운전자 1인 헬멧 미착용,1,이륜 이동수단 운전자 1인 헬멧 미착용,1,0,오토바이 인도 주행,0,오토바이 인도 주행,0,전동킥보드 인도 주행,0,오토바이 인도 주행,0,오토바이 인도 주행,0,오토바이 인도 주행,0,비정상적인 경로로의 침범,0,오토바이 인도 주행,0,오토바이 인도 주행,0,오토바이 인도 주행,0,오토바이 인도 주행,0,오토바이 인도 주행,0,오토바이 인도 주행,0,오토바이 인도 주행,0,오토바이 인도 주행,0,전동킥보드 앞뒤 2인 탑승,4439,8923,163743,305761
aihub_multi_angle_cctv:Validation:md_e2359,39701.333333333336,33524.0,이륜 이동수단 운전자 1인 헬멧 미착용,Validation,c1,c2,39701.333333333336,33524.0,1.184265998488645,symmetric,attribute_count,387,795,이륜 이동수단 운전자 1인 헬멧 미착용,1,이륜 이동수단 운전자 1인 헬멧 미착용,1,이륜 이동수단 운전자 1인 헬멧 미착용,1,이륜 이동수단 운전자 1인 헬멧 미착용,1,0,오토바이 인도 주행,0,오토바이 인도 주행,0,전동킥보드 인도 주행,0,오토바이 인도 주행,0,오토바이 인도 주행,0,오토바이 인도 주행,0,비정상적인 경로로의 침범,0,오토바이 인도 주행,0,오토바이 인도 주행,0,오토바이 인도 주행,0,오토바이 인도 주행,0,오토바이 인도 주행,0,오토바이 인도 주행,0,오토바이 인도 주행,0,오토바이 인도 주행,0,오토바이 인도 주행,4483,8987,143935,312318
aihub_multi_angle_cctv:Training:mp_e2938,36764.666666666664,41171.333333333336,이륜 이동수단 탑승자 일부 또는 전체 헬멧 미착용,Training,c2,c1,41171.333333333336,36764.666666666664,1.1198614611855588,symmetric,attribute_count,337,602,이륜 이동수단 탑승자 일부 또는 전체 헬멧 미착용,1,이륜 이동수단 탑승자 일부 또는 전체 헬멧 미착용,1,이륜 이동수단 탑승자 일부 또는 전체 헬멧 미착용,1,이륜 이동수단 탑승자 일부 또는 전체 헬멧 미착용,1,0,전동킥보드 앞뒤 2인 탑승,0,오토바이 인도 주행,0,전동킥보드 인도 주행,0,오토바이 인도 주행,0,전동킥보드 앞뒤 2인 탑승,0,오토바이 인도 주행,0,비정상적인 경로로의 침범,0,오토바이 인도 주행,0,비정상적인 경로로의 침범,0,오토바이 인도 주행,0,오토바이 인도 주행,0,오토바이 인도 주행,0,전동킥보드 인도 주행,0,오토바이 인도 주행,0,오토바이 인도 주행,0,오토바이 인도 주행,4433,8794,173501,311055
aihub_multi_angle_cctv:Validation:mp_e2890,36283.333333333336,34286.0,이륜 이동수단 탑승자 일부 또는 전체 헬멧 미착용,Validation,c1,c2,36283.333333333336,34286.0,1.0582550700966382,symmetric,attribute_count,307,640,이륜 이동수단 탑승자 일부 또는 전체 헬멧 미착용,1,이륜 이동수단 탑승자 일부 또는 전체 헬멧 미착용,1,이륜 이동수단 탑승자 일부 또는 전체 헬멧 미착용,1,이륜 이동수단 탑승자 일부 또는 전체 헬멧 미착용,1,0,오토바이 인도 주행,0,오토바이 인도 주행,0,전동킥보드 인도 주행,0,오토바이 인도 주행,0,비정상적인 경로로의 침범,0,오토바이 인도 주행,0,비정상적인 경로로의 침범,0,오토바이 인도 주행,0,오토바이 인도 주행,0,오토바이 인도 주행,0,오토바이 인도 주행,0,오토바이 인도 주행,0,오토바이 인도 주행,0,오토바이 인도 주행,0,오토바이 인도 주행,0,오토바이 인도 주행,4403,8832,148348,301845
aihub_multi_angle_cctv:Training:bs_e4628,12851.666666666666,11033.0,자전거 인도 주행,Training,c1,c2,12851.666666666666,11033.0,1.1648388168826853,symmetric,path_mode,317,609,자전거 인도 주행,1,전동킥보드 앞뒤 2인 탑승,0,자전거 인도 주행,1,자전거 인도 주행,1,0,전동킥보드 인도 주행,0,전동킥보드 인도 주행,0,전동킥보드 인도 주행,0,전동킥보드 인도 주행,0,<INVALID>,0,비정상적인 경로로의 침범,0,비정상적인 경로로의 침범,1,자전거 인도 주행,0,비정상적인 경로로의 침범,0,오토바이 인도 주행,0,오토바이 인도 주행,0,오토바이 인도 주행,0,전동킥보드 인도 주행,0,오토바이 인도 주행,0,오토바이 인도 주행,0,이륜 이동수단 탑승자 일부 또는 전체 헬멧 미착용,4413,8801,156522,302018
aihub_multi_angle_cctv:Validation:bs_e4577,30680.333333333332,32353.666666666668,자전거 인도 주행,Validation,c2,c1,32353.666666666668,30680.333333333332,1.0545409111156985,symmetric,path_mode,216,449,자전거 인도 주행,1,자전거 인도 주행,1,자전거 인도 주행,1,자전거 인도 주행,1,0,오토바이 인도 주행,0,전동킥보드 인도 주행,0,전동킥보드 인도 주행,0,전동킥보드 인도 주행,0,비정상적인 경로로의 침범,0,비정상적인 경로로의 침범,0,비정상적인 경로로의 침범,0,비정상적인 경로로의 침범,0,비정상적인 경로로의 침범,0,비정상적인 경로로의 침범,0,오토바이 인도 주행,0,오토바이 인도 주행,0,오토바이 인도 주행,0,오토바이 인도 주행,0,오토바이 인도 주행,0,오토바이 인도 주행,4312,8641,185899,330180
aihub_multi_angle_cctv:Training:st_e4937,23596.0,20936.666666666668,전동킥보드 앞뒤 2인 탑승,Training,c1,c2,23596.0,20936.666666666668,1.1270179907658016,symmetric,attribute_count,314,686,전동킥보드 앞뒤 2인 탑승,1,전동킥보드 앞뒤 2인 탑승,1,전동킥보드 앞뒤 2인 탑승,1,전동킥보드 앞뒤 2인 탑승,1,0,전동킥보드 인도 주행,0,전동킥보드 인도 주행,0,전동킥보드 인도 주행,0,전동킥보드 인도 주행,0,비정상적인 경로로의 침범,1,전동킥보드 앞뒤 2인 탑승,0,비정상적인 경로로의 침범,1,전동킥보드 앞뒤 2인 탑승,0,오토바이 인도 주행,0,오토바이 인도 주행,0,오토바이 인도 주행,0,오토바이 인도 주행,0,전동킥보드 인도 주행,1,전동킥보드 앞뒤 2인 탑승,0,오토바이 인도 주행,1,전동킥보드 앞뒤 2인 탑승,4410,8878,174174,336024
aihub_multi_angle_cctv:Validation:st_e4817,26518.333333333332,23701.0,전동킥보드 앞뒤 2인 탑승,Validation,c1,c2,26518.333333333332,23701.0,1.118869808587542,symmetric,attribute_count,329,683,전동킥보드 앞뒤 2인 탑승,1,전동킥보드 앞뒤 2인 탑승,1,전동킥보드 앞뒤 2인 탑승,1,전동킥보드 앞뒤 2인 탑승,1,0,전동킥보드 인도 주행,0,오토바이 인도 주행,0,전동킥보드 인도 주행,0,전동킥보드 인도 주행,0,비정상적인 경로로의 침범,0,오토바이 인도 주행,0,비정상적인 경로로의 침범,0,자전거 인도 주행,0,오토바이 인도 주행,0,오토바이 인도 주행,0,오토바이 인도 주행,0,비정상적인 경로로의 침범,0,전동킥보드 인도 주행,0,오토바이 인도 주행,0,오토바이 인도 주행,0,오토바이 인도 주행,4425,8875,64124,163239
aihub_multi_angle_cctv:Training:es_e3674,32821.0,32529.333333333332,전동킥보드 인도 주행,Training,c1,c2,32821.0,32529.333333333332,1.0089662663442227,symmetric,path_mode,285,580,전동킥보드 인도 주행,1,전동킥보드 인도 주행,1,전동킥보드 인도 주행,1,전동킥보드 인도 주행,1,1,전동킥보드 인도 주행,1,전동킥보드 인도 주행,1,전동킥보드 인도 주행,1,전동킥보드 인도 주행,0,이륜 이동수단 탑승자 일부 또는 전체 헬멧 미착용,0,비정상적인 경로로의 침범,0,비정상적인 경로로의 침범,0,비정상적인 경로로의 침범,0,비정상적인 경로로의 침범,0,오토바이 인도 주행,0,오토바이 인도 주행,0,오토바이 인도 주행,1,전동킥보드 인도 주행,1,전동킥보드 인도 주행,0,오토바이 인도 주행,1,전동킥보드 인도 주행,4381,8772,153550,290213
aihub_multi_angle_cctv:Validation:es_e3682,26883.333333333332,31795.666666666668,전동킥보드 인도 주행,Validation,c2,c1,31795.666666666668,26883.333333333332,1.1827278363298204,symmetric,path_mode,310,602,전동킥보드 앞뒤 2인 탑승,0,전동킥보드 인도 주행,1,전동킥보드 인도 주행,1,전동킥보드 인도 주행,1,1,전동킥보드 인도 주행,1,전동킥보드 인도 주행,1,전동킥보드 인도 주행,1,전동킥보드 인도 주행,0,특정 인물을 뒤따라가며 배회,0,특정 인물을 뒤따라가며 배회,0,비정상적인 경로로의 침범,1,전동킥보드 인도 주행,0,오토바이 인도 주행,0,오토바이 인도 주행,0,오토바이 인도 주행,0,오토바이 인도 주행,0,전동킥보드 앞뒤 2인 탑승,0,전동킥보드 앞뒤 2인 탑승,0,오토바이 인도 주행,1,전동킥보드 인도 주행,4406,8794,140929,306767
aihub_multi_angle_cctv:Training:lo_e1042,16511.0,18046.0,특정 구역 내 지속 배회,Training,c2,c1,18046.0,16511.0,1.092968324147538,symmetric,temporal_relation,292,532,특정 인물을 뒤따라가며 배회,0,특정 인물을 뒤따라가며 배회,0,특정 인물을 뒤따라가며 배회,0,특정 인물을 뒤따라가며 배회,0,0,전동킥보드 인도 주행,0,전동킥보드 인도 주행,0,전동킥보드 인도 주행,0,전동킥보드 인도 주행,1,특정 구역 내 지속 배회,0,비정상적인 경로로의 침범,0,비정상적인 경로로의 침범,0,비정상적인 경로로의 침범,0,비정상적인 경로로의 침범,0,비정상적인 경로로의 침범,0,오토바이 인도 주행,0,비정상적인 경로로의 침범,0,전동킥보드 인도 주행,0,전동킥보드 앞뒤 2인 탑승,0,오토바이 인도 주행,0,신체적 충돌을 동반한 싸움,4388,8724,181337,318779
aihub_multi_angle_cctv:Validation:lo_e1091,38578.666666666664,45948.333333333336,특정 구역 내 지속 배회,Validation,c2,c1,45948.333333333336,38578.666666666664,1.1910295845717842,symmetric,temporal_relation,255,549,특정 인물을 뒤따라가며 배회,0,특정 인물을 뒤따라가며 배회,0,특정 인물을 뒤따라가며 배회,0,특정 인물을 뒤따라가며 배회,0,0,전동킥보드 인도 주행,0,전동킥보드 인도 주행,0,전동킥보드 인도 주행,0,전동킥보드 인도 주행,1,특정 구역 내 지속 배회,1,특정 구역 내 지속 배회,0,비정상적인 경로로의 침범,0,비정상적인 경로로의 침범,0,오토바이 인도 주행,0,비정상적인 경로로의 침범,0,오토바이 인도 주행,0,비정상적인 경로로의 침범,0,신체적 충돌을 동반한 싸움,0,신체적 충돌을 동반한 싸움,0,오토바이 인도 주행,0,신체적 충돌을 동반한 싸움,4351,8741,170026,335202
aihub_multi_angle_cctv:Training:fp_e1969,74158.0,74744.66666666667,특정 인물을 뒤따라가며 배회,Training,c2,c1,74744.66666666667,74158.0,1.007911036795311,symmetric,temporal_relation,284,534,특정 인물을 뒤따라가며 배회,1,특정 인물을 뒤따라가며 배회,1,특정 인물을 뒤따라가며 배회,1,특정 인물을 뒤따라가며 배회,1,0,전동킥보드 인도 주행,0,전동킥보드 인도 주행,0,전동킥보드 인도 주행,0,전동킥보드 인도 주행,0,비정상적인 경로로의 침범,0,비정상적인 경로로의 침범,0,비정상적인 경로로의 침범,0,비정상적인 경로로의 침범,0,비정상적인 경로로의 침범,0,비정상적인 경로로의 침범,0,오토바이 인도 주행,0,비정상적인 경로로의 침범,0,전동킥보드 인도 주행,0,신체적 충돌을 동반한 싸움,0,오토바이 인도 주행,0,신체적 충돌을 동반한 싸움,4380,8726,198619,357656
aihub_multi_angle_cctv:Validation:fp_e1439,77902.66666666667,92421.33333333333,특정 인물을 뒤따라가며 배회,Validation,c2,c1,92421.33333333333,77902.66666666667,1.1863693155561639,symmetric,temporal_relation,332,664,특정 인물을 뒤따라가며 배회,1,특정 인물을 뒤따라가며 배회,1,특정 인물을 뒤따라가며 배회,1,특정 인물을 뒤따라가며 배회,1,0,전동킥보드 인도 주행,0,전동킥보드 인도 주행,0,전동킥보드 인도 주행,0,전동킥보드 인도 주행,0,비정상적인 경로로의 침범,0,비정상적인 경로로의 침범,0,비정상적인 경로로의 침범,0,비정상적인 경로로의 침범,0,이륜 이동수단 운전자 1인 헬멧 미착용,0,오토바이 인도 주행,0,오토바이 인도 주행,0,오토바이 인도 주행,0,신체적 충돌을 동반한 싸움,0,신체적 충돌을 동반한 싸움,0,오토바이 인도 주행,0,신체적 충돌을 동반한 싸움,4428,8856,127204,292535
aihub_multi_angle_cctv:Training:ab_e0415,26355.333333333332,22222.333333333332,비정상적인 경로로의 침범,Training,c1,c2,26355.333333333332,22222.333333333332,1.1859840700796496,symmetric,temporal_relation,228,462,특정 인물을 뒤따라가며 배회,0,경계선을 통한 침입,0,특정 인물을 뒤따라가며 배회,0,경계선을 통한 침입,0,0,전동킥보드 인도 주행,0,전동킥보드 인도 주행,0,전동킥보드 인도 주행,0,전동킥보드 인도 주행,1,비정상적인 경로로의 침범,0,특정 구역 내 지속 배회,1,비정상적인 경로로의 침범,0,특정 구역 내 지속 배회,0,이륜 이동수단 운전자 1인 헬멧 미착용,0,이륜 이동수단 탑승자 일부 또는 전체 헬멧 미착용,0,오토바이 인도 주행,0,이륜 이동수단 탑승자 일부 또는 전체 헬멧 미착용,0,<INVALID>,0,<INVALID>,0,오토바이 인도 주행,0,전동킥보드 인도 주행,4324,8654,211306,375366
aihub_multi_angle_cctv:Validation:ab_e0677,27789.0,29113.666666666668,비정상적인 경로로의 침범,Validation,c2,c1,29113.666666666668,27789.0,1.0476687418283015,symmetric,temporal_relation,247,497,특정 인물을 뒤따라가며 배회,0,특정 인물을 뒤따라가며 배회,0,특정 인물을 뒤따라가며 배회,0,특정 인물을 뒤따라가며 배회,0,0,전동킥보드 인도 주행,0,전동킥보드 인도 주행,0,전동킥보드 인도 주행,0,전동킥보드 인도 주행,0,특정 구역 내 지속 배회,1,비정상적인 경로로의 침범,1,비정상적인 경로로의 침범,1,비정상적인 경로로의 침범,0,이륜 이동수단 운전자 1인 헬멧 미착용,1,비정상적인 경로로의 침범,0,오토바이 인도 주행,0,오토바이 인도 주행,0,전동킥보드 앞뒤 2인 탑승,0,전동킥보드 앞뒤 2인 탑승,0,오토바이 인도 주행,0,전동킥보드 앞뒤 2인 탑승,4343,8689,115319,212773
aihub_multi_angle_cctv:Training:ph_e2048,133491.66666666666,117152.66666666667,신체적 충돌을 동반한 싸움,Training,c1,c2,133491.66666666666,117152.66666666667,1.1394675892994326,symmetric,temporal_relation,245,471,특정 인물을 뒤따라가며 배회,0,특정 인물을 뒤따라가며 배회,0,특정 인물을 뒤따라가며 배회,0,특정 인물을 뒤따라가며 배회,0,1,신체적 충돌을 동반한 싸움,1,신체적 충돌을 동반한 싸움,0,전동킥보드 인도 주행,0,전동킥보드 앞뒤 2인 탑승,1,신체적 충돌을 동반한 싸움,1,신체적 충돌을 동반한 싸움,0,비정상적인 경로로의 침범,1,신체적 충돌을 동반한 싸움,0,비정상적인 경로로의 침범,0,비정상적인 경로로의 침범,0,오토바이 인도 주행,0,비정상적인 경로로의 침범,1,신체적 충돌을 동반한 싸움,1,신체적 충돌을 동반한 싸움,0,오토바이 인도 주행,1,신체적 충돌을 동반한 싸움,4341,8663,144584,291984
aihub_multi_angle_cctv:Training:ms_e3624,50212.0,50349.333333333336,오토바이 인도 주행,Training,c2,c1,50349.333333333336,50212.0,1.002735069969994,symmetric,path_mode,317,624,오토바이 인도 주행,1,오토바이 인도 주행,1,오토바이 인도 주행,1,오토바이 인도 주행,1,0,전동킥보드 인도 주행,0,전동킥보드 인도 주행,0,전동킥보드 인도 주행,1,오토바이 인도 주행,0,비정상적인 경로로의 침범,1,오토바이 인도 주행,0,비정상적인 경로로의 침범,1,오토바이 인도 주행,1,오토바이 인도 주행,1,오토바이 인도 주행,1,오토바이 인도 주행,1,오토바이 인도 주행,1,오토바이 인도 주행,1,오토바이 인도 주행,1,오토바이 인도 주행,1,오토바이 인도 주행,4413,8816,158123,292112
aihub_multi_angle_cctv:Validation:ms_e3169,32849.666666666664,29499.666666666668,오토바이 인도 주행,Validation,c1,c2,32849.666666666664,29499.666666666668,1.1135606052045786,symmetric,path_mode,315,532,오토바이 인도 주행,1,오토바이 인도 주행,1,오토바이 인도 주행,1,오토바이 인도 주행,1,1,오토바이 인도 주행,1,오토바이 인도 주행,0,전동킥보드 인도 주행,0,전동킥보드 앞뒤 2인 탑승,1,오토바이 인도 주행,0,비정상적인 경로로의 침범,0,비정상적인 경로로의 침범,1,오토바이 인도 주행,1,오토바이 인도 주행,1,오토바이 인도 주행,1,오토바이 인도 주행,1,오토바이 인도 주행,0,전동킥보드 앞뒤 2인 탑승,1,오토바이 인도 주행,1,오토바이 인도 주행,1,오토바이 인도 주행,4411,8724,167453,380782
aihub_multi_angle_cctv:Training:md_e2557,29048.0,34399.333333333336,이륜 이동수단 운전자 1인 헬멧 미착용,Training,c2,c1,34399.333333333336,29048.0,1.1842238134581842,symmetric,attribute_count,302,610,이륜 이동수단 탑승자 일부 또는 전체 헬멧 미착용,0,이륜 이동수단 운전자 1인 헬멧 미착용,1,이륜 이동수단 탑승자 일부 또는 전체 헬멧 미착용,0,이륜 이동수단 운전자 1인 헬멧 미착용,1,0,오토바이 인도 주행,0,오토바이 인도 주행,0,전동킥보드 인도 주행,0,오토바이 인도 주행,0,오토바이 인도 주행,0,오토바이 인도 주행,0,비정상적인 경로로의 침범,0,오토바이 인도 주행,0,오토바이 인도 주행,0,오토바이 인도 주행,0,오토바이 인도 주행,0,오토바이 인도 주행,0,오토바이 인도 주행,0,오토바이 인도 주행,0,오토바이 인도 주행,0,오토바이 인도 주행,4398,8802,91248,211256
aihub_multi_angle_cctv:Validation:md_e2633,36174.666666666664,30800.0,이륜 이동수단 운전자 1인 헬멧 미착용,Validation,c1,c2,36174.666666666664,30800.0,1.1745021645021645,symmetric,attribute_count,272,555,이륜 이동수단 운전자 1인 헬멧 미착용,1,이륜 이동수단 탑승자 일부 또는 전체 헬멧 미착용,0,이륜 이동수단 운전자 1인 헬멧 미착용,1,이륜 이동수단 탑승자 일부 또는 전체 헬멧 미착용,0,0,오토바이 인도 주행,0,오토바이 인도 주행,0,전동킥보드 인도 주행,0,오토바이 인도 주행,0,오토바이 인도 주행,0,오토바이 인도 주행,0,비정상적인 경로로의 침범,0,오토바이 인도 주행,0,오토바이 인도 주행,0,오토바이 인도 주행,0,오토바이 인도 주행,0,오토바이 인도 주행,0,오토바이 인도 주행,0,오토바이 인도 주행,0,오토바이 인도 주행,0,오토바이 인도 주행,4368,8747,140748,258245
aihub_multi_angle_cctv:Training:mp_e3010,36507.666666666664,41204.666666666664,이륜 이동수단 탑승자 일부 또는 전체 헬멧 미착용,Training,c2,c1,41204.666666666664,36507.666666666664,1.12865790747149,symmetric,attribute_count,363,727,이륜 이동수단 운전자 1인 헬멧 미착용,0,오토바이 인도 주행,0,오토바이 인도 주행,0,이륜 이동수단 운전자 1인 헬멧 미착용,0,0,오토바이 인도 주행,0,오토바이 인도 주행,0,전동킥보드 인도 주행,0,오토바이 인도 주행,0,오토바이 인도 주행,0,오토바이 인도 주행,0,비정상적인 경로로의 침범,0,비정상적인 경로로의 침범,0,오토바이 인도 주행,0,오토바이 인도 주행,0,오토바이 인도 주행,0,오토바이 인도 주행,0,오토바이 인도 주행,0,전동킥보드 인도 주행,0,오토바이 인도 주행,0,전동킥보드 인도 주행,4459,8919,110233,256999
aihub_multi_angle_cctv:Validation:mp_e2962,52591.0,52776.333333333336,이륜 이동수단 탑승자 일부 또는 전체 헬멧 미착용,Validation,c2,c1,52776.333333333336,52591.0,1.0035240503761733,symmetric,attribute_count,347,655,이륜 이동수단 운전자 1인 헬멧 미착용,0,이륜 이동수단 운전자 1인 헬멧 미착용,0,이륜 이동수단 운전자 1인 헬멧 미착용,0,이륜 이동수단 운전자 1인 헬멧 미착용,0,0,오토바이 인도 주행,0,오토바이 인도 주행,0,전동킥보드 인도 주행,0,오토바이 인도 주행,0,오토바이 인도 주행,0,오토바이 인도 주행,0,비정상적인 경로로의 침범,0,오토바이 인도 주행,0,오토바이 인도 주행,0,오토바이 인도 주행,0,오토바이 인도 주행,0,오토바이 인도 주행,0,전동킥보드 앞뒤 2인 탑승,0,전동킥보드 앞뒤 2인 탑승,0,오토바이 인도 주행,0,전동킥보드 앞뒤 2인 탑승,4443,8847,92518,260091
aihub_multi_angle_cctv:Training:bs_e4332,25346.0,30179.0,자전거 인도 주행,Training,c2,c1,30179.0,25346.0,1.1906809753018228,symmetric,path_mode,216,457,자전거 인도 주행,1,자전거 인도 주행,1,자전거 인도 주행,1,자전거 인도 주행,1,0,전동킥보드 인도 주행,0,전동킥보드 인도 주행,0,전동킥보드 인도 주행,0,전동킥보드 인도 주행,0,비정상적인 경로로의 침범,0,비정상적인 경로로의 침범,0,비정상적인 경로로의 침범,0,비정상적인 경로로의 침범,0,오토바이 인도 주행,0,오토바이 인도 주행,0,오토바이 인도 주행,0,오토바이 인도 주행,0,오토바이 인도 주행,0,전동킥보드 앞뒤 2인 탑승,0,오토바이 인도 주행,0,전동킥보드 앞뒤 2인 탑승,4312,8649,128926,279097
aihub_multi_angle_cctv:Validation:bs_e4608,29747.0,25738.666666666668,자전거 인도 주행,Validation,c1,c2,29747.0,25738.666666666668,1.1557319726481559,symmetric,path_mode,375,746,자전거 인도 주행,1,자전거 인도 주행,1,자전거 인도 주행,1,자전거 인도 주행,1,0,전동킥보드 인도 주행,0,전동킥보드 인도 주행,0,전동킥보드 인도 주행,0,오토바이 인도 주행,0,비정상적인 경로로의 침범,0,비정상적인 경로로의 침범,0,비정상적인 경로로의 침범,0,오토바이 인도 주행,0,오토바이 인도 주행,0,오토바이 인도 주행,0,오토바이 인도 주행,0,비정상적인 경로로의 침범,0,오토바이 인도 주행,0,전동킥보드 인도 주행,0,오토바이 인도 주행,0,전동킥보드 인도 주행,4471,8938,143128,318538
aihub_multi_angle_cctv:Training:st_e5104,65498.666666666664,58263.0,전동킥보드 앞뒤 2인 탑승,Training,c1,c2,65498.666666666664,58263.0,1.1241897373404504,symmetric,attribute_count,377,832,전동킥보드 앞뒤 2인 탑승,1,전동킥보드 앞뒤 2인 탑승,1,전동킥보드 앞뒤 2인 탑승,1,전동킥보드 앞뒤 2인 탑승,1,0,전동킥보드 인도 주행,0,전동킥보드 인도 주행,0,전동킥보드 인도 주행,0,전동킥보드 인도 주행,0,전동킥보드 인도 주행,0,경계선을 통한 침입,0,비정상적인 경로로의 침범,0,비정상적인 경로로의 침범,0,오토바이 인도 주행,0,오토바이 인도 주행,0,오토바이 인도 주행,0,비정상적인 경로로의 침범,1,전동킥보드 앞뒤 2인 탑승,0,전동킥보드 인도 주행,0,오토바이 인도 주행,1,전동킥보드 앞뒤 2인 탑승,4473,9024,162234,331175
aihub_multi_angle_cctv:Validation:st_e5113,35574.666666666664,32458.666666666668,전동킥보드 앞뒤 2인 탑승,Validation,c1,c2,35574.666666666664,32458.666666666668,1.0959990141307918,symmetric,attribute_count,318,598,전동킥보드 앞뒤 2인 탑승,1,전동킥보드 앞뒤 2인 탑승,1,전동킥보드 앞뒤 2인 탑승,1,전동킥보드 앞뒤 2인 탑승,1,0,전동킥보드 인도 주행,0,전동킥보드 인도 주행,0,전동킥보드 인도 주행,0,전동킥보드 인도 주행,0,전동킥보드 인도 주행,0,경계선을 통한 침입,0,비정상적인 경로로의 침범,0,비정상적인 경로로의 침범,0,<INVALID>,0,비정상적인 경로로의 침범,0,오토바이 인도 주행,0,비정상적인 경로로의 침범,1,전동킥보드 앞뒤 2인 탑승,0,전동킥보드 인도 주행,0,오토바이 인도 주행,0,전동킥보드 인도 주행,4414,8790,161923,329637
aihub_multi_angle_cctv:Training:es_e4089,37102.333333333336,41724.333333333336,전동킥보드 인도 주행,Training,c2,c1,41724.333333333336,37102.333333333336,1.1245743753762116,symmetric,path_mode,305,599,전동킥보드 인도 주행,1,전동킥보드 인도 주행,1,전동킥보드 인도 주행,1,전동킥보드 인도 주행,1,1,전동킥보드 인도 주행,1,전동킥보드 인도 주행,1,전동킥보드 인도 주행,1,전동킥보드 인도 주행,0,특정 구역 내 지속 배회,0,경계선을 통한 침입,0,비정상적인 경로로의 침범,0,비정상적인 경로로의 침범,0,오토바이 인도 주행,0,오토바이 인도 주행,0,오토바이 인도 주행,0,비정상적인 경로로의 침범,0,신체적 충돌을 동반한 싸움,0,신체적 충돌을 동반한 싸움,0,오토바이 인도 주행,0,신체적 충돌을 동반한 싸움,4401,8791,167240,335220
aihub_multi_angle_cctv:Validation:es_e4093,36079.666666666664,34876.0,전동킥보드 인도 주행,Validation,c1,c2,36079.666666666664,34876.0,1.0345127499330962,symmetric,path_mode,318,621,전동킥보드 인도 주행,1,전동킥보드 인도 주행,1,전동킥보드 인도 주행,1,전동킥보드 인도 주행,1,0,오토바이 인도 주행,0,오토바이 인도 주행,1,전동킥보드 인도 주행,1,전동킥보드 인도 주행,0,오토바이 인도 주행,0,오토바이 인도 주행,0,비정상적인 경로로의 침범,0,비정상적인 경로로의 침범,0,오토바이 인도 주행,0,오토바이 인도 주행,0,오토바이 인도 주행,0,오토바이 인도 주행,0,오토바이 인도 주행,0,오토바이 인도 주행,0,오토바이 인도 주행,0,전동킥보드 앞뒤 2인 탑승,4414,8813,175697,346297
aihub_multi_angle_cctv:Training:lo_e1329,50878.666666666664,61030.666666666664,특정 구역 내 지속 배회,Training,c2,c1,61030.666666666664,50878.666666666664,1.1995335307529023,symmetric,temporal_relation,169,345,특정 인물을 뒤따라가며 배회,0,오토바이 인도 주행,0,특정 인물을 뒤따라가며 배회,0,특정 인물을 뒤따라가며 배회,0,0,전동킥보드 인도 주행,0,전동킥보드 인도 주행,0,전동킥보드 인도 주행,0,전동킥보드 인도 주행,0,비정상적인 경로로의 침범,0,비정상적인 경로로의 침범,0,비정상적인 경로로의 침범,0,비정상적인 경로로의 침범,0,비정상적인 경로로의 침범,0,비정상적인 경로로의 침범,0,오토바이 인도 주행,0,비정상적인 경로로의 침범,0,전동킥보드 앞뒤 2인 탑승,0,전동킥보드 인도 주행,0,오토바이 인도 주행,0,신체적 충돌을 동반한 싸움,4265,8537,158662,359279
aihub_multi_angle_cctv:Validation:lo_e1190,47565.666666666664,41711.666666666664,특정 구역 내 지속 배회,Validation,c1,c2,47565.666666666664,41711.666666666664,1.1403444280177408,symmetric,temporal_relation,272,638,특정 인물을 뒤따라가며 배회,0,특정 인물을 뒤따라가며 배회,0,특정 인물을 뒤따라가며 배회,0,특정 인물을 뒤따라가며 배회,0,0,신체적 충돌을 동반한 싸움,0,신체적 충돌을 동반한 싸움,0,전동킥보드 인도 주행,0,전동킥보드 인도 주행,0,비정상적인 경로로의 침범,0,비정상적인 경로로의 침범,0,비정상적인 경로로의 침범,0,비정상적인 경로로의 침범,0,비정상적인 경로로의 침범,0,비정상적인 경로로의 침범,0,오토바이 인도 주행,0,비정상적인 경로로의 침범,0,신체적 충돌을 동반한 싸움,0,신체적 충돌을 동반한 싸움,0,오토바이 인도 주행,0,신체적 충돌을 동반한 싸움,4368,8830,171702,336880
aihub_multi_angle_cctv:Training:fp_e1640,61673.333333333336,64486.333333333336,특정 인물을 뒤따라가며 배회,Training,c2,c1,64486.333333333336,61673.333333333336,1.0456112852664576,symmetric,temporal_relation,278,569,특정 인물을 뒤따라가며 배회,1,특정 인물을 뒤따라가며 배회,1,특정 인물을 뒤따라가며 배회,1,특정 인물을 뒤따라가며 배회,1,0,전동킥보드 인도 주행,0,전동킥보드 인도 주행,0,전동킥보드 인도 주행,0,전동킥보드 인도 주행,0,비정상적인 경로로의 침범,0,비정상적인 경로로의 침범,0,비정상적인 경로로의 침범,0,비정상적인 경로로의 침범,0,비정상적인 경로로의 침범,0,비정상적인 경로로의 침범,0,오토바이 인도 주행,0,비정상적인 경로로의 침범,0,전동킥보드 인도 주행,0,전동킥보드 인도 주행,0,오토바이 인도 주행,0,오토바이 인도 주행,4374,8761,166714,301105
aihub_multi_angle_cctv:Validation:fp_e1725,118995.0,125656.0,특정 인물을 뒤따라가며 배회,Validation,c2,c1,125656.0,118995.0,1.0559771418967183,symmetric,temporal_relation,296,552,오토바이 인도 주행,0,특정 인물을 뒤따라가며 배회,1,특정 인물을 뒤따라가며 배회,1,특정 인물을 뒤따라가며 배회,1,0,전동킥보드 인도 주행,0,전동킥보드 인도 주행,0,전동킥보드 인도 주행,0,전동킥보드 인도 주행,0,비정상적인 경로로의 침범,0,비정상적인 경로로의 침범,0,비정상적인 경로로의 침범,0,비정상적인 경로로의 침범,0,비정상적인 경로로의 침범,0,비정상적인 경로로의 침범,0,오토바이 인도 주행,0,비정상적인 경로로의 침범,0,전동킥보드 앞뒤 2인 탑승,0,전동킥보드 앞뒤 2인 탑승,0,오토바이 인도 주행,0,신체적 충돌을 동반한 싸움,4392,8744,153561,357344
aihub_multi_angle_cctv:Training:ab_e0707,30655.0,30170.666666666668,비정상적인 경로로의 침범,Training,c1,c2,30655.0,30170.666666666668,1.0160531200282834,symmetric,temporal_relation,237,531,경계선을 통한 침입,0,경계선을 통한 침입,0,경계선을 통한 침입,0,경계선을 통한 침입,0,0,전동킥보드 인도 주행,0,전동킥보드 인도 주행,0,전동킥보드 인도 주행,0,전동킥보드 인도 주행,1,비정상적인 경로로의 침범,1,비정상적인 경로로의 침범,1,비정상적인 경로로의 침범,0,특정 구역 내 지속 배회,0,오토바이 인도 주행,1,비정상적인 경로로의 침범,0,오토바이 인도 주행,1,비정상적인 경로로의 침범,0,전동킥보드 앞뒤 2인 탑승,0,전동킥보드 앞뒤 2인 탑승,0,오토바이 인도 주행,0,전동킥보드 앞뒤 2인 탑승,4333,8723,96562,211576
aihub_multi_angle_cctv:Validation:ab_e0703,18460.0,19411.0,비정상적인 경로로의 침범,Validation,c2,c1,19411.0,18460.0,1.051516793066089,symmetric,temporal_relation,287,573,경계선을 통한 침입,0,경계선을 통한 침입,0,경계선을 통한 침입,0,경계선을 통한 침입,0,0,전동킥보드 인도 주행,0,전동킥보드 인도 주행,0,전동킥보드 인도 주행,0,전동킥보드 인도 주행,0,특정 구역 내 지속 배회,1,비정상적인 경로로의 침범,1,비정상적인 경로로의 침범,1,비정상적인 경로로의 침범,1,비정상적인 경로로의 침범,1,비정상적인 경로로의 침범,0,오토바이 인도 주행,0,오토바이 인도 주행,0,전동킥보드 앞뒤 2인 탑승,0,전동킥보드 앞뒤 2인 탑승,0,오토바이 인도 주행,0,전동킥보드 앞뒤 2인 탑승,4383,8765,114848,211143
aihub_multi_angle_cctv:Training:ph_e2046,139694.33333333334,127268.66666666667,신체적 충돌을 동반한 싸움,Training,c1,c2,139694.33333333334,127268.66666666667,1.0976333530641216,symmetric,temporal_relation,278,525,신체적 충돌을 동반한 싸움,1,신체적 충돌을 동반한 싸움,1,신체적 충돌을 동반한 싸움,1,신체적 충돌을 동반한 싸움,1,1,신체적 충돌을 동반한 싸움,1,신체적 충돌을 동반한 싸움,0,전동킥보드 인도 주행,0,전동킥보드 앞뒤 2인 탑승,1,신체적 충돌을 동반한 싸움,1,신체적 충돌을 동반한 싸움,0,비정상적인 경로로의 침범,1,신체적 충돌을 동반한 싸움,0,비정상적인 경로로의 침범,0,비정상적인 경로로의 침범,0,오토바이 인도 주행,0,비정상적인 경로로의 침범,1,신체적 충돌을 동반한 싸움,1,신체적 충돌을 동반한 싸움,0,오토바이 인도 주행,1,신체적 충돌을 동반한 싸움,4374,8717,140874,286854
aihub_multi_angle_cctv:Training:ms_e3465,33571.333333333336,34066.666666666664,오토바이 인도 주행,Training,c2,c1,34066.666666666664,33571.333333333336,1.014754651786246,symmetric,path_mode,285,561,오토바이 인도 주행,1,이륜 이동수단 운전자 1인 헬멧 미착용,0,오토바이 인도 주행,1,오토바이 인도 주행,1,0,전동킥보드 인도 주행,1,오토바이 인도 주행,0,전동킥보드 인도 주행,0,전동킥보드 인도 주행,0,경계선을 통한 침입,0,비정상적인 경로로의 침범,0,비정상적인 경로로의 침범,0,비정상적인 경로로의 침범,0,비정상적인 경로로의 침범,0,비정상적인 경로로의 침범,1,오토바이 인도 주행,1,오토바이 인도 주행,1,오토바이 인도 주행,1,오토바이 인도 주행,1,오토바이 인도 주행,1,오토바이 인도 주행,4381,8753,93036,240847
aihub_multi_angle_cctv:Validation:ms_e3335,48057.333333333336,52031.333333333336,오토바이 인도 주행,Validation,c2,c1,52031.333333333336,48057.333333333336,1.082692894598119,symmetric,path_mode,268,523,오토바이 인도 주행,1,오토바이 인도 주행,1,오토바이 인도 주행,1,오토바이 인도 주행,1,1,오토바이 인도 주행,1,오토바이 인도 주행,0,전동킥보드 인도 주행,0,전동킥보드 인도 주행,1,오토바이 인도 주행,1,오토바이 인도 주행,0,비정상적인 경로로의 침범,0,비정상적인 경로로의 침범,1,오토바이 인도 주행,0,비정상적인 경로로의 침범,1,오토바이 인도 주행,0,비정상적인 경로로의 침범,1,오토바이 인도 주행,1,오토바이 인도 주행,1,오토바이 인도 주행,0,전동킥보드 인도 주행,4364,8715,147844,303550
aihub_multi_angle_cctv:Training:md_e2158,31807.0,31738.333333333332,이륜 이동수단 운전자 1인 헬멧 미착용,Training,c1,c2,31807.0,31738.333333333332,1.002163524654729,symmetric,attribute_count,324,641,이륜 이동수단 운전자 1인 헬멧 미착용,1,이륜 이동수단 운전자 1인 헬멧 미착용,1,이륜 이동수단 운전자 1인 헬멧 미착용,1,이륜 이동수단 운전자 1인 헬멧 미착용,1,0,오토바이 인도 주행,0,오토바이 인도 주행,0,전동킥보드 인도 주행,0,오토바이 인도 주행,0,오토바이 인도 주행,0,오토바이 인도 주행,0,비정상적인 경로로의 침범,0,오토바이 인도 주행,0,오토바이 인도 주행,0,오토바이 인도 주행,0,오토바이 인도 주행,0,오토바이 인도 주행,0,오토바이 인도 주행,0,오토바이 인도 주행,0,오토바이 인도 주행,0,오토바이 인도 주행,4420,8833,171485,276983
aihub_multi_angle_cctv:Validation:md_e2444,36580.666666666664,42924.333333333336,이륜 이동수단 운전자 1인 헬멧 미착용,Validation,c2,c1,42924.333333333336,36580.666666666664,1.1734158298554793,symmetric,attribute_count,292,641,이륜 이동수단 운전자 1인 헬멧 미착용,1,이륜 이동수단 운전자 1인 헬멧 미착용,1,이륜 이동수단 운전자 1인 헬멧 미착용,1,이륜 이동수단 운전자 1인 헬멧 미착용,1,0,오토바이 인도 주행,0,오토바이 인도 주행,0,전동킥보드 인도 주행,0,오토바이 인도 주행,0,오토바이 인도 주행,0,비정상적인 경로로의 침범,0,비정상적인 경로로의 침범,0,비정상적인 경로로의 침범,0,<INVALID>,0,비정상적인 경로로의 침범,0,오토바이 인도 주행,0,비정상적인 경로로의 침범,0,전동킥보드 앞뒤 2인 탑승,0,오토바이 인도 주행,0,오토바이 인도 주행,0,오토바이 인도 주행,4388,8833,213573,369674
aihub_multi_angle_cctv:Training:mp_e2874,82673.66666666667,77101.66666666667,이륜 이동수단 탑승자 일부 또는 전체 헬멧 미착용,Training,c1,c2,82673.66666666667,77101.66666666667,1.0722682172888611,symmetric,attribute_count,487,964,이륜 이동수단 탑승자 일부 또는 전체 헬멧 미착용,1,오토바이 인도 주행,0,이륜 이동수단 탑승자 일부 또는 전체 헬멧 미착용,1,오토바이 인도 주행,0,0,오토바이 인도 주행,0,오토바이 인도 주행,0,전동킥보드 인도 주행,0,오토바이 인도 주행,0,전동킥보드 앞뒤 2인 탑승,0,전동킥보드 앞뒤 2인 탑승,0,비정상적인 경로로의 침범,0,전동킥보드 앞뒤 2인 탑승,0,오토바이 인도 주행,0,오토바이 인도 주행,0,오토바이 인도 주행,0,<INVALID>,0,전동킥보드 인도 주행,0,전동킥보드 앞뒤 2인 탑승,0,오토바이 인도 주행,0,전동킥보드 앞뒤 2인 탑승,4583,9156,177100,337401
aihub_multi_angle_cctv:Validation:mp_e2949,59532.666666666664,52039.333333333336,이륜 이동수단 탑승자 일부 또는 전체 헬멧 미착용,Validation,c1,c2,59532.666666666664,52039.333333333336,1.1439936458319988,symmetric,attribute_count,317,672,이륜 이동수단 운전자 1인 헬멧 미착용,0,이륜 이동수단 운전자 1인 헬멧 미착용,0,이륜 이동수단 운전자 1인 헬멧 미착용,0,이륜 이동수단 운전자 1인 헬멧 미착용,0,0,오토바이 인도 주행,0,오토바이 인도 주행,0,전동킥보드 인도 주행,0,오토바이 인도 주행,0,오토바이 인도 주행,0,오토바이 인도 주행,0,비정상적인 경로로의 침범,0,오토바이 인도 주행,0,오토바이 인도 주행,0,<INVALID>,0,오토바이 인도 주행,1,이륜 이동수단 탑승자 일부 또는 전체 헬멧 미착용,0,오토바이 인도 주행,0,전동킥보드 앞뒤 2인 탑승,0,오토바이 인도 주행,0,전동킥보드 앞뒤 2인 탑승,4413,8864,94855,265790
aihub_multi_angle_cctv:Training:bs_e4482,48329.333333333336,49454.666666666664,자전거 인도 주행,Training,c2,c1,49454.666666666664,48329.333333333336,1.0232846856291553,symmetric,path_mode,283,520,자전거 인도 주행,1,자전거 인도 주행,1,자전거 인도 주행,1,자전거 인도 주행,1,0,전동킥보드 인도 주행,0,전동킥보드 인도 주행,0,전동킥보드 인도 주행,0,전동킥보드 인도 주행,0,경계선을 통한 침입,0,오토바이 인도 주행,0,비정상적인 경로로의 침범,0,오토바이 인도 주행,0,오토바이 인도 주행,0,오토바이 인도 주행,0,오토바이 인도 주행,0,오토바이 인도 주행,0,전동킥보드 인도 주행,0,오토바이 인도 주행,0,오토바이 인도 주행,0,오토바이 인도 주행,4379,8712,90177,236980
aihub_multi_angle_cctv:Validation:bs_e4446,34609.666666666664,35284.0,자전거 인도 주행,Validation,c2,c1,35284.0,34609.666666666664,1.0194839592021498,symmetric,path_mode,236,499,자전거 인도 주행,1,자전거 인도 주행,1,자전거 인도 주행,1,자전거 인도 주행,1,0,전동킥보드 인도 주행,0,전동킥보드 인도 주행,0,전동킥보드 인도 주행,0,전동킥보드 인도 주행,0,비정상적인 경로로의 침범,1,자전거 인도 주행,0,비정상적인 경로로의 침범,1,자전거 인도 주행,0,비정상적인 경로로의 침범,0,오토바이 인도 주행,0,오토바이 인도 주행,0,오토바이 인도 주행,0,특정 구역 내 지속 배회,0,전동킥보드 인도 주행,0,오토바이 인도 주행,0,이륜 이동수단 탑승자 일부 또는 전체 헬멧 미착용,4332,8691,186693,351130
aihub_multi_angle_cctv:Training:st_e4738,33429.666666666664,35286.0,전동킥보드 앞뒤 2인 탑승,Training,c2,c1,35286.0,33429.666666666664,1.0555295196881014,symmetric,attribute_count,310,642,전동킥보드 앞뒤 2인 탑승,1,전동킥보드 앞뒤 2인 탑승,1,전동킥보드 앞뒤 2인 탑승,1,전동킥보드 앞뒤 2인 탑승,1,0,전동킥보드 인도 주행,0,전동킥보드 인도 주행,0,전동킥보드 인도 주행,0,전동킥보드 인도 주행,0,비정상적인 경로로의 침범,0,비정상적인 경로로의 침범,0,비정상적인 경로로의 침범,0,비정상적인 경로로의 침범,0,오토바이 인도 주행,0,오토바이 인도 주행,0,오토바이 인도 주행,0,오토바이 인도 주행,0,전동킥보드 인도 주행,0,전동킥보드 인도 주행,0,오토바이 인도 주행,0,전동킥보드 인도 주행,4406,8834,145349,293370
aihub_multi_angle_cctv:Validation:st_e4987,32197.666666666668,34968.666666666664,전동킥보드 앞뒤 2인 탑승,Validation,c2,c1,34968.666666666664,32197.666666666668,1.0860621370078576,symmetric,attribute_count,356,744,전동킥보드 앞뒤 2인 탑승,1,전동킥보드 앞뒤 2인 탑승,1,전동킥보드 앞뒤 2인 탑승,1,전동킥보드 앞뒤 2인 탑승,1,1,전동킥보드 앞뒤 2인 탑승,0,전동킥보드 인도 주행,0,전동킥보드 인도 주행,0,전동킥보드 인도 주행,0,비정상적인 경로로의 침범,0,비정상적인 경로로의 침범,0,비정상적인 경로로의 침범,0,비정상적인 경로로의 침범,0,비정상적인 경로로의 침범,0,비정상적인 경로로의 침범,0,오토바이 인도 주행,0,오토바이 인도 주행,1,전동킥보드 앞뒤 2인 탑승,1,전동킥보드 앞뒤 2인 탑승,0,오토바이 인도 주행,0,전동킥보드 인도 주행,4452,8936,191017,334697
aihub_multi_angle_cctv:Training:es_e3976,33399.333333333336,37497.333333333336,전동킥보드 인도 주행,Training,c2,c1,37497.333333333336,33399.333333333336,1.1226970598215533,symmetric,path_mode,271,543,전동킥보드 인도 주행,1,전동킥보드 앞뒤 2인 탑승,0,전동킥보드 앞뒤 2인 탑승,0,전동킥보드 인도 주행,1,1,전동킥보드 인도 주행,1,전동킥보드 인도 주행,1,전동킥보드 인도 주행,1,전동킥보드 인도 주행,0,비정상적인 경로로의 침범,0,비정상적인 경로로의 침범,0,비정상적인 경로로의 침범,0,비정상적인 경로로의 침범,0,비정상적인 경로로의 침범,0,오토바이 인도 주행,0,오토바이 인도 주행,0,오토바이 인도 주행,1,전동킥보드 인도 주행,0,전동킥보드 앞뒤 2인 탑승,0,오토바이 인도 주행,0,전동킥보드 앞뒤 2인 탑승,4367,8735,139461,310444
aihub_multi_angle_cctv:Validation:es_e3974,23160.0,24444.333333333332,전동킥보드 인도 주행,Validation,c2,c1,24444.333333333332,23160.0,1.0554548071387448,symmetric,path_mode,294,593,전동킥보드 인도 주행,1,전동킥보드 앞뒤 2인 탑승,0,전동킥보드 앞뒤 2인 탑승,0,전동킥보드 앞뒤 2인 탑승,0,1,전동킥보드 인도 주행,1,전동킥보드 인도 주행,1,전동킥보드 인도 주행,1,전동킥보드 인도 주행,0,특정 인물을 뒤따라가며 배회,0,비정상적인 경로로의 침범,0,비정상적인 경로로의 침범,0,비정상적인 경로로의 침범,0,비정상적인 경로로의 침범,0,비정상적인 경로로의 침범,0,오토바이 인도 주행,0,오토바이 인도 주행,1,전동킥보드 인도 주행,1,전동킥보드 인도 주행,0,오토바이 인도 주행,1,전동킥보드 인도 주행,4390,8785,133993,305408
aihub_multi_angle_cctv:Training:lo_e1138,32915.0,27729.666666666668,특정 구역 내 지속 배회,Training,c1,c2,32915.0,27729.666666666668,1.1869958768587192,symmetric,temporal_relation,328,644,특정 인물을 뒤따라가며 배회,0,특정 인물을 뒤따라가며 배회,0,특정 인물을 뒤따라가며 배회,0,특정 인물을 뒤따라가며 배회,0,0,전동킥보드 인도 주행,0,전동킥보드 인도 주행,0,전동킥보드 인도 주행,0,전동킥보드 인도 주행,0,비정상적인 경로로의 침범,0,비정상적인 경로로의 침범,0,비정상적인 경로로의 침범,1,특정 구역 내 지속 배회,0,비정상적인 경로로의 침범,0,비정상적인 경로로의 침범,0,오토바이 인도 주행,0,오토바이 인도 주행,0,신체적 충돌을 동반한 싸움,0,신체적 충돌을 동반한 싸움,0,오토바이 인도 주행,0,신체적 충돌을 동반한 싸움,4424,8836,163996,325537
aihub_multi_angle_cctv:Validation:lo_e1220,22085.333333333332,19087.333333333332,특정 구역 내 지속 배회,Validation,c1,c2,22085.333333333332,19087.333333333332,1.1570675142328246,symmetric,temporal_relation,301,571,특정 인물을 뒤따라가며 배회,0,특정 인물을 뒤따라가며 배회,0,특정 인물을 뒤따라가며 배회,0,특정 인물을 뒤따라가며 배회,0,0,전동킥보드 인도 주행,0,전동킥보드 인도 주행,0,전동킥보드 인도 주행,0,전동킥보드 인도 주행,0,비정상적인 경로로의 침범,0,비정상적인 경로로의 침범,0,비정상적인 경로로의 침범,0,비정상적인 경로로의 침범,0,오토바이 인도 주행,0,비정상적인 경로로의 침범,0,오토바이 인도 주행,0,비정상적인 경로로의 침범,0,신체적 충돌을 동반한 싸움,0,신체적 충돌을 동반한 싸움,0,오토바이 인도 주행,0,신체적 충돌을 동반한 싸움,4397,8763,151509,314346
aihub_multi_angle_cctv:Training:fp_e1932,55895.333333333336,54891.666666666664,특정 인물을 뒤따라가며 배회,Training,c1,c2,55895.333333333336,54891.666666666664,1.0182844997722789,symmetric,temporal_relation,242,473,특정 인물을 뒤따라가며 배회,1,특정 인물을 뒤따라가며 배회,1,특정 인물을 뒤따라가며 배회,1,특정 인물을 뒤따라가며 배회,1,0,오토바이 인도 주행,0,전동킥보드 인도 주행,0,전동킥보드 인도 주행,0,전동킥보드 인도 주행,0,비정상적인 경로로의 침범,0,비정상적인 경로로의 침범,0,비정상적인 경로로의 침범,0,비정상적인 경로로의 침범,0,이륜 이동수단 탑승자 일부 또는 전체 헬멧 미착용,0,비정상적인 경로로의 침범,0,오토바이 인도 주행,0,비정상적인 경로로의 침범,0,오토바이 인도 주행,0,오토바이 인도 주행,0,오토바이 인도 주행,0,전동킥보드 앞뒤 2인 탑승,4338,8665,170472,278323
aihub_multi_angle_cctv:Validation:fp_e1662,55195.666666666664,58919.333333333336,특정 인물을 뒤따라가며 배회,Validation,c2,c1,58919.333333333336,55195.666666666664,1.0674630254790534,symmetric,temporal_relation,274,529,자전거 인도 주행,0,자전거 인도 주행,0,자전거 인도 주행,0,자전거 인도 주행,0,0,전동킥보드 인도 주행,0,전동킥보드 인도 주행,0,전동킥보드 인도 주행,0,전동킥보드 인도 주행,0,비정상적인 경로로의 침범,0,비정상적인 경로로의 침범,0,비정상적인 경로로의 침범,0,비정상적인 경로로의 침범,0,비정상적인 경로로의 침범,0,비정상적인 경로로의 침범,0,오토바이 인도 주행,0,비정상적인 경로로의 침범,0,전동킥보드 인도 주행,0,전동킥보드 인도 주행,0,오토바이 인도 주행,0,전동킥보드 인도 주행,4370,8721,168308,311484
aihub_multi_angle_cctv:Training:ab_e0698,25697.666666666668,23760.0,비정상적인 경로로의 침범,Training,c1,c2,25697.666666666668,23760.0,1.0815516273849608,symmetric,temporal_relation,272,586,특정 인물을 뒤따라가며 배회,0,특정 인물을 뒤따라가며 배회,0,특정 인물을 뒤따라가며 배회,0,특정 인물을 뒤따라가며 배회,0,0,전동킥보드 인도 주행,0,전동킥보드 인도 주행,0,전동킥보드 인도 주행,0,전동킥보드 인도 주행,1,비정상적인 경로로의 침범,1,비정상적인 경로로의 침범,1,비정상적인 경로로의 침범,0,특정 구역 내 지속 배회,0,오토바이 인도 주행,1,비정상적인 경로로의 침범,0,오토바이 인도 주행,0,이륜 이동수단 운전자 1인 헬멧 미착용,0,전동킥보드 인도 주행,0,전동킥보드 앞뒤 2인 탑승,0,오토바이 인도 주행,0,전동킥보드 앞뒤 2인 탑승,4368,8778,97275,211853
aihub_multi_angle_cctv:Validation:ab_e0706,20136.0,18564.333333333332,비정상적인 경로로의 침범,Validation,c1,c2,20136.0,18564.333333333332,1.0846605497997954,symmetric,temporal_relation,365,710,경계선을 통한 침입,0,경계선을 통한 침입,0,경계선을 통한 침입,0,경계선을 통한 침입,0,0,전동킥보드 인도 주행,0,전동킥보드 인도 주행,0,전동킥보드 인도 주행,0,전동킥보드 인도 주행,1,비정상적인 경로로의 침범,1,비정상적인 경로로의 침범,1,비정상적인 경로로의 침범,0,특정 구역 내 지속 배회,0,오토바이 인도 주행,0,오토바이 인도 주행,0,오토바이 인도 주행,1,비정상적인 경로로의 침범,0,전동킥보드 인도 주행,0,전동킥보드 인도 주행,0,오토바이 인도 주행,0,신체적 충돌을 동반한 싸움,4461,8902,95246,209981
aihub_multi_angle_cctv:Training:ph_e2053,126362.0,117384.0,신체적 충돌을 동반한 싸움,Training,c1,c2,126362.0,117384.0,1.07648401826484,symmetric,temporal_relation,277,522,특정 인물을 뒤따라가며 배회,0,특정 인물을 뒤따라가며 배회,0,특정 인물을 뒤따라가며 배회,0,특정 인물을 뒤따라가며 배회,0,1,신체적 충돌을 동반한 싸움,1,신체적 충돌을 동반한 싸움,0,전동킥보드 인도 주행,0,전동킥보드 앞뒤 2인 탑승,1,신체적 충돌을 동반한 싸움,1,신체적 충돌을 동반한 싸움,0,비정상적인 경로로의 침범,1,신체적 충돌을 동반한 싸움,0,비정상적인 경로로의 침범,0,비정상적인 경로로의 침범,0,오토바이 인도 주행,0,비정상적인 경로로의 침범,1,신체적 충돌을 동반한 싸움,1,신체적 충돌을 동반한 싸움,0,오토바이 인도 주행,1,신체적 충돌을 동반한 싸움,4373,8714,151017,295089
aihub_multi_angle_cctv:Training:ms_e3565,34200.333333333336,33765.333333333336,오토바이 인도 주행,Training,c1,c2,34200.333333333336,33765.333333333336,1.0128830358553151,symmetric,path_mode,258,503,오토바이 인도 주행,1,오토바이 인도 주행,1,오토바이 인도 주행,1,오토바이 인도 주행,1,1,오토바이 인도 주행,1,오토바이 인도 주행,0,전동킥보드 인도 주행,1,오토바이 인도 주행,1,오토바이 인도 주행,1,오토바이 인도 주행,0,비정상적인 경로로의 침범,1,오토바이 인도 주행,1,오토바이 인도 주행,1,오토바이 인도 주행,1,오토바이 인도 주행,1,오토바이 인도 주행,1,오토바이 인도 주행,1,오토바이 인도 주행,1,오토바이 인도 주행,1,오토바이 인도 주행,4354,8695,163571,308134
aihub_multi_angle_cctv:Validation:ms_e3413,33177.333333333336,31967.666666666668,오토바이 인도 주행,Validation,c1,c2,33177.333333333336,31967.666666666668,1.0378403178211317,symmetric,path_mode,226,447,오토바이 인도 주행,1,오토바이 인도 주행,1,오토바이 인도 주행,1,오토바이 인도 주행,1,1,오토바이 인도 주행,1,오토바이 인도 주행,0,전동킥보드 인도 주행,1,오토바이 인도 주행,1,오토바이 인도 주행,1,오토바이 인도 주행,0,비정상적인 경로로의 침범,1,오토바이 인도 주행,1,오토바이 인도 주행,1,오토바이 인도 주행,1,오토바이 인도 주행,1,오토바이 인도 주행,0,전동킥보드 인도 주행,0,전동킥보드 인도 주행,1,오토바이 인도 주행,1,오토바이 인도 주행,4322,8639,167946,350048
aihub_multi_angle_cctv:Training:md_e2555,30754.666666666668,35514.0,이륜 이동수단 운전자 1인 헬멧 미착용,Training,c2,c1,35514.0,30754.666666666668,1.1547515824156767,symmetric,attribute_count,281,555,이륜 이동수단 운전자 1인 헬멧 미착용,1,이륜 이동수단 운전자 1인 헬멧 미착용,1,이륜 이동수단 운전자 1인 헬멧 미착용,1,이륜 이동수단 운전자 1인 헬멧 미착용,1,0,오토바이 인도 주행,0,오토바이 인도 주행,0,전동킥보드 인도 주행,0,오토바이 인도 주행,0,오토바이 인도 주행,0,오토바이 인도 주행,0,비정상적인 경로로의 침범,0,오토바이 인도 주행,0,오토바이 인도 주행,0,오토바이 인도 주행,0,오토바이 인도 주행,0,오토바이 인도 주행,0,오토바이 인도 주행,0,오토바이 인도 주행,0,오토바이 인도 주행,0,오토바이 인도 주행,4377,8747,87252,206552
aihub_multi_angle_cctv:Validation:md_e2177,51935.666666666664,50138.0,이륜 이동수단 운전자 1인 헬멧 미착용,Validation,c1,c2,51935.666666666664,50138.0,1.0358543752576221,symmetric,attribute_count,292,595,이륜 이동수단 운전자 1인 헬멧 미착용,1,이륜 이동수단 운전자 1인 헬멧 미착용,1,이륜 이동수단 운전자 1인 헬멧 미착용,1,이륜 이동수단 운전자 1인 헬멧 미착용,1,0,오토바이 인도 주행,0,오토바이 인도 주행,0,전동킥보드 인도 주행,0,오토바이 인도 주행,0,오토바이 인도 주행,0,오토바이 인도 주행,0,비정상적인 경로로의 침범,0,오토바이 인도 주행,0,오토바이 인도 주행,0,오토바이 인도 주행,0,오토바이 인도 주행,0,오토바이 인도 주행,0,오토바이 인도 주행,0,오토바이 인도 주행,0,오토바이 인도 주행,0,오토바이 인도 주행,4388,8787,173032,278022
aihub_multi_angle_cctv:Training:mp_e3004,32547.666666666668,37934.0,이륜 이동수단 탑승자 일부 또는 전체 헬멧 미착용,Training,c2,c1,37934.0,32547.666666666668,1.1654906137664758,symmetric,attribute_count,354,661,이륜 이동수단 운전자 1인 헬멧 미착용,0,이륜 이동수단 운전자 1인 헬멧 미착용,0,이륜 이동수단 운전자 1인 헬멧 미착용,0,이륜 이동수단 운전자 1인 헬멧 미착용,0,0,오토바이 인도 주행,0,오토바이 인도 주행,0,전동킥보드 인도 주행,0,오토바이 인도 주행,0,오토바이 인도 주행,0,오토바이 인도 주행,0,비정상적인 경로로의 침범,1,이륜 이동수단 탑승자 일부 또는 전체 헬멧 미착용,0,오토바이 인도 주행,0,오토바이 인도 주행,0,오토바이 인도 주행,0,오토바이 인도 주행,0,오토바이 인도 주행,0,오토바이 인도 주행,0,오토바이 인도 주행,0,전동킥보드 앞뒤 2인 탑승,4450,8853,113693,260502
aihub_multi_angle_cctv:Validation:mp_e3104,72476.66666666667,61116.0,이륜 이동수단 탑승자 일부 또는 전체 헬멧 미착용,Validation,c1,c2,72476.66666666667,61116.0,1.1858869472260403,symmetric,attribute_count,427,811,이륜 이동수단 운전자 1인 헬멧 미착용,0,이륜 이동수단 운전자 1인 헬멧 미착용,0,이륜 이동수단 운전자 1인 헬멧 미착용,0,이륜 이동수단 운전자 1인 헬멧 미착용,0,0,오토바이 인도 주행,0,오토바이 인도 주행,0,전동킥보드 인도 주행,0,오토바이 인도 주행,0,오토바이 인도 주행,0,오토바이 인도 주행,0,비정상적인 경로로의 침범,0,비정상적인 경로로의 침범,0,비정상적인 경로로의 침범,0,비정상적인 경로로의 침범,0,오토바이 인도 주행,0,비정상적인 경로로의 침범,0,전동킥보드 앞뒤 2인 탑승,0,전동킥보드 앞뒤 2인 탑승,0,오토바이 인도 주행,0,오토바이 인도 주행,4523,9003,166084,345782
aihub_multi_angle_cctv:Training:bs_e4230,20566.666666666668,19946.333333333332,자전거 인도 주행,Training,c1,c2,20566.666666666668,19946.333333333332,1.0311001186517155,symmetric,path_mode,235,468,자전거 인도 주행,1,자전거 인도 주행,1,자전거 인도 주행,1,자전거 인도 주행,1,0,전동킥보드 인도 주행,0,전동킥보드 인도 주행,0,전동킥보드 인도 주행,0,전동킥보드 인도 주행,0,비정상적인 경로로의 침범,0,비정상적인 경로로의 침범,0,비정상적인 경로로의 침범,0,경계선을 통한 침입,0,비정상적인 경로로의 침범,0,오토바이 인도 주행,0,오토바이 인도 주행,0,<INVALID>,0,오토바이 인도 주행,0,오토바이 인도 주행,0,오토바이 인도 주행,0,전동킥보드 앞뒤 2인 탑승,4331,8660,168523,311395
aihub_multi_angle_cctv:Validation:bs_e4664,37758.0,34248.666666666664,자전거 인도 주행,Validation,c1,c2,37758.0,34248.666666666664,1.1024662760594086,symmetric,path_mode,287,621,자전거 인도 주행,1,자전거 인도 주행,1,자전거 인도 주행,1,자전거 인도 주행,1,0,전동킥보드 인도 주행,0,전동킥보드 인도 주행,0,전동킥보드 인도 주행,0,전동킥보드 인도 주행,0,이륜 이동수단 탑승자 일부 또는 전체 헬멧 미착용,0,비정상적인 경로로의 침범,0,비정상적인 경로로의 침범,0,비정상적인 경로로의 침범,0,전동킥보드 인도 주행,0,오토바이 인도 주행,0,오토바이 인도 주행,0,오토바이 인도 주행,0,오토바이 인도 주행,0,오토바이 인도 주행,0,오토바이 인도 주행,0,오토바이 인도 주행,4383,8813,137250,324087
aihub_multi_angle_cctv:Training:st_e4785,44139.333333333336,45909.0,전동킥보드 앞뒤 2인 탑승,Training,c2,c1,45909.0,44139.333333333336,1.040092736637013,symmetric,attribute_count,514,932,전동킥보드 앞뒤 2인 탑승,1,전동킥보드 앞뒤 2인 탑승,1,전동킥보드 앞뒤 2인 탑승,1,전동킥보드 앞뒤 2인 탑승,1,0,전동킥보드 인도 주행,0,전동킥보드 인도 주행,0,전동킥보드 인도 주행,0,전동킥보드 인도 주행,0,자전거 인도 주행,0,비정상적인 경로로의 침범,0,비정상적인 경로로의 침범,0,비정상적인 경로로의 침범,0,오토바이 인도 주행,0,오토바이 인도 주행,0,오토바이 인도 주행,0,오토바이 인도 주행,0,전동킥보드 인도 주행,0,전동킥보드 인도 주행,0,오토바이 인도 주행,0,전동킥보드 인도 주행,4610,9124,167501,340478
aihub_multi_angle_cctv:Validation:st_e5015,60835.0,57250.666666666664,전동킥보드 앞뒤 2인 탑승,Validation,c1,c2,60835.0,57250.666666666664,1.0626077134472962,symmetric,attribute_count,354,633,전동킥보드 앞뒤 2인 탑승,1,전동킥보드 앞뒤 2인 탑승,1,전동킥보드 앞뒤 2인 탑승,1,전동킥보드 앞뒤 2인 탑승,1,0,전동킥보드 인도 주행,0,전동킥보드 인도 주행,0,전동킥보드 인도 주행,0,전동킥보드 인도 주행,0,전동킥보드 인도 주행,0,전동킥보드 인도 주행,0,비정상적인 경로로의 침범,0,전동킥보드 인도 주행,0,비정상적인 경로로의 침범,0,오토바이 인도 주행,0,오토바이 인도 주행,0,오토바이 인도 주행,1,전동킥보드 앞뒤 2인 탑승,1,전동킥보드 앞뒤 2인 탑승,0,오토바이 인도 주행,0,전동킥보드 인도 주행,4450,8825,163405,252088
aihub_multi_angle_cctv:Training:es_e4097,36862.0,30921.666666666668,전동킥보드 인도 주행,Training,c1,c2,36862.0,30921.666666666668,1.1921090928690776,symmetric,path_mode,267,551,전동킥보드 인도 주행,1,전동킥보드 인도 주행,1,전동킥보드 인도 주행,1,전동킥보드 인도 주행,1,1,전동킥보드 인도 주행,1,전동킥보드 인도 주행,1,전동킥보드 인도 주행,1,전동킥보드 인도 주행,0,비정상적인 경로로의 침범,0,비정상적인 경로로의 침범,0,비정상적인 경로로의 침범,0,경계선을 통한 침입,0,비정상적인 경로로의 침범,0,비정상적인 경로로의 침범,0,오토바이 인도 주행,0,비정상적인 경로로의 침범,0,신체적 충돌을 동반한 싸움,0,전동킥보드 앞뒤 2인 탑승,0,오토바이 인도 주행,0,전동킥보드 앞뒤 2인 탑승,4363,8743,167177,332923
aihub_multi_angle_cctv:Validation:es_e4106,32620.0,30697.333333333332,전동킥보드 인도 주행,Validation,c1,c2,32620.0,30697.333333333332,1.0626330191547584,symmetric,path_mode,286,536,전동킥보드 인도 주행,1,전동킥보드 인도 주행,1,전동킥보드 인도 주행,1,전동킥보드 인도 주행,1,1,전동킥보드 인도 주행,1,전동킥보드 인도 주행,1,전동킥보드 인도 주행,1,전동킥보드 인도 주행,1,전동킥보드 인도 주행,0,비정상적인 경로로의 침범,0,비정상적인 경로로의 침범,0,비정상적인 경로로의 침범,0,오토바이 인도 주행,0,오토바이 인도 주행,0,오토바이 인도 주행,0,비정상적인 경로로의 침범,1,전동킥보드 인도 주행,1,전동킥보드 인도 주행,0,오토바이 인도 주행,1,전동킥보드 인도 주행,4382,8728,149263,337256
aihub_multi_angle_cctv:Training:lo_e1230,28581.0,24466.666666666668,특정 구역 내 지속 배회,Training,c1,c2,28581.0,24466.666666666668,1.1681607629427793,symmetric,temporal_relation,228,466,특정 인물을 뒤따라가며 배회,0,특정 인물을 뒤따라가며 배회,0,특정 인물을 뒤따라가며 배회,0,특정 인물을 뒤따라가며 배회,0,0,전동킥보드 인도 주행,0,전동킥보드 인도 주행,0,전동킥보드 인도 주행,0,전동킥보드 인도 주행,0,비정상적인 경로로의 침범,0,비정상적인 경로로의 침범,0,비정상적인 경로로의 침범,0,경계선을 통한 침입,0,비정상적인 경로로의 침범,0,비정상적인 경로로의 침범,0,오토바이 인도 주행,0,비정상적인 경로로의 침범,0,신체적 충돌을 동반한 싸움,0,신체적 충돌을 동반한 싸움,0,오토바이 인도 주행,0,신체적 충돌을 동반한 싸움,4324,8658,152701,314642
aihub_multi_angle_cctv:Training:fp_e1563,117552.33333333333,98375.0,특정 인물을 뒤따라가며 배회,Training,c1,c2,117552.33333333333,98375.0,1.1949411266412537,symmetric,temporal_relation,336,715,특정 인물을 뒤따라가며 배회,1,특정 인물을 뒤따라가며 배회,1,특정 인물을 뒤따라가며 배회,1,특정 인물을 뒤따라가며 배회,1,0,전동킥보드 인도 주행,0,전동킥보드 인도 주행,0,전동킥보드 인도 주행,0,전동킥보드 인도 주행,0,비정상적인 경로로의 침범,0,특정 구역 내 지속 배회,0,비정상적인 경로로의 침범,0,특정 구역 내 지속 배회,0,이륜 이동수단 운전자 1인 헬멧 미착용,0,비정상적인 경로로의 침범,0,오토바이 인도 주행,0,<INVALID>,0,전동킥보드 앞뒤 2인 탑승,0,전동킥보드 앞뒤 2인 탑승,0,오토바이 인도 주행,0,신체적 충돌을 동반한 싸움,4432,8907,134504,306458
aihub_multi_angle_cctv:Validation:fp_e1487,61133.666666666664,57446.666666666664,특정 인물을 뒤따라가며 배회,Validation,c1,c2,61133.666666666664,57446.666666666664,1.0641812695833817,symmetric,temporal_relation,234,515,특정 인물을 뒤따라가며 배회,1,특정 인물을 뒤따라가며 배회,1,특정 인물을 뒤따라가며 배회,1,특정 인물을 뒤따라가며 배회,1,0,전동킥보드 인도 주행,0,전동킥보드 인도 주행,0,전동킥보드 인도 주행,0,전동킥보드 인도 주행,0,비정상적인 경로로의 침범,0,특정 구역 내 지속 배회,0,비정상적인 경로로의 침범,0,비정상적인 경로로의 침범,0,<INVALID>,0,오토바이 인도 주행,0,오토바이 인도 주행,0,이륜 이동수단 운전자 1인 헬멧 미착용,0,신체적 충돌을 동반한 싸움,0,신체적 충돌을 동반한 싸움,0,오토바이 인도 주행,0,신체적 충돌을 동반한 싸움,4330,8707,160904,287526
aihub_multi_angle_cctv:Training:ab_e0711,36866.666666666664,43171.666666666664,비정상적인 경로로의 침범,Training,c2,c1,43171.666666666664,36866.666666666664,1.1710216998191683,symmetric,temporal_relation,238,473,특정 인물을 뒤따라가며 배회,0,전동킥보드 앞뒤 2인 탑승,0,전동킥보드 앞뒤 2인 탑승,0,전동킥보드 앞뒤 2인 탑승,0,0,전동킥보드 인도 주행,0,전동킥보드 인도 주행,0,전동킥보드 인도 주행,0,전동킥보드 인도 주행,0,특정 구역 내 지속 배회,1,비정상적인 경로로의 침범,1,비정상적인 경로로의 침범,1,비정상적인 경로로의 침범,1,비정상적인 경로로의 침범,1,비정상적인 경로로의 침범,0,오토바이 인도 주행,0,오토바이 인도 주행,0,전동킥보드 앞뒤 2인 탑승,0,전동킥보드 앞뒤 2인 탑승,0,오토바이 인도 주행,0,전동킥보드 앞뒤 2인 탑승,4334,8665,115203,211639
aihub_multi_angle_cctv:Validation:ab_e0671,29978.333333333332,30642.0,비정상적인 경로로의 침범,Validation,c2,c1,30642.0,29978.333333333332,1.0221382109301163,symmetric,temporal_relation,214,471,경계선을 통한 침입,0,경계선을 통한 침입,0,경계선을 통한 침입,0,경계선을 통한 침입,0,0,전동킥보드 인도 주행,0,전동킥보드 인도 주행,0,전동킥보드 인도 주행,0,전동킥보드 인도 주행,0,특정 구역 내 지속 배회,1,비정상적인 경로로의 침범,1,비정상적인 경로로의 침범,1,비정상적인 경로로의 침범,1,비정상적인 경로로의 침범,1,비정상적인 경로로의 침범,0,오토바이 인도 주행,0,오토바이 인도 주행,0,전동킥보드 앞뒤 2인 탑승,0,전동킥보드 앞뒤 2인 탑승,0,오토바이 인도 주행,0,전동킥보드 앞뒤 2인 탑승,4310,8663,124993,222932
aihub_multi_angle_cctv:Training:ph_e2045,124522.33333333333,108085.33333333333,신체적 충돌을 동반한 싸움,Training,c1,c2,124522.33333333333,108085.33333333333,1.1520742869831244,symmetric,temporal_relation,256,478,신체적 충돌을 동반한 싸움,1,신체적 충돌을 동반한 싸움,1,신체적 충돌을 동반한 싸움,1,신체적 충돌을 동반한 싸움,1,1,신체적 충돌을 동반한 싸움,1,신체적 충돌을 동반한 싸움,0,전동킥보드 인도 주행,0,전동킥보드 앞뒤 2인 탑승,1,신체적 충돌을 동반한 싸움,1,신체적 충돌을 동반한 싸움,0,비정상적인 경로로의 침범,1,신체적 충돌을 동반한 싸움,0,<INVALID>,0,비정상적인 경로로의 침범,0,오토바이 인도 주행,0,이륜 이동수단 운전자 1인 헬멧 미착용,1,신체적 충돌을 동반한 싸움,1,신체적 충돌을 동반한 싸움,0,오토바이 인도 주행,1,신체적 충돌을 동반한 싸움,4352,8670,142854,289680
aihub_multi_angle_cctv:Training:ms_e3644,46076.666666666664,52641.666666666664,오토바이 인도 주행,Training,c2,c1,52641.666666666664,46076.666666666664,1.1424799247630761,symmetric,path_mode,335,623,오토바이 인도 주행,1,오토바이 인도 주행,1,오토바이 인도 주행,1,오토바이 인도 주행,1,0,전동킥보드 인도 주행,0,전동킥보드 인도 주행,0,전동킥보드 인도 주행,0,전동킥보드 인도 주행,0,전동킥보드 인도 주행,1,오토바이 인도 주행,0,비정상적인 경로로의 침범,1,오토바이 인도 주행,1,오토바이 인도 주행,1,오토바이 인도 주행,1,오토바이 인도 주행,1,오토바이 인도 주행,0,전동킥보드 인도 주행,1,오토바이 인도 주행,1,오토바이 인도 주행,1,오토바이 인도 주행,4431,8815,162529,299491
aihub_multi_angle_cctv:Validation:ms_e3626,59152.0,53001.666666666664,오토바이 인도 주행,Validation,c1,c2,59152.0,53001.666666666664,1.1160403760888022,symmetric,path_mode,299,653,오토바이 인도 주행,1,오토바이 인도 주행,1,오토바이 인도 주행,1,오토바이 인도 주행,1,0,전동킥보드 인도 주행,0,전동킥보드 인도 주행,0,전동킥보드 인도 주행,1,오토바이 인도 주행,0,비정상적인 경로로의 침범,0,비정상적인 경로로의 침범,0,비정상적인 경로로의 침범,0,자전거 인도 주행,0,비정상적인 경로로의 침범,1,오토바이 인도 주행,1,오토바이 인도 주행,1,오토바이 인도 주행,1,오토바이 인도 주행,1,오토바이 인도 주행,1,오토바이 인도 주행,1,오토바이 인도 주행,4395,8845,134143,291946
aihub_multi_angle_cctv:Training:md_e2606,46629.0,42334.333333333336,이륜 이동수단 운전자 1인 헬멧 미착용,Training,c1,c2,46629.0,42334.333333333336,1.101446422525452,symmetric,attribute_count,333,718,이륜 이동수단 탑승자 일부 또는 전체 헬멧 미착용,0,이륜 이동수단 운전자 1인 헬멧 미착용,1,이륜 이동수단 운전자 1인 헬멧 미착용,1,이륜 이동수단 운전자 1인 헬멧 미착용,1,0,오토바이 인도 주행,0,오토바이 인도 주행,0,전동킥보드 인도 주행,0,오토바이 인도 주행,0,오토바이 인도 주행,0,오토바이 인도 주행,0,비정상적인 경로로의 침범,0,오토바이 인도 주행,0,오토바이 인도 주행,0,비정상적인 경로로의 침범,0,오토바이 인도 주행,0,오토바이 인도 주행,0,오토바이 인도 주행,0,오토바이 인도 주행,0,오토바이 인도 주행,0,오토바이 인도 주행,4429,8910,140248,257474
aihub_multi_angle_cctv:Validation:md_e2386,28742.333333333332,33878.333333333336,이륜 이동수단 운전자 1인 헬멧 미착용,Validation,c2,c1,33878.333333333336,28742.333333333332,1.178691129228664,symmetric,attribute_count,322,594,이륜 이동수단 운전자 1인 헬멧 미착용,1,이륜 이동수단 운전자 1인 헬멧 미착용,1,이륜 이동수단 운전자 1인 헬멧 미착용,1,이륜 이동수단 운전자 1인 헬멧 미착용,1,0,오토바이 인도 주행,0,오토바이 인도 주행,0,전동킥보드 인도 주행,0,오토바이 인도 주행,0,비정상적인 경로로의 침범,0,오토바이 인도 주행,0,비정상적인 경로로의 침범,0,오토바이 인도 주행,0,오토바이 인도 주행,0,오토바이 인도 주행,0,오토바이 인도 주행,0,오토바이 인도 주행,0,전동킥보드 앞뒤 2인 탑승,0,전동킥보드 앞뒤 2인 탑승,0,오토바이 인도 주행,0,전동킥보드 인도 주행,4418,8786,119272,214959
aihub_multi_angle_cctv:Training:mp_e3008,40406.333333333336,34839.666666666664,이륜 이동수단 탑승자 일부 또는 전체 헬멧 미착용,Training,c1,c2,40406.333333333336,34839.666666666664,1.1597795616108078,symmetric,attribute_count,340,664,이륜 이동수단 탑승자 일부 또는 전체 헬멧 미착용,1,이륜 이동수단 탑승자 일부 또는 전체 헬멧 미착용,1,이륜 이동수단 탑승자 일부 또는 전체 헬멧 미착용,1,이륜 이동수단 탑승자 일부 또는 전체 헬멧 미착용,1,0,오토바이 인도 주행,0,오토바이 인도 주행,0,전동킥보드 인도 주행,0,전동킥보드 앞뒤 2인 탑승,0,오토바이 인도 주행,0,오토바이 인도 주행,0,비정상적인 경로로의 침범,0,오토바이 인도 주행,0,오토바이 인도 주행,0,오토바이 인도 주행,0,오토바이 인도 주행,0,오토바이 인도 주행,0,전동킥보드 앞뒤 2인 탑승,0,전동킥보드 인도 주행,0,오토바이 인도 주행,0,전동킥보드 앞뒤 2인 탑승,4436,8856,147016,257434
aihub_multi_angle_cctv:Validation:mp_e2977,45248.0,44286.0,이륜 이동수단 탑승자 일부 또는 전체 헬멧 미착용,Validation,c1,c2,45248.0,44286.0,1.021722440500384,symmetric,attribute_count,424,840,이륜 이동수단 운전자 1인 헬멧 미착용,0,이륜 이동수단 운전자 1인 헬멧 미착용,0,이륜 이동수단 운전자 1인 헬멧 미착용,0,이륜 이동수단 운전자 1인 헬멧 미착용,0,0,오토바이 인도 주행,0,오토바이 인도 주행,0,전동킥보드 인도 주행,0,오토바이 인도 주행,0,오토바이 인도 주행,0,오토바이 인도 주행,0,비정상적인 경로로의 침범,0,비정상적인 경로로의 침범,0,오토바이 인도 주행,0,비정상적인 경로로의 침범,0,오토바이 인도 주행,0,오토바이 인도 주행,0,오토바이 인도 주행,0,오토바이 인도 주행,0,오토바이 인도 주행,0,오토바이 인도 주행,4520,9032,147221,268090
aihub_multi_angle_cctv:Training:bs_e4572,33830.0,29994.0,자전거 인도 주행,Training,c1,c2,33830.0,29994.0,1.1278922451156899,symmetric,path_mode,316,628,자전거 인도 주행,1,자전거 인도 주행,1,자전거 인도 주행,1,자전거 인도 주행,1,0,오토바이 인도 주행,0,전동킥보드 인도 주행,0,전동킥보드 인도 주행,0,전동킥보드 인도 주행,0,비정상적인 경로로의 침범,0,비정상적인 경로로의 침범,0,비정상적인 경로로의 침범,0,오토바이 인도 주행,0,오토바이 인도 주행,0,오토바이 인도 주행,0,오토바이 인도 주행,0,비정상적인 경로로의 침범,0,오토바이 인도 주행,0,오토바이 인도 주행,0,오토바이 인도 주행,0,오토바이 인도 주행,4412,8820,142364,329475
aihub_multi_angle_cctv:Validation:bs_e4226,27330.666666666668,27494.0,자전거 인도 주행,Validation,c2,c1,27494.0,27330.666666666668,1.0059761927992974,symmetric,path_mode,250,513,자전거 인도 주행,1,자전거 인도 주행,1,자전거 인도 주행,1,자전거 인도 주행,1,0,전동킥보드 인도 주행,0,이륜 이동수단 탑승자 일부 또는 전체 헬멧 미착용,0,전동킥보드 인도 주행,0,이륜 이동수단 탑승자 일부 또는 전체 헬멧 미착용,0,비정상적인 경로로의 침범,1,자전거 인도 주행,0,비정상적인 경로로의 침범,0,이륜 이동수단 탑승자 일부 또는 전체 헬멧 미착용,0,비정상적인 경로로의 침범,0,비정상적인 경로로의 침범,0,오토바이 인도 주행,0,<INVALID>,0,전동킥보드 인도 주행,0,오토바이 인도 주행,0,오토바이 인도 주행,0,오토바이 인도 주행,4346,8705,120433,243188
aihub_multi_angle_cctv:Training:st_e4814,27944.333333333332,23392.0,전동킥보드 앞뒤 2인 탑승,Training,c1,c2,27944.333333333332,23392.0,1.1946106931144551,symmetric,attribute_count,256,543,전동킥보드 앞뒤 2인 탑승,1,전동킥보드 앞뒤 2인 탑승,1,전동킥보드 앞뒤 2인 탑승,1,전동킥보드 앞뒤 2인 탑승,1,0,전동킥보드 인도 주행,0,전동킥보드 인도 주행,0,전동킥보드 인도 주행,0,전동킥보드 인도 주행,0,전동킥보드 인도 주행,0,경계선을 통한 침입,0,비정상적인 경로로의 침범,0,비정상적인 경로로의 침범,0,오토바이 인도 주행,0,비정상적인 경로로의 침범,0,오토바이 인도 주행,0,비정상적인 경로로의 침범,0,전동킥보드 인도 주행,0,전동킥보드 인도 주행,0,오토바이 인도 주행,0,전동킥보드 인도 주행,4352,8735,180608,349733
aihub_multi_angle_cctv:Validation:st_e4902,22191.666666666668,26276.0,전동킥보드 앞뒤 2인 탑승,Validation,c2,c1,26276.0,22191.666666666668,1.184048066090875,symmetric,attribute_count,360,742,전동킥보드 앞뒤 2인 탑승,1,전동킥보드 앞뒤 2인 탑승,1,전동킥보드 앞뒤 2인 탑승,1,전동킥보드 앞뒤 2인 탑승,1,0,전동킥보드 인도 주행,0,전동킥보드 인도 주행,0,전동킥보드 인도 주행,0,전동킥보드 인도 주행,0,비정상적인 경로로의 침범,0,비정상적인 경로로의 침범,0,비정상적인 경로로의 침범,0,비정상적인 경로로의 침범,0,비정상적인 경로로의 침범,0,비정상적인 경로로의 침범,0,오토바이 인도 주행,0,오토바이 인도 주행,0,전동킥보드 인도 주행,0,전동킥보드 인도 주행,0,오토바이 인도 주행,0,전동킥보드 인도 주행,4456,8934,209879,363517
aihub_multi_angle_cctv:Training:es_e3967,21552.0,22811.666666666668,전동킥보드 인도 주행,Training,c2,c1,22811.666666666668,21552.0,1.0584477852016827,symmetric,path_mode,308,606,전동킥보드 인도 주행,1,전동킥보드 앞뒤 2인 탑승,0,전동킥보드 앞뒤 2인 탑승,0,전동킥보드 인도 주행,1,1,전동킥보드 인도 주행,1,전동킥보드 인도 주행,1,전동킥보드 인도 주행,1,전동킥보드 인도 주행,0,비정상적인 경로로의 침범,0,비정상적인 경로로의 침범,0,비정상적인 경로로의 침범,0,비정상적인 경로로의 침범,0,오토바이 인도 주행,0,오토바이 인도 주행,0,오토바이 인도 주행,0,오토바이 인도 주행,0,오토바이 인도 주행,0,오토바이 인도 주행,0,오토바이 인도 주행,1,전동킥보드 인도 주행,4404,8798,89238,252943
aihub_multi_angle_cctv:Validation:es_e3972,22970.0,26688.333333333332,전동킥보드 인도 주행,Validation,c2,c1,26688.333333333332,22970.0,1.1618778116383688,symmetric,path_mode,304,616,전동킥보드 인도 주행,1,전동킥보드 앞뒤 2인 탑승,0,전동킥보드 앞뒤 2인 탑승,0,전동킥보드 인도 주행,1,1,전동킥보드 인도 주행,1,전동킥보드 인도 주행,1,전동킥보드 인도 주행,1,전동킥보드 인도 주행,1,전동킥보드 인도 주행,0,비정상적인 경로로의 침범,0,비정상적인 경로로의 침범,0,비정상적인 경로로의 침범,0,비정상적인 경로로의 침범,0,비정상적인 경로로의 침범,0,오토바이 인도 주행,0,오토바이 인도 주행,1,전동킥보드 인도 주행,1,전동킥보드 인도 주행,0,오토바이 인도 주행,1,전동킥보드 인도 주행,4400,8808,133390,299406
aihub_multi_angle_cctv:Training:lo_e1107,33562.0,36380.333333333336,특정 구역 내 지속 배회,Training,c2,c1,36380.333333333336,33562.0,1.0839739387799694,symmetric,temporal_relation,260,537,특정 인물을 뒤따라가며 배회,0,특정 인물을 뒤따라가며 배회,0,특정 인물을 뒤따라가며 배회,0,특정 인물을 뒤따라가며 배회,0,0,전동킥보드 인도 주행,0,전동킥보드 인도 주행,0,전동킥보드 인도 주행,0,전동킥보드 인도 주행,1,특정 구역 내 지속 배회,1,특정 구역 내 지속 배회,0,비정상적인 경로로의 침범,0,비정상적인 경로로의 침범,0,오토바이 인도 주행,0,오토바이 인도 주행,0,오토바이 인도 주행,0,비정상적인 경로로의 침범,0,신체적 충돌을 동반한 싸움,0,신체적 충돌을 동반한 싸움,0,오토바이 인도 주행,0,신체적 충돌을 동반한 싸움,4356,8729,160636,322095
aihub_multi_angle_cctv:Training:fp_e1705,62209.0,57271.666666666664,특정 인물을 뒤따라가며 배회,Training,c1,c2,62209.0,57271.666666666664,1.0862090038704422,symmetric,temporal_relation,251,585,특정 인물을 뒤따라가며 배회,1,특정 인물을 뒤따라가며 배회,1,특정 인물을 뒤따라가며 배회,1,특정 인물을 뒤따라가며 배회,1,0,전동킥보드 인도 주행,0,전동킥보드 인도 주행,0,전동킥보드 인도 주행,0,전동킥보드 인도 주행,0,비정상적인 경로로의 침범,0,비정상적인 경로로의 침범,0,비정상적인 경로로의 침범,1,특정 인물을 뒤따라가며 배회,0,비정상적인 경로로의 침범,0,비정상적인 경로로의 침범,0,오토바이 인도 주행,0,비정상적인 경로로의 침범,0,신체적 충돌을 동반한 싸움,0,전동킥보드 앞뒤 2인 탑승,0,오토바이 인도 주행,0,신체적 충돌을 동반한 싸움,4347,8777,153036,293601
aihub_multi_angle_cctv:Validation:fp_e1526,53342.333333333336,46850.0,특정 인물을 뒤따라가며 배회,Validation,c1,c2,53342.333333333336,46850.0,1.1385770188545001,symmetric,temporal_relation,362,712,특정 인물을 뒤따라가며 배회,1,특정 인물을 뒤따라가며 배회,1,특정 인물을 뒤따라가며 배회,1,특정 인물을 뒤따라가며 배회,1,0,전동킥보드 인도 주행,0,전동킥보드 인도 주행,0,전동킥보드 인도 주행,0,전동킥보드 인도 주행,0,비정상적인 경로로의 침범,0,비정상적인 경로로의 침범,0,비정상적인 경로로의 침범,0,비정상적인 경로로의 침범,0,비정상적인 경로로의 침범,0,비정상적인 경로로의 침범,0,오토바이 인도 주행,0,비정상적인 경로로의 침범,0,전동킥보드 앞뒤 2인 탑승,0,전동킥보드 앞뒤 2인 탑승,0,오토바이 인도 주행,0,전동킥보드 앞뒤 2인 탑승,4458,8904,132939,301721
aihub_multi_angle_cctv:Training:ab_e0673,27075.666666666668,30696.0,비정상적인 경로로의 침범,Training,c2,c1,30696.0,27075.666666666668,1.1337116968495697,symmetric,temporal_relation,197,419,특정 인물을 뒤따라가며 배회,0,경계선을 통한 침입,0,경계선을 통한 침입,0,경계선을 통한 침입,0,0,전동킥보드 인도 주행,0,전동킥보드 인도 주행,0,전동킥보드 인도 주행,0,전동킥보드 인도 주행,1,비정상적인 경로로의 침범,1,비정상적인 경로로의 침범,1,비정상적인 경로로의 침범,1,비정상적인 경로로의 침범,0,<INVALID>,1,비정상적인 경로로의 침범,0,오토바이 인도 주행,0,오토바이 인도 주행,0,신체적 충돌을 동반한 싸움,0,전동킥보드 앞뒤 2인 탑승,0,오토바이 인도 주행,0,전동킥보드 앞뒤 2인 탑승,4293,8611,120991,217674
aihub_multi_angle_cctv:Validation:ab_e0341,41549.0,47253.333333333336,비정상적인 경로로의 침범,Validation,c2,c1,47253.333333333336,41549.0,1.1372917117941066,symmetric,temporal_relation,240,461,특정 인물을 뒤따라가며 배회,0,특정 인물을 뒤따라가며 배회,0,특정 인물을 뒤따라가며 배회,0,특정 인물을 뒤따라가며 배회,0,0,전동킥보드 인도 주행,0,전동킥보드 인도 주행,0,전동킥보드 인도 주행,0,전동킥보드 인도 주행,1,비정상적인 경로로의 침범,1,비정상적인 경로로의 침범,1,비정상적인 경로로의 침범,1,비정상적인 경로로의 침범,0,이륜 이동수단 운전자 1인 헬멧 미착용,1,비정상적인 경로로의 침범,0,오토바이 인도 주행,0,오토바이 인도 주행,0,경계선을 통한 침입,0,전동킥보드 앞뒤 2인 탑승,0,오토바이 인도 주행,0,전동킥보드 앞뒤 2인 탑승,4336,8653,169420,266400
aihub_multi_angle_cctv:Training:ph_e2055,129622.66666666667,123626.0,신체적 충돌을 동반한 싸움,Training,c1,c2,129622.66666666667,123626.0,1.0485065169678438,symmetric,temporal_relation,252,511,특정 인물을 뒤따라가며 배회,0,특정 인물을 뒤따라가며 배회,0,특정 인물을 뒤따라가며 배회,0,특정 인물을 뒤따라가며 배회,0,1,신체적 충돌을 동반한 싸움,1,신체적 충돌을 동반한 싸움,0,전동킥보드 인도 주행,0,전동킥보드 앞뒤 2인 탑승,0,비정상적인 경로로의 침범,1,신체적 충돌을 동반한 싸움,0,비정상적인 경로로의 침범,0,비정상적인 경로로의 침범,0,비정상적인 경로로의 침범,0,비정상적인 경로로의 침범,0,오토바이 인도 주행,0,이륜 이동수단 운전자 1인 헬멧 미착용,1,신체적 충돌을 동반한 싸움,1,신체적 충돌을 동반한 싸움,0,오토바이 인도 주행,0,전동킥보드 앞뒤 2인 탑승,4348,8703,150060,292226
aihub_multi_angle_cctv:Training:ms_e3471,36379.0,33282.0,오토바이 인도 주행,Training,c1,c2,36379.0,33282.0,1.0930533020852111,symmetric,path_mode,310,621,이륜 이동수단 탑승자 일부 또는 전체 헬멧 미착용,0,오토바이 인도 주행,1,이륜 이동수단 탑승자 일부 또는 전체 헬멧 미착용,0,오토바이 인도 주행,1,1,오토바이 인도 주행,1,오토바이 인도 주행,0,전동킥보드 인도 주행,1,오토바이 인도 주행,1,오토바이 인도 주행,1,오토바이 인도 주행,0,비정상적인 경로로의 침범,1,오토바이 인도 주행,1,오토바이 인도 주행,0,비정상적인 경로로의 침범,1,오토바이 인도 주행,0,비정상적인 경로로의 침범,1,오토바이 인도 주행,1,오토바이 인도 주행,1,오토바이 인도 주행,1,오토바이 인도 주행,4406,8813,157518,245266
aihub_multi_angle_cctv:Validation:ms_e3638,46414.333333333336,51672.0,오토바이 인도 주행,Validation,c2,c1,51672.0,46414.333333333336,1.113276789497497,symmetric,path_mode,328,706,오토바이 인도 주행,1,오토바이 인도 주행,1,오토바이 인도 주행,1,오토바이 인도 주행,1,1,오토바이 인도 주행,1,오토바이 인도 주행,0,전동킥보드 인도 주행,0,전동킥보드 인도 주행,1,오토바이 인도 주행,1,오토바이 인도 주행,0,비정상적인 경로로의 침범,0,경계선을 통한 침입,1,오토바이 인도 주행,1,오토바이 인도 주행,1,오토바이 인도 주행,1,오토바이 인도 주행,1,오토바이 인도 주행,1,오토바이 인도 주행,1,오토바이 인도 주행,1,오토바이 인도 주행,4424,8898,161896,290055
aihub_multi_angle_cctv:Training:md_e2374,27995.333333333332,29736.0,이륜 이동수단 운전자 1인 헬멧 미착용,Training,c2,c1,29736.0,27995.333333333332,1.0621770295049175,symmetric,attribute_count,340,672,이륜 이동수단 탑승자 일부 또는 전체 헬멧 미착용,0,이륜 이동수단 탑승자 일부 또는 전체 헬멧 미착용,0,이륜 이동수단 탑승자 일부 또는 전체 헬멧 미착용,0,이륜 이동수단 탑승자 일부 또는 전체 헬멧 미착용,0,0,오토바이 인도 주행,0,오토바이 인도 주행,0,전동킥보드 인도 주행,0,오토바이 인도 주행,0,오토바이 인도 주행,0,오토바이 인도 주행,0,비정상적인 경로로의 침범,0,경계선을 통한 침입,0,오토바이 인도 주행,0,비정상적인 경로로의 침범,0,오토바이 인도 주행,0,오토바이 인도 주행,0,오토바이 인도 주행,0,오토바이 인도 주행,0,오토바이 인도 주행,0,오토바이 인도 주행,4436,8864,161061,319723
aihub_multi_angle_cctv:Validation:md_e2640,55422.333333333336,60033.0,이륜 이동수단 운전자 1인 헬멧 미착용,Validation,c2,c1,60033.0,55422.333333333336,1.0831914932006952,symmetric,attribute_count,372,740,이륜 이동수단 운전자 1인 헬멧 미착용,1,이륜 이동수단 운전자 1인 헬멧 미착용,1,이륜 이동수단 운전자 1인 헬멧 미착용,1,이륜 이동수단 운전자 1인 헬멧 미착용,1,0,오토바이 인도 주행,0,오토바이 인도 주행,0,전동킥보드 인도 주행,0,오토바이 인도 주행,0,오토바이 인도 주행,0,오토바이 인도 주행,0,비정상적인 경로로의 침범,0,오토바이 인도 주행,0,<INVALID>,0,오토바이 인도 주행,0,오토바이 인도 주행,0,오토바이 인도 주행,0,전동킥보드 인도 주행,0,오토바이 인도 주행,0,오토바이 인도 주행,0,오토바이 인도 주행,4468,8932,107751,242303
aihub_multi_angle_cctv:Training:mp_e2716,72797.0,63385.333333333336,이륜 이동수단 탑승자 일부 또는 전체 헬멧 미착용,Training,c1,c2,72797.0,63385.333333333336,1.148483350512211,symmetric,attribute_count,436,909,이륜 이동수단 탑승자 일부 또는 전체 헬멧 미착용,1,이륜 이동수단 탑승자 일부 또는 전체 헬멧 미착용,1,이륜 이동수단 탑승자 일부 또는 전체 헬멧 미착용,1,이륜 이동수단 탑승자 일부 또는 전체 헬멧 미착용,1,0,오토바이 인도 주행,0,오토바이 인도 주행,0,전동킥보드 인도 주행,0,오토바이 인도 주행,0,오토바이 인도 주행,0,오토바이 인도 주행,0,비정상적인 경로로의 침범,0,오토바이 인도 주행,0,오토바이 인도 주행,0,오토바이 인도 주행,0,오토바이 인도 주행,0,비정상적인 경로로의 침범,0,전동킥보드 앞뒤 2인 탑승,0,오토바이 인도 주행,0,오토바이 인도 주행,0,오토바이 인도 주행,4532,9101,150962,283247
aihub_multi_angle_cctv:Validation:mp_e3007,42128.333333333336,41857.333333333336,이륜 이동수단 탑승자 일부 또는 전체 헬멧 미착용,Validation,c1,c2,42128.333333333336,41857.333333333336,1.006474373267926,symmetric,attribute_count,332,591,전동킥보드 앞뒤 2인 탑승,0,전동킥보드 앞뒤 2인 탑승,0,전동킥보드 앞뒤 2인 탑승,0,전동킥보드 앞뒤 2인 탑승,0,0,오토바이 인도 주행,0,오토바이 인도 주행,0,전동킥보드 인도 주행,0,오토바이 인도 주행,0,오토바이 인도 주행,0,오토바이 인도 주행,0,비정상적인 경로로의 침범,0,비정상적인 경로로의 침범,0,오토바이 인도 주행,0,오토바이 인도 주행,0,오토바이 인도 주행,0,<INVALID>,0,전동킥보드 인도 주행,0,전동킥보드 앞뒤 2인 탑승,0,오토바이 인도 주행,0,오토바이 인도 주행,4428,8783,147137,258985
aihub_multi_angle_cctv:Training:bs_e4585,34048.333333333336,31572.0,자전거 인도 주행,Training,c1,c2,34048.333333333336,31572.0,1.0784344778073398,symmetric,path_mode,249,518,자전거 인도 주행,1,자전거 인도 주행,1,자전거 인도 주행,1,자전거 인도 주행,1,0,전동킥보드 인도 주행,0,전동킥보드 인도 주행,0,전동킥보드 인도 주행,0,전동킥보드 인도 주행,0,비정상적인 경로로의 침범,0,비정상적인 경로로의 침범,0,비정상적인 경로로의 침범,0,비정상적인 경로로의 침범,0,오토바이 인도 주행,0,비정상적인 경로로의 침범,0,오토바이 인도 주행,0,비정상적인 경로로의 침범,0,오토바이 인도 주행,0,오토바이 인도 주행,0,오토바이 인도 주행,0,오토바이 인도 주행,4345,8710,144578,331518
aihub_multi_angle_cctv:Validation:bs_e4495,25443.0,22347.666666666668,자전거 인도 주행,Validation,c1,c2,25443.0,22347.666666666668,1.1385081216532673,symmetric,path_mode,347,656,자전거 인도 주행,1,자전거 인도 주행,1,자전거 인도 주행,1,자전거 인도 주행,1,0,전동킥보드 인도 주행,0,전동킥보드 인도 주행,0,전동킥보드 인도 주행,0,전동킥보드 인도 주행,1,자전거 인도 주행,0,비정상적인 경로로의 침범,0,비정상적인 경로로의 침범,0,비정상적인 경로로의 침범,0,오토바이 인도 주행,0,오토바이 인도 주행,0,오토바이 인도 주행,0,전동킥보드 인도 주행,0,이륜 이동수단 탑승자 일부 또는 전체 헬멧 미착용,0,전동킥보드 인도 주행,0,오토바이 인도 주행,0,전동킥보드 앞뒤 2인 탑승,4443,8848,151393,296796
aihub_multi_angle_cctv:Training:st_e4809,47981.0,42274.666666666664,전동킥보드 앞뒤 2인 탑승,Training,c1,c2,47981.0,42274.666666666664,1.134982337727875,symmetric,attribute_count,420,791,전동킥보드 앞뒤 2인 탑승,1,전동킥보드 앞뒤 2인 탑승,1,전동킥보드 앞뒤 2인 탑승,1,전동킥보드 앞뒤 2인 탑승,1,0,전동킥보드 인도 주행,0,전동킥보드 인도 주행,0,전동킥보드 인도 주행,0,전동킥보드 인도 주행,0,비정상적인 경로로의 침범,0,비정상적인 경로로의 침범,0,비정상적인 경로로의 침범,0,전동킥보드 인도 주행,0,비정상적인 경로로의 침범,0,오토바이 인도 주행,0,오토바이 인도 주행,0,오토바이 인도 주행,0,신체적 충돌을 동반한 싸움,0,오토바이 인도 주행,0,오토바이 인도 주행,0,오토바이 인도 주행,4516,8983,171200,339707
aihub_multi_angle_cctv:Validation:st_e5116,38274.0,33152.333333333336,전동킥보드 앞뒤 2인 탑승,Validation,c1,c2,38274.0,33152.333333333336,1.1544888745890183,symmetric,attribute_count,272,549,전동킥보드 앞뒤 2인 탑승,1,전동킥보드 앞뒤 2인 탑승,1,전동킥보드 앞뒤 2인 탑승,1,전동킥보드 앞뒤 2인 탑승,1,0,전동킥보드 인도 주행,0,전동킥보드 인도 주행,0,전동킥보드 인도 주행,0,전동킥보드 인도 주행,0,비정상적인 경로로의 침범,0,특정 구역 내 지속 배회,0,비정상적인 경로로의 침범,0,비정상적인 경로로의 침범,0,비정상적인 경로로의 침범,0,비정상적인 경로로의 침범,0,오토바이 인도 주행,0,비정상적인 경로로의 침범,0,전동킥보드 인도 주행,0,전동킥보드 인도 주행,0,오토바이 인도 주행,0,신체적 충돌을 동반한 싸움,4368,8741,157349,325478
aihub_multi_angle_cctv:Training:es_e4091,38380.0,40996.333333333336,전동킥보드 인도 주행,Training,c2,c1,40996.333333333336,38380.0,1.0681691853395867,symmetric,path_mode,293,556,전동킥보드 인도 주행,1,전동킥보드 인도 주행,1,전동킥보드 인도 주행,1,전동킥보드 인도 주행,1,1,전동킥보드 인도 주행,1,전동킥보드 인도 주행,1,전동킥보드 인도 주행,0,오토바이 인도 주행,0,특정 구역 내 지속 배회,0,경계선을 통한 침입,0,비정상적인 경로로의 침범,0,비정상적인 경로로의 침범,0,오토바이 인도 주행,0,오토바이 인도 주행,0,오토바이 인도 주행,0,비정상적인 경로로의 침범,1,전동킥보드 인도 주행,1,전동킥보드 인도 주행,0,오토바이 인도 주행,0,신체적 충돌을 동반한 싸움,4389,8748,164255,335895
aihub_multi_angle_cctv:Validation:es_e3686,22154.0,24301.333333333332,전동킥보드 인도 주행,Validation,c2,c1,24301.333333333332,22154.0,1.0969275676326322,symmetric,path_mode,324,694,전동킥보드 앞뒤 2인 탑승,0,전동킥보드 인도 주행,1,전동킥보드 인도 주행,1,전동킥보드 앞뒤 2인 탑승,0,1,전동킥보드 인도 주행,1,전동킥보드 인도 주행,1,전동킥보드 인도 주행,1,전동킥보드 인도 주행,0,특정 인물을 뒤따라가며 배회,0,비정상적인 경로로의 침범,0,비정상적인 경로로의 침범,1,전동킥보드 인도 주행,0,오토바이 인도 주행,0,오토바이 인도 주행,0,오토바이 인도 주행,0,비정상적인 경로로의 침범,0,전동킥보드 앞뒤 2인 탑승,1,전동킥보드 인도 주행,0,오토바이 인도 주행,1,전동킥보드 인도 주행,4420,8886,140093,304207
aihub_multi_angle_cctv:Training:lo_e1249,34003.333333333336,30607.0,특정 구역 내 지속 배회,Training,c1,c2,34003.333333333336,30607.0,1.1109659010466015,symmetric,temporal_relation,297,600,특정 인물을 뒤따라가며 배회,0,특정 인물을 뒤따라가며 배회,0,특정 인물을 뒤따라가며 배회,0,특정 인물을 뒤따라가며 배회,0,0,전동킥보드 인도 주행,0,전동킥보드 인도 주행,0,전동킥보드 인도 주행,0,전동킥보드 인도 주행,0,비정상적인 경로로의 침범,0,비정상적인 경로로의 침범,0,비정상적인 경로로의 침범,0,비정상적인 경로로의 침범,0,오토바이 인도 주행,0,비정상적인 경로로의 침범,0,오토바이 인도 주행,0,비정상적인 경로로의 침범,0,신체적 충돌을 동반한 싸움,0,전동킥보드 앞뒤 2인 탑승,0,오토바이 인도 주행,0,신체적 충돌을 동반한 싸움,4393,8792,155818,300380
aihub_multi_angle_cctv:Training:fp_e1979,125051.33333333333,107574.66666666667,특정 인물을 뒤따라가며 배회,Training,c1,c2,125051.33333333333,107574.66666666667,1.1624608024194047,symmetric,temporal_relation,272,558,특정 인물을 뒤따라가며 배회,1,특정 인물을 뒤따라가며 배회,1,특정 인물을 뒤따라가며 배회,1,특정 인물을 뒤따라가며 배회,1,0,전동킥보드 인도 주행,0,전동킥보드 인도 주행,0,전동킥보드 인도 주행,0,전동킥보드 인도 주행,0,비정상적인 경로로의 침범,0,비정상적인 경로로의 침범,0,비정상적인 경로로의 침범,0,비정상적인 경로로의 침범,0,비정상적인 경로로의 침범,0,비정상적인 경로로의 침범,0,오토바이 인도 주행,0,비정상적인 경로로의 침범,0,<INVALID>,0,비정상적인 경로로의 침범,0,오토바이 인도 주행,0,전동킥보드 인도 주행,4368,8750,161747,356806
aihub_multi_angle_cctv:Validation:fp_e1674,63244.666666666664,63990.333333333336,특정 인물을 뒤따라가며 배회,Validation,c2,c1,63990.333333333336,63244.666666666664,1.0117901904771944,symmetric,temporal_relation,257,528,특정 인물을 뒤따라가며 배회,1,특정 인물을 뒤따라가며 배회,1,특정 인물을 뒤따라가며 배회,1,특정 인물을 뒤따라가며 배회,1,0,비정상적인 경로로의 침범,0,전동킥보드 인도 주행,0,전동킥보드 인도 주행,0,전동킥보드 인도 주행,0,비정상적인 경로로의 침범,0,비정상적인 경로로의 침범,0,비정상적인 경로로의 침범,0,비정상적인 경로로의 침범,0,비정상적인 경로로의 침범,0,비정상적인 경로로의 침범,0,오토바이 인도 주행,0,비정상적인 경로로의 침범,0,비정상적인 경로로의 침범,0,전동킥보드 인도 주행,0,오토바이 인도 주행,0,전동킥보드 인도 주행,4353,8720,170027,306737
aihub_multi_angle_cctv:Training:ab_e0670,30778.666666666668,35007.333333333336,비정상적인 경로로의 침범,Training,c2,c1,35007.333333333336,30778.666666666668,1.137389533876278,symmetric,temporal_relation,231,470,경계선을 통한 침입,0,경계선을 통한 침입,0,경계선을 통한 침입,0,경계선을 통한 침입,0,0,전동킥보드 인도 주행,0,전동킥보드 인도 주행,0,전동킥보드 인도 주행,0,전동킥보드 인도 주행,1,비정상적인 경로로의 침범,1,비정상적인 경로로의 침범,1,비정상적인 경로로의 침범,1,비정상적인 경로로의 침범,1,비정상적인 경로로의 침범,1,비정상적인 경로로의 침범,0,오토바이 인도 주행,0,오토바이 인도 주행,0,전동킥보드 앞뒤 2인 탑승,0,전동킥보드 앞뒤 2인 탑승,0,오토바이 인도 주행,0,전동킥보드 앞뒤 2인 탑승,4327,8662,129057,227135
aihub_multi_angle_cctv:Validation:ab_e0669,22043.0,22076.666666666668,비정상적인 경로로의 침범,Validation,c2,c1,22076.666666666668,22043.0,1.0015273178182038,symmetric,temporal_relation,230,426,경계선을 통한 침입,0,경계선을 통한 침입,0,경계선을 통한 침입,0,경계선을 통한 침입,0,0,전동킥보드 인도 주행,0,전동킥보드 인도 주행,0,전동킥보드 인도 주행,0,전동킥보드 인도 주행,0,특정 구역 내 지속 배회,1,비정상적인 경로로의 침범,1,비정상적인 경로로의 침범,1,비정상적인 경로로의 침범,1,비정상적인 경로로의 침범,1,비정상적인 경로로의 침범,0,오토바이 인도 주행,0,오토바이 인도 주행,0,전동킥보드 앞뒤 2인 탑승,0,전동킥보드 앞뒤 2인 탑승,0,오토바이 인도 주행,0,전동킥보드 앞뒤 2인 탑승,4326,8618,131687,230229
aihub_multi_angle_cctv:Training:ph_e2033,44333.0,42381.0,신체적 충돌을 동반한 싸움,Training,c1,c2,44333.0,42381.0,1.0460583752153088,symmetric,temporal_relation,274,542,특정 인물을 뒤따라가며 배회,0,특정 인물을 뒤따라가며 배회,0,특정 인물을 뒤따라가며 배회,0,특정 인물을 뒤따라가며 배회,0,0,전동킥보드 앞뒤 2인 탑승,0,전동킥보드 인도 주행,0,전동킥보드 인도 주행,0,전동킥보드 앞뒤 2인 탑승,0,비정상적인 경로로의 침범,0,비정상적인 경로로의 침범,0,비정상적인 경로로의 침범,1,신체적 충돌을 동반한 싸움,0,비정상적인 경로로의 침범,0,비정상적인 경로로의 침범,0,오토바이 인도 주행,0,비정상적인 경로로의 침범,1,신체적 충돌을 동반한 싸움,1,신체적 충돌을 동반한 싸움,0,오토바이 인도 주행,1,신체적 충돌을 동반한 싸움,4370,8734,181179,348488
aihub_multi_angle_cctv:Training:ms_e3469,34463.0,33064.666666666664,오토바이 인도 주행,Training,c1,c2,34463.0,33064.666666666664,1.0422908643667965,symmetric,path_mode,294,642,이륜 이동수단 운전자 1인 헬멧 미착용,0,오토바이 인도 주행,1,오토바이 인도 주행,1,오토바이 인도 주행,1,1,오토바이 인도 주행,1,오토바이 인도 주행,0,전동킥보드 인도 주행,1,오토바이 인도 주행,1,오토바이 인도 주행,1,오토바이 인도 주행,0,비정상적인 경로로의 침범,1,오토바이 인도 주행,1,오토바이 인도 주행,0,비정상적인 경로로의 침범,1,오토바이 인도 주행,0,비정상적인 경로로의 침범,1,오토바이 인도 주행,1,오토바이 인도 주행,1,오토바이 인도 주행,1,오토바이 인도 주행,4390,8834,162709,292765
aihub_multi_angle_cctv:Validation:ms_e3581,48041.333333333336,43375.0,오토바이 인도 주행,Validation,c1,c2,48041.333333333336,43375.0,1.1075811719500481,symmetric,path_mode,290,555,오토바이 인도 주행,1,오토바이 인도 주행,1,오토바이 인도 주행,1,오토바이 인도 주행,1,0,전동킥보드 인도 주행,0,전동킥보드 인도 주행,0,전동킥보드 인도 주행,1,오토바이 인도 주행,0,이륜 이동수단 운전자 1인 헬멧 미착용,0,경계선을 통한 침입,0,비정상적인 경로로의 침범,1,오토바이 인도 주행,1,오토바이 인도 주행,1,오토바이 인도 주행,1,오토바이 인도 주행,1,오토바이 인도 주행,1,오토바이 인도 주행,1,오토바이 인도 주행,1,오토바이 인도 주행,0,전동킥보드 인도 주행,4386,8747,151666,297964
aihub_multi_angle_cctv:Training:md_e2104,28733.333333333332,29678.333333333332,이륜 이동수단 운전자 1인 헬멧 미착용,Training,c2,c1,29678.333333333332,28733.333333333332,1.0328886310904872,symmetric,attribute_count,413,823,이륜 이동수단 운전자 1인 헬멧 미착용,1,이륜 이동수단 운전자 1인 헬멧 미착용,1,이륜 이동수단 운전자 1인 헬멧 미착용,1,이륜 이동수단 운전자 1인 헬멧 미착용,1,0,오토바이 인도 주행,0,오토바이 인도 주행,0,전동킥보드 인도 주행,0,오토바이 인도 주행,0,오토바이 인도 주행,0,오토바이 인도 주행,0,비정상적인 경로로의 침범,0,오토바이 인도 주행,0,오토바이 인도 주행,0,비정상적인 경로로의 침범,0,오토바이 인도 주행,0,오토바이 인도 주행,0,오토바이 인도 주행,0,오토바이 인도 주행,0,오토바이 인도 주행,0,오토바이 인도 주행,4509,9015,133834,328402
aihub_multi_angle_cctv:Validation:md_e2666,39054.666666666664,42827.0,이륜 이동수단 운전자 1인 헬멧 미착용,Validation,c2,c1,42827.0,39054.666666666664,1.0965911030692022,symmetric,attribute_count,309,623,오토바이 인도 주행,0,이륜 이동수단 탑승자 일부 또는 전체 헬멧 미착용,0,이륜 이동수단 운전자 1인 헬멧 미착용,1,이륜 이동수단 탑승자 일부 또는 전체 헬멧 미착용,0,0,전동킥보드 인도 주행,0,전동킥보드 인도 주행,0,전동킥보드 인도 주행,0,전동킥보드 인도 주행,0,전동킥보드 앞뒤 2인 탑승,0,전동킥보드 인도 주행,0,비정상적인 경로로의 침범,0,전동킥보드 인도 주행,0,오토바이 인도 주행,0,비정상적인 경로로의 침범,0,오토바이 인도 주행,0,오토바이 인도 주행,0,전동킥보드 앞뒤 2인 탑승,0,전동킥보드 인도 주행,0,오토바이 인도 주행,0,전동킥보드 인도 주행,4405,8815,162817,294437
aihub_multi_angle_cctv:Training:mp_e2830,54081.333333333336,55847.666666666664,이륜 이동수단 탑승자 일부 또는 전체 헬멧 미착용,Training,c2,c1,55847.666666666664,54081.333333333336,1.0326606839081875,symmetric,attribute_count,387,811,이륜 이동수단 탑승자 일부 또는 전체 헬멧 미착용,1,이륜 이동수단 탑승자 일부 또는 전체 헬멧 미착용,1,이륜 이동수단 탑승자 일부 또는 전체 헬멧 미착용,1,이륜 이동수단 탑승자 일부 또는 전체 헬멧 미착용,1,0,오토바이 인도 주행,0,오토바이 인도 주행,0,전동킥보드 인도 주행,0,오토바이 인도 주행,0,오토바이 인도 주행,0,오토바이 인도 주행,0,비정상적인 경로로의 침범,0,비정상적인 경로로의 침범,0,오토바이 인도 주행,0,오토바이 인도 주행,0,오토바이 인도 주행,0,비정상적인 경로로의 침범,0,전동킥보드 앞뒤 2인 탑승,0,전동킥보드 앞뒤 2인 탑승,0,오토바이 인도 주행,0,전동킥보드 앞뒤 2인 탑승,4483,9003,168259,337911
aihub_multi_angle_cctv:Validation:mp_e3103,67543.0,65640.0,이륜 이동수단 탑승자 일부 또는 전체 헬멧 미착용,Validation,c1,c2,67543.0,65640.0,1.0289914686166972,symmetric,attribute_count,437,900,이륜 이동수단 운전자 1인 헬멧 미착용,0,이륜 이동수단 운전자 1인 헬멧 미착용,0,이륜 이동수단 운전자 1인 헬멧 미착용,0,이륜 이동수단 운전자 1인 헬멧 미착용,0,0,오토바이 인도 주행,0,오토바이 인도 주행,0,전동킥보드 인도 주행,0,전동킥보드 인도 주행,0,오토바이 인도 주행,0,오토바이 인도 주행,0,비정상적인 경로로의 침범,0,비정상적인 경로로의 침범,0,오토바이 인도 주행,0,비정상적인 경로로의 침범,0,오토바이 인도 주행,0,비정상적인 경로로의 침범,0,전동킥보드 앞뒤 2인 탑승,0,오토바이 인도 주행,0,오토바이 인도 주행,0,전동킥보드 인도 주행,4533,9092,166681,346156
aihub_multi_angle_cctv:Training:bs_e4504,22624.333333333332,25926.0,자전거 인도 주행,Training,c2,c1,25926.0,22624.333333333332,1.1459343185066226,symmetric,path_mode,315,644,자전거 인도 주행,1,자전거 인도 주행,1,자전거 인도 주행,1,자전거 인도 주행,1,0,전동킥보드 인도 주행,0,전동킥보드 인도 주행,0,전동킥보드 인도 주행,0,전동킥보드 인도 주행,0,비정상적인 경로로의 침범,0,비정상적인 경로로의 침범,0,비정상적인 경로로의 침범,0,비정상적인 경로로의 침범,0,오토바이 인도 주행,0,비정상적인 경로로의 침범,0,오토바이 인도 주행,0,오토바이 인도 주행,0,전동킥보드 앞뒤 2인 탑승,0,전동킥보드 앞뒤 2인 탑승,0,오토바이 인도 주행,0,전동킥보드 인도 주행,4411,8836,159438,328216
aihub_multi_angle_cctv:Validation:bs_e4614,22710.0,24187.0,자전거 인도 주행,Validation,c2,c1,24187.0,22710.0,1.0650374284456188,symmetric,path_mode,301,516,전동킥보드 앞뒤 2인 탑승,0,자전거 인도 주행,1,자전거 인도 주행,1,자전거 인도 주행,1,0,전동킥보드 인도 주행,0,오토바이 인도 주행,0,전동킥보드 인도 주행,0,오토바이 인도 주행,1,자전거 인도 주행,0,오토바이 인도 주행,0,비정상적인 경로로의 침범,0,오토바이 인도 주행,0,오토바이 인도 주행,0,오토바이 인도 주행,0,오토바이 인도 주행,0,비정상적인 경로로의 침범,0,오토바이 인도 주행,0,오토바이 인도 주행,0,오토바이 인도 주행,0,오토바이 인도 주행,4397,8708,136054,285812
aihub_multi_angle_cctv:Training:st_e5010,35204.333333333336,34666.666666666664,전동킥보드 앞뒤 2인 탑승,Training,c1,c2,35204.333333333336,34666.666666666664,1.0155096153846155,symmetric,attribute_count,344,711,전동킥보드 앞뒤 2인 탑승,1,전동킥보드 앞뒤 2인 탑승,1,전동킥보드 앞뒤 2인 탑승,1,전동킥보드 앞뒤 2인 탑승,1,0,전동킥보드 인도 주행,0,오토바이 인도 주행,0,전동킥보드 인도 주행,0,오토바이 인도 주행,0,비정상적인 경로로의 침범,0,비정상적인 경로로의 침범,0,비정상적인 경로로의 침범,0,비정상적인 경로로의 침범,0,오토바이 인도 주행,0,비정상적인 경로로의 침범,0,오토바이 인도 주행,0,비정상적인 경로로의 침범,0,전동킥보드 인도 주행,0,전동킥보드 인도 주행,0,오토바이 인도 주행,0,전동킥보드 인도 주행,4440,8903,145812,322056
aihub_multi_angle_cctv:Validation:st_e4969,37826.666666666664,38457.0,전동킥보드 앞뒤 2인 탑승,Validation,c2,c1,38457.0,37826.666666666664,1.0166637292915053,symmetric,attribute_count,479,1007,전동킥보드 앞뒤 2인 탑승,1,전동킥보드 앞뒤 2인 탑승,1,전동킥보드 앞뒤 2인 탑승,1,전동킥보드 앞뒤 2인 탑승,1,0,전동킥보드 인도 주행,0,전동킥보드 인도 주행,0,전동킥보드 인도 주행,0,전동킥보드 인도 주행,0,전동킥보드 인도 주행,0,비정상적인 경로로의 침범,0,비정상적인 경로로의 침범,0,비정상적인 경로로의 침범,0,오토바이 인도 주행,0,오토바이 인도 주행,0,오토바이 인도 주행,0,<INVALID>,1,전동킥보드 앞뒤 2인 탑승,0,전동킥보드 인도 주행,0,오토바이 인도 주행,0,전동킥보드 인도 주행,4575,9199,166466,338935
aihub_multi_angle_cctv:Training:es_e4029,39821.666666666664,37644.0,전동킥보드 인도 주행,Training,c1,c2,39821.666666666664,37644.0,1.057848971062232,symmetric,path_mode,311,682,전동킥보드 앞뒤 2인 탑승,0,전동킥보드 인도 주행,1,전동킥보드 앞뒤 2인 탑승,0,전동킥보드 인도 주행,1,1,전동킥보드 인도 주행,1,전동킥보드 인도 주행,1,전동킥보드 인도 주행,1,전동킥보드 인도 주행,0,비정상적인 경로로의 침범,0,비정상적인 경로로의 침범,0,비정상적인 경로로의 침범,0,비정상적인 경로로의 침범,0,비정상적인 경로로의 침범,0,오토바이 인도 주행,0,오토바이 인도 주행,0,오토바이 인도 주행,1,전동킥보드 인도 주행,1,전동킥보드 인도 주행,0,오토바이 인도 주행,1,전동킥보드 인도 주행,4407,8874,154999,246584
aihub_multi_angle_cctv:Training:lo_e1222,16202.333333333334,19000.0,특정 구역 내 지속 배회,Training,c2,c1,19000.0,16202.333333333334,1.172670602999568,symmetric,temporal_relation,298,576,특정 인물을 뒤따라가며 배회,0,특정 인물을 뒤따라가며 배회,0,특정 인물을 뒤따라가며 배회,0,특정 인물을 뒤따라가며 배회,0,0,전동킥보드 인도 주행,0,전동킥보드 인도 주행,0,전동킥보드 인도 주행,0,전동킥보드 인도 주행,0,비정상적인 경로로의 침범,1,특정 구역 내 지속 배회,0,비정상적인 경로로의 침범,1,특정 구역 내 지속 배회,0,비정상적인 경로로의 침범,0,비정상적인 경로로의 침범,0,오토바이 인도 주행,0,비정상적인 경로로의 침범,0,전동킥보드 앞뒤 2인 탑승,0,전동킥보드 앞뒤 2인 탑승,0,오토바이 인도 주행,0,신체적 충돌을 동반한 싸움,4394,8768,163284,318795
aihub_multi_angle_cctv:Training:fp_e1407,65468.666666666664,68141.33333333333,특정 인물을 뒤따라가며 배회,Training,c2,c1,68141.33333333333,65468.666666666664,1.0408236000936835,symmetric,temporal_relation,246,470,특정 인물을 뒤따라가며 배회,1,특정 인물을 뒤따라가며 배회,1,특정 인물을 뒤따라가며 배회,1,특정 인물을 뒤따라가며 배회,1,0,전동킥보드 인도 주행,0,전동킥보드 인도 주행,0,전동킥보드 인도 주행,0,전동킥보드 인도 주행,0,비정상적인 경로로의 침범,0,비정상적인 경로로의 침범,0,비정상적인 경로로의 침범,0,비정상적인 경로로의 침범,0,이륜 이동수단 운전자 1인 헬멧 미착용,0,비정상적인 경로로의 침범,0,오토바이 인도 주행,0,오토바이 인도 주행,0,전동킥보드 앞뒤 2인 탑승,0,전동킥보드 앞뒤 2인 탑승,0,오토바이 인도 주행,0,신체적 충돌을 동반한 싸움,4342,8662,125184,295323
aihub_multi_angle_cctv:Validation:fp_e1560,88242.0,82481.66666666667,특정 인물을 뒤따라가며 배회,Validation,c1,c2,88242.0,82481.66666666667,1.0698377417203822,symmetric,temporal_relation,327,613,특정 인물을 뒤따라가며 배회,1,특정 인물을 뒤따라가며 배회,1,특정 인물을 뒤따라가며 배회,1,특정 인물을 뒤따라가며 배회,1,0,전동킥보드 인도 주행,0,전동킥보드 인도 주행,0,전동킥보드 인도 주행,0,전동킥보드 인도 주행,1,특정 인물을 뒤따라가며 배회,1,특정 인물을 뒤따라가며 배회,0,비정상적인 경로로의 침범,0,비정상적인 경로로의 침범,0,비정상적인 경로로의 침범,0,비정상적인 경로로의 침범,0,오토바이 인도 주행,0,이륜 이동수단 운전자 1인 헬멧 미착용,0,전동킥보드 앞뒤 2인 탑승,0,전동킥보드 앞뒤 2인 탑승,0,오토바이 인도 주행,0,전동킥보드 앞뒤 2인 탑승,4423,8805,132538,303646
aihub_multi_angle_cctv:Training:ab_e0681,28175.0,28851.333333333332,비정상적인 경로로의 침범,Training,c2,c1,28851.333333333332,28175.0,1.0240047323277137,symmetric,temporal_relation,239,465,특정 인물을 뒤따라가며 배회,0,특정 인물을 뒤따라가며 배회,0,특정 인물을 뒤따라가며 배회,0,특정 인물을 뒤따라가며 배회,0,0,전동킥보드 인도 주행,0,전동킥보드 인도 주행,0,전동킥보드 인도 주행,0,전동킥보드 인도 주행,0,특정 구역 내 지속 배회,1,비정상적인 경로로의 침범,1,비정상적인 경로로의 침범,1,비정상적인 경로로의 침범,0,이륜 이동수단 운전자 1인 헬멧 미착용,1,비정상적인 경로로의 침범,0,오토바이 인도 주행,0,오토바이 인도 주행,0,전동킥보드 앞뒤 2인 탑승,0,전동킥보드 앞뒤 2인 탑승,0,오토바이 인도 주행,0,전동킥보드 앞뒤 2인 탑승,4335,8657,110403,206142
aihub_multi_angle_cctv:Validation:ab_e0699,21747.666666666668,23914.0,비정상적인 경로로의 침범,Validation,c2,c1,23914.0,21747.666666666668,1.0996122189353648,symmetric,temporal_relation,311,653,경계선을 통한 침입,0,경계선을 통한 침입,0,경계선을 통한 침입,0,경계선을 통한 침입,0,0,전동킥보드 인도 주행,0,전동킥보드 인도 주행,0,전동킥보드 인도 주행,0,전동킥보드 앞뒤 2인 탑승,1,비정상적인 경로로의 침범,1,비정상적인 경로로의 침범,1,비정상적인 경로로의 침범,1,비정상적인 경로로의 침범,1,비정상적인 경로로의 침범,1,비정상적인 경로로의 침범,0,오토바이 인도 주행,0,오토바이 인도 주행,0,전동킥보드 앞뒤 2인 탑승,0,전동킥보드 앞뒤 2인 탑승,0,오토바이 인도 주행,0,전동킥보드 앞뒤 2인 탑승,4407,8845,114500,211775
aihub_multi_angle_cctv:Training:ph_e2073,103726.66666666667,111590.33333333333,신체적 충돌을 동반한 싸움,Training,c2,c1,111590.33333333333,103726.66666666667,1.0758114274696315,symmetric,temporal_relation,273,529,신체적 충돌을 동반한 싸움,1,신체적 충돌을 동반한 싸움,1,신체적 충돌을 동반한 싸움,1,신체적 충돌을 동반한 싸움,1,0,전동킥보드 앞뒤 2인 탑승,0,전동킥보드 인도 주행,0,전동킥보드 인도 주행,0,전동킥보드 인도 주행,0,비정상적인 경로로의 침범,0,비정상적인 경로로의 침범,0,비정상적인 경로로의 침범,0,비정상적인 경로로의 침범,0,비정상적인 경로로의 침범,0,비정상적인 경로로의 침범,0,오토바이 인도 주행,0,비정상적인 경로로의 침범,1,신체적 충돌을 동반한 싸움,1,신체적 충돌을 동반한 싸움,0,오토바이 인도 주행,1,신체적 충돌을 동반한 싸움,4369,8721,156758,342737
aihub_multi_angle_cctv:Training:ms_e3389,24143.0,23795.0,오토바이 인도 주행,Training,c1,c2,24143.0,23795.0,1.0146249212019331,symmetric,path_mode,329,682,오토바이 인도 주행,1,오토바이 인도 주행,1,오토바이 인도 주행,1,오토바이 인도 주행,1,1,오토바이 인도 주행,1,오토바이 인도 주행,0,전동킥보드 인도 주행,1,오토바이 인도 주행,1,오토바이 인도 주행,1,오토바이 인도 주행,0,비정상적인 경로로의 침범,1,오토바이 인도 주행,1,오토바이 인도 주행,1,오토바이 인도 주행,1,오토바이 인도 주행,1,오토바이 인도 주행,0,전동킥보드 인도 주행,0,전동킥보드 인도 주행,1,오토바이 인도 주행,1,오토바이 인도 주행,4425,8874,168493,342919
aihub_multi_angle_cctv:Validation:ms_e3640,50412.333333333336,54609.333333333336,오토바이 인도 주행,Validation,c2,c1,54609.333333333336,50412.333333333336,1.0832534366590185,symmetric,path_mode,346,675,오토바이 인도 주행,1,오토바이 인도 주행,1,오토바이 인도 주행,1,오토바이 인도 주행,1,0,전동킥보드 앞뒤 2인 탑승,0,전동킥보드 인도 주행,0,전동킥보드 인도 주행,0,전동킥보드 인도 주행,1,오토바이 인도 주행,1,오토바이 인도 주행,0,비정상적인 경로로의 침범,1,오토바이 인도 주행,1,오토바이 인도 주행,1,오토바이 인도 주행,1,오토바이 인도 주행,1,오토바이 인도 주행,0,전동킥보드 인도 주행,1,오토바이 인도 주행,1,오토바이 인도 주행,1,오토바이 인도 주행,4442,8867,157292,286721
aihub_multi_angle_cctv:Training:md_e2622,38133.333333333336,43359.0,이륜 이동수단 운전자 1인 헬멧 미착용,Training,c2,c1,43359.0,38133.333333333336,1.1370367132867132,symmetric,attribute_count,362,736,이륜 이동수단 운전자 1인 헬멧 미착용,1,이륜 이동수단 탑승자 일부 또는 전체 헬멧 미착용,0,이륜 이동수단 운전자 1인 헬멧 미착용,1,이륜 이동수단 운전자 1인 헬멧 미착용,1,0,전동킥보드 인도 주행,0,오토바이 인도 주행,0,전동킥보드 인도 주행,0,오토바이 인도 주행,0,비정상적인 경로로의 침범,0,오토바이 인도 주행,0,비정상적인 경로로의 침범,0,오토바이 인도 주행,0,비정상적인 경로로의 침범,0,비정상적인 경로로의 침범,0,오토바이 인도 주행,0,오토바이 인도 주행,0,오토바이 인도 주행,0,오토바이 인도 주행,0,오토바이 인도 주행,0,오토바이 인도 주행,4458,8928,111135,251950
aihub_multi_angle_cctv:Validation:md_e2157,37657.0,43896.333333333336,이륜 이동수단 운전자 1인 헬멧 미착용,Validation,c2,c1,43896.333333333336,37657.0,1.1656885395366954,symmetric,attribute_count,331,656,이륜 이동수단 탑승자 일부 또는 전체 헬멧 미착용,0,이륜 이동수단 운전자 1인 헬멧 미착용,1,이륜 이동수단 운전자 1인 헬멧 미착용,1,이륜 이동수단 탑승자 일부 또는 전체 헬멧 미착용,0,0,오토바이 인도 주행,0,오토바이 인도 주행,0,전동킥보드 인도 주행,0,오토바이 인도 주행,0,오토바이 인도 주행,0,오토바이 인도 주행,0,비정상적인 경로로의 침범,0,비정상적인 경로로의 침범,0,오토바이 인도 주행,0,오토바이 인도 주행,0,오토바이 인도 주행,0,오토바이 인도 주행,0,오토바이 인도 주행,0,오토바이 인도 주행,0,오토바이 인도 주행,0,오토바이 인도 주행,4427,8848,113292,286149
aihub_multi_angle_cctv:Training:mp_e2909,27656.0,24909.0,이륜 이동수단 탑승자 일부 또는 전체 헬멧 미착용,Training,c1,c2,27656.0,24909.0,1.1102814243847605,symmetric,attribute_count,378,839,이륜 이동수단 운전자 1인 헬멧 미착용,0,이륜 이동수단 운전자 1인 헬멧 미착용,0,이륜 이동수단 운전자 1인 헬멧 미착용,0,이륜 이동수단 운전자 1인 헬멧 미착용,0,0,오토바이 인도 주행,0,오토바이 인도 주행,0,전동킥보드 인도 주행,0,오토바이 인도 주행,0,오토바이 인도 주행,0,오토바이 인도 주행,0,비정상적인 경로로의 침범,0,오토바이 인도 주행,0,오토바이 인도 주행,0,오토바이 인도 주행,0,오토바이 인도 주행,0,오토바이 인도 주행,0,오토바이 인도 주행,0,전동킥보드 앞뒤 2인 탑승,0,오토바이 인도 주행,0,전동킥보드 앞뒤 2인 탑승,4474,9031,96119,219613
aihub_multi_angle_cctv:Validation:mp_e3056,72540.33333333333,78820.66666666667,이륜 이동수단 탑승자 일부 또는 전체 헬멧 미착용,Validation,c2,c1,78820.66666666667,72540.33333333333,1.086577122612248,symmetric,attribute_count,378,733,이륜 이동수단 탑승자 일부 또는 전체 헬멧 미착용,1,이륜 이동수단 탑승자 일부 또는 전체 헬멧 미착용,1,이륜 이동수단 탑승자 일부 또는 전체 헬멧 미착용,1,이륜 이동수단 탑승자 일부 또는 전체 헬멧 미착용,1,0,전동킥보드 인도 주행,0,오토바이 인도 주행,0,전동킥보드 인도 주행,0,오토바이 인도 주행,0,비정상적인 경로로의 침범,0,비정상적인 경로로의 침범,0,비정상적인 경로로의 침범,0,오토바이 인도 주행,0,<INVALID>,0,비정상적인 경로로의 침범,0,오토바이 인도 주행,0,오토바이 인도 주행,0,전동킥보드 앞뒤 2인 탑승,0,전동킥보드 앞뒤 2인 탑승,0,오토바이 인도 주행,0,전동킥보드 앞뒤 2인 탑승,4474,8925,143756,261583
aihub_multi_angle_cctv:Training:bs_e4383,47608.0,45652.0,자전거 인도 주행,Training,c1,c2,47608.0,45652.0,1.0428458775081049,symmetric,path_mode,322,652,자전거 인도 주행,1,자전거 인도 주행,1,자전거 인도 주행,1,자전거 인도 주행,1,0,전동킥보드 인도 주행,0,전동킥보드 인도 주행,0,전동킥보드 인도 주행,0,전동킥보드 인도 주행,0,비정상적인 경로로의 침범,0,비정상적인 경로로의 침범,0,비정상적인 경로로의 침범,0,비정상적인 경로로의 침범,0,비정상적인 경로로의 침범,0,비정상적인 경로로의 침범,0,오토바이 인도 주행,0,비정상적인 경로로의 침범,0,<INVALID>,0,오토바이 인도 주행,0,오토바이 인도 주행,0,오토바이 인도 주행,4418,8844,147041,308280
aihub_multi_angle_cctv:Validation:bs_e4377,34839.0,36380.666666666664,자전거 인도 주행,Validation,c2,c1,36380.666666666664,34839.0,1.0442511744500893,symmetric,path_mode,338,708,자전거 인도 주행,1,자전거 인도 주행,1,자전거 인도 주행,1,자전거 인도 주행,1,0,전동킥보드 인도 주행,0,전동킥보드 인도 주행,0,전동킥보드 인도 주행,0,전동킥보드 인도 주행,0,비정상적인 경로로의 침범,0,비정상적인 경로로의 침범,0,비정상적인 경로로의 침범,0,비정상적인 경로로의 침범,0,<INVALID>,0,비정상적인 경로로의 침범,0,오토바이 인도 주행,0,비정상적인 경로로의 침범,0,오토바이 인도 주행,0,오토바이 인도 주행,0,오토바이 인도 주행,0,오토바이 인도 주행,4434,8900,160944,309282
aihub_multi_angle_cctv:Training:st_e4783,52781.0,48813.0,전동킥보드 앞뒤 2인 탑승,Training,c1,c2,52781.0,48813.0,1.081289820334747,symmetric,attribute_count,443,931,전동킥보드 앞뒤 2인 탑승,1,전동킥보드 앞뒤 2인 탑승,1,전동킥보드 앞뒤 2인 탑승,1,전동킥보드 앞뒤 2인 탑승,1,0,전동킥보드 인도 주행,0,전동킥보드 인도 주행,0,전동킥보드 인도 주행,0,전동킥보드 인도 주행,0,전동킥보드 인도 주행,0,전동킥보드 인도 주행,0,비정상적인 경로로의 침범,0,이륜 이동수단 탑승자 일부 또는 전체 헬멧 미착용,0,오토바이 인도 주행,0,오토바이 인도 주행,0,오토바이 인도 주행,0,오토바이 인도 주행,0,전동킥보드 인도 주행,0,전동킥보드 인도 주행,0,오토바이 인도 주행,0,전동킥보드 인도 주행,4539,9123,167789,335387
aihub_multi_angle_cctv:Validation:st_e4816,29263.0,24564.666666666668,전동킥보드 앞뒤 2인 탑승,Validation,c1,c2,29263.0,24564.666666666668,1.191263874942329,symmetric,attribute_count,351,658,전동킥보드 앞뒤 2인 탑승,1,전동킥보드 앞뒤 2인 탑승,1,전동킥보드 앞뒤 2인 탑승,1,전동킥보드 앞뒤 2인 탑승,1,0,전동킥보드 인도 주행,0,전동킥보드 인도 주행,0,전동킥보드 인도 주행,0,전동킥보드 인도 주행,0,특정 인물을 뒤따라가며 배회,0,특정 인물을 뒤따라가며 배회,0,비정상적인 경로로의 침범,0,비정상적인 경로로의 침범,0,<INVALID>,0,비정상적인 경로로의 침범,0,오토바이 인도 주행,0,비정상적인 경로로의 침범,0,전동킥보드 인도 주행,0,전동킥보드 인도 주행,0,오토바이 인도 주행,0,전동킥보드 인도 주행,4447,8850,178807,348016
aihub_multi_angle_cctv:Training:es_e4080,36963.0,33648.333333333336,전동킥보드 인도 주행,Training,c1,c2,36963.0,33648.333333333336,1.0985090891079299,symmetric,path_mode,268,529,전동킥보드 인도 주행,1,전동킥보드 인도 주행,1,전동킥보드 인도 주행,1,전동킥보드 인도 주행,1,1,전동킥보드 인도 주행,1,전동킥보드 인도 주행,1,전동킥보드 인도 주행,1,전동킥보드 인도 주행,1,전동킥보드 인도 주행,0,비정상적인 경로로의 침범,0,비정상적인 경로로의 침범,0,비정상적인 경로로의 침범,0,오토바이 인도 주행,0,오토바이 인도 주행,0,오토바이 인도 주행,0,오토바이 인도 주행,1,전동킥보드 인도 주행,1,전동킥보드 인도 주행,0,오토바이 인도 주행,0,전동킥보드 앞뒤 2인 탑승,4364,8721,168544,322600
aihub_multi_angle_cctv:Training:lo_e1158,26462.333333333332,26678.666666666668,특정 구역 내 지속 배회,Training,c2,c1,26678.666666666668,26462.333333333332,1.0081751420257725,symmetric,temporal_relation,294,552,특정 인물을 뒤따라가며 배회,0,특정 인물을 뒤따라가며 배회,0,특정 인물을 뒤따라가며 배회,0,특정 인물을 뒤따라가며 배회,0,0,전동킥보드 인도 주행,0,전동킥보드 인도 주행,0,전동킥보드 인도 주행,0,전동킥보드 인도 주행,0,특정 인물을 뒤따라가며 배회,1,특정 구역 내 지속 배회,0,비정상적인 경로로의 침범,0,비정상적인 경로로의 침범,0,<INVALID>,0,비정상적인 경로로의 침범,0,오토바이 인도 주행,0,비정상적인 경로로의 침범,0,신체적 충돌을 동반한 싸움,0,신체적 충돌을 동반한 싸움,0,오토바이 인도 주행,0,신체적 충돌을 동반한 싸움,4390,8744,162343,330964
aihub_multi_angle_cctv:Training:fp_e1459,50458.0,48200.0,특정 인물을 뒤따라가며 배회,Training,c1,c2,50458.0,48200.0,1.0468464730290457,symmetric,temporal_relation,298,575,특정 인물을 뒤따라가며 배회,1,특정 인물을 뒤따라가며 배회,1,특정 인물을 뒤따라가며 배회,1,특정 인물을 뒤따라가며 배회,1,0,전동킥보드 인도 주행,0,전동킥보드 인도 주행,0,전동킥보드 인도 주행,0,전동킥보드 인도 주행,0,비정상적인 경로로의 침범,0,비정상적인 경로로의 침범,0,비정상적인 경로로의 침범,0,비정상적인 경로로의 침범,0,오토바이 인도 주행,0,오토바이 인도 주행,0,오토바이 인도 주행,0,이륜 이동수단 운전자 1인 헬멧 미착용,0,전동킥보드 앞뒤 2인 탑승,0,전동킥보드 앞뒤 2인 탑승,0,오토바이 인도 주행,0,전동킥보드 앞뒤 2인 탑승,4394,8767,164811,290932
aihub_multi_angle_cctv:Validation:fp_e1384,47300.0,53362.0,특정 인물을 뒤따라가며 배회,Validation,c2,c1,53362.0,47300.0,1.1281606765327696,symmetric,temporal_relation,305,591,특정 인물을 뒤따라가며 배회,1,자전거 인도 주행,0,특정 인물을 뒤따라가며 배회,1,자전거 인도 주행,0,0,신체적 충돌을 동반한 싸움,0,신체적 충돌을 동반한 싸움,0,전동킥보드 인도 주행,0,신체적 충돌을 동반한 싸움,0,특정 구역 내 지속 배회,0,특정 구역 내 지속 배회,0,비정상적인 경로로의 침범,0,비정상적인 경로로의 침범,0,비정상적인 경로로의 침범,0,비정상적인 경로로의 침범,0,오토바이 인도 주행,0,비정상적인 경로로의 침범,0,신체적 충돌을 동반한 싸움,0,전동킥보드 앞뒤 2인 탑승,0,오토바이 인도 주행,0,신체적 충돌을 동반한 싸움,4401,8783,174673,318421
aihub_multi_angle_cctv:Training:ab_e0682,23076.666666666668,24458.0,비정상적인 경로로의 침범,Training,c2,c1,24458.0,23076.666666666668,1.0598584428715874,symmetric,temporal_relation,230,472,전동킥보드 앞뒤 2인 탑승,0,경계선을 통한 침입,0,특정 인물을 뒤따라가며 배회,0,경계선을 통한 침입,0,0,전동킥보드 인도 주행,0,전동킥보드 인도 주행,0,전동킥보드 인도 주행,0,전동킥보드 인도 주행,1,비정상적인 경로로의 침범,1,비정상적인 경로로의 침범,1,비정상적인 경로로의 침범,1,비정상적인 경로로의 침범,0,이륜 이동수단 운전자 1인 헬멧 미착용,1,비정상적인 경로로의 침범,0,오토바이 인도 주행,0,오토바이 인도 주행,0,전동킥보드 앞뒤 2인 탑승,0,전동킥보드 앞뒤 2인 탑승,0,오토바이 인도 주행,0,전동킥보드 앞뒤 2인 탑승,4326,8664,109698,205611
aihub_multi_angle_cctv:Training:ph_e2072,125052.0,129907.33333333333,신체적 충돌을 동반한 싸움,Training,c2,c1,129907.33333333333,125052.0,1.0388265148364946,symmetric,temporal_relation,245,509,신체적 충돌을 동반한 싸움,1,신체적 충돌을 동반한 싸움,1,신체적 충돌을 동반한 싸움,1,신체적 충돌을 동반한 싸움,1,0,전동킥보드 인도 주행,0,전동킥보드 인도 주행,0,전동킥보드 인도 주행,0,전동킥보드 앞뒤 2인 탑승,0,비정상적인 경로로의 침범,0,비정상적인 경로로의 침범,0,비정상적인 경로로의 침범,0,비정상적인 경로로의 침범,0,비정상적인 경로로의 침범,0,비정상적인 경로로의 침범,0,오토바이 인도 주행,0,오토바이 인도 주행,0,<INVALID>,1,신체적 충돌을 동반한 싸움,0,오토바이 인도 주행,1,신체적 충돌을 동반한 싸움,4341,8701,159857,359208
aihub_multi_angle_cctv:Training:ms_e3434,7437.333333333333,7981.666666666667,오토바이 인도 주행,Training,c2,c1,7981.666666666667,7437.333333333333,1.0731893151667264,symmetric,path_mode,285,552,오토바이 인도 주행,1,오토바이 인도 주행,1,오토바이 인도 주행,1,오토바이 인도 주행,1,0,전동킥보드 인도 주행,1,오토바이 인도 주행,0,전동킥보드 인도 주행,1,오토바이 인도 주행,1,오토바이 인도 주행,1,오토바이 인도 주행,0,비정상적인 경로로의 침범,1,오토바이 인도 주행,0,비정상적인 경로로의 침범,0,비정상적인 경로로의 침범,1,오토바이 인도 주행,0,비정상적인 경로로의 침범,0,전동킥보드 인도 주행,1,오토바이 인도 주행,1,오토바이 인도 주행,1,오토바이 인도 주행,4381,8744,179363,348566
