dataset,clip_id,arm,bytes
VRU,vru_accident:CAP_DATA:VRU_1,raw_video,2033171
VRU,vru_accident:CAP_DATA:VRU_1,caption_stack,4782
VRU,vru_accident:CAP_DATA:VRU_1,center_frame_stack,25330
VRU,vru_accident:CAP_DATA:VRU_1,visual_4frame_stack,103238
VRU,vru_accident:CAP_DATA:VRU_1,fusion_stack,108020
VRU,vru_accident:CAP_DATA:VRU_10,raw_video,8058116
VRU,vru_accident:CAP_DATA:VRU_10,caption_stack,5406
VRU,vru_accident:CAP_DATA:VRU_10,center_frame_stack,35771
VRU,vru_accident:CAP_DATA:VRU_10,visual_4frame_stack,147591
VRU,vru_accident:CAP_DATA:VRU_10,fusion_stack,152997
VRU,vru_accident:CAP_DATA:VRU_100,raw_video,1872721
VRU,vru_accident:CAP_DATA:VRU_100,caption_stack,5058
VRU,vru_accident:CAP_DATA:VRU_100,center_frame_stack,38760
VRU,vru_accident:CAP_DATA:VRU_100,visual_4frame_stack,140227
VRU,vru_accident:CAP_DATA:VRU_100,fusion_stack,145285
VRU,vru_accident:CAP_DATA:VRU_101,raw_video,796905
VRU,vru_accident:CAP_DATA:VRU_101,caption_stack,5320
VRU,vru_accident:CAP_DATA:VRU_101,center_frame_stack,30373
VRU,vru_accident:CAP_DATA:VRU_101,visual_4frame_stack,121541
VRU,vru_accident:CAP_DATA:VRU_101,fusion_stack,126861
VRU,vru_accident:CAP_DATA:VRU_102,raw_video,8043525
VRU,vru_accident:CAP_DATA:VRU_102,caption_stack,5280
VRU,vru_accident:CAP_DATA:VRU_102,center_frame_stack,46064
VRU,vru_accident:CAP_DATA:VRU_102,visual_4frame_stack,193221
VRU,vru_accident:CAP_DATA:VRU_102,fusion_stack,198501
VRU,vru_accident:CAP_DATA:VRU_103,raw_video,1261874
VRU,vru_accident:CAP_DATA:VRU_103,caption_stack,4763
VRU,vru_accident:CAP_DATA:VRU_103,center_frame_stack,35224
VRU,vru_accident:CAP_DATA:VRU_103,visual_4frame_stack,141014
VRU,vru_accident:CAP_DATA:VRU_103,fusion_stack,145777
VRU,vru_accident:CAP_DATA:VRU_104,raw_video,3339327
VRU,vru_accident:CAP_DATA:VRU_104,caption_stack,5095
VRU,vru_accident:CAP_DATA:VRU_104,center_frame_stack,35942
VRU,vru_accident:CAP_DATA:VRU_104,visual_4frame_stack,156225
VRU,vru_accident:CAP_DATA:VRU_104,fusion_stack,161320
VRU,vru_accident:CAP_DATA:VRU_105,raw_video,2709112
VRU,vru_accident:CAP_DATA:VRU_105,caption_stack,5137
VRU,vru_accident:CAP_DATA:VRU_105,center_frame_stack,34889
VRU,vru_accident:CAP_DATA:VRU_105,visual_4frame_stack,140971
VRU,vru_accident:CAP_DATA:VRU_105,fusion_stack,146108
VRU,vru_accident:CAP_DATA:VRU_106,raw_video,2730892
VRU,vru_accident:CAP_DATA:VRU_106,caption_stack,4893
VRU,vru_accident:CAP_DATA:VRU_106,center_frame_stack,39094
VRU,vru_accident:CAP_DATA:VRU_106,visual_4frame_stack,160301
VRU,vru_accident:CAP_DATA:VRU_106,fusion_stack,165194
VRU,vru_accident:CAP_DATA:VRU_107,raw_video,3837347
VRU,vru_accident:CAP_DATA:VRU_107,caption_stack,5135
VRU,vru_accident:CAP_DATA:VRU_107,center_frame_stack,32180
VRU,vru_accident:CAP_DATA:VRU_107,visual_4frame_stack,131849
VRU,vru_accident:CAP_DATA:VRU_107,fusion_stack,136984
VRU,vru_accident:CAP_DATA:VRU_108,raw_video,3525610
VRU,vru_accident:CAP_DATA:VRU_108,caption_stack,5183
VRU,vru_accident:CAP_DATA:VRU_108,center_frame_stack,41577
VRU,vru_accident:CAP_DATA:VRU_108,visual_4frame_stack,177714
VRU,vru_accident:CAP_DATA:VRU_108,fusion_stack,182897
VRU,vru_accident:CAP_DATA:VRU_109,raw_video,4231381
VRU,vru_accident:CAP_DATA:VRU_109,caption_stack,5300
VRU,vru_accident:CAP_DATA:VRU_109,center_frame_stack,39218
VRU,vru_accident:CAP_DATA:VRU_109,visual_4frame_stack,173803
VRU,vru_accident:CAP_DATA:VRU_109,fusion_stack,179103
VRU,vru_accident:CAP_DATA:VRU_11,raw_video,3747015
VRU,vru_accident:CAP_DATA:VRU_11,caption_stack,4942
VRU,vru_accident:CAP_DATA:VRU_11,center_frame_stack,39148
VRU,vru_accident:CAP_DATA:VRU_11,visual_4frame_stack,157734
VRU,vru_accident:CAP_DATA:VRU_11,fusion_stack,162676
VRU,vru_accident:CAP_DATA:VRU_110,raw_video,4605863
VRU,vru_accident:CAP_DATA:VRU_110,caption_stack,5278
VRU,vru_accident:CAP_DATA:VRU_110,center_frame_stack,41929
VRU,vru_accident:CAP_DATA:VRU_110,visual_4frame_stack,175157
VRU,vru_accident:CAP_DATA:VRU_110,fusion_stack,180435
VRU,vru_accident:CAP_DATA:VRU_111,raw_video,3938939
VRU,vru_accident:CAP_DATA:VRU_111,caption_stack,5026
VRU,vru_accident:CAP_DATA:VRU_111,center_frame_stack,37485
VRU,vru_accident:CAP_DATA:VRU_111,visual_4frame_stack,150770
VRU,vru_accident:CAP_DATA:VRU_111,fusion_stack,155796
VRU,vru_accident:CAP_DATA:VRU_112,raw_video,6146315
VRU,vru_accident:CAP_DATA:VRU_112,caption_stack,5068
VRU,vru_accident:CAP_DATA:VRU_112,center_frame_stack,43310
VRU,vru_accident:CAP_DATA:VRU_112,visual_4frame_stack,182414
VRU,vru_accident:CAP_DATA:VRU_112,fusion_stack,187482
VRU,vru_accident:CAP_DATA:VRU_113,raw_video,9222559
VRU,vru_accident:CAP_DATA:VRU_113,caption_stack,5162
VRU,vru_accident:CAP_DATA:VRU_113,center_frame_stack,54932
VRU,vru_accident:CAP_DATA:VRU_113,visual_4frame_stack,232212
VRU,vru_accident:CAP_DATA:VRU_113,fusion_stack,237374
VRU,vru_accident:CAP_DATA:VRU_114,raw_video,6103451
VRU,vru_accident:CAP_DATA:VRU_114,caption_stack,5238
VRU,vru_accident:CAP_DATA:VRU_114,center_frame_stack,44968
VRU,vru_accident:CAP_DATA:VRU_114,visual_4frame_stack,178101
VRU,vru_accident:CAP_DATA:VRU_114,fusion_stack,183339
VRU,vru_accident:CAP_DATA:VRU_115,raw_video,3612026
VRU,vru_accident:CAP_DATA:VRU_115,caption_stack,4962
VRU,vru_accident:CAP_DATA:VRU_115,center_frame_stack,31807
VRU,vru_accident:CAP_DATA:VRU_115,visual_4frame_stack,128574
VRU,vru_accident:CAP_DATA:VRU_115,fusion_stack,133536
VRU,vru_accident:CAP_DATA:VRU_116,raw_video,3687300
VRU,vru_accident:CAP_DATA:VRU_116,caption_stack,5132
VRU,vru_accident:CAP_DATA:VRU_116,center_frame_stack,37907
VRU,vru_accident:CAP_DATA:VRU_116,visual_4frame_stack,162678
VRU,vru_accident:CAP_DATA:VRU_116,fusion_stack,167810
VRU,vru_accident:CAP_DATA:VRU_117,raw_video,2882940
VRU,vru_accident:CAP_DATA:VRU_117,caption_stack,4895
VRU,vru_accident:CAP_DATA:VRU_117,center_frame_stack,37087
VRU,vru_accident:CAP_DATA:VRU_117,visual_4frame_stack,149877
VRU,vru_accident:CAP_DATA:VRU_117,fusion_stack,154772
VRU,vru_accident:CAP_DATA:VRU_118,raw_video,3470403
VRU,vru_accident:CAP_DATA:VRU_118,caption_stack,4994
VRU,vru_accident:CAP_DATA:VRU_118,center_frame_stack,38763
VRU,vru_accident:CAP_DATA:VRU_118,visual_4frame_stack,155082
VRU,vru_accident:CAP_DATA:VRU_118,fusion_stack,160076
VRU,vru_accident:CAP_DATA:VRU_119,raw_video,2135255
VRU,vru_accident:CAP_DATA:VRU_119,caption_stack,4875
VRU,vru_accident:CAP_DATA:VRU_119,center_frame_stack,45467
VRU,vru_accident:CAP_DATA:VRU_119,visual_4frame_stack,180817
VRU,vru_accident:CAP_DATA:VRU_119,fusion_stack,185692
VRU,vru_accident:CAP_DATA:VRU_12,raw_video,1425413
VRU,vru_accident:CAP_DATA:VRU_12,caption_stack,5047
VRU,vru_accident:CAP_DATA:VRU_12,center_frame_stack,24316
VRU,vru_accident:CAP_DATA:VRU_12,visual_4frame_stack,93471
VRU,vru_accident:CAP_DATA:VRU_12,fusion_stack,98518
VRU,vru_accident:CAP_DATA:VRU_120,raw_video,3863993
VRU,vru_accident:CAP_DATA:VRU_120,caption_stack,4947
VRU,vru_accident:CAP_DATA:VRU_120,center_frame_stack,46572
VRU,vru_accident:CAP_DATA:VRU_120,visual_4frame_stack,185634
VRU,vru_accident:CAP_DATA:VRU_120,fusion_stack,190581
VRU,vru_accident:CAP_DATA:VRU_121,raw_video,3560327
VRU,vru_accident:CAP_DATA:VRU_121,caption_stack,5215
VRU,vru_accident:CAP_DATA:VRU_121,center_frame_stack,52539
VRU,vru_accident:CAP_DATA:VRU_121,visual_4frame_stack,214179
VRU,vru_accident:CAP_DATA:VRU_121,fusion_stack,219394
VRU,vru_accident:CAP_DATA:VRU_122,raw_video,5331546
VRU,vru_accident:CAP_DATA:VRU_122,caption_stack,5004
VRU,vru_accident:CAP_DATA:VRU_122,center_frame_stack,41474
VRU,vru_accident:CAP_DATA:VRU_122,visual_4frame_stack,157784
VRU,vru_accident:CAP_DATA:VRU_122,fusion_stack,162788
VRU,vru_accident:CAP_DATA:VRU_123,raw_video,4394812
VRU,vru_accident:CAP_DATA:VRU_123,caption_stack,4855
VRU,vru_accident:CAP_DATA:VRU_123,center_frame_stack,44006
VRU,vru_accident:CAP_DATA:VRU_123,visual_4frame_stack,183626
VRU,vru_accident:CAP_DATA:VRU_123,fusion_stack,188481
VRU,vru_accident:CAP_DATA:VRU_124,raw_video,5544678
VRU,vru_accident:CAP_DATA:VRU_124,caption_stack,4811
VRU,vru_accident:CAP_DATA:VRU_124,center_frame_stack,41188
VRU,vru_accident:CAP_DATA:VRU_124,visual_4frame_stack,176950
VRU,vru_accident:CAP_DATA:VRU_124,fusion_stack,181761
VRU,vru_accident:CAP_DATA:VRU_125,raw_video,6916272
VRU,vru_accident:CAP_DATA:VRU_125,caption_stack,4730
VRU,vru_accident:CAP_DATA:VRU_125,center_frame_stack,45827
VRU,vru_accident:CAP_DATA:VRU_125,visual_4frame_stack,169452
VRU,vru_accident:CAP_DATA:VRU_125,fusion_stack,174182
VRU,vru_accident:CAP_DATA:VRU_126,raw_video,3302116
VRU,vru_accident:CAP_DATA:VRU_126,caption_stack,5200
VRU,vru_accident:CAP_DATA:VRU_126,center_frame_stack,38049
VRU,vru_accident:CAP_DATA:VRU_126,visual_4frame_stack,158252
VRU,vru_accident:CAP_DATA:VRU_126,fusion_stack,163452
VRU,vru_accident:CAP_DATA:VRU_127,raw_video,2764860
VRU,vru_accident:CAP_DATA:VRU_127,caption_stack,5017
VRU,vru_accident:CAP_DATA:VRU_127,center_frame_stack,39448
VRU,vru_accident:CAP_DATA:VRU_127,visual_4frame_stack,153882
VRU,vru_accident:CAP_DATA:VRU_127,fusion_stack,158899
VRU,vru_accident:CAP_DATA:VRU_128,raw_video,1631194
VRU,vru_accident:CAP_DATA:VRU_128,caption_stack,4965
VRU,vru_accident:CAP_DATA:VRU_128,center_frame_stack,28106
VRU,vru_accident:CAP_DATA:VRU_128,visual_4frame_stack,108213
VRU,vru_accident:CAP_DATA:VRU_128,fusion_stack,113178
VRU,vru_accident:CAP_DATA:VRU_129,raw_video,4562722
VRU,vru_accident:CAP_DATA:VRU_129,caption_stack,5195
VRU,vru_accident:CAP_DATA:VRU_129,center_frame_stack,37693
VRU,vru_accident:CAP_DATA:VRU_129,visual_4frame_stack,164475
VRU,vru_accident:CAP_DATA:VRU_129,fusion_stack,169670
VRU,vru_accident:CAP_DATA:VRU_13,raw_video,1976343
VRU,vru_accident:CAP_DATA:VRU_13,caption_stack,5064
VRU,vru_accident:CAP_DATA:VRU_13,center_frame_stack,23593
VRU,vru_accident:CAP_DATA:VRU_13,visual_4frame_stack,103146
VRU,vru_accident:CAP_DATA:VRU_13,fusion_stack,108210
VRU,vru_accident:CAP_DATA:VRU_130,raw_video,3923581
VRU,vru_accident:CAP_DATA:VRU_130,caption_stack,4938
VRU,vru_accident:CAP_DATA:VRU_130,center_frame_stack,45896
VRU,vru_accident:CAP_DATA:VRU_130,visual_4frame_stack,185883
VRU,vru_accident:CAP_DATA:VRU_130,fusion_stack,190821
VRU,vru_accident:CAP_DATA:VRU_131,raw_video,2218077
VRU,vru_accident:CAP_DATA:VRU_131,caption_stack,5065
VRU,vru_accident:CAP_DATA:VRU_131,center_frame_stack,39886
VRU,vru_accident:CAP_DATA:VRU_131,visual_4frame_stack,159222
VRU,vru_accident:CAP_DATA:VRU_131,fusion_stack,164287
VRU,vru_accident:CAP_DATA:VRU_132,raw_video,7123077
VRU,vru_accident:CAP_DATA:VRU_132,caption_stack,4909
VRU,vru_accident:CAP_DATA:VRU_132,center_frame_stack,57258
VRU,vru_accident:CAP_DATA:VRU_132,visual_4frame_stack,215743
VRU,vru_accident:CAP_DATA:VRU_132,fusion_stack,220652
VRU,vru_accident:CAP_DATA:VRU_133,raw_video,2814731
VRU,vru_accident:CAP_DATA:VRU_133,caption_stack,4927
VRU,vru_accident:CAP_DATA:VRU_133,center_frame_stack,37915
VRU,vru_accident:CAP_DATA:VRU_133,visual_4frame_stack,153090
VRU,vru_accident:CAP_DATA:VRU_133,fusion_stack,158017
VRU,vru_accident:CAP_DATA:VRU_134,raw_video,10898958
VRU,vru_accident:CAP_DATA:VRU_134,caption_stack,5327
VRU,vru_accident:CAP_DATA:VRU_134,center_frame_stack,49552
VRU,vru_accident:CAP_DATA:VRU_134,visual_4frame_stack,195582
VRU,vru_accident:CAP_DATA:VRU_134,fusion_stack,200909
VRU,vru_accident:CAP_DATA:VRU_135,raw_video,6823908
VRU,vru_accident:CAP_DATA:VRU_135,caption_stack,5071
VRU,vru_accident:CAP_DATA:VRU_135,center_frame_stack,36814
VRU,vru_accident:CAP_DATA:VRU_135,visual_4frame_stack,161247
VRU,vru_accident:CAP_DATA:VRU_135,fusion_stack,166318
VRU,vru_accident:CAP_DATA:VRU_136,raw_video,2522976
VRU,vru_accident:CAP_DATA:VRU_136,caption_stack,4834
VRU,vru_accident:CAP_DATA:VRU_136,center_frame_stack,35623
VRU,vru_accident:CAP_DATA:VRU_136,visual_4frame_stack,142247
VRU,vru_accident:CAP_DATA:VRU_136,fusion_stack,147081
VRU,vru_accident:CAP_DATA:VRU_137,raw_video,1917982
VRU,vru_accident:CAP_DATA:VRU_137,caption_stack,4997
VRU,vru_accident:CAP_DATA:VRU_137,center_frame_stack,35785
VRU,vru_accident:CAP_DATA:VRU_137,visual_4frame_stack,143429
VRU,vru_accident:CAP_DATA:VRU_137,fusion_stack,148426
VRU,vru_accident:CAP_DATA:VRU_138,raw_video,1266695
VRU,vru_accident:CAP_DATA:VRU_138,caption_stack,5130
VRU,vru_accident:CAP_DATA:VRU_138,center_frame_stack,40937
VRU,vru_accident:CAP_DATA:VRU_138,visual_4frame_stack,162115
VRU,vru_accident:CAP_DATA:VRU_138,fusion_stack,167245
VRU,vru_accident:CAP_DATA:VRU_139,raw_video,4201105
VRU,vru_accident:CAP_DATA:VRU_139,caption_stack,5095
VRU,vru_accident:CAP_DATA:VRU_139,center_frame_stack,40401
VRU,vru_accident:CAP_DATA:VRU_139,visual_4frame_stack,157601
VRU,vru_accident:CAP_DATA:VRU_139,fusion_stack,162696
VRU,vru_accident:CAP_DATA:VRU_14,raw_video,1505239
VRU,vru_accident:CAP_DATA:VRU_14,caption_stack,5106
VRU,vru_accident:CAP_DATA:VRU_14,center_frame_stack,27866
VRU,vru_accident:CAP_DATA:VRU_14,visual_4frame_stack,113150
VRU,vru_accident:CAP_DATA:VRU_14,fusion_stack,118256
VRU,vru_accident:CAP_DATA:VRU_140,raw_video,6003914
VRU,vru_accident:CAP_DATA:VRU_140,caption_stack,5039
VRU,vru_accident:CAP_DATA:VRU_140,center_frame_stack,47702
VRU,vru_accident:CAP_DATA:VRU_140,visual_4frame_stack,192013
VRU,vru_accident:CAP_DATA:VRU_140,fusion_stack,197052
VRU,vru_accident:CAP_DATA:VRU_141,raw_video,6462659
VRU,vru_accident:CAP_DATA:VRU_141,caption_stack,4918
VRU,vru_accident:CAP_DATA:VRU_141,center_frame_stack,49156
VRU,vru_accident:CAP_DATA:VRU_141,visual_4frame_stack,198734
VRU,vru_accident:CAP_DATA:VRU_141,fusion_stack,203652
VRU,vru_accident:CAP_DATA:VRU_142,raw_video,4477243
VRU,vru_accident:CAP_DATA:VRU_142,caption_stack,4867
VRU,vru_accident:CAP_DATA:VRU_142,center_frame_stack,37079
VRU,vru_accident:CAP_DATA:VRU_142,visual_4frame_stack,155572
VRU,vru_accident:CAP_DATA:VRU_142,fusion_stack,160439
VRU,vru_accident:CAP_DATA:VRU_143,raw_video,4169450
VRU,vru_accident:CAP_DATA:VRU_143,caption_stack,5013
VRU,vru_accident:CAP_DATA:VRU_143,center_frame_stack,33209
VRU,vru_accident:CAP_DATA:VRU_143,visual_4frame_stack,140951
VRU,vru_accident:CAP_DATA:VRU_143,fusion_stack,145964
VRU,vru_accident:CAP_DATA:VRU_144,raw_video,3999838
VRU,vru_accident:CAP_DATA:VRU_144,caption_stack,4882
VRU,vru_accident:CAP_DATA:VRU_144,center_frame_stack,33598
VRU,vru_accident:CAP_DATA:VRU_144,visual_4frame_stack,144411
VRU,vru_accident:CAP_DATA:VRU_144,fusion_stack,149293
VRU,vru_accident:CAP_DATA:VRU_145,raw_video,2525503
VRU,vru_accident:CAP_DATA:VRU_145,caption_stack,4889
VRU,vru_accident:CAP_DATA:VRU_145,center_frame_stack,38856
VRU,vru_accident:CAP_DATA:VRU_145,visual_4frame_stack,152900
VRU,vru_accident:CAP_DATA:VRU_145,fusion_stack,157789
VRU,vru_accident:CAP_DATA:VRU_146,raw_video,4725288
VRU,vru_accident:CAP_DATA:VRU_146,caption_stack,5162
VRU,vru_accident:CAP_DATA:VRU_146,center_frame_stack,49835
VRU,vru_accident:CAP_DATA:VRU_146,visual_4frame_stack,198753
VRU,vru_accident:CAP_DATA:VRU_146,fusion_stack,203915
VRU,vru_accident:CAP_DATA:VRU_147,raw_video,8641257
VRU,vru_accident:CAP_DATA:VRU_147,caption_stack,5158
VRU,vru_accident:CAP_DATA:VRU_147,center_frame_stack,45064
VRU,vru_accident:CAP_DATA:VRU_147,visual_4frame_stack,181806
VRU,vru_accident:CAP_DATA:VRU_147,fusion_stack,186964
VRU,vru_accident:CAP_DATA:VRU_148,raw_video,2156307
VRU,vru_accident:CAP_DATA:VRU_148,caption_stack,5027
VRU,vru_accident:CAP_DATA:VRU_148,center_frame_stack,30597
VRU,vru_accident:CAP_DATA:VRU_148,visual_4frame_stack,133033
VRU,vru_accident:CAP_DATA:VRU_148,fusion_stack,138060
VRU,vru_accident:CAP_DATA:VRU_149,raw_video,2142761
VRU,vru_accident:CAP_DATA:VRU_149,caption_stack,5104
VRU,vru_accident:CAP_DATA:VRU_149,center_frame_stack,27852
VRU,vru_accident:CAP_DATA:VRU_149,visual_4frame_stack,113800
VRU,vru_accident:CAP_DATA:VRU_149,fusion_stack,118904
VRU,vru_accident:CAP_DATA:VRU_15,raw_video,2264039
VRU,vru_accident:CAP_DATA:VRU_15,caption_stack,5281
VRU,vru_accident:CAP_DATA:VRU_15,center_frame_stack,29692
VRU,vru_accident:CAP_DATA:VRU_15,visual_4frame_stack,110769
VRU,vru_accident:CAP_DATA:VRU_15,fusion_stack,116050
VRU,vru_accident:CAP_DATA:VRU_150,raw_video,1981856
VRU,vru_accident:CAP_DATA:VRU_150,caption_stack,4860
VRU,vru_accident:CAP_DATA:VRU_150,center_frame_stack,32944
VRU,vru_accident:CAP_DATA:VRU_150,visual_4frame_stack,131604
VRU,vru_accident:CAP_DATA:VRU_150,fusion_stack,136464
VRU,vru_accident:CAP_DATA:VRU_151,raw_video,1783467
VRU,vru_accident:CAP_DATA:VRU_151,caption_stack,5148
VRU,vru_accident:CAP_DATA:VRU_151,center_frame_stack,35466
VRU,vru_accident:CAP_DATA:VRU_151,visual_4frame_stack,141616
VRU,vru_accident:CAP_DATA:VRU_151,fusion_stack,146764
VRU,vru_accident:CAP_DATA:VRU_152,raw_video,1731521
VRU,vru_accident:CAP_DATA:VRU_152,caption_stack,5204
VRU,vru_accident:CAP_DATA:VRU_152,center_frame_stack,29985
VRU,vru_accident:CAP_DATA:VRU_152,visual_4frame_stack,110077
VRU,vru_accident:CAP_DATA:VRU_152,fusion_stack,115281
VRU,vru_accident:CAP_DATA:VRU_153,raw_video,1029968
VRU,vru_accident:CAP_DATA:VRU_153,caption_stack,5171
VRU,vru_accident:CAP_DATA:VRU_153,center_frame_stack,23791
VRU,vru_accident:CAP_DATA:VRU_153,visual_4frame_stack,92686
VRU,vru_accident:CAP_DATA:VRU_153,fusion_stack,97857
VRU,vru_accident:CAP_DATA:VRU_154,raw_video,779151
VRU,vru_accident:CAP_DATA:VRU_154,caption_stack,5246
VRU,vru_accident:CAP_DATA:VRU_154,center_frame_stack,33955
VRU,vru_accident:CAP_DATA:VRU_154,visual_4frame_stack,136308
VRU,vru_accident:CAP_DATA:VRU_154,fusion_stack,141554
VRU,vru_accident:CAP_DATA:VRU_155,raw_video,1402209
VRU,vru_accident:CAP_DATA:VRU_155,caption_stack,5318
VRU,vru_accident:CAP_DATA:VRU_155,center_frame_stack,23521
VRU,vru_accident:CAP_DATA:VRU_155,visual_4frame_stack,89177
VRU,vru_accident:CAP_DATA:VRU_155,fusion_stack,94495
VRU,vru_accident:CAP_DATA:VRU_156,raw_video,1264077
VRU,vru_accident:CAP_DATA:VRU_156,caption_stack,5013
VRU,vru_accident:CAP_DATA:VRU_156,center_frame_stack,23165
VRU,vru_accident:CAP_DATA:VRU_156,visual_4frame_stack,95880
VRU,vru_accident:CAP_DATA:VRU_156,fusion_stack,100893
VRU,vru_accident:CAP_DATA:VRU_157,raw_video,798197
VRU,vru_accident:CAP_DATA:VRU_157,caption_stack,4977
VRU,vru_accident:CAP_DATA:VRU_157,center_frame_stack,28069
VRU,vru_accident:CAP_DATA:VRU_157,visual_4frame_stack,112295
VRU,vru_accident:CAP_DATA:VRU_157,fusion_stack,117272
VRU,vru_accident:CAP_DATA:VRU_158,raw_video,1622126
VRU,vru_accident:CAP_DATA:VRU_158,caption_stack,5024
VRU,vru_accident:CAP_DATA:VRU_158,center_frame_stack,30565
VRU,vru_accident:CAP_DATA:VRU_158,visual_4frame_stack,122198
VRU,vru_accident:CAP_DATA:VRU_158,fusion_stack,127222
VRU,vru_accident:CAP_DATA:VRU_159,raw_video,926605
VRU,vru_accident:CAP_DATA:VRU_159,caption_stack,4862
VRU,vru_accident:CAP_DATA:VRU_159,center_frame_stack,28924
VRU,vru_accident:CAP_DATA:VRU_159,visual_4frame_stack,117493
VRU,vru_accident:CAP_DATA:VRU_159,fusion_stack,122355
VRU,vru_accident:CAP_DATA:VRU_16,raw_video,1168773
VRU,vru_accident:CAP_DATA:VRU_16,caption_stack,4938
VRU,vru_accident:CAP_DATA:VRU_16,center_frame_stack,21006
VRU,vru_accident:CAP_DATA:VRU_16,visual_4frame_stack,88785
VRU,vru_accident:CAP_DATA:VRU_16,fusion_stack,93723
VRU,vru_accident:CAP_DATA:VRU_160,raw_video,1314819
VRU,vru_accident:CAP_DATA:VRU_160,caption_stack,4905
VRU,vru_accident:CAP_DATA:VRU_160,center_frame_stack,29406
VRU,vru_accident:CAP_DATA:VRU_160,visual_4frame_stack,115789
VRU,vru_accident:CAP_DATA:VRU_160,fusion_stack,120694
VRU,vru_accident:CAP_DATA:VRU_161,raw_video,1074351
VRU,vru_accident:CAP_DATA:VRU_161,caption_stack,4982
VRU,vru_accident:CAP_DATA:VRU_161,center_frame_stack,24404
VRU,vru_accident:CAP_DATA:VRU_161,visual_4frame_stack,99414
VRU,vru_accident:CAP_DATA:VRU_161,fusion_stack,104396
VRU,vru_accident:CAP_DATA:VRU_162,raw_video,1092416
VRU,vru_accident:CAP_DATA:VRU_162,caption_stack,4878
VRU,vru_accident:CAP_DATA:VRU_162,center_frame_stack,23467
VRU,vru_accident:CAP_DATA:VRU_162,visual_4frame_stack,95322
VRU,vru_accident:CAP_DATA:VRU_162,fusion_stack,100200
VRU,vru_accident:CAP_DATA:VRU_163,raw_video,2184860
VRU,vru_accident:CAP_DATA:VRU_163,caption_stack,4929
VRU,vru_accident:CAP_DATA:VRU_163,center_frame_stack,31734
VRU,vru_accident:CAP_DATA:VRU_163,visual_4frame_stack,111495
VRU,vru_accident:CAP_DATA:VRU_163,fusion_stack,116424
VRU,vru_accident:CAP_DATA:VRU_164,raw_video,1446351
VRU,vru_accident:CAP_DATA:VRU_164,caption_stack,4987
VRU,vru_accident:CAP_DATA:VRU_164,center_frame_stack,36061
VRU,vru_accident:CAP_DATA:VRU_164,visual_4frame_stack,142570
VRU,vru_accident:CAP_DATA:VRU_164,fusion_stack,147557
VRU,vru_accident:CAP_DATA:VRU_165,raw_video,1298833
VRU,vru_accident:CAP_DATA:VRU_165,caption_stack,5132
VRU,vru_accident:CAP_DATA:VRU_165,center_frame_stack,30047
VRU,vru_accident:CAP_DATA:VRU_165,visual_4frame_stack,122477
VRU,vru_accident:CAP_DATA:VRU_165,fusion_stack,127609
VRU,vru_accident:CAP_DATA:VRU_166,raw_video,1369778
VRU,vru_accident:CAP_DATA:VRU_166,caption_stack,5013
VRU,vru_accident:CAP_DATA:VRU_166,center_frame_stack,26605
VRU,vru_accident:CAP_DATA:VRU_166,visual_4frame_stack,109928
VRU,vru_accident:CAP_DATA:VRU_166,fusion_stack,114941
VRU,vru_accident:CAP_DATA:VRU_167,raw_video,1131538
VRU,vru_accident:CAP_DATA:VRU_167,caption_stack,5029
VRU,vru_accident:CAP_DATA:VRU_167,center_frame_stack,28084
VRU,vru_accident:CAP_DATA:VRU_167,visual_4frame_stack,112447
VRU,vru_accident:CAP_DATA:VRU_167,fusion_stack,117476
VRU,vru_accident:CAP_DATA:VRU_168,raw_video,1089695
VRU,vru_accident:CAP_DATA:VRU_168,caption_stack,4907
VRU,vru_accident:CAP_DATA:VRU_168,center_frame_stack,25461
VRU,vru_accident:CAP_DATA:VRU_168,visual_4frame_stack,106381
VRU,vru_accident:CAP_DATA:VRU_168,fusion_stack,111288
VRU,vru_accident:CAP_DATA:VRU_169,raw_video,1144550
VRU,vru_accident:CAP_DATA:VRU_169,caption_stack,5000
VRU,vru_accident:CAP_DATA:VRU_169,center_frame_stack,31780
VRU,vru_accident:CAP_DATA:VRU_169,visual_4frame_stack,129945
VRU,vru_accident:CAP_DATA:VRU_169,fusion_stack,134945
VRU,vru_accident:CAP_DATA:VRU_17,raw_video,1646461
VRU,vru_accident:CAP_DATA:VRU_17,caption_stack,5088
VRU,vru_accident:CAP_DATA:VRU_17,center_frame_stack,24761
VRU,vru_accident:CAP_DATA:VRU_17,visual_4frame_stack,104835
VRU,vru_accident:CAP_DATA:VRU_17,fusion_stack,109923
VRU,vru_accident:CAP_DATA:VRU_170,raw_video,1702496
VRU,vru_accident:CAP_DATA:VRU_170,caption_stack,5109
VRU,vru_accident:CAP_DATA:VRU_170,center_frame_stack,26614
VRU,vru_accident:CAP_DATA:VRU_170,visual_4frame_stack,109286
VRU,vru_accident:CAP_DATA:VRU_170,fusion_stack,114395
VRU,vru_accident:CAP_DATA:VRU_171,raw_video,1141407
VRU,vru_accident:CAP_DATA:VRU_171,caption_stack,5019
VRU,vru_accident:CAP_DATA:VRU_171,center_frame_stack,23583
VRU,vru_accident:CAP_DATA:VRU_171,visual_4frame_stack,93706
VRU,vru_accident:CAP_DATA:VRU_171,fusion_stack,98725
VRU,vru_accident:CAP_DATA:VRU_172,raw_video,1395643
VRU,vru_accident:CAP_DATA:VRU_172,caption_stack,4852
VRU,vru_accident:CAP_DATA:VRU_172,center_frame_stack,30587
VRU,vru_accident:CAP_DATA:VRU_172,visual_4frame_stack,120399
VRU,vru_accident:CAP_DATA:VRU_172,fusion_stack,125251
VRU,vru_accident:CAP_DATA:VRU_173,raw_video,1932797
VRU,vru_accident:CAP_DATA:VRU_173,caption_stack,4910
VRU,vru_accident:CAP_DATA:VRU_173,center_frame_stack,38000
VRU,vru_accident:CAP_DATA:VRU_173,visual_4frame_stack,163044
VRU,vru_accident:CAP_DATA:VRU_173,fusion_stack,167954
VRU,vru_accident:CAP_DATA:VRU_174,raw_video,759491
VRU,vru_accident:CAP_DATA:VRU_174,caption_stack,5017
VRU,vru_accident:CAP_DATA:VRU_174,center_frame_stack,27340
VRU,vru_accident:CAP_DATA:VRU_174,visual_4frame_stack,108778
VRU,vru_accident:CAP_DATA:VRU_174,fusion_stack,113795
VRU,vru_accident:CAP_DATA:VRU_175,raw_video,654381
VRU,vru_accident:CAP_DATA:VRU_175,caption_stack,5103
VRU,vru_accident:CAP_DATA:VRU_175,center_frame_stack,25561
VRU,vru_accident:CAP_DATA:VRU_175,visual_4frame_stack,102843
VRU,vru_accident:CAP_DATA:VRU_175,fusion_stack,107946
VRU,vru_accident:CAP_DATA:VRU_176,raw_video,1379768
VRU,vru_accident:CAP_DATA:VRU_176,caption_stack,5077
VRU,vru_accident:CAP_DATA:VRU_176,center_frame_stack,29476
VRU,vru_accident:CAP_DATA:VRU_176,visual_4frame_stack,119343
VRU,vru_accident:CAP_DATA:VRU_176,fusion_stack,124420
VRU,vru_accident:CAP_DATA:VRU_177,raw_video,1465078
VRU,vru_accident:CAP_DATA:VRU_177,caption_stack,5001
VRU,vru_accident:CAP_DATA:VRU_177,center_frame_stack,29607
VRU,vru_accident:CAP_DATA:VRU_177,visual_4frame_stack,121204
VRU,vru_accident:CAP_DATA:VRU_177,fusion_stack,126205
VRU,vru_accident:CAP_DATA:VRU_178,raw_video,1112548
VRU,vru_accident:CAP_DATA:VRU_178,caption_stack,5295
VRU,vru_accident:CAP_DATA:VRU_178,center_frame_stack,23700
VRU,vru_accident:CAP_DATA:VRU_178,visual_4frame_stack,95098
VRU,vru_accident:CAP_DATA:VRU_178,fusion_stack,100393
VRU,vru_accident:CAP_DATA:VRU_179,raw_video,1178802
VRU,vru_accident:CAP_DATA:VRU_179,caption_stack,5153
VRU,vru_accident:CAP_DATA:VRU_179,center_frame_stack,26843
VRU,vru_accident:CAP_DATA:VRU_179,visual_4frame_stack,108965
VRU,vru_accident:CAP_DATA:VRU_179,fusion_stack,114118
VRU,vru_accident:CAP_DATA:VRU_18,raw_video,1955332
VRU,vru_accident:CAP_DATA:VRU_18,caption_stack,5154
VRU,vru_accident:CAP_DATA:VRU_18,center_frame_stack,30667
VRU,vru_accident:CAP_DATA:VRU_18,visual_4frame_stack,140233
VRU,vru_accident:CAP_DATA:VRU_18,fusion_stack,145387
VRU,vru_accident:CAP_DATA:VRU_180,raw_video,603854
VRU,vru_accident:CAP_DATA:VRU_180,caption_stack,5243
VRU,vru_accident:CAP_DATA:VRU_180,center_frame_stack,29540
VRU,vru_accident:CAP_DATA:VRU_180,visual_4frame_stack,122806
VRU,vru_accident:CAP_DATA:VRU_180,fusion_stack,128049
VRU,vru_accident:CAP_DATA:VRU_181,raw_video,2535350
VRU,vru_accident:CAP_DATA:VRU_181,caption_stack,5272
VRU,vru_accident:CAP_DATA:VRU_181,center_frame_stack,26003
VRU,vru_accident:CAP_DATA:VRU_181,visual_4frame_stack,106591
VRU,vru_accident:CAP_DATA:VRU_181,fusion_stack,111863
VRU,vru_accident:CAP_DATA:VRU_182,raw_video,1738225
VRU,vru_accident:CAP_DATA:VRU_182,caption_stack,5376
VRU,vru_accident:CAP_DATA:VRU_182,center_frame_stack,27676
VRU,vru_accident:CAP_DATA:VRU_182,visual_4frame_stack,114220
VRU,vru_accident:CAP_DATA:VRU_182,fusion_stack,119596
VRU,vru_accident:CAP_DATA:VRU_183,raw_video,1743228
VRU,vru_accident:CAP_DATA:VRU_183,caption_stack,5164
VRU,vru_accident:CAP_DATA:VRU_183,center_frame_stack,27151
VRU,vru_accident:CAP_DATA:VRU_183,visual_4frame_stack,113653
VRU,vru_accident:CAP_DATA:VRU_183,fusion_stack,118817
VRU,vru_accident:CAP_DATA:VRU_184,raw_video,2227404
VRU,vru_accident:CAP_DATA:VRU_184,caption_stack,5235
VRU,vru_accident:CAP_DATA:VRU_184,center_frame_stack,40769
VRU,vru_accident:CAP_DATA:VRU_184,visual_4frame_stack,164914
VRU,vru_accident:CAP_DATA:VRU_184,fusion_stack,170149
VRU,vru_accident:CAP_DATA:VRU_185,raw_video,1387303
VRU,vru_accident:CAP_DATA:VRU_185,caption_stack,5222
VRU,vru_accident:CAP_DATA:VRU_185,center_frame_stack,28405
VRU,vru_accident:CAP_DATA:VRU_185,visual_4frame_stack,99872
VRU,vru_accident:CAP_DATA:VRU_185,fusion_stack,105094
VRU,vru_accident:CAP_DATA:VRU_186,raw_video,1689486
VRU,vru_accident:CAP_DATA:VRU_186,caption_stack,5229
VRU,vru_accident:CAP_DATA:VRU_186,center_frame_stack,31320
VRU,vru_accident:CAP_DATA:VRU_186,visual_4frame_stack,126227
VRU,vru_accident:CAP_DATA:VRU_186,fusion_stack,131456
VRU,vru_accident:CAP_DATA:VRU_187,raw_video,2471559
VRU,vru_accident:CAP_DATA:VRU_187,caption_stack,5273
VRU,vru_accident:CAP_DATA:VRU_187,center_frame_stack,36747
VRU,vru_accident:CAP_DATA:VRU_187,visual_4frame_stack,146216
VRU,vru_accident:CAP_DATA:VRU_187,fusion_stack,151489
VRU,vru_accident:CAP_DATA:VRU_188,raw_video,1359560
VRU,vru_accident:CAP_DATA:VRU_188,caption_stack,5259
VRU,vru_accident:CAP_DATA:VRU_188,center_frame_stack,23335
VRU,vru_accident:CAP_DATA:VRU_188,visual_4frame_stack,97619
VRU,vru_accident:CAP_DATA:VRU_188,fusion_stack,102878
VRU,vru_accident:CAP_DATA:VRU_189,raw_video,1082251
VRU,vru_accident:CAP_DATA:VRU_189,caption_stack,5311
VRU,vru_accident:CAP_DATA:VRU_189,center_frame_stack,32317
VRU,vru_accident:CAP_DATA:VRU_189,visual_4frame_stack,129587
VRU,vru_accident:CAP_DATA:VRU_189,fusion_stack,134898
VRU,vru_accident:CAP_DATA:VRU_19,raw_video,1558110
VRU,vru_accident:CAP_DATA:VRU_19,caption_stack,5002
VRU,vru_accident:CAP_DATA:VRU_19,center_frame_stack,26122
VRU,vru_accident:CAP_DATA:VRU_19,visual_4frame_stack,109275
VRU,vru_accident:CAP_DATA:VRU_19,fusion_stack,114277
VRU,vru_accident:CAP_DATA:VRU_190,raw_video,2078975
VRU,vru_accident:CAP_DATA:VRU_190,caption_stack,5484
VRU,vru_accident:CAP_DATA:VRU_190,center_frame_stack,30393
VRU,vru_accident:CAP_DATA:VRU_190,visual_4frame_stack,122196
VRU,vru_accident:CAP_DATA:VRU_190,fusion_stack,127680
VRU,vru_accident:CAP_DATA:VRU_191,raw_video,4269085
VRU,vru_accident:CAP_DATA:VRU_191,caption_stack,5032
VRU,vru_accident:CAP_DATA:VRU_191,center_frame_stack,57086
VRU,vru_accident:CAP_DATA:VRU_191,visual_4frame_stack,224024
VRU,vru_accident:CAP_DATA:VRU_191,fusion_stack,229056
VRU,vru_accident:CAP_DATA:VRU_192,raw_video,7157215
VRU,vru_accident:CAP_DATA:VRU_192,caption_stack,4952
VRU,vru_accident:CAP_DATA:VRU_192,center_frame_stack,39843
VRU,vru_accident:CAP_DATA:VRU_192,visual_4frame_stack,167188
VRU,vru_accident:CAP_DATA:VRU_192,fusion_stack,172140
VRU,vru_accident:CAP_DATA:VRU_193,raw_video,1101146
VRU,vru_accident:CAP_DATA:VRU_193,caption_stack,5107
VRU,vru_accident:CAP_DATA:VRU_193,center_frame_stack,42731
VRU,vru_accident:CAP_DATA:VRU_193,visual_4frame_stack,169967
VRU,vru_accident:CAP_DATA:VRU_193,fusion_stack,175074
VRU,vru_accident:CAP_DATA:VRU_194,raw_video,3582281
VRU,vru_accident:CAP_DATA:VRU_194,caption_stack,4806
VRU,vru_accident:CAP_DATA:VRU_194,center_frame_stack,29757
VRU,vru_accident:CAP_DATA:VRU_194,visual_4frame_stack,130366
VRU,vru_accident:CAP_DATA:VRU_194,fusion_stack,135172
VRU,vru_accident:CAP_DATA:VRU_195,raw_video,6637917
VRU,vru_accident:CAP_DATA:VRU_195,caption_stack,5220
VRU,vru_accident:CAP_DATA:VRU_195,center_frame_stack,36183
VRU,vru_accident:CAP_DATA:VRU_195,visual_4frame_stack,129494
VRU,vru_accident:CAP_DATA:VRU_195,fusion_stack,134714
VRU,vru_accident:CAP_DATA:VRU_196,raw_video,5351627
VRU,vru_accident:CAP_DATA:VRU_196,caption_stack,4873
VRU,vru_accident:CAP_DATA:VRU_196,center_frame_stack,34435
VRU,vru_accident:CAP_DATA:VRU_196,visual_4frame_stack,147519
VRU,vru_accident:CAP_DATA:VRU_196,fusion_stack,152392
VRU,vru_accident:CAP_DATA:VRU_197,raw_video,4101323
VRU,vru_accident:CAP_DATA:VRU_197,caption_stack,4985
VRU,vru_accident:CAP_DATA:VRU_197,center_frame_stack,40020
VRU,vru_accident:CAP_DATA:VRU_197,visual_4frame_stack,159419
VRU,vru_accident:CAP_DATA:VRU_197,fusion_stack,164404
VRU,vru_accident:CAP_DATA:VRU_198,raw_video,5873175
VRU,vru_accident:CAP_DATA:VRU_198,caption_stack,5038
VRU,vru_accident:CAP_DATA:VRU_198,center_frame_stack,48600
VRU,vru_accident:CAP_DATA:VRU_198,visual_4frame_stack,192531
VRU,vru_accident:CAP_DATA:VRU_198,fusion_stack,197569
VRU,vru_accident:CAP_DATA:VRU_199,raw_video,3774093
VRU,vru_accident:CAP_DATA:VRU_199,caption_stack,4909
VRU,vru_accident:CAP_DATA:VRU_199,center_frame_stack,38606
VRU,vru_accident:CAP_DATA:VRU_199,visual_4frame_stack,146444
VRU,vru_accident:CAP_DATA:VRU_199,fusion_stack,151353
VRU,vru_accident:CAP_DATA:VRU_2,raw_video,3140727
VRU,vru_accident:CAP_DATA:VRU_2,caption_stack,4995
VRU,vru_accident:CAP_DATA:VRU_2,center_frame_stack,35869
VRU,vru_accident:CAP_DATA:VRU_2,visual_4frame_stack,152869
VRU,vru_accident:CAP_DATA:VRU_2,fusion_stack,157864
VRU,vru_accident:CAP_DATA:VRU_20,raw_video,890834
VRU,vru_accident:CAP_DATA:VRU_20,caption_stack,4909
VRU,vru_accident:CAP_DATA:VRU_20,center_frame_stack,24351
VRU,vru_accident:CAP_DATA:VRU_20,visual_4frame_stack,94779
VRU,vru_accident:CAP_DATA:VRU_20,fusion_stack,99688
VRU,vru_accident:CAP_DATA:VRU_200,raw_video,2706752
VRU,vru_accident:CAP_DATA:VRU_200,caption_stack,5131
VRU,vru_accident:CAP_DATA:VRU_200,center_frame_stack,45970
VRU,vru_accident:CAP_DATA:VRU_200,visual_4frame_stack,184980
VRU,vru_accident:CAP_DATA:VRU_200,fusion_stack,190111
VRU,vru_accident:CAP_DATA:VRU_201,raw_video,3164338
VRU,vru_accident:CAP_DATA:VRU_201,caption_stack,5131
VRU,vru_accident:CAP_DATA:VRU_201,center_frame_stack,37320
VRU,vru_accident:CAP_DATA:VRU_201,visual_4frame_stack,149819
VRU,vru_accident:CAP_DATA:VRU_201,fusion_stack,154950
VRU,vru_accident:CAP_DATA:VRU_202,raw_video,4333282
VRU,vru_accident:CAP_DATA:VRU_202,caption_stack,4900
VRU,vru_accident:CAP_DATA:VRU_202,center_frame_stack,43630
VRU,vru_accident:CAP_DATA:VRU_202,visual_4frame_stack,169564
VRU,vru_accident:CAP_DATA:VRU_202,fusion_stack,174464
VRU,vru_accident:CAP_DATA:VRU_203,raw_video,7185783
VRU,vru_accident:CAP_DATA:VRU_203,caption_stack,5205
VRU,vru_accident:CAP_DATA:VRU_203,center_frame_stack,42218
VRU,vru_accident:CAP_DATA:VRU_203,visual_4frame_stack,167738
VRU,vru_accident:CAP_DATA:VRU_203,fusion_stack,172943
VRU,vru_accident:CAP_DATA:VRU_204,raw_video,2458619
VRU,vru_accident:CAP_DATA:VRU_204,caption_stack,4627
VRU,vru_accident:CAP_DATA:VRU_204,center_frame_stack,32181
VRU,vru_accident:CAP_DATA:VRU_204,visual_4frame_stack,136601
VRU,vru_accident:CAP_DATA:VRU_204,fusion_stack,141228
VRU,vru_accident:CAP_DATA:VRU_205,raw_video,3983343
VRU,vru_accident:CAP_DATA:VRU_205,caption_stack,5042
VRU,vru_accident:CAP_DATA:VRU_205,center_frame_stack,36873
VRU,vru_accident:CAP_DATA:VRU_205,visual_4frame_stack,160516
VRU,vru_accident:CAP_DATA:VRU_205,fusion_stack,165558
VRU,vru_accident:CAP_DATA:VRU_206,raw_video,7749175
VRU,vru_accident:CAP_DATA:VRU_206,caption_stack,4912
VRU,vru_accident:CAP_DATA:VRU_206,center_frame_stack,45609
VRU,vru_accident:CAP_DATA:VRU_206,visual_4frame_stack,191184
VRU,vru_accident:CAP_DATA:VRU_206,fusion_stack,196096
VRU,vru_accident:CAP_DATA:VRU_207,raw_video,20911913
VRU,vru_accident:CAP_DATA:VRU_207,caption_stack,5504
VRU,vru_accident:CAP_DATA:VRU_207,center_frame_stack,55330
VRU,vru_accident:CAP_DATA:VRU_207,visual_4frame_stack,233650
VRU,vru_accident:CAP_DATA:VRU_207,fusion_stack,239154
VRU,vru_accident:CAP_DATA:VRU_208,raw_video,720315
VRU,vru_accident:CAP_DATA:VRU_208,caption_stack,5063
VRU,vru_accident:CAP_DATA:VRU_208,center_frame_stack,33264
VRU,vru_accident:CAP_DATA:VRU_208,visual_4frame_stack,131416
VRU,vru_accident:CAP_DATA:VRU_208,fusion_stack,136479
VRU,vru_accident:CAP_DATA:VRU_209,raw_video,990140
VRU,vru_accident:CAP_DATA:VRU_209,caption_stack,5154
VRU,vru_accident:CAP_DATA:VRU_209,center_frame_stack,32690
VRU,vru_accident:CAP_DATA:VRU_209,visual_4frame_stack,132144
VRU,vru_accident:CAP_DATA:VRU_209,fusion_stack,137298
VRU,vru_accident:CAP_DATA:VRU_21,raw_video,868455
VRU,vru_accident:CAP_DATA:VRU_21,caption_stack,4936
VRU,vru_accident:CAP_DATA:VRU_21,center_frame_stack,22350
VRU,vru_accident:CAP_DATA:VRU_21,visual_4frame_stack,88148
VRU,vru_accident:CAP_DATA:VRU_21,fusion_stack,93084
VRU,vru_accident:CAP_DATA:VRU_210,raw_video,331068
VRU,vru_accident:CAP_DATA:VRU_210,caption_stack,4901
VRU,vru_accident:CAP_DATA:VRU_210,center_frame_stack,24966
VRU,vru_accident:CAP_DATA:VRU_210,visual_4frame_stack,100710
VRU,vru_accident:CAP_DATA:VRU_210,fusion_stack,105611
VRU,vru_accident:CAP_DATA:VRU_211,raw_video,386237
VRU,vru_accident:CAP_DATA:VRU_211,caption_stack,5341
VRU,vru_accident:CAP_DATA:VRU_211,center_frame_stack,29062
VRU,vru_accident:CAP_DATA:VRU_211,visual_4frame_stack,122335
VRU,vru_accident:CAP_DATA:VRU_211,fusion_stack,127676
VRU,vru_accident:CAP_DATA:VRU_212,raw_video,1704563
VRU,vru_accident:CAP_DATA:VRU_212,caption_stack,5085
VRU,vru_accident:CAP_DATA:VRU_212,center_frame_stack,48615
VRU,vru_accident:CAP_DATA:VRU_212,visual_4frame_stack,194692
VRU,vru_accident:CAP_DATA:VRU_212,fusion_stack,199777
VRU,vru_accident:CAP_DATA:VRU_213,raw_video,496126
VRU,vru_accident:CAP_DATA:VRU_213,caption_stack,5266
VRU,vru_accident:CAP_DATA:VRU_213,center_frame_stack,35910
VRU,vru_accident:CAP_DATA:VRU_213,visual_4frame_stack,143339
VRU,vru_accident:CAP_DATA:VRU_213,fusion_stack,148605
VRU,vru_accident:CAP_DATA:VRU_214,raw_video,1226134
VRU,vru_accident:CAP_DATA:VRU_214,caption_stack,5014
VRU,vru_accident:CAP_DATA:VRU_214,center_frame_stack,51085
VRU,vru_accident:CAP_DATA:VRU_214,visual_4frame_stack,206158
VRU,vru_accident:CAP_DATA:VRU_214,fusion_stack,211172
VRU,vru_accident:CAP_DATA:VRU_215,raw_video,1630075
VRU,vru_accident:CAP_DATA:VRU_215,caption_stack,5286
VRU,vru_accident:CAP_DATA:VRU_215,center_frame_stack,41219
VRU,vru_accident:CAP_DATA:VRU_215,visual_4frame_stack,161737
VRU,vru_accident:CAP_DATA:VRU_215,fusion_stack,167023
VRU,vru_accident:CAP_DATA:VRU_216,raw_video,3302101
VRU,vru_accident:CAP_DATA:VRU_216,caption_stack,5151
VRU,vru_accident:CAP_DATA:VRU_216,center_frame_stack,51975
VRU,vru_accident:CAP_DATA:VRU_216,visual_4frame_stack,202418
VRU,vru_accident:CAP_DATA:VRU_216,fusion_stack,207569
VRU,vru_accident:CAP_DATA:VRU_217,raw_video,965163
VRU,vru_accident:CAP_DATA:VRU_217,caption_stack,5237
VRU,vru_accident:CAP_DATA:VRU_217,center_frame_stack,36177
VRU,vru_accident:CAP_DATA:VRU_217,visual_4frame_stack,147334
VRU,vru_accident:CAP_DATA:VRU_217,fusion_stack,152571
VRU,vru_accident:CAP_DATA:VRU_218,raw_video,444067
VRU,vru_accident:CAP_DATA:VRU_218,caption_stack,5522
VRU,vru_accident:CAP_DATA:VRU_218,center_frame_stack,32309
VRU,vru_accident:CAP_DATA:VRU_218,visual_4frame_stack,129534
VRU,vru_accident:CAP_DATA:VRU_218,fusion_stack,135056
VRU,vru_accident:CAP_DATA:VRU_219,raw_video,1240054
VRU,vru_accident:CAP_DATA:VRU_219,caption_stack,5135
VRU,vru_accident:CAP_DATA:VRU_219,center_frame_stack,35486
VRU,vru_accident:CAP_DATA:VRU_219,visual_4frame_stack,144885
VRU,vru_accident:CAP_DATA:VRU_219,fusion_stack,150020
VRU,vru_accident:CAP_DATA:VRU_22,raw_video,1018420
VRU,vru_accident:CAP_DATA:VRU_22,caption_stack,5046
VRU,vru_accident:CAP_DATA:VRU_22,center_frame_stack,25641
VRU,vru_accident:CAP_DATA:VRU_22,visual_4frame_stack,100407
VRU,vru_accident:CAP_DATA:VRU_22,fusion_stack,105453
VRU,vru_accident:CAP_DATA:VRU_220,raw_video,841685
VRU,vru_accident:CAP_DATA:VRU_220,caption_stack,5175
VRU,vru_accident:CAP_DATA:VRU_220,center_frame_stack,30157
VRU,vru_accident:CAP_DATA:VRU_220,visual_4frame_stack,124731
VRU,vru_accident:CAP_DATA:VRU_220,fusion_stack,129906
VRU,vru_accident:CAP_DATA:VRU_221,raw_video,620634
VRU,vru_accident:CAP_DATA:VRU_221,caption_stack,5064
VRU,vru_accident:CAP_DATA:VRU_221,center_frame_stack,31100
VRU,vru_accident:CAP_DATA:VRU_221,visual_4frame_stack,126292
VRU,vru_accident:CAP_DATA:VRU_221,fusion_stack,131356
VRU,vru_accident:CAP_DATA:VRU_222,raw_video,496155
VRU,vru_accident:CAP_DATA:VRU_222,caption_stack,5116
VRU,vru_accident:CAP_DATA:VRU_222,center_frame_stack,33058
VRU,vru_accident:CAP_DATA:VRU_222,visual_4frame_stack,132308
VRU,vru_accident:CAP_DATA:VRU_222,fusion_stack,137424
VRU,vru_accident:CAP_DATA:VRU_223,raw_video,1687547
VRU,vru_accident:CAP_DATA:VRU_223,caption_stack,4772
VRU,vru_accident:CAP_DATA:VRU_223,center_frame_stack,43778
VRU,vru_accident:CAP_DATA:VRU_223,visual_4frame_stack,174107
VRU,vru_accident:CAP_DATA:VRU_223,fusion_stack,178879
VRU,vru_accident:CAP_DATA:VRU_224,raw_video,572688
VRU,vru_accident:CAP_DATA:VRU_224,caption_stack,5435
VRU,vru_accident:CAP_DATA:VRU_224,center_frame_stack,31328
VRU,vru_accident:CAP_DATA:VRU_224,visual_4frame_stack,128630
VRU,vru_accident:CAP_DATA:VRU_224,fusion_stack,134065
VRU,vru_accident:CAP_DATA:VRU_225,raw_video,414591
VRU,vru_accident:CAP_DATA:VRU_225,caption_stack,5062
VRU,vru_accident:CAP_DATA:VRU_225,center_frame_stack,25008
VRU,vru_accident:CAP_DATA:VRU_225,visual_4frame_stack,101919
VRU,vru_accident:CAP_DATA:VRU_225,fusion_stack,106981
VRU,vru_accident:CAP_DATA:VRU_226,raw_video,869511
VRU,vru_accident:CAP_DATA:VRU_226,caption_stack,4940
VRU,vru_accident:CAP_DATA:VRU_226,center_frame_stack,33065
VRU,vru_accident:CAP_DATA:VRU_226,visual_4frame_stack,130980
VRU,vru_accident:CAP_DATA:VRU_226,fusion_stack,135920
VRU,vru_accident:CAP_DATA:VRU_227,raw_video,2689294
VRU,vru_accident:CAP_DATA:VRU_227,caption_stack,4890
VRU,vru_accident:CAP_DATA:VRU_227,center_frame_stack,50042
VRU,vru_accident:CAP_DATA:VRU_227,visual_4frame_stack,221014
VRU,vru_accident:CAP_DATA:VRU_227,fusion_stack,225904
VRU,vru_accident:CAP_DATA:VRU_228,raw_video,1255182
VRU,vru_accident:CAP_DATA:VRU_228,caption_stack,5172
VRU,vru_accident:CAP_DATA:VRU_228,center_frame_stack,34307
VRU,vru_accident:CAP_DATA:VRU_228,visual_4frame_stack,138706
VRU,vru_accident:CAP_DATA:VRU_228,fusion_stack,143878
VRU,vru_accident:CAP_DATA:VRU_229,raw_video,1036424
VRU,vru_accident:CAP_DATA:VRU_229,caption_stack,5298
VRU,vru_accident:CAP_DATA:VRU_229,center_frame_stack,36857
VRU,vru_accident:CAP_DATA:VRU_229,visual_4frame_stack,148045
VRU,vru_accident:CAP_DATA:VRU_229,fusion_stack,153343
VRU,vru_accident:CAP_DATA:VRU_23,raw_video,8187827
VRU,vru_accident:CAP_DATA:VRU_23,caption_stack,5016
VRU,vru_accident:CAP_DATA:VRU_23,center_frame_stack,53330
VRU,vru_accident:CAP_DATA:VRU_23,visual_4frame_stack,216946
VRU,vru_accident:CAP_DATA:VRU_23,fusion_stack,221962
VRU,vru_accident:CAP_DATA:VRU_230,raw_video,848139
VRU,vru_accident:CAP_DATA:VRU_230,caption_stack,5269
VRU,vru_accident:CAP_DATA:VRU_230,center_frame_stack,30209
VRU,vru_accident:CAP_DATA:VRU_230,visual_4frame_stack,125236
VRU,vru_accident:CAP_DATA:VRU_230,fusion_stack,130505
VRU,vru_accident:CAP_DATA:VRU_231,raw_video,570541
VRU,vru_accident:CAP_DATA:VRU_231,caption_stack,4875
VRU,vru_accident:CAP_DATA:VRU_231,center_frame_stack,32412
VRU,vru_accident:CAP_DATA:VRU_231,visual_4frame_stack,132022
VRU,vru_accident:CAP_DATA:VRU_231,fusion_stack,136897
VRU,vru_accident:CAP_DATA:VRU_232,raw_video,816800
VRU,vru_accident:CAP_DATA:VRU_232,caption_stack,5052
VRU,vru_accident:CAP_DATA:VRU_232,center_frame_stack,45468
VRU,vru_accident:CAP_DATA:VRU_232,visual_4frame_stack,179412
VRU,vru_accident:CAP_DATA:VRU_232,fusion_stack,184464
VRU,vru_accident:CAP_DATA:VRU_233,raw_video,762838
VRU,vru_accident:CAP_DATA:VRU_233,caption_stack,5354
VRU,vru_accident:CAP_DATA:VRU_233,center_frame_stack,37402
VRU,vru_accident:CAP_DATA:VRU_233,visual_4frame_stack,150826
VRU,vru_accident:CAP_DATA:VRU_233,fusion_stack,156180
VRU,vru_accident:CAP_DATA:VRU_234,raw_video,440558
VRU,vru_accident:CAP_DATA:VRU_234,caption_stack,5044
VRU,vru_accident:CAP_DATA:VRU_234,center_frame_stack,26206
VRU,vru_accident:CAP_DATA:VRU_234,visual_4frame_stack,105812
VRU,vru_accident:CAP_DATA:VRU_234,fusion_stack,110856
VRU,vru_accident:CAP_DATA:VRU_235,raw_video,4216632
VRU,vru_accident:CAP_DATA:VRU_235,caption_stack,5164
VRU,vru_accident:CAP_DATA:VRU_235,center_frame_stack,38441
VRU,vru_accident:CAP_DATA:VRU_235,visual_4frame_stack,152936
VRU,vru_accident:CAP_DATA:VRU_235,fusion_stack,158100
VRU,vru_accident:CAP_DATA:VRU_236,raw_video,5945970
VRU,vru_accident:CAP_DATA:VRU_236,caption_stack,5180
VRU,vru_accident:CAP_DATA:VRU_236,center_frame_stack,42608
VRU,vru_accident:CAP_DATA:VRU_236,visual_4frame_stack,161827
VRU,vru_accident:CAP_DATA:VRU_236,fusion_stack,167007
VRU,vru_accident:CAP_DATA:VRU_237,raw_video,3841690
VRU,vru_accident:CAP_DATA:VRU_237,caption_stack,4855
VRU,vru_accident:CAP_DATA:VRU_237,center_frame_stack,47563
VRU,vru_accident:CAP_DATA:VRU_237,visual_4frame_stack,191306
VRU,vru_accident:CAP_DATA:VRU_237,fusion_stack,196161
VRU,vru_accident:CAP_DATA:VRU_238,raw_video,4092650
VRU,vru_accident:CAP_DATA:VRU_238,caption_stack,5043
VRU,vru_accident:CAP_DATA:VRU_238,center_frame_stack,44679
VRU,vru_accident:CAP_DATA:VRU_238,visual_4frame_stack,181174
VRU,vru_accident:CAP_DATA:VRU_238,fusion_stack,186217
VRU,vru_accident:CAP_DATA:VRU_239,raw_video,2290680
VRU,vru_accident:CAP_DATA:VRU_239,caption_stack,5059
VRU,vru_accident:CAP_DATA:VRU_239,center_frame_stack,40397
VRU,vru_accident:CAP_DATA:VRU_239,visual_4frame_stack,157760
VRU,vru_accident:CAP_DATA:VRU_239,fusion_stack,162819
VRU,vru_accident:CAP_DATA:VRU_24,raw_video,1467756
VRU,vru_accident:CAP_DATA:VRU_24,caption_stack,5234
VRU,vru_accident:CAP_DATA:VRU_24,center_frame_stack,28157
VRU,vru_accident:CAP_DATA:VRU_24,visual_4frame_stack,110083
VRU,vru_accident:CAP_DATA:VRU_24,fusion_stack,115317
VRU,vru_accident:CAP_DATA:VRU_240,raw_video,4933915
VRU,vru_accident:CAP_DATA:VRU_240,caption_stack,4840
VRU,vru_accident:CAP_DATA:VRU_240,center_frame_stack,50821
VRU,vru_accident:CAP_DATA:VRU_240,visual_4frame_stack,209064
VRU,vru_accident:CAP_DATA:VRU_240,fusion_stack,213904
VRU,vru_accident:CAP_DATA:VRU_241,raw_video,6088460
VRU,vru_accident:CAP_DATA:VRU_241,caption_stack,5078
VRU,vru_accident:CAP_DATA:VRU_241,center_frame_stack,43651
VRU,vru_accident:CAP_DATA:VRU_241,visual_4frame_stack,172575
VRU,vru_accident:CAP_DATA:VRU_241,fusion_stack,177653
VRU,vru_accident:CAP_DATA:VRU_242,raw_video,4418226
VRU,vru_accident:CAP_DATA:VRU_242,caption_stack,4877
VRU,vru_accident:CAP_DATA:VRU_242,center_frame_stack,44039
VRU,vru_accident:CAP_DATA:VRU_242,visual_4frame_stack,186403
VRU,vru_accident:CAP_DATA:VRU_242,fusion_stack,191280
VRU,vru_accident:CAP_DATA:VRU_243,raw_video,2496108
VRU,vru_accident:CAP_DATA:VRU_243,caption_stack,4942
VRU,vru_accident:CAP_DATA:VRU_243,center_frame_stack,58702
VRU,vru_accident:CAP_DATA:VRU_243,visual_4frame_stack,240030
VRU,vru_accident:CAP_DATA:VRU_243,fusion_stack,244972
VRU,vru_accident:CAP_DATA:VRU_244,raw_video,3562180
VRU,vru_accident:CAP_DATA:VRU_244,caption_stack,5064
VRU,vru_accident:CAP_DATA:VRU_244,center_frame_stack,39737
VRU,vru_accident:CAP_DATA:VRU_244,visual_4frame_stack,153976
VRU,vru_accident:CAP_DATA:VRU_244,fusion_stack,159040
VRU,vru_accident:CAP_DATA:VRU_245,raw_video,2635703
VRU,vru_accident:CAP_DATA:VRU_245,caption_stack,5111
VRU,vru_accident:CAP_DATA:VRU_245,center_frame_stack,43412
VRU,vru_accident:CAP_DATA:VRU_245,visual_4frame_stack,175234
VRU,vru_accident:CAP_DATA:VRU_245,fusion_stack,180345
VRU,vru_accident:CAP_DATA:VRU_246,raw_video,3411046
VRU,vru_accident:CAP_DATA:VRU_246,caption_stack,5083
VRU,vru_accident:CAP_DATA:VRU_246,center_frame_stack,50611
VRU,vru_accident:CAP_DATA:VRU_246,visual_4frame_stack,201426
VRU,vru_accident:CAP_DATA:VRU_246,fusion_stack,206509
VRU,vru_accident:CAP_DATA:VRU_247,raw_video,5461724
VRU,vru_accident:CAP_DATA:VRU_247,caption_stack,5034
VRU,vru_accident:CAP_DATA:VRU_247,center_frame_stack,54933
VRU,vru_accident:CAP_DATA:VRU_247,visual_4frame_stack,219548
VRU,vru_accident:CAP_DATA:VRU_247,fusion_stack,224582
VRU,vru_accident:CAP_DATA:VRU_248,raw_video,9233952
VRU,vru_accident:CAP_DATA:VRU_248,caption_stack,5024
VRU,vru_accident:CAP_DATA:VRU_248,center_frame_stack,50004
VRU,vru_accident:CAP_DATA:VRU_248,visual_4frame_stack,204128
VRU,vru_accident:CAP_DATA:VRU_248,fusion_stack,209152
VRU,vru_accident:CAP_DATA:VRU_249,raw_video,1412107
VRU,vru_accident:CAP_DATA:VRU_249,caption_stack,4796
VRU,vru_accident:CAP_DATA:VRU_249,center_frame_stack,30024
VRU,vru_accident:CAP_DATA:VRU_249,visual_4frame_stack,136048
VRU,vru_accident:CAP_DATA:VRU_249,fusion_stack,140844
VRU,vru_accident:CAP_DATA:VRU_25,raw_video,1734242
VRU,vru_accident:CAP_DATA:VRU_25,caption_stack,5012
VRU,vru_accident:CAP_DATA:VRU_25,center_frame_stack,25602
VRU,vru_accident:CAP_DATA:VRU_25,visual_4frame_stack,102666
VRU,vru_accident:CAP_DATA:VRU_25,fusion_stack,107678
VRU,vru_accident:CAP_DATA:VRU_250,raw_video,10012228
VRU,vru_accident:CAP_DATA:VRU_250,caption_stack,4868
VRU,vru_accident:CAP_DATA:VRU_250,center_frame_stack,52199
VRU,vru_accident:CAP_DATA:VRU_250,visual_4frame_stack,212568
VRU,vru_accident:CAP_DATA:VRU_250,fusion_stack,217436
VRU,vru_accident:CAP_DATA:VRU_251,raw_video,2430246
VRU,vru_accident:CAP_DATA:VRU_251,caption_stack,4941
VRU,vru_accident:CAP_DATA:VRU_251,center_frame_stack,38664
VRU,vru_accident:CAP_DATA:VRU_251,visual_4frame_stack,158962
VRU,vru_accident:CAP_DATA:VRU_251,fusion_stack,163903
VRU,vru_accident:CAP_DATA:VRU_252,raw_video,4042390
VRU,vru_accident:CAP_DATA:VRU_252,caption_stack,4933
VRU,vru_accident:CAP_DATA:VRU_252,center_frame_stack,48217
VRU,vru_accident:CAP_DATA:VRU_252,visual_4frame_stack,191832
VRU,vru_accident:CAP_DATA:VRU_252,fusion_stack,196765
VRU,vru_accident:CAP_DATA:VRU_253,raw_video,2489290
VRU,vru_accident:CAP_DATA:VRU_253,caption_stack,5033
VRU,vru_accident:CAP_DATA:VRU_253,center_frame_stack,32562
VRU,vru_accident:CAP_DATA:VRU_253,visual_4frame_stack,130831
VRU,vru_accident:CAP_DATA:VRU_253,fusion_stack,135864
VRU,vru_accident:CAP_DATA:VRU_254,raw_video,3247595
VRU,vru_accident:CAP_DATA:VRU_254,caption_stack,4946
VRU,vru_accident:CAP_DATA:VRU_254,center_frame_stack,36183
VRU,vru_accident:CAP_DATA:VRU_254,visual_4frame_stack,145761
VRU,vru_accident:CAP_DATA:VRU_254,fusion_stack,150707
VRU,vru_accident:CAP_DATA:VRU_255,raw_video,4239214
VRU,vru_accident:CAP_DATA:VRU_255,caption_stack,4824
VRU,vru_accident:CAP_DATA:VRU_255,center_frame_stack,34978
VRU,vru_accident:CAP_DATA:VRU_255,visual_4frame_stack,139286
VRU,vru_accident:CAP_DATA:VRU_255,fusion_stack,144110
VRU,vru_accident:CAP_DATA:VRU_256,raw_video,5415834
VRU,vru_accident:CAP_DATA:VRU_256,caption_stack,5110
VRU,vru_accident:CAP_DATA:VRU_256,center_frame_stack,39494
VRU,vru_accident:CAP_DATA:VRU_256,visual_4frame_stack,158703
VRU,vru_accident:CAP_DATA:VRU_256,fusion_stack,163813
VRU,vru_accident:CAP_DATA:VRU_257,raw_video,3655958
VRU,vru_accident:CAP_DATA:VRU_257,caption_stack,5110
VRU,vru_accident:CAP_DATA:VRU_257,center_frame_stack,33078
VRU,vru_accident:CAP_DATA:VRU_257,visual_4frame_stack,136866
VRU,vru_accident:CAP_DATA:VRU_257,fusion_stack,141976
VRU,vru_accident:CAP_DATA:VRU_258,raw_video,2765883
VRU,vru_accident:CAP_DATA:VRU_258,caption_stack,4865
VRU,vru_accident:CAP_DATA:VRU_258,center_frame_stack,43474
VRU,vru_accident:CAP_DATA:VRU_258,visual_4frame_stack,174870
VRU,vru_accident:CAP_DATA:VRU_258,fusion_stack,179735
VRU,vru_accident:CAP_DATA:VRU_259,raw_video,8923537
VRU,vru_accident:CAP_DATA:VRU_259,caption_stack,5256
VRU,vru_accident:CAP_DATA:VRU_259,center_frame_stack,36036
VRU,vru_accident:CAP_DATA:VRU_259,visual_4frame_stack,155316
VRU,vru_accident:CAP_DATA:VRU_259,fusion_stack,160572
VRU,vru_accident:CAP_DATA:VRU_26,raw_video,13659678
VRU,vru_accident:CAP_DATA:VRU_26,caption_stack,4940
VRU,vru_accident:CAP_DATA:VRU_26,center_frame_stack,43017
VRU,vru_accident:CAP_DATA:VRU_26,visual_4frame_stack,190096
VRU,vru_accident:CAP_DATA:VRU_26,fusion_stack,195036
VRU,vru_accident:CAP_DATA:VRU_260,raw_video,3751298
VRU,vru_accident:CAP_DATA:VRU_260,caption_stack,5050
VRU,vru_accident:CAP_DATA:VRU_260,center_frame_stack,48967
VRU,vru_accident:CAP_DATA:VRU_260,visual_4frame_stack,175312
VRU,vru_accident:CAP_DATA:VRU_260,fusion_stack,180362
VRU,vru_accident:CAP_DATA:VRU_261,raw_video,5124780
VRU,vru_accident:CAP_DATA:VRU_261,caption_stack,5047
VRU,vru_accident:CAP_DATA:VRU_261,center_frame_stack,45161
VRU,vru_accident:CAP_DATA:VRU_261,visual_4frame_stack,176557
VRU,vru_accident:CAP_DATA:VRU_261,fusion_stack,181604
VRU,vru_accident:CAP_DATA:VRU_262,raw_video,7798515
VRU,vru_accident:CAP_DATA:VRU_262,caption_stack,5172
VRU,vru_accident:CAP_DATA:VRU_262,center_frame_stack,37431
VRU,vru_accident:CAP_DATA:VRU_262,visual_4frame_stack,148220
VRU,vru_accident:CAP_DATA:VRU_262,fusion_stack,153392
VRU,vru_accident:CAP_DATA:VRU_263,raw_video,3233064
VRU,vru_accident:CAP_DATA:VRU_263,caption_stack,5233
VRU,vru_accident:CAP_DATA:VRU_263,center_frame_stack,46160
VRU,vru_accident:CAP_DATA:VRU_263,visual_4frame_stack,183100
VRU,vru_accident:CAP_DATA:VRU_263,fusion_stack,188333
VRU,vru_accident:CAP_DATA:VRU_264,raw_video,3000830
VRU,vru_accident:CAP_DATA:VRU_264,caption_stack,5057
VRU,vru_accident:CAP_DATA:VRU_264,center_frame_stack,45373
VRU,vru_accident:CAP_DATA:VRU_264,visual_4frame_stack,186496
VRU,vru_accident:CAP_DATA:VRU_264,fusion_stack,191553
VRU,vru_accident:CAP_DATA:VRU_265,raw_video,5049095
VRU,vru_accident:CAP_DATA:VRU_265,caption_stack,5111
VRU,vru_accident:CAP_DATA:VRU_265,center_frame_stack,41563
VRU,vru_accident:CAP_DATA:VRU_265,visual_4frame_stack,164430
VRU,vru_accident:CAP_DATA:VRU_265,fusion_stack,169541
VRU,vru_accident:CAP_DATA:VRU_266,raw_video,479047
VRU,vru_accident:CAP_DATA:VRU_266,caption_stack,4798
VRU,vru_accident:CAP_DATA:VRU_266,center_frame_stack,34156
VRU,vru_accident:CAP_DATA:VRU_266,visual_4frame_stack,136939
VRU,vru_accident:CAP_DATA:VRU_266,fusion_stack,141737
VRU,vru_accident:CAP_DATA:VRU_267,raw_video,1585264
VRU,vru_accident:CAP_DATA:VRU_267,caption_stack,5058
VRU,vru_accident:CAP_DATA:VRU_267,center_frame_stack,33114
VRU,vru_accident:CAP_DATA:VRU_267,visual_4frame_stack,138875
VRU,vru_accident:CAP_DATA:VRU_267,fusion_stack,143933
VRU,vru_accident:CAP_DATA:VRU_268,raw_video,689820
VRU,vru_accident:CAP_DATA:VRU_268,caption_stack,4907
VRU,vru_accident:CAP_DATA:VRU_268,center_frame_stack,40768
VRU,vru_accident:CAP_DATA:VRU_268,visual_4frame_stack,162328
VRU,vru_accident:CAP_DATA:VRU_268,fusion_stack,167235
VRU,vru_accident:CAP_DATA:VRU_269,raw_video,2369385
VRU,vru_accident:CAP_DATA:VRU_269,caption_stack,4851
VRU,vru_accident:CAP_DATA:VRU_269,center_frame_stack,41268
VRU,vru_accident:CAP_DATA:VRU_269,visual_4frame_stack,174566
VRU,vru_accident:CAP_DATA:VRU_269,fusion_stack,179417
VRU,vru_accident:CAP_DATA:VRU_27,raw_video,2572034
VRU,vru_accident:CAP_DATA:VRU_27,caption_stack,5098
VRU,vru_accident:CAP_DATA:VRU_27,center_frame_stack,29384
VRU,vru_accident:CAP_DATA:VRU_27,visual_4frame_stack,137500
VRU,vru_accident:CAP_DATA:VRU_27,fusion_stack,142598
VRU,vru_accident:CAP_DATA:VRU_270,raw_video,1404461
VRU,vru_accident:CAP_DATA:VRU_270,caption_stack,5244
VRU,vru_accident:CAP_DATA:VRU_270,center_frame_stack,43838
VRU,vru_accident:CAP_DATA:VRU_270,visual_4frame_stack,174917
VRU,vru_accident:CAP_DATA:VRU_270,fusion_stack,180161
VRU,vru_accident:CAP_DATA:VRU_271,raw_video,1706657
VRU,vru_accident:CAP_DATA:VRU_271,caption_stack,5160
VRU,vru_accident:CAP_DATA:VRU_271,center_frame_stack,47694
VRU,vru_accident:CAP_DATA:VRU_271,visual_4frame_stack,194269
VRU,vru_accident:CAP_DATA:VRU_271,fusion_stack,199429
VRU,vru_accident:CAP_DATA:VRU_272,raw_video,1637587
VRU,vru_accident:CAP_DATA:VRU_272,caption_stack,4921
VRU,vru_accident:CAP_DATA:VRU_272,center_frame_stack,43650
VRU,vru_accident:CAP_DATA:VRU_272,visual_4frame_stack,177524
VRU,vru_accident:CAP_DATA:VRU_272,fusion_stack,182445
VRU,vru_accident:CAP_DATA:VRU_273,raw_video,563199
VRU,vru_accident:CAP_DATA:VRU_273,caption_stack,4907
VRU,vru_accident:CAP_DATA:VRU_273,center_frame_stack,24837
VRU,vru_accident:CAP_DATA:VRU_273,visual_4frame_stack,101119
VRU,vru_accident:CAP_DATA:VRU_273,fusion_stack,106026
VRU,vru_accident:CAP_DATA:VRU_274,raw_video,729709
VRU,vru_accident:CAP_DATA:VRU_274,caption_stack,5234
VRU,vru_accident:CAP_DATA:VRU_274,center_frame_stack,40390
VRU,vru_accident:CAP_DATA:VRU_274,visual_4frame_stack,162389
VRU,vru_accident:CAP_DATA:VRU_274,fusion_stack,167623
VRU,vru_accident:CAP_DATA:VRU_275,raw_video,1022481
VRU,vru_accident:CAP_DATA:VRU_275,caption_stack,4938
VRU,vru_accident:CAP_DATA:VRU_275,center_frame_stack,31825
VRU,vru_accident:CAP_DATA:VRU_275,visual_4frame_stack,131929
VRU,vru_accident:CAP_DATA:VRU_275,fusion_stack,136867
VRU,vru_accident:CAP_DATA:VRU_276,raw_video,975425
VRU,vru_accident:CAP_DATA:VRU_276,caption_stack,5018
VRU,vru_accident:CAP_DATA:VRU_276,center_frame_stack,31852
VRU,vru_accident:CAP_DATA:VRU_276,visual_4frame_stack,128363
VRU,vru_accident:CAP_DATA:VRU_276,fusion_stack,133381
VRU,vru_accident:CAP_DATA:VRU_277,raw_video,4724555
VRU,vru_accident:CAP_DATA:VRU_277,caption_stack,4839
VRU,vru_accident:CAP_DATA:VRU_277,center_frame_stack,39101
VRU,vru_accident:CAP_DATA:VRU_277,visual_4frame_stack,163082
VRU,vru_accident:CAP_DATA:VRU_277,fusion_stack,167921
VRU,vru_accident:CAP_DATA:VRU_278,raw_video,3496100
VRU,vru_accident:CAP_DATA:VRU_278,caption_stack,5096
VRU,vru_accident:CAP_DATA:VRU_278,center_frame_stack,44691
VRU,vru_accident:CAP_DATA:VRU_278,visual_4frame_stack,180440
VRU,vru_accident:CAP_DATA:VRU_278,fusion_stack,185536
VRU,vru_accident:CAP_DATA:VRU_279,raw_video,5427746
VRU,vru_accident:CAP_DATA:VRU_279,caption_stack,5000
VRU,vru_accident:CAP_DATA:VRU_279,center_frame_stack,55944
VRU,vru_accident:CAP_DATA:VRU_279,visual_4frame_stack,193620
VRU,vru_accident:CAP_DATA:VRU_279,fusion_stack,198620
VRU,vru_accident:CAP_DATA:VRU_28,raw_video,10254780
VRU,vru_accident:CAP_DATA:VRU_28,caption_stack,5113
VRU,vru_accident:CAP_DATA:VRU_28,center_frame_stack,34331
VRU,vru_accident:CAP_DATA:VRU_28,visual_4frame_stack,141472
VRU,vru_accident:CAP_DATA:VRU_28,fusion_stack,146585
VRU,vru_accident:CAP_DATA:VRU_280,raw_video,3429211
VRU,vru_accident:CAP_DATA:VRU_280,caption_stack,4824
VRU,vru_accident:CAP_DATA:VRU_280,center_frame_stack,44091
VRU,vru_accident:CAP_DATA:VRU_280,visual_4frame_stack,176128
VRU,vru_accident:CAP_DATA:VRU_280,fusion_stack,180952
VRU,vru_accident:CAP_DATA:VRU_281,raw_video,4389873
VRU,vru_accident:CAP_DATA:VRU_281,caption_stack,5146
VRU,vru_accident:CAP_DATA:VRU_281,center_frame_stack,37956
VRU,vru_accident:CAP_DATA:VRU_281,visual_4frame_stack,165402
VRU,vru_accident:CAP_DATA:VRU_281,fusion_stack,170548
VRU,vru_accident:CAP_DATA:VRU_282,raw_video,4873203
VRU,vru_accident:CAP_DATA:VRU_282,caption_stack,5145
VRU,vru_accident:CAP_DATA:VRU_282,center_frame_stack,44292
VRU,vru_accident:CAP_DATA:VRU_282,visual_4frame_stack,180434
VRU,vru_accident:CAP_DATA:VRU_282,fusion_stack,185579
VRU,vru_accident:CAP_DATA:VRU_283,raw_video,3360269
VRU,vru_accident:CAP_DATA:VRU_283,caption_stack,4846
VRU,vru_accident:CAP_DATA:VRU_283,center_frame_stack,40814
VRU,vru_accident:CAP_DATA:VRU_283,visual_4frame_stack,167177
VRU,vru_accident:CAP_DATA:VRU_283,fusion_stack,172023
VRU,vru_accident:CAP_DATA:VRU_284,raw_video,9585457
VRU,vru_accident:CAP_DATA:VRU_284,caption_stack,4973
VRU,vru_accident:CAP_DATA:VRU_284,center_frame_stack,40792
VRU,vru_accident:CAP_DATA:VRU_284,visual_4frame_stack,160304
VRU,vru_accident:CAP_DATA:VRU_284,fusion_stack,165277
VRU,vru_accident:CAP_DATA:VRU_285,raw_video,2219942
VRU,vru_accident:CAP_DATA:VRU_285,caption_stack,5081
VRU,vru_accident:CAP_DATA:VRU_285,center_frame_stack,41332
VRU,vru_accident:CAP_DATA:VRU_285,visual_4frame_stack,166663
VRU,vru_accident:CAP_DATA:VRU_285,fusion_stack,171744
VRU,vru_accident:CAP_DATA:VRU_286,raw_video,1607593
VRU,vru_accident:CAP_DATA:VRU_286,caption_stack,5158
VRU,vru_accident:CAP_DATA:VRU_286,center_frame_stack,44711
VRU,vru_accident:CAP_DATA:VRU_286,visual_4frame_stack,177552
VRU,vru_accident:CAP_DATA:VRU_286,fusion_stack,182710
VRU,vru_accident:CAP_DATA:VRU_287,raw_video,603407
VRU,vru_accident:CAP_DATA:VRU_287,caption_stack,4871
VRU,vru_accident:CAP_DATA:VRU_287,center_frame_stack,22240
VRU,vru_accident:CAP_DATA:VRU_287,visual_4frame_stack,88454
VRU,vru_accident:CAP_DATA:VRU_287,fusion_stack,93325
VRU,vru_accident:CAP_DATA:VRU_29,raw_video,15036639
VRU,vru_accident:CAP_DATA:VRU_29,caption_stack,4854
VRU,vru_accident:CAP_DATA:VRU_29,center_frame_stack,47065
VRU,vru_accident:CAP_DATA:VRU_29,visual_4frame_stack,214649
VRU,vru_accident:CAP_DATA:VRU_29,fusion_stack,219503
VRU,vru_accident:CAP_DATA:VRU_3,raw_video,4411330
VRU,vru_accident:CAP_DATA:VRU_3,caption_stack,4777
VRU,vru_accident:CAP_DATA:VRU_3,center_frame_stack,36000
VRU,vru_accident:CAP_DATA:VRU_3,visual_4frame_stack,154820
VRU,vru_accident:CAP_DATA:VRU_3,fusion_stack,159597
VRU,vru_accident:CAP_DATA:VRU_30,raw_video,2102899
VRU,vru_accident:CAP_DATA:VRU_30,caption_stack,5010
VRU,vru_accident:CAP_DATA:VRU_30,center_frame_stack,18153
VRU,vru_accident:CAP_DATA:VRU_30,visual_4frame_stack,71472
VRU,vru_accident:CAP_DATA:VRU_30,fusion_stack,76482
VRU,vru_accident:CAP_DATA:VRU_31,raw_video,12213361
VRU,vru_accident:CAP_DATA:VRU_31,caption_stack,4996
VRU,vru_accident:CAP_DATA:VRU_31,center_frame_stack,40988
VRU,vru_accident:CAP_DATA:VRU_31,visual_4frame_stack,166892
VRU,vru_accident:CAP_DATA:VRU_31,fusion_stack,171888
VRU,vru_accident:CAP_DATA:VRU_32,raw_video,2011118
VRU,vru_accident:CAP_DATA:VRU_32,caption_stack,4965
VRU,vru_accident:CAP_DATA:VRU_32,center_frame_stack,29677
VRU,vru_accident:CAP_DATA:VRU_32,visual_4frame_stack,126289
VRU,vru_accident:CAP_DATA:VRU_32,fusion_stack,131254
VRU,vru_accident:CAP_DATA:VRU_33,raw_video,3097280
VRU,vru_accident:CAP_DATA:VRU_33,caption_stack,5017
VRU,vru_accident:CAP_DATA:VRU_33,center_frame_stack,39481
VRU,vru_accident:CAP_DATA:VRU_33,visual_4frame_stack,163092
VRU,vru_accident:CAP_DATA:VRU_33,fusion_stack,168109
VRU,vru_accident:CAP_DATA:VRU_34,raw_video,3071589
VRU,vru_accident:CAP_DATA:VRU_34,caption_stack,5030
VRU,vru_accident:CAP_DATA:VRU_34,center_frame_stack,21874
VRU,vru_accident:CAP_DATA:VRU_34,visual_4frame_stack,90120
VRU,vru_accident:CAP_DATA:VRU_34,fusion_stack,95150
VRU,vru_accident:CAP_DATA:VRU_35,raw_video,6255903
VRU,vru_accident:CAP_DATA:VRU_35,caption_stack,4781
VRU,vru_accident:CAP_DATA:VRU_35,center_frame_stack,37000
VRU,vru_accident:CAP_DATA:VRU_35,visual_4frame_stack,169749
VRU,vru_accident:CAP_DATA:VRU_35,fusion_stack,174530
VRU,vru_accident:CAP_DATA:VRU_36,raw_video,6837749
VRU,vru_accident:CAP_DATA:VRU_36,caption_stack,5054
VRU,vru_accident:CAP_DATA:VRU_36,center_frame_stack,36939
VRU,vru_accident:CAP_DATA:VRU_36,visual_4frame_stack,166472
VRU,vru_accident:CAP_DATA:VRU_36,fusion_stack,171526
VRU,vru_accident:CAP_DATA:VRU_37,raw_video,15846756
VRU,vru_accident:CAP_DATA:VRU_37,caption_stack,5164
VRU,vru_accident:CAP_DATA:VRU_37,center_frame_stack,40484
VRU,vru_accident:CAP_DATA:VRU_37,visual_4frame_stack,173495
VRU,vru_accident:CAP_DATA:VRU_37,fusion_stack,178659
VRU,vru_accident:CAP_DATA:VRU_38,raw_video,2602129
VRU,vru_accident:CAP_DATA:VRU_38,caption_stack,5256
VRU,vru_accident:CAP_DATA:VRU_38,center_frame_stack,19392
VRU,vru_accident:CAP_DATA:VRU_38,visual_4frame_stack,89651
VRU,vru_accident:CAP_DATA:VRU_38,fusion_stack,94907
VRU,vru_accident:CAP_DATA:VRU_39,raw_video,6428218
VRU,vru_accident:CAP_DATA:VRU_39,caption_stack,4856
VRU,vru_accident:CAP_DATA:VRU_39,center_frame_stack,34766
VRU,vru_accident:CAP_DATA:VRU_39,visual_4frame_stack,131868
VRU,vru_accident:CAP_DATA:VRU_39,fusion_stack,136724
VRU,vru_accident:CAP_DATA:VRU_4,raw_video,6949173
VRU,vru_accident:CAP_DATA:VRU_4,caption_stack,4854
VRU,vru_accident:CAP_DATA:VRU_4,center_frame_stack,45816
VRU,vru_accident:CAP_DATA:VRU_4,visual_4frame_stack,212881
VRU,vru_accident:CAP_DATA:VRU_4,fusion_stack,217735
VRU,vru_accident:CAP_DATA:VRU_40,raw_video,9618251
VRU,vru_accident:CAP_DATA:VRU_40,caption_stack,4936
VRU,vru_accident:CAP_DATA:VRU_40,center_frame_stack,43973
VRU,vru_accident:CAP_DATA:VRU_40,visual_4frame_stack,178807
VRU,vru_accident:CAP_DATA:VRU_40,fusion_stack,183743
VRU,vru_accident:CAP_DATA:VRU_41,raw_video,6939711
VRU,vru_accident:CAP_DATA:VRU_41,caption_stack,5335
VRU,vru_accident:CAP_DATA:VRU_41,center_frame_stack,39338
VRU,vru_accident:CAP_DATA:VRU_41,visual_4frame_stack,163493
VRU,vru_accident:CAP_DATA:VRU_41,fusion_stack,168828
VRU,vru_accident:CAP_DATA:VRU_42,raw_video,2413731
VRU,vru_accident:CAP_DATA:VRU_42,caption_stack,5194
VRU,vru_accident:CAP_DATA:VRU_42,center_frame_stack,25028
VRU,vru_accident:CAP_DATA:VRU_42,visual_4frame_stack,114033
VRU,vru_accident:CAP_DATA:VRU_42,fusion_stack,119227
VRU,vru_accident:CAP_DATA:VRU_43,raw_video,728921
VRU,vru_accident:CAP_DATA:VRU_43,caption_stack,4755
VRU,vru_accident:CAP_DATA:VRU_43,center_frame_stack,16078
VRU,vru_accident:CAP_DATA:VRU_43,visual_4frame_stack,61062
VRU,vru_accident:CAP_DATA:VRU_43,fusion_stack,65817
VRU,vru_accident:CAP_DATA:VRU_44,raw_video,6092488
VRU,vru_accident:CAP_DATA:VRU_44,caption_stack,5399
VRU,vru_accident:CAP_DATA:VRU_44,center_frame_stack,34899
VRU,vru_accident:CAP_DATA:VRU_44,visual_4frame_stack,130975
VRU,vru_accident:CAP_DATA:VRU_44,fusion_stack,136374
VRU,vru_accident:CAP_DATA:VRU_45,raw_video,9301354
VRU,vru_accident:CAP_DATA:VRU_45,caption_stack,5277
VRU,vru_accident:CAP_DATA:VRU_45,center_frame_stack,36733
VRU,vru_accident:CAP_DATA:VRU_45,visual_4frame_stack,152191
VRU,vru_accident:CAP_DATA:VRU_45,fusion_stack,157468
VRU,vru_accident:CAP_DATA:VRU_46,raw_video,6560952
VRU,vru_accident:CAP_DATA:VRU_46,caption_stack,5084
VRU,vru_accident:CAP_DATA:VRU_46,center_frame_stack,32588
VRU,vru_accident:CAP_DATA:VRU_46,visual_4frame_stack,125520
VRU,vru_accident:CAP_DATA:VRU_46,fusion_stack,130604
VRU,vru_accident:CAP_DATA:VRU_47,raw_video,2314360
VRU,vru_accident:CAP_DATA:VRU_47,caption_stack,5214
VRU,vru_accident:CAP_DATA:VRU_47,center_frame_stack,39967
VRU,vru_accident:CAP_DATA:VRU_47,visual_4frame_stack,175815
VRU,vru_accident:CAP_DATA:VRU_47,fusion_stack,181029
VRU,vru_accident:CAP_DATA:VRU_48,raw_video,949412
VRU,vru_accident:CAP_DATA:VRU_48,caption_stack,5187
VRU,vru_accident:CAP_DATA:VRU_48,center_frame_stack,29193
VRU,vru_accident:CAP_DATA:VRU_48,visual_4frame_stack,116903
VRU,vru_accident:CAP_DATA:VRU_48,fusion_stack,122090
VRU,vru_accident:CAP_DATA:VRU_49,raw_video,914305
VRU,vru_accident:CAP_DATA:VRU_49,caption_stack,4982
VRU,vru_accident:CAP_DATA:VRU_49,center_frame_stack,28155
VRU,vru_accident:CAP_DATA:VRU_49,visual_4frame_stack,109132
VRU,vru_accident:CAP_DATA:VRU_49,fusion_stack,114114
VRU,vru_accident:CAP_DATA:VRU_5,raw_video,4201603
VRU,vru_accident:CAP_DATA:VRU_5,caption_stack,4750
VRU,vru_accident:CAP_DATA:VRU_5,center_frame_stack,35417
VRU,vru_accident:CAP_DATA:VRU_5,visual_4frame_stack,137485
VRU,vru_accident:CAP_DATA:VRU_5,fusion_stack,142235
VRU,vru_accident:CAP_DATA:VRU_50,raw_video,1399289
VRU,vru_accident:CAP_DATA:VRU_50,caption_stack,5069
VRU,vru_accident:CAP_DATA:VRU_50,center_frame_stack,34421
VRU,vru_accident:CAP_DATA:VRU_50,visual_4frame_stack,141037
VRU,vru_accident:CAP_DATA:VRU_50,fusion_stack,146106
VRU,vru_accident:CAP_DATA:VRU_51,raw_video,3062929
VRU,vru_accident:CAP_DATA:VRU_51,caption_stack,4955
VRU,vru_accident:CAP_DATA:VRU_51,center_frame_stack,51588
VRU,vru_accident:CAP_DATA:VRU_51,visual_4frame_stack,208960
VRU,vru_accident:CAP_DATA:VRU_51,fusion_stack,213915
VRU,vru_accident:CAP_DATA:VRU_52,raw_video,1260727
VRU,vru_accident:CAP_DATA:VRU_52,caption_stack,4948
VRU,vru_accident:CAP_DATA:VRU_52,center_frame_stack,29136
VRU,vru_accident:CAP_DATA:VRU_52,visual_4frame_stack,128767
VRU,vru_accident:CAP_DATA:VRU_52,fusion_stack,133715
VRU,vru_accident:CAP_DATA:VRU_53,raw_video,1680042
VRU,vru_accident:CAP_DATA:VRU_53,caption_stack,4809
VRU,vru_accident:CAP_DATA:VRU_53,center_frame_stack,39305
VRU,vru_accident:CAP_DATA:VRU_53,visual_4frame_stack,161479
VRU,vru_accident:CAP_DATA:VRU_53,fusion_stack,166288
VRU,vru_accident:CAP_DATA:VRU_54,raw_video,566562
VRU,vru_accident:CAP_DATA:VRU_54,caption_stack,4954
VRU,vru_accident:CAP_DATA:VRU_54,center_frame_stack,19090
VRU,vru_accident:CAP_DATA:VRU_54,visual_4frame_stack,83964
VRU,vru_accident:CAP_DATA:VRU_54,fusion_stack,88918
VRU,vru_accident:CAP_DATA:VRU_55,raw_video,1345135
VRU,vru_accident:CAP_DATA:VRU_55,caption_stack,5304
VRU,vru_accident:CAP_DATA:VRU_55,center_frame_stack,27697
VRU,vru_accident:CAP_DATA:VRU_55,visual_4frame_stack,100961
VRU,vru_accident:CAP_DATA:VRU_55,fusion_stack,106265
VRU,vru_accident:CAP_DATA:VRU_56,raw_video,1460962
VRU,vru_accident:CAP_DATA:VRU_56,caption_stack,5192
VRU,vru_accident:CAP_DATA:VRU_56,center_frame_stack,26559
VRU,vru_accident:CAP_DATA:VRU_56,visual_4frame_stack,110236
VRU,vru_accident:CAP_DATA:VRU_56,fusion_stack,115428
VRU,vru_accident:CAP_DATA:VRU_57,raw_video,1531661
VRU,vru_accident:CAP_DATA:VRU_57,caption_stack,5059
VRU,vru_accident:CAP_DATA:VRU_57,center_frame_stack,22368
VRU,vru_accident:CAP_DATA:VRU_57,visual_4frame_stack,79859
VRU,vru_accident:CAP_DATA:VRU_57,fusion_stack,84918
VRU,vru_accident:CAP_DATA:VRU_58,raw_video,1606430
VRU,vru_accident:CAP_DATA:VRU_58,caption_stack,5149
VRU,vru_accident:CAP_DATA:VRU_58,center_frame_stack,13331
VRU,vru_accident:CAP_DATA:VRU_58,visual_4frame_stack,56273
VRU,vru_accident:CAP_DATA:VRU_58,fusion_stack,61422
VRU,vru_accident:CAP_DATA:VRU_59,raw_video,1944568
VRU,vru_accident:CAP_DATA:VRU_59,caption_stack,5098
VRU,vru_accident:CAP_DATA:VRU_59,center_frame_stack,20016
VRU,vru_accident:CAP_DATA:VRU_59,visual_4frame_stack,77519
VRU,vru_accident:CAP_DATA:VRU_59,fusion_stack,82617
VRU,vru_accident:CAP_DATA:VRU_6,raw_video,3626915
VRU,vru_accident:CAP_DATA:VRU_6,caption_stack,4781
VRU,vru_accident:CAP_DATA:VRU_6,center_frame_stack,37836
VRU,vru_accident:CAP_DATA:VRU_6,visual_4frame_stack,171760
VRU,vru_accident:CAP_DATA:VRU_6,fusion_stack,176541
VRU,vru_accident:CAP_DATA:VRU_60,raw_video,16465704
VRU,vru_accident:CAP_DATA:VRU_60,caption_stack,5055
VRU,vru_accident:CAP_DATA:VRU_60,center_frame_stack,52871
VRU,vru_accident:CAP_DATA:VRU_60,visual_4frame_stack,196048
VRU,vru_accident:CAP_DATA:VRU_60,fusion_stack,201103
VRU,vru_accident:CAP_DATA:VRU_61,raw_video,4913354
VRU,vru_accident:CAP_DATA:VRU_61,caption_stack,4925
VRU,vru_accident:CAP_DATA:VRU_61,center_frame_stack,37372
VRU,vru_accident:CAP_DATA:VRU_61,visual_4frame_stack,151893
VRU,vru_accident:CAP_DATA:VRU_61,fusion_stack,156818
VRU,vru_accident:CAP_DATA:VRU_62,raw_video,3699682
VRU,vru_accident:CAP_DATA:VRU_62,caption_stack,5495
VRU,vru_accident:CAP_DATA:VRU_62,center_frame_stack,24304
VRU,vru_accident:CAP_DATA:VRU_62,visual_4frame_stack,89765
VRU,vru_accident:CAP_DATA:VRU_62,fusion_stack,95260
VRU,vru_accident:CAP_DATA:VRU_63,raw_video,8025157
VRU,vru_accident:CAP_DATA:VRU_63,caption_stack,5196
VRU,vru_accident:CAP_DATA:VRU_63,center_frame_stack,39209
VRU,vru_accident:CAP_DATA:VRU_63,visual_4frame_stack,168186
VRU,vru_accident:CAP_DATA:VRU_63,fusion_stack,173382
VRU,vru_accident:CAP_DATA:VRU_64,raw_video,6146855
VRU,vru_accident:CAP_DATA:VRU_64,caption_stack,5207
VRU,vru_accident:CAP_DATA:VRU_64,center_frame_stack,42003
VRU,vru_accident:CAP_DATA:VRU_64,visual_4frame_stack,174586
VRU,vru_accident:CAP_DATA:VRU_64,fusion_stack,179793
VRU,vru_accident:CAP_DATA:VRU_65,raw_video,3151110
VRU,vru_accident:CAP_DATA:VRU_65,caption_stack,5014
VRU,vru_accident:CAP_DATA:VRU_65,center_frame_stack,33715
VRU,vru_accident:CAP_DATA:VRU_65,visual_4frame_stack,146072
VRU,vru_accident:CAP_DATA:VRU_65,fusion_stack,151086
VRU,vru_accident:CAP_DATA:VRU_66,raw_video,4314699
VRU,vru_accident:CAP_DATA:VRU_66,caption_stack,4893
VRU,vru_accident:CAP_DATA:VRU_66,center_frame_stack,44968
VRU,vru_accident:CAP_DATA:VRU_66,visual_4frame_stack,176379
VRU,vru_accident:CAP_DATA:VRU_66,fusion_stack,181272
VRU,vru_accident:CAP_DATA:VRU_67,raw_video,12286464
VRU,vru_accident:CAP_DATA:VRU_67,caption_stack,5367
VRU,vru_accident:CAP_DATA:VRU_67,center_frame_stack,44504
VRU,vru_accident:CAP_DATA:VRU_67,visual_4frame_stack,193595
VRU,vru_accident:CAP_DATA:VRU_67,fusion_stack,198962
VRU,vru_accident:CAP_DATA:VRU_68,raw_video,12146550
VRU,vru_accident:CAP_DATA:VRU_68,caption_stack,5190
VRU,vru_accident:CAP_DATA:VRU_68,center_frame_stack,51871
VRU,vru_accident:CAP_DATA:VRU_68,visual_4frame_stack,198829
VRU,vru_accident:CAP_DATA:VRU_68,fusion_stack,204019
VRU,vru_accident:CAP_DATA:VRU_69,raw_video,5057501
VRU,vru_accident:CAP_DATA:VRU_69,caption_stack,5014
VRU,vru_accident:CAP_DATA:VRU_69,center_frame_stack,33497
VRU,vru_accident:CAP_DATA:VRU_69,visual_4frame_stack,135725
VRU,vru_accident:CAP_DATA:VRU_69,fusion_stack,140739
VRU,vru_accident:CAP_DATA:VRU_7,raw_video,1544667
VRU,vru_accident:CAP_DATA:VRU_7,caption_stack,4987
VRU,vru_accident:CAP_DATA:VRU_7,center_frame_stack,19889
VRU,vru_accident:CAP_DATA:VRU_7,visual_4frame_stack,97263
VRU,vru_accident:CAP_DATA:VRU_7,fusion_stack,102250
VRU,vru_accident:CAP_DATA:VRU_70,raw_video,10608328
VRU,vru_accident:CAP_DATA:VRU_70,caption_stack,5144
VRU,vru_accident:CAP_DATA:VRU_70,center_frame_stack,47736
VRU,vru_accident:CAP_DATA:VRU_70,visual_4frame_stack,200390
VRU,vru_accident:CAP_DATA:VRU_70,fusion_stack,205534
VRU,vru_accident:CAP_DATA:VRU_71,raw_video,5355011
VRU,vru_accident:CAP_DATA:VRU_71,caption_stack,5243
VRU,vru_accident:CAP_DATA:VRU_71,center_frame_stack,45258
VRU,vru_accident:CAP_DATA:VRU_71,visual_4frame_stack,189392
VRU,vru_accident:CAP_DATA:VRU_71,fusion_stack,194635
VRU,vru_accident:CAP_DATA:VRU_72,raw_video,6244542
VRU,vru_accident:CAP_DATA:VRU_72,caption_stack,5046
VRU,vru_accident:CAP_DATA:VRU_72,center_frame_stack,39075
VRU,vru_accident:CAP_DATA:VRU_72,visual_4frame_stack,167304
VRU,vru_accident:CAP_DATA:VRU_72,fusion_stack,172350
VRU,vru_accident:CAP_DATA:VRU_73,raw_video,5305194
VRU,vru_accident:CAP_DATA:VRU_73,caption_stack,5431
VRU,vru_accident:CAP_DATA:VRU_73,center_frame_stack,32760
VRU,vru_accident:CAP_DATA:VRU_73,visual_4frame_stack,131005
VRU,vru_accident:CAP_DATA:VRU_73,fusion_stack,136436
VRU,vru_accident:CAP_DATA:VRU_74,raw_video,9807121
VRU,vru_accident:CAP_DATA:VRU_74,caption_stack,5275
VRU,vru_accident:CAP_DATA:VRU_74,center_frame_stack,43632
VRU,vru_accident:CAP_DATA:VRU_74,visual_4frame_stack,172163
VRU,vru_accident:CAP_DATA:VRU_74,fusion_stack,177438
VRU,vru_accident:CAP_DATA:VRU_75,raw_video,12606162
VRU,vru_accident:CAP_DATA:VRU_75,caption_stack,5157
VRU,vru_accident:CAP_DATA:VRU_75,center_frame_stack,41856
VRU,vru_accident:CAP_DATA:VRU_75,visual_4frame_stack,167557
VRU,vru_accident:CAP_DATA:VRU_75,fusion_stack,172714
VRU,vru_accident:CAP_DATA:VRU_76,raw_video,2867832
VRU,vru_accident:CAP_DATA:VRU_76,caption_stack,5146
VRU,vru_accident:CAP_DATA:VRU_76,center_frame_stack,30186
VRU,vru_accident:CAP_DATA:VRU_76,visual_4frame_stack,128932
VRU,vru_accident:CAP_DATA:VRU_76,fusion_stack,134078
VRU,vru_accident:CAP_DATA:VRU_77,raw_video,10449596
VRU,vru_accident:CAP_DATA:VRU_77,caption_stack,5363
VRU,vru_accident:CAP_DATA:VRU_77,center_frame_stack,53527
VRU,vru_accident:CAP_DATA:VRU_77,visual_4frame_stack,218200
VRU,vru_accident:CAP_DATA:VRU_77,fusion_stack,223563
VRU,vru_accident:CAP_DATA:VRU_78,raw_video,4345702
VRU,vru_accident:CAP_DATA:VRU_78,caption_stack,5221
VRU,vru_accident:CAP_DATA:VRU_78,center_frame_stack,25656
VRU,vru_accident:CAP_DATA:VRU_78,visual_4frame_stack,108443
VRU,vru_accident:CAP_DATA:VRU_78,fusion_stack,113664
VRU,vru_accident:CAP_DATA:VRU_79,raw_video,3420028
VRU,vru_accident:CAP_DATA:VRU_79,caption_stack,4950
VRU,vru_accident:CAP_DATA:VRU_79,center_frame_stack,35661
VRU,vru_accident:CAP_DATA:VRU_79,visual_4frame_stack,148848
VRU,vru_accident:CAP_DATA:VRU_79,fusion_stack,153798
VRU,vru_accident:CAP_DATA:VRU_8,raw_video,3341992
VRU,vru_accident:CAP_DATA:VRU_8,caption_stack,5054
VRU,vru_accident:CAP_DATA:VRU_8,center_frame_stack,37015
VRU,vru_accident:CAP_DATA:VRU_8,visual_4frame_stack,165388
VRU,vru_accident:CAP_DATA:VRU_8,fusion_stack,170442
VRU,vru_accident:CAP_DATA:VRU_80,raw_video,1646395
VRU,vru_accident:CAP_DATA:VRU_80,caption_stack,5207
VRU,vru_accident:CAP_DATA:VRU_80,center_frame_stack,39879
VRU,vru_accident:CAP_DATA:VRU_80,visual_4frame_stack,159502
VRU,vru_accident:CAP_DATA:VRU_80,fusion_stack,164709
VRU,vru_accident:CAP_DATA:VRU_81,raw_video,4271112
VRU,vru_accident:CAP_DATA:VRU_81,caption_stack,5040
VRU,vru_accident:CAP_DATA:VRU_81,center_frame_stack,41099
VRU,vru_accident:CAP_DATA:VRU_81,visual_4frame_stack,159276
VRU,vru_accident:CAP_DATA:VRU_81,fusion_stack,164316
VRU,vru_accident:CAP_DATA:VRU_82,raw_video,1415583
VRU,vru_accident:CAP_DATA:VRU_82,caption_stack,5085
VRU,vru_accident:CAP_DATA:VRU_82,center_frame_stack,30173
VRU,vru_accident:CAP_DATA:VRU_82,visual_4frame_stack,129631
VRU,vru_accident:CAP_DATA:VRU_82,fusion_stack,134716
VRU,vru_accident:CAP_DATA:VRU_83,raw_video,4000642
VRU,vru_accident:CAP_DATA:VRU_83,caption_stack,4942
VRU,vru_accident:CAP_DATA:VRU_83,center_frame_stack,39954
VRU,vru_accident:CAP_DATA:VRU_83,visual_4frame_stack,163385
VRU,vru_accident:CAP_DATA:VRU_83,fusion_stack,168327
VRU,vru_accident:CAP_DATA:VRU_84,raw_video,1235616
VRU,vru_accident:CAP_DATA:VRU_84,caption_stack,5337
VRU,vru_accident:CAP_DATA:VRU_84,center_frame_stack,24108
VRU,vru_accident:CAP_DATA:VRU_84,visual_4frame_stack,100468
VRU,vru_accident:CAP_DATA:VRU_84,fusion_stack,105805
VRU,vru_accident:CAP_DATA:VRU_85,raw_video,6514161
VRU,vru_accident:CAP_DATA:VRU_85,caption_stack,5261
VRU,vru_accident:CAP_DATA:VRU_85,center_frame_stack,36133
VRU,vru_accident:CAP_DATA:VRU_85,visual_4frame_stack,145035
VRU,vru_accident:CAP_DATA:VRU_85,fusion_stack,150296
VRU,vru_accident:CAP_DATA:VRU_86,raw_video,4605761
VRU,vru_accident:CAP_DATA:VRU_86,caption_stack,5235
VRU,vru_accident:CAP_DATA:VRU_86,center_frame_stack,25191
VRU,vru_accident:CAP_DATA:VRU_86,visual_4frame_stack,112157
VRU,vru_accident:CAP_DATA:VRU_86,fusion_stack,117392
VRU,vru_accident:CAP_DATA:VRU_87,raw_video,9067246
VRU,vru_accident:CAP_DATA:VRU_87,caption_stack,4943
VRU,vru_accident:CAP_DATA:VRU_87,center_frame_stack,41701
VRU,vru_accident:CAP_DATA:VRU_87,visual_4frame_stack,166159
VRU,vru_accident:CAP_DATA:VRU_87,fusion_stack,171102
VRU,vru_accident:CAP_DATA:VRU_88,raw_video,8904107
VRU,vru_accident:CAP_DATA:VRU_88,caption_stack,4927
VRU,vru_accident:CAP_DATA:VRU_88,center_frame_stack,40916
VRU,vru_accident:CAP_DATA:VRU_88,visual_4frame_stack,169519
VRU,vru_accident:CAP_DATA:VRU_88,fusion_stack,174446
VRU,vru_accident:CAP_DATA:VRU_89,raw_video,10322662
VRU,vru_accident:CAP_DATA:VRU_89,caption_stack,5423
VRU,vru_accident:CAP_DATA:VRU_89,center_frame_stack,42725
VRU,vru_accident:CAP_DATA:VRU_89,visual_4frame_stack,176127
VRU,vru_accident:CAP_DATA:VRU_89,fusion_stack,181550
VRU,vru_accident:CAP_DATA:VRU_9,raw_video,2053973
VRU,vru_accident:CAP_DATA:VRU_9,caption_stack,5090
VRU,vru_accident:CAP_DATA:VRU_9,center_frame_stack,26544
VRU,vru_accident:CAP_DATA:VRU_9,visual_4frame_stack,113588
VRU,vru_accident:CAP_DATA:VRU_9,fusion_stack,118678
VRU,vru_accident:CAP_DATA:VRU_90,raw_video,845600
VRU,vru_accident:CAP_DATA:VRU_90,caption_stack,4823
VRU,vru_accident:CAP_DATA:VRU_90,center_frame_stack,33570
VRU,vru_accident:CAP_DATA:VRU_90,visual_4frame_stack,137250
VRU,vru_accident:CAP_DATA:VRU_90,fusion_stack,142073
VRU,vru_accident:CAP_DATA:VRU_91,raw_video,1229276
VRU,vru_accident:CAP_DATA:VRU_91,caption_stack,4933
VRU,vru_accident:CAP_DATA:VRU_91,center_frame_stack,40924
VRU,vru_accident:CAP_DATA:VRU_91,visual_4frame_stack,170983
VRU,vru_accident:CAP_DATA:VRU_91,fusion_stack,175916
VRU,vru_accident:CAP_DATA:VRU_92,raw_video,10757330
VRU,vru_accident:CAP_DATA:VRU_92,caption_stack,5234
VRU,vru_accident:CAP_DATA:VRU_92,center_frame_stack,56267
VRU,vru_accident:CAP_DATA:VRU_92,visual_4frame_stack,223761
VRU,vru_accident:CAP_DATA:VRU_92,fusion_stack,228995
VRU,vru_accident:CAP_DATA:VRU_93,raw_video,1085160
VRU,vru_accident:CAP_DATA:VRU_93,caption_stack,5256
VRU,vru_accident:CAP_DATA:VRU_93,center_frame_stack,31808
VRU,vru_accident:CAP_DATA:VRU_93,visual_4frame_stack,131932
VRU,vru_accident:CAP_DATA:VRU_93,fusion_stack,137188
VRU,vru_accident:CAP_DATA:VRU_94,raw_video,954836
VRU,vru_accident:CAP_DATA:VRU_94,caption_stack,5043
VRU,vru_accident:CAP_DATA:VRU_94,center_frame_stack,36296
VRU,vru_accident:CAP_DATA:VRU_94,visual_4frame_stack,141435
VRU,vru_accident:CAP_DATA:VRU_94,fusion_stack,146478
VRU,vru_accident:CAP_DATA:VRU_95,raw_video,1844758
VRU,vru_accident:CAP_DATA:VRU_95,caption_stack,5087
VRU,vru_accident:CAP_DATA:VRU_95,center_frame_stack,28812
VRU,vru_accident:CAP_DATA:VRU_95,visual_4frame_stack,114136
VRU,vru_accident:CAP_DATA:VRU_95,fusion_stack,119223
VRU,vru_accident:CAP_DATA:VRU_96,raw_video,2325803
VRU,vru_accident:CAP_DATA:VRU_96,caption_stack,5146
VRU,vru_accident:CAP_DATA:VRU_96,center_frame_stack,43622
VRU,vru_accident:CAP_DATA:VRU_96,visual_4frame_stack,173306
VRU,vru_accident:CAP_DATA:VRU_96,fusion_stack,178452
VRU,vru_accident:CAP_DATA:VRU_97,raw_video,1277786
VRU,vru_accident:CAP_DATA:VRU_97,caption_stack,5011
VRU,vru_accident:CAP_DATA:VRU_97,center_frame_stack,32514
VRU,vru_accident:CAP_DATA:VRU_97,visual_4frame_stack,136582
VRU,vru_accident:CAP_DATA:VRU_97,fusion_stack,141593
VRU,vru_accident:CAP_DATA:VRU_98,raw_video,1522461
VRU,vru_accident:CAP_DATA:VRU_98,caption_stack,5018
VRU,vru_accident:CAP_DATA:VRU_98,center_frame_stack,41018
VRU,vru_accident:CAP_DATA:VRU_98,visual_4frame_stack,168292
VRU,vru_accident:CAP_DATA:VRU_98,fusion_stack,173310
VRU,vru_accident:CAP_DATA:VRU_99,raw_video,9425370
VRU,vru_accident:CAP_DATA:VRU_99,caption_stack,5226
VRU,vru_accident:CAP_DATA:VRU_99,center_frame_stack,58654
VRU,vru_accident:CAP_DATA:VRU_99,visual_4frame_stack,234759
VRU,vru_accident:CAP_DATA:VRU_99,fusion_stack,239985
VRU,vru_accident:DADA_2000:VRU_1,raw_video,5193217
VRU,vru_accident:DADA_2000:VRU_1,caption_stack,5028
VRU,vru_accident:DADA_2000:VRU_1,center_frame_stack,27481
VRU,vru_accident:DADA_2000:VRU_1,visual_4frame_stack,97972
VRU,vru_accident:DADA_2000:VRU_1,fusion_stack,103000
VRU,vru_accident:DADA_2000:VRU_10,raw_video,13718767
VRU,vru_accident:DADA_2000:VRU_10,caption_stack,5192
VRU,vru_accident:DADA_2000:VRU_10,center_frame_stack,29272
VRU,vru_accident:DADA_2000:VRU_10,visual_4frame_stack,130564
VRU,vru_accident:DADA_2000:VRU_10,fusion_stack,135756
VRU,vru_accident:DADA_2000:VRU_100,raw_video,9589881
VRU,vru_accident:DADA_2000:VRU_100,caption_stack,4836
VRU,vru_accident:DADA_2000:VRU_100,center_frame_stack,46374
VRU,vru_accident:DADA_2000:VRU_100,visual_4frame_stack,173834
VRU,vru_accident:DADA_2000:VRU_100,fusion_stack,178670
VRU,vru_accident:DADA_2000:VRU_101,raw_video,10316591
VRU,vru_accident:DADA_2000:VRU_101,caption_stack,5102
VRU,vru_accident:DADA_2000:VRU_101,center_frame_stack,37553
VRU,vru_accident:DADA_2000:VRU_101,visual_4frame_stack,150949
VRU,vru_accident:DADA_2000:VRU_101,fusion_stack,156051
VRU,vru_accident:DADA_2000:VRU_102,raw_video,4447151
VRU,vru_accident:DADA_2000:VRU_102,caption_stack,4758
VRU,vru_accident:DADA_2000:VRU_102,center_frame_stack,25483
VRU,vru_accident:DADA_2000:VRU_102,visual_4frame_stack,109603
VRU,vru_accident:DADA_2000:VRU_102,fusion_stack,114361
VRU,vru_accident:DADA_2000:VRU_103,raw_video,3711727
VRU,vru_accident:DADA_2000:VRU_103,caption_stack,4904
VRU,vru_accident:DADA_2000:VRU_103,center_frame_stack,26560
VRU,vru_accident:DADA_2000:VRU_103,visual_4frame_stack,107688
VRU,vru_accident:DADA_2000:VRU_103,fusion_stack,112592
VRU,vru_accident:DADA_2000:VRU_104,raw_video,3125593
VRU,vru_accident:DADA_2000:VRU_104,caption_stack,4741
VRU,vru_accident:DADA_2000:VRU_104,center_frame_stack,20219
VRU,vru_accident:DADA_2000:VRU_104,visual_4frame_stack,87830
VRU,vru_accident:DADA_2000:VRU_104,fusion_stack,92571
VRU,vru_accident:DADA_2000:VRU_105,raw_video,2055593
VRU,vru_accident:DADA_2000:VRU_105,caption_stack,5054
VRU,vru_accident:DADA_2000:VRU_105,center_frame_stack,38276
VRU,vru_accident:DADA_2000:VRU_105,visual_4frame_stack,141816
VRU,vru_accident:DADA_2000:VRU_105,fusion_stack,146870
VRU,vru_accident:DADA_2000:VRU_106,raw_video,2809555
VRU,vru_accident:DADA_2000:VRU_106,caption_stack,5044
VRU,vru_accident:DADA_2000:VRU_106,center_frame_stack,43578
VRU,vru_accident:DADA_2000:VRU_106,visual_4frame_stack,171002
VRU,vru_accident:DADA_2000:VRU_106,fusion_stack,176046
VRU,vru_accident:DADA_2000:VRU_107,raw_video,2348852
VRU,vru_accident:DADA_2000:VRU_107,caption_stack,4897
VRU,vru_accident:DADA_2000:VRU_107,center_frame_stack,31707
VRU,vru_accident:DADA_2000:VRU_107,visual_4frame_stack,125544
VRU,vru_accident:DADA_2000:VRU_107,fusion_stack,130441
VRU,vru_accident:DADA_2000:VRU_108,raw_video,2120409
VRU,vru_accident:DADA_2000:VRU_108,caption_stack,4657
VRU,vru_accident:DADA_2000:VRU_108,center_frame_stack,18091
VRU,vru_accident:DADA_2000:VRU_108,visual_4frame_stack,71500
VRU,vru_accident:DADA_2000:VRU_108,fusion_stack,76157
VRU,vru_accident:DADA_2000:VRU_109,raw_video,3221153
VRU,vru_accident:DADA_2000:VRU_109,caption_stack,4937
VRU,vru_accident:DADA_2000:VRU_109,center_frame_stack,30530
VRU,vru_accident:DADA_2000:VRU_109,visual_4frame_stack,117920
VRU,vru_accident:DADA_2000:VRU_109,fusion_stack,122857
VRU,vru_accident:DADA_2000:VRU_11,raw_video,8271751
VRU,vru_accident:DADA_2000:VRU_11,caption_stack,5029
VRU,vru_accident:DADA_2000:VRU_11,center_frame_stack,31193
VRU,vru_accident:DADA_2000:VRU_11,visual_4frame_stack,125622
VRU,vru_accident:DADA_2000:VRU_11,fusion_stack,130651
VRU,vru_accident:DADA_2000:VRU_110,raw_video,5879210
VRU,vru_accident:DADA_2000:VRU_110,caption_stack,4942
VRU,vru_accident:DADA_2000:VRU_110,center_frame_stack,42374
VRU,vru_accident:DADA_2000:VRU_110,visual_4frame_stack,164990
VRU,vru_accident:DADA_2000:VRU_110,fusion_stack,169932
VRU,vru_accident:DADA_2000:VRU_111,raw_video,7006756
VRU,vru_accident:DADA_2000:VRU_111,caption_stack,4856
VRU,vru_accident:DADA_2000:VRU_111,center_frame_stack,32531
VRU,vru_accident:DADA_2000:VRU_111,visual_4frame_stack,131622
VRU,vru_accident:DADA_2000:VRU_111,fusion_stack,136478
VRU,vru_accident:DADA_2000:VRU_112,raw_video,10590285
VRU,vru_accident:DADA_2000:VRU_112,caption_stack,4617
VRU,vru_accident:DADA_2000:VRU_112,center_frame_stack,27996
VRU,vru_accident:DADA_2000:VRU_112,visual_4frame_stack,108154
VRU,vru_accident:DADA_2000:VRU_112,fusion_stack,112771
VRU,vru_accident:DADA_2000:VRU_113,raw_video,6464572
VRU,vru_accident:DADA_2000:VRU_113,caption_stack,4883
VRU,vru_accident:DADA_2000:VRU_113,center_frame_stack,41866
VRU,vru_accident:DADA_2000:VRU_113,visual_4frame_stack,163207
VRU,vru_accident:DADA_2000:VRU_113,fusion_stack,168090
VRU,vru_accident:DADA_2000:VRU_114,raw_video,4832267
VRU,vru_accident:DADA_2000:VRU_114,caption_stack,4906
VRU,vru_accident:DADA_2000:VRU_114,center_frame_stack,35585
VRU,vru_accident:DADA_2000:VRU_114,visual_4frame_stack,139123
VRU,vru_accident:DADA_2000:VRU_114,fusion_stack,144029
VRU,vru_accident:DADA_2000:VRU_115,raw_video,8384303
VRU,vru_accident:DADA_2000:VRU_115,caption_stack,4882
VRU,vru_accident:DADA_2000:VRU_115,center_frame_stack,30128
VRU,vru_accident:DADA_2000:VRU_115,visual_4frame_stack,106605
VRU,vru_accident:DADA_2000:VRU_115,fusion_stack,111487
VRU,vru_accident:DADA_2000:VRU_116,raw_video,4649771
VRU,vru_accident:DADA_2000:VRU_116,caption_stack,4686
VRU,vru_accident:DADA_2000:VRU_116,center_frame_stack,30881
VRU,vru_accident:DADA_2000:VRU_116,visual_4frame_stack,127472
VRU,vru_accident:DADA_2000:VRU_116,fusion_stack,132158
VRU,vru_accident:DADA_2000:VRU_117,raw_video,2746180
VRU,vru_accident:DADA_2000:VRU_117,caption_stack,4847
VRU,vru_accident:DADA_2000:VRU_117,center_frame_stack,32263
VRU,vru_accident:DADA_2000:VRU_117,visual_4frame_stack,128818
VRU,vru_accident:DADA_2000:VRU_117,fusion_stack,133665
VRU,vru_accident:DADA_2000:VRU_118,raw_video,4857862
VRU,vru_accident:DADA_2000:VRU_118,caption_stack,5103
VRU,vru_accident:DADA_2000:VRU_118,center_frame_stack,26199
VRU,vru_accident:DADA_2000:VRU_118,visual_4frame_stack,101114
VRU,vru_accident:DADA_2000:VRU_118,fusion_stack,106217
VRU,vru_accident:DADA_2000:VRU_119,raw_video,3360154
VRU,vru_accident:DADA_2000:VRU_119,caption_stack,4703
VRU,vru_accident:DADA_2000:VRU_119,center_frame_stack,30342
VRU,vru_accident:DADA_2000:VRU_119,visual_4frame_stack,113090
VRU,vru_accident:DADA_2000:VRU_119,fusion_stack,117793
VRU,vru_accident:DADA_2000:VRU_12,raw_video,7745027
VRU,vru_accident:DADA_2000:VRU_12,caption_stack,4941
VRU,vru_accident:DADA_2000:VRU_12,center_frame_stack,30871
VRU,vru_accident:DADA_2000:VRU_12,visual_4frame_stack,120408
VRU,vru_accident:DADA_2000:VRU_12,fusion_stack,125349
VRU,vru_accident:DADA_2000:VRU_120,raw_video,7278325
VRU,vru_accident:DADA_2000:VRU_120,caption_stack,5216
VRU,vru_accident:DADA_2000:VRU_120,center_frame_stack,33993
VRU,vru_accident:DADA_2000:VRU_120,visual_4frame_stack,134171
VRU,vru_accident:DADA_2000:VRU_120,fusion_stack,139387
VRU,vru_accident:DADA_2000:VRU_121,raw_video,4518600
VRU,vru_accident:DADA_2000:VRU_121,caption_stack,4706
VRU,vru_accident:DADA_2000:VRU_121,center_frame_stack,29548
VRU,vru_accident:DADA_2000:VRU_121,visual_4frame_stack,118752
VRU,vru_accident:DADA_2000:VRU_121,fusion_stack,123458
VRU,vru_accident:DADA_2000:VRU_122,raw_video,10591757
VRU,vru_accident:DADA_2000:VRU_122,caption_stack,4787
VRU,vru_accident:DADA_2000:VRU_122,center_frame_stack,28616
VRU,vru_accident:DADA_2000:VRU_122,visual_4frame_stack,111558
VRU,vru_accident:DADA_2000:VRU_122,fusion_stack,116345
VRU,vru_accident:DADA_2000:VRU_123,raw_video,7424177
VRU,vru_accident:DADA_2000:VRU_123,caption_stack,4920
VRU,vru_accident:DADA_2000:VRU_123,center_frame_stack,27471
VRU,vru_accident:DADA_2000:VRU_123,visual_4frame_stack,110395
VRU,vru_accident:DADA_2000:VRU_123,fusion_stack,115315
VRU,vru_accident:DADA_2000:VRU_124,raw_video,9002751
VRU,vru_accident:DADA_2000:VRU_124,caption_stack,4720
VRU,vru_accident:DADA_2000:VRU_124,center_frame_stack,40760
VRU,vru_accident:DADA_2000:VRU_124,visual_4frame_stack,154523
VRU,vru_accident:DADA_2000:VRU_124,fusion_stack,159243
VRU,vru_accident:DADA_2000:VRU_125,raw_video,5606177
VRU,vru_accident:DADA_2000:VRU_125,caption_stack,5161
VRU,vru_accident:DADA_2000:VRU_125,center_frame_stack,21949
VRU,vru_accident:DADA_2000:VRU_125,visual_4frame_stack,85577
VRU,vru_accident:DADA_2000:VRU_125,fusion_stack,90738
VRU,vru_accident:DADA_2000:VRU_126,raw_video,2478532
VRU,vru_accident:DADA_2000:VRU_126,caption_stack,5150
VRU,vru_accident:DADA_2000:VRU_126,center_frame_stack,21873
VRU,vru_accident:DADA_2000:VRU_126,visual_4frame_stack,91823
VRU,vru_accident:DADA_2000:VRU_126,fusion_stack,96973
VRU,vru_accident:DADA_2000:VRU_127,raw_video,3013462
VRU,vru_accident:DADA_2000:VRU_127,caption_stack,5187
VRU,vru_accident:DADA_2000:VRU_127,center_frame_stack,24195
VRU,vru_accident:DADA_2000:VRU_127,visual_4frame_stack,99881
VRU,vru_accident:DADA_2000:VRU_127,fusion_stack,105068
VRU,vru_accident:DADA_2000:VRU_128,raw_video,4485160
VRU,vru_accident:DADA_2000:VRU_128,caption_stack,4957
VRU,vru_accident:DADA_2000:VRU_128,center_frame_stack,34954
VRU,vru_accident:DADA_2000:VRU_128,visual_4frame_stack,134092
VRU,vru_accident:DADA_2000:VRU_128,fusion_stack,139049
VRU,vru_accident:DADA_2000:VRU_129,raw_video,3366220
VRU,vru_accident:DADA_2000:VRU_129,caption_stack,4966
VRU,vru_accident:DADA_2000:VRU_129,center_frame_stack,31675
VRU,vru_accident:DADA_2000:VRU_129,visual_4frame_stack,122207
VRU,vru_accident:DADA_2000:VRU_129,fusion_stack,127173
VRU,vru_accident:DADA_2000:VRU_13,raw_video,6960038
VRU,vru_accident:DADA_2000:VRU_13,caption_stack,5031
VRU,vru_accident:DADA_2000:VRU_13,center_frame_stack,31532
VRU,vru_accident:DADA_2000:VRU_13,visual_4frame_stack,131598
VRU,vru_accident:DADA_2000:VRU_13,fusion_stack,136629
VRU,vru_accident:DADA_2000:VRU_130,raw_video,5590662
VRU,vru_accident:DADA_2000:VRU_130,caption_stack,4967
VRU,vru_accident:DADA_2000:VRU_130,center_frame_stack,29043
VRU,vru_accident:DADA_2000:VRU_130,visual_4frame_stack,107981
VRU,vru_accident:DADA_2000:VRU_130,fusion_stack,112948
VRU,vru_accident:DADA_2000:VRU_131,raw_video,9333521
VRU,vru_accident:DADA_2000:VRU_131,caption_stack,4975
VRU,vru_accident:DADA_2000:VRU_131,center_frame_stack,33145
VRU,vru_accident:DADA_2000:VRU_131,visual_4frame_stack,132739
VRU,vru_accident:DADA_2000:VRU_131,fusion_stack,137714
VRU,vru_accident:DADA_2000:VRU_132,raw_video,2536371
VRU,vru_accident:DADA_2000:VRU_132,caption_stack,4938
VRU,vru_accident:DADA_2000:VRU_132,center_frame_stack,25045
VRU,vru_accident:DADA_2000:VRU_132,visual_4frame_stack,101906
VRU,vru_accident:DADA_2000:VRU_132,fusion_stack,106844
VRU,vru_accident:DADA_2000:VRU_133,raw_video,8973856
VRU,vru_accident:DADA_2000:VRU_133,caption_stack,4979
VRU,vru_accident:DADA_2000:VRU_133,center_frame_stack,31520
VRU,vru_accident:DADA_2000:VRU_133,visual_4frame_stack,122642
VRU,vru_accident:DADA_2000:VRU_133,fusion_stack,127621
VRU,vru_accident:DADA_2000:VRU_134,raw_video,5255464
VRU,vru_accident:DADA_2000:VRU_134,caption_stack,4810
VRU,vru_accident:DADA_2000:VRU_134,center_frame_stack,32283
VRU,vru_accident:DADA_2000:VRU_134,visual_4frame_stack,128046
VRU,vru_accident:DADA_2000:VRU_134,fusion_stack,132856
VRU,vru_accident:DADA_2000:VRU_135,raw_video,4121063
VRU,vru_accident:DADA_2000:VRU_135,caption_stack,4773
VRU,vru_accident:DADA_2000:VRU_135,center_frame_stack,28285
VRU,vru_accident:DADA_2000:VRU_135,visual_4frame_stack,107470
VRU,vru_accident:DADA_2000:VRU_135,fusion_stack,112243
VRU,vru_accident:DADA_2000:VRU_136,raw_video,5097660
VRU,vru_accident:DADA_2000:VRU_136,caption_stack,4936
VRU,vru_accident:DADA_2000:VRU_136,center_frame_stack,33587
VRU,vru_accident:DADA_2000:VRU_136,visual_4frame_stack,131557
VRU,vru_accident:DADA_2000:VRU_136,fusion_stack,136493
VRU,vru_accident:DADA_2000:VRU_137,raw_video,6174628
VRU,vru_accident:DADA_2000:VRU_137,caption_stack,4872
VRU,vru_accident:DADA_2000:VRU_137,center_frame_stack,30979
VRU,vru_accident:DADA_2000:VRU_137,visual_4frame_stack,121929
VRU,vru_accident:DADA_2000:VRU_137,fusion_stack,126801
VRU,vru_accident:DADA_2000:VRU_138,raw_video,5395368
VRU,vru_accident:DADA_2000:VRU_138,caption_stack,5010
VRU,vru_accident:DADA_2000:VRU_138,center_frame_stack,34498
VRU,vru_accident:DADA_2000:VRU_138,visual_4frame_stack,136902
VRU,vru_accident:DADA_2000:VRU_138,fusion_stack,141912
VRU,vru_accident:DADA_2000:VRU_139,raw_video,2247844
VRU,vru_accident:DADA_2000:VRU_139,caption_stack,4815
VRU,vru_accident:DADA_2000:VRU_139,center_frame_stack,27720
VRU,vru_accident:DADA_2000:VRU_139,visual_4frame_stack,116153
VRU,vru_accident:DADA_2000:VRU_139,fusion_stack,120968
VRU,vru_accident:DADA_2000:VRU_14,raw_video,4995950
VRU,vru_accident:DADA_2000:VRU_14,caption_stack,5096
VRU,vru_accident:DADA_2000:VRU_14,center_frame_stack,27320
VRU,vru_accident:DADA_2000:VRU_14,visual_4frame_stack,105590
VRU,vru_accident:DADA_2000:VRU_14,fusion_stack,110686
VRU,vru_accident:DADA_2000:VRU_140,raw_video,3273808
VRU,vru_accident:DADA_2000:VRU_140,caption_stack,5209
VRU,vru_accident:DADA_2000:VRU_140,center_frame_stack,26323
VRU,vru_accident:DADA_2000:VRU_140,visual_4frame_stack,99687
VRU,vru_accident:DADA_2000:VRU_140,fusion_stack,104896
VRU,vru_accident:DADA_2000:VRU_141,raw_video,6099634
VRU,vru_accident:DADA_2000:VRU_141,caption_stack,5117
VRU,vru_accident:DADA_2000:VRU_141,center_frame_stack,37017
VRU,vru_accident:DADA_2000:VRU_141,visual_4frame_stack,141571
VRU,vru_accident:DADA_2000:VRU_141,fusion_stack,146688
VRU,vru_accident:DADA_2000:VRU_142,raw_video,5378723
VRU,vru_accident:DADA_2000:VRU_142,caption_stack,4958
VRU,vru_accident:DADA_2000:VRU_142,center_frame_stack,25271
VRU,vru_accident:DADA_2000:VRU_142,visual_4frame_stack,108010
VRU,vru_accident:DADA_2000:VRU_142,fusion_stack,112968
VRU,vru_accident:DADA_2000:VRU_143,raw_video,4257734
VRU,vru_accident:DADA_2000:VRU_143,caption_stack,5017
VRU,vru_accident:DADA_2000:VRU_143,center_frame_stack,33447
VRU,vru_accident:DADA_2000:VRU_143,visual_4frame_stack,136398
VRU,vru_accident:DADA_2000:VRU_143,fusion_stack,141415
VRU,vru_accident:DADA_2000:VRU_144,raw_video,6510488
VRU,vru_accident:DADA_2000:VRU_144,caption_stack,5006
VRU,vru_accident:DADA_2000:VRU_144,center_frame_stack,28448
VRU,vru_accident:DADA_2000:VRU_144,visual_4frame_stack,111426
VRU,vru_accident:DADA_2000:VRU_144,fusion_stack,116432
VRU,vru_accident:DADA_2000:VRU_145,raw_video,2535191
VRU,vru_accident:DADA_2000:VRU_145,caption_stack,5109
VRU,vru_accident:DADA_2000:VRU_145,center_frame_stack,26571
VRU,vru_accident:DADA_2000:VRU_145,visual_4frame_stack,110502
VRU,vru_accident:DADA_2000:VRU_145,fusion_stack,115611
VRU,vru_accident:DADA_2000:VRU_146,raw_video,5686222
VRU,vru_accident:DADA_2000:VRU_146,caption_stack,5171
VRU,vru_accident:DADA_2000:VRU_146,center_frame_stack,36222
VRU,vru_accident:DADA_2000:VRU_146,visual_4frame_stack,140000
VRU,vru_accident:DADA_2000:VRU_146,fusion_stack,145171
VRU,vru_accident:DADA_2000:VRU_147,raw_video,6453054
VRU,vru_accident:DADA_2000:VRU_147,caption_stack,5469
VRU,vru_accident:DADA_2000:VRU_147,center_frame_stack,35553
VRU,vru_accident:DADA_2000:VRU_147,visual_4frame_stack,128840
VRU,vru_accident:DADA_2000:VRU_147,fusion_stack,134309
VRU,vru_accident:DADA_2000:VRU_148,raw_video,5471314
VRU,vru_accident:DADA_2000:VRU_148,caption_stack,5131
VRU,vru_accident:DADA_2000:VRU_148,center_frame_stack,33899
VRU,vru_accident:DADA_2000:VRU_148,visual_4frame_stack,129050
VRU,vru_accident:DADA_2000:VRU_148,fusion_stack,134181
VRU,vru_accident:DADA_2000:VRU_149,raw_video,9889581
VRU,vru_accident:DADA_2000:VRU_149,caption_stack,5140
VRU,vru_accident:DADA_2000:VRU_149,center_frame_stack,34388
VRU,vru_accident:DADA_2000:VRU_149,visual_4frame_stack,135567
VRU,vru_accident:DADA_2000:VRU_149,fusion_stack,140707
VRU,vru_accident:DADA_2000:VRU_15,raw_video,4164072
VRU,vru_accident:DADA_2000:VRU_15,caption_stack,5547
VRU,vru_accident:DADA_2000:VRU_15,center_frame_stack,28733
VRU,vru_accident:DADA_2000:VRU_15,visual_4frame_stack,114293
VRU,vru_accident:DADA_2000:VRU_15,fusion_stack,119840
VRU,vru_accident:DADA_2000:VRU_150,raw_video,8477516
VRU,vru_accident:DADA_2000:VRU_150,caption_stack,4893
VRU,vru_accident:DADA_2000:VRU_150,center_frame_stack,39049
VRU,vru_accident:DADA_2000:VRU_150,visual_4frame_stack,154438
VRU,vru_accident:DADA_2000:VRU_150,fusion_stack,159331
VRU,vru_accident:DADA_2000:VRU_151,raw_video,5129110
VRU,vru_accident:DADA_2000:VRU_151,caption_stack,4801
VRU,vru_accident:DADA_2000:VRU_151,center_frame_stack,26969
VRU,vru_accident:DADA_2000:VRU_151,visual_4frame_stack,108858
VRU,vru_accident:DADA_2000:VRU_151,fusion_stack,113659
VRU,vru_accident:DADA_2000:VRU_152,raw_video,4894347
VRU,vru_accident:DADA_2000:VRU_152,caption_stack,5024
VRU,vru_accident:DADA_2000:VRU_152,center_frame_stack,38694
VRU,vru_accident:DADA_2000:VRU_152,visual_4frame_stack,153639
VRU,vru_accident:DADA_2000:VRU_152,fusion_stack,158663
VRU,vru_accident:DADA_2000:VRU_153,raw_video,9828990
VRU,vru_accident:DADA_2000:VRU_153,caption_stack,4634
VRU,vru_accident:DADA_2000:VRU_153,center_frame_stack,33457
VRU,vru_accident:DADA_2000:VRU_153,visual_4frame_stack,128216
VRU,vru_accident:DADA_2000:VRU_153,fusion_stack,132850
VRU,vru_accident:DADA_2000:VRU_154,raw_video,2948040
VRU,vru_accident:DADA_2000:VRU_154,caption_stack,4902
VRU,vru_accident:DADA_2000:VRU_154,center_frame_stack,31251
VRU,vru_accident:DADA_2000:VRU_154,visual_4frame_stack,117695
VRU,vru_accident:DADA_2000:VRU_154,fusion_stack,122597
VRU,vru_accident:DADA_2000:VRU_155,raw_video,7438642
VRU,vru_accident:DADA_2000:VRU_155,caption_stack,5014
VRU,vru_accident:DADA_2000:VRU_155,center_frame_stack,29068
VRU,vru_accident:DADA_2000:VRU_155,visual_4frame_stack,119670
VRU,vru_accident:DADA_2000:VRU_155,fusion_stack,124684
VRU,vru_accident:DADA_2000:VRU_156,raw_video,4277773
VRU,vru_accident:DADA_2000:VRU_156,caption_stack,5040
VRU,vru_accident:DADA_2000:VRU_156,center_frame_stack,33053
VRU,vru_accident:DADA_2000:VRU_156,visual_4frame_stack,132775
VRU,vru_accident:DADA_2000:VRU_156,fusion_stack,137815
VRU,vru_accident:DADA_2000:VRU_157,raw_video,8871694
VRU,vru_accident:DADA_2000:VRU_157,caption_stack,5040
VRU,vru_accident:DADA_2000:VRU_157,center_frame_stack,32758
VRU,vru_accident:DADA_2000:VRU_157,visual_4frame_stack,131103
VRU,vru_accident:DADA_2000:VRU_157,fusion_stack,136143
VRU,vru_accident:DADA_2000:VRU_158,raw_video,6182610
VRU,vru_accident:DADA_2000:VRU_158,caption_stack,4973
VRU,vru_accident:DADA_2000:VRU_158,center_frame_stack,29174
VRU,vru_accident:DADA_2000:VRU_158,visual_4frame_stack,119686
VRU,vru_accident:DADA_2000:VRU_158,fusion_stack,124659
VRU,vru_accident:DADA_2000:VRU_159,raw_video,3888702
VRU,vru_accident:DADA_2000:VRU_159,caption_stack,5005
VRU,vru_accident:DADA_2000:VRU_159,center_frame_stack,28252
VRU,vru_accident:DADA_2000:VRU_159,visual_4frame_stack,117530
VRU,vru_accident:DADA_2000:VRU_159,fusion_stack,122535
VRU,vru_accident:DADA_2000:VRU_16,raw_video,5717881
VRU,vru_accident:DADA_2000:VRU_16,caption_stack,5052
VRU,vru_accident:DADA_2000:VRU_16,center_frame_stack,31935
VRU,vru_accident:DADA_2000:VRU_16,visual_4frame_stack,121736
VRU,vru_accident:DADA_2000:VRU_16,fusion_stack,126788
VRU,vru_accident:DADA_2000:VRU_160,raw_video,5761927
VRU,vru_accident:DADA_2000:VRU_160,caption_stack,4984
VRU,vru_accident:DADA_2000:VRU_160,center_frame_stack,32256
VRU,vru_accident:DADA_2000:VRU_160,visual_4frame_stack,132600
VRU,vru_accident:DADA_2000:VRU_160,fusion_stack,137584
VRU,vru_accident:DADA_2000:VRU_161,raw_video,5714871
VRU,vru_accident:DADA_2000:VRU_161,caption_stack,5061
VRU,vru_accident:DADA_2000:VRU_161,center_frame_stack,28114
VRU,vru_accident:DADA_2000:VRU_161,visual_4frame_stack,111670
VRU,vru_accident:DADA_2000:VRU_161,fusion_stack,116731
VRU,vru_accident:DADA_2000:VRU_162,raw_video,4814089
VRU,vru_accident:DADA_2000:VRU_162,caption_stack,4956
VRU,vru_accident:DADA_2000:VRU_162,center_frame_stack,24227
VRU,vru_accident:DADA_2000:VRU_162,visual_4frame_stack,92049
VRU,vru_accident:DADA_2000:VRU_162,fusion_stack,97005
VRU,vru_accident:DADA_2000:VRU_163,raw_video,3730915
VRU,vru_accident:DADA_2000:VRU_163,caption_stack,4876
VRU,vru_accident:DADA_2000:VRU_163,center_frame_stack,30485
VRU,vru_accident:DADA_2000:VRU_163,visual_4frame_stack,122673
VRU,vru_accident:DADA_2000:VRU_163,fusion_stack,127549
VRU,vru_accident:DADA_2000:VRU_164,raw_video,5164081
VRU,vru_accident:DADA_2000:VRU_164,caption_stack,4805
VRU,vru_accident:DADA_2000:VRU_164,center_frame_stack,32885
VRU,vru_accident:DADA_2000:VRU_164,visual_4frame_stack,132553
VRU,vru_accident:DADA_2000:VRU_164,fusion_stack,137358
VRU,vru_accident:DADA_2000:VRU_165,raw_video,7029275
VRU,vru_accident:DADA_2000:VRU_165,caption_stack,4881
VRU,vru_accident:DADA_2000:VRU_165,center_frame_stack,34015
VRU,vru_accident:DADA_2000:VRU_165,visual_4frame_stack,135473
VRU,vru_accident:DADA_2000:VRU_165,fusion_stack,140354
VRU,vru_accident:DADA_2000:VRU_166,raw_video,5409498
VRU,vru_accident:DADA_2000:VRU_166,caption_stack,5033
VRU,vru_accident:DADA_2000:VRU_166,center_frame_stack,33177
VRU,vru_accident:DADA_2000:VRU_166,visual_4frame_stack,129829
VRU,vru_accident:DADA_2000:VRU_166,fusion_stack,134862
VRU,vru_accident:DADA_2000:VRU_167,raw_video,3429058
VRU,vru_accident:DADA_2000:VRU_167,caption_stack,4661
VRU,vru_accident:DADA_2000:VRU_167,center_frame_stack,33084
VRU,vru_accident:DADA_2000:VRU_167,visual_4frame_stack,136458
VRU,vru_accident:DADA_2000:VRU_167,fusion_stack,141119
VRU,vru_accident:DADA_2000:VRU_168,raw_video,4165046
VRU,vru_accident:DADA_2000:VRU_168,caption_stack,5036
VRU,vru_accident:DADA_2000:VRU_168,center_frame_stack,39147
VRU,vru_accident:DADA_2000:VRU_168,visual_4frame_stack,151626
VRU,vru_accident:DADA_2000:VRU_168,fusion_stack,156662
VRU,vru_accident:DADA_2000:VRU_169,raw_video,7454755
VRU,vru_accident:DADA_2000:VRU_169,caption_stack,4870
VRU,vru_accident:DADA_2000:VRU_169,center_frame_stack,35137
VRU,vru_accident:DADA_2000:VRU_169,visual_4frame_stack,141076
VRU,vru_accident:DADA_2000:VRU_169,fusion_stack,145946
VRU,vru_accident:DADA_2000:VRU_17,raw_video,18392084
VRU,vru_accident:DADA_2000:VRU_17,caption_stack,4922
VRU,vru_accident:DADA_2000:VRU_17,center_frame_stack,41355
VRU,vru_accident:DADA_2000:VRU_17,visual_4frame_stack,147462
VRU,vru_accident:DADA_2000:VRU_17,fusion_stack,152384
VRU,vru_accident:DADA_2000:VRU_170,raw_video,3416932
VRU,vru_accident:DADA_2000:VRU_170,caption_stack,4925
VRU,vru_accident:DADA_2000:VRU_170,center_frame_stack,30585
VRU,vru_accident:DADA_2000:VRU_170,visual_4frame_stack,121309
VRU,vru_accident:DADA_2000:VRU_170,fusion_stack,126234
VRU,vru_accident:DADA_2000:VRU_171,raw_video,3491817
VRU,vru_accident:DADA_2000:VRU_171,caption_stack,5101
VRU,vru_accident:DADA_2000:VRU_171,center_frame_stack,40473
VRU,vru_accident:DADA_2000:VRU_171,visual_4frame_stack,160194
VRU,vru_accident:DADA_2000:VRU_171,fusion_stack,165295
VRU,vru_accident:DADA_2000:VRU_172,raw_video,3070637
VRU,vru_accident:DADA_2000:VRU_172,caption_stack,5163
VRU,vru_accident:DADA_2000:VRU_172,center_frame_stack,30974
VRU,vru_accident:DADA_2000:VRU_172,visual_4frame_stack,124161
VRU,vru_accident:DADA_2000:VRU_172,fusion_stack,129324
VRU,vru_accident:DADA_2000:VRU_173,raw_video,3348592
VRU,vru_accident:DADA_2000:VRU_173,caption_stack,4998
VRU,vru_accident:DADA_2000:VRU_173,center_frame_stack,24240
VRU,vru_accident:DADA_2000:VRU_173,visual_4frame_stack,100099
VRU,vru_accident:DADA_2000:VRU_173,fusion_stack,105097
VRU,vru_accident:DADA_2000:VRU_174,raw_video,5326457
VRU,vru_accident:DADA_2000:VRU_174,caption_stack,5003
VRU,vru_accident:DADA_2000:VRU_174,center_frame_stack,33854
VRU,vru_accident:DADA_2000:VRU_174,visual_4frame_stack,132080
VRU,vru_accident:DADA_2000:VRU_174,fusion_stack,137083
VRU,vru_accident:DADA_2000:VRU_175,raw_video,6397531
VRU,vru_accident:DADA_2000:VRU_175,caption_stack,4868
VRU,vru_accident:DADA_2000:VRU_175,center_frame_stack,24691
VRU,vru_accident:DADA_2000:VRU_175,visual_4frame_stack,96748
VRU,vru_accident:DADA_2000:VRU_175,fusion_stack,101616
VRU,vru_accident:DADA_2000:VRU_176,raw_video,5521483
VRU,vru_accident:DADA_2000:VRU_176,caption_stack,4643
VRU,vru_accident:DADA_2000:VRU_176,center_frame_stack,28757
VRU,vru_accident:DADA_2000:VRU_176,visual_4frame_stack,121366
VRU,vru_accident:DADA_2000:VRU_176,fusion_stack,126009
VRU,vru_accident:DADA_2000:VRU_177,raw_video,5402212
VRU,vru_accident:DADA_2000:VRU_177,caption_stack,4736
VRU,vru_accident:DADA_2000:VRU_177,center_frame_stack,26947
VRU,vru_accident:DADA_2000:VRU_177,visual_4frame_stack,111843
VRU,vru_accident:DADA_2000:VRU_177,fusion_stack,116579
VRU,vru_accident:DADA_2000:VRU_178,raw_video,4236612
VRU,vru_accident:DADA_2000:VRU_178,caption_stack,4841
VRU,vru_accident:DADA_2000:VRU_178,center_frame_stack,28274
VRU,vru_accident:DADA_2000:VRU_178,visual_4frame_stack,122428
VRU,vru_accident:DADA_2000:VRU_178,fusion_stack,127269
VRU,vru_accident:DADA_2000:VRU_179,raw_video,2649653
VRU,vru_accident:DADA_2000:VRU_179,caption_stack,4815
VRU,vru_accident:DADA_2000:VRU_179,center_frame_stack,36159
VRU,vru_accident:DADA_2000:VRU_179,visual_4frame_stack,143085
VRU,vru_accident:DADA_2000:VRU_179,fusion_stack,147900
VRU,vru_accident:DADA_2000:VRU_18,raw_video,6347046
VRU,vru_accident:DADA_2000:VRU_18,caption_stack,4943
VRU,vru_accident:DADA_2000:VRU_18,center_frame_stack,33420
VRU,vru_accident:DADA_2000:VRU_18,visual_4frame_stack,120630
VRU,vru_accident:DADA_2000:VRU_18,fusion_stack,125573
VRU,vru_accident:DADA_2000:VRU_180,raw_video,7118727
VRU,vru_accident:DADA_2000:VRU_180,caption_stack,5028
VRU,vru_accident:DADA_2000:VRU_180,center_frame_stack,35026
VRU,vru_accident:DADA_2000:VRU_180,visual_4frame_stack,136546
VRU,vru_accident:DADA_2000:VRU_180,fusion_stack,141574
VRU,vru_accident:DADA_2000:VRU_181,raw_video,4863772
VRU,vru_accident:DADA_2000:VRU_181,caption_stack,5197
VRU,vru_accident:DADA_2000:VRU_181,center_frame_stack,42293
VRU,vru_accident:DADA_2000:VRU_181,visual_4frame_stack,161944
VRU,vru_accident:DADA_2000:VRU_181,fusion_stack,167141
VRU,vru_accident:DADA_2000:VRU_182,raw_video,3157070
VRU,vru_accident:DADA_2000:VRU_182,caption_stack,4811
VRU,vru_accident:DADA_2000:VRU_182,center_frame_stack,37224
VRU,vru_accident:DADA_2000:VRU_182,visual_4frame_stack,141004
VRU,vru_accident:DADA_2000:VRU_182,fusion_stack,145815
VRU,vru_accident:DADA_2000:VRU_183,raw_video,6519817
VRU,vru_accident:DADA_2000:VRU_183,caption_stack,5110
VRU,vru_accident:DADA_2000:VRU_183,center_frame_stack,30336
VRU,vru_accident:DADA_2000:VRU_183,visual_4frame_stack,120773
VRU,vru_accident:DADA_2000:VRU_183,fusion_stack,125883
VRU,vru_accident:DADA_2000:VRU_184,raw_video,7461544
VRU,vru_accident:DADA_2000:VRU_184,caption_stack,5092
VRU,vru_accident:DADA_2000:VRU_184,center_frame_stack,30357
VRU,vru_accident:DADA_2000:VRU_184,visual_4frame_stack,125559
VRU,vru_accident:DADA_2000:VRU_184,fusion_stack,130651
VRU,vru_accident:DADA_2000:VRU_185,raw_video,6210655
VRU,vru_accident:DADA_2000:VRU_185,caption_stack,4880
VRU,vru_accident:DADA_2000:VRU_185,center_frame_stack,23929
VRU,vru_accident:DADA_2000:VRU_185,visual_4frame_stack,101764
VRU,vru_accident:DADA_2000:VRU_185,fusion_stack,106644
VRU,vru_accident:DADA_2000:VRU_186,raw_video,5412701
VRU,vru_accident:DADA_2000:VRU_186,caption_stack,5144
VRU,vru_accident:DADA_2000:VRU_186,center_frame_stack,25109
VRU,vru_accident:DADA_2000:VRU_186,visual_4frame_stack,103736
VRU,vru_accident:DADA_2000:VRU_186,fusion_stack,108880
VRU,vru_accident:DADA_2000:VRU_187,raw_video,8611766
VRU,vru_accident:DADA_2000:VRU_187,caption_stack,4981
VRU,vru_accident:DADA_2000:VRU_187,center_frame_stack,23934
VRU,vru_accident:DADA_2000:VRU_187,visual_4frame_stack,101657
VRU,vru_accident:DADA_2000:VRU_187,fusion_stack,106638
VRU,vru_accident:DADA_2000:VRU_188,raw_video,3918603
VRU,vru_accident:DADA_2000:VRU_188,caption_stack,5124
VRU,vru_accident:DADA_2000:VRU_188,center_frame_stack,30159
VRU,vru_accident:DADA_2000:VRU_188,visual_4frame_stack,118050
VRU,vru_accident:DADA_2000:VRU_188,fusion_stack,123174
VRU,vru_accident:DADA_2000:VRU_189,raw_video,4385083
VRU,vru_accident:DADA_2000:VRU_189,caption_stack,4983
VRU,vru_accident:DADA_2000:VRU_189,center_frame_stack,28799
VRU,vru_accident:DADA_2000:VRU_189,visual_4frame_stack,115328
VRU,vru_accident:DADA_2000:VRU_189,fusion_stack,120311
VRU,vru_accident:DADA_2000:VRU_19,raw_video,4752014
VRU,vru_accident:DADA_2000:VRU_19,caption_stack,5161
VRU,vru_accident:DADA_2000:VRU_19,center_frame_stack,26377
VRU,vru_accident:DADA_2000:VRU_19,visual_4frame_stack,115061
VRU,vru_accident:DADA_2000:VRU_19,fusion_stack,120222
VRU,vru_accident:DADA_2000:VRU_190,raw_video,3324091
VRU,vru_accident:DADA_2000:VRU_190,caption_stack,5104
VRU,vru_accident:DADA_2000:VRU_190,center_frame_stack,29836
VRU,vru_accident:DADA_2000:VRU_190,visual_4frame_stack,119682
VRU,vru_accident:DADA_2000:VRU_190,fusion_stack,124786
VRU,vru_accident:DADA_2000:VRU_191,raw_video,6594920
VRU,vru_accident:DADA_2000:VRU_191,caption_stack,4892
VRU,vru_accident:DADA_2000:VRU_191,center_frame_stack,34655
VRU,vru_accident:DADA_2000:VRU_191,visual_4frame_stack,133138
VRU,vru_accident:DADA_2000:VRU_191,fusion_stack,138030
VRU,vru_accident:DADA_2000:VRU_192,raw_video,7002304
VRU,vru_accident:DADA_2000:VRU_192,caption_stack,4941
VRU,vru_accident:DADA_2000:VRU_192,center_frame_stack,29268
VRU,vru_accident:DADA_2000:VRU_192,visual_4frame_stack,111465
VRU,vru_accident:DADA_2000:VRU_192,fusion_stack,116406
VRU,vru_accident:DADA_2000:VRU_193,raw_video,7138024
VRU,vru_accident:DADA_2000:VRU_193,caption_stack,4871
VRU,vru_accident:DADA_2000:VRU_193,center_frame_stack,33125
VRU,vru_accident:DADA_2000:VRU_193,visual_4frame_stack,137805
VRU,vru_accident:DADA_2000:VRU_193,fusion_stack,142676
VRU,vru_accident:DADA_2000:VRU_194,raw_video,9650086
VRU,vru_accident:DADA_2000:VRU_194,caption_stack,5049
VRU,vru_accident:DADA_2000:VRU_194,center_frame_stack,29227
VRU,vru_accident:DADA_2000:VRU_194,visual_4frame_stack,117282
VRU,vru_accident:DADA_2000:VRU_194,fusion_stack,122331
VRU,vru_accident:DADA_2000:VRU_195,raw_video,5546683
VRU,vru_accident:DADA_2000:VRU_195,caption_stack,5229
VRU,vru_accident:DADA_2000:VRU_195,center_frame_stack,38090
VRU,vru_accident:DADA_2000:VRU_195,visual_4frame_stack,149453
VRU,vru_accident:DADA_2000:VRU_195,fusion_stack,154682
VRU,vru_accident:DADA_2000:VRU_196,raw_video,3341109
VRU,vru_accident:DADA_2000:VRU_196,caption_stack,4765
VRU,vru_accident:DADA_2000:VRU_196,center_frame_stack,17105
VRU,vru_accident:DADA_2000:VRU_196,visual_4frame_stack,70584
VRU,vru_accident:DADA_2000:VRU_196,fusion_stack,75349
VRU,vru_accident:DADA_2000:VRU_197,raw_video,5607010
VRU,vru_accident:DADA_2000:VRU_197,caption_stack,4501
VRU,vru_accident:DADA_2000:VRU_197,center_frame_stack,25138
VRU,vru_accident:DADA_2000:VRU_197,visual_4frame_stack,96267
VRU,vru_accident:DADA_2000:VRU_197,fusion_stack,100768
VRU,vru_accident:DADA_2000:VRU_198,raw_video,6173422
VRU,vru_accident:DADA_2000:VRU_198,caption_stack,4949
VRU,vru_accident:DADA_2000:VRU_198,center_frame_stack,24968
VRU,vru_accident:DADA_2000:VRU_198,visual_4frame_stack,96429
VRU,vru_accident:DADA_2000:VRU_198,fusion_stack,101378
VRU,vru_accident:DADA_2000:VRU_199,raw_video,7405405
VRU,vru_accident:DADA_2000:VRU_199,caption_stack,5155
VRU,vru_accident:DADA_2000:VRU_199,center_frame_stack,35385
VRU,vru_accident:DADA_2000:VRU_199,visual_4frame_stack,138967
VRU,vru_accident:DADA_2000:VRU_199,fusion_stack,144122
VRU,vru_accident:DADA_2000:VRU_2,raw_video,5232443
VRU,vru_accident:DADA_2000:VRU_2,caption_stack,5123
VRU,vru_accident:DADA_2000:VRU_2,center_frame_stack,29446
VRU,vru_accident:DADA_2000:VRU_2,visual_4frame_stack,120872
VRU,vru_accident:DADA_2000:VRU_2,fusion_stack,125995
VRU,vru_accident:DADA_2000:VRU_20,raw_video,4159452
VRU,vru_accident:DADA_2000:VRU_20,caption_stack,4899
VRU,vru_accident:DADA_2000:VRU_20,center_frame_stack,14513
VRU,vru_accident:DADA_2000:VRU_20,visual_4frame_stack,54224
VRU,vru_accident:DADA_2000:VRU_20,fusion_stack,59123
VRU,vru_accident:DADA_2000:VRU_200,raw_video,5048758
VRU,vru_accident:DADA_2000:VRU_200,caption_stack,4932
VRU,vru_accident:DADA_2000:VRU_200,center_frame_stack,31895
VRU,vru_accident:DADA_2000:VRU_200,visual_4frame_stack,132249
VRU,vru_accident:DADA_2000:VRU_200,fusion_stack,137181
VRU,vru_accident:DADA_2000:VRU_201,raw_video,3375604
VRU,vru_accident:DADA_2000:VRU_201,caption_stack,5254
VRU,vru_accident:DADA_2000:VRU_201,center_frame_stack,33031
VRU,vru_accident:DADA_2000:VRU_201,visual_4frame_stack,126470
VRU,vru_accident:DADA_2000:VRU_201,fusion_stack,131724
VRU,vru_accident:DADA_2000:VRU_202,raw_video,3859613
VRU,vru_accident:DADA_2000:VRU_202,caption_stack,5080
VRU,vru_accident:DADA_2000:VRU_202,center_frame_stack,31982
VRU,vru_accident:DADA_2000:VRU_202,visual_4frame_stack,133974
VRU,vru_accident:DADA_2000:VRU_202,fusion_stack,139054
VRU,vru_accident:DADA_2000:VRU_203,raw_video,3805006
VRU,vru_accident:DADA_2000:VRU_203,caption_stack,5282
VRU,vru_accident:DADA_2000:VRU_203,center_frame_stack,31492
VRU,vru_accident:DADA_2000:VRU_203,visual_4frame_stack,124257
VRU,vru_accident:DADA_2000:VRU_203,fusion_stack,129539
VRU,vru_accident:DADA_2000:VRU_204,raw_video,3812361
VRU,vru_accident:DADA_2000:VRU_204,caption_stack,5171
VRU,vru_accident:DADA_2000:VRU_204,center_frame_stack,33564
VRU,vru_accident:DADA_2000:VRU_204,visual_4frame_stack,125323
VRU,vru_accident:DADA_2000:VRU_204,fusion_stack,130494
VRU,vru_accident:DADA_2000:VRU_205,raw_video,7161498
VRU,vru_accident:DADA_2000:VRU_205,caption_stack,5245
VRU,vru_accident:DADA_2000:VRU_205,center_frame_stack,35630
VRU,vru_accident:DADA_2000:VRU_205,visual_4frame_stack,141328
VRU,vru_accident:DADA_2000:VRU_205,fusion_stack,146573
VRU,vru_accident:DADA_2000:VRU_206,raw_video,2041920
VRU,vru_accident:DADA_2000:VRU_206,caption_stack,5010
VRU,vru_accident:DADA_2000:VRU_206,center_frame_stack,28255
VRU,vru_accident:DADA_2000:VRU_206,visual_4frame_stack,116836
VRU,vru_accident:DADA_2000:VRU_206,fusion_stack,121846
VRU,vru_accident:DADA_2000:VRU_207,raw_video,15037723
VRU,vru_accident:DADA_2000:VRU_207,caption_stack,5018
VRU,vru_accident:DADA_2000:VRU_207,center_frame_stack,29538
VRU,vru_accident:DADA_2000:VRU_207,visual_4frame_stack,113706
VRU,vru_accident:DADA_2000:VRU_207,fusion_stack,118724
VRU,vru_accident:DADA_2000:VRU_208,raw_video,7433763
VRU,vru_accident:DADA_2000:VRU_208,caption_stack,4906
VRU,vru_accident:DADA_2000:VRU_208,center_frame_stack,33784
VRU,vru_accident:DADA_2000:VRU_208,visual_4frame_stack,137117
VRU,vru_accident:DADA_2000:VRU_208,fusion_stack,142023
VRU,vru_accident:DADA_2000:VRU_209,raw_video,3783817
VRU,vru_accident:DADA_2000:VRU_209,caption_stack,4905
VRU,vru_accident:DADA_2000:VRU_209,center_frame_stack,32511
VRU,vru_accident:DADA_2000:VRU_209,visual_4frame_stack,135421
VRU,vru_accident:DADA_2000:VRU_209,fusion_stack,140326
VRU,vru_accident:DADA_2000:VRU_21,raw_video,3188359
VRU,vru_accident:DADA_2000:VRU_21,caption_stack,4955
VRU,vru_accident:DADA_2000:VRU_21,center_frame_stack,28198
VRU,vru_accident:DADA_2000:VRU_21,visual_4frame_stack,111414
VRU,vru_accident:DADA_2000:VRU_21,fusion_stack,116369
VRU,vru_accident:DADA_2000:VRU_210,raw_video,3039387
VRU,vru_accident:DADA_2000:VRU_210,caption_stack,4827
VRU,vru_accident:DADA_2000:VRU_210,center_frame_stack,32974
VRU,vru_accident:DADA_2000:VRU_210,visual_4frame_stack,142692
VRU,vru_accident:DADA_2000:VRU_210,fusion_stack,147519
VRU,vru_accident:DADA_2000:VRU_211,raw_video,4359140
VRU,vru_accident:DADA_2000:VRU_211,caption_stack,4869
VRU,vru_accident:DADA_2000:VRU_211,center_frame_stack,31701
VRU,vru_accident:DADA_2000:VRU_211,visual_4frame_stack,119928
VRU,vru_accident:DADA_2000:VRU_211,fusion_stack,124797
VRU,vru_accident:DADA_2000:VRU_212,raw_video,8929285
VRU,vru_accident:DADA_2000:VRU_212,caption_stack,4839
VRU,vru_accident:DADA_2000:VRU_212,center_frame_stack,33861
VRU,vru_accident:DADA_2000:VRU_212,visual_4frame_stack,124289
VRU,vru_accident:DADA_2000:VRU_212,fusion_stack,129128
VRU,vru_accident:DADA_2000:VRU_213,raw_video,5964724
VRU,vru_accident:DADA_2000:VRU_213,caption_stack,4912
VRU,vru_accident:DADA_2000:VRU_213,center_frame_stack,25627
VRU,vru_accident:DADA_2000:VRU_213,visual_4frame_stack,88619
VRU,vru_accident:DADA_2000:VRU_213,fusion_stack,93531
VRU,vru_accident:DADA_2000:VRU_214,raw_video,9409587
VRU,vru_accident:DADA_2000:VRU_214,caption_stack,5032
VRU,vru_accident:DADA_2000:VRU_214,center_frame_stack,36091
VRU,vru_accident:DADA_2000:VRU_214,visual_4frame_stack,137077
VRU,vru_accident:DADA_2000:VRU_214,fusion_stack,142109
VRU,vru_accident:DADA_2000:VRU_215,raw_video,4182183
VRU,vru_accident:DADA_2000:VRU_215,caption_stack,4639
VRU,vru_accident:DADA_2000:VRU_215,center_frame_stack,34836
VRU,vru_accident:DADA_2000:VRU_215,visual_4frame_stack,150258
VRU,vru_accident:DADA_2000:VRU_215,fusion_stack,154897
VRU,vru_accident:DADA_2000:VRU_216,raw_video,3712722
VRU,vru_accident:DADA_2000:VRU_216,caption_stack,5269
VRU,vru_accident:DADA_2000:VRU_216,center_frame_stack,22000
VRU,vru_accident:DADA_2000:VRU_216,visual_4frame_stack,89688
VRU,vru_accident:DADA_2000:VRU_216,fusion_stack,94957
VRU,vru_accident:DADA_2000:VRU_217,raw_video,3407940
VRU,vru_accident:DADA_2000:VRU_217,caption_stack,4834
VRU,vru_accident:DADA_2000:VRU_217,center_frame_stack,34591
VRU,vru_accident:DADA_2000:VRU_217,visual_4frame_stack,137564
VRU,vru_accident:DADA_2000:VRU_217,fusion_stack,142398
VRU,vru_accident:DADA_2000:VRU_218,raw_video,5017879
VRU,vru_accident:DADA_2000:VRU_218,caption_stack,4894
VRU,vru_accident:DADA_2000:VRU_218,center_frame_stack,30690
VRU,vru_accident:DADA_2000:VRU_218,visual_4frame_stack,124556
VRU,vru_accident:DADA_2000:VRU_218,fusion_stack,129450
VRU,vru_accident:DADA_2000:VRU_219,raw_video,5391329
VRU,vru_accident:DADA_2000:VRU_219,caption_stack,4887
VRU,vru_accident:DADA_2000:VRU_219,center_frame_stack,23295
VRU,vru_accident:DADA_2000:VRU_219,visual_4frame_stack,99846
VRU,vru_accident:DADA_2000:VRU_219,fusion_stack,104733
VRU,vru_accident:DADA_2000:VRU_22,raw_video,6907768
VRU,vru_accident:DADA_2000:VRU_22,caption_stack,5216
VRU,vru_accident:DADA_2000:VRU_22,center_frame_stack,32456
VRU,vru_accident:DADA_2000:VRU_22,visual_4frame_stack,130611
VRU,vru_accident:DADA_2000:VRU_22,fusion_stack,135827
VRU,vru_accident:DADA_2000:VRU_220,raw_video,4950050
VRU,vru_accident:DADA_2000:VRU_220,caption_stack,4804
VRU,vru_accident:DADA_2000:VRU_220,center_frame_stack,33423
VRU,vru_accident:DADA_2000:VRU_220,visual_4frame_stack,137808
VRU,vru_accident:DADA_2000:VRU_220,fusion_stack,142612
VRU,vru_accident:DADA_2000:VRU_221,raw_video,5170942
VRU,vru_accident:DADA_2000:VRU_221,caption_stack,4935
VRU,vru_accident:DADA_2000:VRU_221,center_frame_stack,42957
VRU,vru_accident:DADA_2000:VRU_221,visual_4frame_stack,174647
VRU,vru_accident:DADA_2000:VRU_221,fusion_stack,179582
VRU,vru_accident:DADA_2000:VRU_222,raw_video,3434274
VRU,vru_accident:DADA_2000:VRU_222,caption_stack,5232
VRU,vru_accident:DADA_2000:VRU_222,center_frame_stack,37734
VRU,vru_accident:DADA_2000:VRU_222,visual_4frame_stack,142694
VRU,vru_accident:DADA_2000:VRU_222,fusion_stack,147926
VRU,vru_accident:DADA_2000:VRU_223,raw_video,10526121
VRU,vru_accident:DADA_2000:VRU_223,caption_stack,4775
VRU,vru_accident:DADA_2000:VRU_223,center_frame_stack,41651
VRU,vru_accident:DADA_2000:VRU_223,visual_4frame_stack,165721
VRU,vru_accident:DADA_2000:VRU_223,fusion_stack,170496
VRU,vru_accident:DADA_2000:VRU_23,raw_video,7248294
VRU,vru_accident:DADA_2000:VRU_23,caption_stack,5200
VRU,vru_accident:DADA_2000:VRU_23,center_frame_stack,34162
VRU,vru_accident:DADA_2000:VRU_23,visual_4frame_stack,140386
VRU,vru_accident:DADA_2000:VRU_23,fusion_stack,145586
VRU,vru_accident:DADA_2000:VRU_24,raw_video,3713791
VRU,vru_accident:DADA_2000:VRU_24,caption_stack,4881
VRU,vru_accident:DADA_2000:VRU_24,center_frame_stack,22309
VRU,vru_accident:DADA_2000:VRU_24,visual_4frame_stack,88007
VRU,vru_accident:DADA_2000:VRU_24,fusion_stack,92888
VRU,vru_accident:DADA_2000:VRU_25,raw_video,2433888
VRU,vru_accident:DADA_2000:VRU_25,caption_stack,5004
VRU,vru_accident:DADA_2000:VRU_25,center_frame_stack,26317
VRU,vru_accident:DADA_2000:VRU_25,visual_4frame_stack,101691
VRU,vru_accident:DADA_2000:VRU_25,fusion_stack,106695
VRU,vru_accident:DADA_2000:VRU_26,raw_video,3363422
VRU,vru_accident:DADA_2000:VRU_26,caption_stack,4867
VRU,vru_accident:DADA_2000:VRU_26,center_frame_stack,31976
VRU,vru_accident:DADA_2000:VRU_26,visual_4frame_stack,123581
VRU,vru_accident:DADA_2000:VRU_26,fusion_stack,128448
VRU,vru_accident:DADA_2000:VRU_27,raw_video,4673771
VRU,vru_accident:DADA_2000:VRU_27,caption_stack,4751
VRU,vru_accident:DADA_2000:VRU_27,center_frame_stack,30471
VRU,vru_accident:DADA_2000:VRU_27,visual_4frame_stack,124472
VRU,vru_accident:DADA_2000:VRU_27,fusion_stack,129223
VRU,vru_accident:DADA_2000:VRU_28,raw_video,3111899
VRU,vru_accident:DADA_2000:VRU_28,caption_stack,5143
VRU,vru_accident:DADA_2000:VRU_28,center_frame_stack,21687
VRU,vru_accident:DADA_2000:VRU_28,visual_4frame_stack,97324
VRU,vru_accident:DADA_2000:VRU_28,fusion_stack,102467
VRU,vru_accident:DADA_2000:VRU_29,raw_video,3483664
VRU,vru_accident:DADA_2000:VRU_29,caption_stack,4907
VRU,vru_accident:DADA_2000:VRU_29,center_frame_stack,22389
VRU,vru_accident:DADA_2000:VRU_29,visual_4frame_stack,87205
VRU,vru_accident:DADA_2000:VRU_29,fusion_stack,92112
VRU,vru_accident:DADA_2000:VRU_3,raw_video,3221485
VRU,vru_accident:DADA_2000:VRU_3,caption_stack,5054
VRU,vru_accident:DADA_2000:VRU_3,center_frame_stack,22336
VRU,vru_accident:DADA_2000:VRU_3,visual_4frame_stack,93132
VRU,vru_accident:DADA_2000:VRU_3,fusion_stack,98186
VRU,vru_accident:DADA_2000:VRU_30,raw_video,4970126
VRU,vru_accident:DADA_2000:VRU_30,caption_stack,5189
VRU,vru_accident:DADA_2000:VRU_30,center_frame_stack,32500
VRU,vru_accident:DADA_2000:VRU_30,visual_4frame_stack,124744
VRU,vru_accident:DADA_2000:VRU_30,fusion_stack,129933
VRU,vru_accident:DADA_2000:VRU_31,raw_video,4498878
VRU,vru_accident:DADA_2000:VRU_31,caption_stack,4859
VRU,vru_accident:DADA_2000:VRU_31,center_frame_stack,39090
VRU,vru_accident:DADA_2000:VRU_31,visual_4frame_stack,150946
VRU,vru_accident:DADA_2000:VRU_31,fusion_stack,155805
VRU,vru_accident:DADA_2000:VRU_32,raw_video,3946080
VRU,vru_accident:DADA_2000:VRU_32,caption_stack,4900
VRU,vru_accident:DADA_2000:VRU_32,center_frame_stack,20795
VRU,vru_accident:DADA_2000:VRU_32,visual_4frame_stack,73540
VRU,vru_accident:DADA_2000:VRU_32,fusion_stack,78440
VRU,vru_accident:DADA_2000:VRU_33,raw_video,7098725
VRU,vru_accident:DADA_2000:VRU_33,caption_stack,4944
VRU,vru_accident:DADA_2000:VRU_33,center_frame_stack,33872
VRU,vru_accident:DADA_2000:VRU_33,visual_4frame_stack,129073
VRU,vru_accident:DADA_2000:VRU_33,fusion_stack,134017
VRU,vru_accident:DADA_2000:VRU_34,raw_video,4605727
VRU,vru_accident:DADA_2000:VRU_34,caption_stack,4646
VRU,vru_accident:DADA_2000:VRU_34,center_frame_stack,40982
VRU,vru_accident:DADA_2000:VRU_34,visual_4frame_stack,167807
VRU,vru_accident:DADA_2000:VRU_34,fusion_stack,172453
VRU,vru_accident:DADA_2000:VRU_35,raw_video,6839367
VRU,vru_accident:DADA_2000:VRU_35,caption_stack,4844
VRU,vru_accident:DADA_2000:VRU_35,center_frame_stack,44213
VRU,vru_accident:DADA_2000:VRU_35,visual_4frame_stack,174800
VRU,vru_accident:DADA_2000:VRU_35,fusion_stack,179644
VRU,vru_accident:DADA_2000:VRU_36,raw_video,6511730
VRU,vru_accident:DADA_2000:VRU_36,caption_stack,5075
VRU,vru_accident:DADA_2000:VRU_36,center_frame_stack,26956
VRU,vru_accident:DADA_2000:VRU_36,visual_4frame_stack,115867
VRU,vru_accident:DADA_2000:VRU_36,fusion_stack,120942
VRU,vru_accident:DADA_2000:VRU_37,raw_video,3408243
VRU,vru_accident:DADA_2000:VRU_37,caption_stack,5071
VRU,vru_accident:DADA_2000:VRU_37,center_frame_stack,28008
VRU,vru_accident:DADA_2000:VRU_37,visual_4frame_stack,110995
VRU,vru_accident:DADA_2000:VRU_37,fusion_stack,116066
VRU,vru_accident:DADA_2000:VRU_38,raw_video,1896124
VRU,vru_accident:DADA_2000:VRU_38,caption_stack,5029
VRU,vru_accident:DADA_2000:VRU_38,center_frame_stack,18338
VRU,vru_accident:DADA_2000:VRU_38,visual_4frame_stack,61746
VRU,vru_accident:DADA_2000:VRU_38,fusion_stack,66775
VRU,vru_accident:DADA_2000:VRU_39,raw_video,3691796
VRU,vru_accident:DADA_2000:VRU_39,caption_stack,5111
VRU,vru_accident:DADA_2000:VRU_39,center_frame_stack,39169
VRU,vru_accident:DADA_2000:VRU_39,visual_4frame_stack,155258
VRU,vru_accident:DADA_2000:VRU_39,fusion_stack,160369
VRU,vru_accident:DADA_2000:VRU_4,raw_video,11839524
VRU,vru_accident:DADA_2000:VRU_4,caption_stack,5170
VRU,vru_accident:DADA_2000:VRU_4,center_frame_stack,25966
VRU,vru_accident:DADA_2000:VRU_4,visual_4frame_stack,129253
VRU,vru_accident:DADA_2000:VRU_4,fusion_stack,134423
VRU,vru_accident:DADA_2000:VRU_40,raw_video,979232
VRU,vru_accident:DADA_2000:VRU_40,caption_stack,5063
VRU,vru_accident:DADA_2000:VRU_40,center_frame_stack,14566
VRU,vru_accident:DADA_2000:VRU_40,visual_4frame_stack,58930
VRU,vru_accident:DADA_2000:VRU_40,fusion_stack,63993
VRU,vru_accident:DADA_2000:VRU_41,raw_video,3851850
VRU,vru_accident:DADA_2000:VRU_41,caption_stack,4882
VRU,vru_accident:DADA_2000:VRU_41,center_frame_stack,32348
VRU,vru_accident:DADA_2000:VRU_41,visual_4frame_stack,138476
VRU,vru_accident:DADA_2000:VRU_41,fusion_stack,143358
VRU,vru_accident:DADA_2000:VRU_42,raw_video,4352903
VRU,vru_accident:DADA_2000:VRU_42,caption_stack,4994
VRU,vru_accident:DADA_2000:VRU_42,center_frame_stack,26732
VRU,vru_accident:DADA_2000:VRU_42,visual_4frame_stack,107902
VRU,vru_accident:DADA_2000:VRU_42,fusion_stack,112896
VRU,vru_accident:DADA_2000:VRU_43,raw_video,4614177
VRU,vru_accident:DADA_2000:VRU_43,caption_stack,4877
VRU,vru_accident:DADA_2000:VRU_43,center_frame_stack,21669
VRU,vru_accident:DADA_2000:VRU_43,visual_4frame_stack,85282
VRU,vru_accident:DADA_2000:VRU_43,fusion_stack,90159
VRU,vru_accident:DADA_2000:VRU_44,raw_video,2676406
VRU,vru_accident:DADA_2000:VRU_44,caption_stack,4836
VRU,vru_accident:DADA_2000:VRU_44,center_frame_stack,24004
VRU,vru_accident:DADA_2000:VRU_44,visual_4frame_stack,104401
VRU,vru_accident:DADA_2000:VRU_44,fusion_stack,109237
VRU,vru_accident:DADA_2000:VRU_45,raw_video,4782457
VRU,vru_accident:DADA_2000:VRU_45,caption_stack,4957
VRU,vru_accident:DADA_2000:VRU_45,center_frame_stack,26559
VRU,vru_accident:DADA_2000:VRU_45,visual_4frame_stack,107378
VRU,vru_accident:DADA_2000:VRU_45,fusion_stack,112335
VRU,vru_accident:DADA_2000:VRU_46,raw_video,3177753
VRU,vru_accident:DADA_2000:VRU_46,caption_stack,4895
VRU,vru_accident:DADA_2000:VRU_46,center_frame_stack,26912
VRU,vru_accident:DADA_2000:VRU_46,visual_4frame_stack,94503
VRU,vru_accident:DADA_2000:VRU_46,fusion_stack,99398
VRU,vru_accident:DADA_2000:VRU_47,raw_video,13525985
VRU,vru_accident:DADA_2000:VRU_47,caption_stack,4838
VRU,vru_accident:DADA_2000:VRU_47,center_frame_stack,30218
VRU,vru_accident:DADA_2000:VRU_47,visual_4frame_stack,140328
VRU,vru_accident:DADA_2000:VRU_47,fusion_stack,145166
VRU,vru_accident:DADA_2000:VRU_48,raw_video,3436485
VRU,vru_accident:DADA_2000:VRU_48,caption_stack,5145
VRU,vru_accident:DADA_2000:VRU_48,center_frame_stack,37147
VRU,vru_accident:DADA_2000:VRU_48,visual_4frame_stack,155678
VRU,vru_accident:DADA_2000:VRU_48,fusion_stack,160823
VRU,vru_accident:DADA_2000:VRU_49,raw_video,1580651
VRU,vru_accident:DADA_2000:VRU_49,caption_stack,4770
VRU,vru_accident:DADA_2000:VRU_49,center_frame_stack,22562
VRU,vru_accident:DADA_2000:VRU_49,visual_4frame_stack,88229
VRU,vru_accident:DADA_2000:VRU_49,fusion_stack,92999
VRU,vru_accident:DADA_2000:VRU_5,raw_video,8210808
VRU,vru_accident:DADA_2000:VRU_5,caption_stack,5245
VRU,vru_accident:DADA_2000:VRU_5,center_frame_stack,35277
VRU,vru_accident:DADA_2000:VRU_5,visual_4frame_stack,144545
VRU,vru_accident:DADA_2000:VRU_5,fusion_stack,149790
VRU,vru_accident:DADA_2000:VRU_50,raw_video,4750841
VRU,vru_accident:DADA_2000:VRU_50,caption_stack,4683
VRU,vru_accident:DADA_2000:VRU_50,center_frame_stack,23361
VRU,vru_accident:DADA_2000:VRU_50,visual_4frame_stack,86346
VRU,vru_accident:DADA_2000:VRU_50,fusion_stack,91029
VRU,vru_accident:DADA_2000:VRU_51,raw_video,3154187
VRU,vru_accident:DADA_2000:VRU_51,caption_stack,4731
VRU,vru_accident:DADA_2000:VRU_51,center_frame_stack,21845
VRU,vru_accident:DADA_2000:VRU_51,visual_4frame_stack,88412
VRU,vru_accident:DADA_2000:VRU_51,fusion_stack,93143
VRU,vru_accident:DADA_2000:VRU_52,raw_video,6324372
VRU,vru_accident:DADA_2000:VRU_52,caption_stack,4598
VRU,vru_accident:DADA_2000:VRU_52,center_frame_stack,40060
VRU,vru_accident:DADA_2000:VRU_52,visual_4frame_stack,172036
VRU,vru_accident:DADA_2000:VRU_52,fusion_stack,176634
VRU,vru_accident:DADA_2000:VRU_53,raw_video,3678705
VRU,vru_accident:DADA_2000:VRU_53,caption_stack,5122
VRU,vru_accident:DADA_2000:VRU_53,center_frame_stack,23041
VRU,vru_accident:DADA_2000:VRU_53,visual_4frame_stack,91906
VRU,vru_accident:DADA_2000:VRU_53,fusion_stack,97028
VRU,vru_accident:DADA_2000:VRU_54,raw_video,8580761
VRU,vru_accident:DADA_2000:VRU_54,caption_stack,5138
VRU,vru_accident:DADA_2000:VRU_54,center_frame_stack,37055
VRU,vru_accident:DADA_2000:VRU_54,visual_4frame_stack,147843
VRU,vru_accident:DADA_2000:VRU_54,fusion_stack,152981
VRU,vru_accident:DADA_2000:VRU_55,raw_video,5944454
VRU,vru_accident:DADA_2000:VRU_55,caption_stack,4971
VRU,vru_accident:DADA_2000:VRU_55,center_frame_stack,30299
VRU,vru_accident:DADA_2000:VRU_55,visual_4frame_stack,116337
VRU,vru_accident:DADA_2000:VRU_55,fusion_stack,121308
VRU,vru_accident:DADA_2000:VRU_56,raw_video,4822556
VRU,vru_accident:DADA_2000:VRU_56,caption_stack,5091
VRU,vru_accident:DADA_2000:VRU_56,center_frame_stack,26775
VRU,vru_accident:DADA_2000:VRU_56,visual_4frame_stack,112288
VRU,vru_accident:DADA_2000:VRU_56,fusion_stack,117379
VRU,vru_accident:DADA_2000:VRU_57,raw_video,3349096
VRU,vru_accident:DADA_2000:VRU_57,caption_stack,4646
VRU,vru_accident:DADA_2000:VRU_57,center_frame_stack,25989
VRU,vru_accident:DADA_2000:VRU_57,visual_4frame_stack,112779
VRU,vru_accident:DADA_2000:VRU_57,fusion_stack,117425
VRU,vru_accident:DADA_2000:VRU_58,raw_video,5820342
VRU,vru_accident:DADA_2000:VRU_58,caption_stack,5087
VRU,vru_accident:DADA_2000:VRU_58,center_frame_stack,30268
VRU,vru_accident:DADA_2000:VRU_58,visual_4frame_stack,131626
VRU,vru_accident:DADA_2000:VRU_58,fusion_stack,136713
VRU,vru_accident:DADA_2000:VRU_59,raw_video,7009351
VRU,vru_accident:DADA_2000:VRU_59,caption_stack,4677
VRU,vru_accident:DADA_2000:VRU_59,center_frame_stack,38725
VRU,vru_accident:DADA_2000:VRU_59,visual_4frame_stack,141450
VRU,vru_accident:DADA_2000:VRU_59,fusion_stack,146127
VRU,vru_accident:DADA_2000:VRU_6,raw_video,7497989
VRU,vru_accident:DADA_2000:VRU_6,caption_stack,4946
VRU,vru_accident:DADA_2000:VRU_6,center_frame_stack,33783
VRU,vru_accident:DADA_2000:VRU_6,visual_4frame_stack,133293
VRU,vru_accident:DADA_2000:VRU_6,fusion_stack,138239
VRU,vru_accident:DADA_2000:VRU_60,raw_video,8851347
VRU,vru_accident:DADA_2000:VRU_60,caption_stack,4626
VRU,vru_accident:DADA_2000:VRU_60,center_frame_stack,33093
VRU,vru_accident:DADA_2000:VRU_60,visual_4frame_stack,127553
VRU,vru_accident:DADA_2000:VRU_60,fusion_stack,132179
VRU,vru_accident:DADA_2000:VRU_61,raw_video,4390893
VRU,vru_accident:DADA_2000:VRU_61,caption_stack,4754
VRU,vru_accident:DADA_2000:VRU_61,center_frame_stack,33837
VRU,vru_accident:DADA_2000:VRU_61,visual_4frame_stack,125673
VRU,vru_accident:DADA_2000:VRU_61,fusion_stack,130427
VRU,vru_accident:DADA_2000:VRU_62,raw_video,2087859
VRU,vru_accident:DADA_2000:VRU_62,caption_stack,5118
VRU,vru_accident:DADA_2000:VRU_62,center_frame_stack,34158
VRU,vru_accident:DADA_2000:VRU_62,visual_4frame_stack,134514
VRU,vru_accident:DADA_2000:VRU_62,fusion_stack,139632
VRU,vru_accident:DADA_2000:VRU_63,raw_video,6506543
VRU,vru_accident:DADA_2000:VRU_63,caption_stack,4641
VRU,vru_accident:DADA_2000:VRU_63,center_frame_stack,35191
VRU,vru_accident:DADA_2000:VRU_63,visual_4frame_stack,137393
VRU,vru_accident:DADA_2000:VRU_63,fusion_stack,142034
VRU,vru_accident:DADA_2000:VRU_64,raw_video,5056419
VRU,vru_accident:DADA_2000:VRU_64,caption_stack,5277
VRU,vru_accident:DADA_2000:VRU_64,center_frame_stack,26330
VRU,vru_accident:DADA_2000:VRU_64,visual_4frame_stack,99590
VRU,vru_accident:DADA_2000:VRU_64,fusion_stack,104867
VRU,vru_accident:DADA_2000:VRU_65,raw_video,2164474
VRU,vru_accident:DADA_2000:VRU_65,caption_stack,5091
VRU,vru_accident:DADA_2000:VRU_65,center_frame_stack,21520
VRU,vru_accident:DADA_2000:VRU_65,visual_4frame_stack,83886
VRU,vru_accident:DADA_2000:VRU_65,fusion_stack,88977
VRU,vru_accident:DADA_2000:VRU_66,raw_video,6497174
VRU,vru_accident:DADA_2000:VRU_66,caption_stack,4755
VRU,vru_accident:DADA_2000:VRU_66,center_frame_stack,31996
VRU,vru_accident:DADA_2000:VRU_66,visual_4frame_stack,126041
VRU,vru_accident:DADA_2000:VRU_66,fusion_stack,130796
VRU,vru_accident:DADA_2000:VRU_67,raw_video,5668290
VRU,vru_accident:DADA_2000:VRU_67,caption_stack,5077
VRU,vru_accident:DADA_2000:VRU_67,center_frame_stack,28532
VRU,vru_accident:DADA_2000:VRU_67,visual_4frame_stack,96557
VRU,vru_accident:DADA_2000:VRU_67,fusion_stack,101634
VRU,vru_accident:DADA_2000:VRU_68,raw_video,3941159
VRU,vru_accident:DADA_2000:VRU_68,caption_stack,4872
VRU,vru_accident:DADA_2000:VRU_68,center_frame_stack,23031
VRU,vru_accident:DADA_2000:VRU_68,visual_4frame_stack,86651
VRU,vru_accident:DADA_2000:VRU_68,fusion_stack,91523
VRU,vru_accident:DADA_2000:VRU_69,raw_video,6161498
VRU,vru_accident:DADA_2000:VRU_69,caption_stack,4827
VRU,vru_accident:DADA_2000:VRU_69,center_frame_stack,30461
VRU,vru_accident:DADA_2000:VRU_69,visual_4frame_stack,123693
VRU,vru_accident:DADA_2000:VRU_69,fusion_stack,128520
VRU,vru_accident:DADA_2000:VRU_7,raw_video,8914750
VRU,vru_accident:DADA_2000:VRU_7,caption_stack,5037
VRU,vru_accident:DADA_2000:VRU_7,center_frame_stack,41832
VRU,vru_accident:DADA_2000:VRU_7,visual_4frame_stack,174726
VRU,vru_accident:DADA_2000:VRU_7,fusion_stack,179763
VRU,vru_accident:DADA_2000:VRU_70,raw_video,4736737
VRU,vru_accident:DADA_2000:VRU_70,caption_stack,4925
VRU,vru_accident:DADA_2000:VRU_70,center_frame_stack,30580
VRU,vru_accident:DADA_2000:VRU_70,visual_4frame_stack,118582
VRU,vru_accident:DADA_2000:VRU_70,fusion_stack,123507
VRU,vru_accident:DADA_2000:VRU_71,raw_video,4219318
VRU,vru_accident:DADA_2000:VRU_71,caption_stack,4692
VRU,vru_accident:DADA_2000:VRU_71,center_frame_stack,35079
VRU,vru_accident:DADA_2000:VRU_71,visual_4frame_stack,135399
VRU,vru_accident:DADA_2000:VRU_71,fusion_stack,140091
VRU,vru_accident:DADA_2000:VRU_72,raw_video,2229242
VRU,vru_accident:DADA_2000:VRU_72,caption_stack,4853
VRU,vru_accident:DADA_2000:VRU_72,center_frame_stack,26710
VRU,vru_accident:DADA_2000:VRU_72,visual_4frame_stack,111649
VRU,vru_accident:DADA_2000:VRU_72,fusion_stack,116502
VRU,vru_accident:DADA_2000:VRU_73,raw_video,2874622
VRU,vru_accident:DADA_2000:VRU_73,caption_stack,4809
VRU,vru_accident:DADA_2000:VRU_73,center_frame_stack,32394
VRU,vru_accident:DADA_2000:VRU_73,visual_4frame_stack,130252
VRU,vru_accident:DADA_2000:VRU_73,fusion_stack,135061
VRU,vru_accident:DADA_2000:VRU_74,raw_video,5488010
VRU,vru_accident:DADA_2000:VRU_74,caption_stack,4929
VRU,vru_accident:DADA_2000:VRU_74,center_frame_stack,32678
VRU,vru_accident:DADA_2000:VRU_74,visual_4frame_stack,134479
VRU,vru_accident:DADA_2000:VRU_74,fusion_stack,139408
VRU,vru_accident:DADA_2000:VRU_75,raw_video,5535132
VRU,vru_accident:DADA_2000:VRU_75,caption_stack,4951
VRU,vru_accident:DADA_2000:VRU_75,center_frame_stack,29276
VRU,vru_accident:DADA_2000:VRU_75,visual_4frame_stack,122412
VRU,vru_accident:DADA_2000:VRU_75,fusion_stack,127363
VRU,vru_accident:DADA_2000:VRU_76,raw_video,4625466
VRU,vru_accident:DADA_2000:VRU_76,caption_stack,4955
VRU,vru_accident:DADA_2000:VRU_76,center_frame_stack,34197
VRU,vru_accident:DADA_2000:VRU_76,visual_4frame_stack,117619
VRU,vru_accident:DADA_2000:VRU_76,fusion_stack,122574
VRU,vru_accident:DADA_2000:VRU_77,raw_video,3918652
VRU,vru_accident:DADA_2000:VRU_77,caption_stack,5083
VRU,vru_accident:DADA_2000:VRU_77,center_frame_stack,28074
VRU,vru_accident:DADA_2000:VRU_77,visual_4frame_stack,105608
VRU,vru_accident:DADA_2000:VRU_77,fusion_stack,110691
VRU,vru_accident:DADA_2000:VRU_78,raw_video,4400499
VRU,vru_accident:DADA_2000:VRU_78,caption_stack,4699
VRU,vru_accident:DADA_2000:VRU_78,center_frame_stack,37981
VRU,vru_accident:DADA_2000:VRU_78,visual_4frame_stack,152682
VRU,vru_accident:DADA_2000:VRU_78,fusion_stack,157381
VRU,vru_accident:DADA_2000:VRU_79,raw_video,2625437
VRU,vru_accident:DADA_2000:VRU_79,caption_stack,4907
VRU,vru_accident:DADA_2000:VRU_79,center_frame_stack,21343
VRU,vru_accident:DADA_2000:VRU_79,visual_4frame_stack,82734
VRU,vru_accident:DADA_2000:VRU_79,fusion_stack,87641
VRU,vru_accident:DADA_2000:VRU_8,raw_video,3339311
VRU,vru_accident:DADA_2000:VRU_8,caption_stack,4973
VRU,vru_accident:DADA_2000:VRU_8,center_frame_stack,30660
VRU,vru_accident:DADA_2000:VRU_8,visual_4frame_stack,134506
VRU,vru_accident:DADA_2000:VRU_8,fusion_stack,139479
VRU,vru_accident:DADA_2000:VRU_80,raw_video,5204454
VRU,vru_accident:DADA_2000:VRU_80,caption_stack,4922
VRU,vru_accident:DADA_2000:VRU_80,center_frame_stack,34694
VRU,vru_accident:DADA_2000:VRU_80,visual_4frame_stack,129658
VRU,vru_accident:DADA_2000:VRU_80,fusion_stack,134580
VRU,vru_accident:DADA_2000:VRU_81,raw_video,10398287
VRU,vru_accident:DADA_2000:VRU_81,caption_stack,5066
VRU,vru_accident:DADA_2000:VRU_81,center_frame_stack,33353
VRU,vru_accident:DADA_2000:VRU_81,visual_4frame_stack,119754
VRU,vru_accident:DADA_2000:VRU_81,fusion_stack,124820
VRU,vru_accident:DADA_2000:VRU_82,raw_video,3421486
VRU,vru_accident:DADA_2000:VRU_82,caption_stack,5233
VRU,vru_accident:DADA_2000:VRU_82,center_frame_stack,29511
VRU,vru_accident:DADA_2000:VRU_82,visual_4frame_stack,123406
VRU,vru_accident:DADA_2000:VRU_82,fusion_stack,128639
VRU,vru_accident:DADA_2000:VRU_83,raw_video,7252282
VRU,vru_accident:DADA_2000:VRU_83,caption_stack,4869
VRU,vru_accident:DADA_2000:VRU_83,center_frame_stack,35141
VRU,vru_accident:DADA_2000:VRU_83,visual_4frame_stack,152852
VRU,vru_accident:DADA_2000:VRU_83,fusion_stack,157721
VRU,vru_accident:DADA_2000:VRU_84,raw_video,6065279
VRU,vru_accident:DADA_2000:VRU_84,caption_stack,5081
VRU,vru_accident:DADA_2000:VRU_84,center_frame_stack,37288
VRU,vru_accident:DADA_2000:VRU_84,visual_4frame_stack,148758
VRU,vru_accident:DADA_2000:VRU_84,fusion_stack,153839
VRU,vru_accident:DADA_2000:VRU_85,raw_video,4449452
VRU,vru_accident:DADA_2000:VRU_85,caption_stack,5096
VRU,vru_accident:DADA_2000:VRU_85,center_frame_stack,41463
VRU,vru_accident:DADA_2000:VRU_85,visual_4frame_stack,156702
VRU,vru_accident:DADA_2000:VRU_85,fusion_stack,161798
VRU,vru_accident:DADA_2000:VRU_86,raw_video,3366400
VRU,vru_accident:DADA_2000:VRU_86,caption_stack,4916
VRU,vru_accident:DADA_2000:VRU_86,center_frame_stack,28191
VRU,vru_accident:DADA_2000:VRU_86,visual_4frame_stack,116452
VRU,vru_accident:DADA_2000:VRU_86,fusion_stack,121368
VRU,vru_accident:DADA_2000:VRU_87,raw_video,3778325
VRU,vru_accident:DADA_2000:VRU_87,caption_stack,5059
VRU,vru_accident:DADA_2000:VRU_87,center_frame_stack,32746
VRU,vru_accident:DADA_2000:VRU_87,visual_4frame_stack,129803
VRU,vru_accident:DADA_2000:VRU_87,fusion_stack,134862
VRU,vru_accident:DADA_2000:VRU_88,raw_video,6863891
VRU,vru_accident:DADA_2000:VRU_88,caption_stack,4897
VRU,vru_accident:DADA_2000:VRU_88,center_frame_stack,32708
VRU,vru_accident:DADA_2000:VRU_88,visual_4frame_stack,143039
VRU,vru_accident:DADA_2000:VRU_88,fusion_stack,147936
VRU,vru_accident:DADA_2000:VRU_89,raw_video,7616918
VRU,vru_accident:DADA_2000:VRU_89,caption_stack,4936
VRU,vru_accident:DADA_2000:VRU_89,center_frame_stack,33125
VRU,vru_accident:DADA_2000:VRU_89,visual_4frame_stack,133605
VRU,vru_accident:DADA_2000:VRU_89,fusion_stack,138541
VRU,vru_accident:DADA_2000:VRU_9,raw_video,1679185
VRU,vru_accident:DADA_2000:VRU_9,caption_stack,5013
VRU,vru_accident:DADA_2000:VRU_9,center_frame_stack,18223
VRU,vru_accident:DADA_2000:VRU_9,visual_4frame_stack,76438
VRU,vru_accident:DADA_2000:VRU_9,fusion_stack,81451
VRU,vru_accident:DADA_2000:VRU_90,raw_video,5518197
VRU,vru_accident:DADA_2000:VRU_90,caption_stack,4756
VRU,vru_accident:DADA_2000:VRU_90,center_frame_stack,25932
VRU,vru_accident:DADA_2000:VRU_90,visual_4frame_stack,103575
VRU,vru_accident:DADA_2000:VRU_90,fusion_stack,108331
VRU,vru_accident:DADA_2000:VRU_91,raw_video,5889830
VRU,vru_accident:DADA_2000:VRU_91,caption_stack,4721
VRU,vru_accident:DADA_2000:VRU_91,center_frame_stack,43204
VRU,vru_accident:DADA_2000:VRU_91,visual_4frame_stack,170091
VRU,vru_accident:DADA_2000:VRU_91,fusion_stack,174812
VRU,vru_accident:DADA_2000:VRU_92,raw_video,8651100
VRU,vru_accident:DADA_2000:VRU_92,caption_stack,4821
VRU,vru_accident:DADA_2000:VRU_92,center_frame_stack,35059
VRU,vru_accident:DADA_2000:VRU_92,visual_4frame_stack,132513
VRU,vru_accident:DADA_2000:VRU_92,fusion_stack,137334
VRU,vru_accident:DADA_2000:VRU_93,raw_video,5102069
VRU,vru_accident:DADA_2000:VRU_93,caption_stack,5029
VRU,vru_accident:DADA_2000:VRU_93,center_frame_stack,37793
VRU,vru_accident:DADA_2000:VRU_93,visual_4frame_stack,144133
VRU,vru_accident:DADA_2000:VRU_93,fusion_stack,149162
VRU,vru_accident:DADA_2000:VRU_94,raw_video,4393503
VRU,vru_accident:DADA_2000:VRU_94,caption_stack,5063
VRU,vru_accident:DADA_2000:VRU_94,center_frame_stack,37274
VRU,vru_accident:DADA_2000:VRU_94,visual_4frame_stack,148477
VRU,vru_accident:DADA_2000:VRU_94,fusion_stack,153540
VRU,vru_accident:DADA_2000:VRU_95,raw_video,6021634
VRU,vru_accident:DADA_2000:VRU_95,caption_stack,5054
VRU,vru_accident:DADA_2000:VRU_95,center_frame_stack,28735
VRU,vru_accident:DADA_2000:VRU_95,visual_4frame_stack,113941
VRU,vru_accident:DADA_2000:VRU_95,fusion_stack,118995
VRU,vru_accident:DADA_2000:VRU_96,raw_video,3221874
VRU,vru_accident:DADA_2000:VRU_96,caption_stack,4972
VRU,vru_accident:DADA_2000:VRU_96,center_frame_stack,38064
VRU,vru_accident:DADA_2000:VRU_96,visual_4frame_stack,143988
VRU,vru_accident:DADA_2000:VRU_96,fusion_stack,148960
VRU,vru_accident:DADA_2000:VRU_97,raw_video,4227405
VRU,vru_accident:DADA_2000:VRU_97,caption_stack,4961
VRU,vru_accident:DADA_2000:VRU_97,center_frame_stack,27799
VRU,vru_accident:DADA_2000:VRU_97,visual_4frame_stack,113261
VRU,vru_accident:DADA_2000:VRU_97,fusion_stack,118222
VRU,vru_accident:DADA_2000:VRU_98,raw_video,3618328
VRU,vru_accident:DADA_2000:VRU_98,caption_stack,4932
VRU,vru_accident:DADA_2000:VRU_98,center_frame_stack,26091
VRU,vru_accident:DADA_2000:VRU_98,visual_4frame_stack,106489
VRU,vru_accident:DADA_2000:VRU_98,fusion_stack,111421
VRU,vru_accident:DADA_2000:VRU_99,raw_video,5567093
VRU,vru_accident:DADA_2000:VRU_99,caption_stack,4983
VRU,vru_accident:DADA_2000:VRU_99,center_frame_stack,34532
VRU,vru_accident:DADA_2000:VRU_99,visual_4frame_stack,135066
VRU,vru_accident:DADA_2000:VRU_99,fusion_stack,140049
VRU,vru_accident:DoTA:VRU_1,raw_video,2055202
VRU,vru_accident:DoTA:VRU_1,caption_stack,4782
VRU,vru_accident:DoTA:VRU_1,center_frame_stack,24838
VRU,vru_accident:DoTA:VRU_1,visual_4frame_stack,101605
VRU,vru_accident:DoTA:VRU_1,fusion_stack,106387
VRU,vru_accident:DoTA:VRU_10,raw_video,4341296
VRU,vru_accident:DoTA:VRU_10,caption_stack,5082
VRU,vru_accident:DoTA:VRU_10,center_frame_stack,38996
VRU,vru_accident:DoTA:VRU_10,visual_4frame_stack,173080
VRU,vru_accident:DoTA:VRU_10,fusion_stack,178162
VRU,vru_accident:DoTA:VRU_100,raw_video,4880472
VRU,vru_accident:DoTA:VRU_100,caption_stack,5307
VRU,vru_accident:DoTA:VRU_100,center_frame_stack,49747
VRU,vru_accident:DoTA:VRU_100,visual_4frame_stack,198391
VRU,vru_accident:DoTA:VRU_100,fusion_stack,203698
VRU,vru_accident:DoTA:VRU_11,raw_video,485308
VRU,vru_accident:DoTA:VRU_11,caption_stack,5290
VRU,vru_accident:DoTA:VRU_11,center_frame_stack,12912
VRU,vru_accident:DoTA:VRU_11,visual_4frame_stack,53597
VRU,vru_accident:DoTA:VRU_11,fusion_stack,58887
VRU,vru_accident:DoTA:VRU_12,raw_video,4759992
VRU,vru_accident:DoTA:VRU_12,caption_stack,4963
VRU,vru_accident:DoTA:VRU_12,center_frame_stack,42011
VRU,vru_accident:DoTA:VRU_12,visual_4frame_stack,175401
VRU,vru_accident:DoTA:VRU_12,fusion_stack,180364
VRU,vru_accident:DoTA:VRU_13,raw_video,4076551
VRU,vru_accident:DoTA:VRU_13,caption_stack,5016
VRU,vru_accident:DoTA:VRU_13,center_frame_stack,37428
VRU,vru_accident:DoTA:VRU_13,visual_4frame_stack,150079
VRU,vru_accident:DoTA:VRU_13,fusion_stack,155095
VRU,vru_accident:DoTA:VRU_14,raw_video,6792471
VRU,vru_accident:DoTA:VRU_14,caption_stack,5342
VRU,vru_accident:DoTA:VRU_14,center_frame_stack,42732
VRU,vru_accident:DoTA:VRU_14,visual_4frame_stack,188447
VRU,vru_accident:DoTA:VRU_14,fusion_stack,193789
VRU,vru_accident:DoTA:VRU_15,raw_video,3247640
VRU,vru_accident:DoTA:VRU_15,caption_stack,5115
VRU,vru_accident:DoTA:VRU_15,center_frame_stack,30449
VRU,vru_accident:DoTA:VRU_15,visual_4frame_stack,146051
VRU,vru_accident:DoTA:VRU_15,fusion_stack,151166
VRU,vru_accident:DoTA:VRU_16,raw_video,6351428
VRU,vru_accident:DoTA:VRU_16,caption_stack,5108
VRU,vru_accident:DoTA:VRU_16,center_frame_stack,43309
VRU,vru_accident:DoTA:VRU_16,visual_4frame_stack,182238
VRU,vru_accident:DoTA:VRU_16,fusion_stack,187346
VRU,vru_accident:DoTA:VRU_17,raw_video,2511517
VRU,vru_accident:DoTA:VRU_17,caption_stack,5219
VRU,vru_accident:DoTA:VRU_17,center_frame_stack,38152
VRU,vru_accident:DoTA:VRU_17,visual_4frame_stack,152861
VRU,vru_accident:DoTA:VRU_17,fusion_stack,158080
VRU,vru_accident:DoTA:VRU_18,raw_video,6295020
VRU,vru_accident:DoTA:VRU_18,caption_stack,5238
VRU,vru_accident:DoTA:VRU_18,center_frame_stack,45171
VRU,vru_accident:DoTA:VRU_18,visual_4frame_stack,178779
VRU,vru_accident:DoTA:VRU_18,fusion_stack,184017
VRU,vru_accident:DoTA:VRU_19,raw_video,3699171
VRU,vru_accident:DoTA:VRU_19,caption_stack,5013
VRU,vru_accident:DoTA:VRU_19,center_frame_stack,31578
VRU,vru_accident:DoTA:VRU_19,visual_4frame_stack,127578
VRU,vru_accident:DoTA:VRU_19,fusion_stack,132591
VRU,vru_accident:DoTA:VRU_2,raw_video,3625918
VRU,vru_accident:DoTA:VRU_2,caption_stack,5130
VRU,vru_accident:DoTA:VRU_2,center_frame_stack,39587
VRU,vru_accident:DoTA:VRU_2,visual_4frame_stack,164148
VRU,vru_accident:DoTA:VRU_2,fusion_stack,169278
VRU,vru_accident:DoTA:VRU_20,raw_video,3804181
VRU,vru_accident:DoTA:VRU_20,caption_stack,5268
VRU,vru_accident:DoTA:VRU_20,center_frame_stack,37802
VRU,vru_accident:DoTA:VRU_20,visual_4frame_stack,162320
VRU,vru_accident:DoTA:VRU_20,fusion_stack,167588
VRU,vru_accident:DoTA:VRU_21,raw_video,4743268
VRU,vru_accident:DoTA:VRU_21,caption_stack,5211
VRU,vru_accident:DoTA:VRU_21,center_frame_stack,34495
VRU,vru_accident:DoTA:VRU_21,visual_4frame_stack,141323
VRU,vru_accident:DoTA:VRU_21,fusion_stack,146534
VRU,vru_accident:DoTA:VRU_22,raw_video,1292131
VRU,vru_accident:DoTA:VRU_22,caption_stack,5092
VRU,vru_accident:DoTA:VRU_22,center_frame_stack,16107
VRU,vru_accident:DoTA:VRU_22,visual_4frame_stack,65196
VRU,vru_accident:DoTA:VRU_22,fusion_stack,70288
VRU,vru_accident:DoTA:VRU_23,raw_video,3624100
VRU,vru_accident:DoTA:VRU_23,caption_stack,4951
VRU,vru_accident:DoTA:VRU_23,center_frame_stack,44720
VRU,vru_accident:DoTA:VRU_23,visual_4frame_stack,180452
VRU,vru_accident:DoTA:VRU_23,fusion_stack,185403
VRU,vru_accident:DoTA:VRU_24,raw_video,2760686
VRU,vru_accident:DoTA:VRU_24,caption_stack,5055
VRU,vru_accident:DoTA:VRU_24,center_frame_stack,26060
VRU,vru_accident:DoTA:VRU_24,visual_4frame_stack,97609
VRU,vru_accident:DoTA:VRU_24,fusion_stack,102664
VRU,vru_accident:DoTA:VRU_25,raw_video,6100518
VRU,vru_accident:DoTA:VRU_25,caption_stack,5274
VRU,vru_accident:DoTA:VRU_25,center_frame_stack,42776
VRU,vru_accident:DoTA:VRU_25,visual_4frame_stack,167849
VRU,vru_accident:DoTA:VRU_25,fusion_stack,173123
VRU,vru_accident:DoTA:VRU_26,raw_video,2195909
VRU,vru_accident:DoTA:VRU_26,caption_stack,5111
VRU,vru_accident:DoTA:VRU_26,center_frame_stack,45620
VRU,vru_accident:DoTA:VRU_26,visual_4frame_stack,181149
VRU,vru_accident:DoTA:VRU_26,fusion_stack,186260
VRU,vru_accident:DoTA:VRU_27,raw_video,5499665
VRU,vru_accident:DoTA:VRU_27,caption_stack,5003
VRU,vru_accident:DoTA:VRU_27,center_frame_stack,41083
VRU,vru_accident:DoTA:VRU_27,visual_4frame_stack,156567
VRU,vru_accident:DoTA:VRU_27,fusion_stack,161570
VRU,vru_accident:DoTA:VRU_28,raw_video,7309094
VRU,vru_accident:DoTA:VRU_28,caption_stack,4851
VRU,vru_accident:DoTA:VRU_28,center_frame_stack,52195
VRU,vru_accident:DoTA:VRU_28,visual_4frame_stack,202561
VRU,vru_accident:DoTA:VRU_28,fusion_stack,207412
VRU,vru_accident:DoTA:VRU_29,raw_video,2788670
VRU,vru_accident:DoTA:VRU_29,caption_stack,5048
VRU,vru_accident:DoTA:VRU_29,center_frame_stack,34761
VRU,vru_accident:DoTA:VRU_29,visual_4frame_stack,140062
VRU,vru_accident:DoTA:VRU_29,fusion_stack,145110
VRU,vru_accident:DoTA:VRU_3,raw_video,1282311
VRU,vru_accident:DoTA:VRU_3,caption_stack,5012
VRU,vru_accident:DoTA:VRU_3,center_frame_stack,35148
VRU,vru_accident:DoTA:VRU_3,visual_4frame_stack,140629
VRU,vru_accident:DoTA:VRU_3,fusion_stack,145641
VRU,vru_accident:DoTA:VRU_30,raw_video,5723295
VRU,vru_accident:DoTA:VRU_30,caption_stack,5277
VRU,vru_accident:DoTA:VRU_30,center_frame_stack,41118
VRU,vru_accident:DoTA:VRU_30,visual_4frame_stack,176620
VRU,vru_accident:DoTA:VRU_30,fusion_stack,181897
VRU,vru_accident:DoTA:VRU_31,raw_video,5836091
VRU,vru_accident:DoTA:VRU_31,caption_stack,5349
VRU,vru_accident:DoTA:VRU_31,center_frame_stack,43940
VRU,vru_accident:DoTA:VRU_31,visual_4frame_stack,175980
VRU,vru_accident:DoTA:VRU_31,fusion_stack,181329
VRU,vru_accident:DoTA:VRU_32,raw_video,2592596
VRU,vru_accident:DoTA:VRU_32,caption_stack,5043
VRU,vru_accident:DoTA:VRU_32,center_frame_stack,31668
VRU,vru_accident:DoTA:VRU_32,visual_4frame_stack,135139
VRU,vru_accident:DoTA:VRU_32,fusion_stack,140182
VRU,vru_accident:DoTA:VRU_33,raw_video,1467350
VRU,vru_accident:DoTA:VRU_33,caption_stack,5093
VRU,vru_accident:DoTA:VRU_33,center_frame_stack,22065
VRU,vru_accident:DoTA:VRU_33,visual_4frame_stack,90526
VRU,vru_accident:DoTA:VRU_33,fusion_stack,95619
VRU,vru_accident:DoTA:VRU_34,raw_video,3394844
VRU,vru_accident:DoTA:VRU_34,caption_stack,5219
VRU,vru_accident:DoTA:VRU_34,center_frame_stack,37973
VRU,vru_accident:DoTA:VRU_34,visual_4frame_stack,157706
VRU,vru_accident:DoTA:VRU_34,fusion_stack,162925
VRU,vru_accident:DoTA:VRU_35,raw_video,1542818
VRU,vru_accident:DoTA:VRU_35,caption_stack,5121
VRU,vru_accident:DoTA:VRU_35,center_frame_stack,39527
VRU,vru_accident:DoTA:VRU_35,visual_4frame_stack,161324
VRU,vru_accident:DoTA:VRU_35,fusion_stack,166445
VRU,vru_accident:DoTA:VRU_36,raw_video,10711378
VRU,vru_accident:DoTA:VRU_36,caption_stack,5317
VRU,vru_accident:DoTA:VRU_36,center_frame_stack,53974
VRU,vru_accident:DoTA:VRU_36,visual_4frame_stack,216068
VRU,vru_accident:DoTA:VRU_36,fusion_stack,221385
VRU,vru_accident:DoTA:VRU_37,raw_video,4313577
VRU,vru_accident:DoTA:VRU_37,caption_stack,5104
VRU,vru_accident:DoTA:VRU_37,center_frame_stack,35469
VRU,vru_accident:DoTA:VRU_37,visual_4frame_stack,136906
VRU,vru_accident:DoTA:VRU_37,fusion_stack,142010
VRU,vru_accident:DoTA:VRU_38,raw_video,4723799
VRU,vru_accident:DoTA:VRU_38,caption_stack,4984
VRU,vru_accident:DoTA:VRU_38,center_frame_stack,37803
VRU,vru_accident:DoTA:VRU_38,visual_4frame_stack,164568
VRU,vru_accident:DoTA:VRU_38,fusion_stack,169552
VRU,vru_accident:DoTA:VRU_39,raw_video,4069131
VRU,vru_accident:DoTA:VRU_39,caption_stack,5457
VRU,vru_accident:DoTA:VRU_39,center_frame_stack,45991
VRU,vru_accident:DoTA:VRU_39,visual_4frame_stack,185958
VRU,vru_accident:DoTA:VRU_39,fusion_stack,191415
VRU,vru_accident:DoTA:VRU_4,raw_video,5036917
VRU,vru_accident:DoTA:VRU_4,caption_stack,5020
VRU,vru_accident:DoTA:VRU_4,center_frame_stack,48681
VRU,vru_accident:DoTA:VRU_4,visual_4frame_stack,189649
VRU,vru_accident:DoTA:VRU_4,fusion_stack,194669
VRU,vru_accident:DoTA:VRU_40,raw_video,2273352
VRU,vru_accident:DoTA:VRU_40,caption_stack,4898
VRU,vru_accident:DoTA:VRU_40,center_frame_stack,39594
VRU,vru_accident:DoTA:VRU_40,visual_4frame_stack,158346
VRU,vru_accident:DoTA:VRU_40,fusion_stack,163244
VRU,vru_accident:DoTA:VRU_41,raw_video,3275011
VRU,vru_accident:DoTA:VRU_41,caption_stack,5080
VRU,vru_accident:DoTA:VRU_41,center_frame_stack,52937
VRU,vru_accident:DoTA:VRU_41,visual_4frame_stack,216965
VRU,vru_accident:DoTA:VRU_41,fusion_stack,222045
VRU,vru_accident:DoTA:VRU_42,raw_video,6539629
VRU,vru_accident:DoTA:VRU_42,caption_stack,4987
VRU,vru_accident:DoTA:VRU_42,center_frame_stack,43254
VRU,vru_accident:DoTA:VRU_42,visual_4frame_stack,169793
VRU,vru_accident:DoTA:VRU_42,fusion_stack,174780
VRU,vru_accident:DoTA:VRU_43,raw_video,1725722
VRU,vru_accident:DoTA:VRU_43,caption_stack,4986
VRU,vru_accident:DoTA:VRU_43,center_frame_stack,25107
VRU,vru_accident:DoTA:VRU_43,visual_4frame_stack,92549
VRU,vru_accident:DoTA:VRU_43,fusion_stack,97535
VRU,vru_accident:DoTA:VRU_44,raw_video,2582034
VRU,vru_accident:DoTA:VRU_44,caption_stack,4912
VRU,vru_accident:DoTA:VRU_44,center_frame_stack,35513
VRU,vru_accident:DoTA:VRU_44,visual_4frame_stack,141495
VRU,vru_accident:DoTA:VRU_44,fusion_stack,146407
VRU,vru_accident:DoTA:VRU_45,raw_video,11142417
VRU,vru_accident:DoTA:VRU_45,caption_stack,5336
VRU,vru_accident:DoTA:VRU_45,center_frame_stack,56326
VRU,vru_accident:DoTA:VRU_45,visual_4frame_stack,223679
VRU,vru_accident:DoTA:VRU_45,fusion_stack,229015
VRU,vru_accident:DoTA:VRU_46,raw_video,1275476
VRU,vru_accident:DoTA:VRU_46,caption_stack,5208
VRU,vru_accident:DoTA:VRU_46,center_frame_stack,19007
VRU,vru_accident:DoTA:VRU_46,visual_4frame_stack,88557
VRU,vru_accident:DoTA:VRU_46,fusion_stack,93765
VRU,vru_accident:DoTA:VRU_47,raw_video,1973023
VRU,vru_accident:DoTA:VRU_47,caption_stack,5432
VRU,vru_accident:DoTA:VRU_47,center_frame_stack,35612
VRU,vru_accident:DoTA:VRU_47,visual_4frame_stack,142555
VRU,vru_accident:DoTA:VRU_47,fusion_stack,147987
VRU,vru_accident:DoTA:VRU_48,raw_video,1272729
VRU,vru_accident:DoTA:VRU_48,caption_stack,5083
VRU,vru_accident:DoTA:VRU_48,center_frame_stack,40777
VRU,vru_accident:DoTA:VRU_48,visual_4frame_stack,161513
VRU,vru_accident:DoTA:VRU_48,fusion_stack,166596
VRU,vru_accident:DoTA:VRU_49,raw_video,3004636
VRU,vru_accident:DoTA:VRU_49,caption_stack,5323
VRU,vru_accident:DoTA:VRU_49,center_frame_stack,34263
VRU,vru_accident:DoTA:VRU_49,visual_4frame_stack,129968
VRU,vru_accident:DoTA:VRU_49,fusion_stack,135291
VRU,vru_accident:DoTA:VRU_5,raw_video,841263
VRU,vru_accident:DoTA:VRU_5,caption_stack,5174
VRU,vru_accident:DoTA:VRU_5,center_frame_stack,14086
VRU,vru_accident:DoTA:VRU_5,visual_4frame_stack,59081
VRU,vru_accident:DoTA:VRU_5,fusion_stack,64255
VRU,vru_accident:DoTA:VRU_50,raw_video,4447465
VRU,vru_accident:DoTA:VRU_50,caption_stack,5026
VRU,vru_accident:DoTA:VRU_50,center_frame_stack,43594
VRU,vru_accident:DoTA:VRU_50,visual_4frame_stack,175846
VRU,vru_accident:DoTA:VRU_50,fusion_stack,180872
VRU,vru_accident:DoTA:VRU_51,raw_video,4196412
VRU,vru_accident:DoTA:VRU_51,caption_stack,4853
VRU,vru_accident:DoTA:VRU_51,center_frame_stack,34026
VRU,vru_accident:DoTA:VRU_51,visual_4frame_stack,142147
VRU,vru_accident:DoTA:VRU_51,fusion_stack,147000
VRU,vru_accident:DoTA:VRU_52,raw_video,6717471
VRU,vru_accident:DoTA:VRU_52,caption_stack,5104
VRU,vru_accident:DoTA:VRU_52,center_frame_stack,49195
VRU,vru_accident:DoTA:VRU_52,visual_4frame_stack,198557
VRU,vru_accident:DoTA:VRU_52,fusion_stack,203661
VRU,vru_accident:DoTA:VRU_53,raw_video,2436153
VRU,vru_accident:DoTA:VRU_53,caption_stack,5088
VRU,vru_accident:DoTA:VRU_53,center_frame_stack,42938
VRU,vru_accident:DoTA:VRU_53,visual_4frame_stack,171684
VRU,vru_accident:DoTA:VRU_53,fusion_stack,176772
VRU,vru_accident:DoTA:VRU_54,raw_video,1440345
VRU,vru_accident:DoTA:VRU_54,caption_stack,5269
VRU,vru_accident:DoTA:VRU_54,center_frame_stack,24441
VRU,vru_accident:DoTA:VRU_54,visual_4frame_stack,102883
VRU,vru_accident:DoTA:VRU_54,fusion_stack,108152
VRU,vru_accident:DoTA:VRU_55,raw_video,3546549
VRU,vru_accident:DoTA:VRU_55,caption_stack,5227
VRU,vru_accident:DoTA:VRU_55,center_frame_stack,37449
VRU,vru_accident:DoTA:VRU_55,visual_4frame_stack,144427
VRU,vru_accident:DoTA:VRU_55,fusion_stack,149654
VRU,vru_accident:DoTA:VRU_56,raw_video,3302427
VRU,vru_accident:DoTA:VRU_56,caption_stack,5079
VRU,vru_accident:DoTA:VRU_56,center_frame_stack,32763
VRU,vru_accident:DoTA:VRU_56,visual_4frame_stack,136520
VRU,vru_accident:DoTA:VRU_56,fusion_stack,141599
VRU,vru_accident:DoTA:VRU_57,raw_video,3507997
VRU,vru_accident:DoTA:VRU_57,caption_stack,4905
VRU,vru_accident:DoTA:VRU_57,center_frame_stack,30556
VRU,vru_accident:DoTA:VRU_57,visual_4frame_stack,149570
VRU,vru_accident:DoTA:VRU_57,fusion_stack,154475
VRU,vru_accident:DoTA:VRU_58,raw_video,3235337
VRU,vru_accident:DoTA:VRU_58,caption_stack,4804
VRU,vru_accident:DoTA:VRU_58,center_frame_stack,33546
VRU,vru_accident:DoTA:VRU_58,visual_4frame_stack,145443
VRU,vru_accident:DoTA:VRU_58,fusion_stack,150247
VRU,vru_accident:DoTA:VRU_59,raw_video,359727
VRU,vru_accident:DoTA:VRU_59,caption_stack,4844
VRU,vru_accident:DoTA:VRU_59,center_frame_stack,16500
VRU,vru_accident:DoTA:VRU_59,visual_4frame_stack,62565
VRU,vru_accident:DoTA:VRU_59,fusion_stack,67409
VRU,vru_accident:DoTA:VRU_6,raw_video,1003363
VRU,vru_accident:DoTA:VRU_6,caption_stack,5111
VRU,vru_accident:DoTA:VRU_6,center_frame_stack,20364
VRU,vru_accident:DoTA:VRU_6,visual_4frame_stack,78614
VRU,vru_accident:DoTA:VRU_6,fusion_stack,83725
VRU,vru_accident:DoTA:VRU_60,raw_video,4098906
VRU,vru_accident:DoTA:VRU_60,caption_stack,5163
VRU,vru_accident:DoTA:VRU_60,center_frame_stack,38803
VRU,vru_accident:DoTA:VRU_60,visual_4frame_stack,163147
VRU,vru_accident:DoTA:VRU_60,fusion_stack,168310
VRU,vru_accident:DoTA:VRU_61,raw_video,3382310
VRU,vru_accident:DoTA:VRU_61,caption_stack,4926
VRU,vru_accident:DoTA:VRU_61,center_frame_stack,32264
VRU,vru_accident:DoTA:VRU_61,visual_4frame_stack,123141
VRU,vru_accident:DoTA:VRU_61,fusion_stack,128067
VRU,vru_accident:DoTA:VRU_62,raw_video,3307052
VRU,vru_accident:DoTA:VRU_62,caption_stack,5202
VRU,vru_accident:DoTA:VRU_62,center_frame_stack,38068
VRU,vru_accident:DoTA:VRU_62,visual_4frame_stack,153969
VRU,vru_accident:DoTA:VRU_62,fusion_stack,159171
VRU,vru_accident:DoTA:VRU_63,raw_video,9568923
VRU,vru_accident:DoTA:VRU_63,caption_stack,5227
VRU,vru_accident:DoTA:VRU_63,center_frame_stack,54957
VRU,vru_accident:DoTA:VRU_63,visual_4frame_stack,232631
VRU,vru_accident:DoTA:VRU_63,fusion_stack,237858
VRU,vru_accident:DoTA:VRU_64,raw_video,4530460
VRU,vru_accident:DoTA:VRU_64,caption_stack,4900
VRU,vru_accident:DoTA:VRU_64,center_frame_stack,35877
VRU,vru_accident:DoTA:VRU_64,visual_4frame_stack,154328
VRU,vru_accident:DoTA:VRU_64,fusion_stack,159228
VRU,vru_accident:DoTA:VRU_65,raw_video,7135557
VRU,vru_accident:DoTA:VRU_65,caption_stack,5219
VRU,vru_accident:DoTA:VRU_65,center_frame_stack,45816
VRU,vru_accident:DoTA:VRU_65,visual_4frame_stack,212792
VRU,vru_accident:DoTA:VRU_65,fusion_stack,218011
VRU,vru_accident:DoTA:VRU_66,raw_video,7845424
VRU,vru_accident:DoTA:VRU_66,caption_stack,4690
VRU,vru_accident:DoTA:VRU_66,center_frame_stack,43724
VRU,vru_accident:DoTA:VRU_66,visual_4frame_stack,188074
VRU,vru_accident:DoTA:VRU_66,fusion_stack,192764
VRU,vru_accident:DoTA:VRU_67,raw_video,3408417
VRU,vru_accident:DoTA:VRU_67,caption_stack,4870
VRU,vru_accident:DoTA:VRU_67,center_frame_stack,37325
VRU,vru_accident:DoTA:VRU_67,visual_4frame_stack,150116
VRU,vru_accident:DoTA:VRU_67,fusion_stack,154986
VRU,vru_accident:DoTA:VRU_68,raw_video,3548920
VRU,vru_accident:DoTA:VRU_68,caption_stack,5322
VRU,vru_accident:DoTA:VRU_68,center_frame_stack,38822
VRU,vru_accident:DoTA:VRU_68,visual_4frame_stack,154699
VRU,vru_accident:DoTA:VRU_68,fusion_stack,160021
VRU,vru_accident:DoTA:VRU_69,raw_video,7530189
VRU,vru_accident:DoTA:VRU_69,caption_stack,4789
VRU,vru_accident:DoTA:VRU_69,center_frame_stack,50420
VRU,vru_accident:DoTA:VRU_69,visual_4frame_stack,193044
VRU,vru_accident:DoTA:VRU_69,fusion_stack,197833
VRU,vru_accident:DoTA:VRU_7,raw_video,2255528
VRU,vru_accident:DoTA:VRU_7,caption_stack,5345
VRU,vru_accident:DoTA:VRU_7,center_frame_stack,25504
VRU,vru_accident:DoTA:VRU_7,visual_4frame_stack,115119
VRU,vru_accident:DoTA:VRU_7,fusion_stack,120464
VRU,vru_accident:DoTA:VRU_70,raw_video,3983814
VRU,vru_accident:DoTA:VRU_70,caption_stack,5122
VRU,vru_accident:DoTA:VRU_70,center_frame_stack,46728
VRU,vru_accident:DoTA:VRU_70,visual_4frame_stack,185523
VRU,vru_accident:DoTA:VRU_70,fusion_stack,190645
VRU,vru_accident:DoTA:VRU_71,raw_video,3660851
VRU,vru_accident:DoTA:VRU_71,caption_stack,5075
VRU,vru_accident:DoTA:VRU_71,center_frame_stack,52608
VRU,vru_accident:DoTA:VRU_71,visual_4frame_stack,214562
VRU,vru_accident:DoTA:VRU_71,fusion_stack,219637
VRU,vru_accident:DoTA:VRU_72,raw_video,5024592
VRU,vru_accident:DoTA:VRU_72,caption_stack,5114
VRU,vru_accident:DoTA:VRU_72,center_frame_stack,44130
VRU,vru_accident:DoTA:VRU_72,visual_4frame_stack,180206
VRU,vru_accident:DoTA:VRU_72,fusion_stack,185320
VRU,vru_accident:DoTA:VRU_73,raw_video,3456412
VRU,vru_accident:DoTA:VRU_73,caption_stack,5183
VRU,vru_accident:DoTA:VRU_73,center_frame_stack,35673
VRU,vru_accident:DoTA:VRU_73,visual_4frame_stack,155633
VRU,vru_accident:DoTA:VRU_73,fusion_stack,160816
VRU,vru_accident:DoTA:VRU_74,raw_video,8415104
VRU,vru_accident:DoTA:VRU_74,caption_stack,4764
VRU,vru_accident:DoTA:VRU_74,center_frame_stack,45122
VRU,vru_accident:DoTA:VRU_74,visual_4frame_stack,182257
VRU,vru_accident:DoTA:VRU_74,fusion_stack,187021
VRU,vru_accident:DoTA:VRU_75,raw_video,2501469
VRU,vru_accident:DoTA:VRU_75,caption_stack,4835
VRU,vru_accident:DoTA:VRU_75,center_frame_stack,37509
VRU,vru_accident:DoTA:VRU_75,visual_4frame_stack,151462
VRU,vru_accident:DoTA:VRU_75,fusion_stack,156297
VRU,vru_accident:DoTA:VRU_76,raw_video,4553227
VRU,vru_accident:DoTA:VRU_76,caption_stack,4975
VRU,vru_accident:DoTA:VRU_76,center_frame_stack,44123
VRU,vru_accident:DoTA:VRU_76,visual_4frame_stack,183846
VRU,vru_accident:DoTA:VRU_76,fusion_stack,188821
VRU,vru_accident:DoTA:VRU_77,raw_video,2995161
VRU,vru_accident:DoTA:VRU_77,caption_stack,5148
VRU,vru_accident:DoTA:VRU_77,center_frame_stack,36797
VRU,vru_accident:DoTA:VRU_77,visual_4frame_stack,155037
VRU,vru_accident:DoTA:VRU_77,fusion_stack,160185
VRU,vru_accident:DoTA:VRU_78,raw_video,2828442
VRU,vru_accident:DoTA:VRU_78,caption_stack,4911
VRU,vru_accident:DoTA:VRU_78,center_frame_stack,39142
VRU,vru_accident:DoTA:VRU_78,visual_4frame_stack,160164
VRU,vru_accident:DoTA:VRU_78,fusion_stack,165075
VRU,vru_accident:DoTA:VRU_79,raw_video,2860396
VRU,vru_accident:DoTA:VRU_79,caption_stack,5019
VRU,vru_accident:DoTA:VRU_79,center_frame_stack,39345
VRU,vru_accident:DoTA:VRU_79,visual_4frame_stack,153120
VRU,vru_accident:DoTA:VRU_79,fusion_stack,158139
VRU,vru_accident:DoTA:VRU_8,raw_video,3961330
VRU,vru_accident:DoTA:VRU_8,caption_stack,5220
VRU,vru_accident:DoTA:VRU_8,center_frame_stack,32080
VRU,vru_accident:DoTA:VRU_8,visual_4frame_stack,131232
VRU,vru_accident:DoTA:VRU_8,fusion_stack,136452
VRU,vru_accident:DoTA:VRU_80,raw_video,1681516
VRU,vru_accident:DoTA:VRU_80,caption_stack,5113
VRU,vru_accident:DoTA:VRU_80,center_frame_stack,28169
VRU,vru_accident:DoTA:VRU_80,visual_4frame_stack,107989
VRU,vru_accident:DoTA:VRU_80,fusion_stack,113102
VRU,vru_accident:DoTA:VRU_81,raw_video,3735802
VRU,vru_accident:DoTA:VRU_81,caption_stack,4832
VRU,vru_accident:DoTA:VRU_81,center_frame_stack,37939
VRU,vru_accident:DoTA:VRU_81,visual_4frame_stack,172060
VRU,vru_accident:DoTA:VRU_81,fusion_stack,176892
VRU,vru_accident:DoTA:VRU_82,raw_video,3468775
VRU,vru_accident:DoTA:VRU_82,caption_stack,4883
VRU,vru_accident:DoTA:VRU_82,center_frame_stack,36898
VRU,vru_accident:DoTA:VRU_82,visual_4frame_stack,164781
VRU,vru_accident:DoTA:VRU_82,fusion_stack,169664
VRU,vru_accident:DoTA:VRU_83,raw_video,2905824
VRU,vru_accident:DoTA:VRU_83,caption_stack,5008
VRU,vru_accident:DoTA:VRU_83,center_frame_stack,37865
VRU,vru_accident:DoTA:VRU_83,visual_4frame_stack,152305
VRU,vru_accident:DoTA:VRU_83,fusion_stack,157313
VRU,vru_accident:DoTA:VRU_84,raw_video,2121500
VRU,vru_accident:DoTA:VRU_84,caption_stack,4984
VRU,vru_accident:DoTA:VRU_84,center_frame_stack,26528
VRU,vru_accident:DoTA:VRU_84,visual_4frame_stack,113535
VRU,vru_accident:DoTA:VRU_84,fusion_stack,118519
VRU,vru_accident:DoTA:VRU_85,raw_video,7316372
VRU,vru_accident:DoTA:VRU_85,caption_stack,5118
VRU,vru_accident:DoTA:VRU_85,center_frame_stack,41179
VRU,vru_accident:DoTA:VRU_85,visual_4frame_stack,172941
VRU,vru_accident:DoTA:VRU_85,fusion_stack,178059
VRU,vru_accident:DoTA:VRU_86,raw_video,5474142
VRU,vru_accident:DoTA:VRU_86,caption_stack,5397
VRU,vru_accident:DoTA:VRU_86,center_frame_stack,47618
VRU,vru_accident:DoTA:VRU_86,visual_4frame_stack,197615
VRU,vru_accident:DoTA:VRU_86,fusion_stack,203012
VRU,vru_accident:DoTA:VRU_87,raw_video,7126877
VRU,vru_accident:DoTA:VRU_87,caption_stack,5148
VRU,vru_accident:DoTA:VRU_87,center_frame_stack,36956
VRU,vru_accident:DoTA:VRU_87,visual_4frame_stack,162148
VRU,vru_accident:DoTA:VRU_87,fusion_stack,167296
VRU,vru_accident:DoTA:VRU_88,raw_video,11359656
VRU,vru_accident:DoTA:VRU_88,caption_stack,5200
VRU,vru_accident:DoTA:VRU_88,center_frame_stack,49526
VRU,vru_accident:DoTA:VRU_88,visual_4frame_stack,195764
VRU,vru_accident:DoTA:VRU_88,fusion_stack,200964
VRU,vru_accident:DoTA:VRU_89,raw_video,4313375
VRU,vru_accident:DoTA:VRU_89,caption_stack,5073
VRU,vru_accident:DoTA:VRU_89,center_frame_stack,40128
VRU,vru_accident:DoTA:VRU_89,visual_4frame_stack,156577
VRU,vru_accident:DoTA:VRU_89,fusion_stack,161650
VRU,vru_accident:DoTA:VRU_9,raw_video,3666723
VRU,vru_accident:DoTA:VRU_9,caption_stack,5366
VRU,vru_accident:DoTA:VRU_9,center_frame_stack,41506
VRU,vru_accident:DoTA:VRU_9,visual_4frame_stack,177344
VRU,vru_accident:DoTA:VRU_9,fusion_stack,182710
VRU,vru_accident:DoTA:VRU_90,raw_video,6189193
VRU,vru_accident:DoTA:VRU_90,caption_stack,4839
VRU,vru_accident:DoTA:VRU_90,center_frame_stack,47647
VRU,vru_accident:DoTA:VRU_90,visual_4frame_stack,192165
VRU,vru_accident:DoTA:VRU_90,fusion_stack,197004
VRU,vru_accident:DoTA:VRU_91,raw_video,5210605
VRU,vru_accident:DoTA:VRU_91,caption_stack,5335
VRU,vru_accident:DoTA:VRU_91,center_frame_stack,40011
VRU,vru_accident:DoTA:VRU_91,visual_4frame_stack,152107
VRU,vru_accident:DoTA:VRU_91,fusion_stack,157442
VRU,vru_accident:DoTA:VRU_92,raw_video,1140289
VRU,vru_accident:DoTA:VRU_92,caption_stack,4860
VRU,vru_accident:DoTA:VRU_92,center_frame_stack,24696
VRU,vru_accident:DoTA:VRU_92,visual_4frame_stack,112356
VRU,vru_accident:DoTA:VRU_92,fusion_stack,117216
VRU,vru_accident:DoTA:VRU_93,raw_video,4283179
VRU,vru_accident:DoTA:VRU_93,caption_stack,5074
VRU,vru_accident:DoTA:VRU_93,center_frame_stack,32778
VRU,vru_accident:DoTA:VRU_93,visual_4frame_stack,139454
VRU,vru_accident:DoTA:VRU_93,fusion_stack,144528
VRU,vru_accident:DoTA:VRU_94,raw_video,4247347
VRU,vru_accident:DoTA:VRU_94,caption_stack,4754
VRU,vru_accident:DoTA:VRU_94,center_frame_stack,36245
VRU,vru_accident:DoTA:VRU_94,visual_4frame_stack,152295
VRU,vru_accident:DoTA:VRU_94,fusion_stack,157049
VRU,vru_accident:DoTA:VRU_95,raw_video,4647336
VRU,vru_accident:DoTA:VRU_95,caption_stack,5077
VRU,vru_accident:DoTA:VRU_95,center_frame_stack,37046
VRU,vru_accident:DoTA:VRU_95,visual_4frame_stack,155453
VRU,vru_accident:DoTA:VRU_95,fusion_stack,160530
VRU,vru_accident:DoTA:VRU_96,raw_video,1506272
VRU,vru_accident:DoTA:VRU_96,caption_stack,4803
VRU,vru_accident:DoTA:VRU_96,center_frame_stack,26478
VRU,vru_accident:DoTA:VRU_96,visual_4frame_stack,109920
VRU,vru_accident:DoTA:VRU_96,fusion_stack,114723
VRU,vru_accident:DoTA:VRU_97,raw_video,2985251
VRU,vru_accident:DoTA:VRU_97,caption_stack,5143
VRU,vru_accident:DoTA:VRU_97,center_frame_stack,34227
VRU,vru_accident:DoTA:VRU_97,visual_4frame_stack,129811
VRU,vru_accident:DoTA:VRU_97,fusion_stack,134954
VRU,vru_accident:DoTA:VRU_98,raw_video,4126440
VRU,vru_accident:DoTA:VRU_98,caption_stack,5017
VRU,vru_accident:DoTA:VRU_98,center_frame_stack,33418
VRU,vru_accident:DoTA:VRU_98,visual_4frame_stack,142926
VRU,vru_accident:DoTA:VRU_98,fusion_stack,147943
VRU,vru_accident:DoTA:VRU_99,raw_video,2578938
VRU,vru_accident:DoTA:VRU_99,caption_stack,4715
VRU,vru_accident:DoTA:VRU_99,center_frame_stack,38693
VRU,vru_accident:DoTA:VRU_99,visual_4frame_stack,151816
VRU,vru_accident:DoTA:VRU_99,fusion_stack,156531
VRU,vru_accident:MANUAL_DATA:VRU_1,raw_video,580893
VRU,vru_accident:MANUAL_DATA:VRU_1,caption_stack,4958
VRU,vru_accident:MANUAL_DATA:VRU_1,center_frame_stack,30667
VRU,vru_accident:MANUAL_DATA:VRU_1,visual_4frame_stack,125363
VRU,vru_accident:MANUAL_DATA:VRU_1,fusion_stack,130321
VRU,vru_accident:MANUAL_DATA:VRU_10,raw_video,1356932
VRU,vru_accident:MANUAL_DATA:VRU_10,caption_stack,4970
VRU,vru_accident:MANUAL_DATA:VRU_10,center_frame_stack,34196
VRU,vru_accident:MANUAL_DATA:VRU_10,visual_4frame_stack,127346
VRU,vru_accident:MANUAL_DATA:VRU_10,fusion_stack,132316
VRU,vru_accident:MANUAL_DATA:VRU_100,raw_video,2807229
VRU,vru_accident:MANUAL_DATA:VRU_100,caption_stack,4826
VRU,vru_accident:MANUAL_DATA:VRU_100,center_frame_stack,23181
VRU,vru_accident:MANUAL_DATA:VRU_100,visual_4frame_stack,114270
VRU,vru_accident:MANUAL_DATA:VRU_100,fusion_stack,119096
VRU,vru_accident:MANUAL_DATA:VRU_101,raw_video,5979203
VRU,vru_accident:MANUAL_DATA:VRU_101,caption_stack,4942
VRU,vru_accident:MANUAL_DATA:VRU_101,center_frame_stack,34815
VRU,vru_accident:MANUAL_DATA:VRU_101,visual_4frame_stack,138638
VRU,vru_accident:MANUAL_DATA:VRU_101,fusion_stack,143580
VRU,vru_accident:MANUAL_DATA:VRU_102,raw_video,2265895
VRU,vru_accident:MANUAL_DATA:VRU_102,caption_stack,4694
VRU,vru_accident:MANUAL_DATA:VRU_102,center_frame_stack,21522
VRU,vru_accident:MANUAL_DATA:VRU_102,visual_4frame_stack,86904
VRU,vru_accident:MANUAL_DATA:VRU_102,fusion_stack,91598
VRU,vru_accident:MANUAL_DATA:VRU_103,raw_video,2149014
VRU,vru_accident:MANUAL_DATA:VRU_103,caption_stack,4823
VRU,vru_accident:MANUAL_DATA:VRU_103,center_frame_stack,19004
VRU,vru_accident:MANUAL_DATA:VRU_103,visual_4frame_stack,77095
VRU,vru_accident:MANUAL_DATA:VRU_103,fusion_stack,81918
VRU,vru_accident:MANUAL_DATA:VRU_104,raw_video,830259
VRU,vru_accident:MANUAL_DATA:VRU_104,caption_stack,4707
VRU,vru_accident:MANUAL_DATA:VRU_104,center_frame_stack,33403
VRU,vru_accident:MANUAL_DATA:VRU_104,visual_4frame_stack,124519
VRU,vru_accident:MANUAL_DATA:VRU_104,fusion_stack,129226
VRU,vru_accident:MANUAL_DATA:VRU_105,raw_video,576597
VRU,vru_accident:MANUAL_DATA:VRU_105,caption_stack,4924
VRU,vru_accident:MANUAL_DATA:VRU_105,center_frame_stack,25495
VRU,vru_accident:MANUAL_DATA:VRU_105,visual_4frame_stack,102421
VRU,vru_accident:MANUAL_DATA:VRU_105,fusion_stack,107345
VRU,vru_accident:MANUAL_DATA:VRU_106,raw_video,641059
VRU,vru_accident:MANUAL_DATA:VRU_106,caption_stack,4716
VRU,vru_accident:MANUAL_DATA:VRU_106,center_frame_stack,22824
VRU,vru_accident:MANUAL_DATA:VRU_106,visual_4frame_stack,90887
VRU,vru_accident:MANUAL_DATA:VRU_106,fusion_stack,95603
VRU,vru_accident:MANUAL_DATA:VRU_107,raw_video,707692
VRU,vru_accident:MANUAL_DATA:VRU_107,caption_stack,4641
VRU,vru_accident:MANUAL_DATA:VRU_107,center_frame_stack,23812
VRU,vru_accident:MANUAL_DATA:VRU_107,visual_4frame_stack,97871
VRU,vru_accident:MANUAL_DATA:VRU_107,fusion_stack,102512
VRU,vru_accident:MANUAL_DATA:VRU_108,raw_video,1091047
VRU,vru_accident:MANUAL_DATA:VRU_108,caption_stack,4795
VRU,vru_accident:MANUAL_DATA:VRU_108,center_frame_stack,36970
VRU,vru_accident:MANUAL_DATA:VRU_108,visual_4frame_stack,137095
VRU,vru_accident:MANUAL_DATA:VRU_108,fusion_stack,141890
VRU,vru_accident:MANUAL_DATA:VRU_109,raw_video,1664958
VRU,vru_accident:MANUAL_DATA:VRU_109,caption_stack,4896
VRU,vru_accident:MANUAL_DATA:VRU_109,center_frame_stack,26190
VRU,vru_accident:MANUAL_DATA:VRU_109,visual_4frame_stack,109988
VRU,vru_accident:MANUAL_DATA:VRU_109,fusion_stack,114884
VRU,vru_accident:MANUAL_DATA:VRU_11,raw_video,2011126
VRU,vru_accident:MANUAL_DATA:VRU_11,caption_stack,5005
VRU,vru_accident:MANUAL_DATA:VRU_11,center_frame_stack,34212
VRU,vru_accident:MANUAL_DATA:VRU_11,visual_4frame_stack,138751
VRU,vru_accident:MANUAL_DATA:VRU_11,fusion_stack,143756
VRU,vru_accident:MANUAL_DATA:VRU_110,raw_video,1390026
VRU,vru_accident:MANUAL_DATA:VRU_110,caption_stack,4661
VRU,vru_accident:MANUAL_DATA:VRU_110,center_frame_stack,22089
VRU,vru_accident:MANUAL_DATA:VRU_110,visual_4frame_stack,88268
VRU,vru_accident:MANUAL_DATA:VRU_110,fusion_stack,92929
VRU,vru_accident:MANUAL_DATA:VRU_111,raw_video,1395351
VRU,vru_accident:MANUAL_DATA:VRU_111,caption_stack,4663
VRU,vru_accident:MANUAL_DATA:VRU_111,center_frame_stack,30335
VRU,vru_accident:MANUAL_DATA:VRU_111,visual_4frame_stack,122289
VRU,vru_accident:MANUAL_DATA:VRU_111,fusion_stack,126952
VRU,vru_accident:MANUAL_DATA:VRU_112,raw_video,3609068
VRU,vru_accident:MANUAL_DATA:VRU_112,caption_stack,4791
VRU,vru_accident:MANUAL_DATA:VRU_112,center_frame_stack,26727
VRU,vru_accident:MANUAL_DATA:VRU_112,visual_4frame_stack,115486
VRU,vru_accident:MANUAL_DATA:VRU_112,fusion_stack,120277
VRU,vru_accident:MANUAL_DATA:VRU_113,raw_video,906695
VRU,vru_accident:MANUAL_DATA:VRU_113,caption_stack,4819
VRU,vru_accident:MANUAL_DATA:VRU_113,center_frame_stack,20678
VRU,vru_accident:MANUAL_DATA:VRU_113,visual_4frame_stack,82824
VRU,vru_accident:MANUAL_DATA:VRU_113,fusion_stack,87643
VRU,vru_accident:MANUAL_DATA:VRU_114,raw_video,1238940
VRU,vru_accident:MANUAL_DATA:VRU_114,caption_stack,4849
VRU,vru_accident:MANUAL_DATA:VRU_114,center_frame_stack,22349
VRU,vru_accident:MANUAL_DATA:VRU_114,visual_4frame_stack,96792
VRU,vru_accident:MANUAL_DATA:VRU_114,fusion_stack,101641
VRU,vru_accident:MANUAL_DATA:VRU_115,raw_video,469113
VRU,vru_accident:MANUAL_DATA:VRU_115,caption_stack,4857
VRU,vru_accident:MANUAL_DATA:VRU_115,center_frame_stack,32615
VRU,vru_accident:MANUAL_DATA:VRU_115,visual_4frame_stack,132008
VRU,vru_accident:MANUAL_DATA:VRU_115,fusion_stack,136865
VRU,vru_accident:MANUAL_DATA:VRU_116,raw_video,512335
VRU,vru_accident:MANUAL_DATA:VRU_116,caption_stack,5045
VRU,vru_accident:MANUAL_DATA:VRU_116,center_frame_stack,33962
VRU,vru_accident:MANUAL_DATA:VRU_116,visual_4frame_stack,135772
VRU,vru_accident:MANUAL_DATA:VRU_116,fusion_stack,140817
VRU,vru_accident:MANUAL_DATA:VRU_117,raw_video,1053413
VRU,vru_accident:MANUAL_DATA:VRU_117,caption_stack,5019
VRU,vru_accident:MANUAL_DATA:VRU_117,center_frame_stack,28506
VRU,vru_accident:MANUAL_DATA:VRU_117,visual_4frame_stack,123016
VRU,vru_accident:MANUAL_DATA:VRU_117,fusion_stack,128035
VRU,vru_accident:MANUAL_DATA:VRU_118,raw_video,709467
VRU,vru_accident:MANUAL_DATA:VRU_118,caption_stack,4850
VRU,vru_accident:MANUAL_DATA:VRU_118,center_frame_stack,18034
VRU,vru_accident:MANUAL_DATA:VRU_118,visual_4frame_stack,78468
VRU,vru_accident:MANUAL_DATA:VRU_118,fusion_stack,83318
VRU,vru_accident:MANUAL_DATA:VRU_119,raw_video,1010137
VRU,vru_accident:MANUAL_DATA:VRU_119,caption_stack,4942
VRU,vru_accident:MANUAL_DATA:VRU_119,center_frame_stack,24180
VRU,vru_accident:MANUAL_DATA:VRU_119,visual_4frame_stack,92487
VRU,vru_accident:MANUAL_DATA:VRU_119,fusion_stack,97429
VRU,vru_accident:MANUAL_DATA:VRU_12,raw_video,1906555
VRU,vru_accident:MANUAL_DATA:VRU_12,caption_stack,4829
VRU,vru_accident:MANUAL_DATA:VRU_12,center_frame_stack,36596
VRU,vru_accident:MANUAL_DATA:VRU_12,visual_4frame_stack,149894
VRU,vru_accident:MANUAL_DATA:VRU_12,fusion_stack,154723
VRU,vru_accident:MANUAL_DATA:VRU_120,raw_video,835967
VRU,vru_accident:MANUAL_DATA:VRU_120,caption_stack,4825
VRU,vru_accident:MANUAL_DATA:VRU_120,center_frame_stack,30230
VRU,vru_accident:MANUAL_DATA:VRU_120,visual_4frame_stack,124526
VRU,vru_accident:MANUAL_DATA:VRU_120,fusion_stack,129351
VRU,vru_accident:MANUAL_DATA:VRU_121,raw_video,518876
VRU,vru_accident:MANUAL_DATA:VRU_121,caption_stack,4889
VRU,vru_accident:MANUAL_DATA:VRU_121,center_frame_stack,27728
VRU,vru_accident:MANUAL_DATA:VRU_121,visual_4frame_stack,111463
VRU,vru_accident:MANUAL_DATA:VRU_121,fusion_stack,116352
VRU,vru_accident:MANUAL_DATA:VRU_122,raw_video,1326940
VRU,vru_accident:MANUAL_DATA:VRU_122,caption_stack,4855
VRU,vru_accident:MANUAL_DATA:VRU_122,center_frame_stack,32092
VRU,vru_accident:MANUAL_DATA:VRU_122,visual_4frame_stack,131573
VRU,vru_accident:MANUAL_DATA:VRU_122,fusion_stack,136428
VRU,vru_accident:MANUAL_DATA:VRU_123,raw_video,1843624
VRU,vru_accident:MANUAL_DATA:VRU_123,caption_stack,4877
VRU,vru_accident:MANUAL_DATA:VRU_123,center_frame_stack,27059
VRU,vru_accident:MANUAL_DATA:VRU_123,visual_4frame_stack,107489
VRU,vru_accident:MANUAL_DATA:VRU_123,fusion_stack,112366
VRU,vru_accident:MANUAL_DATA:VRU_124,raw_video,1574225
VRU,vru_accident:MANUAL_DATA:VRU_124,caption_stack,4834
VRU,vru_accident:MANUAL_DATA:VRU_124,center_frame_stack,30158
VRU,vru_accident:MANUAL_DATA:VRU_124,visual_4frame_stack,119397
VRU,vru_accident:MANUAL_DATA:VRU_124,fusion_stack,124231
VRU,vru_accident:MANUAL_DATA:VRU_125,raw_video,394915
VRU,vru_accident:MANUAL_DATA:VRU_125,caption_stack,4581
VRU,vru_accident:MANUAL_DATA:VRU_125,center_frame_stack,26990
VRU,vru_accident:MANUAL_DATA:VRU_125,visual_4frame_stack,105819
VRU,vru_accident:MANUAL_DATA:VRU_125,fusion_stack,110400
VRU,vru_accident:MANUAL_DATA:VRU_126,raw_video,803356
VRU,vru_accident:MANUAL_DATA:VRU_126,caption_stack,4899
VRU,vru_accident:MANUAL_DATA:VRU_126,center_frame_stack,20664
VRU,vru_accident:MANUAL_DATA:VRU_126,visual_4frame_stack,78820
VRU,vru_accident:MANUAL_DATA:VRU_126,fusion_stack,83719
VRU,vru_accident:MANUAL_DATA:VRU_127,raw_video,2179278
VRU,vru_accident:MANUAL_DATA:VRU_127,caption_stack,4781
VRU,vru_accident:MANUAL_DATA:VRU_127,center_frame_stack,30634
VRU,vru_accident:MANUAL_DATA:VRU_127,visual_4frame_stack,127382
VRU,vru_accident:MANUAL_DATA:VRU_127,fusion_stack,132163
VRU,vru_accident:MANUAL_DATA:VRU_128,raw_video,849070
VRU,vru_accident:MANUAL_DATA:VRU_128,caption_stack,4907
VRU,vru_accident:MANUAL_DATA:VRU_128,center_frame_stack,20302
VRU,vru_accident:MANUAL_DATA:VRU_128,visual_4frame_stack,80401
VRU,vru_accident:MANUAL_DATA:VRU_128,fusion_stack,85308
VRU,vru_accident:MANUAL_DATA:VRU_129,raw_video,759530
VRU,vru_accident:MANUAL_DATA:VRU_129,caption_stack,4742
VRU,vru_accident:MANUAL_DATA:VRU_129,center_frame_stack,20778
VRU,vru_accident:MANUAL_DATA:VRU_129,visual_4frame_stack,80677
VRU,vru_accident:MANUAL_DATA:VRU_129,fusion_stack,85419
VRU,vru_accident:MANUAL_DATA:VRU_13,raw_video,1478874
VRU,vru_accident:MANUAL_DATA:VRU_13,caption_stack,4822
VRU,vru_accident:MANUAL_DATA:VRU_13,center_frame_stack,42513
VRU,vru_accident:MANUAL_DATA:VRU_13,visual_4frame_stack,178869
VRU,vru_accident:MANUAL_DATA:VRU_13,fusion_stack,183691
VRU,vru_accident:MANUAL_DATA:VRU_130,raw_video,530727
VRU,vru_accident:MANUAL_DATA:VRU_130,caption_stack,4922
VRU,vru_accident:MANUAL_DATA:VRU_130,center_frame_stack,21593
VRU,vru_accident:MANUAL_DATA:VRU_130,visual_4frame_stack,82542
VRU,vru_accident:MANUAL_DATA:VRU_130,fusion_stack,87464
VRU,vru_accident:MANUAL_DATA:VRU_131,raw_video,1386675
VRU,vru_accident:MANUAL_DATA:VRU_131,caption_stack,4815
VRU,vru_accident:MANUAL_DATA:VRU_131,center_frame_stack,34307
VRU,vru_accident:MANUAL_DATA:VRU_131,visual_4frame_stack,135808
VRU,vru_accident:MANUAL_DATA:VRU_131,fusion_stack,140623
VRU,vru_accident:MANUAL_DATA:VRU_132,raw_video,431581
VRU,vru_accident:MANUAL_DATA:VRU_132,caption_stack,5010
VRU,vru_accident:MANUAL_DATA:VRU_132,center_frame_stack,27888
VRU,vru_accident:MANUAL_DATA:VRU_132,visual_4frame_stack,110221
VRU,vru_accident:MANUAL_DATA:VRU_132,fusion_stack,115231
VRU,vru_accident:MANUAL_DATA:VRU_133,raw_video,1445814
VRU,vru_accident:MANUAL_DATA:VRU_133,caption_stack,4870
VRU,vru_accident:MANUAL_DATA:VRU_133,center_frame_stack,17647
VRU,vru_accident:MANUAL_DATA:VRU_133,visual_4frame_stack,74996
VRU,vru_accident:MANUAL_DATA:VRU_133,fusion_stack,79866
VRU,vru_accident:MANUAL_DATA:VRU_134,raw_video,909969
VRU,vru_accident:MANUAL_DATA:VRU_134,caption_stack,4955
VRU,vru_accident:MANUAL_DATA:VRU_134,center_frame_stack,22107
VRU,vru_accident:MANUAL_DATA:VRU_134,visual_4frame_stack,89965
VRU,vru_accident:MANUAL_DATA:VRU_134,fusion_stack,94920
VRU,vru_accident:MANUAL_DATA:VRU_135,raw_video,822087
VRU,vru_accident:MANUAL_DATA:VRU_135,caption_stack,5071
VRU,vru_accident:MANUAL_DATA:VRU_135,center_frame_stack,26699
VRU,vru_accident:MANUAL_DATA:VRU_135,visual_4frame_stack,111405
VRU,vru_accident:MANUAL_DATA:VRU_135,fusion_stack,116476
VRU,vru_accident:MANUAL_DATA:VRU_136,raw_video,978596
VRU,vru_accident:MANUAL_DATA:VRU_136,caption_stack,4821
VRU,vru_accident:MANUAL_DATA:VRU_136,center_frame_stack,30286
VRU,vru_accident:MANUAL_DATA:VRU_136,visual_4frame_stack,125077
VRU,vru_accident:MANUAL_DATA:VRU_136,fusion_stack,129898
VRU,vru_accident:MANUAL_DATA:VRU_137,raw_video,1478139
VRU,vru_accident:MANUAL_DATA:VRU_137,caption_stack,4794
VRU,vru_accident:MANUAL_DATA:VRU_137,center_frame_stack,33594
VRU,vru_accident:MANUAL_DATA:VRU_137,visual_4frame_stack,135121
VRU,vru_accident:MANUAL_DATA:VRU_137,fusion_stack,139915
VRU,vru_accident:MANUAL_DATA:VRU_138,raw_video,1659504
VRU,vru_accident:MANUAL_DATA:VRU_138,caption_stack,5077
VRU,vru_accident:MANUAL_DATA:VRU_138,center_frame_stack,23420
VRU,vru_accident:MANUAL_DATA:VRU_138,visual_4frame_stack,100165
VRU,vru_accident:MANUAL_DATA:VRU_138,fusion_stack,105242
VRU,vru_accident:MANUAL_DATA:VRU_139,raw_video,1014853
VRU,vru_accident:MANUAL_DATA:VRU_139,caption_stack,5058
VRU,vru_accident:MANUAL_DATA:VRU_139,center_frame_stack,20677
VRU,vru_accident:MANUAL_DATA:VRU_139,visual_4frame_stack,83309
VRU,vru_accident:MANUAL_DATA:VRU_139,fusion_stack,88367
VRU,vru_accident:MANUAL_DATA:VRU_14,raw_video,2979625
VRU,vru_accident:MANUAL_DATA:VRU_14,caption_stack,4922
VRU,vru_accident:MANUAL_DATA:VRU_14,center_frame_stack,47849
VRU,vru_accident:MANUAL_DATA:VRU_14,visual_4frame_stack,201334
VRU,vru_accident:MANUAL_DATA:VRU_14,fusion_stack,206256
VRU,vru_accident:MANUAL_DATA:VRU_140,raw_video,2047944
VRU,vru_accident:MANUAL_DATA:VRU_140,caption_stack,4808
VRU,vru_accident:MANUAL_DATA:VRU_140,center_frame_stack,36154
VRU,vru_accident:MANUAL_DATA:VRU_140,visual_4frame_stack,140743
VRU,vru_accident:MANUAL_DATA:VRU_140,fusion_stack,145551
VRU,vru_accident:MANUAL_DATA:VRU_141,raw_video,2047780
VRU,vru_accident:MANUAL_DATA:VRU_141,caption_stack,5057
VRU,vru_accident:MANUAL_DATA:VRU_141,center_frame_stack,31653
VRU,vru_accident:MANUAL_DATA:VRU_141,visual_4frame_stack,138394
VRU,vru_accident:MANUAL_DATA:VRU_141,fusion_stack,143451
VRU,vru_accident:MANUAL_DATA:VRU_142,raw_video,822042
VRU,vru_accident:MANUAL_DATA:VRU_142,caption_stack,5225
VRU,vru_accident:MANUAL_DATA:VRU_142,center_frame_stack,24999
VRU,vru_accident:MANUAL_DATA:VRU_142,visual_4frame_stack,100236
VRU,vru_accident:MANUAL_DATA:VRU_142,fusion_stack,105461
VRU,vru_accident:MANUAL_DATA:VRU_143,raw_video,947445
VRU,vru_accident:MANUAL_DATA:VRU_143,caption_stack,5234
VRU,vru_accident:MANUAL_DATA:VRU_143,center_frame_stack,24889
VRU,vru_accident:MANUAL_DATA:VRU_143,visual_4frame_stack,95706
VRU,vru_accident:MANUAL_DATA:VRU_143,fusion_stack,100940
VRU,vru_accident:MANUAL_DATA:VRU_144,raw_video,761080
VRU,vru_accident:MANUAL_DATA:VRU_144,caption_stack,5255
VRU,vru_accident:MANUAL_DATA:VRU_144,center_frame_stack,27473
VRU,vru_accident:MANUAL_DATA:VRU_144,visual_4frame_stack,107857
VRU,vru_accident:MANUAL_DATA:VRU_144,fusion_stack,113112
VRU,vru_accident:MANUAL_DATA:VRU_145,raw_video,363378
VRU,vru_accident:MANUAL_DATA:VRU_145,caption_stack,5163
VRU,vru_accident:MANUAL_DATA:VRU_145,center_frame_stack,21548
VRU,vru_accident:MANUAL_DATA:VRU_145,visual_4frame_stack,88916
VRU,vru_accident:MANUAL_DATA:VRU_145,fusion_stack,94079
VRU,vru_accident:MANUAL_DATA:VRU_146,raw_video,546265
VRU,vru_accident:MANUAL_DATA:VRU_146,caption_stack,4994
VRU,vru_accident:MANUAL_DATA:VRU_146,center_frame_stack,41035
VRU,vru_accident:MANUAL_DATA:VRU_146,visual_4frame_stack,165331
VRU,vru_accident:MANUAL_DATA:VRU_146,fusion_stack,170325
VRU,vru_accident:MANUAL_DATA:VRU_147,raw_video,284653
VRU,vru_accident:MANUAL_DATA:VRU_147,caption_stack,5145
VRU,vru_accident:MANUAL_DATA:VRU_147,center_frame_stack,27430
VRU,vru_accident:MANUAL_DATA:VRU_147,visual_4frame_stack,108552
VRU,vru_accident:MANUAL_DATA:VRU_147,fusion_stack,113697
VRU,vru_accident:MANUAL_DATA:VRU_148,raw_video,610264
VRU,vru_accident:MANUAL_DATA:VRU_148,caption_stack,5152
VRU,vru_accident:MANUAL_DATA:VRU_148,center_frame_stack,28828
VRU,vru_accident:MANUAL_DATA:VRU_148,visual_4frame_stack,118479
VRU,vru_accident:MANUAL_DATA:VRU_148,fusion_stack,123631
VRU,vru_accident:MANUAL_DATA:VRU_149,raw_video,838704
VRU,vru_accident:MANUAL_DATA:VRU_149,caption_stack,5142
VRU,vru_accident:MANUAL_DATA:VRU_149,center_frame_stack,26702
VRU,vru_accident:MANUAL_DATA:VRU_149,visual_4frame_stack,106073
VRU,vru_accident:MANUAL_DATA:VRU_149,fusion_stack,111215
VRU,vru_accident:MANUAL_DATA:VRU_15,raw_video,4588436
VRU,vru_accident:MANUAL_DATA:VRU_15,caption_stack,4892
VRU,vru_accident:MANUAL_DATA:VRU_15,center_frame_stack,41482
VRU,vru_accident:MANUAL_DATA:VRU_15,visual_4frame_stack,169742
VRU,vru_accident:MANUAL_DATA:VRU_15,fusion_stack,174634
VRU,vru_accident:MANUAL_DATA:VRU_150,raw_video,1157609
VRU,vru_accident:MANUAL_DATA:VRU_150,caption_stack,5172
VRU,vru_accident:MANUAL_DATA:VRU_150,center_frame_stack,29727
VRU,vru_accident:MANUAL_DATA:VRU_150,visual_4frame_stack,115992
VRU,vru_accident:MANUAL_DATA:VRU_150,fusion_stack,121164
VRU,vru_accident:MANUAL_DATA:VRU_151,raw_video,230101
VRU,vru_accident:MANUAL_DATA:VRU_151,caption_stack,4785
VRU,vru_accident:MANUAL_DATA:VRU_151,center_frame_stack,29121
VRU,vru_accident:MANUAL_DATA:VRU_151,visual_4frame_stack,118088
VRU,vru_accident:MANUAL_DATA:VRU_151,fusion_stack,122873
VRU,vru_accident:MANUAL_DATA:VRU_152,raw_video,787904
VRU,vru_accident:MANUAL_DATA:VRU_152,caption_stack,4963
VRU,vru_accident:MANUAL_DATA:VRU_152,center_frame_stack,27759
VRU,vru_accident:MANUAL_DATA:VRU_152,visual_4frame_stack,110971
VRU,vru_accident:MANUAL_DATA:VRU_152,fusion_stack,115934
VRU,vru_accident:MANUAL_DATA:VRU_153,raw_video,1786796
VRU,vru_accident:MANUAL_DATA:VRU_153,caption_stack,4746
VRU,vru_accident:MANUAL_DATA:VRU_153,center_frame_stack,32228
VRU,vru_accident:MANUAL_DATA:VRU_153,visual_4frame_stack,129513
VRU,vru_accident:MANUAL_DATA:VRU_153,fusion_stack,134259
VRU,vru_accident:MANUAL_DATA:VRU_154,raw_video,614818
VRU,vru_accident:MANUAL_DATA:VRU_154,caption_stack,4749
VRU,vru_accident:MANUAL_DATA:VRU_154,center_frame_stack,36281
VRU,vru_accident:MANUAL_DATA:VRU_154,visual_4frame_stack,138605
VRU,vru_accident:MANUAL_DATA:VRU_154,fusion_stack,143354
VRU,vru_accident:MANUAL_DATA:VRU_155,raw_video,854135
VRU,vru_accident:MANUAL_DATA:VRU_155,caption_stack,5232
VRU,vru_accident:MANUAL_DATA:VRU_155,center_frame_stack,36233
VRU,vru_accident:MANUAL_DATA:VRU_155,visual_4frame_stack,144662
VRU,vru_accident:MANUAL_DATA:VRU_155,fusion_stack,149894
VRU,vru_accident:MANUAL_DATA:VRU_156,raw_video,873407
VRU,vru_accident:MANUAL_DATA:VRU_156,caption_stack,5189
VRU,vru_accident:MANUAL_DATA:VRU_156,center_frame_stack,26424
VRU,vru_accident:MANUAL_DATA:VRU_156,visual_4frame_stack,104619
VRU,vru_accident:MANUAL_DATA:VRU_156,fusion_stack,109808
VRU,vru_accident:MANUAL_DATA:VRU_157,raw_video,1383253
VRU,vru_accident:MANUAL_DATA:VRU_157,caption_stack,4994
VRU,vru_accident:MANUAL_DATA:VRU_157,center_frame_stack,33781
VRU,vru_accident:MANUAL_DATA:VRU_157,visual_4frame_stack,140298
VRU,vru_accident:MANUAL_DATA:VRU_157,fusion_stack,145292
VRU,vru_accident:MANUAL_DATA:VRU_158,raw_video,623328
VRU,vru_accident:MANUAL_DATA:VRU_158,caption_stack,5046
VRU,vru_accident:MANUAL_DATA:VRU_158,center_frame_stack,29434
VRU,vru_accident:MANUAL_DATA:VRU_158,visual_4frame_stack,118401
VRU,vru_accident:MANUAL_DATA:VRU_158,fusion_stack,123447
VRU,vru_accident:MANUAL_DATA:VRU_159,raw_video,522311
VRU,vru_accident:MANUAL_DATA:VRU_159,caption_stack,5210
VRU,vru_accident:MANUAL_DATA:VRU_159,center_frame_stack,22475
VRU,vru_accident:MANUAL_DATA:VRU_159,visual_4frame_stack,92368
VRU,vru_accident:MANUAL_DATA:VRU_159,fusion_stack,97578
VRU,vru_accident:MANUAL_DATA:VRU_16,raw_video,1079610
VRU,vru_accident:MANUAL_DATA:VRU_16,caption_stack,4805
VRU,vru_accident:MANUAL_DATA:VRU_16,center_frame_stack,28575
VRU,vru_accident:MANUAL_DATA:VRU_16,visual_4frame_stack,110611
VRU,vru_accident:MANUAL_DATA:VRU_16,fusion_stack,115416
VRU,vru_accident:MANUAL_DATA:VRU_160,raw_video,582794
VRU,vru_accident:MANUAL_DATA:VRU_160,caption_stack,4900
VRU,vru_accident:MANUAL_DATA:VRU_160,center_frame_stack,27200
VRU,vru_accident:MANUAL_DATA:VRU_160,visual_4frame_stack,105134
VRU,vru_accident:MANUAL_DATA:VRU_160,fusion_stack,110034
VRU,vru_accident:MANUAL_DATA:VRU_161,raw_video,767987
VRU,vru_accident:MANUAL_DATA:VRU_161,caption_stack,5190
VRU,vru_accident:MANUAL_DATA:VRU_161,center_frame_stack,33140
VRU,vru_accident:MANUAL_DATA:VRU_161,visual_4frame_stack,127637
VRU,vru_accident:MANUAL_DATA:VRU_161,fusion_stack,132827
VRU,vru_accident:MANUAL_DATA:VRU_162,raw_video,420446
VRU,vru_accident:MANUAL_DATA:VRU_162,caption_stack,4953
VRU,vru_accident:MANUAL_DATA:VRU_162,center_frame_stack,33747
VRU,vru_accident:MANUAL_DATA:VRU_162,visual_4frame_stack,136140
VRU,vru_accident:MANUAL_DATA:VRU_162,fusion_stack,141093
VRU,vru_accident:MANUAL_DATA:VRU_163,raw_video,394909
VRU,vru_accident:MANUAL_DATA:VRU_163,caption_stack,5235
VRU,vru_accident:MANUAL_DATA:VRU_163,center_frame_stack,23832
VRU,vru_accident:MANUAL_DATA:VRU_163,visual_4frame_stack,94626
VRU,vru_accident:MANUAL_DATA:VRU_163,fusion_stack,99861
VRU,vru_accident:MANUAL_DATA:VRU_164,raw_video,611738
VRU,vru_accident:MANUAL_DATA:VRU_164,caption_stack,5260
VRU,vru_accident:MANUAL_DATA:VRU_164,center_frame_stack,26601
VRU,vru_accident:MANUAL_DATA:VRU_164,visual_4frame_stack,93542
VRU,vru_accident:MANUAL_DATA:VRU_164,fusion_stack,98802
VRU,vru_accident:MANUAL_DATA:VRU_165,raw_video,496682
VRU,vru_accident:MANUAL_DATA:VRU_165,caption_stack,5273
VRU,vru_accident:MANUAL_DATA:VRU_165,center_frame_stack,24927
VRU,vru_accident:MANUAL_DATA:VRU_165,visual_4frame_stack,97795
VRU,vru_accident:MANUAL_DATA:VRU_165,fusion_stack,103068
VRU,vru_accident:MANUAL_DATA:VRU_166,raw_video,1226456
VRU,vru_accident:MANUAL_DATA:VRU_166,caption_stack,5067
VRU,vru_accident:MANUAL_DATA:VRU_166,center_frame_stack,27348
VRU,vru_accident:MANUAL_DATA:VRU_166,visual_4frame_stack,120390
VRU,vru_accident:MANUAL_DATA:VRU_166,fusion_stack,125457
VRU,vru_accident:MANUAL_DATA:VRU_167,raw_video,1424348
VRU,vru_accident:MANUAL_DATA:VRU_167,caption_stack,5226
VRU,vru_accident:MANUAL_DATA:VRU_167,center_frame_stack,40596
VRU,vru_accident:MANUAL_DATA:VRU_167,visual_4frame_stack,164397
VRU,vru_accident:MANUAL_DATA:VRU_167,fusion_stack,169623
VRU,vru_accident:MANUAL_DATA:VRU_168,raw_video,642957
VRU,vru_accident:MANUAL_DATA:VRU_168,caption_stack,5213
VRU,vru_accident:MANUAL_DATA:VRU_168,center_frame_stack,34500
VRU,vru_accident:MANUAL_DATA:VRU_168,visual_4frame_stack,134615
VRU,vru_accident:MANUAL_DATA:VRU_168,fusion_stack,139828
VRU,vru_accident:MANUAL_DATA:VRU_169,raw_video,1251443
VRU,vru_accident:MANUAL_DATA:VRU_169,caption_stack,4989
VRU,vru_accident:MANUAL_DATA:VRU_169,center_frame_stack,39353
VRU,vru_accident:MANUAL_DATA:VRU_169,visual_4frame_stack,161164
VRU,vru_accident:MANUAL_DATA:VRU_169,fusion_stack,166153
VRU,vru_accident:MANUAL_DATA:VRU_17,raw_video,1524733
VRU,vru_accident:MANUAL_DATA:VRU_17,caption_stack,4740
VRU,vru_accident:MANUAL_DATA:VRU_17,center_frame_stack,53924
VRU,vru_accident:MANUAL_DATA:VRU_17,visual_4frame_stack,212229
VRU,vru_accident:MANUAL_DATA:VRU_17,fusion_stack,216969
VRU,vru_accident:MANUAL_DATA:VRU_170,raw_video,1052642
VRU,vru_accident:MANUAL_DATA:VRU_170,caption_stack,5122
VRU,vru_accident:MANUAL_DATA:VRU_170,center_frame_stack,26812
VRU,vru_accident:MANUAL_DATA:VRU_170,visual_4frame_stack,114544
VRU,vru_accident:MANUAL_DATA:VRU_170,fusion_stack,119666
VRU,vru_accident:MANUAL_DATA:VRU_171,raw_video,927731
VRU,vru_accident:MANUAL_DATA:VRU_171,caption_stack,5147
VRU,vru_accident:MANUAL_DATA:VRU_171,center_frame_stack,26691
VRU,vru_accident:MANUAL_DATA:VRU_171,visual_4frame_stack,110344
VRU,vru_accident:MANUAL_DATA:VRU_171,fusion_stack,115491
VRU,vru_accident:MANUAL_DATA:VRU_172,raw_video,1083262
VRU,vru_accident:MANUAL_DATA:VRU_172,caption_stack,5026
VRU,vru_accident:MANUAL_DATA:VRU_172,center_frame_stack,39493
VRU,vru_accident:MANUAL_DATA:VRU_172,visual_4frame_stack,159960
VRU,vru_accident:MANUAL_DATA:VRU_172,fusion_stack,164986
VRU,vru_accident:MANUAL_DATA:VRU_173,raw_video,380029
VRU,vru_accident:MANUAL_DATA:VRU_173,caption_stack,5246
VRU,vru_accident:MANUAL_DATA:VRU_173,center_frame_stack,26109
VRU,vru_accident:MANUAL_DATA:VRU_173,visual_4frame_stack,105391
VRU,vru_accident:MANUAL_DATA:VRU_173,fusion_stack,110637
VRU,vru_accident:MANUAL_DATA:VRU_174,raw_video,332236
VRU,vru_accident:MANUAL_DATA:VRU_174,caption_stack,5218
VRU,vru_accident:MANUAL_DATA:VRU_174,center_frame_stack,25475
VRU,vru_accident:MANUAL_DATA:VRU_174,visual_4frame_stack,99471
VRU,vru_accident:MANUAL_DATA:VRU_174,fusion_stack,104689
VRU,vru_accident:MANUAL_DATA:VRU_175,raw_video,2143003
VRU,vru_accident:MANUAL_DATA:VRU_175,caption_stack,5050
VRU,vru_accident:MANUAL_DATA:VRU_175,center_frame_stack,24111
VRU,vru_accident:MANUAL_DATA:VRU_175,visual_4frame_stack,117255
VRU,vru_accident:MANUAL_DATA:VRU_175,fusion_stack,122305
VRU,vru_accident:MANUAL_DATA:VRU_176,raw_video,944900
VRU,vru_accident:MANUAL_DATA:VRU_176,caption_stack,5017
VRU,vru_accident:MANUAL_DATA:VRU_176,center_frame_stack,31063
VRU,vru_accident:MANUAL_DATA:VRU_176,visual_4frame_stack,122760
VRU,vru_accident:MANUAL_DATA:VRU_176,fusion_stack,127777
VRU,vru_accident:MANUAL_DATA:VRU_177,raw_video,641444
VRU,vru_accident:MANUAL_DATA:VRU_177,caption_stack,5212
VRU,vru_accident:MANUAL_DATA:VRU_177,center_frame_stack,27998
VRU,vru_accident:MANUAL_DATA:VRU_177,visual_4frame_stack,109749
VRU,vru_accident:MANUAL_DATA:VRU_177,fusion_stack,114961
VRU,vru_accident:MANUAL_DATA:VRU_178,raw_video,2030268
VRU,vru_accident:MANUAL_DATA:VRU_178,caption_stack,5024
VRU,vru_accident:MANUAL_DATA:VRU_178,center_frame_stack,34132
VRU,vru_accident:MANUAL_DATA:VRU_178,visual_4frame_stack,144398
VRU,vru_accident:MANUAL_DATA:VRU_178,fusion_stack,149422
VRU,vru_accident:MANUAL_DATA:VRU_179,raw_video,406334
VRU,vru_accident:MANUAL_DATA:VRU_179,caption_stack,5280
VRU,vru_accident:MANUAL_DATA:VRU_179,center_frame_stack,29824
VRU,vru_accident:MANUAL_DATA:VRU_179,visual_4frame_stack,121642
VRU,vru_accident:MANUAL_DATA:VRU_179,fusion_stack,126922
VRU,vru_accident:MANUAL_DATA:VRU_18,raw_video,2138591
VRU,vru_accident:MANUAL_DATA:VRU_18,caption_stack,5019
VRU,vru_accident:MANUAL_DATA:VRU_18,center_frame_stack,33558
VRU,vru_accident:MANUAL_DATA:VRU_18,visual_4frame_stack,140399
VRU,vru_accident:MANUAL_DATA:VRU_18,fusion_stack,145418
VRU,vru_accident:MANUAL_DATA:VRU_180,raw_video,1244416
VRU,vru_accident:MANUAL_DATA:VRU_180,caption_stack,5125
VRU,vru_accident:MANUAL_DATA:VRU_180,center_frame_stack,35922
VRU,vru_accident:MANUAL_DATA:VRU_180,visual_4frame_stack,144086
VRU,vru_accident:MANUAL_DATA:VRU_180,fusion_stack,149211
VRU,vru_accident:MANUAL_DATA:VRU_181,raw_video,1055179
VRU,vru_accident:MANUAL_DATA:VRU_181,caption_stack,5026
VRU,vru_accident:MANUAL_DATA:VRU_181,center_frame_stack,28933
VRU,vru_accident:MANUAL_DATA:VRU_181,visual_4frame_stack,120139
VRU,vru_accident:MANUAL_DATA:VRU_181,fusion_stack,125165
VRU,vru_accident:MANUAL_DATA:VRU_182,raw_video,576359
VRU,vru_accident:MANUAL_DATA:VRU_182,caption_stack,5242
VRU,vru_accident:MANUAL_DATA:VRU_182,center_frame_stack,24260
VRU,vru_accident:MANUAL_DATA:VRU_182,visual_4frame_stack,97070
VRU,vru_accident:MANUAL_DATA:VRU_182,fusion_stack,102312
VRU,vru_accident:MANUAL_DATA:VRU_183,raw_video,508600
VRU,vru_accident:MANUAL_DATA:VRU_183,caption_stack,5159
VRU,vru_accident:MANUAL_DATA:VRU_183,center_frame_stack,32793
VRU,vru_accident:MANUAL_DATA:VRU_183,visual_4frame_stack,131078
VRU,vru_accident:MANUAL_DATA:VRU_183,fusion_stack,136237
VRU,vru_accident:MANUAL_DATA:VRU_184,raw_video,349162
VRU,vru_accident:MANUAL_DATA:VRU_184,caption_stack,5071
VRU,vru_accident:MANUAL_DATA:VRU_184,center_frame_stack,28111
VRU,vru_accident:MANUAL_DATA:VRU_184,visual_4frame_stack,113980
VRU,vru_accident:MANUAL_DATA:VRU_184,fusion_stack,119051
VRU,vru_accident:MANUAL_DATA:VRU_185,raw_video,1986392
VRU,vru_accident:MANUAL_DATA:VRU_185,caption_stack,5118
VRU,vru_accident:MANUAL_DATA:VRU_185,center_frame_stack,33683
VRU,vru_accident:MANUAL_DATA:VRU_185,visual_4frame_stack,145928
VRU,vru_accident:MANUAL_DATA:VRU_185,fusion_stack,151046
VRU,vru_accident:MANUAL_DATA:VRU_186,raw_video,1131661
VRU,vru_accident:MANUAL_DATA:VRU_186,caption_stack,4934
VRU,vru_accident:MANUAL_DATA:VRU_186,center_frame_stack,31461
VRU,vru_accident:MANUAL_DATA:VRU_186,visual_4frame_stack,108208
VRU,vru_accident:MANUAL_DATA:VRU_186,fusion_stack,113142
VRU,vru_accident:MANUAL_DATA:VRU_187,raw_video,1068003
VRU,vru_accident:MANUAL_DATA:VRU_187,caption_stack,5110
VRU,vru_accident:MANUAL_DATA:VRU_187,center_frame_stack,30664
VRU,vru_accident:MANUAL_DATA:VRU_187,visual_4frame_stack,124611
VRU,vru_accident:MANUAL_DATA:VRU_187,fusion_stack,129721
VRU,vru_accident:MANUAL_DATA:VRU_188,raw_video,846126
VRU,vru_accident:MANUAL_DATA:VRU_188,caption_stack,4971
VRU,vru_accident:MANUAL_DATA:VRU_188,center_frame_stack,25227
VRU,vru_accident:MANUAL_DATA:VRU_188,visual_4frame_stack,92699
VRU,vru_accident:MANUAL_DATA:VRU_188,fusion_stack,97670
VRU,vru_accident:MANUAL_DATA:VRU_189,raw_video,600753
VRU,vru_accident:MANUAL_DATA:VRU_189,caption_stack,5216
VRU,vru_accident:MANUAL_DATA:VRU_189,center_frame_stack,19984
VRU,vru_accident:MANUAL_DATA:VRU_189,visual_4frame_stack,82445
VRU,vru_accident:MANUAL_DATA:VRU_189,fusion_stack,87661
VRU,vru_accident:MANUAL_DATA:VRU_19,raw_video,1266252
VRU,vru_accident:MANUAL_DATA:VRU_19,caption_stack,4892
VRU,vru_accident:MANUAL_DATA:VRU_19,center_frame_stack,40200
VRU,vru_accident:MANUAL_DATA:VRU_19,visual_4frame_stack,170649
VRU,vru_accident:MANUAL_DATA:VRU_19,fusion_stack,175541
VRU,vru_accident:MANUAL_DATA:VRU_190,raw_video,1449711
VRU,vru_accident:MANUAL_DATA:VRU_190,caption_stack,5109
VRU,vru_accident:MANUAL_DATA:VRU_190,center_frame_stack,28205
VRU,vru_accident:MANUAL_DATA:VRU_190,visual_4frame_stack,114954
VRU,vru_accident:MANUAL_DATA:VRU_190,fusion_stack,120063
VRU,vru_accident:MANUAL_DATA:VRU_191,raw_video,538348
VRU,vru_accident:MANUAL_DATA:VRU_191,caption_stack,5003
VRU,vru_accident:MANUAL_DATA:VRU_191,center_frame_stack,38407
VRU,vru_accident:MANUAL_DATA:VRU_191,visual_4frame_stack,156848
VRU,vru_accident:MANUAL_DATA:VRU_191,fusion_stack,161851
VRU,vru_accident:MANUAL_DATA:VRU_192,raw_video,559262
VRU,vru_accident:MANUAL_DATA:VRU_192,caption_stack,5177
VRU,vru_accident:MANUAL_DATA:VRU_192,center_frame_stack,28900
VRU,vru_accident:MANUAL_DATA:VRU_192,visual_4frame_stack,117163
VRU,vru_accident:MANUAL_DATA:VRU_192,fusion_stack,122340
VRU,vru_accident:MANUAL_DATA:VRU_193,raw_video,622677
VRU,vru_accident:MANUAL_DATA:VRU_193,caption_stack,5051
VRU,vru_accident:MANUAL_DATA:VRU_193,center_frame_stack,34313
VRU,vru_accident:MANUAL_DATA:VRU_193,visual_4frame_stack,132667
VRU,vru_accident:MANUAL_DATA:VRU_193,fusion_stack,137718
VRU,vru_accident:MANUAL_DATA:VRU_194,raw_video,545640
VRU,vru_accident:MANUAL_DATA:VRU_194,caption_stack,5197
VRU,vru_accident:MANUAL_DATA:VRU_194,center_frame_stack,39861
VRU,vru_accident:MANUAL_DATA:VRU_194,visual_4frame_stack,160928
VRU,vru_accident:MANUAL_DATA:VRU_194,fusion_stack,166125
VRU,vru_accident:MANUAL_DATA:VRU_195,raw_video,740341
VRU,vru_accident:MANUAL_DATA:VRU_195,caption_stack,5248
VRU,vru_accident:MANUAL_DATA:VRU_195,center_frame_stack,28810
VRU,vru_accident:MANUAL_DATA:VRU_195,visual_4frame_stack,115353
VRU,vru_accident:MANUAL_DATA:VRU_195,fusion_stack,120601
VRU,vru_accident:MANUAL_DATA:VRU_196,raw_video,453046
VRU,vru_accident:MANUAL_DATA:VRU_196,caption_stack,5066
VRU,vru_accident:MANUAL_DATA:VRU_196,center_frame_stack,22439
VRU,vru_accident:MANUAL_DATA:VRU_196,visual_4frame_stack,98450
VRU,vru_accident:MANUAL_DATA:VRU_196,fusion_stack,103516
VRU,vru_accident:MANUAL_DATA:VRU_197,raw_video,1072130
VRU,vru_accident:MANUAL_DATA:VRU_197,caption_stack,4919
VRU,vru_accident:MANUAL_DATA:VRU_197,center_frame_stack,25419
VRU,vru_accident:MANUAL_DATA:VRU_197,visual_4frame_stack,112570
VRU,vru_accident:MANUAL_DATA:VRU_197,fusion_stack,117489
VRU,vru_accident:MANUAL_DATA:VRU_198,raw_video,1248873
VRU,vru_accident:MANUAL_DATA:VRU_198,caption_stack,5007
VRU,vru_accident:MANUAL_DATA:VRU_198,center_frame_stack,30564
VRU,vru_accident:MANUAL_DATA:VRU_198,visual_4frame_stack,120093
VRU,vru_accident:MANUAL_DATA:VRU_198,fusion_stack,125100
VRU,vru_accident:MANUAL_DATA:VRU_199,raw_video,1421630
VRU,vru_accident:MANUAL_DATA:VRU_199,caption_stack,5169
VRU,vru_accident:MANUAL_DATA:VRU_199,center_frame_stack,36219
VRU,vru_accident:MANUAL_DATA:VRU_199,visual_4frame_stack,144682
VRU,vru_accident:MANUAL_DATA:VRU_199,fusion_stack,149851
VRU,vru_accident:MANUAL_DATA:VRU_2,raw_video,1964155
VRU,vru_accident:MANUAL_DATA:VRU_2,caption_stack,4828
VRU,vru_accident:MANUAL_DATA:VRU_2,center_frame_stack,32191
VRU,vru_accident:MANUAL_DATA:VRU_2,visual_4frame_stack,139377
VRU,vru_accident:MANUAL_DATA:VRU_2,fusion_stack,144205
VRU,vru_accident:MANUAL_DATA:VRU_20,raw_video,977445
VRU,vru_accident:MANUAL_DATA:VRU_20,caption_stack,4779
VRU,vru_accident:MANUAL_DATA:VRU_20,center_frame_stack,38440
VRU,vru_accident:MANUAL_DATA:VRU_20,visual_4frame_stack,153482
VRU,vru_accident:MANUAL_DATA:VRU_20,fusion_stack,158261
VRU,vru_accident:MANUAL_DATA:VRU_200,raw_video,1082826
VRU,vru_accident:MANUAL_DATA:VRU_200,caption_stack,5039
VRU,vru_accident:MANUAL_DATA:VRU_200,center_frame_stack,37606
VRU,vru_accident:MANUAL_DATA:VRU_200,visual_4frame_stack,149041
VRU,vru_accident:MANUAL_DATA:VRU_200,fusion_stack,154080
VRU,vru_accident:MANUAL_DATA:VRU_201,raw_video,1289628
VRU,vru_accident:MANUAL_DATA:VRU_201,caption_stack,5104
VRU,vru_accident:MANUAL_DATA:VRU_201,center_frame_stack,25093
VRU,vru_accident:MANUAL_DATA:VRU_201,visual_4frame_stack,87323
VRU,vru_accident:MANUAL_DATA:VRU_201,fusion_stack,92427
VRU,vru_accident:MANUAL_DATA:VRU_202,raw_video,1014938
VRU,vru_accident:MANUAL_DATA:VRU_202,caption_stack,5133
VRU,vru_accident:MANUAL_DATA:VRU_202,center_frame_stack,28437
VRU,vru_accident:MANUAL_DATA:VRU_202,visual_4frame_stack,111485
VRU,vru_accident:MANUAL_DATA:VRU_202,fusion_stack,116618
VRU,vru_accident:MANUAL_DATA:VRU_203,raw_video,1103075
VRU,vru_accident:MANUAL_DATA:VRU_203,caption_stack,5179
VRU,vru_accident:MANUAL_DATA:VRU_203,center_frame_stack,29540
VRU,vru_accident:MANUAL_DATA:VRU_203,visual_4frame_stack,130858
VRU,vru_accident:MANUAL_DATA:VRU_203,fusion_stack,136037
VRU,vru_accident:MANUAL_DATA:VRU_204,raw_video,1005608
VRU,vru_accident:MANUAL_DATA:VRU_204,caption_stack,5199
VRU,vru_accident:MANUAL_DATA:VRU_204,center_frame_stack,24890
VRU,vru_accident:MANUAL_DATA:VRU_204,visual_4frame_stack,95722
VRU,vru_accident:MANUAL_DATA:VRU_204,fusion_stack,100921
VRU,vru_accident:MANUAL_DATA:VRU_205,raw_video,800587
VRU,vru_accident:MANUAL_DATA:VRU_205,caption_stack,5263
VRU,vru_accident:MANUAL_DATA:VRU_205,center_frame_stack,26243
VRU,vru_accident:MANUAL_DATA:VRU_205,visual_4frame_stack,102977
VRU,vru_accident:MANUAL_DATA:VRU_205,fusion_stack,108240
VRU,vru_accident:MANUAL_DATA:VRU_206,raw_video,1289100
VRU,vru_accident:MANUAL_DATA:VRU_206,caption_stack,5006
VRU,vru_accident:MANUAL_DATA:VRU_206,center_frame_stack,50497
VRU,vru_accident:MANUAL_DATA:VRU_206,visual_4frame_stack,203763
VRU,vru_accident:MANUAL_DATA:VRU_206,fusion_stack,208769
VRU,vru_accident:MANUAL_DATA:VRU_207,raw_video,785819
VRU,vru_accident:MANUAL_DATA:VRU_207,caption_stack,5092
VRU,vru_accident:MANUAL_DATA:VRU_207,center_frame_stack,38486
VRU,vru_accident:MANUAL_DATA:VRU_207,visual_4frame_stack,154201
VRU,vru_accident:MANUAL_DATA:VRU_207,fusion_stack,159293
VRU,vru_accident:MANUAL_DATA:VRU_208,raw_video,387285
VRU,vru_accident:MANUAL_DATA:VRU_208,caption_stack,5151
VRU,vru_accident:MANUAL_DATA:VRU_208,center_frame_stack,28004
VRU,vru_accident:MANUAL_DATA:VRU_208,visual_4frame_stack,112811
VRU,vru_accident:MANUAL_DATA:VRU_208,fusion_stack,117962
VRU,vru_accident:MANUAL_DATA:VRU_209,raw_video,694805
VRU,vru_accident:MANUAL_DATA:VRU_209,caption_stack,5142
VRU,vru_accident:MANUAL_DATA:VRU_209,center_frame_stack,24833
VRU,vru_accident:MANUAL_DATA:VRU_209,visual_4frame_stack,96431
VRU,vru_accident:MANUAL_DATA:VRU_209,fusion_stack,101573
VRU,vru_accident:MANUAL_DATA:VRU_21,raw_video,1299812
VRU,vru_accident:MANUAL_DATA:VRU_21,caption_stack,4813
VRU,vru_accident:MANUAL_DATA:VRU_21,center_frame_stack,32723
VRU,vru_accident:MANUAL_DATA:VRU_21,visual_4frame_stack,134835
VRU,vru_accident:MANUAL_DATA:VRU_21,fusion_stack,139648
VRU,vru_accident:MANUAL_DATA:VRU_210,raw_video,1072627
VRU,vru_accident:MANUAL_DATA:VRU_210,caption_stack,4994
VRU,vru_accident:MANUAL_DATA:VRU_210,center_frame_stack,27963
VRU,vru_accident:MANUAL_DATA:VRU_210,visual_4frame_stack,118765
VRU,vru_accident:MANUAL_DATA:VRU_210,fusion_stack,123759
VRU,vru_accident:MANUAL_DATA:VRU_211,raw_video,374854
VRU,vru_accident:MANUAL_DATA:VRU_211,caption_stack,5107
VRU,vru_accident:MANUAL_DATA:VRU_211,center_frame_stack,30988
VRU,vru_accident:MANUAL_DATA:VRU_211,visual_4frame_stack,124731
VRU,vru_accident:MANUAL_DATA:VRU_211,fusion_stack,129838
VRU,vru_accident:MANUAL_DATA:VRU_212,raw_video,760660
VRU,vru_accident:MANUAL_DATA:VRU_212,caption_stack,5009
VRU,vru_accident:MANUAL_DATA:VRU_212,center_frame_stack,29735
VRU,vru_accident:MANUAL_DATA:VRU_212,visual_4frame_stack,121223
VRU,vru_accident:MANUAL_DATA:VRU_212,fusion_stack,126232
VRU,vru_accident:MANUAL_DATA:VRU_213,raw_video,397562
VRU,vru_accident:MANUAL_DATA:VRU_213,caption_stack,5197
VRU,vru_accident:MANUAL_DATA:VRU_213,center_frame_stack,29173
VRU,vru_accident:MANUAL_DATA:VRU_213,visual_4frame_stack,115596
VRU,vru_accident:MANUAL_DATA:VRU_213,fusion_stack,120793
VRU,vru_accident:MANUAL_DATA:VRU_214,raw_video,359267
VRU,vru_accident:MANUAL_DATA:VRU_214,caption_stack,5271
VRU,vru_accident:MANUAL_DATA:VRU_214,center_frame_stack,28813
VRU,vru_accident:MANUAL_DATA:VRU_214,visual_4frame_stack,115840
VRU,vru_accident:MANUAL_DATA:VRU_214,fusion_stack,121111
VRU,vru_accident:MANUAL_DATA:VRU_215,raw_video,744516
VRU,vru_accident:MANUAL_DATA:VRU_215,caption_stack,5075
VRU,vru_accident:MANUAL_DATA:VRU_215,center_frame_stack,41883
VRU,vru_accident:MANUAL_DATA:VRU_215,visual_4frame_stack,170250
VRU,vru_accident:MANUAL_DATA:VRU_215,fusion_stack,175325
VRU,vru_accident:MANUAL_DATA:VRU_216,raw_video,981677
VRU,vru_accident:MANUAL_DATA:VRU_216,caption_stack,5110
VRU,vru_accident:MANUAL_DATA:VRU_216,center_frame_stack,33024
VRU,vru_accident:MANUAL_DATA:VRU_216,visual_4frame_stack,106628
VRU,vru_accident:MANUAL_DATA:VRU_216,fusion_stack,111738
VRU,vru_accident:MANUAL_DATA:VRU_217,raw_video,423677
VRU,vru_accident:MANUAL_DATA:VRU_217,caption_stack,5123
VRU,vru_accident:MANUAL_DATA:VRU_217,center_frame_stack,25331
VRU,vru_accident:MANUAL_DATA:VRU_217,visual_4frame_stack,103316
VRU,vru_accident:MANUAL_DATA:VRU_217,fusion_stack,108439
VRU,vru_accident:MANUAL_DATA:VRU_218,raw_video,270025
VRU,vru_accident:MANUAL_DATA:VRU_218,caption_stack,5169
VRU,vru_accident:MANUAL_DATA:VRU_218,center_frame_stack,20136
VRU,vru_accident:MANUAL_DATA:VRU_218,visual_4frame_stack,83831
VRU,vru_accident:MANUAL_DATA:VRU_218,fusion_stack,89000
VRU,vru_accident:MANUAL_DATA:VRU_219,raw_video,585725
VRU,vru_accident:MANUAL_DATA:VRU_219,caption_stack,5062
VRU,vru_accident:MANUAL_DATA:VRU_219,center_frame_stack,39448
VRU,vru_accident:MANUAL_DATA:VRU_219,visual_4frame_stack,159611
VRU,vru_accident:MANUAL_DATA:VRU_219,fusion_stack,164673
VRU,vru_accident:MANUAL_DATA:VRU_22,raw_video,676598
VRU,vru_accident:MANUAL_DATA:VRU_22,caption_stack,4691
VRU,vru_accident:MANUAL_DATA:VRU_22,center_frame_stack,17914
VRU,vru_accident:MANUAL_DATA:VRU_22,visual_4frame_stack,73043
VRU,vru_accident:MANUAL_DATA:VRU_22,fusion_stack,77734
VRU,vru_accident:MANUAL_DATA:VRU_220,raw_video,614938
VRU,vru_accident:MANUAL_DATA:VRU_220,caption_stack,5056
VRU,vru_accident:MANUAL_DATA:VRU_220,center_frame_stack,31041
VRU,vru_accident:MANUAL_DATA:VRU_220,visual_4frame_stack,124248
VRU,vru_accident:MANUAL_DATA:VRU_220,fusion_stack,129304
VRU,vru_accident:MANUAL_DATA:VRU_221,raw_video,496945
VRU,vru_accident:MANUAL_DATA:VRU_221,caption_stack,5095
VRU,vru_accident:MANUAL_DATA:VRU_221,center_frame_stack,25434
VRU,vru_accident:MANUAL_DATA:VRU_221,visual_4frame_stack,99236
VRU,vru_accident:MANUAL_DATA:VRU_221,fusion_stack,104331
VRU,vru_accident:MANUAL_DATA:VRU_222,raw_video,1079321
VRU,vru_accident:MANUAL_DATA:VRU_222,caption_stack,5123
VRU,vru_accident:MANUAL_DATA:VRU_222,center_frame_stack,39066
VRU,vru_accident:MANUAL_DATA:VRU_222,visual_4frame_stack,147290
VRU,vru_accident:MANUAL_DATA:VRU_222,fusion_stack,152413
VRU,vru_accident:MANUAL_DATA:VRU_223,raw_video,525712
VRU,vru_accident:MANUAL_DATA:VRU_223,caption_stack,5211
VRU,vru_accident:MANUAL_DATA:VRU_223,center_frame_stack,23978
VRU,vru_accident:MANUAL_DATA:VRU_223,visual_4frame_stack,92579
VRU,vru_accident:MANUAL_DATA:VRU_223,fusion_stack,97790
VRU,vru_accident:MANUAL_DATA:VRU_224,raw_video,936875
VRU,vru_accident:MANUAL_DATA:VRU_224,caption_stack,5003
VRU,vru_accident:MANUAL_DATA:VRU_224,center_frame_stack,38755
VRU,vru_accident:MANUAL_DATA:VRU_224,visual_4frame_stack,154183
VRU,vru_accident:MANUAL_DATA:VRU_224,fusion_stack,159186
VRU,vru_accident:MANUAL_DATA:VRU_225,raw_video,441188
VRU,vru_accident:MANUAL_DATA:VRU_225,caption_stack,5256
VRU,vru_accident:MANUAL_DATA:VRU_225,center_frame_stack,36505
VRU,vru_accident:MANUAL_DATA:VRU_225,visual_4frame_stack,146571
VRU,vru_accident:MANUAL_DATA:VRU_225,fusion_stack,151827
VRU,vru_accident:MANUAL_DATA:VRU_226,raw_video,726433
VRU,vru_accident:MANUAL_DATA:VRU_226,caption_stack,5162
VRU,vru_accident:MANUAL_DATA:VRU_226,center_frame_stack,31971
VRU,vru_accident:MANUAL_DATA:VRU_226,visual_4frame_stack,132027
VRU,vru_accident:MANUAL_DATA:VRU_226,fusion_stack,137189
VRU,vru_accident:MANUAL_DATA:VRU_227,raw_video,833685
VRU,vru_accident:MANUAL_DATA:VRU_227,caption_stack,5024
VRU,vru_accident:MANUAL_DATA:VRU_227,center_frame_stack,26241
VRU,vru_accident:MANUAL_DATA:VRU_227,visual_4frame_stack,109047
VRU,vru_accident:MANUAL_DATA:VRU_227,fusion_stack,114071
VRU,vru_accident:MANUAL_DATA:VRU_228,raw_video,979207
VRU,vru_accident:MANUAL_DATA:VRU_228,caption_stack,5100
VRU,vru_accident:MANUAL_DATA:VRU_228,center_frame_stack,25137
VRU,vru_accident:MANUAL_DATA:VRU_228,visual_4frame_stack,100648
VRU,vru_accident:MANUAL_DATA:VRU_228,fusion_stack,105748
VRU,vru_accident:MANUAL_DATA:VRU_229,raw_video,960002
VRU,vru_accident:MANUAL_DATA:VRU_229,caption_stack,5083
VRU,vru_accident:MANUAL_DATA:VRU_229,center_frame_stack,29284
VRU,vru_accident:MANUAL_DATA:VRU_229,visual_4frame_stack,124846
VRU,vru_accident:MANUAL_DATA:VRU_229,fusion_stack,129929
VRU,vru_accident:MANUAL_DATA:VRU_23,raw_video,1863641
VRU,vru_accident:MANUAL_DATA:VRU_23,caption_stack,4818
VRU,vru_accident:MANUAL_DATA:VRU_23,center_frame_stack,28881
VRU,vru_accident:MANUAL_DATA:VRU_23,visual_4frame_stack,123676
VRU,vru_accident:MANUAL_DATA:VRU_23,fusion_stack,128494
VRU,vru_accident:MANUAL_DATA:VRU_230,raw_video,477103
VRU,vru_accident:MANUAL_DATA:VRU_230,caption_stack,4932
VRU,vru_accident:MANUAL_DATA:VRU_230,center_frame_stack,24112
VRU,vru_accident:MANUAL_DATA:VRU_230,visual_4frame_stack,99496
VRU,vru_accident:MANUAL_DATA:VRU_230,fusion_stack,104428
VRU,vru_accident:MANUAL_DATA:VRU_231,raw_video,409533
VRU,vru_accident:MANUAL_DATA:VRU_231,caption_stack,5039
VRU,vru_accident:MANUAL_DATA:VRU_231,center_frame_stack,29709
VRU,vru_accident:MANUAL_DATA:VRU_231,visual_4frame_stack,118572
VRU,vru_accident:MANUAL_DATA:VRU_231,fusion_stack,123611
VRU,vru_accident:MANUAL_DATA:VRU_232,raw_video,584276
VRU,vru_accident:MANUAL_DATA:VRU_232,caption_stack,5007
VRU,vru_accident:MANUAL_DATA:VRU_232,center_frame_stack,28399
VRU,vru_accident:MANUAL_DATA:VRU_232,visual_4frame_stack,110450
VRU,vru_accident:MANUAL_DATA:VRU_232,fusion_stack,115457
VRU,vru_accident:MANUAL_DATA:VRU_233,raw_video,515274
VRU,vru_accident:MANUAL_DATA:VRU_233,caption_stack,5213
VRU,vru_accident:MANUAL_DATA:VRU_233,center_frame_stack,34346
VRU,vru_accident:MANUAL_DATA:VRU_233,visual_4frame_stack,136672
VRU,vru_accident:MANUAL_DATA:VRU_233,fusion_stack,141885
VRU,vru_accident:MANUAL_DATA:VRU_234,raw_video,822229
VRU,vru_accident:MANUAL_DATA:VRU_234,caption_stack,5111
VRU,vru_accident:MANUAL_DATA:VRU_234,center_frame_stack,32660
VRU,vru_accident:MANUAL_DATA:VRU_234,visual_4frame_stack,130107
VRU,vru_accident:MANUAL_DATA:VRU_234,fusion_stack,135218
VRU,vru_accident:MANUAL_DATA:VRU_235,raw_video,599120
VRU,vru_accident:MANUAL_DATA:VRU_235,caption_stack,5113
VRU,vru_accident:MANUAL_DATA:VRU_235,center_frame_stack,24665
VRU,vru_accident:MANUAL_DATA:VRU_235,visual_4frame_stack,100413
VRU,vru_accident:MANUAL_DATA:VRU_235,fusion_stack,105526
VRU,vru_accident:MANUAL_DATA:VRU_236,raw_video,1062331
VRU,vru_accident:MANUAL_DATA:VRU_236,caption_stack,5073
VRU,vru_accident:MANUAL_DATA:VRU_236,center_frame_stack,39216
VRU,vru_accident:MANUAL_DATA:VRU_236,visual_4frame_stack,158473
VRU,vru_accident:MANUAL_DATA:VRU_236,fusion_stack,163546
VRU,vru_accident:MANUAL_DATA:VRU_237,raw_video,475536
VRU,vru_accident:MANUAL_DATA:VRU_237,caption_stack,5174
VRU,vru_accident:MANUAL_DATA:VRU_237,center_frame_stack,25052
VRU,vru_accident:MANUAL_DATA:VRU_237,visual_4frame_stack,96334
VRU,vru_accident:MANUAL_DATA:VRU_237,fusion_stack,101508
VRU,vru_accident:MANUAL_DATA:VRU_238,raw_video,981575
VRU,vru_accident:MANUAL_DATA:VRU_238,caption_stack,5026
VRU,vru_accident:MANUAL_DATA:VRU_238,center_frame_stack,39915
VRU,vru_accident:MANUAL_DATA:VRU_238,visual_4frame_stack,157570
VRU,vru_accident:MANUAL_DATA:VRU_238,fusion_stack,162596
VRU,vru_accident:MANUAL_DATA:VRU_239,raw_video,1003513
VRU,vru_accident:MANUAL_DATA:VRU_239,caption_stack,5240
VRU,vru_accident:MANUAL_DATA:VRU_239,center_frame_stack,40201
VRU,vru_accident:MANUAL_DATA:VRU_239,visual_4frame_stack,154819
VRU,vru_accident:MANUAL_DATA:VRU_239,fusion_stack,160059
VRU,vru_accident:MANUAL_DATA:VRU_24,raw_video,2037657
VRU,vru_accident:MANUAL_DATA:VRU_24,caption_stack,4773
VRU,vru_accident:MANUAL_DATA:VRU_24,center_frame_stack,39319
VRU,vru_accident:MANUAL_DATA:VRU_24,visual_4frame_stack,159200
VRU,vru_accident:MANUAL_DATA:VRU_24,fusion_stack,163973
VRU,vru_accident:MANUAL_DATA:VRU_240,raw_video,1443227
VRU,vru_accident:MANUAL_DATA:VRU_240,caption_stack,5108
VRU,vru_accident:MANUAL_DATA:VRU_240,center_frame_stack,27227
VRU,vru_accident:MANUAL_DATA:VRU_240,visual_4frame_stack,144744
VRU,vru_accident:MANUAL_DATA:VRU_240,fusion_stack,149852
VRU,vru_accident:MANUAL_DATA:VRU_241,raw_video,720841
VRU,vru_accident:MANUAL_DATA:VRU_241,caption_stack,5050
VRU,vru_accident:MANUAL_DATA:VRU_241,center_frame_stack,27432
VRU,vru_accident:MANUAL_DATA:VRU_241,visual_4frame_stack,108888
VRU,vru_accident:MANUAL_DATA:VRU_241,fusion_stack,113938
VRU,vru_accident:MANUAL_DATA:VRU_242,raw_video,1501427
VRU,vru_accident:MANUAL_DATA:VRU_242,caption_stack,5112
VRU,vru_accident:MANUAL_DATA:VRU_242,center_frame_stack,39007
VRU,vru_accident:MANUAL_DATA:VRU_242,visual_4frame_stack,158600
VRU,vru_accident:MANUAL_DATA:VRU_242,fusion_stack,163712
VRU,vru_accident:MANUAL_DATA:VRU_243,raw_video,1153774
VRU,vru_accident:MANUAL_DATA:VRU_243,caption_stack,5195
VRU,vru_accident:MANUAL_DATA:VRU_243,center_frame_stack,26347
VRU,vru_accident:MANUAL_DATA:VRU_243,visual_4frame_stack,106682
VRU,vru_accident:MANUAL_DATA:VRU_243,fusion_stack,111877
VRU,vru_accident:MANUAL_DATA:VRU_244,raw_video,960074
VRU,vru_accident:MANUAL_DATA:VRU_244,caption_stack,5034
VRU,vru_accident:MANUAL_DATA:VRU_244,center_frame_stack,28006
VRU,vru_accident:MANUAL_DATA:VRU_244,visual_4frame_stack,117557
VRU,vru_accident:MANUAL_DATA:VRU_244,fusion_stack,122591
VRU,vru_accident:MANUAL_DATA:VRU_245,raw_video,784290
VRU,vru_accident:MANUAL_DATA:VRU_245,caption_stack,5147
VRU,vru_accident:MANUAL_DATA:VRU_245,center_frame_stack,28740
VRU,vru_accident:MANUAL_DATA:VRU_245,visual_4frame_stack,110143
VRU,vru_accident:MANUAL_DATA:VRU_245,fusion_stack,115290
VRU,vru_accident:MANUAL_DATA:VRU_246,raw_video,1086089
VRU,vru_accident:MANUAL_DATA:VRU_246,caption_stack,4862
VRU,vru_accident:MANUAL_DATA:VRU_246,center_frame_stack,33274
VRU,vru_accident:MANUAL_DATA:VRU_246,visual_4frame_stack,138212
VRU,vru_accident:MANUAL_DATA:VRU_246,fusion_stack,143074
VRU,vru_accident:MANUAL_DATA:VRU_247,raw_video,1033740
VRU,vru_accident:MANUAL_DATA:VRU_247,caption_stack,5183
VRU,vru_accident:MANUAL_DATA:VRU_247,center_frame_stack,24848
VRU,vru_accident:MANUAL_DATA:VRU_247,visual_4frame_stack,104728
VRU,vru_accident:MANUAL_DATA:VRU_247,fusion_stack,109911
VRU,vru_accident:MANUAL_DATA:VRU_248,raw_video,1752157
VRU,vru_accident:MANUAL_DATA:VRU_248,caption_stack,5079
VRU,vru_accident:MANUAL_DATA:VRU_248,center_frame_stack,26597
VRU,vru_accident:MANUAL_DATA:VRU_248,visual_4frame_stack,114232
VRU,vru_accident:MANUAL_DATA:VRU_248,fusion_stack,119311
VRU,vru_accident:MANUAL_DATA:VRU_249,raw_video,1250502
VRU,vru_accident:MANUAL_DATA:VRU_249,caption_stack,5231
VRU,vru_accident:MANUAL_DATA:VRU_249,center_frame_stack,25557
VRU,vru_accident:MANUAL_DATA:VRU_249,visual_4frame_stack,101536
VRU,vru_accident:MANUAL_DATA:VRU_249,fusion_stack,106767
VRU,vru_accident:MANUAL_DATA:VRU_25,raw_video,2107864
VRU,vru_accident:MANUAL_DATA:VRU_25,caption_stack,4763
VRU,vru_accident:MANUAL_DATA:VRU_25,center_frame_stack,43017
VRU,vru_accident:MANUAL_DATA:VRU_25,visual_4frame_stack,176845
VRU,vru_accident:MANUAL_DATA:VRU_25,fusion_stack,181608
VRU,vru_accident:MANUAL_DATA:VRU_250,raw_video,875089
VRU,vru_accident:MANUAL_DATA:VRU_250,caption_stack,5158
VRU,vru_accident:MANUAL_DATA:VRU_250,center_frame_stack,23038
VRU,vru_accident:MANUAL_DATA:VRU_250,visual_4frame_stack,92766
VRU,vru_accident:MANUAL_DATA:VRU_250,fusion_stack,97924
VRU,vru_accident:MANUAL_DATA:VRU_251,raw_video,2579256
VRU,vru_accident:MANUAL_DATA:VRU_251,caption_stack,5182
VRU,vru_accident:MANUAL_DATA:VRU_251,center_frame_stack,24100
VRU,vru_accident:MANUAL_DATA:VRU_251,visual_4frame_stack,108341
VRU,vru_accident:MANUAL_DATA:VRU_251,fusion_stack,113523
VRU,vru_accident:MANUAL_DATA:VRU_252,raw_video,2990099
VRU,vru_accident:MANUAL_DATA:VRU_252,caption_stack,5119
VRU,vru_accident:MANUAL_DATA:VRU_252,center_frame_stack,23213
VRU,vru_accident:MANUAL_DATA:VRU_252,visual_4frame_stack,103705
VRU,vru_accident:MANUAL_DATA:VRU_252,fusion_stack,108824
VRU,vru_accident:MANUAL_DATA:VRU_253,raw_video,2202830
VRU,vru_accident:MANUAL_DATA:VRU_253,caption_stack,5234
VRU,vru_accident:MANUAL_DATA:VRU_253,center_frame_stack,26126
VRU,vru_accident:MANUAL_DATA:VRU_253,visual_4frame_stack,115251
VRU,vru_accident:MANUAL_DATA:VRU_253,fusion_stack,120485
VRU,vru_accident:MANUAL_DATA:VRU_254,raw_video,1778101
VRU,vru_accident:MANUAL_DATA:VRU_254,caption_stack,5182
VRU,vru_accident:MANUAL_DATA:VRU_254,center_frame_stack,28675
VRU,vru_accident:MANUAL_DATA:VRU_254,visual_4frame_stack,112927
VRU,vru_accident:MANUAL_DATA:VRU_254,fusion_stack,118109
VRU,vru_accident:MANUAL_DATA:VRU_255,raw_video,2100043
VRU,vru_accident:MANUAL_DATA:VRU_255,caption_stack,5164
VRU,vru_accident:MANUAL_DATA:VRU_255,center_frame_stack,29237
VRU,vru_accident:MANUAL_DATA:VRU_255,visual_4frame_stack,115762
VRU,vru_accident:MANUAL_DATA:VRU_255,fusion_stack,120926
VRU,vru_accident:MANUAL_DATA:VRU_256,raw_video,2472027
VRU,vru_accident:MANUAL_DATA:VRU_256,caption_stack,5224
VRU,vru_accident:MANUAL_DATA:VRU_256,center_frame_stack,27809
VRU,vru_accident:MANUAL_DATA:VRU_256,visual_4frame_stack,121162
VRU,vru_accident:MANUAL_DATA:VRU_256,fusion_stack,126386
VRU,vru_accident:MANUAL_DATA:VRU_257,raw_video,2263663
VRU,vru_accident:MANUAL_DATA:VRU_257,caption_stack,5050
VRU,vru_accident:MANUAL_DATA:VRU_257,center_frame_stack,34095
VRU,vru_accident:MANUAL_DATA:VRU_257,visual_4frame_stack,136652
VRU,vru_accident:MANUAL_DATA:VRU_257,fusion_stack,141702
VRU,vru_accident:MANUAL_DATA:VRU_258,raw_video,1284559
VRU,vru_accident:MANUAL_DATA:VRU_258,caption_stack,5253
VRU,vru_accident:MANUAL_DATA:VRU_258,center_frame_stack,36818
VRU,vru_accident:MANUAL_DATA:VRU_258,visual_4frame_stack,144964
VRU,vru_accident:MANUAL_DATA:VRU_258,fusion_stack,150217
VRU,vru_accident:MANUAL_DATA:VRU_259,raw_video,4462776
VRU,vru_accident:MANUAL_DATA:VRU_259,caption_stack,5156
VRU,vru_accident:MANUAL_DATA:VRU_259,center_frame_stack,34847
VRU,vru_accident:MANUAL_DATA:VRU_259,visual_4frame_stack,133372
VRU,vru_accident:MANUAL_DATA:VRU_259,fusion_stack,138528
VRU,vru_accident:MANUAL_DATA:VRU_26,raw_video,1389266
VRU,vru_accident:MANUAL_DATA:VRU_26,caption_stack,4813
VRU,vru_accident:MANUAL_DATA:VRU_26,center_frame_stack,39297
VRU,vru_accident:MANUAL_DATA:VRU_26,visual_4frame_stack,150406
VRU,vru_accident:MANUAL_DATA:VRU_26,fusion_stack,155219
VRU,vru_accident:MANUAL_DATA:VRU_260,raw_video,766179
VRU,vru_accident:MANUAL_DATA:VRU_260,caption_stack,5186
VRU,vru_accident:MANUAL_DATA:VRU_260,center_frame_stack,22195
VRU,vru_accident:MANUAL_DATA:VRU_260,visual_4frame_stack,85937
VRU,vru_accident:MANUAL_DATA:VRU_260,fusion_stack,91123
VRU,vru_accident:MANUAL_DATA:VRU_261,raw_video,658565
VRU,vru_accident:MANUAL_DATA:VRU_261,caption_stack,5166
VRU,vru_accident:MANUAL_DATA:VRU_261,center_frame_stack,22198
VRU,vru_accident:MANUAL_DATA:VRU_261,visual_4frame_stack,87689
VRU,vru_accident:MANUAL_DATA:VRU_261,fusion_stack,92855
VRU,vru_accident:MANUAL_DATA:VRU_262,raw_video,2047528
VRU,vru_accident:MANUAL_DATA:VRU_262,caption_stack,5074
VRU,vru_accident:MANUAL_DATA:VRU_262,center_frame_stack,33368
VRU,vru_accident:MANUAL_DATA:VRU_262,visual_4frame_stack,128552
VRU,vru_accident:MANUAL_DATA:VRU_262,fusion_stack,133626
VRU,vru_accident:MANUAL_DATA:VRU_263,raw_video,717243
VRU,vru_accident:MANUAL_DATA:VRU_263,caption_stack,5189
VRU,vru_accident:MANUAL_DATA:VRU_263,center_frame_stack,23703
VRU,vru_accident:MANUAL_DATA:VRU_263,visual_4frame_stack,100268
VRU,vru_accident:MANUAL_DATA:VRU_263,fusion_stack,105457
VRU,vru_accident:MANUAL_DATA:VRU_264,raw_video,550636
VRU,vru_accident:MANUAL_DATA:VRU_264,caption_stack,5052
VRU,vru_accident:MANUAL_DATA:VRU_264,center_frame_stack,15917
VRU,vru_accident:MANUAL_DATA:VRU_264,visual_4frame_stack,64054
VRU,vru_accident:MANUAL_DATA:VRU_264,fusion_stack,69106
VRU,vru_accident:MANUAL_DATA:VRU_265,raw_video,1227673
VRU,vru_accident:MANUAL_DATA:VRU_265,caption_stack,5078
VRU,vru_accident:MANUAL_DATA:VRU_265,center_frame_stack,23345
VRU,vru_accident:MANUAL_DATA:VRU_265,visual_4frame_stack,94732
VRU,vru_accident:MANUAL_DATA:VRU_265,fusion_stack,99810
VRU,vru_accident:MANUAL_DATA:VRU_266,raw_video,1189572
VRU,vru_accident:MANUAL_DATA:VRU_266,caption_stack,5163
VRU,vru_accident:MANUAL_DATA:VRU_266,center_frame_stack,22355
VRU,vru_accident:MANUAL_DATA:VRU_266,visual_4frame_stack,92050
VRU,vru_accident:MANUAL_DATA:VRU_266,fusion_stack,97213
VRU,vru_accident:MANUAL_DATA:VRU_267,raw_video,1445940
VRU,vru_accident:MANUAL_DATA:VRU_267,caption_stack,5088
VRU,vru_accident:MANUAL_DATA:VRU_267,center_frame_stack,26335
VRU,vru_accident:MANUAL_DATA:VRU_267,visual_4frame_stack,106080
VRU,vru_accident:MANUAL_DATA:VRU_267,fusion_stack,111168
VRU,vru_accident:MANUAL_DATA:VRU_268,raw_video,1896066
VRU,vru_accident:MANUAL_DATA:VRU_268,caption_stack,5060
VRU,vru_accident:MANUAL_DATA:VRU_268,center_frame_stack,33705
VRU,vru_accident:MANUAL_DATA:VRU_268,visual_4frame_stack,133867
VRU,vru_accident:MANUAL_DATA:VRU_268,fusion_stack,138927
VRU,vru_accident:MANUAL_DATA:VRU_269,raw_video,3087985
VRU,vru_accident:MANUAL_DATA:VRU_269,caption_stack,5079
VRU,vru_accident:MANUAL_DATA:VRU_269,center_frame_stack,28074
VRU,vru_accident:MANUAL_DATA:VRU_269,visual_4frame_stack,108737
VRU,vru_accident:MANUAL_DATA:VRU_269,fusion_stack,113816
VRU,vru_accident:MANUAL_DATA:VRU_27,raw_video,2230236
VRU,vru_accident:MANUAL_DATA:VRU_27,caption_stack,5049
VRU,vru_accident:MANUAL_DATA:VRU_27,center_frame_stack,36203
VRU,vru_accident:MANUAL_DATA:VRU_27,visual_4frame_stack,147208
VRU,vru_accident:MANUAL_DATA:VRU_27,fusion_stack,152257
VRU,vru_accident:MANUAL_DATA:VRU_270,raw_video,1238382
VRU,vru_accident:MANUAL_DATA:VRU_270,caption_stack,5201
VRU,vru_accident:MANUAL_DATA:VRU_270,center_frame_stack,26098
VRU,vru_accident:MANUAL_DATA:VRU_270,visual_4frame_stack,103533
VRU,vru_accident:MANUAL_DATA:VRU_270,fusion_stack,108734
VRU,vru_accident:MANUAL_DATA:VRU_271,raw_video,700754
VRU,vru_accident:MANUAL_DATA:VRU_271,caption_stack,5306
VRU,vru_accident:MANUAL_DATA:VRU_271,center_frame_stack,27913
VRU,vru_accident:MANUAL_DATA:VRU_271,visual_4frame_stack,113003
VRU,vru_accident:MANUAL_DATA:VRU_271,fusion_stack,118309
VRU,vru_accident:MANUAL_DATA:VRU_272,raw_video,1067538
VRU,vru_accident:MANUAL_DATA:VRU_272,caption_stack,5053
VRU,vru_accident:MANUAL_DATA:VRU_272,center_frame_stack,34065
VRU,vru_accident:MANUAL_DATA:VRU_272,visual_4frame_stack,130152
VRU,vru_accident:MANUAL_DATA:VRU_272,fusion_stack,135205
VRU,vru_accident:MANUAL_DATA:VRU_273,raw_video,166067
VRU,vru_accident:MANUAL_DATA:VRU_273,caption_stack,5011
VRU,vru_accident:MANUAL_DATA:VRU_273,center_frame_stack,16419
VRU,vru_accident:MANUAL_DATA:VRU_273,visual_4frame_stack,67643
VRU,vru_accident:MANUAL_DATA:VRU_273,fusion_stack,72654
VRU,vru_accident:MANUAL_DATA:VRU_274,raw_video,515819
VRU,vru_accident:MANUAL_DATA:VRU_274,caption_stack,5097
VRU,vru_accident:MANUAL_DATA:VRU_274,center_frame_stack,20918
VRU,vru_accident:MANUAL_DATA:VRU_274,visual_4frame_stack,83592
VRU,vru_accident:MANUAL_DATA:VRU_274,fusion_stack,88689
VRU,vru_accident:MANUAL_DATA:VRU_275,raw_video,594181
VRU,vru_accident:MANUAL_DATA:VRU_275,caption_stack,5161
VRU,vru_accident:MANUAL_DATA:VRU_275,center_frame_stack,21834
VRU,vru_accident:MANUAL_DATA:VRU_275,visual_4frame_stack,84859
VRU,vru_accident:MANUAL_DATA:VRU_275,fusion_stack,90020
VRU,vru_accident:MANUAL_DATA:VRU_276,raw_video,542856
VRU,vru_accident:MANUAL_DATA:VRU_276,caption_stack,5131
VRU,vru_accident:MANUAL_DATA:VRU_276,center_frame_stack,18744
VRU,vru_accident:MANUAL_DATA:VRU_276,visual_4frame_stack,77753
VRU,vru_accident:MANUAL_DATA:VRU_276,fusion_stack,82884
VRU,vru_accident:MANUAL_DATA:VRU_277,raw_video,629671
VRU,vru_accident:MANUAL_DATA:VRU_277,caption_stack,5080
VRU,vru_accident:MANUAL_DATA:VRU_277,center_frame_stack,24728
VRU,vru_accident:MANUAL_DATA:VRU_277,visual_4frame_stack,93428
VRU,vru_accident:MANUAL_DATA:VRU_277,fusion_stack,98508
VRU,vru_accident:MANUAL_DATA:VRU_278,raw_video,539772
VRU,vru_accident:MANUAL_DATA:VRU_278,caption_stack,5106
VRU,vru_accident:MANUAL_DATA:VRU_278,center_frame_stack,30022
VRU,vru_accident:MANUAL_DATA:VRU_278,visual_4frame_stack,119365
VRU,vru_accident:MANUAL_DATA:VRU_278,fusion_stack,124471
VRU,vru_accident:MANUAL_DATA:VRU_279,raw_video,433249
VRU,vru_accident:MANUAL_DATA:VRU_279,caption_stack,5053
VRU,vru_accident:MANUAL_DATA:VRU_279,center_frame_stack,22550
VRU,vru_accident:MANUAL_DATA:VRU_279,visual_4frame_stack,93702
VRU,vru_accident:MANUAL_DATA:VRU_279,fusion_stack,98755
VRU,vru_accident:MANUAL_DATA:VRU_28,raw_video,2576902
VRU,vru_accident:MANUAL_DATA:VRU_28,caption_stack,4714
VRU,vru_accident:MANUAL_DATA:VRU_28,center_frame_stack,39275
VRU,vru_accident:MANUAL_DATA:VRU_28,visual_4frame_stack,152343
VRU,vru_accident:MANUAL_DATA:VRU_28,fusion_stack,157057
VRU,vru_accident:MANUAL_DATA:VRU_280,raw_video,2022483
VRU,vru_accident:MANUAL_DATA:VRU_280,caption_stack,5203
VRU,vru_accident:MANUAL_DATA:VRU_280,center_frame_stack,34504
VRU,vru_accident:MANUAL_DATA:VRU_280,visual_4frame_stack,135516
VRU,vru_accident:MANUAL_DATA:VRU_280,fusion_stack,140719
VRU,vru_accident:MANUAL_DATA:VRU_281,raw_video,981375
VRU,vru_accident:MANUAL_DATA:VRU_281,caption_stack,5070
VRU,vru_accident:MANUAL_DATA:VRU_281,center_frame_stack,24563
VRU,vru_accident:MANUAL_DATA:VRU_281,visual_4frame_stack,100876
VRU,vru_accident:MANUAL_DATA:VRU_281,fusion_stack,105946
VRU,vru_accident:MANUAL_DATA:VRU_282,raw_video,672508
VRU,vru_accident:MANUAL_DATA:VRU_282,caption_stack,5118
VRU,vru_accident:MANUAL_DATA:VRU_282,center_frame_stack,20225
VRU,vru_accident:MANUAL_DATA:VRU_282,visual_4frame_stack,82962
VRU,vru_accident:MANUAL_DATA:VRU_282,fusion_stack,88080
VRU,vru_accident:MANUAL_DATA:VRU_283,raw_video,887589
VRU,vru_accident:MANUAL_DATA:VRU_283,caption_stack,5244
VRU,vru_accident:MANUAL_DATA:VRU_283,center_frame_stack,23760
VRU,vru_accident:MANUAL_DATA:VRU_283,visual_4frame_stack,92623
VRU,vru_accident:MANUAL_DATA:VRU_283,fusion_stack,97867
VRU,vru_accident:MANUAL_DATA:VRU_284,raw_video,1697243
VRU,vru_accident:MANUAL_DATA:VRU_284,caption_stack,5279
VRU,vru_accident:MANUAL_DATA:VRU_284,center_frame_stack,32237
VRU,vru_accident:MANUAL_DATA:VRU_284,visual_4frame_stack,125552
VRU,vru_accident:MANUAL_DATA:VRU_284,fusion_stack,130831
VRU,vru_accident:MANUAL_DATA:VRU_285,raw_video,545179
VRU,vru_accident:MANUAL_DATA:VRU_285,caption_stack,5194
VRU,vru_accident:MANUAL_DATA:VRU_285,center_frame_stack,22384
VRU,vru_accident:MANUAL_DATA:VRU_285,visual_4frame_stack,86505
VRU,vru_accident:MANUAL_DATA:VRU_285,fusion_stack,91699
VRU,vru_accident:MANUAL_DATA:VRU_286,raw_video,1159497
VRU,vru_accident:MANUAL_DATA:VRU_286,caption_stack,5172
VRU,vru_accident:MANUAL_DATA:VRU_286,center_frame_stack,33365
VRU,vru_accident:MANUAL_DATA:VRU_286,visual_4frame_stack,128642
VRU,vru_accident:MANUAL_DATA:VRU_286,fusion_stack,133814
VRU,vru_accident:MANUAL_DATA:VRU_287,raw_video,576608
VRU,vru_accident:MANUAL_DATA:VRU_287,caption_stack,5250
VRU,vru_accident:MANUAL_DATA:VRU_287,center_frame_stack,22018
VRU,vru_accident:MANUAL_DATA:VRU_287,visual_4frame_stack,88373
VRU,vru_accident:MANUAL_DATA:VRU_287,fusion_stack,93623
VRU,vru_accident:MANUAL_DATA:VRU_288,raw_video,319338
VRU,vru_accident:MANUAL_DATA:VRU_288,caption_stack,5121
VRU,vru_accident:MANUAL_DATA:VRU_288,center_frame_stack,23002
VRU,vru_accident:MANUAL_DATA:VRU_288,visual_4frame_stack,91036
VRU,vru_accident:MANUAL_DATA:VRU_288,fusion_stack,96157
VRU,vru_accident:MANUAL_DATA:VRU_289,raw_video,477947
VRU,vru_accident:MANUAL_DATA:VRU_289,caption_stack,5109
VRU,vru_accident:MANUAL_DATA:VRU_289,center_frame_stack,20456
VRU,vru_accident:MANUAL_DATA:VRU_289,visual_4frame_stack,84714
VRU,vru_accident:MANUAL_DATA:VRU_289,fusion_stack,89823
VRU,vru_accident:MANUAL_DATA:VRU_29,raw_video,2129170
VRU,vru_accident:MANUAL_DATA:VRU_29,caption_stack,4768
VRU,vru_accident:MANUAL_DATA:VRU_29,center_frame_stack,57456
VRU,vru_accident:MANUAL_DATA:VRU_29,visual_4frame_stack,230766
VRU,vru_accident:MANUAL_DATA:VRU_29,fusion_stack,235534
VRU,vru_accident:MANUAL_DATA:VRU_290,raw_video,886203
VRU,vru_accident:MANUAL_DATA:VRU_290,caption_stack,5237
VRU,vru_accident:MANUAL_DATA:VRU_290,center_frame_stack,30251
VRU,vru_accident:MANUAL_DATA:VRU_290,visual_4frame_stack,120039
VRU,vru_accident:MANUAL_DATA:VRU_290,fusion_stack,125276
VRU,vru_accident:MANUAL_DATA:VRU_291,raw_video,399452
VRU,vru_accident:MANUAL_DATA:VRU_291,caption_stack,5285
VRU,vru_accident:MANUAL_DATA:VRU_291,center_frame_stack,19439
VRU,vru_accident:MANUAL_DATA:VRU_291,visual_4frame_stack,77997
VRU,vru_accident:MANUAL_DATA:VRU_291,fusion_stack,83282
VRU,vru_accident:MANUAL_DATA:VRU_292,raw_video,464030
VRU,vru_accident:MANUAL_DATA:VRU_292,caption_stack,5133
VRU,vru_accident:MANUAL_DATA:VRU_292,center_frame_stack,20131
VRU,vru_accident:MANUAL_DATA:VRU_292,visual_4frame_stack,80202
VRU,vru_accident:MANUAL_DATA:VRU_292,fusion_stack,85335
VRU,vru_accident:MANUAL_DATA:VRU_293,raw_video,578340
VRU,vru_accident:MANUAL_DATA:VRU_293,caption_stack,5175
VRU,vru_accident:MANUAL_DATA:VRU_293,center_frame_stack,31006
VRU,vru_accident:MANUAL_DATA:VRU_293,visual_4frame_stack,122550
VRU,vru_accident:MANUAL_DATA:VRU_293,fusion_stack,127725
VRU,vru_accident:MANUAL_DATA:VRU_294,raw_video,578201
VRU,vru_accident:MANUAL_DATA:VRU_294,caption_stack,5196
VRU,vru_accident:MANUAL_DATA:VRU_294,center_frame_stack,20654
VRU,vru_accident:MANUAL_DATA:VRU_294,visual_4frame_stack,83370
VRU,vru_accident:MANUAL_DATA:VRU_294,fusion_stack,88566
VRU,vru_accident:MANUAL_DATA:VRU_295,raw_video,649730
VRU,vru_accident:MANUAL_DATA:VRU_295,caption_stack,5002
VRU,vru_accident:MANUAL_DATA:VRU_295,center_frame_stack,26191
VRU,vru_accident:MANUAL_DATA:VRU_295,visual_4frame_stack,106312
VRU,vru_accident:MANUAL_DATA:VRU_295,fusion_stack,111314
VRU,vru_accident:MANUAL_DATA:VRU_296,raw_video,458498
VRU,vru_accident:MANUAL_DATA:VRU_296,caption_stack,5076
VRU,vru_accident:MANUAL_DATA:VRU_296,center_frame_stack,31475
VRU,vru_accident:MANUAL_DATA:VRU_296,visual_4frame_stack,122326
VRU,vru_accident:MANUAL_DATA:VRU_296,fusion_stack,127402
VRU,vru_accident:MANUAL_DATA:VRU_297,raw_video,221572
VRU,vru_accident:MANUAL_DATA:VRU_297,caption_stack,5242
VRU,vru_accident:MANUAL_DATA:VRU_297,center_frame_stack,22425
VRU,vru_accident:MANUAL_DATA:VRU_297,visual_4frame_stack,90080
VRU,vru_accident:MANUAL_DATA:VRU_297,fusion_stack,95322
VRU,vru_accident:MANUAL_DATA:VRU_298,raw_video,302818
VRU,vru_accident:MANUAL_DATA:VRU_298,caption_stack,5012
VRU,vru_accident:MANUAL_DATA:VRU_298,center_frame_stack,29577
VRU,vru_accident:MANUAL_DATA:VRU_298,visual_4frame_stack,117100
VRU,vru_accident:MANUAL_DATA:VRU_298,fusion_stack,122112
VRU,vru_accident:MANUAL_DATA:VRU_299,raw_video,700415
VRU,vru_accident:MANUAL_DATA:VRU_299,caption_stack,4894
VRU,vru_accident:MANUAL_DATA:VRU_299,center_frame_stack,22020
VRU,vru_accident:MANUAL_DATA:VRU_299,visual_4frame_stack,85031
VRU,vru_accident:MANUAL_DATA:VRU_299,fusion_stack,89925
VRU,vru_accident:MANUAL_DATA:VRU_3,raw_video,1964332
VRU,vru_accident:MANUAL_DATA:VRU_3,caption_stack,4926
VRU,vru_accident:MANUAL_DATA:VRU_3,center_frame_stack,27361
VRU,vru_accident:MANUAL_DATA:VRU_3,visual_4frame_stack,113872
VRU,vru_accident:MANUAL_DATA:VRU_3,fusion_stack,118798
VRU,vru_accident:MANUAL_DATA:VRU_30,raw_video,624481
VRU,vru_accident:MANUAL_DATA:VRU_30,caption_stack,4963
VRU,vru_accident:MANUAL_DATA:VRU_30,center_frame_stack,20881
VRU,vru_accident:MANUAL_DATA:VRU_30,visual_4frame_stack,87811
VRU,vru_accident:MANUAL_DATA:VRU_30,fusion_stack,92774
VRU,vru_accident:MANUAL_DATA:VRU_300,raw_video,380218
VRU,vru_accident:MANUAL_DATA:VRU_300,caption_stack,5070
VRU,vru_accident:MANUAL_DATA:VRU_300,center_frame_stack,20385
VRU,vru_accident:MANUAL_DATA:VRU_300,visual_4frame_stack,82174
VRU,vru_accident:MANUAL_DATA:VRU_300,fusion_stack,87244
VRU,vru_accident:MANUAL_DATA:VRU_301,raw_video,554759
VRU,vru_accident:MANUAL_DATA:VRU_301,caption_stack,5082
VRU,vru_accident:MANUAL_DATA:VRU_301,center_frame_stack,25894
VRU,vru_accident:MANUAL_DATA:VRU_301,visual_4frame_stack,106882
VRU,vru_accident:MANUAL_DATA:VRU_301,fusion_stack,111964
VRU,vru_accident:MANUAL_DATA:VRU_302,raw_video,969289
VRU,vru_accident:MANUAL_DATA:VRU_302,caption_stack,4979
VRU,vru_accident:MANUAL_DATA:VRU_302,center_frame_stack,23988
VRU,vru_accident:MANUAL_DATA:VRU_302,visual_4frame_stack,87197
VRU,vru_accident:MANUAL_DATA:VRU_302,fusion_stack,92176
VRU,vru_accident:MANUAL_DATA:VRU_303,raw_video,1630061
VRU,vru_accident:MANUAL_DATA:VRU_303,caption_stack,5110
VRU,vru_accident:MANUAL_DATA:VRU_303,center_frame_stack,37142
VRU,vru_accident:MANUAL_DATA:VRU_303,visual_4frame_stack,151016
VRU,vru_accident:MANUAL_DATA:VRU_303,fusion_stack,156126
VRU,vru_accident:MANUAL_DATA:VRU_304,raw_video,1456774
VRU,vru_accident:MANUAL_DATA:VRU_304,caption_stack,5243
VRU,vru_accident:MANUAL_DATA:VRU_304,center_frame_stack,30751
VRU,vru_accident:MANUAL_DATA:VRU_304,visual_4frame_stack,125656
VRU,vru_accident:MANUAL_DATA:VRU_304,fusion_stack,130899
VRU,vru_accident:MANUAL_DATA:VRU_305,raw_video,937004
VRU,vru_accident:MANUAL_DATA:VRU_305,caption_stack,5185
VRU,vru_accident:MANUAL_DATA:VRU_305,center_frame_stack,21906
VRU,vru_accident:MANUAL_DATA:VRU_305,visual_4frame_stack,91957
VRU,vru_accident:MANUAL_DATA:VRU_305,fusion_stack,97142
VRU,vru_accident:MANUAL_DATA:VRU_306,raw_video,470225
VRU,vru_accident:MANUAL_DATA:VRU_306,caption_stack,5155
VRU,vru_accident:MANUAL_DATA:VRU_306,center_frame_stack,18134
VRU,vru_accident:MANUAL_DATA:VRU_306,visual_4frame_stack,73652
VRU,vru_accident:MANUAL_DATA:VRU_306,fusion_stack,78807
VRU,vru_accident:MANUAL_DATA:VRU_307,raw_video,613429
VRU,vru_accident:MANUAL_DATA:VRU_307,caption_stack,5072
VRU,vru_accident:MANUAL_DATA:VRU_307,center_frame_stack,35157
VRU,vru_accident:MANUAL_DATA:VRU_307,visual_4frame_stack,140100
VRU,vru_accident:MANUAL_DATA:VRU_307,fusion_stack,145172
VRU,vru_accident:MANUAL_DATA:VRU_308,raw_video,450037
VRU,vru_accident:MANUAL_DATA:VRU_308,caption_stack,4886
VRU,vru_accident:MANUAL_DATA:VRU_308,center_frame_stack,24738
VRU,vru_accident:MANUAL_DATA:VRU_308,visual_4frame_stack,100169
VRU,vru_accident:MANUAL_DATA:VRU_308,fusion_stack,105055
VRU,vru_accident:MANUAL_DATA:VRU_309,raw_video,522980
VRU,vru_accident:MANUAL_DATA:VRU_309,caption_stack,5129
VRU,vru_accident:MANUAL_DATA:VRU_309,center_frame_stack,25722
VRU,vru_accident:MANUAL_DATA:VRU_309,visual_4frame_stack,101683
VRU,vru_accident:MANUAL_DATA:VRU_309,fusion_stack,106812
VRU,vru_accident:MANUAL_DATA:VRU_31,raw_video,1027422
VRU,vru_accident:MANUAL_DATA:VRU_31,caption_stack,4871
VRU,vru_accident:MANUAL_DATA:VRU_31,center_frame_stack,30305
VRU,vru_accident:MANUAL_DATA:VRU_31,visual_4frame_stack,123094
VRU,vru_accident:MANUAL_DATA:VRU_31,fusion_stack,127965
VRU,vru_accident:MANUAL_DATA:VRU_310,raw_video,502374
VRU,vru_accident:MANUAL_DATA:VRU_310,caption_stack,5018
VRU,vru_accident:MANUAL_DATA:VRU_310,center_frame_stack,23335
VRU,vru_accident:MANUAL_DATA:VRU_310,visual_4frame_stack,79367
VRU,vru_accident:MANUAL_DATA:VRU_310,fusion_stack,84385
VRU,vru_accident:MANUAL_DATA:VRU_311,raw_video,417329
VRU,vru_accident:MANUAL_DATA:VRU_311,caption_stack,5008
VRU,vru_accident:MANUAL_DATA:VRU_311,center_frame_stack,32109
VRU,vru_accident:MANUAL_DATA:VRU_311,visual_4frame_stack,126253
VRU,vru_accident:MANUAL_DATA:VRU_311,fusion_stack,131261
VRU,vru_accident:MANUAL_DATA:VRU_312,raw_video,709852
VRU,vru_accident:MANUAL_DATA:VRU_312,caption_stack,5320
VRU,vru_accident:MANUAL_DATA:VRU_312,center_frame_stack,26553
VRU,vru_accident:MANUAL_DATA:VRU_312,visual_4frame_stack,118473
VRU,vru_accident:MANUAL_DATA:VRU_312,fusion_stack,123793
VRU,vru_accident:MANUAL_DATA:VRU_313,raw_video,1117427
VRU,vru_accident:MANUAL_DATA:VRU_313,caption_stack,5092
VRU,vru_accident:MANUAL_DATA:VRU_313,center_frame_stack,28699
VRU,vru_accident:MANUAL_DATA:VRU_313,visual_4frame_stack,114714
VRU,vru_accident:MANUAL_DATA:VRU_313,fusion_stack,119806
VRU,vru_accident:MANUAL_DATA:VRU_314,raw_video,2527148
VRU,vru_accident:MANUAL_DATA:VRU_314,caption_stack,5208
VRU,vru_accident:MANUAL_DATA:VRU_314,center_frame_stack,40052
VRU,vru_accident:MANUAL_DATA:VRU_314,visual_4frame_stack,156394
VRU,vru_accident:MANUAL_DATA:VRU_314,fusion_stack,161602
VRU,vru_accident:MANUAL_DATA:VRU_315,raw_video,402761
VRU,vru_accident:MANUAL_DATA:VRU_315,caption_stack,4992
VRU,vru_accident:MANUAL_DATA:VRU_315,center_frame_stack,22277
VRU,vru_accident:MANUAL_DATA:VRU_315,visual_4frame_stack,88642
VRU,vru_accident:MANUAL_DATA:VRU_315,fusion_stack,93634
VRU,vru_accident:MANUAL_DATA:VRU_316,raw_video,763455
VRU,vru_accident:MANUAL_DATA:VRU_316,caption_stack,4997
VRU,vru_accident:MANUAL_DATA:VRU_316,center_frame_stack,36771
VRU,vru_accident:MANUAL_DATA:VRU_316,visual_4frame_stack,145913
VRU,vru_accident:MANUAL_DATA:VRU_316,fusion_stack,150910
VRU,vru_accident:MANUAL_DATA:VRU_317,raw_video,416792
VRU,vru_accident:MANUAL_DATA:VRU_317,caption_stack,4971
VRU,vru_accident:MANUAL_DATA:VRU_317,center_frame_stack,27574
VRU,vru_accident:MANUAL_DATA:VRU_317,visual_4frame_stack,104533
VRU,vru_accident:MANUAL_DATA:VRU_317,fusion_stack,109504
VRU,vru_accident:MANUAL_DATA:VRU_318,raw_video,404461
VRU,vru_accident:MANUAL_DATA:VRU_318,caption_stack,5106
VRU,vru_accident:MANUAL_DATA:VRU_318,center_frame_stack,31271
VRU,vru_accident:MANUAL_DATA:VRU_318,visual_4frame_stack,125153
VRU,vru_accident:MANUAL_DATA:VRU_318,fusion_stack,130259
VRU,vru_accident:MANUAL_DATA:VRU_319,raw_video,1139175
VRU,vru_accident:MANUAL_DATA:VRU_319,caption_stack,5185
VRU,vru_accident:MANUAL_DATA:VRU_319,center_frame_stack,37715
VRU,vru_accident:MANUAL_DATA:VRU_319,visual_4frame_stack,152876
VRU,vru_accident:MANUAL_DATA:VRU_319,fusion_stack,158061
VRU,vru_accident:MANUAL_DATA:VRU_32,raw_video,876246
VRU,vru_accident:MANUAL_DATA:VRU_32,caption_stack,4896
VRU,vru_accident:MANUAL_DATA:VRU_32,center_frame_stack,30874
VRU,vru_accident:MANUAL_DATA:VRU_32,visual_4frame_stack,134046
VRU,vru_accident:MANUAL_DATA:VRU_32,fusion_stack,138942
VRU,vru_accident:MANUAL_DATA:VRU_320,raw_video,414073
VRU,vru_accident:MANUAL_DATA:VRU_320,caption_stack,4932
VRU,vru_accident:MANUAL_DATA:VRU_320,center_frame_stack,18349
VRU,vru_accident:MANUAL_DATA:VRU_320,visual_4frame_stack,76963
VRU,vru_accident:MANUAL_DATA:VRU_320,fusion_stack,81895
VRU,vru_accident:MANUAL_DATA:VRU_321,raw_video,776799
VRU,vru_accident:MANUAL_DATA:VRU_321,caption_stack,4995
VRU,vru_accident:MANUAL_DATA:VRU_321,center_frame_stack,25221
VRU,vru_accident:MANUAL_DATA:VRU_321,visual_4frame_stack,95725
VRU,vru_accident:MANUAL_DATA:VRU_321,fusion_stack,100720
VRU,vru_accident:MANUAL_DATA:VRU_322,raw_video,949702
VRU,vru_accident:MANUAL_DATA:VRU_322,caption_stack,5185
VRU,vru_accident:MANUAL_DATA:VRU_322,center_frame_stack,27136
VRU,vru_accident:MANUAL_DATA:VRU_322,visual_4frame_stack,110183
VRU,vru_accident:MANUAL_DATA:VRU_322,fusion_stack,115368
VRU,vru_accident:MANUAL_DATA:VRU_323,raw_video,588885
VRU,vru_accident:MANUAL_DATA:VRU_323,caption_stack,5182
VRU,vru_accident:MANUAL_DATA:VRU_323,center_frame_stack,35947
VRU,vru_accident:MANUAL_DATA:VRU_323,visual_4frame_stack,142112
VRU,vru_accident:MANUAL_DATA:VRU_323,fusion_stack,147294
VRU,vru_accident:MANUAL_DATA:VRU_324,raw_video,674780
VRU,vru_accident:MANUAL_DATA:VRU_324,caption_stack,4825
VRU,vru_accident:MANUAL_DATA:VRU_324,center_frame_stack,26836
VRU,vru_accident:MANUAL_DATA:VRU_324,visual_4frame_stack,106637
VRU,vru_accident:MANUAL_DATA:VRU_324,fusion_stack,111462
VRU,vru_accident:MANUAL_DATA:VRU_325,raw_video,857145
VRU,vru_accident:MANUAL_DATA:VRU_325,caption_stack,5208
VRU,vru_accident:MANUAL_DATA:VRU_325,center_frame_stack,20092
VRU,vru_accident:MANUAL_DATA:VRU_325,visual_4frame_stack,82401
VRU,vru_accident:MANUAL_DATA:VRU_325,fusion_stack,87609
VRU,vru_accident:MANUAL_DATA:VRU_326,raw_video,220149
VRU,vru_accident:MANUAL_DATA:VRU_326,caption_stack,5233
VRU,vru_accident:MANUAL_DATA:VRU_326,center_frame_stack,28603
VRU,vru_accident:MANUAL_DATA:VRU_326,visual_4frame_stack,113961
VRU,vru_accident:MANUAL_DATA:VRU_326,fusion_stack,119194
VRU,vru_accident:MANUAL_DATA:VRU_327,raw_video,257943
VRU,vru_accident:MANUAL_DATA:VRU_327,caption_stack,5140
VRU,vru_accident:MANUAL_DATA:VRU_327,center_frame_stack,18891
VRU,vru_accident:MANUAL_DATA:VRU_327,visual_4frame_stack,78943
VRU,vru_accident:MANUAL_DATA:VRU_327,fusion_stack,84083
VRU,vru_accident:MANUAL_DATA:VRU_328,raw_video,1930298
VRU,vru_accident:MANUAL_DATA:VRU_328,caption_stack,4917
VRU,vru_accident:MANUAL_DATA:VRU_328,center_frame_stack,30652
VRU,vru_accident:MANUAL_DATA:VRU_328,visual_4frame_stack,130720
VRU,vru_accident:MANUAL_DATA:VRU_328,fusion_stack,135637
VRU,vru_accident:MANUAL_DATA:VRU_329,raw_video,4223626
VRU,vru_accident:MANUAL_DATA:VRU_329,caption_stack,5144
VRU,vru_accident:MANUAL_DATA:VRU_329,center_frame_stack,37366
VRU,vru_accident:MANUAL_DATA:VRU_329,visual_4frame_stack,141837
VRU,vru_accident:MANUAL_DATA:VRU_329,fusion_stack,146981
VRU,vru_accident:MANUAL_DATA:VRU_33,raw_video,830298
VRU,vru_accident:MANUAL_DATA:VRU_33,caption_stack,4879
VRU,vru_accident:MANUAL_DATA:VRU_33,center_frame_stack,31867
VRU,vru_accident:MANUAL_DATA:VRU_33,visual_4frame_stack,126944
VRU,vru_accident:MANUAL_DATA:VRU_33,fusion_stack,131823
VRU,vru_accident:MANUAL_DATA:VRU_330,raw_video,3354178
VRU,vru_accident:MANUAL_DATA:VRU_330,caption_stack,5180
VRU,vru_accident:MANUAL_DATA:VRU_330,center_frame_stack,38824
VRU,vru_accident:MANUAL_DATA:VRU_330,visual_4frame_stack,146428
VRU,vru_accident:MANUAL_DATA:VRU_330,fusion_stack,151608
VRU,vru_accident:MANUAL_DATA:VRU_331,raw_video,1554156
VRU,vru_accident:MANUAL_DATA:VRU_331,caption_stack,5069
VRU,vru_accident:MANUAL_DATA:VRU_331,center_frame_stack,29621
VRU,vru_accident:MANUAL_DATA:VRU_331,visual_4frame_stack,109700
VRU,vru_accident:MANUAL_DATA:VRU_331,fusion_stack,114769
VRU,vru_accident:MANUAL_DATA:VRU_332,raw_video,1272224
VRU,vru_accident:MANUAL_DATA:VRU_332,caption_stack,5212
VRU,vru_accident:MANUAL_DATA:VRU_332,center_frame_stack,22651
VRU,vru_accident:MANUAL_DATA:VRU_332,visual_4frame_stack,90496
VRU,vru_accident:MANUAL_DATA:VRU_332,fusion_stack,95708
VRU,vru_accident:MANUAL_DATA:VRU_333,raw_video,2194276
VRU,vru_accident:MANUAL_DATA:VRU_333,caption_stack,4930
VRU,vru_accident:MANUAL_DATA:VRU_333,center_frame_stack,29889
VRU,vru_accident:MANUAL_DATA:VRU_333,visual_4frame_stack,110763
VRU,vru_accident:MANUAL_DATA:VRU_333,fusion_stack,115693
VRU,vru_accident:MANUAL_DATA:VRU_334,raw_video,1261501
VRU,vru_accident:MANUAL_DATA:VRU_334,caption_stack,5026
VRU,vru_accident:MANUAL_DATA:VRU_334,center_frame_stack,32569
VRU,vru_accident:MANUAL_DATA:VRU_334,visual_4frame_stack,130075
VRU,vru_accident:MANUAL_DATA:VRU_334,fusion_stack,135101
VRU,vru_accident:MANUAL_DATA:VRU_335,raw_video,4313670
VRU,vru_accident:MANUAL_DATA:VRU_335,caption_stack,5124
VRU,vru_accident:MANUAL_DATA:VRU_335,center_frame_stack,41148
VRU,vru_accident:MANUAL_DATA:VRU_335,visual_4frame_stack,131425
VRU,vru_accident:MANUAL_DATA:VRU_335,fusion_stack,136549
VRU,vru_accident:MANUAL_DATA:VRU_336,raw_video,4849352
VRU,vru_accident:MANUAL_DATA:VRU_336,caption_stack,5181
VRU,vru_accident:MANUAL_DATA:VRU_336,center_frame_stack,36782
VRU,vru_accident:MANUAL_DATA:VRU_336,visual_4frame_stack,151394
VRU,vru_accident:MANUAL_DATA:VRU_336,fusion_stack,156575
VRU,vru_accident:MANUAL_DATA:VRU_337,raw_video,1172661
VRU,vru_accident:MANUAL_DATA:VRU_337,caption_stack,5190
VRU,vru_accident:MANUAL_DATA:VRU_337,center_frame_stack,25203
VRU,vru_accident:MANUAL_DATA:VRU_337,visual_4frame_stack,105949
VRU,vru_accident:MANUAL_DATA:VRU_337,fusion_stack,111139
VRU,vru_accident:MANUAL_DATA:VRU_338,raw_video,1817340
VRU,vru_accident:MANUAL_DATA:VRU_338,caption_stack,5116
VRU,vru_accident:MANUAL_DATA:VRU_338,center_frame_stack,27226
VRU,vru_accident:MANUAL_DATA:VRU_338,visual_4frame_stack,109944
VRU,vru_accident:MANUAL_DATA:VRU_338,fusion_stack,115060
VRU,vru_accident:MANUAL_DATA:VRU_339,raw_video,4152164
VRU,vru_accident:MANUAL_DATA:VRU_339,caption_stack,5041
VRU,vru_accident:MANUAL_DATA:VRU_339,center_frame_stack,36942
VRU,vru_accident:MANUAL_DATA:VRU_339,visual_4frame_stack,145776
VRU,vru_accident:MANUAL_DATA:VRU_339,fusion_stack,150817
VRU,vru_accident:MANUAL_DATA:VRU_34,raw_video,1112670
VRU,vru_accident:MANUAL_DATA:VRU_34,caption_stack,4923
VRU,vru_accident:MANUAL_DATA:VRU_34,center_frame_stack,32791
VRU,vru_accident:MANUAL_DATA:VRU_34,visual_4frame_stack,132800
VRU,vru_accident:MANUAL_DATA:VRU_34,fusion_stack,137723
VRU,vru_accident:MANUAL_DATA:VRU_340,raw_video,1665830
VRU,vru_accident:MANUAL_DATA:VRU_340,caption_stack,4975
VRU,vru_accident:MANUAL_DATA:VRU_340,center_frame_stack,29739
VRU,vru_accident:MANUAL_DATA:VRU_340,visual_4frame_stack,122197
VRU,vru_accident:MANUAL_DATA:VRU_340,fusion_stack,127172
VRU,vru_accident:MANUAL_DATA:VRU_341,raw_video,2308727
VRU,vru_accident:MANUAL_DATA:VRU_341,caption_stack,5013
VRU,vru_accident:MANUAL_DATA:VRU_341,center_frame_stack,25488
VRU,vru_accident:MANUAL_DATA:VRU_341,visual_4frame_stack,108270
VRU,vru_accident:MANUAL_DATA:VRU_341,fusion_stack,113283
VRU,vru_accident:MANUAL_DATA:VRU_342,raw_video,1375412
VRU,vru_accident:MANUAL_DATA:VRU_342,caption_stack,5042
VRU,vru_accident:MANUAL_DATA:VRU_342,center_frame_stack,23458
VRU,vru_accident:MANUAL_DATA:VRU_342,visual_4frame_stack,100990
VRU,vru_accident:MANUAL_DATA:VRU_342,fusion_stack,106032
VRU,vru_accident:MANUAL_DATA:VRU_343,raw_video,1303982
VRU,vru_accident:MANUAL_DATA:VRU_343,caption_stack,4932
VRU,vru_accident:MANUAL_DATA:VRU_343,center_frame_stack,25998
VRU,vru_accident:MANUAL_DATA:VRU_343,visual_4frame_stack,102284
VRU,vru_accident:MANUAL_DATA:VRU_343,fusion_stack,107216
VRU,vru_accident:MANUAL_DATA:VRU_344,raw_video,2787238
VRU,vru_accident:MANUAL_DATA:VRU_344,caption_stack,4993
VRU,vru_accident:MANUAL_DATA:VRU_344,center_frame_stack,29753
VRU,vru_accident:MANUAL_DATA:VRU_344,visual_4frame_stack,121896
VRU,vru_accident:MANUAL_DATA:VRU_344,fusion_stack,126889
VRU,vru_accident:MANUAL_DATA:VRU_345,raw_video,1421682
VRU,vru_accident:MANUAL_DATA:VRU_345,caption_stack,4925
VRU,vru_accident:MANUAL_DATA:VRU_345,center_frame_stack,26383
VRU,vru_accident:MANUAL_DATA:VRU_345,visual_4frame_stack,106164
VRU,vru_accident:MANUAL_DATA:VRU_345,fusion_stack,111089
VRU,vru_accident:MANUAL_DATA:VRU_346,raw_video,3442566
VRU,vru_accident:MANUAL_DATA:VRU_346,caption_stack,4832
VRU,vru_accident:MANUAL_DATA:VRU_346,center_frame_stack,35491
VRU,vru_accident:MANUAL_DATA:VRU_346,visual_4frame_stack,150168
VRU,vru_accident:MANUAL_DATA:VRU_346,fusion_stack,155000
VRU,vru_accident:MANUAL_DATA:VRU_347,raw_video,1368456
VRU,vru_accident:MANUAL_DATA:VRU_347,caption_stack,5007
VRU,vru_accident:MANUAL_DATA:VRU_347,center_frame_stack,30496
VRU,vru_accident:MANUAL_DATA:VRU_347,visual_4frame_stack,120485
VRU,vru_accident:MANUAL_DATA:VRU_347,fusion_stack,125492
VRU,vru_accident:MANUAL_DATA:VRU_348,raw_video,2056659
VRU,vru_accident:MANUAL_DATA:VRU_348,caption_stack,4942
VRU,vru_accident:MANUAL_DATA:VRU_348,center_frame_stack,29210
VRU,vru_accident:MANUAL_DATA:VRU_348,visual_4frame_stack,121471
VRU,vru_accident:MANUAL_DATA:VRU_348,fusion_stack,126413
VRU,vru_accident:MANUAL_DATA:VRU_349,raw_video,1916816
VRU,vru_accident:MANUAL_DATA:VRU_349,caption_stack,4815
VRU,vru_accident:MANUAL_DATA:VRU_349,center_frame_stack,31771
VRU,vru_accident:MANUAL_DATA:VRU_349,visual_4frame_stack,137658
VRU,vru_accident:MANUAL_DATA:VRU_349,fusion_stack,142473
VRU,vru_accident:MANUAL_DATA:VRU_35,raw_video,2046928
VRU,vru_accident:MANUAL_DATA:VRU_35,caption_stack,5102
VRU,vru_accident:MANUAL_DATA:VRU_35,center_frame_stack,26177
VRU,vru_accident:MANUAL_DATA:VRU_35,visual_4frame_stack,114372
VRU,vru_accident:MANUAL_DATA:VRU_35,fusion_stack,119474
VRU,vru_accident:MANUAL_DATA:VRU_350,raw_video,983451
VRU,vru_accident:MANUAL_DATA:VRU_350,caption_stack,4997
VRU,vru_accident:MANUAL_DATA:VRU_350,center_frame_stack,17158
VRU,vru_accident:MANUAL_DATA:VRU_350,visual_4frame_stack,73702
VRU,vru_accident:MANUAL_DATA:VRU_350,fusion_stack,78699
VRU,vru_accident:MANUAL_DATA:VRU_351,raw_video,1425945
VRU,vru_accident:MANUAL_DATA:VRU_351,caption_stack,4862
VRU,vru_accident:MANUAL_DATA:VRU_351,center_frame_stack,23836
VRU,vru_accident:MANUAL_DATA:VRU_351,visual_4frame_stack,89734
VRU,vru_accident:MANUAL_DATA:VRU_351,fusion_stack,94596
VRU,vru_accident:MANUAL_DATA:VRU_352,raw_video,6229244
VRU,vru_accident:MANUAL_DATA:VRU_352,caption_stack,4908
VRU,vru_accident:MANUAL_DATA:VRU_352,center_frame_stack,36534
VRU,vru_accident:MANUAL_DATA:VRU_352,visual_4frame_stack,183973
VRU,vru_accident:MANUAL_DATA:VRU_352,fusion_stack,188881
VRU,vru_accident:MANUAL_DATA:VRU_353,raw_video,2809378
VRU,vru_accident:MANUAL_DATA:VRU_353,caption_stack,4784
VRU,vru_accident:MANUAL_DATA:VRU_353,center_frame_stack,38821
VRU,vru_accident:MANUAL_DATA:VRU_353,visual_4frame_stack,153979
VRU,vru_accident:MANUAL_DATA:VRU_353,fusion_stack,158763
VRU,vru_accident:MANUAL_DATA:VRU_354,raw_video,1172342
VRU,vru_accident:MANUAL_DATA:VRU_354,caption_stack,4667
VRU,vru_accident:MANUAL_DATA:VRU_354,center_frame_stack,22900
VRU,vru_accident:MANUAL_DATA:VRU_354,visual_4frame_stack,100339
VRU,vru_accident:MANUAL_DATA:VRU_354,fusion_stack,105006
VRU,vru_accident:MANUAL_DATA:VRU_355,raw_video,2113862
VRU,vru_accident:MANUAL_DATA:VRU_355,caption_stack,4845
VRU,vru_accident:MANUAL_DATA:VRU_355,center_frame_stack,28125
VRU,vru_accident:MANUAL_DATA:VRU_355,visual_4frame_stack,129481
VRU,vru_accident:MANUAL_DATA:VRU_355,fusion_stack,134326
VRU,vru_accident:MANUAL_DATA:VRU_356,raw_video,2595988
VRU,vru_accident:MANUAL_DATA:VRU_356,caption_stack,4842
VRU,vru_accident:MANUAL_DATA:VRU_356,center_frame_stack,34381
VRU,vru_accident:MANUAL_DATA:VRU_356,visual_4frame_stack,130728
VRU,vru_accident:MANUAL_DATA:VRU_356,fusion_stack,135570
VRU,vru_accident:MANUAL_DATA:VRU_357,raw_video,1012665
VRU,vru_accident:MANUAL_DATA:VRU_357,caption_stack,4618
VRU,vru_accident:MANUAL_DATA:VRU_357,center_frame_stack,23326
VRU,vru_accident:MANUAL_DATA:VRU_357,visual_4frame_stack,90620
VRU,vru_accident:MANUAL_DATA:VRU_357,fusion_stack,95238
VRU,vru_accident:MANUAL_DATA:VRU_358,raw_video,2035383
VRU,vru_accident:MANUAL_DATA:VRU_358,caption_stack,4780
VRU,vru_accident:MANUAL_DATA:VRU_358,center_frame_stack,32484
VRU,vru_accident:MANUAL_DATA:VRU_358,visual_4frame_stack,128839
VRU,vru_accident:MANUAL_DATA:VRU_358,fusion_stack,133619
VRU,vru_accident:MANUAL_DATA:VRU_359,raw_video,810604
VRU,vru_accident:MANUAL_DATA:VRU_359,caption_stack,4779
VRU,vru_accident:MANUAL_DATA:VRU_359,center_frame_stack,27665
VRU,vru_accident:MANUAL_DATA:VRU_359,visual_4frame_stack,112261
VRU,vru_accident:MANUAL_DATA:VRU_359,fusion_stack,117040
VRU,vru_accident:MANUAL_DATA:VRU_36,raw_video,1214316
VRU,vru_accident:MANUAL_DATA:VRU_36,caption_stack,5061
VRU,vru_accident:MANUAL_DATA:VRU_36,center_frame_stack,24522
VRU,vru_accident:MANUAL_DATA:VRU_36,visual_4frame_stack,95126
VRU,vru_accident:MANUAL_DATA:VRU_36,fusion_stack,100187
VRU,vru_accident:MANUAL_DATA:VRU_360,raw_video,609445
VRU,vru_accident:MANUAL_DATA:VRU_360,caption_stack,4670
VRU,vru_accident:MANUAL_DATA:VRU_360,center_frame_stack,25825
VRU,vru_accident:MANUAL_DATA:VRU_360,visual_4frame_stack,96098
VRU,vru_accident:MANUAL_DATA:VRU_360,fusion_stack,100768
VRU,vru_accident:MANUAL_DATA:VRU_361,raw_video,2018608
VRU,vru_accident:MANUAL_DATA:VRU_361,caption_stack,4622
VRU,vru_accident:MANUAL_DATA:VRU_361,center_frame_stack,26757
VRU,vru_accident:MANUAL_DATA:VRU_361,visual_4frame_stack,125002
VRU,vru_accident:MANUAL_DATA:VRU_361,fusion_stack,129624
VRU,vru_accident:MANUAL_DATA:VRU_362,raw_video,3067996
VRU,vru_accident:MANUAL_DATA:VRU_362,caption_stack,4707
VRU,vru_accident:MANUAL_DATA:VRU_362,center_frame_stack,38063
VRU,vru_accident:MANUAL_DATA:VRU_362,visual_4frame_stack,152099
VRU,vru_accident:MANUAL_DATA:VRU_362,fusion_stack,156806
VRU,vru_accident:MANUAL_DATA:VRU_363,raw_video,2226146
VRU,vru_accident:MANUAL_DATA:VRU_363,caption_stack,4865
VRU,vru_accident:MANUAL_DATA:VRU_363,center_frame_stack,29968
VRU,vru_accident:MANUAL_DATA:VRU_363,visual_4frame_stack,118082
VRU,vru_accident:MANUAL_DATA:VRU_363,fusion_stack,122947
VRU,vru_accident:MANUAL_DATA:VRU_364,raw_video,3198329
VRU,vru_accident:MANUAL_DATA:VRU_364,caption_stack,4827
VRU,vru_accident:MANUAL_DATA:VRU_364,center_frame_stack,33917
VRU,vru_accident:MANUAL_DATA:VRU_364,visual_4frame_stack,147240
VRU,vru_accident:MANUAL_DATA:VRU_364,fusion_stack,152067
VRU,vru_accident:MANUAL_DATA:VRU_365,raw_video,1786696
VRU,vru_accident:MANUAL_DATA:VRU_365,caption_stack,4785
VRU,vru_accident:MANUAL_DATA:VRU_365,center_frame_stack,22749
VRU,vru_accident:MANUAL_DATA:VRU_365,visual_4frame_stack,99630
VRU,vru_accident:MANUAL_DATA:VRU_365,fusion_stack,104415
VRU,vru_accident:MANUAL_DATA:VRU_366,raw_video,3708864
VRU,vru_accident:MANUAL_DATA:VRU_366,caption_stack,5376
VRU,vru_accident:MANUAL_DATA:VRU_366,center_frame_stack,35659
VRU,vru_accident:MANUAL_DATA:VRU_366,visual_4frame_stack,141543
VRU,vru_accident:MANUAL_DATA:VRU_366,fusion_stack,146919
VRU,vru_accident:MANUAL_DATA:VRU_367,raw_video,888831
VRU,vru_accident:MANUAL_DATA:VRU_367,caption_stack,5353
VRU,vru_accident:MANUAL_DATA:VRU_367,center_frame_stack,24648
VRU,vru_accident:MANUAL_DATA:VRU_367,visual_4frame_stack,93347
VRU,vru_accident:MANUAL_DATA:VRU_367,fusion_stack,98700
VRU,vru_accident:MANUAL_DATA:VRU_368,raw_video,2025472
VRU,vru_accident:MANUAL_DATA:VRU_368,caption_stack,5110
VRU,vru_accident:MANUAL_DATA:VRU_368,center_frame_stack,26538
VRU,vru_accident:MANUAL_DATA:VRU_368,visual_4frame_stack,117617
VRU,vru_accident:MANUAL_DATA:VRU_368,fusion_stack,122727
VRU,vru_accident:MANUAL_DATA:VRU_369,raw_video,1752675
VRU,vru_accident:MANUAL_DATA:VRU_369,caption_stack,5214
VRU,vru_accident:MANUAL_DATA:VRU_369,center_frame_stack,22944
VRU,vru_accident:MANUAL_DATA:VRU_369,visual_4frame_stack,90579
VRU,vru_accident:MANUAL_DATA:VRU_369,fusion_stack,95793
VRU,vru_accident:MANUAL_DATA:VRU_37,raw_video,1302429
VRU,vru_accident:MANUAL_DATA:VRU_37,caption_stack,4951
VRU,vru_accident:MANUAL_DATA:VRU_37,center_frame_stack,36809
VRU,vru_accident:MANUAL_DATA:VRU_37,visual_4frame_stack,146456
VRU,vru_accident:MANUAL_DATA:VRU_37,fusion_stack,151407
VRU,vru_accident:MANUAL_DATA:VRU_370,raw_video,4102636
VRU,vru_accident:MANUAL_DATA:VRU_370,caption_stack,5343
VRU,vru_accident:MANUAL_DATA:VRU_370,center_frame_stack,31423
VRU,vru_accident:MANUAL_DATA:VRU_370,visual_4frame_stack,132926
VRU,vru_accident:MANUAL_DATA:VRU_370,fusion_stack,138269
VRU,vru_accident:MANUAL_DATA:VRU_371,raw_video,1507341
VRU,vru_accident:MANUAL_DATA:VRU_371,caption_stack,5109
VRU,vru_accident:MANUAL_DATA:VRU_371,center_frame_stack,28103
VRU,vru_accident:MANUAL_DATA:VRU_371,visual_4frame_stack,107740
VRU,vru_accident:MANUAL_DATA:VRU_371,fusion_stack,112849
VRU,vru_accident:MANUAL_DATA:VRU_372,raw_video,994298
VRU,vru_accident:MANUAL_DATA:VRU_372,caption_stack,5023
VRU,vru_accident:MANUAL_DATA:VRU_372,center_frame_stack,35011
VRU,vru_accident:MANUAL_DATA:VRU_372,visual_4frame_stack,134378
VRU,vru_accident:MANUAL_DATA:VRU_372,fusion_stack,139401
VRU,vru_accident:MANUAL_DATA:VRU_373,raw_video,560290
VRU,vru_accident:MANUAL_DATA:VRU_373,caption_stack,5267
VRU,vru_accident:MANUAL_DATA:VRU_373,center_frame_stack,29364
VRU,vru_accident:MANUAL_DATA:VRU_373,visual_4frame_stack,117218
VRU,vru_accident:MANUAL_DATA:VRU_373,fusion_stack,122485
VRU,vru_accident:MANUAL_DATA:VRU_374,raw_video,1458221
VRU,vru_accident:MANUAL_DATA:VRU_374,caption_stack,5115
VRU,vru_accident:MANUAL_DATA:VRU_374,center_frame_stack,28931
VRU,vru_accident:MANUAL_DATA:VRU_374,visual_4frame_stack,122129
VRU,vru_accident:MANUAL_DATA:VRU_374,fusion_stack,127244
VRU,vru_accident:MANUAL_DATA:VRU_375,raw_video,1165228
VRU,vru_accident:MANUAL_DATA:VRU_375,caption_stack,4980
VRU,vru_accident:MANUAL_DATA:VRU_375,center_frame_stack,28851
VRU,vru_accident:MANUAL_DATA:VRU_375,visual_4frame_stack,118999
VRU,vru_accident:MANUAL_DATA:VRU_375,fusion_stack,123979
VRU,vru_accident:MANUAL_DATA:VRU_376,raw_video,1063891
VRU,vru_accident:MANUAL_DATA:VRU_376,caption_stack,5150
VRU,vru_accident:MANUAL_DATA:VRU_376,center_frame_stack,23218
VRU,vru_accident:MANUAL_DATA:VRU_376,visual_4frame_stack,88278
VRU,vru_accident:MANUAL_DATA:VRU_376,fusion_stack,93428
VRU,vru_accident:MANUAL_DATA:VRU_377,raw_video,2608902
VRU,vru_accident:MANUAL_DATA:VRU_377,caption_stack,5217
VRU,vru_accident:MANUAL_DATA:VRU_377,center_frame_stack,33765
VRU,vru_accident:MANUAL_DATA:VRU_377,visual_4frame_stack,144052
VRU,vru_accident:MANUAL_DATA:VRU_377,fusion_stack,149269
VRU,vru_accident:MANUAL_DATA:VRU_378,raw_video,498754
VRU,vru_accident:MANUAL_DATA:VRU_378,caption_stack,5152
VRU,vru_accident:MANUAL_DATA:VRU_378,center_frame_stack,21064
VRU,vru_accident:MANUAL_DATA:VRU_378,visual_4frame_stack,84420
VRU,vru_accident:MANUAL_DATA:VRU_378,fusion_stack,89572
VRU,vru_accident:MANUAL_DATA:VRU_379,raw_video,1594233
VRU,vru_accident:MANUAL_DATA:VRU_379,caption_stack,5253
VRU,vru_accident:MANUAL_DATA:VRU_379,center_frame_stack,35327
VRU,vru_accident:MANUAL_DATA:VRU_379,visual_4frame_stack,137070
VRU,vru_accident:MANUAL_DATA:VRU_379,fusion_stack,142323
VRU,vru_accident:MANUAL_DATA:VRU_38,raw_video,1374623
VRU,vru_accident:MANUAL_DATA:VRU_38,caption_stack,4924
VRU,vru_accident:MANUAL_DATA:VRU_38,center_frame_stack,29842
VRU,vru_accident:MANUAL_DATA:VRU_38,visual_4frame_stack,127123
VRU,vru_accident:MANUAL_DATA:VRU_38,fusion_stack,132047
VRU,vru_accident:MANUAL_DATA:VRU_380,raw_video,945734
VRU,vru_accident:MANUAL_DATA:VRU_380,caption_stack,4897
VRU,vru_accident:MANUAL_DATA:VRU_380,center_frame_stack,32266
VRU,vru_accident:MANUAL_DATA:VRU_380,visual_4frame_stack,127527
VRU,vru_accident:MANUAL_DATA:VRU_380,fusion_stack,132424
VRU,vru_accident:MANUAL_DATA:VRU_381,raw_video,2839985
VRU,vru_accident:MANUAL_DATA:VRU_381,caption_stack,5196
VRU,vru_accident:MANUAL_DATA:VRU_381,center_frame_stack,39677
VRU,vru_accident:MANUAL_DATA:VRU_381,visual_4frame_stack,159577
VRU,vru_accident:MANUAL_DATA:VRU_381,fusion_stack,164773
VRU,vru_accident:MANUAL_DATA:VRU_382,raw_video,1197895
VRU,vru_accident:MANUAL_DATA:VRU_382,caption_stack,5249
VRU,vru_accident:MANUAL_DATA:VRU_382,center_frame_stack,35381
VRU,vru_accident:MANUAL_DATA:VRU_382,visual_4frame_stack,145906
VRU,vru_accident:MANUAL_DATA:VRU_382,fusion_stack,151155
VRU,vru_accident:MANUAL_DATA:VRU_383,raw_video,514612
VRU,vru_accident:MANUAL_DATA:VRU_383,caption_stack,4890
VRU,vru_accident:MANUAL_DATA:VRU_383,center_frame_stack,33105
VRU,vru_accident:MANUAL_DATA:VRU_383,visual_4frame_stack,132508
VRU,vru_accident:MANUAL_DATA:VRU_383,fusion_stack,137398
VRU,vru_accident:MANUAL_DATA:VRU_384,raw_video,866454
VRU,vru_accident:MANUAL_DATA:VRU_384,caption_stack,4859
VRU,vru_accident:MANUAL_DATA:VRU_384,center_frame_stack,22168
VRU,vru_accident:MANUAL_DATA:VRU_384,visual_4frame_stack,94279
VRU,vru_accident:MANUAL_DATA:VRU_384,fusion_stack,99138
VRU,vru_accident:MANUAL_DATA:VRU_385,raw_video,1420646
VRU,vru_accident:MANUAL_DATA:VRU_385,caption_stack,4910
VRU,vru_accident:MANUAL_DATA:VRU_385,center_frame_stack,32258
VRU,vru_accident:MANUAL_DATA:VRU_385,visual_4frame_stack,128299
VRU,vru_accident:MANUAL_DATA:VRU_385,fusion_stack,133209
VRU,vru_accident:MANUAL_DATA:VRU_386,raw_video,1679547
VRU,vru_accident:MANUAL_DATA:VRU_386,caption_stack,4956
VRU,vru_accident:MANUAL_DATA:VRU_386,center_frame_stack,41379
VRU,vru_accident:MANUAL_DATA:VRU_386,visual_4frame_stack,174492
VRU,vru_accident:MANUAL_DATA:VRU_386,fusion_stack,179448
VRU,vru_accident:MANUAL_DATA:VRU_387,raw_video,2664588
VRU,vru_accident:MANUAL_DATA:VRU_387,caption_stack,4900
VRU,vru_accident:MANUAL_DATA:VRU_387,center_frame_stack,42498
VRU,vru_accident:MANUAL_DATA:VRU_387,visual_4frame_stack,166039
VRU,vru_accident:MANUAL_DATA:VRU_387,fusion_stack,170939
VRU,vru_accident:MANUAL_DATA:VRU_388,raw_video,2295527
VRU,vru_accident:MANUAL_DATA:VRU_388,caption_stack,5153
VRU,vru_accident:MANUAL_DATA:VRU_388,center_frame_stack,19907
VRU,vru_accident:MANUAL_DATA:VRU_388,visual_4frame_stack,79664
VRU,vru_accident:MANUAL_DATA:VRU_388,fusion_stack,84817
VRU,vru_accident:MANUAL_DATA:VRU_389,raw_video,2682155
VRU,vru_accident:MANUAL_DATA:VRU_389,caption_stack,5331
VRU,vru_accident:MANUAL_DATA:VRU_389,center_frame_stack,32863
VRU,vru_accident:MANUAL_DATA:VRU_389,visual_4frame_stack,132528
VRU,vru_accident:MANUAL_DATA:VRU_389,fusion_stack,137859
VRU,vru_accident:MANUAL_DATA:VRU_39,raw_video,1829278
VRU,vru_accident:MANUAL_DATA:VRU_39,caption_stack,4975
VRU,vru_accident:MANUAL_DATA:VRU_39,center_frame_stack,36311
VRU,vru_accident:MANUAL_DATA:VRU_39,visual_4frame_stack,151250
VRU,vru_accident:MANUAL_DATA:VRU_39,fusion_stack,156225
VRU,vru_accident:MANUAL_DATA:VRU_390,raw_video,1971717
VRU,vru_accident:MANUAL_DATA:VRU_390,caption_stack,4837
VRU,vru_accident:MANUAL_DATA:VRU_390,center_frame_stack,38933
VRU,vru_accident:MANUAL_DATA:VRU_390,visual_4frame_stack,158855
VRU,vru_accident:MANUAL_DATA:VRU_390,fusion_stack,163692
VRU,vru_accident:MANUAL_DATA:VRU_4,raw_video,2395291
VRU,vru_accident:MANUAL_DATA:VRU_4,caption_stack,4712
VRU,vru_accident:MANUAL_DATA:VRU_4,center_frame_stack,37760
VRU,vru_accident:MANUAL_DATA:VRU_4,visual_4frame_stack,158395
VRU,vru_accident:MANUAL_DATA:VRU_4,fusion_stack,163107
VRU,vru_accident:MANUAL_DATA:VRU_40,raw_video,560764
VRU,vru_accident:MANUAL_DATA:VRU_40,caption_stack,4914
VRU,vru_accident:MANUAL_DATA:VRU_40,center_frame_stack,23345
VRU,vru_accident:MANUAL_DATA:VRU_40,visual_4frame_stack,94682
VRU,vru_accident:MANUAL_DATA:VRU_40,fusion_stack,99596
VRU,vru_accident:MANUAL_DATA:VRU_41,raw_video,2084007
VRU,vru_accident:MANUAL_DATA:VRU_41,caption_stack,5102
VRU,vru_accident:MANUAL_DATA:VRU_41,center_frame_stack,32084
VRU,vru_accident:MANUAL_DATA:VRU_41,visual_4frame_stack,132283
VRU,vru_accident:MANUAL_DATA:VRU_41,fusion_stack,137385
VRU,vru_accident:MANUAL_DATA:VRU_42,raw_video,1648342
VRU,vru_accident:MANUAL_DATA:VRU_42,caption_stack,4959
VRU,vru_accident:MANUAL_DATA:VRU_42,center_frame_stack,45950
VRU,vru_accident:MANUAL_DATA:VRU_42,visual_4frame_stack,181254
VRU,vru_accident:MANUAL_DATA:VRU_42,fusion_stack,186213
VRU,vru_accident:MANUAL_DATA:VRU_43,raw_video,1933113
VRU,vru_accident:MANUAL_DATA:VRU_43,caption_stack,4703
VRU,vru_accident:MANUAL_DATA:VRU_43,center_frame_stack,38859
VRU,vru_accident:MANUAL_DATA:VRU_43,visual_4frame_stack,153102
VRU,vru_accident:MANUAL_DATA:VRU_43,fusion_stack,157805
VRU,vru_accident:MANUAL_DATA:VRU_44,raw_video,1339697
VRU,vru_accident:MANUAL_DATA:VRU_44,caption_stack,5170
VRU,vru_accident:MANUAL_DATA:VRU_44,center_frame_stack,31373
VRU,vru_accident:MANUAL_DATA:VRU_44,visual_4frame_stack,134231
VRU,vru_accident:MANUAL_DATA:VRU_44,fusion_stack,139401
VRU,vru_accident:MANUAL_DATA:VRU_45,raw_video,654101
VRU,vru_accident:MANUAL_DATA:VRU_45,caption_stack,4665
VRU,vru_accident:MANUAL_DATA:VRU_45,center_frame_stack,21694
VRU,vru_accident:MANUAL_DATA:VRU_45,visual_4frame_stack,88664
VRU,vru_accident:MANUAL_DATA:VRU_45,fusion_stack,93329
VRU,vru_accident:MANUAL_DATA:VRU_46,raw_video,2573632
VRU,vru_accident:MANUAL_DATA:VRU_46,caption_stack,4826
VRU,vru_accident:MANUAL_DATA:VRU_46,center_frame_stack,40967
VRU,vru_accident:MANUAL_DATA:VRU_46,visual_4frame_stack,174437
VRU,vru_accident:MANUAL_DATA:VRU_46,fusion_stack,179263
VRU,vru_accident:MANUAL_DATA:VRU_47,raw_video,3220405
VRU,vru_accident:MANUAL_DATA:VRU_47,caption_stack,4914
VRU,vru_accident:MANUAL_DATA:VRU_47,center_frame_stack,36787
VRU,vru_accident:MANUAL_DATA:VRU_47,visual_4frame_stack,154865
VRU,vru_accident:MANUAL_DATA:VRU_47,fusion_stack,159779
VRU,vru_accident:MANUAL_DATA:VRU_48,raw_video,3489074
VRU,vru_accident:MANUAL_DATA:VRU_48,caption_stack,4900
VRU,vru_accident:MANUAL_DATA:VRU_48,center_frame_stack,48280
VRU,vru_accident:MANUAL_DATA:VRU_48,visual_4frame_stack,195106
VRU,vru_accident:MANUAL_DATA:VRU_48,fusion_stack,200006
VRU,vru_accident:MANUAL_DATA:VRU_49,raw_video,1218131
VRU,vru_accident:MANUAL_DATA:VRU_49,caption_stack,5032
VRU,vru_accident:MANUAL_DATA:VRU_49,center_frame_stack,33675
VRU,vru_accident:MANUAL_DATA:VRU_49,visual_4frame_stack,133148
VRU,vru_accident:MANUAL_DATA:VRU_49,fusion_stack,138180
VRU,vru_accident:MANUAL_DATA:VRU_5,raw_video,2696940
VRU,vru_accident:MANUAL_DATA:VRU_5,caption_stack,5224
VRU,vru_accident:MANUAL_DATA:VRU_5,center_frame_stack,36998
VRU,vru_accident:MANUAL_DATA:VRU_5,visual_4frame_stack,156230
VRU,vru_accident:MANUAL_DATA:VRU_5,fusion_stack,161454
VRU,vru_accident:MANUAL_DATA:VRU_50,raw_video,1693695
VRU,vru_accident:MANUAL_DATA:VRU_50,caption_stack,5147
VRU,vru_accident:MANUAL_DATA:VRU_50,center_frame_stack,31355
VRU,vru_accident:MANUAL_DATA:VRU_50,visual_4frame_stack,140662
VRU,vru_accident:MANUAL_DATA:VRU_50,fusion_stack,145809
VRU,vru_accident:MANUAL_DATA:VRU_51,raw_video,498951
VRU,vru_accident:MANUAL_DATA:VRU_51,caption_stack,4838
VRU,vru_accident:MANUAL_DATA:VRU_51,center_frame_stack,23700
VRU,vru_accident:MANUAL_DATA:VRU_51,visual_4frame_stack,97526
VRU,vru_accident:MANUAL_DATA:VRU_51,fusion_stack,102364
VRU,vru_accident:MANUAL_DATA:VRU_52,raw_video,1287029
VRU,vru_accident:MANUAL_DATA:VRU_52,caption_stack,4976
VRU,vru_accident:MANUAL_DATA:VRU_52,center_frame_stack,32018
VRU,vru_accident:MANUAL_DATA:VRU_52,visual_4frame_stack,132323
VRU,vru_accident:MANUAL_DATA:VRU_52,fusion_stack,137299
VRU,vru_accident:MANUAL_DATA:VRU_53,raw_video,1389415
VRU,vru_accident:MANUAL_DATA:VRU_53,caption_stack,4955
VRU,vru_accident:MANUAL_DATA:VRU_53,center_frame_stack,27761
VRU,vru_accident:MANUAL_DATA:VRU_53,visual_4frame_stack,111821
VRU,vru_accident:MANUAL_DATA:VRU_53,fusion_stack,116776
VRU,vru_accident:MANUAL_DATA:VRU_54,raw_video,1036201
VRU,vru_accident:MANUAL_DATA:VRU_54,caption_stack,5021
VRU,vru_accident:MANUAL_DATA:VRU_54,center_frame_stack,25111
VRU,vru_accident:MANUAL_DATA:VRU_54,visual_4frame_stack,101600
VRU,vru_accident:MANUAL_DATA:VRU_54,fusion_stack,106621
VRU,vru_accident:MANUAL_DATA:VRU_55,raw_video,2036147
VRU,vru_accident:MANUAL_DATA:VRU_55,caption_stack,4978
VRU,vru_accident:MANUAL_DATA:VRU_55,center_frame_stack,29525
VRU,vru_accident:MANUAL_DATA:VRU_55,visual_4frame_stack,104571
VRU,vru_accident:MANUAL_DATA:VRU_55,fusion_stack,109549
VRU,vru_accident:MANUAL_DATA:VRU_56,raw_video,2002232
VRU,vru_accident:MANUAL_DATA:VRU_56,caption_stack,4767
VRU,vru_accident:MANUAL_DATA:VRU_56,center_frame_stack,33294
VRU,vru_accident:MANUAL_DATA:VRU_56,visual_4frame_stack,138123
VRU,vru_accident:MANUAL_DATA:VRU_56,fusion_stack,142890
VRU,vru_accident:MANUAL_DATA:VRU_57,raw_video,2098732
VRU,vru_accident:MANUAL_DATA:VRU_57,caption_stack,4878
VRU,vru_accident:MANUAL_DATA:VRU_57,center_frame_stack,34948
VRU,vru_accident:MANUAL_DATA:VRU_57,visual_4frame_stack,133833
VRU,vru_accident:MANUAL_DATA:VRU_57,fusion_stack,138711
VRU,vru_accident:MANUAL_DATA:VRU_58,raw_video,2986862
VRU,vru_accident:MANUAL_DATA:VRU_58,caption_stack,4918
VRU,vru_accident:MANUAL_DATA:VRU_58,center_frame_stack,42287
VRU,vru_accident:MANUAL_DATA:VRU_58,visual_4frame_stack,176409
VRU,vru_accident:MANUAL_DATA:VRU_58,fusion_stack,181327
VRU,vru_accident:MANUAL_DATA:VRU_59,raw_video,4437370
VRU,vru_accident:MANUAL_DATA:VRU_59,caption_stack,4930
VRU,vru_accident:MANUAL_DATA:VRU_59,center_frame_stack,49031
VRU,vru_accident:MANUAL_DATA:VRU_59,visual_4frame_stack,210457
VRU,vru_accident:MANUAL_DATA:VRU_59,fusion_stack,215387
VRU,vru_accident:MANUAL_DATA:VRU_6,raw_video,1618872
VRU,vru_accident:MANUAL_DATA:VRU_6,caption_stack,4992
VRU,vru_accident:MANUAL_DATA:VRU_6,center_frame_stack,36005
VRU,vru_accident:MANUAL_DATA:VRU_6,visual_4frame_stack,154589
VRU,vru_accident:MANUAL_DATA:VRU_6,fusion_stack,159581
VRU,vru_accident:MANUAL_DATA:VRU_60,raw_video,686828
VRU,vru_accident:MANUAL_DATA:VRU_60,caption_stack,5086
VRU,vru_accident:MANUAL_DATA:VRU_60,center_frame_stack,32070
VRU,vru_accident:MANUAL_DATA:VRU_60,visual_4frame_stack,126339
VRU,vru_accident:MANUAL_DATA:VRU_60,fusion_stack,131425
VRU,vru_accident:MANUAL_DATA:VRU_61,raw_video,754526
VRU,vru_accident:MANUAL_DATA:VRU_61,caption_stack,4706
VRU,vru_accident:MANUAL_DATA:VRU_61,center_frame_stack,33167
VRU,vru_accident:MANUAL_DATA:VRU_61,visual_4frame_stack,132132
VRU,vru_accident:MANUAL_DATA:VRU_61,fusion_stack,136838
VRU,vru_accident:MANUAL_DATA:VRU_62,raw_video,610987
VRU,vru_accident:MANUAL_DATA:VRU_62,caption_stack,5060
VRU,vru_accident:MANUAL_DATA:VRU_62,center_frame_stack,25974
VRU,vru_accident:MANUAL_DATA:VRU_62,visual_4frame_stack,104475
VRU,vru_accident:MANUAL_DATA:VRU_62,fusion_stack,109535
VRU,vru_accident:MANUAL_DATA:VRU_63,raw_video,1133058
VRU,vru_accident:MANUAL_DATA:VRU_63,caption_stack,5140
VRU,vru_accident:MANUAL_DATA:VRU_63,center_frame_stack,39105
VRU,vru_accident:MANUAL_DATA:VRU_63,visual_4frame_stack,157093
VRU,vru_accident:MANUAL_DATA:VRU_63,fusion_stack,162233
VRU,vru_accident:MANUAL_DATA:VRU_64,raw_video,1319443
VRU,vru_accident:MANUAL_DATA:VRU_64,caption_stack,5063
VRU,vru_accident:MANUAL_DATA:VRU_64,center_frame_stack,32795
VRU,vru_accident:MANUAL_DATA:VRU_64,visual_4frame_stack,141261
VRU,vru_accident:MANUAL_DATA:VRU_64,fusion_stack,146324
VRU,vru_accident:MANUAL_DATA:VRU_65,raw_video,2240782
VRU,vru_accident:MANUAL_DATA:VRU_65,caption_stack,5042
VRU,vru_accident:MANUAL_DATA:VRU_65,center_frame_stack,47051
VRU,vru_accident:MANUAL_DATA:VRU_65,visual_4frame_stack,166563
VRU,vru_accident:MANUAL_DATA:VRU_65,fusion_stack,171605
VRU,vru_accident:MANUAL_DATA:VRU_66,raw_video,403089
VRU,vru_accident:MANUAL_DATA:VRU_66,caption_stack,5160
VRU,vru_accident:MANUAL_DATA:VRU_66,center_frame_stack,22689
VRU,vru_accident:MANUAL_DATA:VRU_66,visual_4frame_stack,93514
VRU,vru_accident:MANUAL_DATA:VRU_66,fusion_stack,98674
VRU,vru_accident:MANUAL_DATA:VRU_67,raw_video,1467508
VRU,vru_accident:MANUAL_DATA:VRU_67,caption_stack,4810
VRU,vru_accident:MANUAL_DATA:VRU_67,center_frame_stack,26867
VRU,vru_accident:MANUAL_DATA:VRU_67,visual_4frame_stack,108747
VRU,vru_accident:MANUAL_DATA:VRU_67,fusion_stack,113557
VRU,vru_accident:MANUAL_DATA:VRU_68,raw_video,4136064
VRU,vru_accident:MANUAL_DATA:VRU_68,caption_stack,4877
VRU,vru_accident:MANUAL_DATA:VRU_68,center_frame_stack,44364
VRU,vru_accident:MANUAL_DATA:VRU_68,visual_4frame_stack,182208
VRU,vru_accident:MANUAL_DATA:VRU_68,fusion_stack,187085
VRU,vru_accident:MANUAL_DATA:VRU_69,raw_video,1815173
VRU,vru_accident:MANUAL_DATA:VRU_69,caption_stack,4886
VRU,vru_accident:MANUAL_DATA:VRU_69,center_frame_stack,30838
VRU,vru_accident:MANUAL_DATA:VRU_69,visual_4frame_stack,130089
VRU,vru_accident:MANUAL_DATA:VRU_69,fusion_stack,134975
VRU,vru_accident:MANUAL_DATA:VRU_7,raw_video,1647839
VRU,vru_accident:MANUAL_DATA:VRU_7,caption_stack,4901
VRU,vru_accident:MANUAL_DATA:VRU_7,center_frame_stack,35181
VRU,vru_accident:MANUAL_DATA:VRU_7,visual_4frame_stack,147300
VRU,vru_accident:MANUAL_DATA:VRU_7,fusion_stack,152201
VRU,vru_accident:MANUAL_DATA:VRU_70,raw_video,1315199
VRU,vru_accident:MANUAL_DATA:VRU_70,caption_stack,5077
VRU,vru_accident:MANUAL_DATA:VRU_70,center_frame_stack,37878
VRU,vru_accident:MANUAL_DATA:VRU_70,visual_4frame_stack,150725
VRU,vru_accident:MANUAL_DATA:VRU_70,fusion_stack,155802
VRU,vru_accident:MANUAL_DATA:VRU_71,raw_video,712425
VRU,vru_accident:MANUAL_DATA:VRU_71,caption_stack,5116
VRU,vru_accident:MANUAL_DATA:VRU_71,center_frame_stack,27524
VRU,vru_accident:MANUAL_DATA:VRU_71,visual_4frame_stack,108393
VRU,vru_accident:MANUAL_DATA:VRU_71,fusion_stack,113509
VRU,vru_accident:MANUAL_DATA:VRU_72,raw_video,1525581
VRU,vru_accident:MANUAL_DATA:VRU_72,caption_stack,4941
VRU,vru_accident:MANUAL_DATA:VRU_72,center_frame_stack,30060
VRU,vru_accident:MANUAL_DATA:VRU_72,visual_4frame_stack,123625
VRU,vru_accident:MANUAL_DATA:VRU_72,fusion_stack,128566
VRU,vru_accident:MANUAL_DATA:VRU_73,raw_video,5066588
VRU,vru_accident:MANUAL_DATA:VRU_73,caption_stack,4775
VRU,vru_accident:MANUAL_DATA:VRU_73,center_frame_stack,45057
VRU,vru_accident:MANUAL_DATA:VRU_73,visual_4frame_stack,176045
VRU,vru_accident:MANUAL_DATA:VRU_73,fusion_stack,180820
VRU,vru_accident:MANUAL_DATA:VRU_74,raw_video,4033964
VRU,vru_accident:MANUAL_DATA:VRU_74,caption_stack,4720
VRU,vru_accident:MANUAL_DATA:VRU_74,center_frame_stack,32644
VRU,vru_accident:MANUAL_DATA:VRU_74,visual_4frame_stack,152003
VRU,vru_accident:MANUAL_DATA:VRU_74,fusion_stack,156723
VRU,vru_accident:MANUAL_DATA:VRU_75,raw_video,1207602
VRU,vru_accident:MANUAL_DATA:VRU_75,caption_stack,4743
VRU,vru_accident:MANUAL_DATA:VRU_75,center_frame_stack,40529
VRU,vru_accident:MANUAL_DATA:VRU_75,visual_4frame_stack,156535
VRU,vru_accident:MANUAL_DATA:VRU_75,fusion_stack,161278
VRU,vru_accident:MANUAL_DATA:VRU_76,raw_video,2539988
VRU,vru_accident:MANUAL_DATA:VRU_76,caption_stack,4887
VRU,vru_accident:MANUAL_DATA:VRU_76,center_frame_stack,33014
VRU,vru_accident:MANUAL_DATA:VRU_76,visual_4frame_stack,131833
VRU,vru_accident:MANUAL_DATA:VRU_76,fusion_stack,136720
VRU,vru_accident:MANUAL_DATA:VRU_77,raw_video,1414077
VRU,vru_accident:MANUAL_DATA:VRU_77,caption_stack,4866
VRU,vru_accident:MANUAL_DATA:VRU_77,center_frame_stack,38400
VRU,vru_accident:MANUAL_DATA:VRU_77,visual_4frame_stack,155037
VRU,vru_accident:MANUAL_DATA:VRU_77,fusion_stack,159903
VRU,vru_accident:MANUAL_DATA:VRU_78,raw_video,2452062
VRU,vru_accident:MANUAL_DATA:VRU_78,caption_stack,4886
VRU,vru_accident:MANUAL_DATA:VRU_78,center_frame_stack,42810
VRU,vru_accident:MANUAL_DATA:VRU_78,visual_4frame_stack,172454
VRU,vru_accident:MANUAL_DATA:VRU_78,fusion_stack,177340
VRU,vru_accident:MANUAL_DATA:VRU_79,raw_video,5300666
VRU,vru_accident:MANUAL_DATA:VRU_79,caption_stack,4882
VRU,vru_accident:MANUAL_DATA:VRU_79,center_frame_stack,45251
VRU,vru_accident:MANUAL_DATA:VRU_79,visual_4frame_stack,189387
VRU,vru_accident:MANUAL_DATA:VRU_79,fusion_stack,194269
VRU,vru_accident:MANUAL_DATA:VRU_8,raw_video,1674471
VRU,vru_accident:MANUAL_DATA:VRU_8,caption_stack,4939
VRU,vru_accident:MANUAL_DATA:VRU_8,center_frame_stack,31102
VRU,vru_accident:MANUAL_DATA:VRU_8,visual_4frame_stack,127945
VRU,vru_accident:MANUAL_DATA:VRU_8,fusion_stack,132884
VRU,vru_accident:MANUAL_DATA:VRU_80,raw_video,2272551
VRU,vru_accident:MANUAL_DATA:VRU_80,caption_stack,4842
VRU,vru_accident:MANUAL_DATA:VRU_80,center_frame_stack,37768
VRU,vru_accident:MANUAL_DATA:VRU_80,visual_4frame_stack,156948
VRU,vru_accident:MANUAL_DATA:VRU_80,fusion_stack,161790
VRU,vru_accident:MANUAL_DATA:VRU_81,raw_video,2308315
VRU,vru_accident:MANUAL_DATA:VRU_81,caption_stack,4943
VRU,vru_accident:MANUAL_DATA:VRU_81,center_frame_stack,30507
VRU,vru_accident:MANUAL_DATA:VRU_81,visual_4frame_stack,130631
VRU,vru_accident:MANUAL_DATA:VRU_81,fusion_stack,135574
VRU,vru_accident:MANUAL_DATA:VRU_82,raw_video,1284713
VRU,vru_accident:MANUAL_DATA:VRU_82,caption_stack,5026
VRU,vru_accident:MANUAL_DATA:VRU_82,center_frame_stack,48254
VRU,vru_accident:MANUAL_DATA:VRU_82,visual_4frame_stack,188758
VRU,vru_accident:MANUAL_DATA:VRU_82,fusion_stack,193784
VRU,vru_accident:MANUAL_DATA:VRU_83,raw_video,1125489
VRU,vru_accident:MANUAL_DATA:VRU_83,caption_stack,4706
VRU,vru_accident:MANUAL_DATA:VRU_83,center_frame_stack,30326
VRU,vru_accident:MANUAL_DATA:VRU_83,visual_4frame_stack,121461
VRU,vru_accident:MANUAL_DATA:VRU_83,fusion_stack,126167
VRU,vru_accident:MANUAL_DATA:VRU_84,raw_video,3025694
VRU,vru_accident:MANUAL_DATA:VRU_84,caption_stack,4901
VRU,vru_accident:MANUAL_DATA:VRU_84,center_frame_stack,67083
VRU,vru_accident:MANUAL_DATA:VRU_84,visual_4frame_stack,270446
VRU,vru_accident:MANUAL_DATA:VRU_84,fusion_stack,275347
VRU,vru_accident:MANUAL_DATA:VRU_85,raw_video,4946455
VRU,vru_accident:MANUAL_DATA:VRU_85,caption_stack,4860
VRU,vru_accident:MANUAL_DATA:VRU_85,center_frame_stack,17614
VRU,vru_accident:MANUAL_DATA:VRU_85,visual_4frame_stack,86026
VRU,vru_accident:MANUAL_DATA:VRU_85,fusion_stack,90886
VRU,vru_accident:MANUAL_DATA:VRU_86,raw_video,2215954
VRU,vru_accident:MANUAL_DATA:VRU_86,caption_stack,4633
VRU,vru_accident:MANUAL_DATA:VRU_86,center_frame_stack,34807
VRU,vru_accident:MANUAL_DATA:VRU_86,visual_4frame_stack,141712
VRU,vru_accident:MANUAL_DATA:VRU_86,fusion_stack,146345
VRU,vru_accident:MANUAL_DATA:VRU_87,raw_video,651047
VRU,vru_accident:MANUAL_DATA:VRU_87,caption_stack,4741
VRU,vru_accident:MANUAL_DATA:VRU_87,center_frame_stack,23211
VRU,vru_accident:MANUAL_DATA:VRU_87,visual_4frame_stack,90840
VRU,vru_accident:MANUAL_DATA:VRU_87,fusion_stack,95581
VRU,vru_accident:MANUAL_DATA:VRU_88,raw_video,1884846
VRU,vru_accident:MANUAL_DATA:VRU_88,caption_stack,4913
VRU,vru_accident:MANUAL_DATA:VRU_88,center_frame_stack,28454
VRU,vru_accident:MANUAL_DATA:VRU_88,visual_4frame_stack,126391
VRU,vru_accident:MANUAL_DATA:VRU_88,fusion_stack,131304
VRU,vru_accident:MANUAL_DATA:VRU_89,raw_video,1446285
VRU,vru_accident:MANUAL_DATA:VRU_89,caption_stack,4938
VRU,vru_accident:MANUAL_DATA:VRU_89,center_frame_stack,26894
VRU,vru_accident:MANUAL_DATA:VRU_89,visual_4frame_stack,104879
VRU,vru_accident:MANUAL_DATA:VRU_89,fusion_stack,109817
VRU,vru_accident:MANUAL_DATA:VRU_9,raw_video,887099
VRU,vru_accident:MANUAL_DATA:VRU_9,caption_stack,5082
VRU,vru_accident:MANUAL_DATA:VRU_9,center_frame_stack,28009
VRU,vru_accident:MANUAL_DATA:VRU_9,visual_4frame_stack,119340
VRU,vru_accident:MANUAL_DATA:VRU_9,fusion_stack,124422
VRU,vru_accident:MANUAL_DATA:VRU_90,raw_video,1399076
VRU,vru_accident:MANUAL_DATA:VRU_90,caption_stack,4727
VRU,vru_accident:MANUAL_DATA:VRU_90,center_frame_stack,27057
VRU,vru_accident:MANUAL_DATA:VRU_90,visual_4frame_stack,110534
VRU,vru_accident:MANUAL_DATA:VRU_90,fusion_stack,115261
VRU,vru_accident:MANUAL_DATA:VRU_91,raw_video,2161506
VRU,vru_accident:MANUAL_DATA:VRU_91,caption_stack,4781
VRU,vru_accident:MANUAL_DATA:VRU_91,center_frame_stack,28090
VRU,vru_accident:MANUAL_DATA:VRU_91,visual_4frame_stack,119156
VRU,vru_accident:MANUAL_DATA:VRU_91,fusion_stack,123937
VRU,vru_accident:MANUAL_DATA:VRU_92,raw_video,2094080
VRU,vru_accident:MANUAL_DATA:VRU_92,caption_stack,4748
VRU,vru_accident:MANUAL_DATA:VRU_92,center_frame_stack,23602
VRU,vru_accident:MANUAL_DATA:VRU_92,visual_4frame_stack,98124
VRU,vru_accident:MANUAL_DATA:VRU_92,fusion_stack,102872
VRU,vru_accident:MANUAL_DATA:VRU_93,raw_video,2537534
VRU,vru_accident:MANUAL_DATA:VRU_93,caption_stack,5020
VRU,vru_accident:MANUAL_DATA:VRU_93,center_frame_stack,31321
VRU,vru_accident:MANUAL_DATA:VRU_93,visual_4frame_stack,117922
VRU,vru_accident:MANUAL_DATA:VRU_93,fusion_stack,122942
VRU,vru_accident:MANUAL_DATA:VRU_94,raw_video,3214640
VRU,vru_accident:MANUAL_DATA:VRU_94,caption_stack,4828
VRU,vru_accident:MANUAL_DATA:VRU_94,center_frame_stack,44462
VRU,vru_accident:MANUAL_DATA:VRU_94,visual_4frame_stack,171571
VRU,vru_accident:MANUAL_DATA:VRU_94,fusion_stack,176399
VRU,vru_accident:MANUAL_DATA:VRU_95,raw_video,1111247
VRU,vru_accident:MANUAL_DATA:VRU_95,caption_stack,4796
VRU,vru_accident:MANUAL_DATA:VRU_95,center_frame_stack,25466
VRU,vru_accident:MANUAL_DATA:VRU_95,visual_4frame_stack,94098
VRU,vru_accident:MANUAL_DATA:VRU_95,fusion_stack,98894
VRU,vru_accident:MANUAL_DATA:VRU_96,raw_video,2645008
VRU,vru_accident:MANUAL_DATA:VRU_96,caption_stack,4870
VRU,vru_accident:MANUAL_DATA:VRU_96,center_frame_stack,32628
VRU,vru_accident:MANUAL_DATA:VRU_96,visual_4frame_stack,119482
VRU,vru_accident:MANUAL_DATA:VRU_96,fusion_stack,124352
VRU,vru_accident:MANUAL_DATA:VRU_97,raw_video,3022190
VRU,vru_accident:MANUAL_DATA:VRU_97,caption_stack,4917
VRU,vru_accident:MANUAL_DATA:VRU_97,center_frame_stack,50484
VRU,vru_accident:MANUAL_DATA:VRU_97,visual_4frame_stack,198035
VRU,vru_accident:MANUAL_DATA:VRU_97,fusion_stack,202952
VRU,vru_accident:MANUAL_DATA:VRU_98,raw_video,594948
VRU,vru_accident:MANUAL_DATA:VRU_98,caption_stack,4788
VRU,vru_accident:MANUAL_DATA:VRU_98,center_frame_stack,20881
VRU,vru_accident:MANUAL_DATA:VRU_98,visual_4frame_stack,81878
VRU,vru_accident:MANUAL_DATA:VRU_98,fusion_stack,86666
VRU,vru_accident:MANUAL_DATA:VRU_99,raw_video,2529479
VRU,vru_accident:MANUAL_DATA:VRU_99,caption_stack,4900
VRU,vru_accident:MANUAL_DATA:VRU_99,center_frame_stack,29861
VRU,vru_accident:MANUAL_DATA:VRU_99,visual_4frame_stack,127526
VRU,vru_accident:MANUAL_DATA:VRU_99,fusion_stack,132426
AIHUB,aihub_cctv:train:crowd:E04_001,raw_video,107084147
AIHUB,aihub_cctv:train:crowd:E04_001,caption_stack,4222
AIHUB,aihub_cctv:train:crowd:E04_001,center_frame_stack,46871
AIHUB,aihub_cctv:train:crowd:E04_001,visual_4frame_stack,189293
AIHUB,aihub_cctv:train:crowd:E04_001,fusion_stack,193515
AIHUB,aihub_cctv:train:crowd:E04_002,raw_video,68781469
AIHUB,aihub_cctv:train:crowd:E04_002,caption_stack,4261
AIHUB,aihub_cctv:train:crowd:E04_002,center_frame_stack,44790
AIHUB,aihub_cctv:train:crowd:E04_002,visual_4frame_stack,179241
AIHUB,aihub_cctv:train:crowd:E04_002,fusion_stack,183502
AIHUB,aihub_cctv:train:crowd:E04_003,raw_video,47773113
AIHUB,aihub_cctv:train:crowd:E04_003,caption_stack,4206
AIHUB,aihub_cctv:train:crowd:E04_003,center_frame_stack,47807
AIHUB,aihub_cctv:train:crowd:E04_003,visual_4frame_stack,191945
AIHUB,aihub_cctv:train:crowd:E04_003,fusion_stack,196151
AIHUB,aihub_cctv:train:crowd:E04_004,raw_video,39551272
AIHUB,aihub_cctv:train:crowd:E04_004,caption_stack,4250
AIHUB,aihub_cctv:train:crowd:E04_004,center_frame_stack,34346
AIHUB,aihub_cctv:train:crowd:E04_004,visual_4frame_stack,137732
AIHUB,aihub_cctv:train:crowd:E04_004,fusion_stack,141982
AIHUB,aihub_cctv:train:crowd:E04_005,raw_video,33239422
AIHUB,aihub_cctv:train:crowd:E04_005,caption_stack,4239
AIHUB,aihub_cctv:train:crowd:E04_005,center_frame_stack,46288
AIHUB,aihub_cctv:train:crowd:E04_005,visual_4frame_stack,143742
AIHUB,aihub_cctv:train:crowd:E04_005,fusion_stack,147981
AIHUB,aihub_cctv:train:crowd:E04_006,raw_video,97387405
AIHUB,aihub_cctv:train:crowd:E04_006,caption_stack,4261
AIHUB,aihub_cctv:train:crowd:E04_006,center_frame_stack,61960
AIHUB,aihub_cctv:train:crowd:E04_006,visual_4frame_stack,242475
AIHUB,aihub_cctv:train:crowd:E04_006,fusion_stack,246736
AIHUB,aihub_cctv:train:crowd:E04_007,raw_video,47693904
AIHUB,aihub_cctv:train:crowd:E04_007,caption_stack,4207
AIHUB,aihub_cctv:train:crowd:E04_007,center_frame_stack,43698
AIHUB,aihub_cctv:train:crowd:E04_007,visual_4frame_stack,172376
AIHUB,aihub_cctv:train:crowd:E04_007,fusion_stack,176583
AIHUB,aihub_cctv:train:crowd:E04_008,raw_video,111810596
AIHUB,aihub_cctv:train:crowd:E04_008,caption_stack,4206
AIHUB,aihub_cctv:train:crowd:E04_008,center_frame_stack,56823
AIHUB,aihub_cctv:train:crowd:E04_008,visual_4frame_stack,229480
AIHUB,aihub_cctv:train:crowd:E04_008,fusion_stack,233686
AIHUB,aihub_cctv:train:crowd:E04_009,raw_video,44301636
AIHUB,aihub_cctv:train:crowd:E04_009,caption_stack,4212
AIHUB,aihub_cctv:train:crowd:E04_009,center_frame_stack,31426
AIHUB,aihub_cctv:train:crowd:E04_009,visual_4frame_stack,125137
AIHUB,aihub_cctv:train:crowd:E04_009,fusion_stack,129349
AIHUB,aihub_cctv:train:crowd:E04_010,raw_video,77743821
AIHUB,aihub_cctv:train:crowd:E04_010,caption_stack,4218
AIHUB,aihub_cctv:train:crowd:E04_010,center_frame_stack,54623
AIHUB,aihub_cctv:train:crowd:E04_010,visual_4frame_stack,220920
AIHUB,aihub_cctv:train:crowd:E04_010,fusion_stack,225138
AIHUB,aihub_cctv:train:crowd:E04_011,raw_video,47663148
AIHUB,aihub_cctv:train:crowd:E04_011,caption_stack,4221
AIHUB,aihub_cctv:train:crowd:E04_011,center_frame_stack,46677
AIHUB,aihub_cctv:train:crowd:E04_011,visual_4frame_stack,187017
AIHUB,aihub_cctv:train:crowd:E04_011,fusion_stack,191238
AIHUB,aihub_cctv:train:crowd:E04_012,raw_video,64995623
AIHUB,aihub_cctv:train:crowd:E04_012,caption_stack,4214
AIHUB,aihub_cctv:train:crowd:E04_012,center_frame_stack,60946
AIHUB,aihub_cctv:train:crowd:E04_012,visual_4frame_stack,243015
AIHUB,aihub_cctv:train:crowd:E04_012,fusion_stack,247229
AIHUB,aihub_cctv:train:crowd:E04_013,raw_video,54847535
AIHUB,aihub_cctv:train:crowd:E04_013,caption_stack,4193
AIHUB,aihub_cctv:train:crowd:E04_013,center_frame_stack,47061
AIHUB,aihub_cctv:train:crowd:E04_013,visual_4frame_stack,186379
AIHUB,aihub_cctv:train:crowd:E04_013,fusion_stack,190572
AIHUB,aihub_cctv:train:crowd:E04_014,raw_video,54403679
AIHUB,aihub_cctv:train:crowd:E04_014,caption_stack,4196
AIHUB,aihub_cctv:train:crowd:E04_014,center_frame_stack,47614
AIHUB,aihub_cctv:train:crowd:E04_014,visual_4frame_stack,188680
AIHUB,aihub_cctv:train:crowd:E04_014,fusion_stack,192876
AIHUB,aihub_cctv:train:crowd:E04_015,raw_video,62073069
AIHUB,aihub_cctv:train:crowd:E04_015,caption_stack,4200
AIHUB,aihub_cctv:train:crowd:E04_015,center_frame_stack,46722
AIHUB,aihub_cctv:train:crowd:E04_015,visual_4frame_stack,188684
AIHUB,aihub_cctv:train:crowd:E04_015,fusion_stack,192884
AIHUB,aihub_cctv:train:crowd:E04_016,raw_video,85148594
AIHUB,aihub_cctv:train:crowd:E04_016,caption_stack,4239
AIHUB,aihub_cctv:train:crowd:E04_016,center_frame_stack,45130
AIHUB,aihub_cctv:train:crowd:E04_016,visual_4frame_stack,182685
AIHUB,aihub_cctv:train:crowd:E04_016,fusion_stack,186924
AIHUB,aihub_cctv:train:crowd:E04_017,raw_video,76203616
AIHUB,aihub_cctv:train:crowd:E04_017,caption_stack,4195
AIHUB,aihub_cctv:train:crowd:E04_017,center_frame_stack,51292
AIHUB,aihub_cctv:train:crowd:E04_017,visual_4frame_stack,203860
AIHUB,aihub_cctv:train:crowd:E04_017,fusion_stack,208055
AIHUB,aihub_cctv:train:crowd:E04_018,raw_video,111914511
AIHUB,aihub_cctv:train:crowd:E04_018,caption_stack,4241
AIHUB,aihub_cctv:train:crowd:E04_018,center_frame_stack,57198
AIHUB,aihub_cctv:train:crowd:E04_018,visual_4frame_stack,225612
AIHUB,aihub_cctv:train:crowd:E04_018,fusion_stack,229853
AIHUB,aihub_cctv:train:crowd:E04_019,raw_video,46081955
AIHUB,aihub_cctv:train:crowd:E04_019,caption_stack,4190
AIHUB,aihub_cctv:train:crowd:E04_019,center_frame_stack,49648
AIHUB,aihub_cctv:train:crowd:E04_019,visual_4frame_stack,197888
AIHUB,aihub_cctv:train:crowd:E04_019,fusion_stack,202078
AIHUB,aihub_cctv:train:crowd:E04_020,raw_video,135212463
AIHUB,aihub_cctv:train:crowd:E04_020,caption_stack,4233
AIHUB,aihub_cctv:train:crowd:E04_020,center_frame_stack,60568
AIHUB,aihub_cctv:train:crowd:E04_020,visual_4frame_stack,238976
AIHUB,aihub_cctv:train:crowd:E04_020,fusion_stack,243209
AIHUB,aihub_cctv:train:crowd:E04_021,raw_video,126222267
AIHUB,aihub_cctv:train:crowd:E04_021,caption_stack,4319
AIHUB,aihub_cctv:train:crowd:E04_021,center_frame_stack,69264
AIHUB,aihub_cctv:train:crowd:E04_021,visual_4frame_stack,276017
AIHUB,aihub_cctv:train:crowd:E04_021,fusion_stack,280336
AIHUB,aihub_cctv:train:crowd:E04_022,raw_video,37167232
AIHUB,aihub_cctv:train:crowd:E04_022,caption_stack,4198
AIHUB,aihub_cctv:train:crowd:E04_022,center_frame_stack,53625
AIHUB,aihub_cctv:train:crowd:E04_022,visual_4frame_stack,165514
AIHUB,aihub_cctv:train:crowd:E04_022,fusion_stack,169712
AIHUB,aihub_cctv:train:crowd:E04_023,raw_video,57295172
AIHUB,aihub_cctv:train:crowd:E04_023,caption_stack,4260
AIHUB,aihub_cctv:train:crowd:E04_023,center_frame_stack,60294
AIHUB,aihub_cctv:train:crowd:E04_023,visual_4frame_stack,239906
AIHUB,aihub_cctv:train:crowd:E04_023,fusion_stack,244166
AIHUB,aihub_cctv:train:crowd:E04_024,raw_video,68966111
AIHUB,aihub_cctv:train:crowd:E04_024,caption_stack,4192
AIHUB,aihub_cctv:train:crowd:E04_024,center_frame_stack,40050
AIHUB,aihub_cctv:train:crowd:E04_024,visual_4frame_stack,159743
AIHUB,aihub_cctv:train:crowd:E04_024,fusion_stack,163935
AIHUB,aihub_cctv:train:crowd:E04_025,raw_video,38567205
AIHUB,aihub_cctv:train:crowd:E04_025,caption_stack,4237
AIHUB,aihub_cctv:train:crowd:E04_025,center_frame_stack,43310
AIHUB,aihub_cctv:train:crowd:E04_025,visual_4frame_stack,173587
AIHUB,aihub_cctv:train:crowd:E04_025,fusion_stack,177824
AIHUB,aihub_cctv:train:crowd:E04_026,raw_video,58410367
AIHUB,aihub_cctv:train:crowd:E04_026,caption_stack,4221
AIHUB,aihub_cctv:train:crowd:E04_026,center_frame_stack,53157
AIHUB,aihub_cctv:train:crowd:E04_026,visual_4frame_stack,215820
AIHUB,aihub_cctv:train:crowd:E04_026,fusion_stack,220041
AIHUB,aihub_cctv:train:crowd:E04_027,raw_video,25230801
AIHUB,aihub_cctv:train:crowd:E04_027,caption_stack,4203
AIHUB,aihub_cctv:train:crowd:E04_027,center_frame_stack,36170
AIHUB,aihub_cctv:train:crowd:E04_027,visual_4frame_stack,145666
AIHUB,aihub_cctv:train:crowd:E04_027,fusion_stack,149869
AIHUB,aihub_cctv:train:crowd:E04_028,raw_video,32255766
AIHUB,aihub_cctv:train:crowd:E04_028,caption_stack,4246
AIHUB,aihub_cctv:train:crowd:E04_028,center_frame_stack,57221
AIHUB,aihub_cctv:train:crowd:E04_028,visual_4frame_stack,224907
AIHUB,aihub_cctv:train:crowd:E04_028,fusion_stack,229153
AIHUB,aihub_cctv:train:crowd:E04_029,raw_video,16568818
AIHUB,aihub_cctv:train:crowd:E04_029,caption_stack,4190
AIHUB,aihub_cctv:train:crowd:E04_029,center_frame_stack,36556
AIHUB,aihub_cctv:train:crowd:E04_029,visual_4frame_stack,146679
AIHUB,aihub_cctv:train:crowd:E04_029,fusion_stack,150869
AIHUB,aihub_cctv:train:crowd:E04_030,raw_video,26284377
AIHUB,aihub_cctv:train:crowd:E04_030,caption_stack,4196
AIHUB,aihub_cctv:train:crowd:E04_030,center_frame_stack,56391
AIHUB,aihub_cctv:train:crowd:E04_030,visual_4frame_stack,222485
AIHUB,aihub_cctv:train:crowd:E04_030,fusion_stack,226681
AIHUB,aihub_cctv:train:crowd:E04_031,raw_video,19911094
AIHUB,aihub_cctv:train:crowd:E04_031,caption_stack,4201
AIHUB,aihub_cctv:train:crowd:E04_031,center_frame_stack,32883
AIHUB,aihub_cctv:train:crowd:E04_031,visual_4frame_stack,131938
AIHUB,aihub_cctv:train:crowd:E04_031,fusion_stack,136139
AIHUB,aihub_cctv:train:crowd:E04_032,raw_video,14214569
AIHUB,aihub_cctv:train:crowd:E04_032,caption_stack,4213
AIHUB,aihub_cctv:train:crowd:E04_032,center_frame_stack,39715
AIHUB,aihub_cctv:train:crowd:E04_032,visual_4frame_stack,157787
AIHUB,aihub_cctv:train:crowd:E04_032,fusion_stack,162000
AIHUB,aihub_cctv:train:crowd:E04_033,raw_video,19323505
AIHUB,aihub_cctv:train:crowd:E04_033,caption_stack,4206
AIHUB,aihub_cctv:train:crowd:E04_033,center_frame_stack,45014
AIHUB,aihub_cctv:train:crowd:E04_033,visual_4frame_stack,180641
AIHUB,aihub_cctv:train:crowd:E04_033,fusion_stack,184847
AIHUB,aihub_cctv:train:crowd:E04_034,raw_video,26227064
AIHUB,aihub_cctv:train:crowd:E04_034,caption_stack,4221
AIHUB,aihub_cctv:train:crowd:E04_034,center_frame_stack,41242
AIHUB,aihub_cctv:train:crowd:E04_034,visual_4frame_stack,127593
AIHUB,aihub_cctv:train:crowd:E04_034,fusion_stack,131814
AIHUB,aihub_cctv:train:crowd:E04_035,raw_video,43069373
AIHUB,aihub_cctv:train:crowd:E04_035,caption_stack,4368
AIHUB,aihub_cctv:train:crowd:E04_035,center_frame_stack,31596
AIHUB,aihub_cctv:train:crowd:E04_035,visual_4frame_stack,131402
AIHUB,aihub_cctv:train:crowd:E04_035,fusion_stack,135770
AIHUB,aihub_cctv:train:crowd:E04_036,raw_video,39079742
AIHUB,aihub_cctv:train:crowd:E04_036,caption_stack,4180
AIHUB,aihub_cctv:train:crowd:E04_036,center_frame_stack,47951
AIHUB,aihub_cctv:train:crowd:E04_036,visual_4frame_stack,191064
AIHUB,aihub_cctv:train:crowd:E04_036,fusion_stack,195244
AIHUB,aihub_cctv:train:crowd:E04_037,raw_video,39172606
AIHUB,aihub_cctv:train:crowd:E04_037,caption_stack,4200
AIHUB,aihub_cctv:train:crowd:E04_037,center_frame_stack,37084
AIHUB,aihub_cctv:train:crowd:E04_037,visual_4frame_stack,146644
AIHUB,aihub_cctv:train:crowd:E04_037,fusion_stack,150844
AIHUB,aihub_cctv:train:crowd:E04_038,raw_video,60761937
AIHUB,aihub_cctv:train:crowd:E04_038,caption_stack,4258
AIHUB,aihub_cctv:train:crowd:E04_038,center_frame_stack,46809
AIHUB,aihub_cctv:train:crowd:E04_038,visual_4frame_stack,187842
AIHUB,aihub_cctv:train:crowd:E04_038,fusion_stack,192100
AIHUB,aihub_cctv:train:crowd:E04_039,raw_video,53757576
AIHUB,aihub_cctv:train:crowd:E04_039,caption_stack,4223
AIHUB,aihub_cctv:train:crowd:E04_039,center_frame_stack,53157
AIHUB,aihub_cctv:train:crowd:E04_039,visual_4frame_stack,213367
AIHUB,aihub_cctv:train:crowd:E04_039,fusion_stack,217590
AIHUB,aihub_cctv:train:crowd:E04_040,raw_video,41865991
AIHUB,aihub_cctv:train:crowd:E04_040,caption_stack,4186
AIHUB,aihub_cctv:train:crowd:E04_040,center_frame_stack,38672
AIHUB,aihub_cctv:train:crowd:E04_040,visual_4frame_stack,155380
AIHUB,aihub_cctv:train:crowd:E04_040,fusion_stack,159566
AIHUB,aihub_cctv:train:crowd:E04_041,raw_video,79823873
AIHUB,aihub_cctv:train:crowd:E04_041,caption_stack,4212
AIHUB,aihub_cctv:train:crowd:E04_041,center_frame_stack,43825
AIHUB,aihub_cctv:train:crowd:E04_041,visual_4frame_stack,138347
AIHUB,aihub_cctv:train:crowd:E04_041,fusion_stack,142559
AIHUB,aihub_cctv:train:crowd:E04_042,raw_video,57229636
AIHUB,aihub_cctv:train:crowd:E04_042,caption_stack,4181
AIHUB,aihub_cctv:train:crowd:E04_042,center_frame_stack,45962
AIHUB,aihub_cctv:train:crowd:E04_042,visual_4frame_stack,181553
AIHUB,aihub_cctv:train:crowd:E04_042,fusion_stack,185734
AIHUB,aihub_cctv:train:crowd:E04_043,raw_video,57188193
AIHUB,aihub_cctv:train:crowd:E04_043,caption_stack,4220
AIHUB,aihub_cctv:train:crowd:E04_043,center_frame_stack,56288
AIHUB,aihub_cctv:train:crowd:E04_043,visual_4frame_stack,173910
AIHUB,aihub_cctv:train:crowd:E04_043,fusion_stack,178130
AIHUB,aihub_cctv:train:crowd:E04_044,raw_video,67829762
AIHUB,aihub_cctv:train:crowd:E04_044,caption_stack,4203
AIHUB,aihub_cctv:train:crowd:E04_044,center_frame_stack,60117
AIHUB,aihub_cctv:train:crowd:E04_044,visual_4frame_stack,240217
AIHUB,aihub_cctv:train:crowd:E04_044,fusion_stack,244420
AIHUB,aihub_cctv:train:crowd:E04_045,raw_video,40808758
AIHUB,aihub_cctv:train:crowd:E04_045,caption_stack,4201
AIHUB,aihub_cctv:train:crowd:E04_045,center_frame_stack,56396
AIHUB,aihub_cctv:train:crowd:E04_045,visual_4frame_stack,224775
AIHUB,aihub_cctv:train:crowd:E04_045,fusion_stack,228976
AIHUB,aihub_cctv:train:crowd:E04_046,raw_video,53762736
AIHUB,aihub_cctv:train:crowd:E04_046,caption_stack,4189
AIHUB,aihub_cctv:train:crowd:E04_046,center_frame_stack,28947
AIHUB,aihub_cctv:train:crowd:E04_046,visual_4frame_stack,114008
AIHUB,aihub_cctv:train:crowd:E04_046,fusion_stack,118197
AIHUB,aihub_cctv:train:crowd:E04_047,raw_video,70977658
AIHUB,aihub_cctv:train:crowd:E04_047,caption_stack,4203
AIHUB,aihub_cctv:train:crowd:E04_047,center_frame_stack,46970
AIHUB,aihub_cctv:train:crowd:E04_047,visual_4frame_stack,186578
AIHUB,aihub_cctv:train:crowd:E04_047,fusion_stack,190781
AIHUB,aihub_cctv:train:crowd:E04_048,raw_video,46070341
AIHUB,aihub_cctv:train:crowd:E04_048,caption_stack,4193
AIHUB,aihub_cctv:train:crowd:E04_048,center_frame_stack,39345
AIHUB,aihub_cctv:train:crowd:E04_048,visual_4frame_stack,157692
AIHUB,aihub_cctv:train:crowd:E04_048,fusion_stack,161885
AIHUB,aihub_cctv:train:crowd:E04_049,raw_video,81479442
AIHUB,aihub_cctv:train:crowd:E04_049,caption_stack,4193
AIHUB,aihub_cctv:train:crowd:E04_049,center_frame_stack,41319
AIHUB,aihub_cctv:train:crowd:E04_049,visual_4frame_stack,129595
AIHUB,aihub_cctv:train:crowd:E04_049,fusion_stack,133788
AIHUB,aihub_cctv:train:crowd:E04_050,raw_video,58971190
AIHUB,aihub_cctv:train:crowd:E04_050,caption_stack,4187
AIHUB,aihub_cctv:train:crowd:E04_050,center_frame_stack,43785
AIHUB,aihub_cctv:train:crowd:E04_050,visual_4frame_stack,173930
AIHUB,aihub_cctv:train:crowd:E04_050,fusion_stack,178117
AIHUB,aihub_cctv:train:crowd:E04_051,raw_video,31660809
AIHUB,aihub_cctv:train:crowd:E04_051,caption_stack,4285
AIHUB,aihub_cctv:train:crowd:E04_051,center_frame_stack,48840
AIHUB,aihub_cctv:train:crowd:E04_051,visual_4frame_stack,196283
AIHUB,aihub_cctv:train:crowd:E04_051,fusion_stack,200568
AIHUB,aihub_cctv:train:crowd:E04_052,raw_video,96372240
AIHUB,aihub_cctv:train:crowd:E04_052,caption_stack,4218
AIHUB,aihub_cctv:train:crowd:E04_052,center_frame_stack,46684
AIHUB,aihub_cctv:train:crowd:E04_052,visual_4frame_stack,187726
AIHUB,aihub_cctv:train:crowd:E04_052,fusion_stack,191944
AIHUB,aihub_cctv:train:crowd:E04_053,raw_video,152609687
AIHUB,aihub_cctv:train:crowd:E04_053,caption_stack,4258
AIHUB,aihub_cctv:train:crowd:E04_053,center_frame_stack,41821
AIHUB,aihub_cctv:train:crowd:E04_053,visual_4frame_stack,168040
AIHUB,aihub_cctv:train:crowd:E04_053,fusion_stack,172298
AIHUB,aihub_cctv:train:crowd:E04_054,raw_video,189755989
AIHUB,aihub_cctv:train:crowd:E04_054,caption_stack,4252
AIHUB,aihub_cctv:train:crowd:E04_054,center_frame_stack,42387
AIHUB,aihub_cctv:train:crowd:E04_054,visual_4frame_stack,160332
AIHUB,aihub_cctv:train:crowd:E04_054,fusion_stack,164584
AIHUB,aihub_cctv:train:crowd:E04_055,raw_video,233729445
AIHUB,aihub_cctv:train:crowd:E04_055,caption_stack,4227
AIHUB,aihub_cctv:train:crowd:E04_055,center_frame_stack,51146
AIHUB,aihub_cctv:train:crowd:E04_055,visual_4frame_stack,207053
AIHUB,aihub_cctv:train:crowd:E04_055,fusion_stack,211280
AIHUB,aihub_cctv:train:crowd:E04_056,raw_video,116555844
AIHUB,aihub_cctv:train:crowd:E04_056,caption_stack,4184
AIHUB,aihub_cctv:train:crowd:E04_056,center_frame_stack,51514
AIHUB,aihub_cctv:train:crowd:E04_056,visual_4frame_stack,204820
AIHUB,aihub_cctv:train:crowd:E04_056,fusion_stack,209004
AIHUB,aihub_cctv:train:crowd_density_halloween_minus1_fri:E05_001,raw_video,27595069
AIHUB,aihub_cctv:train:crowd_density_halloween_minus1_fri:E05_001,caption_stack,4208
AIHUB,aihub_cctv:train:crowd_density_halloween_minus1_fri:E05_001,center_frame_stack,59847
AIHUB,aihub_cctv:train:crowd_density_halloween_minus1_fri:E05_001,visual_4frame_stack,241570
AIHUB,aihub_cctv:train:crowd_density_halloween_minus1_fri:E05_001,fusion_stack,245778
AIHUB,aihub_cctv:train:crowd_density_halloween_minus1_fri:E05_002,raw_video,24799611
AIHUB,aihub_cctv:train:crowd_density_halloween_minus1_fri:E05_002,caption_stack,4187
AIHUB,aihub_cctv:train:crowd_density_halloween_minus1_fri:E05_002,center_frame_stack,56952
AIHUB,aihub_cctv:train:crowd_density_halloween_minus1_fri:E05_002,visual_4frame_stack,179055
AIHUB,aihub_cctv:train:crowd_density_halloween_minus1_fri:E05_002,fusion_stack,183242
AIHUB,aihub_cctv:train:crowd_density_halloween_minus1_fri:E05_003,raw_video,33008074
AIHUB,aihub_cctv:train:crowd_density_halloween_minus1_fri:E05_003,caption_stack,4193
AIHUB,aihub_cctv:train:crowd_density_halloween_minus1_fri:E05_003,center_frame_stack,60952
AIHUB,aihub_cctv:train:crowd_density_halloween_minus1_fri:E05_003,visual_4frame_stack,241741
AIHUB,aihub_cctv:train:crowd_density_halloween_minus1_fri:E05_003,fusion_stack,245934
AIHUB,aihub_cctv:train:crowd_density_halloween_minus1_fri:E05_004,raw_video,36829621
AIHUB,aihub_cctv:train:crowd_density_halloween_minus1_fri:E05_004,caption_stack,4193
AIHUB,aihub_cctv:train:crowd_density_halloween_minus1_fri:E05_004,center_frame_stack,61962
AIHUB,aihub_cctv:train:crowd_density_halloween_minus1_fri:E05_004,visual_4frame_stack,252344
AIHUB,aihub_cctv:train:crowd_density_halloween_minus1_fri:E05_004,fusion_stack,256537
AIHUB,aihub_cctv:train:crowd_density_halloween_minus1_sat:E05_007,raw_video,33725295
AIHUB,aihub_cctv:train:crowd_density_halloween_minus1_sat:E05_007,caption_stack,4222
AIHUB,aihub_cctv:train:crowd_density_halloween_minus1_sat:E05_007,center_frame_stack,65782
AIHUB,aihub_cctv:train:crowd_density_halloween_minus1_sat:E05_007,visual_4frame_stack,260436
AIHUB,aihub_cctv:train:crowd_density_halloween_minus1_sat:E05_007,fusion_stack,264658
AIHUB,aihub_cctv:train:crowd_density_halloween_minus1_sat:E05_008,raw_video,34070647
AIHUB,aihub_cctv:train:crowd_density_halloween_minus1_sat:E05_008,caption_stack,4185
AIHUB,aihub_cctv:train:crowd_density_halloween_minus1_sat:E05_008,center_frame_stack,63228
AIHUB,aihub_cctv:train:crowd_density_halloween_minus1_sat:E05_008,visual_4frame_stack,194443
AIHUB,aihub_cctv:train:crowd_density_halloween_minus1_sat:E05_008,fusion_stack,198628
AIHUB,aihub_cctv:train:crowd_density_halloween_minus1_sat:E05_009,raw_video,33103779
AIHUB,aihub_cctv:train:crowd_density_halloween_minus1_sat:E05_009,caption_stack,4192
AIHUB,aihub_cctv:train:crowd_density_halloween_minus1_sat:E05_009,center_frame_stack,64931
AIHUB,aihub_cctv:train:crowd_density_halloween_minus1_sat:E05_009,visual_4frame_stack,258922
AIHUB,aihub_cctv:train:crowd_density_halloween_minus1_sat:E05_009,fusion_stack,263114
AIHUB,aihub_cctv:train:crowd_density_halloween_minus1_sat:E05_010,raw_video,34069153
AIHUB,aihub_cctv:train:crowd_density_halloween_minus1_sat:E05_010,caption_stack,4204
AIHUB,aihub_cctv:train:crowd_density_halloween_minus1_sat:E05_010,center_frame_stack,62600
AIHUB,aihub_cctv:train:crowd_density_halloween_minus1_sat:E05_010,visual_4frame_stack,247584
AIHUB,aihub_cctv:train:crowd_density_halloween_minus1_sat:E05_010,fusion_stack,251788
AIHUB,aihub_cctv:train:crowd_density_halloween_minus1_sat:E05_011,raw_video,29481767
AIHUB,aihub_cctv:train:crowd_density_halloween_minus1_sat:E05_011,caption_stack,4312
AIHUB,aihub_cctv:train:crowd_density_halloween_minus1_sat:E05_011,center_frame_stack,60813
AIHUB,aihub_cctv:train:crowd_density_halloween_minus1_sat:E05_011,visual_4frame_stack,245587
AIHUB,aihub_cctv:train:crowd_density_halloween_minus1_sat:E05_011,fusion_stack,249899
AIHUB,aihub_cctv:train:crowd_density_halloween_minus1_sat:E05_012,raw_video,39747280
AIHUB,aihub_cctv:train:crowd_density_halloween_minus1_sat:E05_012,caption_stack,4227
AIHUB,aihub_cctv:train:crowd_density_halloween_minus1_sat:E05_012,center_frame_stack,63818
AIHUB,aihub_cctv:train:crowd_density_halloween_minus1_sat:E05_012,visual_4frame_stack,196662
AIHUB,aihub_cctv:train:crowd_density_halloween_minus1_sat:E05_012,fusion_stack,200889
AIHUB,aihub_cctv:train:crowd_density_halloween_minus1_sat:E05_013,raw_video,29280873
AIHUB,aihub_cctv:train:crowd_density_halloween_minus1_sat:E05_013,caption_stack,4238
AIHUB,aihub_cctv:train:crowd_density_halloween_minus1_sat:E05_013,center_frame_stack,57386
AIHUB,aihub_cctv:train:crowd_density_halloween_minus1_sat:E05_013,visual_4frame_stack,182812
AIHUB,aihub_cctv:train:crowd_density_halloween_minus1_sat:E05_013,fusion_stack,187050
AIHUB,aihub_cctv:train:crowd_density_halloween_week_fri:E05_035,raw_video,25676500
AIHUB,aihub_cctv:train:crowd_density_halloween_week_fri:E05_035,caption_stack,4228
AIHUB,aihub_cctv:train:crowd_density_halloween_week_fri:E05_035,center_frame_stack,55946
AIHUB,aihub_cctv:train:crowd_density_halloween_week_fri:E05_035,visual_4frame_stack,173701
AIHUB,aihub_cctv:train:crowd_density_halloween_week_fri:E05_035,fusion_stack,177929
AIHUB,aihub_cctv:train:crowd_density_halloween_week_fri:E05_036,raw_video,29489070
AIHUB,aihub_cctv:train:crowd_density_halloween_week_fri:E05_036,caption_stack,4222
AIHUB,aihub_cctv:train:crowd_density_halloween_week_fri:E05_036,center_frame_stack,55322
AIHUB,aihub_cctv:train:crowd_density_halloween_week_fri:E05_036,visual_4frame_stack,223408
AIHUB,aihub_cctv:train:crowd_density_halloween_week_fri:E05_036,fusion_stack,227630
AIHUB,aihub_cctv:train:crowd_density_halloween_week_fri:E05_037,raw_video,28584301
AIHUB,aihub_cctv:train:crowd_density_halloween_week_fri:E05_037,caption_stack,4227
AIHUB,aihub_cctv:train:crowd_density_halloween_week_fri:E05_037,center_frame_stack,56662
AIHUB,aihub_cctv:train:crowd_density_halloween_week_fri:E05_037,visual_4frame_stack,227907
AIHUB,aihub_cctv:train:crowd_density_halloween_week_fri:E05_037,fusion_stack,232134
AIHUB,aihub_cctv:train:crowd_density_halloween_week_fri:E05_038,raw_video,28072413
AIHUB,aihub_cctv:train:crowd_density_halloween_week_fri:E05_038,caption_stack,4224
AIHUB,aihub_cctv:train:crowd_density_halloween_week_fri:E05_038,center_frame_stack,61501
AIHUB,aihub_cctv:train:crowd_density_halloween_week_fri:E05_038,visual_4frame_stack,245782
AIHUB,aihub_cctv:train:crowd_density_halloween_week_fri:E05_038,fusion_stack,250006
AIHUB,aihub_cctv:train:crowd_density_halloween_week_sun:E05_016,raw_video,32924614
AIHUB,aihub_cctv:train:crowd_density_halloween_week_sun:E05_016,caption_stack,4200
AIHUB,aihub_cctv:train:crowd_density_halloween_week_sun:E05_016,center_frame_stack,51497
AIHUB,aihub_cctv:train:crowd_density_halloween_week_sun:E05_016,visual_4frame_stack,208687
AIHUB,aihub_cctv:train:crowd_density_halloween_week_sun:E05_016,fusion_stack,212887
AIHUB,aihub_cctv:train:crowd_density_halloween_week_sun:E05_017,raw_video,41156509
AIHUB,aihub_cctv:train:crowd_density_halloween_week_sun:E05_017,caption_stack,4239
AIHUB,aihub_cctv:train:crowd_density_halloween_week_sun:E05_017,center_frame_stack,63982
AIHUB,aihub_cctv:train:crowd_density_halloween_week_sun:E05_017,visual_4frame_stack,200255
AIHUB,aihub_cctv:train:crowd_density_halloween_week_sun:E05_017,fusion_stack,204494
AIHUB,aihub_cctv:train:crowd_density_halloween_week_sun:E05_018,raw_video,29290913
AIHUB,aihub_cctv:train:crowd_density_halloween_week_sun:E05_018,caption_stack,4216
AIHUB,aihub_cctv:train:crowd_density_halloween_week_sun:E05_018,center_frame_stack,60774
AIHUB,aihub_cctv:train:crowd_density_halloween_week_sun:E05_018,visual_4frame_stack,246246
AIHUB,aihub_cctv:train:crowd_density_halloween_week_sun:E05_018,fusion_stack,250462
AIHUB,aihub_cctv:train:crowd_density_halloween_week_sun:E05_019,raw_video,27839002
AIHUB,aihub_cctv:train:crowd_density_halloween_week_sun:E05_019,caption_stack,4197
AIHUB,aihub_cctv:train:crowd_density_halloween_week_sun:E05_019,center_frame_stack,58301
AIHUB,aihub_cctv:train:crowd_density_halloween_week_sun:E05_019,visual_4frame_stack,180596
AIHUB,aihub_cctv:train:crowd_density_halloween_week_sun:E05_019,fusion_stack,184793
AIHUB,aihub_cctv:train:crowd_density_halloween_week_sun:E05_020,raw_video,37687193
AIHUB,aihub_cctv:train:crowd_density_halloween_week_sun:E05_020,caption_stack,4208
AIHUB,aihub_cctv:train:crowd_density_halloween_week_sun:E05_020,center_frame_stack,64044
AIHUB,aihub_cctv:train:crowd_density_halloween_week_sun:E05_020,visual_4frame_stack,258575
AIHUB,aihub_cctv:train:crowd_density_halloween_week_sun:E05_020,fusion_stack,262783
AIHUB,aihub_cctv:train:crowd_density_halloween_week_sun:E05_021,raw_video,28069608
AIHUB,aihub_cctv:train:crowd_density_halloween_week_sun:E05_021,caption_stack,4195
AIHUB,aihub_cctv:train:crowd_density_halloween_week_sun:E05_021,center_frame_stack,60476
AIHUB,aihub_cctv:train:crowd_density_halloween_week_sun:E05_021,visual_4frame_stack,239921
AIHUB,aihub_cctv:train:crowd_density_halloween_week_sun:E05_021,fusion_stack,244116
AIHUB,aihub_cctv:train:crowd_density_halloween_week_sun:E05_022,raw_video,26943254
AIHUB,aihub_cctv:train:crowd_density_halloween_week_sun:E05_022,caption_stack,4233
AIHUB,aihub_cctv:train:crowd_density_halloween_week_sun:E05_022,center_frame_stack,58932
AIHUB,aihub_cctv:train:crowd_density_halloween_week_sun:E05_022,visual_4frame_stack,236199
AIHUB,aihub_cctv:train:crowd_density_halloween_week_sun:E05_022,fusion_stack,240432
AIHUB,aihub_cctv:train:crowd_density_halloween_week_sun:E05_023,raw_video,23439722
AIHUB,aihub_cctv:train:crowd_density_halloween_week_sun:E05_023,caption_stack,4225
AIHUB,aihub_cctv:train:crowd_density_halloween_week_sun:E05_023,center_frame_stack,58723
AIHUB,aihub_cctv:train:crowd_density_halloween_week_sun:E05_023,visual_4frame_stack,238822
AIHUB,aihub_cctv:train:crowd_density_halloween_week_sun:E05_023,fusion_stack,243047
AIHUB,aihub_cctv:train:crowd_density_halloween_week_sun:E05_024,raw_video,28897142
AIHUB,aihub_cctv:train:crowd_density_halloween_week_sun:E05_024,caption_stack,4202
AIHUB,aihub_cctv:train:crowd_density_halloween_week_sun:E05_024,center_frame_stack,60601
AIHUB,aihub_cctv:train:crowd_density_halloween_week_sun:E05_024,visual_4frame_stack,248150
AIHUB,aihub_cctv:train:crowd_density_halloween_week_sun:E05_024,fusion_stack,252352
AIHUB,aihub_cctv:train:crowd_density_halloween_week_sun:E05_025,raw_video,25875155
AIHUB,aihub_cctv:train:crowd_density_halloween_week_sun:E05_025,caption_stack,4305
AIHUB,aihub_cctv:train:crowd_density_halloween_week_sun:E05_025,center_frame_stack,60451
AIHUB,aihub_cctv:train:crowd_density_halloween_week_sun:E05_025,visual_4frame_stack,237357
AIHUB,aihub_cctv:train:crowd_density_halloween_week_sun:E05_025,fusion_stack,241662
AIHUB,aihub_cctv:train:crowd_density_halloween_week_sun:E05_026,raw_video,30703820
AIHUB,aihub_cctv:train:crowd_density_halloween_week_sun:E05_026,caption_stack,4254
AIHUB,aihub_cctv:train:crowd_density_halloween_week_sun:E05_026,center_frame_stack,65016
AIHUB,aihub_cctv:train:crowd_density_halloween_week_sun:E05_026,visual_4frame_stack,260055
AIHUB,aihub_cctv:train:crowd_density_halloween_week_sun:E05_026,fusion_stack,264309
AIHUB,aihub_cctv:train:crowd_density_halloween_week_thu:E05_027,raw_video,23503262
AIHUB,aihub_cctv:train:crowd_density_halloween_week_thu:E05_027,caption_stack,4196
AIHUB,aihub_cctv:train:crowd_density_halloween_week_thu:E05_027,center_frame_stack,62964
AIHUB,aihub_cctv:train:crowd_density_halloween_week_thu:E05_027,visual_4frame_stack,252712
AIHUB,aihub_cctv:train:crowd_density_halloween_week_thu:E05_027,fusion_stack,256908
AIHUB,aihub_cctv:train:crowd_density_halloween_week_thu:E05_028,raw_video,25104295
AIHUB,aihub_cctv:train:crowd_density_halloween_week_thu:E05_028,caption_stack,4220
AIHUB,aihub_cctv:train:crowd_density_halloween_week_thu:E05_028,center_frame_stack,65107
AIHUB,aihub_cctv:train:crowd_density_halloween_week_thu:E05_028,visual_4frame_stack,260483
AIHUB,aihub_cctv:train:crowd_density_halloween_week_thu:E05_028,fusion_stack,264703
AIHUB,aihub_cctv:train:crowd_density_halloween_week_thu:E05_029,raw_video,28925408
AIHUB,aihub_cctv:train:crowd_density_halloween_week_thu:E05_029,caption_stack,4204
AIHUB,aihub_cctv:train:crowd_density_halloween_week_thu:E05_029,center_frame_stack,54759
AIHUB,aihub_cctv:train:crowd_density_halloween_week_thu:E05_029,visual_4frame_stack,170142
AIHUB,aihub_cctv:train:crowd_density_halloween_week_thu:E05_029,fusion_stack,174346
AIHUB,aihub_cctv:train:crowd_density_halloween_week_thu:E05_030,raw_video,27413702
AIHUB,aihub_cctv:train:crowd_density_halloween_week_thu:E05_030,caption_stack,4208
AIHUB,aihub_cctv:train:crowd_density_halloween_week_thu:E05_030,center_frame_stack,57983
AIHUB,aihub_cctv:train:crowd_density_halloween_week_thu:E05_030,visual_4frame_stack,236312
AIHUB,aihub_cctv:train:crowd_density_halloween_week_thu:E05_030,fusion_stack,240520
AIHUB,aihub_cctv:train:crowd_density_halloween_week_thu:E05_031,raw_video,28705568
AIHUB,aihub_cctv:train:crowd_density_halloween_week_thu:E05_031,caption_stack,4229
AIHUB,aihub_cctv:train:crowd_density_halloween_week_thu:E05_031,center_frame_stack,55776
AIHUB,aihub_cctv:train:crowd_density_halloween_week_thu:E05_031,visual_4frame_stack,224678
AIHUB,aihub_cctv:train:crowd_density_halloween_week_thu:E05_031,fusion_stack,228907
AIHUB,aihub_cctv:train:crowd_density_halloween_week_thu:E05_032,raw_video,31207147
AIHUB,aihub_cctv:train:crowd_density_halloween_week_thu:E05_032,caption_stack,4239
AIHUB,aihub_cctv:train:crowd_density_halloween_week_thu:E05_032,center_frame_stack,56853
AIHUB,aihub_cctv:train:crowd_density_halloween_week_thu:E05_032,visual_4frame_stack,231397
AIHUB,aihub_cctv:train:crowd_density_halloween_week_thu:E05_032,fusion_stack,235636
AIHUB,aihub_cctv:train:fall:E02_001,raw_video,24949655
AIHUB,aihub_cctv:train:fall:E02_001,caption_stack,4242
AIHUB,aihub_cctv:train:fall:E02_001,center_frame_stack,53049
AIHUB,aihub_cctv:train:fall:E02_001,visual_4frame_stack,211854
AIHUB,aihub_cctv:train:fall:E02_001,fusion_stack,216096
AIHUB,aihub_cctv:train:fall:E02_002,raw_video,28311737
AIHUB,aihub_cctv:train:fall:E02_002,caption_stack,4231
AIHUB,aihub_cctv:train:fall:E02_002,center_frame_stack,55543
AIHUB,aihub_cctv:train:fall:E02_002,visual_4frame_stack,222017
AIHUB,aihub_cctv:train:fall:E02_002,fusion_stack,226248
AIHUB,aihub_cctv:train:fall:E02_003,raw_video,29049561
AIHUB,aihub_cctv:train:fall:E02_003,caption_stack,4251
AIHUB,aihub_cctv:train:fall:E02_003,center_frame_stack,43809
AIHUB,aihub_cctv:train:fall:E02_003,visual_4frame_stack,174395
AIHUB,aihub_cctv:train:fall:E02_003,fusion_stack,178646
AIHUB,aihub_cctv:train:fall:E02_004,raw_video,34785868
AIHUB,aihub_cctv:train:fall:E02_004,caption_stack,4222
AIHUB,aihub_cctv:train:fall:E02_004,center_frame_stack,52966
AIHUB,aihub_cctv:train:fall:E02_004,visual_4frame_stack,168917
AIHUB,aihub_cctv:train:fall:E02_004,fusion_stack,173139
AIHUB,aihub_cctv:train:fall:E02_005,raw_video,29072625
AIHUB,aihub_cctv:train:fall:E02_005,caption_stack,4240
AIHUB,aihub_cctv:train:fall:E02_005,center_frame_stack,42009
AIHUB,aihub_cctv:train:fall:E02_005,visual_4frame_stack,129732
AIHUB,aihub_cctv:train:fall:E02_005,fusion_stack,133972
AIHUB,aihub_cctv:train:fall:E02_006,raw_video,40402132
AIHUB,aihub_cctv:train:fall:E02_006,caption_stack,4200
AIHUB,aihub_cctv:train:fall:E02_006,center_frame_stack,58716
AIHUB,aihub_cctv:train:fall:E02_006,visual_4frame_stack,180956
AIHUB,aihub_cctv:train:fall:E02_006,fusion_stack,185156
AIHUB,aihub_cctv:train:fall:E02_007,raw_video,53470214
AIHUB,aihub_cctv:train:fall:E02_007,caption_stack,4183
AIHUB,aihub_cctv:train:fall:E02_007,center_frame_stack,61303
AIHUB,aihub_cctv:train:fall:E02_007,visual_4frame_stack,245209
AIHUB,aihub_cctv:train:fall:E02_007,fusion_stack,249392
AIHUB,aihub_cctv:train:fall:E02_008,raw_video,36296551
AIHUB,aihub_cctv:train:fall:E02_008,caption_stack,4201
AIHUB,aihub_cctv:train:fall:E02_008,center_frame_stack,49048
AIHUB,aihub_cctv:train:fall:E02_008,visual_4frame_stack,151918
AIHUB,aihub_cctv:train:fall:E02_008,fusion_stack,156119
AIHUB,aihub_cctv:train:fall:E02_009,raw_video,61655009
AIHUB,aihub_cctv:train:fall:E02_009,caption_stack,4216
AIHUB,aihub_cctv:train:fall:E02_009,center_frame_stack,60822
AIHUB,aihub_cctv:train:fall:E02_009,visual_4frame_stack,188391
AIHUB,aihub_cctv:train:fall:E02_009,fusion_stack,192607
AIHUB,aihub_cctv:train:fall:E02_010,raw_video,49830928
AIHUB,aihub_cctv:train:fall:E02_010,caption_stack,4193
AIHUB,aihub_cctv:train:fall:E02_010,center_frame_stack,37979
AIHUB,aihub_cctv:train:fall:E02_010,visual_4frame_stack,151216
AIHUB,aihub_cctv:train:fall:E02_010,fusion_stack,155409
AIHUB,aihub_cctv:train:fall:E02_011,raw_video,72483748
AIHUB,aihub_cctv:train:fall:E02_011,caption_stack,4218
AIHUB,aihub_cctv:train:fall:E02_011,center_frame_stack,50517
AIHUB,aihub_cctv:train:fall:E02_011,visual_4frame_stack,201340
AIHUB,aihub_cctv:train:fall:E02_011,fusion_stack,205558
AIHUB,aihub_cctv:train:fall:E02_012,raw_video,55500599
AIHUB,aihub_cctv:train:fall:E02_012,caption_stack,4217
AIHUB,aihub_cctv:train:fall:E02_012,center_frame_stack,46720
AIHUB,aihub_cctv:train:fall:E02_012,visual_4frame_stack,144519
AIHUB,aihub_cctv:train:fall:E02_012,fusion_stack,148736
AIHUB,aihub_cctv:train:fall:E02_013,raw_video,57218162
AIHUB,aihub_cctv:train:fall:E02_013,caption_stack,4211
AIHUB,aihub_cctv:train:fall:E02_013,center_frame_stack,49271
AIHUB,aihub_cctv:train:fall:E02_013,visual_4frame_stack,151363
AIHUB,aihub_cctv:train:fall:E02_013,fusion_stack,155574
AIHUB,aihub_cctv:train:fall:E02_014,raw_video,43543423
AIHUB,aihub_cctv:train:fall:E02_014,caption_stack,4238
AIHUB,aihub_cctv:train:fall:E02_014,center_frame_stack,44165
AIHUB,aihub_cctv:train:fall:E02_014,visual_4frame_stack,180282
AIHUB,aihub_cctv:train:fall:E02_014,fusion_stack,184520
AIHUB,aihub_cctv:train:fall:E02_015,raw_video,69813508
AIHUB,aihub_cctv:train:fall:E02_015,caption_stack,4217
AIHUB,aihub_cctv:train:fall:E02_015,center_frame_stack,43208
AIHUB,aihub_cctv:train:fall:E02_015,visual_4frame_stack,172527
AIHUB,aihub_cctv:train:fall:E02_015,fusion_stack,176744
AIHUB,aihub_cctv:train:fall:E02_016,raw_video,71065428
AIHUB,aihub_cctv:train:fall:E02_016,caption_stack,4196
AIHUB,aihub_cctv:train:fall:E02_016,center_frame_stack,42557
AIHUB,aihub_cctv:train:fall:E02_016,visual_4frame_stack,132550
AIHUB,aihub_cctv:train:fall:E02_016,fusion_stack,136746
AIHUB,aihub_cctv:train:fall:E02_017,raw_video,70565083
AIHUB,aihub_cctv:train:fall:E02_017,caption_stack,4294
AIHUB,aihub_cctv:train:fall:E02_017,center_frame_stack,44674
AIHUB,aihub_cctv:train:fall:E02_017,visual_4frame_stack,179747
AIHUB,aihub_cctv:train:fall:E02_017,fusion_stack,184041
AIHUB,aihub_cctv:train:fall:E02_018,raw_video,82575964
AIHUB,aihub_cctv:train:fall:E02_018,caption_stack,4189
AIHUB,aihub_cctv:train:fall:E02_018,center_frame_stack,54666
AIHUB,aihub_cctv:train:fall:E02_018,visual_4frame_stack,167591
AIHUB,aihub_cctv:train:fall:E02_018,fusion_stack,171780
AIHUB,aihub_cctv:train:fall:E02_019,raw_video,98803303
AIHUB,aihub_cctv:train:fall:E02_019,caption_stack,4182
AIHUB,aihub_cctv:train:fall:E02_019,center_frame_stack,58947
AIHUB,aihub_cctv:train:fall:E02_019,visual_4frame_stack,179867
AIHUB,aihub_cctv:train:fall:E02_019,fusion_stack,184049
AIHUB,aihub_cctv:train:fall:E02_020,raw_video,113333384
AIHUB,aihub_cctv:train:fall:E02_020,caption_stack,4199
AIHUB,aihub_cctv:train:fall:E02_020,center_frame_stack,65730
AIHUB,aihub_cctv:train:fall:E02_020,visual_4frame_stack,261577
AIHUB,aihub_cctv:train:fall:E02_020,fusion_stack,265776
AIHUB,aihub_cctv:train:fall:E02_021,raw_video,88668062
AIHUB,aihub_cctv:train:fall:E02_021,caption_stack,4292
AIHUB,aihub_cctv:train:fall:E02_021,center_frame_stack,46390
AIHUB,aihub_cctv:train:fall:E02_021,visual_4frame_stack,140218
AIHUB,aihub_cctv:train:fall:E02_021,fusion_stack,144510
AIHUB,aihub_cctv:train:fall:E02_022,raw_video,51092041
AIHUB,aihub_cctv:train:fall:E02_022,caption_stack,4197
AIHUB,aihub_cctv:train:fall:E02_022,center_frame_stack,52235
AIHUB,aihub_cctv:train:fall:E02_022,visual_4frame_stack,207814
AIHUB,aihub_cctv:train:fall:E02_022,fusion_stack,212011
AIHUB,aihub_cctv:train:fall:E02_023,raw_video,40881420
AIHUB,aihub_cctv:train:fall:E02_023,caption_stack,4203
AIHUB,aihub_cctv:train:fall:E02_023,center_frame_stack,47142
AIHUB,aihub_cctv:train:fall:E02_023,visual_4frame_stack,186922
AIHUB,aihub_cctv:train:fall:E02_023,fusion_stack,191125
AIHUB,aihub_cctv:train:fall:E02_024,raw_video,28841154
AIHUB,aihub_cctv:train:fall:E02_024,caption_stack,4282
AIHUB,aihub_cctv:train:fall:E02_024,center_frame_stack,33354
AIHUB,aihub_cctv:train:fall:E02_024,visual_4frame_stack,129500
AIHUB,aihub_cctv:train:fall:E02_024,fusion_stack,133782
AIHUB,aihub_cctv:train:fall:E02_025,raw_video,24396633
AIHUB,aihub_cctv:train:fall:E02_025,caption_stack,4198
AIHUB,aihub_cctv:train:fall:E02_025,center_frame_stack,50597
AIHUB,aihub_cctv:train:fall:E02_025,visual_4frame_stack,202078
AIHUB,aihub_cctv:train:fall:E02_025,fusion_stack,206276
AIHUB,aihub_cctv:train:fall:E02_026,raw_video,34880484
AIHUB,aihub_cctv:train:fall:E02_026,caption_stack,4225
AIHUB,aihub_cctv:train:fall:E02_026,center_frame_stack,31721
AIHUB,aihub_cctv:train:fall:E02_026,visual_4frame_stack,100365
AIHUB,aihub_cctv:train:fall:E02_026,fusion_stack,104590
AIHUB,aihub_cctv:train:fall:E02_027,raw_video,19292509
AIHUB,aihub_cctv:train:fall:E02_027,caption_stack,4247
AIHUB,aihub_cctv:train:fall:E02_027,center_frame_stack,34128
AIHUB,aihub_cctv:train:fall:E02_027,visual_4frame_stack,107687
AIHUB,aihub_cctv:train:fall:E02_027,fusion_stack,111934
AIHUB,aihub_cctv:train:fall:E02_028,raw_video,83963261
AIHUB,aihub_cctv:train:fall:E02_028,caption_stack,4230
AIHUB,aihub_cctv:train:fall:E02_028,center_frame_stack,58820
AIHUB,aihub_cctv:train:fall:E02_028,visual_4frame_stack,182352
AIHUB,aihub_cctv:train:fall:E02_028,fusion_stack,186582
AIHUB,aihub_cctv:train:fall:E02_029,raw_video,80260863
AIHUB,aihub_cctv:train:fall:E02_029,caption_stack,4184
AIHUB,aihub_cctv:train:fall:E02_029,center_frame_stack,44493
AIHUB,aihub_cctv:train:fall:E02_029,visual_4frame_stack,139310
AIHUB,aihub_cctv:train:fall:E02_029,fusion_stack,143494
AIHUB,aihub_cctv:train:fall:E02_030,raw_video,83297305
AIHUB,aihub_cctv:train:fall:E02_030,caption_stack,4211
AIHUB,aihub_cctv:train:fall:E02_030,center_frame_stack,54613
AIHUB,aihub_cctv:train:fall:E02_030,visual_4frame_stack,217090
AIHUB,aihub_cctv:train:fall:E02_030,fusion_stack,221301
AIHUB,aihub_cctv:train:fall:E02_031,raw_video,16828158
AIHUB,aihub_cctv:train:fall:E02_031,caption_stack,4194
AIHUB,aihub_cctv:train:fall:E02_031,center_frame_stack,19584
AIHUB,aihub_cctv:train:fall:E02_031,visual_4frame_stack,76668
AIHUB,aihub_cctv:train:fall:E02_031,fusion_stack,80862
AIHUB,aihub_cctv:train:fall:E02_032,raw_video,82242416
AIHUB,aihub_cctv:train:fall:E02_032,caption_stack,4234
AIHUB,aihub_cctv:train:fall:E02_032,center_frame_stack,49081
AIHUB,aihub_cctv:train:fall:E02_032,visual_4frame_stack,195923
AIHUB,aihub_cctv:train:fall:E02_032,fusion_stack,200157
AIHUB,aihub_cctv:train:fall:E02_033,raw_video,23670011
AIHUB,aihub_cctv:train:fall:E02_033,caption_stack,4225
AIHUB,aihub_cctv:train:fall:E02_033,center_frame_stack,45178
AIHUB,aihub_cctv:train:fall:E02_033,visual_4frame_stack,177203
AIHUB,aihub_cctv:train:fall:E02_033,fusion_stack,181428
AIHUB,aihub_cctv:train:fall:E02_034,raw_video,23043830
AIHUB,aihub_cctv:train:fall:E02_034,caption_stack,4182
AIHUB,aihub_cctv:train:fall:E02_034,center_frame_stack,56270
AIHUB,aihub_cctv:train:fall:E02_034,visual_4frame_stack,174737
AIHUB,aihub_cctv:train:fall:E02_034,fusion_stack,178919
AIHUB,aihub_cctv:train:fall:E02_035,raw_video,82055488
AIHUB,aihub_cctv:train:fall:E02_035,caption_stack,4194
AIHUB,aihub_cctv:train:fall:E02_035,center_frame_stack,48865
AIHUB,aihub_cctv:train:fall:E02_035,visual_4frame_stack,151586
AIHUB,aihub_cctv:train:fall:E02_035,fusion_stack,155780
AIHUB,aihub_cctv:train:fight:E03_001,raw_video,50109402
AIHUB,aihub_cctv:train:fight:E03_001,caption_stack,4392
AIHUB,aihub_cctv:train:fight:E03_001,center_frame_stack,21553
AIHUB,aihub_cctv:train:fight:E03_001,visual_4frame_stack,83806
AIHUB,aihub_cctv:train:fight:E03_001,fusion_stack,88198
AIHUB,aihub_cctv:train:fight:E03_002,raw_video,43500302
AIHUB,aihub_cctv:train:fight:E03_002,caption_stack,4334
AIHUB,aihub_cctv:train:fight:E03_002,center_frame_stack,43889
AIHUB,aihub_cctv:train:fight:E03_002,visual_4frame_stack,175241
AIHUB,aihub_cctv:train:fight:E03_002,fusion_stack,179575
AIHUB,aihub_cctv:train:fight:E03_003,raw_video,56315205
AIHUB,aihub_cctv:train:fight:E03_003,caption_stack,4423
AIHUB,aihub_cctv:train:fight:E03_003,center_frame_stack,34071
AIHUB,aihub_cctv:train:fight:E03_003,visual_4frame_stack,138540
AIHUB,aihub_cctv:train:fight:E03_003,fusion_stack,142963
AIHUB,aihub_cctv:train:fight:E03_004,raw_video,52630383
AIHUB,aihub_cctv:train:fight:E03_004,caption_stack,4398
AIHUB,aihub_cctv:train:fight:E03_004,center_frame_stack,47754
AIHUB,aihub_cctv:train:fight:E03_004,visual_4frame_stack,189713
AIHUB,aihub_cctv:train:fight:E03_004,fusion_stack,194111
AIHUB,aihub_cctv:train:fight:E03_005,raw_video,55290302
AIHUB,aihub_cctv:train:fight:E03_005,caption_stack,4239
AIHUB,aihub_cctv:train:fight:E03_005,center_frame_stack,35552
AIHUB,aihub_cctv:train:fight:E03_005,visual_4frame_stack,145643
AIHUB,aihub_cctv:train:fight:E03_005,fusion_stack,149882
AIHUB,aihub_cctv:train:fight:E03_006,raw_video,65235912
AIHUB,aihub_cctv:train:fight:E03_006,caption_stack,4398
AIHUB,aihub_cctv:train:fight:E03_006,center_frame_stack,53112
AIHUB,aihub_cctv:train:fight:E03_006,visual_4frame_stack,212452
AIHUB,aihub_cctv:train:fight:E03_006,fusion_stack,216850
AIHUB,aihub_cctv:train:fight:E03_007,raw_video,48858923
AIHUB,aihub_cctv:train:fight:E03_007,caption_stack,4291
AIHUB,aihub_cctv:train:fight:E03_007,center_frame_stack,54977
AIHUB,aihub_cctv:train:fight:E03_007,visual_4frame_stack,221991
AIHUB,aihub_cctv:train:fight:E03_007,fusion_stack,226282
AIHUB,aihub_cctv:train:fight:E03_008,raw_video,46866901
AIHUB,aihub_cctv:train:fight:E03_008,caption_stack,4238
AIHUB,aihub_cctv:train:fight:E03_008,center_frame_stack,36835
AIHUB,aihub_cctv:train:fight:E03_008,visual_4frame_stack,147521
AIHUB,aihub_cctv:train:fight:E03_008,fusion_stack,151759
AIHUB,aihub_cctv:train:fight:E03_009,raw_video,31382179
AIHUB,aihub_cctv:train:fight:E03_009,caption_stack,4221
AIHUB,aihub_cctv:train:fight:E03_009,center_frame_stack,42713
AIHUB,aihub_cctv:train:fight:E03_009,visual_4frame_stack,170183
AIHUB,aihub_cctv:train:fight:E03_009,fusion_stack,174404
AIHUB,aihub_cctv:train:fight:E03_010,raw_video,23368442
AIHUB,aihub_cctv:train:fight:E03_010,caption_stack,4230
AIHUB,aihub_cctv:train:fight:E03_010,center_frame_stack,41221
AIHUB,aihub_cctv:train:fight:E03_010,visual_4frame_stack,163368
AIHUB,aihub_cctv:train:fight:E03_010,fusion_stack,167598
AIHUB,aihub_cctv:train:fight:E03_011,raw_video,32971204
AIHUB,aihub_cctv:train:fight:E03_011,caption_stack,4197
AIHUB,aihub_cctv:train:fight:E03_011,center_frame_stack,41215
AIHUB,aihub_cctv:train:fight:E03_011,visual_4frame_stack,164960
AIHUB,aihub_cctv:train:fight:E03_011,fusion_stack,169157
AIHUB,aihub_cctv:train:fight:E03_012,raw_video,30747522
AIHUB,aihub_cctv:train:fight:E03_012,caption_stack,4217
AIHUB,aihub_cctv:train:fight:E03_012,center_frame_stack,53725
AIHUB,aihub_cctv:train:fight:E03_012,visual_4frame_stack,162815
AIHUB,aihub_cctv:train:fight:E03_012,fusion_stack,167032
AIHUB,aihub_cctv:train:fight:E03_013,raw_video,49507386
AIHUB,aihub_cctv:train:fight:E03_013,caption_stack,4195
AIHUB,aihub_cctv:train:fight:E03_013,center_frame_stack,53632
AIHUB,aihub_cctv:train:fight:E03_013,visual_4frame_stack,215894
AIHUB,aihub_cctv:train:fight:E03_013,fusion_stack,220089
AIHUB,aihub_cctv:train:fight:E03_014,raw_video,48741970
AIHUB,aihub_cctv:train:fight:E03_014,caption_stack,4194
AIHUB,aihub_cctv:train:fight:E03_014,center_frame_stack,43551
AIHUB,aihub_cctv:train:fight:E03_014,visual_4frame_stack,174212
AIHUB,aihub_cctv:train:fight:E03_014,fusion_stack,178406
AIHUB,aihub_cctv:train:fight:E03_015,raw_video,59146273
AIHUB,aihub_cctv:train:fight:E03_015,caption_stack,4286
AIHUB,aihub_cctv:train:fight:E03_015,center_frame_stack,35400
AIHUB,aihub_cctv:train:fight:E03_015,visual_4frame_stack,143224
AIHUB,aihub_cctv:train:fight:E03_015,fusion_stack,147510
AIHUB,aihub_cctv:train:fight:E03_016,raw_video,69254505
AIHUB,aihub_cctv:train:fight:E03_016,caption_stack,4262
AIHUB,aihub_cctv:train:fight:E03_016,center_frame_stack,54047
AIHUB,aihub_cctv:train:fight:E03_016,visual_4frame_stack,215778
AIHUB,aihub_cctv:train:fight:E03_016,fusion_stack,220040
AIHUB,aihub_cctv:train:fight:E03_017,raw_video,36947459
AIHUB,aihub_cctv:train:fight:E03_017,caption_stack,4208
AIHUB,aihub_cctv:train:fight:E03_017,center_frame_stack,52791
AIHUB,aihub_cctv:train:fight:E03_017,visual_4frame_stack,209887
AIHUB,aihub_cctv:train:fight:E03_017,fusion_stack,214095
AIHUB,aihub_cctv:train:fight:E03_018,raw_video,37424843
AIHUB,aihub_cctv:train:fight:E03_018,caption_stack,4261
AIHUB,aihub_cctv:train:fight:E03_018,center_frame_stack,46999
AIHUB,aihub_cctv:train:fight:E03_018,visual_4frame_stack,188367
AIHUB,aihub_cctv:train:fight:E03_018,fusion_stack,192628
AIHUB,aihub_cctv:train:fight:E03_019,raw_video,76511006
AIHUB,aihub_cctv:train:fight:E03_019,caption_stack,4225
AIHUB,aihub_cctv:train:fight:E03_019,center_frame_stack,44973
AIHUB,aihub_cctv:train:fight:E03_019,visual_4frame_stack,173960
AIHUB,aihub_cctv:train:fight:E03_019,fusion_stack,178185
AIHUB,aihub_cctv:train:fight:E03_020,raw_video,36492877
AIHUB,aihub_cctv:train:fight:E03_020,caption_stack,4212
AIHUB,aihub_cctv:train:fight:E03_020,center_frame_stack,34635
AIHUB,aihub_cctv:train:fight:E03_020,visual_4frame_stack,108392
AIHUB,aihub_cctv:train:fight:E03_020,fusion_stack,112604
AIHUB,aihub_cctv:train:fight:E03_021,raw_video,32192976
AIHUB,aihub_cctv:train:fight:E03_021,caption_stack,4190
AIHUB,aihub_cctv:train:fight:E03_021,center_frame_stack,49740
AIHUB,aihub_cctv:train:fight:E03_021,visual_4frame_stack,198854
AIHUB,aihub_cctv:train:fight:E03_021,fusion_stack,203044
AIHUB,aihub_cctv:train:fight:E03_022,raw_video,59163579
AIHUB,aihub_cctv:train:fight:E03_022,caption_stack,4189
AIHUB,aihub_cctv:train:fight:E03_022,center_frame_stack,51310
AIHUB,aihub_cctv:train:fight:E03_022,visual_4frame_stack,201501
AIHUB,aihub_cctv:train:fight:E03_022,fusion_stack,205690
AIHUB,aihub_cctv:train:fight:E03_023,raw_video,45905742
AIHUB,aihub_cctv:train:fight:E03_023,caption_stack,4280
AIHUB,aihub_cctv:train:fight:E03_023,center_frame_stack,53624
AIHUB,aihub_cctv:train:fight:E03_023,visual_4frame_stack,195141
AIHUB,aihub_cctv:train:fight:E03_023,fusion_stack,199421
AIHUB,aihub_cctv:train:fight:E03_024,raw_video,35189598
AIHUB,aihub_cctv:train:fight:E03_024,caption_stack,4241
AIHUB,aihub_cctv:train:fight:E03_024,center_frame_stack,51684
AIHUB,aihub_cctv:train:fight:E03_024,visual_4frame_stack,182477
AIHUB,aihub_cctv:train:fight:E03_024,fusion_stack,186718
AIHUB,aihub_cctv:train:flood_level0_alley:E06_005,raw_video,104579661
AIHUB,aihub_cctv:train:flood_level0_alley:E06_005,caption_stack,4215
AIHUB,aihub_cctv:train:flood_level0_alley:E06_005,center_frame_stack,60013
AIHUB,aihub_cctv:train:flood_level0_alley:E06_005,visual_4frame_stack,239142
AIHUB,aihub_cctv:train:flood_level0_alley:E06_005,fusion_stack,243357
AIHUB,aihub_cctv:train:flood_level0_alley:E06_006,raw_video,97220406
AIHUB,aihub_cctv:train:flood_level0_alley:E06_006,caption_stack,4225
AIHUB,aihub_cctv:train:flood_level0_alley:E06_006,center_frame_stack,60328
AIHUB,aihub_cctv:train:flood_level0_alley:E06_006,visual_4frame_stack,239290
AIHUB,aihub_cctv:train:flood_level0_alley:E06_006,fusion_stack,243515
AIHUB,aihub_cctv:train:flood_level0_alley:E06_009,raw_video,35092216
AIHUB,aihub_cctv:train:flood_level0_alley:E06_009,caption_stack,4186
AIHUB,aihub_cctv:train:flood_level0_alley:E06_009,center_frame_stack,58245
AIHUB,aihub_cctv:train:flood_level0_alley:E06_009,visual_4frame_stack,232418
AIHUB,aihub_cctv:train:flood_level0_alley:E06_009,fusion_stack,236604
AIHUB,aihub_cctv:train:flood_level0_alley:E06_010,raw_video,27918145
AIHUB,aihub_cctv:train:flood_level0_alley:E06_010,caption_stack,4191
AIHUB,aihub_cctv:train:flood_level0_alley:E06_010,center_frame_stack,49576
AIHUB,aihub_cctv:train:flood_level0_alley:E06_010,visual_4frame_stack,155210
AIHUB,aihub_cctv:train:flood_level0_alley:E06_010,fusion_stack,159401
AIHUB,aihub_cctv:train:flood_level0_alley:E06_011,raw_video,33455476
AIHUB,aihub_cctv:train:flood_level0_alley:E06_011,caption_stack,4239
AIHUB,aihub_cctv:train:flood_level0_alley:E06_011,center_frame_stack,52833
AIHUB,aihub_cctv:train:flood_level0_alley:E06_011,visual_4frame_stack,210185
AIHUB,aihub_cctv:train:flood_level0_alley:E06_011,fusion_stack,214424
AIHUB,aihub_cctv:train:flood_level0_intersection:E06_001,raw_video,93675815
AIHUB,aihub_cctv:train:flood_level0_intersection:E06_001,caption_stack,4179
AIHUB,aihub_cctv:train:flood_level0_intersection:E06_001,center_frame_stack,52117
AIHUB,aihub_cctv:train:flood_level0_intersection:E06_001,visual_4frame_stack,199247
AIHUB,aihub_cctv:train:flood_level0_intersection:E06_001,fusion_stack,203426
AIHUB,aihub_cctv:train:flood_level0_road:E06_002,raw_video,92172012
AIHUB,aihub_cctv:train:flood_level0_road:E06_002,caption_stack,4229
AIHUB,aihub_cctv:train:flood_level0_road:E06_002,center_frame_stack,48012
AIHUB,aihub_cctv:train:flood_level0_road:E06_002,visual_4frame_stack,189910
AIHUB,aihub_cctv:train:flood_level0_road:E06_002,fusion_stack,194139
AIHUB,aihub_cctv:train:flood_level1_alley:E06_012,raw_video,31352704
AIHUB,aihub_cctv:train:flood_level1_alley:E06_012,caption_stack,4203
AIHUB,aihub_cctv:train:flood_level1_alley:E06_012,center_frame_stack,48849
AIHUB,aihub_cctv:train:flood_level1_alley:E06_012,visual_4frame_stack,146789
AIHUB,aihub_cctv:train:flood_level1_alley:E06_012,fusion_stack,150992
AIHUB,aihub_cctv:train:flood_level1_alley:E06_013,raw_video,35119528
AIHUB,aihub_cctv:train:flood_level1_alley:E06_013,caption_stack,4189
AIHUB,aihub_cctv:train:flood_level1_alley:E06_013,center_frame_stack,48585
AIHUB,aihub_cctv:train:flood_level1_alley:E06_013,visual_4frame_stack,184037
AIHUB,aihub_cctv:train:flood_level1_alley:E06_013,fusion_stack,188226
AIHUB,aihub_cctv:train:flood_level1_alley:E06_014,raw_video,18580951
AIHUB,aihub_cctv:train:flood_level1_alley:E06_014,caption_stack,4270
AIHUB,aihub_cctv:train:flood_level1_alley:E06_014,center_frame_stack,26787
AIHUB,aihub_cctv:train:flood_level1_alley:E06_014,visual_4frame_stack,117876
AIHUB,aihub_cctv:train:flood_level1_alley:E06_014,fusion_stack,122146
AIHUB,aihub_cctv:train:flood_level1_alley:E06_017,raw_video,30002711
AIHUB,aihub_cctv:train:flood_level1_alley:E06_017,caption_stack,4210
AIHUB,aihub_cctv:train:flood_level1_alley:E06_017,center_frame_stack,33481
AIHUB,aihub_cctv:train:flood_level1_alley:E06_017,visual_4frame_stack,108738
AIHUB,aihub_cctv:train:flood_level1_alley:E06_017,fusion_stack,112948
AIHUB,aihub_cctv:train:flood_level1_alley:E06_018,raw_video,22371476
AIHUB,aihub_cctv:train:flood_level1_alley:E06_018,caption_stack,4225
AIHUB,aihub_cctv:train:flood_level1_alley:E06_018,center_frame_stack,33061
AIHUB,aihub_cctv:train:flood_level1_alley:E06_018,visual_4frame_stack,107847
AIHUB,aihub_cctv:train:flood_level1_alley:E06_018,fusion_stack,112072
AIHUB,aihub_cctv:train:flood_level1_alley:E06_019,raw_video,25707517
AIHUB,aihub_cctv:train:flood_level1_alley:E06_019,caption_stack,4245
AIHUB,aihub_cctv:train:flood_level1_alley:E06_019,center_frame_stack,40794
AIHUB,aihub_cctv:train:flood_level1_alley:E06_019,visual_4frame_stack,171050
AIHUB,aihub_cctv:train:flood_level1_alley:E06_019,fusion_stack,175295
AIHUB,aihub_cctv:train:flood_level1_alley:E06_020,raw_video,21545505
AIHUB,aihub_cctv:train:flood_level1_alley:E06_020,caption_stack,4221
AIHUB,aihub_cctv:train:flood_level1_alley:E06_020,center_frame_stack,52714
AIHUB,aihub_cctv:train:flood_level1_alley:E06_020,visual_4frame_stack,161730
AIHUB,aihub_cctv:train:flood_level1_alley:E06_020,fusion_stack,165951
AIHUB,aihub_cctv:train:flood_level1_alley:E06_022,raw_video,14394236
AIHUB,aihub_cctv:train:flood_level1_alley:E06_022,caption_stack,4206
AIHUB,aihub_cctv:train:flood_level1_alley:E06_022,center_frame_stack,48855
AIHUB,aihub_cctv:train:flood_level1_alley:E06_022,visual_4frame_stack,191235
AIHUB,aihub_cctv:train:flood_level1_alley:E06_022,fusion_stack,195441
AIHUB,aihub_cctv:train:flood_level1_alley:E06_023,raw_video,20829436
AIHUB,aihub_cctv:train:flood_level1_alley:E06_023,caption_stack,4210
AIHUB,aihub_cctv:train:flood_level1_alley:E06_023,center_frame_stack,37658
AIHUB,aihub_cctv:train:flood_level1_alley:E06_023,visual_4frame_stack,149445
AIHUB,aihub_cctv:train:flood_level1_alley:E06_023,fusion_stack,153655
AIHUB,aihub_cctv:train:flood_level1_alley:E06_026,raw_video,35833970
AIHUB,aihub_cctv:train:flood_level1_alley:E06_026,caption_stack,4198
AIHUB,aihub_cctv:train:flood_level1_alley:E06_026,center_frame_stack,58936
AIHUB,aihub_cctv:train:flood_level1_alley:E06_026,visual_4frame_stack,235148
AIHUB,aihub_cctv:train:flood_level1_alley:E06_026,fusion_stack,239346
AIHUB,aihub_cctv:train:flood_level1_alley:E06_027,raw_video,28197121
AIHUB,aihub_cctv:train:flood_level1_alley:E06_027,caption_stack,4187
AIHUB,aihub_cctv:train:flood_level1_alley:E06_027,center_frame_stack,43523
AIHUB,aihub_cctv:train:flood_level1_alley:E06_027,visual_4frame_stack,174942
AIHUB,aihub_cctv:train:flood_level1_alley:E06_027,fusion_stack,179129
AIHUB,aihub_cctv:train:flood_level1_alley:E06_028,raw_video,13686729
AIHUB,aihub_cctv:train:flood_level1_alley:E06_028,caption_stack,4252
AIHUB,aihub_cctv:train:flood_level1_alley:E06_028,center_frame_stack,47879
AIHUB,aihub_cctv:train:flood_level1_alley:E06_028,visual_4frame_stack,187167
AIHUB,aihub_cctv:train:flood_level1_alley:E06_028,fusion_stack,191419
AIHUB,aihub_cctv:train:flood_level1_alley:E06_029,raw_video,20455563
AIHUB,aihub_cctv:train:flood_level1_alley:E06_029,caption_stack,4229
AIHUB,aihub_cctv:train:flood_level1_alley:E06_029,center_frame_stack,59632
AIHUB,aihub_cctv:train:flood_level1_alley:E06_029,visual_4frame_stack,238943
AIHUB,aihub_cctv:train:flood_level1_alley:E06_029,fusion_stack,243172
AIHUB,aihub_cctv:train:flood_level1_alley:E06_030,raw_video,14792559
AIHUB,aihub_cctv:train:flood_level1_alley:E06_030,caption_stack,4253
AIHUB,aihub_cctv:train:flood_level1_alley:E06_030,center_frame_stack,59282
AIHUB,aihub_cctv:train:flood_level1_alley:E06_030,visual_4frame_stack,237364
AIHUB,aihub_cctv:train:flood_level1_alley:E06_030,fusion_stack,241617
AIHUB,aihub_cctv:train:flood_level1_alley:E06_031,raw_video,16457543
AIHUB,aihub_cctv:train:flood_level1_alley:E06_031,caption_stack,4217
AIHUB,aihub_cctv:train:flood_level1_alley:E06_031,center_frame_stack,53325
AIHUB,aihub_cctv:train:flood_level1_alley:E06_031,visual_4frame_stack,210184
AIHUB,aihub_cctv:train:flood_level1_alley:E06_031,fusion_stack,214401
AIHUB,aihub_cctv:train:flood_level1_alley:E06_032,raw_video,16705180
AIHUB,aihub_cctv:train:flood_level1_alley:E06_032,caption_stack,4228
AIHUB,aihub_cctv:train:flood_level1_alley:E06_032,center_frame_stack,52396
AIHUB,aihub_cctv:train:flood_level1_alley:E06_032,visual_4frame_stack,215325
AIHUB,aihub_cctv:train:flood_level1_alley:E06_032,fusion_stack,219553
AIHUB,aihub_cctv:train:flood_level1_alley:E06_033,raw_video,26772098
AIHUB,aihub_cctv:train:flood_level1_alley:E06_033,caption_stack,4242
AIHUB,aihub_cctv:train:flood_level1_alley:E06_033,center_frame_stack,55759
AIHUB,aihub_cctv:train:flood_level1_alley:E06_033,visual_4frame_stack,215372
AIHUB,aihub_cctv:train:flood_level1_alley:E06_033,fusion_stack,219614
AIHUB,aihub_cctv:train:flood_level1_alley:E06_048,raw_video,26876424
AIHUB,aihub_cctv:train:flood_level1_alley:E06_048,caption_stack,4218
AIHUB,aihub_cctv:train:flood_level1_alley:E06_048,center_frame_stack,16259
AIHUB,aihub_cctv:train:flood_level1_alley:E06_048,visual_4frame_stack,63060
AIHUB,aihub_cctv:train:flood_level1_alley:E06_048,fusion_stack,67278
AIHUB,aihub_cctv:train:flood_level1_alley:E06_049,raw_video,40100715
AIHUB,aihub_cctv:train:flood_level1_alley:E06_049,caption_stack,4199
AIHUB,aihub_cctv:train:flood_level1_alley:E06_049,center_frame_stack,26148
AIHUB,aihub_cctv:train:flood_level1_alley:E06_049,visual_4frame_stack,101388
AIHUB,aihub_cctv:train:flood_level1_alley:E06_049,fusion_stack,105587
AIHUB,aihub_cctv:train:flood_level1_intersection:E06_004,raw_video,223657616
AIHUB,aihub_cctv:train:flood_level1_intersection:E06_004,caption_stack,4202
AIHUB,aihub_cctv:train:flood_level1_intersection:E06_004,center_frame_stack,72861
AIHUB,aihub_cctv:train:flood_level1_intersection:E06_004,visual_4frame_stack,300692
AIHUB,aihub_cctv:train:flood_level1_intersection:E06_004,fusion_stack,304894
AIHUB,aihub_cctv:train:flood_level1_intersection:E06_021,raw_video,26210613
AIHUB,aihub_cctv:train:flood_level1_intersection:E06_021,caption_stack,4193
AIHUB,aihub_cctv:train:flood_level1_intersection:E06_021,center_frame_stack,48219
AIHUB,aihub_cctv:train:flood_level1_intersection:E06_021,visual_4frame_stack,194846
AIHUB,aihub_cctv:train:flood_level1_intersection:E06_021,fusion_stack,199039
AIHUB,aihub_cctv:train:flood_level1_other:E06_034,raw_video,43174915
AIHUB,aihub_cctv:train:flood_level1_other:E06_034,caption_stack,4198
AIHUB,aihub_cctv:train:flood_level1_other:E06_034,center_frame_stack,50925
AIHUB,aihub_cctv:train:flood_level1_other:E06_034,visual_4frame_stack,150590
AIHUB,aihub_cctv:train:flood_level1_other:E06_034,fusion_stack,154788
AIHUB,aihub_cctv:train:flood_level1_other:E06_056,raw_video,57919639
AIHUB,aihub_cctv:train:flood_level1_other:E06_056,caption_stack,4207
AIHUB,aihub_cctv:train:flood_level1_other:E06_056,center_frame_stack,50372
AIHUB,aihub_cctv:train:flood_level1_other:E06_056,visual_4frame_stack,206720
AIHUB,aihub_cctv:train:flood_level1_other:E06_056,fusion_stack,210927
AIHUB,aihub_cctv:train:flood_level1_road:E06_003,raw_video,222400306
AIHUB,aihub_cctv:train:flood_level1_road:E06_003,caption_stack,4231
AIHUB,aihub_cctv:train:flood_level1_road:E06_003,center_frame_stack,72472
AIHUB,aihub_cctv:train:flood_level1_road:E06_003,visual_4frame_stack,288638
AIHUB,aihub_cctv:train:flood_level1_road:E06_003,fusion_stack,292869
AIHUB,aihub_cctv:train:flood_level1_road:E06_015,raw_video,52485151
AIHUB,aihub_cctv:train:flood_level1_road:E06_015,caption_stack,4297
AIHUB,aihub_cctv:train:flood_level1_road:E06_015,center_frame_stack,40184
AIHUB,aihub_cctv:train:flood_level1_road:E06_015,visual_4frame_stack,133139
AIHUB,aihub_cctv:train:flood_level1_road:E06_015,fusion_stack,137436
AIHUB,aihub_cctv:train:flood_level1_road:E06_016,raw_video,28593907
AIHUB,aihub_cctv:train:flood_level1_road:E06_016,caption_stack,4183
AIHUB,aihub_cctv:train:flood_level1_road:E06_016,center_frame_stack,41648
AIHUB,aihub_cctv:train:flood_level1_road:E06_016,visual_4frame_stack,178660
AIHUB,aihub_cctv:train:flood_level1_road:E06_016,fusion_stack,182843
AIHUB,aihub_cctv:train:flood_level1_road:E06_024,raw_video,30128221
AIHUB,aihub_cctv:train:flood_level1_road:E06_024,caption_stack,4248
AIHUB,aihub_cctv:train:flood_level1_road:E06_024,center_frame_stack,50807
AIHUB,aihub_cctv:train:flood_level1_road:E06_024,visual_4frame_stack,201623
AIHUB,aihub_cctv:train:flood_level1_road:E06_024,fusion_stack,205871
AIHUB,aihub_cctv:train:flood_level1_road:E06_025,raw_video,26063336
AIHUB,aihub_cctv:train:flood_level1_road:E06_025,caption_stack,4209
AIHUB,aihub_cctv:train:flood_level1_road:E06_025,center_frame_stack,53023
AIHUB,aihub_cctv:train:flood_level1_road:E06_025,visual_4frame_stack,201986
AIHUB,aihub_cctv:train:flood_level1_road:E06_025,fusion_stack,206195
AIHUB,aihub_cctv:train:flood_level1_road:E06_046,raw_video,60327239
AIHUB,aihub_cctv:train:flood_level1_road:E06_046,caption_stack,4217
AIHUB,aihub_cctv:train:flood_level1_road:E06_046,center_frame_stack,41581
AIHUB,aihub_cctv:train:flood_level1_road:E06_046,visual_4frame_stack,167187
AIHUB,aihub_cctv:train:flood_level1_road:E06_046,fusion_stack,171404
AIHUB,aihub_cctv:train:flood_level1_road:E06_047,raw_video,62771247
AIHUB,aihub_cctv:train:flood_level1_road:E06_047,caption_stack,4201
AIHUB,aihub_cctv:train:flood_level1_road:E06_047,center_frame_stack,37172
AIHUB,aihub_cctv:train:flood_level1_road:E06_047,visual_4frame_stack,149136
AIHUB,aihub_cctv:train:flood_level1_road:E06_047,fusion_stack,153337
AIHUB,aihub_cctv:train:flood_level2_alley:E06_035,raw_video,10741216
AIHUB,aihub_cctv:train:flood_level2_alley:E06_035,caption_stack,4206
AIHUB,aihub_cctv:train:flood_level2_alley:E06_035,center_frame_stack,24070
AIHUB,aihub_cctv:train:flood_level2_alley:E06_035,visual_4frame_stack,93198
AIHUB,aihub_cctv:train:flood_level2_alley:E06_035,fusion_stack,97404
AIHUB,aihub_cctv:train:flood_level2_alley:E06_036,raw_video,15397382
AIHUB,aihub_cctv:train:flood_level2_alley:E06_036,caption_stack,4201
AIHUB,aihub_cctv:train:flood_level2_alley:E06_036,center_frame_stack,23728
AIHUB,aihub_cctv:train:flood_level2_alley:E06_036,visual_4frame_stack,94706
AIHUB,aihub_cctv:train:flood_level2_alley:E06_036,fusion_stack,98907
AIHUB,aihub_cctv:train:flood_level2_alley:E06_037,raw_video,13554503
AIHUB,aihub_cctv:train:flood_level2_alley:E06_037,caption_stack,4191
AIHUB,aihub_cctv:train:flood_level2_alley:E06_037,center_frame_stack,22656
AIHUB,aihub_cctv:train:flood_level2_alley:E06_037,visual_4frame_stack,89848
AIHUB,aihub_cctv:train:flood_level2_alley:E06_037,fusion_stack,94039
AIHUB,aihub_cctv:train:flood_level2_alley:E06_038,raw_video,10355747
AIHUB,aihub_cctv:train:flood_level2_alley:E06_038,caption_stack,4223
AIHUB,aihub_cctv:train:flood_level2_alley:E06_038,center_frame_stack,21787
AIHUB,aihub_cctv:train:flood_level2_alley:E06_038,visual_4frame_stack,90863
AIHUB,aihub_cctv:train:flood_level2_alley:E06_038,fusion_stack,95086
AIHUB,aihub_cctv:train:flood_level2_alley:E06_039,raw_video,12170407
AIHUB,aihub_cctv:train:flood_level2_alley:E06_039,caption_stack,4205
AIHUB,aihub_cctv:train:flood_level2_alley:E06_039,center_frame_stack,24919
AIHUB,aihub_cctv:train:flood_level2_alley:E06_039,visual_4frame_stack,96890
AIHUB,aihub_cctv:train:flood_level2_alley:E06_039,fusion_stack,101095
AIHUB,aihub_cctv:train:flood_level2_alley:E06_040,raw_video,16531399
AIHUB,aihub_cctv:train:flood_level2_alley:E06_040,caption_stack,4239
AIHUB,aihub_cctv:train:flood_level2_alley:E06_040,center_frame_stack,28191
AIHUB,aihub_cctv:train:flood_level2_alley:E06_040,visual_4frame_stack,107954
AIHUB,aihub_cctv:train:flood_level2_alley:E06_040,fusion_stack,112193
AIHUB,aihub_cctv:train:flood_level2_alley:E06_041,raw_video,10206048
AIHUB,aihub_cctv:train:flood_level2_alley:E06_041,caption_stack,4239
AIHUB,aihub_cctv:train:flood_level2_alley:E06_041,center_frame_stack,24909
AIHUB,aihub_cctv:train:flood_level2_alley:E06_041,visual_4frame_stack,99062
AIHUB,aihub_cctv:train:flood_level2_alley:E06_041,fusion_stack,103301
AIHUB,aihub_cctv:train:flood_level2_alley:E06_042,raw_video,10590919
AIHUB,aihub_cctv:train:flood_level2_alley:E06_042,caption_stack,4212
AIHUB,aihub_cctv:train:flood_level2_alley:E06_042,center_frame_stack,18091
AIHUB,aihub_cctv:train:flood_level2_alley:E06_042,visual_4frame_stack,67892
AIHUB,aihub_cctv:train:flood_level2_alley:E06_042,fusion_stack,72104
AIHUB,aihub_cctv:train:flood_level2_alley:E06_043,raw_video,9288341
AIHUB,aihub_cctv:train:flood_level2_alley:E06_043,caption_stack,4318
AIHUB,aihub_cctv:train:flood_level2_alley:E06_043,center_frame_stack,17992
AIHUB,aihub_cctv:train:flood_level2_alley:E06_043,visual_4frame_stack,59421
AIHUB,aihub_cctv:train:flood_level2_alley:E06_043,fusion_stack,63739
AIHUB,aihub_cctv:train:intrusion:E01_001,raw_video,75857292
AIHUB,aihub_cctv:train:intrusion:E01_001,caption_stack,4308
AIHUB,aihub_cctv:train:intrusion:E01_001,center_frame_stack,79775
AIHUB,aihub_cctv:train:intrusion:E01_001,visual_4frame_stack,317673
AIHUB,aihub_cctv:train:intrusion:E01_001,fusion_stack,321981
AIHUB,aihub_cctv:train:intrusion:E01_002,raw_video,75598602
AIHUB,aihub_cctv:train:intrusion:E01_002,caption_stack,4273
AIHUB,aihub_cctv:train:intrusion:E01_002,center_frame_stack,79362
AIHUB,aihub_cctv:train:intrusion:E01_002,visual_4frame_stack,317503
AIHUB,aihub_cctv:train:intrusion:E01_002,fusion_stack,321776
AIHUB,aihub_cctv:train:intrusion:E01_003,raw_video,66801834
AIHUB,aihub_cctv:train:intrusion:E01_003,caption_stack,4269
AIHUB,aihub_cctv:train:intrusion:E01_003,center_frame_stack,75962
AIHUB,aihub_cctv:train:intrusion:E01_003,visual_4frame_stack,302218
AIHUB,aihub_cctv:train:intrusion:E01_003,fusion_stack,306487
AIHUB,aihub_cctv:train:intrusion:E01_004,raw_video,19601772
AIHUB,aihub_cctv:train:intrusion:E01_004,caption_stack,4196
AIHUB,aihub_cctv:train:intrusion:E01_004,center_frame_stack,58268
AIHUB,aihub_cctv:train:intrusion:E01_004,visual_4frame_stack,232736
AIHUB,aihub_cctv:train:intrusion:E01_004,fusion_stack,236932
AIHUB,aihub_cctv:train:intrusion:E01_005,raw_video,37530399
AIHUB,aihub_cctv:train:intrusion:E01_005,caption_stack,4226
AIHUB,aihub_cctv:train:intrusion:E01_005,center_frame_stack,55351
AIHUB,aihub_cctv:train:intrusion:E01_005,visual_4frame_stack,221928
AIHUB,aihub_cctv:train:intrusion:E01_005,fusion_stack,226154
AIHUB,aihub_cctv:train:intrusion:E01_006,raw_video,60957684
AIHUB,aihub_cctv:train:intrusion:E01_006,caption_stack,4203
AIHUB,aihub_cctv:train:intrusion:E01_006,center_frame_stack,52485
AIHUB,aihub_cctv:train:intrusion:E01_006,visual_4frame_stack,209516
AIHUB,aihub_cctv:train:intrusion:E01_006,fusion_stack,213719
AIHUB,aihub_cctv:train:intrusion:E01_007,raw_video,60687958
AIHUB,aihub_cctv:train:intrusion:E01_007,caption_stack,4203
AIHUB,aihub_cctv:train:intrusion:E01_007,center_frame_stack,53236
AIHUB,aihub_cctv:train:intrusion:E01_007,visual_4frame_stack,210500
AIHUB,aihub_cctv:train:intrusion:E01_007,fusion_stack,214703
AIHUB,aihub_cctv:train:intrusion:E01_008,raw_video,53828525
AIHUB,aihub_cctv:train:intrusion:E01_008,caption_stack,4197
AIHUB,aihub_cctv:train:intrusion:E01_008,center_frame_stack,64848
AIHUB,aihub_cctv:train:intrusion:E01_008,visual_4frame_stack,260109
AIHUB,aihub_cctv:train:intrusion:E01_008,fusion_stack,264306
AIHUB,aihub_cctv:train:intrusion:E01_009,raw_video,55558444
AIHUB,aihub_cctv:train:intrusion:E01_009,caption_stack,4230
AIHUB,aihub_cctv:train:intrusion:E01_009,center_frame_stack,75760
AIHUB,aihub_cctv:train:intrusion:E01_009,visual_4frame_stack,302887
AIHUB,aihub_cctv:train:intrusion:E01_009,fusion_stack,307117
AIHUB,aihub_cctv:train:intrusion:E01_010,raw_video,57730588
AIHUB,aihub_cctv:train:intrusion:E01_010,caption_stack,4230
AIHUB,aihub_cctv:train:intrusion:E01_010,center_frame_stack,67510
AIHUB,aihub_cctv:train:intrusion:E01_010,visual_4frame_stack,267447
AIHUB,aihub_cctv:train:intrusion:E01_010,fusion_stack,271677
AIHUB,aihub_cctv:train:intrusion:E01_011,raw_video,79461930
AIHUB,aihub_cctv:train:intrusion:E01_011,caption_stack,4227
AIHUB,aihub_cctv:train:intrusion:E01_011,center_frame_stack,66572
AIHUB,aihub_cctv:train:intrusion:E01_011,visual_4frame_stack,267237
AIHUB,aihub_cctv:train:intrusion:E01_011,fusion_stack,271464
AIHUB,aihub_cctv:train:intrusion:E01_012,raw_video,58967521
AIHUB,aihub_cctv:train:intrusion:E01_012,caption_stack,4253
AIHUB,aihub_cctv:train:intrusion:E01_012,center_frame_stack,66235
AIHUB,aihub_cctv:train:intrusion:E01_012,visual_4frame_stack,264677
AIHUB,aihub_cctv:train:intrusion:E01_012,fusion_stack,268930
AIHUB,aihub_cctv:train:intrusion:E01_013,raw_video,60348300
AIHUB,aihub_cctv:train:intrusion:E01_013,caption_stack,4218
AIHUB,aihub_cctv:train:intrusion:E01_013,center_frame_stack,67204
AIHUB,aihub_cctv:train:intrusion:E01_013,visual_4frame_stack,265453
AIHUB,aihub_cctv:train:intrusion:E01_013,fusion_stack,269671
AIHUB,aihub_cctv:train:intrusion:E01_014,raw_video,64050889
AIHUB,aihub_cctv:train:intrusion:E01_014,caption_stack,4180
AIHUB,aihub_cctv:train:intrusion:E01_014,center_frame_stack,58143
AIHUB,aihub_cctv:train:intrusion:E01_014,visual_4frame_stack,230675
AIHUB,aihub_cctv:train:intrusion:E01_014,fusion_stack,234855
AIHUB,aihub_cctv:train:intrusion:E01_015,raw_video,63695596
AIHUB,aihub_cctv:train:intrusion:E01_015,caption_stack,4189
AIHUB,aihub_cctv:train:intrusion:E01_015,center_frame_stack,66828
AIHUB,aihub_cctv:train:intrusion:E01_015,visual_4frame_stack,265135
AIHUB,aihub_cctv:train:intrusion:E01_015,fusion_stack,269324
AIHUB,aihub_cctv:train:intrusion:E01_016,raw_video,64984593
AIHUB,aihub_cctv:train:intrusion:E01_016,caption_stack,4234
AIHUB,aihub_cctv:train:intrusion:E01_016,center_frame_stack,57464
AIHUB,aihub_cctv:train:intrusion:E01_016,visual_4frame_stack,229321
AIHUB,aihub_cctv:train:intrusion:E01_016,fusion_stack,233555
AIHUB,aihub_cctv:train:intrusion:E01_017,raw_video,65373562
AIHUB,aihub_cctv:train:intrusion:E01_017,caption_stack,4189
AIHUB,aihub_cctv:train:intrusion:E01_017,center_frame_stack,66927
AIHUB,aihub_cctv:train:intrusion:E01_017,visual_4frame_stack,266387
AIHUB,aihub_cctv:train:intrusion:E01_017,fusion_stack,270576
AIHUB,aihub_cctv:train:intrusion:E01_018,raw_video,68451305
AIHUB,aihub_cctv:train:intrusion:E01_018,caption_stack,4208
AIHUB,aihub_cctv:train:intrusion:E01_018,center_frame_stack,57803
AIHUB,aihub_cctv:train:intrusion:E01_018,visual_4frame_stack,231555
AIHUB,aihub_cctv:train:intrusion:E01_018,fusion_stack,235763
AIHUB,aihub_cctv:train:intrusion:E01_019,raw_video,64984806
AIHUB,aihub_cctv:train:intrusion:E01_019,caption_stack,4179
AIHUB,aihub_cctv:train:intrusion:E01_019,center_frame_stack,67800
AIHUB,aihub_cctv:train:intrusion:E01_019,visual_4frame_stack,266117
AIHUB,aihub_cctv:train:intrusion:E01_019,fusion_stack,270296
AIHUB,aihub_cctv:train:intrusion:E01_020,raw_video,67546759
AIHUB,aihub_cctv:train:intrusion:E01_020,caption_stack,4378
AIHUB,aihub_cctv:train:intrusion:E01_020,center_frame_stack,56848
AIHUB,aihub_cctv:train:intrusion:E01_020,visual_4frame_stack,227777
AIHUB,aihub_cctv:train:intrusion:E01_020,fusion_stack,232155
AIHUB,aihub_cctv:train:intrusion:E01_021,raw_video,69770155
AIHUB,aihub_cctv:train:intrusion:E01_021,caption_stack,4181
AIHUB,aihub_cctv:train:intrusion:E01_021,center_frame_stack,56096
AIHUB,aihub_cctv:train:intrusion:E01_021,visual_4frame_stack,225672
AIHUB,aihub_cctv:train:intrusion:E01_021,fusion_stack,229853
AIHUB,aihub_cctv:train:intrusion:E01_022,raw_video,68967770
AIHUB,aihub_cctv:train:intrusion:E01_022,caption_stack,4190
AIHUB,aihub_cctv:train:intrusion:E01_022,center_frame_stack,78567
AIHUB,aihub_cctv:train:intrusion:E01_022,visual_4frame_stack,316036
AIHUB,aihub_cctv:train:intrusion:E01_022,fusion_stack,320226
AIHUB,aihub_cctv:train:intrusion:E01_023,raw_video,85969664
AIHUB,aihub_cctv:train:intrusion:E01_023,caption_stack,4192
AIHUB,aihub_cctv:train:intrusion:E01_023,center_frame_stack,66454
AIHUB,aihub_cctv:train:intrusion:E01_023,visual_4frame_stack,265017
AIHUB,aihub_cctv:train:intrusion:E01_023,fusion_stack,269209
AIHUB,aihub_cctv:train:intrusion:E01_024,raw_video,69469118
AIHUB,aihub_cctv:train:intrusion:E01_024,caption_stack,4173
AIHUB,aihub_cctv:train:intrusion:E01_024,center_frame_stack,79345
AIHUB,aihub_cctv:train:intrusion:E01_024,visual_4frame_stack,315894
AIHUB,aihub_cctv:train:intrusion:E01_024,fusion_stack,320067
AIHUB,aihub_cctv:train:intrusion:E01_025,raw_video,73508095
AIHUB,aihub_cctv:train:intrusion:E01_025,caption_stack,4180
AIHUB,aihub_cctv:train:intrusion:E01_025,center_frame_stack,79185
AIHUB,aihub_cctv:train:intrusion:E01_025,visual_4frame_stack,316441
AIHUB,aihub_cctv:train:intrusion:E01_025,fusion_stack,320621
AIHUB,aihub_cctv:train:intrusion:E01_026,raw_video,74256451
AIHUB,aihub_cctv:train:intrusion:E01_026,caption_stack,4234
AIHUB,aihub_cctv:train:intrusion:E01_026,center_frame_stack,70202
AIHUB,aihub_cctv:train:intrusion:E01_026,visual_4frame_stack,280779
AIHUB,aihub_cctv:train:intrusion:E01_026,fusion_stack,285013
AIHUB,aihub_cctv:train:intrusion:E01_027,raw_video,79285930
AIHUB,aihub_cctv:train:intrusion:E01_027,caption_stack,4210
AIHUB,aihub_cctv:train:intrusion:E01_027,center_frame_stack,77172
AIHUB,aihub_cctv:train:intrusion:E01_027,visual_4frame_stack,307711
AIHUB,aihub_cctv:train:intrusion:E01_027,fusion_stack,311921
AIHUB,aihub_cctv:train:intrusion:E01_028,raw_video,79656503
AIHUB,aihub_cctv:train:intrusion:E01_028,caption_stack,4210
AIHUB,aihub_cctv:train:intrusion:E01_028,center_frame_stack,72905
AIHUB,aihub_cctv:train:intrusion:E01_028,visual_4frame_stack,294389
AIHUB,aihub_cctv:train:intrusion:E01_028,fusion_stack,298599
AIHUB,aihub_cctv:train:intrusion:E01_029,raw_video,85935121
AIHUB,aihub_cctv:train:intrusion:E01_029,caption_stack,4444
AIHUB,aihub_cctv:train:intrusion:E01_029,center_frame_stack,79678
AIHUB,aihub_cctv:train:intrusion:E01_029,visual_4frame_stack,313675
AIHUB,aihub_cctv:train:intrusion:E01_029,fusion_stack,318119
AIHUB,aihub_cctv:train:intrusion:E01_030,raw_video,101736452
AIHUB,aihub_cctv:train:intrusion:E01_030,caption_stack,4190
AIHUB,aihub_cctv:train:intrusion:E01_030,center_frame_stack,70514
AIHUB,aihub_cctv:train:intrusion:E01_030,visual_4frame_stack,281691
AIHUB,aihub_cctv:train:intrusion:E01_030,fusion_stack,285881
AIHUB,aihub_cctv:train:intrusion:E01_031,raw_video,29581536
AIHUB,aihub_cctv:train:intrusion:E01_031,caption_stack,4317
AIHUB,aihub_cctv:train:intrusion:E01_031,center_frame_stack,55923
AIHUB,aihub_cctv:train:intrusion:E01_031,visual_4frame_stack,174976
AIHUB,aihub_cctv:train:intrusion:E01_031,fusion_stack,179293
AIHUB,aihub_cctv:train:intrusion:E01_032,raw_video,26729313
AIHUB,aihub_cctv:train:intrusion:E01_032,caption_stack,4306
AIHUB,aihub_cctv:train:intrusion:E01_032,center_frame_stack,47042
AIHUB,aihub_cctv:train:intrusion:E01_032,visual_4frame_stack,188732
AIHUB,aihub_cctv:train:intrusion:E01_032,fusion_stack,193038
AIHUB,aihub_cctv:train:intrusion:E01_033,raw_video,31608838
AIHUB,aihub_cctv:train:intrusion:E01_033,caption_stack,4350
AIHUB,aihub_cctv:train:intrusion:E01_033,center_frame_stack,56280
AIHUB,aihub_cctv:train:intrusion:E01_033,visual_4frame_stack,225304
AIHUB,aihub_cctv:train:intrusion:E01_033,fusion_stack,229654
AIHUB,aihub_cctv:train:intrusion:E01_034,raw_video,43171436
AIHUB,aihub_cctv:train:intrusion:E01_034,caption_stack,4242
AIHUB,aihub_cctv:train:intrusion:E01_034,center_frame_stack,74906
AIHUB,aihub_cctv:train:intrusion:E01_034,visual_4frame_stack,298240
AIHUB,aihub_cctv:train:intrusion:E01_034,fusion_stack,302482
AIHUB,aihub_cctv:train:intrusion:E01_035,raw_video,33840915
AIHUB,aihub_cctv:train:intrusion:E01_035,caption_stack,4346
AIHUB,aihub_cctv:train:intrusion:E01_035,center_frame_stack,55259
AIHUB,aihub_cctv:train:intrusion:E01_035,visual_4frame_stack,221572
AIHUB,aihub_cctv:train:intrusion:E01_035,fusion_stack,225918
AIHUB,aihub_cctv:train:intrusion:E01_036,raw_video,34095033
AIHUB,aihub_cctv:train:intrusion:E01_036,caption_stack,4296
AIHUB,aihub_cctv:train:intrusion:E01_036,center_frame_stack,56561
AIHUB,aihub_cctv:train:intrusion:E01_036,visual_4frame_stack,226211
AIHUB,aihub_cctv:train:intrusion:E01_036,fusion_stack,230507
AIHUB,aihub_cctv:train:intrusion:E01_037,raw_video,32260189
AIHUB,aihub_cctv:train:intrusion:E01_037,caption_stack,4196
AIHUB,aihub_cctv:train:intrusion:E01_037,center_frame_stack,56828
AIHUB,aihub_cctv:train:intrusion:E01_037,visual_4frame_stack,226662
AIHUB,aihub_cctv:train:intrusion:E01_037,fusion_stack,230858
AIHUB,aihub_cctv:train:intrusion:E01_038,raw_video,42346002
AIHUB,aihub_cctv:train:intrusion:E01_038,caption_stack,4185
AIHUB,aihub_cctv:train:intrusion:E01_038,center_frame_stack,52742
AIHUB,aihub_cctv:train:intrusion:E01_038,visual_4frame_stack,212217
AIHUB,aihub_cctv:train:intrusion:E01_038,fusion_stack,216402
AIHUB,aihub_cctv:train:intrusion:E01_039,raw_video,32596270
AIHUB,aihub_cctv:train:intrusion:E01_039,caption_stack,4560
AIHUB,aihub_cctv:train:intrusion:E01_039,center_frame_stack,52283
AIHUB,aihub_cctv:train:intrusion:E01_039,visual_4frame_stack,208752
AIHUB,aihub_cctv:train:intrusion:E01_039,fusion_stack,213312
AIHUB,aihub_cctv:train:intrusion:E01_040,raw_video,48466774
AIHUB,aihub_cctv:train:intrusion:E01_040,caption_stack,4238
AIHUB,aihub_cctv:train:intrusion:E01_040,center_frame_stack,76618
AIHUB,aihub_cctv:train:intrusion:E01_040,visual_4frame_stack,306644
AIHUB,aihub_cctv:train:intrusion:E01_040,fusion_stack,310882
AIHUB,aihub_cctv:train:intrusion:E01_041,raw_video,46738116
AIHUB,aihub_cctv:train:intrusion:E01_041,caption_stack,4177
AIHUB,aihub_cctv:train:intrusion:E01_041,center_frame_stack,73346
AIHUB,aihub_cctv:train:intrusion:E01_041,visual_4frame_stack,293609
AIHUB,aihub_cctv:train:intrusion:E01_041,fusion_stack,297786
AIHUB,aihub_cctv:train:intrusion:E01_042,raw_video,48264204
AIHUB,aihub_cctv:train:intrusion:E01_042,caption_stack,4184
AIHUB,aihub_cctv:train:intrusion:E01_042,center_frame_stack,74175
AIHUB,aihub_cctv:train:intrusion:E01_042,visual_4frame_stack,297180
AIHUB,aihub_cctv:train:intrusion:E01_042,fusion_stack,301364
AIHUB,aihub_cctv:train:intrusion:E01_043,raw_video,35471136
AIHUB,aihub_cctv:train:intrusion:E01_043,caption_stack,4186
AIHUB,aihub_cctv:train:intrusion:E01_043,center_frame_stack,56325
AIHUB,aihub_cctv:train:intrusion:E01_043,visual_4frame_stack,225080
AIHUB,aihub_cctv:train:intrusion:E01_043,fusion_stack,229266
AIHUB,aihub_cctv:train:intrusion:E01_044,raw_video,52062592
AIHUB,aihub_cctv:train:intrusion:E01_044,caption_stack,4197
AIHUB,aihub_cctv:train:intrusion:E01_044,center_frame_stack,74959
AIHUB,aihub_cctv:train:intrusion:E01_044,visual_4frame_stack,298414
AIHUB,aihub_cctv:train:intrusion:E01_044,fusion_stack,302611
AIHUB,aihub_cctv:train:intrusion:E01_045,raw_video,43156013
AIHUB,aihub_cctv:train:intrusion:E01_045,caption_stack,4362
AIHUB,aihub_cctv:train:intrusion:E01_045,center_frame_stack,56337
AIHUB,aihub_cctv:train:intrusion:E01_045,visual_4frame_stack,227604
AIHUB,aihub_cctv:train:intrusion:E01_045,fusion_stack,231966
AIHUB,aihub_cctv:val:crowd:E04_064,raw_video,46402062
AIHUB,aihub_cctv:val:crowd:E04_064,caption_stack,4207
AIHUB,aihub_cctv:val:crowd:E04_064,center_frame_stack,48064
AIHUB,aihub_cctv:val:crowd:E04_064,visual_4frame_stack,187596
AIHUB,aihub_cctv:val:crowd:E04_064,fusion_stack,191803
AIHUB,aihub_cctv:val:crowd:E04_065,raw_video,68493671
AIHUB,aihub_cctv:val:crowd:E04_065,caption_stack,4222
AIHUB,aihub_cctv:val:crowd:E04_065,center_frame_stack,64533
AIHUB,aihub_cctv:val:crowd:E04_065,visual_4frame_stack,257477
AIHUB,aihub_cctv:val:crowd:E04_065,fusion_stack,261699
AIHUB,aihub_cctv:val:crowd:E04_066,raw_video,133975098
AIHUB,aihub_cctv:val:crowd:E04_066,caption_stack,4204
AIHUB,aihub_cctv:val:crowd:E04_066,center_frame_stack,45456
AIHUB,aihub_cctv:val:crowd:E04_066,visual_4frame_stack,184083
AIHUB,aihub_cctv:val:crowd:E04_066,fusion_stack,188287
AIHUB,aihub_cctv:val:crowd:E04_067,raw_video,71087904
AIHUB,aihub_cctv:val:crowd:E04_067,caption_stack,4222
AIHUB,aihub_cctv:val:crowd:E04_067,center_frame_stack,46512
AIHUB,aihub_cctv:val:crowd:E04_067,visual_4frame_stack,183753
AIHUB,aihub_cctv:val:crowd:E04_067,fusion_stack,187975
AIHUB,aihub_cctv:val:crowd:E04_068,raw_video,128781835
AIHUB,aihub_cctv:val:crowd:E04_068,caption_stack,4224
AIHUB,aihub_cctv:val:crowd:E04_068,center_frame_stack,46924
AIHUB,aihub_cctv:val:crowd:E04_068,visual_4frame_stack,188896
AIHUB,aihub_cctv:val:crowd:E04_068,fusion_stack,193120
AIHUB,aihub_cctv:val:crowd:E04_069,raw_video,80943908
AIHUB,aihub_cctv:val:crowd:E04_069,caption_stack,4305
AIHUB,aihub_cctv:val:crowd:E04_069,center_frame_stack,48328
AIHUB,aihub_cctv:val:crowd:E04_069,visual_4frame_stack,197307
AIHUB,aihub_cctv:val:crowd:E04_069,fusion_stack,201612
AIHUB,aihub_cctv:val:crowd:E04_070,raw_video,155387952
AIHUB,aihub_cctv:val:crowd:E04_070,caption_stack,4189
AIHUB,aihub_cctv:val:crowd:E04_070,center_frame_stack,60755
AIHUB,aihub_cctv:val:crowd:E04_070,visual_4frame_stack,238438
AIHUB,aihub_cctv:val:crowd:E04_070,fusion_stack,242627
AIHUB,aihub_cctv:val:crowd_density_halloween_minus1_fri:E05_006,raw_video,33916057
AIHUB,aihub_cctv:val:crowd_density_halloween_minus1_fri:E05_006,caption_stack,4224
AIHUB,aihub_cctv:val:crowd_density_halloween_minus1_fri:E05_006,center_frame_stack,60674
AIHUB,aihub_cctv:val:crowd_density_halloween_minus1_fri:E05_006,visual_4frame_stack,245499
AIHUB,aihub_cctv:val:crowd_density_halloween_minus1_fri:E05_006,fusion_stack,249723
AIHUB,aihub_cctv:val:crowd_density_halloween_minus1_sat:E05_015,raw_video,30150519
AIHUB,aihub_cctv:val:crowd_density_halloween_minus1_sat:E05_015,caption_stack,4231
AIHUB,aihub_cctv:val:crowd_density_halloween_minus1_sat:E05_015,center_frame_stack,57274
AIHUB,aihub_cctv:val:crowd_density_halloween_minus1_sat:E05_015,visual_4frame_stack,182019
AIHUB,aihub_cctv:val:crowd_density_halloween_minus1_sat:E05_015,fusion_stack,186250
AIHUB,aihub_cctv:val:crowd_density_halloween_week_fri:E05_040,raw_video,27101298
AIHUB,aihub_cctv:val:crowd_density_halloween_week_fri:E05_040,caption_stack,4194
AIHUB,aihub_cctv:val:crowd_density_halloween_week_fri:E05_040,center_frame_stack,57677
AIHUB,aihub_cctv:val:crowd_density_halloween_week_fri:E05_040,visual_4frame_stack,231323
AIHUB,aihub_cctv:val:crowd_density_halloween_week_fri:E05_040,fusion_stack,235517
AIHUB,aihub_cctv:val:crowd_density_halloween_week_thu:E05_034,raw_video,25251960
AIHUB,aihub_cctv:val:crowd_density_halloween_week_thu:E05_034,caption_stack,4211
AIHUB,aihub_cctv:val:crowd_density_halloween_week_thu:E05_034,center_frame_stack,57924
AIHUB,aihub_cctv:val:crowd_density_halloween_week_thu:E05_034,visual_4frame_stack,234363
AIHUB,aihub_cctv:val:crowd_density_halloween_week_thu:E05_034,fusion_stack,238574
AIHUB,aihub_cctv:val:fall:E02_041,raw_video,33251947
AIHUB,aihub_cctv:val:fall:E02_041,caption_stack,4196
AIHUB,aihub_cctv:val:fall:E02_041,center_frame_stack,45156
AIHUB,aihub_cctv:val:fall:E02_041,visual_4frame_stack,181018
AIHUB,aihub_cctv:val:fall:E02_041,fusion_stack,185214
AIHUB,aihub_cctv:val:fall:E02_042,raw_video,26126550
AIHUB,aihub_cctv:val:fall:E02_042,caption_stack,4206
AIHUB,aihub_cctv:val:fall:E02_042,center_frame_stack,28445
AIHUB,aihub_cctv:val:fall:E02_042,visual_4frame_stack,114263
AIHUB,aihub_cctv:val:fall:E02_042,fusion_stack,118469
AIHUB,aihub_cctv:val:fall:E02_043,raw_video,60766929
AIHUB,aihub_cctv:val:fall:E02_043,caption_stack,4244
AIHUB,aihub_cctv:val:fall:E02_043,center_frame_stack,49944
AIHUB,aihub_cctv:val:fall:E02_043,visual_4frame_stack,198757
AIHUB,aihub_cctv:val:fall:E02_043,fusion_stack,203001
AIHUB,aihub_cctv:val:fall:E02_044,raw_video,82039749
AIHUB,aihub_cctv:val:fall:E02_044,caption_stack,4184
AIHUB,aihub_cctv:val:fall:E02_044,center_frame_stack,34024
AIHUB,aihub_cctv:val:fall:E02_044,visual_4frame_stack,134695
AIHUB,aihub_cctv:val:fall:E02_044,fusion_stack,138879
AIHUB,aihub_cctv:val:fall:E02_045,raw_video,75961333
AIHUB,aihub_cctv:val:fall:E02_045,caption_stack,4182
AIHUB,aihub_cctv:val:fall:E02_045,center_frame_stack,60530
AIHUB,aihub_cctv:val:fall:E02_045,visual_4frame_stack,242002
AIHUB,aihub_cctv:val:fall:E02_045,fusion_stack,246184
AIHUB,aihub_cctv:val:fight:E03_028,raw_video,21670101
AIHUB,aihub_cctv:val:fight:E03_028,caption_stack,4231
AIHUB,aihub_cctv:val:fight:E03_028,center_frame_stack,39212
AIHUB,aihub_cctv:val:fight:E03_028,visual_4frame_stack,163822
AIHUB,aihub_cctv:val:fight:E03_028,fusion_stack,168053
AIHUB,aihub_cctv:val:fight:E03_029,raw_video,41210152
AIHUB,aihub_cctv:val:fight:E03_029,caption_stack,4213
AIHUB,aihub_cctv:val:fight:E03_029,center_frame_stack,28931
AIHUB,aihub_cctv:val:fight:E03_029,visual_4frame_stack,114991
AIHUB,aihub_cctv:val:fight:E03_029,fusion_stack,119204
AIHUB,aihub_cctv:val:fight:E03_030,raw_video,69157092
AIHUB,aihub_cctv:val:fight:E03_030,caption_stack,4341
AIHUB,aihub_cctv:val:fight:E03_030,center_frame_stack,40869
AIHUB,aihub_cctv:val:fight:E03_030,visual_4frame_stack,143180
AIHUB,aihub_cctv:val:fight:E03_030,fusion_stack,147521
AIHUB,aihub_cctv:val:flood_level0_road:E06_007,raw_video,46385259
AIHUB,aihub_cctv:val:flood_level0_road:E06_007,caption_stack,4188
AIHUB,aihub_cctv:val:flood_level0_road:E06_007,center_frame_stack,42430
AIHUB,aihub_cctv:val:flood_level0_road:E06_007,visual_4frame_stack,135464
AIHUB,aihub_cctv:val:flood_level0_road:E06_007,fusion_stack,139652
AIHUB,aihub_cctv:val:flood_level1_alley:E06_055,raw_video,39983150
AIHUB,aihub_cctv:val:flood_level1_alley:E06_055,caption_stack,4188
AIHUB,aihub_cctv:val:flood_level1_alley:E06_055,center_frame_stack,17604
AIHUB,aihub_cctv:val:flood_level1_alley:E06_055,visual_4frame_stack,72345
AIHUB,aihub_cctv:val:flood_level1_alley:E06_055,fusion_stack,76533
AIHUB,aihub_cctv:val:flood_level1_alley:E06_059,raw_video,28917081
AIHUB,aihub_cctv:val:flood_level1_alley:E06_059,caption_stack,4199
AIHUB,aihub_cctv:val:flood_level1_alley:E06_059,center_frame_stack,18523
AIHUB,aihub_cctv:val:flood_level1_alley:E06_059,visual_4frame_stack,68588
AIHUB,aihub_cctv:val:flood_level1_alley:E06_059,fusion_stack,72787
AIHUB,aihub_cctv:val:flood_level1_intersection:E06_052,raw_video,36899900
AIHUB,aihub_cctv:val:flood_level1_intersection:E06_052,caption_stack,4255
AIHUB,aihub_cctv:val:flood_level1_intersection:E06_052,center_frame_stack,29986
AIHUB,aihub_cctv:val:flood_level1_intersection:E06_052,visual_4frame_stack,126509
AIHUB,aihub_cctv:val:flood_level1_intersection:E06_052,fusion_stack,130764
AIHUB,aihub_cctv:val:flood_level1_other:E06_058,raw_video,46015350
AIHUB,aihub_cctv:val:flood_level1_other:E06_058,caption_stack,4196
AIHUB,aihub_cctv:val:flood_level1_other:E06_058,center_frame_stack,48908
AIHUB,aihub_cctv:val:flood_level1_other:E06_058,visual_4frame_stack,191096
AIHUB,aihub_cctv:val:flood_level1_other:E06_058,fusion_stack,195292
AIHUB,aihub_cctv:val:flood_level1_road:E06_053,raw_video,22734218
AIHUB,aihub_cctv:val:flood_level1_road:E06_053,caption_stack,4228
AIHUB,aihub_cctv:val:flood_level1_road:E06_053,center_frame_stack,22874
AIHUB,aihub_cctv:val:flood_level1_road:E06_053,visual_4frame_stack,92875
AIHUB,aihub_cctv:val:flood_level1_road:E06_053,fusion_stack,97103
AIHUB,aihub_cctv:val:flood_level2_alley:E06_060,raw_video,35031454
AIHUB,aihub_cctv:val:flood_level2_alley:E06_060,caption_stack,4217
AIHUB,aihub_cctv:val:flood_level2_alley:E06_060,center_frame_stack,30251
AIHUB,aihub_cctv:val:flood_level2_alley:E06_060,visual_4frame_stack,120692
AIHUB,aihub_cctv:val:flood_level2_alley:E06_060,fusion_stack,124909
AIHUB,aihub_cctv:val:intrusion:E01_051,raw_video,62101786
AIHUB,aihub_cctv:val:intrusion:E01_051,caption_stack,4230
AIHUB,aihub_cctv:val:intrusion:E01_051,center_frame_stack,79302
AIHUB,aihub_cctv:val:intrusion:E01_051,visual_4frame_stack,316437
AIHUB,aihub_cctv:val:intrusion:E01_051,fusion_stack,320667
AIHUB,aihub_cctv:val:intrusion:E01_052,raw_video,62841408
AIHUB,aihub_cctv:val:intrusion:E01_052,caption_stack,4223
AIHUB,aihub_cctv:val:intrusion:E01_052,center_frame_stack,79288
AIHUB,aihub_cctv:val:intrusion:E01_052,visual_4frame_stack,315685
AIHUB,aihub_cctv:val:intrusion:E01_052,fusion_stack,319908
AIHUB,aihub_cctv:val:intrusion:E01_053,raw_video,67568203
AIHUB,aihub_cctv:val:intrusion:E01_053,caption_stack,4229
AIHUB,aihub_cctv:val:intrusion:E01_053,center_frame_stack,78434
AIHUB,aihub_cctv:val:intrusion:E01_053,visual_4frame_stack,312143
AIHUB,aihub_cctv:val:intrusion:E01_053,fusion_stack,316372
AIHUB,aihub_cctv:val:intrusion:E01_054,raw_video,59515405
AIHUB,aihub_cctv:val:intrusion:E01_054,caption_stack,4360
AIHUB,aihub_cctv:val:intrusion:E01_054,center_frame_stack,60339
AIHUB,aihub_cctv:val:intrusion:E01_054,visual_4frame_stack,241436
AIHUB,aihub_cctv:val:intrusion:E01_054,fusion_stack,245796
AIHUB,aihub_cctv:val:intrusion:E01_055,raw_video,63833168
AIHUB,aihub_cctv:val:intrusion:E01_055,caption_stack,4301
AIHUB,aihub_cctv:val:intrusion:E01_055,center_frame_stack,60036
AIHUB,aihub_cctv:val:intrusion:E01_055,visual_4frame_stack,242483
AIHUB,aihub_cctv:val:intrusion:E01_055,fusion_stack,246784
