query_id	target_id	target_type	relevance
vru2:nofilter:0001	vru_accident:CAP_DATA:VRU_102	clip	3
vru2:nofilter:0001	vru_accident:CAP_DATA:VRU_103	clip	3
vru2:nofilter:0001	vru_accident:CAP_DATA:VRU_104	clip	3
vru2:nofilter:0001	vru_accident:CAP_DATA:VRU_105	clip	3
vru2:nofilter:0001	vru_accident:CAP_DATA:VRU_106	clip	3
vru2:nofilter:0001	vru_accident:CAP_DATA:VRU_107	clip	3
vru2:nofilter:0001	vru_accident:CAP_DATA:VRU_108	clip	3
vru2:nofilter:0001	vru_accident:CAP_DATA:VRU_109	clip	3
vru2:nofilter:0001	vru_accident:CAP_DATA:VRU_110	clip	3
vru2:nofilter:0001	vru_accident:CAP_DATA:VRU_111	clip	3
vru2:nofilter:0001	vru_accident:CAP_DATA:VRU_112	clip	3
vru2:nofilter:0001	vru_accident:CAP_DATA:VRU_113	clip	3
vru2:nofilter:0001	vru_accident:CAP_DATA:VRU_114	clip	3
vru2:nofilter:0001	vru_accident:CAP_DATA:VRU_115	clip	3
vru2:nofilter:0001	vru_accident:CAP_DATA:VRU_116	clip	3
vru2:nofilter:0001	vru_accident:CAP_DATA:VRU_117	clip	3
vru2:nofilter:0001	vru_accident:CAP_DATA:VRU_118	clip	3
vru2:nofilter:0001	vru_accident:CAP_DATA:VRU_119	clip	3
vru2:nofilter:0001	vru_accident:CAP_DATA:VRU_120	clip	3
vru2:nofilter:0001	vru_accident:CAP_DATA:VRU_121	clip	3
vru2:nofilter:0001	vru_accident:CAP_DATA:VRU_122	clip	3
vru2:nofilter:0001	vru_accident:CAP_DATA:VRU_123	clip	3
vru2:nofilter:0001	vru_accident:CAP_DATA:VRU_124	clip	3
vru2:nofilter:0001	vru_accident:CAP_DATA:VRU_125	clip	3
vru2:nofilter:0001	vru_accident:CAP_DATA:VRU_126	clip	3
vru2:nofilter:0001	vru_accident:CAP_DATA:VRU_127	clip	3
vru2:nofilter:0001	vru_accident:CAP_DATA:VRU_128	clip	3
vru2:nofilter:0001	vru_accident:CAP_DATA:VRU_129	clip	3
vru2:nofilter:0001	vru_accident:CAP_DATA:VRU_130	clip	3
vru2:nofilter:0001	vru_accident:CAP_DATA:VRU_131	clip	3
vru2:nofilter:0001	vru_accident:CAP_DATA:VRU_132	clip	3
vru2:nofilter:0001	vru_accident:CAP_DATA:VRU_133	clip	3
vru2:nofilter:0001	vru_accident:CAP_DATA:VRU_134	clip	3
vru2:nofilter:0001	vru_accident:CAP_DATA:VRU_135	clip	3
vru2:nofilter:0001	vru_accident:CAP_DATA:VRU_136	clip	3
vru2:nofilter:0001	vru_accident:CAP_DATA:VRU_137	clip	3
vru2:nofilter:0001	vru_accident:CAP_DATA:VRU_138	clip	3
vru2:nofilter:0001	vru_accident:CAP_DATA:VRU_139	clip	3
vru2:nofilter:0001	vru_accident:CAP_DATA:VRU_140	clip	3
vru2:nofilter:0001	vru_accident:CAP_DATA:VRU_141	clip	3
vru2:nofilter:0001	vru_accident:CAP_DATA:VRU_142	clip	3
vru2:nofilter:0001	vru_accident:CAP_DATA:VRU_143	clip	3
vru2:nofilter:0001	vru_accident:CAP_DATA:VRU_144	clip	3
vru2:nofilter:0001	vru_accident:CAP_DATA:VRU_145	clip	3
vru2:nofilter:0001	vru_accident:CAP_DATA:VRU_146	clip	3
vru2:nofilter:0001	vru_accident:CAP_DATA:VRU_147	clip	3
vru2:nofilter:0001	vru_accident:CAP_DATA:VRU_148	clip	3
vru2:nofilter:0001	vru_accident:CAP_DATA:VRU_149	clip	3
vru2:nofilter:0001	vru_accident:CAP_DATA:VRU_150	clip	3
vru2:nofilter:0001	vru_accident:CAP_DATA:VRU_151	clip	3
vru2:nofilter:0001	vru_accident:CAP_DATA:VRU_152	clip	3
vru2:nofilter:0001	vru_accident:CAP_DATA:VRU_153	clip	3
vru2:nofilter:0001	vru_accident:CAP_DATA:VRU_154	clip	3
vru2:nofilter:0001	vru_accident:CAP_DATA:VRU_155	clip	3
vru2:nofilter:0001	vru_accident:CAP_DATA:VRU_156	clip	3
vru2:nofilter:0001	vru_accident:CAP_DATA:VRU_157	clip	3
vru2:nofilter:0001	vru_accident:CAP_DATA:VRU_158	clip	3
vru2:nofilter:0001	vru_accident:CAP_DATA:VRU_159	clip	3
vru2:nofilter:0001	vru_accident:CAP_DATA:VRU_160	clip	3
vru2:nofilter:0001	vru_accident:CAP_DATA:VRU_161	clip	3
vru2:nofilter:0001	vru_accident:CAP_DATA:VRU_162	clip	3
vru2:nofilter:0001	vru_accident:CAP_DATA:VRU_163	clip	3
vru2:nofilter:0001	vru_accident:CAP_DATA:VRU_164	clip	3
vru2:nofilter:0001	vru_accident:CAP_DATA:VRU_165	clip	3
vru2:nofilter:0001	vru_accident:CAP_DATA:VRU_166	clip	3
vru2:nofilter:0001	vru_accident:CAP_DATA:VRU_167	clip	3
vru2:nofilter:0001	vru_accident:CAP_DATA:VRU_168	clip	3
vru2:nofilter:0001	vru_accident:CAP_DATA:VRU_169	clip	3
vru2:nofilter:0001	vru_accident:CAP_DATA:VRU_170	clip	3
vru2:nofilter:0001	vru_accident:CAP_DATA:VRU_171	clip	3
vru2:nofilter:0001	vru_accident:CAP_DATA:VRU_172	clip	3
vru2:nofilter:0001	vru_accident:CAP_DATA:VRU_173	clip	3
vru2:nofilter:0001	vru_accident:CAP_DATA:VRU_174	clip	3
vru2:nofilter:0001	vru_accident:CAP_DATA:VRU_175	clip	3
vru2:nofilter:0001	vru_accident:CAP_DATA:VRU_176	clip	3
vru2:nofilter:0001	vru_accident:CAP_DATA:VRU_177	clip	3
vru2:nofilter:0001	vru_accident:CAP_DATA:VRU_178	clip	3
vru2:nofilter:0001	vru_accident:CAP_DATA:VRU_179	clip	3
vru2:nofilter:0001	vru_accident:CAP_DATA:VRU_180	clip	3
vru2:nofilter:0001	vru_accident:CAP_DATA:VRU_181	clip	3
vru2:nofilter:0001	vru_accident:CAP_DATA:VRU_182	clip	3
vru2:nofilter:0001	vru_accident:CAP_DATA:VRU_183	clip	3
vru2:nofilter:0001	vru_accident:CAP_DATA:VRU_184	clip	3
vru2:nofilter:0001	vru_accident:CAP_DATA:VRU_185	clip	3
vru2:nofilter:0001	vru_accident:CAP_DATA:VRU_186	clip	3
vru2:nofilter:0001	vru_accident:CAP_DATA:VRU_187	clip	3
vru2:nofilter:0001	vru_accident:CAP_DATA:VRU_188	clip	3
vru2:nofilter:0001	vru_accident:CAP_DATA:VRU_189	clip	3
vru2:nofilter:0001	vru_accident:CAP_DATA:VRU_190	clip	3
vru2:nofilter:0001	vru_accident:CAP_DATA:VRU_191	clip	3
vru2:nofilter:0001	vru_accident:CAP_DATA:VRU_192	clip	3
vru2:nofilter:0001	vru_accident:CAP_DATA:VRU_193	clip	3
vru2:nofilter:0001	vru_accident:CAP_DATA:VRU_194	clip	3
vru2:nofilter:0001	vru_accident:CAP_DATA:VRU_195	clip	3
vru2:nofilter:0001	vru_accident:CAP_DATA:VRU_196	clip	3
vru2:nofilter:0001	vru_accident:CAP_DATA:VRU_197	clip	3
vru2:nofilter:0001	vru_accident:CAP_DATA:VRU_198	clip	3
vru2:nofilter:0001	vru_accident:CAP_DATA:VRU_199	clip	3
vru2:nofilter:0001	vru_accident:CAP_DATA:VRU_200	clip	3
vru2:nofilter:0001	vru_accident:CAP_DATA:VRU_201	clip	3
vru2:nofilter:0001	vru_accident:CAP_DATA:VRU_202	clip	3
vru2:nofilter:0001	vru_accident:CAP_DATA:VRU_203	clip	3
vru2:nofilter:0001	vru_accident:CAP_DATA:VRU_204	clip	3
vru2:nofilter:0001	vru_accident:CAP_DATA:VRU_205	clip	3
vru2:nofilter:0001	vru_accident:CAP_DATA:VRU_206	clip	3
vru2:nofilter:0001	vru_accident:CAP_DATA:VRU_207	clip	3
vru2:nofilter:0001	vru_accident:CAP_DATA:VRU_208	clip	3
vru2:nofilter:0001	vru_accident:CAP_DATA:VRU_209	clip	3
vru2:nofilter:0001	vru_accident:CAP_DATA:VRU_210	clip	3
vru2:nofilter:0001	vru_accident:CAP_DATA:VRU_211	clip	3
vru2:nofilter:0001	vru_accident:CAP_DATA:VRU_212	clip	3
vru2:nofilter:0001	vru_accident:CAP_DATA:VRU_213	clip	3
vru2:nofilter:0001	vru_accident:CAP_DATA:VRU_214	clip	3
vru2:nofilter:0001	vru_accident:CAP_DATA:VRU_215	clip	3
vru2:nofilter:0001	vru_accident:CAP_DATA:VRU_216	clip	3
vru2:nofilter:0001	vru_accident:CAP_DATA:VRU_217	clip	3
vru2:nofilter:0001	vru_accident:CAP_DATA:VRU_218	clip	3
vru2:nofilter:0001	vru_accident:CAP_DATA:VRU_219	clip	3
vru2:nofilter:0001	vru_accident:CAP_DATA:VRU_220	clip	3
vru2:nofilter:0001	vru_accident:CAP_DATA:VRU_221	clip	3
vru2:nofilter:0001	vru_accident:CAP_DATA:VRU_222	clip	3
vru2:nofilter:0001	vru_accident:CAP_DATA:VRU_223	clip	3
vru2:nofilter:0001	vru_accident:CAP_DATA:VRU_224	clip	3
vru2:nofilter:0001	vru_accident:CAP_DATA:VRU_225	clip	3
vru2:nofilter:0001	vru_accident:CAP_DATA:VRU_226	clip	3
vru2:nofilter:0001	vru_accident:CAP_DATA:VRU_227	clip	3
vru2:nofilter:0001	vru_accident:CAP_DATA:VRU_228	clip	3
vru2:nofilter:0001	vru_accident:CAP_DATA:VRU_229	clip	3
vru2:nofilter:0001	vru_accident:CAP_DATA:VRU_230	clip	3
vru2:nofilter:0001	vru_accident:CAP_DATA:VRU_231	clip	3
vru2:nofilter:0001	vru_accident:CAP_DATA:VRU_232	clip	3
vru2:nofilter:0001	vru_accident:CAP_DATA:VRU_233	clip	3
vru2:nofilter:0001	vru_accident:CAP_DATA:VRU_234	clip	3
vru2:nofilter:0001	vru_accident:DADA_2000:VRU_118	clip	3
vru2:nofilter:0001	vru_accident:DADA_2000:VRU_119	clip	3
vru2:nofilter:0001	vru_accident:DADA_2000:VRU_120	clip	3
vru2:nofilter:0001	vru_accident:DADA_2000:VRU_121	clip	3
vru2:nofilter:0001	vru_accident:DADA_2000:VRU_122	clip	3
vru2:nofilter:0001	vru_accident:DADA_2000:VRU_123	clip	3
vru2:nofilter:0001	vru_accident:DADA_2000:VRU_124	clip	3
vru2:nofilter:0001	vru_accident:DADA_2000:VRU_125	clip	3
vru2:nofilter:0001	vru_accident:DADA_2000:VRU_126	clip	3
vru2:nofilter:0001	vru_accident:DADA_2000:VRU_127	clip	3
vru2:nofilter:0001	vru_accident:DADA_2000:VRU_128	clip	3
vru2:nofilter:0001	vru_accident:DADA_2000:VRU_129	clip	3
vru2:nofilter:0001	vru_accident:DADA_2000:VRU_130	clip	3
vru2:nofilter:0001	vru_accident:DADA_2000:VRU_131	clip	3
vru2:nofilter:0001	vru_accident:DADA_2000:VRU_132	clip	3
vru2:nofilter:0001	vru_accident:DADA_2000:VRU_133	clip	3
vru2:nofilter:0001	vru_accident:DADA_2000:VRU_134	clip	3
vru2:nofilter:0001	vru_accident:DADA_2000:VRU_135	clip	3
vru2:nofilter:0001	vru_accident:DADA_2000:VRU_136	clip	3
vru2:nofilter:0001	vru_accident:DADA_2000:VRU_137	clip	3
vru2:nofilter:0001	vru_accident:DADA_2000:VRU_138	clip	3
vru2:nofilter:0001	vru_accident:DADA_2000:VRU_139	clip	3
vru2:nofilter:0001	vru_accident:DADA_2000:VRU_140	clip	3
vru2:nofilter:0001	vru_accident:DADA_2000:VRU_141	clip	3
vru2:nofilter:0001	vru_accident:DADA_2000:VRU_142	clip	3
vru2:nofilter:0001	vru_accident:DADA_2000:VRU_143	clip	3
vru2:nofilter:0001	vru_accident:DADA_2000:VRU_144	clip	3
vru2:nofilter:0001	vru_accident:DADA_2000:VRU_145	clip	3
vru2:nofilter:0001	vru_accident:DADA_2000:VRU_146	clip	3
vru2:nofilter:0001	vru_accident:DADA_2000:VRU_147	clip	3
vru2:nofilter:0001	vru_accident:DADA_2000:VRU_148	clip	3
vru2:nofilter:0001	vru_accident:DADA_2000:VRU_149	clip	3
vru2:nofilter:0001	vru_accident:DADA_2000:VRU_150	clip	3
vru2:nofilter:0001	vru_accident:DADA_2000:VRU_151	clip	3
vru2:nofilter:0001	vru_accident:DADA_2000:VRU_152	clip	3
vru2:nofilter:0001	vru_accident:DADA_2000:VRU_153	clip	3
vru2:nofilter:0001	vru_accident:DADA_2000:VRU_154	clip	3
vru2:nofilter:0001	vru_accident:DoTA:VRU_10	clip	3
vru2:nofilter:0001	vru_accident:DoTA:VRU_100	clip	3
vru2:nofilter:0001	vru_accident:DoTA:VRU_12	clip	3
vru2:nofilter:0001	vru_accident:DoTA:VRU_13	clip	3
vru2:nofilter:0001	vru_accident:DoTA:VRU_16	clip	3
vru2:nofilter:0001	vru_accident:DoTA:VRU_18	clip	3
vru2:nofilter:0001	vru_accident:DoTA:VRU_19	clip	3
vru2:nofilter:0001	vru_accident:DoTA:VRU_2	clip	3
vru2:nofilter:0001	vru_accident:DoTA:VRU_20	clip	3
vru2:nofilter:0001	vru_accident:DoTA:VRU_23	clip	3
vru2:nofilter:0001	vru_accident:DoTA:VRU_26	clip	3
vru2:nofilter:0001	vru_accident:DoTA:VRU_27	clip	3
vru2:nofilter:0001	vru_accident:DoTA:VRU_29	clip	3
vru2:nofilter:0001	vru_accident:DoTA:VRU_3	clip	3
vru2:nofilter:0001	vru_accident:DoTA:VRU_30	clip	3
vru2:nofilter:0001	vru_accident:DoTA:VRU_32	clip	3
vru2:nofilter:0001	vru_accident:DoTA:VRU_34	clip	3
vru2:nofilter:0001	vru_accident:DoTA:VRU_38	clip	3
vru2:nofilter:0001	vru_accident:DoTA:VRU_39	clip	3
vru2:nofilter:0001	vru_accident:DoTA:VRU_40	clip	3
vru2:nofilter:0001	vru_accident:DoTA:VRU_41	clip	3
vru2:nofilter:0001	vru_accident:DoTA:VRU_43	clip	3
vru2:nofilter:0001	vru_accident:DoTA:VRU_44	clip	3
vru2:nofilter:0001	vru_accident:DoTA:VRU_46	clip	3
vru2:nofilter:0001	vru_accident:DoTA:VRU_47	clip	3
vru2:nofilter:0001	vru_accident:DoTA:VRU_48	clip	3
vru2:nofilter:0001	vru_accident:DoTA:VRU_52	clip	3
vru2:nofilter:0001	vru_accident:DoTA:VRU_63	clip	3
vru2:nofilter:0001	vru_accident:DoTA:VRU_67	clip	3
vru2:nofilter:0001	vru_accident:DoTA:VRU_68	clip	3
vru2:nofilter:0001	vru_accident:DoTA:VRU_7	clip	3
vru2:nofilter:0001	vru_accident:DoTA:VRU_70	clip	3
vru2:nofilter:0001	vru_accident:DoTA:VRU_71	clip	3
vru2:nofilter:0001	vru_accident:DoTA:VRU_73	clip	3
vru2:nofilter:0001	vru_accident:DoTA:VRU_74	clip	3
vru2:nofilter:0001	vru_accident:DoTA:VRU_76	clip	3
vru2:nofilter:0001	vru_accident:DoTA:VRU_78	clip	3
vru2:nofilter:0001	vru_accident:DoTA:VRU_79	clip	3
vru2:nofilter:0001	vru_accident:DoTA:VRU_8	clip	3
vru2:nofilter:0001	vru_accident:DoTA:VRU_80	clip	3
vru2:nofilter:0001	vru_accident:DoTA:VRU_83	clip	3
vru2:nofilter:0001	vru_accident:DoTA:VRU_86	clip	3
vru2:nofilter:0001	vru_accident:DoTA:VRU_87	clip	3
vru2:nofilter:0001	vru_accident:DoTA:VRU_88	clip	3
vru2:nofilter:0001	vru_accident:DoTA:VRU_89	clip	3
vru2:nofilter:0001	vru_accident:DoTA:VRU_9	clip	3
vru2:nofilter:0001	vru_accident:DoTA:VRU_90	clip	3
vru2:nofilter:0001	vru_accident:DoTA:VRU_93	clip	3
vru2:nofilter:0001	vru_accident:DoTA:VRU_95	clip	3
vru2:nofilter:0001	vru_accident:DoTA:VRU_98	clip	3
vru2:nofilter:0001	vru_accident:DoTA:VRU_99	clip	3
vru2:nofilter:0001	vru_accident:MANUAL_DATA:VRU_101	clip	3
vru2:nofilter:0001	vru_accident:MANUAL_DATA:VRU_103	clip	3
vru2:nofilter:0001	vru_accident:MANUAL_DATA:VRU_105	clip	3
vru2:nofilter:0001	vru_accident:MANUAL_DATA:VRU_111	clip	3
vru2:nofilter:0001	vru_accident:MANUAL_DATA:VRU_112	clip	3
vru2:nofilter:0001	vru_accident:MANUAL_DATA:VRU_113	clip	3
vru2:nofilter:0001	vru_accident:MANUAL_DATA:VRU_115	clip	3
vru2:nofilter:0001	vru_accident:MANUAL_DATA:VRU_116	clip	3
vru2:nofilter:0001	vru_accident:MANUAL_DATA:VRU_117	clip	3
vru2:nofilter:0001	vru_accident:MANUAL_DATA:VRU_118	clip	3
vru2:nofilter:0001	vru_accident:MANUAL_DATA:VRU_119	clip	3
vru2:nofilter:0001	vru_accident:MANUAL_DATA:VRU_120	clip	3
vru2:nofilter:0001	vru_accident:MANUAL_DATA:VRU_121	clip	3
vru2:nofilter:0001	vru_accident:MANUAL_DATA:VRU_122	clip	3
vru2:nofilter:0001	vru_accident:MANUAL_DATA:VRU_123	clip	3
vru2:nofilter:0001	vru_accident:MANUAL_DATA:VRU_124	clip	3
vru2:nofilter:0001	vru_accident:MANUAL_DATA:VRU_125	clip	3
vru2:nofilter:0001	vru_accident:MANUAL_DATA:VRU_126	clip	3
vru2:nofilter:0001	vru_accident:MANUAL_DATA:VRU_128	clip	3
vru2:nofilter:0001	vru_accident:MANUAL_DATA:VRU_129	clip	3
vru2:nofilter:0001	vru_accident:MANUAL_DATA:VRU_130	clip	3
vru2:nofilter:0001	vru_accident:MANUAL_DATA:VRU_131	clip	3
vru2:nofilter:0001	vru_accident:MANUAL_DATA:VRU_132	clip	3
vru2:nofilter:0001	vru_accident:MANUAL_DATA:VRU_133	clip	3
vru2:nofilter:0001	vru_accident:MANUAL_DATA:VRU_134	clip	3
vru2:nofilter:0001	vru_accident:MANUAL_DATA:VRU_135	clip	3
vru2:nofilter:0001	vru_accident:MANUAL_DATA:VRU_136	clip	3
vru2:nofilter:0001	vru_accident:MANUAL_DATA:VRU_137	clip	3
vru2:nofilter:0001	vru_accident:MANUAL_DATA:VRU_138	clip	3
vru2:nofilter:0001	vru_accident:MANUAL_DATA:VRU_139	clip	3
vru2:nofilter:0001	vru_accident:MANUAL_DATA:VRU_140	clip	3
vru2:nofilter:0001	vru_accident:MANUAL_DATA:VRU_143	clip	3
vru2:nofilter:0001	vru_accident:MANUAL_DATA:VRU_145	clip	3
vru2:nofilter:0001	vru_accident:MANUAL_DATA:VRU_146	clip	3
vru2:nofilter:0001	vru_accident:MANUAL_DATA:VRU_147	clip	3
vru2:nofilter:0001	vru_accident:MANUAL_DATA:VRU_148	clip	3
vru2:nofilter:0001	vru_accident:MANUAL_DATA:VRU_150	clip	3
vru2:nofilter:0001	vru_accident:MANUAL_DATA:VRU_151	clip	3
vru2:nofilter:0001	vru_accident:MANUAL_DATA:VRU_153	clip	3
vru2:nofilter:0001	vru_accident:MANUAL_DATA:VRU_154	clip	3
vru2:nofilter:0001	vru_accident:MANUAL_DATA:VRU_156	clip	3
vru2:nofilter:0001	vru_accident:MANUAL_DATA:VRU_157	clip	3
vru2:nofilter:0001	vru_accident:MANUAL_DATA:VRU_158	clip	3
vru2:nofilter:0001	vru_accident:MANUAL_DATA:VRU_159	clip	3
vru2:nofilter:0001	vru_accident:MANUAL_DATA:VRU_160	clip	3
vru2:nofilter:0001	vru_accident:MANUAL_DATA:VRU_161	clip	3
vru2:nofilter:0001	vru_accident:MANUAL_DATA:VRU_162	clip	3
vru2:nofilter:0001	vru_accident:MANUAL_DATA:VRU_163	clip	3
vru2:nofilter:0001	vru_accident:MANUAL_DATA:VRU_165	clip	3
vru2:nofilter:0001	vru_accident:MANUAL_DATA:VRU_166	clip	3
vru2:nofilter:0001	vru_accident:MANUAL_DATA:VRU_167	clip	3
vru2:nofilter:0001	vru_accident:MANUAL_DATA:VRU_168	clip	3
vru2:nofilter:0001	vru_accident:MANUAL_DATA:VRU_169	clip	3
vru2:nofilter:0001	vru_accident:MANUAL_DATA:VRU_170	clip	3
vru2:nofilter:0001	vru_accident:MANUAL_DATA:VRU_171	clip	3
vru2:nofilter:0001	vru_accident:MANUAL_DATA:VRU_172	clip	3
vru2:nofilter:0001	vru_accident:MANUAL_DATA:VRU_173	clip	3
vru2:nofilter:0001	vru_accident:MANUAL_DATA:VRU_174	clip	3
vru2:nofilter:0001	vru_accident:MANUAL_DATA:VRU_175	clip	3
vru2:nofilter:0001	vru_accident:MANUAL_DATA:VRU_176	clip	3
vru2:nofilter:0001	vru_accident:MANUAL_DATA:VRU_178	clip	3
vru2:nofilter:0001	vru_accident:MANUAL_DATA:VRU_179	clip	3
vru2:nofilter:0001	vru_accident:MANUAL_DATA:VRU_182	clip	3
vru2:nofilter:0001	vru_accident:MANUAL_DATA:VRU_183	clip	3
vru2:nofilter:0001	vru_accident:MANUAL_DATA:VRU_184	clip	3
vru2:nofilter:0001	vru_accident:MANUAL_DATA:VRU_191	clip	3
vru2:nofilter:0001	vru_accident:MANUAL_DATA:VRU_192	clip	3
vru2:nofilter:0001	vru_accident:MANUAL_DATA:VRU_193	clip	3
vru2:nofilter:0001	vru_accident:MANUAL_DATA:VRU_194	clip	3
vru2:nofilter:0001	vru_accident:MANUAL_DATA:VRU_195	clip	3
vru2:nofilter:0001	vru_accident:MANUAL_DATA:VRU_197	clip	3
vru2:nofilter:0001	vru_accident:MANUAL_DATA:VRU_198	clip	3
vru2:nofilter:0001	vru_accident:MANUAL_DATA:VRU_199	clip	3
vru2:nofilter:0001	vru_accident:MANUAL_DATA:VRU_200	clip	3
vru2:nofilter:0001	vru_accident:MANUAL_DATA:VRU_201	clip	3
vru2:nofilter:0001	vru_accident:MANUAL_DATA:VRU_203	clip	3
vru2:nofilter:0001	vru_accident:MANUAL_DATA:VRU_204	clip	3
vru2:nofilter:0001	vru_accident:MANUAL_DATA:VRU_205	clip	3
vru2:nofilter:0001	vru_accident:MANUAL_DATA:VRU_206	clip	3
vru2:nofilter:0001	vru_accident:MANUAL_DATA:VRU_208	clip	3
vru2:nofilter:0001	vru_accident:MANUAL_DATA:VRU_209	clip	3
vru2:nofilter:0001	vru_accident:MANUAL_DATA:VRU_210	clip	3
vru2:nofilter:0001	vru_accident:MANUAL_DATA:VRU_211	clip	3
vru2:nofilter:0001	vru_accident:MANUAL_DATA:VRU_212	clip	3
vru2:nofilter:0001	vru_accident:MANUAL_DATA:VRU_213	clip	3
vru2:nofilter:0001	vru_accident:MANUAL_DATA:VRU_214	clip	3
vru2:nofilter:0001	vru_accident:MANUAL_DATA:VRU_215	clip	3
vru2:nofilter:0001	vru_accident:MANUAL_DATA:VRU_216	clip	3
vru2:nofilter:0001	vru_accident:MANUAL_DATA:VRU_217	clip	3
vru2:nofilter:0001	vru_accident:MANUAL_DATA:VRU_219	clip	3
vru2:nofilter:0001	vru_accident:MANUAL_DATA:VRU_220	clip	3
vru2:nofilter:0001	vru_accident:MANUAL_DATA:VRU_221	clip	3
vru2:nofilter:0001	vru_accident:MANUAL_DATA:VRU_222	clip	3
vru2:nofilter:0001	vru_accident:MANUAL_DATA:VRU_223	clip	3
vru2:nofilter:0001	vru_accident:MANUAL_DATA:VRU_224	clip	3
vru2:nofilter:0001	vru_accident:MANUAL_DATA:VRU_225	clip	3
vru2:nofilter:0001	vru_accident:MANUAL_DATA:VRU_226	clip	3
vru2:nofilter:0001	vru_accident:MANUAL_DATA:VRU_227	clip	3
vru2:nofilter:0001	vru_accident:MANUAL_DATA:VRU_228	clip	3
vru2:nofilter:0001	vru_accident:MANUAL_DATA:VRU_230	clip	3
vru2:nofilter:0001	vru_accident:MANUAL_DATA:VRU_231	clip	3
vru2:nofilter:0001	vru_accident:MANUAL_DATA:VRU_232	clip	3
vru2:nofilter:0001	vru_accident:MANUAL_DATA:VRU_233	clip	3
vru2:nofilter:0001	vru_accident:MANUAL_DATA:VRU_234	clip	3
vru2:nofilter:0001	vru_accident:MANUAL_DATA:VRU_235	clip	3
vru2:nofilter:0001	vru_accident:MANUAL_DATA:VRU_236	clip	3
vru2:nofilter:0001	vru_accident:MANUAL_DATA:VRU_237	clip	3
vru2:nofilter:0001	vru_accident:MANUAL_DATA:VRU_238	clip	3
vru2:nofilter:0001	vru_accident:MANUAL_DATA:VRU_239	clip	3
vru2:nofilter:0001	vru_accident:MANUAL_DATA:VRU_241	clip	3
vru2:nofilter:0001	vru_accident:MANUAL_DATA:VRU_242	clip	3
vru2:nofilter:0001	vru_accident:MANUAL_DATA:VRU_247	clip	3
vru2:nofilter:0001	vru_accident:MANUAL_DATA:VRU_254	clip	3
vru2:nofilter:0001	vru_accident:MANUAL_DATA:VRU_257	clip	3
vru2:nofilter:0001	vru_accident:MANUAL_DATA:VRU_258	clip	3
vru2:nofilter:0001	vru_accident:MANUAL_DATA:VRU_262	clip	3
vru2:nofilter:0001	vru_accident:MANUAL_DATA:VRU_263	clip	3
vru2:nofilter:0001	vru_accident:MANUAL_DATA:VRU_265	clip	3
vru2:nofilter:0001	vru_accident:MANUAL_DATA:VRU_267	clip	3
vru2:nofilter:0001	vru_accident:MANUAL_DATA:VRU_268	clip	3
vru2:nofilter:0001	vru_accident:MANUAL_DATA:VRU_269	clip	3
vru2:nofilter:0001	vru_accident:MANUAL_DATA:VRU_270	clip	3
vru2:nofilter:0001	vru_accident:MANUAL_DATA:VRU_271	clip	3
vru2:nofilter:0001	vru_accident:MANUAL_DATA:VRU_272	clip	3
vru2:nofilter:0001	vru_accident:MANUAL_DATA:VRU_273	clip	3
vru2:nofilter:0001	vru_accident:MANUAL_DATA:VRU_276	clip	3
vru2:nofilter:0001	vru_accident:MANUAL_DATA:VRU_277	clip	3
vru2:nofilter:0001	vru_accident:MANUAL_DATA:VRU_278	clip	3
vru2:nofilter:0001	vru_accident:MANUAL_DATA:VRU_281	clip	3
vru2:nofilter:0001	vru_accident:MANUAL_DATA:VRU_282	clip	3
vru2:nofilter:0001	vru_accident:MANUAL_DATA:VRU_283	clip	3
vru2:nofilter:0001	vru_accident:MANUAL_DATA:VRU_286	clip	3
vru2:nofilter:0001	vru_accident:MANUAL_DATA:VRU_287	clip	3
vru2:nofilter:0001	vru_accident:MANUAL_DATA:VRU_288	clip	3
vru2:nofilter:0001	vru_accident:MANUAL_DATA:VRU_289	clip	3
vru2:nofilter:0001	vru_accident:MANUAL_DATA:VRU_290	clip	3
vru2:nofilter:0001	vru_accident:MANUAL_DATA:VRU_291	clip	3
vru2:nofilter:0001	vru_accident:MANUAL_DATA:VRU_292	clip	3
vru2:nofilter:0001	vru_accident:MANUAL_DATA:VRU_293	clip	3
vru2:nofilter:0001	vru_accident:MANUAL_DATA:VRU_294	clip	3
vru2:nofilter:0001	vru_accident:MANUAL_DATA:VRU_295	clip	3
vru2:nofilter:0001	vru_accident:MANUAL_DATA:VRU_296	clip	3
vru2:nofilter:0001	vru_accident:MANUAL_DATA:VRU_297	clip	3
vru2:nofilter:0001	vru_accident:MANUAL_DATA:VRU_300	clip	3
vru2:nofilter:0001	vru_accident:MANUAL_DATA:VRU_303	clip	3
vru2:nofilter:0001	vru_accident:MANUAL_DATA:VRU_307	clip	3
vru2:nofilter:0001	vru_accident:MANUAL_DATA:VRU_308	clip	3
vru2:nofilter:0001	vru_accident:MANUAL_DATA:VRU_309	clip	3
vru2:nofilter:0001	vru_accident:MANUAL_DATA:VRU_311	clip	3
vru2:nofilter:0001	vru_accident:MANUAL_DATA:VRU_313	clip	3
vru2:nofilter:0001	vru_accident:MANUAL_DATA:VRU_314	clip	3
vru2:nofilter:0001	vru_accident:MANUAL_DATA:VRU_315	clip	3
vru2:nofilter:0001	vru_accident:MANUAL_DATA:VRU_316	clip	3
vru2:nofilter:0001	vru_accident:MANUAL_DATA:VRU_317	clip	3
vru2:nofilter:0001	vru_accident:MANUAL_DATA:VRU_318	clip	3
vru2:nofilter:0001	vru_accident:MANUAL_DATA:VRU_319	clip	3
vru2:nofilter:0001	vru_accident:MANUAL_DATA:VRU_321	clip	3
vru2:nofilter:0001	vru_accident:MANUAL_DATA:VRU_322	clip	3
vru2:nofilter:0001	vru_accident:MANUAL_DATA:VRU_323	clip	3
vru2:nofilter:0001	vru_accident:MANUAL_DATA:VRU_325	clip	3
vru2:nofilter:0001	vru_accident:MANUAL_DATA:VRU_326	clip	3
vru2:nofilter:0001	vru_accident:MANUAL_DATA:VRU_327	clip	3
vru2:nofilter:0001	vru_accident:MANUAL_DATA:VRU_330	clip	3
vru2:nofilter:0001	vru_accident:MANUAL_DATA:VRU_334	clip	3
vru2:nofilter:0001	vru_accident:MANUAL_DATA:VRU_336	clip	3
vru2:nofilter:0001	vru_accident:MANUAL_DATA:VRU_339	clip	3
vru2:nofilter:0001	vru_accident:MANUAL_DATA:VRU_342	clip	3
vru2:nofilter:0001	vru_accident:MANUAL_DATA:VRU_345	clip	3
vru2:nofilter:0001	vru_accident:MANUAL_DATA:VRU_347	clip	3
vru2:nofilter:0001	vru_accident:MANUAL_DATA:VRU_348	clip	3
vru2:nofilter:0001	vru_accident:MANUAL_DATA:VRU_356	clip	3
vru2:nofilter:0001	vru_accident:MANUAL_DATA:VRU_363	clip	3
vru2:nofilter:0001	vru_accident:MANUAL_DATA:VRU_364	clip	3
vru2:nofilter:0001	vru_accident:MANUAL_DATA:VRU_375	clip	3
vru2:nofilter:0001	vru_accident:MANUAL_DATA:VRU_378	clip	3
vru2:nofilter:0001	vru_accident:MANUAL_DATA:VRU_379	clip	3
vru2:nofilter:0001	vru_accident:MANUAL_DATA:VRU_380	clip	3
vru2:nofilter:0001	vru_accident:MANUAL_DATA:VRU_383	clip	3
vru2:nofilter:0001	vru_accident:MANUAL_DATA:VRU_384	clip	3
vru2:nofilter:0001	vru_accident:MANUAL_DATA:VRU_386	clip	3
vru2:nofilter:0001	vru_accident:MANUAL_DATA:VRU_387	clip	3
vru2:nofilter:0001	vru_accident:MANUAL_DATA:VRU_388	clip	3
vru2:nofilter:0001	vru_accident:MANUAL_DATA:VRU_390	clip	3
vru2:nofilter:0001	vru_accident:MANUAL_DATA:VRU_47	clip	3
vru2:nofilter:0001	vru_accident:MANUAL_DATA:VRU_49	clip	3
vru2:nofilter:0001	vru_accident:MANUAL_DATA:VRU_50	clip	3
vru2:nofilter:0001	vru_accident:MANUAL_DATA:VRU_52	clip	3
vru2:nofilter:0001	vru_accident:MANUAL_DATA:VRU_53	clip	3
vru2:nofilter:0001	vru_accident:MANUAL_DATA:VRU_57	clip	3
vru2:nofilter:0001	vru_accident:MANUAL_DATA:VRU_58	clip	3
vru2:nofilter:0001	vru_accident:MANUAL_DATA:VRU_59	clip	3
vru2:nofilter:0001	vru_accident:MANUAL_DATA:VRU_60	clip	3
vru2:nofilter:0001	vru_accident:MANUAL_DATA:VRU_88	clip	3
vru2:nofilter:0001	vru_accident:MANUAL_DATA:VRU_93	clip	3
vru2:nofilter:0001	vru_accident:MANUAL_DATA:VRU_94	clip	3
vru2:nofilter:0001	vru_accident:MANUAL_DATA:VRU_96	clip	3
vru2:nofilter:0001	vru_accident:MANUAL_DATA:VRU_97	clip	3
vru2:nofilter:0001	vru_accident:MANUAL_DATA:VRU_98	clip	3
vru2:weather_light:0002	vru_accident:CAP_DATA:VRU_103	clip	3
vru2:weather_light:0002	vru_accident:CAP_DATA:VRU_104	clip	3
vru2:weather_light:0002	vru_accident:CAP_DATA:VRU_106	clip	3
vru2:weather_light:0002	vru_accident:CAP_DATA:VRU_110	clip	3
vru2:weather_light:0002	vru_accident:CAP_DATA:VRU_111	clip	3
vru2:weather_light:0002	vru_accident:CAP_DATA:VRU_112	clip	3
vru2:weather_light:0002	vru_accident:CAP_DATA:VRU_113	clip	3
vru2:weather_light:0002	vru_accident:CAP_DATA:VRU_114	clip	3
vru2:weather_light:0002	vru_accident:CAP_DATA:VRU_115	clip	3
vru2:weather_light:0002	vru_accident:CAP_DATA:VRU_118	clip	3
vru2:weather_light:0002	vru_accident:CAP_DATA:VRU_119	clip	3
vru2:weather_light:0002	vru_accident:CAP_DATA:VRU_120	clip	3
vru2:weather_light:0002	vru_accident:CAP_DATA:VRU_121	clip	3
vru2:weather_light:0002	vru_accident:CAP_DATA:VRU_122	clip	3
vru2:weather_light:0002	vru_accident:CAP_DATA:VRU_123	clip	3
vru2:weather_light:0002	vru_accident:CAP_DATA:VRU_125	clip	3
vru2:weather_light:0002	vru_accident:CAP_DATA:VRU_128	clip	3
vru2:weather_light:0002	vru_accident:CAP_DATA:VRU_129	clip	3
vru2:weather_light:0002	vru_accident:CAP_DATA:VRU_130	clip	3
vru2:weather_light:0002	vru_accident:CAP_DATA:VRU_131	clip	3
vru2:weather_light:0002	vru_accident:CAP_DATA:VRU_132	clip	3
vru2:weather_light:0002	vru_accident:CAP_DATA:VRU_133	clip	3
vru2:weather_light:0002	vru_accident:CAP_DATA:VRU_134	clip	3
vru2:weather_light:0002	vru_accident:CAP_DATA:VRU_136	clip	3
vru2:weather_light:0002	vru_accident:CAP_DATA:VRU_138	clip	3
vru2:weather_light:0002	vru_accident:CAP_DATA:VRU_139	clip	3
vru2:weather_light:0002	vru_accident:CAP_DATA:VRU_140	clip	3
vru2:weather_light:0002	vru_accident:CAP_DATA:VRU_141	clip	3
vru2:weather_light:0002	vru_accident:CAP_DATA:VRU_145	clip	3
vru2:weather_light:0002	vru_accident:CAP_DATA:VRU_146	clip	3
vru2:weather_light:0002	vru_accident:CAP_DATA:VRU_147	clip	3
vru2:weather_light:0002	vru_accident:CAP_DATA:VRU_148	clip	3
vru2:weather_light:0002	vru_accident:CAP_DATA:VRU_150	clip	3
vru2:weather_light:0002	vru_accident:CAP_DATA:VRU_152	clip	3
vru2:weather_light:0002	vru_accident:CAP_DATA:VRU_155	clip	3
vru2:weather_light:0002	vru_accident:CAP_DATA:VRU_159	clip	3
vru2:weather_light:0002	vru_accident:CAP_DATA:VRU_161	clip	3
vru2:weather_light:0002	vru_accident:CAP_DATA:VRU_163	clip	3
vru2:weather_light:0002	vru_accident:CAP_DATA:VRU_164	clip	3
vru2:weather_light:0002	vru_accident:CAP_DATA:VRU_169	clip	3
vru2:weather_light:0002	vru_accident:CAP_DATA:VRU_174	clip	3
vru2:weather_light:0002	vru_accident:CAP_DATA:VRU_176	clip	3
vru2:weather_light:0002	vru_accident:CAP_DATA:VRU_177	clip	3
vru2:weather_light:0002	vru_accident:CAP_DATA:VRU_179	clip	3
vru2:weather_light:0002	vru_accident:CAP_DATA:VRU_180	clip	3
vru2:weather_light:0002	vru_accident:CAP_DATA:VRU_182	clip	3
vru2:weather_light:0002	vru_accident:CAP_DATA:VRU_184	clip	3
vru2:weather_light:0002	vru_accident:CAP_DATA:VRU_185	clip	3
vru2:weather_light:0002	vru_accident:CAP_DATA:VRU_186	clip	3
vru2:weather_light:0002	vru_accident:CAP_DATA:VRU_187	clip	3
vru2:weather_light:0002	vru_accident:CAP_DATA:VRU_188	clip	3
vru2:weather_light:0002	vru_accident:CAP_DATA:VRU_189	clip	3
vru2:weather_light:0002	vru_accident:CAP_DATA:VRU_192	clip	3
vru2:weather_light:0002	vru_accident:CAP_DATA:VRU_193	clip	3
vru2:weather_light:0002	vru_accident:CAP_DATA:VRU_195	clip	3
vru2:weather_light:0002	vru_accident:CAP_DATA:VRU_196	clip	3
vru2:weather_light:0002	vru_accident:CAP_DATA:VRU_197	clip	3
vru2:weather_light:0002	vru_accident:CAP_DATA:VRU_198	clip	3
vru2:weather_light:0002	vru_accident:CAP_DATA:VRU_199	clip	3
vru2:weather_light:0002	vru_accident:CAP_DATA:VRU_200	clip	3
vru2:weather_light:0002	vru_accident:CAP_DATA:VRU_201	clip	3
vru2:weather_light:0002	vru_accident:CAP_DATA:VRU_202	clip	3
vru2:weather_light:0002	vru_accident:CAP_DATA:VRU_203	clip	3
vru2:weather_light:0002	vru_accident:CAP_DATA:VRU_204	clip	3
vru2:weather_light:0002	vru_accident:CAP_DATA:VRU_205	clip	3
vru2:weather_light:0002	vru_accident:CAP_DATA:VRU_206	clip	3
vru2:weather_light:0002	vru_accident:CAP_DATA:VRU_207	clip	3
vru2:weather_light:0002	vru_accident:CAP_DATA:VRU_208	clip	3
vru2:weather_light:0002	vru_accident:CAP_DATA:VRU_210	clip	3
vru2:weather_light:0002	vru_accident:CAP_DATA:VRU_211	clip	3
vru2:weather_light:0002	vru_accident:CAP_DATA:VRU_212	clip	3
vru2:weather_light:0002	vru_accident:CAP_DATA:VRU_216	clip	3
vru2:weather_light:0002	vru_accident:CAP_DATA:VRU_218	clip	3
vru2:weather_light:0002	vru_accident:CAP_DATA:VRU_221	clip	3
vru2:weather_light:0002	vru_accident:CAP_DATA:VRU_224	clip	3
vru2:weather_light:0002	vru_accident:CAP_DATA:VRU_226	clip	3
vru2:weather_light:0002	vru_accident:CAP_DATA:VRU_227	clip	3
vru2:weather_light:0002	vru_accident:CAP_DATA:VRU_229	clip	3
vru2:weather_light:0002	vru_accident:CAP_DATA:VRU_233	clip	3
vru2:weather_light:0002	vru_accident:DADA_2000:VRU_119	clip	3
vru2:weather_light:0002	vru_accident:DADA_2000:VRU_120	clip	3
vru2:weather_light:0002	vru_accident:DADA_2000:VRU_121	clip	3
vru2:weather_light:0002	vru_accident:DADA_2000:VRU_122	clip	3
vru2:weather_light:0002	vru_accident:DADA_2000:VRU_123	clip	3
vru2:weather_light:0002	vru_accident:DADA_2000:VRU_124	clip	3
vru2:weather_light:0002	vru_accident:DADA_2000:VRU_125	clip	3
vru2:weather_light:0002	vru_accident:DADA_2000:VRU_126	clip	3
vru2:weather_light:0002	vru_accident:DADA_2000:VRU_128	clip	3
vru2:weather_light:0002	vru_accident:DADA_2000:VRU_130	clip	3
vru2:weather_light:0002	vru_accident:DADA_2000:VRU_131	clip	3
vru2:weather_light:0002	vru_accident:DADA_2000:VRU_132	clip	3
vru2:weather_light:0002	vru_accident:DADA_2000:VRU_133	clip	3
vru2:weather_light:0002	vru_accident:DADA_2000:VRU_134	clip	3
vru2:weather_light:0002	vru_accident:DADA_2000:VRU_135	clip	3
vru2:weather_light:0002	vru_accident:DADA_2000:VRU_136	clip	3
vru2:weather_light:0002	vru_accident:DADA_2000:VRU_137	clip	3
vru2:weather_light:0002	vru_accident:DADA_2000:VRU_138	clip	3
vru2:weather_light:0002	vru_accident:DADA_2000:VRU_139	clip	3
vru2:weather_light:0002	vru_accident:DADA_2000:VRU_141	clip	3
vru2:weather_light:0002	vru_accident:DADA_2000:VRU_143	clip	3
vru2:weather_light:0002	vru_accident:DADA_2000:VRU_144	clip	3
vru2:weather_light:0002	vru_accident:DADA_2000:VRU_145	clip	3
vru2:weather_light:0002	vru_accident:DADA_2000:VRU_146	clip	3
vru2:weather_light:0002	vru_accident:DADA_2000:VRU_147	clip	3
vru2:weather_light:0002	vru_accident:DADA_2000:VRU_148	clip	3
vru2:weather_light:0002	vru_accident:DADA_2000:VRU_149	clip	3
vru2:weather_light:0002	vru_accident:DADA_2000:VRU_150	clip	3
vru2:weather_light:0002	vru_accident:DADA_2000:VRU_151	clip	3
vru2:weather_light:0002	vru_accident:DADA_2000:VRU_152	clip	3
vru2:weather_light:0002	vru_accident:DADA_2000:VRU_153	clip	3
vru2:weather_light:0002	vru_accident:DoTA:VRU_10	clip	3
vru2:weather_light:0002	vru_accident:DoTA:VRU_100	clip	3
vru2:weather_light:0002	vru_accident:DoTA:VRU_13	clip	3
vru2:weather_light:0002	vru_accident:DoTA:VRU_16	clip	3
vru2:weather_light:0002	vru_accident:DoTA:VRU_18	clip	3
vru2:weather_light:0002	vru_accident:DoTA:VRU_19	clip	3
vru2:weather_light:0002	vru_accident:DoTA:VRU_2	clip	3
vru2:weather_light:0002	vru_accident:DoTA:VRU_23	clip	3
vru2:weather_light:0002	vru_accident:DoTA:VRU_26	clip	3
vru2:weather_light:0002	vru_accident:DoTA:VRU_27	clip	3
vru2:weather_light:0002	vru_accident:DoTA:VRU_3	clip	3
vru2:weather_light:0002	vru_accident:DoTA:VRU_32	clip	3
vru2:weather_light:0002	vru_accident:DoTA:VRU_38	clip	3
vru2:weather_light:0002	vru_accident:DoTA:VRU_39	clip	3
vru2:weather_light:0002	vru_accident:DoTA:VRU_40	clip	3
vru2:weather_light:0002	vru_accident:DoTA:VRU_41	clip	3
vru2:weather_light:0002	vru_accident:DoTA:VRU_44	clip	3
vru2:weather_light:0002	vru_accident:DoTA:VRU_48	clip	3
vru2:weather_light:0002	vru_accident:DoTA:VRU_52	clip	3
vru2:weather_light:0002	vru_accident:DoTA:VRU_63	clip	3
vru2:weather_light:0002	vru_accident:DoTA:VRU_68	clip	3
vru2:weather_light:0002	vru_accident:DoTA:VRU_70	clip	3
vru2:weather_light:0002	vru_accident:DoTA:VRU_71	clip	3
vru2:weather_light:0002	vru_accident:DoTA:VRU_73	clip	3
vru2:weather_light:0002	vru_accident:DoTA:VRU_74	clip	3
vru2:weather_light:0002	vru_accident:DoTA:VRU_76	clip	3
vru2:weather_light:0002	vru_accident:DoTA:VRU_78	clip	3
vru2:weather_light:0002	vru_accident:DoTA:VRU_80	clip	3
vru2:weather_light:0002	vru_accident:DoTA:VRU_83	clip	3
vru2:weather_light:0002	vru_accident:DoTA:VRU_86	clip	3
vru2:weather_light:0002	vru_accident:DoTA:VRU_88	clip	3
vru2:weather_light:0002	vru_accident:DoTA:VRU_89	clip	3
vru2:weather_light:0002	vru_accident:DoTA:VRU_9	clip	3
vru2:weather_light:0002	vru_accident:DoTA:VRU_90	clip	3
vru2:weather_light:0002	vru_accident:DoTA:VRU_99	clip	3
vru2:weather_light:0002	vru_accident:MANUAL_DATA:VRU_101	clip	3
vru2:weather_light:0002	vru_accident:MANUAL_DATA:VRU_105	clip	3
vru2:weather_light:0002	vru_accident:MANUAL_DATA:VRU_111	clip	3
vru2:weather_light:0002	vru_accident:MANUAL_DATA:VRU_113	clip	3
vru2:weather_light:0002	vru_accident:MANUAL_DATA:VRU_115	clip	3
vru2:weather_light:0002	vru_accident:MANUAL_DATA:VRU_116	clip	3
vru2:weather_light:0002	vru_accident:MANUAL_DATA:VRU_117	clip	3
vru2:weather_light:0002	vru_accident:MANUAL_DATA:VRU_119	clip	3
vru2:weather_light:0002	vru_accident:MANUAL_DATA:VRU_122	clip	3
vru2:weather_light:0002	vru_accident:MANUAL_DATA:VRU_128	clip	3
vru2:weather_light:0002	vru_accident:MANUAL_DATA:VRU_130	clip	3
vru2:weather_light:0002	vru_accident:MANUAL_DATA:VRU_131	clip	3
vru2:weather_light:0002	vru_accident:MANUAL_DATA:VRU_132	clip	3
vru2:weather_light:0002	vru_accident:MANUAL_DATA:VRU_133	clip	3
vru2:weather_light:0002	vru_accident:MANUAL_DATA:VRU_134	clip	3
vru2:weather_light:0002	vru_accident:MANUAL_DATA:VRU_137	clip	3
vru2:weather_light:0002	vru_accident:MANUAL_DATA:VRU_138	clip	3
vru2:weather_light:0002	vru_accident:MANUAL_DATA:VRU_140	clip	3
vru2:weather_light:0002	vru_accident:MANUAL_DATA:VRU_146	clip	3
vru2:weather_light:0002	vru_accident:MANUAL_DATA:VRU_147	clip	3
vru2:weather_light:0002	vru_accident:MANUAL_DATA:VRU_150	clip	3
vru2:weather_light:0002	vru_accident:MANUAL_DATA:VRU_151	clip	3
vru2:weather_light:0002	vru_accident:MANUAL_DATA:VRU_153	clip	3
vru2:weather_light:0002	vru_accident:MANUAL_DATA:VRU_156	clip	3
vru2:weather_light:0002	vru_accident:MANUAL_DATA:VRU_157	clip	3
vru2:weather_light:0002	vru_accident:MANUAL_DATA:VRU_160	clip	3
vru2:weather_light:0002	vru_accident:MANUAL_DATA:VRU_162	clip	3
vru2:weather_light:0002	vru_accident:MANUAL_DATA:VRU_166	clip	3
vru2:weather_light:0002	vru_accident:MANUAL_DATA:VRU_167	clip	3
vru2:weather_light:0002	vru_accident:MANUAL_DATA:VRU_169	clip	3
vru2:weather_light:0002	vru_accident:MANUAL_DATA:VRU_170	clip	3
vru2:weather_light:0002	vru_accident:MANUAL_DATA:VRU_171	clip	3
vru2:weather_light:0002	vru_accident:MANUAL_DATA:VRU_176	clip	3
vru2:weather_light:0002	vru_accident:MANUAL_DATA:VRU_178	clip	3
vru2:weather_light:0002	vru_accident:MANUAL_DATA:VRU_179	clip	3
vru2:weather_light:0002	vru_accident:MANUAL_DATA:VRU_183	clip	3
vru2:weather_light:0002	vru_accident:MANUAL_DATA:VRU_184	clip	3
vru2:weather_light:0002	vru_accident:MANUAL_DATA:VRU_192	clip	3
vru2:weather_light:0002	vru_accident:MANUAL_DATA:VRU_193	clip	3
vru2:weather_light:0002	vru_accident:MANUAL_DATA:VRU_194	clip	3
vru2:weather_light:0002	vru_accident:MANUAL_DATA:VRU_195	clip	3
vru2:weather_light:0002	vru_accident:MANUAL_DATA:VRU_198	clip	3
vru2:weather_light:0002	vru_accident:MANUAL_DATA:VRU_199	clip	3
vru2:weather_light:0002	vru_accident:MANUAL_DATA:VRU_200	clip	3
vru2:weather_light:0002	vru_accident:MANUAL_DATA:VRU_201	clip	3
vru2:weather_light:0002	vru_accident:MANUAL_DATA:VRU_203	clip	3
vru2:weather_light:0002	vru_accident:MANUAL_DATA:VRU_206	clip	3
vru2:weather_light:0002	vru_accident:MANUAL_DATA:VRU_210	clip	3
vru2:weather_light:0002	vru_accident:MANUAL_DATA:VRU_211	clip	3
vru2:weather_light:0002	vru_accident:MANUAL_DATA:VRU_212	clip	3
vru2:weather_light:0002	vru_accident:MANUAL_DATA:VRU_213	clip	3
vru2:weather_light:0002	vru_accident:MANUAL_DATA:VRU_214	clip	3
vru2:weather_light:0002	vru_accident:MANUAL_DATA:VRU_215	clip	3
vru2:weather_light:0002	vru_accident:MANUAL_DATA:VRU_216	clip	3
vru2:weather_light:0002	vru_accident:MANUAL_DATA:VRU_217	clip	3
vru2:weather_light:0002	vru_accident:MANUAL_DATA:VRU_219	clip	3
vru2:weather_light:0002	vru_accident:MANUAL_DATA:VRU_221	clip	3
vru2:weather_light:0002	vru_accident:MANUAL_DATA:VRU_222	clip	3
vru2:weather_light:0002	vru_accident:MANUAL_DATA:VRU_223	clip	3
vru2:weather_light:0002	vru_accident:MANUAL_DATA:VRU_225	clip	3
vru2:weather_light:0002	vru_accident:MANUAL_DATA:VRU_226	clip	3
vru2:weather_light:0002	vru_accident:MANUAL_DATA:VRU_231	clip	3
vru2:weather_light:0002	vru_accident:MANUAL_DATA:VRU_234	clip	3
vru2:weather_light:0002	vru_accident:MANUAL_DATA:VRU_235	clip	3
vru2:weather_light:0002	vru_accident:MANUAL_DATA:VRU_236	clip	3
vru2:weather_light:0002	vru_accident:MANUAL_DATA:VRU_237	clip	3
vru2:weather_light:0002	vru_accident:MANUAL_DATA:VRU_238	clip	3
vru2:weather_light:0002	vru_accident:MANUAL_DATA:VRU_239	clip	3
vru2:weather_light:0002	vru_accident:MANUAL_DATA:VRU_241	clip	3
vru2:weather_light:0002	vru_accident:MANUAL_DATA:VRU_247	clip	3
vru2:weather_light:0002	vru_accident:MANUAL_DATA:VRU_254	clip	3
vru2:weather_light:0002	vru_accident:MANUAL_DATA:VRU_257	clip	3
vru2:weather_light:0002	vru_accident:MANUAL_DATA:VRU_258	clip	3
vru2:weather_light:0002	vru_accident:MANUAL_DATA:VRU_262	clip	3
vru2:weather_light:0002	vru_accident:MANUAL_DATA:VRU_263	clip	3
vru2:weather_light:0002	vru_accident:MANUAL_DATA:VRU_265	clip	3
vru2:weather_light:0002	vru_accident:MANUAL_DATA:VRU_267	clip	3
vru2:weather_light:0002	vru_accident:MANUAL_DATA:VRU_268	clip	3
vru2:weather_light:0002	vru_accident:MANUAL_DATA:VRU_269	clip	3
vru2:weather_light:0002	vru_accident:MANUAL_DATA:VRU_270	clip	3
vru2:weather_light:0002	vru_accident:MANUAL_DATA:VRU_271	clip	3
vru2:weather_light:0002	vru_accident:MANUAL_DATA:VRU_272	clip	3
vru2:weather_light:0002	vru_accident:MANUAL_DATA:VRU_273	clip	3
vru2:weather_light:0002	vru_accident:MANUAL_DATA:VRU_276	clip	3
vru2:weather_light:0002	vru_accident:MANUAL_DATA:VRU_277	clip	3
vru2:weather_light:0002	vru_accident:MANUAL_DATA:VRU_278	clip	3
vru2:weather_light:0002	vru_accident:MANUAL_DATA:VRU_288	clip	3
vru2:weather_light:0002	vru_accident:MANUAL_DATA:VRU_289	clip	3
vru2:weather_light:0002	vru_accident:MANUAL_DATA:VRU_293	clip	3
vru2:weather_light:0002	vru_accident:MANUAL_DATA:VRU_295	clip	3
vru2:weather_light:0002	vru_accident:MANUAL_DATA:VRU_303	clip	3
vru2:weather_light:0002	vru_accident:MANUAL_DATA:VRU_307	clip	3
vru2:weather_light:0002	vru_accident:MANUAL_DATA:VRU_313	clip	3
vru2:weather_light:0002	vru_accident:MANUAL_DATA:VRU_314	clip	3
vru2:weather_light:0002	vru_accident:MANUAL_DATA:VRU_315	clip	3
vru2:weather_light:0002	vru_accident:MANUAL_DATA:VRU_319	clip	3
vru2:weather_light:0002	vru_accident:MANUAL_DATA:VRU_323	clip	3
vru2:weather_light:0002	vru_accident:MANUAL_DATA:VRU_326	clip	3
vru2:weather_light:0002	vru_accident:MANUAL_DATA:VRU_327	clip	3
vru2:weather_light:0002	vru_accident:MANUAL_DATA:VRU_330	clip	3
vru2:weather_light:0002	vru_accident:MANUAL_DATA:VRU_334	clip	3
vru2:weather_light:0002	vru_accident:MANUAL_DATA:VRU_336	clip	3
vru2:weather_light:0002	vru_accident:MANUAL_DATA:VRU_339	clip	3
vru2:weather_light:0002	vru_accident:MANUAL_DATA:VRU_347	clip	3
vru2:weather_light:0002	vru_accident:MANUAL_DATA:VRU_356	clip	3
vru2:weather_light:0002	vru_accident:MANUAL_DATA:VRU_363	clip	3
vru2:weather_light:0002	vru_accident:MANUAL_DATA:VRU_364	clip	3
vru2:weather_light:0002	vru_accident:MANUAL_DATA:VRU_375	clip	3
vru2:weather_light:0002	vru_accident:MANUAL_DATA:VRU_379	clip	3
vru2:weather_light:0002	vru_accident:MANUAL_DATA:VRU_380	clip	3
vru2:weather_light:0002	vru_accident:MANUAL_DATA:VRU_386	clip	3
vru2:weather_light:0002	vru_accident:MANUAL_DATA:VRU_387	clip	3
vru2:weather_light:0002	vru_accident:MANUAL_DATA:VRU_390	clip	3
vru2:weather_light:0002	vru_accident:MANUAL_DATA:VRU_47	clip	3
vru2:weather_light:0002	vru_accident:MANUAL_DATA:VRU_49	clip	3
vru2:weather_light:0002	vru_accident:MANUAL_DATA:VRU_50	clip	3
vru2:weather_light:0002	vru_accident:MANUAL_DATA:VRU_52	clip	3
vru2:weather_light:0002	vru_accident:MANUAL_DATA:VRU_57	clip	3
vru2:weather_light:0002	vru_accident:MANUAL_DATA:VRU_58	clip	3
vru2:weather_light:0002	vru_accident:MANUAL_DATA:VRU_59	clip	3
vru2:weather_light:0002	vru_accident:MANUAL_DATA:VRU_60	clip	3
vru2:weather_light:0002	vru_accident:MANUAL_DATA:VRU_96	clip	3
vru2:weather_light:0002	vru_accident:MANUAL_DATA:VRU_97	clip	3
vru2:weather_light:0003	vru_accident:CAP_DATA:VRU_102	clip	3
vru2:weather_light:0003	vru_accident:CAP_DATA:VRU_105	clip	3
vru2:weather_light:0003	vru_accident:CAP_DATA:VRU_107	clip	3
vru2:weather_light:0003	vru_accident:CAP_DATA:VRU_108	clip	3
vru2:weather_light:0003	vru_accident:CAP_DATA:VRU_116	clip	3
vru2:weather_light:0003	vru_accident:CAP_DATA:VRU_124	clip	3
vru2:weather_light:0003	vru_accident:CAP_DATA:VRU_126	clip	3
vru2:weather_light:0003	vru_accident:CAP_DATA:VRU_127	clip	3
vru2:weather_light:0003	vru_accident:CAP_DATA:VRU_142	clip	3
vru2:weather_light:0003	vru_accident:CAP_DATA:VRU_143	clip	3
vru2:weather_light:0003	vru_accident:CAP_DATA:VRU_149	clip	3
vru2:weather_light:0003	vru_accident:CAP_DATA:VRU_154	clip	3
vru2:weather_light:0003	vru_accident:CAP_DATA:VRU_157	clip	3
vru2:weather_light:0003	vru_accident:CAP_DATA:VRU_158	clip	3
vru2:weather_light:0003	vru_accident:CAP_DATA:VRU_162	clip	3
vru2:weather_light:0003	vru_accident:CAP_DATA:VRU_165	clip	3
vru2:weather_light:0003	vru_accident:CAP_DATA:VRU_166	clip	3
vru2:weather_light:0003	vru_accident:CAP_DATA:VRU_167	clip	3
vru2:weather_light:0003	vru_accident:CAP_DATA:VRU_168	clip	3
vru2:weather_light:0003	vru_accident:CAP_DATA:VRU_170	clip	3
vru2:weather_light:0003	vru_accident:CAP_DATA:VRU_172	clip	3
vru2:weather_light:0003	vru_accident:CAP_DATA:VRU_173	clip	3
vru2:weather_light:0003	vru_accident:CAP_DATA:VRU_181	clip	3
vru2:weather_light:0003	vru_accident:CAP_DATA:VRU_183	clip	3
vru2:weather_light:0003	vru_accident:CAP_DATA:VRU_190	clip	3
vru2:weather_light:0003	vru_accident:CAP_DATA:VRU_219	clip	3
vru2:weather_light:0003	vru_accident:CAP_DATA:VRU_222	clip	3
vru2:weather_light:0003	vru_accident:CAP_DATA:VRU_223	clip	3
vru2:weather_light:0003	vru_accident:CAP_DATA:VRU_231	clip	3
vru2:weather_light:0003	vru_accident:CAP_DATA:VRU_232	clip	3
vru2:weather_light:0003	vru_accident:DoTA:VRU_20	clip	3
vru2:weather_light:0003	vru_accident:DoTA:VRU_29	clip	3
vru2:weather_light:0003	vru_accident:DoTA:VRU_30	clip	3
vru2:weather_light:0003	vru_accident:DoTA:VRU_34	clip	3
vru2:weather_light:0003	vru_accident:DoTA:VRU_79	clip	3
vru2:weather_light:0003	vru_accident:DoTA:VRU_8	clip	3
vru2:weather_light:0003	vru_accident:DoTA:VRU_93	clip	3
vru2:weather_light:0003	vru_accident:DoTA:VRU_95	clip	3
vru2:weather_light:0003	vru_accident:MANUAL_DATA:VRU_124	clip	3
vru2:weather_light:0003	vru_accident:MANUAL_DATA:VRU_125	clip	3
vru2:weather_light:0003	vru_accident:MANUAL_DATA:VRU_136	clip	3
vru2:weather_light:0003	vru_accident:MANUAL_DATA:VRU_159	clip	3
vru2:weather_light:0003	vru_accident:MANUAL_DATA:VRU_191	clip	3
vru2:weather_light:0003	vru_accident:MANUAL_DATA:VRU_209	clip	3
vru2:weather_light:0003	vru_accident:MANUAL_DATA:VRU_220	clip	3
vru2:weather_light:0003	vru_accident:MANUAL_DATA:VRU_224	clip	3
vru2:weather_light:0003	vru_accident:MANUAL_DATA:VRU_227	clip	3
vru2:weather_light:0003	vru_accident:MANUAL_DATA:VRU_228	clip	3
vru2:weather_light:0003	vru_accident:MANUAL_DATA:VRU_232	clip	3
vru2:weather_light:0003	vru_accident:MANUAL_DATA:VRU_233	clip	3
vru2:weather_light:0003	vru_accident:MANUAL_DATA:VRU_281	clip	3
vru2:weather_light:0003	vru_accident:MANUAL_DATA:VRU_283	clip	3
vru2:weather_light:0003	vru_accident:MANUAL_DATA:VRU_291	clip	3
vru2:weather_light:0003	vru_accident:MANUAL_DATA:VRU_294	clip	3
vru2:weather_light:0003	vru_accident:MANUAL_DATA:VRU_296	clip	3
vru2:weather_light:0003	vru_accident:MANUAL_DATA:VRU_297	clip	3
vru2:weather_light:0003	vru_accident:MANUAL_DATA:VRU_300	clip	3
vru2:weather_light:0003	vru_accident:MANUAL_DATA:VRU_308	clip	3
vru2:weather_light:0003	vru_accident:MANUAL_DATA:VRU_311	clip	3
vru2:weather_light:0003	vru_accident:MANUAL_DATA:VRU_317	clip	3
vru2:weather_light:0003	vru_accident:MANUAL_DATA:VRU_321	clip	3
vru2:weather_light:0003	vru_accident:MANUAL_DATA:VRU_322	clip	3
vru2:weather_light:0003	vru_accident:MANUAL_DATA:VRU_348	clip	3
vru2:weather_light:0003	vru_accident:MANUAL_DATA:VRU_383	clip	3
vru2:weather_light:0003	vru_accident:MANUAL_DATA:VRU_53	clip	3
vru2:weather_light:0003	vru_accident:MANUAL_DATA:VRU_88	clip	3
vru2:weather_light:0003	vru_accident:MANUAL_DATA:VRU_98	clip	3
vru2:weather_light:0004	vru_accident:CAP_DATA:VRU_117	clip	3
vru2:weather_light:0004	vru_accident:CAP_DATA:VRU_135	clip	3
vru2:weather_light:0004	vru_accident:CAP_DATA:VRU_153	clip	3
vru2:weather_light:0004	vru_accident:CAP_DATA:VRU_160	clip	3
vru2:weather_light:0004	vru_accident:CAP_DATA:VRU_194	clip	3
vru2:weather_light:0004	vru_accident:CAP_DATA:VRU_209	clip	3
vru2:weather_light:0004	vru_accident:DADA_2000:VRU_118	clip	3
vru2:weather_light:0004	vru_accident:DADA_2000:VRU_140	clip	3
vru2:weather_light:0004	vru_accident:DADA_2000:VRU_142	clip	3
vru2:weather_light:0004	vru_accident:DoTA:VRU_12	clip	3
vru2:weather_light:0004	vru_accident:DoTA:VRU_43	clip	3
vru2:weather_light:0004	vru_accident:DoTA:VRU_46	clip	3
vru2:weather_light:0004	vru_accident:DoTA:VRU_67	clip	3
vru2:weather_light:0004	vru_accident:DoTA:VRU_7	clip	3
vru2:weather_light:0004	vru_accident:DoTA:VRU_87	clip	3
vru2:weather_light:0004	vru_accident:DoTA:VRU_98	clip	3
vru2:weather_light:0004	vru_accident:MANUAL_DATA:VRU_103	clip	3
vru2:weather_light:0004	vru_accident:MANUAL_DATA:VRU_126	clip	3
vru2:weather_light:0004	vru_accident:MANUAL_DATA:VRU_129	clip	3
vru2:weather_light:0004	vru_accident:MANUAL_DATA:VRU_145	clip	3
vru2:weather_light:0004	vru_accident:MANUAL_DATA:VRU_163	clip	3
vru2:weather_light:0004	vru_accident:MANUAL_DATA:VRU_165	clip	3
vru2:weather_light:0004	vru_accident:MANUAL_DATA:VRU_174	clip	3
vru2:weather_light:0004	vru_accident:MANUAL_DATA:VRU_182	clip	3
vru2:weather_light:0004	vru_accident:MANUAL_DATA:VRU_204	clip	3
vru2:weather_light:0004	vru_accident:MANUAL_DATA:VRU_282	clip	3
vru2:weather_light:0004	vru_accident:MANUAL_DATA:VRU_286	clip	3
vru2:weather_light:0004	vru_accident:MANUAL_DATA:VRU_290	clip	3
vru2:weather_light:0004	vru_accident:MANUAL_DATA:VRU_309	clip	3
vru2:weather_light:0004	vru_accident:MANUAL_DATA:VRU_318	clip	3
vru2:weather_light:0004	vru_accident:MANUAL_DATA:VRU_342	clip	3
vru2:weather_light:0004	vru_accident:MANUAL_DATA:VRU_345	clip	3
vru2:weather_light:0004	vru_accident:MANUAL_DATA:VRU_378	clip	3
vru2:weather_light:0004	vru_accident:MANUAL_DATA:VRU_384	clip	3
vru2:weather_light:0004	vru_accident:MANUAL_DATA:VRU_388	clip	3
vru2:weather_light:0005	vru_accident:CAP_DATA:VRU_109	clip	3
vru2:weather_light:0005	vru_accident:CAP_DATA:VRU_137	clip	3
vru2:weather_light:0005	vru_accident:CAP_DATA:VRU_171	clip	3
vru2:weather_light:0005	vru_accident:CAP_DATA:VRU_191	clip	3
vru2:weather_light:0005	vru_accident:CAP_DATA:VRU_214	clip	3
vru2:weather_light:0005	vru_accident:CAP_DATA:VRU_215	clip	3
vru2:weather_light:0005	vru_accident:CAP_DATA:VRU_220	clip	3
vru2:weather_light:0005	vru_accident:CAP_DATA:VRU_225	clip	3
vru2:weather_light:0005	vru_accident:CAP_DATA:VRU_228	clip	3
vru2:weather_light:0005	vru_accident:DADA_2000:VRU_127	clip	3
vru2:weather_light:0005	vru_accident:DADA_2000:VRU_129	clip	3
vru2:weather_light:0005	vru_accident:DADA_2000:VRU_154	clip	3
vru2:weather_light:0005	vru_accident:DoTA:VRU_47	clip	3
vru2:weather_light:0005	vru_accident:MANUAL_DATA:VRU_112	clip	3
vru2:weather_light:0005	vru_accident:MANUAL_DATA:VRU_120	clip	3
vru2:weather_light:0005	vru_accident:MANUAL_DATA:VRU_123	clip	3
vru2:weather_light:0005	vru_accident:MANUAL_DATA:VRU_135	clip	3
vru2:weather_light:0005	vru_accident:MANUAL_DATA:VRU_139	clip	3
vru2:weather_light:0005	vru_accident:MANUAL_DATA:VRU_148	clip	3
vru2:weather_light:0005	vru_accident:MANUAL_DATA:VRU_154	clip	3
vru2:weather_light:0005	vru_accident:MANUAL_DATA:VRU_158	clip	3
vru2:weather_light:0005	vru_accident:MANUAL_DATA:VRU_161	clip	3
vru2:weather_light:0005	vru_accident:MANUAL_DATA:VRU_168	clip	3
vru2:weather_light:0005	vru_accident:MANUAL_DATA:VRU_172	clip	3
vru2:weather_light:0005	vru_accident:MANUAL_DATA:VRU_173	clip	3
vru2:weather_light:0005	vru_accident:MANUAL_DATA:VRU_175	clip	3
vru2:weather_light:0005	vru_accident:MANUAL_DATA:VRU_208	clip	3
vru2:weather_light:0005	vru_accident:MANUAL_DATA:VRU_242	clip	3
vru2:weather_light:0005	vru_accident:MANUAL_DATA:VRU_292	clip	3
vru2:weather_light:0005	vru_accident:MANUAL_DATA:VRU_316	clip	3
vru2:weather_light:0005	vru_accident:MANUAL_DATA:VRU_325	clip	3
vru2:weather_light:0005	vru_accident:MANUAL_DATA:VRU_94	clip	3
vru2:weather_light:0006	vru_accident:CAP_DATA:VRU_175	clip	3
vru2:weather_light:0006	vru_accident:CAP_DATA:VRU_217	clip	3
vru2:weather_light:0006	vru_accident:CAP_DATA:VRU_234	clip	3
vru2:weather_light:0006	vru_accident:MANUAL_DATA:VRU_118	clip	3
vru2:weather_light:0006	vru_accident:MANUAL_DATA:VRU_121	clip	3
vru2:weather_light:0006	vru_accident:MANUAL_DATA:VRU_197	clip	3
vru2:road_type:0007	vru_accident:CAP_DATA:VRU_102	clip	3
vru2:road_type:0007	vru_accident:CAP_DATA:VRU_103	clip	3
vru2:road_type:0007	vru_accident:CAP_DATA:VRU_104	clip	3
vru2:road_type:0007	vru_accident:CAP_DATA:VRU_105	clip	3
vru2:road_type:0007	vru_accident:CAP_DATA:VRU_106	clip	3
vru2:road_type:0007	vru_accident:CAP_DATA:VRU_107	clip	3
vru2:road_type:0007	vru_accident:CAP_DATA:VRU_108	clip	3
vru2:road_type:0007	vru_accident:CAP_DATA:VRU_111	clip	3
vru2:road_type:0007	vru_accident:CAP_DATA:VRU_112	clip	3
vru2:road_type:0007	vru_accident:CAP_DATA:VRU_113	clip	3
vru2:road_type:0007	vru_accident:CAP_DATA:VRU_114	clip	3
vru2:road_type:0007	vru_accident:CAP_DATA:VRU_115	clip	3
vru2:road_type:0007	vru_accident:CAP_DATA:VRU_116	clip	3
vru2:road_type:0007	vru_accident:CAP_DATA:VRU_118	clip	3
vru2:road_type:0007	vru_accident:CAP_DATA:VRU_119	clip	3
vru2:road_type:0007	vru_accident:CAP_DATA:VRU_120	clip	3
vru2:road_type:0007	vru_accident:CAP_DATA:VRU_121	clip	3
vru2:road_type:0007	vru_accident:CAP_DATA:VRU_122	clip	3
vru2:road_type:0007	vru_accident:CAP_DATA:VRU_123	clip	3
vru2:road_type:0007	vru_accident:CAP_DATA:VRU_125	clip	3
vru2:road_type:0007	vru_accident:CAP_DATA:VRU_126	clip	3
vru2:road_type:0007	vru_accident:CAP_DATA:VRU_127	clip	3
vru2:road_type:0007	vru_accident:CAP_DATA:VRU_128	clip	3
vru2:road_type:0007	vru_accident:CAP_DATA:VRU_131	clip	3
vru2:road_type:0007	vru_accident:CAP_DATA:VRU_134	clip	3
vru2:road_type:0007	vru_accident:CAP_DATA:VRU_135	clip	3
vru2:road_type:0007	vru_accident:CAP_DATA:VRU_136	clip	3
vru2:road_type:0007	vru_accident:CAP_DATA:VRU_137	clip	3
vru2:road_type:0007	vru_accident:CAP_DATA:VRU_139	clip	3
vru2:road_type:0007	vru_accident:CAP_DATA:VRU_141	clip	3
vru2:road_type:0007	vru_accident:CAP_DATA:VRU_142	clip	3
vru2:road_type:0007	vru_accident:CAP_DATA:VRU_143	clip	3
vru2:road_type:0007	vru_accident:CAP_DATA:VRU_144	clip	3
vru2:road_type:0007	vru_accident:CAP_DATA:VRU_151	clip	3
vru2:road_type:0007	vru_accident:CAP_DATA:VRU_153	clip	3
vru2:road_type:0007	vru_accident:CAP_DATA:VRU_155	clip	3
vru2:road_type:0007	vru_accident:CAP_DATA:VRU_157	clip	3
vru2:road_type:0007	vru_accident:CAP_DATA:VRU_161	clip	3
vru2:road_type:0007	vru_accident:CAP_DATA:VRU_166	clip	3
vru2:road_type:0007	vru_accident:CAP_DATA:VRU_168	clip	3
vru2:road_type:0007	vru_accident:CAP_DATA:VRU_170	clip	3
vru2:road_type:0007	vru_accident:CAP_DATA:VRU_171	clip	3
vru2:road_type:0007	vru_accident:CAP_DATA:VRU_174	clip	3
vru2:road_type:0007	vru_accident:CAP_DATA:VRU_176	clip	3
vru2:road_type:0007	vru_accident:CAP_DATA:VRU_177	clip	3
vru2:road_type:0007	vru_accident:CAP_DATA:VRU_178	clip	3
vru2:road_type:0007	vru_accident:CAP_DATA:VRU_180	clip	3
vru2:road_type:0007	vru_accident:CAP_DATA:VRU_182	clip	3
vru2:road_type:0007	vru_accident:CAP_DATA:VRU_183	clip	3
vru2:road_type:0007	vru_accident:CAP_DATA:VRU_184	clip	3
vru2:road_type:0007	vru_accident:CAP_DATA:VRU_186	clip	3
vru2:road_type:0007	vru_accident:CAP_DATA:VRU_188	clip	3
vru2:road_type:0007	vru_accident:CAP_DATA:VRU_189	clip	3
vru2:road_type:0007	vru_accident:CAP_DATA:VRU_191	clip	3
vru2:road_type:0007	vru_accident:CAP_DATA:VRU_192	clip	3
vru2:road_type:0007	vru_accident:CAP_DATA:VRU_193	clip	3
vru2:road_type:0007	vru_accident:CAP_DATA:VRU_194	clip	3
vru2:road_type:0007	vru_accident:CAP_DATA:VRU_195	clip	3
vru2:road_type:0007	vru_accident:CAP_DATA:VRU_198	clip	3
vru2:road_type:0007	vru_accident:CAP_DATA:VRU_199	clip	3
vru2:road_type:0007	vru_accident:CAP_DATA:VRU_203	clip	3
vru2:road_type:0007	vru_accident:CAP_DATA:VRU_207	clip	3
vru2:road_type:0007	vru_accident:CAP_DATA:VRU_210	clip	3
vru2:road_type:0007	vru_accident:CAP_DATA:VRU_211	clip	3
vru2:road_type:0007	vru_accident:CAP_DATA:VRU_212	clip	3
vru2:road_type:0007	vru_accident:CAP_DATA:VRU_213	clip	3
vru2:road_type:0007	vru_accident:CAP_DATA:VRU_214	clip	3
vru2:road_type:0007	vru_accident:CAP_DATA:VRU_215	clip	3
vru2:road_type:0007	vru_accident:CAP_DATA:VRU_216	clip	3
vru2:road_type:0007	vru_accident:CAP_DATA:VRU_218	clip	3
vru2:road_type:0007	vru_accident:CAP_DATA:VRU_219	clip	3
vru2:road_type:0007	vru_accident:CAP_DATA:VRU_222	clip	3
vru2:road_type:0007	vru_accident:CAP_DATA:VRU_223	clip	3
vru2:road_type:0007	vru_accident:CAP_DATA:VRU_226	clip	3
vru2:road_type:0007	vru_accident:CAP_DATA:VRU_227	clip	3
vru2:road_type:0007	vru_accident:CAP_DATA:VRU_228	clip	3
vru2:road_type:0007	vru_accident:CAP_DATA:VRU_229	clip	3
vru2:road_type:0007	vru_accident:CAP_DATA:VRU_231	clip	3
vru2:road_type:0007	vru_accident:CAP_DATA:VRU_232	clip	3
vru2:road_type:0007	vru_accident:CAP_DATA:VRU_233	clip	3
vru2:road_type:0007	vru_accident:CAP_DATA:VRU_234	clip	3
vru2:road_type:0007	vru_accident:DADA_2000:VRU_118	clip	3
vru2:road_type:0007	vru_accident:DADA_2000:VRU_121	clip	3
vru2:road_type:0007	vru_accident:DADA_2000:VRU_122	clip	3
vru2:road_type:0007	vru_accident:DADA_2000:VRU_123	clip	3
vru2:road_type:0007	vru_accident:DADA_2000:VRU_124	clip	3
vru2:road_type:0007	vru_accident:DADA_2000:VRU_125	clip	3
vru2:road_type:0007	vru_accident:DADA_2000:VRU_126	clip	3
vru2:road_type:0007	vru_accident:DADA_2000:VRU_138	clip	3
vru2:road_type:0007	vru_accident:DADA_2000:VRU_139	clip	3
vru2:road_type:0007	vru_accident:DADA_2000:VRU_144	clip	3
vru2:road_type:0007	vru_accident:DADA_2000:VRU_145	clip	3
vru2:road_type:0007	vru_accident:DADA_2000:VRU_146	clip	3
vru2:road_type:0007	vru_accident:DADA_2000:VRU_149	clip	3
vru2:road_type:0007	vru_accident:DADA_2000:VRU_153	clip	3
vru2:road_type:0007	vru_accident:DoTA:VRU_13	clip	3
vru2:road_type:0007	vru_accident:DoTA:VRU_16	clip	3
vru2:road_type:0007	vru_accident:DoTA:VRU_18	clip	3
vru2:road_type:0007	vru_accident:DoTA:VRU_19	clip	3
vru2:road_type:0007	vru_accident:DoTA:VRU_2	clip	3
vru2:road_type:0007	vru_accident:DoTA:VRU_20	clip	3
vru2:road_type:0007	vru_accident:DoTA:VRU_23	clip	3
vru2:road_type:0007	vru_accident:DoTA:VRU_26	clip	3
vru2:road_type:0007	vru_accident:DoTA:VRU_29	clip	3
vru2:road_type:0007	vru_accident:DoTA:VRU_30	clip	3
vru2:road_type:0007	vru_accident:DoTA:VRU_34	clip	3
vru2:road_type:0007	vru_accident:DoTA:VRU_38	clip	3
vru2:road_type:0007	vru_accident:DoTA:VRU_39	clip	3
vru2:road_type:0007	vru_accident:DoTA:VRU_40	clip	3
vru2:road_type:0007	vru_accident:DoTA:VRU_43	clip	3
vru2:road_type:0007	vru_accident:DoTA:VRU_44	clip	3
vru2:road_type:0007	vru_accident:DoTA:VRU_46	clip	3
vru2:road_type:0007	vru_accident:DoTA:VRU_47	clip	3
vru2:road_type:0007	vru_accident:DoTA:VRU_63	clip	3
vru2:road_type:0007	vru_accident:DoTA:VRU_68	clip	3
vru2:road_type:0007	vru_accident:DoTA:VRU_7	clip	3
vru2:road_type:0007	vru_accident:DoTA:VRU_70	clip	3
vru2:road_type:0007	vru_accident:DoTA:VRU_71	clip	3
vru2:road_type:0007	vru_accident:DoTA:VRU_73	clip	3
vru2:road_type:0007	vru_accident:DoTA:VRU_74	clip	3
vru2:road_type:0007	vru_accident:DoTA:VRU_76	clip	3
vru2:road_type:0007	vru_accident:DoTA:VRU_78	clip	3
vru2:road_type:0007	vru_accident:DoTA:VRU_79	clip	3
vru2:road_type:0007	vru_accident:DoTA:VRU_8	clip	3
vru2:road_type:0007	vru_accident:DoTA:VRU_80	clip	3
vru2:road_type:0007	vru_accident:DoTA:VRU_83	clip	3
vru2:road_type:0007	vru_accident:DoTA:VRU_86	clip	3
vru2:road_type:0007	vru_accident:DoTA:VRU_87	clip	3
vru2:road_type:0007	vru_accident:DoTA:VRU_88	clip	3
vru2:road_type:0007	vru_accident:DoTA:VRU_89	clip	3
vru2:road_type:0007	vru_accident:DoTA:VRU_9	clip	3
vru2:road_type:0007	vru_accident:DoTA:VRU_93	clip	3
vru2:road_type:0007	vru_accident:DoTA:VRU_95	clip	3
vru2:road_type:0007	vru_accident:DoTA:VRU_98	clip	3
vru2:road_type:0007	vru_accident:MANUAL_DATA:VRU_101	clip	3
vru2:road_type:0007	vru_accident:MANUAL_DATA:VRU_103	clip	3
vru2:road_type:0007	vru_accident:MANUAL_DATA:VRU_105	clip	3
vru2:road_type:0007	vru_accident:MANUAL_DATA:VRU_112	clip	3
vru2:road_type:0007	vru_accident:MANUAL_DATA:VRU_113	clip	3
vru2:road_type:0007	vru_accident:MANUAL_DATA:VRU_116	clip	3
vru2:road_type:0007	vru_accident:MANUAL_DATA:VRU_117	clip	3
vru2:road_type:0007	vru_accident:MANUAL_DATA:VRU_118	clip	3
vru2:road_type:0007	vru_accident:MANUAL_DATA:VRU_119	clip	3
vru2:road_type:0007	vru_accident:MANUAL_DATA:VRU_122	clip	3
vru2:road_type:0007	vru_accident:MANUAL_DATA:VRU_123	clip	3
vru2:road_type:0007	vru_accident:MANUAL_DATA:VRU_124	clip	3
vru2:road_type:0007	vru_accident:MANUAL_DATA:VRU_126	clip	3
vru2:road_type:0007	vru_accident:MANUAL_DATA:VRU_128	clip	3
vru2:road_type:0007	vru_accident:MANUAL_DATA:VRU_129	clip	3
vru2:road_type:0007	vru_accident:MANUAL_DATA:VRU_130	clip	3
vru2:road_type:0007	vru_accident:MANUAL_DATA:VRU_131	clip	3
vru2:road_type:0007	vru_accident:MANUAL_DATA:VRU_132	clip	3
vru2:road_type:0007	vru_accident:MANUAL_DATA:VRU_133	clip	3
vru2:road_type:0007	vru_accident:MANUAL_DATA:VRU_134	clip	3
vru2:road_type:0007	vru_accident:MANUAL_DATA:VRU_135	clip	3
vru2:road_type:0007	vru_accident:MANUAL_DATA:VRU_136	clip	3
vru2:road_type:0007	vru_accident:MANUAL_DATA:VRU_138	clip	3
vru2:road_type:0007	vru_accident:MANUAL_DATA:VRU_139	clip	3
vru2:road_type:0007	vru_accident:MANUAL_DATA:VRU_143	clip	3
vru2:road_type:0007	vru_accident:MANUAL_DATA:VRU_147	clip	3
vru2:road_type:0007	vru_accident:MANUAL_DATA:VRU_148	clip	3
vru2:road_type:0007	vru_accident:MANUAL_DATA:VRU_150	clip	3
vru2:road_type:0007	vru_accident:MANUAL_DATA:VRU_151	clip	3
vru2:road_type:0007	vru_accident:MANUAL_DATA:VRU_153	clip	3
vru2:road_type:0007	vru_accident:MANUAL_DATA:VRU_154	clip	3
vru2:road_type:0007	vru_accident:MANUAL_DATA:VRU_156	clip	3
vru2:road_type:0007	vru_accident:MANUAL_DATA:VRU_157	clip	3
vru2:road_type:0007	vru_accident:MANUAL_DATA:VRU_158	clip	3
vru2:road_type:0007	vru_accident:MANUAL_DATA:VRU_162	clip	3
vru2:road_type:0007	vru_accident:MANUAL_DATA:VRU_163	clip	3
vru2:road_type:0007	vru_accident:MANUAL_DATA:VRU_165	clip	3
vru2:road_type:0007	vru_accident:MANUAL_DATA:VRU_167	clip	3
vru2:road_type:0007	vru_accident:MANUAL_DATA:VRU_169	clip	3
vru2:road_type:0007	vru_accident:MANUAL_DATA:VRU_170	clip	3
vru2:road_type:0007	vru_accident:MANUAL_DATA:VRU_171	clip	3
vru2:road_type:0007	vru_accident:MANUAL_DATA:VRU_172	clip	3
vru2:road_type:0007	vru_accident:MANUAL_DATA:VRU_173	clip	3
vru2:road_type:0007	vru_accident:MANUAL_DATA:VRU_174	clip	3
vru2:road_type:0007	vru_accident:MANUAL_DATA:VRU_175	clip	3
vru2:road_type:0007	vru_accident:MANUAL_DATA:VRU_176	clip	3
vru2:road_type:0007	vru_accident:MANUAL_DATA:VRU_178	clip	3
vru2:road_type:0007	vru_accident:MANUAL_DATA:VRU_179	clip	3
vru2:road_type:0007	vru_accident:MANUAL_DATA:VRU_184	clip	3
vru2:road_type:0007	vru_accident:MANUAL_DATA:VRU_192	clip	3
vru2:road_type:0007	vru_accident:MANUAL_DATA:VRU_198	clip	3
vru2:road_type:0007	vru_accident:MANUAL_DATA:VRU_201	clip	3
vru2:road_type:0007	vru_accident:MANUAL_DATA:VRU_204	clip	3
vru2:road_type:0007	vru_accident:MANUAL_DATA:VRU_205	clip	3
vru2:road_type:0007	vru_accident:MANUAL_DATA:VRU_206	clip	3
vru2:road_type:0007	vru_accident:MANUAL_DATA:VRU_209	clip	3
vru2:road_type:0007	vru_accident:MANUAL_DATA:VRU_211	clip	3
vru2:road_type:0007	vru_accident:MANUAL_DATA:VRU_212	clip	3
vru2:road_type:0007	vru_accident:MANUAL_DATA:VRU_213	clip	3
vru2:road_type:0007	vru_accident:MANUAL_DATA:VRU_214	clip	3
vru2:road_type:0007	vru_accident:MANUAL_DATA:VRU_215	clip	3
vru2:road_type:0007	vru_accident:MANUAL_DATA:VRU_216	clip	3
vru2:road_type:0007	vru_accident:MANUAL_DATA:VRU_217	clip	3
vru2:road_type:0007	vru_accident:MANUAL_DATA:VRU_219	clip	3
vru2:road_type:0007	vru_accident:MANUAL_DATA:VRU_220	clip	3
vru2:road_type:0007	vru_accident:MANUAL_DATA:VRU_221	clip	3
vru2:road_type:0007	vru_accident:MANUAL_DATA:VRU_222	clip	3
vru2:road_type:0007	vru_accident:MANUAL_DATA:VRU_223	clip	3
vru2:road_type:0007	vru_accident:MANUAL_DATA:VRU_224	clip	3
vru2:road_type:0007	vru_accident:MANUAL_DATA:VRU_226	clip	3
vru2:road_type:0007	vru_accident:MANUAL_DATA:VRU_227	clip	3
vru2:road_type:0007	vru_accident:MANUAL_DATA:VRU_228	clip	3
vru2:road_type:0007	vru_accident:MANUAL_DATA:VRU_232	clip	3
vru2:road_type:0007	vru_accident:MANUAL_DATA:VRU_233	clip	3
vru2:road_type:0007	vru_accident:MANUAL_DATA:VRU_234	clip	3
vru2:road_type:0007	vru_accident:MANUAL_DATA:VRU_237	clip	3
vru2:road_type:0007	vru_accident:MANUAL_DATA:VRU_254	clip	3
vru2:road_type:0007	vru_accident:MANUAL_DATA:VRU_257	clip	3
vru2:road_type:0007	vru_accident:MANUAL_DATA:VRU_262	clip	3
vru2:road_type:0007	vru_accident:MANUAL_DATA:VRU_263	clip	3
vru2:road_type:0007	vru_accident:MANUAL_DATA:VRU_265	clip	3
vru2:road_type:0007	vru_accident:MANUAL_DATA:VRU_270	clip	3
vru2:road_type:0007	vru_accident:MANUAL_DATA:VRU_271	clip	3
vru2:road_type:0007	vru_accident:MANUAL_DATA:VRU_277	clip	3
vru2:road_type:0007	vru_accident:MANUAL_DATA:VRU_278	clip	3
vru2:road_type:0007	vru_accident:MANUAL_DATA:VRU_281	clip	3
vru2:road_type:0007	vru_accident:MANUAL_DATA:VRU_282	clip	3
vru2:road_type:0007	vru_accident:MANUAL_DATA:VRU_283	clip	3
vru2:road_type:0007	vru_accident:MANUAL_DATA:VRU_287	clip	3
vru2:road_type:0007	vru_accident:MANUAL_DATA:VRU_289	clip	3
vru2:road_type:0007	vru_accident:MANUAL_DATA:VRU_290	clip	3
vru2:road_type:0007	vru_accident:MANUAL_DATA:VRU_291	clip	3
vru2:road_type:0007	vru_accident:MANUAL_DATA:VRU_292	clip	3
vru2:road_type:0007	vru_accident:MANUAL_DATA:VRU_293	clip	3
vru2:road_type:0007	vru_accident:MANUAL_DATA:VRU_294	clip	3
vru2:road_type:0007	vru_accident:MANUAL_DATA:VRU_295	clip	3
vru2:road_type:0007	vru_accident:MANUAL_DATA:VRU_296	clip	3
vru2:road_type:0007	vru_accident:MANUAL_DATA:VRU_297	clip	3
vru2:road_type:0007	vru_accident:MANUAL_DATA:VRU_300	clip	3
vru2:road_type:0007	vru_accident:MANUAL_DATA:VRU_307	clip	3
vru2:road_type:0007	vru_accident:MANUAL_DATA:VRU_308	clip	3
vru2:road_type:0007	vru_accident:MANUAL_DATA:VRU_309	clip	3
vru2:road_type:0007	vru_accident:MANUAL_DATA:VRU_311	clip	3
vru2:road_type:0007	vru_accident:MANUAL_DATA:VRU_314	clip	3
vru2:road_type:0007	vru_accident:MANUAL_DATA:VRU_315	clip	3
vru2:road_type:0007	vru_accident:MANUAL_DATA:VRU_318	clip	3
vru2:road_type:0007	vru_accident:MANUAL_DATA:VRU_319	clip	3
vru2:road_type:0007	vru_accident:MANUAL_DATA:VRU_321	clip	3
vru2:road_type:0007	vru_accident:MANUAL_DATA:VRU_330	clip	3
vru2:road_type:0007	vru_accident:MANUAL_DATA:VRU_339	clip	3
vru2:road_type:0007	vru_accident:MANUAL_DATA:VRU_342	clip	3
vru2:road_type:0007	vru_accident:MANUAL_DATA:VRU_345	clip	3
vru2:road_type:0007	vru_accident:MANUAL_DATA:VRU_356	clip	3
vru2:road_type:0007	vru_accident:MANUAL_DATA:VRU_363	clip	3
vru2:road_type:0007	vru_accident:MANUAL_DATA:VRU_364	clip	3
vru2:road_type:0007	vru_accident:MANUAL_DATA:VRU_375	clip	3
vru2:road_type:0007	vru_accident:MANUAL_DATA:VRU_378	clip	3
vru2:road_type:0007	vru_accident:MANUAL_DATA:VRU_379	clip	3
vru2:road_type:0007	vru_accident:MANUAL_DATA:VRU_380	clip	3
vru2:road_type:0007	vru_accident:MANUAL_DATA:VRU_383	clip	3
vru2:road_type:0007	vru_accident:MANUAL_DATA:VRU_384	clip	3
vru2:road_type:0007	vru_accident:MANUAL_DATA:VRU_386	clip	3
vru2:road_type:0007	vru_accident:MANUAL_DATA:VRU_387	clip	3
vru2:road_type:0007	vru_accident:MANUAL_DATA:VRU_388	clip	3
vru2:road_type:0007	vru_accident:MANUAL_DATA:VRU_390	clip	3
vru2:road_type:0007	vru_accident:MANUAL_DATA:VRU_47	clip	3
vru2:road_type:0007	vru_accident:MANUAL_DATA:VRU_49	clip	3
vru2:road_type:0007	vru_accident:MANUAL_DATA:VRU_50	clip	3
vru2:road_type:0007	vru_accident:MANUAL_DATA:VRU_52	clip	3
vru2:road_type:0007	vru_accident:MANUAL_DATA:VRU_57	clip	3
vru2:road_type:0007	vru_accident:MANUAL_DATA:VRU_58	clip	3
vru2:road_type:0007	vru_accident:MANUAL_DATA:VRU_60	clip	3
vru2:road_type:0007	vru_accident:MANUAL_DATA:VRU_93	clip	3
vru2:road_type:0007	vru_accident:MANUAL_DATA:VRU_94	clip	3
vru2:road_type:0007	vru_accident:MANUAL_DATA:VRU_98	clip	3
vru2:road_type:0008	vru_accident:CAP_DATA:VRU_109	clip	3
vru2:road_type:0008	vru_accident:CAP_DATA:VRU_110	clip	3
vru2:road_type:0008	vru_accident:CAP_DATA:VRU_117	clip	3
vru2:road_type:0008	vru_accident:CAP_DATA:VRU_129	clip	3
vru2:road_type:0008	vru_accident:CAP_DATA:VRU_130	clip	3
vru2:road_type:0008	vru_accident:CAP_DATA:VRU_132	clip	3
vru2:road_type:0008	vru_accident:CAP_DATA:VRU_133	clip	3
vru2:road_type:0008	vru_accident:CAP_DATA:VRU_138	clip	3
vru2:road_type:0008	vru_accident:CAP_DATA:VRU_140	clip	3
vru2:road_type:0008	vru_accident:CAP_DATA:VRU_145	clip	3
vru2:road_type:0008	vru_accident:CAP_DATA:VRU_146	clip	3
vru2:road_type:0008	vru_accident:CAP_DATA:VRU_149	clip	3
vru2:road_type:0008	vru_accident:CAP_DATA:VRU_150	clip	3
vru2:road_type:0008	vru_accident:CAP_DATA:VRU_152	clip	3
vru2:road_type:0008	vru_accident:CAP_DATA:VRU_156	clip	3
vru2:road_type:0008	vru_accident:CAP_DATA:VRU_158	clip	3
vru2:road_type:0008	vru_accident:CAP_DATA:VRU_159	clip	3
vru2:road_type:0008	vru_accident:CAP_DATA:VRU_160	clip	3
vru2:road_type:0008	vru_accident:CAP_DATA:VRU_163	clip	3
vru2:road_type:0008	vru_accident:CAP_DATA:VRU_164	clip	3
vru2:road_type:0008	vru_accident:CAP_DATA:VRU_165	clip	3
vru2:road_type:0008	vru_accident:CAP_DATA:VRU_167	clip	3
vru2:road_type:0008	vru_accident:CAP_DATA:VRU_169	clip	3
vru2:road_type:0008	vru_accident:CAP_DATA:VRU_172	clip	3
vru2:road_type:0008	vru_accident:CAP_DATA:VRU_175	clip	3
vru2:road_type:0008	vru_accident:CAP_DATA:VRU_179	clip	3
vru2:road_type:0008	vru_accident:CAP_DATA:VRU_181	clip	3
vru2:road_type:0008	vru_accident:CAP_DATA:VRU_185	clip	3
vru2:road_type:0008	vru_accident:CAP_DATA:VRU_187	clip	3
vru2:road_type:0008	vru_accident:CAP_DATA:VRU_190	clip	3
vru2:road_type:0008	vru_accident:CAP_DATA:VRU_196	clip	3
vru2:road_type:0008	vru_accident:CAP_DATA:VRU_200	clip	3
vru2:road_type:0008	vru_accident:CAP_DATA:VRU_201	clip	3
vru2:road_type:0008	vru_accident:CAP_DATA:VRU_202	clip	3
vru2:road_type:0008	vru_accident:CAP_DATA:VRU_204	clip	3
vru2:road_type:0008	vru_accident:CAP_DATA:VRU_205	clip	3
vru2:road_type:0008	vru_accident:CAP_DATA:VRU_206	clip	3
vru2:road_type:0008	vru_accident:CAP_DATA:VRU_208	clip	3
vru2:road_type:0008	vru_accident:CAP_DATA:VRU_217	clip	3
vru2:road_type:0008	vru_accident:CAP_DATA:VRU_221	clip	3
vru2:road_type:0008	vru_accident:CAP_DATA:VRU_224	clip	3
vru2:road_type:0008	vru_accident:CAP_DATA:VRU_230	clip	3
vru2:road_type:0008	vru_accident:DADA_2000:VRU_119	clip	3
vru2:road_type:0008	vru_accident:DADA_2000:VRU_127	clip	3
vru2:road_type:0008	vru_accident:DADA_2000:VRU_128	clip	3
vru2:road_type:0008	vru_accident:DADA_2000:VRU_129	clip	3
vru2:road_type:0008	vru_accident:DADA_2000:VRU_131	clip	3
vru2:road_type:0008	vru_accident:DADA_2000:VRU_132	clip	3
vru2:road_type:0008	vru_accident:DADA_2000:VRU_133	clip	3
vru2:road_type:0008	vru_accident:DADA_2000:VRU_135	clip	3
vru2:road_type:0008	vru_accident:DADA_2000:VRU_136	clip	3
vru2:road_type:0008	vru_accident:DADA_2000:VRU_140	clip	3
vru2:road_type:0008	vru_accident:DADA_2000:VRU_141	clip	3
vru2:road_type:0008	vru_accident:DADA_2000:VRU_143	clip	3
vru2:road_type:0008	vru_accident:DADA_2000:VRU_147	clip	3
vru2:road_type:0008	vru_accident:DADA_2000:VRU_150	clip	3
vru2:road_type:0008	vru_accident:DADA_2000:VRU_151	clip	3
vru2:road_type:0008	vru_accident:DADA_2000:VRU_152	clip	3
vru2:road_type:0008	vru_accident:DoTA:VRU_10	clip	3
vru2:road_type:0008	vru_accident:DoTA:VRU_100	clip	3
vru2:road_type:0008	vru_accident:DoTA:VRU_12	clip	3
vru2:road_type:0008	vru_accident:DoTA:VRU_3	clip	3
vru2:road_type:0008	vru_accident:DoTA:VRU_41	clip	3
vru2:road_type:0008	vru_accident:DoTA:VRU_48	clip	3
vru2:road_type:0008	vru_accident:DoTA:VRU_99	clip	3
vru2:road_type:0008	vru_accident:MANUAL_DATA:VRU_111	clip	3
vru2:road_type:0008	vru_accident:MANUAL_DATA:VRU_115	clip	3
vru2:road_type:0008	vru_accident:MANUAL_DATA:VRU_146	clip	3
vru2:road_type:0008	vru_accident:MANUAL_DATA:VRU_161	clip	3
vru2:road_type:0008	vru_accident:MANUAL_DATA:VRU_168	clip	3
vru2:road_type:0008	vru_accident:MANUAL_DATA:VRU_183	clip	3
vru2:road_type:0008	vru_accident:MANUAL_DATA:VRU_191	clip	3
vru2:road_type:0008	vru_accident:MANUAL_DATA:VRU_193	clip	3
vru2:road_type:0008	vru_accident:MANUAL_DATA:VRU_197	clip	3
vru2:road_type:0008	vru_accident:MANUAL_DATA:VRU_199	clip	3
vru2:road_type:0008	vru_accident:MANUAL_DATA:VRU_200	clip	3
vru2:road_type:0008	vru_accident:MANUAL_DATA:VRU_203	clip	3
vru2:road_type:0008	vru_accident:MANUAL_DATA:VRU_208	clip	3
vru2:road_type:0008	vru_accident:MANUAL_DATA:VRU_210	clip	3
vru2:road_type:0008	vru_accident:MANUAL_DATA:VRU_225	clip	3
vru2:road_type:0008	vru_accident:MANUAL_DATA:VRU_230	clip	3
vru2:road_type:0008	vru_accident:MANUAL_DATA:VRU_239	clip	3
vru2:road_type:0008	vru_accident:MANUAL_DATA:VRU_247	clip	3
vru2:road_type:0008	vru_accident:MANUAL_DATA:VRU_258	clip	3
vru2:road_type:0008	vru_accident:MANUAL_DATA:VRU_272	clip	3
vru2:road_type:0008	vru_accident:MANUAL_DATA:VRU_276	clip	3
vru2:road_type:0008	vru_accident:MANUAL_DATA:VRU_286	clip	3
vru2:road_type:0008	vru_accident:MANUAL_DATA:VRU_303	clip	3
vru2:road_type:0008	vru_accident:MANUAL_DATA:VRU_316	clip	3
vru2:road_type:0008	vru_accident:MANUAL_DATA:VRU_322	clip	3
vru2:road_type:0008	vru_accident:MANUAL_DATA:VRU_323	clip	3
vru2:road_type:0008	vru_accident:MANUAL_DATA:VRU_325	clip	3
vru2:road_type:0008	vru_accident:MANUAL_DATA:VRU_326	clip	3
vru2:road_type:0008	vru_accident:MANUAL_DATA:VRU_327	clip	3
vru2:road_type:0008	vru_accident:MANUAL_DATA:VRU_334	clip	3
vru2:road_type:0008	vru_accident:MANUAL_DATA:VRU_336	clip	3
vru2:road_type:0008	vru_accident:MANUAL_DATA:VRU_347	clip	3
vru2:road_type:0008	vru_accident:MANUAL_DATA:VRU_348	clip	3
vru2:road_type:0008	vru_accident:MANUAL_DATA:VRU_59	clip	3
vru2:road_type:0008	vru_accident:MANUAL_DATA:VRU_96	clip	3
vru2:road_type:0008	vru_accident:MANUAL_DATA:VRU_97	clip	3
vru2:road_type:0009	vru_accident:CAP_DATA:VRU_124	clip	3
vru2:road_type:0009	vru_accident:CAP_DATA:VRU_154	clip	3
vru2:road_type:0009	vru_accident:CAP_DATA:VRU_162	clip	3
vru2:road_type:0009	vru_accident:CAP_DATA:VRU_173	clip	3
vru2:road_type:0009	vru_accident:CAP_DATA:VRU_197	clip	3
vru2:road_type:0009	vru_accident:CAP_DATA:VRU_209	clip	3
vru2:road_type:0009	vru_accident:CAP_DATA:VRU_225	clip	3
vru2:road_type:0009	vru_accident:DADA_2000:VRU_120	clip	3
vru2:road_type:0009	vru_accident:DADA_2000:VRU_130	clip	3
vru2:road_type:0009	vru_accident:DADA_2000:VRU_134	clip	3
vru2:road_type:0009	vru_accident:DADA_2000:VRU_137	clip	3
vru2:road_type:0009	vru_accident:DADA_2000:VRU_142	clip	3
vru2:road_type:0009	vru_accident:DADA_2000:VRU_148	clip	3
vru2:road_type:0009	vru_accident:DADA_2000:VRU_154	clip	3
vru2:road_type:0009	vru_accident:DoTA:VRU_27	clip	3
vru2:road_type:0009	vru_accident:DoTA:VRU_32	clip	3
vru2:road_type:0009	vru_accident:DoTA:VRU_52	clip	3
vru2:road_type:0009	vru_accident:DoTA:VRU_67	clip	3
vru2:road_type:0009	vru_accident:DoTA:VRU_90	clip	3
vru2:road_type:0009	vru_accident:MANUAL_DATA:VRU_120	clip	3
vru2:road_type:0009	vru_accident:MANUAL_DATA:VRU_125	clip	3
vru2:road_type:0009	vru_accident:MANUAL_DATA:VRU_137	clip	3
vru2:road_type:0009	vru_accident:MANUAL_DATA:VRU_140	clip	3
vru2:road_type:0009	vru_accident:MANUAL_DATA:VRU_145	clip	3
vru2:road_type:0009	vru_accident:MANUAL_DATA:VRU_159	clip	3
vru2:road_type:0009	vru_accident:MANUAL_DATA:VRU_160	clip	3
vru2:road_type:0009	vru_accident:MANUAL_DATA:VRU_182	clip	3
vru2:road_type:0009	vru_accident:MANUAL_DATA:VRU_194	clip	3
vru2:road_type:0009	vru_accident:MANUAL_DATA:VRU_195	clip	3
vru2:road_type:0009	vru_accident:MANUAL_DATA:VRU_231	clip	3
vru2:road_type:0009	vru_accident:MANUAL_DATA:VRU_235	clip	3
vru2:road_type:0009	vru_accident:MANUAL_DATA:VRU_236	clip	3
vru2:road_type:0009	vru_accident:MANUAL_DATA:VRU_238	clip	3
vru2:road_type:0009	vru_accident:MANUAL_DATA:VRU_241	clip	3
vru2:road_type:0009	vru_accident:MANUAL_DATA:VRU_242	clip	3
vru2:road_type:0009	vru_accident:MANUAL_DATA:VRU_267	clip	3
vru2:road_type:0009	vru_accident:MANUAL_DATA:VRU_268	clip	3
vru2:road_type:0009	vru_accident:MANUAL_DATA:VRU_269	clip	3
vru2:road_type:0009	vru_accident:MANUAL_DATA:VRU_273	clip	3
vru2:road_type:0009	vru_accident:MANUAL_DATA:VRU_288	clip	3
vru2:road_type:0009	vru_accident:MANUAL_DATA:VRU_313	clip	3
vru2:road_type:0009	vru_accident:MANUAL_DATA:VRU_317	clip	3
vru2:road_type:0009	vru_accident:MANUAL_DATA:VRU_53	clip	3
vru2:road_type:0009	vru_accident:MANUAL_DATA:VRU_88	clip	3
vru2:location:0010	vru_accident:CAP_DATA:VRU_102	clip	3
vru2:location:0010	vru_accident:CAP_DATA:VRU_103	clip	3
vru2:location:0010	vru_accident:CAP_DATA:VRU_104	clip	3
vru2:location:0010	vru_accident:CAP_DATA:VRU_105	clip	3
vru2:location:0010	vru_accident:CAP_DATA:VRU_106	clip	3
vru2:location:0010	vru_accident:CAP_DATA:VRU_107	clip	3
vru2:location:0010	vru_accident:CAP_DATA:VRU_108	clip	3
vru2:location:0010	vru_accident:CAP_DATA:VRU_109	clip	3
vru2:location:0010	vru_accident:CAP_DATA:VRU_110	clip	3
vru2:location:0010	vru_accident:CAP_DATA:VRU_111	clip	3
vru2:location:0010	vru_accident:CAP_DATA:VRU_112	clip	3
vru2:location:0010	vru_accident:CAP_DATA:VRU_113	clip	3
vru2:location:0010	vru_accident:CAP_DATA:VRU_114	clip	3
vru2:location:0010	vru_accident:CAP_DATA:VRU_115	clip	3
vru2:location:0010	vru_accident:CAP_DATA:VRU_116	clip	3
vru2:location:0010	vru_accident:CAP_DATA:VRU_117	clip	3
vru2:location:0010	vru_accident:CAP_DATA:VRU_118	clip	3
vru2:location:0010	vru_accident:CAP_DATA:VRU_119	clip	3
vru2:location:0010	vru_accident:CAP_DATA:VRU_120	clip	3
vru2:location:0010	vru_accident:CAP_DATA:VRU_121	clip	3
vru2:location:0010	vru_accident:CAP_DATA:VRU_122	clip	3
vru2:location:0010	vru_accident:CAP_DATA:VRU_123	clip	3
vru2:location:0010	vru_accident:CAP_DATA:VRU_124	clip	3
vru2:location:0010	vru_accident:CAP_DATA:VRU_125	clip	3
vru2:location:0010	vru_accident:CAP_DATA:VRU_126	clip	3
vru2:location:0010	vru_accident:CAP_DATA:VRU_127	clip	3
vru2:location:0010	vru_accident:CAP_DATA:VRU_128	clip	3
vru2:location:0010	vru_accident:CAP_DATA:VRU_129	clip	3
vru2:location:0010	vru_accident:CAP_DATA:VRU_130	clip	3
vru2:location:0010	vru_accident:CAP_DATA:VRU_131	clip	3
vru2:location:0010	vru_accident:CAP_DATA:VRU_132	clip	3
vru2:location:0010	vru_accident:CAP_DATA:VRU_133	clip	3
vru2:location:0010	vru_accident:CAP_DATA:VRU_134	clip	3
vru2:location:0010	vru_accident:CAP_DATA:VRU_135	clip	3
vru2:location:0010	vru_accident:CAP_DATA:VRU_136	clip	3
vru2:location:0010	vru_accident:CAP_DATA:VRU_137	clip	3
vru2:location:0010	vru_accident:CAP_DATA:VRU_138	clip	3
vru2:location:0010	vru_accident:CAP_DATA:VRU_139	clip	3
vru2:location:0010	vru_accident:CAP_DATA:VRU_140	clip	3
vru2:location:0010	vru_accident:CAP_DATA:VRU_141	clip	3
vru2:location:0010	vru_accident:CAP_DATA:VRU_142	clip	3
vru2:location:0010	vru_accident:CAP_DATA:VRU_143	clip	3
vru2:location:0010	vru_accident:CAP_DATA:VRU_144	clip	3
vru2:location:0010	vru_accident:CAP_DATA:VRU_145	clip	3
vru2:location:0010	vru_accident:CAP_DATA:VRU_146	clip	3
vru2:location:0010	vru_accident:CAP_DATA:VRU_147	clip	3
vru2:location:0010	vru_accident:CAP_DATA:VRU_148	clip	3
vru2:location:0010	vru_accident:CAP_DATA:VRU_150	clip	3
vru2:location:0010	vru_accident:CAP_DATA:VRU_151	clip	3
vru2:location:0010	vru_accident:CAP_DATA:VRU_152	clip	3
vru2:location:0010	vru_accident:CAP_DATA:VRU_153	clip	3
vru2:location:0010	vru_accident:CAP_DATA:VRU_154	clip	3
vru2:location:0010	vru_accident:CAP_DATA:VRU_156	clip	3
vru2:location:0010	vru_accident:CAP_DATA:VRU_157	clip	3
vru2:location:0010	vru_accident:CAP_DATA:VRU_158	clip	3
vru2:location:0010	vru_accident:CAP_DATA:VRU_159	clip	3
vru2:location:0010	vru_accident:CAP_DATA:VRU_160	clip	3
vru2:location:0010	vru_accident:CAP_DATA:VRU_161	clip	3
vru2:location:0010	vru_accident:CAP_DATA:VRU_165	clip	3
vru2:location:0010	vru_accident:CAP_DATA:VRU_167	clip	3
vru2:location:0010	vru_accident:CAP_DATA:VRU_168	clip	3
vru2:location:0010	vru_accident:CAP_DATA:VRU_169	clip	3
vru2:location:0010	vru_accident:CAP_DATA:VRU_170	clip	3
vru2:location:0010	vru_accident:CAP_DATA:VRU_172	clip	3
vru2:location:0010	vru_accident:CAP_DATA:VRU_173	clip	3
vru2:location:0010	vru_accident:CAP_DATA:VRU_174	clip	3
vru2:location:0010	vru_accident:CAP_DATA:VRU_175	clip	3
vru2:location:0010	vru_accident:CAP_DATA:VRU_176	clip	3
vru2:location:0010	vru_accident:CAP_DATA:VRU_177	clip	3
vru2:location:0010	vru_accident:CAP_DATA:VRU_179	clip	3
vru2:location:0010	vru_accident:CAP_DATA:VRU_180	clip	3
vru2:location:0010	vru_accident:CAP_DATA:VRU_181	clip	3
vru2:location:0010	vru_accident:CAP_DATA:VRU_182	clip	3
vru2:location:0010	vru_accident:CAP_DATA:VRU_183	clip	3
vru2:location:0010	vru_accident:CAP_DATA:VRU_184	clip	3
vru2:location:0010	vru_accident:CAP_DATA:VRU_185	clip	3
vru2:location:0010	vru_accident:CAP_DATA:VRU_186	clip	3
vru2:location:0010	vru_accident:CAP_DATA:VRU_187	clip	3
vru2:location:0010	vru_accident:CAP_DATA:VRU_188	clip	3
vru2:location:0010	vru_accident:CAP_DATA:VRU_189	clip	3
vru2:location:0010	vru_accident:CAP_DATA:VRU_190	clip	3
vru2:location:0010	vru_accident:CAP_DATA:VRU_191	clip	3
vru2:location:0010	vru_accident:CAP_DATA:VRU_192	clip	3
vru2:location:0010	vru_accident:CAP_DATA:VRU_193	clip	3
vru2:location:0010	vru_accident:CAP_DATA:VRU_194	clip	3
vru2:location:0010	vru_accident:CAP_DATA:VRU_196	clip	3
vru2:location:0010	vru_accident:CAP_DATA:VRU_197	clip	3
vru2:location:0010	vru_accident:CAP_DATA:VRU_198	clip	3
vru2:location:0010	vru_accident:CAP_DATA:VRU_199	clip	3
vru2:location:0010	vru_accident:CAP_DATA:VRU_200	clip	3
vru2:location:0010	vru_accident:CAP_DATA:VRU_201	clip	3
vru2:location:0010	vru_accident:CAP_DATA:VRU_202	clip	3
vru2:location:0010	vru_accident:CAP_DATA:VRU_203	clip	3
vru2:location:0010	vru_accident:CAP_DATA:VRU_204	clip	3
vru2:location:0010	vru_accident:CAP_DATA:VRU_205	clip	3
vru2:location:0010	vru_accident:CAP_DATA:VRU_206	clip	3
vru2:location:0010	vru_accident:CAP_DATA:VRU_207	clip	3
vru2:location:0010	vru_accident:CAP_DATA:VRU_208	clip	3
vru2:location:0010	vru_accident:CAP_DATA:VRU_209	clip	3
vru2:location:0010	vru_accident:CAP_DATA:VRU_210	clip	3
vru2:location:0010	vru_accident:CAP_DATA:VRU_211	clip	3
vru2:location:0010	vru_accident:CAP_DATA:VRU_212	clip	3
vru2:location:0010	vru_accident:CAP_DATA:VRU_213	clip	3
vru2:location:0010	vru_accident:CAP_DATA:VRU_214	clip	3
vru2:location:0010	vru_accident:CAP_DATA:VRU_215	clip	3
vru2:location:0010	vru_accident:CAP_DATA:VRU_217	clip	3
vru2:location:0010	vru_accident:CAP_DATA:VRU_218	clip	3
vru2:location:0010	vru_accident:CAP_DATA:VRU_219	clip	3
vru2:location:0010	vru_accident:CAP_DATA:VRU_220	clip	3
vru2:location:0010	vru_accident:CAP_DATA:VRU_221	clip	3
vru2:location:0010	vru_accident:CAP_DATA:VRU_222	clip	3
vru2:location:0010	vru_accident:CAP_DATA:VRU_223	clip	3
vru2:location:0010	vru_accident:CAP_DATA:VRU_224	clip	3
vru2:location:0010	vru_accident:CAP_DATA:VRU_226	clip	3
vru2:location:0010	vru_accident:CAP_DATA:VRU_227	clip	3
vru2:location:0010	vru_accident:CAP_DATA:VRU_228	clip	3
vru2:location:0010	vru_accident:CAP_DATA:VRU_229	clip	3
vru2:location:0010	vru_accident:CAP_DATA:VRU_230	clip	3
vru2:location:0010	vru_accident:CAP_DATA:VRU_231	clip	3
vru2:location:0010	vru_accident:CAP_DATA:VRU_232	clip	3
vru2:location:0010	vru_accident:DADA_2000:VRU_118	clip	3
vru2:location:0010	vru_accident:DADA_2000:VRU_119	clip	3
vru2:location:0010	vru_accident:DADA_2000:VRU_120	clip	3
vru2:location:0010	vru_accident:DADA_2000:VRU_121	clip	3
vru2:location:0010	vru_accident:DADA_2000:VRU_122	clip	3
vru2:location:0010	vru_accident:DADA_2000:VRU_123	clip	3
vru2:location:0010	vru_accident:DADA_2000:VRU_124	clip	3
vru2:location:0010	vru_accident:DADA_2000:VRU_127	clip	3
vru2:location:0010	vru_accident:DADA_2000:VRU_128	clip	3
vru2:location:0010	vru_accident:DADA_2000:VRU_129	clip	3
vru2:location:0010	vru_accident:DADA_2000:VRU_130	clip	3
vru2:location:0010	vru_accident:DADA_2000:VRU_131	clip	3
vru2:location:0010	vru_accident:DADA_2000:VRU_132	clip	3
vru2:location:0010	vru_accident:DADA_2000:VRU_133	clip	3
vru2:location:0010	vru_accident:DADA_2000:VRU_135	clip	3
vru2:location:0010	vru_accident:DADA_2000:VRU_136	clip	3
vru2:location:0010	vru_accident:DADA_2000:VRU_138	clip	3
vru2:location:0010	vru_accident:DADA_2000:VRU_140	clip	3
vru2:location:0010	vru_accident:DADA_2000:VRU_141	clip	3
vru2:location:0010	vru_accident:DADA_2000:VRU_142	clip	3
vru2:location:0010	vru_accident:DADA_2000:VRU_143	clip	3
vru2:location:0010	vru_accident:DADA_2000:VRU_144	clip	3
vru2:location:0010	vru_accident:DADA_2000:VRU_145	clip	3
vru2:location:0010	vru_accident:DADA_2000:VRU_146	clip	3
vru2:location:0010	vru_accident:DADA_2000:VRU_147	clip	3
vru2:location:0010	vru_accident:DADA_2000:VRU_148	clip	3
vru2:location:0010	vru_accident:DADA_2000:VRU_149	clip	3
vru2:location:0010	vru_accident:DADA_2000:VRU_150	clip	3
vru2:location:0010	vru_accident:DADA_2000:VRU_152	clip	3
vru2:location:0010	vru_accident:DADA_2000:VRU_153	clip	3
vru2:location:0010	vru_accident:DADA_2000:VRU_154	clip	3
vru2:location:0010	vru_accident:DoTA:VRU_10	clip	3
vru2:location:0010	vru_accident:DoTA:VRU_100	clip	3
vru2:location:0010	vru_accident:DoTA:VRU_12	clip	3
vru2:location:0010	vru_accident:DoTA:VRU_13	clip	3
vru2:location:0010	vru_accident:DoTA:VRU_16	clip	3
vru2:location:0010	vru_accident:DoTA:VRU_18	clip	3
vru2:location:0010	vru_accident:DoTA:VRU_19	clip	3
vru2:location:0010	vru_accident:DoTA:VRU_2	clip	3
vru2:location:0010	vru_accident:DoTA:VRU_20	clip	3
vru2:location:0010	vru_accident:DoTA:VRU_23	clip	3
vru2:location:0010	vru_accident:DoTA:VRU_26	clip	3
vru2:location:0010	vru_accident:DoTA:VRU_27	clip	3
vru2:location:0010	vru_accident:DoTA:VRU_29	clip	3
vru2:location:0010	vru_accident:DoTA:VRU_3	clip	3
vru2:location:0010	vru_accident:DoTA:VRU_30	clip	3
vru2:location:0010	vru_accident:DoTA:VRU_32	clip	3
vru2:location:0010	vru_accident:DoTA:VRU_34	clip	3
vru2:location:0010	vru_accident:DoTA:VRU_38	clip	3
vru2:location:0010	vru_accident:DoTA:VRU_39	clip	3
vru2:location:0010	vru_accident:DoTA:VRU_40	clip	3
vru2:location:0010	vru_accident:DoTA:VRU_41	clip	3
vru2:location:0010	vru_accident:DoTA:VRU_43	clip	3
vru2:location:0010	vru_accident:DoTA:VRU_44	clip	3
vru2:location:0010	vru_accident:DoTA:VRU_46	clip	3
vru2:location:0010	vru_accident:DoTA:VRU_47	clip	3
vru2:location:0010	vru_accident:DoTA:VRU_48	clip	3
vru2:location:0010	vru_accident:DoTA:VRU_52	clip	3
vru2:location:0010	vru_accident:DoTA:VRU_63	clip	3
vru2:location:0010	vru_accident:DoTA:VRU_67	clip	3
vru2:location:0010	vru_accident:DoTA:VRU_68	clip	3
vru2:location:0010	vru_accident:DoTA:VRU_7	clip	3
vru2:location:0010	vru_accident:DoTA:VRU_70	clip	3
vru2:location:0010	vru_accident:DoTA:VRU_71	clip	3
vru2:location:0010	vru_accident:DoTA:VRU_73	clip	3
vru2:location:0010	vru_accident:DoTA:VRU_74	clip	3
vru2:location:0010	vru_accident:DoTA:VRU_76	clip	3
vru2:location:0010	vru_accident:DoTA:VRU_78	clip	3
vru2:location:0010	vru_accident:DoTA:VRU_79	clip	3
vru2:location:0010	vru_accident:DoTA:VRU_8	clip	3
vru2:location:0010	vru_accident:DoTA:VRU_83	clip	3
vru2:location:0010	vru_accident:DoTA:VRU_86	clip	3
vru2:location:0010	vru_accident:DoTA:VRU_87	clip	3
vru2:location:0010	vru_accident:DoTA:VRU_88	clip	3
vru2:location:0010	vru_accident:DoTA:VRU_89	clip	3
vru2:location:0010	vru_accident:DoTA:VRU_9	clip	3
vru2:location:0010	vru_accident:DoTA:VRU_90	clip	3
vru2:location:0010	vru_accident:DoTA:VRU_93	clip	3
vru2:location:0010	vru_accident:DoTA:VRU_95	clip	3
vru2:location:0010	vru_accident:DoTA:VRU_98	clip	3
vru2:location:0010	vru_accident:DoTA:VRU_99	clip	3
vru2:location:0010	vru_accident:MANUAL_DATA:VRU_101	clip	3
vru2:location:0010	vru_accident:MANUAL_DATA:VRU_103	clip	3
vru2:location:0010	vru_accident:MANUAL_DATA:VRU_105	clip	3
vru2:location:0010	vru_accident:MANUAL_DATA:VRU_111	clip	3
vru2:location:0010	vru_accident:MANUAL_DATA:VRU_112	clip	3
vru2:location:0010	vru_accident:MANUAL_DATA:VRU_115	clip	3
vru2:location:0010	vru_accident:MANUAL_DATA:VRU_116	clip	3
vru2:location:0010	vru_accident:MANUAL_DATA:VRU_117	clip	3
vru2:location:0010	vru_accident:MANUAL_DATA:VRU_118	clip	3
vru2:location:0010	vru_accident:MANUAL_DATA:VRU_119	clip	3
vru2:location:0010	vru_accident:MANUAL_DATA:VRU_120	clip	3
vru2:location:0010	vru_accident:MANUAL_DATA:VRU_121	clip	3
vru2:location:0010	vru_accident:MANUAL_DATA:VRU_122	clip	3
vru2:location:0010	vru_accident:MANUAL_DATA:VRU_123	clip	3
vru2:location:0010	vru_accident:MANUAL_DATA:VRU_124	clip	3
vru2:location:0010	vru_accident:MANUAL_DATA:VRU_125	clip	3
vru2:location:0010	vru_accident:MANUAL_DATA:VRU_126	clip	3
vru2:location:0010	vru_accident:MANUAL_DATA:VRU_129	clip	3
vru2:location:0010	vru_accident:MANUAL_DATA:VRU_130	clip	3
vru2:location:0010	vru_accident:MANUAL_DATA:VRU_132	clip	3
vru2:location:0010	vru_accident:MANUAL_DATA:VRU_133	clip	3
vru2:location:0010	vru_accident:MANUAL_DATA:VRU_134	clip	3
vru2:location:0010	vru_accident:MANUAL_DATA:VRU_135	clip	3
vru2:location:0010	vru_accident:MANUAL_DATA:VRU_136	clip	3
vru2:location:0010	vru_accident:MANUAL_DATA:VRU_137	clip	3
vru2:location:0010	vru_accident:MANUAL_DATA:VRU_138	clip	3
vru2:location:0010	vru_accident:MANUAL_DATA:VRU_139	clip	3
vru2:location:0010	vru_accident:MANUAL_DATA:VRU_140	clip	3
vru2:location:0010	vru_accident:MANUAL_DATA:VRU_143	clip	3
vru2:location:0010	vru_accident:MANUAL_DATA:VRU_145	clip	3
vru2:location:0010	vru_accident:MANUAL_DATA:VRU_146	clip	3
vru2:location:0010	vru_accident:MANUAL_DATA:VRU_147	clip	3
vru2:location:0010	vru_accident:MANUAL_DATA:VRU_148	clip	3
vru2:location:0010	vru_accident:MANUAL_DATA:VRU_150	clip	3
vru2:location:0010	vru_accident:MANUAL_DATA:VRU_151	clip	3
vru2:location:0010	vru_accident:MANUAL_DATA:VRU_153	clip	3
vru2:location:0010	vru_accident:MANUAL_DATA:VRU_154	clip	3
vru2:location:0010	vru_accident:MANUAL_DATA:VRU_156	clip	3
vru2:location:0010	vru_accident:MANUAL_DATA:VRU_157	clip	3
vru2:location:0010	vru_accident:MANUAL_DATA:VRU_158	clip	3
vru2:location:0010	vru_accident:MANUAL_DATA:VRU_159	clip	3
vru2:location:0010	vru_accident:MANUAL_DATA:VRU_160	clip	3
vru2:location:0010	vru_accident:MANUAL_DATA:VRU_161	clip	3
vru2:location:0010	vru_accident:MANUAL_DATA:VRU_162	clip	3
vru2:location:0010	vru_accident:MANUAL_DATA:VRU_163	clip	3
vru2:location:0010	vru_accident:MANUAL_DATA:VRU_165	clip	3
vru2:location:0010	vru_accident:MANUAL_DATA:VRU_168	clip	3
vru2:location:0010	vru_accident:MANUAL_DATA:VRU_169	clip	3
vru2:location:0010	vru_accident:MANUAL_DATA:VRU_171	clip	3
vru2:location:0010	vru_accident:MANUAL_DATA:VRU_172	clip	3
vru2:location:0010	vru_accident:MANUAL_DATA:VRU_173	clip	3
vru2:location:0010	vru_accident:MANUAL_DATA:VRU_174	clip	3
vru2:location:0010	vru_accident:MANUAL_DATA:VRU_175	clip	3
vru2:location:0010	vru_accident:MANUAL_DATA:VRU_176	clip	3
vru2:location:0010	vru_accident:MANUAL_DATA:VRU_179	clip	3
vru2:location:0010	vru_accident:MANUAL_DATA:VRU_182	clip	3
vru2:location:0010	vru_accident:MANUAL_DATA:VRU_183	clip	3
vru2:location:0010	vru_accident:MANUAL_DATA:VRU_184	clip	3
vru2:location:0010	vru_accident:MANUAL_DATA:VRU_191	clip	3
vru2:location:0010	vru_accident:MANUAL_DATA:VRU_192	clip	3
vru2:location:0010	vru_accident:MANUAL_DATA:VRU_193	clip	3
vru2:location:0010	vru_accident:MANUAL_DATA:VRU_194	clip	3
vru2:location:0010	vru_accident:MANUAL_DATA:VRU_195	clip	3
vru2:location:0010	vru_accident:MANUAL_DATA:VRU_197	clip	3
vru2:location:0010	vru_accident:MANUAL_DATA:VRU_198	clip	3
vru2:location:0010	vru_accident:MANUAL_DATA:VRU_199	clip	3
vru2:location:0010	vru_accident:MANUAL_DATA:VRU_200	clip	3
vru2:location:0010	vru_accident:MANUAL_DATA:VRU_201	clip	3
vru2:location:0010	vru_accident:MANUAL_DATA:VRU_203	clip	3
vru2:location:0010	vru_accident:MANUAL_DATA:VRU_204	clip	3
vru2:location:0010	vru_accident:MANUAL_DATA:VRU_205	clip	3
vru2:location:0010	vru_accident:MANUAL_DATA:VRU_206	clip	3
vru2:location:0010	vru_accident:MANUAL_DATA:VRU_208	clip	3
vru2:location:0010	vru_accident:MANUAL_DATA:VRU_209	clip	3
vru2:location:0010	vru_accident:MANUAL_DATA:VRU_210	clip	3
vru2:location:0010	vru_accident:MANUAL_DATA:VRU_211	clip	3
vru2:location:0010	vru_accident:MANUAL_DATA:VRU_212	clip	3
vru2:location:0010	vru_accident:MANUAL_DATA:VRU_213	clip	3
vru2:location:0010	vru_accident:MANUAL_DATA:VRU_214	clip	3
vru2:location:0010	vru_accident:MANUAL_DATA:VRU_215	clip	3
vru2:location:0010	vru_accident:MANUAL_DATA:VRU_216	clip	3
vru2:location:0010	vru_accident:MANUAL_DATA:VRU_217	clip	3
vru2:location:0010	vru_accident:MANUAL_DATA:VRU_219	clip	3
vru2:location:0010	vru_accident:MANUAL_DATA:VRU_220	clip	3
vru2:location:0010	vru_accident:MANUAL_DATA:VRU_221	clip	3
vru2:location:0010	vru_accident:MANUAL_DATA:VRU_222	clip	3
vru2:location:0010	vru_accident:MANUAL_DATA:VRU_223	clip	3
vru2:location:0010	vru_accident:MANUAL_DATA:VRU_224	clip	3
vru2:location:0010	vru_accident:MANUAL_DATA:VRU_225	clip	3
vru2:location:0010	vru_accident:MANUAL_DATA:VRU_226	clip	3
vru2:location:0010	vru_accident:MANUAL_DATA:VRU_227	clip	3
vru2:location:0010	vru_accident:MANUAL_DATA:VRU_228	clip	3
vru2:location:0010	vru_accident:MANUAL_DATA:VRU_230	clip	3
vru2:location:0010	vru_accident:MANUAL_DATA:VRU_231	clip	3
vru2:location:0010	vru_accident:MANUAL_DATA:VRU_232	clip	3
vru2:location:0010	vru_accident:MANUAL_DATA:VRU_233	clip	3
vru2:location:0010	vru_accident:MANUAL_DATA:VRU_234	clip	3
vru2:location:0010	vru_accident:MANUAL_DATA:VRU_235	clip	3
vru2:location:0010	vru_accident:MANUAL_DATA:VRU_236	clip	3
vru2:location:0010	vru_accident:MANUAL_DATA:VRU_237	clip	3
vru2:location:0010	vru_accident:MANUAL_DATA:VRU_238	clip	3
vru2:location:0010	vru_accident:MANUAL_DATA:VRU_239	clip	3
vru2:location:0010	vru_accident:MANUAL_DATA:VRU_241	clip	3
vru2:location:0010	vru_accident:MANUAL_DATA:VRU_242	clip	3
vru2:location:0010	vru_accident:MANUAL_DATA:VRU_247	clip	3
vru2:location:0010	vru_accident:MANUAL_DATA:VRU_254	clip	3
vru2:location:0010	vru_accident:MANUAL_DATA:VRU_257	clip	3
vru2:location:0010	vru_accident:MANUAL_DATA:VRU_258	clip	3
vru2:location:0010	vru_accident:MANUAL_DATA:VRU_262	clip	3
vru2:location:0010	vru_accident:MANUAL_DATA:VRU_263	clip	3
vru2:location:0010	vru_accident:MANUAL_DATA:VRU_265	clip	3
vru2:location:0010	vru_accident:MANUAL_DATA:VRU_267	clip	3
vru2:location:0010	vru_accident:MANUAL_DATA:VRU_268	clip	3
vru2:location:0010	vru_accident:MANUAL_DATA:VRU_269	clip	3
vru2:location:0010	vru_accident:MANUAL_DATA:VRU_270	clip	3
vru2:location:0010	vru_accident:MANUAL_DATA:VRU_271	clip	3
vru2:location:0010	vru_accident:MANUAL_DATA:VRU_272	clip	3
vru2:location:0010	vru_accident:MANUAL_DATA:VRU_273	clip	3
vru2:location:0010	vru_accident:MANUAL_DATA:VRU_276	clip	3
vru2:location:0010	vru_accident:MANUAL_DATA:VRU_277	clip	3
vru2:location:0010	vru_accident:MANUAL_DATA:VRU_278	clip	3
vru2:location:0010	vru_accident:MANUAL_DATA:VRU_281	clip	3
vru2:location:0010	vru_accident:MANUAL_DATA:VRU_282	clip	3
vru2:location:0010	vru_accident:MANUAL_DATA:VRU_283	clip	3
vru2:location:0010	vru_accident:MANUAL_DATA:VRU_286	clip	3
vru2:location:0010	vru_accident:MANUAL_DATA:VRU_287	clip	3
vru2:location:0010	vru_accident:MANUAL_DATA:VRU_288	clip	3
vru2:location:0010	vru_accident:MANUAL_DATA:VRU_289	clip	3
vru2:location:0010	vru_accident:MANUAL_DATA:VRU_290	clip	3
vru2:location:0010	vru_accident:MANUAL_DATA:VRU_291	clip	3
vru2:location:0010	vru_accident:MANUAL_DATA:VRU_292	clip	3
vru2:location:0010	vru_accident:MANUAL_DATA:VRU_293	clip	3
vru2:location:0010	vru_accident:MANUAL_DATA:VRU_294	clip	3
vru2:location:0010	vru_accident:MANUAL_DATA:VRU_295	clip	3
vru2:location:0010	vru_accident:MANUAL_DATA:VRU_296	clip	3
vru2:location:0010	vru_accident:MANUAL_DATA:VRU_297	clip	3
vru2:location:0010	vru_accident:MANUAL_DATA:VRU_300	clip	3
vru2:location:0010	vru_accident:MANUAL_DATA:VRU_303	clip	3
vru2:location:0010	vru_accident:MANUAL_DATA:VRU_307	clip	3
vru2:location:0010	vru_accident:MANUAL_DATA:VRU_308	clip	3
vru2:location:0010	vru_accident:MANUAL_DATA:VRU_309	clip	3
vru2:location:0010	vru_accident:MANUAL_DATA:VRU_311	clip	3
vru2:location:0010	vru_accident:MANUAL_DATA:VRU_313	clip	3
vru2:location:0010	vru_accident:MANUAL_DATA:VRU_314	clip	3
vru2:location:0010	vru_accident:MANUAL_DATA:VRU_315	clip	3
vru2:location:0010	vru_accident:MANUAL_DATA:VRU_316	clip	3
vru2:location:0010	vru_accident:MANUAL_DATA:VRU_317	clip	3
vru2:location:0010	vru_accident:MANUAL_DATA:VRU_318	clip	3
vru2:location:0010	vru_accident:MANUAL_DATA:VRU_319	clip	3
vru2:location:0010	vru_accident:MANUAL_DATA:VRU_321	clip	3
vru2:location:0010	vru_accident:MANUAL_DATA:VRU_322	clip	3
vru2:location:0010	vru_accident:MANUAL_DATA:VRU_323	clip	3
vru2:location:0010	vru_accident:MANUAL_DATA:VRU_325	clip	3
vru2:location:0010	vru_accident:MANUAL_DATA:VRU_326	clip	3
vru2:location:0010	vru_accident:MANUAL_DATA:VRU_327	clip	3
vru2:location:0010	vru_accident:MANUAL_DATA:VRU_334	clip	3
vru2:location:0010	vru_accident:MANUAL_DATA:VRU_336	clip	3
vru2:location:0010	vru_accident:MANUAL_DATA:VRU_339	clip	3
vru2:location:0010	vru_accident:MANUAL_DATA:VRU_342	clip	3
vru2:location:0010	vru_accident:MANUAL_DATA:VRU_345	clip	3
vru2:location:0010	vru_accident:MANUAL_DATA:VRU_347	clip	3
vru2:location:0010	vru_accident:MANUAL_DATA:VRU_348	clip	3
vru2:location:0010	vru_accident:MANUAL_DATA:VRU_356	clip	3
vru2:location:0010	vru_accident:MANUAL_DATA:VRU_363	clip	3
vru2:location:0010	vru_accident:MANUAL_DATA:VRU_364	clip	3
vru2:location:0010	vru_accident:MANUAL_DATA:VRU_375	clip	3
vru2:location:0010	vru_accident:MANUAL_DATA:VRU_378	clip	3
vru2:location:0010	vru_accident:MANUAL_DATA:VRU_379	clip	3
vru2:location:0010	vru_accident:MANUAL_DATA:VRU_380	clip	3
vru2:location:0010	vru_accident:MANUAL_DATA:VRU_383	clip	3
vru2:location:0010	vru_accident:MANUAL_DATA:VRU_384	clip	3
vru2:location:0010	vru_accident:MANUAL_DATA:VRU_386	clip	3
vru2:location:0010	vru_accident:MANUAL_DATA:VRU_387	clip	3
vru2:location:0010	vru_accident:MANUAL_DATA:VRU_388	clip	3
vru2:location:0010	vru_accident:MANUAL_DATA:VRU_390	clip	3
vru2:location:0010	vru_accident:MANUAL_DATA:VRU_49	clip	3
vru2:location:0010	vru_accident:MANUAL_DATA:VRU_50	clip	3
vru2:location:0010	vru_accident:MANUAL_DATA:VRU_52	clip	3
vru2:location:0010	vru_accident:MANUAL_DATA:VRU_53	clip	3
vru2:location:0010	vru_accident:MANUAL_DATA:VRU_57	clip	3
vru2:location:0010	vru_accident:MANUAL_DATA:VRU_58	clip	3
vru2:location:0010	vru_accident:MANUAL_DATA:VRU_59	clip	3
vru2:location:0010	vru_accident:MANUAL_DATA:VRU_60	clip	3
vru2:location:0010	vru_accident:MANUAL_DATA:VRU_88	clip	3
vru2:location:0010	vru_accident:MANUAL_DATA:VRU_93	clip	3
vru2:location:0010	vru_accident:MANUAL_DATA:VRU_94	clip	3
vru2:location:0010	vru_accident:MANUAL_DATA:VRU_96	clip	3
vru2:location:0010	vru_accident:MANUAL_DATA:VRU_97	clip	3
vru2:location:0010	vru_accident:MANUAL_DATA:VRU_98	clip	3
vru2:location:0011	vru_accident:CAP_DATA:VRU_149	clip	3
vru2:location:0011	vru_accident:CAP_DATA:VRU_162	clip	3
vru2:location:0011	vru_accident:CAP_DATA:VRU_163	clip	3
vru2:location:0011	vru_accident:CAP_DATA:VRU_164	clip	3
vru2:location:0011	vru_accident:CAP_DATA:VRU_166	clip	3
vru2:location:0011	vru_accident:CAP_DATA:VRU_171	clip	3
vru2:location:0011	vru_accident:CAP_DATA:VRU_178	clip	3
vru2:location:0011	vru_accident:CAP_DATA:VRU_195	clip	3
vru2:location:0011	vru_accident:CAP_DATA:VRU_216	clip	3
vru2:location:0011	vru_accident:CAP_DATA:VRU_225	clip	3
vru2:location:0011	vru_accident:CAP_DATA:VRU_233	clip	3
vru2:location:0011	vru_accident:CAP_DATA:VRU_234	clip	3
vru2:location:0011	vru_accident:DADA_2000:VRU_125	clip	3
vru2:location:0011	vru_accident:DADA_2000:VRU_126	clip	3
vru2:location:0011	vru_accident:DADA_2000:VRU_134	clip	3
vru2:location:0011	vru_accident:DADA_2000:VRU_137	clip	3
vru2:location:0011	vru_accident:DADA_2000:VRU_139	clip	3
vru2:location:0011	vru_accident:DADA_2000:VRU_151	clip	3
vru2:location:0011	vru_accident:DoTA:VRU_80	clip	3
vru2:location:0011	vru_accident:MANUAL_DATA:VRU_113	clip	3
vru2:location:0011	vru_accident:MANUAL_DATA:VRU_128	clip	3
vru2:location:0011	vru_accident:MANUAL_DATA:VRU_131	clip	3
vru2:location:0011	vru_accident:MANUAL_DATA:VRU_166	clip	3
vru2:location:0011	vru_accident:MANUAL_DATA:VRU_167	clip	3
vru2:location:0011	vru_accident:MANUAL_DATA:VRU_170	clip	3
vru2:location:0011	vru_accident:MANUAL_DATA:VRU_178	clip	3
vru2:location:0011	vru_accident:MANUAL_DATA:VRU_330	clip	3
vru2:location:0011	vru_accident:MANUAL_DATA:VRU_47	clip	3
vru2:nofilter:0012	vru_accident:CAP_DATA:VRU_1	clip	3
vru2:nofilter:0012	vru_accident:CAP_DATA:VRU_10	clip	3
vru2:nofilter:0012	vru_accident:CAP_DATA:VRU_11	clip	3
vru2:nofilter:0012	vru_accident:CAP_DATA:VRU_12	clip	3
vru2:nofilter:0012	vru_accident:CAP_DATA:VRU_13	clip	3
vru2:nofilter:0012	vru_accident:CAP_DATA:VRU_14	clip	3
vru2:nofilter:0012	vru_accident:CAP_DATA:VRU_15	clip	3
vru2:nofilter:0012	vru_accident:CAP_DATA:VRU_16	clip	3
vru2:nofilter:0012	vru_accident:CAP_DATA:VRU_17	clip	3
vru2:nofilter:0012	vru_accident:CAP_DATA:VRU_18	clip	3
vru2:nofilter:0012	vru_accident:CAP_DATA:VRU_19	clip	3
vru2:nofilter:0012	vru_accident:CAP_DATA:VRU_2	clip	3
vru2:nofilter:0012	vru_accident:CAP_DATA:VRU_20	clip	3
vru2:nofilter:0012	vru_accident:CAP_DATA:VRU_21	clip	3
vru2:nofilter:0012	vru_accident:CAP_DATA:VRU_22	clip	3
vru2:nofilter:0012	vru_accident:CAP_DATA:VRU_23	clip	3
vru2:nofilter:0012	vru_accident:CAP_DATA:VRU_24	clip	3
vru2:nofilter:0012	vru_accident:CAP_DATA:VRU_25	clip	3
vru2:nofilter:0012	vru_accident:CAP_DATA:VRU_26	clip	3
vru2:nofilter:0012	vru_accident:CAP_DATA:VRU_27	clip	3
vru2:nofilter:0012	vru_accident:CAP_DATA:VRU_28	clip	3
vru2:nofilter:0012	vru_accident:CAP_DATA:VRU_29	clip	3
vru2:nofilter:0012	vru_accident:CAP_DATA:VRU_3	clip	3
vru2:nofilter:0012	vru_accident:CAP_DATA:VRU_31	clip	3
vru2:nofilter:0012	vru_accident:CAP_DATA:VRU_32	clip	3
vru2:nofilter:0012	vru_accident:CAP_DATA:VRU_33	clip	3
vru2:nofilter:0012	vru_accident:CAP_DATA:VRU_34	clip	3
vru2:nofilter:0012	vru_accident:CAP_DATA:VRU_35	clip	3
vru2:nofilter:0012	vru_accident:CAP_DATA:VRU_36	clip	3
vru2:nofilter:0012	vru_accident:CAP_DATA:VRU_37	clip	3
vru2:nofilter:0012	vru_accident:CAP_DATA:VRU_38	clip	3
vru2:nofilter:0012	vru_accident:CAP_DATA:VRU_39	clip	3
vru2:nofilter:0012	vru_accident:CAP_DATA:VRU_4	clip	3
vru2:nofilter:0012	vru_accident:CAP_DATA:VRU_40	clip	3
vru2:nofilter:0012	vru_accident:CAP_DATA:VRU_41	clip	3
vru2:nofilter:0012	vru_accident:CAP_DATA:VRU_42	clip	3
vru2:nofilter:0012	vru_accident:CAP_DATA:VRU_43	clip	3
vru2:nofilter:0012	vru_accident:CAP_DATA:VRU_44	clip	3
vru2:nofilter:0012	vru_accident:CAP_DATA:VRU_45	clip	3
vru2:nofilter:0012	vru_accident:CAP_DATA:VRU_46	clip	3
vru2:nofilter:0012	vru_accident:CAP_DATA:VRU_47	clip	3
vru2:nofilter:0012	vru_accident:CAP_DATA:VRU_48	clip	3
vru2:nofilter:0012	vru_accident:CAP_DATA:VRU_49	clip	3
vru2:nofilter:0012	vru_accident:CAP_DATA:VRU_5	clip	3
vru2:nofilter:0012	vru_accident:CAP_DATA:VRU_50	clip	3
vru2:nofilter:0012	vru_accident:CAP_DATA:VRU_51	clip	3
vru2:nofilter:0012	vru_accident:CAP_DATA:VRU_52	clip	3
vru2:nofilter:0012	vru_accident:CAP_DATA:VRU_53	clip	3
vru2:nofilter:0012	vru_accident:CAP_DATA:VRU_54	clip	3
vru2:nofilter:0012	vru_accident:CAP_DATA:VRU_55	clip	3
vru2:nofilter:0012	vru_accident:CAP_DATA:VRU_6	clip	3
vru2:nofilter:0012	vru_accident:CAP_DATA:VRU_7	clip	3
vru2:nofilter:0012	vru_accident:CAP_DATA:VRU_8	clip	3
vru2:nofilter:0012	vru_accident:CAP_DATA:VRU_9	clip	3
vru2:nofilter:0012	vru_accident:DADA_2000:VRU_1	clip	3
vru2:nofilter:0012	vru_accident:DADA_2000:VRU_10	clip	3
vru2:nofilter:0012	vru_accident:DADA_2000:VRU_11	clip	3
vru2:nofilter:0012	vru_accident:DADA_2000:VRU_12	clip	3
vru2:nofilter:0012	vru_accident:DADA_2000:VRU_13	clip	3
vru2:nofilter:0012	vru_accident:DADA_2000:VRU_14	clip	3
vru2:nofilter:0012	vru_accident:DADA_2000:VRU_15	clip	3
vru2:nofilter:0012	vru_accident:DADA_2000:VRU_16	clip	3
vru2:nofilter:0012	vru_accident:DADA_2000:VRU_17	clip	3
vru2:nofilter:0012	vru_accident:DADA_2000:VRU_18	clip	3
vru2:nofilter:0012	vru_accident:DADA_2000:VRU_19	clip	3
vru2:nofilter:0012	vru_accident:DADA_2000:VRU_2	clip	3
vru2:nofilter:0012	vru_accident:DADA_2000:VRU_20	clip	3
vru2:nofilter:0012	vru_accident:DADA_2000:VRU_21	clip	3
vru2:nofilter:0012	vru_accident:DADA_2000:VRU_22	clip	3
vru2:nofilter:0012	vru_accident:DADA_2000:VRU_23	clip	3
vru2:nofilter:0012	vru_accident:DADA_2000:VRU_24	clip	3
vru2:nofilter:0012	vru_accident:DADA_2000:VRU_25	clip	3
vru2:nofilter:0012	vru_accident:DADA_2000:VRU_26	clip	3
vru2:nofilter:0012	vru_accident:DADA_2000:VRU_27	clip	3
vru2:nofilter:0012	vru_accident:DADA_2000:VRU_28	clip	3
vru2:nofilter:0012	vru_accident:DADA_2000:VRU_29	clip	3
vru2:nofilter:0012	vru_accident:DADA_2000:VRU_3	clip	3
vru2:nofilter:0012	vru_accident:DADA_2000:VRU_30	clip	3
vru2:nofilter:0012	vru_accident:DADA_2000:VRU_31	clip	3
vru2:nofilter:0012	vru_accident:DADA_2000:VRU_32	clip	3
vru2:nofilter:0012	vru_accident:DADA_2000:VRU_33	clip	3
vru2:nofilter:0012	vru_accident:DADA_2000:VRU_34	clip	3
vru2:nofilter:0012	vru_accident:DADA_2000:VRU_35	clip	3
vru2:nofilter:0012	vru_accident:DADA_2000:VRU_36	clip	3
vru2:nofilter:0012	vru_accident:DADA_2000:VRU_37	clip	3
vru2:nofilter:0012	vru_accident:DADA_2000:VRU_38	clip	3
vru2:nofilter:0012	vru_accident:DADA_2000:VRU_39	clip	3
vru2:nofilter:0012	vru_accident:DADA_2000:VRU_4	clip	3
vru2:nofilter:0012	vru_accident:DADA_2000:VRU_40	clip	3
vru2:nofilter:0012	vru_accident:DADA_2000:VRU_41	clip	3
vru2:nofilter:0012	vru_accident:DADA_2000:VRU_42	clip	3
vru2:nofilter:0012	vru_accident:DADA_2000:VRU_43	clip	3
vru2:nofilter:0012	vru_accident:DADA_2000:VRU_44	clip	3
vru2:nofilter:0012	vru_accident:DADA_2000:VRU_45	clip	3
vru2:nofilter:0012	vru_accident:DADA_2000:VRU_46	clip	3
vru2:nofilter:0012	vru_accident:DADA_2000:VRU_47	clip	3
vru2:nofilter:0012	vru_accident:DADA_2000:VRU_48	clip	3
vru2:nofilter:0012	vru_accident:DADA_2000:VRU_49	clip	3
vru2:nofilter:0012	vru_accident:DADA_2000:VRU_5	clip	3
vru2:nofilter:0012	vru_accident:DADA_2000:VRU_50	clip	3
vru2:nofilter:0012	vru_accident:DADA_2000:VRU_51	clip	3
vru2:nofilter:0012	vru_accident:DADA_2000:VRU_52	clip	3
vru2:nofilter:0012	vru_accident:DADA_2000:VRU_53	clip	3
vru2:nofilter:0012	vru_accident:DADA_2000:VRU_6	clip	3
vru2:nofilter:0012	vru_accident:DADA_2000:VRU_7	clip	3
vru2:nofilter:0012	vru_accident:DADA_2000:VRU_8	clip	3
vru2:nofilter:0012	vru_accident:DADA_2000:VRU_9	clip	3
vru2:nofilter:0012	vru_accident:DoTA:VRU_1	clip	3
vru2:nofilter:0012	vru_accident:DoTA:VRU_14	clip	3
vru2:nofilter:0012	vru_accident:DoTA:VRU_21	clip	3
vru2:nofilter:0012	vru_accident:DoTA:VRU_31	clip	3
vru2:nofilter:0012	vru_accident:DoTA:VRU_33	clip	3
vru2:nofilter:0012	vru_accident:DoTA:VRU_36	clip	3
vru2:nofilter:0012	vru_accident:DoTA:VRU_37	clip	3
vru2:nofilter:0012	vru_accident:DoTA:VRU_49	clip	3
vru2:nofilter:0012	vru_accident:DoTA:VRU_62	clip	3
vru2:nofilter:0012	vru_accident:DoTA:VRU_64	clip	3
vru2:nofilter:0012	vru_accident:DoTA:VRU_65	clip	3
vru2:nofilter:0012	vru_accident:DoTA:VRU_81	clip	3
vru2:nofilter:0012	vru_accident:DoTA:VRU_82	clip	3
vru2:nofilter:0012	vru_accident:DoTA:VRU_84	clip	3
vru2:nofilter:0012	vru_accident:DoTA:VRU_85	clip	3
vru2:nofilter:0012	vru_accident:DoTA:VRU_91	clip	3
vru2:nofilter:0012	vru_accident:DoTA:VRU_92	clip	3
vru2:nofilter:0012	vru_accident:DoTA:VRU_97	clip	3
vru2:nofilter:0012	vru_accident:MANUAL_DATA:VRU_107	clip	3
vru2:nofilter:0012	vru_accident:MANUAL_DATA:VRU_114	clip	3
vru2:nofilter:0012	vru_accident:MANUAL_DATA:VRU_127	clip	3
vru2:nofilter:0012	vru_accident:MANUAL_DATA:VRU_141	clip	3
vru2:nofilter:0012	vru_accident:MANUAL_DATA:VRU_149	clip	3
vru2:nofilter:0012	vru_accident:MANUAL_DATA:VRU_186	clip	3
vru2:nofilter:0012	vru_accident:MANUAL_DATA:VRU_187	clip	3
vru2:nofilter:0012	vru_accident:MANUAL_DATA:VRU_188	clip	3
vru2:nofilter:0012	vru_accident:MANUAL_DATA:VRU_189	clip	3
vru2:nofilter:0012	vru_accident:MANUAL_DATA:VRU_196	clip	3
vru2:nofilter:0012	vru_accident:MANUAL_DATA:VRU_207	clip	3
vru2:nofilter:0012	vru_accident:MANUAL_DATA:VRU_229	clip	3
vru2:nofilter:0012	vru_accident:MANUAL_DATA:VRU_240	clip	3
vru2:nofilter:0012	vru_accident:MANUAL_DATA:VRU_243	clip	3
vru2:nofilter:0012	vru_accident:MANUAL_DATA:VRU_244	clip	3
vru2:nofilter:0012	vru_accident:MANUAL_DATA:VRU_245	clip	3
vru2:nofilter:0012	vru_accident:MANUAL_DATA:VRU_246	clip	3
vru2:nofilter:0012	vru_accident:MANUAL_DATA:VRU_248	clip	3
vru2:nofilter:0012	vru_accident:MANUAL_DATA:VRU_250	clip	3
vru2:nofilter:0012	vru_accident:MANUAL_DATA:VRU_251	clip	3
vru2:nofilter:0012	vru_accident:MANUAL_DATA:VRU_252	clip	3
vru2:nofilter:0012	vru_accident:MANUAL_DATA:VRU_253	clip	3
vru2:nofilter:0012	vru_accident:MANUAL_DATA:VRU_255	clip	3
vru2:nofilter:0012	vru_accident:MANUAL_DATA:VRU_256	clip	3
vru2:nofilter:0012	vru_accident:MANUAL_DATA:VRU_260	clip	3
vru2:nofilter:0012	vru_accident:MANUAL_DATA:VRU_261	clip	3
vru2:nofilter:0012	vru_accident:MANUAL_DATA:VRU_266	clip	3
vru2:nofilter:0012	vru_accident:MANUAL_DATA:VRU_275	clip	3
vru2:nofilter:0012	vru_accident:MANUAL_DATA:VRU_279	clip	3
vru2:nofilter:0012	vru_accident:MANUAL_DATA:VRU_280	clip	3
vru2:nofilter:0012	vru_accident:MANUAL_DATA:VRU_285	clip	3
vru2:nofilter:0012	vru_accident:MANUAL_DATA:VRU_299	clip	3
vru2:nofilter:0012	vru_accident:MANUAL_DATA:VRU_301	clip	3
vru2:nofilter:0012	vru_accident:MANUAL_DATA:VRU_302	clip	3
vru2:nofilter:0012	vru_accident:MANUAL_DATA:VRU_304	clip	3
vru2:nofilter:0012	vru_accident:MANUAL_DATA:VRU_305	clip	3
vru2:nofilter:0012	vru_accident:MANUAL_DATA:VRU_306	clip	3
vru2:nofilter:0012	vru_accident:MANUAL_DATA:VRU_310	clip	3
vru2:nofilter:0012	vru_accident:MANUAL_DATA:VRU_312	clip	3
vru2:nofilter:0012	vru_accident:MANUAL_DATA:VRU_331	clip	3
vru2:nofilter:0012	vru_accident:MANUAL_DATA:VRU_332	clip	3
vru2:nofilter:0012	vru_accident:MANUAL_DATA:VRU_333	clip	3
vru2:nofilter:0012	vru_accident:MANUAL_DATA:VRU_335	clip	3
vru2:nofilter:0012	vru_accident:MANUAL_DATA:VRU_337	clip	3
vru2:nofilter:0012	vru_accident:MANUAL_DATA:VRU_338	clip	3
vru2:nofilter:0012	vru_accident:MANUAL_DATA:VRU_340	clip	3
vru2:nofilter:0012	vru_accident:MANUAL_DATA:VRU_341	clip	3
vru2:nofilter:0012	vru_accident:MANUAL_DATA:VRU_343	clip	3
vru2:nofilter:0012	vru_accident:MANUAL_DATA:VRU_344	clip	3
vru2:nofilter:0012	vru_accident:MANUAL_DATA:VRU_349	clip	3
vru2:nofilter:0012	vru_accident:MANUAL_DATA:VRU_350	clip	3
vru2:nofilter:0012	vru_accident:MANUAL_DATA:VRU_351	clip	3
vru2:nofilter:0012	vru_accident:MANUAL_DATA:VRU_352	clip	3
vru2:nofilter:0012	vru_accident:MANUAL_DATA:VRU_353	clip	3
vru2:nofilter:0012	vru_accident:MANUAL_DATA:VRU_354	clip	3
vru2:nofilter:0012	vru_accident:MANUAL_DATA:VRU_355	clip	3
vru2:nofilter:0012	vru_accident:MANUAL_DATA:VRU_358	clip	3
vru2:nofilter:0012	vru_accident:MANUAL_DATA:VRU_359	clip	3
vru2:nofilter:0012	vru_accident:MANUAL_DATA:VRU_360	clip	3
vru2:nofilter:0012	vru_accident:MANUAL_DATA:VRU_366	clip	3
vru2:nofilter:0012	vru_accident:MANUAL_DATA:VRU_367	clip	3
vru2:nofilter:0012	vru_accident:MANUAL_DATA:VRU_368	clip	3
vru2:nofilter:0012	vru_accident:MANUAL_DATA:VRU_369	clip	3
vru2:nofilter:0012	vru_accident:MANUAL_DATA:VRU_370	clip	3
vru2:nofilter:0012	vru_accident:MANUAL_DATA:VRU_373	clip	3
vru2:nofilter:0012	vru_accident:MANUAL_DATA:VRU_374	clip	3
vru2:nofilter:0012	vru_accident:MANUAL_DATA:VRU_376	clip	3
vru2:nofilter:0012	vru_accident:MANUAL_DATA:VRU_381	clip	3
vru2:nofilter:0012	vru_accident:MANUAL_DATA:VRU_48	clip	3
vru2:nofilter:0012	vru_accident:MANUAL_DATA:VRU_90	clip	3
vru2:nofilter:0012	vru_accident:MANUAL_DATA:VRU_91	clip	3
vru2:nofilter:0012	vru_accident:MANUAL_DATA:VRU_99	clip	3
vru2:weather_light:0013	vru_accident:CAP_DATA:VRU_1	clip	3
vru2:weather_light:0013	vru_accident:CAP_DATA:VRU_10	clip	3
vru2:weather_light:0013	vru_accident:CAP_DATA:VRU_11	clip	3
vru2:weather_light:0013	vru_accident:CAP_DATA:VRU_17	clip	3
vru2:weather_light:0013	vru_accident:CAP_DATA:VRU_18	clip	3
vru2:weather_light:0013	vru_accident:CAP_DATA:VRU_19	clip	3
vru2:weather_light:0013	vru_accident:CAP_DATA:VRU_2	clip	3
vru2:weather_light:0013	vru_accident:CAP_DATA:VRU_21	clip	3
vru2:weather_light:0013	vru_accident:CAP_DATA:VRU_23	clip	3
vru2:weather_light:0013	vru_accident:CAP_DATA:VRU_29	clip	3
vru2:weather_light:0013	vru_accident:CAP_DATA:VRU_3	clip	3
vru2:weather_light:0013	vru_accident:CAP_DATA:VRU_32	clip	3
vru2:weather_light:0013	vru_accident:CAP_DATA:VRU_33	clip	3
vru2:weather_light:0013	vru_accident:CAP_DATA:VRU_35	clip	3
vru2:weather_light:0013	vru_accident:CAP_DATA:VRU_36	clip	3
vru2:weather_light:0013	vru_accident:CAP_DATA:VRU_37	clip	3
vru2:weather_light:0013	vru_accident:CAP_DATA:VRU_39	clip	3
vru2:weather_light:0013	vru_accident:CAP_DATA:VRU_4	clip	3
vru2:weather_light:0013	vru_accident:CAP_DATA:VRU_41	clip	3
vru2:weather_light:0013	vru_accident:CAP_DATA:VRU_45	clip	3
vru2:weather_light:0013	vru_accident:CAP_DATA:VRU_5	clip	3
vru2:weather_light:0013	vru_accident:CAP_DATA:VRU_51	clip	3
vru2:weather_light:0013	vru_accident:CAP_DATA:VRU_52	clip	3
vru2:weather_light:0013	vru_accident:CAP_DATA:VRU_53	clip	3
vru2:weather_light:0013	vru_accident:CAP_DATA:VRU_55	clip	3
vru2:weather_light:0013	vru_accident:CAP_DATA:VRU_6	clip	3
vru2:weather_light:0013	vru_accident:CAP_DATA:VRU_8	clip	3
vru2:weather_light:0013	vru_accident:DADA_2000:VRU_1	clip	3
vru2:weather_light:0013	vru_accident:DADA_2000:VRU_10	clip	3
vru2:weather_light:0013	vru_accident:DADA_2000:VRU_11	clip	3
vru2:weather_light:0013	vru_accident:DADA_2000:VRU_12	clip	3
vru2:weather_light:0013	vru_accident:DADA_2000:VRU_13	clip	3
vru2:weather_light:0013	vru_accident:DADA_2000:VRU_14	clip	3
vru2:weather_light:0013	vru_accident:DADA_2000:VRU_15	clip	3
vru2:weather_light:0013	vru_accident:DADA_2000:VRU_16	clip	3
vru2:weather_light:0013	vru_accident:DADA_2000:VRU_17	clip	3
vru2:weather_light:0013	vru_accident:DADA_2000:VRU_18	clip	3
vru2:weather_light:0013	vru_accident:DADA_2000:VRU_19	clip	3
vru2:weather_light:0013	vru_accident:DADA_2000:VRU_2	clip	3
vru2:weather_light:0013	vru_accident:DADA_2000:VRU_22	clip	3
vru2:weather_light:0013	vru_accident:DADA_2000:VRU_23	clip	3
vru2:weather_light:0013	vru_accident:DADA_2000:VRU_24	clip	3
vru2:weather_light:0013	vru_accident:DADA_2000:VRU_25	clip	3
vru2:weather_light:0013	vru_accident:DADA_2000:VRU_27	clip	3
vru2:weather_light:0013	vru_accident:DADA_2000:VRU_30	clip	3
vru2:weather_light:0013	vru_accident:DADA_2000:VRU_31	clip	3
vru2:weather_light:0013	vru_accident:DADA_2000:VRU_33	clip	3
vru2:weather_light:0013	vru_accident:DADA_2000:VRU_34	clip	3
vru2:weather_light:0013	vru_accident:DADA_2000:VRU_35	clip	3
vru2:weather_light:0013	vru_accident:DADA_2000:VRU_36	clip	3
vru2:weather_light:0013	vru_accident:DADA_2000:VRU_37	clip	3
vru2:weather_light:0013	vru_accident:DADA_2000:VRU_39	clip	3
vru2:weather_light:0013	vru_accident:DADA_2000:VRU_4	clip	3
vru2:weather_light:0013	vru_accident:DADA_2000:VRU_41	clip	3
vru2:weather_light:0013	vru_accident:DADA_2000:VRU_42	clip	3
vru2:weather_light:0013	vru_accident:DADA_2000:VRU_43	clip	3
vru2:weather_light:0013	vru_accident:DADA_2000:VRU_44	clip	3
vru2:weather_light:0013	vru_accident:DADA_2000:VRU_45	clip	3
vru2:weather_light:0013	vru_accident:DADA_2000:VRU_46	clip	3
vru2:weather_light:0013	vru_accident:DADA_2000:VRU_47	clip	3
vru2:weather_light:0013	vru_accident:DADA_2000:VRU_48	clip	3
vru2:weather_light:0013	vru_accident:DADA_2000:VRU_49	clip	3
vru2:weather_light:0013	vru_accident:DADA_2000:VRU_52	clip	3
vru2:weather_light:0013	vru_accident:DADA_2000:VRU_6	clip	3
vru2:weather_light:0013	vru_accident:DADA_2000:VRU_7	clip	3
vru2:weather_light:0013	vru_accident:DADA_2000:VRU_8	clip	3
vru2:weather_light:0013	vru_accident:DoTA:VRU_1	clip	3
vru2:weather_light:0013	vru_accident:DoTA:VRU_14	clip	3
vru2:weather_light:0013	vru_accident:DoTA:VRU_36	clip	3
vru2:weather_light:0013	vru_accident:DoTA:VRU_37	clip	3
vru2:weather_light:0013	vru_accident:DoTA:VRU_49	clip	3
vru2:weather_light:0013	vru_accident:DoTA:VRU_62	clip	3
vru2:weather_light:0013	vru_accident:DoTA:VRU_64	clip	3
vru2:weather_light:0013	vru_accident:DoTA:VRU_65	clip	3
vru2:weather_light:0013	vru_accident:DoTA:VRU_81	clip	3
vru2:weather_light:0013	vru_accident:DoTA:VRU_82	clip	3
vru2:weather_light:0013	vru_accident:DoTA:VRU_85	clip	3
vru2:weather_light:0013	vru_accident:DoTA:VRU_91	clip	3
vru2:weather_light:0013	vru_accident:DoTA:VRU_92	clip	3
vru2:weather_light:0013	vru_accident:DoTA:VRU_97	clip	3
vru2:weather_light:0013	vru_accident:MANUAL_DATA:VRU_114	clip	3
vru2:weather_light:0013	vru_accident:MANUAL_DATA:VRU_127	clip	3
vru2:weather_light:0013	vru_accident:MANUAL_DATA:VRU_149	clip	3
vru2:weather_light:0013	vru_accident:MANUAL_DATA:VRU_186	clip	3
vru2:weather_light:0013	vru_accident:MANUAL_DATA:VRU_187	clip	3
vru2:weather_light:0013	vru_accident:MANUAL_DATA:VRU_207	clip	3
vru2:weather_light:0013	vru_accident:MANUAL_DATA:VRU_229	clip	3
vru2:weather_light:0013	vru_accident:MANUAL_DATA:VRU_244	clip	3
vru2:weather_light:0013	vru_accident:MANUAL_DATA:VRU_246	clip	3
vru2:weather_light:0013	vru_accident:MANUAL_DATA:VRU_248	clip	3
vru2:weather_light:0013	vru_accident:MANUAL_DATA:VRU_250	clip	3
vru2:weather_light:0013	vru_accident:MANUAL_DATA:VRU_251	clip	3
vru2:weather_light:0013	vru_accident:MANUAL_DATA:VRU_252	clip	3
vru2:weather_light:0013	vru_accident:MANUAL_DATA:VRU_253	clip	3
vru2:weather_light:0013	vru_accident:MANUAL_DATA:VRU_255	clip	3
vru2:weather_light:0013	vru_accident:MANUAL_DATA:VRU_256	clip	3
vru2:weather_light:0013	vru_accident:MANUAL_DATA:VRU_261	clip	3
vru2:weather_light:0013	vru_accident:MANUAL_DATA:VRU_266	clip	3
vru2:weather_light:0013	vru_accident:MANUAL_DATA:VRU_275	clip	3
vru2:weather_light:0013	vru_accident:MANUAL_DATA:VRU_302	clip	3
vru2:weather_light:0013	vru_accident:MANUAL_DATA:VRU_304	clip	3
vru2:weather_light:0013	vru_accident:MANUAL_DATA:VRU_312	clip	3
vru2:weather_light:0013	vru_accident:MANUAL_DATA:VRU_331	clip	3
vru2:weather_light:0013	vru_accident:MANUAL_DATA:VRU_333	clip	3
vru2:weather_light:0013	vru_accident:MANUAL_DATA:VRU_335	clip	3
vru2:weather_light:0013	vru_accident:MANUAL_DATA:VRU_338	clip	3
vru2:weather_light:0013	vru_accident:MANUAL_DATA:VRU_340	clip	3
vru2:weather_light:0013	vru_accident:MANUAL_DATA:VRU_341	clip	3
vru2:weather_light:0013	vru_accident:MANUAL_DATA:VRU_343	clip	3
vru2:weather_light:0013	vru_accident:MANUAL_DATA:VRU_344	clip	3
vru2:weather_light:0013	vru_accident:MANUAL_DATA:VRU_349	clip	3
vru2:weather_light:0013	vru_accident:MANUAL_DATA:VRU_352	clip	3
vru2:weather_light:0013	vru_accident:MANUAL_DATA:VRU_353	clip	3
vru2:weather_light:0013	vru_accident:MANUAL_DATA:VRU_354	clip	3
vru2:weather_light:0013	vru_accident:MANUAL_DATA:VRU_355	clip	3
vru2:weather_light:0013	vru_accident:MANUAL_DATA:VRU_359	clip	3
vru2:weather_light:0013	vru_accident:MANUAL_DATA:VRU_360	clip	3
vru2:weather_light:0013	vru_accident:MANUAL_DATA:VRU_370	clip	3
vru2:weather_light:0013	vru_accident:MANUAL_DATA:VRU_373	clip	3
vru2:weather_light:0013	vru_accident:MANUAL_DATA:VRU_374	clip	3
vru2:weather_light:0013	vru_accident:MANUAL_DATA:VRU_376	clip	3
vru2:weather_light:0013	vru_accident:MANUAL_DATA:VRU_381	clip	3
vru2:weather_light:0013	vru_accident:MANUAL_DATA:VRU_48	clip	3
vru2:weather_light:0013	vru_accident:MANUAL_DATA:VRU_90	clip	3
vru2:weather_light:0013	vru_accident:MANUAL_DATA:VRU_99	clip	3
vru2:weather_light:0014	vru_accident:CAP_DATA:VRU_20	clip	3
vru2:weather_light:0014	vru_accident:CAP_DATA:VRU_27	clip	3
vru2:weather_light:0014	vru_accident:CAP_DATA:VRU_34	clip	3
vru2:weather_light:0014	vru_accident:CAP_DATA:VRU_38	clip	3
vru2:weather_light:0014	vru_accident:CAP_DATA:VRU_43	clip	3
vru2:weather_light:0014	vru_accident:CAP_DATA:VRU_46	clip	3
vru2:weather_light:0014	vru_accident:CAP_DATA:VRU_54	clip	3
vru2:weather_light:0014	vru_accident:CAP_DATA:VRU_7	clip	3
vru2:weather_light:0014	vru_accident:CAP_DATA:VRU_9	clip	3
vru2:weather_light:0014	vru_accident:DADA_2000:VRU_20	clip	3
vru2:weather_light:0014	vru_accident:DADA_2000:VRU_26	clip	3
vru2:weather_light:0014	vru_accident:DADA_2000:VRU_28	clip	3
vru2:weather_light:0014	vru_accident:DADA_2000:VRU_29	clip	3
vru2:weather_light:0014	vru_accident:DADA_2000:VRU_3	clip	3
vru2:weather_light:0014	vru_accident:DADA_2000:VRU_32	clip	3
vru2:weather_light:0014	vru_accident:DADA_2000:VRU_38	clip	3
vru2:weather_light:0014	vru_accident:DADA_2000:VRU_40	clip	3
vru2:weather_light:0014	vru_accident:DADA_2000:VRU_50	clip	3
vru2:weather_light:0014	vru_accident:DADA_2000:VRU_51	clip	3
vru2:weather_light:0014	vru_accident:DADA_2000:VRU_53	clip	3
vru2:weather_light:0014	vru_accident:DADA_2000:VRU_9	clip	3
vru2:weather_light:0014	vru_accident:DoTA:VRU_33	clip	3
vru2:weather_light:0014	vru_accident:DoTA:VRU_84	clip	3
vru2:weather_light:0014	vru_accident:MANUAL_DATA:VRU_189	clip	3
vru2:weather_light:0014	vru_accident:MANUAL_DATA:VRU_196	clip	3
vru2:weather_light:0014	vru_accident:MANUAL_DATA:VRU_243	clip	3
vru2:weather_light:0014	vru_accident:MANUAL_DATA:VRU_285	clip	3
vru2:weather_light:0014	vru_accident:MANUAL_DATA:VRU_299	clip	3
vru2:weather_light:0014	vru_accident:MANUAL_DATA:VRU_301	clip	3
vru2:weather_light:0014	vru_accident:MANUAL_DATA:VRU_332	clip	3
vru2:weather_light:0014	vru_accident:MANUAL_DATA:VRU_350	clip	3
vru2:weather_light:0014	vru_accident:MANUAL_DATA:VRU_351	clip	3
vru2:weather_light:0014	vru_accident:MANUAL_DATA:VRU_368	clip	3
vru2:weather_light:0014	vru_accident:MANUAL_DATA:VRU_369	clip	3
vru2:weather_light:0015	vru_accident:CAP_DATA:VRU_12	clip	3
vru2:weather_light:0015	vru_accident:CAP_DATA:VRU_13	clip	3
vru2:weather_light:0015	vru_accident:CAP_DATA:VRU_14	clip	3
vru2:weather_light:0015	vru_accident:CAP_DATA:VRU_15	clip	3
vru2:weather_light:0015	vru_accident:CAP_DATA:VRU_22	clip	3
vru2:weather_light:0015	vru_accident:CAP_DATA:VRU_25	clip	3
vru2:weather_light:0015	vru_accident:CAP_DATA:VRU_26	clip	3
vru2:weather_light:0015	vru_accident:CAP_DATA:VRU_28	clip	3
vru2:weather_light:0015	vru_accident:CAP_DATA:VRU_31	clip	3
vru2:weather_light:0015	vru_accident:CAP_DATA:VRU_40	clip	3
vru2:weather_light:0015	vru_accident:DoTA:VRU_21	clip	3
vru2:weather_light:0015	vru_accident:DoTA:VRU_31	clip	3
vru2:weather_light:0015	vru_accident:MANUAL_DATA:VRU_107	clip	3
vru2:weather_light:0015	vru_accident:MANUAL_DATA:VRU_141	clip	3
vru2:weather_light:0015	vru_accident:MANUAL_DATA:VRU_188	clip	3
vru2:weather_light:0015	vru_accident:MANUAL_DATA:VRU_240	clip	3
vru2:weather_light:0015	vru_accident:MANUAL_DATA:VRU_245	clip	3
vru2:weather_light:0015	vru_accident:MANUAL_DATA:VRU_279	clip	3
vru2:weather_light:0015	vru_accident:MANUAL_DATA:VRU_305	clip	3
vru2:weather_light:0015	vru_accident:MANUAL_DATA:VRU_306	clip	3
vru2:weather_light:0015	vru_accident:MANUAL_DATA:VRU_337	clip	3
vru2:weather_light:0015	vru_accident:MANUAL_DATA:VRU_358	clip	3
vru2:weather_light:0015	vru_accident:MANUAL_DATA:VRU_366	clip	3
vru2:weather_light:0015	vru_accident:MANUAL_DATA:VRU_91	clip	3
vru2:weather_light:0016	vru_accident:CAP_DATA:VRU_16	clip	3
vru2:weather_light:0016	vru_accident:CAP_DATA:VRU_47	clip	3
vru2:weather_light:0016	vru_accident:DADA_2000:VRU_21	clip	3
vru2:weather_light:0016	vru_accident:DADA_2000:VRU_5	clip	3
vru2:weather_light:0016	vru_accident:MANUAL_DATA:VRU_280	clip	3
vru2:road_type:0017	vru_accident:CAP_DATA:VRU_1	clip	3
vru2:road_type:0017	vru_accident:CAP_DATA:VRU_10	clip	3
vru2:road_type:0017	vru_accident:CAP_DATA:VRU_12	clip	3
vru2:road_type:0017	vru_accident:CAP_DATA:VRU_13	clip	3
vru2:road_type:0017	vru_accident:CAP_DATA:VRU_14	clip	3
vru2:road_type:0017	vru_accident:CAP_DATA:VRU_15	clip	3
vru2:road_type:0017	vru_accident:CAP_DATA:VRU_16	clip	3
vru2:road_type:0017	vru_accident:CAP_DATA:VRU_17	clip	3
vru2:road_type:0017	vru_accident:CAP_DATA:VRU_19	clip	3
vru2:road_type:0017	vru_accident:CAP_DATA:VRU_20	clip	3
vru2:road_type:0017	vru_accident:CAP_DATA:VRU_22	clip	3
vru2:road_type:0017	vru_accident:CAP_DATA:VRU_24	clip	3
vru2:road_type:0017	vru_accident:CAP_DATA:VRU_25	clip	3
vru2:road_type:0017	vru_accident:CAP_DATA:VRU_26	clip	3
vru2:road_type:0017	vru_accident:CAP_DATA:VRU_27	clip	3
vru2:road_type:0017	vru_accident:CAP_DATA:VRU_28	clip	3
vru2:road_type:0017	vru_accident:CAP_DATA:VRU_29	clip	3
vru2:road_type:0017	vru_accident:CAP_DATA:VRU_33	clip	3
vru2:road_type:0017	vru_accident:CAP_DATA:VRU_34	clip	3
vru2:road_type:0017	vru_accident:CAP_DATA:VRU_36	clip	3
vru2:road_type:0017	vru_accident:CAP_DATA:VRU_37	clip	3
vru2:road_type:0017	vru_accident:CAP_DATA:VRU_38	clip	3
vru2:road_type:0017	vru_accident:CAP_DATA:VRU_4	clip	3
vru2:road_type:0017	vru_accident:CAP_DATA:VRU_40	clip	3
vru2:road_type:0017	vru_accident:CAP_DATA:VRU_41	clip	3
vru2:road_type:0017	vru_accident:CAP_DATA:VRU_42	clip	3
vru2:road_type:0017	vru_accident:CAP_DATA:VRU_43	clip	3
vru2:road_type:0017	vru_accident:CAP_DATA:VRU_45	clip	3
vru2:road_type:0017	vru_accident:CAP_DATA:VRU_46	clip	3
vru2:road_type:0017	vru_accident:CAP_DATA:VRU_47	clip	3
vru2:road_type:0017	vru_accident:CAP_DATA:VRU_48	clip	3
vru2:road_type:0017	vru_accident:CAP_DATA:VRU_49	clip	3
vru2:road_type:0017	vru_accident:CAP_DATA:VRU_5	clip	3
vru2:road_type:0017	vru_accident:CAP_DATA:VRU_50	clip	3
vru2:road_type:0017	vru_accident:CAP_DATA:VRU_51	clip	3
vru2:road_type:0017	vru_accident:CAP_DATA:VRU_52	clip	3
vru2:road_type:0017	vru_accident:CAP_DATA:VRU_54	clip	3
vru2:road_type:0017	vru_accident:CAP_DATA:VRU_55	clip	3
vru2:road_type:0017	vru_accident:CAP_DATA:VRU_7	clip	3
vru2:road_type:0017	vru_accident:CAP_DATA:VRU_8	clip	3
vru2:road_type:0017	vru_accident:DADA_2000:VRU_1	clip	3
vru2:road_type:0017	vru_accident:DADA_2000:VRU_10	clip	3
vru2:road_type:0017	vru_accident:DADA_2000:VRU_11	clip	3
vru2:road_type:0017	vru_accident:DADA_2000:VRU_12	clip	3
vru2:road_type:0017	vru_accident:DADA_2000:VRU_14	clip	3
vru2:road_type:0017	vru_accident:DADA_2000:VRU_16	clip	3
vru2:road_type:0017	vru_accident:DADA_2000:VRU_17	clip	3
vru2:road_type:0017	vru_accident:DADA_2000:VRU_18	clip	3
vru2:road_type:0017	vru_accident:DADA_2000:VRU_19	clip	3
vru2:road_type:0017	vru_accident:DADA_2000:VRU_2	clip	3
vru2:road_type:0017	vru_accident:DADA_2000:VRU_20	clip	3
vru2:road_type:0017	vru_accident:DADA_2000:VRU_23	clip	3
vru2:road_type:0017	vru_accident:DADA_2000:VRU_24	clip	3
vru2:road_type:0017	vru_accident:DADA_2000:VRU_25	clip	3
vru2:road_type:0017	vru_accident:DADA_2000:VRU_28	clip	3
vru2:road_type:0017	vru_accident:DADA_2000:VRU_3	clip	3
vru2:road_type:0017	vru_accident:DADA_2000:VRU_30	clip	3
vru2:road_type:0017	vru_accident:DADA_2000:VRU_31	clip	3
vru2:road_type:0017	vru_accident:DADA_2000:VRU_32	clip	3
vru2:road_type:0017	vru_accident:DADA_2000:VRU_33	clip	3
vru2:road_type:0017	vru_accident:DADA_2000:VRU_36	clip	3
vru2:road_type:0017	vru_accident:DADA_2000:VRU_38	clip	3
vru2:road_type:0017	vru_accident:DADA_2000:VRU_40	clip	3
vru2:road_type:0017	vru_accident:DADA_2000:VRU_41	clip	3
vru2:road_type:0017	vru_accident:DADA_2000:VRU_42	clip	3
vru2:road_type:0017	vru_accident:DADA_2000:VRU_44	clip	3
vru2:road_type:0017	vru_accident:DADA_2000:VRU_45	clip	3
vru2:road_type:0017	vru_accident:DADA_2000:VRU_47	clip	3
vru2:road_type:0017	vru_accident:DADA_2000:VRU_5	clip	3
vru2:road_type:0017	vru_accident:DADA_2000:VRU_50	clip	3
vru2:road_type:0017	vru_accident:DADA_2000:VRU_6	clip	3
vru2:road_type:0017	vru_accident:DADA_2000:VRU_7	clip	3
vru2:road_type:0017	vru_accident:DADA_2000:VRU_8	clip	3
vru2:road_type:0017	vru_accident:DADA_2000:VRU_9	clip	3
vru2:road_type:0017	vru_accident:DoTA:VRU_1	clip	3
vru2:road_type:0017	vru_accident:DoTA:VRU_14	clip	3
vru2:road_type:0017	vru_accident:DoTA:VRU_21	clip	3
vru2:road_type:0017	vru_accident:DoTA:VRU_31	clip	3
vru2:road_type:0017	vru_accident:DoTA:VRU_33	clip	3
vru2:road_type:0017	vru_accident:DoTA:VRU_37	clip	3
vru2:road_type:0017	vru_accident:DoTA:VRU_62	clip	3
vru2:road_type:0017	vru_accident:DoTA:VRU_65	clip	3
vru2:road_type:0017	vru_accident:DoTA:VRU_81	clip	3
vru2:road_type:0017	vru_accident:DoTA:VRU_82	clip	3
vru2:road_type:0017	vru_accident:DoTA:VRU_84	clip	3
vru2:road_type:0017	vru_accident:DoTA:VRU_85	clip	3
vru2:road_type:0017	vru_accident:DoTA:VRU_91	clip	3
vru2:road_type:0017	vru_accident:DoTA:VRU_92	clip	3
vru2:road_type:0017	vru_accident:DoTA:VRU_97	clip	3
vru2:road_type:0017	vru_accident:MANUAL_DATA:VRU_114	clip	3
vru2:road_type:0017	vru_accident:MANUAL_DATA:VRU_127	clip	3
vru2:road_type:0017	vru_accident:MANUAL_DATA:VRU_141	clip	3
vru2:road_type:0017	vru_accident:MANUAL_DATA:VRU_149	clip	3
vru2:road_type:0017	vru_accident:MANUAL_DATA:VRU_186	clip	3
vru2:road_type:0017	vru_accident:MANUAL_DATA:VRU_187	clip	3
vru2:road_type:0017	vru_accident:MANUAL_DATA:VRU_188	clip	3
vru2:road_type:0017	vru_accident:MANUAL_DATA:VRU_189	clip	3
vru2:road_type:0017	vru_accident:MANUAL_DATA:VRU_196	clip	3
vru2:road_type:0017	vru_accident:MANUAL_DATA:VRU_207	clip	3
vru2:road_type:0017	vru_accident:MANUAL_DATA:VRU_229	clip	3
vru2:road_type:0017	vru_accident:MANUAL_DATA:VRU_243	clip	3
vru2:road_type:0017	vru_accident:MANUAL_DATA:VRU_244	clip	3
vru2:road_type:0017	vru_accident:MANUAL_DATA:VRU_245	clip	3
vru2:road_type:0017	vru_accident:MANUAL_DATA:VRU_246	clip	3
vru2:road_type:0017	vru_accident:MANUAL_DATA:VRU_248	clip	3
vru2:road_type:0017	vru_accident:MANUAL_DATA:VRU_250	clip	3
vru2:road_type:0017	vru_accident:MANUAL_DATA:VRU_252	clip	3
vru2:road_type:0017	vru_accident:MANUAL_DATA:VRU_255	clip	3
vru2:road_type:0017	vru_accident:MANUAL_DATA:VRU_256	clip	3
vru2:road_type:0017	vru_accident:MANUAL_DATA:VRU_260	clip	3
vru2:road_type:0017	vru_accident:MANUAL_DATA:VRU_261	clip	3
vru2:road_type:0017	vru_accident:MANUAL_DATA:VRU_266	clip	3
vru2:road_type:0017	vru_accident:MANUAL_DATA:VRU_275	clip	3
vru2:road_type:0017	vru_accident:MANUAL_DATA:VRU_279	clip	3
vru2:road_type:0017	vru_accident:MANUAL_DATA:VRU_280	clip	3
vru2:road_type:0017	vru_accident:MANUAL_DATA:VRU_285	clip	3
vru2:road_type:0017	vru_accident:MANUAL_DATA:VRU_299	clip	3
vru2:road_type:0017	vru_accident:MANUAL_DATA:VRU_301	clip	3
vru2:road_type:0017	vru_accident:MANUAL_DATA:VRU_302	clip	3
vru2:road_type:0017	vru_accident:MANUAL_DATA:VRU_304	clip	3
vru2:road_type:0017	vru_accident:MANUAL_DATA:VRU_305	clip	3
vru2:road_type:0017	vru_accident:MANUAL_DATA:VRU_306	clip	3
vru2:road_type:0017	vru_accident:MANUAL_DATA:VRU_310	clip	3
vru2:road_type:0017	vru_accident:MANUAL_DATA:VRU_312	clip	3
vru2:road_type:0017	vru_accident:MANUAL_DATA:VRU_331	clip	3
vru2:road_type:0017	vru_accident:MANUAL_DATA:VRU_332	clip	3
vru2:road_type:0017	vru_accident:MANUAL_DATA:VRU_335	clip	3
vru2:road_type:0017	vru_accident:MANUAL_DATA:VRU_337	clip	3
vru2:road_type:0017	vru_accident:MANUAL_DATA:VRU_340	clip	3
vru2:road_type:0017	vru_accident:MANUAL_DATA:VRU_341	clip	3
vru2:road_type:0017	vru_accident:MANUAL_DATA:VRU_343	clip	3
vru2:road_type:0017	vru_accident:MANUAL_DATA:VRU_349	clip	3
vru2:road_type:0017	vru_accident:MANUAL_DATA:VRU_350	clip	3
vru2:road_type:0017	vru_accident:MANUAL_DATA:VRU_351	clip	3
vru2:road_type:0017	vru_accident:MANUAL_DATA:VRU_352	clip	3
vru2:road_type:0017	vru_accident:MANUAL_DATA:VRU_354	clip	3
vru2:road_type:0017	vru_accident:MANUAL_DATA:VRU_355	clip	3
vru2:road_type:0017	vru_accident:MANUAL_DATA:VRU_358	clip	3
vru2:road_type:0017	vru_accident:MANUAL_DATA:VRU_359	clip	3
vru2:road_type:0017	vru_accident:MANUAL_DATA:VRU_360	clip	3
vru2:road_type:0017	vru_accident:MANUAL_DATA:VRU_367	clip	3
vru2:road_type:0017	vru_accident:MANUAL_DATA:VRU_368	clip	3
vru2:road_type:0017	vru_accident:MANUAL_DATA:VRU_369	clip	3
vru2:road_type:0017	vru_accident:MANUAL_DATA:VRU_370	clip	3
vru2:road_type:0017	vru_accident:MANUAL_DATA:VRU_374	clip	3
vru2:road_type:0017	vru_accident:MANUAL_DATA:VRU_376	clip	3
vru2:road_type:0017	vru_accident:MANUAL_DATA:VRU_381	clip	3
vru2:road_type:0017	vru_accident:MANUAL_DATA:VRU_91	clip	3
vru2:road_type:0018	vru_accident:CAP_DATA:VRU_2	clip	3
vru2:road_type:0018	vru_accident:CAP_DATA:VRU_23	clip	3
vru2:road_type:0018	vru_accident:CAP_DATA:VRU_32	clip	3
vru2:road_type:0018	vru_accident:DADA_2000:VRU_13	clip	3
vru2:road_type:0018	vru_accident:DADA_2000:VRU_15	clip	3
vru2:road_type:0018	vru_accident:DADA_2000:VRU_22	clip	3
vru2:road_type:0018	vru_accident:DADA_2000:VRU_26	clip	3
vru2:road_type:0018	vru_accident:DADA_2000:VRU_29	clip	3
vru2:road_type:0018	vru_accident:DADA_2000:VRU_34	clip	3
vru2:road_type:0018	vru_accident:DADA_2000:VRU_4	clip	3
vru2:road_type:0018	vru_accident:DADA_2000:VRU_49	clip	3
vru2:road_type:0018	vru_accident:DoTA:VRU_36	clip	3
vru2:road_type:0018	vru_accident:DoTA:VRU_64	clip	3
vru2:road_type:0018	vru_accident:MANUAL_DATA:VRU_353	clip	3
vru2:road_type:0018	vru_accident:MANUAL_DATA:VRU_373	clip	3
vru2:road_type:0018	vru_accident:MANUAL_DATA:VRU_48	clip	3
vru2:road_type:0018	vru_accident:MANUAL_DATA:VRU_90	clip	3
vru2:road_type:0018	vru_accident:MANUAL_DATA:VRU_99	clip	3
vru2:road_type:0019	vru_accident:CAP_DATA:VRU_11	clip	3
vru2:road_type:0019	vru_accident:CAP_DATA:VRU_3	clip	3
vru2:road_type:0019	vru_accident:CAP_DATA:VRU_39	clip	3
vru2:road_type:0019	vru_accident:CAP_DATA:VRU_44	clip	3
vru2:road_type:0019	vru_accident:CAP_DATA:VRU_53	clip	3
vru2:road_type:0019	vru_accident:DADA_2000:VRU_21	clip	3
vru2:road_type:0019	vru_accident:DADA_2000:VRU_35	clip	3
vru2:road_type:0019	vru_accident:DADA_2000:VRU_39	clip	3
vru2:road_type:0019	vru_accident:DADA_2000:VRU_48	clip	3
vru2:road_type:0019	vru_accident:DADA_2000:VRU_53	clip	3
vru2:road_type:0019	vru_accident:DoTA:VRU_49	clip	3
vru2:road_type:0019	vru_accident:MANUAL_DATA:VRU_240	clip	3
vru2:road_type:0019	vru_accident:MANUAL_DATA:VRU_251	clip	3
vru2:road_type:0019	vru_accident:MANUAL_DATA:VRU_338	clip	3
vru2:road_type:0019	vru_accident:MANUAL_DATA:VRU_366	clip	3
vru2:road_type:0020	vru_accident:DADA_2000:VRU_27	clip	3
vru2:road_type:0020	vru_accident:DADA_2000:VRU_37	clip	3
vru2:road_type:0020	vru_accident:DADA_2000:VRU_46	clip	3
vru2:road_type:0020	vru_accident:DADA_2000:VRU_51	clip	3
vru2:road_type:0020	vru_accident:MANUAL_DATA:VRU_253	clip	3
vru2:road_type:0020	vru_accident:MANUAL_DATA:VRU_333	clip	3
vru2:road_type:0020	vru_accident:MANUAL_DATA:VRU_344	clip	3
vru2:road_type:0021	vru_accident:CAP_DATA:VRU_21	clip	3
vru2:road_type:0021	vru_accident:CAP_DATA:VRU_31	clip	3
vru2:road_type:0021	vru_accident:CAP_DATA:VRU_35	clip	3
vru2:road_type:0021	vru_accident:CAP_DATA:VRU_6	clip	3
vru2:road_type:0021	vru_accident:CAP_DATA:VRU_9	clip	3
vru2:road_type:0021	vru_accident:DADA_2000:VRU_52	clip	3
vru2:road_type:0021	vru_accident:MANUAL_DATA:VRU_107	clip	3
vru2:location:0022	vru_accident:CAP_DATA:VRU_10	clip	3
vru2:location:0022	vru_accident:CAP_DATA:VRU_11	clip	3
vru2:location:0022	vru_accident:CAP_DATA:VRU_12	clip	3
vru2:location:0022	vru_accident:CAP_DATA:VRU_13	clip	3
vru2:location:0022	vru_accident:CAP_DATA:VRU_14	clip	3
vru2:location:0022	vru_accident:CAP_DATA:VRU_15	clip	3
vru2:location:0022	vru_accident:CAP_DATA:VRU_17	clip	3
vru2:location:0022	vru_accident:CAP_DATA:VRU_18	clip	3
vru2:location:0022	vru_accident:CAP_DATA:VRU_2	clip	3
vru2:location:0022	vru_accident:CAP_DATA:VRU_20	clip	3
vru2:location:0022	vru_accident:CAP_DATA:VRU_22	clip	3
vru2:location:0022	vru_accident:CAP_DATA:VRU_23	clip	3
vru2:location:0022	vru_accident:CAP_DATA:VRU_24	clip	3
vru2:location:0022	vru_accident:CAP_DATA:VRU_25	clip	3
vru2:location:0022	vru_accident:CAP_DATA:VRU_26	clip	3
vru2:location:0022	vru_accident:CAP_DATA:VRU_27	clip	3
vru2:location:0022	vru_accident:CAP_DATA:VRU_29	clip	3
vru2:location:0022	vru_accident:CAP_DATA:VRU_3	clip	3
vru2:location:0022	vru_accident:CAP_DATA:VRU_32	clip	3
vru2:location:0022	vru_accident:CAP_DATA:VRU_34	clip	3
vru2:location:0022	vru_accident:CAP_DATA:VRU_35	clip	3
vru2:location:0022	vru_accident:CAP_DATA:VRU_36	clip	3
vru2:location:0022	vru_accident:CAP_DATA:VRU_38	clip	3
vru2:location:0022	vru_accident:CAP_DATA:VRU_39	clip	3
vru2:location:0022	vru_accident:CAP_DATA:VRU_4	clip	3
vru2:location:0022	vru_accident:CAP_DATA:VRU_40	clip	3
vru2:location:0022	vru_accident:CAP_DATA:VRU_41	clip	3
vru2:location:0022	vru_accident:CAP_DATA:VRU_42	clip	3
vru2:location:0022	vru_accident:CAP_DATA:VRU_44	clip	3
vru2:location:0022	vru_accident:CAP_DATA:VRU_46	clip	3
vru2:location:0022	vru_accident:CAP_DATA:VRU_47	clip	3
vru2:location:0022	vru_accident:CAP_DATA:VRU_50	clip	3
vru2:location:0022	vru_accident:CAP_DATA:VRU_51	clip	3
vru2:location:0022	vru_accident:CAP_DATA:VRU_52	clip	3
vru2:location:0022	vru_accident:CAP_DATA:VRU_53	clip	3
vru2:location:0022	vru_accident:CAP_DATA:VRU_54	clip	3
vru2:location:0022	vru_accident:CAP_DATA:VRU_55	clip	3
vru2:location:0022	vru_accident:CAP_DATA:VRU_7	clip	3
vru2:location:0022	vru_accident:CAP_DATA:VRU_8	clip	3
vru2:location:0022	vru_accident:DADA_2000:VRU_1	clip	3
vru2:location:0022	vru_accident:DADA_2000:VRU_11	clip	3
vru2:location:0022	vru_accident:DADA_2000:VRU_12	clip	3
vru2:location:0022	vru_accident:DADA_2000:VRU_16	clip	3
vru2:location:0022	vru_accident:DADA_2000:VRU_17	clip	3
vru2:location:0022	vru_accident:DADA_2000:VRU_18	clip	3
vru2:location:0022	vru_accident:DADA_2000:VRU_20	clip	3
vru2:location:0022	vru_accident:DADA_2000:VRU_21	clip	3
vru2:location:0022	vru_accident:DADA_2000:VRU_22	clip	3
vru2:location:0022	vru_accident:DADA_2000:VRU_23	clip	3
vru2:location:0022	vru_accident:DADA_2000:VRU_24	clip	3
vru2:location:0022	vru_accident:DADA_2000:VRU_26	clip	3
vru2:location:0022	vru_accident:DADA_2000:VRU_28	clip	3
vru2:location:0022	vru_accident:DADA_2000:VRU_29	clip	3
vru2:location:0022	vru_accident:DADA_2000:VRU_3	clip	3
vru2:location:0022	vru_accident:DADA_2000:VRU_31	clip	3
vru2:location:0022	vru_accident:DADA_2000:VRU_32	clip	3
vru2:location:0022	vru_accident:DADA_2000:VRU_34	clip	3
vru2:location:0022	vru_accident:DADA_2000:VRU_35	clip	3
vru2:location:0022	vru_accident:DADA_2000:VRU_36	clip	3
vru2:location:0022	vru_accident:DADA_2000:VRU_39	clip	3
vru2:location:0022	vru_accident:DADA_2000:VRU_40	clip	3
vru2:location:0022	vru_accident:DADA_2000:VRU_42	clip	3
vru2:location:0022	vru_accident:DADA_2000:VRU_44	clip	3
vru2:location:0022	vru_accident:DADA_2000:VRU_45	clip	3
vru2:location:0022	vru_accident:DADA_2000:VRU_47	clip	3
vru2:location:0022	vru_accident:DADA_2000:VRU_48	clip	3
vru2:location:0022	vru_accident:DADA_2000:VRU_49	clip	3
vru2:location:0022	vru_accident:DADA_2000:VRU_5	clip	3
vru2:location:0022	vru_accident:DADA_2000:VRU_50	clip	3
vru2:location:0022	vru_accident:DADA_2000:VRU_51	clip	3
vru2:location:0022	vru_accident:DADA_2000:VRU_52	clip	3
vru2:location:0022	vru_accident:DADA_2000:VRU_53	clip	3
vru2:location:0022	vru_accident:DADA_2000:VRU_6	clip	3
vru2:location:0022	vru_accident:DADA_2000:VRU_7	clip	3
vru2:location:0022	vru_accident:DADA_2000:VRU_9	clip	3
vru2:location:0022	vru_accident:DoTA:VRU_14	clip	3
vru2:location:0022	vru_accident:DoTA:VRU_21	clip	3
vru2:location:0022	vru_accident:DoTA:VRU_31	clip	3
vru2:location:0022	vru_accident:DoTA:VRU_33	clip	3
vru2:location:0022	vru_accident:DoTA:VRU_36	clip	3
vru2:location:0022	vru_accident:DoTA:VRU_37	clip	3
vru2:location:0022	vru_accident:DoTA:VRU_49	clip	3
vru2:location:0022	vru_accident:DoTA:VRU_62	clip	3
vru2:location:0022	vru_accident:DoTA:VRU_64	clip	3
vru2:location:0022	vru_accident:DoTA:VRU_65	clip	3
vru2:location:0022	vru_accident:DoTA:VRU_81	clip	3
vru2:location:0022	vru_accident:DoTA:VRU_82	clip	3
vru2:location:0022	vru_accident:DoTA:VRU_91	clip	3
vru2:location:0022	vru_accident:DoTA:VRU_92	clip	3
vru2:location:0022	vru_accident:DoTA:VRU_97	clip	3
vru2:location:0022	vru_accident:MANUAL_DATA:VRU_107	clip	3
vru2:location:0022	vru_accident:MANUAL_DATA:VRU_114	clip	3
vru2:location:0022	vru_accident:MANUAL_DATA:VRU_127	clip	3
vru2:location:0022	vru_accident:MANUAL_DATA:VRU_141	clip	3
vru2:location:0022	vru_accident:MANUAL_DATA:VRU_149	clip	3
vru2:location:0022	vru_accident:MANUAL_DATA:VRU_186	clip	3
vru2:location:0022	vru_accident:MANUAL_DATA:VRU_187	clip	3
vru2:location:0022	vru_accident:MANUAL_DATA:VRU_189	clip	3
vru2:location:0022	vru_accident:MANUAL_DATA:VRU_196	clip	3
vru2:location:0022	vru_accident:MANUAL_DATA:VRU_207	clip	3
vru2:location:0022	vru_accident:MANUAL_DATA:VRU_229	clip	3
vru2:location:0022	vru_accident:MANUAL_DATA:VRU_240	clip	3
vru2:location:0022	vru_accident:MANUAL_DATA:VRU_243	clip	3
vru2:location:0022	vru_accident:MANUAL_DATA:VRU_244	clip	3
vru2:location:0022	vru_accident:MANUAL_DATA:VRU_245	clip	3
vru2:location:0022	vru_accident:MANUAL_DATA:VRU_246	clip	3
vru2:location:0022	vru_accident:MANUAL_DATA:VRU_248	clip	3
vru2:location:0022	vru_accident:MANUAL_DATA:VRU_250	clip	3
vru2:location:0022	vru_accident:MANUAL_DATA:VRU_251	clip	3
vru2:location:0022	vru_accident:MANUAL_DATA:VRU_252	clip	3
vru2:location:0022	vru_accident:MANUAL_DATA:VRU_253	clip	3
vru2:location:0022	vru_accident:MANUAL_DATA:VRU_256	clip	3
vru2:location:0022	vru_accident:MANUAL_DATA:VRU_260	clip	3
vru2:location:0022	vru_accident:MANUAL_DATA:VRU_261	clip	3
vru2:location:0022	vru_accident:MANUAL_DATA:VRU_266	clip	3
vru2:location:0022	vru_accident:MANUAL_DATA:VRU_275	clip	3
vru2:location:0022	vru_accident:MANUAL_DATA:VRU_279	clip	3
vru2:location:0022	vru_accident:MANUAL_DATA:VRU_280	clip	3
vru2:location:0022	vru_accident:MANUAL_DATA:VRU_285	clip	3
vru2:location:0022	vru_accident:MANUAL_DATA:VRU_299	clip	3
vru2:location:0022	vru_accident:MANUAL_DATA:VRU_301	clip	3
vru2:location:0022	vru_accident:MANUAL_DATA:VRU_302	clip	3
vru2:location:0022	vru_accident:MANUAL_DATA:VRU_304	clip	3
vru2:location:0022	vru_accident:MANUAL_DATA:VRU_305	clip	3
vru2:location:0022	vru_accident:MANUAL_DATA:VRU_306	clip	3
vru2:location:0022	vru_accident:MANUAL_DATA:VRU_310	clip	3
vru2:location:0022	vru_accident:MANUAL_DATA:VRU_331	clip	3
vru2:location:0022	vru_accident:MANUAL_DATA:VRU_332	clip	3
vru2:location:0022	vru_accident:MANUAL_DATA:VRU_335	clip	3
vru2:location:0022	vru_accident:MANUAL_DATA:VRU_337	clip	3
vru2:location:0022	vru_accident:MANUAL_DATA:VRU_338	clip	3
vru2:location:0022	vru_accident:MANUAL_DATA:VRU_340	clip	3
vru2:location:0022	vru_accident:MANUAL_DATA:VRU_341	clip	3
vru2:location:0022	vru_accident:MANUAL_DATA:VRU_343	clip	3
vru2:location:0022	vru_accident:MANUAL_DATA:VRU_349	clip	3
vru2:location:0022	vru_accident:MANUAL_DATA:VRU_350	clip	3
vru2:location:0022	vru_accident:MANUAL_DATA:VRU_352	clip	3
vru2:location:0022	vru_accident:MANUAL_DATA:VRU_353	clip	3
vru2:location:0022	vru_accident:MANUAL_DATA:VRU_354	clip	3
vru2:location:0022	vru_accident:MANUAL_DATA:VRU_355	clip	3
vru2:location:0022	vru_accident:MANUAL_DATA:VRU_358	clip	3
vru2:location:0022	vru_accident:MANUAL_DATA:VRU_359	clip	3
vru2:location:0022	vru_accident:MANUAL_DATA:VRU_360	clip	3
vru2:location:0022	vru_accident:MANUAL_DATA:VRU_366	clip	3
vru2:location:0022	vru_accident:MANUAL_DATA:VRU_367	clip	3
vru2:location:0022	vru_accident:MANUAL_DATA:VRU_368	clip	3
vru2:location:0022	vru_accident:MANUAL_DATA:VRU_369	clip	3
vru2:location:0022	vru_accident:MANUAL_DATA:VRU_370	clip	3
vru2:location:0022	vru_accident:MANUAL_DATA:VRU_373	clip	3
vru2:location:0022	vru_accident:MANUAL_DATA:VRU_374	clip	3
vru2:location:0022	vru_accident:MANUAL_DATA:VRU_376	clip	3
vru2:location:0022	vru_accident:MANUAL_DATA:VRU_381	clip	3
vru2:location:0022	vru_accident:MANUAL_DATA:VRU_48	clip	3
vru2:location:0022	vru_accident:MANUAL_DATA:VRU_90	clip	3
vru2:location:0022	vru_accident:MANUAL_DATA:VRU_91	clip	3
vru2:location:0022	vru_accident:MANUAL_DATA:VRU_99	clip	3
vru2:location:0023	vru_accident:CAP_DATA:VRU_1	clip	3
vru2:location:0023	vru_accident:CAP_DATA:VRU_16	clip	3
vru2:location:0023	vru_accident:CAP_DATA:VRU_28	clip	3
vru2:location:0023	vru_accident:CAP_DATA:VRU_33	clip	3
vru2:location:0023	vru_accident:CAP_DATA:VRU_37	clip	3
vru2:location:0023	vru_accident:CAP_DATA:VRU_43	clip	3
vru2:location:0023	vru_accident:CAP_DATA:VRU_45	clip	3
vru2:location:0023	vru_accident:CAP_DATA:VRU_5	clip	3
vru2:location:0023	vru_accident:CAP_DATA:VRU_9	clip	3
vru2:location:0023	vru_accident:DADA_2000:VRU_10	clip	3
vru2:location:0023	vru_accident:DADA_2000:VRU_13	clip	3
vru2:location:0023	vru_accident:DADA_2000:VRU_14	clip	3
vru2:location:0023	vru_accident:DADA_2000:VRU_15	clip	3
vru2:location:0023	vru_accident:DADA_2000:VRU_19	clip	3
vru2:location:0023	vru_accident:DADA_2000:VRU_2	clip	3
vru2:location:0023	vru_accident:DADA_2000:VRU_27	clip	3
vru2:location:0023	vru_accident:DADA_2000:VRU_30	clip	3
vru2:location:0023	vru_accident:DADA_2000:VRU_33	clip	3
vru2:location:0023	vru_accident:DADA_2000:VRU_37	clip	3
vru2:location:0023	vru_accident:DADA_2000:VRU_38	clip	3
vru2:location:0023	vru_accident:DADA_2000:VRU_4	clip	3
vru2:location:0023	vru_accident:DADA_2000:VRU_41	clip	3
vru2:location:0023	vru_accident:DADA_2000:VRU_46	clip	3
vru2:location:0023	vru_accident:DADA_2000:VRU_8	clip	3
vru2:location:0023	vru_accident:DoTA:VRU_1	clip	3
vru2:location:0023	vru_accident:DoTA:VRU_84	clip	3
vru2:location:0023	vru_accident:DoTA:VRU_85	clip	3
vru2:location:0023	vru_accident:MANUAL_DATA:VRU_188	clip	3
vru2:location:0023	vru_accident:MANUAL_DATA:VRU_255	clip	3
vru2:location:0023	vru_accident:MANUAL_DATA:VRU_312	clip	3
vru2:location:0023	vru_accident:MANUAL_DATA:VRU_333	clip	3
vru2:location:0023	vru_accident:MANUAL_DATA:VRU_351	clip	3
vru2:location:0024	vru_accident:CAP_DATA:VRU_19	clip	3
vru2:location:0024	vru_accident:CAP_DATA:VRU_21	clip	3
vru2:location:0024	vru_accident:CAP_DATA:VRU_31	clip	3
vru2:location:0024	vru_accident:CAP_DATA:VRU_48	clip	3
vru2:location:0024	vru_accident:CAP_DATA:VRU_49	clip	3
vru2:location:0024	vru_accident:CAP_DATA:VRU_6	clip	3
vru2:nofilter:0025	vru_accident:CAP_DATA:VRU_235	clip	3
vru2:nofilter:0025	vru_accident:CAP_DATA:VRU_236	clip	3
vru2:nofilter:0025	vru_accident:CAP_DATA:VRU_237	clip	3
vru2:nofilter:0025	vru_accident:CAP_DATA:VRU_238	clip	3
vru2:nofilter:0025	vru_accident:CAP_DATA:VRU_239	clip	3
vru2:nofilter:0025	vru_accident:CAP_DATA:VRU_240	clip	3
vru2:nofilter:0025	vru_accident:CAP_DATA:VRU_241	clip	3
vru2:nofilter:0025	vru_accident:CAP_DATA:VRU_242	clip	3
vru2:nofilter:0025	vru_accident:CAP_DATA:VRU_243	clip	3
vru2:nofilter:0025	vru_accident:CAP_DATA:VRU_244	clip	3
vru2:nofilter:0025	vru_accident:CAP_DATA:VRU_245	clip	3
vru2:nofilter:0025	vru_accident:CAP_DATA:VRU_246	clip	3
vru2:nofilter:0025	vru_accident:CAP_DATA:VRU_247	clip	3
vru2:nofilter:0025	vru_accident:CAP_DATA:VRU_248	clip	3
vru2:nofilter:0025	vru_accident:CAP_DATA:VRU_249	clip	3
vru2:nofilter:0025	vru_accident:CAP_DATA:VRU_250	clip	3
vru2:nofilter:0025	vru_accident:CAP_DATA:VRU_251	clip	3
vru2:nofilter:0025	vru_accident:CAP_DATA:VRU_252	clip	3
vru2:nofilter:0025	vru_accident:CAP_DATA:VRU_253	clip	3
vru2:nofilter:0025	vru_accident:CAP_DATA:VRU_254	clip	3
vru2:nofilter:0025	vru_accident:CAP_DATA:VRU_255	clip	3
vru2:nofilter:0025	vru_accident:CAP_DATA:VRU_256	clip	3
vru2:nofilter:0025	vru_accident:CAP_DATA:VRU_257	clip	3
vru2:nofilter:0025	vru_accident:CAP_DATA:VRU_258	clip	3
vru2:nofilter:0025	vru_accident:CAP_DATA:VRU_259	clip	3
vru2:nofilter:0025	vru_accident:CAP_DATA:VRU_260	clip	3
vru2:nofilter:0025	vru_accident:CAP_DATA:VRU_261	clip	3
vru2:nofilter:0025	vru_accident:CAP_DATA:VRU_262	clip	3
vru2:nofilter:0025	vru_accident:CAP_DATA:VRU_263	clip	3
vru2:nofilter:0025	vru_accident:CAP_DATA:VRU_264	clip	3
vru2:nofilter:0025	vru_accident:CAP_DATA:VRU_265	clip	3
vru2:nofilter:0025	vru_accident:CAP_DATA:VRU_266	clip	3
vru2:nofilter:0025	vru_accident:CAP_DATA:VRU_267	clip	3
vru2:nofilter:0025	vru_accident:CAP_DATA:VRU_268	clip	3
vru2:nofilter:0025	vru_accident:CAP_DATA:VRU_269	clip	3
vru2:nofilter:0025	vru_accident:CAP_DATA:VRU_270	clip	3
vru2:nofilter:0025	vru_accident:CAP_DATA:VRU_271	clip	3
vru2:nofilter:0025	vru_accident:CAP_DATA:VRU_272	clip	3
vru2:nofilter:0025	vru_accident:CAP_DATA:VRU_273	clip	3
vru2:nofilter:0025	vru_accident:CAP_DATA:VRU_274	clip	3
vru2:nofilter:0025	vru_accident:CAP_DATA:VRU_275	clip	3
vru2:nofilter:0025	vru_accident:CAP_DATA:VRU_276	clip	3
vru2:nofilter:0025	vru_accident:DADA_2000:VRU_155	clip	3
vru2:nofilter:0025	vru_accident:DADA_2000:VRU_156	clip	3
vru2:nofilter:0025	vru_accident:DADA_2000:VRU_157	clip	3
vru2:nofilter:0025	vru_accident:DADA_2000:VRU_158	clip	3
vru2:nofilter:0025	vru_accident:DADA_2000:VRU_159	clip	3
vru2:nofilter:0025	vru_accident:DADA_2000:VRU_160	clip	3
vru2:nofilter:0025	vru_accident:DADA_2000:VRU_161	clip	3
vru2:nofilter:0025	vru_accident:DADA_2000:VRU_162	clip	3
vru2:nofilter:0025	vru_accident:DADA_2000:VRU_163	clip	3
vru2:nofilter:0025	vru_accident:DADA_2000:VRU_164	clip	3
vru2:nofilter:0025	vru_accident:DADA_2000:VRU_165	clip	3
vru2:nofilter:0025	vru_accident:DADA_2000:VRU_166	clip	3
vru2:nofilter:0025	vru_accident:DADA_2000:VRU_167	clip	3
vru2:nofilter:0025	vru_accident:DADA_2000:VRU_168	clip	3
vru2:nofilter:0025	vru_accident:DADA_2000:VRU_169	clip	3
vru2:nofilter:0025	vru_accident:DADA_2000:VRU_170	clip	3
vru2:nofilter:0025	vru_accident:DADA_2000:VRU_171	clip	3
vru2:nofilter:0025	vru_accident:DADA_2000:VRU_172	clip	3
vru2:nofilter:0025	vru_accident:DADA_2000:VRU_173	clip	3
vru2:nofilter:0025	vru_accident:DADA_2000:VRU_174	clip	3
vru2:nofilter:0025	vru_accident:DADA_2000:VRU_175	clip	3
vru2:nofilter:0025	vru_accident:DADA_2000:VRU_176	clip	3
vru2:nofilter:0025	vru_accident:DADA_2000:VRU_177	clip	3
vru2:nofilter:0025	vru_accident:DADA_2000:VRU_178	clip	3
vru2:nofilter:0025	vru_accident:DADA_2000:VRU_179	clip	3
vru2:nofilter:0025	vru_accident:DADA_2000:VRU_180	clip	3
vru2:nofilter:0025	vru_accident:DADA_2000:VRU_181	clip	3
vru2:nofilter:0025	vru_accident:DADA_2000:VRU_182	clip	3
vru2:nofilter:0025	vru_accident:DADA_2000:VRU_183	clip	3
vru2:nofilter:0025	vru_accident:DADA_2000:VRU_184	clip	3
vru2:nofilter:0025	vru_accident:DADA_2000:VRU_185	clip	3
vru2:nofilter:0025	vru_accident:DADA_2000:VRU_186	clip	3
vru2:nofilter:0025	vru_accident:DADA_2000:VRU_187	clip	3
vru2:nofilter:0025	vru_accident:DADA_2000:VRU_188	clip	3
vru2:nofilter:0025	vru_accident:DADA_2000:VRU_189	clip	3
vru2:nofilter:0025	vru_accident:DADA_2000:VRU_190	clip	3
vru2:nofilter:0025	vru_accident:DADA_2000:VRU_191	clip	3
vru2:nofilter:0025	vru_accident:DADA_2000:VRU_192	clip	3
vru2:nofilter:0025	vru_accident:DADA_2000:VRU_193	clip	3
vru2:nofilter:0025	vru_accident:DADA_2000:VRU_194	clip	3
vru2:nofilter:0025	vru_accident:DADA_2000:VRU_195	clip	3
vru2:nofilter:0025	vru_accident:DADA_2000:VRU_196	clip	3
vru2:nofilter:0025	vru_accident:DADA_2000:VRU_197	clip	3
vru2:nofilter:0025	vru_accident:DADA_2000:VRU_198	clip	3
vru2:nofilter:0025	vru_accident:DADA_2000:VRU_199	clip	3
vru2:nofilter:0025	vru_accident:MANUAL_DATA:VRU_1	clip	3
vru2:nofilter:0025	vru_accident:MANUAL_DATA:VRU_10	clip	3
vru2:nofilter:0025	vru_accident:MANUAL_DATA:VRU_11	clip	3
vru2:nofilter:0025	vru_accident:MANUAL_DATA:VRU_144	clip	3
vru2:nofilter:0025	vru_accident:MANUAL_DATA:VRU_15	clip	3
vru2:nofilter:0025	vru_accident:MANUAL_DATA:VRU_17	clip	3
vru2:nofilter:0025	vru_accident:MANUAL_DATA:VRU_18	clip	3
vru2:nofilter:0025	vru_accident:MANUAL_DATA:VRU_20	clip	3
vru2:nofilter:0025	vru_accident:MANUAL_DATA:VRU_22	clip	3
vru2:nofilter:0025	vru_accident:MANUAL_DATA:VRU_23	clip	3
vru2:nofilter:0025	vru_accident:MANUAL_DATA:VRU_24	clip	3
vru2:nofilter:0025	vru_accident:MANUAL_DATA:VRU_25	clip	3
vru2:nofilter:0025	vru_accident:MANUAL_DATA:VRU_30	clip	3
vru2:nofilter:0025	vru_accident:MANUAL_DATA:VRU_320	clip	3
vru2:nofilter:0025	vru_accident:MANUAL_DATA:VRU_328	clip	3
vru2:nofilter:0025	vru_accident:MANUAL_DATA:VRU_33	clip	3
vru2:nofilter:0025	vru_accident:MANUAL_DATA:VRU_35	clip	3
vru2:nofilter:0025	vru_accident:MANUAL_DATA:VRU_37	clip	3
vru2:nofilter:0025	vru_accident:MANUAL_DATA:VRU_38	clip	3
vru2:nofilter:0025	vru_accident:MANUAL_DATA:VRU_4	clip	3
vru2:nofilter:0025	vru_accident:MANUAL_DATA:VRU_42	clip	3
vru2:nofilter:0025	vru_accident:MANUAL_DATA:VRU_43	clip	3
vru2:nofilter:0025	vru_accident:MANUAL_DATA:VRU_44	clip	3
vru2:nofilter:0025	vru_accident:MANUAL_DATA:VRU_65	clip	3
vru2:nofilter:0025	vru_accident:MANUAL_DATA:VRU_68	clip	3
vru2:nofilter:0025	vru_accident:MANUAL_DATA:VRU_69	clip	3
vru2:nofilter:0025	vru_accident:MANUAL_DATA:VRU_70	clip	3
vru2:nofilter:0025	vru_accident:MANUAL_DATA:VRU_72	clip	3
vru2:nofilter:0025	vru_accident:MANUAL_DATA:VRU_73	clip	3
vru2:nofilter:0025	vru_accident:MANUAL_DATA:VRU_75	clip	3
vru2:nofilter:0025	vru_accident:MANUAL_DATA:VRU_8	clip	3
vru2:weather_light:0026	vru_accident:CAP_DATA:VRU_235	clip	3
vru2:weather_light:0026	vru_accident:CAP_DATA:VRU_236	clip	3
vru2:weather_light:0026	vru_accident:CAP_DATA:VRU_237	clip	3
vru2:weather_light:0026	vru_accident:CAP_DATA:VRU_238	clip	3
vru2:weather_light:0026	vru_accident:CAP_DATA:VRU_240	clip	3
vru2:weather_light:0026	vru_accident:CAP_DATA:VRU_241	clip	3
vru2:weather_light:0026	vru_accident:CAP_DATA:VRU_242	clip	3
vru2:weather_light:0026	vru_accident:CAP_DATA:VRU_245	clip	3
vru2:weather_light:0026	vru_accident:CAP_DATA:VRU_246	clip	3
vru2:weather_light:0026	vru_accident:CAP_DATA:VRU_247	clip	3
vru2:weather_light:0026	vru_accident:CAP_DATA:VRU_248	clip	3
vru2:weather_light:0026	vru_accident:CAP_DATA:VRU_249	clip	3
vru2:weather_light:0026	vru_accident:CAP_DATA:VRU_250	clip	3
vru2:weather_light:0026	vru_accident:CAP_DATA:VRU_251	clip	3
vru2:weather_light:0026	vru_accident:CAP_DATA:VRU_252	clip	3
vru2:weather_light:0026	vru_accident:CAP_DATA:VRU_253	clip	3
vru2:weather_light:0026	vru_accident:CAP_DATA:VRU_254	clip	3
vru2:weather_light:0026	vru_accident:CAP_DATA:VRU_255	clip	3
vru2:weather_light:0026	vru_accident:CAP_DATA:VRU_256	clip	3
vru2:weather_light:0026	vru_accident:CAP_DATA:VRU_257	clip	3
vru2:weather_light:0026	vru_accident:CAP_DATA:VRU_259	clip	3
vru2:weather_light:0026	vru_accident:CAP_DATA:VRU_260	clip	3
vru2:weather_light:0026	vru_accident:CAP_DATA:VRU_261	clip	3
vru2:weather_light:0026	vru_accident:CAP_DATA:VRU_262	clip	3
vru2:weather_light:0026	vru_accident:CAP_DATA:VRU_263	clip	3
vru2:weather_light:0026	vru_accident:CAP_DATA:VRU_265	clip	3
vru2:weather_light:0026	vru_accident:CAP_DATA:VRU_266	clip	3
vru2:weather_light:0026	vru_accident:CAP_DATA:VRU_267	clip	3
vru2:weather_light:0026	vru_accident:CAP_DATA:VRU_268	clip	3
vru2:weather_light:0026	vru_accident:CAP_DATA:VRU_269	clip	3
vru2:weather_light:0026	vru_accident:CAP_DATA:VRU_270	clip	3
vru2:weather_light:0026	vru_accident:CAP_DATA:VRU_271	clip	3
vru2:weather_light:0026	vru_accident:CAP_DATA:VRU_272	clip	3
vru2:weather_light:0026	vru_accident:CAP_DATA:VRU_274	clip	3
vru2:weather_light:0026	vru_accident:CAP_DATA:VRU_275	clip	3
vru2:weather_light:0026	vru_accident:DADA_2000:VRU_156	clip	3
vru2:weather_light:0026	vru_accident:DADA_2000:VRU_157	clip	3
vru2:weather_light:0026	vru_accident:DADA_2000:VRU_158	clip	3
vru2:weather_light:0026	vru_accident:DADA_2000:VRU_159	clip	3
vru2:weather_light:0026	vru_accident:DADA_2000:VRU_160	clip	3
vru2:weather_light:0026	vru_accident:DADA_2000:VRU_161	clip	3
vru2:weather_light:0026	vru_accident:DADA_2000:VRU_162	clip	3
vru2:weather_light:0026	vru_accident:DADA_2000:VRU_163	clip	3
vru2:weather_light:0026	vru_accident:DADA_2000:VRU_164	clip	3
vru2:weather_light:0026	vru_accident:DADA_2000:VRU_165	clip	3
vru2:weather_light:0026	vru_accident:DADA_2000:VRU_166	clip	3
vru2:weather_light:0026	vru_accident:DADA_2000:VRU_167	clip	3
vru2:weather_light:0026	vru_accident:DADA_2000:VRU_168	clip	3
vru2:weather_light:0026	vru_accident:DADA_2000:VRU_169	clip	3
vru2:weather_light:0026	vru_accident:DADA_2000:VRU_170	clip	3
vru2:weather_light:0026	vru_accident:DADA_2000:VRU_171	clip	3
vru2:weather_light:0026	vru_accident:DADA_2000:VRU_172	clip	3
vru2:weather_light:0026	vru_accident:DADA_2000:VRU_173	clip	3
vru2:weather_light:0026	vru_accident:DADA_2000:VRU_174	clip	3
vru2:weather_light:0026	vru_accident:DADA_2000:VRU_175	clip	3
vru2:weather_light:0026	vru_accident:DADA_2000:VRU_176	clip	3
vru2:weather_light:0026	vru_accident:DADA_2000:VRU_177	clip	3
vru2:weather_light:0026	vru_accident:DADA_2000:VRU_178	clip	3
vru2:weather_light:0026	vru_accident:DADA_2000:VRU_179	clip	3
vru2:weather_light:0026	vru_accident:DADA_2000:VRU_180	clip	3
vru2:weather_light:0026	vru_accident:DADA_2000:VRU_181	clip	3
vru2:weather_light:0026	vru_accident:DADA_2000:VRU_182	clip	3
vru2:weather_light:0026	vru_accident:DADA_2000:VRU_183	clip	3
vru2:weather_light:0026	vru_accident:DADA_2000:VRU_184	clip	3
vru2:weather_light:0026	vru_accident:DADA_2000:VRU_186	clip	3
vru2:weather_light:0026	vru_accident:DADA_2000:VRU_188	clip	3
vru2:weather_light:0026	vru_accident:DADA_2000:VRU_189	clip	3
vru2:weather_light:0026	vru_accident:DADA_2000:VRU_191	clip	3
vru2:weather_light:0026	vru_accident:DADA_2000:VRU_192	clip	3
vru2:weather_light:0026	vru_accident:DADA_2000:VRU_193	clip	3
vru2:weather_light:0026	vru_accident:DADA_2000:VRU_195	clip	3
vru2:weather_light:0026	vru_accident:DADA_2000:VRU_198	clip	3
vru2:weather_light:0026	vru_accident:DADA_2000:VRU_199	clip	3
vru2:weather_light:0026	vru_accident:MANUAL_DATA:VRU_10	clip	3
vru2:weather_light:0026	vru_accident:MANUAL_DATA:VRU_11	clip	3
vru2:weather_light:0026	vru_accident:MANUAL_DATA:VRU_144	clip	3
vru2:weather_light:0026	vru_accident:MANUAL_DATA:VRU_15	clip	3
vru2:weather_light:0026	vru_accident:MANUAL_DATA:VRU_18	clip	3
vru2:weather_light:0026	vru_accident:MANUAL_DATA:VRU_20	clip	3
vru2:weather_light:0026	vru_accident:MANUAL_DATA:VRU_22	clip	3
vru2:weather_light:0026	vru_accident:MANUAL_DATA:VRU_23	clip	3
vru2:weather_light:0026	vru_accident:MANUAL_DATA:VRU_24	clip	3
vru2:weather_light:0026	vru_accident:MANUAL_DATA:VRU_25	clip	3
vru2:weather_light:0026	vru_accident:MANUAL_DATA:VRU_30	clip	3
vru2:weather_light:0026	vru_accident:MANUAL_DATA:VRU_328	clip	3
vru2:weather_light:0026	vru_accident:MANUAL_DATA:VRU_33	clip	3
vru2:weather_light:0026	vru_accident:MANUAL_DATA:VRU_35	clip	3
vru2:weather_light:0026	vru_accident:MANUAL_DATA:VRU_37	clip	3
vru2:weather_light:0026	vru_accident:MANUAL_DATA:VRU_38	clip	3
vru2:weather_light:0026	vru_accident:MANUAL_DATA:VRU_4	clip	3
vru2:weather_light:0026	vru_accident:MANUAL_DATA:VRU_42	clip	3
vru2:weather_light:0026	vru_accident:MANUAL_DATA:VRU_43	clip	3
vru2:weather_light:0026	vru_accident:MANUAL_DATA:VRU_65	clip	3
vru2:weather_light:0026	vru_accident:MANUAL_DATA:VRU_68	clip	3
vru2:weather_light:0026	vru_accident:MANUAL_DATA:VRU_69	clip	3
vru2:weather_light:0026	vru_accident:MANUAL_DATA:VRU_70	clip	3
vru2:weather_light:0026	vru_accident:MANUAL_DATA:VRU_72	clip	3
vru2:weather_light:0026	vru_accident:MANUAL_DATA:VRU_73	clip	3
vru2:weather_light:0026	vru_accident:MANUAL_DATA:VRU_75	clip	3
vru2:weather_light:0026	vru_accident:MANUAL_DATA:VRU_8	clip	3
vru2:weather_light:0027	vru_accident:CAP_DATA:VRU_239	clip	3
vru2:weather_light:0027	vru_accident:CAP_DATA:VRU_243	clip	3
vru2:weather_light:0027	vru_accident:CAP_DATA:VRU_244	clip	3
vru2:weather_light:0027	vru_accident:CAP_DATA:VRU_258	clip	3
vru2:weather_light:0027	vru_accident:CAP_DATA:VRU_264	clip	3
vru2:weather_light:0027	vru_accident:DADA_2000:VRU_155	clip	3
vru2:weather_light:0027	vru_accident:MANUAL_DATA:VRU_1	clip	3
vru2:weather_light:0027	vru_accident:MANUAL_DATA:VRU_17	clip	3
vru2:weather_light:0027	vru_accident:MANUAL_DATA:VRU_320	clip	3
vru2:weather_light:0027	vru_accident:MANUAL_DATA:VRU_44	clip	3
vru2:weather_light:0028	vru_accident:CAP_DATA:VRU_273	clip	3
vru2:weather_light:0028	vru_accident:DADA_2000:VRU_185	clip	3
vru2:weather_light:0028	vru_accident:DADA_2000:VRU_187	clip	3
vru2:weather_light:0028	vru_accident:DADA_2000:VRU_190	clip	3
vru2:weather_light:0028	vru_accident:DADA_2000:VRU_196	clip	3
vru2:weather_light:0028	vru_accident:DADA_2000:VRU_197	clip	3
vru2:road_type:0029	vru_accident:CAP_DATA:VRU_235	clip	3
vru2:road_type:0029	vru_accident:CAP_DATA:VRU_240	clip	3
vru2:road_type:0029	vru_accident:CAP_DATA:VRU_243	clip	3
vru2:road_type:0029	vru_accident:CAP_DATA:VRU_245	clip	3
vru2:road_type:0029	vru_accident:CAP_DATA:VRU_246	clip	3
vru2:road_type:0029	vru_accident:CAP_DATA:VRU_250	clip	3
vru2:road_type:0029	vru_accident:CAP_DATA:VRU_253	clip	3
vru2:road_type:0029	vru_accident:CAP_DATA:VRU_254	clip	3
vru2:road_type:0029	vru_accident:CAP_DATA:VRU_255	clip	3
vru2:road_type:0029	vru_accident:CAP_DATA:VRU_256	clip	3
vru2:road_type:0029	vru_accident:CAP_DATA:VRU_257	clip	3
vru2:road_type:0029	vru_accident:CAP_DATA:VRU_258	clip	3
vru2:road_type:0029	vru_accident:CAP_DATA:VRU_263	clip	3
vru2:road_type:0029	vru_accident:CAP_DATA:VRU_265	clip	3
vru2:road_type:0029	vru_accident:CAP_DATA:VRU_266	clip	3
vru2:road_type:0029	vru_accident:CAP_DATA:VRU_267	clip	3
vru2:road_type:0029	vru_accident:CAP_DATA:VRU_268	clip	3
vru2:road_type:0029	vru_accident:CAP_DATA:VRU_270	clip	3
vru2:road_type:0029	vru_accident:CAP_DATA:VRU_274	clip	3
vru2:road_type:0029	vru_accident:DADA_2000:VRU_155	clip	3
vru2:road_type:0029	vru_accident:DADA_2000:VRU_156	clip	3
vru2:road_type:0029	vru_accident:DADA_2000:VRU_157	clip	3
vru2:road_type:0029	vru_accident:DADA_2000:VRU_158	clip	3
vru2:road_type:0029	vru_accident:DADA_2000:VRU_159	clip	3
vru2:road_type:0029	vru_accident:DADA_2000:VRU_160	clip	3
vru2:road_type:0029	vru_accident:DADA_2000:VRU_162	clip	3
vru2:road_type:0029	vru_accident:DADA_2000:VRU_163	clip	3
vru2:road_type:0029	vru_accident:DADA_2000:VRU_165	clip	3
vru2:road_type:0029	vru_accident:DADA_2000:VRU_166	clip	3
vru2:road_type:0029	vru_accident:DADA_2000:VRU_168	clip	3
vru2:road_type:0029	vru_accident:DADA_2000:VRU_171	clip	3
vru2:road_type:0029	vru_accident:DADA_2000:VRU_172	clip	3
vru2:road_type:0029	vru_accident:DADA_2000:VRU_174	clip	3
vru2:road_type:0029	vru_accident:DADA_2000:VRU_177	clip	3
vru2:road_type:0029	vru_accident:DADA_2000:VRU_178	clip	3
vru2:road_type:0029	vru_accident:DADA_2000:VRU_179	clip	3
vru2:road_type:0029	vru_accident:DADA_2000:VRU_180	clip	3
vru2:road_type:0029	vru_accident:DADA_2000:VRU_181	clip	3
vru2:road_type:0029	vru_accident:DADA_2000:VRU_182	clip	3
vru2:road_type:0029	vru_accident:DADA_2000:VRU_185	clip	3
vru2:road_type:0029	vru_accident:DADA_2000:VRU_187	clip	3
vru2:road_type:0029	vru_accident:DADA_2000:VRU_189	clip	3
vru2:road_type:0029	vru_accident:DADA_2000:VRU_190	clip	3
vru2:road_type:0029	vru_accident:DADA_2000:VRU_191	clip	3
vru2:road_type:0029	vru_accident:DADA_2000:VRU_193	clip	3
vru2:road_type:0029	vru_accident:DADA_2000:VRU_194	clip	3
vru2:road_type:0029	vru_accident:DADA_2000:VRU_195	clip	3
vru2:road_type:0029	vru_accident:DADA_2000:VRU_196	clip	3
vru2:road_type:0029	vru_accident:DADA_2000:VRU_198	clip	3
vru2:road_type:0029	vru_accident:DADA_2000:VRU_199	clip	3
vru2:road_type:0029	vru_accident:MANUAL_DATA:VRU_10	clip	3
vru2:road_type:0029	vru_accident:MANUAL_DATA:VRU_11	clip	3
vru2:road_type:0029	vru_accident:MANUAL_DATA:VRU_17	clip	3
vru2:road_type:0029	vru_accident:MANUAL_DATA:VRU_18	clip	3
vru2:road_type:0029	vru_accident:MANUAL_DATA:VRU_24	clip	3
vru2:road_type:0029	vru_accident:MANUAL_DATA:VRU_25	clip	3
vru2:road_type:0029	vru_accident:MANUAL_DATA:VRU_320	clip	3
vru2:road_type:0029	vru_accident:MANUAL_DATA:VRU_37	clip	3
vru2:road_type:0029	vru_accident:MANUAL_DATA:VRU_43	clip	3
vru2:road_type:0029	vru_accident:MANUAL_DATA:VRU_72	clip	3
vru2:road_type:0029	vru_accident:MANUAL_DATA:VRU_8	clip	3
vru2:road_type:0030	vru_accident:CAP_DATA:VRU_239	clip	3
vru2:road_type:0030	vru_accident:CAP_DATA:VRU_241	clip	3
vru2:road_type:0030	vru_accident:CAP_DATA:VRU_242	clip	3
vru2:road_type:0030	vru_accident:CAP_DATA:VRU_247	clip	3
vru2:road_type:0030	vru_accident:CAP_DATA:VRU_248	clip	3
vru2:road_type:0030	vru_accident:CAP_DATA:VRU_249	clip	3
vru2:road_type:0030	vru_accident:CAP_DATA:VRU_251	clip	3
vru2:road_type:0030	vru_accident:CAP_DATA:VRU_252	clip	3
vru2:road_type:0030	vru_accident:CAP_DATA:VRU_259	clip	3
vru2:road_type:0030	vru_accident:CAP_DATA:VRU_260	clip	3
vru2:road_type:0030	vru_accident:CAP_DATA:VRU_261	clip	3
vru2:road_type:0030	vru_accident:CAP_DATA:VRU_262	clip	3
vru2:road_type:0030	vru_accident:CAP_DATA:VRU_264	clip	3
vru2:road_type:0030	vru_accident:CAP_DATA:VRU_269	clip	3
vru2:road_type:0030	vru_accident:CAP_DATA:VRU_276	clip	3
vru2:road_type:0030	vru_accident:DADA_2000:VRU_167	clip	3
vru2:road_type:0030	vru_accident:DADA_2000:VRU_170	clip	3
vru2:road_type:0030	vru_accident:DADA_2000:VRU_173	clip	3
vru2:road_type:0030	vru_accident:DADA_2000:VRU_175	clip	3
vru2:road_type:0030	vru_accident:DADA_2000:VRU_184	clip	3
vru2:road_type:0030	vru_accident:DADA_2000:VRU_186	clip	3
vru2:road_type:0030	vru_accident:DADA_2000:VRU_188	clip	3
vru2:road_type:0030	vru_accident:DADA_2000:VRU_192	clip	3
vru2:road_type:0030	vru_accident:DADA_2000:VRU_197	clip	3
vru2:road_type:0030	vru_accident:MANUAL_DATA:VRU_1	clip	3
vru2:road_type:0030	vru_accident:MANUAL_DATA:VRU_22	clip	3
vru2:road_type:0030	vru_accident:MANUAL_DATA:VRU_23	clip	3
vru2:road_type:0030	vru_accident:MANUAL_DATA:VRU_30	clip	3
vru2:road_type:0030	vru_accident:MANUAL_DATA:VRU_35	clip	3
vru2:road_type:0030	vru_accident:MANUAL_DATA:VRU_38	clip	3
vru2:road_type:0030	vru_accident:MANUAL_DATA:VRU_4	clip	3
vru2:road_type:0030	vru_accident:MANUAL_DATA:VRU_42	clip	3
vru2:road_type:0030	vru_accident:MANUAL_DATA:VRU_44	clip	3
vru2:road_type:0030	vru_accident:MANUAL_DATA:VRU_65	clip	3
vru2:road_type:0030	vru_accident:MANUAL_DATA:VRU_73	clip	3
vru2:road_type:0031	vru_accident:CAP_DATA:VRU_236	clip	3
vru2:road_type:0031	vru_accident:CAP_DATA:VRU_237	clip	3
vru2:road_type:0031	vru_accident:CAP_DATA:VRU_238	clip	3
vru2:road_type:0031	vru_accident:CAP_DATA:VRU_244	clip	3
vru2:road_type:0031	vru_accident:CAP_DATA:VRU_271	clip	3
vru2:road_type:0031	vru_accident:CAP_DATA:VRU_272	clip	3
vru2:road_type:0031	vru_accident:CAP_DATA:VRU_273	clip	3
vru2:road_type:0031	vru_accident:DADA_2000:VRU_161	clip	3
vru2:road_type:0031	vru_accident:DADA_2000:VRU_164	clip	3
vru2:road_type:0031	vru_accident:DADA_2000:VRU_169	clip	3
vru2:road_type:0031	vru_accident:DADA_2000:VRU_176	clip	3
vru2:road_type:0031	vru_accident:DADA_2000:VRU_183	clip	3
vru2:road_type:0031	vru_accident:MANUAL_DATA:VRU_144	clip	3
vru2:road_type:0031	vru_accident:MANUAL_DATA:VRU_15	clip	3
vru2:road_type:0031	vru_accident:MANUAL_DATA:VRU_20	clip	3
vru2:road_type:0031	vru_accident:MANUAL_DATA:VRU_328	clip	3
vru2:road_type:0031	vru_accident:MANUAL_DATA:VRU_33	clip	3
vru2:road_type:0031	vru_accident:MANUAL_DATA:VRU_68	clip	3
vru2:road_type:0031	vru_accident:MANUAL_DATA:VRU_69	clip	3
vru2:road_type:0031	vru_accident:MANUAL_DATA:VRU_70	clip	3
vru2:road_type:0031	vru_accident:MANUAL_DATA:VRU_75	clip	3
vru2:location:0032	vru_accident:CAP_DATA:VRU_235	clip	3
vru2:location:0032	vru_accident:CAP_DATA:VRU_236	clip	3
vru2:location:0032	vru_accident:CAP_DATA:VRU_237	clip	3
vru2:location:0032	vru_accident:CAP_DATA:VRU_238	clip	3
vru2:location:0032	vru_accident:CAP_DATA:VRU_240	clip	3
vru2:location:0032	vru_accident:CAP_DATA:VRU_241	clip	3
vru2:location:0032	vru_accident:CAP_DATA:VRU_242	clip	3
vru2:location:0032	vru_accident:CAP_DATA:VRU_243	clip	3
vru2:location:0032	vru_accident:CAP_DATA:VRU_244	clip	3
vru2:location:0032	vru_accident:CAP_DATA:VRU_245	clip	3
vru2:location:0032	vru_accident:CAP_DATA:VRU_247	clip	3
vru2:location:0032	vru_accident:CAP_DATA:VRU_248	clip	3
vru2:location:0032	vru_accident:CAP_DATA:VRU_249	clip	3
vru2:location:0032	vru_accident:CAP_DATA:VRU_250	clip	3
vru2:location:0032	vru_accident:CAP_DATA:VRU_251	clip	3
vru2:location:0032	vru_accident:CAP_DATA:VRU_252	clip	3
vru2:location:0032	vru_accident:CAP_DATA:VRU_253	clip	3
vru2:location:0032	vru_accident:CAP_DATA:VRU_254	clip	3
vru2:location:0032	vru_accident:CAP_DATA:VRU_255	clip	3
vru2:location:0032	vru_accident:CAP_DATA:VRU_256	clip	3
vru2:location:0032	vru_accident:CAP_DATA:VRU_257	clip	3
vru2:location:0032	vru_accident:CAP_DATA:VRU_258	clip	3
vru2:location:0032	vru_accident:CAP_DATA:VRU_259	clip	3
vru2:location:0032	vru_accident:CAP_DATA:VRU_260	clip	3
vru2:location:0032	vru_accident:CAP_DATA:VRU_261	clip	3
vru2:location:0032	vru_accident:CAP_DATA:VRU_262	clip	3
vru2:location:0032	vru_accident:CAP_DATA:VRU_263	clip	3
vru2:location:0032	vru_accident:CAP_DATA:VRU_264	clip	3
vru2:location:0032	vru_accident:CAP_DATA:VRU_265	clip	3
vru2:location:0032	vru_accident:CAP_DATA:VRU_266	clip	3
vru2:location:0032	vru_accident:CAP_DATA:VRU_267	clip	3
vru2:location:0032	vru_accident:CAP_DATA:VRU_268	clip	3
vru2:location:0032	vru_accident:CAP_DATA:VRU_269	clip	3
vru2:location:0032	vru_accident:CAP_DATA:VRU_270	clip	3
vru2:location:0032	vru_accident:CAP_DATA:VRU_271	clip	3
vru2:location:0032	vru_accident:CAP_DATA:VRU_272	clip	3
vru2:location:0032	vru_accident:CAP_DATA:VRU_273	clip	3
vru2:location:0032	vru_accident:CAP_DATA:VRU_274	clip	3
vru2:location:0032	vru_accident:CAP_DATA:VRU_276	clip	3
vru2:location:0032	vru_accident:DADA_2000:VRU_155	clip	3
vru2:location:0032	vru_accident:DADA_2000:VRU_156	clip	3
vru2:location:0032	vru_accident:DADA_2000:VRU_157	clip	3
vru2:location:0032	vru_accident:DADA_2000:VRU_158	clip	3
vru2:location:0032	vru_accident:DADA_2000:VRU_159	clip	3
vru2:location:0032	vru_accident:DADA_2000:VRU_160	clip	3
vru2:location:0032	vru_accident:DADA_2000:VRU_161	clip	3
vru2:location:0032	vru_accident:DADA_2000:VRU_162	clip	3
vru2:location:0032	vru_accident:DADA_2000:VRU_163	clip	3
vru2:location:0032	vru_accident:DADA_2000:VRU_164	clip	3
vru2:location:0032	vru_accident:DADA_2000:VRU_165	clip	3
vru2:location:0032	vru_accident:DADA_2000:VRU_166	clip	3
vru2:location:0032	vru_accident:DADA_2000:VRU_167	clip	3
vru2:location:0032	vru_accident:DADA_2000:VRU_168	clip	3
vru2:location:0032	vru_accident:DADA_2000:VRU_169	clip	3
vru2:location:0032	vru_accident:DADA_2000:VRU_170	clip	3
vru2:location:0032	vru_accident:DADA_2000:VRU_171	clip	3
vru2:location:0032	vru_accident:DADA_2000:VRU_172	clip	3
vru2:location:0032	vru_accident:DADA_2000:VRU_173	clip	3
vru2:location:0032	vru_accident:DADA_2000:VRU_174	clip	3
vru2:location:0032	vru_accident:DADA_2000:VRU_176	clip	3
vru2:location:0032	vru_accident:DADA_2000:VRU_178	clip	3
vru2:location:0032	vru_accident:DADA_2000:VRU_179	clip	3
vru2:location:0032	vru_accident:DADA_2000:VRU_180	clip	3
vru2:location:0032	vru_accident:DADA_2000:VRU_181	clip	3
vru2:location:0032	vru_accident:DADA_2000:VRU_182	clip	3
vru2:location:0032	vru_accident:DADA_2000:VRU_183	clip	3
vru2:location:0032	vru_accident:DADA_2000:VRU_184	clip	3
vru2:location:0032	vru_accident:DADA_2000:VRU_185	clip	3
vru2:location:0032	vru_accident:DADA_2000:VRU_186	clip	3
vru2:location:0032	vru_accident:DADA_2000:VRU_187	clip	3
vru2:location:0032	vru_accident:DADA_2000:VRU_188	clip	3
vru2:location:0032	vru_accident:DADA_2000:VRU_189	clip	3
vru2:location:0032	vru_accident:DADA_2000:VRU_190	clip	3
vru2:location:0032	vru_accident:DADA_2000:VRU_191	clip	3
vru2:location:0032	vru_accident:DADA_2000:VRU_192	clip	3
vru2:location:0032	vru_accident:DADA_2000:VRU_193	clip	3
vru2:location:0032	vru_accident:DADA_2000:VRU_194	clip	3
vru2:location:0032	vru_accident:DADA_2000:VRU_195	clip	3
vru2:location:0032	vru_accident:DADA_2000:VRU_196	clip	3
vru2:location:0032	vru_accident:DADA_2000:VRU_197	clip	3
vru2:location:0032	vru_accident:DADA_2000:VRU_198	clip	3
vru2:location:0032	vru_accident:DADA_2000:VRU_199	clip	3
vru2:location:0032	vru_accident:MANUAL_DATA:VRU_10	clip	3
vru2:location:0032	vru_accident:MANUAL_DATA:VRU_11	clip	3
vru2:location:0032	vru_accident:MANUAL_DATA:VRU_144	clip	3
vru2:location:0032	vru_accident:MANUAL_DATA:VRU_17	clip	3
vru2:location:0032	vru_accident:MANUAL_DATA:VRU_18	clip	3
vru2:location:0032	vru_accident:MANUAL_DATA:VRU_20	clip	3
vru2:location:0032	vru_accident:MANUAL_DATA:VRU_23	clip	3
vru2:location:0032	vru_accident:MANUAL_DATA:VRU_24	clip	3
vru2:location:0032	vru_accident:MANUAL_DATA:VRU_25	clip	3
vru2:location:0032	vru_accident:MANUAL_DATA:VRU_320	clip	3
vru2:location:0032	vru_accident:MANUAL_DATA:VRU_33	clip	3
vru2:location:0032	vru_accident:MANUAL_DATA:VRU_37	clip	3
vru2:location:0032	vru_accident:MANUAL_DATA:VRU_38	clip	3
vru2:location:0032	vru_accident:MANUAL_DATA:VRU_4	clip	3
vru2:location:0032	vru_accident:MANUAL_DATA:VRU_42	clip	3
vru2:location:0032	vru_accident:MANUAL_DATA:VRU_43	clip	3
vru2:location:0032	vru_accident:MANUAL_DATA:VRU_44	clip	3
vru2:location:0032	vru_accident:MANUAL_DATA:VRU_65	clip	3
vru2:location:0032	vru_accident:MANUAL_DATA:VRU_68	clip	3
vru2:location:0032	vru_accident:MANUAL_DATA:VRU_69	clip	3
vru2:location:0032	vru_accident:MANUAL_DATA:VRU_70	clip	3
vru2:location:0032	vru_accident:MANUAL_DATA:VRU_72	clip	3
vru2:location:0032	vru_accident:MANUAL_DATA:VRU_73	clip	3
vru2:location:0032	vru_accident:MANUAL_DATA:VRU_75	clip	3
vru2:location:0032	vru_accident:MANUAL_DATA:VRU_8	clip	3
vru2:location:0033	vru_accident:CAP_DATA:VRU_239	clip	3
vru2:location:0033	vru_accident:CAP_DATA:VRU_246	clip	3
vru2:location:0033	vru_accident:CAP_DATA:VRU_275	clip	3
vru2:location:0033	vru_accident:DADA_2000:VRU_175	clip	3
vru2:location:0033	vru_accident:DADA_2000:VRU_177	clip	3
vru2:location:0033	vru_accident:MANUAL_DATA:VRU_1	clip	3
vru2:location:0033	vru_accident:MANUAL_DATA:VRU_15	clip	3
vru2:location:0033	vru_accident:MANUAL_DATA:VRU_22	clip	3
vru2:location:0033	vru_accident:MANUAL_DATA:VRU_30	clip	3
vru2:location:0033	vru_accident:MANUAL_DATA:VRU_328	clip	3
vru2:location:0033	vru_accident:MANUAL_DATA:VRU_35	clip	3
vru2:nofilter:0034	vru_accident:CAP_DATA:VRU_63	clip	3
vru2:nofilter:0034	vru_accident:CAP_DATA:VRU_64	clip	3
vru2:nofilter:0034	vru_accident:CAP_DATA:VRU_65	clip	3
vru2:nofilter:0034	vru_accident:CAP_DATA:VRU_66	clip	3
vru2:nofilter:0034	vru_accident:CAP_DATA:VRU_67	clip	3
vru2:nofilter:0034	vru_accident:CAP_DATA:VRU_68	clip	3
vru2:nofilter:0034	vru_accident:CAP_DATA:VRU_69	clip	3
vru2:nofilter:0034	vru_accident:CAP_DATA:VRU_70	clip	3
vru2:nofilter:0034	vru_accident:CAP_DATA:VRU_71	clip	3
vru2:nofilter:0034	vru_accident:CAP_DATA:VRU_72	clip	3
vru2:nofilter:0034	vru_accident:CAP_DATA:VRU_73	clip	3
vru2:nofilter:0034	vru_accident:CAP_DATA:VRU_74	clip	3
vru2:nofilter:0034	vru_accident:CAP_DATA:VRU_75	clip	3
vru2:nofilter:0034	vru_accident:CAP_DATA:VRU_76	clip	3
vru2:nofilter:0034	vru_accident:CAP_DATA:VRU_77	clip	3
vru2:nofilter:0034	vru_accident:CAP_DATA:VRU_78	clip	3
vru2:nofilter:0034	vru_accident:CAP_DATA:VRU_79	clip	3
vru2:nofilter:0034	vru_accident:CAP_DATA:VRU_80	clip	3
vru2:nofilter:0034	vru_accident:CAP_DATA:VRU_81	clip	3
vru2:nofilter:0034	vru_accident:CAP_DATA:VRU_82	clip	3
vru2:nofilter:0034	vru_accident:CAP_DATA:VRU_83	clip	3
vru2:nofilter:0034	vru_accident:CAP_DATA:VRU_84	clip	3
vru2:nofilter:0034	vru_accident:CAP_DATA:VRU_85	clip	3
vru2:nofilter:0034	vru_accident:CAP_DATA:VRU_86	clip	3
vru2:nofilter:0034	vru_accident:CAP_DATA:VRU_87	clip	3
vru2:nofilter:0034	vru_accident:CAP_DATA:VRU_88	clip	3
vru2:nofilter:0034	vru_accident:CAP_DATA:VRU_89	clip	3
vru2:nofilter:0034	vru_accident:CAP_DATA:VRU_90	clip	3
vru2:nofilter:0034	vru_accident:CAP_DATA:VRU_91	clip	3
vru2:nofilter:0034	vru_accident:DADA_2000:VRU_60	clip	3
vru2:nofilter:0034	vru_accident:DADA_2000:VRU_61	clip	3
vru2:nofilter:0034	vru_accident:DADA_2000:VRU_62	clip	3
vru2:nofilter:0034	vru_accident:DADA_2000:VRU_63	clip	3
vru2:nofilter:0034	vru_accident:DADA_2000:VRU_64	clip	3
vru2:nofilter:0034	vru_accident:DADA_2000:VRU_65	clip	3
vru2:nofilter:0034	vru_accident:DADA_2000:VRU_66	clip	3
vru2:nofilter:0034	vru_accident:DADA_2000:VRU_67	clip	3
vru2:nofilter:0034	vru_accident:DADA_2000:VRU_68	clip	3
vru2:nofilter:0034	vru_accident:DADA_2000:VRU_69	clip	3
vru2:nofilter:0034	vru_accident:DADA_2000:VRU_70	clip	3
vru2:nofilter:0034	vru_accident:DADA_2000:VRU_71	clip	3
vru2:nofilter:0034	vru_accident:DADA_2000:VRU_72	clip	3
vru2:nofilter:0034	vru_accident:DADA_2000:VRU_73	clip	3
vru2:nofilter:0034	vru_accident:DADA_2000:VRU_74	clip	3
vru2:nofilter:0034	vru_accident:DADA_2000:VRU_75	clip	3
vru2:nofilter:0034	vru_accident:DADA_2000:VRU_76	clip	3
vru2:nofilter:0034	vru_accident:DADA_2000:VRU_77	clip	3
vru2:nofilter:0034	vru_accident:DADA_2000:VRU_78	clip	3
vru2:nofilter:0034	vru_accident:DADA_2000:VRU_79	clip	3
vru2:nofilter:0034	vru_accident:DADA_2000:VRU_80	clip	3
vru2:nofilter:0034	vru_accident:DADA_2000:VRU_81	clip	3
vru2:nofilter:0034	vru_accident:DADA_2000:VRU_82	clip	3
vru2:nofilter:0034	vru_accident:DADA_2000:VRU_83	clip	3
vru2:nofilter:0034	vru_accident:DADA_2000:VRU_84	clip	3
vru2:nofilter:0034	vru_accident:DADA_2000:VRU_85	clip	3
vru2:nofilter:0034	vru_accident:DADA_2000:VRU_86	clip	3
vru2:nofilter:0034	vru_accident:DADA_2000:VRU_87	clip	3
vru2:nofilter:0034	vru_accident:DADA_2000:VRU_88	clip	3
vru2:nofilter:0034	vru_accident:DADA_2000:VRU_89	clip	3
vru2:nofilter:0034	vru_accident:DoTA:VRU_15	clip	3
vru2:nofilter:0034	vru_accident:DoTA:VRU_58	clip	3
vru2:nofilter:0034	vru_accident:MANUAL_DATA:VRU_12	clip	3
vru2:nofilter:0034	vru_accident:MANUAL_DATA:VRU_16	clip	3
vru2:nofilter:0034	vru_accident:MANUAL_DATA:VRU_19	clip	3
vru2:nofilter:0034	vru_accident:MANUAL_DATA:VRU_2	clip	3
vru2:nofilter:0034	vru_accident:MANUAL_DATA:VRU_21	clip	3
vru2:nofilter:0034	vru_accident:MANUAL_DATA:VRU_26	clip	3
vru2:nofilter:0034	vru_accident:MANUAL_DATA:VRU_27	clip	3
vru2:nofilter:0034	vru_accident:MANUAL_DATA:VRU_31	clip	3
vru2:nofilter:0034	vru_accident:MANUAL_DATA:VRU_32	clip	3
vru2:nofilter:0034	vru_accident:MANUAL_DATA:VRU_329	clip	3
vru2:nofilter:0034	vru_accident:MANUAL_DATA:VRU_36	clip	3
vru2:nofilter:0034	vru_accident:MANUAL_DATA:VRU_40	clip	3
vru2:nofilter:0034	vru_accident:MANUAL_DATA:VRU_5	clip	3
vru2:nofilter:0034	vru_accident:MANUAL_DATA:VRU_6	clip	3
vru2:nofilter:0034	vru_accident:MANUAL_DATA:VRU_66	clip	3
vru2:nofilter:0034	vru_accident:MANUAL_DATA:VRU_7	clip	3
vru2:nofilter:0034	vru_accident:MANUAL_DATA:VRU_9	clip	3
vru2:weather_light:0035	vru_accident:CAP_DATA:VRU_63	clip	3
vru2:weather_light:0035	vru_accident:CAP_DATA:VRU_64	clip	3
vru2:weather_light:0035	vru_accident:CAP_DATA:VRU_65	clip	3
vru2:weather_light:0035	vru_accident:CAP_DATA:VRU_67	clip	3
vru2:weather_light:0035	vru_accident:CAP_DATA:VRU_68	clip	3
vru2:weather_light:0035	vru_accident:CAP_DATA:VRU_69	clip	3
vru2:weather_light:0035	vru_accident:CAP_DATA:VRU_70	clip	3
vru2:weather_light:0035	vru_accident:CAP_DATA:VRU_71	clip	3
vru2:weather_light:0035	vru_accident:CAP_DATA:VRU_72	clip	3
vru2:weather_light:0035	vru_accident:CAP_DATA:VRU_74	clip	3
vru2:weather_light:0035	vru_accident:CAP_DATA:VRU_76	clip	3
vru2:weather_light:0035	vru_accident:CAP_DATA:VRU_79	clip	3
vru2:weather_light:0035	vru_accident:CAP_DATA:VRU_80	clip	3
vru2:weather_light:0035	vru_accident:CAP_DATA:VRU_81	clip	3
vru2:weather_light:0035	vru_accident:CAP_DATA:VRU_82	clip	3
vru2:weather_light:0035	vru_accident:CAP_DATA:VRU_83	clip	3
vru2:weather_light:0035	vru_accident:CAP_DATA:VRU_84	clip	3
vru2:weather_light:0035	vru_accident:CAP_DATA:VRU_85	clip	3
vru2:weather_light:0035	vru_accident:CAP_DATA:VRU_87	clip	3
vru2:weather_light:0035	vru_accident:CAP_DATA:VRU_88	clip	3
vru2:weather_light:0035	vru_accident:CAP_DATA:VRU_90	clip	3
vru2:weather_light:0035	vru_accident:CAP_DATA:VRU_91	clip	3
vru2:weather_light:0035	vru_accident:DADA_2000:VRU_60	clip	3
vru2:weather_light:0035	vru_accident:DADA_2000:VRU_61	clip	3
vru2:weather_light:0035	vru_accident:DADA_2000:VRU_62	clip	3
vru2:weather_light:0035	vru_accident:DADA_2000:VRU_63	clip	3
vru2:weather_light:0035	vru_accident:DADA_2000:VRU_64	clip	3
vru2:weather_light:0035	vru_accident:DADA_2000:VRU_65	clip	3
vru2:weather_light:0035	vru_accident:DADA_2000:VRU_66	clip	3
vru2:weather_light:0035	vru_accident:DADA_2000:VRU_67	clip	3
vru2:weather_light:0035	vru_accident:DADA_2000:VRU_69	clip	3
vru2:weather_light:0035	vru_accident:DADA_2000:VRU_70	clip	3
vru2:weather_light:0035	vru_accident:DADA_2000:VRU_71	clip	3
vru2:weather_light:0035	vru_accident:DADA_2000:VRU_72	clip	3
vru2:weather_light:0035	vru_accident:DADA_2000:VRU_73	clip	3
vru2:weather_light:0035	vru_accident:DADA_2000:VRU_74	clip	3
vru2:weather_light:0035	vru_accident:DADA_2000:VRU_75	clip	3
vru2:weather_light:0035	vru_accident:DADA_2000:VRU_76	clip	3
vru2:weather_light:0035	vru_accident:DADA_2000:VRU_78	clip	3
vru2:weather_light:0035	vru_accident:DADA_2000:VRU_80	clip	3
vru2:weather_light:0035	vru_accident:DADA_2000:VRU_81	clip	3
vru2:weather_light:0035	vru_accident:DADA_2000:VRU_82	clip	3
vru2:weather_light:0035	vru_accident:DADA_2000:VRU_83	clip	3
vru2:weather_light:0035	vru_accident:DADA_2000:VRU_84	clip	3
vru2:weather_light:0035	vru_accident:DADA_2000:VRU_85	clip	3
vru2:weather_light:0035	vru_accident:DADA_2000:VRU_86	clip	3
vru2:weather_light:0035	vru_accident:DADA_2000:VRU_87	clip	3
vru2:weather_light:0035	vru_accident:DADA_2000:VRU_88	clip	3
vru2:weather_light:0035	vru_accident:DADA_2000:VRU_89	clip	3
vru2:weather_light:0035	vru_accident:DoTA:VRU_58	clip	3
vru2:weather_light:0035	vru_accident:MANUAL_DATA:VRU_12	clip	3
vru2:weather_light:0035	vru_accident:MANUAL_DATA:VRU_2	clip	3
vru2:weather_light:0035	vru_accident:MANUAL_DATA:VRU_21	clip	3
vru2:weather_light:0035	vru_accident:MANUAL_DATA:VRU_26	clip	3
vru2:weather_light:0035	vru_accident:MANUAL_DATA:VRU_27	clip	3
vru2:weather_light:0035	vru_accident:MANUAL_DATA:VRU_31	clip	3
vru2:weather_light:0035	vru_accident:MANUAL_DATA:VRU_32	clip	3
vru2:weather_light:0035	vru_accident:MANUAL_DATA:VRU_329	clip	3
vru2:weather_light:0035	vru_accident:MANUAL_DATA:VRU_36	clip	3
vru2:weather_light:0035	vru_accident:MANUAL_DATA:VRU_40	clip	3
vru2:weather_light:0035	vru_accident:MANUAL_DATA:VRU_5	clip	3
vru2:weather_light:0035	vru_accident:MANUAL_DATA:VRU_6	clip	3
vru2:weather_light:0035	vru_accident:MANUAL_DATA:VRU_66	clip	3
vru2:weather_light:0035	vru_accident:MANUAL_DATA:VRU_7	clip	3
vru2:weather_light:0035	vru_accident:MANUAL_DATA:VRU_9	clip	3
vru2:weather_light:0036	vru_accident:CAP_DATA:VRU_73	clip	3
vru2:weather_light:0036	vru_accident:CAP_DATA:VRU_86	clip	3
vru2:weather_light:0036	vru_accident:DADA_2000:VRU_68	clip	3
vru2:weather_light:0036	vru_accident:DADA_2000:VRU_77	clip	3
vru2:weather_light:0036	vru_accident:DADA_2000:VRU_79	clip	3
vru2:weather_light:0036	vru_accident:DoTA:VRU_15	clip	3
vru2:road_type:0037	vru_accident:CAP_DATA:VRU_63	clip	3
vru2:road_type:0037	vru_accident:CAP_DATA:VRU_66	clip	3
vru2:road_type:0037	vru_accident:CAP_DATA:VRU_69	clip	3
vru2:road_type:0037	vru_accident:CAP_DATA:VRU_70	clip	3
vru2:road_type:0037	vru_accident:CAP_DATA:VRU_73	clip	3
vru2:road_type:0037	vru_accident:CAP_DATA:VRU_80	clip	3
vru2:road_type:0037	vru_accident:DADA_2000:VRU_62	clip	3
vru2:road_type:0037	vru_accident:DADA_2000:VRU_63	clip	3
vru2:road_type:0037	vru_accident:DADA_2000:VRU_64	clip	3
vru2:road_type:0037	vru_accident:DADA_2000:VRU_65	clip	3
vru2:road_type:0037	vru_accident:DADA_2000:VRU_66	clip	3
vru2:road_type:0037	vru_accident:DADA_2000:VRU_69	clip	3
vru2:road_type:0037	vru_accident:DADA_2000:VRU_70	clip	3
vru2:road_type:0037	vru_accident:DADA_2000:VRU_72	clip	3
vru2:road_type:0037	vru_accident:DADA_2000:VRU_73	clip	3
vru2:road_type:0037	vru_accident:DADA_2000:VRU_75	clip	3
vru2:road_type:0037	vru_accident:DADA_2000:VRU_76	clip	3
vru2:road_type:0037	vru_accident:DADA_2000:VRU_80	clip	3
vru2:road_type:0037	vru_accident:DADA_2000:VRU_81	clip	3
vru2:road_type:0037	vru_accident:DADA_2000:VRU_82	clip	3
vru2:road_type:0037	vru_accident:DADA_2000:VRU_85	clip	3
vru2:road_type:0037	vru_accident:DADA_2000:VRU_87	clip	3
vru2:road_type:0037	vru_accident:DADA_2000:VRU_88	clip	3
vru2:road_type:0037	vru_accident:DADA_2000:VRU_89	clip	3
vru2:road_type:0037	vru_accident:MANUAL_DATA:VRU_12	clip	3
vru2:road_type:0037	vru_accident:MANUAL_DATA:VRU_27	clip	3
vru2:road_type:0037	vru_accident:MANUAL_DATA:VRU_32	clip	3
vru2:road_type:0037	vru_accident:MANUAL_DATA:VRU_329	clip	3
vru2:road_type:0038	vru_accident:CAP_DATA:VRU_64	clip	3
vru2:road_type:0038	vru_accident:CAP_DATA:VRU_65	clip	3
vru2:road_type:0038	vru_accident:CAP_DATA:VRU_67	clip	3
vru2:road_type:0038	vru_accident:CAP_DATA:VRU_68	clip	3
vru2:road_type:0038	vru_accident:CAP_DATA:VRU_74	clip	3
vru2:road_type:0038	vru_accident:CAP_DATA:VRU_75	clip	3
vru2:road_type:0038	vru_accident:CAP_DATA:VRU_78	clip	3
vru2:road_type:0038	vru_accident:CAP_DATA:VRU_79	clip	3
vru2:road_type:0038	vru_accident:CAP_DATA:VRU_83	clip	3
vru2:road_type:0038	vru_accident:CAP_DATA:VRU_84	clip	3
vru2:road_type:0038	vru_accident:CAP_DATA:VRU_85	clip	3
vru2:road_type:0038	vru_accident:CAP_DATA:VRU_86	clip	3
vru2:road_type:0038	vru_accident:CAP_DATA:VRU_90	clip	3
vru2:road_type:0038	vru_accident:DADA_2000:VRU_60	clip	3
vru2:road_type:0038	vru_accident:DADA_2000:VRU_79	clip	3
vru2:road_type:0038	vru_accident:DADA_2000:VRU_83	clip	3
vru2:road_type:0038	vru_accident:DADA_2000:VRU_84	clip	3
vru2:road_type:0038	vru_accident:DoTA:VRU_15	clip	3
vru2:road_type:0038	vru_accident:DoTA:VRU_58	clip	3
vru2:road_type:0038	vru_accident:MANUAL_DATA:VRU_16	clip	3
vru2:road_type:0038	vru_accident:MANUAL_DATA:VRU_36	clip	3
vru2:road_type:0038	vru_accident:MANUAL_DATA:VRU_40	clip	3
vru2:road_type:0038	vru_accident:MANUAL_DATA:VRU_66	clip	3
vru2:road_type:0038	vru_accident:MANUAL_DATA:VRU_9	clip	3
vru2:road_type:0039	vru_accident:CAP_DATA:VRU_72	clip	3
vru2:road_type:0039	vru_accident:CAP_DATA:VRU_76	clip	3
vru2:road_type:0039	vru_accident:CAP_DATA:VRU_77	clip	3
vru2:road_type:0039	vru_accident:CAP_DATA:VRU_82	clip	3
vru2:road_type:0039	vru_accident:CAP_DATA:VRU_87	clip	3
vru2:road_type:0039	vru_accident:CAP_DATA:VRU_89	clip	3
vru2:road_type:0039	vru_accident:CAP_DATA:VRU_91	clip	3
vru2:road_type:0039	vru_accident:DADA_2000:VRU_61	clip	3
vru2:road_type:0039	vru_accident:DADA_2000:VRU_67	clip	3
vru2:road_type:0039	vru_accident:DADA_2000:VRU_68	clip	3
vru2:road_type:0039	vru_accident:DADA_2000:VRU_71	clip	3
vru2:road_type:0039	vru_accident:DADA_2000:VRU_74	clip	3
vru2:road_type:0039	vru_accident:DADA_2000:VRU_77	clip	3
vru2:road_type:0039	vru_accident:DADA_2000:VRU_78	clip	3
vru2:road_type:0039	vru_accident:DADA_2000:VRU_86	clip	3
vru2:road_type:0039	vru_accident:MANUAL_DATA:VRU_2	clip	3
vru2:road_type:0039	vru_accident:MANUAL_DATA:VRU_21	clip	3
vru2:road_type:0039	vru_accident:MANUAL_DATA:VRU_26	clip	3
vru2:road_type:0039	vru_accident:MANUAL_DATA:VRU_31	clip	3
vru2:road_type:0039	vru_accident:MANUAL_DATA:VRU_5	clip	3
vru2:road_type:0039	vru_accident:MANUAL_DATA:VRU_6	clip	3
vru2:location:0040	vru_accident:CAP_DATA:VRU_63	clip	3
vru2:location:0040	vru_accident:CAP_DATA:VRU_64	clip	3
vru2:location:0040	vru_accident:CAP_DATA:VRU_66	clip	3
vru2:location:0040	vru_accident:CAP_DATA:VRU_67	clip	3
vru2:location:0040	vru_accident:CAP_DATA:VRU_68	clip	3
vru2:location:0040	vru_accident:CAP_DATA:VRU_69	clip	3
vru2:location:0040	vru_accident:CAP_DATA:VRU_70	clip	3
vru2:location:0040	vru_accident:CAP_DATA:VRU_71	clip	3
vru2:location:0040	vru_accident:CAP_DATA:VRU_72	clip	3
vru2:location:0040	vru_accident:CAP_DATA:VRU_73	clip	3
vru2:location:0040	vru_accident:CAP_DATA:VRU_74	clip	3
vru2:location:0040	vru_accident:CAP_DATA:VRU_75	clip	3
vru2:location:0040	vru_accident:CAP_DATA:VRU_76	clip	3
vru2:location:0040	vru_accident:CAP_DATA:VRU_77	clip	3
vru2:location:0040	vru_accident:CAP_DATA:VRU_78	clip	3
vru2:location:0040	vru_accident:CAP_DATA:VRU_79	clip	3
vru2:location:0040	vru_accident:CAP_DATA:VRU_80	clip	3
vru2:location:0040	vru_accident:CAP_DATA:VRU_81	clip	3
vru2:location:0040	vru_accident:CAP_DATA:VRU_82	clip	3
vru2:location:0040	vru_accident:CAP_DATA:VRU_85	clip	3
vru2:location:0040	vru_accident:CAP_DATA:VRU_86	clip	3
vru2:location:0040	vru_accident:CAP_DATA:VRU_87	clip	3
vru2:location:0040	vru_accident:CAP_DATA:VRU_88	clip	3
vru2:location:0040	vru_accident:CAP_DATA:VRU_89	clip	3
vru2:location:0040	vru_accident:CAP_DATA:VRU_90	clip	3
vru2:location:0040	vru_accident:CAP_DATA:VRU_91	clip	3
vru2:location:0040	vru_accident:DADA_2000:VRU_60	clip	3
vru2:location:0040	vru_accident:DADA_2000:VRU_61	clip	3
vru2:location:0040	vru_accident:DADA_2000:VRU_62	clip	3
vru2:location:0040	vru_accident:DADA_2000:VRU_63	clip	3
vru2:location:0040	vru_accident:DADA_2000:VRU_64	clip	3
vru2:location:0040	vru_accident:DADA_2000:VRU_65	clip	3
vru2:location:0040	vru_accident:DADA_2000:VRU_66	clip	3
vru2:location:0040	vru_accident:DADA_2000:VRU_68	clip	3
vru2:location:0040	vru_accident:DADA_2000:VRU_69	clip	3
vru2:location:0040	vru_accident:DADA_2000:VRU_70	clip	3
vru2:location:0040	vru_accident:DADA_2000:VRU_71	clip	3
vru2:location:0040	vru_accident:DADA_2000:VRU_72	clip	3
vru2:location:0040	vru_accident:DADA_2000:VRU_73	clip	3
vru2:location:0040	vru_accident:DADA_2000:VRU_75	clip	3
vru2:location:0040	vru_accident:DADA_2000:VRU_76	clip	3
vru2:location:0040	vru_accident:DADA_2000:VRU_77	clip	3
vru2:location:0040	vru_accident:DADA_2000:VRU_78	clip	3
vru2:location:0040	vru_accident:DADA_2000:VRU_80	clip	3
vru2:location:0040	vru_accident:DADA_2000:VRU_81	clip	3
vru2:location:0040	vru_accident:DADA_2000:VRU_82	clip	3
vru2:location:0040	vru_accident:DADA_2000:VRU_83	clip	3
vru2:location:0040	vru_accident:DADA_2000:VRU_84	clip	3
vru2:location:0040	vru_accident:DADA_2000:VRU_85	clip	3
vru2:location:0040	vru_accident:DADA_2000:VRU_86	clip	3
vru2:location:0040	vru_accident:DADA_2000:VRU_87	clip	3
vru2:location:0040	vru_accident:DADA_2000:VRU_89	clip	3
vru2:location:0040	vru_accident:DoTA:VRU_15	clip	3
vru2:location:0040	vru_accident:MANUAL_DATA:VRU_12	clip	3
vru2:location:0040	vru_accident:MANUAL_DATA:VRU_19	clip	3
vru2:location:0040	vru_accident:MANUAL_DATA:VRU_2	clip	3
vru2:location:0040	vru_accident:MANUAL_DATA:VRU_21	clip	3
vru2:location:0040	vru_accident:MANUAL_DATA:VRU_27	clip	3
vru2:location:0040	vru_accident:MANUAL_DATA:VRU_31	clip	3
vru2:location:0040	vru_accident:MANUAL_DATA:VRU_32	clip	3
vru2:location:0040	vru_accident:MANUAL_DATA:VRU_329	clip	3
vru2:location:0040	vru_accident:MANUAL_DATA:VRU_5	clip	3
vru2:location:0040	vru_accident:MANUAL_DATA:VRU_6	clip	3
vru2:location:0040	vru_accident:MANUAL_DATA:VRU_7	clip	3
vru2:location:0040	vru_accident:MANUAL_DATA:VRU_9	clip	3
vru2:location:0041	vru_accident:CAP_DATA:VRU_65	clip	3
vru2:location:0041	vru_accident:CAP_DATA:VRU_83	clip	3
vru2:location:0041	vru_accident:CAP_DATA:VRU_84	clip	3
vru2:location:0041	vru_accident:DADA_2000:VRU_67	clip	3
vru2:location:0041	vru_accident:DADA_2000:VRU_74	clip	3
vru2:location:0041	vru_accident:DADA_2000:VRU_88	clip	3
vru2:location:0041	vru_accident:DoTA:VRU_58	clip	3
vru2:location:0041	vru_accident:MANUAL_DATA:VRU_16	clip	3
vru2:location:0041	vru_accident:MANUAL_DATA:VRU_26	clip	3
vru2:location:0041	vru_accident:MANUAL_DATA:VRU_36	clip	3
vru2:location:0041	vru_accident:MANUAL_DATA:VRU_40	clip	3
vru2:location:0041	vru_accident:MANUAL_DATA:VRU_66	clip	3
vru2:nofilter:0042	vru_accident:CAP_DATA:VRU_30	clip	3
vru2:nofilter:0042	vru_accident:CAP_DATA:VRU_56	clip	3
vru2:nofilter:0042	vru_accident:CAP_DATA:VRU_57	clip	3
vru2:nofilter:0042	vru_accident:CAP_DATA:VRU_58	clip	3
vru2:nofilter:0042	vru_accident:CAP_DATA:VRU_59	clip	3
vru2:nofilter:0042	vru_accident:CAP_DATA:VRU_60	clip	3
vru2:nofilter:0042	vru_accident:CAP_DATA:VRU_61	clip	3
vru2:nofilter:0042	vru_accident:CAP_DATA:VRU_62	clip	3
vru2:nofilter:0042	vru_accident:DADA_2000:VRU_54	clip	3
vru2:nofilter:0042	vru_accident:DADA_2000:VRU_55	clip	3
vru2:nofilter:0042	vru_accident:DADA_2000:VRU_56	clip	3
vru2:nofilter:0042	vru_accident:DADA_2000:VRU_57	clip	3
vru2:nofilter:0042	vru_accident:DADA_2000:VRU_58	clip	3
vru2:nofilter:0042	vru_accident:DADA_2000:VRU_59	clip	3
vru2:nofilter:0042	vru_accident:DoTA:VRU_11	clip	3
vru2:nofilter:0042	vru_accident:DoTA:VRU_22	clip	3
vru2:nofilter:0042	vru_accident:DoTA:VRU_24	clip	3
vru2:nofilter:0042	vru_accident:DoTA:VRU_25	clip	3
vru2:nofilter:0042	vru_accident:DoTA:VRU_5	clip	3
vru2:nofilter:0042	vru_accident:DoTA:VRU_50	clip	3
vru2:nofilter:0042	vru_accident:DoTA:VRU_59	clip	3
vru2:nofilter:0042	vru_accident:DoTA:VRU_6	clip	3
vru2:nofilter:0042	vru_accident:DoTA:VRU_61	clip	3
vru2:nofilter:0042	vru_accident:DoTA:VRU_69	clip	3
vru2:nofilter:0042	vru_accident:DoTA:VRU_75	clip	3
vru2:nofilter:0042	vru_accident:DoTA:VRU_94	clip	3
vru2:nofilter:0042	vru_accident:DoTA:VRU_96	clip	3
vru2:nofilter:0042	vru_accident:MANUAL_DATA:VRU_100	clip	3
vru2:nofilter:0042	vru_accident:MANUAL_DATA:VRU_102	clip	3
vru2:nofilter:0042	vru_accident:MANUAL_DATA:VRU_104	clip	3
vru2:nofilter:0042	vru_accident:MANUAL_DATA:VRU_108	clip	3
vru2:nofilter:0042	vru_accident:MANUAL_DATA:VRU_185	clip	3
vru2:nofilter:0042	vru_accident:MANUAL_DATA:VRU_218	clip	3
vru2:nofilter:0042	vru_accident:MANUAL_DATA:VRU_259	clip	3
vru2:nofilter:0042	vru_accident:MANUAL_DATA:VRU_264	clip	3
vru2:nofilter:0042	vru_accident:MANUAL_DATA:VRU_51	clip	3
vru2:nofilter:0042	vru_accident:MANUAL_DATA:VRU_54	clip	3
vru2:nofilter:0042	vru_accident:MANUAL_DATA:VRU_55	clip	3
vru2:nofilter:0042	vru_accident:MANUAL_DATA:VRU_61	clip	3
vru2:nofilter:0042	vru_accident:MANUAL_DATA:VRU_62	clip	3
vru2:nofilter:0042	vru_accident:MANUAL_DATA:VRU_64	clip	3
vru2:nofilter:0042	vru_accident:MANUAL_DATA:VRU_85	clip	3
vru2:nofilter:0042	vru_accident:MANUAL_DATA:VRU_87	clip	3
vru2:nofilter:0042	vru_accident:MANUAL_DATA:VRU_89	clip	3
vru2:weather_light:0043	vru_accident:CAP_DATA:VRU_30	clip	3
vru2:weather_light:0043	vru_accident:CAP_DATA:VRU_58	clip	3
vru2:weather_light:0043	vru_accident:CAP_DATA:VRU_59	clip	3
vru2:weather_light:0043	vru_accident:CAP_DATA:VRU_61	clip	3
vru2:weather_light:0043	vru_accident:CAP_DATA:VRU_62	clip	3
vru2:weather_light:0043	vru_accident:DoTA:VRU_11	clip	3
vru2:weather_light:0043	vru_accident:DoTA:VRU_22	clip	3
vru2:weather_light:0043	vru_accident:DoTA:VRU_24	clip	3
vru2:weather_light:0043	vru_accident:DoTA:VRU_5	clip	3
vru2:weather_light:0043	vru_accident:DoTA:VRU_59	clip	3
vru2:weather_light:0043	vru_accident:DoTA:VRU_6	clip	3
vru2:weather_light:0043	vru_accident:DoTA:VRU_61	clip	3
vru2:weather_light:0043	vru_accident:DoTA:VRU_75	clip	3
vru2:weather_light:0043	vru_accident:DoTA:VRU_96	clip	3
vru2:weather_light:0043	vru_accident:MANUAL_DATA:VRU_102	clip	3
vru2:weather_light:0043	vru_accident:MANUAL_DATA:VRU_104	clip	3
vru2:weather_light:0043	vru_accident:MANUAL_DATA:VRU_218	clip	3
vru2:weather_light:0043	vru_accident:MANUAL_DATA:VRU_85	clip	3
vru2:weather_light:0043	vru_accident:MANUAL_DATA:VRU_89	clip	3
vru2:weather_light:0044	vru_accident:CAP_DATA:VRU_60	clip	3
vru2:weather_light:0044	vru_accident:DADA_2000:VRU_54	clip	3
vru2:weather_light:0044	vru_accident:DADA_2000:VRU_55	clip	3
vru2:weather_light:0044	vru_accident:DADA_2000:VRU_56	clip	3
vru2:weather_light:0044	vru_accident:DADA_2000:VRU_57	clip	3
vru2:weather_light:0044	vru_accident:DADA_2000:VRU_58	clip	3
vru2:weather_light:0044	vru_accident:DADA_2000:VRU_59	clip	3
vru2:weather_light:0044	vru_accident:DoTA:VRU_69	clip	3
vru2:weather_light:0044	vru_accident:DoTA:VRU_94	clip	3
vru2:weather_light:0044	vru_accident:MANUAL_DATA:VRU_108	clip	3
vru2:weather_light:0044	vru_accident:MANUAL_DATA:VRU_185	clip	3
vru2:weather_light:0044	vru_accident:MANUAL_DATA:VRU_259	clip	3
vru2:weather_light:0044	vru_accident:MANUAL_DATA:VRU_264	clip	3
vru2:weather_light:0044	vru_accident:MANUAL_DATA:VRU_51	clip	3
vru2:weather_light:0044	vru_accident:MANUAL_DATA:VRU_61	clip	3
vru2:weather_light:0044	vru_accident:MANUAL_DATA:VRU_62	clip	3
vru2:weather_light:0044	vru_accident:MANUAL_DATA:VRU_64	clip	3
vru2:weather_light:0044	vru_accident:MANUAL_DATA:VRU_87	clip	3
vru2:road_type:0045	vru_accident:CAP_DATA:VRU_30	clip	3
vru2:road_type:0045	vru_accident:CAP_DATA:VRU_57	clip	3
vru2:road_type:0045	vru_accident:CAP_DATA:VRU_58	clip	3
vru2:road_type:0045	vru_accident:CAP_DATA:VRU_59	clip	3
vru2:road_type:0045	vru_accident:CAP_DATA:VRU_61	clip	3
vru2:road_type:0045	vru_accident:CAP_DATA:VRU_62	clip	3
vru2:road_type:0045	vru_accident:DADA_2000:VRU_54	clip	3
vru2:road_type:0045	vru_accident:DADA_2000:VRU_55	clip	3
vru2:road_type:0045	vru_accident:DoTA:VRU_11	clip	3
vru2:road_type:0045	vru_accident:DoTA:VRU_22	clip	3
vru2:road_type:0045	vru_accident:DoTA:VRU_24	clip	3
vru2:road_type:0045	vru_accident:DoTA:VRU_25	clip	3
vru2:road_type:0045	vru_accident:DoTA:VRU_5	clip	3
vru2:road_type:0045	vru_accident:DoTA:VRU_50	clip	3
vru2:road_type:0045	vru_accident:DoTA:VRU_59	clip	3
vru2:road_type:0045	vru_accident:DoTA:VRU_6	clip	3
vru2:road_type:0045	vru_accident:DoTA:VRU_61	clip	3
vru2:road_type:0045	vru_accident:DoTA:VRU_75	clip	3
vru2:road_type:0045	vru_accident:DoTA:VRU_94	clip	3
vru2:road_type:0045	vru_accident:MANUAL_DATA:VRU_102	clip	3
vru2:road_type:0045	vru_accident:MANUAL_DATA:VRU_218	clip	3
vru2:road_type:0045	vru_accident:MANUAL_DATA:VRU_264	clip	3
vru2:road_type:0045	vru_accident:MANUAL_DATA:VRU_51	clip	3
vru2:road_type:0045	vru_accident:MANUAL_DATA:VRU_54	clip	3
vru2:road_type:0045	vru_accident:MANUAL_DATA:VRU_55	clip	3
vru2:road_type:0045	vru_accident:MANUAL_DATA:VRU_61	clip	3
vru2:road_type:0045	vru_accident:MANUAL_DATA:VRU_62	clip	3
vru2:road_type:0045	vru_accident:MANUAL_DATA:VRU_64	clip	3
vru2:road_type:0045	vru_accident:MANUAL_DATA:VRU_85	clip	3
vru2:road_type:0045	vru_accident:MANUAL_DATA:VRU_87	clip	3
vru2:road_type:0045	vru_accident:MANUAL_DATA:VRU_89	clip	3
vru2:road_type:0046	vru_accident:DADA_2000:VRU_56	clip	3
vru2:road_type:0046	vru_accident:DADA_2000:VRU_57	clip	3
vru2:road_type:0046	vru_accident:DADA_2000:VRU_58	clip	3
vru2:road_type:0046	vru_accident:DADA_2000:VRU_59	clip	3
vru2:road_type:0046	vru_accident:MANUAL_DATA:VRU_100	clip	3
vru2:road_type:0046	vru_accident:MANUAL_DATA:VRU_185	clip	3
vru2:location:0047	vru_accident:CAP_DATA:VRU_30	clip	3
vru2:location:0047	vru_accident:CAP_DATA:VRU_56	clip	3
vru2:location:0047	vru_accident:CAP_DATA:VRU_59	clip	3
vru2:location:0047	vru_accident:CAP_DATA:VRU_61	clip	3
vru2:location:0047	vru_accident:CAP_DATA:VRU_62	clip	3
vru2:location:0047	vru_accident:DADA_2000:VRU_54	clip	3
vru2:location:0047	vru_accident:DADA_2000:VRU_56	clip	3
vru2:location:0047	vru_accident:DADA_2000:VRU_57	clip	3
vru2:location:0047	vru_accident:DADA_2000:VRU_58	clip	3
vru2:location:0047	vru_accident:DADA_2000:VRU_59	clip	3
vru2:location:0047	vru_accident:DoTA:VRU_22	clip	3
vru2:location:0047	vru_accident:DoTA:VRU_24	clip	3
vru2:location:0047	vru_accident:DoTA:VRU_25	clip	3
vru2:location:0047	vru_accident:DoTA:VRU_50	clip	3
vru2:location:0047	vru_accident:DoTA:VRU_61	clip	3
vru2:location:0047	vru_accident:DoTA:VRU_75	clip	3
vru2:location:0047	vru_accident:DoTA:VRU_94	clip	3
vru2:location:0047	vru_accident:DoTA:VRU_96	clip	3
vru2:location:0047	vru_accident:MANUAL_DATA:VRU_100	clip	3
vru2:location:0047	vru_accident:MANUAL_DATA:VRU_102	clip	3
vru2:location:0047	vru_accident:MANUAL_DATA:VRU_104	clip	3
vru2:location:0047	vru_accident:MANUAL_DATA:VRU_108	clip	3
vru2:location:0047	vru_accident:MANUAL_DATA:VRU_185	clip	3
vru2:location:0047	vru_accident:MANUAL_DATA:VRU_218	clip	3
vru2:location:0047	vru_accident:MANUAL_DATA:VRU_259	clip	3
vru2:location:0047	vru_accident:MANUAL_DATA:VRU_51	clip	3
vru2:location:0047	vru_accident:MANUAL_DATA:VRU_54	clip	3
vru2:location:0047	vru_accident:MANUAL_DATA:VRU_61	clip	3
vru2:location:0047	vru_accident:MANUAL_DATA:VRU_62	clip	3
vru2:location:0047	vru_accident:MANUAL_DATA:VRU_64	clip	3
vru2:location:0047	vru_accident:MANUAL_DATA:VRU_85	clip	3
vru2:location:0047	vru_accident:MANUAL_DATA:VRU_87	clip	3
vru2:location:0047	vru_accident:MANUAL_DATA:VRU_89	clip	3
vru2:location:0048	vru_accident:CAP_DATA:VRU_58	clip	3
vru2:location:0048	vru_accident:CAP_DATA:VRU_60	clip	3
vru2:location:0048	vru_accident:DADA_2000:VRU_55	clip	3
vru2:location:0048	vru_accident:DoTA:VRU_5	clip	3
vru2:location:0048	vru_accident:DoTA:VRU_6	clip	3
vru2:location:0048	vru_accident:DoTA:VRU_69	clip	3
vru2:location:0048	vru_accident:MANUAL_DATA:VRU_264	clip	3
vru2:location:0048	vru_accident:MANUAL_DATA:VRU_55	clip	3
vru2:nofilter:0049	vru_accident:CAP_DATA:VRU_280	clip	3
vru2:nofilter:0049	vru_accident:CAP_DATA:VRU_281	clip	3
vru2:nofilter:0049	vru_accident:CAP_DATA:VRU_283	clip	3
vru2:nofilter:0049	vru_accident:CAP_DATA:VRU_284	clip	3
vru2:nofilter:0049	vru_accident:CAP_DATA:VRU_285	clip	3
vru2:nofilter:0049	vru_accident:DADA_2000:VRU_204	clip	3
vru2:nofilter:0049	vru_accident:DADA_2000:VRU_205	clip	3
vru2:nofilter:0049	vru_accident:DADA_2000:VRU_206	clip	3
vru2:nofilter:0049	vru_accident:DADA_2000:VRU_207	clip	3
vru2:nofilter:0049	vru_accident:DADA_2000:VRU_208	clip	3
vru2:nofilter:0049	vru_accident:DADA_2000:VRU_209	clip	3
vru2:nofilter:0049	vru_accident:DADA_2000:VRU_210	clip	3
vru2:nofilter:0049	vru_accident:DADA_2000:VRU_211	clip	3
vru2:nofilter:0049	vru_accident:DADA_2000:VRU_212	clip	3
vru2:nofilter:0049	vru_accident:DADA_2000:VRU_213	clip	3
vru2:nofilter:0049	vru_accident:DADA_2000:VRU_214	clip	3
vru2:nofilter:0049	vru_accident:DADA_2000:VRU_215	clip	3
vru2:nofilter:0049	vru_accident:DADA_2000:VRU_216	clip	3
vru2:nofilter:0049	vru_accident:DADA_2000:VRU_217	clip	3
vru2:nofilter:0049	vru_accident:DADA_2000:VRU_218	clip	3
vru2:nofilter:0049	vru_accident:DADA_2000:VRU_219	clip	3
vru2:nofilter:0049	vru_accident:DADA_2000:VRU_220	clip	3
vru2:nofilter:0049	vru_accident:MANUAL_DATA:VRU_13	clip	3
vru2:nofilter:0049	vru_accident:MANUAL_DATA:VRU_29	clip	3
vru2:nofilter:0049	vru_accident:MANUAL_DATA:VRU_39	clip	3
vru2:nofilter:0049	vru_accident:MANUAL_DATA:VRU_63	clip	3
vru2:nofilter:0049	vru_accident:MANUAL_DATA:VRU_67	clip	3
vru2:nofilter:0049	vru_accident:MANUAL_DATA:VRU_76	clip	3
vru2:nofilter:0049	vru_accident:MANUAL_DATA:VRU_78	clip	3
vru2:nofilter:0049	vru_accident:MANUAL_DATA:VRU_79	clip	3
vru2:nofilter:0049	vru_accident:MANUAL_DATA:VRU_81	clip	3
vru2:nofilter:0049	vru_accident:MANUAL_DATA:VRU_83	clip	3
vru2:weather_light:0050	vru_accident:CAP_DATA:VRU_280	clip	3
vru2:weather_light:0050	vru_accident:CAP_DATA:VRU_281	clip	3
vru2:weather_light:0050	vru_accident:CAP_DATA:VRU_283	clip	3
vru2:weather_light:0050	vru_accident:CAP_DATA:VRU_284	clip	3
vru2:weather_light:0050	vru_accident:CAP_DATA:VRU_285	clip	3
vru2:weather_light:0050	vru_accident:DADA_2000:VRU_204	clip	3
vru2:weather_light:0050	vru_accident:DADA_2000:VRU_205	clip	3
vru2:weather_light:0050	vru_accident:DADA_2000:VRU_206	clip	3
vru2:weather_light:0050	vru_accident:DADA_2000:VRU_207	clip	3
vru2:weather_light:0050	vru_accident:DADA_2000:VRU_208	clip	3
vru2:weather_light:0050	vru_accident:DADA_2000:VRU_209	clip	3
vru2:weather_light:0050	vru_accident:DADA_2000:VRU_210	clip	3
vru2:weather_light:0050	vru_accident:DADA_2000:VRU_211	clip	3
vru2:weather_light:0050	vru_accident:DADA_2000:VRU_212	clip	3
vru2:weather_light:0050	vru_accident:DADA_2000:VRU_213	clip	3
vru2:weather_light:0050	vru_accident:DADA_2000:VRU_214	clip	3
vru2:weather_light:0050	vru_accident:DADA_2000:VRU_215	clip	3
vru2:weather_light:0050	vru_accident:DADA_2000:VRU_216	clip	3
vru2:weather_light:0050	vru_accident:DADA_2000:VRU_217	clip	3
vru2:weather_light:0050	vru_accident:DADA_2000:VRU_218	clip	3
vru2:weather_light:0050	vru_accident:DADA_2000:VRU_219	clip	3
vru2:weather_light:0050	vru_accident:DADA_2000:VRU_220	clip	3
vru2:weather_light:0050	vru_accident:MANUAL_DATA:VRU_13	clip	3
vru2:weather_light:0050	vru_accident:MANUAL_DATA:VRU_29	clip	3
vru2:weather_light:0050	vru_accident:MANUAL_DATA:VRU_39	clip	3
vru2:weather_light:0050	vru_accident:MANUAL_DATA:VRU_63	clip	3
vru2:weather_light:0050	vru_accident:MANUAL_DATA:VRU_76	clip	3
vru2:weather_light:0050	vru_accident:MANUAL_DATA:VRU_78	clip	3
vru2:weather_light:0050	vru_accident:MANUAL_DATA:VRU_79	clip	3
vru2:weather_light:0050	vru_accident:MANUAL_DATA:VRU_81	clip	3
vru2:weather_light:0050	vru_accident:MANUAL_DATA:VRU_83	clip	3
vru2:road_type:0051	vru_accident:CAP_DATA:VRU_280	clip	3
vru2:road_type:0051	vru_accident:DADA_2000:VRU_205	clip	3
vru2:road_type:0051	vru_accident:DADA_2000:VRU_207	clip	3
vru2:road_type:0051	vru_accident:DADA_2000:VRU_208	clip	3
vru2:road_type:0051	vru_accident:DADA_2000:VRU_210	clip	3
vru2:road_type:0051	vru_accident:DADA_2000:VRU_213	clip	3
vru2:road_type:0051	vru_accident:DADA_2000:VRU_216	clip	3
vru2:road_type:0051	vru_accident:DADA_2000:VRU_218	clip	3
vru2:road_type:0051	vru_accident:MANUAL_DATA:VRU_63	clip	3
vru2:road_type:0051	vru_accident:MANUAL_DATA:VRU_67	clip	3
vru2:road_type:0051	vru_accident:MANUAL_DATA:VRU_76	clip	3
vru2:road_type:0051	vru_accident:MANUAL_DATA:VRU_78	clip	3
vru2:road_type:0051	vru_accident:MANUAL_DATA:VRU_79	clip	3
vru2:road_type:0051	vru_accident:MANUAL_DATA:VRU_83	clip	3
vru2:road_type:0052	vru_accident:CAP_DATA:VRU_281	clip	3
vru2:road_type:0052	vru_accident:CAP_DATA:VRU_285	clip	3
vru2:road_type:0052	vru_accident:DADA_2000:VRU_206	clip	3
vru2:road_type:0052	vru_accident:DADA_2000:VRU_215	clip	3
vru2:road_type:0052	vru_accident:DADA_2000:VRU_217	clip	3
vru2:road_type:0052	vru_accident:DADA_2000:VRU_220	clip	3
vru2:road_type:0053	vru_accident:DADA_2000:VRU_204	clip	3
vru2:road_type:0053	vru_accident:DADA_2000:VRU_209	clip	3
vru2:road_type:0053	vru_accident:DADA_2000:VRU_211	clip	3
vru2:road_type:0053	vru_accident:DADA_2000:VRU_212	clip	3
vru2:road_type:0053	vru_accident:DADA_2000:VRU_214	clip	3
vru2:road_type:0053	vru_accident:MANUAL_DATA:VRU_39	clip	3
vru2:location:0054	vru_accident:CAP_DATA:VRU_280	clip	3
vru2:location:0054	vru_accident:CAP_DATA:VRU_281	clip	3
vru2:location:0054	vru_accident:CAP_DATA:VRU_284	clip	3
vru2:location:0054	vru_accident:DADA_2000:VRU_204	clip	3
vru2:location:0054	vru_accident:DADA_2000:VRU_205	clip	3
vru2:location:0054	vru_accident:DADA_2000:VRU_207	clip	3
vru2:location:0054	vru_accident:DADA_2000:VRU_208	clip	3
vru2:location:0054	vru_accident:DADA_2000:VRU_209	clip	3
vru2:location:0054	vru_accident:DADA_2000:VRU_210	clip	3
vru2:location:0054	vru_accident:DADA_2000:VRU_211	clip	3
vru2:location:0054	vru_accident:DADA_2000:VRU_212	clip	3
vru2:location:0054	vru_accident:DADA_2000:VRU_213	clip	3
vru2:location:0054	vru_accident:DADA_2000:VRU_214	clip	3
vru2:location:0054	vru_accident:DADA_2000:VRU_215	clip	3
vru2:location:0054	vru_accident:DADA_2000:VRU_217	clip	3
vru2:location:0054	vru_accident:DADA_2000:VRU_218	clip	3
vru2:location:0054	vru_accident:MANUAL_DATA:VRU_13	clip	3
vru2:location:0054	vru_accident:MANUAL_DATA:VRU_29	clip	3
vru2:location:0054	vru_accident:MANUAL_DATA:VRU_39	clip	3
vru2:location:0054	vru_accident:MANUAL_DATA:VRU_63	clip	3
vru2:location:0054	vru_accident:MANUAL_DATA:VRU_67	clip	3
vru2:location:0054	vru_accident:MANUAL_DATA:VRU_78	clip	3
vru2:location:0054	vru_accident:MANUAL_DATA:VRU_79	clip	3
vru2:location:0054	vru_accident:MANUAL_DATA:VRU_83	clip	3
vru2:location:0055	vru_accident:CAP_DATA:VRU_283	clip	3
vru2:location:0055	vru_accident:CAP_DATA:VRU_285	clip	3
vru2:location:0055	vru_accident:DADA_2000:VRU_206	clip	3
vru2:location:0055	vru_accident:DADA_2000:VRU_216	clip	3
vru2:location:0055	vru_accident:DADA_2000:VRU_220	clip	3
vru2:location:0055	vru_accident:MANUAL_DATA:VRU_76	clip	3
vru2:location:0055	vru_accident:MANUAL_DATA:VRU_81	clip	3
vru2:nofilter:0056	vru_accident:CAP_DATA:VRU_92	clip	3
vru2:nofilter:0056	vru_accident:CAP_DATA:VRU_93	clip	3
vru2:nofilter:0056	vru_accident:CAP_DATA:VRU_94	clip	3
vru2:nofilter:0056	vru_accident:DADA_2000:VRU_100	clip	3
vru2:nofilter:0056	vru_accident:DADA_2000:VRU_90	clip	3
vru2:nofilter:0056	vru_accident:DADA_2000:VRU_91	clip	3
vru2:nofilter:0056	vru_accident:DADA_2000:VRU_92	clip	3
vru2:nofilter:0056	vru_accident:DADA_2000:VRU_93	clip	3
vru2:nofilter:0056	vru_accident:DADA_2000:VRU_94	clip	3
vru2:nofilter:0056	vru_accident:DADA_2000:VRU_95	clip	3
vru2:nofilter:0056	vru_accident:DADA_2000:VRU_96	clip	3
vru2:nofilter:0056	vru_accident:DADA_2000:VRU_97	clip	3
vru2:nofilter:0056	vru_accident:DADA_2000:VRU_98	clip	3
vru2:nofilter:0056	vru_accident:DADA_2000:VRU_99	clip	3
vru2:nofilter:0056	vru_accident:DoTA:VRU_4	clip	3
vru2:nofilter:0056	vru_accident:DoTA:VRU_45	clip	3
vru2:nofilter:0056	vru_accident:MANUAL_DATA:VRU_180	clip	3
vru2:nofilter:0056	vru_accident:MANUAL_DATA:VRU_181	clip	3
vru2:nofilter:0056	vru_accident:MANUAL_DATA:VRU_284	clip	3
vru2:weather_light:0057	vru_accident:CAP_DATA:VRU_92	clip	3
vru2:weather_light:0057	vru_accident:CAP_DATA:VRU_93	clip	3
vru2:weather_light:0057	vru_accident:DADA_2000:VRU_100	clip	3
vru2:weather_light:0057	vru_accident:DADA_2000:VRU_90	clip	3
vru2:weather_light:0057	vru_accident:DADA_2000:VRU_91	clip	3
vru2:weather_light:0057	vru_accident:DADA_2000:VRU_93	clip	3
vru2:weather_light:0057	vru_accident:DADA_2000:VRU_94	clip	3
vru2:weather_light:0057	vru_accident:DADA_2000:VRU_96	clip	3
vru2:weather_light:0057	vru_accident:DADA_2000:VRU_97	clip	3
vru2:weather_light:0057	vru_accident:DADA_2000:VRU_98	clip	3
vru2:weather_light:0057	vru_accident:DADA_2000:VRU_99	clip	3
vru2:weather_light:0057	vru_accident:DoTA:VRU_4	clip	3
vru2:weather_light:0057	vru_accident:DoTA:VRU_45	clip	3
vru2:weather_light:0057	vru_accident:MANUAL_DATA:VRU_180	clip	3
vru2:weather_light:0057	vru_accident:MANUAL_DATA:VRU_284	clip	3
vru2:road_type:0058	vru_accident:CAP_DATA:VRU_92	clip	3
vru2:road_type:0058	vru_accident:CAP_DATA:VRU_93	clip	3
vru2:road_type:0058	vru_accident:CAP_DATA:VRU_94	clip	3
vru2:road_type:0058	vru_accident:DADA_2000:VRU_100	clip	3
vru2:road_type:0058	vru_accident:DADA_2000:VRU_91	clip	3
vru2:road_type:0058	vru_accident:DADA_2000:VRU_92	clip	3
vru2:road_type:0058	vru_accident:DADA_2000:VRU_96	clip	3
vru2:road_type:0058	vru_accident:DADA_2000:VRU_97	clip	3
vru2:road_type:0058	vru_accident:DADA_2000:VRU_99	clip	3
vru2:road_type:0058	vru_accident:DoTA:VRU_4	clip	3
vru2:road_type:0058	vru_accident:DoTA:VRU_45	clip	3
vru2:road_type:0058	vru_accident:MANUAL_DATA:VRU_181	clip	3
vru2:road_type:0058	vru_accident:MANUAL_DATA:VRU_284	clip	3
vru2:location:0059	vru_accident:CAP_DATA:VRU_92	clip	3
vru2:location:0059	vru_accident:CAP_DATA:VRU_93	clip	3
vru2:location:0059	vru_accident:CAP_DATA:VRU_94	clip	3
vru2:location:0059	vru_accident:DADA_2000:VRU_100	clip	3
vru2:location:0059	vru_accident:DADA_2000:VRU_90	clip	3
vru2:location:0059	vru_accident:DADA_2000:VRU_91	clip	3
vru2:location:0059	vru_accident:DADA_2000:VRU_92	clip	3
vru2:location:0059	vru_accident:DADA_2000:VRU_93	clip	3
vru2:location:0059	vru_accident:DADA_2000:VRU_94	clip	3
vru2:location:0059	vru_accident:DADA_2000:VRU_95	clip	3
vru2:location:0059	vru_accident:DADA_2000:VRU_96	clip	3
vru2:location:0059	vru_accident:DADA_2000:VRU_97	clip	3
vru2:location:0059	vru_accident:DADA_2000:VRU_98	clip	3
vru2:location:0059	vru_accident:DADA_2000:VRU_99	clip	3
vru2:location:0059	vru_accident:DoTA:VRU_4	clip	3
vru2:location:0059	vru_accident:DoTA:VRU_45	clip	3
vru2:location:0059	vru_accident:MANUAL_DATA:VRU_180	clip	3
vru2:location:0059	vru_accident:MANUAL_DATA:VRU_181	clip	3
vru2:location:0059	vru_accident:MANUAL_DATA:VRU_284	clip	3
vru2:nofilter:0060	vru_accident:CAP_DATA:VRU_277	clip	3
vru2:nofilter:0060	vru_accident:CAP_DATA:VRU_278	clip	3
vru2:nofilter:0060	vru_accident:CAP_DATA:VRU_279	clip	3
vru2:nofilter:0060	vru_accident:DADA_2000:VRU_200	clip	3
vru2:nofilter:0060	vru_accident:DADA_2000:VRU_201	clip	3
vru2:nofilter:0060	vru_accident:DADA_2000:VRU_202	clip	3
vru2:nofilter:0060	vru_accident:DADA_2000:VRU_203	clip	3
vru2:nofilter:0060	vru_accident:MANUAL_DATA:VRU_109	clip	3
vru2:nofilter:0060	vru_accident:MANUAL_DATA:VRU_274	clip	3
vru2:nofilter:0060	vru_accident:MANUAL_DATA:VRU_298	clip	3
vru2:nofilter:0060	vru_accident:MANUAL_DATA:VRU_365	clip	3
vru2:nofilter:0060	vru_accident:MANUAL_DATA:VRU_56	clip	3
vru2:nofilter:0060	vru_accident:MANUAL_DATA:VRU_95	clip	3
vru2:weather_light:0061	vru_accident:CAP_DATA:VRU_278	clip	3
vru2:weather_light:0061	vru_accident:CAP_DATA:VRU_279	clip	3
vru2:weather_light:0061	vru_accident:DADA_2000:VRU_200	clip	3
vru2:weather_light:0061	vru_accident:DADA_2000:VRU_201	clip	3
vru2:weather_light:0061	vru_accident:DADA_2000:VRU_202	clip	3
vru2:weather_light:0061	vru_accident:MANUAL_DATA:VRU_274	clip	3
vru2:weather_light:0061	vru_accident:MANUAL_DATA:VRU_56	clip	3
vru2:weather_light:0061	vru_accident:MANUAL_DATA:VRU_95	clip	3
vru2:road_type:0062	vru_accident:CAP_DATA:VRU_277	clip	3
vru2:road_type:0062	vru_accident:DADA_2000:VRU_202	clip	3
vru2:road_type:0062	vru_accident:DADA_2000:VRU_203	clip	3
vru2:road_type:0062	vru_accident:MANUAL_DATA:VRU_109	clip	3
vru2:road_type:0062	vru_accident:MANUAL_DATA:VRU_274	clip	3
vru2:road_type:0062	vru_accident:MANUAL_DATA:VRU_298	clip	3
vru2:road_type:0062	vru_accident:MANUAL_DATA:VRU_365	clip	3
vru2:road_type:0062	vru_accident:MANUAL_DATA:VRU_56	clip	3
vru2:location:0063	vru_accident:CAP_DATA:VRU_277	clip	3
vru2:location:0063	vru_accident:CAP_DATA:VRU_278	clip	3
vru2:location:0063	vru_accident:CAP_DATA:VRU_279	clip	3
vru2:location:0063	vru_accident:DADA_2000:VRU_201	clip	3
vru2:location:0063	vru_accident:DADA_2000:VRU_203	clip	3
vru2:location:0063	vru_accident:MANUAL_DATA:VRU_109	clip	3
vru2:location:0063	vru_accident:MANUAL_DATA:VRU_274	clip	3
vru2:location:0063	vru_accident:MANUAL_DATA:VRU_298	clip	3
vru2:location:0063	vru_accident:MANUAL_DATA:VRU_365	clip	3
vru2:location:0063	vru_accident:MANUAL_DATA:VRU_56	clip	3
vru2:location:0063	vru_accident:MANUAL_DATA:VRU_95	clip	3
vru2:nofilter:0064	vru_accident:DADA_2000:VRU_101	clip	3
vru2:nofilter:0064	vru_accident:DADA_2000:VRU_102	clip	3
vru2:nofilter:0064	vru_accident:DADA_2000:VRU_103	clip	3
vru2:nofilter:0064	vru_accident:DADA_2000:VRU_104	clip	3
vru2:nofilter:0064	vru_accident:DADA_2000:VRU_105	clip	3
vru2:nofilter:0064	vru_accident:DADA_2000:VRU_106	clip	3
vru2:nofilter:0064	vru_accident:DADA_2000:VRU_107	clip	3
vru2:nofilter:0064	vru_accident:DADA_2000:VRU_108	clip	3
vru2:nofilter:0064	vru_accident:DADA_2000:VRU_109	clip	3
vru2:nofilter:0064	vru_accident:DADA_2000:VRU_110	clip	3
vru2:nofilter:0064	vru_accident:DADA_2000:VRU_111	clip	3
vru2:nofilter:0064	vru_accident:MANUAL_DATA:VRU_41	clip	3
vru2:weather_light:0065	vru_accident:DADA_2000:VRU_101	clip	3
vru2:weather_light:0065	vru_accident:DADA_2000:VRU_102	clip	3
vru2:weather_light:0065	vru_accident:DADA_2000:VRU_103	clip	3
vru2:weather_light:0065	vru_accident:DADA_2000:VRU_104	clip	3
vru2:weather_light:0065	vru_accident:DADA_2000:VRU_105	clip	3
vru2:weather_light:0065	vru_accident:DADA_2000:VRU_106	clip	3
vru2:weather_light:0065	vru_accident:DADA_2000:VRU_107	clip	3
vru2:weather_light:0065	vru_accident:DADA_2000:VRU_109	clip	3
vru2:weather_light:0065	vru_accident:DADA_2000:VRU_110	clip	3
vru2:weather_light:0065	vru_accident:DADA_2000:VRU_111	clip	3
vru2:weather_light:0065	vru_accident:MANUAL_DATA:VRU_41	clip	3
vru2:road_type:0066	vru_accident:DADA_2000:VRU_102	clip	3
vru2:road_type:0066	vru_accident:DADA_2000:VRU_104	clip	3
vru2:road_type:0066	vru_accident:DADA_2000:VRU_105	clip	3
vru2:road_type:0066	vru_accident:DADA_2000:VRU_106	clip	3
vru2:road_type:0066	vru_accident:DADA_2000:VRU_108	clip	3
vru2:road_type:0066	vru_accident:DADA_2000:VRU_109	clip	3
vru2:location:0067	vru_accident:DADA_2000:VRU_101	clip	3
vru2:location:0067	vru_accident:DADA_2000:VRU_102	clip	3
vru2:location:0067	vru_accident:DADA_2000:VRU_103	clip	3
vru2:location:0067	vru_accident:DADA_2000:VRU_104	clip	3
vru2:location:0067	vru_accident:DADA_2000:VRU_105	clip	3
vru2:location:0067	vru_accident:DADA_2000:VRU_106	clip	3
vru2:location:0067	vru_accident:DADA_2000:VRU_107	clip	3
vru2:location:0067	vru_accident:DADA_2000:VRU_108	clip	3
vru2:location:0067	vru_accident:DADA_2000:VRU_109	clip	3
vru2:location:0067	vru_accident:DADA_2000:VRU_110	clip	3
vru2:location:0067	vru_accident:DADA_2000:VRU_111	clip	3
vru2:location:0067	vru_accident:MANUAL_DATA:VRU_41	clip	3
vru2:nofilter:0068	vru_accident:CAP_DATA:VRU_95	clip	3
vru2:nofilter:0068	vru_accident:CAP_DATA:VRU_96	clip	3
vru2:nofilter:0068	vru_accident:CAP_DATA:VRU_97	clip	3
vru2:nofilter:0068	vru_accident:CAP_DATA:VRU_98	clip	3
vru2:nofilter:0068	vru_accident:DADA_2000:VRU_112	clip	3
vru2:nofilter:0068	vru_accident:DADA_2000:VRU_113	clip	3
vru2:nofilter:0068	vru_accident:DADA_2000:VRU_114	clip	3
vru2:nofilter:0068	vru_accident:DoTA:VRU_28	clip	3
vru2:nofilter:0068	vru_accident:DoTA:VRU_66	clip	3
vru2:nofilter:0068	vru_accident:MANUAL_DATA:VRU_324	clip	3
vru2:nofilter:0068	vru_accident:MANUAL_DATA:VRU_71	clip	3
vru2:weather_light:0069	vru_accident:CAP_DATA:VRU_97	clip	3
vru2:weather_light:0069	vru_accident:CAP_DATA:VRU_98	clip	3
vru2:weather_light:0069	vru_accident:DADA_2000:VRU_112	clip	3
vru2:weather_light:0069	vru_accident:DADA_2000:VRU_113	clip	3
vru2:weather_light:0069	vru_accident:DADA_2000:VRU_114	clip	3
vru2:weather_light:0069	vru_accident:DoTA:VRU_28	clip	3
vru2:weather_light:0069	vru_accident:DoTA:VRU_66	clip	3
vru2:weather_light:0069	vru_accident:MANUAL_DATA:VRU_71	clip	3
vru2:road_type:0070	vru_accident:CAP_DATA:VRU_96	clip	3
vru2:road_type:0070	vru_accident:DADA_2000:VRU_113	clip	3
vru2:road_type:0070	vru_accident:DoTA:VRU_28	clip	3
vru2:road_type:0070	vru_accident:DoTA:VRU_66	clip	3
vru2:road_type:0070	vru_accident:MANUAL_DATA:VRU_324	clip	3
vru2:location:0071	vru_accident:CAP_DATA:VRU_96	clip	3
vru2:location:0071	vru_accident:CAP_DATA:VRU_97	clip	3
vru2:location:0071	vru_accident:DADA_2000:VRU_112	clip	3
vru2:location:0071	vru_accident:DADA_2000:VRU_113	clip	3
vru2:location:0071	vru_accident:DoTA:VRU_28	clip	3
vru2:location:0071	vru_accident:DoTA:VRU_66	clip	3
vru2:location:0071	vru_accident:MANUAL_DATA:VRU_324	clip	3
vru2:location:0071	vru_accident:MANUAL_DATA:VRU_71	clip	3
vru2:nofilter:0072	vru_accident:CAP_DATA:VRU_100	clip	3
vru2:nofilter:0072	vru_accident:CAP_DATA:VRU_101	clip	3
vru2:nofilter:0072	vru_accident:CAP_DATA:VRU_99	clip	3
vru2:nofilter:0072	vru_accident:DADA_2000:VRU_115	clip	3
vru2:nofilter:0072	vru_accident:DADA_2000:VRU_116	clip	3
vru2:nofilter:0072	vru_accident:DADA_2000:VRU_117	clip	3
vru2:nofilter:0072	vru_accident:MANUAL_DATA:VRU_3	clip	3
vru2:nofilter:0072	vru_accident:MANUAL_DATA:VRU_74	clip	3
vru2:weather_light:0073	vru_accident:CAP_DATA:VRU_100	clip	3
vru2:weather_light:0073	vru_accident:CAP_DATA:VRU_101	clip	3
vru2:weather_light:0073	vru_accident:CAP_DATA:VRU_99	clip	3
vru2:weather_light:0073	vru_accident:DADA_2000:VRU_115	clip	3
vru2:weather_light:0073	vru_accident:DADA_2000:VRU_117	clip	3
vru2:weather_light:0073	vru_accident:MANUAL_DATA:VRU_3	clip	3
vru2:weather_light:0073	vru_accident:MANUAL_DATA:VRU_74	clip	3
vru2:road_type:0074	vru_accident:CAP_DATA:VRU_101	clip	3
vru2:road_type:0074	vru_accident:CAP_DATA:VRU_99	clip	3
vru2:road_type:0074	vru_accident:DADA_2000:VRU_116	clip	3
vru2:road_type:0074	vru_accident:MANUAL_DATA:VRU_3	clip	3
vru2:road_type:0074	vru_accident:MANUAL_DATA:VRU_74	clip	3
vru2:location:0075	vru_accident:CAP_DATA:VRU_99	clip	3
vru2:location:0075	vru_accident:DADA_2000:VRU_115	clip	3
vru2:location:0075	vru_accident:DADA_2000:VRU_116	clip	3
vru2:location:0075	vru_accident:DADA_2000:VRU_117	clip	3
vru2:location:0075	vru_accident:MANUAL_DATA:VRU_74	clip	3
vru2:nofilter:0076	vru_accident:CAP_DATA:VRU_286	clip	3
vru2:nofilter:0076	vru_accident:CAP_DATA:VRU_287	clip	3
vru2:nofilter:0076	vru_accident:DADA_2000:VRU_221	clip	3
vru2:nofilter:0076	vru_accident:DADA_2000:VRU_223	clip	3
vru2:nofilter:0076	vru_accident:MANUAL_DATA:VRU_14	clip	3
vru2:nofilter:0076	vru_accident:MANUAL_DATA:VRU_45	clip	3
vru2:nofilter:0076	vru_accident:MANUAL_DATA:VRU_80	clip	3
vru2:nofilter:0076	vru_accident:MANUAL_DATA:VRU_84	clip	3
vru2:weather_light:0077	vru_accident:CAP_DATA:VRU_286	clip	3
vru2:weather_light:0077	vru_accident:DADA_2000:VRU_221	clip	3
vru2:weather_light:0077	vru_accident:DADA_2000:VRU_223	clip	3
vru2:weather_light:0077	vru_accident:MANUAL_DATA:VRU_14	clip	3
vru2:weather_light:0077	vru_accident:MANUAL_DATA:VRU_80	clip	3
vru2:weather_light:0077	vru_accident:MANUAL_DATA:VRU_84	clip	3
vru2:location:0078	vru_accident:CAP_DATA:VRU_286	clip	3
vru2:location:0078	vru_accident:CAP_DATA:VRU_287	clip	3
vru2:location:0078	vru_accident:DADA_2000:VRU_221	clip	3
vru2:location:0078	vru_accident:DADA_2000:VRU_223	clip	3
vru2:location:0078	vru_accident:MANUAL_DATA:VRU_14	clip	3
vru2:location:0078	vru_accident:MANUAL_DATA:VRU_80	clip	3
vru2:location:0078	vru_accident:MANUAL_DATA:VRU_84	clip	3
vru2:nofilter:0079	vru_accident:MANUAL_DATA:VRU_249	clip	3
vru2:nofilter:0079	vru_accident:MANUAL_DATA:VRU_346	clip	3
vru2:nofilter:0079	vru_accident:MANUAL_DATA:VRU_357	clip	3
vru2:nofilter:0079	vru_accident:MANUAL_DATA:VRU_362	clip	3
vru2:nofilter:0079	vru_accident:MANUAL_DATA:VRU_372	clip	3
vru2:nofilter:0079	vru_accident:MANUAL_DATA:VRU_377	clip	3
vru2:weather_light:0080	vru_accident:MANUAL_DATA:VRU_249	clip	3
vru2:weather_light:0080	vru_accident:MANUAL_DATA:VRU_346	clip	3
vru2:weather_light:0080	vru_accident:MANUAL_DATA:VRU_357	clip	3
vru2:weather_light:0080	vru_accident:MANUAL_DATA:VRU_362	clip	3
vru2:weather_light:0080	vru_accident:MANUAL_DATA:VRU_372	clip	3
vru2:weather_light:0080	vru_accident:MANUAL_DATA:VRU_377	clip	3
vru2:road_type:0081	vru_accident:MANUAL_DATA:VRU_249	clip	3
vru2:road_type:0081	vru_accident:MANUAL_DATA:VRU_346	clip	3
vru2:road_type:0081	vru_accident:MANUAL_DATA:VRU_357	clip	3
vru2:road_type:0081	vru_accident:MANUAL_DATA:VRU_362	clip	3
vru2:road_type:0081	vru_accident:MANUAL_DATA:VRU_372	clip	3
vru2:road_type:0081	vru_accident:MANUAL_DATA:VRU_377	clip	3
vru2:location:0082	vru_accident:MANUAL_DATA:VRU_249	clip	3
vru2:location:0082	vru_accident:MANUAL_DATA:VRU_346	clip	3
vru2:location:0082	vru_accident:MANUAL_DATA:VRU_357	clip	3
vru2:location:0082	vru_accident:MANUAL_DATA:VRU_362	clip	3
vru2:location:0082	vru_accident:MANUAL_DATA:VRU_372	clip	3
vru2:location:0082	vru_accident:MANUAL_DATA:VRU_377	clip	3
vru2:nofilter:0083	vru_accident:DoTA:VRU_54	clip	3
vru2:nofilter:0083	vru_accident:DoTA:VRU_55	clip	3
vru2:nofilter:0083	vru_accident:DoTA:VRU_56	clip	3
vru2:nofilter:0083	vru_accident:DoTA:VRU_57	clip	3
vru2:nofilter:0083	vru_accident:DoTA:VRU_60	clip	3
vru2:nofilter:0084	vru_accident:MANUAL_DATA:VRU_152	clip	3
vru2:nofilter:0084	vru_accident:MANUAL_DATA:VRU_155	clip	3
vru2:nofilter:0084	vru_accident:MANUAL_DATA:VRU_177	clip	3
vru2:nofilter:0084	vru_accident:MANUAL_DATA:VRU_382	clip	3
vru2:nofilter:0084	vru_accident:MANUAL_DATA:VRU_385	clip	3
vru2:weather_light:0085	vru_accident:MANUAL_DATA:VRU_152	clip	3
vru2:weather_light:0085	vru_accident:MANUAL_DATA:VRU_155	clip	3
vru2:weather_light:0085	vru_accident:MANUAL_DATA:VRU_177	clip	3
vru2:weather_light:0085	vru_accident:MANUAL_DATA:VRU_382	clip	3
vru2:weather_light:0085	vru_accident:MANUAL_DATA:VRU_385	clip	3
