corpus,method,mask_type,name,repeat,anchor,selectivity_target,concentration,count,selectivity,mask_sha256,mean_recall_at_10,recall_loss,queries_below_full_recall,kprime,mean_pairwise_cosine,gt_mode,exact_top_l,coverage_failure_fraction
B,hnsw,natural,time_of_day==morning,,,,,36999,0.2572411875130362,0d663fa3fddfd4a2854933f488bde5349c84045b619d8abd1cbba100c4b74308,0.8140000104904175,0.18599998950958252,61,156,0.816495601652379,global_top_l_filter,5000,0.0
B,hnsw,shuffle,time_of_day==morning,0.0,,,,36999,0.2572411875130362,e4daafe3abed2c7e245f97542c375cab6a9a97f53ab6b13a872a4c2dde0b5a4e,0.9994999766349792,0.000500023365020752,1,156,,global_top_l_filter,5000,0.0
B,hnsw,shuffle,time_of_day==morning,1.0,,,,36999,0.2572411875130362,b04cfcd63271018e6a3e36edc6b68ff6b8e6208d81d5b3b9c56513e334a79348,0.9994999766349792,0.000500023365020752,1,156,,global_top_l_filter,5000,0.0
B,hnsw,shuffle,time_of_day==morning,2.0,,,,36999,0.2572411875130362,3acf41ef2c0341418a037bb884d02a5cd7756ef420e0356fb6686eda0a28e2cc,1.0,0.0,0,156,,global_top_l_filter,5000,0.0
B,hnsw,shuffle,time_of_day==morning,3.0,,,,36999,0.2572411875130362,2f922f542057e622d94ec92c9a8652b6dbc1385d0ba65f4b832335093f07dcc0,1.0,0.0,0,156,,global_top_l_filter,5000,0.0
B,hnsw,shuffle,time_of_day==morning,4.0,,,,36999,0.2572411875130362,a69c64961990c98be1c9025fdb8792cf76fabf3156e1c3ebd6201f1d0adf19ab,0.9994999766349792,0.000500023365020752,1,156,,global_top_l_filter,5000,0.0
B,hnsw,shuffle,time_of_day==morning,5.0,,,,36999,0.2572411875130362,664447ae41dfdd86c955756eecab9b620a33e441d19afe7c0e3a524bc14c6536,0.9990000128746033,0.0009999871253967285,2,156,,global_top_l_filter,5000,0.0
B,hnsw,shuffle,time_of_day==morning,6.0,,,,36999,0.2572411875130362,84a6c78856c31c7daff03394e68172b2ebc66897cb9ee03fe4a83c390f733246,0.9994999766349792,0.000500023365020752,1,156,,global_top_l_filter,5000,0.0
B,hnsw,shuffle,time_of_day==morning,7.0,,,,36999,0.2572411875130362,2c9aa84d519c2653104b66a6fe983f00a886c3e7d27d173cd3ba682c33f03322,0.9990000128746033,0.0009999871253967285,1,156,,global_top_l_filter,5000,0.0
B,hnsw,shuffle,time_of_day==morning,8.0,,,,36999,0.2572411875130362,f565c4fff6820749b2ccc8fa359165eccc7d24d79b01fc2e885b22775e92960f,0.9994999766349792,0.000500023365020752,1,156,,global_top_l_filter,5000,0.0
B,hnsw,shuffle,time_of_day==morning,9.0,,,,36999,0.2572411875130362,40e8e9b473dc230535a7764fedd452f6dfb80f0d583b310e7056283d56122a0f,0.9975000023841858,0.002499997615814209,4,156,,global_top_l_filter,5000,0.0
B,hnsw,shuffle,time_of_day==morning,10.0,,,,36999,0.2572411875130362,a4d0e6ba26867ab070f71ae08358b5a83eda9ad0c31a75241b31464c9db9b09e,0.9984999895095825,0.0015000104904174805,3,156,,global_top_l_filter,5000,0.0
B,hnsw,shuffle,time_of_day==morning,11.0,,,,36999,0.2572411875130362,9a311931f0ab6fdfef67a2f3f9c743d6d28f3bf4565019966b92fe1b8300bf1d,0.9994999766349792,0.000500023365020752,1,156,,global_top_l_filter,5000,0.0
B,hnsw,shuffle,time_of_day==morning,12.0,,,,36999,0.2572411875130362,b6546d3d77fced54c64fa0d9046de15b096fd29384f9b76c254950903e87213b,1.0,0.0,0,156,,global_top_l_filter,5000,0.0
B,hnsw,shuffle,time_of_day==morning,13.0,,,,36999,0.2572411875130362,9f5bf57253cd5907a70094aa9d2288b4763872f57a58073c5128f498ba699559,1.0,0.0,0,156,,global_top_l_filter,5000,0.0
B,hnsw,shuffle,time_of_day==morning,14.0,,,,36999,0.2572411875130362,caceda8826f71f8a7eec49fd3b91bd7ce27f928b333dbc4d139869e0bfe38777,0.9985000491142273,0.001499950885772705,3,156,,global_top_l_filter,5000,0.0
B,hnsw,shuffle,time_of_day==morning,15.0,,,,36999,0.2572411875130362,1ca025f70c88c5917a5edec8428ddb085813803c70ed2bbefcbd294e932523ca,1.0,0.0,0,156,,global_top_l_filter,5000,0.0
B,hnsw,shuffle,time_of_day==morning,16.0,,,,36999,0.2572411875130362,84ebdd962fa98079da065c51fe45e1d9d5a18099b05a5ebce4962223fa4e1f4a,1.0,0.0,0,156,,global_top_l_filter,5000,0.0
B,hnsw,shuffle,time_of_day==morning,17.0,,,,36999,0.2572411875130362,b15c164724808b4288cf05f771edf5a2e7ff2edbc414a76017e09b7699c02856,0.9994999766349792,0.000500023365020752,1,156,,global_top_l_filter,5000,0.0
B,hnsw,shuffle,time_of_day==morning,18.0,,,,36999,0.2572411875130362,308748d865d47c7f76cef01d8af031fa58a792c3d122352552f4094ab321adff,0.9994999766349792,0.000500023365020752,1,156,,global_top_l_filter,5000,0.0
B,hnsw,shuffle,time_of_day==morning,19.0,,,,36999,0.2572411875130362,d6900f6ed8a9d1a398738ed2a3875a471cf1cd3ce6e3d634af231c37b6c6a280,0.9990000128746033,0.0009999871253967285,2,156,,global_top_l_filter,5000,0.0
B,hnsw,shuffle,time_of_day==morning,20.0,,,,36999,0.2572411875130362,922895b05f78319f6f4c0748083eebeab126035c8b3de7aa7d6ee66b01beda42,0.9990000128746033,0.0009999871253967285,2,156,,global_top_l_filter,5000,0.0
B,hnsw,shuffle,time_of_day==morning,21.0,,,,36999,0.2572411875130362,029f64e2224cb43a4bbcf06749dbf5bbecafa012959ca2ab51687631bfb1d31d,1.0,0.0,0,156,,global_top_l_filter,5000,0.0
B,hnsw,shuffle,time_of_day==morning,22.0,,,,36999,0.2572411875130362,6c50ac2b0c3dbc4b97b294d5cfaab6348563b77e365dec57b960119407064f09,0.9994999766349792,0.000500023365020752,1,156,,global_top_l_filter,5000,0.0
B,hnsw,shuffle,time_of_day==morning,23.0,,,,36999,0.2572411875130362,8ecd47ec5df52f118c268efd5e266c96acbeff26f6206510665d6d130682a323,1.0,0.0,0,156,,global_top_l_filter,5000,0.0
B,hnsw,shuffle,time_of_day==morning,24.0,,,,36999,0.2572411875130362,d64f5b736e4d555f1785f00f78fb98cdb67d9c92b469154b0b8ad57ea1f56f05,0.9990000128746033,0.0009999871253967285,2,156,,global_top_l_filter,5000,0.0
B,hnsw,shuffle,time_of_day==morning,25.0,,,,36999,0.2572411875130362,6840b086ad342c9f7a6b2aa0cc5a776d4e845201e2b2c05c2517b0416fd25bba,0.9994999766349792,0.000500023365020752,1,156,,global_top_l_filter,5000,0.0
B,hnsw,shuffle,time_of_day==morning,26.0,,,,36999,0.2572411875130362,f83257b73d6b251600a0ec243afa94c6be75479fcd17fd38b9a7353e963b3c5e,0.9990000128746033,0.0009999871253967285,2,156,,global_top_l_filter,5000,0.0
B,hnsw,shuffle,time_of_day==morning,27.0,,,,36999,0.2572411875130362,97dd29ed4d426126b06a28a24e932efacc309890ed2740694bf4d77e713659e6,0.9990000128746033,0.0009999871253967285,1,156,,global_top_l_filter,5000,0.0
B,hnsw,shuffle,time_of_day==morning,28.0,,,,36999,0.2572411875130362,23acd60e0c18fde22adefc9508d40a7535a2083cbd3dd4a74c24913e3cf452e3,0.9990000128746033,0.0009999871253967285,2,156,,global_top_l_filter,5000,0.0
B,hnsw,shuffle,time_of_day==morning,29.0,,,,36999,0.2572411875130362,f8f5dc1478d00c8eb77b3d788436446c3be9f9aa17ddeb2455360e57473badbe,1.0,0.0,0,156,,global_top_l_filter,5000,0.0
B,hnsw,shuffle,time_of_day==morning,30.0,,,,36999,0.2572411875130362,c8484c75b3cfe920f5c98050ee41ac10cc5b0393045ef3ad13c3a789d673f1e7,1.0,0.0,0,156,,global_top_l_filter,5000,0.0
B,hnsw,shuffle,time_of_day==morning,31.0,,,,36999,0.2572411875130362,347a87bf71ea61fa19a75bb655c8f27982f56d19d44fa3288a665ab6291e9fc5,0.9990000128746033,0.0009999871253967285,2,156,,global_top_l_filter,5000,0.0
B,hnsw,shuffle,time_of_day==morning,32.0,,,,36999,0.2572411875130362,379112bd87e1bf0b55f5166c2688e44b9d0c37defc3f04186aa392ae97643502,0.9994999766349792,0.000500023365020752,1,156,,global_top_l_filter,5000,0.0
B,hnsw,shuffle,time_of_day==morning,33.0,,,,36999,0.2572411875130362,68f116aa994a3be27d0f4f30b8831ed5e757d3f1537f5ac0ce7490f5d047553f,0.9990000128746033,0.0009999871253967285,2,156,,global_top_l_filter,5000,0.0
B,hnsw,shuffle,time_of_day==morning,34.0,,,,36999,0.2572411875130362,438056152e395e2a6c97655c9828275b6fc6c4f66d1568d4f74d1c1edef13e1c,0.9994999766349792,0.000500023365020752,1,156,,global_top_l_filter,5000,0.0
B,hnsw,shuffle,time_of_day==morning,35.0,,,,36999,0.2572411875130362,a0ba08b0ecfd97a5f8d832a60cc10a331489590fd6a13da611a85614387845ed,0.9994999766349792,0.000500023365020752,1,156,,global_top_l_filter,5000,0.0
B,hnsw,shuffle,time_of_day==morning,36.0,,,,36999,0.2572411875130362,f0fbddcf526e87f48fcd91ca3e234aa2721901a9271a385e9322703d9910b6cf,0.9994999766349792,0.000500023365020752,1,156,,global_top_l_filter,5000,0.0
B,hnsw,shuffle,time_of_day==morning,37.0,,,,36999,0.2572411875130362,04fe0d72b4e24c3c86150352c69b61b48e743e80498f5e7d767daeb4d7e4e5f4,0.9994999766349792,0.000500023365020752,1,156,,global_top_l_filter,5000,0.0
B,hnsw,shuffle,time_of_day==morning,38.0,,,,36999,0.2572411875130362,dff97e94da825d87850cff9092a8640c8a9ed877b960661db920bd381edd2cf6,0.9984999895095825,0.0015000104904174805,2,156,,global_top_l_filter,5000,0.0
B,hnsw,shuffle,time_of_day==morning,39.0,,,,36999,0.2572411875130362,a824dab3a4ed39472a432771d50ec129a2f06ef039400a5875e66a4bcd42160f,0.9994999766349792,0.000500023365020752,1,156,,global_top_l_filter,5000,0.0
B,hnsw,shuffle,time_of_day==morning,40.0,,,,36999,0.2572411875130362,b7fef60f3e2988570b382ec911f8c840631280929f04bfc54a8969135abefbf9,0.9994999766349792,0.000500023365020752,1,156,,global_top_l_filter,5000,0.0
B,hnsw,shuffle,time_of_day==morning,41.0,,,,36999,0.2572411875130362,69fe3cc25a3512aac3a80f0787d7b110c41a49a36f49b7df08ac5efb95770908,0.9990000128746033,0.0009999871253967285,2,156,,global_top_l_filter,5000,0.0
B,hnsw,shuffle,time_of_day==morning,42.0,,,,36999,0.2572411875130362,615b4254e06b4d624160a4958b58a76c4b39d4b395f4dacae1d83c0ff7ce6ff4,0.9994999766349792,0.000500023365020752,1,156,,global_top_l_filter,5000,0.0
B,hnsw,shuffle,time_of_day==morning,43.0,,,,36999,0.2572411875130362,09d05933b86128acdd643041dc60290b0972564b3790626480a44679c6a11750,0.9994999766349792,0.000500023365020752,1,156,,global_top_l_filter,5000,0.0
B,hnsw,shuffle,time_of_day==morning,44.0,,,,36999,0.2572411875130362,ae03b44ff973f17da0e1e92a78435b2e1c1405f6fe315ad4fcdf566e5361f8af,0.9990000128746033,0.0009999871253967285,2,156,,global_top_l_filter,5000,0.0
B,hnsw,shuffle,time_of_day==morning,45.0,,,,36999,0.2572411875130362,49514baf3139f17349512704a459e78cf61f4623c5341944560b3b14d339a9b5,0.9990000128746033,0.0009999871253967285,2,156,,global_top_l_filter,5000,0.0
B,hnsw,shuffle,time_of_day==morning,46.0,,,,36999,0.2572411875130362,abc24deaa47ac33b3db044af48624df3cbfb8d57dbbc0a6c11a6e24e09ffd71f,0.9994999766349792,0.000500023365020752,1,156,,global_top_l_filter,5000,0.0
B,hnsw,shuffle,time_of_day==morning,47.0,,,,36999,0.2572411875130362,c8f87283540920f3df7e133d113cbc1d0726bb56ce191362cdd4ee77df207aca,0.9994999766349792,0.000500023365020752,1,156,,global_top_l_filter,5000,0.0
B,hnsw,shuffle,time_of_day==morning,48.0,,,,36999,0.2572411875130362,791e28fc2ed2f48dc779a26c984a08c612c6aa9e94254e29723214bd6eae20bf,0.9994999766349792,0.000500023365020752,1,156,,global_top_l_filter,5000,0.0
B,hnsw,shuffle,time_of_day==morning,49.0,,,,36999,0.2572411875130362,5324128053e65410f6e02d5e9696395e236f7289c2503164cc07d46f0bbd504c,0.9990000128746033,0.0009999871253967285,2,156,,global_top_l_filter,5000,0.0
B,hnsw,shuffle,time_of_day==morning,50.0,,,,36999,0.2572411875130362,37e816fc894feb51f221605711f9ae728d9f141f260a562b42610ac22097613e,0.9985000491142273,0.001499950885772705,3,156,,global_top_l_filter,5000,0.0
B,hnsw,shuffle,time_of_day==morning,51.0,,,,36999,0.2572411875130362,6cfc3c0ffa211f68fb3e53700caf488f64391545cc1a224ddb1ceb00b33b84a6,0.9994999766349792,0.000500023365020752,1,156,,global_top_l_filter,5000,0.0
B,hnsw,shuffle,time_of_day==morning,52.0,,,,36999,0.2572411875130362,2e137f09bef089cd3a1e417f5188324042f245d71bf498bf9e939ac1b5b857ad,0.9994999766349792,0.000500023365020752,1,156,,global_top_l_filter,5000,0.0
B,hnsw,shuffle,time_of_day==morning,53.0,,,,36999,0.2572411875130362,2d4ad6b132af5223e42ef4c6d26ba194cc52e3eb5bb792abadf0654ee8aebaef,0.9994999766349792,0.000500023365020752,1,156,,global_top_l_filter,5000,0.0
B,hnsw,shuffle,time_of_day==morning,54.0,,,,36999,0.2572411875130362,8ec72b939575456d64ad011fb59c7ecf26f1569625d7286bf4e1db736761eb38,1.0,0.0,0,156,,global_top_l_filter,5000,0.0
B,hnsw,shuffle,time_of_day==morning,55.0,,,,36999,0.2572411875130362,3935971f2778bb92d03d4f82adf8f9956f1fd2efa23e62592856697b6613d349,0.9994999766349792,0.000500023365020752,1,156,,global_top_l_filter,5000,0.0
B,hnsw,shuffle,time_of_day==morning,56.0,,,,36999,0.2572411875130362,fec1650e5d4f8f75e8c2660d77c7ebc01b050b45150b3b0c21e59d5764eb9903,0.9980000257492065,0.001999974250793457,3,156,,global_top_l_filter,5000,0.0
B,hnsw,shuffle,time_of_day==morning,57.0,,,,36999,0.2572411875130362,52cbf61c0af2635fdca8e640b09608cb06ebe77ce7bf92e0bfd795f3bdf18b8b,1.0,0.0,0,156,,global_top_l_filter,5000,0.0
B,hnsw,shuffle,time_of_day==morning,58.0,,,,36999,0.2572411875130362,302fcf43d9072ef25119fcbb2d0fdfaef4c9ef6226cc0eda639e4df3a3cb7b82,0.9985000491142273,0.001499950885772705,3,156,,global_top_l_filter,5000,0.0
B,hnsw,shuffle,time_of_day==morning,59.0,,,,36999,0.2572411875130362,b444db009613dbff1a2ea7765be55523f5cb17e2918416fe3b024519c4cc48ab,0.9994999766349792,0.000500023365020752,1,156,,global_top_l_filter,5000,0.0
B,hnsw,shuffle,time_of_day==morning,60.0,,,,36999,0.2572411875130362,29d412e848383c63f446a0fcb99f861c8b1b58d552021ffe9fb0cd41cc6e9681,0.9994999766349792,0.000500023365020752,1,156,,global_top_l_filter,5000,0.0
B,hnsw,shuffle,time_of_day==morning,61.0,,,,36999,0.2572411875130362,c778affe682b93ec5add17eaf28252e9ef3396c5cdb71b5a9860bd40ab69fa48,1.0,0.0,0,156,,global_top_l_filter,5000,0.0
B,hnsw,shuffle,time_of_day==morning,62.0,,,,36999,0.2572411875130362,ff2150c94726c3944168738b272bf8b399725ce4ad78865a7512c9a03645a234,1.0,0.0,0,156,,global_top_l_filter,5000,0.0
B,hnsw,shuffle,time_of_day==morning,63.0,,,,36999,0.2572411875130362,3b62daea48245f86f6d110acedd330dfd9b99176d5f71c035231e4e382ef3380,0.9994999766349792,0.000500023365020752,1,156,,global_top_l_filter,5000,0.0
B,hnsw,shuffle,time_of_day==morning,64.0,,,,36999,0.2572411875130362,07832f3e70afd08a86954e7ad53ed04f37ca92042ace8dbd5a5219ce3624d34f,0.9994999766349792,0.000500023365020752,1,156,,global_top_l_filter,5000,0.0
B,hnsw,shuffle,time_of_day==morning,65.0,,,,36999,0.2572411875130362,8e88d4af22910aa98b414cc6aa8fad16ecee6e10f5501544df739612d6515448,1.0,0.0,0,156,,global_top_l_filter,5000,0.0
B,hnsw,shuffle,time_of_day==morning,66.0,,,,36999,0.2572411875130362,dcd88136a773113e7dddcc6c26d25c20f8a9260789a2adada77619327b923467,0.9984999895095825,0.0015000104904174805,3,156,,global_top_l_filter,5000,0.0
B,hnsw,shuffle,time_of_day==morning,67.0,,,,36999,0.2572411875130362,a5ef7e366fa3a68b484eb49b9f2d913a8fb4a9e28959e2f83da2fa450f3a2f57,0.9994999766349792,0.000500023365020752,1,156,,global_top_l_filter,5000,0.0
B,hnsw,shuffle,time_of_day==morning,68.0,,,,36999,0.2572411875130362,a231e54158b54f491015c463c715559271afa57a7ece46e714ca3b0ad43016e8,1.0,0.0,0,156,,global_top_l_filter,5000,0.0
B,hnsw,shuffle,time_of_day==morning,69.0,,,,36999,0.2572411875130362,40d18e3acfa26f06e7c46c9c68f7af6a01198456ef06906c82821355bd948815,0.9994999766349792,0.000500023365020752,1,156,,global_top_l_filter,5000,0.0
B,hnsw,shuffle,time_of_day==morning,70.0,,,,36999,0.2572411875130362,c9c579673f66d35d279a6cee1859cbc0b13a0296eac940339f89693e68dac24f,0.9990000128746033,0.0009999871253967285,1,156,,global_top_l_filter,5000,0.0
B,hnsw,shuffle,time_of_day==morning,71.0,,,,36999,0.2572411875130362,abf2c98ff12e8294738f891779b9de8ad55cfdfb69a8f8a613dc121a8d7d51e6,1.0,0.0,0,156,,global_top_l_filter,5000,0.0
B,hnsw,shuffle,time_of_day==morning,72.0,,,,36999,0.2572411875130362,849cd87cc90733c821278d6954d721c8b42a20b8a6725a1f926c432011278fae,1.0,0.0,0,156,,global_top_l_filter,5000,0.0
B,hnsw,shuffle,time_of_day==morning,73.0,,,,36999,0.2572411875130362,29227b2d7d11a96f8338277de2963a0fe92d387ee68879472bf01bf0dad38e2b,0.9975000023841858,0.002499997615814209,5,156,,global_top_l_filter,5000,0.0
B,hnsw,shuffle,time_of_day==morning,74.0,,,,36999,0.2572411875130362,487619517c280970f5883b24650ffc327704411d9aedd6df3457674719ec4762,0.9990000128746033,0.0009999871253967285,2,156,,global_top_l_filter,5000,0.0
B,hnsw,shuffle,time_of_day==morning,75.0,,,,36999,0.2572411875130362,2691c0f6589df33a7aa0e6c7fd860378a4c6ea5efc929887b6d8e5ccb4fa64ad,0.9994999766349792,0.000500023365020752,1,156,,global_top_l_filter,5000,0.0
B,hnsw,shuffle,time_of_day==morning,76.0,,,,36999,0.2572411875130362,af87a7cafc55c3f97de2dff968597ce81d3af560001b61c3ddab5222eeda3fe8,0.9990000128746033,0.0009999871253967285,2,156,,global_top_l_filter,5000,0.0
B,hnsw,shuffle,time_of_day==morning,77.0,,,,36999,0.2572411875130362,89611b65e268ae498736f93c9441645e7249e0cf2e35134b0a08c843a799db79,0.9984999895095825,0.0015000104904174805,3,156,,global_top_l_filter,5000,0.0
B,hnsw,shuffle,time_of_day==morning,78.0,,,,36999,0.2572411875130362,694134d101281361929841097d161d01944f22905e6febe8b7b95cce02b88b46,0.9990000128746033,0.0009999871253967285,2,156,,global_top_l_filter,5000,0.0
B,hnsw,shuffle,time_of_day==morning,79.0,,,,36999,0.2572411875130362,2f7368b4a76b85c1415d39427df4191ef3f0e3c62a454d25f23227a9fd3993ee,0.9990000128746033,0.0009999871253967285,2,156,,global_top_l_filter,5000,0.0
B,hnsw,shuffle,time_of_day==morning,80.0,,,,36999,0.2572411875130362,263c904ba5a077c3404f8087dd09942df0a40affff4ef98acbebe862c638a676,1.0,0.0,0,156,,global_top_l_filter,5000,0.0
B,hnsw,shuffle,time_of_day==morning,81.0,,,,36999,0.2572411875130362,d30ce8839c991fd53edd61c43c9c8eae7726b2e13dcc1e3138b9195669f44b22,0.9990000128746033,0.0009999871253967285,2,156,,global_top_l_filter,5000,0.0
B,hnsw,shuffle,time_of_day==morning,82.0,,,,36999,0.2572411875130362,69bbbcb8adf40b1a775c817b70fdfe6122260d5277628379234b0f107614fa27,0.9985000491142273,0.001499950885772705,3,156,,global_top_l_filter,5000,0.0
B,hnsw,shuffle,time_of_day==morning,83.0,,,,36999,0.2572411875130362,61b57b2e07b3e1895743657166ea4cc43a301ddd443823c12abc1a09f36a3c9a,0.9990000128746033,0.0009999871253967285,2,156,,global_top_l_filter,5000,0.0
B,hnsw,shuffle,time_of_day==morning,84.0,,,,36999,0.2572411875130362,bead435835117350e6d138168eae22df3ddcb90c6fa63a8bad142895254d1448,0.9990000128746033,0.0009999871253967285,2,156,,global_top_l_filter,5000,0.0
B,hnsw,shuffle,time_of_day==morning,85.0,,,,36999,0.2572411875130362,ae0efb089756b9066d7305a42fae0fa4ad960e0bcfa8caafb7ded362367da6f9,0.9990000128746033,0.0009999871253967285,2,156,,global_top_l_filter,5000,0.0
B,hnsw,shuffle,time_of_day==morning,86.0,,,,36999,0.2572411875130362,914ccd905ac89f3f4138e4ae41ba1295d5031d3316781dc446ccb948c87da5ef,0.9994999766349792,0.000500023365020752,1,156,,global_top_l_filter,5000,0.0
B,hnsw,shuffle,time_of_day==morning,87.0,,,,36999,0.2572411875130362,03065afdcc182fa4167de065f7c25ede141a5bfb07aa531bd9fbd3dfe9b0c076,1.0,0.0,0,156,,global_top_l_filter,5000,0.0
B,hnsw,shuffle,time_of_day==morning,88.0,,,,36999,0.2572411875130362,953b8ea0b54e9af49877384b154522976775131d61b258e06596cd3bb9808de7,0.9985000491142273,0.001499950885772705,3,156,,global_top_l_filter,5000,0.0
B,hnsw,shuffle,time_of_day==morning,89.0,,,,36999,0.2572411875130362,89ab494d232757ef6608f52dd449e57fb4d798b87444dcbba89ae261d29c406a,0.9975000023841858,0.002499997615814209,4,156,,global_top_l_filter,5000,0.0
B,hnsw,shuffle,time_of_day==morning,90.0,,,,36999,0.2572411875130362,8c73fb8ae56748cc32de6d57dcfc42979abdaf4fe9bb638376d0417be48d662a,0.9994999766349792,0.000500023365020752,1,156,,global_top_l_filter,5000,0.0
B,hnsw,shuffle,time_of_day==morning,91.0,,,,36999,0.2572411875130362,9264792b0f2f98fc1282c2ccae375b412bb4fe187ecb3a537b03dc53962d6951,1.0,0.0,0,156,,global_top_l_filter,5000,0.0
B,hnsw,shuffle,time_of_day==morning,92.0,,,,36999,0.2572411875130362,9146dabacf84d2503d1e29857c0728534e1ad14b428d3d2540d47339112cb0b8,0.9985000491142273,0.001499950885772705,3,156,,global_top_l_filter,5000,0.0
B,hnsw,shuffle,time_of_day==morning,93.0,,,,36999,0.2572411875130362,51ea66780ff5b3a8720ff6843b01a0ef96fed72e97541bf40aa4a1f49994c25d,0.9980000257492065,0.001999974250793457,3,156,,global_top_l_filter,5000,0.0
B,hnsw,shuffle,time_of_day==morning,94.0,,,,36999,0.2572411875130362,024b67ace26aa76b23742fbec13d6cdbef19f0bb9cef6ec22b1aa5131003d967,0.9984999895095825,0.0015000104904174805,1,156,,global_top_l_filter,5000,0.0
B,hnsw,shuffle,time_of_day==morning,95.0,,,,36999,0.2572411875130362,cc20603dd86046b9de4c94a4c0dfe23f039b44fb6c54422920cfc4ebf60a64de,0.9990000128746033,0.0009999871253967285,2,156,,global_top_l_filter,5000,0.0
B,hnsw,shuffle,time_of_day==morning,96.0,,,,36999,0.2572411875130362,d26d00c5b9d265f67df2373b668bee8ead2e1be6b4a3a74d4d25bac2be85638f,0.9990000128746033,0.0009999871253967285,2,156,,global_top_l_filter,5000,0.0
B,hnsw,shuffle,time_of_day==morning,97.0,,,,36999,0.2572411875130362,3bf3cc2957925f3ab72f348fbebdff8b2fda102f27495df223cd8539e5e44389,0.9984999895095825,0.0015000104904174805,3,156,,global_top_l_filter,5000,0.0
B,hnsw,shuffle,time_of_day==morning,98.0,,,,36999,0.2572411875130362,9832d426b3cc4b91ba6e9daf2147da6e39113b11b0191a9db4d00de20635bf3e,0.9994999766349792,0.000500023365020752,1,156,,global_top_l_filter,5000,0.0
B,hnsw,shuffle,time_of_day==morning,99.0,,,,36999,0.2572411875130362,c4e01b20ec036c130129c22f3f3d93ca9e858a0c67c496932dd6e70905a1135c,0.9985000491142273,0.001499950885772705,3,156,,global_top_l_filter,5000,0.0
B,hnsw,natural,time_of_day==afternoon,,,,,49998,0.34761871654036014,7e2932bd1ef142f32edd7f7d6443fc9261f45dfb832f2295ba029470b238ae4d,0.7909998893737793,0.2090001106262207,67,116,0.8159746556578841,global_top_l_filter,5000,0.0
B,hnsw,shuffle,time_of_day==afternoon,0.0,,,,49998,0.34761871654036014,b6454e588c10625a8770bdeee25cdec75de9facc5b74a0cc1b57a92dd1ef9c8e,0.9985000491142273,0.001499950885772705,3,116,,global_top_l_filter,5000,0.0
B,hnsw,shuffle,time_of_day==afternoon,1.0,,,,49998,0.34761871654036014,19479e283095cc6498514d3e0203da3e585ab8fbd121ec1dc5a79c905691a162,1.0,0.0,0,116,,global_top_l_filter,5000,0.0
B,hnsw,shuffle,time_of_day==afternoon,2.0,,,,49998,0.34761871654036014,d0b6b495c23cab387a9a9a5638bced174270efd5a45864c0694bf7c3afd16fa1,1.0,0.0,0,116,,global_top_l_filter,5000,0.0
B,hnsw,shuffle,time_of_day==afternoon,3.0,,,,49998,0.34761871654036014,56df2490b7923d9c67a707ac3ea2e6b788c6b53cd9c472f45feadb2d29e54ede,1.0,0.0,0,116,,global_top_l_filter,5000,0.0
B,hnsw,shuffle,time_of_day==afternoon,4.0,,,,49998,0.34761871654036014,608b7c0ebca3c48d686e61ecd9a6ba8eef49ea4237fda937047997734df453d7,1.0,0.0,0,116,,global_top_l_filter,5000,0.0
B,hnsw,shuffle,time_of_day==afternoon,5.0,,,,49998,0.34761871654036014,6f59ad3a89535783155990a7f9cacaf0d574eed59ebda8830f7fbda10b4f7cbc,1.0,0.0,0,116,,global_top_l_filter,5000,0.0
B,hnsw,shuffle,time_of_day==afternoon,6.0,,,,49998,0.34761871654036014,69b58bacd02bbb4a2b244a80da7bf684c5c76e8d778d72c77160c02bd1f0d01f,1.0,0.0,0,116,,global_top_l_filter,5000,0.0
B,hnsw,shuffle,time_of_day==afternoon,7.0,,,,49998,0.34761871654036014,cd0b23c3e3b2938e0312c1f3c09cdcf591e1bbe1758d350cad4d5df323e0031c,1.0,0.0,0,116,,global_top_l_filter,5000,0.0
B,hnsw,shuffle,time_of_day==afternoon,8.0,,,,49998,0.34761871654036014,376cc7e90f864d9555aead27b5eb939e0460c6043eef88b524cf29aed18bd7b2,0.9994999766349792,0.000500023365020752,1,116,,global_top_l_filter,5000,0.0
B,hnsw,shuffle,time_of_day==afternoon,9.0,,,,49998,0.34761871654036014,2c6b589af6f5f3394a7236295b72a70867ab6e8dbf7ecb1a562955e21720e343,0.9994999766349792,0.000500023365020752,1,116,,global_top_l_filter,5000,0.0
B,hnsw,shuffle,time_of_day==afternoon,10.0,,,,49998,0.34761871654036014,0887ae81a82b93ffc98116669edb5ee95719a2596202c19e284a20e001d1be57,1.0,0.0,0,116,,global_top_l_filter,5000,0.0
B,hnsw,shuffle,time_of_day==afternoon,11.0,,,,49998,0.34761871654036014,4eef8cfe9ed23fe4e68f85b12e4fe3a30886c13d390b06e7e58cec0725ac81cb,1.0,0.0,0,116,,global_top_l_filter,5000,0.0
B,hnsw,shuffle,time_of_day==afternoon,12.0,,,,49998,0.34761871654036014,df010fb28a2778bf8c62d2ed9bff8c96b5e8f05a0fb0287bdc5c4108f05270c2,0.9994999766349792,0.000500023365020752,1,116,,global_top_l_filter,5000,0.0
B,hnsw,shuffle,time_of_day==afternoon,13.0,,,,49998,0.34761871654036014,ae772e8a244aec12d410320d3b1d9ed0b106a09ec74942cf769d2fd456ea47ae,1.0,0.0,0,116,,global_top_l_filter,5000,0.0
B,hnsw,shuffle,time_of_day==afternoon,14.0,,,,49998,0.34761871654036014,6e0be0065ab76b2b054ba76b309a2a637521df80bb40a0bfde0ba664698ea6a4,0.9994999766349792,0.000500023365020752,1,116,,global_top_l_filter,5000,0.0
B,hnsw,shuffle,time_of_day==afternoon,15.0,,,,49998,0.34761871654036014,7bd453f6472ef92c9ecf42f4e78036106d1a08d6bf3ef14782e1d70cf756a02d,0.9994999766349792,0.000500023365020752,1,116,,global_top_l_filter,5000,0.0
B,hnsw,shuffle,time_of_day==afternoon,16.0,,,,49998,0.34761871654036014,cb0cb8cc2a423be6f93cf0496fa3d098b10dae4237c22075a122ddd2b8afebab,1.0,0.0,0,116,,global_top_l_filter,5000,0.0
B,hnsw,shuffle,time_of_day==afternoon,17.0,,,,49998,0.34761871654036014,b9d1680afab912b9ddec9fe3917810ff8e3a3f4f222ce230bf6e4e3dfe510fb2,1.0,0.0,0,116,,global_top_l_filter,5000,0.0
B,hnsw,shuffle,time_of_day==afternoon,18.0,,,,49998,0.34761871654036014,b29f3e9c73f804457f48d7db2dd7d7b204000a685dceb81f45f44b665c80494d,0.9994999766349792,0.000500023365020752,1,116,,global_top_l_filter,5000,0.0
B,hnsw,shuffle,time_of_day==afternoon,19.0,,,,49998,0.34761871654036014,9d488622d53c85c1b7ef313066c90ea7c5786fbed77e51c91a0f1c9f78ae5741,1.0,0.0,0,116,,global_top_l_filter,5000,0.0
B,hnsw,shuffle,time_of_day==afternoon,20.0,,,,49998,0.34761871654036014,dd72b8d8ff8f20643d05c7378cf20be3e920c811a605f263c4dda0345c127ce8,1.0,0.0,0,116,,global_top_l_filter,5000,0.0
B,hnsw,shuffle,time_of_day==afternoon,21.0,,,,49998,0.34761871654036014,0d4716aca5e89e9880683c58d890ba9b5c5dd5cc06d00c2fa0a712db1caa2510,1.0,0.0,0,116,,global_top_l_filter,5000,0.0
B,hnsw,shuffle,time_of_day==afternoon,22.0,,,,49998,0.34761871654036014,76f843310c247e64b662cfe35a4b8ce95e6c717c55b0a265cccc0c84f40f055d,0.9994999766349792,0.000500023365020752,1,116,,global_top_l_filter,5000,0.0
B,hnsw,shuffle,time_of_day==afternoon,23.0,,,,49998,0.34761871654036014,d61a982c1844cd99d779a0be23789f6fe97ead955a772ef86fa0f1454de7ad06,1.0,0.0,0,116,,global_top_l_filter,5000,0.0
B,hnsw,shuffle,time_of_day==afternoon,24.0,,,,49998,0.34761871654036014,a497f05787fd26953e840eaef6dd79bcc8accc89d9de9049b065f430c32ca041,1.0,0.0,0,116,,global_top_l_filter,5000,0.0
B,hnsw,shuffle,time_of_day==afternoon,25.0,,,,49998,0.34761871654036014,db924e4ce232f6e5659ddd973fbfe6c43a2c62002bdee7cc2088ce7a4e95637a,0.9994999766349792,0.000500023365020752,1,116,,global_top_l_filter,5000,0.0
B,hnsw,shuffle,time_of_day==afternoon,26.0,,,,49998,0.34761871654036014,be1a7ada1c59c4b19dad8d99e671802575841134297972738c5511023d3fb31d,1.0,0.0,0,116,,global_top_l_filter,5000,0.0
B,hnsw,shuffle,time_of_day==afternoon,27.0,,,,49998,0.34761871654036014,e225054e77d0744d77f862b99acaf8111a95c101e0f8d6e318b8061dc603e5e7,1.0,0.0,0,116,,global_top_l_filter,5000,0.0
B,hnsw,shuffle,time_of_day==afternoon,28.0,,,,49998,0.34761871654036014,df60ea7974a7486cab4156b40febce924bfd6d9ecc0f643dccc330efdf4ee583,1.0,0.0,0,116,,global_top_l_filter,5000,0.0
B,hnsw,shuffle,time_of_day==afternoon,29.0,,,,49998,0.34761871654036014,1f4277745adf4729278e31e1cdd72d227c5c6888e762785cd82e67647f16f608,1.0,0.0,0,116,,global_top_l_filter,5000,0.0
B,hnsw,shuffle,time_of_day==afternoon,30.0,,,,49998,0.34761871654036014,d8c8b99bacc24a693affb25596c7284bd12b8c954a9a7ada044b2299c0aecaaf,1.0,0.0,0,116,,global_top_l_filter,5000,0.0
B,hnsw,shuffle,time_of_day==afternoon,31.0,,,,49998,0.34761871654036014,d21ad9b65e1897b8e86d468a596d808ade6f3b0b97aec3b8b6de76f7c7f50e75,0.9994999766349792,0.000500023365020752,1,116,,global_top_l_filter,5000,0.0
B,hnsw,shuffle,time_of_day==afternoon,32.0,,,,49998,0.34761871654036014,5d0dddf283cfe66abc25a50ccc478879ed1a637a93d67aa62be7c0933be64759,0.9994999766349792,0.000500023365020752,1,116,,global_top_l_filter,5000,0.0
B,hnsw,shuffle,time_of_day==afternoon,33.0,,,,49998,0.34761871654036014,6e8781e087ffbbfa858083ec07862fc6aa0dab76919a9f7ed42f0ea273cdc3fb,0.9994999766349792,0.000500023365020752,1,116,,global_top_l_filter,5000,0.0
B,hnsw,shuffle,time_of_day==afternoon,34.0,,,,49998,0.34761871654036014,1b2d7595f1e6e47ecba9d736129c420791ed177b85065a78c3da65620dbec985,0.9990000128746033,0.0009999871253967285,2,116,,global_top_l_filter,5000,0.0
B,hnsw,shuffle,time_of_day==afternoon,35.0,,,,49998,0.34761871654036014,2b4febe9d31b8440417b5f2ea7567b1c33891c4b5d7b14548c770b0b38cf621d,1.0,0.0,0,116,,global_top_l_filter,5000,0.0
B,hnsw,shuffle,time_of_day==afternoon,36.0,,,,49998,0.34761871654036014,9c03d1e7c54e28cf186cb2864a4e9df2cc6882a8a6ce408428379dbd841f3be3,1.0,0.0,0,116,,global_top_l_filter,5000,0.0
B,hnsw,shuffle,time_of_day==afternoon,37.0,,,,49998,0.34761871654036014,0d21a6316abc76aafb62bd3f5a87f78e984eb7e3f47d1d2e0db5cb139d2e078d,0.9994999766349792,0.000500023365020752,1,116,,global_top_l_filter,5000,0.0
B,hnsw,shuffle,time_of_day==afternoon,38.0,,,,49998,0.34761871654036014,f220e7d8897dc1bcf92575df9ddd0c4dbfbb506bddc1051a634995f4d08fd76a,1.0,0.0,0,116,,global_top_l_filter,5000,0.0
B,hnsw,shuffle,time_of_day==afternoon,39.0,,,,49998,0.34761871654036014,52b153e0a7c4a474ec41a8ffefa8b7d73dc601c2f3bfd259482c2ef8f5c2e0e7,1.0,0.0,0,116,,global_top_l_filter,5000,0.0
B,hnsw,shuffle,time_of_day==afternoon,40.0,,,,49998,0.34761871654036014,bf8f118155898cb04fa88e76769bc3adb1583c4c30369cd3422f16fd5ea80ecb,1.0,0.0,0,116,,global_top_l_filter,5000,0.0
B,hnsw,shuffle,time_of_day==afternoon,41.0,,,,49998,0.34761871654036014,732033342cb1d224e72a512bf88fae4653ce5b458f8dc6d42748a384d286714b,0.9994999766349792,0.000500023365020752,1,116,,global_top_l_filter,5000,0.0
B,hnsw,shuffle,time_of_day==afternoon,42.0,,,,49998,0.34761871654036014,cfd1f3e8a643ffd3012604f9f2cba52fa32c3c5eef9aa6666fc8faa3b9b466af,1.0,0.0,0,116,,global_top_l_filter,5000,0.0
B,hnsw,shuffle,time_of_day==afternoon,43.0,,,,49998,0.34761871654036014,1e72680169ffb9f122569fa681bafa04cc56c0d83f717d47890037b3f9fb787a,1.0,0.0,0,116,,global_top_l_filter,5000,0.0
B,hnsw,shuffle,time_of_day==afternoon,44.0,,,,49998,0.34761871654036014,f26a4acc0ad10ff0930c1e9a71fc1404ae2d36ee6bedf2e37adbc527943091b0,1.0,0.0,0,116,,global_top_l_filter,5000,0.0
B,hnsw,shuffle,time_of_day==afternoon,45.0,,,,49998,0.34761871654036014,b5d19725012f400cc5017b245eba5f0b3385bb56f47c34094072f282d2152f92,1.0,0.0,0,116,,global_top_l_filter,5000,0.0
B,hnsw,shuffle,time_of_day==afternoon,46.0,,,,49998,0.34761871654036014,d4400c777867dd2034213e34726564d8f0d23e820c9b2f246a0cc6c6e4f03d64,1.0,0.0,0,116,,global_top_l_filter,5000,0.0
B,hnsw,shuffle,time_of_day==afternoon,47.0,,,,49998,0.34761871654036014,e2ded6a586657e8d4f830312b29690fa91ad30e93f16437ec32cd84c1527fb79,1.0,0.0,0,116,,global_top_l_filter,5000,0.0
B,hnsw,shuffle,time_of_day==afternoon,48.0,,,,49998,0.34761871654036014,6036006b934724fd315e42d7d1f0d2cce46c0d2d511cb07d52a4bdd7c7d9ce2f,0.9994999766349792,0.000500023365020752,1,116,,global_top_l_filter,5000,0.0
B,hnsw,shuffle,time_of_day==afternoon,49.0,,,,49998,0.34761871654036014,53bb9781b978254fb980bd17ba305b77ea10eb05d8bbe6026f68891697f272a4,1.0,0.0,0,116,,global_top_l_filter,5000,0.0
B,hnsw,shuffle,time_of_day==afternoon,50.0,,,,49998,0.34761871654036014,30d4983dbb19e1a33b9bfd5597a978d343d63da8a64a9e08a87b69586899ec1d,1.0,0.0,0,116,,global_top_l_filter,5000,0.0
B,hnsw,shuffle,time_of_day==afternoon,51.0,,,,49998,0.34761871654036014,0edfb9d959f34edb5344eff3a28154333afa014507f0182a40db208cf6b4b573,1.0,0.0,0,116,,global_top_l_filter,5000,0.0
B,hnsw,shuffle,time_of_day==afternoon,52.0,,,,49998,0.34761871654036014,05741194235995413fcfa97fab3f3468401abd100802a5b72ebc80da866bea3d,1.0,0.0,0,116,,global_top_l_filter,5000,0.0
B,hnsw,shuffle,time_of_day==afternoon,53.0,,,,49998,0.34761871654036014,5a1a54434bad2ed9c909b07da51ebf35f493b1a8a6cae86e653cffc7de11fa1a,1.0,0.0,0,116,,global_top_l_filter,5000,0.0
B,hnsw,shuffle,time_of_day==afternoon,54.0,,,,49998,0.34761871654036014,8797bab0f6cf3a9e255e3f82f58bef67e63bad2df221f14fa65bee9dea225fcb,0.9994999766349792,0.000500023365020752,1,116,,global_top_l_filter,5000,0.0
B,hnsw,shuffle,time_of_day==afternoon,55.0,,,,49998,0.34761871654036014,55404d0934184baf3423a1fac98f7925b7e492437ed8d964ab03bddd580dd642,1.0,0.0,0,116,,global_top_l_filter,5000,0.0
B,hnsw,shuffle,time_of_day==afternoon,56.0,,,,49998,0.34761871654036014,111876ac61993872c4b15d019d87aa1962213f08a42127c306f69b724eac05cc,1.0,0.0,0,116,,global_top_l_filter,5000,0.0
B,hnsw,shuffle,time_of_day==afternoon,57.0,,,,49998,0.34761871654036014,0202cc632a74032c5857ed49f111b348e8789250f5682e885df92742a4e0c972,1.0,0.0,0,116,,global_top_l_filter,5000,0.0
B,hnsw,shuffle,time_of_day==afternoon,58.0,,,,49998,0.34761871654036014,ce31c179cef89f2ac24f375dc968897274b6bba37a487476abd51c7f3220d974,1.0,0.0,0,116,,global_top_l_filter,5000,0.0
B,hnsw,shuffle,time_of_day==afternoon,59.0,,,,49998,0.34761871654036014,356e5b32262a8c8ec8e8e87d2acd48f6698ca06c3ae0dd16a3ac956ad1b3c42b,1.0,0.0,0,116,,global_top_l_filter,5000,0.0
B,hnsw,shuffle,time_of_day==afternoon,60.0,,,,49998,0.34761871654036014,eb233094060cd55feb1669f2ab8d7191fbabe42668a14fa6e9fccb9a8a7db9c1,1.0,0.0,0,116,,global_top_l_filter,5000,0.0
B,hnsw,shuffle,time_of_day==afternoon,61.0,,,,49998,0.34761871654036014,5baf6120e30b20c1d963bc43b284ff4a558dc6e9f37876a3e524bcdbe6c636d4,1.0,0.0,0,116,,global_top_l_filter,5000,0.0
B,hnsw,shuffle,time_of_day==afternoon,62.0,,,,49998,0.34761871654036014,35e9cabf03710fb5c428b4c46800f2978c4198b8f0b86f0df500f56adc3ab017,0.9994999766349792,0.000500023365020752,1,116,,global_top_l_filter,5000,0.0
B,hnsw,shuffle,time_of_day==afternoon,63.0,,,,49998,0.34761871654036014,fc68b364be1ca65643643b320838c4d8ad6a3b0f648105ddd3f210c00c3e720e,1.0,0.0,0,116,,global_top_l_filter,5000,0.0
B,hnsw,shuffle,time_of_day==afternoon,64.0,,,,49998,0.34761871654036014,c94c0e8559a253c7d1a9414dc5bbe5627b9011032cbcb246d3efe9e7117d3a92,0.9994999766349792,0.000500023365020752,1,116,,global_top_l_filter,5000,0.0
B,hnsw,shuffle,time_of_day==afternoon,65.0,,,,49998,0.34761871654036014,942af73213386f2bb7078ff56254ef7a9f3b60d3451d9b0c837216c10a81b1db,1.0,0.0,0,116,,global_top_l_filter,5000,0.0
B,hnsw,shuffle,time_of_day==afternoon,66.0,,,,49998,0.34761871654036014,0e1948e0115def128ecc8c73df246b27f9606f2ddcebc2f2ed4019a17813bb68,1.0,0.0,0,116,,global_top_l_filter,5000,0.0
B,hnsw,shuffle,time_of_day==afternoon,67.0,,,,49998,0.34761871654036014,a04fba1285be43c864478f7438b340e8476d229c50b8e679ee8f914160f35058,0.9990000128746033,0.0009999871253967285,2,116,,global_top_l_filter,5000,0.0
B,hnsw,shuffle,time_of_day==afternoon,68.0,,,,49998,0.34761871654036014,80352cce9d7500089a08522627baa932b4e1b19326e7b3b9c60714792bf599dc,1.0,0.0,0,116,,global_top_l_filter,5000,0.0
B,hnsw,shuffle,time_of_day==afternoon,69.0,,,,49998,0.34761871654036014,babf81f91b335de1d70011c7b824854fea8fccae7e6605e1392bebc0ec8d4c82,1.0,0.0,0,116,,global_top_l_filter,5000,0.0
B,hnsw,shuffle,time_of_day==afternoon,70.0,,,,49998,0.34761871654036014,e8344df6aa3c80beb0b3954557173deb8931718aaab775b0f9ecc033256be70c,1.0,0.0,0,116,,global_top_l_filter,5000,0.0
B,hnsw,shuffle,time_of_day==afternoon,71.0,,,,49998,0.34761871654036014,699fb60c563f77dbd20e252287d292217ab621981287aea07467d7f3b747a3ea,0.9994999766349792,0.000500023365020752,1,116,,global_top_l_filter,5000,0.0
B,hnsw,shuffle,time_of_day==afternoon,72.0,,,,49998,0.34761871654036014,49a5365a736c588bd39f198b0ac3074f7b876dcff1f96c9ec6da1adf5a8acfcd,1.0,0.0,0,116,,global_top_l_filter,5000,0.0
B,hnsw,shuffle,time_of_day==afternoon,73.0,,,,49998,0.34761871654036014,0f2adebeefc66107a89b297f54cd1a5e4cb2beb03a549e822090566f6495424b,0.9994999766349792,0.000500023365020752,1,116,,global_top_l_filter,5000,0.0
B,hnsw,shuffle,time_of_day==afternoon,74.0,,,,49998,0.34761871654036014,23e8a1478579821c8adc89653591ba8bc47355364494a7c7cc0f52845fb7807b,1.0,0.0,0,116,,global_top_l_filter,5000,0.0
B,hnsw,shuffle,time_of_day==afternoon,75.0,,,,49998,0.34761871654036014,dd1b1d4927cb7c01117519c0d027ba8763e4fb108cfde093a965ab6f9992a7ac,0.9990000128746033,0.0009999871253967285,2,116,,global_top_l_filter,5000,0.0
B,hnsw,shuffle,time_of_day==afternoon,76.0,,,,49998,0.34761871654036014,c51aa9a202fd5e45d508ec9498c3e3b1c392c83477474eee7784f5c4408b9ca6,1.0,0.0,0,116,,global_top_l_filter,5000,0.0
B,hnsw,shuffle,time_of_day==afternoon,77.0,,,,49998,0.34761871654036014,4598d46eb52abf4d1b142c2e12087ef94684e15e41127b756448280e2f8f339f,1.0,0.0,0,116,,global_top_l_filter,5000,0.0
B,hnsw,shuffle,time_of_day==afternoon,78.0,,,,49998,0.34761871654036014,4d4aa602d328a2a10103050cbe49587a9d83c78b2704f330581eb9c142bc31a7,1.0,0.0,0,116,,global_top_l_filter,5000,0.0
B,hnsw,shuffle,time_of_day==afternoon,79.0,,,,49998,0.34761871654036014,1bde6081806188809f4174acdfae2b5b06fc4d205ebfa44a36c44b6f60ee2291,0.9994999766349792,0.000500023365020752,1,116,,global_top_l_filter,5000,0.0
B,hnsw,shuffle,time_of_day==afternoon,80.0,,,,49998,0.34761871654036014,d091691c950c38c1c3df5a8aa1820291cb657a43f45dd6bf6c8285adbb19c88a,1.0,0.0,0,116,,global_top_l_filter,5000,0.0
B,hnsw,shuffle,time_of_day==afternoon,81.0,,,,49998,0.34761871654036014,deafd5cdd80013d8fb12e037cdd0e21a9819b845dcd4ed461df4277011042040,1.0,0.0,0,116,,global_top_l_filter,5000,0.0
B,hnsw,shuffle,time_of_day==afternoon,82.0,,,,49998,0.34761871654036014,a286228e26b08fcba3057893c6ac2ffef635c6a4df5ba682f7b23797a39ce871,1.0,0.0,0,116,,global_top_l_filter,5000,0.0
B,hnsw,shuffle,time_of_day==afternoon,83.0,,,,49998,0.34761871654036014,b3e78394b116449152ba1fb3a719cbfc866848bb0c1ec441e7ec3ed926aa13b3,1.0,0.0,0,116,,global_top_l_filter,5000,0.0
B,hnsw,shuffle,time_of_day==afternoon,84.0,,,,49998,0.34761871654036014,cc3ec74f37f4fd6f5c0f8b94c7ca6901dfd53a702afef3e08c833662b349b5f6,0.9994999766349792,0.000500023365020752,1,116,,global_top_l_filter,5000,0.0
B,hnsw,shuffle,time_of_day==afternoon,85.0,,,,49998,0.34761871654036014,2f9ad17f00477fbb7a6a687d3fa1c64ae51efd76cb7ae94aa31f25030847f508,0.9994999766349792,0.000500023365020752,1,116,,global_top_l_filter,5000,0.0
B,hnsw,shuffle,time_of_day==afternoon,86.0,,,,49998,0.34761871654036014,5ddc0f636c43f4bed24fa2f121dd654068a326211de5de6067f888d9891ddf13,1.0,0.0,0,116,,global_top_l_filter,5000,0.0
B,hnsw,shuffle,time_of_day==afternoon,87.0,,,,49998,0.34761871654036014,35cca0ea9a6d1c1a142a33dd71227fa230e27fa6506b842a37f21c4bf1069dfc,0.9990000128746033,0.0009999871253967285,2,116,,global_top_l_filter,5000,0.0
B,hnsw,shuffle,time_of_day==afternoon,88.0,,,,49998,0.34761871654036014,0ef333220d37940d39dd4e9d101903f74f03c371e1036594fb8646d4f3b2f4bd,1.0,0.0,0,116,,global_top_l_filter,5000,0.0
B,hnsw,shuffle,time_of_day==afternoon,89.0,,,,49998,0.34761871654036014,7c36be72c2a915c651e2d1b9eea9a4679cfc1f4813b8b607e92e73e1d079802d,1.0,0.0,0,116,,global_top_l_filter,5000,0.0
B,hnsw,shuffle,time_of_day==afternoon,90.0,,,,49998,0.34761871654036014,3adf9d9fd1749a789a33a33871e27cd66c159179d464316ddc26ab35b197571a,1.0,0.0,0,116,,global_top_l_filter,5000,0.0
B,hnsw,shuffle,time_of_day==afternoon,91.0,,,,49998,0.34761871654036014,5ca57648081dff7223f7b7b937f38034d295f4d736acfd48d361d2a16f5c5610,1.0,0.0,0,116,,global_top_l_filter,5000,0.0
B,hnsw,shuffle,time_of_day==afternoon,92.0,,,,49998,0.34761871654036014,9c0337c5396be7bfff50a99034feb28f2c4c585279f87843a69e2299fb146c45,1.0,0.0,0,116,,global_top_l_filter,5000,0.0
B,hnsw,shuffle,time_of_day==afternoon,93.0,,,,49998,0.34761871654036014,1eab509ed3f2902aa10e3cbb2fcaf59eb1c257bc8f9b152debd801b738715066,1.0,0.0,0,116,,global_top_l_filter,5000,0.0
B,hnsw,shuffle,time_of_day==afternoon,94.0,,,,49998,0.34761871654036014,0621dd0f6c63ebe3769f50d37c7c68d828d37a7990a32acd7e1cef53085bb20f,1.0,0.0,0,116,,global_top_l_filter,5000,0.0
B,hnsw,shuffle,time_of_day==afternoon,95.0,,,,49998,0.34761871654036014,8c3e20bf4559977c458cc9225f2c28db77e4036dda476932caa0afb3b74ef441,1.0,0.0,0,116,,global_top_l_filter,5000,0.0
B,hnsw,shuffle,time_of_day==afternoon,96.0,,,,49998,0.34761871654036014,aba842df462958764c404cdff5e1445f06378cbfe2b20811d641078186cf71a5,1.0,0.0,0,116,,global_top_l_filter,5000,0.0
B,hnsw,shuffle,time_of_day==afternoon,97.0,,,,49998,0.34761871654036014,1bd39e4b4387a4832db9e18a77397df62ba77ade4b1d85da63590d0af42dc4ff,1.0,0.0,0,116,,global_top_l_filter,5000,0.0
B,hnsw,shuffle,time_of_day==afternoon,98.0,,,,49998,0.34761871654036014,9f59608b01fb3db5ad7ef4c36b6e148daca446db8165dcbc0625d1370eb7bd9a,0.9994999766349792,0.000500023365020752,1,116,,global_top_l_filter,5000,0.0
B,hnsw,shuffle,time_of_day==afternoon,99.0,,,,49998,0.34761871654036014,acc8cda5614ead61f15fd04b9428a0d10748b918a4b3a570b097ee807a516d3b,1.0,0.0,0,116,,global_top_l_filter,5000,0.0
B,hnsw,natural,time_of_day==evening,,,,,42398,0.29477855801988456,c9f75e5926e6fff8ad442071dd20f8640bf6a69fc3bd09e38c3eaab5814652ba,0.3465000092983246,0.653499960899353,134,136,0.8267524879602378,global_top_l_filter,10000,0.0
B,hnsw,shuffle,time_of_day==evening,0.0,,,,42398,0.29477855801988456,086d989e048181cc889587a99d0d76c7204986a433dd4e206695ca8ecbbc87e3,0.9994999766349792,0.000500023365020752,1,136,,global_top_l_filter,5000,0.0
B,hnsw,shuffle,time_of_day==evening,1.0,,,,42398,0.29477855801988456,ed807164fd5de0542dec79eefbdf5ab572c63cf4d0ee6710c0e4cfaff91c17c5,1.0,0.0,0,136,,global_top_l_filter,5000,0.0
B,hnsw,shuffle,time_of_day==evening,2.0,,,,42398,0.29477855801988456,3f518bdc3192c6e5492cdf7ba29f1ecccafa8e03a27a221ed99ceed37271fd66,1.0,0.0,0,136,,global_top_l_filter,5000,0.0
B,hnsw,shuffle,time_of_day==evening,3.0,,,,42398,0.29477855801988456,0a4f91be26feee97201e33539aad08bacf8526034ea1554ac7b92756198d100d,1.0,0.0,0,136,,global_top_l_filter,5000,0.0
B,hnsw,shuffle,time_of_day==evening,4.0,,,,42398,0.29477855801988456,fb99f47cd8d9668960d94d7152ddacc942832ad0ca5e32ad74633629754314a3,1.0,0.0,0,136,,global_top_l_filter,5000,0.0
B,hnsw,shuffle,time_of_day==evening,5.0,,,,42398,0.29477855801988456,f2be9d44f321b52415e1096f4936fb78b2895e0d926c86b91ddf00d710f5c76c,0.9985000491142273,0.001499950885772705,3,136,,global_top_l_filter,5000,0.0
B,hnsw,shuffle,time_of_day==evening,6.0,,,,42398,0.29477855801988456,bc764e4f6f611c812decf994be500813646a4caff50dbc95413680f4f095aef4,0.9994999766349792,0.000500023365020752,1,136,,global_top_l_filter,5000,0.0
B,hnsw,shuffle,time_of_day==evening,7.0,,,,42398,0.29477855801988456,4b237616f147849d7b70c4d3226f8e81bc5cc6cd5a8d4c84453f37517ddc8d1b,1.0,0.0,0,136,,global_top_l_filter,5000,0.0
B,hnsw,shuffle,time_of_day==evening,8.0,,,,42398,0.29477855801988456,6cfe6a6880ca6e75c955593219aaea45001c43caeea09317d9b5016c46bad55b,1.0,0.0,0,136,,global_top_l_filter,5000,0.0
B,hnsw,shuffle,time_of_day==evening,9.0,,,,42398,0.29477855801988456,db18e70476b6dc0b583a0a1d30d28b7fc9c6efe9c00329123b4b3d087a52425c,1.0,0.0,0,136,,global_top_l_filter,5000,0.0
B,hnsw,shuffle,time_of_day==evening,10.0,,,,42398,0.29477855801988456,16496f883109467c19879bb8fc6aaa9fb2681301fe1eec393827f3358c063864,0.9994999766349792,0.000500023365020752,1,136,,global_top_l_filter,5000,0.0
B,hnsw,shuffle,time_of_day==evening,11.0,,,,42398,0.29477855801988456,35a594ebcd3d66e16fdb856824bab6f61783cf7756bc19180c4daa57a0b989e8,0.9994999766349792,0.000500023365020752,1,136,,global_top_l_filter,5000,0.0
B,hnsw,shuffle,time_of_day==evening,12.0,,,,42398,0.29477855801988456,9eae39c3cef7d1fa0303b8fef354d163197f0552742d43db38dc2798736ff676,0.9994999766349792,0.000500023365020752,1,136,,global_top_l_filter,5000,0.0
B,hnsw,shuffle,time_of_day==evening,13.0,,,,42398,0.29477855801988456,654d7c12954813f32de3e7eafab7f012602254bb1f3bd0269c5e203708672923,0.9994999766349792,0.000500023365020752,1,136,,global_top_l_filter,5000,0.0
B,hnsw,shuffle,time_of_day==evening,14.0,,,,42398,0.29477855801988456,bd7dca807fa3c854376bd3db9ebdd913d37916ca38f02bd0bacc383fc95808dc,0.9994999766349792,0.000500023365020752,1,136,,global_top_l_filter,5000,0.0
B,hnsw,shuffle,time_of_day==evening,15.0,,,,42398,0.29477855801988456,2ad9fa4971059e70d91fd87069ed4793f6b8e0e3ef18eb900c94846d32df2d67,0.9994999766349792,0.000500023365020752,1,136,,global_top_l_filter,5000,0.0
B,hnsw,shuffle,time_of_day==evening,16.0,,,,42398,0.29477855801988456,0c70fe30ef746961a3800517e6ff826a937938bb6b7cd84d3a353b77ee5e6dd6,1.0,0.0,0,136,,global_top_l_filter,5000,0.0
B,hnsw,shuffle,time_of_day==evening,17.0,,,,42398,0.29477855801988456,33dd29549334bb5ecf5816cbdf2ab6e6a65805ac7b9c0f408c6c40760a60a1f3,0.9994999766349792,0.000500023365020752,1,136,,global_top_l_filter,5000,0.0
B,hnsw,shuffle,time_of_day==evening,18.0,,,,42398,0.29477855801988456,05c672e97ee85ee5eccd5df1cb43751e8a75bbf9c97cb88337d1618d1f7c0c75,1.0,0.0,0,136,,global_top_l_filter,5000,0.0
B,hnsw,shuffle,time_of_day==evening,19.0,,,,42398,0.29477855801988456,20954880e9953fc5dae770f422ddc61efbcf68212cd1cbe935dce39be4db0eb5,1.0,0.0,0,136,,global_top_l_filter,5000,0.0
B,hnsw,shuffle,time_of_day==evening,20.0,,,,42398,0.29477855801988456,57981527019d42a08fbf1e1aef88d7715758ef985d6b043da56571dc6ca62b11,1.0,0.0,0,136,,global_top_l_filter,5000,0.0
B,hnsw,shuffle,time_of_day==evening,21.0,,,,42398,0.29477855801988456,356e9f1fcdc6da0d65360a2662a31485b4cf575c4948d9334f799e7512e093fe,0.9994999766349792,0.000500023365020752,1,136,,global_top_l_filter,5000,0.0
B,hnsw,shuffle,time_of_day==evening,22.0,,,,42398,0.29477855801988456,4a9dd1bf10b585f9e4588cfb0b11626888e3115db2427d6546a12e6dd4a3bbe1,0.9994999766349792,0.000500023365020752,1,136,,global_top_l_filter,5000,0.0
B,hnsw,shuffle,time_of_day==evening,23.0,,,,42398,0.29477855801988456,15fad45d54008f7fcada9997e5ab2aec0bd8d89d4628c2529999d5863179bc91,0.9994999766349792,0.000500023365020752,1,136,,global_top_l_filter,5000,0.0
B,hnsw,shuffle,time_of_day==evening,24.0,,,,42398,0.29477855801988456,c1de9c79e97d5143f48d60140fcb83ea6c967b857390db830352db9a823f5ca7,1.0,0.0,0,136,,global_top_l_filter,5000,0.0
B,hnsw,shuffle,time_of_day==evening,25.0,,,,42398,0.29477855801988456,835444149cbac465a41963e0154345b729017c661d6b4c4b8712621cd3fbd5ca,0.9990000128746033,0.0009999871253967285,2,136,,global_top_l_filter,5000,0.0
B,hnsw,shuffle,time_of_day==evening,26.0,,,,42398,0.29477855801988456,67b2e6ba48ef6423c5264a296b27c3531809adaae4a5a7bcc60b83fe715b2488,0.9990000128746033,0.0009999871253967285,2,136,,global_top_l_filter,5000,0.0
B,hnsw,shuffle,time_of_day==evening,27.0,,,,42398,0.29477855801988456,229623e95936eac0eb7fd713e6d5ea189152f69e320f8d3f11e559d99c79bd62,0.9994999766349792,0.000500023365020752,1,136,,global_top_l_filter,5000,0.0
B,hnsw,shuffle,time_of_day==evening,28.0,,,,42398,0.29477855801988456,da0bc35eb007e1e299bfe01900dfaeed012fe70fa58b6a1bc9a512ccab76421f,0.9990000128746033,0.0009999871253967285,2,136,,global_top_l_filter,5000,0.0
B,hnsw,shuffle,time_of_day==evening,29.0,,,,42398,0.29477855801988456,27772850215944b6a9bcb42ea1924b04c498c19903ab8ba619282b746a681531,0.9994999766349792,0.000500023365020752,1,136,,global_top_l_filter,5000,0.0
B,hnsw,shuffle,time_of_day==evening,30.0,,,,42398,0.29477855801988456,ae7d7329b74fd97c25a04b62556953abce9e3e0c155d3f3b75046dc4438e4b20,0.9994999766349792,0.000500023365020752,1,136,,global_top_l_filter,5000,0.0
B,hnsw,shuffle,time_of_day==evening,31.0,,,,42398,0.29477855801988456,ca5f9342abdf3f41f61d26158e61099050a824772edda33ffd51e8c38a6ac0ea,0.9994999766349792,0.000500023365020752,1,136,,global_top_l_filter,5000,0.0
B,hnsw,shuffle,time_of_day==evening,32.0,,,,42398,0.29477855801988456,efc593eccf22a376497e38cf17b1046a6fcba6951bb032170a44f04db05907e0,0.9990000128746033,0.0009999871253967285,2,136,,global_top_l_filter,5000,0.0
B,hnsw,shuffle,time_of_day==evening,33.0,,,,42398,0.29477855801988456,9f4495cd14dcaa42f4409c93b210b1763e3e58a2d298ef6e82c90e739b98294b,1.0,0.0,0,136,,global_top_l_filter,5000,0.0
B,hnsw,shuffle,time_of_day==evening,34.0,,,,42398,0.29477855801988456,8e48447b59f4cc69cc3ffbd0ff93bf4237ed84360fba1410d3fa2845719a689b,1.0,0.0,0,136,,global_top_l_filter,5000,0.0
B,hnsw,shuffle,time_of_day==evening,35.0,,,,42398,0.29477855801988456,c158fc60191ad9e0128a6bff50ed97f9c4f4750bb26c509d049817acafb3ebcf,0.9990000128746033,0.0009999871253967285,2,136,,global_top_l_filter,5000,0.0
B,hnsw,shuffle,time_of_day==evening,36.0,,,,42398,0.29477855801988456,d309eee3902ad7c0deb598be676c4f86461fcb6a325ff6cc02f88d064b04602e,0.9994999766349792,0.000500023365020752,1,136,,global_top_l_filter,5000,0.0
B,hnsw,shuffle,time_of_day==evening,37.0,,,,42398,0.29477855801988456,14a3f94e99696e6a72a030c47920c8dc3bf58eab63a98e9b6d6f269003179c79,0.9994999766349792,0.000500023365020752,1,136,,global_top_l_filter,5000,0.0
B,hnsw,shuffle,time_of_day==evening,38.0,,,,42398,0.29477855801988456,e4f420638345c03c9693e1302ce0443c16d269f20c6beefd73936fd4ff964afd,1.0,0.0,0,136,,global_top_l_filter,5000,0.0
B,hnsw,shuffle,time_of_day==evening,39.0,,,,42398,0.29477855801988456,0afc57de45c9e9f47b633b1cf57d1431a05548b65b9e774c92696454b4e1e3e2,1.0,0.0,0,136,,global_top_l_filter,5000,0.0
B,hnsw,shuffle,time_of_day==evening,40.0,,,,42398,0.29477855801988456,d22dd817981ab4eb85315a20e197faedcdf3227bb1cf5de650a922cce0c6a603,0.9985000491142273,0.001499950885772705,3,136,,global_top_l_filter,5000,0.0
B,hnsw,shuffle,time_of_day==evening,41.0,,,,42398,0.29477855801988456,1c3348f255b07de24440ccc1ff915e5f9e9655c25a6a3f238a35eb4595fc5d4e,1.0,0.0,0,136,,global_top_l_filter,5000,0.0
B,hnsw,shuffle,time_of_day==evening,42.0,,,,42398,0.29477855801988456,8c3c76558bd8613827a11868da2e49975486766e09544edf1986cf3d61d24a11,0.9990000128746033,0.0009999871253967285,2,136,,global_top_l_filter,5000,0.0
B,hnsw,shuffle,time_of_day==evening,43.0,,,,42398,0.29477855801988456,620fbe05b0ca473cf285a890eb9d2f1e1c28dc768ca20d999b63e795cab589f6,0.9994999766349792,0.000500023365020752,1,136,,global_top_l_filter,5000,0.0
B,hnsw,shuffle,time_of_day==evening,44.0,,,,42398,0.29477855801988456,38717a4c15fee81e3fcab9d18faaa36ecee376f60e8033437bad697491d9f38a,1.0,0.0,0,136,,global_top_l_filter,5000,0.0
B,hnsw,shuffle,time_of_day==evening,45.0,,,,42398,0.29477855801988456,e440c59a9489731f29564d065b534b7fa934867d882ad37c976207378db2b894,1.0,0.0,0,136,,global_top_l_filter,5000,0.0
B,hnsw,shuffle,time_of_day==evening,46.0,,,,42398,0.29477855801988456,4120d8c9ce6a2daff4e421cf511271c13302c68fd500792170ee4170117b71a4,0.9994999766349792,0.000500023365020752,1,136,,global_top_l_filter,5000,0.0
B,hnsw,shuffle,time_of_day==evening,47.0,,,,42398,0.29477855801988456,8870d75ddfb106c0bba9339e2bb3cd957a73530b6957c0aa4cfb74bd9b718751,0.9985000491142273,0.001499950885772705,3,136,,global_top_l_filter,5000,0.0
B,hnsw,shuffle,time_of_day==evening,48.0,,,,42398,0.29477855801988456,83e9f84850e5a9de8b0f28ef95744dbf19d86b64833e38ca475883fe41cce2df,1.0,0.0,0,136,,global_top_l_filter,5000,0.0
B,hnsw,shuffle,time_of_day==evening,49.0,,,,42398,0.29477855801988456,34699dbf9443f301c04cc029900f8046c53fe9fca1193d080d093d6b1431936f,1.0,0.0,0,136,,global_top_l_filter,5000,0.0
B,hnsw,shuffle,time_of_day==evening,50.0,,,,42398,0.29477855801988456,883d29c8476c35e667518514f38cb67598f140552be37dc7a27f0a38923235b7,1.0,0.0,0,136,,global_top_l_filter,5000,0.0
B,hnsw,shuffle,time_of_day==evening,51.0,,,,42398,0.29477855801988456,1274b4f86a187835665c634874c3323fae130e9946186542e20205c721bc49e7,0.9994999766349792,0.000500023365020752,1,136,,global_top_l_filter,5000,0.0
B,hnsw,shuffle,time_of_day==evening,52.0,,,,42398,0.29477855801988456,11e440b6ae656d5da94b08a49dbb7aa68a65290a3ece241ed6bfa00da19ba938,1.0,0.0,0,136,,global_top_l_filter,5000,0.0
B,hnsw,shuffle,time_of_day==evening,53.0,,,,42398,0.29477855801988456,ae16ea92ae01c547de46d9072d497afcf8cea37e4a41df908411f48a7080c356,0.9990000128746033,0.0009999871253967285,2,136,,global_top_l_filter,5000,0.0
B,hnsw,shuffle,time_of_day==evening,54.0,,,,42398,0.29477855801988456,d046e4c69997385aef3475c933c65a7c2f18a2d84b0c687f9bbfa01bbccdd500,1.0,0.0,0,136,,global_top_l_filter,5000,0.0
B,hnsw,shuffle,time_of_day==evening,55.0,,,,42398,0.29477855801988456,d78f5a051fd5b29bb7458a480652d97e141214a033ec6312513c052387fa0424,0.9990000128746033,0.0009999871253967285,2,136,,global_top_l_filter,5000,0.0
B,hnsw,shuffle,time_of_day==evening,56.0,,,,42398,0.29477855801988456,8e11c8dd1b19a9e3b4ab261c0de6b619b8d6caa7a9d70c854ae97f731d5fcab5,1.0,0.0,0,136,,global_top_l_filter,5000,0.0
B,hnsw,shuffle,time_of_day==evening,57.0,,,,42398,0.29477855801988456,2be6b180324b51b7390f7a29cb96f24ee573e778f3c5112adb2cbe69b5366499,0.9994999766349792,0.000500023365020752,1,136,,global_top_l_filter,5000,0.0
B,hnsw,shuffle,time_of_day==evening,58.0,,,,42398,0.29477855801988456,ddde851b863aac2549741fb7ec3388476d9a0b7fde229687d133aeed6afb3fb7,0.9994999766349792,0.000500023365020752,1,136,,global_top_l_filter,5000,0.0
B,hnsw,shuffle,time_of_day==evening,59.0,,,,42398,0.29477855801988456,535721412de0349a9c474b3df8314ca1b4919750a314511a7334fa97414c6d12,1.0,0.0,0,136,,global_top_l_filter,5000,0.0
B,hnsw,shuffle,time_of_day==evening,60.0,,,,42398,0.29477855801988456,7825534e687944c632c3a5ccab49ea2ae1d083a5976ad9696dd3abbbfd2c32d6,1.0,0.0,0,136,,global_top_l_filter,5000,0.0
B,hnsw,shuffle,time_of_day==evening,61.0,,,,42398,0.29477855801988456,6a6e0c595660ee98e8cbddfba258ce601f1b7e9e015fdd5efbf7bc8d805b4919,1.0,0.0,0,136,,global_top_l_filter,5000,0.0
B,hnsw,shuffle,time_of_day==evening,62.0,,,,42398,0.29477855801988456,11cd9d3fe540d2f27509f8deb2befee727453ae34c83c053f30bddd946f8f711,1.0,0.0,0,136,,global_top_l_filter,5000,0.0
B,hnsw,shuffle,time_of_day==evening,63.0,,,,42398,0.29477855801988456,c68356f1d174717c372673843e1fb87205670ebc8606b363f73fbaa3165d36d6,0.9990000128746033,0.0009999871253967285,2,136,,global_top_l_filter,5000,0.0
B,hnsw,shuffle,time_of_day==evening,64.0,,,,42398,0.29477855801988456,e75f2ebdf558decbb05938526c03e17b39d845038910d3ad391a6372767d3dbe,1.0,0.0,0,136,,global_top_l_filter,5000,0.0
B,hnsw,shuffle,time_of_day==evening,65.0,,,,42398,0.29477855801988456,0b444248091308d5b48addc30fed2e8dd324d864a4e665ff84ffc2f529382285,0.9990000128746033,0.0009999871253967285,2,136,,global_top_l_filter,5000,0.0
B,hnsw,shuffle,time_of_day==evening,66.0,,,,42398,0.29477855801988456,8b23c207549f07f7b8b85280f44a87d0308e87273570b956682a3f158a66ac91,1.0,0.0,0,136,,global_top_l_filter,5000,0.0
B,hnsw,shuffle,time_of_day==evening,67.0,,,,42398,0.29477855801988456,8dde2626a9da7e054b4b1e20322d9809d83d6fb335d3bf087cae5af15573f513,1.0,0.0,0,136,,global_top_l_filter,5000,0.0
B,hnsw,shuffle,time_of_day==evening,68.0,,,,42398,0.29477855801988456,d852ad95dd9c2fd62e93aac5aff79eef1fb850a9c8f6fa160d6b2781abf81847,1.0,0.0,0,136,,global_top_l_filter,5000,0.0
B,hnsw,shuffle,time_of_day==evening,69.0,,,,42398,0.29477855801988456,bd24ba42ef615bceb311b5d9d716c74bb58e3094624eb9a409860de7d1730cc3,1.0,0.0,0,136,,global_top_l_filter,5000,0.0
B,hnsw,shuffle,time_of_day==evening,70.0,,,,42398,0.29477855801988456,d1a5c836de86d2b985adbca112254212874c6f392317856c083b83c3b46a7c10,0.9994999766349792,0.000500023365020752,1,136,,global_top_l_filter,5000,0.0
B,hnsw,shuffle,time_of_day==evening,71.0,,,,42398,0.29477855801988456,040745dcf2b49b10298f7bc0a8274e0773666234064ee1feec48ea4a91bca89d,0.9994999766349792,0.000500023365020752,1,136,,global_top_l_filter,5000,0.0
B,hnsw,shuffle,time_of_day==evening,72.0,,,,42398,0.29477855801988456,8429a66a452b209ae6bdd3bf1e8ea7824adf032a7d7f71c74374361dc048c78e,0.9994999766349792,0.000500023365020752,1,136,,global_top_l_filter,5000,0.0
B,hnsw,shuffle,time_of_day==evening,73.0,,,,42398,0.29477855801988456,d17ac605f3dfba102660233880eac825b8eecd954693ee549ff2daa554963b31,1.0,0.0,0,136,,global_top_l_filter,5000,0.0
B,hnsw,shuffle,time_of_day==evening,74.0,,,,42398,0.29477855801988456,c0826f8dcc07391bb915cc21ba78741bb044a5d0fa2acdbbeaf59578e482180b,1.0,0.0,0,136,,global_top_l_filter,5000,0.0
B,hnsw,shuffle,time_of_day==evening,75.0,,,,42398,0.29477855801988456,e8edc6aef2f8157e8aed0fa79c3f4c67663dcf5360ba77f24d355a9ed0f69ed8,0.9994999766349792,0.000500023365020752,1,136,,global_top_l_filter,5000,0.0
B,hnsw,shuffle,time_of_day==evening,76.0,,,,42398,0.29477855801988456,5ef7ccc44a75b641419c2d805b0940e850a1be488711c05cfc1cc478a8882d10,1.0,0.0,0,136,,global_top_l_filter,5000,0.0
B,hnsw,shuffle,time_of_day==evening,77.0,,,,42398,0.29477855801988456,131c158c759024eae963ec38fe1f5306d364caf238f1fee32baf4aafac39d1a2,1.0,0.0,0,136,,global_top_l_filter,5000,0.0
B,hnsw,shuffle,time_of_day==evening,78.0,,,,42398,0.29477855801988456,f7465cf944198fbdf4e5175977726bedd0f2b51a1b82281d02038323c52d8b5e,0.9990000128746033,0.0009999871253967285,1,136,,global_top_l_filter,5000,0.0
B,hnsw,shuffle,time_of_day==evening,79.0,,,,42398,0.29477855801988456,11fb3f96167dc17f6ff7b89fbda846859d3466cfc93dca728b4c491766b8ccef,0.9990000128746033,0.0009999871253967285,1,136,,global_top_l_filter,5000,0.0
B,hnsw,shuffle,time_of_day==evening,80.0,,,,42398,0.29477855801988456,d57b70ae0d738610496b7f400ec6b35d4e304c8cc465ca538bbf5c79215bfcfc,0.9994999766349792,0.000500023365020752,1,136,,global_top_l_filter,5000,0.0
B,hnsw,shuffle,time_of_day==evening,81.0,,,,42398,0.29477855801988456,d5b639e3b0646a6d772b8bae2f9fe8203623fd53e1aef808d78046f550439a7e,0.9994999766349792,0.000500023365020752,1,136,,global_top_l_filter,5000,0.0
B,hnsw,shuffle,time_of_day==evening,82.0,,,,42398,0.29477855801988456,187e9d54c2d4793ae93de74438eb23c171ffdf24ef0c2a8cb68aac00d3ac6a13,1.0,0.0,0,136,,global_top_l_filter,5000,0.0
B,hnsw,shuffle,time_of_day==evening,83.0,,,,42398,0.29477855801988456,714116c9332b2866b8c562580de52e7d0174d89a8b3b63889fd87b1a0c7c7c11,1.0,0.0,0,136,,global_top_l_filter,5000,0.0
B,hnsw,shuffle,time_of_day==evening,84.0,,,,42398,0.29477855801988456,bb1b1055062ad149a2955dc273b065a607120cfef0c200cee8a2b040aa2c39ba,0.9994999766349792,0.000500023365020752,1,136,,global_top_l_filter,5000,0.0
B,hnsw,shuffle,time_of_day==evening,85.0,,,,42398,0.29477855801988456,9d43c6cf8b6d33720652206964e7ef701e507301cd61e74cf3e319723d471da1,1.0,0.0,0,136,,global_top_l_filter,5000,0.0
B,hnsw,shuffle,time_of_day==evening,86.0,,,,42398,0.29477855801988456,687bad91b6038f57d99e0aa308e7daf4774482424f1da83750c292be74513732,0.9994999766349792,0.000500023365020752,1,136,,global_top_l_filter,5000,0.0
B,hnsw,shuffle,time_of_day==evening,87.0,,,,42398,0.29477855801988456,3930ebdd3ef0d32c041f8130923e75c5af4a9aec6cf3f72cea7f68dc815af5e0,0.9994999766349792,0.000500023365020752,1,136,,global_top_l_filter,5000,0.0
B,hnsw,shuffle,time_of_day==evening,88.0,,,,42398,0.29477855801988456,cd69f839a683e2ef80ad90d6ca6f1e7ccbc36757ae038a1d49ef86077849d59d,1.0,0.0,0,136,,global_top_l_filter,5000,0.0
B,hnsw,shuffle,time_of_day==evening,89.0,,,,42398,0.29477855801988456,7b0b89485be0772d0b0725adf7ba46b8d068b6f4202eb458bee2ec68c261b6f5,1.0,0.0,0,136,,global_top_l_filter,5000,0.0
B,hnsw,shuffle,time_of_day==evening,90.0,,,,42398,0.29477855801988456,3857ee6d89eaf9b4b54ab5c389732efa02ed4f20fcde87e04e2f4c91839f0706,1.0,0.0,0,136,,global_top_l_filter,5000,0.0
B,hnsw,shuffle,time_of_day==evening,91.0,,,,42398,0.29477855801988456,ee4e972477e171da1a08d3fcad4e517cc45f7060404907608aaeb6898f906689,1.0,0.0,0,136,,global_top_l_filter,5000,0.0
B,hnsw,shuffle,time_of_day==evening,92.0,,,,42398,0.29477855801988456,96481c9c37934d56b866d1235a480ab84355d5932966e2eba62b8010a71c90ce,0.9994999766349792,0.000500023365020752,1,136,,global_top_l_filter,5000,0.0
B,hnsw,shuffle,time_of_day==evening,93.0,,,,42398,0.29477855801988456,05742b4055f0927f4f626520d55ae570f9cc323b119cb8d5c69b5a67363bed72,0.9994999766349792,0.000500023365020752,1,136,,global_top_l_filter,5000,0.0
B,hnsw,shuffle,time_of_day==evening,94.0,,,,42398,0.29477855801988456,13b276883688bee0a8a98e89256865a95ea3d4d6543f18f3428815ab87ba1f27,1.0,0.0,0,136,,global_top_l_filter,5000,0.0
B,hnsw,shuffle,time_of_day==evening,95.0,,,,42398,0.29477855801988456,377ce48857f4d174290275619ee87cedd4e277934ef27c87227b48ad4e88d625,0.9994999766349792,0.000500023365020752,1,136,,global_top_l_filter,5000,0.0
B,hnsw,shuffle,time_of_day==evening,96.0,,,,42398,0.29477855801988456,b052ef22da924de3483199478e4f0cb8d8e1717d36c360b7681c847790393aee,0.9994999766349792,0.000500023365020752,1,136,,global_top_l_filter,5000,0.0
B,hnsw,shuffle,time_of_day==evening,97.0,,,,42398,0.29477855801988456,46f5204a197799f8a6620b2b5b4b44f2de517bfc72090e96423b2171cb6f69f6,0.9994999766349792,0.000500023365020752,1,136,,global_top_l_filter,5000,0.0
B,hnsw,shuffle,time_of_day==evening,98.0,,,,42398,0.29477855801988456,dd2833bc50bb5ca9190da503938d61d39324dfd7bed854472c94e7936c34a6c0,0.9990000128746033,0.0009999871253967285,1,136,,global_top_l_filter,5000,0.0
B,hnsw,shuffle,time_of_day==evening,99.0,,,,42398,0.29477855801988456,dca27c3e86e7d586d4d52a05f784b70682ac2dc5d8134ecbe48f3ef751ae5e97,0.9990000128746033,0.0009999871253967285,2,136,,global_top_l_filter,5000,0.0
B,hnsw,natural,sig_has_yellow==True,,,,,90392,0.6284641590766877,c51bd15b4ebc5b3a505ab7cbf149e77489cb2a04c30085afe56135d78e1ecfda,0.9790000319480896,0.0209999680519104,8,64,0.8091699531866519,global_top_l_filter,5000,0.0
B,hnsw,shuffle,sig_has_yellow==True,0.0,,,,90392,0.6284641590766877,a322128ee4682d666bc8d7f63c11ad343e3c0655a91160ee9b0eb31fe3f223e5,1.0,0.0,0,64,,global_top_l_filter,5000,0.0
B,hnsw,shuffle,sig_has_yellow==True,1.0,,,,90392,0.6284641590766877,17d23f6d8bca5ec3c8eb80d8ff4c750bc78a8fa2b90d60be3ca30a8cd71c6a77,1.0,0.0,0,64,,global_top_l_filter,5000,0.0
B,hnsw,shuffle,sig_has_yellow==True,2.0,,,,90392,0.6284641590766877,1b565a72eeb210b86eb7a483ab1f3b6414b88a4c45a2e02f2e0c2dcf2b642bea,1.0,0.0,0,64,,global_top_l_filter,5000,0.0
B,hnsw,shuffle,sig_has_yellow==True,3.0,,,,90392,0.6284641590766877,8b0f4d862121e1732099e1b490975321ffbdfeffd671b2fc524f7080243adcf0,1.0,0.0,0,64,,global_top_l_filter,5000,0.0
B,hnsw,shuffle,sig_has_yellow==True,4.0,,,,90392,0.6284641590766877,38ffff330a953328c8f4041128a38b7ac3657699ae852073da973d377d68fb62,1.0,0.0,0,64,,global_top_l_filter,5000,0.0
B,hnsw,shuffle,sig_has_yellow==True,5.0,,,,90392,0.6284641590766877,9966373a5530358d7f64d8abb6114757007c2276af3ef838ce9ff0c7dcc7e595,1.0,0.0,0,64,,global_top_l_filter,5000,0.0
B,hnsw,shuffle,sig_has_yellow==True,6.0,,,,90392,0.6284641590766877,54e948aeaf923fc9a97bbab723c51b758b7e77d55b273cffa72befc44a5d247d,1.0,0.0,0,64,,global_top_l_filter,5000,0.0
B,hnsw,shuffle,sig_has_yellow==True,7.0,,,,90392,0.6284641590766877,c93376278d82c0585a1454e2713d9176d1e59c1a30be73fe0745c12f4b09f836,1.0,0.0,0,64,,global_top_l_filter,5000,0.0
B,hnsw,shuffle,sig_has_yellow==True,8.0,,,,90392,0.6284641590766877,05261bce785a81a67e0de5685a909379bf03235036723c7627e8e87a1fa9981c,1.0,0.0,0,64,,global_top_l_filter,5000,0.0
B,hnsw,shuffle,sig_has_yellow==True,9.0,,,,90392,0.6284641590766877,283763e41e5e196b407297195aa26b630ce9a3c6417da53d55376e9bfc605e55,1.0,0.0,0,64,,global_top_l_filter,5000,0.0
B,hnsw,shuffle,sig_has_yellow==True,10.0,,,,90392,0.6284641590766877,8312d9ba59be1a2caa73c7040fb25878364b8cfb8c2017f4e432508a20965db1,1.0,0.0,0,64,,global_top_l_filter,5000,0.0
B,hnsw,shuffle,sig_has_yellow==True,11.0,,,,90392,0.6284641590766877,51a8935b1b327ffa57ea02e9a8132921db2e0f242af0b13c41b4d0680138e145,1.0,0.0,0,64,,global_top_l_filter,5000,0.0
B,hnsw,shuffle,sig_has_yellow==True,12.0,,,,90392,0.6284641590766877,d4061385247846439ac5227c22ac7c53dd8515783e8706928a444981ad349a3f,1.0,0.0,0,64,,global_top_l_filter,5000,0.0
B,hnsw,shuffle,sig_has_yellow==True,13.0,,,,90392,0.6284641590766877,33862d978e27588bc6baf826cdb9605e69a53ea72a85cbdd260956532aee8bc3,1.0,0.0,0,64,,global_top_l_filter,5000,0.0
B,hnsw,shuffle,sig_has_yellow==True,14.0,,,,90392,0.6284641590766877,361d37f28eacccd3ce97016cd73cd45cad7107a581887f331888dcfd83e5ccf1,1.0,0.0,0,64,,global_top_l_filter,5000,0.0
B,hnsw,shuffle,sig_has_yellow==True,15.0,,,,90392,0.6284641590766877,256a3b708d4e59254c48d5906ba85b0db15194c3c2a0d971da9abb248cf24acd,1.0,0.0,0,64,,global_top_l_filter,5000,0.0
B,hnsw,shuffle,sig_has_yellow==True,16.0,,,,90392,0.6284641590766877,1b2b0f2477d78c39f4671a3e522b96fd18f60b696f8dd70cf648ae86783dbb5c,1.0,0.0,0,64,,global_top_l_filter,5000,0.0
B,hnsw,shuffle,sig_has_yellow==True,17.0,,,,90392,0.6284641590766877,2a2d05944cc798911e33261a0e72771b388f973eea57cf2789e71533b57f0d66,1.0,0.0,0,64,,global_top_l_filter,5000,0.0
B,hnsw,shuffle,sig_has_yellow==True,18.0,,,,90392,0.6284641590766877,1ee6e019a8ba1ff7a21477f5bbc2b4270f66841b5b3ba7bd6b4960a51cade696,1.0,0.0,0,64,,global_top_l_filter,5000,0.0
B,hnsw,shuffle,sig_has_yellow==True,19.0,,,,90392,0.6284641590766877,81f8f29b1cd3076108b71f8ed436557a55c2168ca92694041dc799fdcbef8653,1.0,0.0,0,64,,global_top_l_filter,5000,0.0
B,hnsw,shuffle,sig_has_yellow==True,20.0,,,,90392,0.6284641590766877,8b04bb8b1d95fc447a22604f193966810be58c82708c7f3e0b1e13b4427f423f,1.0,0.0,0,64,,global_top_l_filter,5000,0.0
B,hnsw,shuffle,sig_has_yellow==True,21.0,,,,90392,0.6284641590766877,9969952f0e96a8330251635de9d91d66f8f1f1b5718299194fcd0324c4b48b46,1.0,0.0,0,64,,global_top_l_filter,5000,0.0
B,hnsw,shuffle,sig_has_yellow==True,22.0,,,,90392,0.6284641590766877,44060572a18dc5b8688cd0c8c6e5ad5cf13c701f881219257e3ac1346040b38d,1.0,0.0,0,64,,global_top_l_filter,5000,0.0
B,hnsw,shuffle,sig_has_yellow==True,23.0,,,,90392,0.6284641590766877,f5b63a98727e8d9cb0374307f37366e08f486ec464c4ed4db6e19283e6c299bb,1.0,0.0,0,64,,global_top_l_filter,5000,0.0
B,hnsw,shuffle,sig_has_yellow==True,24.0,,,,90392,0.6284641590766877,565c18c97329713ce6fd44144563384f7a95fa602ddf5216027cad9d3e73b08b,1.0,0.0,0,64,,global_top_l_filter,5000,0.0
B,hnsw,shuffle,sig_has_yellow==True,25.0,,,,90392,0.6284641590766877,878d6caa10825148b0d31eef8a8c1ac09e0605ec88a2e2e2bbf50cfba8585c61,1.0,0.0,0,64,,global_top_l_filter,5000,0.0
B,hnsw,shuffle,sig_has_yellow==True,26.0,,,,90392,0.6284641590766877,50e1fa3bfa2f97cb10162d4b22dcedc077e7f1d8be371dde3badccad97e3df99,1.0,0.0,0,64,,global_top_l_filter,5000,0.0
B,hnsw,shuffle,sig_has_yellow==True,27.0,,,,90392,0.6284641590766877,8c1ac4bcc304ba1cb060791f82a30b7413afa488ab51287d5059fbc77e85e3f5,1.0,0.0,0,64,,global_top_l_filter,5000,0.0
B,hnsw,shuffle,sig_has_yellow==True,28.0,,,,90392,0.6284641590766877,3eba7b0660f39274534397ba29051dc23b3c86ce49c1bd281f3e5bd5ad001f39,1.0,0.0,0,64,,global_top_l_filter,5000,0.0
B,hnsw,shuffle,sig_has_yellow==True,29.0,,,,90392,0.6284641590766877,94001d67726cfdbf2f27b038d3949ce0f53d34ea69b9de4b43c3d4e367ce75bd,1.0,0.0,0,64,,global_top_l_filter,5000,0.0
B,hnsw,shuffle,sig_has_yellow==True,30.0,,,,90392,0.6284641590766877,231e9026eb9f4b46d99dd50eea416974a3e1ccd5cf01362e4fb95dbad9f83fcc,1.0,0.0,0,64,,global_top_l_filter,5000,0.0
B,hnsw,shuffle,sig_has_yellow==True,31.0,,,,90392,0.6284641590766877,40318f4fe5901b57eb66f97567bcd6f9112e1415c994ed72be50dd02a553ff39,1.0,0.0,0,64,,global_top_l_filter,5000,0.0
B,hnsw,shuffle,sig_has_yellow==True,32.0,,,,90392,0.6284641590766877,bbe12c3101428e754e1ddac6fd5472e9adf513cf02b9c6c92c7fe36ca4fb07bd,1.0,0.0,0,64,,global_top_l_filter,5000,0.0
B,hnsw,shuffle,sig_has_yellow==True,33.0,,,,90392,0.6284641590766877,a3dbcc5a38c7cad416d26ea1cb1a9a87e183b61817edbfb6b82b3f381914bde4,1.0,0.0,0,64,,global_top_l_filter,5000,0.0
B,hnsw,shuffle,sig_has_yellow==True,34.0,,,,90392,0.6284641590766877,054e72d9214b60e31294b595438f0425bb1100a7a755b3a09b52a3bccdf804d8,1.0,0.0,0,64,,global_top_l_filter,5000,0.0
B,hnsw,shuffle,sig_has_yellow==True,35.0,,,,90392,0.6284641590766877,d74d75615162d12e047795232db8064a3b91071f88a504852f8bd8242dd67ee2,1.0,0.0,0,64,,global_top_l_filter,5000,0.0
B,hnsw,shuffle,sig_has_yellow==True,36.0,,,,90392,0.6284641590766877,0bc0423430bf9117d39c29b369803e40dc627747fb25e8cbfc0e64355cbf6108,1.0,0.0,0,64,,global_top_l_filter,5000,0.0
B,hnsw,shuffle,sig_has_yellow==True,37.0,,,,90392,0.6284641590766877,6aab01ac6ba0042472b019056a87f22d9ae52b116ecad835448e1eba5ad5589f,1.0,0.0,0,64,,global_top_l_filter,5000,0.0
B,hnsw,shuffle,sig_has_yellow==True,38.0,,,,90392,0.6284641590766877,b49e672f1cca4a42967d830760bb6b9939236ee9b1fd8a1af77aef2cd13039ca,1.0,0.0,0,64,,global_top_l_filter,5000,0.0
B,hnsw,shuffle,sig_has_yellow==True,39.0,,,,90392,0.6284641590766877,6b4266b3874f44eca258eb9fcdd96b82b59d2984ffb9420819655b7b230361e8,1.0,0.0,0,64,,global_top_l_filter,5000,0.0
B,hnsw,shuffle,sig_has_yellow==True,40.0,,,,90392,0.6284641590766877,9abe85b1e4ec13d151d0eebb2cb0fb4f470be7b0839b3185e4e9f1cdeb6cb02c,1.0,0.0,0,64,,global_top_l_filter,5000,0.0
B,hnsw,shuffle,sig_has_yellow==True,41.0,,,,90392,0.6284641590766877,0f6491c3c9d628e995f0eb1c3dc3a6b77d7f9098d605819f1ce0be57ea8d24c5,1.0,0.0,0,64,,global_top_l_filter,5000,0.0
B,hnsw,shuffle,sig_has_yellow==True,42.0,,,,90392,0.6284641590766877,4dc960073261a24a0459cdac77a0860e43db993a8d722ced75edf30cb7c1c378,1.0,0.0,0,64,,global_top_l_filter,5000,0.0
B,hnsw,shuffle,sig_has_yellow==True,43.0,,,,90392,0.6284641590766877,d048eceeb8b585b0cd6e5e977d6c9a2f0c22c87952750ef2ec74ac67de1009c2,1.0,0.0,0,64,,global_top_l_filter,5000,0.0
B,hnsw,shuffle,sig_has_yellow==True,44.0,,,,90392,0.6284641590766877,6aa51db9963985ce82960901bb8e981f2a7a9ba37b53d02161820cd38430cbba,1.0,0.0,0,64,,global_top_l_filter,5000,0.0
B,hnsw,shuffle,sig_has_yellow==True,45.0,,,,90392,0.6284641590766877,b35148a50c19335efa561257275a5c9b15f2d153228a57f459dfb387989d99b3,1.0,0.0,0,64,,global_top_l_filter,5000,0.0
B,hnsw,shuffle,sig_has_yellow==True,46.0,,,,90392,0.6284641590766877,b7d90714fecfd6310e0b889cee4d763973911e3ee5c1fefe805d6ea5903ead33,1.0,0.0,0,64,,global_top_l_filter,5000,0.0
B,hnsw,shuffle,sig_has_yellow==True,47.0,,,,90392,0.6284641590766877,b0262c27b878e8d422d9e14f3a2634a91772a2b8162bdc7344126136df2126b8,1.0,0.0,0,64,,global_top_l_filter,5000,0.0
B,hnsw,shuffle,sig_has_yellow==True,48.0,,,,90392,0.6284641590766877,2504fb366af49999693fc1c51b0a3b16e69ca7157ba6ed687acfd2d6dd95a1e4,1.0,0.0,0,64,,global_top_l_filter,5000,0.0
B,hnsw,shuffle,sig_has_yellow==True,49.0,,,,90392,0.6284641590766877,9f2f41deeedffa287a0b61ceb04953f0137a6bf5e8773758fe73b2766a05847a,1.0,0.0,0,64,,global_top_l_filter,5000,0.0
B,hnsw,shuffle,sig_has_yellow==True,50.0,,,,90392,0.6284641590766877,976a6f6fe742e634c2144acf63d20d3e02fe8c21e3b46b824698a567fcfac3ce,1.0,0.0,0,64,,global_top_l_filter,5000,0.0
B,hnsw,shuffle,sig_has_yellow==True,51.0,,,,90392,0.6284641590766877,999c4e25696f689091822e1b45065979e78ee2542a51122769d57b3efea1f666,1.0,0.0,0,64,,global_top_l_filter,5000,0.0
B,hnsw,shuffle,sig_has_yellow==True,52.0,,,,90392,0.6284641590766877,2564aebf0bd2a9095858249f21ebbe79c5cbc9a31d78cccf8a11727147640afc,1.0,0.0,0,64,,global_top_l_filter,5000,0.0
B,hnsw,shuffle,sig_has_yellow==True,53.0,,,,90392,0.6284641590766877,fbbc9589175cadd9825e167dde4709a238831fc979cf037549a7e23db5e90203,1.0,0.0,0,64,,global_top_l_filter,5000,0.0
B,hnsw,shuffle,sig_has_yellow==True,54.0,,,,90392,0.6284641590766877,481cfcd2c53e8d1f1b10d765683f54deec2b4fe1857a90fcb25e1e41e2ae4ea0,1.0,0.0,0,64,,global_top_l_filter,5000,0.0
B,hnsw,shuffle,sig_has_yellow==True,55.0,,,,90392,0.6284641590766877,628d480ecc27a2679079d120325e2a63e8a5c078fabb172269ebeda0fe776e60,1.0,0.0,0,64,,global_top_l_filter,5000,0.0
B,hnsw,shuffle,sig_has_yellow==True,56.0,,,,90392,0.6284641590766877,c9b21b38f61c00de1e9228022cb3a4a5579711ef178b76694df59e811e934297,1.0,0.0,0,64,,global_top_l_filter,5000,0.0
B,hnsw,shuffle,sig_has_yellow==True,57.0,,,,90392,0.6284641590766877,59dcd1974bbf2d751244c60e878885cf7e0cd7456024a406d86df455fae92ab8,1.0,0.0,0,64,,global_top_l_filter,5000,0.0
B,hnsw,shuffle,sig_has_yellow==True,58.0,,,,90392,0.6284641590766877,917ec37da659323cee84b1fa8f3bb5b531765bad1738fcc45fd9f6eb112a527e,1.0,0.0,0,64,,global_top_l_filter,5000,0.0
B,hnsw,shuffle,sig_has_yellow==True,59.0,,,,90392,0.6284641590766877,0a11608183e9addf9e36b27c3fd0b63a6ba697126cab1658e3d9ee0e1275fe8e,1.0,0.0,0,64,,global_top_l_filter,5000,0.0
B,hnsw,shuffle,sig_has_yellow==True,60.0,,,,90392,0.6284641590766877,303851a4c08d053e0b5ccac703e2cd640bb6864071734f785382477e609cba7c,1.0,0.0,0,64,,global_top_l_filter,5000,0.0
B,hnsw,shuffle,sig_has_yellow==True,61.0,,,,90392,0.6284641590766877,a6384d776a200a2a0a0ca9adb58ac411cae4bb7bd0f9d6f9b5658835e1d9530b,1.0,0.0,0,64,,global_top_l_filter,5000,0.0
B,hnsw,shuffle,sig_has_yellow==True,62.0,,,,90392,0.6284641590766877,1b70ac412fd06a43ee43ee103b7aea959f97d212dd7bd853c5fd47fcaf0233bc,1.0,0.0,0,64,,global_top_l_filter,5000,0.0
B,hnsw,shuffle,sig_has_yellow==True,63.0,,,,90392,0.6284641590766877,3eadc293c37629a515650652fbe2ab83556e6ed279b2b71e6e91617798b820d0,1.0,0.0,0,64,,global_top_l_filter,5000,0.0
B,hnsw,shuffle,sig_has_yellow==True,64.0,,,,90392,0.6284641590766877,ca58f66a7b97e2c5370cf6cc6832b13a1e93f31dd340060b77dcba75c6c70d82,1.0,0.0,0,64,,global_top_l_filter,5000,0.0
B,hnsw,shuffle,sig_has_yellow==True,65.0,,,,90392,0.6284641590766877,bea0de9f948e496b227637065b486868c2ad23e0b09177cb2941d979c2f9e9d1,1.0,0.0,0,64,,global_top_l_filter,5000,0.0
B,hnsw,shuffle,sig_has_yellow==True,66.0,,,,90392,0.6284641590766877,ff4cf220fc74e0ad7ce197acb148ed051fd7a5b89894e62268f8249dc688209a,1.0,0.0,0,64,,global_top_l_filter,5000,0.0
B,hnsw,shuffle,sig_has_yellow==True,67.0,,,,90392,0.6284641590766877,ca47edc23f10ea7d73da16de6ba36d018a2b716d6eb995c51740a7ca913b80a3,1.0,0.0,0,64,,global_top_l_filter,5000,0.0
B,hnsw,shuffle,sig_has_yellow==True,68.0,,,,90392,0.6284641590766877,a598b9b5fa6fdd878242102c13c9771f44773c29ded0c5704eb28d9b3323dfea,0.9994999766349792,0.000500023365020752,1,64,,global_top_l_filter,5000,0.0
B,hnsw,shuffle,sig_has_yellow==True,69.0,,,,90392,0.6284641590766877,af5d71289433117d9c291656df1cfe151c7b79f6d58a07b2bcc52a3162e53a9f,1.0,0.0,0,64,,global_top_l_filter,5000,0.0
B,hnsw,shuffle,sig_has_yellow==True,70.0,,,,90392,0.6284641590766877,4595dbd60941c3de59288c763a5f5638221c4d84da9f4494311b5de350e74330,1.0,0.0,0,64,,global_top_l_filter,5000,0.0
B,hnsw,shuffle,sig_has_yellow==True,71.0,,,,90392,0.6284641590766877,120d9712bb735811fe6f608907fb9a59ccbd658255ab48d539d5f4541904c426,1.0,0.0,0,64,,global_top_l_filter,5000,0.0
B,hnsw,shuffle,sig_has_yellow==True,72.0,,,,90392,0.6284641590766877,ec3049136ac837bd952e72daa5159ce0c146e16fa504edefd8e4b8e83d38d58a,1.0,0.0,0,64,,global_top_l_filter,5000,0.0
B,hnsw,shuffle,sig_has_yellow==True,73.0,,,,90392,0.6284641590766877,4d1ac578097ad89b2d2df05105daf257538a11c07533b6a741adaf75088d6145,1.0,0.0,0,64,,global_top_l_filter,5000,0.0
B,hnsw,shuffle,sig_has_yellow==True,74.0,,,,90392,0.6284641590766877,23946e0e4785c04cd452b56fb8817a617218ae98b255c6e0717a23c785ad2878,1.0,0.0,0,64,,global_top_l_filter,5000,0.0
B,hnsw,shuffle,sig_has_yellow==True,75.0,,,,90392,0.6284641590766877,71511ec331fc9b5794945180b929f2618ef5fdbaf1b33a6417c3106ad02c79c7,1.0,0.0,0,64,,global_top_l_filter,5000,0.0
B,hnsw,shuffle,sig_has_yellow==True,76.0,,,,90392,0.6284641590766877,a7a0b07a5dcc5dacda57b9b22c6be7263fcb437cfb94e8847cc475db1d1c6763,1.0,0.0,0,64,,global_top_l_filter,5000,0.0
B,hnsw,shuffle,sig_has_yellow==True,77.0,,,,90392,0.6284641590766877,b54caf9c8bb957154684ba01f7240a6e81b80b0f3ec8410478e3746f476c413b,1.0,0.0,0,64,,global_top_l_filter,5000,0.0
B,hnsw,shuffle,sig_has_yellow==True,78.0,,,,90392,0.6284641590766877,6efd0363ab608cee91f9f759654caec93b7ce06943e73698ae1f5319be50102d,1.0,0.0,0,64,,global_top_l_filter,5000,0.0
B,hnsw,shuffle,sig_has_yellow==True,79.0,,,,90392,0.6284641590766877,1779155e686f2e63a76c31dea2d5363a8ff97ce21f3697dbf7961c94baeb2913,1.0,0.0,0,64,,global_top_l_filter,5000,0.0
B,hnsw,shuffle,sig_has_yellow==True,80.0,,,,90392,0.6284641590766877,c732ba1f32d9a6acfdf7bb937ecee67ea7b580d8cbc279e5ab327d7821633ce3,1.0,0.0,0,64,,global_top_l_filter,5000,0.0
B,hnsw,shuffle,sig_has_yellow==True,81.0,,,,90392,0.6284641590766877,bcb2eee9d2e50d207b2889bd3c249a6c2cba3d7732c8e826ec683d87e68ca764,1.0,0.0,0,64,,global_top_l_filter,5000,0.0
B,hnsw,shuffle,sig_has_yellow==True,82.0,,,,90392,0.6284641590766877,163334f67b66955b2b0fc95339888e5fa21fafb5807e44a79755177e88519052,1.0,0.0,0,64,,global_top_l_filter,5000,0.0
B,hnsw,shuffle,sig_has_yellow==True,83.0,,,,90392,0.6284641590766877,a94993290295795b7becc3538766440cede360b6adf87229cbfe77076cdac0bf,1.0,0.0,0,64,,global_top_l_filter,5000,0.0
B,hnsw,shuffle,sig_has_yellow==True,84.0,,,,90392,0.6284641590766877,ad0715e3f2224753e3b753110bc94f4c25a6e31a3333c2c9b77e886c09154ff4,1.0,0.0,0,64,,global_top_l_filter,5000,0.0
B,hnsw,shuffle,sig_has_yellow==True,85.0,,,,90392,0.6284641590766877,affcddad9780a189c9881fee672ccc0973a2f248149c02f15f471b09e7303a40,1.0,0.0,0,64,,global_top_l_filter,5000,0.0
B,hnsw,shuffle,sig_has_yellow==True,86.0,,,,90392,0.6284641590766877,1e6b698acf910998d7f0404530a0f57e56633baad4a61564fda4ef0b024ae592,1.0,0.0,0,64,,global_top_l_filter,5000,0.0
B,hnsw,shuffle,sig_has_yellow==True,87.0,,,,90392,0.6284641590766877,71397f204f0b66e9527719b3ae905524380089d268d76027924cc6872dc9b211,1.0,0.0,0,64,,global_top_l_filter,5000,0.0
B,hnsw,shuffle,sig_has_yellow==True,88.0,,,,90392,0.6284641590766877,895817c8f46c5c0e9c2c6f9e52d66f0d73cd445f507c3be6ecac6536d10cd8d8,1.0,0.0,0,64,,global_top_l_filter,5000,0.0
B,hnsw,shuffle,sig_has_yellow==True,89.0,,,,90392,0.6284641590766877,368a0d1bff1f95c1488ec6d551688a5f0ca32fe8cf637ace1ae01e2f4d09b893,1.0,0.0,0,64,,global_top_l_filter,5000,0.0
B,hnsw,shuffle,sig_has_yellow==True,90.0,,,,90392,0.6284641590766877,e1329a27dc52d5d0cf9c75ff3c95a6157449b43a8b35ade02439d1d5f8069f0e,1.0,0.0,0,64,,global_top_l_filter,5000,0.0
B,hnsw,shuffle,sig_has_yellow==True,91.0,,,,90392,0.6284641590766877,0e04963be4b6c29bc9f9188e800ab734f5d48767f66f7270e0694c033c41fe58,1.0,0.0,0,64,,global_top_l_filter,5000,0.0
B,hnsw,shuffle,sig_has_yellow==True,92.0,,,,90392,0.6284641590766877,f8ab39141d4414e93ff2422a79365171dc7485052c2482b5f03d8891c977fc19,1.0,0.0,0,64,,global_top_l_filter,5000,0.0
B,hnsw,shuffle,sig_has_yellow==True,93.0,,,,90392,0.6284641590766877,58ce259a7cc92d679c25e3f69e4094fe943a4510a187f51dad533a407660483b,1.0,0.0,0,64,,global_top_l_filter,5000,0.0
B,hnsw,shuffle,sig_has_yellow==True,94.0,,,,90392,0.6284641590766877,2150ee0378720686825814c211029be890db62ad7930cb91e4dbef68c3b5791a,1.0,0.0,0,64,,global_top_l_filter,5000,0.0
B,hnsw,shuffle,sig_has_yellow==True,95.0,,,,90392,0.6284641590766877,ec30780500882cee73a0fbda6af115f99afcf50c66ecfef4da5928219267f480,1.0,0.0,0,64,,global_top_l_filter,5000,0.0
B,hnsw,shuffle,sig_has_yellow==True,96.0,,,,90392,0.6284641590766877,5eb67c7b4469cbf627843090b08f96572061232c751060c8d810679fe702e01b,1.0,0.0,0,64,,global_top_l_filter,5000,0.0
B,hnsw,shuffle,sig_has_yellow==True,97.0,,,,90392,0.6284641590766877,ac14b31797109e155943ed04bdb9d54beb4996890ea6b4792c59df2bb1faa8a8,1.0,0.0,0,64,,global_top_l_filter,5000,0.0
B,hnsw,shuffle,sig_has_yellow==True,98.0,,,,90392,0.6284641590766877,dba6aea8b53f1d3e23799b0fe8164dc981a05ae8463b47623eec42bf45971fa6,1.0,0.0,0,64,,global_top_l_filter,5000,0.0
B,hnsw,shuffle,sig_has_yellow==True,99.0,,,,90392,0.6284641590766877,a3ed8141afbea1bce992a37f81e7c14d644659f21fc54673941c599f31850ed2,1.0,0.0,0,64,,global_top_l_filter,5000,0.0
B,hnsw,natural,sig_has_pedestrian==True,,,,,56232,0.3909615518320239,df1a8cff7894f38f375f79bcdd0196644b28f006e1710bb10726c380537f4ad9,0.9624999761581421,0.03750002384185791,19,104,0.8077575354406691,global_top_l_filter,5000,0.0
B,hnsw,shuffle,sig_has_pedestrian==True,0.0,,,,56232,0.3909615518320239,92308383cd9b49d2ae83ecedfc1be9fe0ef96928b45a9d8a4c74dbb37c576165,1.0,0.0,0,104,,global_top_l_filter,5000,0.0
B,hnsw,shuffle,sig_has_pedestrian==True,1.0,,,,56232,0.3909615518320239,056583429a588b17594715542dd5211d6d0ebf02885870d12dfbf2393a92c376,1.0,0.0,0,104,,global_top_l_filter,5000,0.0
B,hnsw,shuffle,sig_has_pedestrian==True,2.0,,,,56232,0.3909615518320239,a8880ef0c3fa5d89479373c6416110b5fcdb4715fcaa1e028c21579de4e50f88,1.0,0.0,0,104,,global_top_l_filter,5000,0.0
B,hnsw,shuffle,sig_has_pedestrian==True,3.0,,,,56232,0.3909615518320239,9906da9da8d486bbd7dacb03bc201fa8843a77e952456eed2c615acbc022ee90,1.0,0.0,0,104,,global_top_l_filter,5000,0.0
B,hnsw,shuffle,sig_has_pedestrian==True,4.0,,,,56232,0.3909615518320239,13a6c7030cfc38abccb8511acf8b19a96c66a14a2d5ae06c8551fe72ceabaad1,1.0,0.0,0,104,,global_top_l_filter,5000,0.0
B,hnsw,shuffle,sig_has_pedestrian==True,5.0,,,,56232,0.3909615518320239,a7682d0e0cb333c4c69879f3e6bfe1d936d6fb3f4c31289f1b36a1fd8293b3b7,0.9994999766349792,0.000500023365020752,1,104,,global_top_l_filter,5000,0.0
B,hnsw,shuffle,sig_has_pedestrian==True,6.0,,,,56232,0.3909615518320239,1b6ad9eabb9ec9efe4aaa4830d3af6d2af09524ee41352700d0fe81a44ded56d,1.0,0.0,0,104,,global_top_l_filter,5000,0.0
B,hnsw,shuffle,sig_has_pedestrian==True,7.0,,,,56232,0.3909615518320239,47e05891b9f5198c01cdf420a7760b07dc467ca8bddf9427efdc51b1750833be,1.0,0.0,0,104,,global_top_l_filter,5000,0.0
B,hnsw,shuffle,sig_has_pedestrian==True,8.0,,,,56232,0.3909615518320239,f7d2790593a20be1b1ded357c73618d32190f1e29eb71ec4ccbd7da8c609cac8,1.0,0.0,0,104,,global_top_l_filter,5000,0.0
B,hnsw,shuffle,sig_has_pedestrian==True,9.0,,,,56232,0.3909615518320239,83fef195545a93a65129a83154e7b03f9f0d008e35c9a92496271a08d78f0f74,1.0,0.0,0,104,,global_top_l_filter,5000,0.0
B,hnsw,shuffle,sig_has_pedestrian==True,10.0,,,,56232,0.3909615518320239,8a89460b3ee4dd1e48e43f9ab4d61454ca67b692166e3e856e1e2bbfcc43c0b3,1.0,0.0,0,104,,global_top_l_filter,5000,0.0
B,hnsw,shuffle,sig_has_pedestrian==True,11.0,,,,56232,0.3909615518320239,4dd8b70ce798e3e762a8aa139e9307a67f193a1aec4aeb487d35f828a0fe43e4,0.9994999766349792,0.000500023365020752,1,104,,global_top_l_filter,5000,0.0
B,hnsw,shuffle,sig_has_pedestrian==True,12.0,,,,56232,0.3909615518320239,50621bc2061d779e3d9603a3bef57f0c0de67b8d2da121c0a385c88a15b5723a,1.0,0.0,0,104,,global_top_l_filter,5000,0.0
B,hnsw,shuffle,sig_has_pedestrian==True,13.0,,,,56232,0.3909615518320239,32cfca491a66604d6c5b8e265107b61bdf2442290fae495c08f34d50c1d4a4a3,1.0,0.0,0,104,,global_top_l_filter,5000,0.0
B,hnsw,shuffle,sig_has_pedestrian==True,14.0,,,,56232,0.3909615518320239,0bf7ddacc8e07af78cb914d45858c1896529c76c5278daea910eafc6f0369656,0.9994999766349792,0.000500023365020752,1,104,,global_top_l_filter,5000,0.0
B,hnsw,shuffle,sig_has_pedestrian==True,15.0,,,,56232,0.3909615518320239,6955047504de0a58d3013c5b81c28f044002660afe9cf62cae8c83d75b2fd530,1.0,0.0,0,104,,global_top_l_filter,5000,0.0
B,hnsw,shuffle,sig_has_pedestrian==True,16.0,,,,56232,0.3909615518320239,5c430e03af63f3552bc1043acef2fed22461c0b2962a4b057486edf384df8baf,1.0,0.0,0,104,,global_top_l_filter,5000,0.0
B,hnsw,shuffle,sig_has_pedestrian==True,17.0,,,,56232,0.3909615518320239,938c8d173b21417a2b7ab02c4590f43d713cb9c6e70af08a1a234b1790d36b96,1.0,0.0,0,104,,global_top_l_filter,5000,0.0
B,hnsw,shuffle,sig_has_pedestrian==True,18.0,,,,56232,0.3909615518320239,13933c59f82caec2ce015e888ace206209fadb6fc7c2907b39b67bfd2c7c780f,1.0,0.0,0,104,,global_top_l_filter,5000,0.0
B,hnsw,shuffle,sig_has_pedestrian==True,19.0,,,,56232,0.3909615518320239,490c9b316e0b24df95e82a00f79c73c2d1cb5fe7cad28b029ae02ef08b85010e,1.0,0.0,0,104,,global_top_l_filter,5000,0.0
B,hnsw,shuffle,sig_has_pedestrian==True,20.0,,,,56232,0.3909615518320239,bcfd062d7a997f0e24ef2d391b78f98de2bafe8386d6b01ee24abc0c5cc6c163,1.0,0.0,0,104,,global_top_l_filter,5000,0.0
B,hnsw,shuffle,sig_has_pedestrian==True,21.0,,,,56232,0.3909615518320239,37b12ea336524688a56568fdf3ceb351d5e1aadd765d8729586d47e7b522c60e,1.0,0.0,0,104,,global_top_l_filter,5000,0.0
B,hnsw,shuffle,sig_has_pedestrian==True,22.0,,,,56232,0.3909615518320239,f65f8fe75ea47848322f95ad917bc58a9939d2a348dcbe66cebf1da27c4abdb3,1.0,0.0,0,104,,global_top_l_filter,5000,0.0
B,hnsw,shuffle,sig_has_pedestrian==True,23.0,,,,56232,0.3909615518320239,27769f208abea6826ac5707c7bdb99bb1e7cebcdc6479170bdb86fd2a86cea49,0.9994999766349792,0.000500023365020752,1,104,,global_top_l_filter,5000,0.0
B,hnsw,shuffle,sig_has_pedestrian==True,24.0,,,,56232,0.3909615518320239,40f8ff0bb8e05299f7b3315e74e9c2b3208ced72e4007f9d7f7a645026032276,1.0,0.0,0,104,,global_top_l_filter,5000,0.0
B,hnsw,shuffle,sig_has_pedestrian==True,25.0,,,,56232,0.3909615518320239,4dbe196a6d271667145d95c08dc7bca200fae0efe6d31c3b3d980e96859c7472,1.0,0.0,0,104,,global_top_l_filter,5000,0.0
B,hnsw,shuffle,sig_has_pedestrian==True,26.0,,,,56232,0.3909615518320239,45644da2d10794ff5f1cec7473b3630cbcf44920443b89f5743dfa89d1b760a6,1.0,0.0,0,104,,global_top_l_filter,5000,0.0
B,hnsw,shuffle,sig_has_pedestrian==True,27.0,,,,56232,0.3909615518320239,18ed9f4c6c0beb7e1019ee2f05cdc7c18f31ff52ac2f10978a7bf915dc341a34,1.0,0.0,0,104,,global_top_l_filter,5000,0.0
B,hnsw,shuffle,sig_has_pedestrian==True,28.0,,,,56232,0.3909615518320239,1bf5f9e63b83c6734c251738f8fa9a48518137b3a015490111fb6ba36367d051,1.0,0.0,0,104,,global_top_l_filter,5000,0.0
B,hnsw,shuffle,sig_has_pedestrian==True,29.0,,,,56232,0.3909615518320239,31306655453c21e2f0c9e4f48770f2f197055837e4289418feecb4a39fbb988e,1.0,0.0,0,104,,global_top_l_filter,5000,0.0
B,hnsw,shuffle,sig_has_pedestrian==True,30.0,,,,56232,0.3909615518320239,a47ace8b1512aee0bed6e37802f4c39ec4baacb028b59efe6142e6273143ee47,1.0,0.0,0,104,,global_top_l_filter,5000,0.0
B,hnsw,shuffle,sig_has_pedestrian==True,31.0,,,,56232,0.3909615518320239,f9bde027a18bff21eda752863087ec650f698717420cac2d915b5334104143f5,1.0,0.0,0,104,,global_top_l_filter,5000,0.0
B,hnsw,shuffle,sig_has_pedestrian==True,32.0,,,,56232,0.3909615518320239,822c8cf03e3112478a5d2033bc66db5214c15dcc6ca12040020f5746007dd4a5,0.9994999766349792,0.000500023365020752,1,104,,global_top_l_filter,5000,0.0
B,hnsw,shuffle,sig_has_pedestrian==True,33.0,,,,56232,0.3909615518320239,664fd9ce453d22ea1a0f7c922adeee76030968eff2d8622912432bb72af035ca,0.9994999766349792,0.000500023365020752,1,104,,global_top_l_filter,5000,0.0
B,hnsw,shuffle,sig_has_pedestrian==True,34.0,,,,56232,0.3909615518320239,d478d2c474c75e997573e0e3e4bb67a7c100440f2bf0c88b576afeb436d23977,1.0,0.0,0,104,,global_top_l_filter,5000,0.0
B,hnsw,shuffle,sig_has_pedestrian==True,35.0,,,,56232,0.3909615518320239,88a2cdea786359d87eeb45d7b7d416c10abe964cb02f76f38521094fcac3286e,0.9980000257492065,0.001999974250793457,2,104,,global_top_l_filter,5000,0.0
B,hnsw,shuffle,sig_has_pedestrian==True,36.0,,,,56232,0.3909615518320239,4b3c344db137d1c350603c70d77778786699dd5b5cd49ddd360c380d76246204,1.0,0.0,0,104,,global_top_l_filter,5000,0.0
B,hnsw,shuffle,sig_has_pedestrian==True,37.0,,,,56232,0.3909615518320239,8d7532c59c9a6cd38a8c31b3b56b0541ae60ef2dce71b074ffdb543c8b366b17,1.0,0.0,0,104,,global_top_l_filter,5000,0.0
B,hnsw,shuffle,sig_has_pedestrian==True,38.0,,,,56232,0.3909615518320239,310c34659e8c6f1fa73a1fc29f085482466b8a1b49791f8050ecb94533d2d67e,1.0,0.0,0,104,,global_top_l_filter,5000,0.0
B,hnsw,shuffle,sig_has_pedestrian==True,39.0,,,,56232,0.3909615518320239,374f955662a690197b63fc78e980a05196281e465964ccf47db30491dda1d239,1.0,0.0,0,104,,global_top_l_filter,5000,0.0
B,hnsw,shuffle,sig_has_pedestrian==True,40.0,,,,56232,0.3909615518320239,80eeabd431c3823f7d2ec5e25941396f19842cabbc18235ab5b5ae2e173d62f0,1.0,0.0,0,104,,global_top_l_filter,5000,0.0
B,hnsw,shuffle,sig_has_pedestrian==True,41.0,,,,56232,0.3909615518320239,3ba5509284ceb513ab6c38a54f2fb892f155a468341fe8f159a4af0811e599a4,1.0,0.0,0,104,,global_top_l_filter,5000,0.0
B,hnsw,shuffle,sig_has_pedestrian==True,42.0,,,,56232,0.3909615518320239,b8e2757d2066f1a67f071e28bb44f6d50ec63b78ea3824d7535c6a80da85465a,1.0,0.0,0,104,,global_top_l_filter,5000,0.0
B,hnsw,shuffle,sig_has_pedestrian==True,43.0,,,,56232,0.3909615518320239,fb044b361095d35417f9ec9b0bf0362c96f2002f1ff3a08675c7705ded6c16f9,0.9994999766349792,0.000500023365020752,1,104,,global_top_l_filter,5000,0.0
B,hnsw,shuffle,sig_has_pedestrian==True,44.0,,,,56232,0.3909615518320239,0b151bca7f6a8285b8177b176ae94a9a10b21ced48f7feecbf09cf7851fff8cd,1.0,0.0,0,104,,global_top_l_filter,5000,0.0
B,hnsw,shuffle,sig_has_pedestrian==True,45.0,,,,56232,0.3909615518320239,f8cc70db9130bf96b7ce5dae0a08254a5f0f63e753aba0e47b675447536c07c1,1.0,0.0,0,104,,global_top_l_filter,5000,0.0
B,hnsw,shuffle,sig_has_pedestrian==True,46.0,,,,56232,0.3909615518320239,3998d4cd8bba6a0cbdce84c4e1bd55aec09cdd62a83b7e04949a721b16c2bf0f,1.0,0.0,0,104,,global_top_l_filter,5000,0.0
B,hnsw,shuffle,sig_has_pedestrian==True,47.0,,,,56232,0.3909615518320239,1a985367efd9d9d32bba95d4bb28dbaed1ca2cbfc314b94a02febd550ee0dcbf,1.0,0.0,0,104,,global_top_l_filter,5000,0.0
B,hnsw,shuffle,sig_has_pedestrian==True,48.0,,,,56232,0.3909615518320239,b00433ad1ed5c07688c606aaeac4b33e1beb3adbeff66f8fec0debf7c5c42ba8,1.0,0.0,0,104,,global_top_l_filter,5000,0.0
B,hnsw,shuffle,sig_has_pedestrian==True,49.0,,,,56232,0.3909615518320239,f68949233252821f7b13eab91b0f9beebd9aba81182555bde9b7175758c8a6d5,0.9994999766349792,0.000500023365020752,1,104,,global_top_l_filter,5000,0.0
B,hnsw,shuffle,sig_has_pedestrian==True,50.0,,,,56232,0.3909615518320239,849424dc1c4808a63a28d6d9d4c8439b8b6c4639baf5d26ecdc59aee7540e06c,0.9994999766349792,0.000500023365020752,1,104,,global_top_l_filter,5000,0.0
B,hnsw,shuffle,sig_has_pedestrian==True,51.0,,,,56232,0.3909615518320239,877c62ed3de33a4126fb1725a847c4ec337d76471ac5d632c69be0847ab18279,1.0,0.0,0,104,,global_top_l_filter,5000,0.0
B,hnsw,shuffle,sig_has_pedestrian==True,52.0,,,,56232,0.3909615518320239,81ebdac1f628c1fed290e269d91ba77236a5867e5e7eaf67b3a85374e913841d,1.0,0.0,0,104,,global_top_l_filter,5000,0.0
B,hnsw,shuffle,sig_has_pedestrian==True,53.0,,,,56232,0.3909615518320239,b0518b344625c7a86b3c88ecdf297f9d4c32f51a6eaa13a84b1dfd2501b85dbd,1.0,0.0,0,104,,global_top_l_filter,5000,0.0
B,hnsw,shuffle,sig_has_pedestrian==True,54.0,,,,56232,0.3909615518320239,4a5e283990ddec39142727eb58b22e3b00561bffb77e33ba526470508936aae4,1.0,0.0,0,104,,global_top_l_filter,5000,0.0
B,hnsw,shuffle,sig_has_pedestrian==True,55.0,,,,56232,0.3909615518320239,e63b64e4ac163ffdb2c7b302b21f6d38f143384c72e77a1ff9a5e7a64b6caec5,1.0,0.0,0,104,,global_top_l_filter,5000,0.0
B,hnsw,shuffle,sig_has_pedestrian==True,56.0,,,,56232,0.3909615518320239,768b550c79aa6c0f3dcfb0fc7a187a431e55ffdedef4928227e7d09830c57b2e,1.0,0.0,0,104,,global_top_l_filter,5000,0.0
B,hnsw,shuffle,sig_has_pedestrian==True,57.0,,,,56232,0.3909615518320239,a2647599d7742bd9f2a6e993980341eafa2833428f0cf10b8e65b915a62ccdb9,1.0,0.0,0,104,,global_top_l_filter,5000,0.0
B,hnsw,shuffle,sig_has_pedestrian==True,58.0,,,,56232,0.3909615518320239,a5527dc86aa073a41ba0e782b40e9c8d20b882b78d5b4a8a89fd5ee97ac57189,1.0,0.0,0,104,,global_top_l_filter,5000,0.0
B,hnsw,shuffle,sig_has_pedestrian==True,59.0,,,,56232,0.3909615518320239,e7bfb878b13467c01f1e8cf8af9558ed428a3179f86b64fb528f0383717c20da,1.0,0.0,0,104,,global_top_l_filter,5000,0.0
B,hnsw,shuffle,sig_has_pedestrian==True,60.0,,,,56232,0.3909615518320239,93f7e46029c94fe4c96294e99f8860b047de1e4fc32fb92db7c753d556ae865f,0.9994999766349792,0.000500023365020752,1,104,,global_top_l_filter,5000,0.0
B,hnsw,shuffle,sig_has_pedestrian==True,61.0,,,,56232,0.3909615518320239,f765f09c07201dac34741ef263c460ab22297707181b6b5182d812e2b8c48024,0.9994999766349792,0.000500023365020752,1,104,,global_top_l_filter,5000,0.0
B,hnsw,shuffle,sig_has_pedestrian==True,62.0,,,,56232,0.3909615518320239,08c2ca4bd4eb5d27e3d6c638d56378f784ff5cae394a5c0a8ae761dac2cae237,1.0,0.0,0,104,,global_top_l_filter,5000,0.0
B,hnsw,shuffle,sig_has_pedestrian==True,63.0,,,,56232,0.3909615518320239,d4769df1eccdda0d924f57d74b5933271d8065e04f34f6774a4a66b0fe74c93f,0.9990000128746033,0.0009999871253967285,2,104,,global_top_l_filter,5000,0.0
B,hnsw,shuffle,sig_has_pedestrian==True,64.0,,,,56232,0.3909615518320239,167bc66cbd75cf07b8fab6421ad80c6d7b65ed5d65e32596dddce34cd8931f60,1.0,0.0,0,104,,global_top_l_filter,5000,0.0
B,hnsw,shuffle,sig_has_pedestrian==True,65.0,,,,56232,0.3909615518320239,6aeaeb6046077c5a8c983ab64826c5aa2b7d1e33165747393f31652da9be2dea,1.0,0.0,0,104,,global_top_l_filter,5000,0.0
B,hnsw,shuffle,sig_has_pedestrian==True,66.0,,,,56232,0.3909615518320239,4ceb0f52aaa4e88cd6e6eaaeac17f9d3b27ae9ff900d79ece2355e1e32269926,1.0,0.0,0,104,,global_top_l_filter,5000,0.0
B,hnsw,shuffle,sig_has_pedestrian==True,67.0,,,,56232,0.3909615518320239,ad8189f0586e84fa68ce9cbc83efd6834e493777f5389f1ef743069a171ae595,0.9994999766349792,0.000500023365020752,1,104,,global_top_l_filter,5000,0.0
B,hnsw,shuffle,sig_has_pedestrian==True,68.0,,,,56232,0.3909615518320239,9ff546af68d9cd64c6227649c5703d0a3cfa547bdda1f01be2313c88125607ec,1.0,0.0,0,104,,global_top_l_filter,5000,0.0
B,hnsw,shuffle,sig_has_pedestrian==True,69.0,,,,56232,0.3909615518320239,d8ee9c78a4280517c1e6610cf5acf7d6cd3bd75d25c902a8cf10061ca27fd921,1.0,0.0,0,104,,global_top_l_filter,5000,0.0
B,hnsw,shuffle,sig_has_pedestrian==True,70.0,,,,56232,0.3909615518320239,e900192d635914db74e2e280f667c702729626021d20c3879e70b0ce247bf027,1.0,0.0,0,104,,global_top_l_filter,5000,0.0
B,hnsw,shuffle,sig_has_pedestrian==True,71.0,,,,56232,0.3909615518320239,044f0384c6fa65fcc1be59c371d6c0c02362e750e580e3a0e87500781137a671,1.0,0.0,0,104,,global_top_l_filter,5000,0.0
B,hnsw,shuffle,sig_has_pedestrian==True,72.0,,,,56232,0.3909615518320239,25e199fe12757f0a77bce43bcfee109386a0054b530e358b1186ecb10911249f,1.0,0.0,0,104,,global_top_l_filter,5000,0.0
B,hnsw,shuffle,sig_has_pedestrian==True,73.0,,,,56232,0.3909615518320239,7c12a9b8f814d71402df0bf4df1bdd6bd066ed93fa787abfd2e90b02ea066396,0.9994999766349792,0.000500023365020752,1,104,,global_top_l_filter,5000,0.0
B,hnsw,shuffle,sig_has_pedestrian==True,74.0,,,,56232,0.3909615518320239,28ec70f7af35e95fbe8b6a03e73435b9f0ccb833d260ace60b8c0bb02b14853e,1.0,0.0,0,104,,global_top_l_filter,5000,0.0
B,hnsw,shuffle,sig_has_pedestrian==True,75.0,,,,56232,0.3909615518320239,2395d5873ff8c9bcbc04d7d262c552cae94d4e2d123ca4dabbb8f7026c5c0032,1.0,0.0,0,104,,global_top_l_filter,5000,0.0
B,hnsw,shuffle,sig_has_pedestrian==True,76.0,,,,56232,0.3909615518320239,b11c23e95da651e0e00456d76ba043cd436c6b01a60752ab53e8bc1684328f03,0.9994999766349792,0.000500023365020752,1,104,,global_top_l_filter,5000,0.0
B,hnsw,shuffle,sig_has_pedestrian==True,77.0,,,,56232,0.3909615518320239,b653ccf70810183ed6f8f9eedaacbd11ebd5b12f83121f8fb5613cf80faf1285,0.9994999766349792,0.000500023365020752,1,104,,global_top_l_filter,5000,0.0
B,hnsw,shuffle,sig_has_pedestrian==True,78.0,,,,56232,0.3909615518320239,16aacb53866f80e849f414c2631faa0dbb44546b6f9240a15d08a867a3812799,1.0,0.0,0,104,,global_top_l_filter,5000,0.0
B,hnsw,shuffle,sig_has_pedestrian==True,79.0,,,,56232,0.3909615518320239,98a8128d39e5e5067a0bdf443d80a2cc28831bb3dfce00544437ffde87d726d4,1.0,0.0,0,104,,global_top_l_filter,5000,0.0
B,hnsw,shuffle,sig_has_pedestrian==True,80.0,,,,56232,0.3909615518320239,7193b5df9d35807bb9a0a64841713a2f4c8b6327a8b3760c2cf71099c1cdd8b9,1.0,0.0,0,104,,global_top_l_filter,5000,0.0
B,hnsw,shuffle,sig_has_pedestrian==True,81.0,,,,56232,0.3909615518320239,57d993f5ee1f50e38014fab3cbd88b0d5221cb90d380ed1bad46b33628a7f312,1.0,0.0,0,104,,global_top_l_filter,5000,0.0
B,hnsw,shuffle,sig_has_pedestrian==True,82.0,,,,56232,0.3909615518320239,080ef908ce00b2fd47938320d18da22a38f717424ca8cdb0f526f262adde6bdd,1.0,0.0,0,104,,global_top_l_filter,5000,0.0
B,hnsw,shuffle,sig_has_pedestrian==True,83.0,,,,56232,0.3909615518320239,e96c0d9a1065370ed9eac5cb6027a3ff24d8ec9e77434872586e1aca770a718f,0.9994999766349792,0.000500023365020752,1,104,,global_top_l_filter,5000,0.0
B,hnsw,shuffle,sig_has_pedestrian==True,84.0,,,,56232,0.3909615518320239,65ba71227ce414eba70484b96a671d5c673c5f941098ab323b841b7ebb421395,1.0,0.0,0,104,,global_top_l_filter,5000,0.0
B,hnsw,shuffle,sig_has_pedestrian==True,85.0,,,,56232,0.3909615518320239,a8624602ec4a80dc644a772d0ce02f8372edf0379f79b51206f4cb3c62b16bae,1.0,0.0,0,104,,global_top_l_filter,5000,0.0
B,hnsw,shuffle,sig_has_pedestrian==True,86.0,,,,56232,0.3909615518320239,bc3cf503dca60bb81af30f9ad61053935db0f7c2e3f62cc5f68036d704d0cfeb,1.0,0.0,0,104,,global_top_l_filter,5000,0.0
B,hnsw,shuffle,sig_has_pedestrian==True,87.0,,,,56232,0.3909615518320239,bfbd3502f924949ab30deb1e84b2ff19b938b0c1487bf2a07801c2202d6a49cd,1.0,0.0,0,104,,global_top_l_filter,5000,0.0
B,hnsw,shuffle,sig_has_pedestrian==True,88.0,,,,56232,0.3909615518320239,ac463c33c58d42b6930b33a4a9b713b4257670e4478026c534128f447288fd83,1.0,0.0,0,104,,global_top_l_filter,5000,0.0
B,hnsw,shuffle,sig_has_pedestrian==True,89.0,,,,56232,0.3909615518320239,ec2f3767938fef314f22651c03d13c516455baafbd02c787b0aeee72d882d3b4,1.0,0.0,0,104,,global_top_l_filter,5000,0.0
B,hnsw,shuffle,sig_has_pedestrian==True,90.0,,,,56232,0.3909615518320239,b8288006cc1908d830d693818576a61f7b6f4b1053ad71505d9e2111557f2e73,1.0,0.0,0,104,,global_top_l_filter,5000,0.0
B,hnsw,shuffle,sig_has_pedestrian==True,91.0,,,,56232,0.3909615518320239,3a51e32130c803fa7085873de1b30c1c374558559b4863093613e55f5f6d8c4b,0.9994999766349792,0.000500023365020752,1,104,,global_top_l_filter,5000,0.0
B,hnsw,shuffle,sig_has_pedestrian==True,92.0,,,,56232,0.3909615518320239,a1af57703211bae76e0db0d36ead5429976288de2e0b404d030abf106754f5d9,1.0,0.0,0,104,,global_top_l_filter,5000,0.0
B,hnsw,shuffle,sig_has_pedestrian==True,93.0,,,,56232,0.3909615518320239,f672bc74e5055b7bbfbc81a21674e49b4c1dbfb3c1078ab2e3e3858c542c8da5,1.0,0.0,0,104,,global_top_l_filter,5000,0.0
B,hnsw,shuffle,sig_has_pedestrian==True,94.0,,,,56232,0.3909615518320239,3b449d5fdec66daac5f49b21af28a6645520c34a6fb27ae4383190de81a0ac5f,1.0,0.0,0,104,,global_top_l_filter,5000,0.0
B,hnsw,shuffle,sig_has_pedestrian==True,95.0,,,,56232,0.3909615518320239,ac89089dd0e75e22f1a9c589f8a9d112036298551b584f465e15165316900962,1.0,0.0,0,104,,global_top_l_filter,5000,0.0
B,hnsw,shuffle,sig_has_pedestrian==True,96.0,,,,56232,0.3909615518320239,d7557cc9b02bcc0cc48447eaa28a8555f113567362c1f975bbf94cbc94a028fe,1.0,0.0,0,104,,global_top_l_filter,5000,0.0
B,hnsw,shuffle,sig_has_pedestrian==True,97.0,,,,56232,0.3909615518320239,d03b2c933e757c4de53f3db6125cd76a36f4d3ed1e4b7f7ec6c8612ca32ce666,0.9994999766349792,0.000500023365020752,1,104,,global_top_l_filter,5000,0.0
B,hnsw,shuffle,sig_has_pedestrian==True,98.0,,,,56232,0.3909615518320239,56671d31587a5f80064ab11dbae6b22fe59cdaf516dce766a5f25abc26f8a1e6,1.0,0.0,0,104,,global_top_l_filter,5000,0.0
B,hnsw,shuffle,sig_has_pedestrian==True,99.0,,,,56232,0.3909615518320239,037749d62b6114111b162a96f29e89828fcccce6d66338fcf3c633394913a5ca,0.9994999766349792,0.000500023365020752,1,104,,global_top_l_filter,5000,0.0
B,hnsw,natural,sig_has_yellow==False,,,,,39003,0.2711743029965932,5135fd1c4c0b4f44d5cc7ef122be63d080e1ab08ebcb1f700ddaa48209a2797c,0.7769999504089355,0.22300004959106445,52,148,0.8157592800296282,global_top_l_filter,5000,0.0
B,hnsw,shuffle,sig_has_yellow==False,0.0,,,,39003,0.2711743029965932,2554c119217162dc9fc995fb2cf004bff22d28ffeacf653fe60f73cc64327112,1.0,0.0,0,148,,global_top_l_filter,5000,0.0
B,hnsw,shuffle,sig_has_yellow==False,1.0,,,,39003,0.2711743029965932,5c04a6cfb3278b121a2f91c51a523f98f64fdad37c2a3c13e9d9699b7a2dc560,0.9990000128746033,0.0009999871253967285,2,148,,global_top_l_filter,5000,0.0
B,hnsw,shuffle,sig_has_yellow==False,2.0,,,,39003,0.2711743029965932,81d4f6b8a43bd4ed59f7425f91561433f20ef29ba6842b0dd59f09b6ef5c474e,0.9994999766349792,0.000500023365020752,1,148,,global_top_l_filter,5000,0.0
B,hnsw,shuffle,sig_has_yellow==False,3.0,,,,39003,0.2711743029965932,1eac525e215ec7a11fd00b53daf1aaeefdd79e34187b2ea9cc92498c358f54a6,1.0,0.0,0,148,,global_top_l_filter,5000,0.0
B,hnsw,shuffle,sig_has_yellow==False,4.0,,,,39003,0.2711743029965932,c3ee8b78edd5bcfdfa6cedbbf135d30f24765fabb6d441a88345becc5b5062d1,0.9990000128746033,0.0009999871253967285,2,148,,global_top_l_filter,5000,0.0
B,hnsw,shuffle,sig_has_yellow==False,5.0,,,,39003,0.2711743029965932,b4a793af49af262d65954c6f9e402717f57807aac40b25be19c6d35333362d6a,0.9994999766349792,0.000500023365020752,1,148,,global_top_l_filter,5000,0.0
B,hnsw,shuffle,sig_has_yellow==False,6.0,,,,39003,0.2711743029965932,17de0ed0d6e946f2c7931b22542b548ca18103bd915c89c609fa3cbce617456d,0.9994999766349792,0.000500023365020752,1,148,,global_top_l_filter,5000,0.0
B,hnsw,shuffle,sig_has_yellow==False,7.0,,,,39003,0.2711743029965932,8fcaaa353deabea1537e567c9f4035bd35594a6cad569da61e0adc677abd0ec9,1.0,0.0,0,148,,global_top_l_filter,5000,0.0
B,hnsw,shuffle,sig_has_yellow==False,8.0,,,,39003,0.2711743029965932,6c9acd1ca002336b547b39e8661b3ed279319d7f6063437d5352f934b9eb6677,1.0,0.0,0,148,,global_top_l_filter,5000,0.0
B,hnsw,shuffle,sig_has_yellow==False,9.0,,,,39003,0.2711743029965932,5ea59c774588aab2087cbce06a7009041ba89a65f8ab24583ba6f9e35f1ce433,0.9994999766349792,0.000500023365020752,1,148,,global_top_l_filter,5000,0.0
B,hnsw,shuffle,sig_has_yellow==False,10.0,,,,39003,0.2711743029965932,c3d525c30f3d897573c68fd01a193a1affd474d06984a79c4fa456b4a9118f2b,1.0,0.0,0,148,,global_top_l_filter,5000,0.0
B,hnsw,shuffle,sig_has_yellow==False,11.0,,,,39003,0.2711743029965932,e3bd4ee02800fc8348234a9b98272ed0ed234781b3ccecdb513a24bd65d4950e,0.9994999766349792,0.000500023365020752,1,148,,global_top_l_filter,5000,0.0
B,hnsw,shuffle,sig_has_yellow==False,12.0,,,,39003,0.2711743029965932,3bbaca9ac36bc2dcaf11ff02c6e12aa6a91de7a467c88eeb818fc68f201c4a91,0.9990000128746033,0.0009999871253967285,1,148,,global_top_l_filter,5000,0.0
B,hnsw,shuffle,sig_has_yellow==False,13.0,,,,39003,0.2711743029965932,93e25f3fb7f5a2a0e700f84650e3156ded35f916f3a97566c367ae5c745653f1,0.9994999766349792,0.000500023365020752,1,148,,global_top_l_filter,5000,0.0
B,hnsw,shuffle,sig_has_yellow==False,14.0,,,,39003,0.2711743029965932,196a0d3340b27d464c3896692f6ac6c1a4f4d669a010de030daa25bbf481591c,0.9984999895095825,0.0015000104904174805,2,148,,global_top_l_filter,5000,0.0
B,hnsw,shuffle,sig_has_yellow==False,15.0,,,,39003,0.2711743029965932,b8142e10f854de44225243b7378ba44b3975a3f18e5441ad4fea6a4036004f11,1.0,0.0,0,148,,global_top_l_filter,5000,0.0
B,hnsw,shuffle,sig_has_yellow==False,16.0,,,,39003,0.2711743029965932,32cd428ab44fb0812ea384c1aa0528a3088c38672380742163de05d2060d0a92,0.9994999766349792,0.000500023365020752,1,148,,global_top_l_filter,5000,0.0
B,hnsw,shuffle,sig_has_yellow==False,17.0,,,,39003,0.2711743029965932,bccbec19a5e9403fdcd8efa8560f78b8aebe57ef0bc0495ff095a6e1edfdc4ff,0.9990000128746033,0.0009999871253967285,2,148,,global_top_l_filter,5000,0.0
B,hnsw,shuffle,sig_has_yellow==False,18.0,,,,39003,0.2711743029965932,c8b7e84e442d22a82636adcbee5ade05f655e0fb2050446ee9864bf6ba98196f,0.9990000128746033,0.0009999871253967285,2,148,,global_top_l_filter,5000,0.0
B,hnsw,shuffle,sig_has_yellow==False,19.0,,,,39003,0.2711743029965932,70a7a2ba4ba7451ce83c46acdc7cd687048335384aa450e21292ce32f01c5e39,0.9994999766349792,0.000500023365020752,1,148,,global_top_l_filter,5000,0.0
B,hnsw,shuffle,sig_has_yellow==False,20.0,,,,39003,0.2711743029965932,1c08968da70df5eca8599adf655fe7ee0bfce650bcba12a0f26025ec722ff231,0.9994999766349792,0.000500023365020752,1,148,,global_top_l_filter,5000,0.0
B,hnsw,shuffle,sig_has_yellow==False,21.0,,,,39003,0.2711743029965932,8669eac27bfc73a82748de74373ac3c62806a4f3b75fbeddc69cdb368c872e31,0.9980000257492065,0.001999974250793457,3,148,,global_top_l_filter,5000,0.0
B,hnsw,shuffle,sig_has_yellow==False,22.0,,,,39003,0.2711743029965932,27fd5e04c442eb1b6464261e04c119f4892a5d1c7f15af1cd0fe9d01cf831a37,0.9994999766349792,0.000500023365020752,1,148,,global_top_l_filter,5000,0.0
B,hnsw,shuffle,sig_has_yellow==False,23.0,,,,39003,0.2711743029965932,b9e04fa1229a67fa626d1c69869cd8287c0fb33bf29b551123f04fc54bb295cd,0.9990000128746033,0.0009999871253967285,2,148,,global_top_l_filter,5000,0.0
B,hnsw,shuffle,sig_has_yellow==False,24.0,,,,39003,0.2711743029965932,4178eca822537fdf141dfa0f1c712c8fcd0f6181bb7817ea28f2ec7fbd274455,0.9984999895095825,0.0015000104904174805,2,148,,global_top_l_filter,5000,0.0
B,hnsw,shuffle,sig_has_yellow==False,25.0,,,,39003,0.2711743029965932,a2be861a634a4244cb40bc85eb49a985b4c293c0350923e62ac6169ace664c2f,0.9994999766349792,0.000500023365020752,1,148,,global_top_l_filter,5000,0.0
B,hnsw,shuffle,sig_has_yellow==False,26.0,,,,39003,0.2711743029965932,c5d96091bcabb8476de4f26affb8b2a71d1e70abe5d1e6b1c53c2c87a9997ccb,0.9990000128746033,0.0009999871253967285,1,148,,global_top_l_filter,5000,0.0
B,hnsw,shuffle,sig_has_yellow==False,27.0,,,,39003,0.2711743029965932,ea8a847f5fbd04465ad87232738b7e6ea7c779f06bb56d6bf239b40b2dcd3797,0.9994999766349792,0.000500023365020752,1,148,,global_top_l_filter,5000,0.0
B,hnsw,shuffle,sig_has_yellow==False,28.0,,,,39003,0.2711743029965932,9e491a891b4b35741833eff511d8c927d5997c3d12f952ef08444a813cac9787,0.9994999766349792,0.000500023365020752,1,148,,global_top_l_filter,5000,0.0
B,hnsw,shuffle,sig_has_yellow==False,29.0,,,,39003,0.2711743029965932,dd814a889e56e324c0698573ce5ac1d98342e171b450908da222887009491af7,0.9990000128746033,0.0009999871253967285,2,148,,global_top_l_filter,5000,0.0
B,hnsw,shuffle,sig_has_yellow==False,30.0,,,,39003,0.2711743029965932,48a331e9571388e7f3db8987a8505796687f1657b4aa77e1739ec0cacbe8426f,1.0,0.0,0,148,,global_top_l_filter,5000,0.0
B,hnsw,shuffle,sig_has_yellow==False,31.0,,,,39003,0.2711743029965932,faa85323bfc8a739de4734a6af5694a7ebd84492cd4ecd7e0db354fc4733c1c6,0.9994999766349792,0.000500023365020752,1,148,,global_top_l_filter,5000,0.0
B,hnsw,shuffle,sig_has_yellow==False,32.0,,,,39003,0.2711743029965932,91b54e3ca7c6d9e2b7e2072b59598a46025033a6abc9c9aee36767f6a81efbd8,0.9985000491142273,0.001499950885772705,3,148,,global_top_l_filter,5000,0.0
B,hnsw,shuffle,sig_has_yellow==False,33.0,,,,39003,0.2711743029965932,0eeea3a01909608ae28fab7d13045cb1d37de5768a0d2ac66cdbfe7dce32a666,0.9994999766349792,0.000500023365020752,1,148,,global_top_l_filter,5000,0.0
B,hnsw,shuffle,sig_has_yellow==False,34.0,,,,39003,0.2711743029965932,0784ea18d9463cbabb5f711d220571c3df0572a80e56743d3bc764d0285efb10,0.9990000128746033,0.0009999871253967285,2,148,,global_top_l_filter,5000,0.0
B,hnsw,shuffle,sig_has_yellow==False,35.0,,,,39003,0.2711743029965932,6087514d8d92e8a283b068c61cb908d90becb8e01d5669febc4b9dd69408c40d,1.0,0.0,0,148,,global_top_l_filter,5000,0.0
B,hnsw,shuffle,sig_has_yellow==False,36.0,,,,39003,0.2711743029965932,9f9293095e38fdae35b7881d5c0bbac75a9db6727981e7ea91e9328423122923,0.9990000128746033,0.0009999871253967285,2,148,,global_top_l_filter,5000,0.0
B,hnsw,shuffle,sig_has_yellow==False,37.0,,,,39003,0.2711743029965932,34f960ffc27444ea3c5c0ea3bdb00b5677e669f34017cb9534d536378560e901,0.9990000128746033,0.0009999871253967285,2,148,,global_top_l_filter,5000,0.0
B,hnsw,shuffle,sig_has_yellow==False,38.0,,,,39003,0.2711743029965932,d1390b5d0bfc2c663b5eb413d6b5be53bc0b72b145ea28a7f3086e20ae8b7ed5,1.0,0.0,0,148,,global_top_l_filter,5000,0.0
B,hnsw,shuffle,sig_has_yellow==False,39.0,,,,39003,0.2711743029965932,858e9efcd318f4833e4289f91c6d83ff1ad38d8e6c8b1921c9fe536481053079,0.9994999766349792,0.000500023365020752,1,148,,global_top_l_filter,5000,0.0
B,hnsw,shuffle,sig_has_yellow==False,40.0,,,,39003,0.2711743029965932,7787077aed4599d4c8598aec31136abcecc5aeb757719090f9e539382edd874c,0.9994999766349792,0.000500023365020752,1,148,,global_top_l_filter,5000,0.0
B,hnsw,shuffle,sig_has_yellow==False,41.0,,,,39003,0.2711743029965932,265d42a086c1f51bd2d0cb9bf9d6be15dda8b3bae37c1e684af53cef349bf060,0.9990000128746033,0.0009999871253967285,2,148,,global_top_l_filter,5000,0.0
B,hnsw,shuffle,sig_has_yellow==False,42.0,,,,39003,0.2711743029965932,363341cb26585d2fdfb24b1ad5b8796dc274c958da78de65b26b5e9e5ab2d01c,1.0,0.0,0,148,,global_top_l_filter,5000,0.0
B,hnsw,shuffle,sig_has_yellow==False,43.0,,,,39003,0.2711743029965932,9cfbbafa78fb71583ee40ce8b4941886fbc973bb16804e6172936d885b004c09,0.9990000128746033,0.0009999871253967285,2,148,,global_top_l_filter,5000,0.0
B,hnsw,shuffle,sig_has_yellow==False,44.0,,,,39003,0.2711743029965932,bfe3015c8d1c7b8f872f3e0d68c913368f262dabd9501d8c85fe566abea3eb2e,1.0,0.0,0,148,,global_top_l_filter,5000,0.0
B,hnsw,shuffle,sig_has_yellow==False,45.0,,,,39003,0.2711743029965932,2f161ccedf203ec4ea2516bc4382853afa28d61b19ccdff76a4cc2930a961ead,1.0,0.0,0,148,,global_top_l_filter,5000,0.0
B,hnsw,shuffle,sig_has_yellow==False,46.0,,,,39003,0.2711743029965932,26f83769ede5548ff36f613d092c0bbb62f36b4c799829605a151b205e800d16,0.9994999766349792,0.000500023365020752,1,148,,global_top_l_filter,5000,0.0
B,hnsw,shuffle,sig_has_yellow==False,47.0,,,,39003,0.2711743029965932,1f9c87558955eefedc1fc938250a86eff435121bb4816f34af6a7493ff9089ec,1.0,0.0,0,148,,global_top_l_filter,5000,0.0
B,hnsw,shuffle,sig_has_yellow==False,48.0,,,,39003,0.2711743029965932,603e5b48fc455899d866f320313e7b16f83d01a6205436f5f18968a58f9df802,0.9990000128746033,0.0009999871253967285,2,148,,global_top_l_filter,5000,0.0
B,hnsw,shuffle,sig_has_yellow==False,49.0,,,,39003,0.2711743029965932,560157b3ccb2f1c6fecf432f7347537f4842b92d2899a0d96589bc45f5448b51,1.0,0.0,0,148,,global_top_l_filter,5000,0.0
B,hnsw,shuffle,sig_has_yellow==False,50.0,,,,39003,0.2711743029965932,9019d24808e418409d5801638cb6b43ef7c58ad5be3a9abc78160cb1f64deba5,0.9994999766349792,0.000500023365020752,1,148,,global_top_l_filter,5000,0.0
B,hnsw,shuffle,sig_has_yellow==False,51.0,,,,39003,0.2711743029965932,319e43e5599fae95346be364c77ab1ebfa95062b23a2eabc920165b2838cf91a,0.9994999766349792,0.000500023365020752,1,148,,global_top_l_filter,5000,0.0
B,hnsw,shuffle,sig_has_yellow==False,52.0,,,,39003,0.2711743029965932,fbddd217e25c8f0bc408050abb7f00581e7c3920fe82ad358e31941bd7d721dd,1.0,0.0,0,148,,global_top_l_filter,5000,0.0
B,hnsw,shuffle,sig_has_yellow==False,53.0,,,,39003,0.2711743029965932,c462135e7062608d0f133a0d92a36cb4ceb13b1ad8daaa0efdbd55a567fe9aa6,0.9990000128746033,0.0009999871253967285,2,148,,global_top_l_filter,5000,0.0
B,hnsw,shuffle,sig_has_yellow==False,54.0,,,,39003,0.2711743029965932,6ce87c1aeb90f858e21f2e26426aff1265d5d98328852dfd795c18ddbc584103,0.9994999766349792,0.000500023365020752,1,148,,global_top_l_filter,5000,0.0
B,hnsw,shuffle,sig_has_yellow==False,55.0,,,,39003,0.2711743029965932,db614d1f7ad30b24e09f5f01a04332153f549352604dee09b0ae083058834996,0.9994999766349792,0.000500023365020752,1,148,,global_top_l_filter,5000,0.0
B,hnsw,shuffle,sig_has_yellow==False,56.0,,,,39003,0.2711743029965932,73d1b4f9bf15f8ac7be96da69f22c945eb6a328fe31ccbb27b5de80ab6769b32,0.9985000491142273,0.001499950885772705,3,148,,global_top_l_filter,5000,0.0
B,hnsw,shuffle,sig_has_yellow==False,57.0,,,,39003,0.2711743029965932,955b6ba376fdd6557a3abb9dde9b442d83ced4f9d4ae8da4cf7430ecc55d21e7,0.9990000128746033,0.0009999871253967285,2,148,,global_top_l_filter,5000,0.0
B,hnsw,shuffle,sig_has_yellow==False,58.0,,,,39003,0.2711743029965932,162ad39ad7fc674e8fa0a01c30af68bab6a78b3e7378a1c3a88780b80068468c,0.9994999766349792,0.000500023365020752,1,148,,global_top_l_filter,5000,0.0
B,hnsw,shuffle,sig_has_yellow==False,59.0,,,,39003,0.2711743029965932,f9d9221213b32eb26b440688f7ee108d0ea08f44bb687b04df6e66a8a471cf40,0.9984999895095825,0.0015000104904174805,1,148,,global_top_l_filter,5000,0.0
B,hnsw,shuffle,sig_has_yellow==False,60.0,,,,39003,0.2711743029965932,07c74b83b00a9f8d71a11e1b34bf7139e28bc91707b7902bcbfa21f64fd49775,0.9994999766349792,0.000500023365020752,1,148,,global_top_l_filter,5000,0.0
B,hnsw,shuffle,sig_has_yellow==False,61.0,,,,39003,0.2711743029965932,1355aa018762bada1ac15a62766990950c9894c4d0bfb8f82143d8265d6062a2,1.0,0.0,0,148,,global_top_l_filter,5000,0.0
B,hnsw,shuffle,sig_has_yellow==False,62.0,,,,39003,0.2711743029965932,c4a84f2345857925818e4a608a429644c806ca12a857a2fb148b8387719932b7,0.9990000128746033,0.0009999871253967285,2,148,,global_top_l_filter,5000,0.0
B,hnsw,shuffle,sig_has_yellow==False,63.0,,,,39003,0.2711743029965932,d5bd4c44ccc8313b1643430f0e23f018793114992c2b78d483a7152d58ddeaeb,0.9994999766349792,0.000500023365020752,1,148,,global_top_l_filter,5000,0.0
B,hnsw,shuffle,sig_has_yellow==False,64.0,,,,39003,0.2711743029965932,15277356202282c7586599dbbb2e88792fad8aa8cc672700c5c730529730a636,1.0,0.0,0,148,,global_top_l_filter,5000,0.0
B,hnsw,shuffle,sig_has_yellow==False,65.0,,,,39003,0.2711743029965932,2f869922bf624b99b2c1f025b355b9f11db4a89113fc2a3216df0b7b3520a2cd,0.9994999766349792,0.000500023365020752,1,148,,global_top_l_filter,5000,0.0
B,hnsw,shuffle,sig_has_yellow==False,66.0,,,,39003,0.2711743029965932,b162dd73cd0f0ed77aaff218f6afdeff14b65705844cd1e12a4a3d941b884037,0.9984999895095825,0.0015000104904174805,3,148,,global_top_l_filter,5000,0.0
B,hnsw,shuffle,sig_has_yellow==False,67.0,,,,39003,0.2711743029965932,3fb72b70c15d12540ca032cb99cf065ad6909abdfbf8fe09e21b25f564fbe9e1,0.9994999766349792,0.000500023365020752,1,148,,global_top_l_filter,5000,0.0
B,hnsw,shuffle,sig_has_yellow==False,68.0,,,,39003,0.2711743029965932,c7de4d8dcf24499ced131c2442362766da812abd28b55177e2826124f7150073,1.0,0.0,0,148,,global_top_l_filter,5000,0.0
B,hnsw,shuffle,sig_has_yellow==False,69.0,,,,39003,0.2711743029965932,6b21b9c1ec1e04064b6b926489134839e6d42ae8eaddeed4c3dded4b4a85f05a,0.9994999766349792,0.000500023365020752,1,148,,global_top_l_filter,5000,0.0
B,hnsw,shuffle,sig_has_yellow==False,70.0,,,,39003,0.2711743029965932,321ff0c6dc50606ae3e0ac7a390b6c6a7d710d176b6966e8075d8698600d3b72,0.9994999766349792,0.000500023365020752,1,148,,global_top_l_filter,5000,0.0
B,hnsw,shuffle,sig_has_yellow==False,71.0,,,,39003,0.2711743029965932,c23ab1e5067f3b93b655defaeb1799fbf741d7bd799f74095fa647d9e6fe4e4e,0.9994999766349792,0.000500023365020752,1,148,,global_top_l_filter,5000,0.0
B,hnsw,shuffle,sig_has_yellow==False,72.0,,,,39003,0.2711743029965932,11011077507faa3420dcf823e7392defafc496a9fd026c424026113557abba94,0.9994999766349792,0.000500023365020752,1,148,,global_top_l_filter,5000,0.0
B,hnsw,shuffle,sig_has_yellow==False,73.0,,,,39003,0.2711743029965932,4f9c8c93243ceb2ddf2b51b8f91166dfb29ba6596425c0c06b7b2826ee51ff36,0.9980000257492065,0.001999974250793457,3,148,,global_top_l_filter,5000,0.0
B,hnsw,shuffle,sig_has_yellow==False,74.0,,,,39003,0.2711743029965932,bf1e6419b6ba87ae75ec8a51f7cc1495ec88803bf17c3e2d10e000487740a2ee,1.0,0.0,0,148,,global_top_l_filter,5000,0.0
B,hnsw,shuffle,sig_has_yellow==False,75.0,,,,39003,0.2711743029965932,9bc3bd8a023210d8b9c6b691b2c5fbc7c602c91cbc5b1fd1316d52698ac47378,0.9994999766349792,0.000500023365020752,1,148,,global_top_l_filter,5000,0.0
B,hnsw,shuffle,sig_has_yellow==False,76.0,,,,39003,0.2711743029965932,e52480cf5d58f386615f0d5e60fcfe3082bfb49a1bfad29a48202503432db4e3,0.9990000128746033,0.0009999871253967285,2,148,,global_top_l_filter,5000,0.0
B,hnsw,shuffle,sig_has_yellow==False,77.0,,,,39003,0.2711743029965932,453166d08f7cfce38aec2d06695f5171505bf88c494f159dc870dba6240e419e,0.9990000128746033,0.0009999871253967285,2,148,,global_top_l_filter,5000,0.0
B,hnsw,shuffle,sig_has_yellow==False,78.0,,,,39003,0.2711743029965932,ee69e644e7bc11ef0a9b02cf92de4a9725c5eb6eaf3f73c06b53de50b8015800,0.9990000128746033,0.0009999871253967285,2,148,,global_top_l_filter,5000,0.0
B,hnsw,shuffle,sig_has_yellow==False,79.0,,,,39003,0.2711743029965932,3f804441360fd54c279836c6fbdeace84832e1632a27f348342ce60a80851b3d,1.0,0.0,0,148,,global_top_l_filter,5000,0.0
B,hnsw,shuffle,sig_has_yellow==False,80.0,,,,39003,0.2711743029965932,55c886ac258f148807080a5720e227e514e7aeb6690282a6f8047ba0eab9a66c,0.9985000491142273,0.001499950885772705,3,148,,global_top_l_filter,5000,0.0
B,hnsw,shuffle,sig_has_yellow==False,81.0,,,,39003,0.2711743029965932,4d67fe8300ea4ab46924ab1ff37ce8aff1c6715982cf5a9953df28d963b355c5,0.9990000128746033,0.0009999871253967285,2,148,,global_top_l_filter,5000,0.0
B,hnsw,shuffle,sig_has_yellow==False,82.0,,,,39003,0.2711743029965932,efdb7311261b8c43dd4768041b972677e12d77cc6b138ed7c20e3096594cee05,1.0,0.0,0,148,,global_top_l_filter,5000,0.0
B,hnsw,shuffle,sig_has_yellow==False,83.0,,,,39003,0.2711743029965932,65acdef5a5b758b760ab41e8ac0b67654a6e181a1e17f4b9b537090d790e0b81,0.9994999766349792,0.000500023365020752,1,148,,global_top_l_filter,5000,0.0
B,hnsw,shuffle,sig_has_yellow==False,84.0,,,,39003,0.2711743029965932,cfdbe313406c020e4ecf0e1ba2beae1d8628289f424f68ee3615f83ab0009d6c,0.9985000491142273,0.001499950885772705,3,148,,global_top_l_filter,5000,0.0
B,hnsw,shuffle,sig_has_yellow==False,85.0,,,,39003,0.2711743029965932,dff211ef8c46ec9aa334c5b842e853ba90e03849f6a0ea69435820e74b0b86d5,0.9994999766349792,0.000500023365020752,1,148,,global_top_l_filter,5000,0.0
B,hnsw,shuffle,sig_has_yellow==False,86.0,,,,39003,0.2711743029965932,57a95fb0ecb28e53f590634e9bbc0b7ed03d7b9a91802e55505948b1c887c2cc,0.9990000128746033,0.0009999871253967285,2,148,,global_top_l_filter,5000,0.0
B,hnsw,shuffle,sig_has_yellow==False,87.0,,,,39003,0.2711743029965932,5af60af0bc120ec4a5e48d08b931288d04ccf45d7e67e8ca8a97c7cde8c3f510,1.0,0.0,0,148,,global_top_l_filter,5000,0.0
B,hnsw,shuffle,sig_has_yellow==False,88.0,,,,39003,0.2711743029965932,f2b03ec1fb4f4614536a94517046aed0a700771feaa79070fb3816348e2df798,1.0,0.0,0,148,,global_top_l_filter,5000,0.0
B,hnsw,shuffle,sig_has_yellow==False,89.0,,,,39003,0.2711743029965932,8cfc3265b69cbe515f24aa27f5deb91a35febd81814d9384aa9586d887f1e426,1.0,0.0,0,148,,global_top_l_filter,5000,0.0
B,hnsw,shuffle,sig_has_yellow==False,90.0,,,,39003,0.2711743029965932,10d988bc8acb4c5d03e1f0c152c1e0c7cb373e949c919233d2d80d53908e6e8d,1.0,0.0,0,148,,global_top_l_filter,5000,0.0
B,hnsw,shuffle,sig_has_yellow==False,91.0,,,,39003,0.2711743029965932,ed305591a3599c2d8de1b27d99dcd5de49de7f4e48ef29efdb57ce66e1081b04,1.0,0.0,0,148,,global_top_l_filter,5000,0.0
B,hnsw,shuffle,sig_has_yellow==False,92.0,,,,39003,0.2711743029965932,6fc7ff3012e96a1c614fcaf0475497ec7db7ca2a4713aa3449a9276aa33058d8,0.9994999766349792,0.000500023365020752,1,148,,global_top_l_filter,5000,0.0
B,hnsw,shuffle,sig_has_yellow==False,93.0,,,,39003,0.2711743029965932,53728389d53b42396ea4bed7b8e5534187c877cef500757043d01502411b941c,1.0,0.0,0,148,,global_top_l_filter,5000,0.0
B,hnsw,shuffle,sig_has_yellow==False,94.0,,,,39003,0.2711743029965932,195173828e1330fb2399d8bc0a54f3a1c1f549e9a28dda3a02f72285d648b7bf,0.9985000491142273,0.001499950885772705,2,148,,global_top_l_filter,5000,0.0
B,hnsw,shuffle,sig_has_yellow==False,95.0,,,,39003,0.2711743029965932,b6e1c9934c1bab7cda2b77104fb5a0c9d64dee132b54e8dd71499f0a89d71eaa,0.9994999766349792,0.000500023365020752,1,148,,global_top_l_filter,5000,0.0
B,hnsw,shuffle,sig_has_yellow==False,96.0,,,,39003,0.2711743029965932,aeb943147583ef46192743f2a743e3d127d1f64ff2e721b8072cd212c2f77667,0.9994999766349792,0.000500023365020752,1,148,,global_top_l_filter,5000,0.0
B,hnsw,shuffle,sig_has_yellow==False,97.0,,,,39003,0.2711743029965932,de0433a5d82936e46ccfeff3938f2607667e1303401584018c4be4aa238ec9b8,0.9994999766349792,0.000500023365020752,1,148,,global_top_l_filter,5000,0.0
B,hnsw,shuffle,sig_has_yellow==False,98.0,,,,39003,0.2711743029965932,13a4ee1e550c560bc1e643a4f8435dbd4dd1f164c47c4382c7cc105195261efb,0.9994999766349792,0.000500023365020752,1,148,,global_top_l_filter,5000,0.0
B,hnsw,shuffle,sig_has_yellow==False,99.0,,,,39003,0.2711743029965932,a0789b0257df0f5fd5221dad04c6f90d5f5ed51c4ef1d5af863124f1a04de236,1.0,0.0,0,148,,global_top_l_filter,5000,0.0
B,hnsw,natural,sig_has_pedestrian==False,,,,,73163,0.508676910241257,e144c2594ce181411e8096d9462c247f4501fbf60b536bb1157e4ed7bf789414,0.9435000419616699,0.05649995803833008,19,80,0.8110765038178142,global_top_l_filter,5000,0.0
B,hnsw,shuffle,sig_has_pedestrian==False,0.0,,,,73163,0.508676910241257,bd5f727017be8f994ab643ef3c7b58bec74cc4e092d1ecd8aab1980d165c20b0,1.0,0.0,0,80,,global_top_l_filter,5000,0.0
B,hnsw,shuffle,sig_has_pedestrian==False,1.0,,,,73163,0.508676910241257,8ab4f6768d7f5dda2c629052b9dd218808011c66028421b0a0ffffd6acb3ddef,1.0,0.0,0,80,,global_top_l_filter,5000,0.0
B,hnsw,shuffle,sig_has_pedestrian==False,2.0,,,,73163,0.508676910241257,f191dade76e256b23276e762fa70f4bc97ef411234db7f56ade2a529a66b6640,1.0,0.0,0,80,,global_top_l_filter,5000,0.0
B,hnsw,shuffle,sig_has_pedestrian==False,3.0,,,,73163,0.508676910241257,d36f79741325b58f09356151e59c77c2922b312bbca16f30dd53f4c810641eb6,1.0,0.0,0,80,,global_top_l_filter,5000,0.0
B,hnsw,shuffle,sig_has_pedestrian==False,4.0,,,,73163,0.508676910241257,d3bca9e42876d37cbc8ee2e951a7248a8ee69b64e50a42f242b941adca4d4783,1.0,0.0,0,80,,global_top_l_filter,5000,0.0
B,hnsw,shuffle,sig_has_pedestrian==False,5.0,,,,73163,0.508676910241257,01c65c14401656cec77cc652be8c52ab00561fcd06bd583d56696ddd7a523f93,1.0,0.0,0,80,,global_top_l_filter,5000,0.0
B,hnsw,shuffle,sig_has_pedestrian==False,6.0,,,,73163,0.508676910241257,4f38dd898b7f00418cdb5447999487a2dd3e8e28baa360d5882d53c0ad61d0c4,0.9994999766349792,0.000500023365020752,1,80,,global_top_l_filter,5000,0.0
B,hnsw,shuffle,sig_has_pedestrian==False,7.0,,,,73163,0.508676910241257,d26764860f0aa1de4251bada9b41f8a7fe134414ce8e619c0e1d3c19af5bef11,0.9994999766349792,0.000500023365020752,1,80,,global_top_l_filter,5000,0.0
B,hnsw,shuffle,sig_has_pedestrian==False,8.0,,,,73163,0.508676910241257,f3fe8bfc19332954b974571ca2f407fbb093333b68788d5b2ebc62a31f0714cf,1.0,0.0,0,80,,global_top_l_filter,5000,0.0
B,hnsw,shuffle,sig_has_pedestrian==False,9.0,,,,73163,0.508676910241257,2ac71ee4e317dccddb0c1a07d47d2de4082b29dcf251c2d20957de731443a608,1.0,0.0,0,80,,global_top_l_filter,5000,0.0
B,hnsw,shuffle,sig_has_pedestrian==False,10.0,,,,73163,0.508676910241257,278aaab707b3717615886e9721ee581dfafe62ef43e19aee5f4d0d01446a86fc,1.0,0.0,0,80,,global_top_l_filter,5000,0.0
B,hnsw,shuffle,sig_has_pedestrian==False,11.0,,,,73163,0.508676910241257,f65bbd041a203a70e30eb6aaf2a98fa935f324567fa12d22e2ce1f15b692b340,1.0,0.0,0,80,,global_top_l_filter,5000,0.0
B,hnsw,shuffle,sig_has_pedestrian==False,12.0,,,,73163,0.508676910241257,5345ae35708545dfe0c655fd4e4bdd59a5348332d66e1e5d3e2422105d432f28,1.0,0.0,0,80,,global_top_l_filter,5000,0.0
B,hnsw,shuffle,sig_has_pedestrian==False,13.0,,,,73163,0.508676910241257,ed84eb16ce8308989d51a90f0a021d61467e50d783382190fa2910e9996abaf4,1.0,0.0,0,80,,global_top_l_filter,5000,0.0
B,hnsw,shuffle,sig_has_pedestrian==False,14.0,,,,73163,0.508676910241257,df76f9acfe8b0209ca22deb6d7661eb89c711b2858716847c08dbc05f0df51fc,1.0,0.0,0,80,,global_top_l_filter,5000,0.0
B,hnsw,shuffle,sig_has_pedestrian==False,15.0,,,,73163,0.508676910241257,1c0f2f8953c71456d4c1fab8f8d2b22962b29ff1fd123d34f6aa96ab3d62818b,1.0,0.0,0,80,,global_top_l_filter,5000,0.0
B,hnsw,shuffle,sig_has_pedestrian==False,16.0,,,,73163,0.508676910241257,ab8330a69e2b9c0f69b46ab7fe5b49287581f9d368461fe5b515c80eb7490a66,1.0,0.0,0,80,,global_top_l_filter,5000,0.0
B,hnsw,shuffle,sig_has_pedestrian==False,17.0,,,,73163,0.508676910241257,364d8b04c4a02af910a129bc7b306fbbf18162c886aded5b2cd9e2451cac7f01,0.9994999766349792,0.000500023365020752,1,80,,global_top_l_filter,5000,0.0
B,hnsw,shuffle,sig_has_pedestrian==False,18.0,,,,73163,0.508676910241257,2d9f367861e1eb5f60e7eef49353bfb8f774196a5b97e9ee77bb8655a9936cd1,1.0,0.0,0,80,,global_top_l_filter,5000,0.0
B,hnsw,shuffle,sig_has_pedestrian==False,19.0,,,,73163,0.508676910241257,a01fab5bd52671eb83d210c7c1fdae9f0ff6dd7dd592d1974532cf791de740a8,1.0,0.0,0,80,,global_top_l_filter,5000,0.0
B,hnsw,shuffle,sig_has_pedestrian==False,20.0,,,,73163,0.508676910241257,f7a57ea731d85c037f8162ac988c8219924fb322b25b5a66159cd533bd65776f,1.0,0.0,0,80,,global_top_l_filter,5000,0.0
B,hnsw,shuffle,sig_has_pedestrian==False,21.0,,,,73163,0.508676910241257,cb83b06cfea8c81b8152bc2178789add636eaa99a66a58cb3e898e289c056d93,1.0,0.0,0,80,,global_top_l_filter,5000,0.0
B,hnsw,shuffle,sig_has_pedestrian==False,22.0,,,,73163,0.508676910241257,e551f14c702154ebb9c7b46db9b6f7cf0e686c67e9c011b2ec6e0a710b935597,1.0,0.0,0,80,,global_top_l_filter,5000,0.0
B,hnsw,shuffle,sig_has_pedestrian==False,23.0,,,,73163,0.508676910241257,68e9f7e6f316a608894cd641534988475167bd878e1fa1ea27c5f0b254704d42,0.9994999766349792,0.000500023365020752,1,80,,global_top_l_filter,5000,0.0
B,hnsw,shuffle,sig_has_pedestrian==False,24.0,,,,73163,0.508676910241257,4c468c6a21ed1fd634e4005e7c6270a16ae134f37f241999c77de0b50451b70f,0.9994999766349792,0.000500023365020752,1,80,,global_top_l_filter,5000,0.0
B,hnsw,shuffle,sig_has_pedestrian==False,25.0,,,,73163,0.508676910241257,397f8f680b0f9cb1737df99f972d7dd345910620b606ca7ed4185dd2d9bb764b,1.0,0.0,0,80,,global_top_l_filter,5000,0.0
B,hnsw,shuffle,sig_has_pedestrian==False,26.0,,,,73163,0.508676910241257,c7d7f6fce3fb7af914fd590594d7cac2833cd0cfe737f1254be3cb0084f7f9f8,1.0,0.0,0,80,,global_top_l_filter,5000,0.0
B,hnsw,shuffle,sig_has_pedestrian==False,27.0,,,,73163,0.508676910241257,f71b3829eb3c97feced527c80e7e615a6fd106815368a059b64d33d7591141f8,1.0,0.0,0,80,,global_top_l_filter,5000,0.0
B,hnsw,shuffle,sig_has_pedestrian==False,28.0,,,,73163,0.508676910241257,4ceb27980b40129143cf336062789e106473477c1e4e69051dae9e902e1e15c2,1.0,0.0,0,80,,global_top_l_filter,5000,0.0
B,hnsw,shuffle,sig_has_pedestrian==False,29.0,,,,73163,0.508676910241257,ef751e6e542d25ceeeb69d845ccf948e04240f411961495070a89cf577879631,1.0,0.0,0,80,,global_top_l_filter,5000,0.0
B,hnsw,shuffle,sig_has_pedestrian==False,30.0,,,,73163,0.508676910241257,7b47176cf6414a8c5fb58a890c4ef773d91beca1070c94cc2f6319c583c3ae31,1.0,0.0,0,80,,global_top_l_filter,5000,0.0
B,hnsw,shuffle,sig_has_pedestrian==False,31.0,,,,73163,0.508676910241257,1fc15261cd65df2ba93d6be64ec7971c714ebc00957452cd5875cadfed63b0f3,1.0,0.0,0,80,,global_top_l_filter,5000,0.0
B,hnsw,shuffle,sig_has_pedestrian==False,32.0,,,,73163,0.508676910241257,6fb6666bb0128dfd30f92bbff92a5b6971b25ba3fb1176284d4af8c853a5f310,1.0,0.0,0,80,,global_top_l_filter,5000,0.0
B,hnsw,shuffle,sig_has_pedestrian==False,33.0,,,,73163,0.508676910241257,602ba3f5c00ad7511f9597a29c8910aa0e487f3291a43a4762a26d04a8a9e154,1.0,0.0,0,80,,global_top_l_filter,5000,0.0
B,hnsw,shuffle,sig_has_pedestrian==False,34.0,,,,73163,0.508676910241257,193569c0558786647abba250a570e82ce4887c838f09437eb9acccfc7606f55f,1.0,0.0,0,80,,global_top_l_filter,5000,0.0
B,hnsw,shuffle,sig_has_pedestrian==False,35.0,,,,73163,0.508676910241257,078ab0b5507fe51b28589bc735a20c60106653760995a283b9a5b16273d21c2b,1.0,0.0,0,80,,global_top_l_filter,5000,0.0
B,hnsw,shuffle,sig_has_pedestrian==False,36.0,,,,73163,0.508676910241257,2887494cd47d2c2996045643751bad80d447ac735c3b614f2dd456e14fe2eb26,1.0,0.0,0,80,,global_top_l_filter,5000,0.0
B,hnsw,shuffle,sig_has_pedestrian==False,37.0,,,,73163,0.508676910241257,cd46ee63d8aabda40d09f7793362da51e56c592beea6fe06f672cb5d492c92d2,1.0,0.0,0,80,,global_top_l_filter,5000,0.0
B,hnsw,shuffle,sig_has_pedestrian==False,38.0,,,,73163,0.508676910241257,430930473ccb5da3d7303c99aaec9f5a0a7fc06f6d2a27e7e3de966a69395bb8,1.0,0.0,0,80,,global_top_l_filter,5000,0.0
B,hnsw,shuffle,sig_has_pedestrian==False,39.0,,,,73163,0.508676910241257,a4b1a53ea45e8e8184c00eee110779249dd78ca8ad93138b4c959c85665f87f7,1.0,0.0,0,80,,global_top_l_filter,5000,0.0
B,hnsw,shuffle,sig_has_pedestrian==False,40.0,,,,73163,0.508676910241257,2f8838c18a843efb5f2a0ac83a9685d62d3e0693406bc32aafa9916f65df47dc,1.0,0.0,0,80,,global_top_l_filter,5000,0.0
B,hnsw,shuffle,sig_has_pedestrian==False,41.0,,,,73163,0.508676910241257,852b0c9fb4a0002744bec7c3d4afdb9c8b1fc983c5ec05f245e9e4fcff8b54b0,0.9994999766349792,0.000500023365020752,1,80,,global_top_l_filter,5000,0.0
B,hnsw,shuffle,sig_has_pedestrian==False,42.0,,,,73163,0.508676910241257,90034b7d82ad22b0e31e929b4e48558e9bbee9261b243c4a1b8210dc87ae3a3c,1.0,0.0,0,80,,global_top_l_filter,5000,0.0
B,hnsw,shuffle,sig_has_pedestrian==False,43.0,,,,73163,0.508676910241257,cc878966089d78cad6f2cf17511d3f0dfa45a3ccbb684c4f027edce2a1e979af,1.0,0.0,0,80,,global_top_l_filter,5000,0.0
B,hnsw,shuffle,sig_has_pedestrian==False,44.0,,,,73163,0.508676910241257,f71cb8f2bd3b27e1ebebaef50905dfac9bd6bdcb2d211555ebe9c0bf7724f21b,1.0,0.0,0,80,,global_top_l_filter,5000,0.0
B,hnsw,shuffle,sig_has_pedestrian==False,45.0,,,,73163,0.508676910241257,21b16fa4cf35bf3e913e699229567c72ab22cb5e1b512238f33ac15261d86f7f,1.0,0.0,0,80,,global_top_l_filter,5000,0.0
B,hnsw,shuffle,sig_has_pedestrian==False,46.0,,,,73163,0.508676910241257,c8f4094bc3f0a6489c7a3f4e4a801a0ab3845f8b039a9979a1668de84c91990c,1.0,0.0,0,80,,global_top_l_filter,5000,0.0
B,hnsw,shuffle,sig_has_pedestrian==False,47.0,,,,73163,0.508676910241257,e37ae6f970b1a0f05da7e7ed82f56f1d076688193229188b2769d696f2565476,1.0,0.0,0,80,,global_top_l_filter,5000,0.0
B,hnsw,shuffle,sig_has_pedestrian==False,48.0,,,,73163,0.508676910241257,60ee1a58274c1bd2d7234ee06d6e3c44aa64ec0b24c98aa466df2e66631d7725,1.0,0.0,0,80,,global_top_l_filter,5000,0.0
B,hnsw,shuffle,sig_has_pedestrian==False,49.0,,,,73163,0.508676910241257,465b3a34128d2c88dfe1846ad2f581b85b05de0486890c272917409d9117eff1,1.0,0.0,0,80,,global_top_l_filter,5000,0.0
B,hnsw,shuffle,sig_has_pedestrian==False,50.0,,,,73163,0.508676910241257,8cabb6b07402502c4153e95a177f90f0a5fbb89ae1e027f5bce1c10431b91fd9,1.0,0.0,0,80,,global_top_l_filter,5000,0.0
B,hnsw,shuffle,sig_has_pedestrian==False,51.0,,,,73163,0.508676910241257,ce88d607e1b21b43e2462c3b530271eddb94bb7e11f7f2dc523ac1969ddc5a8d,1.0,0.0,0,80,,global_top_l_filter,5000,0.0
B,hnsw,shuffle,sig_has_pedestrian==False,52.0,,,,73163,0.508676910241257,fdb9ee74b526f93c1d41e35d989c4d4365903e90659be13063835bafe7d04d7c,1.0,0.0,0,80,,global_top_l_filter,5000,0.0
B,hnsw,shuffle,sig_has_pedestrian==False,53.0,,,,73163,0.508676910241257,d3fc88188d590a7f08a90cf03d2e825229fbc9a99b75f9dcac578b9d9607d2a9,1.0,0.0,0,80,,global_top_l_filter,5000,0.0
B,hnsw,shuffle,sig_has_pedestrian==False,54.0,,,,73163,0.508676910241257,5d139db793aa32d82cbc042931c817683950c94b339e0b046e26d7ac4b5c0635,1.0,0.0,0,80,,global_top_l_filter,5000,0.0
B,hnsw,shuffle,sig_has_pedestrian==False,55.0,,,,73163,0.508676910241257,dadfd1f082597aaf8a0077b3f530fad3fcc67b944308c2ee01d9626abb3971c4,1.0,0.0,0,80,,global_top_l_filter,5000,0.0
B,hnsw,shuffle,sig_has_pedestrian==False,56.0,,,,73163,0.508676910241257,d0275933a202147686f16eab0b3ef75e63436b49cdc34a857c47615390900575,1.0,0.0,0,80,,global_top_l_filter,5000,0.0
B,hnsw,shuffle,sig_has_pedestrian==False,57.0,,,,73163,0.508676910241257,b732b2bbca84af3e2938601eb042ccd200cf3498e3817410e929c10845ed4afb,1.0,0.0,0,80,,global_top_l_filter,5000,0.0
B,hnsw,shuffle,sig_has_pedestrian==False,58.0,,,,73163,0.508676910241257,ae9c185e093b7c7dccded2f96398fbc8132f8fb63f8fd065aacb000e7e586ba7,1.0,0.0,0,80,,global_top_l_filter,5000,0.0
B,hnsw,shuffle,sig_has_pedestrian==False,59.0,,,,73163,0.508676910241257,408c707fbd0c6b1eec841319de76af1b8a8852adabb8f052276b7399a3153902,1.0,0.0,0,80,,global_top_l_filter,5000,0.0
B,hnsw,shuffle,sig_has_pedestrian==False,60.0,,,,73163,0.508676910241257,dcd954c2cec50d637bc27c3c170edbc284d96a51086741f44b5dc54fd3b8c8d0,1.0,0.0,0,80,,global_top_l_filter,5000,0.0
B,hnsw,shuffle,sig_has_pedestrian==False,61.0,,,,73163,0.508676910241257,a0d4ce3b140262edb43b5b36b191890ee3c24cc0a95bbd12ac88ecd0f5702971,1.0,0.0,0,80,,global_top_l_filter,5000,0.0
B,hnsw,shuffle,sig_has_pedestrian==False,62.0,,,,73163,0.508676910241257,a720f7b9665f4a3c644aa7cea8a6fe15a52781d17efac13791418ceff1384f78,1.0,0.0,0,80,,global_top_l_filter,5000,0.0
B,hnsw,shuffle,sig_has_pedestrian==False,63.0,,,,73163,0.508676910241257,31dd311552dfcaf725d354e03d73cec54a018d0b1554b0d06a6778876fa6177a,1.0,0.0,0,80,,global_top_l_filter,5000,0.0
B,hnsw,shuffle,sig_has_pedestrian==False,64.0,,,,73163,0.508676910241257,7b3dd8c5cff9eec579e46916ea320e44cbd7082b8c279ebe922c5cbaa3065a45,1.0,0.0,0,80,,global_top_l_filter,5000,0.0
B,hnsw,shuffle,sig_has_pedestrian==False,65.0,,,,73163,0.508676910241257,76b6f33fbdc2d0ec19093f9e5eabaf2b5d0d877f979704ef45586c2428d5703b,1.0,0.0,0,80,,global_top_l_filter,5000,0.0
B,hnsw,shuffle,sig_has_pedestrian==False,66.0,,,,73163,0.508676910241257,25f4651642a983b79707f3967093d6edf1f28b8b2857c6778ec92fb8f824187b,1.0,0.0,0,80,,global_top_l_filter,5000,0.0
B,hnsw,shuffle,sig_has_pedestrian==False,67.0,,,,73163,0.508676910241257,e358eebfd6106ec8d66b796a71764649ae8abea480ce98cc33c366599d623a52,1.0,0.0,0,80,,global_top_l_filter,5000,0.0
B,hnsw,shuffle,sig_has_pedestrian==False,68.0,,,,73163,0.508676910241257,b5126006246a4d46bb4281d93567dbd4e85a0c1833cbed58cd5005b7147b2c18,1.0,0.0,0,80,,global_top_l_filter,5000,0.0
B,hnsw,shuffle,sig_has_pedestrian==False,69.0,,,,73163,0.508676910241257,e84cddd25ef6d50f8d9552afeef7c39f76b8c5c41535101f9583905bf460a12d,1.0,0.0,0,80,,global_top_l_filter,5000,0.0
B,hnsw,shuffle,sig_has_pedestrian==False,70.0,,,,73163,0.508676910241257,51a631ed9d1e195928370d92c594d341e1e380d1e72be65e7a86547d5a79240b,1.0,0.0,0,80,,global_top_l_filter,5000,0.0
B,hnsw,shuffle,sig_has_pedestrian==False,71.0,,,,73163,0.508676910241257,a9bd30c89051689441bbd1ef937ab171299213f3b23c437b31f43d3127681b1b,1.0,0.0,0,80,,global_top_l_filter,5000,0.0
B,hnsw,shuffle,sig_has_pedestrian==False,72.0,,,,73163,0.508676910241257,79cf08cedd22b962adde38b52f1fbcb3c7162db4765f2523dceaa18b670d4cb1,1.0,0.0,0,80,,global_top_l_filter,5000,0.0
B,hnsw,shuffle,sig_has_pedestrian==False,73.0,,,,73163,0.508676910241257,50f2e3a653e3f6f1e6fa7400665a37c365147e366c5ff761274ce9e7f84a5398,1.0,0.0,0,80,,global_top_l_filter,5000,0.0
B,hnsw,shuffle,sig_has_pedestrian==False,74.0,,,,73163,0.508676910241257,dc09256d9e5d5ec43cc7941a9abd5078a069ac499dea54b730514cd70bedc1fb,1.0,0.0,0,80,,global_top_l_filter,5000,0.0
B,hnsw,shuffle,sig_has_pedestrian==False,75.0,,,,73163,0.508676910241257,157caa7a96ef6a9c0d32f1af8584b501021b5c51abfbe7f6e611eed5c105a250,1.0,0.0,0,80,,global_top_l_filter,5000,0.0
B,hnsw,shuffle,sig_has_pedestrian==False,76.0,,,,73163,0.508676910241257,32c144c04fe601aed33b7b7af924797513854c7edc055f893860f7d5fecd6dd2,1.0,0.0,0,80,,global_top_l_filter,5000,0.0
B,hnsw,shuffle,sig_has_pedestrian==False,77.0,,,,73163,0.508676910241257,5fa3527f3a35ea5a083da40173731f8b911e1e85d4142ed93b89f828ce0b0b9f,1.0,0.0,0,80,,global_top_l_filter,5000,0.0
B,hnsw,shuffle,sig_has_pedestrian==False,78.0,,,,73163,0.508676910241257,37a6ebc6a0618d2587e033079d9ad8c64c20db35d26b1e1a632d87aeba8b2193,1.0,0.0,0,80,,global_top_l_filter,5000,0.0
B,hnsw,shuffle,sig_has_pedestrian==False,79.0,,,,73163,0.508676910241257,05569fd204806dbfc2f55235da697a903bffaafe44fc5bff417b7f10ff6333df,1.0,0.0,0,80,,global_top_l_filter,5000,0.0
B,hnsw,shuffle,sig_has_pedestrian==False,80.0,,,,73163,0.508676910241257,4f56d50767914b39b3ba27168dbd61e934b612dd613bdf08fd6613b5354b751f,1.0,0.0,0,80,,global_top_l_filter,5000,0.0
B,hnsw,shuffle,sig_has_pedestrian==False,81.0,,,,73163,0.508676910241257,ba225ea659d360d67766214295fbc0a818c81a86c0fb25d9049b9cff0f34d544,1.0,0.0,0,80,,global_top_l_filter,5000,0.0
B,hnsw,shuffle,sig_has_pedestrian==False,82.0,,,,73163,0.508676910241257,dad1923a667ce85bae266e35bb9adc88ae49b8215ba60a0d5fc44a6d2b8e5644,1.0,0.0,0,80,,global_top_l_filter,5000,0.0
B,hnsw,shuffle,sig_has_pedestrian==False,83.0,,,,73163,0.508676910241257,cc06551fd9b5ebb004390f1ee9a388b3505166c9af1d335599550b9ac8936196,1.0,0.0,0,80,,global_top_l_filter,5000,0.0
B,hnsw,shuffle,sig_has_pedestrian==False,84.0,,,,73163,0.508676910241257,a1a413144521aa5957c3e144a0b18e2f7b9821d90926cec0d44804fd53bafb08,1.0,0.0,0,80,,global_top_l_filter,5000,0.0
B,hnsw,shuffle,sig_has_pedestrian==False,85.0,,,,73163,0.508676910241257,d5b9573bffee0b1e81411e1849ae84f75227bce17a05b40ebcc9a00a798ffbf8,1.0,0.0,0,80,,global_top_l_filter,5000,0.0
B,hnsw,shuffle,sig_has_pedestrian==False,86.0,,,,73163,0.508676910241257,1bc5ea6b6bec10d5ed22e454654ef2e275f36dc1403bffa2dd0a7417f41205ab,1.0,0.0,0,80,,global_top_l_filter,5000,0.0
B,hnsw,shuffle,sig_has_pedestrian==False,87.0,,,,73163,0.508676910241257,b5fb58a57191b264af8e8047d5beac8513fee81af6abdb961107e5f6382bee99,1.0,0.0,0,80,,global_top_l_filter,5000,0.0
B,hnsw,shuffle,sig_has_pedestrian==False,88.0,,,,73163,0.508676910241257,8384b194297d60a73dddd5e86e849f2ed7cb7a18ad2d53a2bd42a020db60a0f7,1.0,0.0,0,80,,global_top_l_filter,5000,0.0
B,hnsw,shuffle,sig_has_pedestrian==False,89.0,,,,73163,0.508676910241257,2d82008a9ce06144bc8c58eb36f19fe3aceae167d5d475ab325ef034ed14d572,1.0,0.0,0,80,,global_top_l_filter,5000,0.0
B,hnsw,shuffle,sig_has_pedestrian==False,90.0,,,,73163,0.508676910241257,8e017da83b964e91c30c5391787baaff368d6aaaab09dfdf12cc0cc06ba472ff,1.0,0.0,0,80,,global_top_l_filter,5000,0.0
B,hnsw,shuffle,sig_has_pedestrian==False,91.0,,,,73163,0.508676910241257,9816ea584da98f1cc35488f473ac927650ab66194b53d6168e21f8efe5136f15,1.0,0.0,0,80,,global_top_l_filter,5000,0.0
B,hnsw,shuffle,sig_has_pedestrian==False,92.0,,,,73163,0.508676910241257,46956ee9de1a1ee5bbcb97a62d7363feb54d021087dfd5dbaec88ac033dbf91f,1.0,0.0,0,80,,global_top_l_filter,5000,0.0
B,hnsw,shuffle,sig_has_pedestrian==False,93.0,,,,73163,0.508676910241257,5a564e8fb9e731639b81c90b7be67c9d22a8050f1ec68f0ecf1235961efb33ae,1.0,0.0,0,80,,global_top_l_filter,5000,0.0
B,hnsw,shuffle,sig_has_pedestrian==False,94.0,,,,73163,0.508676910241257,02e095c049e7a4c8aa7fec2155f9a462ac0aee315bbd27ac6c67572f5f7d399f,1.0,0.0,0,80,,global_top_l_filter,5000,0.0
B,hnsw,shuffle,sig_has_pedestrian==False,95.0,,,,73163,0.508676910241257,867f7073c1b0f365f2fd0e13c859595c97305ee1c2cb8274d50da8d1393df9c4,1.0,0.0,0,80,,global_top_l_filter,5000,0.0
B,hnsw,shuffle,sig_has_pedestrian==False,96.0,,,,73163,0.508676910241257,a20cd1d6b5367772e27a0bca0026b0c0fb7283a0847ab8c10bd0f37ee91a4f44,1.0,0.0,0,80,,global_top_l_filter,5000,0.0
B,hnsw,shuffle,sig_has_pedestrian==False,97.0,,,,73163,0.508676910241257,7700523e140bb272962af1f1748b39220cb13b02237de64b6cd9b6b6b5b1be5f,1.0,0.0,0,80,,global_top_l_filter,5000,0.0
B,hnsw,shuffle,sig_has_pedestrian==False,98.0,,,,73163,0.508676910241257,cb26f0979d2b1689b7ded97c03a80646510d2891950d5dd83ca2e832b4327ec0,1.0,0.0,0,80,,global_top_l_filter,5000,0.0
B,hnsw,shuffle,sig_has_pedestrian==False,99.0,,,,73163,0.508676910241257,a98bf9bbde85bc68c284681e2d63a2e93cd18b27a95a79a0f34a066d642f14fd,1.0,0.0,0,80,,global_top_l_filter,5000,0.0
B,hnsw,natural,veh_density_bin==low,,,,,42810,0.2976430508238893,b078fd499883329d7c5b12a514acd82542d3e1690fb22ecb98814f2f8f7b8667,0.6180000305175781,0.3819999694824219,89,136,0.8157685819370363,global_top_l_filter,5000,0.005
B,hnsw,shuffle,veh_density_bin==low,0.0,,,,42810,0.2976430508238893,c971df33eb3ae8fb8ae92ce4913d9394b9a0f619997aa656e0aecc0ccf44de6f,0.9990000128746033,0.0009999871253967285,2,136,,global_top_l_filter,5000,0.0
B,hnsw,shuffle,veh_density_bin==low,1.0,,,,42810,0.2976430508238893,8631761c391f7af806018fb9634546053459a7ef93bfc7fd7dab6f04f679c1e0,0.9994999766349792,0.000500023365020752,1,136,,global_top_l_filter,5000,0.0
B,hnsw,shuffle,veh_density_bin==low,2.0,,,,42810,0.2976430508238893,9ea0b585447221d10a18f34773435b0d1e5e00e5dc9f70f309514182804ddd22,0.9980000257492065,0.001999974250793457,4,136,,global_top_l_filter,5000,0.0
B,hnsw,shuffle,veh_density_bin==low,3.0,,,,42810,0.2976430508238893,fec74d304c33186458103ea87844490accc423bd219e769736c7195be8ab0a62,0.9994999766349792,0.000500023365020752,1,136,,global_top_l_filter,5000,0.0
B,hnsw,shuffle,veh_density_bin==low,4.0,,,,42810,0.2976430508238893,985eea5440f50d8c7562a9ce45904928d3c8134179a58bea792701f2a5ca3e55,1.0,0.0,0,136,,global_top_l_filter,5000,0.0
B,hnsw,shuffle,veh_density_bin==low,5.0,,,,42810,0.2976430508238893,21879f74f1494943914eb700d5aa5d31a50ad31e0e23ef47c32c343e877c4de2,0.9994999766349792,0.000500023365020752,1,136,,global_top_l_filter,5000,0.0
B,hnsw,shuffle,veh_density_bin==low,6.0,,,,42810,0.2976430508238893,9d734ddd22fb77ca052bb1c11341a720db836e35a6ac9083664f7820a35f2092,1.0,0.0,0,136,,global_top_l_filter,5000,0.0
B,hnsw,shuffle,veh_density_bin==low,7.0,,,,42810,0.2976430508238893,91a0de7c870be4f8a7c8e837d900515432bd56c967097e99e0279f0008f6f6cd,0.9994999766349792,0.000500023365020752,1,136,,global_top_l_filter,5000,0.0
B,hnsw,shuffle,veh_density_bin==low,8.0,,,,42810,0.2976430508238893,d1206c1c7e4f1d48080e794c7948c9af0cd1a7a2c0369b76fba4adc60e19696c,0.9994999766349792,0.000500023365020752,1,136,,global_top_l_filter,5000,0.0
B,hnsw,shuffle,veh_density_bin==low,9.0,,,,42810,0.2976430508238893,840c162bc65cc815cebfa68b2eb063f980c1c73a5d13e61dedf2216299b0dcab,1.0,0.0,0,136,,global_top_l_filter,5000,0.0
B,hnsw,shuffle,veh_density_bin==low,10.0,,,,42810,0.2976430508238893,b81dd8e813c3feb891226106dba04c368efaae77e1b09893bf469d98197c2bb9,1.0,0.0,0,136,,global_top_l_filter,5000,0.0
B,hnsw,shuffle,veh_density_bin==low,11.0,,,,42810,0.2976430508238893,55da3f91a7e0c68eb9d5b18af4f4dcdd06d5d0b3adde431d7706e63c396fbe72,1.0,0.0,0,136,,global_top_l_filter,5000,0.0
B,hnsw,shuffle,veh_density_bin==low,12.0,,,,42810,0.2976430508238893,a4737f101fb239506303606b2313df1336fc007253a1bd3e315babeb5ad3e5b0,0.9990000128746033,0.0009999871253967285,2,136,,global_top_l_filter,5000,0.0
B,hnsw,shuffle,veh_density_bin==low,13.0,,,,42810,0.2976430508238893,e1402b6b05dda7e2d24d491d50a8a9d26f4216d6843c1f3ae968ae473c3d100b,1.0,0.0,0,136,,global_top_l_filter,5000,0.0
B,hnsw,shuffle,veh_density_bin==low,14.0,,,,42810,0.2976430508238893,a92484219d173a7f6eb44c3379fbb16e7428b70cc5600fc4beea7735fa215f81,0.9994999766349792,0.000500023365020752,1,136,,global_top_l_filter,5000,0.0
B,hnsw,shuffle,veh_density_bin==low,15.0,,,,42810,0.2976430508238893,55d218cb66524c40725059914731df0794cf559f9ccfa48fac40e7aaaf97c9af,1.0,0.0,0,136,,global_top_l_filter,5000,0.0
B,hnsw,shuffle,veh_density_bin==low,16.0,,,,42810,0.2976430508238893,8f0661c0752c2d3674af90e6b573b7bce71c7a15bfd58f2d92f336912672fbe0,0.9994999766349792,0.000500023365020752,1,136,,global_top_l_filter,5000,0.0
B,hnsw,shuffle,veh_density_bin==low,17.0,,,,42810,0.2976430508238893,94a310c4f6676c140aab029f1f227c5f6feb6bb307fae89c8d85140477342734,0.9994999766349792,0.000500023365020752,1,136,,global_top_l_filter,5000,0.0
B,hnsw,shuffle,veh_density_bin==low,18.0,,,,42810,0.2976430508238893,8c818a21e9b13654b47970a90d7c94e29e74af8f324b0d406acacf1ebe2470c3,0.9994999766349792,0.000500023365020752,1,136,,global_top_l_filter,5000,0.0
B,hnsw,shuffle,veh_density_bin==low,19.0,,,,42810,0.2976430508238893,2081b4b5c8cd13952be97110573af081d4f5bedb3c982c4f2de1e95d85eb486c,0.9994999766349792,0.000500023365020752,1,136,,global_top_l_filter,5000,0.0
B,hnsw,shuffle,veh_density_bin==low,20.0,,,,42810,0.2976430508238893,078fe65411f8e1a475bd262e2989484e0857ccbfea4ee4f139d6d650c9851a13,0.9994999766349792,0.000500023365020752,1,136,,global_top_l_filter,5000,0.0
B,hnsw,shuffle,veh_density_bin==low,21.0,,,,42810,0.2976430508238893,3334269064ab05dd0dc77b6bf8d4534c6a481a64ce8c85a23bd523b3f57ace21,0.9990000128746033,0.0009999871253967285,2,136,,global_top_l_filter,5000,0.0
B,hnsw,shuffle,veh_density_bin==low,22.0,,,,42810,0.2976430508238893,d8670d3ce7abd7031c4a9642f3eb994bd34472ca89ae406ba5a41f11118ebfa4,0.9994999766349792,0.000500023365020752,1,136,,global_top_l_filter,5000,0.0
B,hnsw,shuffle,veh_density_bin==low,23.0,,,,42810,0.2976430508238893,02af06486a067978471da9688118d7084432ac9f1963307962e5206325867101,1.0,0.0,0,136,,global_top_l_filter,5000,0.0
B,hnsw,shuffle,veh_density_bin==low,24.0,,,,42810,0.2976430508238893,f20154aaecc690860117f59c3d195808f8f85f0c9bed7168791d7a089d6d6446,0.9990000128746033,0.0009999871253967285,2,136,,global_top_l_filter,5000,0.0
B,hnsw,shuffle,veh_density_bin==low,25.0,,,,42810,0.2976430508238893,e02cda30114ddce79c11e0ddb2d68e2adb9741798cdc48bd1ec890324f42d304,1.0,0.0,0,136,,global_top_l_filter,5000,0.0
B,hnsw,shuffle,veh_density_bin==low,26.0,,,,42810,0.2976430508238893,0c10c2e9413aa25c3d40171e716d152c0107213027c4226864e4fc482dc45263,0.9990000128746033,0.0009999871253967285,2,136,,global_top_l_filter,5000,0.0
B,hnsw,shuffle,veh_density_bin==low,27.0,,,,42810,0.2976430508238893,96166ebb32959d308531cff9df7ea4f2a1b15888a65297c1fef96433c5ee3bb7,0.9994999766349792,0.000500023365020752,1,136,,global_top_l_filter,5000,0.0
B,hnsw,shuffle,veh_density_bin==low,28.0,,,,42810,0.2976430508238893,38e8e8a93633d27172441fa4950c265e1db31f0bd06d6ffbb4e2b77e9f09336b,0.9990000128746033,0.0009999871253967285,2,136,,global_top_l_filter,5000,0.0
B,hnsw,shuffle,veh_density_bin==low,29.0,,,,42810,0.2976430508238893,36d46d4f19b212a719a9058c14039ed62420eb14732d985d1b3991e822aa0c23,1.0,0.0,0,136,,global_top_l_filter,5000,0.0
B,hnsw,shuffle,veh_density_bin==low,30.0,,,,42810,0.2976430508238893,7a3e3346ed0bca8518447befc3b6ab16efd04237fda92606584cf5aaf4741376,1.0,0.0,0,136,,global_top_l_filter,5000,0.0
B,hnsw,shuffle,veh_density_bin==low,31.0,,,,42810,0.2976430508238893,84dff3337a61130205540dc1bd5867677bc53a86902ab00d15b728b150e7aff9,1.0,0.0,0,136,,global_top_l_filter,5000,0.0
B,hnsw,shuffle,veh_density_bin==low,32.0,,,,42810,0.2976430508238893,d7df71a6484db202631158d36b426aa69eb528f88ed3a101567b50e9665029b9,1.0,0.0,0,136,,global_top_l_filter,5000,0.0
B,hnsw,shuffle,veh_density_bin==low,33.0,,,,42810,0.2976430508238893,ba6d9888180505a31c79eb6b67d02ed85abf570ad52127aa23eb8767af9aa696,1.0,0.0,0,136,,global_top_l_filter,5000,0.0
B,hnsw,shuffle,veh_density_bin==low,34.0,,,,42810,0.2976430508238893,74532fc7363a76f22ba5b96607fc1cba356f74d0830cec4873cb63ce599e1a5c,1.0,0.0,0,136,,global_top_l_filter,5000,0.0
B,hnsw,shuffle,veh_density_bin==low,35.0,,,,42810,0.2976430508238893,9f25c4e402b717595077f7332d92230a18d8e42d330556608024b48ede7619a4,1.0,0.0,0,136,,global_top_l_filter,5000,0.0
B,hnsw,shuffle,veh_density_bin==low,36.0,,,,42810,0.2976430508238893,c8a36d83d142b8ba63ff7360d319957643e7499a67d79bf46f2f5f732956c632,0.9994999766349792,0.000500023365020752,1,136,,global_top_l_filter,5000,0.0
B,hnsw,shuffle,veh_density_bin==low,37.0,,,,42810,0.2976430508238893,80d9081e35901b09969dd9a98e72b72f8944c3c5a2f4cd421a2073962883b206,1.0,0.0,0,136,,global_top_l_filter,5000,0.0
B,hnsw,shuffle,veh_density_bin==low,38.0,,,,42810,0.2976430508238893,4164d425764305f72eb9a4c2f720c3d1803e04dca52b8a744f40f01b5823159e,1.0,0.0,0,136,,global_top_l_filter,5000,0.0
B,hnsw,shuffle,veh_density_bin==low,39.0,,,,42810,0.2976430508238893,6977d8e221736a1e450edbc05c11c8cafa993e3ebda98208067a447a8821c540,0.9994999766349792,0.000500023365020752,1,136,,global_top_l_filter,5000,0.0
B,hnsw,shuffle,veh_density_bin==low,40.0,,,,42810,0.2976430508238893,01fe47213ed52d94286b9b43b2ba9b2722892d1cae375e4494478b9edff91da2,0.9994999766349792,0.000500023365020752,1,136,,global_top_l_filter,5000,0.0
B,hnsw,shuffle,veh_density_bin==low,41.0,,,,42810,0.2976430508238893,691f077854a8ed1d9c2dc7d6c917e018609b0f11ee8c397d59b00463d60c45c4,0.9994999766349792,0.000500023365020752,1,136,,global_top_l_filter,5000,0.0
B,hnsw,shuffle,veh_density_bin==low,42.0,,,,42810,0.2976430508238893,ac8e1b0a58caf13b5254f94379b3a130be56f535b778013be9e15510efc1a660,0.9990000128746033,0.0009999871253967285,2,136,,global_top_l_filter,5000,0.0
B,hnsw,shuffle,veh_density_bin==low,43.0,,,,42810,0.2976430508238893,c86ffa19bcbdce3d6ff39b448f2f2ef8f4768ea316b39ceb81217628dab050f7,0.9994999766349792,0.000500023365020752,1,136,,global_top_l_filter,5000,0.0
B,hnsw,shuffle,veh_density_bin==low,44.0,,,,42810,0.2976430508238893,052ca103ca83a54f7d30b3d5f5f2ca00784df176e6f38596c42188ede1206033,0.9990000128746033,0.0009999871253967285,2,136,,global_top_l_filter,5000,0.0
B,hnsw,shuffle,veh_density_bin==low,45.0,,,,42810,0.2976430508238893,d43d65e7e70e624cfd8a06cd4c3f1f663000154d0a7cf4e83de2be13b48dadc5,0.9994999766349792,0.000500023365020752,1,136,,global_top_l_filter,5000,0.0
B,hnsw,shuffle,veh_density_bin==low,46.0,,,,42810,0.2976430508238893,198ac45ea5a511d3be71791fb5965f72ee6e9a13eccc7448ea600e444d76c3e9,1.0,0.0,0,136,,global_top_l_filter,5000,0.0
B,hnsw,shuffle,veh_density_bin==low,47.0,,,,42810,0.2976430508238893,bc6b714a3c8310752a572b3740c6a3fac8741fb8eff6ccc70156855d3413c6ea,0.9994999766349792,0.000500023365020752,1,136,,global_top_l_filter,5000,0.0
B,hnsw,shuffle,veh_density_bin==low,48.0,,,,42810,0.2976430508238893,99944ceba0741f01c3018c7e9b14788ebfbd73ba891f9895496702af26c3cdfb,0.9994999766349792,0.000500023365020752,1,136,,global_top_l_filter,5000,0.0
B,hnsw,shuffle,veh_density_bin==low,49.0,,,,42810,0.2976430508238893,d4b37faaf22d80babd43f50ccbedab995cf85d93feaf9f5327b130783e8a2a3b,1.0,0.0,0,136,,global_top_l_filter,5000,0.0
B,hnsw,shuffle,veh_density_bin==low,50.0,,,,42810,0.2976430508238893,1857feabb879f67f81dd199fc38f19f51b75f311c13c88ebd3abd2a6c3c3867e,1.0,0.0,0,136,,global_top_l_filter,5000,0.0
B,hnsw,shuffle,veh_density_bin==low,51.0,,,,42810,0.2976430508238893,83ce3144cbc40c3f4cdc28d5faaece4a59f8de935e7998f24f724b88871e78a4,0.9994999766349792,0.000500023365020752,1,136,,global_top_l_filter,5000,0.0
B,hnsw,shuffle,veh_density_bin==low,52.0,,,,42810,0.2976430508238893,fba21448f11f842e224236ea407f51d6fb6acb60e8d5dc70ed27f643d73b9260,0.9994999766349792,0.000500023365020752,1,136,,global_top_l_filter,5000,0.0
B,hnsw,shuffle,veh_density_bin==low,53.0,,,,42810,0.2976430508238893,cf6355a8cbba7689c2d7b9f49efb0090b295d621937ecbc0e99cdc54b1fde958,1.0,0.0,0,136,,global_top_l_filter,5000,0.0
B,hnsw,shuffle,veh_density_bin==low,54.0,,,,42810,0.2976430508238893,f58c1c1f3adfe1c1c41bcbdbc90afa8dc93ce06af72908c58672758d0edca3d0,0.9994999766349792,0.000500023365020752,1,136,,global_top_l_filter,5000,0.0
B,hnsw,shuffle,veh_density_bin==low,55.0,,,,42810,0.2976430508238893,861391e396e7c9c9ff808d4a7f32e3fe1b664d582d5a20249356ebe12eca520d,1.0,0.0,0,136,,global_top_l_filter,5000,0.0
B,hnsw,shuffle,veh_density_bin==low,56.0,,,,42810,0.2976430508238893,9bd5a708140011ec0b53e63473c2b1166b195e876686acfba79cb788b2dd26fa,1.0,0.0,0,136,,global_top_l_filter,5000,0.0
B,hnsw,shuffle,veh_density_bin==low,57.0,,,,42810,0.2976430508238893,e19fcd865ca0f178888bdf283ec7bf5380b53df5c8de301cddfc3cfcab4b1392,0.9994999766349792,0.000500023365020752,1,136,,global_top_l_filter,5000,0.0
B,hnsw,shuffle,veh_density_bin==low,58.0,,,,42810,0.2976430508238893,7cacc96b37574d66246bc48a3ebd749402e43fd3da77f201188f99df3064f4e6,1.0,0.0,0,136,,global_top_l_filter,5000,0.0
B,hnsw,shuffle,veh_density_bin==low,59.0,,,,42810,0.2976430508238893,c8b349fc86704cc9762214378149079e530b1e687078cc3c7e852741ee7d52b2,1.0,0.0,0,136,,global_top_l_filter,5000,0.0
B,hnsw,shuffle,veh_density_bin==low,60.0,,,,42810,0.2976430508238893,b74e31db7b06544eae3ee6b80437e05d161f2c6d69042cbdeb0f726f572aae99,0.9990000128746033,0.0009999871253967285,2,136,,global_top_l_filter,5000,0.0
B,hnsw,shuffle,veh_density_bin==low,61.0,,,,42810,0.2976430508238893,da93e14b64c8127e6c10d3124c62327719db3160f738433a8cb7553925bf5e40,0.9994999766349792,0.000500023365020752,1,136,,global_top_l_filter,5000,0.0
B,hnsw,shuffle,veh_density_bin==low,62.0,,,,42810,0.2976430508238893,ffae2ee73a29e609bd61c9c7cc6d9e5f258fd2896e9f9cdf79deab49bbd81a7c,1.0,0.0,0,136,,global_top_l_filter,5000,0.0
B,hnsw,shuffle,veh_density_bin==low,63.0,,,,42810,0.2976430508238893,d332fce15d887e941a4962d6660174e8a7f8c71e91fb8e28ac9b865ba461be7f,1.0,0.0,0,136,,global_top_l_filter,5000,0.0
B,hnsw,shuffle,veh_density_bin==low,64.0,,,,42810,0.2976430508238893,1faa0b62aefff705c11740b91018d6b36ae12eec619c6b8881174980124390a5,0.9994999766349792,0.000500023365020752,1,136,,global_top_l_filter,5000,0.0
B,hnsw,shuffle,veh_density_bin==low,65.0,,,,42810,0.2976430508238893,769c72f0e8ac2e3b5cfef12e4b521741621b393b98a9ae20ee94b759ebed15b0,1.0,0.0,0,136,,global_top_l_filter,5000,0.0
B,hnsw,shuffle,veh_density_bin==low,66.0,,,,42810,0.2976430508238893,82242c371c2b7330a090c556bf13a7f32b56a9d0f9497f50338d55dd76fa73d7,0.9994999766349792,0.000500023365020752,1,136,,global_top_l_filter,5000,0.0
B,hnsw,shuffle,veh_density_bin==low,67.0,,,,42810,0.2976430508238893,101cf7a680e8805ac1a042b43d3d0e6478de2092796b4c128560aa843468bbc5,1.0,0.0,0,136,,global_top_l_filter,5000,0.0
B,hnsw,shuffle,veh_density_bin==low,68.0,,,,42810,0.2976430508238893,eeb1e2df99e370aec91aab5bf7c6569eddf0168761575ef6e927f3a9fd48e4df,0.9994999766349792,0.000500023365020752,1,136,,global_top_l_filter,5000,0.0
B,hnsw,shuffle,veh_density_bin==low,69.0,,,,42810,0.2976430508238893,e2c58b92de34c0ee1fda54c7ce6ad083942e949c63cc7adbdfbc70910bed750a,0.9985000491142273,0.001499950885772705,2,136,,global_top_l_filter,5000,0.0
B,hnsw,shuffle,veh_density_bin==low,70.0,,,,42810,0.2976430508238893,110679d0e94be9f6032070956e6c553cea9d4943a036b37d8b5ef36b351c6fbd,1.0,0.0,0,136,,global_top_l_filter,5000,0.0
B,hnsw,shuffle,veh_density_bin==low,71.0,,,,42810,0.2976430508238893,01adad5d8d04d9b627d23ac77aaf48e329b40e2d1b230da2ece73cd4de0bb923,0.9994999766349792,0.000500023365020752,1,136,,global_top_l_filter,5000,0.0
B,hnsw,shuffle,veh_density_bin==low,72.0,,,,42810,0.2976430508238893,8de03d636e58e6fc617034a0cf4e70ab35357660082fbe072d866a36861f5bf4,1.0,0.0,0,136,,global_top_l_filter,5000,0.0
B,hnsw,shuffle,veh_density_bin==low,73.0,,,,42810,0.2976430508238893,134a03aede9af147ef100b5f014ac891d9979c24730a9c69926c10b52b9923ad,1.0,0.0,0,136,,global_top_l_filter,5000,0.0
B,hnsw,shuffle,veh_density_bin==low,74.0,,,,42810,0.2976430508238893,bbcefbecee53983a8c70b7518de1a86fdfb931a90667a68c2a78d8cbb07d54f1,1.0,0.0,0,136,,global_top_l_filter,5000,0.0
B,hnsw,shuffle,veh_density_bin==low,75.0,,,,42810,0.2976430508238893,21b44048af0c96b629222a3070e0f27053c80b54657e2e441ffbfc26000ad30e,1.0,0.0,0,136,,global_top_l_filter,5000,0.0
B,hnsw,shuffle,veh_density_bin==low,76.0,,,,42810,0.2976430508238893,7cda6cfc496d170d5c56d7d702b97c598be65bdef9c2ea6559b75b0041fd0c03,1.0,0.0,0,136,,global_top_l_filter,5000,0.0
B,hnsw,shuffle,veh_density_bin==low,77.0,,,,42810,0.2976430508238893,3e3e0287dc46f281e86ab3b4b378ed4aaa1517260d7e7c3530cd7e9f48fcd9d9,1.0,0.0,0,136,,global_top_l_filter,5000,0.0
B,hnsw,shuffle,veh_density_bin==low,78.0,,,,42810,0.2976430508238893,63ce97f8d389d735955cba56ec760f397cacafcfdba4eab0c086ac5ee7d77693,0.9990000128746033,0.0009999871253967285,2,136,,global_top_l_filter,5000,0.0
B,hnsw,shuffle,veh_density_bin==low,79.0,,,,42810,0.2976430508238893,9ea9b7e88c02bcf6792b2a1c097dc4adae9a64202f918bd22ec998d9f01dd187,0.9994999766349792,0.000500023365020752,1,136,,global_top_l_filter,5000,0.0
B,hnsw,shuffle,veh_density_bin==low,80.0,,,,42810,0.2976430508238893,fe1e5cc043bbca1701ef2b5d7aa8f6cb29f1f8c66ea5cce43ff043304a6193c9,0.9994999766349792,0.000500023365020752,1,136,,global_top_l_filter,5000,0.0
B,hnsw,shuffle,veh_density_bin==low,81.0,,,,42810,0.2976430508238893,02660976784c620c55b2a07220b8fa43976c0ad145bbaddc9f05413a9ac1007f,1.0,0.0,0,136,,global_top_l_filter,5000,0.0
B,hnsw,shuffle,veh_density_bin==low,82.0,,,,42810,0.2976430508238893,aa0a750c67706d9d7c4ebd4a9af944cd5e5d3f90455cd3abe3b15e0ead144fc0,0.9994999766349792,0.000500023365020752,1,136,,global_top_l_filter,5000,0.0
B,hnsw,shuffle,veh_density_bin==low,83.0,,,,42810,0.2976430508238893,eb7b77b3478e1c0041e877f58d75516f796cd35bdbf60bb4b5d6c118a3c5951f,0.9994999766349792,0.000500023365020752,1,136,,global_top_l_filter,5000,0.0
B,hnsw,shuffle,veh_density_bin==low,84.0,,,,42810,0.2976430508238893,ae878c053d30265f3dd657a273ad01fce41a1809225371e266d5f449a4137ebd,1.0,0.0,0,136,,global_top_l_filter,5000,0.0
B,hnsw,shuffle,veh_density_bin==low,85.0,,,,42810,0.2976430508238893,308c5baaebbc5344b31c3d3e38471be3eb6fde45d02f5886eaaf828d23a7a084,0.9994999766349792,0.000500023365020752,1,136,,global_top_l_filter,5000,0.0
B,hnsw,shuffle,veh_density_bin==low,86.0,,,,42810,0.2976430508238893,74f32f9b665126c9fe2eb5afed12f90e37d428358ce045a0017628b962b0a285,1.0,0.0,0,136,,global_top_l_filter,5000,0.0
B,hnsw,shuffle,veh_density_bin==low,87.0,,,,42810,0.2976430508238893,8d9a45df2929b4a3c4dce7dc74bc7e13d3f8df2f6428ef36b31cc11b658d28bc,1.0,0.0,0,136,,global_top_l_filter,5000,0.0
B,hnsw,shuffle,veh_density_bin==low,88.0,,,,42810,0.2976430508238893,dd6b415dd5ac36b7c30ca951e3dd7ffadf44fafe3a2de6c4de75e29a03b7f550,0.9994999766349792,0.000500023365020752,1,136,,global_top_l_filter,5000,0.0
B,hnsw,shuffle,veh_density_bin==low,89.0,,,,42810,0.2976430508238893,b971d90a5f9cfbf1e405cdd13f717c79b6b51f2a263587aa8007d8024f67eed4,0.9994999766349792,0.000500023365020752,1,136,,global_top_l_filter,5000,0.0
B,hnsw,shuffle,veh_density_bin==low,90.0,,,,42810,0.2976430508238893,edd5c31eeace0b77afefb0bdd3904f85bac4d90260f2ca745d2d37fb3d1b9503,0.9994999766349792,0.000500023365020752,1,136,,global_top_l_filter,5000,0.0
B,hnsw,shuffle,veh_density_bin==low,91.0,,,,42810,0.2976430508238893,94b3a4c8119324cb2e22d8ba43c98d056b0e7ddf315cfda99b5aba3e1d2d12e8,0.9994999766349792,0.000500023365020752,1,136,,global_top_l_filter,5000,0.0
B,hnsw,shuffle,veh_density_bin==low,92.0,,,,42810,0.2976430508238893,66eef2787e492dceb6b6fe6a3e574741f6af9f825520923e4fe10b5d68dc458b,1.0,0.0,0,136,,global_top_l_filter,5000,0.0
B,hnsw,shuffle,veh_density_bin==low,93.0,,,,42810,0.2976430508238893,8dcd4c5b4e130ba209fe8fc743030960fc67f7aaedfbb614a9f705a22e9d4b19,0.9990000128746033,0.0009999871253967285,2,136,,global_top_l_filter,5000,0.0
B,hnsw,shuffle,veh_density_bin==low,94.0,,,,42810,0.2976430508238893,3f03bafc2e225d5ed5bdd3ada766c6798135977bb7825b1a527b14b9bf7a7574,1.0,0.0,0,136,,global_top_l_filter,5000,0.0
B,hnsw,shuffle,veh_density_bin==low,95.0,,,,42810,0.2976430508238893,2c011e4e515376cb4dc3e644871a526d306fa9593df61cb90ba11ba28532953e,0.9984999895095825,0.0015000104904174805,3,136,,global_top_l_filter,5000,0.0
B,hnsw,shuffle,veh_density_bin==low,96.0,,,,42810,0.2976430508238893,9b66421f7d60b057bae35f97e7b9299d148eb883c71e74361e7b64a135bdb0fc,0.9994999766349792,0.000500023365020752,1,136,,global_top_l_filter,5000,0.0
B,hnsw,shuffle,veh_density_bin==low,97.0,,,,42810,0.2976430508238893,f67132cbd7e1d8744e7f01de9d1b30f8ab3db87243e13ae51bfd731baa0260d0,1.0,0.0,0,136,,global_top_l_filter,5000,0.0
B,hnsw,shuffle,veh_density_bin==low,98.0,,,,42810,0.2976430508238893,0c5aa1ecdb9516de168437f92f6be4ff9b4deed7668b16bf2ae9f1cf50236e5b,1.0,0.0,0,136,,global_top_l_filter,5000,0.0
B,hnsw,shuffle,veh_density_bin==low,99.0,,,,42810,0.2976430508238893,b87886dff19e28cac077a253387f35a1ed4af867e6335e313ac62c9dfaab5c49,1.0,0.0,0,136,,global_top_l_filter,5000,0.0
B,hnsw,natural,veh_density_bin==mid,,,,,39220,0.2726830285754015,e8c02493ad759ab5bf1a1f7d541311c734f393d7faa2e2864808b2f13e5e0611,0.6629999279975891,0.3370000720024109,80,148,0.8225380304073551,global_top_l_filter,5000,0.0
B,hnsw,shuffle,veh_density_bin==mid,0.0,,,,39220,0.2726830285754015,b8d7f483d3b01640dba04df9397cfcca09ac0d87dfa67191e81cd7d261cd3958,0.9984999895095825,0.0015000104904174805,3,148,,global_top_l_filter,5000,0.0
B,hnsw,shuffle,veh_density_bin==mid,1.0,,,,39220,0.2726830285754015,0d2cf152dc5011f37c6800245d5cb4851325f2798f2f5642db88c5e6864e056d,0.9994999766349792,0.000500023365020752,1,148,,global_top_l_filter,5000,0.0
B,hnsw,shuffle,veh_density_bin==mid,2.0,,,,39220,0.2726830285754015,32004d3ee7cb10ac7b043c750cf940baeff02af2f8330507f328979a6dd8743b,1.0,0.0,0,148,,global_top_l_filter,5000,0.0
B,hnsw,shuffle,veh_density_bin==mid,3.0,,,,39220,0.2726830285754015,bcddcc32a4b8384983f7b438ff629d93ba4adb8ad882c8801acda018d1ed0fb3,1.0,0.0,0,148,,global_top_l_filter,5000,0.0
B,hnsw,shuffle,veh_density_bin==mid,4.0,,,,39220,0.2726830285754015,a552d7622e6efa38a8e498471e008516b13d996deb4dc52a14d586c8b6cff020,1.0,0.0,0,148,,global_top_l_filter,5000,0.0
B,hnsw,shuffle,veh_density_bin==mid,5.0,,,,39220,0.2726830285754015,f63df90adf10fbe07da4f494e9c8aec1d787a616ca3a165bb2af61e2b839bbb8,0.9994999766349792,0.000500023365020752,1,148,,global_top_l_filter,5000,0.0
B,hnsw,shuffle,veh_density_bin==mid,6.0,,,,39220,0.2726830285754015,daf3afa1610f142dd4fe8b5f88ee533fb5ae9027155c5cc114ee9add761b2b95,1.0,0.0,0,148,,global_top_l_filter,5000,0.0
B,hnsw,shuffle,veh_density_bin==mid,7.0,,,,39220,0.2726830285754015,6fd1e48388de1121bdb69523fd7369dd2feb500b8e6fdfd946829e342b63ff1f,0.9994999766349792,0.000500023365020752,1,148,,global_top_l_filter,5000,0.0
B,hnsw,shuffle,veh_density_bin==mid,8.0,,,,39220,0.2726830285754015,c6c844c692dbd66e5ea76b4b95c632631e556979e8be829b8e3ba9ff0d7a33f2,0.9994999766349792,0.000500023365020752,1,148,,global_top_l_filter,5000,0.0
B,hnsw,shuffle,veh_density_bin==mid,9.0,,,,39220,0.2726830285754015,9941b235f53953983f0ccb11a3fd3d98a8c19ec42d4eba875c1d1596b7cca508,0.9994999766349792,0.000500023365020752,1,148,,global_top_l_filter,5000,0.0
B,hnsw,shuffle,veh_density_bin==mid,10.0,,,,39220,0.2726830285754015,2ec8b0b94fa4917a54e3717878092f903b8c8991476bbc055b5c4e66a372a39a,0.9994999766349792,0.000500023365020752,1,148,,global_top_l_filter,5000,0.0
B,hnsw,shuffle,veh_density_bin==mid,11.0,,,,39220,0.2726830285754015,aa8301485e2b963d7b55dd1c10eb6ccf0bc2856f6d948a6e0472fe6674e31d0c,0.9994999766349792,0.000500023365020752,1,148,,global_top_l_filter,5000,0.0
B,hnsw,shuffle,veh_density_bin==mid,12.0,,,,39220,0.2726830285754015,636ed7b32eda745b71331d185f2731ba52aa62a94d3cc9a1766616dbdb379605,0.9994999766349792,0.000500023365020752,1,148,,global_top_l_filter,5000,0.0
B,hnsw,shuffle,veh_density_bin==mid,13.0,,,,39220,0.2726830285754015,4285299483f57b035e2eaef2bf24f71dd780a52bab3bff682453e26c93bed1f5,1.0,0.0,0,148,,global_top_l_filter,5000,0.0
B,hnsw,shuffle,veh_density_bin==mid,14.0,,,,39220,0.2726830285754015,8b555e2d0c0aa063317f4f196a5f0803d3456fa3121b8c5b47038966c1624fc8,0.9994999766349792,0.000500023365020752,1,148,,global_top_l_filter,5000,0.0
B,hnsw,shuffle,veh_density_bin==mid,15.0,,,,39220,0.2726830285754015,deaea03aa06c5611fe228f411a4970ba9a728c21c9c1a0c66906a13df783e6e8,1.0,0.0,0,148,,global_top_l_filter,5000,0.0
B,hnsw,shuffle,veh_density_bin==mid,16.0,,,,39220,0.2726830285754015,085a95812bef9351a7b39d4834522d991700615b479f6091dd670c8babb2f124,0.9980000257492065,0.001999974250793457,4,148,,global_top_l_filter,5000,0.0
B,hnsw,shuffle,veh_density_bin==mid,17.0,,,,39220,0.2726830285754015,ff3efbf1a59263d55e37435d05e66d22d56d6248a0626af6266f15c531143031,0.9990000128746033,0.0009999871253967285,2,148,,global_top_l_filter,5000,0.0
B,hnsw,shuffle,veh_density_bin==mid,18.0,,,,39220,0.2726830285754015,7d088702dbb57c865796a4d9a9751b1f70d1289833aabe8c1fc8bf97fe8c6afc,0.9994999766349792,0.000500023365020752,1,148,,global_top_l_filter,5000,0.0
B,hnsw,shuffle,veh_density_bin==mid,19.0,,,,39220,0.2726830285754015,28f81b8009b0980a5c3287b1f01871f8088c05202f204372c762dc64a628932e,0.9994999766349792,0.000500023365020752,1,148,,global_top_l_filter,5000,0.0
B,hnsw,shuffle,veh_density_bin==mid,20.0,,,,39220,0.2726830285754015,3b1e6505d51371a70717894e9cfd7a632688287193a0b03d57db20449f900a69,1.0,0.0,0,148,,global_top_l_filter,5000,0.0
B,hnsw,shuffle,veh_density_bin==mid,21.0,,,,39220,0.2726830285754015,00b610a81083553b0d35cb120a96c3708c3db6ff25dae7e2bb49ebc3181b4180,0.9994999766349792,0.000500023365020752,1,148,,global_top_l_filter,5000,0.0
B,hnsw,shuffle,veh_density_bin==mid,22.0,,,,39220,0.2726830285754015,610ecf4b05aa8b7d03cf80791b4bd6e8c2b29061c4db17a81838513d83946a36,1.0,0.0,0,148,,global_top_l_filter,5000,0.0
B,hnsw,shuffle,veh_density_bin==mid,23.0,,,,39220,0.2726830285754015,9514a71c2dea8a63cebffd03e3d5dfdf8926dc704e216bb5f8662901407e15aa,0.9994999766349792,0.000500023365020752,1,148,,global_top_l_filter,5000,0.0
B,hnsw,shuffle,veh_density_bin==mid,24.0,,,,39220,0.2726830285754015,1c7ec3734279808dfdd194bb5effa84e1c1419da477f8b51fc2e8bffd708986b,1.0,0.0,0,148,,global_top_l_filter,5000,0.0
B,hnsw,shuffle,veh_density_bin==mid,25.0,,,,39220,0.2726830285754015,9c6eea511dee2d5dda5160cc3be12c47110b2b9d92f34f540977c41e5ed21192,0.9990000128746033,0.0009999871253967285,2,148,,global_top_l_filter,5000,0.0
B,hnsw,shuffle,veh_density_bin==mid,26.0,,,,39220,0.2726830285754015,e55ab9d870675aad8f15871f15a70260290a22e754cc700aaa4af34e8e3194ad,0.9990000128746033,0.0009999871253967285,2,148,,global_top_l_filter,5000,0.0
B,hnsw,shuffle,veh_density_bin==mid,27.0,,,,39220,0.2726830285754015,355053b554c8dca609fc15d3e4d6f0f2398ce0277664b8eae5fb74af7e32dce1,0.9990000128746033,0.0009999871253967285,2,148,,global_top_l_filter,5000,0.0
B,hnsw,shuffle,veh_density_bin==mid,28.0,,,,39220,0.2726830285754015,c6206f42276ee99b88e75b77cdcd97af6f7a4115be5bcc4d46f5341ac7fcdba9,0.9994999766349792,0.000500023365020752,1,148,,global_top_l_filter,5000,0.0
B,hnsw,shuffle,veh_density_bin==mid,29.0,,,,39220,0.2726830285754015,448c4db2a5ba27043aad3741fff922255ae007f177abf51caeec5bd8d2cd1d28,0.9975000023841858,0.002499997615814209,3,148,,global_top_l_filter,5000,0.0
B,hnsw,shuffle,veh_density_bin==mid,30.0,,,,39220,0.2726830285754015,14d69f814d758ff94c567f6a71b54ebe724eeef4bc4c0cf1489cd067389706ed,0.9990000128746033,0.0009999871253967285,2,148,,global_top_l_filter,5000,0.0
B,hnsw,shuffle,veh_density_bin==mid,31.0,,,,39220,0.2726830285754015,be5c5762c8c0d6ecc0516fdbf07667c53417ae53739bf0f8504db526d433652f,0.9994999766349792,0.000500023365020752,1,148,,global_top_l_filter,5000,0.0
B,hnsw,shuffle,veh_density_bin==mid,32.0,,,,39220,0.2726830285754015,65aa27b52b066ae4c7e3580408b2f8d735b5ce28729ce4a1c26a5b2ba67f8780,0.9990000128746033,0.0009999871253967285,1,148,,global_top_l_filter,5000,0.0
B,hnsw,shuffle,veh_density_bin==mid,33.0,,,,39220,0.2726830285754015,99b54f372e6a19127f9177fa559c806a927809bf150e92a9024623f6a4f450b1,1.0,0.0,0,148,,global_top_l_filter,5000,0.0
B,hnsw,shuffle,veh_density_bin==mid,34.0,,,,39220,0.2726830285754015,3abd463138ee728910f41068934974d2ed4dd86312677e2ce1b15315212b29a1,1.0,0.0,0,148,,global_top_l_filter,5000,0.0
B,hnsw,shuffle,veh_density_bin==mid,35.0,,,,39220,0.2726830285754015,fb4e4691aba8e89c3e61c097f1db2bec5483ae5ce904806f3a3f633d3d954951,0.9985000491142273,0.001499950885772705,3,148,,global_top_l_filter,5000,0.0
B,hnsw,shuffle,veh_density_bin==mid,36.0,,,,39220,0.2726830285754015,571ac7cb3cc593c13dd06a90a9c89a35fa1255e055513f8fdc91e9c021dd11b2,0.9994999766349792,0.000500023365020752,1,148,,global_top_l_filter,5000,0.0
B,hnsw,shuffle,veh_density_bin==mid,37.0,,,,39220,0.2726830285754015,d7888d8ce4be696a6641ec6f6bb739f4757f4a85388f4b99e0df943ebd55d717,0.9990000128746033,0.0009999871253967285,2,148,,global_top_l_filter,5000,0.0
B,hnsw,shuffle,veh_density_bin==mid,38.0,,,,39220,0.2726830285754015,4b486dd0ac2241559c4b89bf840b020f011caf3ba6a4c1280da81c89f0650042,1.0,0.0,0,148,,global_top_l_filter,5000,0.0
B,hnsw,shuffle,veh_density_bin==mid,39.0,,,,39220,0.2726830285754015,9146f34c1b0707de583f9d695f164fc339685f8391ad3580afcdc9299c220172,0.9994999766349792,0.000500023365020752,1,148,,global_top_l_filter,5000,0.0
B,hnsw,shuffle,veh_density_bin==mid,40.0,,,,39220,0.2726830285754015,184750637c92d89a13048580d1445c22621c3635ac29acf83ebf64f13da6fea9,0.9990000128746033,0.0009999871253967285,2,148,,global_top_l_filter,5000,0.0
B,hnsw,shuffle,veh_density_bin==mid,41.0,,,,39220,0.2726830285754015,ddb0ee407db0a13040f99fe5c7e794952afb18cbfc67db3dbcb6f666e64e9649,0.9990000128746033,0.0009999871253967285,2,148,,global_top_l_filter,5000,0.0
B,hnsw,shuffle,veh_density_bin==mid,42.0,,,,39220,0.2726830285754015,42dc678f49e78132aa3a98e668dce6706990aed3ae88038eae776b09a9389f0d,0.9990000128746033,0.0009999871253967285,2,148,,global_top_l_filter,5000,0.0
B,hnsw,shuffle,veh_density_bin==mid,43.0,,,,39220,0.2726830285754015,6447c32fd5048d42b5f198f86e4d47c45f4873824cbdc02aa28e24261f886975,0.9994999766349792,0.000500023365020752,1,148,,global_top_l_filter,5000,0.0
B,hnsw,shuffle,veh_density_bin==mid,44.0,,,,39220,0.2726830285754015,838bcb4f7e5fb296af2eca29d174995cc4945bf15930f05403e33d903629fad3,0.9990000128746033,0.0009999871253967285,2,148,,global_top_l_filter,5000,0.0
B,hnsw,shuffle,veh_density_bin==mid,45.0,,,,39220,0.2726830285754015,d768417cc877715e8e603c063f180e350d17aa03bfc8f5ff775f1a746b4d1105,1.0,0.0,0,148,,global_top_l_filter,5000,0.0
B,hnsw,shuffle,veh_density_bin==mid,46.0,,,,39220,0.2726830285754015,925fc9dae021adf5a0f5db73955de974af3c7f256a3f23db830edfadc2d5d803,1.0,0.0,0,148,,global_top_l_filter,5000,0.0
B,hnsw,shuffle,veh_density_bin==mid,47.0,,,,39220,0.2726830285754015,2ada223aae8faef084afe7a29c5ec7c8f5c260b89ee7c5275dc00dd8d8c4855a,0.9990000128746033,0.0009999871253967285,2,148,,global_top_l_filter,5000,0.0
B,hnsw,shuffle,veh_density_bin==mid,48.0,,,,39220,0.2726830285754015,35c3af72125ba144910c34254434c49073dcf58ee702663623750e336ae45dd4,0.9990000128746033,0.0009999871253967285,2,148,,global_top_l_filter,5000,0.0
B,hnsw,shuffle,veh_density_bin==mid,49.0,,,,39220,0.2726830285754015,311867a2612728d88b5c32c1fe9bf43de472fc03f52f7a9d198914329532fda3,0.9994999766349792,0.000500023365020752,1,148,,global_top_l_filter,5000,0.0
B,hnsw,shuffle,veh_density_bin==mid,50.0,,,,39220,0.2726830285754015,3d98e5e7c311a4ad675c40c26745cc823111e4dba2ec92f05bcbeffe607309c5,1.0,0.0,0,148,,global_top_l_filter,5000,0.0
B,hnsw,shuffle,veh_density_bin==mid,51.0,,,,39220,0.2726830285754015,87581b6f4b198c96cb7ac32b138a41022f241e4cf6dd6a50c2de2d1b2f6a0f30,1.0,0.0,0,148,,global_top_l_filter,5000,0.0
B,hnsw,shuffle,veh_density_bin==mid,52.0,,,,39220,0.2726830285754015,48beab9d2dcfbdf1c45dc73b0b42ab491c9c13ed5a3f1e7caf3231c633bcccb8,0.9985000491142273,0.001499950885772705,3,148,,global_top_l_filter,5000,0.0
B,hnsw,shuffle,veh_density_bin==mid,53.0,,,,39220,0.2726830285754015,208ee3ee5301a924d5a25eefc65271870f41058d16295f7db42c9f67c83b1a42,0.9994999766349792,0.000500023365020752,1,148,,global_top_l_filter,5000,0.0
B,hnsw,shuffle,veh_density_bin==mid,54.0,,,,39220,0.2726830285754015,d4324c3afb12b8eb8d3c4d24f80482f21157902841b4019934765858ca8cde30,0.9994999766349792,0.000500023365020752,1,148,,global_top_l_filter,5000,0.0
B,hnsw,shuffle,veh_density_bin==mid,55.0,,,,39220,0.2726830285754015,981ae0b67823517f02755b5aa1a2352861fab631de6a31b24443442c3d034e7f,0.9990000128746033,0.0009999871253967285,2,148,,global_top_l_filter,5000,0.0
B,hnsw,shuffle,veh_density_bin==mid,56.0,,,,39220,0.2726830285754015,9c1335692f78079be090aad894d2cba8ada1490257dbefb1e55059684591865a,0.9985000491142273,0.001499950885772705,3,148,,global_top_l_filter,5000,0.0
B,hnsw,shuffle,veh_density_bin==mid,57.0,,,,39220,0.2726830285754015,13ea26875e77be0849b53978cfe8e38be814d67702970563f63fc066a37fb663,0.9994999766349792,0.000500023365020752,1,148,,global_top_l_filter,5000,0.0
B,hnsw,shuffle,veh_density_bin==mid,58.0,,,,39220,0.2726830285754015,1b3a3a48f7c087a59899d940d2179fd63a00dc85ee5518d9e7833fa7e750648a,0.9994999766349792,0.000500023365020752,1,148,,global_top_l_filter,5000,0.0
B,hnsw,shuffle,veh_density_bin==mid,59.0,,,,39220,0.2726830285754015,3b95ffbd4e33a90c8ccd9c740b82d4f2e735d6b6ecdc103f565f53c73c54480a,0.9994999766349792,0.000500023365020752,1,148,,global_top_l_filter,5000,0.0
B,hnsw,shuffle,veh_density_bin==mid,60.0,,,,39220,0.2726830285754015,32629a59f863256c4d3139f72d275e2fb645bd079f03d040c6270813bbedb81f,0.9994999766349792,0.000500023365020752,1,148,,global_top_l_filter,5000,0.0
B,hnsw,shuffle,veh_density_bin==mid,61.0,,,,39220,0.2726830285754015,2192cb375a6cea75456cf5f8de14a879b273fb292af6a32f5c7963489711da90,0.9990000128746033,0.0009999871253967285,2,148,,global_top_l_filter,5000,0.0
B,hnsw,shuffle,veh_density_bin==mid,62.0,,,,39220,0.2726830285754015,4d8941c168471563f9e6caa1b4109b933673480a39bac6b0094406d00d5f231c,0.9990000128746033,0.0009999871253967285,2,148,,global_top_l_filter,5000,0.0
B,hnsw,shuffle,veh_density_bin==mid,63.0,,,,39220,0.2726830285754015,3427437b3c84f61997686c6762f585a521807ffa459350932d1eaa96ff0a6344,0.9994999766349792,0.000500023365020752,1,148,,global_top_l_filter,5000,0.0
B,hnsw,shuffle,veh_density_bin==mid,64.0,,,,39220,0.2726830285754015,e5baf84a0ea824be97693ae1d5324e413fcacfe5b64a080e6a1ba30fc711a3d5,0.9994999766349792,0.000500023365020752,1,148,,global_top_l_filter,5000,0.0
B,hnsw,shuffle,veh_density_bin==mid,65.0,,,,39220,0.2726830285754015,1a01087a6b2887d8e673f6aada46a742198b2fe267d0a250c20db045a6c5413c,1.0,0.0,0,148,,global_top_l_filter,5000,0.0
B,hnsw,shuffle,veh_density_bin==mid,66.0,,,,39220,0.2726830285754015,947970517b26a6533b4041c813de73b2adcb74a2c5a5a5332a2924414cf86136,1.0,0.0,0,148,,global_top_l_filter,5000,0.0
B,hnsw,shuffle,veh_density_bin==mid,67.0,,,,39220,0.2726830285754015,5f789aacfab0d09a1e82b004f5ca15c06760ae2c9f79f66e4be0dcb26676bc86,0.9994999766349792,0.000500023365020752,1,148,,global_top_l_filter,5000,0.0
B,hnsw,shuffle,veh_density_bin==mid,68.0,,,,39220,0.2726830285754015,92de82d1e39e279b5e66999475e259e52184201b9cdc9c15285bb77f8cc92fbd,1.0,0.0,0,148,,global_top_l_filter,5000,0.0
B,hnsw,shuffle,veh_density_bin==mid,69.0,,,,39220,0.2726830285754015,9ae10eb0254841a102cc679f6a80465baa5cc914a6c1431c1b569c741b540a7d,1.0,0.0,0,148,,global_top_l_filter,5000,0.0
B,hnsw,shuffle,veh_density_bin==mid,70.0,,,,39220,0.2726830285754015,6367b1b775a9b144343b70709bae511cecd9b1b8595ec44262c1affb7d307d58,0.9990000128746033,0.0009999871253967285,2,148,,global_top_l_filter,5000,0.0
B,hnsw,shuffle,veh_density_bin==mid,71.0,,,,39220,0.2726830285754015,61d5edf0caa0ba43e0bc7c0eacc24e53b4dbf3b8ddf18c5ddd93e7b07d40cd91,0.9994999766349792,0.000500023365020752,1,148,,global_top_l_filter,5000,0.0
B,hnsw,shuffle,veh_density_bin==mid,72.0,,,,39220,0.2726830285754015,7363dd8263af378c47335ddaeda85c8d1d6463c48a35c81320626ba835f5da65,0.9990000128746033,0.0009999871253967285,2,148,,global_top_l_filter,5000,0.0
B,hnsw,shuffle,veh_density_bin==mid,73.0,,,,39220,0.2726830285754015,50aee7c45bac2e89fc2e0e613e6f420cc73d015b796d22aa31ae14a67de4d59f,1.0,0.0,0,148,,global_top_l_filter,5000,0.0
B,hnsw,shuffle,veh_density_bin==mid,74.0,,,,39220,0.2726830285754015,f41bc51ba337879b351415f6051be77082590598bc18cddc2dc7c9dc2b97f5ee,0.9990000128746033,0.0009999871253967285,2,148,,global_top_l_filter,5000,0.0
B,hnsw,shuffle,veh_density_bin==mid,75.0,,,,39220,0.2726830285754015,6066d62a942db38c718dcb0d6d274e92942099ad3782526e3b07a42924d53221,0.9990000128746033,0.0009999871253967285,2,148,,global_top_l_filter,5000,0.0
B,hnsw,shuffle,veh_density_bin==mid,76.0,,,,39220,0.2726830285754015,0e775fc75da81f28a7841ca366678ec1e16961c5f0135d08d37d32d272d3dd6f,0.9994999766349792,0.000500023365020752,1,148,,global_top_l_filter,5000,0.0
B,hnsw,shuffle,veh_density_bin==mid,77.0,,,,39220,0.2726830285754015,45481e6c07cec337c28ed36bba2e43dddf9c68e5964ef72266bf8ba00e35189a,1.0,0.0,0,148,,global_top_l_filter,5000,0.0
B,hnsw,shuffle,veh_density_bin==mid,78.0,,,,39220,0.2726830285754015,5294087a49b572dbd9781aaca41f908bcda694f9e1d4b91091d4067f0f44d6b1,1.0,0.0,0,148,,global_top_l_filter,5000,0.0
B,hnsw,shuffle,veh_density_bin==mid,79.0,,,,39220,0.2726830285754015,316b7ecef82eb4f494f9f83daa4e40a7b0018c9fcc7c0d9e373ae867814f43aa,0.9994999766349792,0.000500023365020752,1,148,,global_top_l_filter,5000,0.0
B,hnsw,shuffle,veh_density_bin==mid,80.0,,,,39220,0.2726830285754015,a5214fba9cfdd2e66c1e6fe42128716b1a9b661bb12a1c051aba81509affaa62,0.9984999895095825,0.0015000104904174805,3,148,,global_top_l_filter,5000,0.0
B,hnsw,shuffle,veh_density_bin==mid,81.0,,,,39220,0.2726830285754015,e883c25d356403e86deeafc5996c0d45964e49d49b3dbea7d42917f6527b49a9,1.0,0.0,0,148,,global_top_l_filter,5000,0.0
B,hnsw,shuffle,veh_density_bin==mid,82.0,,,,39220,0.2726830285754015,175f597310cb0b2db1552da6cefb5d342363a6e1015f5f59a7416205283ef0dc,0.9990000128746033,0.0009999871253967285,2,148,,global_top_l_filter,5000,0.0
B,hnsw,shuffle,veh_density_bin==mid,83.0,,,,39220,0.2726830285754015,96279b6edb1e4f5951f77733812ac28fcc4fb3e5bd43e720f5ed6ddd2cb93899,0.9994999766349792,0.000500023365020752,1,148,,global_top_l_filter,5000,0.0
B,hnsw,shuffle,veh_density_bin==mid,84.0,,,,39220,0.2726830285754015,20178ae859744b3e6f6043c008078cbe02179b0042fed697af6c72e00988aa74,0.9990000128746033,0.0009999871253967285,2,148,,global_top_l_filter,5000,0.0
B,hnsw,shuffle,veh_density_bin==mid,85.0,,,,39220,0.2726830285754015,bfa1e8b0751f93bf04940823ee0e5a63f9cb812ff7959a99e0b1637e7dc509ec,0.9994999766349792,0.000500023365020752,1,148,,global_top_l_filter,5000,0.0
B,hnsw,shuffle,veh_density_bin==mid,86.0,,,,39220,0.2726830285754015,316787837684bf988e74e8704cc6f63a83ba544dd7b805f99b10efa2237136a4,1.0,0.0,0,148,,global_top_l_filter,5000,0.0
B,hnsw,shuffle,veh_density_bin==mid,87.0,,,,39220,0.2726830285754015,48523dc5370c2538ea5af9fdea40911f9a6941e03cc9ea6d33b03a11783e2eee,0.9994999766349792,0.000500023365020752,1,148,,global_top_l_filter,5000,0.0
B,hnsw,shuffle,veh_density_bin==mid,88.0,,,,39220,0.2726830285754015,27606bbffb5aa4ca6dfec3a3c7b9aed408a0f2f5ee4ef9d197254f5614e5e2f9,0.9994999766349792,0.000500023365020752,1,148,,global_top_l_filter,5000,0.0
B,hnsw,shuffle,veh_density_bin==mid,89.0,,,,39220,0.2726830285754015,5f0f75effce24bb3d67c735a73c6534ac6c3a5d0de5b7ace7b613c5c31006077,1.0,0.0,0,148,,global_top_l_filter,5000,0.0
B,hnsw,shuffle,veh_density_bin==mid,90.0,,,,39220,0.2726830285754015,a39f31193c02b96fdc3d623622fed861d6387f967a4b0e4ddf3cceb6d1165815,1.0,0.0,0,148,,global_top_l_filter,5000,0.0
B,hnsw,shuffle,veh_density_bin==mid,91.0,,,,39220,0.2726830285754015,04fadfef01f103f6a337b4ec782125ba7e217ab25c4bda9dc023d05f033dc845,0.9990000128746033,0.0009999871253967285,1,148,,global_top_l_filter,5000,0.0
B,hnsw,shuffle,veh_density_bin==mid,92.0,,,,39220,0.2726830285754015,9afc19c7516ab6f005f7cb465d649a4855834f0d6b96265c79e287fc8ed416c0,0.9990000128746033,0.0009999871253967285,2,148,,global_top_l_filter,5000,0.0
B,hnsw,shuffle,veh_density_bin==mid,93.0,,,,39220,0.2726830285754015,f72b823da34dc6c04c10ef22a469c23dd428b8ca9fae07a53cb4fd8d65b83500,1.0,0.0,0,148,,global_top_l_filter,5000,0.0
B,hnsw,shuffle,veh_density_bin==mid,94.0,,,,39220,0.2726830285754015,356d976631af3e99b397e890d41f032cf7a49cc2f51bb3469089ec2b4c5606d9,0.9994999766349792,0.000500023365020752,1,148,,global_top_l_filter,5000,0.0
B,hnsw,shuffle,veh_density_bin==mid,95.0,,,,39220,0.2726830285754015,df4f41f670deb689e76f6525492ef701dd5323a9342ea0aba14a211b794dbc5f,0.9985000491142273,0.001499950885772705,3,148,,global_top_l_filter,5000,0.0
B,hnsw,shuffle,veh_density_bin==mid,96.0,,,,39220,0.2726830285754015,f27d1d54fa3a798536269a087b5b054b975cbbed6992755ee42f41d2c1f41459,1.0,0.0,0,148,,global_top_l_filter,5000,0.0
B,hnsw,shuffle,veh_density_bin==mid,97.0,,,,39220,0.2726830285754015,f46579863a3f7f264273678a2305c0a480026d6e71a5282487671ddeb57c1784,0.9990000128746033,0.0009999871253967285,1,148,,global_top_l_filter,5000,0.0
B,hnsw,shuffle,veh_density_bin==mid,98.0,,,,39220,0.2726830285754015,58618615e31f7a4f31c499a1b62f0cb0332b5512a3c11057c07b9dc45a4b2349,1.0,0.0,0,148,,global_top_l_filter,5000,0.0
B,hnsw,shuffle,veh_density_bin==mid,99.0,,,,39220,0.2726830285754015,c91a52ca7e0250b0502fbf5af5d4566496b63617c0f68faabea37e7a700fab64,0.9994999766349792,0.000500023365020752,1,148,,global_top_l_filter,5000,0.0
B,hnsw,natural,veh_density_bin==high,,,,,47365,0.3293123826739901,b921d71b86f9c3459fa35858606058fa32b2940c381e87da1f15fcc87f2e54f9,0.5830000042915344,0.4169999957084656,98,124,0.811574321851452,global_top_l_filter,5000,0.0
B,hnsw,shuffle,veh_density_bin==high,0.0,,,,47365,0.3293123826739901,c36dff3ac67345a52e6de3e7c678a601ca7f548ace83950472d2f02109d61c25,1.0,0.0,0,124,,global_top_l_filter,5000,0.0
B,hnsw,shuffle,veh_density_bin==high,1.0,,,,47365,0.3293123826739901,a33aa6bb863ca9a4bea8539ef2f74a3e63bdb184f88a2ead00764e5241f6b272,0.9994999766349792,0.000500023365020752,1,124,,global_top_l_filter,5000,0.0
B,hnsw,shuffle,veh_density_bin==high,2.0,,,,47365,0.3293123826739901,4bfd0244c09b23debbfeca198d3365c0aa457a07902642924f211e6c68b1ac9e,1.0,0.0,0,124,,global_top_l_filter,5000,0.0
B,hnsw,shuffle,veh_density_bin==high,3.0,,,,47365,0.3293123826739901,97c0ec355b266d989613ad6096c50b2f4909cc04f0289685f861fd6a2060b580,1.0,0.0,0,124,,global_top_l_filter,5000,0.0
B,hnsw,shuffle,veh_density_bin==high,4.0,,,,47365,0.3293123826739901,429fc9b3d3e581e1ae5a7c231d7abff132021792041bcb6030c9aa154d293bb8,1.0,0.0,0,124,,global_top_l_filter,5000,0.0
B,hnsw,shuffle,veh_density_bin==high,5.0,,,,47365,0.3293123826739901,8780081c0197bf4d78202334dec86452c08afabc830a1f82b367d6f8d80088f4,1.0,0.0,0,124,,global_top_l_filter,5000,0.0
B,hnsw,shuffle,veh_density_bin==high,6.0,,,,47365,0.3293123826739901,638bfe1797d1849a8d2a1da68883343d99bb20aaa117294587ac8defad04bde7,1.0,0.0,0,124,,global_top_l_filter,5000,0.0
B,hnsw,shuffle,veh_density_bin==high,7.0,,,,47365,0.3293123826739901,c88f3a2f33785e40386f2242b6d5f696db3a15bc29c34fcf48d4d39de350135a,0.9994999766349792,0.000500023365020752,1,124,,global_top_l_filter,5000,0.0
B,hnsw,shuffle,veh_density_bin==high,8.0,,,,47365,0.3293123826739901,e41039cdb7cec1cd6cda2717d06e9a482d3d1a274b09217f33b91752a60d9b95,0.9994999766349792,0.000500023365020752,1,124,,global_top_l_filter,5000,0.0
B,hnsw,shuffle,veh_density_bin==high,9.0,,,,47365,0.3293123826739901,93dd70f84286e2a0c38f27f20d1d5a4b38deda04e50c08fab61779d43cf83f7d,0.9984999895095825,0.0015000104904174805,3,124,,global_top_l_filter,5000,0.0
B,hnsw,shuffle,veh_density_bin==high,10.0,,,,47365,0.3293123826739901,cafceb0ca4252e2020ced9d8f98b2d3e6056262b8e54648e3900a6a3cf268b6d,1.0,0.0,0,124,,global_top_l_filter,5000,0.0
B,hnsw,shuffle,veh_density_bin==high,11.0,,,,47365,0.3293123826739901,6a9513c2fec5403382e2b499cd7b10f476826bbb70f92068b30212f0c19fae10,1.0,0.0,0,124,,global_top_l_filter,5000,0.0
B,hnsw,shuffle,veh_density_bin==high,12.0,,,,47365,0.3293123826739901,4e6f2b70a7938dbddeac2a3f18b97a826596e47e4672546a23e3c067cc204499,1.0,0.0,0,124,,global_top_l_filter,5000,0.0
B,hnsw,shuffle,veh_density_bin==high,13.0,,,,47365,0.3293123826739901,874d0d66d0934693c31da874a64332d051802b75f3855ede2a98a9ff567f743d,0.9994999766349792,0.000500023365020752,1,124,,global_top_l_filter,5000,0.0
B,hnsw,shuffle,veh_density_bin==high,14.0,,,,47365,0.3293123826739901,7f38b63109895515be8b32652494d85871afe843ea4cc2686e6d0525fd481e32,1.0,0.0,0,124,,global_top_l_filter,5000,0.0
B,hnsw,shuffle,veh_density_bin==high,15.0,,,,47365,0.3293123826739901,9ece98fb9166f83af2f24e410a02ba658a594378dc783e2cd8aac677392a1041,0.9990000128746033,0.0009999871253967285,2,124,,global_top_l_filter,5000,0.0
B,hnsw,shuffle,veh_density_bin==high,16.0,,,,47365,0.3293123826739901,296ff3facebb2d1789b1b90b024f136b7411d230f0461d2a03fb945698e12630,0.9994999766349792,0.000500023365020752,1,124,,global_top_l_filter,5000,0.0
B,hnsw,shuffle,veh_density_bin==high,17.0,,,,47365,0.3293123826739901,aea9bb53910459cd469bcf329aaac4b8dfb3e9bc7d8eaead96241b82bd39edb3,0.9994999766349792,0.000500023365020752,1,124,,global_top_l_filter,5000,0.0
B,hnsw,shuffle,veh_density_bin==high,18.0,,,,47365,0.3293123826739901,3f8259f341183a5bb483d550aa327f703c6fea412b067301f9616144c658664c,1.0,0.0,0,124,,global_top_l_filter,5000,0.0
B,hnsw,shuffle,veh_density_bin==high,19.0,,,,47365,0.3293123826739901,7d3e17c29e695c06a743bca8611c533a8e94588432d9737424362e0657e4a6b7,0.9994999766349792,0.000500023365020752,1,124,,global_top_l_filter,5000,0.0
B,hnsw,shuffle,veh_density_bin==high,20.0,,,,47365,0.3293123826739901,b916ac680e2959f721b9bdd811eb63b87cbf1e0f802aaf60a166ce84841bacd7,1.0,0.0,0,124,,global_top_l_filter,5000,0.0
B,hnsw,shuffle,veh_density_bin==high,21.0,,,,47365,0.3293123826739901,ac2f367bdc0dc7c458f578b051228a5339527f49e15a19bc20c48ad867172d62,1.0,0.0,0,124,,global_top_l_filter,5000,0.0
B,hnsw,shuffle,veh_density_bin==high,22.0,,,,47365,0.3293123826739901,59ac9c94c006275181c289d5749d151dd409f146eb2ccddc11c5b555b2c2a8ab,1.0,0.0,0,124,,global_top_l_filter,5000,0.0
B,hnsw,shuffle,veh_density_bin==high,23.0,,,,47365,0.3293123826739901,30c2df614a870b8b08a8f1d50217d1268b762c83fd47077b0639eacf8d82979d,1.0,0.0,0,124,,global_top_l_filter,5000,0.0
B,hnsw,shuffle,veh_density_bin==high,24.0,,,,47365,0.3293123826739901,471f1b2d2b23c65353847f0f932ee7178c7948e381067a9e12ccef91a514d701,1.0,0.0,0,124,,global_top_l_filter,5000,0.0
B,hnsw,shuffle,veh_density_bin==high,25.0,,,,47365,0.3293123826739901,5e2d38460928664b1aaf9fd1475f05653705eda5368c33d1a71ed306d9acbdb3,1.0,0.0,0,124,,global_top_l_filter,5000,0.0
B,hnsw,shuffle,veh_density_bin==high,26.0,,,,47365,0.3293123826739901,664ce0b872123f11df6a8f3257067a420309122864fb22aa56bf709814a03c40,1.0,0.0,0,124,,global_top_l_filter,5000,0.0
B,hnsw,shuffle,veh_density_bin==high,27.0,,,,47365,0.3293123826739901,85832fb403518c31ff24b6df72f05d6c0df9cca1da2953afc3cd8cf27c5cec46,0.9994999766349792,0.000500023365020752,1,124,,global_top_l_filter,5000,0.0
B,hnsw,shuffle,veh_density_bin==high,28.0,,,,47365,0.3293123826739901,1d078901bb47ef76e929fe6a35cc6eaee370fb48ffadd55c1207a208dd4c3b05,1.0,0.0,0,124,,global_top_l_filter,5000,0.0
B,hnsw,shuffle,veh_density_bin==high,29.0,,,,47365,0.3293123826739901,7fab36031e0675e8c57d56db79c869ba25b1622a18527cb233a225e368e86779,1.0,0.0,0,124,,global_top_l_filter,5000,0.0
B,hnsw,shuffle,veh_density_bin==high,30.0,,,,47365,0.3293123826739901,25dcacba0e6ba704dba9526a825bbfa8cad4e705a74163077f7912a8806fe3c2,1.0,0.0,0,124,,global_top_l_filter,5000,0.0
B,hnsw,shuffle,veh_density_bin==high,31.0,,,,47365,0.3293123826739901,0521f38fa3a55133168c270a112de38b5816a81eb8db39a44b078556b21a5c94,1.0,0.0,0,124,,global_top_l_filter,5000,0.0
B,hnsw,shuffle,veh_density_bin==high,32.0,,,,47365,0.3293123826739901,705915741f1bbd70c8b6ed1f29a9bde1a3084b0ed5fa9a9ef1f297ed663f48e6,1.0,0.0,0,124,,global_top_l_filter,5000,0.0
B,hnsw,shuffle,veh_density_bin==high,33.0,,,,47365,0.3293123826739901,f33f7bebb021040e418fb41b2ffde8a941d558a276fe74b3993a181b98505846,1.0,0.0,0,124,,global_top_l_filter,5000,0.0
B,hnsw,shuffle,veh_density_bin==high,34.0,,,,47365,0.3293123826739901,fabd488adde23f72e2c47e466cc843124c554cacaef061451b4655088f4a56c5,1.0,0.0,0,124,,global_top_l_filter,5000,0.0
B,hnsw,shuffle,veh_density_bin==high,35.0,,,,47365,0.3293123826739901,21f4768784d2becf7f9b1ce8651ce4e2d4f03dc12c316120440ee3046cfa0ba2,1.0,0.0,0,124,,global_top_l_filter,5000,0.0
B,hnsw,shuffle,veh_density_bin==high,36.0,,,,47365,0.3293123826739901,b584cab1c080891e4c7edf44f38366d9808ee8836fd04afb268b7985e2e9ac3c,0.9994999766349792,0.000500023365020752,1,124,,global_top_l_filter,5000,0.0
B,hnsw,shuffle,veh_density_bin==high,37.0,,,,47365,0.3293123826739901,7c334f484703b04d403873f7ae95c82ac928c7c370dd8074ff1e5a363cc70f05,1.0,0.0,0,124,,global_top_l_filter,5000,0.0
B,hnsw,shuffle,veh_density_bin==high,38.0,,,,47365,0.3293123826739901,2aa1d25548939873c00e14c43988fcb1d00e2d565286d0d1ca60eef117f0d3ad,0.9994999766349792,0.000500023365020752,1,124,,global_top_l_filter,5000,0.0
B,hnsw,shuffle,veh_density_bin==high,39.0,,,,47365,0.3293123826739901,53b6c39005dfef609ee3f4b69972c61d1d5946b840cafeb30a738096ff849859,0.9994999766349792,0.000500023365020752,1,124,,global_top_l_filter,5000,0.0
B,hnsw,shuffle,veh_density_bin==high,40.0,,,,47365,0.3293123826739901,c77ed8834e8ade8efd47a91b90de59ed4960419d41a288818a9ceff04f801b39,1.0,0.0,0,124,,global_top_l_filter,5000,0.0
B,hnsw,shuffle,veh_density_bin==high,41.0,,,,47365,0.3293123826739901,9dceda862aa2758f8a0d83d54b97aa7876b1d2d286aa07f7a023c86229d3fd12,1.0,0.0,0,124,,global_top_l_filter,5000,0.0
B,hnsw,shuffle,veh_density_bin==high,42.0,,,,47365,0.3293123826739901,3df4e942ed20fb27556d22c4b90ccad07beed51ae53ce53050381b00331e167b,1.0,0.0,0,124,,global_top_l_filter,5000,0.0
B,hnsw,shuffle,veh_density_bin==high,43.0,,,,47365,0.3293123826739901,1ecc0e03a424167d3f931c1a8cf6646dd79af40c04d2951cdb81607ad48d7661,1.0,0.0,0,124,,global_top_l_filter,5000,0.0
B,hnsw,shuffle,veh_density_bin==high,44.0,,,,47365,0.3293123826739901,deca04d73a9814c20bc7771238959aa40dc7eff424c3b923eaea85503a0d174c,1.0,0.0,0,124,,global_top_l_filter,5000,0.0
B,hnsw,shuffle,veh_density_bin==high,45.0,,,,47365,0.3293123826739901,44606d559768fe4bffc0d819f4f1573e46a261d1cd8d24403995940d10d1bc39,0.9994999766349792,0.000500023365020752,1,124,,global_top_l_filter,5000,0.0
B,hnsw,shuffle,veh_density_bin==high,46.0,,,,47365,0.3293123826739901,1656febcdec87ede1ddb24a4caea0635f12fd547ad52979b1ef10d7e23a6b14d,0.9994999766349792,0.000500023365020752,1,124,,global_top_l_filter,5000,0.0
B,hnsw,shuffle,veh_density_bin==high,47.0,,,,47365,0.3293123826739901,fa1f8385076e8522cb03e3b3daf69ae7bed034f339ffc5b2751dcafd76720ab5,1.0,0.0,0,124,,global_top_l_filter,5000,0.0
B,hnsw,shuffle,veh_density_bin==high,48.0,,,,47365,0.3293123826739901,c2eb409b62d53b5579915d459025e4ebbd4865337923b1479220b07f552f514e,1.0,0.0,0,124,,global_top_l_filter,5000,0.0
B,hnsw,shuffle,veh_density_bin==high,49.0,,,,47365,0.3293123826739901,ae8a3703de63377c562783f88b02ccc478004ed2a9c310339e8bbca14c331903,1.0,0.0,0,124,,global_top_l_filter,5000,0.0
B,hnsw,shuffle,veh_density_bin==high,50.0,,,,47365,0.3293123826739901,b8d93d2fc25547d3ff9d2d6482d89c750b6dd56c71f0b819208bbc87c2cce191,1.0,0.0,0,124,,global_top_l_filter,5000,0.0
B,hnsw,shuffle,veh_density_bin==high,51.0,,,,47365,0.3293123826739901,477677c5cc9c1ce47fc72993a8c09d423b01941c9629a0082f704ffb450f8ecb,1.0,0.0,0,124,,global_top_l_filter,5000,0.0
B,hnsw,shuffle,veh_density_bin==high,52.0,,,,47365,0.3293123826739901,3715a51551f9f6f08eb25184c5cba2824ca050327e93da5a82a4ad78d5b23e0e,0.9994999766349792,0.000500023365020752,1,124,,global_top_l_filter,5000,0.0
B,hnsw,shuffle,veh_density_bin==high,53.0,,,,47365,0.3293123826739901,5eac1f182fc9188f935e4c507edf5931ee8de5f9223152cc1b74a9a9e8c85533,1.0,0.0,0,124,,global_top_l_filter,5000,0.0
B,hnsw,shuffle,veh_density_bin==high,54.0,,,,47365,0.3293123826739901,0ccde2eb509f6f7672a0575cd43759d54fdb65333979267768061351b87512b2,1.0,0.0,0,124,,global_top_l_filter,5000,0.0
B,hnsw,shuffle,veh_density_bin==high,55.0,,,,47365,0.3293123826739901,6acc203619d96a4caa0b67e9d05fc5b7e4178d499ba6211fe4d5c2f754df05d5,1.0,0.0,0,124,,global_top_l_filter,5000,0.0
B,hnsw,shuffle,veh_density_bin==high,56.0,,,,47365,0.3293123826739901,5810b19c8065b756744dd7faac756799b4c2622b68e685642244ab84b50b4a53,0.9994999766349792,0.000500023365020752,1,124,,global_top_l_filter,5000,0.0
B,hnsw,shuffle,veh_density_bin==high,57.0,,,,47365,0.3293123826739901,62bc6ba4e79cae65b803e05c39e58a9221aa2b4a9bf676c1f90a8425e1d2d113,1.0,0.0,0,124,,global_top_l_filter,5000,0.0
B,hnsw,shuffle,veh_density_bin==high,58.0,,,,47365,0.3293123826739901,39c8b34777c328209b207985754baa98cc12fd35c480bb006eeb37bf432bda68,1.0,0.0,0,124,,global_top_l_filter,5000,0.0
B,hnsw,shuffle,veh_density_bin==high,59.0,,,,47365,0.3293123826739901,8f760bde91dfed0a45fa6de9edcd5f25e48b1cc48acd521ad413e2128ab8ae98,1.0,0.0,0,124,,global_top_l_filter,5000,0.0
B,hnsw,shuffle,veh_density_bin==high,60.0,,,,47365,0.3293123826739901,c9556c14380fe7a30ec7c90d4e013073d628f9e7d258855725893cbb57d036ba,0.9994999766349792,0.000500023365020752,1,124,,global_top_l_filter,5000,0.0
B,hnsw,shuffle,veh_density_bin==high,61.0,,,,47365,0.3293123826739901,e30dd2767e4c6065d2704f196b8c0f1feef484394241ddb9bbe24079f82d3b51,1.0,0.0,0,124,,global_top_l_filter,5000,0.0
B,hnsw,shuffle,veh_density_bin==high,62.0,,,,47365,0.3293123826739901,c06e24b7c0b2b043bd8c501913a1b31112d8dc822f34a215cd9f11dc41581955,1.0,0.0,0,124,,global_top_l_filter,5000,0.0
B,hnsw,shuffle,veh_density_bin==high,63.0,,,,47365,0.3293123826739901,2a88cd3540984c323cde3d96aad0dfd327f84e86e9719ecea41b14a796b819f9,0.9994999766349792,0.000500023365020752,1,124,,global_top_l_filter,5000,0.0
B,hnsw,shuffle,veh_density_bin==high,64.0,,,,47365,0.3293123826739901,69c51e541e18fcf00e648f470b2fac9f8cdde645af9fe06a38865037aef33ab0,0.9990000128746033,0.0009999871253967285,2,124,,global_top_l_filter,5000,0.0
B,hnsw,shuffle,veh_density_bin==high,65.0,,,,47365,0.3293123826739901,3c73c62752f9405f6edaa024671553a4771d57e6c7407fa1b1b2565d343c2033,0.9994999766349792,0.000500023365020752,1,124,,global_top_l_filter,5000,0.0
B,hnsw,shuffle,veh_density_bin==high,66.0,,,,47365,0.3293123826739901,9a37ad892ab6775e9e7932093893662183261f2c504a2b33b6b2317ac9b40729,1.0,0.0,0,124,,global_top_l_filter,5000,0.0
B,hnsw,shuffle,veh_density_bin==high,67.0,,,,47365,0.3293123826739901,ebf1d5e439064716dc8b6128d0a1e65d7fdc3e6db14f43fffb778adf940c21b8,1.0,0.0,0,124,,global_top_l_filter,5000,0.0
B,hnsw,shuffle,veh_density_bin==high,68.0,,,,47365,0.3293123826739901,7208db7b269421b5e69c60ed435167149b6f4a4e2708ee9a7220040eaf1fc96a,1.0,0.0,0,124,,global_top_l_filter,5000,0.0
B,hnsw,shuffle,veh_density_bin==high,69.0,,,,47365,0.3293123826739901,4afff483cfbca521ff6458aa6b5887c540f50b02338454cb913411fb9974bfa6,1.0,0.0,0,124,,global_top_l_filter,5000,0.0
B,hnsw,shuffle,veh_density_bin==high,70.0,,,,47365,0.3293123826739901,afc49a16f74a6c87b6f568f54b4bacb8cad4da1f25b77796b0a79545f420ac8b,1.0,0.0,0,124,,global_top_l_filter,5000,0.0
B,hnsw,shuffle,veh_density_bin==high,71.0,,,,47365,0.3293123826739901,e9356382eb2c03f6054cee9c186042946b6c4b5c16c07b0cae161d516a5ef809,0.9994999766349792,0.000500023365020752,1,124,,global_top_l_filter,5000,0.0
B,hnsw,shuffle,veh_density_bin==high,72.0,,,,47365,0.3293123826739901,f1e68268be44a5a149f66fc9a96004847a4a8d0c5541335461ba2a408cdfbf31,0.9994999766349792,0.000500023365020752,1,124,,global_top_l_filter,5000,0.0
B,hnsw,shuffle,veh_density_bin==high,73.0,,,,47365,0.3293123826739901,a8fa41608dfe33cfed7aa86d048700945dd36b016b5dfbd1849f6704d3337308,1.0,0.0,0,124,,global_top_l_filter,5000,0.0
B,hnsw,shuffle,veh_density_bin==high,74.0,,,,47365,0.3293123826739901,732675cc7747b51f8c49101d2991b6438cb19da339e5181e17623d6b60bd2fad,0.9994999766349792,0.000500023365020752,1,124,,global_top_l_filter,5000,0.0
B,hnsw,shuffle,veh_density_bin==high,75.0,,,,47365,0.3293123826739901,66b04e7a596263efaabfacd906160e3fdb9811ea0ffbe2bf36f2d61b0dff9991,1.0,0.0,0,124,,global_top_l_filter,5000,0.0
B,hnsw,shuffle,veh_density_bin==high,76.0,,,,47365,0.3293123826739901,24eeca7783ce0fc3aac9663c6e24152ac26b9c8055a7062e1d67deb3fb5b8fa0,0.9994999766349792,0.000500023365020752,1,124,,global_top_l_filter,5000,0.0
B,hnsw,shuffle,veh_density_bin==high,77.0,,,,47365,0.3293123826739901,3a9cfe004601dccfb2d74cfcf7c1c6915d0e8b44fe9f6d57ab8aa4fe7e0e08bb,1.0,0.0,0,124,,global_top_l_filter,5000,0.0
B,hnsw,shuffle,veh_density_bin==high,78.0,,,,47365,0.3293123826739901,359c96163c0599fc57620b50d39de3ddd4f10643caed477b22d83190c5cb6d94,0.9994999766349792,0.000500023365020752,1,124,,global_top_l_filter,5000,0.0
B,hnsw,shuffle,veh_density_bin==high,79.0,,,,47365,0.3293123826739901,81d2a7b39cf6b98739686f8fea4a53ba2cd1650b0781f6b945bb9d680ed9d855,1.0,0.0,0,124,,global_top_l_filter,5000,0.0
B,hnsw,shuffle,veh_density_bin==high,80.0,,,,47365,0.3293123826739901,6ebb4b881ac1c635d231c7e81aa3d05aa3e67aea27efcf0fa670bacbe8752612,0.9994999766349792,0.000500023365020752,1,124,,global_top_l_filter,5000,0.0
B,hnsw,shuffle,veh_density_bin==high,81.0,,,,47365,0.3293123826739901,4521e5824e8434eb2deef08388df769c6720cb24d29340bd9fa0f0b27ccadec7,0.9994999766349792,0.000500023365020752,1,124,,global_top_l_filter,5000,0.0
B,hnsw,shuffle,veh_density_bin==high,82.0,,,,47365,0.3293123826739901,cae019938858ca32363bc97e9870d19d452b466ba7c533e33cee1401128c5acb,0.9984999895095825,0.0015000104904174805,3,124,,global_top_l_filter,5000,0.0
B,hnsw,shuffle,veh_density_bin==high,83.0,,,,47365,0.3293123826739901,3eed859b2069fc24f6e58970a9ac0be4547db7c3acba3339e34d998fca3821b1,0.9990000128746033,0.0009999871253967285,2,124,,global_top_l_filter,5000,0.0
B,hnsw,shuffle,veh_density_bin==high,84.0,,,,47365,0.3293123826739901,99236773d90ceb56543528791b65336173aaf39bd7ac2922abf23c1bf1b502e7,1.0,0.0,0,124,,global_top_l_filter,5000,0.0
B,hnsw,shuffle,veh_density_bin==high,85.0,,,,47365,0.3293123826739901,50e30c6bc11d6a80db1ec809fb68b27dd8aa8d60ed32fa9e916fee83034a36ea,1.0,0.0,0,124,,global_top_l_filter,5000,0.0
B,hnsw,shuffle,veh_density_bin==high,86.0,,,,47365,0.3293123826739901,6d6f3130c856ede34738608b22bd73338f085c41a27ea87277a081af27b29c70,0.9994999766349792,0.000500023365020752,1,124,,global_top_l_filter,5000,0.0
B,hnsw,shuffle,veh_density_bin==high,87.0,,,,47365,0.3293123826739901,0b6b24a7e2f69b29d2a993078efd891e9e95935efaaf38f04df617052fef5b37,0.9994999766349792,0.000500023365020752,1,124,,global_top_l_filter,5000,0.0
B,hnsw,shuffle,veh_density_bin==high,88.0,,,,47365,0.3293123826739901,a519377ace204aa87d89ed923591dc48fbb459e6cd0560a74a931b475ed3af1e,1.0,0.0,0,124,,global_top_l_filter,5000,0.0
B,hnsw,shuffle,veh_density_bin==high,89.0,,,,47365,0.3293123826739901,8334f3ab3da0fe7617bed51dcc519a990129a992bd036b9c8d695929d03d0d46,0.9994999766349792,0.000500023365020752,1,124,,global_top_l_filter,5000,0.0
B,hnsw,shuffle,veh_density_bin==high,90.0,,,,47365,0.3293123826739901,cdde546869fe26f2aca6ed5df772e28e3f379f314bfd329c121450c0dccb2606,1.0,0.0,0,124,,global_top_l_filter,5000,0.0
B,hnsw,shuffle,veh_density_bin==high,91.0,,,,47365,0.3293123826739901,785c6204e90fdfdc35f190e73964adbd4859f483f029ba1ce61379a6a935ade8,0.9994999766349792,0.000500023365020752,1,124,,global_top_l_filter,5000,0.0
B,hnsw,shuffle,veh_density_bin==high,92.0,,,,47365,0.3293123826739901,2889dfe7af840825ed57255c4e0f35dc92608a8934785841ad920a1c5942e255,0.9990000128746033,0.0009999871253967285,2,124,,global_top_l_filter,5000,0.0
B,hnsw,shuffle,veh_density_bin==high,93.0,,,,47365,0.3293123826739901,1eb9235e91f4c1a7655fb5965ecdc96b7cafbb8dfc1b544903fbc9dbc90e766f,1.0,0.0,0,124,,global_top_l_filter,5000,0.0
B,hnsw,shuffle,veh_density_bin==high,94.0,,,,47365,0.3293123826739901,41a6600203dfecc9f8c662bccac43024c4d217215830fab908ca8606b321a539,1.0,0.0,0,124,,global_top_l_filter,5000,0.0
B,hnsw,shuffle,veh_density_bin==high,95.0,,,,47365,0.3293123826739901,bcc9cdd08eff483a6e91896a71deaacb70bd5be8eee745441884989e6b6c288a,0.9990000128746033,0.0009999871253967285,2,124,,global_top_l_filter,5000,0.0
B,hnsw,shuffle,veh_density_bin==high,96.0,,,,47365,0.3293123826739901,f1075ad3d39ed37b2405deeaaae8a4c5627a763caaa8f3f09997acb98ab9bf88,0.9994999766349792,0.000500023365020752,1,124,,global_top_l_filter,5000,0.0
B,hnsw,shuffle,veh_density_bin==high,97.0,,,,47365,0.3293123826739901,14bb521429443b2c58fbf1fd3698df62d4a86f689aa2bc72b46ba3c9dd40f448,1.0,0.0,0,124,,global_top_l_filter,5000,0.0
B,hnsw,shuffle,veh_density_bin==high,98.0,,,,47365,0.3293123826739901,496abc9823aa9814e7488d8fb6b1a43a02e1be73155feb8ce98d9b2573d446f2,1.0,0.0,0,124,,global_top_l_filter,5000,0.0
B,hnsw,shuffle,veh_density_bin==high,99.0,,,,47365,0.3293123826739901,c47c9fad654d35afed43aa1bed97770a1b9fe8b49f4ae922c943ef6abc4d1444,0.9994999766349792,0.000500023365020752,1,124,,global_top_l_filter,5000,0.0
B,hnsw,natural,hour==6,,,,,10043,0.0698254884238337,f6e0fed70049ecb7bbf678e178a03da1176ddbb5b133f9d983aae7f7fabafc29,0.6869999766349792,0.31300002336502075,136,576,0.8129489797639635,global_top_l_filter,5000,0.0
B,hnsw,shuffle,hour==6,0.0,,,,10043,0.0698254884238337,c690bde4a29de445b8f369f33ab7b5dfedcf02f23b1132ed4dc05c4c63371550,0.9455000162124634,0.05449998378753662,62,576,,global_top_l_filter,5000,0.0
B,hnsw,shuffle,hour==6,1.0,,,,10043,0.0698254884238337,f7cdcba2f0d629c3c8bd47932326c4f6a7ddaece4ed36a81e4e5686369688795,0.9434999823570251,0.056500017642974854,78,576,,global_top_l_filter,5000,0.0
B,hnsw,shuffle,hour==6,2.0,,,,10043,0.0698254884238337,72b1f4f3a107bd01bc2d06145b69413bba2e9da9b9cd6f2cabb28f17e1ae278e,0.9449999928474426,0.05500000715255737,76,576,,global_top_l_filter,5000,0.0
B,hnsw,shuffle,hour==6,3.0,,,,10043,0.0698254884238337,c8246233ff9c2f041fb38a10b82321474909c5c2ba2e313d6e9f2f17cc1ba687,0.9539999961853027,0.046000003814697266,63,576,,global_top_l_filter,5000,0.0
B,hnsw,shuffle,hour==6,4.0,,,,10043,0.0698254884238337,c5ddeb086cdaff54137f6a18422b3e0f8478b4b04570ca6dc02bb4066534ab01,0.9524999856948853,0.047500014305114746,58,576,,global_top_l_filter,5000,0.0
B,hnsw,shuffle,hour==6,5.0,,,,10043,0.0698254884238337,efe380a2a84fe355cc121773811239823cfd300d865b2ff22562f318f151b4d2,0.9510000348091125,0.04899996519088745,67,576,,global_top_l_filter,5000,0.0
B,hnsw,shuffle,hour==6,6.0,,,,10043,0.0698254884238337,cb9ef5889c56e8a5843e26fb2836f32697555b054a097617b926f49e23067745,0.9564999938011169,0.04350000619888306,62,576,,global_top_l_filter,5000,0.0
B,hnsw,shuffle,hour==6,7.0,,,,10043,0.0698254884238337,b3ca414b8a8b0f83ae1594d6d39408b46342d0e99fc10f6b9a4c734ddebd2c5e,0.9459999799728394,0.054000020027160645,68,576,,global_top_l_filter,5000,0.0
B,hnsw,shuffle,hour==6,8.0,,,,10043,0.0698254884238337,cfe6a34e8a124500fb47ad1dff3237cad82fe551c5e52bed74b89184a5841618,0.9469999670982361,0.053000032901763916,67,576,,global_top_l_filter,5000,0.0
B,hnsw,shuffle,hour==6,9.0,,,,10043,0.0698254884238337,17ba397be17157e8652a13a93fb424bec4644e11e50e04601842ca06c898d8a8,0.9555000066757202,0.044499993324279785,56,576,,global_top_l_filter,5000,0.0
B,hnsw,shuffle,hour==6,10.0,,,,10043,0.0698254884238337,4468ae54a7bd8b6a13198dd9e2ac55eef1728d0bf66d23f7eb4b26583067833b,0.9549999833106995,0.04500001668930054,58,576,,global_top_l_filter,5000,0.0
B,hnsw,shuffle,hour==6,11.0,,,,10043,0.0698254884238337,f66d9d99b965f6028740910873d45ffeeef6ec85e71522453776ec6e9a423e26,0.9444999694824219,0.055500030517578125,66,576,,global_top_l_filter,5000,0.0
B,hnsw,shuffle,hour==6,12.0,,,,10043,0.0698254884238337,d4a8a456ccd7b3af4880f2dd4ce56d4b88ecc91e188e9327d87bd0e3744b8692,0.9594999551773071,0.04050004482269287,56,576,,global_top_l_filter,5000,0.0
B,hnsw,shuffle,hour==6,13.0,,,,10043,0.0698254884238337,96ebee801b2a54a9eeee74d9d7f8c827c482946fc7fc142cc256b5149527b270,0.9489999413490295,0.05100005865097046,68,576,,global_top_l_filter,5000,0.0
B,hnsw,shuffle,hour==6,14.0,,,,10043,0.0698254884238337,bf50bf1fc32c7c27ddeb29d5c343fe14548dc5e1dc6bbf24ea26e0e1a2ce0199,0.9435000419616699,0.05649995803833008,64,576,,global_top_l_filter,5000,0.0
B,hnsw,shuffle,hour==6,15.0,,,,10043,0.0698254884238337,47b49a537162e01b37c9b99fc07b9079ffd69edf2e9e991bde18ba6d0bd48e1c,0.9449999928474426,0.05500000715255737,75,576,,global_top_l_filter,5000,0.0
B,hnsw,shuffle,hour==6,16.0,,,,10043,0.0698254884238337,03bcb31f414d409c1b5d951fa70c0612f07a6464ee96bc5b44663509991c3744,0.9559999704360962,0.04400002956390381,61,576,,global_top_l_filter,5000,0.0
B,hnsw,shuffle,hour==6,17.0,,,,10043,0.0698254884238337,e02a27fcae99a7460875d8658f1cf7f111b3b69fd94bf666711964cdfb4d2708,0.9524999856948853,0.047500014305114746,63,576,,global_top_l_filter,5000,0.0
B,hnsw,shuffle,hour==6,18.0,,,,10043,0.0698254884238337,9a8d13992b6dcc0b1ad32a91b3450b832a0877ecaaecdc5e072285b90cd8668b,0.9394999742507935,0.06050002574920654,72,576,,global_top_l_filter,5000,0.0
B,hnsw,shuffle,hour==6,19.0,,,,10043,0.0698254884238337,9672250b24a40ad0c1705b71e831be4e5cd24209446b6a49a15a06f9a839ec35,0.9529999494552612,0.04700005054473877,53,576,,global_top_l_filter,5000,0.0
B,hnsw,shuffle,hour==6,20.0,,,,10043,0.0698254884238337,04876515c4105dcab1a24e5955dc94a1eb4d2d89b9e45c4ec9f27eb31dfb1a69,0.9519999623298645,0.0480000376701355,66,576,,global_top_l_filter,5000,0.0
B,hnsw,shuffle,hour==6,21.0,,,,10043,0.0698254884238337,2eeb0f6d205a4133ae3941e074c88390ba97bac49874cf4efd2c99bd01fb4799,0.9480000138282776,0.05199998617172241,69,576,,global_top_l_filter,5000,0.0
B,hnsw,shuffle,hour==6,22.0,,,,10043,0.0698254884238337,7ebcc78522c11d9b824df4d44eeac92affffd2c963ba7e2ca2f06dfc856ecdea,0.9469999670982361,0.053000032901763916,78,576,,global_top_l_filter,5000,0.0
B,hnsw,shuffle,hour==6,23.0,,,,10043,0.0698254884238337,9867f879d64238be31fb503309a80aac0a2b4b1a28297ed5d3a5a478f5f86933,0.949999988079071,0.050000011920928955,69,576,,global_top_l_filter,5000,0.0
B,hnsw,shuffle,hour==6,24.0,,,,10043,0.0698254884238337,b43280d9cb7aa2ab1a84a589b83908a07ef1c482b35a954a3be4c76af6e6a8a8,0.9469999670982361,0.053000032901763916,69,576,,global_top_l_filter,5000,0.0
B,hnsw,shuffle,hour==6,25.0,,,,10043,0.0698254884238337,c0345692273de0d8fb8f021b0ffb10ccb9bea5f31cc457fe15af4be9f052bfc2,0.9519999623298645,0.0480000376701355,65,576,,global_top_l_filter,5000,0.0
B,hnsw,shuffle,hour==6,26.0,,,,10043,0.0698254884238337,792905bba6b77a383703d3390873df469352f389e81fc912cbcf797f47435bb5,0.9444999694824219,0.055500030517578125,75,576,,global_top_l_filter,5000,0.0
B,hnsw,shuffle,hour==6,27.0,,,,10043,0.0698254884238337,d4e227932ec03a2661288398e7c0764617bcd640da3eede42d736f9ab85b098b,0.9564999938011169,0.04350000619888306,56,576,,global_top_l_filter,5000,0.0
B,hnsw,shuffle,hour==6,28.0,,,,10043,0.0698254884238337,a4ea3aea86ace1b7d3e8341deb7a6b177b0cf3397461b4d694e542f8e5131889,0.9489999413490295,0.05100005865097046,65,576,,global_top_l_filter,5000,0.0
B,hnsw,shuffle,hour==6,29.0,,,,10043,0.0698254884238337,602f2c8f67582916a30a67186c5fb6e24bbc8e8ef7ebcd974c4aace8ba9cc7ea,0.9574999809265137,0.04250001907348633,59,576,,global_top_l_filter,5000,0.0
B,hnsw,shuffle,hour==6,30.0,,,,10043,0.0698254884238337,fc72cd6e7c72013bd9ffdbec1390aa3b96856975e552e356772f460d70de681b,0.9544999599456787,0.04550004005432129,54,576,,global_top_l_filter,5000,0.0
B,hnsw,shuffle,hour==6,31.0,,,,10043,0.0698254884238337,9ca24f88191e693c64354fb4615e5ea8e01e666add6927aadbd90095b401fb0e,0.9559999704360962,0.04400002956390381,54,576,,global_top_l_filter,5000,0.0
B,hnsw,shuffle,hour==6,32.0,,,,10043,0.0698254884238337,1cffc1922ab9652bc717dea08ce13b38ebc8ee8bfec9b6365c13e3cd7664718e,0.9484999179840088,0.05150008201599121,71,576,,global_top_l_filter,5000,0.0
B,hnsw,shuffle,hour==6,33.0,,,,10043,0.0698254884238337,03189e73829d84128375307d0af23229a85856225f281e3de0d413e6226819eb,0.953499972820282,0.04650002717971802,59,576,,global_top_l_filter,5000,0.0
B,hnsw,shuffle,hour==6,34.0,,,,10043,0.0698254884238337,e796a8ad9593fdcc127e7be4964f0060d1bed79a2af32cf4ba699eaf5fc5408f,0.9535000324249268,0.04649996757507324,58,576,,global_top_l_filter,5000,0.0
B,hnsw,shuffle,hour==6,35.0,,,,10043,0.0698254884238337,fda925e51a6c4f9d6de61484881232f15a567e82aebfbc3830823ab236a78a3f,0.9494999647140503,0.05050003528594971,64,576,,global_top_l_filter,5000,0.0
B,hnsw,shuffle,hour==6,36.0,,,,10043,0.0698254884238337,ee0c05309f4105650517714a9bb6727f410a3d0d36fbc19c741ec5f786daf059,0.9514999389648438,0.04850006103515625,69,576,,global_top_l_filter,5000,0.0
B,hnsw,shuffle,hour==6,37.0,,,,10043,0.0698254884238337,02eb01c6d0817e89039ec2434f1ac63e4a69a2679b327d965a783321f8da810a,0.9484999775886536,0.051500022411346436,73,576,,global_top_l_filter,5000,0.0
B,hnsw,shuffle,hour==6,38.0,,,,10043,0.0698254884238337,145c337579b7e4cf979b236537a360656ccdcc2b85f6fd738b2f59b485afbb43,0.9589999318122864,0.04100006818771362,59,576,,global_top_l_filter,5000,0.0
B,hnsw,shuffle,hour==6,39.0,,,,10043,0.0698254884238337,ad244ce9dffa50a2c5e86eb4e4fd903c1af2255e1efaaa26bddb2f0c81bd27ce,0.9390000104904175,0.06099998950958252,74,576,,global_top_l_filter,5000,0.0
B,hnsw,shuffle,hour==6,40.0,,,,10043,0.0698254884238337,13a050c93f610db6e16c48501342f6a44baa30757ef0fa560b5bee90fd243bed,0.953499972820282,0.04650002717971802,60,576,,global_top_l_filter,5000,0.0
B,hnsw,shuffle,hour==6,41.0,,,,10043,0.0698254884238337,6bbebf234cbc7b14d06672a1bb9fe129c1a2b716d72cb7d35c97e851fae495ea,0.9620000720024109,0.03799992799758911,53,576,,global_top_l_filter,5000,0.0
B,hnsw,shuffle,hour==6,42.0,,,,10043,0.0698254884238337,97a22883fcb0f6725146620f43b9baa0cd1183dc65bfc8eb14a8f1dcc28663ca,0.9514999985694885,0.048500001430511475,62,576,,global_top_l_filter,5000,0.0
B,hnsw,shuffle,hour==6,43.0,,,,10043,0.0698254884238337,378a56c82d978bf40dc9e8da8cf3579ba58b2bab0f13ec2d5116aac20614afa3,0.9580000042915344,0.041999995708465576,59,576,,global_top_l_filter,5000,0.0
B,hnsw,shuffle,hour==6,44.0,,,,10043,0.0698254884238337,164a6d4c0a242518a0cad846af978232ce562d5b9a83ccd43fa3b598877a0b9c,0.950999915599823,0.049000084400177,64,576,,global_top_l_filter,5000,0.0
B,hnsw,shuffle,hour==6,45.0,,,,10043,0.0698254884238337,7e5001e213e0a2faece12a6f57eaa736f8adc859169495c005c903e2c6df6ef9,0.9524999856948853,0.047500014305114746,62,576,,global_top_l_filter,5000,0.0
B,hnsw,shuffle,hour==6,46.0,,,,10043,0.0698254884238337,6103a9279bfd6f64ec1d69527ca474ac9ba8b6bdbc386ba86b87d04525171557,0.9484999775886536,0.051500022411346436,64,576,,global_top_l_filter,5000,0.0
B,hnsw,shuffle,hour==6,47.0,,,,10043,0.0698254884238337,3ab6b289a2aa3c683707f6ccd0a77bc0e9902abe68d61f2324e61b77cd7badcd,0.9639999866485596,0.03600001335144043,53,576,,global_top_l_filter,5000,0.0
B,hnsw,shuffle,hour==6,48.0,,,,10043,0.0698254884238337,2895257f7d7d5a033bad69bef52cd5d7295d17e84211423507817e487d29fdda,0.9559999704360962,0.04400002956390381,63,576,,global_top_l_filter,5000,0.0
B,hnsw,shuffle,hour==6,49.0,,,,10043,0.0698254884238337,77a6df1de2b2da30f77de1577264ce4e72b6af8b59a2fa072a1c295c0f990c70,0.9584999084472656,0.041500091552734375,60,576,,global_top_l_filter,5000,0.0
B,hnsw,shuffle,hour==6,50.0,,,,10043,0.0698254884238337,0efa0f3f2c531af9f2a09b2a27af1ea0c36f19e37763c963dfe37fb7d7685bb1,0.9490000009536743,0.050999999046325684,58,576,,global_top_l_filter,5000,0.0
B,hnsw,shuffle,hour==6,51.0,,,,10043,0.0698254884238337,94cff41edd4c93f7503efd4b98d73d7ee2c025785863d7e1175d7a54742e7887,0.9519999623298645,0.0480000376701355,56,576,,global_top_l_filter,5000,0.0
B,hnsw,shuffle,hour==6,52.0,,,,10043,0.0698254884238337,fb9ccc3ff3758bd1ccabacc662d9c8bf62aefcf67a4aa8587067563662b1d066,0.953999936580658,0.04600006341934204,63,576,,global_top_l_filter,5000,0.0
B,hnsw,shuffle,hour==6,53.0,,,,10043,0.0698254884238337,4a4babe01dfdb3c26da35b74ebb82c86f92ff5dbd26885c8e8c2982e8413f38e,0.9469999670982361,0.053000032901763916,69,576,,global_top_l_filter,5000,0.0
B,hnsw,shuffle,hour==6,54.0,,,,10043,0.0698254884238337,044863076f8d6c1fa676ee65225764d9243cd15a0d1a7c9a15d1580d558a7c99,0.9494999647140503,0.05050003528594971,63,576,,global_top_l_filter,5000,0.0
B,hnsw,shuffle,hour==6,55.0,,,,10043,0.0698254884238337,91f11d8f38f568d332d759478e771d892a396aa394395529cb372bcb955017ef,0.9569999575614929,0.04300004243850708,56,576,,global_top_l_filter,5000,0.0
B,hnsw,shuffle,hour==6,56.0,,,,10043,0.0698254884238337,777a56707c97cf0fea920abd9f318c79595908d87de4223c44dbd12741842036,0.9459999799728394,0.054000020027160645,62,576,,global_top_l_filter,5000,0.0
B,hnsw,shuffle,hour==6,57.0,,,,10043,0.0698254884238337,427ef08a6db17207f62b34e55c43ff1ea9e52ef1a819288224715402ce97b847,0.9564999938011169,0.04350000619888306,59,576,,global_top_l_filter,5000,0.0
B,hnsw,shuffle,hour==6,58.0,,,,10043,0.0698254884238337,70963c35da6426945a25f825d85bb417c2921f3b17d1fe73f8350f42f28a78a0,0.9514999389648438,0.04850006103515625,67,576,,global_top_l_filter,5000,0.0
B,hnsw,shuffle,hour==6,59.0,,,,10043,0.0698254884238337,59e36e2128f470e7d7b57f750adb25c0b7cbe62a95e0eb92512ea54a88f58d8d,0.9524999856948853,0.047500014305114746,65,576,,global_top_l_filter,5000,0.0
B,hnsw,shuffle,hour==6,60.0,,,,10043,0.0698254884238337,bd23a6f0de386a125de2bd0652390b192fb23f8cbea3c97050dd7c523721c756,0.9469999670982361,0.053000032901763916,67,576,,global_top_l_filter,5000,0.0
B,hnsw,shuffle,hour==6,61.0,,,,10043,0.0698254884238337,ee2aa71fc6bd5d6adfbf6130ec66a3561d9174aebb184d1de4f3ab729579b6f4,0.9459999799728394,0.054000020027160645,70,576,,global_top_l_filter,5000,0.0
B,hnsw,shuffle,hour==6,62.0,,,,10043,0.0698254884238337,25badb0dd8467f54971afb23dc7b4aa8392541a1871b615acb037a7c2608c113,0.9549999833106995,0.04500001668930054,61,576,,global_top_l_filter,5000,0.0
B,hnsw,shuffle,hour==6,63.0,,,,10043,0.0698254884238337,7956de2a68c0cae79645a146a979ddf9080bb5ab17a53fb11d49e9990adb30ee,0.9599999785423279,0.04000002145767212,55,576,,global_top_l_filter,5000,0.0
B,hnsw,shuffle,hour==6,64.0,,,,10043,0.0698254884238337,ff00693c3f0c07cf9da49ad7e011f7685747125d281c1f0aa003054f89a7bff6,0.953999936580658,0.04600006341934204,62,576,,global_top_l_filter,5000,0.0
B,hnsw,shuffle,hour==6,65.0,,,,10043,0.0698254884238337,8b9b6566184bc8b79c55bb3098ebef046114231cf06f71d73a3fae22227f768b,0.949999988079071,0.050000011920928955,64,576,,global_top_l_filter,5000,0.0
B,hnsw,shuffle,hour==6,66.0,,,,10043,0.0698254884238337,eb2dfc276596b82579f31ca18b2f01093ef2d2a5fab41a52bffbc35a126ed236,0.9524999856948853,0.047500014305114746,68,576,,global_top_l_filter,5000,0.0
B,hnsw,shuffle,hour==6,67.0,,,,10043,0.0698254884238337,4bb6b2b66ef5b8be393fac4d8c325d2256d3ea377141856b8d0e6cab355514db,0.9599999785423279,0.04000002145767212,59,576,,global_top_l_filter,5000,0.0
B,hnsw,shuffle,hour==6,68.0,,,,10043,0.0698254884238337,559a9af5a71661cd6ce3ce23755dd049efad8d29322aabdcd6a4bb80ab6da3f7,0.9384999871253967,0.06150001287460327,75,576,,global_top_l_filter,5000,0.0
B,hnsw,shuffle,hour==6,69.0,,,,10043,0.0698254884238337,e8254a988b4fe93ac497885d9e405ceecfe40ad54d73e609accf395d5245d39d,0.9574999809265137,0.04250001907348633,58,576,,global_top_l_filter,5000,0.0
B,hnsw,shuffle,hour==6,70.0,,,,10043,0.0698254884238337,bdd2aac77c5bd18091196b7ca8edad0c6ef29033e9fb369bb89c2ab8d3100833,0.9514999985694885,0.048500001430511475,65,576,,global_top_l_filter,5000,0.0
B,hnsw,shuffle,hour==6,71.0,,,,10043,0.0698254884238337,651c6f4ef72be676fb670970f568cdf1947eedc2ef09bac179baa1cdf0fffcaa,0.9474999904632568,0.052500009536743164,68,576,,global_top_l_filter,5000,0.0
B,hnsw,shuffle,hour==6,72.0,,,,10043,0.0698254884238337,d04e8fc84a8b0d13e085e0b99ed66011c359bd1128c85e653d710e473d4661b4,0.9619999527931213,0.03800004720687866,56,576,,global_top_l_filter,5000,0.0
B,hnsw,shuffle,hour==6,73.0,,,,10043,0.0698254884238337,3b3c8bf12e7a09c3ae85f71a019097898a64630578c37c58a8ff7b4ef79050c9,0.9444999694824219,0.055500030517578125,68,576,,global_top_l_filter,5000,0.0
B,hnsw,shuffle,hour==6,74.0,,,,10043,0.0698254884238337,ce336b7b62a57badb641228196b6ace090979cf087f9519c8411ccfb802e0a5f,0.9635000824928284,0.03649991750717163,50,576,,global_top_l_filter,5000,0.0
B,hnsw,shuffle,hour==6,75.0,,,,10043,0.0698254884238337,2e3ac4c3085ee35db91c0b20e500e4d6384dde6846725913508e02c526163f36,0.9614999294281006,0.038500070571899414,59,576,,global_top_l_filter,5000,0.0
B,hnsw,shuffle,hour==6,76.0,,,,10043,0.0698254884238337,844ab9031b3b7a540577a2cf65cabb860232ae4e45737d8aa7936139d533c3d3,0.9555000066757202,0.044499993324279785,63,576,,global_top_l_filter,5000,0.0
B,hnsw,shuffle,hour==6,77.0,,,,10043,0.0698254884238337,8a0f591b1b42af97023ea23c912d10580d429316da401021ebc50c71dfc23b0a,0.9580000042915344,0.041999995708465576,60,576,,global_top_l_filter,5000,0.0
B,hnsw,shuffle,hour==6,78.0,,,,10043,0.0698254884238337,846b8f82546f13e646187372d387bee20cbe1957b282412e694d5082bb21c466,0.9559999704360962,0.04400002956390381,61,576,,global_top_l_filter,5000,0.0
B,hnsw,shuffle,hour==6,79.0,,,,10043,0.0698254884238337,60619891d3b99576c63ea5661812bb3accdab7698696ef909f5b29006d72bac3,0.949999988079071,0.050000011920928955,68,576,,global_top_l_filter,5000,0.0
B,hnsw,shuffle,hour==6,80.0,,,,10043,0.0698254884238337,046920d8c6b2e59e9577670ea8ab75bafd7e5164a0550ed5bd435d442030a861,0.9489999413490295,0.05100005865097046,65,576,,global_top_l_filter,5000,0.0
B,hnsw,shuffle,hour==6,81.0,,,,10043,0.0698254884238337,3eac7e86f69ac974d78c0f575a2940dd98f89f0596b25c8e7921fa18a5191f3e,0.9569999575614929,0.04300004243850708,61,576,,global_top_l_filter,5000,0.0
B,hnsw,shuffle,hour==6,82.0,,,,10043,0.0698254884238337,0e3bb5e27b7158574f8422c811768a639b8223b066e9f8e90ce8ab512fe9e864,0.9610000848770142,0.03899991512298584,54,576,,global_top_l_filter,5000,0.0
B,hnsw,shuffle,hour==6,83.0,,,,10043,0.0698254884238337,5d97cacdefaca7b2ae80897233a81b95577f0213ff286b7c6899c67f3a833d4c,0.9444999694824219,0.055500030517578125,70,576,,global_top_l_filter,5000,0.0
B,hnsw,shuffle,hour==6,84.0,,,,10043,0.0698254884238337,ae677ba570ea3f0df217105b2802d94fa5cc121a970f078a300be4d3a899131c,0.9435000419616699,0.05649995803833008,69,576,,global_top_l_filter,5000,0.0
B,hnsw,shuffle,hour==6,85.0,,,,10043,0.0698254884238337,83ea02e693433d535d5ad0ac123eed533f9f916e18458d3c8fcc79b750d370ee,0.9454999566078186,0.054500043392181396,65,576,,global_top_l_filter,5000,0.0
B,hnsw,shuffle,hour==6,86.0,,,,10043,0.0698254884238337,5cb66016bfb6407b97a3aaca65916a0f3d444bf22db04c993ceb1e9f3ab5a7a5,0.9644999504089355,0.03550004959106445,49,576,,global_top_l_filter,5000,0.0
B,hnsw,shuffle,hour==6,87.0,,,,10043,0.0698254884238337,51fc5f4ab74177c0c223701bd96c70ff3ebbba5d37ec2ab71294fc5c03fbcf54,0.9564999938011169,0.04350000619888306,57,576,,global_top_l_filter,5000,0.0
B,hnsw,shuffle,hour==6,88.0,,,,10043,0.0698254884238337,a2df449b1c4f17729a515a4b4915d818fd66197dc43f2937edc62217a073a0e3,0.9440000057220459,0.0559999942779541,73,576,,global_top_l_filter,5000,0.0
B,hnsw,shuffle,hour==6,89.0,,,,10043,0.0698254884238337,37ed4dddbd10d1ed5a98b260513435c62be5ec4dc56b09010b897752870a1572,0.9469999670982361,0.053000032901763916,69,576,,global_top_l_filter,5000,0.0
B,hnsw,shuffle,hour==6,90.0,,,,10043,0.0698254884238337,1130f736d2625a1d2933a5a306c8c9e2331ef1299a0d22f61e97c75cef33ad0f,0.9589999914169312,0.04100000858306885,59,576,,global_top_l_filter,5000,0.0
B,hnsw,shuffle,hour==6,91.0,,,,10043,0.0698254884238337,9a3316d3819b4fe898745169ab817926d647ec1893f9adcd4ba9535abcca0400,0.953999936580658,0.04600006341934204,65,576,,global_top_l_filter,5000,0.0
B,hnsw,shuffle,hour==6,92.0,,,,10043,0.0698254884238337,1b7b2610454fe7f3f7a2f3ef03d378b1331f0f36490043cd616868a8e74d9f05,0.9484999775886536,0.051500022411346436,69,576,,global_top_l_filter,5000,0.0
B,hnsw,shuffle,hour==6,93.0,,,,10043,0.0698254884238337,e6d1d7129e57fca5a579f127bdcd07d43cafc0b78b7493da96527e1c0c837ba9,0.9474999904632568,0.052500009536743164,67,576,,global_top_l_filter,5000,0.0
B,hnsw,shuffle,hour==6,94.0,,,,10043,0.0698254884238337,2f90b08b981b2688fcaefafd0ee9693dea7c705ea2c8b3342b4d7edcd729e093,0.9599999785423279,0.04000002145767212,55,576,,global_top_l_filter,5000,0.0
B,hnsw,shuffle,hour==6,95.0,,,,10043,0.0698254884238337,5f831772ff41c72d369781ddf800fa0f4377488abd2201c1abd1c8f8dc5dba50,0.9480000138282776,0.05199998617172241,71,576,,global_top_l_filter,5000,0.0
B,hnsw,shuffle,hour==6,96.0,,,,10043,0.0698254884238337,903271a10d992fc492a5d231d3a028ba14fb00e0bebc6fb9125e95a3704c1b14,0.9544999599456787,0.04550004005432129,60,576,,global_top_l_filter,5000,0.0
B,hnsw,shuffle,hour==6,97.0,,,,10043,0.0698254884238337,5e9cc0b812da95fef94a0bba529917d4ae28935c2c8ed3ed0b5bf358fdf275e7,0.9484999179840088,0.05150008201599121,74,576,,global_top_l_filter,5000,0.0
B,hnsw,shuffle,hour==6,98.0,,,,10043,0.0698254884238337,2f4c16c411aa7684dff3ffdecb30eb291a6c3f08f55113ef3ab9e7d34fb34c66,0.9474999904632568,0.052500009536743164,67,576,,global_top_l_filter,5000,0.0
B,hnsw,shuffle,hour==6,99.0,,,,10043,0.0698254884238337,4759b76ae8fcfaa44bfb8adb06a9ef0e022a72d854d1b3dfe7199fd3027954bb,0.9489999413490295,0.05100005865097046,65,576,,global_top_l_filter,5000,0.0
B,hnsw,natural,hour==7,,,,,10115,0.07032607939929084,08bd4d84fedda2d45c1e828f2512f0741fb7737bb8409601d8c9b71ca8a031b0,0.6439999938011169,0.35600000619888306,105,572,0.823220816351601,global_top_l_filter,20000,0.0
B,hnsw,shuffle,hour==7,0.0,,,,10115,0.07032607939929084,a8957b790c286da7c113b53d9424ff0805032b2deb3f72caafca1da01aebd376,0.9404999613761902,0.059500038623809814,76,572,,global_top_l_filter,5000,0.0
B,hnsw,shuffle,hour==7,1.0,,,,10115,0.07032607939929084,50cd155effa9fd3f01f8fea1aa597fcc63fb2acff57a8e432f5c082f09b5ebad,0.9459999799728394,0.054000020027160645,70,572,,global_top_l_filter,5000,0.0
B,hnsw,shuffle,hour==7,2.0,,,,10115,0.07032607939929084,1962ade88e2484a4c1c189d55cedfb75413a194f169e508399b81fe2dec910bb,0.9514999985694885,0.048500001430511475,69,572,,global_top_l_filter,5000,0.0
B,hnsw,shuffle,hour==7,3.0,,,,10115,0.07032607939929084,4a5502a748c3fb24f57303ac2c208e8792b7981f7f35517e92781b025b87fc8a,0.9635000824928284,0.03649991750717163,54,572,,global_top_l_filter,5000,0.0
B,hnsw,shuffle,hour==7,4.0,,,,10115,0.07032607939929084,26aa6bd1f4ba17096a72ce743527aea890530876a70cec95a729d5f4141d7a92,0.9444999694824219,0.055500030517578125,69,572,,global_top_l_filter,5000,0.0
B,hnsw,shuffle,hour==7,5.0,,,,10115,0.07032607939929084,f2c57adc4091914017e9fee356d08c94ae39a1c4b9f11903458e08224112c96f,0.9424999952316284,0.05750000476837158,67,572,,global_top_l_filter,5000,0.0
B,hnsw,shuffle,hour==7,6.0,,,,10115,0.07032607939929084,e0d37fa84241f578fa49ca20d3b70e5541d7fcae5bbba945807c07e974001cd3,0.9524999856948853,0.047500014305114746,57,572,,global_top_l_filter,5000,0.0
B,hnsw,shuffle,hour==7,7.0,,,,10115,0.07032607939929084,617fede84c63c39df6f103de6d0eb2c2135d887b1bbdb7a967ca40ebe76887a0,0.9610000848770142,0.03899991512298584,52,572,,global_top_l_filter,5000,0.0
B,hnsw,shuffle,hour==7,8.0,,,,10115,0.07032607939929084,a159ab1aba00d351c325021eba08dcfbaf403ddcdbf78375221504b836bcaf2a,0.9514999985694885,0.048500001430511475,65,572,,global_top_l_filter,5000,0.0
B,hnsw,shuffle,hour==7,9.0,,,,10115,0.07032607939929084,ffdd904e6a6102af7ca5ef08ede1bd4c75c28fe300a8a756aa7250621dcb86cf,0.9555000066757202,0.044499993324279785,62,572,,global_top_l_filter,5000,0.0
B,hnsw,shuffle,hour==7,10.0,,,,10115,0.07032607939929084,9083b14d49bb54529671b04ea717c0bbc62b3b8b86aeba1b651762b0f555017d,0.9555000066757202,0.044499993324279785,64,572,,global_top_l_filter,5000,0.0
B,hnsw,shuffle,hour==7,11.0,,,,10115,0.07032607939929084,e377b592e84416731ae1fd12de50989a7983cfa3645f242a1d1a3c308126c266,0.9514999389648438,0.04850006103515625,56,572,,global_top_l_filter,5000,0.0
B,hnsw,shuffle,hour==7,12.0,,,,10115,0.07032607939929084,b901109b44e4b2734340838b0da216e00d58413b04812d91a2b89d64023ec08e,0.9519999623298645,0.0480000376701355,63,572,,global_top_l_filter,5000,0.0
B,hnsw,shuffle,hour==7,13.0,,,,10115,0.07032607939929084,ba805d6953d520e3730569f05b2e8ad1cf28bdb1a71b2d4554ef7fb44514ff64,0.9574999809265137,0.04250001907348633,57,572,,global_top_l_filter,5000,0.0
B,hnsw,shuffle,hour==7,14.0,,,,10115,0.07032607939929084,ad6d5dc33e29790a12c70939fbafe25f63e2ea0b6195e62d6cca32f6b0e5522b,0.9555000066757202,0.044499993324279785,60,572,,global_top_l_filter,5000,0.0
B,hnsw,shuffle,hour==7,15.0,,,,10115,0.07032607939929084,e33aac926cfa5bbba47f23f0c5c36b793a7eaf69cd47116bc155c39faa4e60b3,0.9569999575614929,0.04300004243850708,59,572,,global_top_l_filter,5000,0.0
B,hnsw,shuffle,hour==7,16.0,,,,10115,0.07032607939929084,314cf7a1114173cc065d2d4106fc956c8c1bfb13ca354e50dd4cc8dbafb40850,0.9594999551773071,0.04050004482269287,56,572,,global_top_l_filter,5000,0.0
B,hnsw,shuffle,hour==7,17.0,,,,10115,0.07032607939929084,a3a88b23f0c492debfe080f29b95d5b12eab648d01e9d6315e625bc7046e64ce,0.9564999341964722,0.04350006580352783,63,572,,global_top_l_filter,5000,0.0
B,hnsw,shuffle,hour==7,18.0,,,,10115,0.07032607939929084,1071257bf2f803ce7deea9b5162e2e514643747b87e4f496946447bb65ecdc6f,0.949999988079071,0.050000011920928955,67,572,,global_top_l_filter,5000,0.0
B,hnsw,shuffle,hour==7,19.0,,,,10115,0.07032607939929084,1b21cd9814da78674c99013d12af9f45ee25c74700b4cc765a56991b09eb0ac8,0.953999936580658,0.04600006341934204,60,572,,global_top_l_filter,5000,0.0
B,hnsw,shuffle,hour==7,20.0,,,,10115,0.07032607939929084,4813e8963c1b73a088ee02d5e4e1dab768f07e72c2b7403b9e3c34ad46624480,0.9469999670982361,0.053000032901763916,67,572,,global_top_l_filter,5000,0.0
B,hnsw,shuffle,hour==7,21.0,,,,10115,0.07032607939929084,a9a2d368f1a2f5da07e85664729a635a7a1d257e5e0b180e56c35fc66952429e,0.949999988079071,0.050000011920928955,68,572,,global_top_l_filter,5000,0.0
B,hnsw,shuffle,hour==7,22.0,,,,10115,0.07032607939929084,21af83cadaee219f33557c76179ffbd91352e046d4687f2034d6a6deab2bc6bf,0.9539999961853027,0.046000003814697266,62,572,,global_top_l_filter,5000,0.0
B,hnsw,shuffle,hour==7,23.0,,,,10115,0.07032607939929084,15c3dd1130206a9391ba82cd183189df49242e930bf2bf796f85be5c756d15ed,0.9494999647140503,0.05050003528594971,75,572,,global_top_l_filter,5000,0.0
B,hnsw,shuffle,hour==7,24.0,,,,10115,0.07032607939929084,7c430ec5ee6a4f974080d434a2078c053e4b7e0144722888a6dec0caa04e7115,0.950499951839447,0.04950004816055298,65,572,,global_top_l_filter,5000,0.0
B,hnsw,shuffle,hour==7,25.0,,,,10115,0.07032607939929084,e9269d4b79c7df74c73887d86f3a9cbcc3ffdf350f0b15fc55101da9d3184723,0.9564999341964722,0.04350006580352783,63,572,,global_top_l_filter,5000,0.0
B,hnsw,shuffle,hour==7,26.0,,,,10115,0.07032607939929084,e9d028bc84ac83fd702ff7c7f4cc3561ed50f1572f97dc15eb66c329d035eea2,0.949999988079071,0.050000011920928955,67,572,,global_top_l_filter,5000,0.0
B,hnsw,shuffle,hour==7,27.0,,,,10115,0.07032607939929084,fc9cfc3d59b6c246ac4268a7e97415ca494dfd52323b4ce819e5b2b674c1fa6c,0.9480000138282776,0.05199998617172241,68,572,,global_top_l_filter,5000,0.0
B,hnsw,shuffle,hour==7,28.0,,,,10115,0.07032607939929084,aaca491399f58d1cbfd52d29c947321809924287f586112f44e6483aab9f7a1c,0.9535000324249268,0.04649996757507324,62,572,,global_top_l_filter,5000,0.0
B,hnsw,shuffle,hour==7,29.0,,,,10115,0.07032607939929084,cc5cf3c6bc1fd2819ce0b9fcb4111dde898a853e5553b398db87fbaefca7a420,0.9559999108314514,0.044000089168548584,54,572,,global_top_l_filter,5000,0.0
B,hnsw,shuffle,hour==7,30.0,,,,10115,0.07032607939929084,cc7b645021db989f757692b8348da5db33bbb05ced3175a2540d5bdc87e242a5,0.9555000066757202,0.044499993324279785,55,572,,global_top_l_filter,5000,0.0
B,hnsw,shuffle,hour==7,31.0,,,,10115,0.07032607939929084,600975ec9961534f57e77b49b217c308f59f07ec6959fdbc785187faf4567666,0.9479999542236328,0.05200004577636719,61,572,,global_top_l_filter,5000,0.0
B,hnsw,shuffle,hour==7,32.0,,,,10115,0.07032607939929084,fb876da8e65e926da204a4e81ff027fa79578ec84b93332f565a300c80a17bb5,0.9555000066757202,0.044499993324279785,61,572,,global_top_l_filter,5000,0.0
B,hnsw,shuffle,hour==7,33.0,,,,10115,0.07032607939929084,5d6667a197d6d1450a0eea1af1d36c17bd0a367b11bcfde3f3c03b6359aed1df,0.9514999389648438,0.04850006103515625,67,572,,global_top_l_filter,5000,0.0
B,hnsw,shuffle,hour==7,34.0,,,,10115,0.07032607939929084,c3be25099e834bbf225a78191a2a096a929e2c29ec2d40ab75cc33305ed61bee,0.9574999809265137,0.04250001907348633,57,572,,global_top_l_filter,5000,0.0
B,hnsw,shuffle,hour==7,35.0,,,,10115,0.07032607939929084,726b5fab315b953fc7b18bc8274337bd1f15b609ee796ac2306ca2aaee1a4289,0.9419999718666077,0.058000028133392334,76,572,,global_top_l_filter,5000,0.0
B,hnsw,shuffle,hour==7,36.0,,,,10115,0.07032607939929084,e6c3be505e14d7215f09ba0d8df0b44de50344004dc2135f08d49fc7ca707592,0.953499972820282,0.04650002717971802,60,572,,global_top_l_filter,5000,0.0
B,hnsw,shuffle,hour==7,37.0,,,,10115,0.07032607939929084,e4b8cfeb0692c44c327c736bd93b58d2c47922718635f9c2c2a38cce22720f6d,0.953000009059906,0.046999990940093994,60,572,,global_top_l_filter,5000,0.0
B,hnsw,shuffle,hour==7,38.0,,,,10115,0.07032607939929084,0b16be2a366bcd9248f798c0becc99f334521fc49768796c18e66a12773be7e6,0.9580000042915344,0.041999995708465576,55,572,,global_top_l_filter,5000,0.0
B,hnsw,shuffle,hour==7,39.0,,,,10115,0.07032607939929084,0597516460221ff9416ccfbed5366834290f551cb374e73606b8e030b1ceefc4,0.9579999446868896,0.04200005531311035,50,572,,global_top_l_filter,5000,0.0
B,hnsw,shuffle,hour==7,40.0,,,,10115,0.07032607939929084,a1ad771e3447934899a3f278b355fc2fc940dbcab68c9a1c3969c612675d2eda,0.9614999294281006,0.038500070571899414,56,572,,global_top_l_filter,5000,0.0
B,hnsw,shuffle,hour==7,41.0,,,,10115,0.07032607939929084,78d0185c96f897e2ff38852c6e93f0cfdca83ab68f1a773da4adcd483eae004f,0.949999988079071,0.050000011920928955,69,572,,global_top_l_filter,5000,0.0
B,hnsw,shuffle,hour==7,42.0,,,,10115,0.07032607939929084,b29129025a936a5dcfd32ada02272ac947f2ebb8710531f25d275213b6d4b9f5,0.9414999485015869,0.058500051498413086,74,572,,global_top_l_filter,5000,0.0
B,hnsw,shuffle,hour==7,43.0,,,,10115,0.07032607939929084,c83beb2045370750b9bf48dbe0cdee4624ad605d7d0986071188d6dd0ae33a2a,0.949999988079071,0.050000011920928955,66,572,,global_top_l_filter,5000,0.0
B,hnsw,shuffle,hour==7,44.0,,,,10115,0.07032607939929084,eb8e2851d5f22ee4c779adee6ada19f3d1d97d23e71d541f83b82595ef7bc94e,0.9465000033378601,0.05349999666213989,62,572,,global_top_l_filter,5000,0.0
B,hnsw,shuffle,hour==7,45.0,,,,10115,0.07032607939929084,598a8305602a9d0857a646b05a0f8c501e35d3faf1aa256ee4582e7a922515d0,0.9524999856948853,0.047500014305114746,66,572,,global_top_l_filter,5000,0.0
B,hnsw,shuffle,hour==7,46.0,,,,10115,0.07032607939929084,d13a8d17760e5ad52580e79eb79ae345e679496ff028cc23574e1207b967910a,0.953999936580658,0.04600006341934204,60,572,,global_top_l_filter,5000,0.0
B,hnsw,shuffle,hour==7,47.0,,,,10115,0.07032607939929084,d8fc9f338bee4e56a2ac197b4d969fcfbe5f57c63d525a027a465876b29d6e6a,0.9564999341964722,0.04350006580352783,60,572,,global_top_l_filter,5000,0.0
B,hnsw,shuffle,hour==7,48.0,,,,10115,0.07032607939929084,543d2a35caf037648e61b8ec476c42e35e917393f6b31d810380344250bfa8a8,0.9569999575614929,0.04300004243850708,56,572,,global_top_l_filter,5000,0.0
B,hnsw,shuffle,hour==7,49.0,,,,10115,0.07032607939929084,94a8eb83883ac895a82251fa2b4a849939fe07d18b4438873df467b3b4e59709,0.9509999752044678,0.04900002479553223,77,572,,global_top_l_filter,5000,0.0
B,hnsw,shuffle,hour==7,50.0,,,,10115,0.07032607939929084,4ba11134c44162bbd063120bee4c79d84b304aa77550a6a03f2e446fa744982e,0.9594999551773071,0.04050004482269287,55,572,,global_top_l_filter,5000,0.0
B,hnsw,shuffle,hour==7,51.0,,,,10115,0.07032607939929084,e9edd54b1506b2419b939c4147983cd7bc0b23865635619adbf843ddd7069bf3,0.9434999823570251,0.056500017642974854,68,572,,global_top_l_filter,5000,0.0
B,hnsw,shuffle,hour==7,52.0,,,,10115,0.07032607939929084,7dc397e20560a1a7d544bcca0c81309c16411bca49ea98bd8e06da3f0bbc468d,0.9555000066757202,0.044499993324279785,59,572,,global_top_l_filter,5000,0.0
B,hnsw,shuffle,hour==7,53.0,,,,10115,0.07032607939929084,5475c9598ec77070af46d738b8ac433ee86c8c6a75334c999e61df8f5795ea77,0.9520000219345093,0.04799997806549072,70,572,,global_top_l_filter,5000,0.0
B,hnsw,shuffle,hour==7,54.0,,,,10115,0.07032607939929084,b128df0949f56f82fce796189572b503ec7b9dac58c9ffcfab02c86c6f0cce1e,0.9474999904632568,0.052500009536743164,72,572,,global_top_l_filter,5000,0.0
B,hnsw,shuffle,hour==7,55.0,,,,10115,0.07032607939929084,b0047c297623fc6df4d632be313de0a2f2c725e156f69bcca9992dd9ec5133da,0.9465000033378601,0.05349999666213989,69,572,,global_top_l_filter,5000,0.0
B,hnsw,shuffle,hour==7,56.0,,,,10115,0.07032607939929084,8da9bebe733d906c0239ad740c660a71554f4a32747ef76d05df725c026d1376,0.9509999752044678,0.04900002479553223,66,572,,global_top_l_filter,5000,0.0
B,hnsw,shuffle,hour==7,57.0,,,,10115,0.07032607939929084,4be63e9cf1c2bc1f0cf9bbad42d3350f080c5d4e6797758afd6148bd15590b55,0.9480000138282776,0.05199998617172241,69,572,,global_top_l_filter,5000,0.0
B,hnsw,shuffle,hour==7,58.0,,,,10115,0.07032607939929084,4b370117dfb775a305bf8a65eed48cc43ab7ba2380f1e2d9dc17fee0bfe429d9,0.9535000324249268,0.04649996757507324,63,572,,global_top_l_filter,5000,0.0
B,hnsw,shuffle,hour==7,59.0,,,,10115,0.07032607939929084,2fc2695dac0d06b6e11a5fa7e65c46b495883a7e368ea5fae198c9bd6c5735f4,0.9584999680519104,0.0415000319480896,53,572,,global_top_l_filter,5000,0.0
B,hnsw,shuffle,hour==7,60.0,,,,10115,0.07032607939929084,800ea1cadf4e26c6ba518d2ab868db1ba41586e1659335108039c99cf636a790,0.9544999599456787,0.04550004005432129,60,572,,global_top_l_filter,5000,0.0
B,hnsw,shuffle,hour==7,61.0,,,,10115,0.07032607939929084,81130fd4b4b3fd4d6fc6ba61df38935e1be21267eefa008881bae3b5a28786b9,0.9609999656677246,0.03900003433227539,54,572,,global_top_l_filter,5000,0.0
B,hnsw,shuffle,hour==7,62.0,,,,10115,0.07032607939929084,b04c359a7a012a986011b7cd882b4eff2b0e567e190eadd7791d8613503ca7cd,0.9439999461174011,0.05600005388259888,74,572,,global_top_l_filter,5000,0.0
B,hnsw,shuffle,hour==7,63.0,,,,10115,0.07032607939929084,b2274b7d939d001b7dd370b008aa2947ea16dc04fc76db95d1eb1112bf056e65,0.9544999599456787,0.04550004005432129,64,572,,global_top_l_filter,5000,0.0
B,hnsw,shuffle,hour==7,64.0,,,,10115,0.07032607939929084,05887a5fa7bae334ec7dc9ab04d89b3c370fb1c68e2b0b7fe6bcf4087f5173f3,0.9519999623298645,0.0480000376701355,58,572,,global_top_l_filter,5000,0.0
B,hnsw,shuffle,hour==7,65.0,,,,10115,0.07032607939929084,675127bebe211d27e52e6844fe5e3aa0eb61eb8998daf7c99cffdcbc79bb8a5a,0.9639999270439148,0.036000072956085205,54,572,,global_top_l_filter,5000,0.0
B,hnsw,shuffle,hour==7,66.0,,,,10115,0.07032607939929084,3e3a0b410f93977373b146baa40dcbe28350240d4b31076627c6a08d20d22500,0.9519999623298645,0.0480000376701355,58,572,,global_top_l_filter,5000,0.0
B,hnsw,shuffle,hour==7,67.0,,,,10115,0.07032607939929084,1ac5af13d667d9354a304c0880420666badab540c54f06e29874d4fbb401340b,0.9564999341964722,0.04350006580352783,63,572,,global_top_l_filter,5000,0.0
B,hnsw,shuffle,hour==7,68.0,,,,10115,0.07032607939929084,d1bdfb87e006fdaf6094ed2d539fd3d4c756b5f3b8a8e1a3e9504de8d18a4a39,0.9505000114440918,0.0494999885559082,61,572,,global_top_l_filter,5000,0.0
B,hnsw,shuffle,hour==7,69.0,,,,10115,0.07032607939929084,9f2b0f6da2c834a6146648d878ebd74e063d5e9eba540fcb2021a1a127b38c60,0.9505000114440918,0.0494999885559082,68,572,,global_top_l_filter,5000,0.0
B,hnsw,shuffle,hour==7,70.0,,,,10115,0.07032607939929084,d688a312237ee4599d8db8da72b7823cfb57cd07903bcec82e4c19bbc77100ff,0.953000009059906,0.046999990940093994,61,572,,global_top_l_filter,5000,0.0
B,hnsw,shuffle,hour==7,71.0,,,,10115,0.07032607939929084,ecd889135f41df61c9afb5ae307537c4c9685b244448b3716d6aa1b46fab6271,0.9440000057220459,0.0559999942779541,71,572,,global_top_l_filter,5000,0.0
B,hnsw,shuffle,hour==7,72.0,,,,10115,0.07032607939929084,e1421a424f6e1e900d40dec38a92d3de1736615c3ccdf97e20199c5bc4553110,0.9569999575614929,0.04300004243850708,58,572,,global_top_l_filter,5000,0.0
B,hnsw,shuffle,hour==7,73.0,,,,10115,0.07032607939929084,8a1c4e29730d4f1bc95521a5637ea12a8bdf57256ef9e99e45bed59de14827d0,0.9564999938011169,0.04350000619888306,63,572,,global_top_l_filter,5000,0.0
B,hnsw,shuffle,hour==7,74.0,,,,10115,0.07032607939929084,e3d99f43628047cb048891fd813f964222c4d99dbd876217345264cb482b3473,0.9449999928474426,0.05500000715255737,67,572,,global_top_l_filter,5000,0.0
B,hnsw,shuffle,hour==7,75.0,,,,10115,0.07032607939929084,8f2234ea3d4543809b288bf6aff48c5eb0d9c5fb0f644e86224549ca6eeb0f27,0.9584999680519104,0.0415000319480896,55,572,,global_top_l_filter,5000,0.0
B,hnsw,shuffle,hour==7,76.0,,,,10115,0.07032607939929084,7797ad2dbb4818cc9d111c7c2131d46195be227daba5e470697f78d9241b27bf,0.9509999752044678,0.04900002479553223,56,572,,global_top_l_filter,5000,0.0
B,hnsw,shuffle,hour==7,77.0,,,,10115,0.07032607939929084,c91d401b65da9d351bf590dff65b90bb15bd4faef9f4816f14c523a060ba2b56,0.9564999938011169,0.04350000619888306,61,572,,global_top_l_filter,5000,0.0
B,hnsw,shuffle,hour==7,78.0,,,,10115,0.07032607939929084,ffb25940bdd8fa2ee36a53709c2a1aa661f85140074e441d1d8aee283764f3ca,0.9509999752044678,0.04900002479553223,60,572,,global_top_l_filter,5000,0.0
B,hnsw,shuffle,hour==7,79.0,,,,10115,0.07032607939929084,3595a6f6a186735fb8330ffc27f6964140d1fc04d1b93981c7fe7dfaefa3d719,0.9549999833106995,0.04500001668930054,62,572,,global_top_l_filter,5000,0.0
B,hnsw,shuffle,hour==7,80.0,,,,10115,0.07032607939929084,b2955a54662d591f4ce7f61a40bf6e863c3f7e096f472889d218a5909d92181d,0.9469999670982361,0.053000032901763916,70,572,,global_top_l_filter,5000,0.0
B,hnsw,shuffle,hour==7,81.0,,,,10115,0.07032607939929084,54770e801c7f4bbe960542bbe162414659abbd30ea048556399ae8c3cf7bfd06,0.9514999389648438,0.04850006103515625,61,572,,global_top_l_filter,5000,0.0
B,hnsw,shuffle,hour==7,82.0,,,,10115,0.07032607939929084,fd6e59bbdd5e8d521dd9f88e3a5db75690e0a477afd67ff95ecf6897de5da83e,0.9524999856948853,0.047500014305114746,60,572,,global_top_l_filter,5000,0.0
B,hnsw,shuffle,hour==7,83.0,,,,10115,0.07032607939929084,52b313d7f7f7329b2c916b1c050d6138044c7fda96d3c1de8279e32ce0b91aac,0.9439999461174011,0.05600005388259888,76,572,,global_top_l_filter,5000,0.0
B,hnsw,shuffle,hour==7,84.0,,,,10115,0.07032607939929084,cb07c1ad70f2e0a7d1c5fe8290a9eff011256208d3a9dc9b91a99f3219af863f,0.9569999575614929,0.04300004243850708,53,572,,global_top_l_filter,5000,0.0
B,hnsw,shuffle,hour==7,85.0,,,,10115,0.07032607939929084,61374a708a8655a480c4e81d75c4656fc591e7fe00d01860d0a826df8a39cfdf,0.9439999461174011,0.05600005388259888,69,572,,global_top_l_filter,5000,0.0
B,hnsw,shuffle,hour==7,86.0,,,,10115,0.07032607939929084,60e18e1da0b71eae64d1dfdfd056426ebbfd44d02401a762eebab4d5f6a3d7d1,0.9580000042915344,0.041999995708465576,59,572,,global_top_l_filter,5000,0.0
B,hnsw,shuffle,hour==7,87.0,,,,10115,0.07032607939929084,e2a61a57e0326527571ccd91af4882d8c13251724fbfc3df7a1c98609a6934e4,0.9489999413490295,0.05100005865097046,63,572,,global_top_l_filter,5000,0.0
B,hnsw,shuffle,hour==7,88.0,,,,10115,0.07032607939929084,77d050db7b0f145717f4ad4f5db541540b2833c711c5793c2a5558311b20fe51,0.9555000066757202,0.044499993324279785,57,572,,global_top_l_filter,5000,0.0
B,hnsw,shuffle,hour==7,89.0,,,,10115,0.07032607939929084,9bffa91720fa3b3baf5cfcee1139c125fcc170499d49df39f18dfa3037de7d92,0.9444999694824219,0.055500030517578125,75,572,,global_top_l_filter,5000,0.0
B,hnsw,shuffle,hour==7,90.0,,,,10115,0.07032607939929084,5a5f3a3b2702cbcd3790f50059e613baa7c7e76b934dd1a79ddcac25e492ad0f,0.9559999108314514,0.044000089168548584,63,572,,global_top_l_filter,5000,0.0
B,hnsw,shuffle,hour==7,91.0,,,,10115,0.07032607939929084,72196bfe55d31b3679f188e6b9d02c241413d164f54b6b4ba0d5a8f04995cf4a,0.9524999856948853,0.047500014305114746,59,572,,global_top_l_filter,5000,0.0
B,hnsw,shuffle,hour==7,92.0,,,,10115,0.07032607939929084,43c55923adf8e79a47e4fbc9f1994c624a172d3277d100267046dc3d0b68bc49,0.9484999775886536,0.051500022411346436,60,572,,global_top_l_filter,5000,0.0
B,hnsw,shuffle,hour==7,93.0,,,,10115,0.07032607939929084,985ed5adc0d8b0700c49b08ed5af8c4ef8843f1f2672fd38f17ca0986e82295a,0.9360000491142273,0.0639999508857727,78,572,,global_top_l_filter,5000,0.0
B,hnsw,shuffle,hour==7,94.0,,,,10115,0.07032607939929084,b0bfc19b1ba2c04f960fcc218dd4a36440a9c24d6f4b01022848f62b06328c30,0.9440000057220459,0.0559999942779541,75,572,,global_top_l_filter,5000,0.0
B,hnsw,shuffle,hour==7,95.0,,,,10115,0.07032607939929084,a4344fe6c23dcd793ad3fac4c156ba578ac483479ac8051a456c13a5eff07eac,0.9619999527931213,0.03800004720687866,55,572,,global_top_l_filter,5000,0.0
B,hnsw,shuffle,hour==7,96.0,,,,10115,0.07032607939929084,099bc58460c4a21606f0773bb1aa353be32f42b1b8945df0781fa250b443b8a4,0.9479999542236328,0.05200004577636719,66,572,,global_top_l_filter,5000,0.0
B,hnsw,shuffle,hour==7,97.0,,,,10115,0.07032607939929084,dcdfb58c4620634a2f9505d2eec4400e3338aaeb3806411e5ee0595c8685971a,0.9549999833106995,0.04500001668930054,62,572,,global_top_l_filter,5000,0.0
B,hnsw,shuffle,hour==7,98.0,,,,10115,0.07032607939929084,81e0ee4c1e9270919f5a3b7a82592e0e5e1667b08cdf6a197daca47d937a74ec,0.9474999904632568,0.052500009536743164,65,572,,global_top_l_filter,5000,0.0
B,hnsw,shuffle,hour==7,99.0,,,,10115,0.07032607939929084,cab1be2e7b112397f9c23ced2d70119970c9ec707fcbd77a025f4e64b7b68217,0.9484999775886536,0.051500022411346436,68,572,,global_top_l_filter,5000,0.0
B,hnsw,natural,hour==8,,,,,10124,0.07038865327122297,c2c5d1eda2db928eb8a18fce36cb0cfc70137b8eaff9c0dca6ee6a3fd4578cf6,0.6365000009536743,0.3634999990463257,106,572,0.8259863186515004,global_top_l_filter,20000,0.0
B,hnsw,shuffle,hour==8,0.0,,,,10124,0.07038865327122297,9e1c9bda998fa2dbd044763acc23853ef18f56ef8ba907ab937722619a36af54,0.9519999623298645,0.0480000376701355,61,572,,global_top_l_filter,5000,0.0
B,hnsw,shuffle,hour==8,1.0,,,,10124,0.07038865327122297,2c8afcde43015f62967fbba4051beb469cd8ca7618844a40b55c6a42fd80e5e4,0.9564999341964722,0.04350006580352783,62,572,,global_top_l_filter,5000,0.0
B,hnsw,shuffle,hour==8,2.0,,,,10124,0.07038865327122297,f2ec67bb1f45fe577bf37cc1d1608d8d1a7b262c0dd7c56318f6cfa3e8b99612,0.9609999656677246,0.03900003433227539,54,572,,global_top_l_filter,5000,0.0
B,hnsw,shuffle,hour==8,3.0,,,,10124,0.07038865327122297,9748053dc1c9036afa788f56140d60823b0c94fb75819d8fd2a8295875a1f9c9,0.9564999938011169,0.04350000619888306,65,572,,global_top_l_filter,5000,0.0
B,hnsw,shuffle,hour==8,4.0,,,,10124,0.07038865327122297,74b143c65007dfb6ac42fe07ce31aff18744787eae2ea410c50f7c82031011a9,0.9469999670982361,0.053000032901763916,58,572,,global_top_l_filter,5000,0.0
B,hnsw,shuffle,hour==8,5.0,,,,10124,0.07038865327122297,695a08b5da3a9e7ad68e48e9fdc40427eb8b20e1a6fdec6c40281e3617578e9e,0.9614999890327454,0.03850001096725464,47,572,,global_top_l_filter,5000,0.0
B,hnsw,shuffle,hour==8,6.0,,,,10124,0.07038865327122297,9ce05012efa766c4ffc8464aa1ce6f47c22dd37108239c6177e9d1edc63269ac,0.953499972820282,0.04650002717971802,63,572,,global_top_l_filter,5000,0.0
B,hnsw,shuffle,hour==8,7.0,,,,10124,0.07038865327122297,d1837398a4542eb845e8ef8afabaaabd4aa1cdbc0a62059549a63b10d6b83a55,0.9465000033378601,0.05349999666213989,70,572,,global_top_l_filter,5000,0.0
B,hnsw,shuffle,hour==8,8.0,,,,10124,0.07038865327122297,4e19ae7e17b5d9e2e75c5738cb432b7ed92bfa7e900af59a1c3e9eb026eb2a3d,0.9464999437332153,0.05350005626678467,75,572,,global_top_l_filter,5000,0.0
B,hnsw,shuffle,hour==8,9.0,,,,10124,0.07038865327122297,95fe8f6a617400295e7175b6efdeaef6f7a11658ca867deed064101cc352ab17,0.9519999623298645,0.0480000376701355,63,572,,global_top_l_filter,5000,0.0
B,hnsw,shuffle,hour==8,10.0,,,,10124,0.07038865327122297,c08ab4b3cb28bcc5f6f1f047bd5dbe682844460b4474dd8e52a62e2535e6c7f7,0.9494999647140503,0.05050003528594971,67,572,,global_top_l_filter,5000,0.0
B,hnsw,shuffle,hour==8,11.0,,,,10124,0.07038865327122297,3a4c96ce55da362f04bd5b13a823a1b91c70b31f02e9591bc29a3c7bc861f063,0.9514999985694885,0.048500001430511475,66,572,,global_top_l_filter,5000,0.0
B,hnsw,shuffle,hour==8,12.0,,,,10124,0.07038865327122297,1367b06d7319a47d32b63248ead6ebabbc3809f9d37130252e809ea2e318893f,0.953999936580658,0.04600006341934204,65,572,,global_top_l_filter,5000,0.0
B,hnsw,shuffle,hour==8,13.0,,,,10124,0.07038865327122297,c1d3a8b143e9a5d3aaa5041714d325bfbc54cc8248afa985af4493cf1fb1a2c0,0.9594999551773071,0.04050004482269287,57,572,,global_top_l_filter,5000,0.0
B,hnsw,shuffle,hour==8,14.0,,,,10124,0.07038865327122297,e776c507a0a8024f819984d7974a82def0bed488265affbb54c3b6145ebc3831,0.9524999856948853,0.047500014305114746,68,572,,global_top_l_filter,5000,0.0
B,hnsw,shuffle,hour==8,15.0,,,,10124,0.07038865327122297,e8b8a9bbb4bf457a2d4ac7ac76a1d40a1c25a79aea10d74dd1879c865e378c09,0.9474999904632568,0.052500009536743164,65,572,,global_top_l_filter,5000,0.0
B,hnsw,shuffle,hour==8,16.0,,,,10124,0.07038865327122297,2a11593cbe942dc0fb26a43b3bb924d5169a3d7414f7d9141cc7f6cbe0fc6d70,0.9455000162124634,0.05449998378753662,64,572,,global_top_l_filter,5000,0.0
B,hnsw,shuffle,hour==8,17.0,,,,10124,0.07038865327122297,e8ff8f9d85e286c9a984c49e40cba923c8da3f669116cf9db01716d7e3d94eca,0.950499951839447,0.04950004816055298,63,572,,global_top_l_filter,5000,0.0
B,hnsw,shuffle,hour==8,18.0,,,,10124,0.07038865327122297,7c16d93b46d330f335ae0435feb52e380fd780b378816c563980a9840fd44060,0.949999988079071,0.050000011920928955,65,572,,global_top_l_filter,5000,0.0
B,hnsw,shuffle,hour==8,19.0,,,,10124,0.07038865327122297,a6d3395e07ed5bce621cd3d6223d599b9555a32eb206f22d365367af1bdbac7e,0.9514999985694885,0.048500001430511475,64,572,,global_top_l_filter,5000,0.0
B,hnsw,shuffle,hour==8,20.0,,,,10124,0.07038865327122297,40d773cd612fdd3724568bfd1974bdcf4c7c1a2829f5d6d55f1860066aa4cb65,0.9439999461174011,0.05600005388259888,78,572,,global_top_l_filter,5000,0.0
B,hnsw,shuffle,hour==8,21.0,,,,10124,0.07038865327122297,d2785cad906070618d7a09d6ba8004754abd0d1977ab7325dbea38e24f290f99,0.9549999833106995,0.04500001668930054,57,572,,global_top_l_filter,5000,0.0
B,hnsw,shuffle,hour==8,22.0,,,,10124,0.07038865327122297,cdd0996a0de216f3bc3c29abef516732c126928e0665fec46b0a595f2ff7b257,0.9580000042915344,0.041999995708465576,52,572,,global_top_l_filter,5000,0.0
B,hnsw,shuffle,hour==8,23.0,,,,10124,0.07038865327122297,89d5660cb8960bad106ef9972a7afed76aa115c138d4290caa6f004a5b30a4e9,0.9539999961853027,0.046000003814697266,65,572,,global_top_l_filter,5000,0.0
B,hnsw,shuffle,hour==8,24.0,,,,10124,0.07038865327122297,e3f64e631783b94398815e0174c16b5ccd1fdb62bb21e52f4c17c4db02b0ecff,0.949999988079071,0.050000011920928955,62,572,,global_top_l_filter,5000,0.0
B,hnsw,shuffle,hour==8,25.0,,,,10124,0.07038865327122297,a45080f1755dc0d426825291cce700798c206c9e600a4c5c5418dee22f024b8a,0.9429999589920044,0.057000041007995605,72,572,,global_top_l_filter,5000,0.0
B,hnsw,shuffle,hour==8,26.0,,,,10124,0.07038865327122297,55dd7aa84464b0969382d391dffd357d94d011ba2a2c55d591bc57634fbdc8b8,0.9564999341964722,0.04350006580352783,60,572,,global_top_l_filter,5000,0.0
B,hnsw,shuffle,hour==8,27.0,,,,10124,0.07038865327122297,37f1d252a68ff31d2c99e2140fb4701273f28b0d7191f79293375ad74fc1527b,0.9639999270439148,0.036000072956085205,50,572,,global_top_l_filter,5000,0.0
B,hnsw,shuffle,hour==8,28.0,,,,10124,0.07038865327122297,abb2e66454ee24fb10144b369fe89703a7c82dfd5567aede8354782842b13214,0.9549999833106995,0.04500001668930054,62,572,,global_top_l_filter,5000,0.0
B,hnsw,shuffle,hour==8,29.0,,,,10124,0.07038865327122297,ef3190a476263ca4b963a341fc4885b16d1540ff3321c0ba5a0b8b40d5e37dc6,0.9480000138282776,0.05199998617172241,67,572,,global_top_l_filter,5000,0.0
B,hnsw,shuffle,hour==8,30.0,,,,10124,0.07038865327122297,1da1d03d8147bc66fed09c262d007227e19735424e79b57de8e98f998d88b3b2,0.9589999914169312,0.04100000858306885,55,572,,global_top_l_filter,5000,0.0
B,hnsw,shuffle,hour==8,31.0,,,,10124,0.07038865327122297,9c69e19932b43dcb6beab8f6691f4a680f943fe0aa541b22a94b5b8d84f03550,0.953000009059906,0.046999990940093994,61,572,,global_top_l_filter,5000,0.0
B,hnsw,shuffle,hour==8,32.0,,,,10124,0.07038865327122297,35fc4ab40e22507171ca460cd2dca2184220afd4549aee33f32b2725d210d7a4,0.9535000324249268,0.04649996757507324,64,572,,global_top_l_filter,5000,0.0
B,hnsw,shuffle,hour==8,33.0,,,,10124,0.07038865327122297,7e080eb104d8379726e3a93256174baed03a08a0ea993f5c614ff3617aa10006,0.9524999856948853,0.047500014305114746,65,572,,global_top_l_filter,5000,0.0
B,hnsw,shuffle,hour==8,34.0,,,,10124,0.07038865327122297,f3342cb688c7b6a099f7343c90fa083e148cf3a07412a9cde3f52bceafba3095,0.9424999952316284,0.05750000476837158,68,572,,global_top_l_filter,5000,0.0
B,hnsw,shuffle,hour==8,35.0,,,,10124,0.07038865327122297,99577f9a140666aed5b57a769c757c03fb22d68a2c157ad307c7434466eebd88,0.9519999623298645,0.0480000376701355,61,572,,global_top_l_filter,5000,0.0
B,hnsw,shuffle,hour==8,36.0,,,,10124,0.07038865327122297,0309df31b3905a6aae9e0d18ae367fc01d7346c9722dd4a454c012d3cf5a3288,0.9490000009536743,0.050999999046325684,69,572,,global_top_l_filter,5000,0.0
B,hnsw,shuffle,hour==8,37.0,,,,10124,0.07038865327122297,0f744b9b3c85157fd71f00335be08e06c65b17abc5a95a8e6ca30a78b90eb7c0,0.9535000324249268,0.04649996757507324,60,572,,global_top_l_filter,5000,0.0
B,hnsw,shuffle,hour==8,38.0,,,,10124,0.07038865327122297,5ce8148c3b7079ae859322be01ec92611d43700536b5d565be6a9f5b88995da0,0.9495000243186951,0.05049997568130493,62,572,,global_top_l_filter,5000,0.0
B,hnsw,shuffle,hour==8,39.0,,,,10124,0.07038865327122297,d7dbbfd4d474a95d4545373bcace86b29195f1f83828f340590f407ed4fd4587,0.9505000114440918,0.0494999885559082,62,572,,global_top_l_filter,5000,0.0
B,hnsw,shuffle,hour==8,40.0,,,,10124,0.07038865327122297,06d7b54f4b3463d9e331382637384e745626c9667a54ae3f43c974940a1875b4,0.9594999551773071,0.04050004482269287,54,572,,global_top_l_filter,5000,0.0
B,hnsw,shuffle,hour==8,41.0,,,,10124,0.07038865327122297,b0baa789bfcbf001e200fb855c22a69fb908ee76685ffee50235a8368a2c7cff,0.9559999108314514,0.044000089168548584,64,572,,global_top_l_filter,5000,0.0
B,hnsw,shuffle,hour==8,42.0,,,,10124,0.07038865327122297,c3db4f2a4b0c0d797fbee25afe2335284bb0e87c5941d395ff74fc64262733c6,0.9484999775886536,0.051500022411346436,70,572,,global_top_l_filter,5000,0.0
B,hnsw,shuffle,hour==8,43.0,,,,10124,0.07038865327122297,3df685d5311b55b6b46e5d685f4e79e3a66565d7b16e808afcc3f44f248267b1,0.9649999737739563,0.0350000262260437,54,572,,global_top_l_filter,5000,0.0
B,hnsw,shuffle,hour==8,44.0,,,,10124,0.07038865327122297,08ae34b783701766fd326017b2eabce74a4b3ca3cdc7644aac02614e6610d58e,0.9419999718666077,0.058000028133392334,69,572,,global_top_l_filter,5000,0.0
B,hnsw,shuffle,hour==8,45.0,,,,10124,0.07038865327122297,c8590855ac883f729bf4ba6d96e7fd759a88a976378dc48a51ea14ff95c65ce7,0.9449999332427979,0.05500006675720215,72,572,,global_top_l_filter,5000,0.0
B,hnsw,shuffle,hour==8,46.0,,,,10124,0.07038865327122297,609fee0ea6b6b0ee3e713b70751759ee203c34face01620548e8fc707919b94e,0.953499972820282,0.04650002717971802,68,572,,global_top_l_filter,5000,0.0
B,hnsw,shuffle,hour==8,47.0,,,,10124,0.07038865327122297,d4ef81777a64fb974aa42c1433ad6c7166e132a66d660fcfe2e26646e50bcab8,0.9580000042915344,0.041999995708465576,60,572,,global_top_l_filter,5000,0.0
B,hnsw,shuffle,hour==8,48.0,,,,10124,0.07038865327122297,10c222b5923be3970657769581c896b5cec00bcd4be4cebf6aed91accff123f9,0.9619999527931213,0.03800004720687866,51,572,,global_top_l_filter,5000,0.0
B,hnsw,shuffle,hour==8,49.0,,,,10124,0.07038865327122297,273048203ce938788bcec7f0d0a20058cb06ca5fc3f09dd11a3b880c4d52219c,0.9559999704360962,0.04400002956390381,62,572,,global_top_l_filter,5000,0.0
B,hnsw,shuffle,hour==8,50.0,,,,10124,0.07038865327122297,1d35648658c7e9a7b892e796c1b9dfba26a2ff9cc8ed959cc891fff0eab11275,0.963499903678894,0.03650009632110596,52,572,,global_top_l_filter,5000,0.0
B,hnsw,shuffle,hour==8,51.0,,,,10124,0.07038865327122297,292ffd72579f91ffe249889b7719f2375379a0ffef19355e0328e99b57cf372c,0.9524999856948853,0.047500014305114746,64,572,,global_top_l_filter,5000,0.0
B,hnsw,shuffle,hour==8,52.0,,,,10124,0.07038865327122297,38ba8a41a5c8da436a74be29e49db3dc1896d0112ab3332c42c297261593a21c,0.9539999961853027,0.046000003814697266,67,572,,global_top_l_filter,5000,0.0
B,hnsw,shuffle,hour==8,53.0,,,,10124,0.07038865327122297,f2e8d5796ff28bb78f579c1090ef987bdf55753d6279244f73820d32c872202d,0.9514999389648438,0.04850006103515625,72,572,,global_top_l_filter,5000,0.0
B,hnsw,shuffle,hour==8,54.0,,,,10124,0.07038865327122297,dbc03d85ee2b79311a6a990f549d9a36ca735e6bc56c133dd286f03ff930c168,0.9429999589920044,0.057000041007995605,74,572,,global_top_l_filter,5000,0.0
B,hnsw,shuffle,hour==8,55.0,,,,10124,0.07038865327122297,8c4593dfd2e2336f5dc788576127596f8c83d5a10fdc77407447c00f9ff354da,0.9654999375343323,0.034500062465667725,50,572,,global_top_l_filter,5000,0.0
B,hnsw,shuffle,hour==8,56.0,,,,10124,0.07038865327122297,fc7d7b086dd82e9b622f3bf62c558f1dfbaabfcdbc604f8f8967ec58af0764b7,0.9524999856948853,0.047500014305114746,66,572,,global_top_l_filter,5000,0.0
B,hnsw,shuffle,hour==8,57.0,,,,10124,0.07038865327122297,dc9cfb5f5a4b8c3fe332f5143071725a64e50490c85ef206864ad902b92d6c6f,0.9514999985694885,0.048500001430511475,66,572,,global_top_l_filter,5000,0.0
B,hnsw,shuffle,hour==8,58.0,,,,10124,0.07038865327122297,e00bb79533a93ece7763b0508d02229787fb51ac27099c199af2e41df6822d9e,0.9549999833106995,0.04500001668930054,60,572,,global_top_l_filter,5000,0.0
B,hnsw,shuffle,hour==8,59.0,,,,10124,0.07038865327122297,44631274777473412f83b2a96656220a7bd60c83e5083929e7902d69ab473fa2,0.9439999461174011,0.05600005388259888,73,572,,global_top_l_filter,5000,0.0
B,hnsw,shuffle,hour==8,60.0,,,,10124,0.07038865327122297,bc917a1a60eedcfd913c825649fb08eac1964b61ada7c717e2125e45b81813c8,0.9445000290870667,0.05549997091293335,68,572,,global_top_l_filter,5000,0.0
B,hnsw,shuffle,hour==8,61.0,,,,10124,0.07038865327122297,1ef89ec1815231892fbd4d74bfa493b17d40d9bdc4e80ca45a1e29ce338bd997,0.9589999914169312,0.04100000858306885,54,572,,global_top_l_filter,5000,0.0
B,hnsw,shuffle,hour==8,62.0,,,,10124,0.07038865327122297,c0dfe63220c0dc42ca08b625b05f196226f28c731d7bfb1e08c978185ed1e592,0.9430000185966492,0.05699998140335083,72,572,,global_top_l_filter,5000,0.0
B,hnsw,shuffle,hour==8,63.0,,,,10124,0.07038865327122297,8ff060cfe0fe0489abb218138a71d6411ee8dc2a8cd10f8802684cacb3f9e9ed,0.9465000033378601,0.05349999666213989,65,572,,global_top_l_filter,5000,0.0
B,hnsw,shuffle,hour==8,64.0,,,,10124,0.07038865327122297,86112179e5fa7af89768d2430640babefb0b9d0a83ea78d72c1bbb0f393c1fbf,0.9574999809265137,0.04250001907348633,59,572,,global_top_l_filter,5000,0.0
B,hnsw,shuffle,hour==8,65.0,,,,10124,0.07038865327122297,d9446a3c63310020252119ed83797736c8e63ffd371355e5644efd4365463a69,0.9569999575614929,0.04300004243850708,58,572,,global_top_l_filter,5000,0.0
B,hnsw,shuffle,hour==8,66.0,,,,10124,0.07038865327122297,10d97bba2a2bb390926d79c32a1d0cb92446cf646261a2c25f4539ec7697186e,0.9580000042915344,0.041999995708465576,54,572,,global_top_l_filter,5000,0.0
B,hnsw,shuffle,hour==8,67.0,,,,10124,0.07038865327122297,e298e8ab29464e8d3f2e78812f883bc79765de12655bb899796ff9d134fa3116,0.953000009059906,0.046999990940093994,61,572,,global_top_l_filter,5000,0.0
B,hnsw,shuffle,hour==8,68.0,,,,10124,0.07038865327122297,5c126f1b90b22716e44bd6d8001054be2dcda9fca96c1ab54f658ce2a17dd08c,0.9434999823570251,0.056500017642974854,73,572,,global_top_l_filter,5000,0.0
B,hnsw,shuffle,hour==8,69.0,,,,10124,0.07038865327122297,081f205e33faecdf74e2167596d3bab50e4773392cc5504517782255417fe2c8,0.9514999985694885,0.048500001430511475,60,572,,global_top_l_filter,5000,0.0
B,hnsw,shuffle,hour==8,70.0,,,,10124,0.07038865327122297,289ce7779bb57d00f96735b94a9f59f5438fc47c135f15ec316492ca244ef3f3,0.9524999856948853,0.047500014305114746,61,572,,global_top_l_filter,5000,0.0
B,hnsw,shuffle,hour==8,71.0,,,,10124,0.07038865327122297,596bb86674e5d9cdbd262b10c81808431223bd391f9c55ab5bf9ac1b9ab056eb,0.953000009059906,0.046999990940093994,68,572,,global_top_l_filter,5000,0.0
B,hnsw,shuffle,hour==8,72.0,,,,10124,0.07038865327122297,87ad487a2276f6372495053c3e02b71b0c431ce9b4d4d0fb1370712c6beeaba2,0.9514999389648438,0.04850006103515625,63,572,,global_top_l_filter,5000,0.0
B,hnsw,shuffle,hour==8,73.0,,,,10124,0.07038865327122297,abdb2754712dd8e60bed7c9d574af177e17db6c60f049bd0cc3cdf77f7934b17,0.9514999389648438,0.04850006103515625,66,572,,global_top_l_filter,5000,0.0
B,hnsw,shuffle,hour==8,74.0,,,,10124,0.07038865327122297,53209523c98fa2cdc1cd19cdcb5438e2d15a5536043f9d5dc150902fccdb242c,0.9444999694824219,0.055500030517578125,72,572,,global_top_l_filter,5000,0.0
B,hnsw,shuffle,hour==8,75.0,,,,10124,0.07038865327122297,82369d405d16c27416915811b18dc1f52f2817f9daf7611dc2ce0ba7712e4fb0,0.9594999551773071,0.04050004482269287,56,572,,global_top_l_filter,5000,0.0
B,hnsw,shuffle,hour==8,76.0,,,,10124,0.07038865327122297,5ba9991e7169e1bef5a154f06b0c0b2d6f762ed952a50318a2dd7edccb039c07,0.9424999952316284,0.05750000476837158,73,572,,global_top_l_filter,5000,0.0
B,hnsw,shuffle,hour==8,77.0,,,,10124,0.07038865327122297,e775d900e42f4ba5a0018afb26a6e7082682b782be677558479a8c583428c86a,0.9459999799728394,0.054000020027160645,73,572,,global_top_l_filter,5000,0.0
B,hnsw,shuffle,hour==8,78.0,,,,10124,0.07038865327122297,6ad4cbcbe8c9a64498f6f33608e0dcba698b73365f4bb7a8925cd6ec12bdd6e7,0.9509999752044678,0.04900002479553223,62,572,,global_top_l_filter,5000,0.0
B,hnsw,shuffle,hour==8,79.0,,,,10124,0.07038865327122297,7f29a510175c44f633925155a14091e06b85aac4a45b8110b16e4c3b87c102fa,0.9514999985694885,0.048500001430511475,68,572,,global_top_l_filter,5000,0.0
B,hnsw,shuffle,hour==8,80.0,,,,10124,0.07038865327122297,b5b2bf2ef4d5eb7daa4c1fc56f1301f2698b4f3eadd05f8a76a2f262bb26c308,0.9555000066757202,0.044499993324279785,58,572,,global_top_l_filter,5000,0.0
B,hnsw,shuffle,hour==8,81.0,,,,10124,0.07038865327122297,df53273b0016e9f41b8ad3886ea3ba1e902dd9c210f32e8f3408f20d9dee6394,0.9559999704360962,0.04400002956390381,61,572,,global_top_l_filter,5000,0.0
B,hnsw,shuffle,hour==8,82.0,,,,10124,0.07038865327122297,88a4e15e1f981defc3d0e7eb4b6550bc5f65bb34a51db831b287e2e4f8abf1c2,0.9584999680519104,0.0415000319480896,62,572,,global_top_l_filter,5000,0.0
B,hnsw,shuffle,hour==8,83.0,,,,10124,0.07038865327122297,6b81cd36c2993b78a721d636cb2a5ed62e11eec6258c78793ce9ea5545dc3a88,0.9514999985694885,0.048500001430511475,69,572,,global_top_l_filter,5000,0.0
B,hnsw,shuffle,hour==8,84.0,,,,10124,0.07038865327122297,e852d539b694b2b2ecd8bad6f130997d2ca84135423facd06ec8051bc0b118c1,0.9574999809265137,0.04250001907348633,59,572,,global_top_l_filter,5000,0.0
B,hnsw,shuffle,hour==8,85.0,,,,10124,0.07038865327122297,1219567967d9b82cff89be01dffca6e00ebd8863e33a3740cea9e3dd2c87df6b,0.9514999985694885,0.048500001430511475,62,572,,global_top_l_filter,5000,0.0
B,hnsw,shuffle,hour==8,86.0,,,,10124,0.07038865327122297,d859b3d5ac0d599161ce1f889438c329289f80e9d38566265ace94a9afe1a13f,0.9580000042915344,0.041999995708465576,57,572,,global_top_l_filter,5000,0.0
B,hnsw,shuffle,hour==8,87.0,,,,10124,0.07038865327122297,d99be8ff181a76c4812009c0839ba024a3427796c63afddeb9b565a362d5341d,0.9424999952316284,0.05750000476837158,70,572,,global_top_l_filter,5000,0.0
B,hnsw,shuffle,hour==8,88.0,,,,10124,0.07038865327122297,d2658c8dd6e1ab6f4f29b506532ea9d793b4e79399768d8d9e6b2606429c45b2,0.9510000348091125,0.04899996519088745,61,572,,global_top_l_filter,5000,0.0
B,hnsw,shuffle,hour==8,89.0,,,,10124,0.07038865327122297,621e2d368cb0cd072f9514948dbb694b68856cbcc9ef92dd4619764c6b4c708a,0.9519999623298645,0.0480000376701355,64,572,,global_top_l_filter,5000,0.0
B,hnsw,shuffle,hour==8,90.0,,,,10124,0.07038865327122297,143755dc222fdf0f6b0f8ddf212419e7db70440ca45d3359438289caf3ca0b00,0.9619999527931213,0.03800004720687866,55,572,,global_top_l_filter,5000,0.0
B,hnsw,shuffle,hour==8,91.0,,,,10124,0.07038865327122297,c19fce1e13d679fbe4bd52b94cab2b26a799e417b3827168b9abb04fb39246c1,0.9614999890327454,0.03850001096725464,56,572,,global_top_l_filter,5000,0.0
B,hnsw,shuffle,hour==8,92.0,,,,10124,0.07038865327122297,b3c105038d49d994eb6696acf1c1ffc4a5cbc63c2f76ad3ea5248e9d5301b093,0.9554999470710754,0.04450005292892456,61,572,,global_top_l_filter,5000,0.0
B,hnsw,shuffle,hour==8,93.0,,,,10124,0.07038865327122297,41e4c8adda6a1e41e61593c8cc831b16e6e97c66abdc1d6547ec5314588bd23a,0.9535000324249268,0.04649996757507324,60,572,,global_top_l_filter,5000,0.0
B,hnsw,shuffle,hour==8,94.0,,,,10124,0.07038865327122297,f426d2545d74eaea01b7c281656b31ef8364b74884e392d19083524b09a2bd1d,0.9604999423027039,0.03950005769729614,60,572,,global_top_l_filter,5000,0.0
B,hnsw,shuffle,hour==8,95.0,,,,10124,0.07038865327122297,0a8e3178487fa0a0fc22c132bd548f8465e5d8fc760ae6ed4aefc4ea69efd8f4,0.9560000896453857,0.04399991035461426,58,572,,global_top_l_filter,5000,0.0
B,hnsw,shuffle,hour==8,96.0,,,,10124,0.07038865327122297,ca87f7dd1e108859498fb8456cf8efa04f25279818e04dc790172d198b4faa95,0.9599999785423279,0.04000002145767212,60,572,,global_top_l_filter,5000,0.0
B,hnsw,shuffle,hour==8,97.0,,,,10124,0.07038865327122297,792716ca1c66b7b10bc3b11986c5c58ddfdbb302ef710399496844183d707b8f,0.9484999775886536,0.051500022411346436,62,572,,global_top_l_filter,5000,0.0
B,hnsw,shuffle,hour==8,98.0,,,,10124,0.07038865327122297,2c047c55e065516edb0185907c1c26aca6290b56b778f98e11af4a79794de4ad,0.9519999623298645,0.0480000376701355,66,572,,global_top_l_filter,5000,0.0
B,hnsw,shuffle,hour==8,99.0,,,,10124,0.07038865327122297,a10058a1eb07b779e11a356866099a54c4b18a055f3d1b0047f52baaeed4f5b4,0.9549999833106995,0.04500001668930054,58,572,,global_top_l_filter,5000,0.0
B,hnsw,natural,hour==9,,,,,6717,0.04670096641868873,9d50dea527d7f4d4ab3ce29dee2cc9b68c9b50373ea05b3884c2f1e0548ffcb9,0.5899999737739563,0.4100000262260437,134,860,0.8225794397356077,global_top_l_filter,20000,0.0
B,hnsw,shuffle,hour==9,0.0,,,,6717,0.04670096641868873,563af54ed044f2debfbd15dc6dbaae127f74207b2204573352ccdc2baaee2f64,0.8589999675750732,0.14100003242492676,131,860,,global_top_l_filter,5000,0.0
B,hnsw,shuffle,hour==9,1.0,,,,6717,0.04670096641868873,704a394f5791e9f30cfb8f9f7aa2a68821b1702d62ab2314d5229db7926acbe4,0.8659999966621399,0.1340000033378601,133,860,,global_top_l_filter,5000,0.0
B,hnsw,shuffle,hour==9,2.0,,,,6717,0.04670096641868873,6c2f354d0075591bb14636d73dcf4d5f2422c561ba5a03a484b8d49473254c4f,0.8655000329017639,0.13449996709823608,139,860,,global_top_l_filter,5000,0.0
B,hnsw,shuffle,hour==9,3.0,,,,6717,0.04670096641868873,b026bd018aee043795c4ffbda637a3a70f8f943b779aca7f6f807c33f10802ad,0.8684999346733093,0.13150006532669067,134,860,,global_top_l_filter,5000,0.0
B,hnsw,shuffle,hour==9,4.0,,,,6717,0.04670096641868873,1135fae85d411d5da298b901296360703bf2d3aa58fff5747160f10d1e01875e,0.8755000233650208,0.12449997663497925,122,860,,global_top_l_filter,5000,0.0
B,hnsw,shuffle,hour==9,5.0,,,,6717,0.04670096641868873,c6c189a757919155664e2c7a4e26cd2d5615fd996332b67ce3ad5bd5447fb1af,0.8819999694824219,0.11800003051757812,119,860,,global_top_l_filter,5000,0.0
B,hnsw,shuffle,hour==9,6.0,,,,6717,0.04670096641868873,f5b7108e36828eebe8afc16abd6722d2bec8b0162d734e8164d0ec1394598b17,0.8855000138282776,0.11449998617172241,122,860,,global_top_l_filter,5000,0.0
B,hnsw,shuffle,hour==9,7.0,,,,6717,0.04670096641868873,fd60f2876b49dd2a1b755f7bd94fc1c6a492a1f12432d94a769298e27f1c66bc,0.8815000057220459,0.1184999942779541,122,860,,global_top_l_filter,5000,0.0
B,hnsw,shuffle,hour==9,8.0,,,,6717,0.04670096641868873,cca506f4341013e51b658a7f12dd40fd024f06b5d20dd938d4467e9de6919de2,0.871999979019165,0.12800002098083496,119,860,,global_top_l_filter,5000,0.0
B,hnsw,shuffle,hour==9,9.0,,,,6717,0.04670096641868873,bf97b3b20b1bf4c45ecf69cfa31e6cee9a7d55c4b51359858c10398db5af50db,0.8739999532699585,0.1260000467300415,122,860,,global_top_l_filter,5000,0.0
B,hnsw,shuffle,hour==9,10.0,,,,6717,0.04670096641868873,64228307162564b4df8ab04837983034be27feed374a1e96a8c043be9e9cade5,0.8680000305175781,0.13199996948242188,127,860,,global_top_l_filter,5000,0.0
B,hnsw,shuffle,hour==9,11.0,,,,6717,0.04670096641868873,48e162b5674dcfcc8133f321855b2a88088a4fb9713b09f6bf4ee3002e70fe7b,0.8670000433921814,0.1329999566078186,134,860,,global_top_l_filter,5000,0.0
B,hnsw,shuffle,hour==9,12.0,,,,6717,0.04670096641868873,ad25b7a8670a6ef692ebd0ad5f792a25c6744930bddf7d8890a440999d9e83e6,0.8705000281333923,0.12949997186660767,137,860,,global_top_l_filter,5000,0.0
B,hnsw,shuffle,hour==9,13.0,,,,6717,0.04670096641868873,a6719d4f068cda334c13eca9dc36fd816ec7129e7e0db22507d0d88d44c781fe,0.8690000176429749,0.13099998235702515,124,860,,global_top_l_filter,5000,0.0
B,hnsw,shuffle,hour==9,14.0,,,,6717,0.04670096641868873,18f53edbbea1ad0cbc588cd1125f3c713cb6deac2737ecf12b0fc5e064beedda,0.8794999718666077,0.12050002813339233,124,860,,global_top_l_filter,5000,0.0
B,hnsw,shuffle,hour==9,15.0,,,,6717,0.04670096641868873,a8edcee7576a64a5bdf4666ff86addaebd929f45027e9a6896e50ee43191832c,0.8815000057220459,0.1184999942779541,115,860,,global_top_l_filter,5000,0.0
B,hnsw,shuffle,hour==9,16.0,,,,6717,0.04670096641868873,31036ee7bf6721033564c0232c17bf3600ddd24dc83ac44c0195988951cd8df3,0.8799999952316284,0.12000000476837158,117,860,,global_top_l_filter,5000,0.0
B,hnsw,shuffle,hour==9,17.0,,,,6717,0.04670096641868873,734e78551fe9d277be60c403e648e037162cc00920da250790b3a5512b0e7bf6,0.8755000233650208,0.12449997663497925,125,860,,global_top_l_filter,5000,0.0
B,hnsw,shuffle,hour==9,18.0,,,,6717,0.04670096641868873,19b11be518fb6797b4a82ee926ad08cce4b39453b4da63c77e2a3e0a1012ccb5,0.8660000562667847,0.13399994373321533,126,860,,global_top_l_filter,5000,0.0
B,hnsw,shuffle,hour==9,19.0,,,,6717,0.04670096641868873,3b2662471401f74fda454d4e43c19bbebe96f282b40e78e25e4d2a365f86921d,0.8789999485015869,0.12100005149841309,125,860,,global_top_l_filter,5000,0.0
B,hnsw,shuffle,hour==9,20.0,,,,6717,0.04670096641868873,f562fe07aacbb7521cf60dfb4107cecc6ddd1a0285ea78910eb0dbd429537eba,0.8889999389648438,0.11100006103515625,117,860,,global_top_l_filter,5000,0.0
B,hnsw,shuffle,hour==9,21.0,,,,6717,0.04670096641868873,8c7366bfa5fd855393fa0aa5009b658cddc4ea9126ba2c91eb8faebd55091509,0.8934999108314514,0.10650008916854858,113,860,,global_top_l_filter,5000,0.0
B,hnsw,shuffle,hour==9,22.0,,,,6717,0.04670096641868873,8e9e842fe6cce8c81f21e694250ed0db9e36821cd3c4e9dba69f67a6ed6e0662,0.8864999413490295,0.11350005865097046,115,860,,global_top_l_filter,5000,0.0
B,hnsw,shuffle,hour==9,23.0,,,,6717,0.04670096641868873,e6951f63783b397f4c953d03e49b081111552240bd58ee9c67cc5583210ba685,0.8910000324249268,0.10899996757507324,121,860,,global_top_l_filter,5000,0.0
B,hnsw,shuffle,hour==9,24.0,,,,6717,0.04670096641868873,8e7823f24f3b4a2b19b600874d1ca34fdf9bde659cb4f3d5532f6f343b0a2c95,0.8634999990463257,0.13650000095367432,133,860,,global_top_l_filter,5000,0.0
B,hnsw,shuffle,hour==9,25.0,,,,6717,0.04670096641868873,671913296335ce26610d8be2239319e557df90032cdd116f2a7031bf96cb2259,0.8705000281333923,0.12949997186660767,129,860,,global_top_l_filter,5000,0.0
B,hnsw,shuffle,hour==9,26.0,,,,6717,0.04670096641868873,f7e3eb8e77b63fcc53f7573171bbfc96336429a78f035d1b1a7581decf6514f1,0.875499963760376,0.12450003623962402,121,860,,global_top_l_filter,5000,0.0
B,hnsw,shuffle,hour==9,27.0,,,,6717,0.04670096641868873,6f6dd43ebced3f7d5dc07d7cb404eb683beb4d84aaf69cf21e1f4ba0fbdd84a1,0.8505000472068787,0.14949995279312134,133,860,,global_top_l_filter,5000,0.0
B,hnsw,shuffle,hour==9,28.0,,,,6717,0.04670096641868873,45c8f2ac786499768eedbf4571184e5c14881f8e9793b26c30427f44de22d0c7,0.8694999814033508,0.13050001859664917,121,860,,global_top_l_filter,5000,0.0
B,hnsw,shuffle,hour==9,29.0,,,,6717,0.04670096641868873,7df95735960ffd43ea39dad31e046d61b1465e0b90c50f74650bcea75ef0e261,0.8734999895095825,0.12650001049041748,123,860,,global_top_l_filter,5000,0.0
B,hnsw,shuffle,hour==9,30.0,,,,6717,0.04670096641868873,0702b868ec3ed196b225f117140a09565134b866ddccbfa09ec79b9749e0fbdd,0.8739999532699585,0.1260000467300415,123,860,,global_top_l_filter,5000,0.0
B,hnsw,shuffle,hour==9,31.0,,,,6717,0.04670096641868873,0e97d44b73c59e9ff1ef92d5eaf8b83d1104a65f3adb960e563774e4acd34ade,0.8630000352859497,0.1369999647140503,132,860,,global_top_l_filter,5000,0.0
B,hnsw,shuffle,hour==9,32.0,,,,6717,0.04670096641868873,a86541c2e4a66c02841d00fbb5562b0825a2dff669b31262bfbbc0361c411409,0.8794999718666077,0.12050002813339233,116,860,,global_top_l_filter,5000,0.0
B,hnsw,shuffle,hour==9,33.0,,,,6717,0.04670096641868873,d8a3dae17aedcd8aa40c5ed9470420831625d93ad5e9bee1503074d570910d85,0.8815000057220459,0.1184999942779541,119,860,,global_top_l_filter,5000,0.0
B,hnsw,shuffle,hour==9,34.0,,,,6717,0.04670096641868873,51da7d9b8901cd6a9dc6dcfc37b24f86d5bcb501426ed4ea659878cc8db4cfcc,0.8680000305175781,0.13199996948242188,123,860,,global_top_l_filter,5000,0.0
B,hnsw,shuffle,hour==9,35.0,,,,6717,0.04670096641868873,009cc93d9c1d907d0dce143ac31ba9200e37eca952141f8a1b433429cba2a03e,0.8949999809265137,0.10500001907348633,117,860,,global_top_l_filter,5000,0.0
B,hnsw,shuffle,hour==9,36.0,,,,6717,0.04670096641868873,e2fa6a4ec6131a862fafba08388978ef525dbe038766e23623ed0db62a6f0eaf,0.8859999775886536,0.11400002241134644,126,860,,global_top_l_filter,5000,0.0
B,hnsw,shuffle,hour==9,37.0,,,,6717,0.04670096641868873,2d7811a761b63f6ce3a9e72f65ceb3a4942130e57f3b841e4e2eca64bca68be5,0.8694999814033508,0.13050001859664917,130,860,,global_top_l_filter,5000,0.0
B,hnsw,shuffle,hour==9,38.0,,,,6717,0.04670096641868873,7dfbd33f9b9ccf0259ac06f340032c0dcb9ceecdefea42e689398fbcb86bdd44,0.8809999227523804,0.11900007724761963,125,860,,global_top_l_filter,5000,0.0
B,hnsw,shuffle,hour==9,39.0,,,,6717,0.04670096641868873,005f72643c39000e6172e6d0c2df2642ab38590a62b3f53ea7e0ba6a747399aa,0.8525000214576721,0.14749997854232788,138,860,,global_top_l_filter,5000,0.0
B,hnsw,shuffle,hour==9,40.0,,,,6717,0.04670096641868873,4e518eea3158477de119e94485b31722f68c285a802384735a7de95bea445207,0.8845000267028809,0.11549997329711914,118,860,,global_top_l_filter,5000,0.0
B,hnsw,shuffle,hour==9,41.0,,,,6717,0.04670096641868873,ad31e606434052681768ea9ca7eb8fffaf2f5372c0b420a63dd5b12213d2e3f3,0.8714999556541443,0.1285000443458557,118,860,,global_top_l_filter,5000,0.0
B,hnsw,shuffle,hour==9,42.0,,,,6717,0.04670096641868873,f1ca65c27b99f36e1885fd08c1bd4ef4a56549225a42455560944b448588fe92,0.8789999485015869,0.12100005149841309,120,860,,global_top_l_filter,5000,0.0
B,hnsw,shuffle,hour==9,43.0,,,,6717,0.04670096641868873,78af846bb503a45c18d6ea8da635e81e5580f87709325ae0530d473c23055c93,0.8885000348091125,0.11149996519088745,120,860,,global_top_l_filter,5000,0.0
B,hnsw,shuffle,hour==9,44.0,,,,6717,0.04670096641868873,d69d1002fa0ca7532fe129aa0f900160525f86cbfe6d1b173542396b191be4a3,0.8809999823570251,0.11900001764297485,112,860,,global_top_l_filter,5000,0.0
B,hnsw,shuffle,hour==9,45.0,,,,6717,0.04670096641868873,fe8c1425680a23e6dd8f5518a670fa756ba1bdcf3e22c05a8c94b4c5ce880bed,0.8679999709129333,0.13200002908706665,127,860,,global_top_l_filter,5000,0.0
B,hnsw,shuffle,hour==9,46.0,,,,6717,0.04670096641868873,25c2be9a3689469f1391ce47d2a6a194e39558e1312cfe2f829d8835e9ea2d54,0.8675000071525574,0.13249999284744263,125,860,,global_top_l_filter,5000,0.0
B,hnsw,shuffle,hour==9,47.0,,,,6717,0.04670096641868873,876183b2ded8ad9487d52b26fcd85062031a5eb2a9dfcd62a7dfa495e52e8cae,0.8729999661445618,0.12700003385543823,115,860,,global_top_l_filter,5000,0.0
B,hnsw,shuffle,hour==9,48.0,,,,6717,0.04670096641868873,1b693078a7191fc030869f0ca459d946b94e288a6b78f86392ea300e04cec058,0.8824999928474426,0.11750000715255737,123,860,,global_top_l_filter,5000,0.0
B,hnsw,shuffle,hour==9,49.0,,,,6717,0.04670096641868873,cea6f3b6f6007d059e109d8fc036f393aa9786e78a1815a1e766801a24654bb4,0.8769999742507935,0.12300002574920654,128,860,,global_top_l_filter,5000,0.0
B,hnsw,shuffle,hour==9,50.0,,,,6717,0.04670096641868873,d0ad36e9e133cb85609fcba3a2353d87311b0af5844f2c0ab3e859cbf59ddb70,0.8839999437332153,0.11600005626678467,127,860,,global_top_l_filter,5000,0.0
B,hnsw,shuffle,hour==9,51.0,,,,6717,0.04670096641868873,3bd396076753c33172c06b4d39334cb8cce4309a153130e9d525fd3af94a031a,0.8740000128746033,0.12599998712539673,130,860,,global_top_l_filter,5000,0.0
B,hnsw,shuffle,hour==9,52.0,,,,6717,0.04670096641868873,a68518628dc7e16a2bdd9de6bcd3ca02834acb9303e29abb2b30735f10315b12,0.8764999508857727,0.1235000491142273,130,860,,global_top_l_filter,5000,0.0
B,hnsw,shuffle,hour==9,53.0,,,,6717,0.04670096641868873,790f46eee2d19860d29897628d6091e01e9a2a000476f7afe1e663a3e679d87d,0.8799999952316284,0.12000000476837158,120,860,,global_top_l_filter,5000,0.0
B,hnsw,shuffle,hour==9,54.0,,,,6717,0.04670096641868873,27d83d6b29833d1d3c8a78f8457994c56cfb7ba319e377594984d0c1d1be0077,0.8814999461174011,0.11850005388259888,120,860,,global_top_l_filter,5000,0.0
B,hnsw,shuffle,hour==9,55.0,,,,6717,0.04670096641868873,efb373ec7b3e2602132d8d9d4bf0f122027137c5cb0fe5123d32b1b7b7a40422,0.8859999775886536,0.11400002241134644,115,860,,global_top_l_filter,5000,0.0
B,hnsw,shuffle,hour==9,56.0,,,,6717,0.04670096641868873,d0294b0391b4c8872a2361e1375c3f552f274d13ffd8729b32643bd6d534b280,0.8869999647140503,0.11300003528594971,115,860,,global_top_l_filter,5000,0.0
B,hnsw,shuffle,hour==9,57.0,,,,6717,0.04670096641868873,648cef7de27360c203c114925132a21c682b463f89331410a2761b2015f4d43b,0.8655000329017639,0.13449996709823608,131,860,,global_top_l_filter,5000,0.0
B,hnsw,shuffle,hour==9,58.0,,,,6717,0.04670096641868873,7591fb6a2ce33937759d53fc377274596f8e85618cc0de0e6d532e8765fa8dca,0.8824999928474426,0.11750000715255737,116,860,,global_top_l_filter,5000,0.0
B,hnsw,shuffle,hour==9,59.0,,,,6717,0.04670096641868873,8b397665d2ceb4ddc7ecaed8bbae8d927ab30785c704046b532b85752e1a539c,0.891499936580658,0.10850006341934204,118,860,,global_top_l_filter,5000,0.0
B,hnsw,shuffle,hour==9,60.0,,,,6717,0.04670096641868873,0c6d5d3dc57cb7c0fcd42585c6595b52adc370033fcc7f43f0ee7ec5bad1e488,0.8675000071525574,0.13249999284744263,130,860,,global_top_l_filter,5000,0.0
B,hnsw,shuffle,hour==9,61.0,,,,6717,0.04670096641868873,7c079996eb9c8bb141ec4723dfd7188d4cae0d9ecfbf3e25ab5d57cc0b1ae65b,0.890500009059906,0.109499990940094,116,860,,global_top_l_filter,5000,0.0
B,hnsw,shuffle,hour==9,62.0,,,,6717,0.04670096641868873,5b098ddf39bb749d9086f82f871c158081fff4d023d5bf9af80caf2199a49898,0.8710000514984131,0.12899994850158691,132,860,,global_top_l_filter,5000,0.0
B,hnsw,shuffle,hour==9,63.0,,,,6717,0.04670096641868873,6623fa5cf3f9b47fd6d1a57764dd5f7dc833f295948db22af5b0a29dae5e64b8,0.8844999670982361,0.11550003290176392,118,860,,global_top_l_filter,5000,0.0
B,hnsw,shuffle,hour==9,64.0,,,,6717,0.04670096641868873,50da8f4bd2be244215ad89ba2fa43532e40dde8143278e90da38b2e0cb457770,0.8910000324249268,0.10899996757507324,115,860,,global_top_l_filter,5000,0.0
B,hnsw,shuffle,hour==9,65.0,,,,6717,0.04670096641868873,24f359bbf528a7d2490043971b9eaa7586c765788de5411050ec247e0f87105f,0.8644999861717224,0.1355000138282776,120,860,,global_top_l_filter,5000,0.0
B,hnsw,shuffle,hour==9,66.0,,,,6717,0.04670096641868873,4295235194a3cee7fbb052b89f2b3dbf627795ca57538b1a02eed7be2830a09c,0.862500011920929,0.13749998807907104,130,860,,global_top_l_filter,5000,0.0
B,hnsw,shuffle,hour==9,67.0,,,,6717,0.04670096641868873,1631e7018a9ba50df9cf42df342abf1ed31b16b11b3260d306756f3ba9c1c2a0,0.8864999413490295,0.11350005865097046,123,860,,global_top_l_filter,5000,0.0
B,hnsw,shuffle,hour==9,68.0,,,,6717,0.04670096641868873,b8e493579b69fc29b20f67073e47edbcff578c1994f461e85f9403bfb1fc9752,0.8819999694824219,0.11800003051757812,124,860,,global_top_l_filter,5000,0.0
B,hnsw,shuffle,hour==9,69.0,,,,6717,0.04670096641868873,37c620ebd3d335c054533c650768fa8c5c4f2b75e8a71d3f07bbeed3fb351d6f,0.8919999599456787,0.10800004005432129,106,860,,global_top_l_filter,5000,0.0
B,hnsw,shuffle,hour==9,70.0,,,,6717,0.04670096641868873,619ae39e9b89f1ccededc4f17706e772857d9b01fe1f637bd0206b7e2d4f1f01,0.878000020980835,0.12199997901916504,121,860,,global_top_l_filter,5000,0.0
B,hnsw,shuffle,hour==9,71.0,,,,6717,0.04670096641868873,4aa6f97869f5018eccac15879ba4a002b9f527b992021bf151fdaa262a53300c,0.8939999938011169,0.10600000619888306,113,860,,global_top_l_filter,5000,0.0
B,hnsw,shuffle,hour==9,72.0,,,,6717,0.04670096641868873,db98e5cdcee759330540c877f534135b17fd4606b9bd7419a6c8f2b1eba64574,0.8614999651908875,0.13850003480911255,136,860,,global_top_l_filter,5000,0.0
B,hnsw,shuffle,hour==9,73.0,,,,6717,0.04670096641868873,180e51b459af381850e177a92d893f481a7b0c97501d6e0af14f7fe44bdebbc6,0.8819999694824219,0.11800003051757812,121,860,,global_top_l_filter,5000,0.0
B,hnsw,shuffle,hour==9,74.0,,,,6717,0.04670096641868873,190e02b52ac6ee56fca4cf1d96ddcbaeba7ec67e9fa2a8d179121990e95a13e1,0.8819999694824219,0.11800003051757812,126,860,,global_top_l_filter,5000,0.0
B,hnsw,shuffle,hour==9,75.0,,,,6717,0.04670096641868873,b195d08d87504d14f785441b00643e7509d020621abc6f66c6ce9e44129b898c,0.8869999647140503,0.11300003528594971,117,860,,global_top_l_filter,5000,0.0
B,hnsw,shuffle,hour==9,76.0,,,,6717,0.04670096641868873,3626e0e132e54a85944a0713bc5269da6b97431f48a4ed2114a0aaa336e2a2bc,0.8814999461174011,0.11850005388259888,130,860,,global_top_l_filter,5000,0.0
B,hnsw,shuffle,hour==9,77.0,,,,6717,0.04670096641868873,be664cd0deb981aca14d5cbf7f310bdc28698d5dd9ccb2525bf632e08e62e282,0.878000020980835,0.12199997901916504,124,860,,global_top_l_filter,5000,0.0
B,hnsw,shuffle,hour==9,78.0,,,,6717,0.04670096641868873,4e200395727416e72c9d355e3b4f32a1466da63ed82a3712ef306f214edb9346,0.8679999709129333,0.13200002908706665,123,860,,global_top_l_filter,5000,0.0
B,hnsw,shuffle,hour==9,79.0,,,,6717,0.04670096641868873,7d6bc724dee6d5d8466a734aab2dd42f911031349d5466f0014fcc75cf066e19,0.8799999952316284,0.12000000476837158,123,860,,global_top_l_filter,5000,0.0
B,hnsw,shuffle,hour==9,80.0,,,,6717,0.04670096641868873,d2cdf1dacb9346675ceddfc55466e5b72e98c697683b2394253846957c5a55d4,0.8864999413490295,0.11350005865097046,121,860,,global_top_l_filter,5000,0.0
B,hnsw,shuffle,hour==9,81.0,,,,6717,0.04670096641868873,b02473c9c4b39ada6cad8e561f40313abc35426395dfcd5b7e079a7fc8dfbae2,0.8730000257492065,0.12699997425079346,125,860,,global_top_l_filter,5000,0.0
B,hnsw,shuffle,hour==9,82.0,,,,6717,0.04670096641868873,b2f7a124bc3538f502687920004a6fa851241ea996b362bedb443f059c1f4d6a,0.8789999485015869,0.12100005149841309,117,860,,global_top_l_filter,5000,0.0
B,hnsw,shuffle,hour==9,83.0,,,,6717,0.04670096641868873,183c31be332e4123456f0f0ab93344197af3c9853aec09f3818d3a9263717fb2,0.8675000071525574,0.13249999284744263,117,860,,global_top_l_filter,5000,0.0
B,hnsw,shuffle,hour==9,84.0,,,,6717,0.04670096641868873,9486a3d942d32ba9c727d2ea362e5f854d1332472cd6cd0607013f108c6142da,0.8669999837875366,0.13300001621246338,134,860,,global_top_l_filter,5000,0.0
B,hnsw,shuffle,hour==9,85.0,,,,6717,0.04670096641868873,66013ca20d574a3f06c08ce3cbfd0320a503950f66e539129dc1c1ae0fcf981c,0.8864999413490295,0.11350005865097046,122,860,,global_top_l_filter,5000,0.0
B,hnsw,shuffle,hour==9,86.0,,,,6717,0.04670096641868873,816ff94d58541c17ba30d0921e7bd81b81d0bd3e2186b70c15a9cbc69840dc61,0.9080000519752502,0.09199994802474976,106,860,,global_top_l_filter,5000,0.0
B,hnsw,shuffle,hour==9,87.0,,,,6717,0.04670096641868873,14ebc8d9e8c8036b02be1bfb342a9f00b80806b9a9e8fec2d5ee5784dad35466,0.8660000562667847,0.13399994373321533,113,860,,global_top_l_filter,5000,0.0
B,hnsw,shuffle,hour==9,88.0,,,,6717,0.04670096641868873,9961c4817649488a6f4d1b9e6244fa7bf3e2ac990801a1f58e1233a0ec82b1aa,0.8880000114440918,0.1119999885559082,117,860,,global_top_l_filter,5000,0.0
B,hnsw,shuffle,hour==9,89.0,,,,6717,0.04670096641868873,22b4a70c0393a9b0458cfd7b9ceae0aa444b2af2a0107402a1458f7b73c2d518,0.8725000023841858,0.1274999976158142,123,860,,global_top_l_filter,5000,0.0
B,hnsw,shuffle,hour==9,90.0,,,,6717,0.04670096641868873,b5ed6c7c26771d82428af542a9e33ddf1db1b810aa96f87a85a390f2d6c444a5,0.8709999918937683,0.1290000081062317,135,860,,global_top_l_filter,5000,0.0
B,hnsw,shuffle,hour==9,91.0,,,,6717,0.04670096641868873,f5e237c905e6b206be7a23c0b4b475169535d7e989dd607d978765525b2f2994,0.8805000185966492,0.11949998140335083,118,860,,global_top_l_filter,5000,0.0
B,hnsw,shuffle,hour==9,92.0,,,,6717,0.04670096641868873,557d7d0a18d062b92e7cbf2cee40c8f63ff8c66e5c94c347b5872d80b5136433,0.8764999508857727,0.1235000491142273,126,860,,global_top_l_filter,5000,0.0
B,hnsw,shuffle,hour==9,93.0,,,,6717,0.04670096641868873,2b2049d98206b117af2ab950b8ac245e4c89b0d8ea1d7b6b978f94b6cea19845,0.8784999847412109,0.12150001525878906,120,860,,global_top_l_filter,5000,0.0
B,hnsw,shuffle,hour==9,94.0,,,,6717,0.04670096641868873,f03764537480d0d87d160761d8cf49f46a591c28b271644bddb73593758e4496,0.8705000281333923,0.12949997186660767,129,860,,global_top_l_filter,5000,0.0
B,hnsw,shuffle,hour==9,95.0,,,,6717,0.04670096641868873,ef15343d05cd5bfecafe9e597d19e0278faf557795aa74f606f16c62162b07ae,0.8844999670982361,0.11550003290176392,109,860,,global_top_l_filter,5000,0.0
B,hnsw,shuffle,hour==9,96.0,,,,6717,0.04670096641868873,5955b29d84b90d9e25c03096812763a5e9db6a4431bbf3e3372900f33f5dcc83,0.8969999551773071,0.10300004482269287,117,860,,global_top_l_filter,5000,0.0
B,hnsw,shuffle,hour==9,97.0,,,,6717,0.04670096641868873,644e09d180a581aadfb65b5667cf64f545a92f42c7ab6bdcf60c416448483384,0.8899999856948853,0.11000001430511475,111,860,,global_top_l_filter,5000,0.0
B,hnsw,shuffle,hour==9,98.0,,,,6717,0.04670096641868873,e31feedc1766502af10c96fa598c4aedef7136549527ed7418376a1abf59f5f5,0.8805000185966492,0.11949998140335083,122,860,,global_top_l_filter,5000,0.0
B,hnsw,shuffle,hour==9,99.0,,,,6717,0.04670096641868873,5c9249c3e8a056f9246369e965eec2c5da827c837ade4c347da20a39de820a49,0.8535000681877136,0.14649993181228638,131,860,,global_top_l_filter,5000,0.0
B,hnsw,natural,hour==13,,,,,3336,0.02319404852951401,019f7ab44a172942e8fac07a6b54426c63b83ba31589bec6a29530ca4b417e0d,0.5009999871253967,0.49900001287460327,159,1728,0.8197049855121081,global_top_l_filter,20000,0.0
B,hnsw,shuffle,hour==13,0.0,,,,3336,0.02319404852951401,c9d187eabd15ed94bdde5d1b7a6381ab382414a7690dabadcb3f9f998576a947,0.6610000133514404,0.33899998664855957,190,1728,,global_top_l_filter,5000,0.0
B,hnsw,shuffle,hour==13,1.0,,,,3336,0.02319404852951401,26d2084986562651009590fc66345fc59a3db4d8243e88c28663ca4efd42aeb7,0.6499999761581421,0.3500000238418579,191,1728,,global_top_l_filter,5000,0.0
B,hnsw,shuffle,hour==13,2.0,,,,3336,0.02319404852951401,0d8d4c716bf766309da2d8ae9036912b8a635a87a3e11f70f9cdf18c94e622ea,0.671999990940094,0.328000009059906,183,1728,,global_top_l_filter,5000,0.0
B,hnsw,shuffle,hour==13,3.0,,,,3336,0.02319404852951401,c59bceaa04e63ad548d6e093bb642df1f173fa36addef366243cfaf083191e75,0.6635000109672546,0.33649998903274536,189,1728,,global_top_l_filter,5000,0.0
B,hnsw,shuffle,hour==13,4.0,,,,3336,0.02319404852951401,397ea00e522ab15e48e223b8c205c0613d492dd049aec2c6f1063235ed11fe46,0.6544999480247498,0.34550005197525024,190,1728,,global_top_l_filter,5000,0.0
B,hnsw,shuffle,hour==13,5.0,,,,3336,0.02319404852951401,2e896b51068dfe01df6736aec78cec1b9644281d5276da01645f4420f5274548,0.6714999675750732,0.32850003242492676,189,1728,,global_top_l_filter,5000,0.0
B,hnsw,shuffle,hour==13,6.0,,,,3336,0.02319404852951401,bff0a6a6bc6478ded3c798c6f46413dcec8d38c66818d8464d75f74648064a27,0.6680000424385071,0.3319999575614929,183,1728,,global_top_l_filter,5000,0.0
B,hnsw,shuffle,hour==13,7.0,,,,3336,0.02319404852951401,d9cc9ca0f1a3cd203517894ea77f5e1ccf88d272e3d8ce1e6fb94463e520e0c6,0.6605000495910645,0.33949995040893555,188,1728,,global_top_l_filter,5000,0.0
B,hnsw,shuffle,hour==13,8.0,,,,3336,0.02319404852951401,cd07e980b9d3128620a911b498b262a294b8bdfc4ceabaa6ad628d9938cfc663,0.6695000529289246,0.33049994707107544,192,1728,,global_top_l_filter,5000,0.0
B,hnsw,shuffle,hour==13,9.0,,,,3336,0.02319404852951401,9ea0b3ee56d0a45538e1635a947caba7e9d63e5ca024eb920986bf1b3d4e2292,0.6604999303817749,0.3395000696182251,189,1728,,global_top_l_filter,5000,0.0
B,hnsw,shuffle,hour==13,10.0,,,,3336,0.02319404852951401,fb19858bc78014cf35483b158b4eb332e3f244468aaec98f2a8b183e9da2f178,0.6744999885559082,0.3255000114440918,191,1728,,global_top_l_filter,5000,0.0
B,hnsw,shuffle,hour==13,11.0,,,,3336,0.02319404852951401,fe62894313bfc47e31efc50c7598507df2191ed184bf3c5595a79954657f3329,0.671999990940094,0.328000009059906,188,1728,,global_top_l_filter,5000,0.0
B,hnsw,shuffle,hour==13,12.0,,,,3336,0.02319404852951401,7d29ed3905318130e84a412b6e20c22eee0c0f383b13a9c10cc6b330ea197f62,0.6744999885559082,0.3255000114440918,191,1728,,global_top_l_filter,5000,0.0
B,hnsw,shuffle,hour==13,13.0,,,,3336,0.02319404852951401,5f978d53de87e84189806f5741b8998f9e2eb0d42f9ceb20ce21e5a1248d2625,0.6505000591278076,0.3494999408721924,188,1728,,global_top_l_filter,5000,0.0
B,hnsw,shuffle,hour==13,14.0,,,,3336,0.02319404852951401,73af5e778100df95788cc85de69183da482951510a7f740097770a67066f9eee,0.656999945640564,0.34300005435943604,186,1728,,global_top_l_filter,5000,0.0
B,hnsw,shuffle,hour==13,15.0,,,,3336,0.02319404852951401,f23054e42eacedcee64f2b26a8f2a6d27e1f02d38af051642d64915c2b37a445,0.658500075340271,0.341499924659729,191,1728,,global_top_l_filter,5000,0.0
B,hnsw,shuffle,hour==13,16.0,,,,3336,0.02319404852951401,036252c449d564b500e6633951f4848f892fdd117a501a5758e9e42a1ae926a6,0.658500075340271,0.341499924659729,187,1728,,global_top_l_filter,5000,0.0
B,hnsw,shuffle,hour==13,17.0,,,,3336,0.02319404852951401,bcdac2bd9335c42eabff725a7f0acfe65392bfd04dbbd845e88f0e962c995c0c,0.6564999222755432,0.3435000777244568,190,1728,,global_top_l_filter,5000,0.0
B,hnsw,shuffle,hour==13,18.0,,,,3336,0.02319404852951401,778237711786721493016d95e1ee99eee2d208a529de493573e85bc6c7fcb2d3,0.6630000472068787,0.33699995279312134,189,1728,,global_top_l_filter,5000,0.0
B,hnsw,shuffle,hour==13,19.0,,,,3336,0.02319404852951401,447fe20fd4b2975cef61b6b9eafe105a2bd4b13f7621730f0dfe9e3278567be3,0.6439999938011169,0.35600000619888306,192,1728,,global_top_l_filter,5000,0.0
B,hnsw,shuffle,hour==13,20.0,,,,3336,0.02319404852951401,4bc53a0eabd74f0be26d64325c7de63fbb97648992b22d7836426d81c8b959f4,0.6549999713897705,0.3450000286102295,194,1728,,global_top_l_filter,5000,0.0
B,hnsw,shuffle,hour==13,21.0,,,,3336,0.02319404852951401,37cb81129ecffabc7b81200436a6babfd4927c6f1775f1da35a6f8e9d1a12d7d,0.6655000448226929,0.33449995517730713,185,1728,,global_top_l_filter,5000,0.0
B,hnsw,shuffle,hour==13,22.0,,,,3336,0.02319404852951401,64d36936cf9785a800b9c1a98ef4938d9d75e7794c66e8ef47900b219abf2c32,0.6675000190734863,0.33249998092651367,191,1728,,global_top_l_filter,5000,0.0
B,hnsw,shuffle,hour==13,23.0,,,,3336,0.02319404852951401,42d98c9f7eccd897c02f60c8514dfb63edb29f760698f7a58d52aaf7262a7812,0.6540000438690186,0.34599995613098145,184,1728,,global_top_l_filter,5000,0.0
B,hnsw,shuffle,hour==13,24.0,,,,3336,0.02319404852951401,873d36ea64b2e02c21c5917983749241654d01ce2f2fb22b1ba1f51935e3559c,0.6439999938011169,0.35600000619888306,195,1728,,global_top_l_filter,5000,0.0
B,hnsw,shuffle,hour==13,25.0,,,,3336,0.02319404852951401,9b5b59eef929ff1892dfbb0ac4ddef1b02f8d93da9773b247a0e3f584cf4476b,0.6470000743865967,0.3529999256134033,191,1728,,global_top_l_filter,5000,0.0
B,hnsw,shuffle,hour==13,26.0,,,,3336,0.02319404852951401,4282a878ef4ae6f68f50bcd26b123d05e670722d39f7d66a06449de31d653729,0.6735000014305115,0.3264999985694885,192,1728,,global_top_l_filter,5000,0.0
B,hnsw,shuffle,hour==13,27.0,,,,3336,0.02319404852951401,790f5332c47f7923eb62c5efea13da15ddafec00e2a6ad9d72d616db7f098973,0.6385000348091125,0.36149996519088745,196,1728,,global_top_l_filter,5000,0.0
B,hnsw,shuffle,hour==13,28.0,,,,3336,0.02319404852951401,4879c8b910711f5155261353ccad4aa9abb8f4d87105ff0bb5492b581955c6c2,0.6554999351501465,0.3445000648498535,190,1728,,global_top_l_filter,5000,0.0
B,hnsw,shuffle,hour==13,29.0,,,,3336,0.02319404852951401,175fd569a20e064ea85e8473b06b2bfda4b1ebdd61bc97aefd370f98adcfbdc6,0.6769999861717224,0.3230000138282776,179,1728,,global_top_l_filter,5000,0.0
B,hnsw,shuffle,hour==13,30.0,,,,3336,0.02319404852951401,fbaa44c86d4cb4567917ed689621d43ce1f6c44473e0ac55cd23f482677baa62,0.6414999961853027,0.35850000381469727,191,1728,,global_top_l_filter,5000,0.0
B,hnsw,shuffle,hour==13,31.0,,,,3336,0.02319404852951401,80f30141afb18dde66703e2cdf517f0fb241acb3edac40c965b678d84580bf5a,0.640500009059906,0.359499990940094,187,1728,,global_top_l_filter,5000,0.0
B,hnsw,shuffle,hour==13,32.0,,,,3336,0.02319404852951401,ff23bfeb8c657be945d83227c9bfd222c32cb3862856f446c96e5e732333d94b,0.6610000133514404,0.33899998664855957,189,1728,,global_top_l_filter,5000,0.0
B,hnsw,shuffle,hour==13,33.0,,,,3336,0.02319404852951401,d672debbe6467dd71038143f30bbab48e2531014960b99dd43555a1d040b6016,0.6944999694824219,0.3055000305175781,178,1728,,global_top_l_filter,5000,0.0
B,hnsw,shuffle,hour==13,34.0,,,,3336,0.02319404852951401,47e7f38455a9ad53423280707e24f921616b26047f9e389aea9f00b7520b19bf,0.6620000600814819,0.33799993991851807,188,1728,,global_top_l_filter,5000,0.0
B,hnsw,shuffle,hour==13,35.0,,,,3336,0.02319404852951401,726d2dc87de9821d1cd7ca414f5ed142c13a0059308d2bc7a154c6b966cd349c,0.6519999504089355,0.34800004959106445,184,1728,,global_top_l_filter,5000,0.0
B,hnsw,shuffle,hour==13,36.0,,,,3336,0.02319404852951401,01381a775e0192e1c9da131f01262c2f0cd6147d56866a7980555c2d3a1f9769,0.6685000658035278,0.33149993419647217,194,1728,,global_top_l_filter,5000,0.0
B,hnsw,shuffle,hour==13,37.0,,,,3336,0.02319404852951401,cc26b62ecb10fe2296cfd36e3720dae7580c7909d2477f378b664ca173efcb23,0.6644999980926514,0.33550000190734863,186,1728,,global_top_l_filter,5000,0.0
B,hnsw,shuffle,hour==13,38.0,,,,3336,0.02319404852951401,d56c92c5c2662b035232a6bb83c7ea23299a83d3b79cbc9135fa87c7c0b0e697,0.6559999585151672,0.34400004148483276,193,1728,,global_top_l_filter,5000,0.0
B,hnsw,shuffle,hour==13,39.0,,,,3336,0.02319404852951401,ecf6cf17ea4580465cfc4a0a45922873d2e8963e9bbe83c7c1b9f7c42c7bae8b,0.6489999890327454,0.35100001096725464,191,1728,,global_top_l_filter,5000,0.0
B,hnsw,shuffle,hour==13,40.0,,,,3336,0.02319404852951401,9479696bb2744766c2a73a3e34aa8af73aac99fb6fe51c7ab937e773811911ab,0.6330000162124634,0.3669999837875366,186,1728,,global_top_l_filter,5000,0.0
B,hnsw,shuffle,hour==13,41.0,,,,3336,0.02319404852951401,77d7de51991195e13cf30bdc21bb46e4930bb05c253b37eaa4b51d6de58d9d75,0.6370000243186951,0.36299997568130493,188,1728,,global_top_l_filter,5000,0.0
B,hnsw,shuffle,hour==13,42.0,,,,3336,0.02319404852951401,ca9dc80f778fb3ef9d93f4752dd3291129309b9d127e0d306ebc6a27535df3ce,0.6710000038146973,0.32899999618530273,189,1728,,global_top_l_filter,5000,0.0
B,hnsw,shuffle,hour==13,43.0,,,,3336,0.02319404852951401,790786b804df7fce230b732f292361779d8dcde25731ed0169e2b5a38fd540f1,0.6565000414848328,0.34349995851516724,189,1728,,global_top_l_filter,5000,0.0
B,hnsw,shuffle,hour==13,44.0,,,,3336,0.02319404852951401,14e7090091e4a833668c61ef916cbd766871c808e5e6963dcd01852a902b6394,0.6605000495910645,0.33949995040893555,188,1728,,global_top_l_filter,5000,0.0
B,hnsw,shuffle,hour==13,45.0,,,,3336,0.02319404852951401,88d066345fcdaebc740b32475d1c01d3093c268027109574297150a07710b43c,0.6594999432563782,0.3405000567436218,190,1728,,global_top_l_filter,5000,0.0
B,hnsw,shuffle,hour==13,46.0,,,,3336,0.02319404852951401,ea2c91594b6da9811a6bbe267d45104c475285cf364514d130eadb75b0373d26,0.6535000801086426,0.3464999198913574,189,1728,,global_top_l_filter,5000,0.0
B,hnsw,shuffle,hour==13,47.0,,,,3336,0.02319404852951401,1cb5f81a89752b65635787459daca96d015fde42553290bfbd88d6a6fa39abe6,0.640500009059906,0.359499990940094,189,1728,,global_top_l_filter,5000,0.0
B,hnsw,shuffle,hour==13,48.0,,,,3336,0.02319404852951401,5cb54e622e644dd775912c6bbc352ca808d4a288d7c6750b50bf484e14050adc,0.637999951839447,0.362000048160553,183,1728,,global_top_l_filter,5000,0.0
B,hnsw,shuffle,hour==13,49.0,,,,3336,0.02319404852951401,b9f836395252c2f9c7912248b3df2f394cb40f0e921dee0ff79517b029b8c0a2,0.6175000071525574,0.3824999928474426,190,1728,,global_top_l_filter,5000,0.0
B,hnsw,shuffle,hour==13,50.0,,,,3336,0.02319404852951401,b4afb7279083f24d1ef70aabf6fe1541dadd7fca8d7f8b8eaadbe082099733d4,0.6584999561309814,0.34150004386901855,189,1728,,global_top_l_filter,5000,0.0
B,hnsw,shuffle,hour==13,51.0,,,,3336,0.02319404852951401,b1ceb9b2868be81a152cc068451adb93affce793f3d9540c9fa38fcd523e5ea7,0.6394999623298645,0.3605000376701355,191,1728,,global_top_l_filter,5000,0.0
B,hnsw,shuffle,hour==13,52.0,,,,3336,0.02319404852951401,6ba3b441dc5adc26d259b959f9d700ddbdb78917b1a95b2bc7e3f6dfb488a829,0.6549999713897705,0.3450000286102295,186,1728,,global_top_l_filter,5000,0.0
B,hnsw,shuffle,hour==13,53.0,,,,3336,0.02319404852951401,3fe4e8bff1aa0d3758dfd0cfd86b8f7c0bcff3d7eb5a4bacfab2b22db5a935fe,0.6615000367164612,0.3384999632835388,195,1728,,global_top_l_filter,5000,0.0
B,hnsw,shuffle,hour==13,54.0,,,,3336,0.02319404852951401,2a2f711bb96afde1990f2db299925bc9b6ff2a43b575b01ab2f91fd718b78ef8,0.6600000262260437,0.3399999737739563,188,1728,,global_top_l_filter,5000,0.0
B,hnsw,shuffle,hour==13,55.0,,,,3336,0.02319404852951401,8e7d7f60edf0c0bb620fa61420b2c6f71c6852a21df0582862021a41d08320c9,0.6544999480247498,0.34550005197525024,189,1728,,global_top_l_filter,5000,0.0
B,hnsw,shuffle,hour==13,56.0,,,,3336,0.02319404852951401,d24882c1169203bddf403ffc50830c32de8c66ce0013fe30d5e45bae36100a35,0.6439999938011169,0.35600000619888306,190,1728,,global_top_l_filter,5000,0.0
B,hnsw,shuffle,hour==13,57.0,,,,3336,0.02319404852951401,bd69c3f92583e9d20d7aaac3310be85071e36d2a55f7f5799cdbef7eccb16027,0.6455000042915344,0.3544999957084656,190,1728,,global_top_l_filter,5000,0.0
B,hnsw,shuffle,hour==13,58.0,,,,3336,0.02319404852951401,4dc21519ddd8bdf3277f33218406f23511734969d60b800fb64fcb77ca791d4e,0.6695000529289246,0.33049994707107544,183,1728,,global_top_l_filter,5000,0.0
B,hnsw,shuffle,hour==13,59.0,,,,3336,0.02319404852951401,44e08f97f0f51a70e5fcec8ddc3345d0057db83d9fd7ce85f451cb028ce66940,0.6549999713897705,0.3450000286102295,190,1728,,global_top_l_filter,5000,0.0
B,hnsw,shuffle,hour==13,60.0,,,,3336,0.02319404852951401,beb2d67940b3cf9bfcdf2954007f65e07dbfb456aa1cfd605d87aa849280dae8,0.6665000319480896,0.3334999680519104,185,1728,,global_top_l_filter,5000,0.0
B,hnsw,shuffle,hour==13,61.0,,,,3336,0.02319404852951401,5f6e8407f5d0ec4851f879142c9241a7a66d2ddf119436b7c3de3b64ac8acb0a,0.6840000152587891,0.31599998474121094,188,1728,,global_top_l_filter,5000,0.0
B,hnsw,shuffle,hour==13,62.0,,,,3336,0.02319404852951401,b8e88945d131792f16e9067342f04e2f97911e48ed4c1107851f6715d3c373d8,0.6575000286102295,0.3424999713897705,186,1728,,global_top_l_filter,5000,0.0
B,hnsw,shuffle,hour==13,63.0,,,,3336,0.02319404852951401,c0f315c0f3e95d4c61bc248de14bda0bb5ef790cb5516b08f6ea55e5490b0623,0.6430000066757202,0.3569999933242798,190,1728,,global_top_l_filter,5000,0.0
B,hnsw,shuffle,hour==13,64.0,,,,3336,0.02319404852951401,857ffeb7f6ff16905d13288cb1358f3e9c45065b7699eff1411345950f3d69dc,0.6565000414848328,0.34349995851516724,181,1728,,global_top_l_filter,5000,0.0
B,hnsw,shuffle,hour==13,65.0,,,,3336,0.02319404852951401,53fde659aea19a020f0566a424a2fa1122d45d7960c93aa5a3bd9b15c3f8aa65,0.6404999494552612,0.35950005054473877,189,1728,,global_top_l_filter,5000,0.0
B,hnsw,shuffle,hour==13,66.0,,,,3336,0.02319404852951401,fadfc57c27f6ffb10223fd51d3e326b2fd68c738c02e49f725d0a96ee8f01818,0.6839999556541443,0.3160000443458557,184,1728,,global_top_l_filter,5000,0.0
B,hnsw,shuffle,hour==13,67.0,,,,3336,0.02319404852951401,968fb3c650642bb780f5a02a7e82d59c2a4af81340b0f1e22a82ec9d65ed8231,0.6464999318122864,0.3535000681877136,190,1728,,global_top_l_filter,5000,0.0
B,hnsw,shuffle,hour==13,68.0,,,,3336,0.02319404852951401,b33185676c89194e60549c1fe56672f49ef8bea6d29c5e6e96026f97eddab376,0.6710000038146973,0.32899999618530273,191,1728,,global_top_l_filter,5000,0.0
B,hnsw,shuffle,hour==13,69.0,,,,3336,0.02319404852951401,345806fb27d00ac7fcc6e4737845c4ec0f93d352626e1475febdacea031336cb,0.6605000495910645,0.33949995040893555,189,1728,,global_top_l_filter,5000,0.0
B,hnsw,shuffle,hour==13,70.0,,,,3336,0.02319404852951401,eba6e14b48179f75449a2331e787f0b40d8e84c7ded1ef58357ee59a0ed3f6fe,0.6399999856948853,0.36000001430511475,187,1728,,global_top_l_filter,5000,0.0
B,hnsw,shuffle,hour==13,71.0,,,,3336,0.02319404852951401,45b919d9ee67f9e1dff0e090741d834d6d8a6c04989099059b86e24a5197e3fd,0.6594999432563782,0.3405000567436218,190,1728,,global_top_l_filter,5000,0.0
B,hnsw,shuffle,hour==13,72.0,,,,3336,0.02319404852951401,a89954030fec698bfeab974f70134c099e5337feccab5f20ee0628c3b7b1f658,0.6439999938011169,0.35600000619888306,193,1728,,global_top_l_filter,5000,0.0
B,hnsw,shuffle,hour==13,73.0,,,,3336,0.02319404852951401,501a88386b408e5ba958bb5fcbebaeb0f2e89e1265db330398ae20849e86e77b,0.659000039100647,0.340999960899353,188,1728,,global_top_l_filter,5000,0.0
B,hnsw,shuffle,hour==13,74.0,,,,3336,0.02319404852951401,17a802a858cb5a0d47fc12c71db1083038e38d684756dce1f289cc92cdf5d861,0.6584999561309814,0.34150004386901855,182,1728,,global_top_l_filter,5000,0.0
B,hnsw,shuffle,hour==13,75.0,,,,3336,0.02319404852951401,33cb3a4b6e07e92c3a676d5c156c0a778f2761bc00137bcba61df92d2fd8b087,0.6755000352859497,0.3244999647140503,187,1728,,global_top_l_filter,5000,0.0
B,hnsw,shuffle,hour==13,76.0,,,,3336,0.02319404852951401,9ae7076786298ecc3e73a5bd835619ce982f96a0ca3f45a830423862b021a9ef,0.6694999933242798,0.3305000066757202,186,1728,,global_top_l_filter,5000,0.0
B,hnsw,shuffle,hour==13,77.0,,,,3336,0.02319404852951401,a0238bb677283462dd3d02bda42aae7a0bea90c9afbd4856cacd6c070005852a,0.6640000343322754,0.3359999656677246,183,1728,,global_top_l_filter,5000,0.0
B,hnsw,shuffle,hour==13,78.0,,,,3336,0.02319404852951401,e8a67531d18c5290abdecdbd5cc0e5e33e5ab88b823e9c5f40ad10a365cead45,0.6495000720024109,0.3504999279975891,192,1728,,global_top_l_filter,5000,0.0
B,hnsw,shuffle,hour==13,79.0,,,,3336,0.02319404852951401,a0daaaa8ee91e6d274214366a73b2dc36543f8b28def3c001f363dffab5751d1,0.6530000567436218,0.3469999432563782,193,1728,,global_top_l_filter,5000,0.0
B,hnsw,shuffle,hour==13,80.0,,,,3336,0.02319404852951401,951b2dc88487e05c2ab7a7288544e1fa44f3a8eb87bde20504c4b53225858074,0.6324999928474426,0.3675000071525574,190,1728,,global_top_l_filter,5000,0.0
B,hnsw,shuffle,hour==13,81.0,,,,3336,0.02319404852951401,6fdb2f58dcad38818a98bb9a9173cc60d415e79330d962d006b6c2d52d26526a,0.6259999871253967,0.37400001287460327,189,1728,,global_top_l_filter,5000,0.0
B,hnsw,shuffle,hour==13,82.0,,,,3336,0.02319404852951401,552cf50acf9b9dd426bda622026e7768e4edb629d0d51bd9f27ee2c1094be547,0.656999945640564,0.34300005435943604,190,1728,,global_top_l_filter,5000,0.0
B,hnsw,shuffle,hour==13,83.0,,,,3336,0.02319404852951401,b3c793103f525f1dd9071075f716fb5816becf6ae76148f9a80118af98521ad5,0.6549999713897705,0.3450000286102295,189,1728,,global_top_l_filter,5000,0.0
B,hnsw,shuffle,hour==13,84.0,,,,3336,0.02319404852951401,b91f4398740831fd3cddf0e42c2a9f85e8cb58f421e41565f1f0aec242dd63b4,0.6635000109672546,0.33649998903274536,190,1728,,global_top_l_filter,5000,0.0
B,hnsw,shuffle,hour==13,85.0,,,,3336,0.02319404852951401,e0a22450d5ba620c47c6d8317a2b91a7bfaef50219d12e48740575115149de95,0.6559999585151672,0.34400004148483276,186,1728,,global_top_l_filter,5000,0.0
B,hnsw,shuffle,hour==13,86.0,,,,3336,0.02319404852951401,a48022a5cb6418f86bb25935e8ec3b6997feff8a254b0b8e97d5ea0562f4fcc2,0.659000039100647,0.340999960899353,186,1728,,global_top_l_filter,5000,0.0
B,hnsw,shuffle,hour==13,87.0,,,,3336,0.02319404852951401,ed367878dcbb642ebd38daa1ad3f39ca6bf5560a8badff6e30ee67b85dc89392,0.659000039100647,0.340999960899353,185,1728,,global_top_l_filter,5000,0.0
B,hnsw,shuffle,hour==13,88.0,,,,3336,0.02319404852951401,05af8a1c55b6b15acdf653783856c4c07d4af747cdd5534c949b7322a0aa828d,0.6559999585151672,0.34400004148483276,193,1728,,global_top_l_filter,5000,0.0
B,hnsw,shuffle,hour==13,89.0,,,,3336,0.02319404852951401,a876880516602032a0935d0d05bf36caaa7d74b5a1db2daf3310dcfcaa9278fc,0.6695000529289246,0.33049994707107544,194,1728,,global_top_l_filter,5000,0.0
B,hnsw,shuffle,hour==13,90.0,,,,3336,0.02319404852951401,d618ec67c0493ec02dd0c128ffdb8d0d9c917c703e74382e5e5426f79eb0b55d,0.6675000190734863,0.33249998092651367,181,1728,,global_top_l_filter,5000,0.0
B,hnsw,shuffle,hour==13,91.0,,,,3336,0.02319404852951401,f49f0df9ae8fef14578f006854838460d7409dfdc8b333ea6ca5f516a4131478,0.6399999856948853,0.36000001430511475,191,1728,,global_top_l_filter,5000,0.0
B,hnsw,shuffle,hour==13,92.0,,,,3336,0.02319404852951401,29c3794c26e4536a253deb318ed96fd68e01c5048dc2eda86facb3cd657bc9a0,0.6365000009536743,0.3634999990463257,191,1728,,global_top_l_filter,5000,0.0
B,hnsw,shuffle,hour==13,93.0,,,,3336,0.02319404852951401,9b7ef389408be48695abaa969e2853ad77ba78015226717672e65e405247b6a2,0.6469999551773071,0.35300004482269287,187,1728,,global_top_l_filter,5000,0.0
B,hnsw,shuffle,hour==13,94.0,,,,3336,0.02319404852951401,59d1e7dffa869a8f83f0e232008ac445c83ff2a6be43c98f234562320e88fdba,0.6755000352859497,0.3244999647140503,187,1728,,global_top_l_filter,5000,0.0
B,hnsw,shuffle,hour==13,95.0,,,,3336,0.02319404852951401,4a0475bfbe19b7e60705ec1c27c1dd17d4cff2e4b49a4296cd3d15d85e0f6ecc,0.6519999504089355,0.34800004959106445,185,1728,,global_top_l_filter,5000,0.0
B,hnsw,shuffle,hour==13,96.0,,,,3336,0.02319404852951401,767fe939db4d08b4bd4f80f8914f367a952a46157106c81118c268f76e948ad0,0.6444999575614929,0.3555000424385071,196,1728,,global_top_l_filter,5000,0.0
B,hnsw,shuffle,hour==13,97.0,,,,3336,0.02319404852951401,0462ae35e7acbffd43efb29c0e71edb8d8cbb5775bab0b9da6889a60c9b73b30,0.6499999761581421,0.3500000238418579,190,1728,,global_top_l_filter,5000,0.0
B,hnsw,shuffle,hour==13,98.0,,,,3336,0.02319404852951401,3d20e56e17ee99e9008c0bcf832762c017b557cf83b7b906a25419cda9c85680,0.6635000109672546,0.33649998903274536,192,1728,,global_top_l_filter,5000,0.0
B,hnsw,shuffle,hour==13,99.0,,,,3336,0.02319404852951401,ff4c507df44a64f4b0e309e0f2e2c78c9f22ba006350acb5ff699e5413c0107d,0.6435000896453857,0.35649991035461426,193,1728,,global_top_l_filter,5000,0.0
B,hnsw,natural,hour==14,,,,,16446,0.11434332197733435,10cc8d66d7d7e654354b9221c365ed06ef0f32282f34ac5ecdff30fd43978c63,0.6330000162124634,0.3669999837875366,101,352,0.8192970274372842,global_top_l_filter,10000,0.005
B,hnsw,shuffle,hour==14,0.0,,,,16446,0.11434332197733435,3aa23fdb67e7890eaa26623f783c2b70cc10d28620053c5a5e8d82fd3483c94b,0.9819999933242798,0.018000006675720215,25,352,,global_top_l_filter,5000,0.0
B,hnsw,shuffle,hour==14,1.0,,,,16446,0.11434332197733435,e51e5db2329b688d14fac62f7ff45e7d767b7847e01e4b557dcf8c073f05833e,0.9885000586509705,0.011499941349029541,15,352,,global_top_l_filter,5000,0.0
B,hnsw,shuffle,hour==14,2.0,,,,16446,0.11434332197733435,c47b4eafc4857d9f36e0d38b252d5a5005759ef5d6e6685bd880571ec5c6bbf1,0.9900000095367432,0.009999990463256836,17,352,,global_top_l_filter,5000,0.0
B,hnsw,shuffle,hour==14,3.0,,,,16446,0.11434332197733435,3ed879ed8e3b438aa27c678b45590027b551eeb030a2bb68073508a8dcc289eb,0.9884999990463257,0.011500000953674316,20,352,,global_top_l_filter,5000,0.0
B,hnsw,shuffle,hour==14,4.0,,,,16446,0.11434332197733435,510a97793779a5cdd0a70c8502cd0226ef0f98e24153162088955a0de6f8e29c,0.9914999604225159,0.00850003957748413,15,352,,global_top_l_filter,5000,0.0
B,hnsw,shuffle,hour==14,5.0,,,,16446,0.11434332197733435,5668faad09296d0a6d945158ef6569a4caa077621ee7f578156d28152fbe22d8,0.9900000095367432,0.009999990463256836,18,352,,global_top_l_filter,5000,0.0
B,hnsw,shuffle,hour==14,6.0,,,,16446,0.11434332197733435,56ff29c8a3a91c5094dc35212b0f08ee2f247758387d9776f41328f5c6c77f44,0.9880000352859497,0.011999964714050293,23,352,,global_top_l_filter,5000,0.0
B,hnsw,shuffle,hour==14,7.0,,,,16446,0.11434332197733435,ac9039a6de83947fe545e402e5f1c3ff2ad1148f386867c022aeb5ebfdd87cd8,0.9925000071525574,0.007499992847442627,11,352,,global_top_l_filter,5000,0.0
B,hnsw,shuffle,hour==14,8.0,,,,16446,0.11434332197733435,bcbc96debef5936887b242a9baea9995e661ee13adb860490667cf98c59f2518,0.9909999966621399,0.009000003337860107,17,352,,global_top_l_filter,5000,0.0
B,hnsw,shuffle,hour==14,9.0,,,,16446,0.11434332197733435,96924f7503064eb50b992d8cf5cd9972b1d5781ad1200a312a8a3738824293f7,0.9865000247955322,0.013499975204467773,22,352,,global_top_l_filter,5000,0.0
B,hnsw,shuffle,hour==14,10.0,,,,16446,0.11434332197733435,10f24cd6c23ab344b7ae80ee2d3d6ea55e6b9b574b72643b6f485c9075b3753d,0.9879999756813049,0.012000024318695068,20,352,,global_top_l_filter,5000,0.0
B,hnsw,shuffle,hour==14,11.0,,,,16446,0.11434332197733435,435100b5c89d3399437b2c641c385227a8afaa18d1aba42cef1c9e2a7a9eb88e,0.9894999861717224,0.010500013828277588,18,352,,global_top_l_filter,5000,0.0
B,hnsw,shuffle,hour==14,12.0,,,,16446,0.11434332197733435,5f39b225ef0e596daab31fd68141c4ff0966970b7d48e287af02010548d5a58f,0.9865000247955322,0.013499975204467773,21,352,,global_top_l_filter,5000,0.0
B,hnsw,shuffle,hour==14,13.0,,,,16446,0.11434332197733435,fff4beb40c0013c0f1e6e304bc8388e374b764bf0cd3021306dd9b246a6535a5,0.9855000376701355,0.014499962329864502,20,352,,global_top_l_filter,5000,0.0
B,hnsw,shuffle,hour==14,14.0,,,,16446,0.11434332197733435,afef7c4e8d7188f610766211d846aec3c1e6de8d274da956dc06fff398983670,0.9885000586509705,0.011499941349029541,18,352,,global_top_l_filter,5000,0.0
B,hnsw,shuffle,hour==14,15.0,,,,16446,0.11434332197733435,0e0f16be58a4fdc49d29aa15e5627dfdc06415cf20259febe3316dec888558e2,0.9860000610351562,0.01399993896484375,15,352,,global_top_l_filter,5000,0.0
B,hnsw,shuffle,hour==14,16.0,,,,16446,0.11434332197733435,d9932fb8ae534646e717c80b66ff41fc4b4832bf501e336e6e9bcdb4fd934c40,0.9860000014305115,0.013999998569488525,22,352,,global_top_l_filter,5000,0.0
B,hnsw,shuffle,hour==14,17.0,,,,16446,0.11434332197733435,20f03e4260448f207da47ae19ef3bd7bece7245a3b1b64390f9db5f68f4cde63,0.9925000071525574,0.007499992847442627,14,352,,global_top_l_filter,5000,0.0
B,hnsw,shuffle,hour==14,18.0,,,,16446,0.11434332197733435,8e38523bcb1450d7d1a25751f987b414d6bb1f87bb35f38984ff84e231fe84b3,0.9914999604225159,0.00850003957748413,14,352,,global_top_l_filter,5000,0.0
B,hnsw,shuffle,hour==14,19.0,,,,16446,0.11434332197733435,598a5c0c54c8a6e5217b4719261aaaa5109895f9ad2001a8a68335342acf0601,0.9914999604225159,0.00850003957748413,17,352,,global_top_l_filter,5000,0.0
B,hnsw,shuffle,hour==14,20.0,,,,16446,0.11434332197733435,d35295d3b7665080951b635e3b625c35fc5c1ac2ea23628fee0b97da36911227,0.9894999861717224,0.010500013828277588,17,352,,global_top_l_filter,5000,0.0
B,hnsw,shuffle,hour==14,21.0,,,,16446,0.11434332197733435,61a8a073605cc99df35b3e61047778f613afd723118590e898afa57def1ed36e,0.9894999861717224,0.010500013828277588,16,352,,global_top_l_filter,5000,0.0
B,hnsw,shuffle,hour==14,22.0,,,,16446,0.11434332197733435,994d94f56a06edc685dbf4fcb7c37984bbbd9e28b15e63be1040bf1e04e22e36,0.9904999732971191,0.00950002670288086,17,352,,global_top_l_filter,5000,0.0
B,hnsw,shuffle,hour==14,23.0,,,,16446,0.11434332197733435,4a6ad35fc03e4024a9f7c5e1c95f43bace68a6c99bd5188edd33735aaf787f4f,0.9919999837875366,0.008000016212463379,12,352,,global_top_l_filter,5000,0.0
B,hnsw,shuffle,hour==14,24.0,,,,16446,0.11434332197733435,bf52ecec3cc72ff5bf0736f50888f8363feb53110616f1b6dbaa1ef3e45ce200,0.9890000224113464,0.010999977588653564,20,352,,global_top_l_filter,5000,0.0
B,hnsw,shuffle,hour==14,25.0,,,,16446,0.11434332197733435,e051df77871afd4094657e1fff19c125b672f91fcb9589d86264d5c3dffdbff5,0.9879999756813049,0.012000024318695068,17,352,,global_top_l_filter,5000,0.0
B,hnsw,shuffle,hour==14,26.0,,,,16446,0.11434332197733435,08112c1f38e80fb33b811245e5e5bb9bffb478ba232dd20910370a27376b5ea6,0.9909999370574951,0.009000062942504883,15,352,,global_top_l_filter,5000,0.0
B,hnsw,shuffle,hour==14,27.0,,,,16446,0.11434332197733435,71a497389706b0693df973199f267015236291279a31d1b58c7b32fccc767d00,0.9865000247955322,0.013499975204467773,20,352,,global_top_l_filter,5000,0.0
B,hnsw,shuffle,hour==14,28.0,,,,16446,0.11434332197733435,744606700eb47df75f52eb79282a059ac79e0eaf4364a40bf604a5c2760b5760,0.9939999580383301,0.006000041961669922,11,352,,global_top_l_filter,5000,0.0
B,hnsw,shuffle,hour==14,29.0,,,,16446,0.11434332197733435,ea2a5e7324b129b72baa595ad4d589d0f2c749d9f325e3d2570fa8047ea0d78b,0.9915000200271606,0.008499979972839355,13,352,,global_top_l_filter,5000,0.0
B,hnsw,shuffle,hour==14,30.0,,,,16446,0.11434332197733435,eb4b71287038689efcbc9295888f87d2891e5c0dfa493589dabecf0efdb7ca6a,0.9884999990463257,0.011500000953674316,17,352,,global_top_l_filter,5000,0.0
B,hnsw,shuffle,hour==14,31.0,,,,16446,0.11434332197733435,36fb8c6224ce89e3a55aa95bae4c7befac58a5a8d1ca91c3633f5aa1f298bf75,0.9909999966621399,0.009000003337860107,11,352,,global_top_l_filter,5000,0.0
B,hnsw,shuffle,hour==14,32.0,,,,16446,0.11434332197733435,c4c6d0deab4c2606dd17989dacd30fc77ceac3b7f40344f73eddf3b27947d817,0.9905000329017639,0.009499967098236084,18,352,,global_top_l_filter,5000,0.0
B,hnsw,shuffle,hour==14,33.0,,,,16446,0.11434332197733435,1fc1a2f8a3add0959e92024135ba3e5abb5fabf88cb2dd85d7eb3e797bfc5ab8,0.9900000095367432,0.009999990463256836,17,352,,global_top_l_filter,5000,0.0
B,hnsw,shuffle,hour==14,34.0,,,,16446,0.11434332197733435,5c9027bcf1decb633e87c44fb85c09ea5181071236eaa5055c555c2de085c9d6,0.987500011920929,0.012499988079071045,20,352,,global_top_l_filter,5000,0.0
B,hnsw,shuffle,hour==14,35.0,,,,16446,0.11434332197733435,15beffd03b86b955eece71ecfc0bf2500fa30a66d91fc50576cc8b106691772c,0.9879999756813049,0.012000024318695068,22,352,,global_top_l_filter,5000,0.0
B,hnsw,shuffle,hour==14,36.0,,,,16446,0.11434332197733435,14796f271b0404816cc840fe9c9eaa8b9b59927fafb12d8f9a3b078bd895f422,0.9865000247955322,0.013499975204467773,20,352,,global_top_l_filter,5000,0.0
B,hnsw,shuffle,hour==14,37.0,,,,16446,0.11434332197733435,b13556eee21ce2f4ddda8fdfc3f273a1317bc9b50e1840de72df7ba3ed4749c3,0.9925000071525574,0.007499992847442627,15,352,,global_top_l_filter,5000,0.0
B,hnsw,shuffle,hour==14,38.0,,,,16446,0.11434332197733435,85da28c508b936e5f2950ed14db7ebe0b826cab06cd356f93d8868ccd4e8d5dc,0.9919999837875366,0.008000016212463379,14,352,,global_top_l_filter,5000,0.0
B,hnsw,shuffle,hour==14,39.0,,,,16446,0.11434332197733435,985e01f2f4278502bda9ca65c5b05a32f5ce325d5029d3774f5f84126f85e041,0.9909999370574951,0.009000062942504883,15,352,,global_top_l_filter,5000,0.0
B,hnsw,shuffle,hour==14,40.0,,,,16446,0.11434332197733435,91aa0b8e2bbd36c1830859fcc088369c2c76ec4844a4b0a2991ddb5ef3e03743,0.9864999651908875,0.013500034809112549,20,352,,global_top_l_filter,5000,0.0
B,hnsw,shuffle,hour==14,41.0,,,,16446,0.11434332197733435,6bfe20644416cd41d20162cb3d0876383520e7b07ebe3eb21c1cca402455ef5a,0.9904999732971191,0.00950002670288086,18,352,,global_top_l_filter,5000,0.0
B,hnsw,shuffle,hour==14,42.0,,,,16446,0.11434332197733435,863722c2bcc0ca9d87f8e16ab8d38f66e742d8ae2b94bce589b8ba373b92b113,0.9900000095367432,0.009999990463256836,18,352,,global_top_l_filter,5000,0.0
B,hnsw,shuffle,hour==14,43.0,,,,16446,0.11434332197733435,717eaf17f6764bd5a1b648f67ad55e83bfbf6361050b8c4a6596b2f59dcc8bf4,0.9905000329017639,0.009499967098236084,17,352,,global_top_l_filter,5000,0.0
B,hnsw,shuffle,hour==14,44.0,,,,16446,0.11434332197733435,c2ec4c41a8188ffe7b50600529f5f7658bbbbf08ea95daa8421787309c66f79d,0.9880000352859497,0.011999964714050293,17,352,,global_top_l_filter,5000,0.0
B,hnsw,shuffle,hour==14,45.0,,,,16446,0.11434332197733435,db3a7c4f1a426d7d0dfec7e81f459f5d5338cc95df477783327b74ec9efa5b9e,0.987500011920929,0.012499988079071045,21,352,,global_top_l_filter,5000,0.0
B,hnsw,shuffle,hour==14,46.0,,,,16446,0.11434332197733435,3af503317b4840c3bed15d20ef5e238d5313ad99867367903ad735fcf3755d6f,0.9889999628067017,0.01100003719329834,20,352,,global_top_l_filter,5000,0.0
B,hnsw,shuffle,hour==14,47.0,,,,16446,0.11434332197733435,9a390d7c0f96ce1bfa8cd3e55ad9f713e89e9dfd51a6643ed85227ecc339e9de,0.987500011920929,0.012499988079071045,21,352,,global_top_l_filter,5000,0.0
B,hnsw,shuffle,hour==14,48.0,,,,16446,0.11434332197733435,783e5cead22ead1e7c8a98cfb97eb6b02e37c4615d0739c6d1f47ef242c151e1,0.9905000329017639,0.009499967098236084,15,352,,global_top_l_filter,5000,0.0
B,hnsw,shuffle,hour==14,49.0,,,,16446,0.11434332197733435,cf1025cab377a0684d3454921086decddea57d16cccb07e575e20a9da25bf425,0.9909999966621399,0.009000003337860107,13,352,,global_top_l_filter,5000,0.0
B,hnsw,shuffle,hour==14,50.0,,,,16446,0.11434332197733435,daaf4e1e667494c4fc13c6c4b07cb5a52aeb0dd99c11fe06d4357f3a1da181c7,0.9939999580383301,0.006000041961669922,12,352,,global_top_l_filter,5000,0.0
B,hnsw,shuffle,hour==14,51.0,,,,16446,0.11434332197733435,a0c8010b250ea43c8cc78e504bc93a41c29244245ea4cbfcc8e47e6cb1e08d40,0.9869999885559082,0.013000011444091797,17,352,,global_top_l_filter,5000,0.0
B,hnsw,shuffle,hour==14,52.0,,,,16446,0.11434332197733435,84adf50849bc02fa241bb83066c3a951278c2687d0581d4950c1b511d0f0a304,0.9869999885559082,0.013000011444091797,21,352,,global_top_l_filter,5000,0.0
B,hnsw,shuffle,hour==14,53.0,,,,16446,0.11434332197733435,5be0ccd0ef80734f5111aea1455a827b2e1bc556979904e4bf6f776667cc2f0e,0.9880000352859497,0.011999964714050293,19,352,,global_top_l_filter,5000,0.0
B,hnsw,shuffle,hour==14,54.0,,,,16446,0.11434332197733435,7dd15585751df8fac3094368718515540ae8282b27a9f1020a2bf016853a22f7,0.9889999628067017,0.01100003719329834,18,352,,global_top_l_filter,5000,0.0
B,hnsw,shuffle,hour==14,55.0,,,,16446,0.11434332197733435,a5f9f9c38240b4c17865051022e5bdcd25d1f729bbc2d989ee1114ba153d7a60,0.9884999990463257,0.011500000953674316,17,352,,global_top_l_filter,5000,0.0
B,hnsw,shuffle,hour==14,56.0,,,,16446,0.11434332197733435,c6832ab7df74a9df71d0aa52cc2cce8d320bda1f82d6d4d925462db3f08c940f,0.9889999628067017,0.01100003719329834,19,352,,global_top_l_filter,5000,0.0
B,hnsw,shuffle,hour==14,57.0,,,,16446,0.11434332197733435,a4f64cbc869541f6fa62ffd0147a543f9a1fab94cf2ab4c05847fc589621842a,0.9880000352859497,0.011999964714050293,18,352,,global_top_l_filter,5000,0.0
B,hnsw,shuffle,hour==14,58.0,,,,16446,0.11434332197733435,64d218a1c414016b95f81ab87c357af442f26c78a99c496152022bff045d57a9,0.9860000014305115,0.013999998569488525,21,352,,global_top_l_filter,5000,0.0
B,hnsw,shuffle,hour==14,59.0,,,,16446,0.11434332197733435,b8750687264a734ac3f2aa562eda3768d1732842f76ce09b4d2e7448b2a38517,0.9900000095367432,0.009999990463256836,16,352,,global_top_l_filter,5000,0.0
B,hnsw,shuffle,hour==14,60.0,,,,16446,0.11434332197733435,9955eb0080e2d6f86a715e411b43b9122859bd78a3ca9b24d84fc9466df8024f,0.9919999837875366,0.008000016212463379,15,352,,global_top_l_filter,5000,0.0
B,hnsw,shuffle,hour==14,61.0,,,,16446,0.11434332197733435,aca2a140bfeaf183781c75b656f2a828d907778dc552042c44200c6150439b8a,0.9914999604225159,0.00850003957748413,15,352,,global_top_l_filter,5000,0.0
B,hnsw,shuffle,hour==14,62.0,,,,16446,0.11434332197733435,82600e9e3d8233525eafb39a1024ead4d44a88016c44c04f75d05818d3a5951d,0.983500063419342,0.01649993658065796,22,352,,global_top_l_filter,5000,0.0
B,hnsw,shuffle,hour==14,63.0,,,,16446,0.11434332197733435,747b0669e513c435ee1946898097555eb5177d8b8895c2a2a60467a094c60bc4,0.9900000095367432,0.009999990463256836,17,352,,global_top_l_filter,5000,0.0
B,hnsw,shuffle,hour==14,64.0,,,,16446,0.11434332197733435,3e37c69c1bdaa244d5a446131f156aa73da91dced0df61aa082d5bfbd47fe633,0.9880000352859497,0.011999964714050293,17,352,,global_top_l_filter,5000,0.0
B,hnsw,shuffle,hour==14,65.0,,,,16446,0.11434332197733435,d8b0f1915cc64da11b0d5ab5c2b636d1bd261a6b105f373abb11fa7a0a7f821c,0.9929999709129333,0.00700002908706665,12,352,,global_top_l_filter,5000,0.0
B,hnsw,shuffle,hour==14,66.0,,,,16446,0.11434332197733435,781195deb9b8188f59b84826926303162c4d79c2f8f6226e8ee54d6c7148a9b2,0.9869999885559082,0.013000011444091797,20,352,,global_top_l_filter,5000,0.0
B,hnsw,shuffle,hour==14,67.0,,,,16446,0.11434332197733435,0947adac8726b897ee62f0b1cf591f9ac7db54f07fad79ddd106baeb1b931d78,0.9859998822212219,0.014000117778778076,24,352,,global_top_l_filter,5000,0.0
B,hnsw,shuffle,hour==14,68.0,,,,16446,0.11434332197733435,38d4daa7909d3b5ee1e9b7567f3159b71b0535981ca8a3c776e577d1fabbd1a8,0.9865000247955322,0.013499975204467773,19,352,,global_top_l_filter,5000,0.0
B,hnsw,shuffle,hour==14,69.0,,,,16446,0.11434332197733435,8de812f6d4da9a0ffcdd67f52b7dd5bdd9448cb703e204d2461a2bfa6fe7d04e,0.9829999804496765,0.017000019550323486,24,352,,global_top_l_filter,5000,0.0
B,hnsw,shuffle,hour==14,70.0,,,,16446,0.11434332197733435,119fa83f2dfa818b44302309c1b8c6a9ab17af79ead5f373c8df249b875dfb9e,0.984499990940094,0.015500009059906006,20,352,,global_top_l_filter,5000,0.0
B,hnsw,shuffle,hour==14,71.0,,,,16446,0.11434332197733435,7d5f0af8d5c5e4bb738aee5fa6de4556d4d958e9e34273085a019c85cac234b0,0.9905000329017639,0.009499967098236084,14,352,,global_top_l_filter,5000,0.0
B,hnsw,shuffle,hour==14,72.0,,,,16446,0.11434332197733435,6a3bd21efca0939d8e2746e155b9118041d18183502c4a05ab954b66dc2a57b6,0.9925000071525574,0.007499992847442627,15,352,,global_top_l_filter,5000,0.0
B,hnsw,shuffle,hour==14,73.0,,,,16446,0.11434332197733435,ea6161e6bf425e7782b66599f4e62beef91b3b743931afc3bea8c4d485c0730f,0.9889999628067017,0.01100003719329834,17,352,,global_top_l_filter,5000,0.0
B,hnsw,shuffle,hour==14,74.0,,,,16446,0.11434332197733435,a60d2aa04a61f102eabd1662fd184b3e7a6cc1f7c7c0c9365941910040af2e17,0.9900000095367432,0.009999990463256836,15,352,,global_top_l_filter,5000,0.0
B,hnsw,shuffle,hour==14,75.0,,,,16446,0.11434332197733435,bb7fb8bda314a4df25147bedf03d95b9fee6a33cb67757092bcccf42188699b9,0.984499990940094,0.015500009059906006,19,352,,global_top_l_filter,5000,0.0
B,hnsw,shuffle,hour==14,76.0,,,,16446,0.11434332197733435,ac3d5b2681d89277e25625578a719d310756123d1a2b8737aade1f3b96c9e85b,0.9905000329017639,0.009499967098236084,16,352,,global_top_l_filter,5000,0.0
B,hnsw,shuffle,hour==14,77.0,,,,16446,0.11434332197733435,ad5b9e0caf076d2ed62da8675a6c284d40d48f56835626f3824c21ac737c38dd,0.9880000352859497,0.011999964714050293,16,352,,global_top_l_filter,5000,0.0
B,hnsw,shuffle,hour==14,78.0,,,,16446,0.11434332197733435,6cd35cdc95a2f1e3bec98d1cdd3521934a7103da3638886accfe3c77c78c13ca,0.9900000095367432,0.009999990463256836,16,352,,global_top_l_filter,5000,0.0
B,hnsw,shuffle,hour==14,79.0,,,,16446,0.11434332197733435,0981a06e9e19d96de29cec518faae884f85b0833fa88882b74fb608a74781733,0.9925000071525574,0.007499992847442627,12,352,,global_top_l_filter,5000,0.0
B,hnsw,shuffle,hour==14,80.0,,,,16446,0.11434332197733435,4e4558378cd2df5a215dcf8924be42870256a979c8376ae24e799a9ee593aad0,0.9894999861717224,0.010500013828277588,16,352,,global_top_l_filter,5000,0.0
B,hnsw,shuffle,hour==14,81.0,,,,16446,0.11434332197733435,e4531e7f824ff2be68eadff312fd1b4e890acecee94cf55949bb155b3f276b0c,0.9900000095367432,0.009999990463256836,14,352,,global_top_l_filter,5000,0.0
B,hnsw,shuffle,hour==14,82.0,,,,16446,0.11434332197733435,fb0c26866571c7cfca5e8edd77673b6be1b7f81d9c1dc2dcd2e9961834a2609c,0.9925000071525574,0.007499992847442627,13,352,,global_top_l_filter,5000,0.0
B,hnsw,shuffle,hour==14,83.0,,,,16446,0.11434332197733435,9f9d936cdc74a9b5c1e8f2e2aa22475d4468b63d3bb54c103bad949c396f2f9d,0.9900000095367432,0.009999990463256836,17,352,,global_top_l_filter,5000,0.0
B,hnsw,shuffle,hour==14,84.0,,,,16446,0.11434332197733435,e77483f9c6dcc6ad16ac19ebbec31bf2505a57d4c2b64bf54816ccffee5e0d86,0.9894999861717224,0.010500013828277588,18,352,,global_top_l_filter,5000,0.0
B,hnsw,shuffle,hour==14,85.0,,,,16446,0.11434332197733435,52b7bcc01c3858975d5a249842d1f0712f323a87342642d3588ed2ec457c2ed6,0.9890000224113464,0.010999977588653564,14,352,,global_top_l_filter,5000,0.0
B,hnsw,shuffle,hour==14,86.0,,,,16446,0.11434332197733435,e62427786bce7e9b06e7871b6ee5a1736cf82d6dcea996e471c80bbb60ca1082,0.9880000352859497,0.011999964714050293,19,352,,global_top_l_filter,5000,0.0
B,hnsw,shuffle,hour==14,87.0,,,,16446,0.11434332197733435,0e61fdd9477d3bda031d42a3a1120d773285a8e8dee31297b7d378671569b0e5,0.9925000071525574,0.007499992847442627,14,352,,global_top_l_filter,5000,0.0
B,hnsw,shuffle,hour==14,88.0,,,,16446,0.11434332197733435,f1554a600b8d5ca7b3c0c3c34837fdd26254fbb7ea88048ad40e19a6c73919c9,0.9909999966621399,0.009000003337860107,17,352,,global_top_l_filter,5000,0.0
B,hnsw,shuffle,hour==14,89.0,,,,16446,0.11434332197733435,31cd11a5560bc058e9c26771032525c237047f2610a5e1aba204ae03e3a390c3,0.9900000095367432,0.009999990463256836,15,352,,global_top_l_filter,5000,0.0
B,hnsw,shuffle,hour==14,90.0,,,,16446,0.11434332197733435,c2b1426d694379442c979386ad3f59fddfe04982d2c0e687bb8838be337ca6d8,0.9919999837875366,0.008000016212463379,14,352,,global_top_l_filter,5000,0.0
B,hnsw,shuffle,hour==14,91.0,,,,16446,0.11434332197733435,d962058672eb0bd5626f6ab0c0c03418ee14cf6edd8221d714fe4a4b57e6122c,0.987500011920929,0.012499988079071045,19,352,,global_top_l_filter,5000,0.0
B,hnsw,shuffle,hour==14,92.0,,,,16446,0.11434332197733435,1f3755389a78ee42ca3914a47f41456c415900f91394e5931feb92001b813f7e,0.9934999942779541,0.0065000057220458984,10,352,,global_top_l_filter,5000,0.0
B,hnsw,shuffle,hour==14,93.0,,,,16446,0.11434332197733435,a9ae6f9af564aaff9859e58f35d301dc72839a720db9935210cabce822cd92a1,0.9855000376701355,0.014499962329864502,21,352,,global_top_l_filter,5000,0.0
B,hnsw,shuffle,hour==14,94.0,,,,16446,0.11434332197733435,dc3b90d9acaa7019d25524da2e15827bdef2f41cf2d47fb6e491a1c7052840e4,0.9914999604225159,0.00850003957748413,11,352,,global_top_l_filter,5000,0.0
B,hnsw,shuffle,hour==14,95.0,,,,16446,0.11434332197733435,8afec817fb32b38c422a2374018aa4c62c99480123c4dd1ab75c6ebe0d3fe53d,0.9905000329017639,0.009499967098236084,14,352,,global_top_l_filter,5000,0.0
B,hnsw,shuffle,hour==14,96.0,,,,16446,0.11434332197733435,a61e2d908583a86659844ca8be645b561febca4ce6e604540885fd0aaf9e42cd,0.9895000457763672,0.010499954223632812,13,352,,global_top_l_filter,5000,0.0
B,hnsw,shuffle,hour==14,97.0,,,,16446,0.11434332197733435,6494a7b0d9b4f7c0c3a960a336d7f07387e08d4b2f5a44fe7ec94fd5cecdf748,0.9894999861717224,0.010500013828277588,17,352,,global_top_l_filter,5000,0.0
B,hnsw,shuffle,hour==14,98.0,,,,16446,0.11434332197733435,134825e3cbc867326a4e3d860e36b9266f18a92966a56118dc342e8e6d8cd840,0.9919999837875366,0.008000016212463379,16,352,,global_top_l_filter,5000,0.0
B,hnsw,shuffle,hour==14,99.0,,,,16446,0.11434332197733435,ef597a95f3fd1fc5ce8cbe764ed249c8b025018462beebbc428a3689d263b0f7,0.984000027179718,0.015999972820281982,24,352,,global_top_l_filter,5000,0.0
B,hnsw,natural,hour==15,,,,,16190,0.11256344295348676,12ae3a687dd24e396ad2bbc96596526e974027d746509818341f199170c71120,0.640500009059906,0.359499990940094,106,356,0.8177329850155168,global_top_l_filter,10000,0.005
B,hnsw,shuffle,hour==15,0.0,,,,16190,0.11256344295348676,03be781a086a4429916597e8c29850f42137e5db96741ad11f2b69eb53d7e7cc,0.9889999628067017,0.01100003719329834,18,356,,global_top_l_filter,5000,0.0
B,hnsw,shuffle,hour==15,1.0,,,,16190,0.11256344295348676,5f4e89dd59603ce81a609a5f56ef03cfbf13db52a5db30f33b4e44a5400e0ebf,0.9929999709129333,0.00700002908706665,10,356,,global_top_l_filter,5000,0.0
B,hnsw,shuffle,hour==15,2.0,,,,16190,0.11256344295348676,85e48a30b8485e82ad9f41f9f7a16fe8928fc0343076941d0eca6ab9e5eb6b7a,0.9914999604225159,0.00850003957748413,13,356,,global_top_l_filter,5000,0.0
B,hnsw,shuffle,hour==15,3.0,,,,16190,0.11256344295348676,6b00a23f4d542e9657ddff0f4b2593665fbd63080f899196e63cb7ec1a680250,0.9874999523162842,0.01250004768371582,19,356,,global_top_l_filter,5000,0.0
B,hnsw,shuffle,hour==15,4.0,,,,16190,0.11256344295348676,9418a6ac77487dbd4a1f6ae533e9bca80bd82b549411457177b5a1e7aeefb726,0.9910000562667847,0.008999943733215332,16,356,,global_top_l_filter,5000,0.0
B,hnsw,shuffle,hour==15,5.0,,,,16190,0.11256344295348676,0985c21184e1552f8b9e1459d5e3cd1d40378454d99ac5ea9d94c1129887b4ee,0.9919999837875366,0.008000016212463379,13,356,,global_top_l_filter,5000,0.0
B,hnsw,shuffle,hour==15,6.0,,,,16190,0.11256344295348676,c0a1d601cd520484ac288f97e522777c33a1b226025dac6481000ee23ab82100,0.9925000071525574,0.007499992847442627,13,356,,global_top_l_filter,5000,0.0
B,hnsw,shuffle,hour==15,7.0,,,,16190,0.11256344295348676,ce399554716fe9fb3896497cbe786c52b7f8cc17ea9bf5cc9898b8b0f6cee303,0.9885000586509705,0.011499941349029541,19,356,,global_top_l_filter,5000,0.0
B,hnsw,shuffle,hour==15,8.0,,,,16190,0.11256344295348676,a36d0a0b247ab27a1c83ea85aa9883d80053052c157092b8b4a3e9d66b58a59a,0.9899999499320984,0.010000050067901611,18,356,,global_top_l_filter,5000,0.0
B,hnsw,shuffle,hour==15,9.0,,,,16190,0.11256344295348676,c5e248fd798843134bad25ae8598de586adf45eafde4a7d831590e247fddcf4b,0.9819999933242798,0.018000006675720215,23,356,,global_top_l_filter,5000,0.0
B,hnsw,shuffle,hour==15,10.0,,,,16190,0.11256344295348676,b4cb11257f7dbeab2caaf63e51145eec9776080a9625bff8d88d52d14feb1407,0.9864999651908875,0.013500034809112549,23,356,,global_top_l_filter,5000,0.0
B,hnsw,shuffle,hour==15,11.0,,,,16190,0.11256344295348676,58855c9cd7ee65c5055e287dcb2ab3d6e1adce1596db36cedeea0421effe3341,0.9880000352859497,0.011999964714050293,20,356,,global_top_l_filter,5000,0.0
B,hnsw,shuffle,hour==15,12.0,,,,16190,0.11256344295348676,8417b1677181deeffdd348914fda6b2b7b41aad24c64812d88d1b97528863e18,0.9864999651908875,0.013500034809112549,21,356,,global_top_l_filter,5000,0.0
B,hnsw,shuffle,hour==15,13.0,,,,16190,0.11256344295348676,5e1a58ddaa85f72f953f680b4c3e83c7539ce8fd33c6c53b87088b7b7a59a1fb,0.9884999990463257,0.011500000953674316,20,356,,global_top_l_filter,5000,0.0
B,hnsw,shuffle,hour==15,14.0,,,,16190,0.11256344295348676,8251bd50c8d1221fb57a30c5fcd75be748e231a55807ecfa9f72421819196616,0.9885000586509705,0.011499941349029541,16,356,,global_top_l_filter,5000,0.0
B,hnsw,shuffle,hour==15,15.0,,,,16190,0.11256344295348676,ccfa4444e82f51ae04f6eb521a3e4671b18629dda61edbc0ac6357d8e4f1b05c,0.9904999732971191,0.00950002670288086,18,356,,global_top_l_filter,5000,0.0
B,hnsw,shuffle,hour==15,16.0,,,,16190,0.11256344295348676,050ff51ffc18bbdbf770db73bf43d5ddded39f8d06fa9dc3eb5c2abc35e4cb15,0.9940000176429749,0.0059999823570251465,10,356,,global_top_l_filter,5000,0.0
B,hnsw,shuffle,hour==15,17.0,,,,16190,0.11256344295348676,2597d3676ab83774da5da3af9b06a9ce6325bc071b167f84a8f95d04cf28abd4,0.9914999604225159,0.00850003957748413,16,356,,global_top_l_filter,5000,0.0
B,hnsw,shuffle,hour==15,18.0,,,,16190,0.11256344295348676,ed793dba079c1efcf7d3f0ffe79ba9adffbc37e5fa80ae85dd351036661ca2e0,0.9909999966621399,0.009000003337860107,16,356,,global_top_l_filter,5000,0.0
B,hnsw,shuffle,hour==15,19.0,,,,16190,0.11256344295348676,62086a538d19826265cb0d8cd85ea1bc8e43a2a8e2c676e1742635c285976dcd,0.9910000562667847,0.008999943733215332,10,356,,global_top_l_filter,5000,0.0
B,hnsw,shuffle,hour==15,20.0,,,,16190,0.11256344295348676,488b0314a9dbd7b99bb581639e35187fb3b50451f028de40707fd1512898d0e9,0.9869999885559082,0.013000011444091797,18,356,,global_top_l_filter,5000,0.0
B,hnsw,shuffle,hour==15,21.0,,,,16190,0.11256344295348676,414cdf49796fd726190049122f15aeaec7dbafb49f84e520b84025222da03492,0.9864999651908875,0.013500034809112549,20,356,,global_top_l_filter,5000,0.0
B,hnsw,shuffle,hour==15,22.0,,,,16190,0.11256344295348676,adffe7fed280fe2d12f671d5176d68bfcd0f934fb85e3c854260d314ab9f4163,0.9869999885559082,0.013000011444091797,20,356,,global_top_l_filter,5000,0.0
B,hnsw,shuffle,hour==15,23.0,,,,16190,0.11256344295348676,c76d0ba93214dbe0bf234347f9a39ecc5f1eb0a8c6765d7884aaa2f965488335,0.9869999885559082,0.013000011444091797,23,356,,global_top_l_filter,5000,0.0
B,hnsw,shuffle,hour==15,24.0,,,,16190,0.11256344295348676,6b43fe530c5b2e81f024bcb73f74f2f4a1e632886bd89db7bb5b691e2bf28190,0.9880000352859497,0.011999964714050293,17,356,,global_top_l_filter,5000,0.0
B,hnsw,shuffle,hour==15,25.0,,,,16190,0.11256344295348676,a66506a088774fe941ddd802f94eb1febd3dd045e0e0f2f86369ad12a241161e,0.9880000352859497,0.011999964714050293,19,356,,global_top_l_filter,5000,0.0
B,hnsw,shuffle,hour==15,26.0,,,,16190,0.11256344295348676,ac97f768dd3c577748c2c09e17edc5eecefdc4cd063bc985086ca0b4b04c63ad,0.9909999966621399,0.009000003337860107,14,356,,global_top_l_filter,5000,0.0
B,hnsw,shuffle,hour==15,27.0,,,,16190,0.11256344295348676,521794ae9dab1d2fdf1807aa017415efff393d44b0ae08a304ec372cba515e6e,0.9894999861717224,0.010500013828277588,14,356,,global_top_l_filter,5000,0.0
B,hnsw,shuffle,hour==15,28.0,,,,16190,0.11256344295348676,7592dda0633cb686c8db09bd15f7fbeae982b39849b341c516085859048c6dfc,0.9904999732971191,0.00950002670288086,15,356,,global_top_l_filter,5000,0.0
B,hnsw,shuffle,hour==15,29.0,,,,16190,0.11256344295348676,31a87521d9635939de2145009c2e9f84ed9ec3770fec60bbc52a2291360c178b,0.9905000329017639,0.009499967098236084,17,356,,global_top_l_filter,5000,0.0
B,hnsw,shuffle,hour==15,30.0,,,,16190,0.11256344295348676,0bb46608711912bf7c32b9222c18c2166816e8299ced57eb010dc7aab094fbc6,0.984499990940094,0.015500009059906006,24,356,,global_top_l_filter,5000,0.0
B,hnsw,shuffle,hour==15,31.0,,,,16190,0.11256344295348676,bedc527f9dfcc6cdddbb68fc9de2617a80663a32aeb9d47e03d759804f7c4a1b,0.9914999604225159,0.00850003957748413,15,356,,global_top_l_filter,5000,0.0
B,hnsw,shuffle,hour==15,32.0,,,,16190,0.11256344295348676,217712a88a51cccb38163bb308ba43b34b66574582eac43b50cbcdc4ab72ced8,0.9879999756813049,0.012000024318695068,17,356,,global_top_l_filter,5000,0.0
B,hnsw,shuffle,hour==15,33.0,,,,16190,0.11256344295348676,b28c976d1b8c2484f57440f7d3603593e3cbc02c8ee45a85b3f10246b0fe5930,0.9860000014305115,0.013999998569488525,19,356,,global_top_l_filter,5000,0.0
B,hnsw,shuffle,hour==15,34.0,,,,16190,0.11256344295348676,bc09d6973ce2b56ffcafb9204e8d09527c15449d1c597ac87257d9d09a04aa49,0.9894999861717224,0.010500013828277588,17,356,,global_top_l_filter,5000,0.0
B,hnsw,shuffle,hour==15,35.0,,,,16190,0.11256344295348676,1ced7be03918064d1b68636a10040a011fe89ce9b25a0ff0a9ce651239e65b65,0.9879999756813049,0.012000024318695068,17,356,,global_top_l_filter,5000,0.0
B,hnsw,shuffle,hour==15,36.0,,,,16190,0.11256344295348676,5df53886283534c052888b04afc6a2ec1e29a5bc61b5ca058deafa67a5a855fd,0.9855000376701355,0.014499962329864502,25,356,,global_top_l_filter,5000,0.0
B,hnsw,shuffle,hour==15,37.0,,,,16190,0.11256344295348676,8109f336eba5a946fff482731f226e7a00bd268f457b0e7e830f393a47db224c,0.9915000200271606,0.008499979972839355,13,356,,global_top_l_filter,5000,0.0
B,hnsw,shuffle,hour==15,38.0,,,,16190,0.11256344295348676,e809cc848427062e022aa7c0f93c49f9319e8baf3904946bbc3d0e6081993dd4,0.9919999837875366,0.008000016212463379,13,356,,global_top_l_filter,5000,0.0
B,hnsw,shuffle,hour==15,39.0,,,,16190,0.11256344295348676,57f65d2001c77dfcf8483f7b26f41e8517572c71b7038e13a0c139e19fa86cb7,0.9885000586509705,0.011499941349029541,20,356,,global_top_l_filter,5000,0.0
B,hnsw,shuffle,hour==15,40.0,,,,16190,0.11256344295348676,371e5135d62d9a7861d5b4e91579d8b21117795cd20c26c78b98b78486df66cc,0.9894999861717224,0.010500013828277588,18,356,,global_top_l_filter,5000,0.0
B,hnsw,shuffle,hour==15,41.0,,,,16190,0.11256344295348676,2ec4c037cd72d01082aff7e01e84a3585a32085894da398f7addfc18515911b5,0.9905000329017639,0.009499967098236084,14,356,,global_top_l_filter,5000,0.0
B,hnsw,shuffle,hour==15,42.0,,,,16190,0.11256344295348676,71f1df79d33fd82f96b0c7058107e244345201b8c7433a090afb0ae0187417ca,0.9869999885559082,0.013000011444091797,20,356,,global_top_l_filter,5000,0.0
B,hnsw,shuffle,hour==15,43.0,,,,16190,0.11256344295348676,363dd7cbf97db49a0821e405d2bb9637729cb5bdfe38e055d26af3c266b5ba65,0.9865000247955322,0.013499975204467773,22,356,,global_top_l_filter,5000,0.0
B,hnsw,shuffle,hour==15,44.0,,,,16190,0.11256344295348676,685ca5c970fe2a760b54a91ee006c66a99439ddecee05c4d07fcb141dc1e18c2,0.9889999628067017,0.01100003719329834,17,356,,global_top_l_filter,5000,0.0
B,hnsw,shuffle,hour==15,45.0,,,,16190,0.11256344295348676,5e23dc7372a88304ac6d354057f62654aaa632459ccc41673983f2f123908bc5,0.9914999604225159,0.00850003957748413,16,356,,global_top_l_filter,5000,0.0
B,hnsw,shuffle,hour==15,46.0,,,,16190,0.11256344295348676,9e3bc31106e054ba4f92733d0681f16bf2dbedc0481b80fed8186b01ce7e18cd,0.9894999861717224,0.010500013828277588,19,356,,global_top_l_filter,5000,0.0
B,hnsw,shuffle,hour==15,47.0,,,,16190,0.11256344295348676,eaca78618a55bc38b53ebff1f7e343e17a8d3a252dc8e4b072ec4c98adee48ab,0.9884999990463257,0.011500000953674316,17,356,,global_top_l_filter,5000,0.0
B,hnsw,shuffle,hour==15,48.0,,,,16190,0.11256344295348676,75c80956b6aa96b507e6102a31df9015a7a85469d702a3e3ca77fdb8e0d57edb,0.9869999885559082,0.013000011444091797,17,356,,global_top_l_filter,5000,0.0
B,hnsw,shuffle,hour==15,49.0,,,,16190,0.11256344295348676,10476ff6175790a1ca8282923cb661953e61532074085d2292e1b203d78cef3a,0.9930000305175781,0.006999969482421875,12,356,,global_top_l_filter,5000,0.0
B,hnsw,shuffle,hour==15,50.0,,,,16190,0.11256344295348676,0bb43b20db182fb483b0639a2d294602078c6e5e90c19eeded1ccb51a9badb7a,0.9925000071525574,0.007499992847442627,14,356,,global_top_l_filter,5000,0.0
B,hnsw,shuffle,hour==15,51.0,,,,16190,0.11256344295348676,df415a1a3b1d96a7a864d6af0d324aaa60f9a7803816d843e554b729b559f4d7,0.9905000329017639,0.009499967098236084,16,356,,global_top_l_filter,5000,0.0
B,hnsw,shuffle,hour==15,52.0,,,,16190,0.11256344295348676,406ab11d9cd3a90a7913f11fb0fbb43073e60b7c229baa5a72259aeac9aa9e31,0.9919999837875366,0.008000016212463379,13,356,,global_top_l_filter,5000,0.0
B,hnsw,shuffle,hour==15,53.0,,,,16190,0.11256344295348676,689538345f05b38c1437afcae9b545195184dffe83d8d0ced3a955bd9226fcf3,0.9909999966621399,0.009000003337860107,15,356,,global_top_l_filter,5000,0.0
B,hnsw,shuffle,hour==15,54.0,,,,16190,0.11256344295348676,f223ae882a519c110de2609bbf3688211bfa011e8ac14e9829acda28102cee11,0.9885000586509705,0.011499941349029541,19,356,,global_top_l_filter,5000,0.0
B,hnsw,shuffle,hour==15,55.0,,,,16190,0.11256344295348676,4b9d2a33baa969dd5d37943ea39a8f3bdd096d5f6780110e42e52dde9e88cf59,0.9869999885559082,0.013000011444091797,19,356,,global_top_l_filter,5000,0.0
B,hnsw,shuffle,hour==15,56.0,,,,16190,0.11256344295348676,cf851887187ad09aa88349ffd408c5a22f0beffdd66b3d65259255f7ea5b60ae,0.9914999604225159,0.00850003957748413,15,356,,global_top_l_filter,5000,0.0
B,hnsw,shuffle,hour==15,57.0,,,,16190,0.11256344295348676,7246db65fe4b7c54ad4a0bead1ede7a0544355456cb14809f54e8e075483fc2d,0.9909999966621399,0.009000003337860107,13,356,,global_top_l_filter,5000,0.0
B,hnsw,shuffle,hour==15,58.0,,,,16190,0.11256344295348676,fa4a8aaa9c82a2907830d2a60b014208e08d27a9e1e3e2eda56d286af43a5e42,0.9900000095367432,0.009999990463256836,17,356,,global_top_l_filter,5000,0.0
B,hnsw,shuffle,hour==15,59.0,,,,16190,0.11256344295348676,5aea159ecc80f748cb18a7d5a0ba76a186d7b27ba2aa1bbb2d91d5f20651d00d,0.9894999861717224,0.010500013828277588,18,356,,global_top_l_filter,5000,0.0
B,hnsw,shuffle,hour==15,60.0,,,,16190,0.11256344295348676,2f572de6d2cc4546171c4023759c9b33ddd7f1517e82230d4b333619f726f158,0.9889999628067017,0.01100003719329834,21,356,,global_top_l_filter,5000,0.0
B,hnsw,shuffle,hour==15,61.0,,,,16190,0.11256344295348676,85a439eb6511b31ca10b187775c1840adefdd5342507d57637aa91a0460bd2cb,0.9879999756813049,0.012000024318695068,17,356,,global_top_l_filter,5000,0.0
B,hnsw,shuffle,hour==15,62.0,,,,16190,0.11256344295348676,2112f9c9b7b99d561a7ab3dbd5c93c2ca14fe0b1e734a1bc7e6f34f2e6c93658,0.9909999966621399,0.009000003337860107,17,356,,global_top_l_filter,5000,0.0
B,hnsw,shuffle,hour==15,63.0,,,,16190,0.11256344295348676,7ddc5f98f59a0cf34515323cd3cdd5bdc6a683be7a5028882928985f1d61c220,0.9894999861717224,0.010500013828277588,15,356,,global_top_l_filter,5000,0.0
B,hnsw,shuffle,hour==15,64.0,,,,16190,0.11256344295348676,eea07fdf9075c8583f72b0149d60b29a99ae2eacf38e9f13f8cf63eb4814e5e4,0.9900000095367432,0.009999990463256836,16,356,,global_top_l_filter,5000,0.0
B,hnsw,shuffle,hour==15,65.0,,,,16190,0.11256344295348676,68144ae51c918784f909713540c953da50ad733ee7068f515098a7066e6e9fa6,0.9800000190734863,0.019999980926513672,27,356,,global_top_l_filter,5000,0.0
B,hnsw,shuffle,hour==15,66.0,,,,16190,0.11256344295348676,455a4c6daba1477bef5bc318c30201a256d075b8ff33f64bd4aa77998d96a365,0.9850000143051147,0.014999985694885254,24,356,,global_top_l_filter,5000,0.0
B,hnsw,shuffle,hour==15,67.0,,,,16190,0.11256344295348676,9ef83b5551fc4278db70ccb97d182a67209f10441cabe7de0300b82cfd4d0d72,0.9915000200271606,0.008499979972839355,15,356,,global_top_l_filter,5000,0.0
B,hnsw,shuffle,hour==15,68.0,,,,16190,0.11256344295348676,e31540c1b4a1cbac6fb0a9a2f3604091ed83c3ea601b832579c3d4b56e196bfa,0.9880000352859497,0.011999964714050293,19,356,,global_top_l_filter,5000,0.0
B,hnsw,shuffle,hour==15,69.0,,,,16190,0.11256344295348676,cca047a0a9ee8b50924d2bc2e7503e46e858c719781913fb0e84055706f2de8b,0.9869999885559082,0.013000011444091797,18,356,,global_top_l_filter,5000,0.0
B,hnsw,shuffle,hour==15,70.0,,,,16190,0.11256344295348676,161ee6d5828e0dfc9f51d06084c7899d8da371d9124d72f71d7271d431953718,0.9909999966621399,0.009000003337860107,17,356,,global_top_l_filter,5000,0.0
B,hnsw,shuffle,hour==15,71.0,,,,16190,0.11256344295348676,1357fffd0afdfd1a72f144aa976b304e9f98f646e6a969a5ace92c5a40e3fde9,0.9895000457763672,0.010499954223632812,16,356,,global_top_l_filter,5000,0.0
B,hnsw,shuffle,hour==15,72.0,,,,16190,0.11256344295348676,acf2b2c144a768e275f29a495c870c48ce088d0ab8deea483de1a575772f634e,0.987500011920929,0.012499988079071045,19,356,,global_top_l_filter,5000,0.0
B,hnsw,shuffle,hour==15,73.0,,,,16190,0.11256344295348676,698f8bdaf9b71dbe9029a0fc3aa7a57225dc85b67978f23cd76bb051d5790c09,0.9914999604225159,0.00850003957748413,15,356,,global_top_l_filter,5000,0.0
B,hnsw,shuffle,hour==15,74.0,,,,16190,0.11256344295348676,4697ebbf84f2969882d5f2d23e2d5f6201d03c2aa8268bea9b8e69cb341e24f7,0.9930000305175781,0.006999969482421875,10,356,,global_top_l_filter,5000,0.0
B,hnsw,shuffle,hour==15,75.0,,,,16190,0.11256344295348676,c5722314c7cf3ee9677e0b66a2829e58bed8268065cae7c73f772c570c536648,0.987500011920929,0.012499988079071045,22,356,,global_top_l_filter,5000,0.0
B,hnsw,shuffle,hour==15,76.0,,,,16190,0.11256344295348676,f26deb0385ec22c5d6f6af7fbdbed81639da8d94d059772f35c17ac28adb0e58,0.9884999990463257,0.011500000953674316,20,356,,global_top_l_filter,5000,0.0
B,hnsw,shuffle,hour==15,77.0,,,,16190,0.11256344295348676,aa2222cfe06fedcef8558beef18836c98cd11851f6c35ddd47d5fc9e06714e8b,0.9869999885559082,0.013000011444091797,23,356,,global_top_l_filter,5000,0.0
B,hnsw,shuffle,hour==15,78.0,,,,16190,0.11256344295348676,4d9a326633bc2e28908467b495ce155ba8ebc964d31422dc6e7d9e9dea05cc13,0.9879999756813049,0.012000024318695068,19,356,,global_top_l_filter,5000,0.0
B,hnsw,shuffle,hour==15,79.0,,,,16190,0.11256344295348676,c288ce1873000b2fa367b589cfeff31f3dafbf31d548a0a3654efe1ec77b544d,0.9909999370574951,0.009000062942504883,16,356,,global_top_l_filter,5000,0.0
B,hnsw,shuffle,hour==15,80.0,,,,16190,0.11256344295348676,e11fbe9c525f4691db03bdd3ec63f7984b95261d54fc1731a3c287bfb484e5be,0.9905000329017639,0.009499967098236084,17,356,,global_top_l_filter,5000,0.0
B,hnsw,shuffle,hour==15,81.0,,,,16190,0.11256344295348676,673f38963ce9a1b130f39fa96bf6166e873d578e81be5db8f1feead0e98d1bf4,0.9879999756813049,0.012000024318695068,23,356,,global_top_l_filter,5000,0.0
B,hnsw,shuffle,hour==15,82.0,,,,16190,0.11256344295348676,4c0c1fef613854475a35e93b324ab0fbd447ab26df1d00ae9152fab25bd33110,0.9890000224113464,0.010999977588653564,17,356,,global_top_l_filter,5000,0.0
B,hnsw,shuffle,hour==15,83.0,,,,16190,0.11256344295348676,d14fa1789effbd5bd600e795efbe783bdfca4d03ef16f2612ba721fc48d4a196,0.9830000400543213,0.01699995994567871,27,356,,global_top_l_filter,5000,0.0
B,hnsw,shuffle,hour==15,84.0,,,,16190,0.11256344295348676,f25e97f257b2557a7342d92c062b8949750a8267b1dae8e1311ea8ce7e2526f9,0.987500011920929,0.012499988079071045,21,356,,global_top_l_filter,5000,0.0
B,hnsw,shuffle,hour==15,85.0,,,,16190,0.11256344295348676,969ac7367a79f70f1e42c7ce4518bd2eee77bfe68206da5c2cf61ee8d7b4f43d,0.9934999942779541,0.0065000057220458984,12,356,,global_top_l_filter,5000,0.0
B,hnsw,shuffle,hour==15,86.0,,,,16190,0.11256344295348676,386aef95104f033e040f0226ce9e51d69b5f856cdb04c233ccd00509a9857a61,0.9889999628067017,0.01100003719329834,19,356,,global_top_l_filter,5000,0.0
B,hnsw,shuffle,hour==15,87.0,,,,16190,0.11256344295348676,94c3a960f0423999b2869bd22b71abc51fd48c183545e45c03b7680580ed7b17,0.9839999675750732,0.016000032424926758,26,356,,global_top_l_filter,5000,0.0
B,hnsw,shuffle,hour==15,88.0,,,,16190,0.11256344295348676,9b4970f5685026d00391b8ff39aca3428f3a9c38d5846251f9d87dfe0111a07f,0.9889999628067017,0.01100003719329834,16,356,,global_top_l_filter,5000,0.0
B,hnsw,shuffle,hour==15,89.0,,,,16190,0.11256344295348676,d211e48ad4bfc9b3e94c055f16807a437635003b11d6d229deef845739cc94bc,0.9915000200271606,0.008499979972839355,15,356,,global_top_l_filter,5000,0.0
B,hnsw,shuffle,hour==15,90.0,,,,16190,0.11256344295348676,dc3d2279eedff7ac383db01c724593a863cddf8ab0999f488b1172535028b344,0.987500011920929,0.012499988079071045,23,356,,global_top_l_filter,5000,0.0
B,hnsw,shuffle,hour==15,91.0,,,,16190,0.11256344295348676,71f64e132c8a831a537fa3101c6cd317b149fece71bb476fbf1def4ed35df9ef,0.9914999604225159,0.00850003957748413,13,356,,global_top_l_filter,5000,0.0
B,hnsw,shuffle,hour==15,92.0,,,,16190,0.11256344295348676,275c5c05c3f2be8325b9233d0cb416f4b639d03f6a8898c4c5717e672024da22,0.9869999885559082,0.013000011444091797,24,356,,global_top_l_filter,5000,0.0
B,hnsw,shuffle,hour==15,93.0,,,,16190,0.11256344295348676,45ac63d3733d9c730ece7db8607a843680747a4d3805d75571dac3fa1c1df4bc,0.9869999885559082,0.013000011444091797,22,356,,global_top_l_filter,5000,0.0
B,hnsw,shuffle,hour==15,94.0,,,,16190,0.11256344295348676,8124c80032a42aef88e58b9a603af0349492fed26343bfe466c722253612cd62,0.9894999861717224,0.010500013828277588,16,356,,global_top_l_filter,5000,0.0
B,hnsw,shuffle,hour==15,95.0,,,,16190,0.11256344295348676,663e18fd3a23cc00bcd1e45bcd14af5894d1a6005a87782c5deb512ee042dd22,0.9825000166893005,0.017499983310699463,20,356,,global_top_l_filter,5000,0.0
B,hnsw,shuffle,hour==15,96.0,,,,16190,0.11256344295348676,62e95387f195568a214b7fe7cc5023ad25fc8b9a1ec2cb09695b722b0dfac8ba,0.9915000200271606,0.008499979972839355,16,356,,global_top_l_filter,5000,0.0
B,hnsw,shuffle,hour==15,97.0,,,,16190,0.11256344295348676,d3551d8333c1c63b06021f69fc3d3a2e26a8094811b294cf0871cba227dfcca4,0.9854999780654907,0.014500021934509277,26,356,,global_top_l_filter,5000,0.0
B,hnsw,shuffle,hour==15,98.0,,,,16190,0.11256344295348676,7843700af523873193e4c4acd82f7ba48c37efc5f6a7f753887035948312da4a,0.9909999370574951,0.009000062942504883,15,356,,global_top_l_filter,5000,0.0
B,hnsw,shuffle,hour==15,99.0,,,,16190,0.11256344295348676,1d7c1095a4f23e44b9edfbef8ff4b9eac00280b8fe5431fb99f8b20c2d67dd5f,0.9869999885559082,0.013000011444091797,22,356,,global_top_l_filter,5000,0.0
B,hnsw,natural,hour==16,,,,,2794,0.019425710908711674,ce50f9f4e6307dfb61088b0052b4842360568d33adc6eec743c132a37279810e,0.45149996876716614,0.5485000610351562,176,2060,0.8172717844430564,global_top_l_filter,20000,0.0
B,hnsw,shuffle,hour==16,0.0,,,,2794,0.019425710908711674,638dd7767fad6b4af10b89ac6bf5293f9c213a39707d1714231620900499ff11,0.5870000720024109,0.4129999279975891,194,2060,,global_top_l_filter,5000,0.0
B,hnsw,shuffle,hour==16,1.0,,,,2794,0.019425710908711674,e28d426851cf57700321116c957b2eea57fe8abd651ec568b9cb2ccf3f9033ef,0.6000000238418579,0.3999999761581421,192,2060,,global_top_l_filter,5000,0.0
B,hnsw,shuffle,hour==16,2.0,,,,2794,0.019425710908711674,4af1c7551abdea15ec486ca232423d34b5c425412789b488db57d5f359e1ecd0,0.6069999933242798,0.3930000066757202,194,2060,,global_top_l_filter,5000,0.0
B,hnsw,shuffle,hour==16,3.0,,,,2794,0.019425710908711674,5e9edefc04a8dfc5603807378dc300e182b72ac565c93108e5739ae5aae71486,0.6100000143051147,0.38999998569488525,199,2060,,global_top_l_filter,5000,0.0
B,hnsw,shuffle,hour==16,4.0,,,,2794,0.019425710908711674,85e7c9e63c446586973ba209823c19fb137b5d3a35c6dc9f8486804ee55dca24,0.606499969959259,0.39350003004074097,195,2060,,global_top_l_filter,5000,0.0
B,hnsw,shuffle,hour==16,5.0,,,,2794,0.019425710908711674,76822a3886a00f2a3b5d442d9deb8a825398913296c0cac30e2d68eacdc6ab78,0.5849999785423279,0.4150000214576721,199,2060,,global_top_l_filter,5000,0.0
B,hnsw,shuffle,hour==16,6.0,,,,2794,0.019425710908711674,9e7df7408fad2e1187300d91c9735f4a5ecc39dcaa7b4ba0ba18e086b6ffff10,0.5889999866485596,0.41100001335144043,198,2060,,global_top_l_filter,5000,0.0
B,hnsw,shuffle,hour==16,7.0,,,,2794,0.019425710908711674,7e0cd34aeb724a2490e5a4b6850af61ca9495b9d8e21f501f7b03037cb94402c,0.5824999809265137,0.41750001907348633,197,2060,,global_top_l_filter,5000,0.0
B,hnsw,shuffle,hour==16,8.0,,,,2794,0.019425710908711674,5ceb20bdcbd05e0c668e4b235ef018a2b5a9256957128078bb68cfaed8397f4b,0.6115000247955322,0.3884999752044678,196,2060,,global_top_l_filter,5000,0.0
B,hnsw,shuffle,hour==16,9.0,,,,2794,0.019425710908711674,e65dba9d99cab0fe1f16c0d4d65d5acc36e354b5ef2f12ed4afde94a6c37ef08,0.5899999737739563,0.4100000262260437,192,2060,,global_top_l_filter,5000,0.0
B,hnsw,shuffle,hour==16,10.0,,,,2794,0.019425710908711674,087c677fddde54f2696068a149cc05b2dc70c5c1333f018409d767c4ec86da06,0.5820000171661377,0.4179999828338623,196,2060,,global_top_l_filter,5000,0.0
B,hnsw,shuffle,hour==16,11.0,,,,2794,0.019425710908711674,9383eb6b6104b9e214e25825850bc515217cb8c12c01a2d8607c93de538492d1,0.596500039100647,0.403499960899353,193,2060,,global_top_l_filter,5000,0.0
B,hnsw,shuffle,hour==16,12.0,,,,2794,0.019425710908711674,630115e14549a5b9a27c673707555cd00032220d8e847075b3969a6690a94e88,0.5915000438690186,0.40849995613098145,195,2060,,global_top_l_filter,5000,0.0
B,hnsw,shuffle,hour==16,13.0,,,,2794,0.019425710908711674,ae62b048ba10927d0dc2ac2c0ff900c72da4749bdd347268dbe2610a3d83a6ed,0.5809999704360962,0.4190000295639038,197,2060,,global_top_l_filter,5000,0.0
B,hnsw,shuffle,hour==16,14.0,,,,2794,0.019425710908711674,016ee4e249e602d25709fda1e20f3d04843efaefa0eae12224fd1ed66133dbdb,0.6075000166893005,0.39249998331069946,194,2060,,global_top_l_filter,5000,0.0
B,hnsw,shuffle,hour==16,15.0,,,,2794,0.019425710908711674,eea4f386de354c14d9e35db96e2a8895ed54e916d9a363d8a1088477905daa98,0.5899999737739563,0.4100000262260437,193,2060,,global_top_l_filter,5000,0.0
B,hnsw,shuffle,hour==16,16.0,,,,2794,0.019425710908711674,dd1d6894cb7013e06a23fb7b1824164a8418eefd29c9e05e30a191514fbe7c63,0.5709999799728394,0.42900002002716064,197,2060,,global_top_l_filter,5000,0.0
B,hnsw,shuffle,hour==16,17.0,,,,2794,0.019425710908711674,a3d8d2f69913137d374d87e21ee8ae0661c89b1f544554080d947389538d3664,0.5699999928474426,0.4300000071525574,196,2060,,global_top_l_filter,5000,0.0
B,hnsw,shuffle,hour==16,18.0,,,,2794,0.019425710908711674,0cef2b6568e8e3b292e738032a76b67e088e9330c03d0122526c2c25e3198cdf,0.5730000138282776,0.4269999861717224,196,2060,,global_top_l_filter,5000,0.0
B,hnsw,shuffle,hour==16,19.0,,,,2794,0.019425710908711674,a3a18472df43282a6783375f58374b471e90b60a719d56456727ebfac09c99c2,0.5945000052452087,0.40549999475479126,194,2060,,global_top_l_filter,5000,0.0
B,hnsw,shuffle,hour==16,20.0,,,,2794,0.019425710908711674,d79d3620a8fc37aa9ed421820b6e85c330190f403cad1d19a3150944216a7cb2,0.6189999580383301,0.3810000419616699,191,2060,,global_top_l_filter,5000,0.0
B,hnsw,shuffle,hour==16,21.0,,,,2794,0.019425710908711674,297ca0f538f3a198b8774b39077481f1d648ba7caa10562ef02f11677697914d,0.6004999876022339,0.3995000123977661,195,2060,,global_top_l_filter,5000,0.0
B,hnsw,shuffle,hour==16,22.0,,,,2794,0.019425710908711674,e64fc25978cff6978952b9f123bc5cf845e11852ce669b1035d18596dd1e2574,0.5880000591278076,0.4119999408721924,193,2060,,global_top_l_filter,5000,0.0
B,hnsw,shuffle,hour==16,23.0,,,,2794,0.019425710908711674,493801d6759c89af9ece50baf86d149cbdf4c37be5205d34806217054fe6bc52,0.5945000052452087,0.40549999475479126,192,2060,,global_top_l_filter,5000,0.0
B,hnsw,shuffle,hour==16,24.0,,,,2794,0.019425710908711674,195017e7f8639b4c04495a782cc0fbb2818eb0535267165188fb049ec0c60774,0.6129999756813049,0.38700002431869507,189,2060,,global_top_l_filter,5000,0.0
B,hnsw,shuffle,hour==16,25.0,,,,2794,0.019425710908711674,3a1ef836a3c3f609af0c8d5a4d17552fbb2bf3c695c0b305c67fe7e761a467f8,0.597000002861023,0.40299999713897705,194,2060,,global_top_l_filter,5000,0.0
B,hnsw,shuffle,hour==16,26.0,,,,2794,0.019425710908711674,ca47368b2aa448cb19f62d6852a28e934352eebeb1c14cd0755c788f5ab5930e,0.6025000214576721,0.3974999785423279,196,2060,,global_top_l_filter,5000,0.0
B,hnsw,shuffle,hour==16,27.0,,,,2794,0.019425710908711674,e218133c6a348319925719c2ea73169d14ccdae8dbe48adacf137e90cf911788,0.578000009059906,0.421999990940094,198,2060,,global_top_l_filter,5000,0.0
B,hnsw,shuffle,hour==16,28.0,,,,2794,0.019425710908711674,b4aa3147358e24a5ee3b6657ed03a684b794f0f7cae00bb6baa86745124457dc,0.6085000038146973,0.39149999618530273,191,2060,,global_top_l_filter,5000,0.0
B,hnsw,shuffle,hour==16,29.0,,,,2794,0.019425710908711674,3221e79398f0425c2cbc552ed8bf4eab3c3280c48d9253120e8e13ce9c26ac6c,0.5855000019073486,0.41449999809265137,192,2060,,global_top_l_filter,5000,0.0
B,hnsw,shuffle,hour==16,30.0,,,,2794,0.019425710908711674,b814ca4d5a2ce1aaa3d0130fa2001c0cb7d07b9058791bd1ad4df575403047bf,0.5845000147819519,0.4154999852180481,194,2060,,global_top_l_filter,5000,0.0
B,hnsw,shuffle,hour==16,31.0,,,,2794,0.019425710908711674,02c1d29f784d0340bec5a5e1757816038ec0b7d46db907f6097d1ef9463d0805,0.574999988079071,0.42500001192092896,198,2060,,global_top_l_filter,5000,0.0
B,hnsw,shuffle,hour==16,32.0,,,,2794,0.019425710908711674,e020ff74afac3095e7a3745fa2aef289b3198da2c428a1c23f3c3cd7d9a816ee,0.5884999632835388,0.4115000367164612,192,2060,,global_top_l_filter,5000,0.0
B,hnsw,shuffle,hour==16,33.0,,,,2794,0.019425710908711674,d62878affe9fa83c795e545cb023aec3b4325c65848a4c0bca6fcb64c625714b,0.5920000076293945,0.40799999237060547,193,2060,,global_top_l_filter,5000,0.0
B,hnsw,shuffle,hour==16,34.0,,,,2794,0.019425710908711674,64afd6870fb545fffe72f5433100607c301674b09a791627edb74484ba2075af,0.578000009059906,0.421999990940094,191,2060,,global_top_l_filter,5000,0.0
B,hnsw,shuffle,hour==16,35.0,,,,2794,0.019425710908711674,6538911c9d85abc30bdee4eaca3e38c17f8fcb743602bcec3c3bbcae129cd9c7,0.5844999551773071,0.41550004482269287,191,2060,,global_top_l_filter,5000,0.0
B,hnsw,shuffle,hour==16,36.0,,,,2794,0.019425710908711674,e5ddaed37c498941a0e8015e1a60929d151dfc56a10bd2807f31178b64e9f406,0.6019999980926514,0.39800000190734863,195,2060,,global_top_l_filter,5000,0.0
B,hnsw,shuffle,hour==16,37.0,,,,2794,0.019425710908711674,0df62fa0ee96e4b8e745d09971ab3e416fd1a9fa3288396d53478d9f51601c61,0.5985000133514404,0.40149998664855957,194,2060,,global_top_l_filter,5000,0.0
B,hnsw,shuffle,hour==16,38.0,,,,2794,0.019425710908711674,605091d2bc8de00a5ed1c5eb3a75775633a5bbf538dc9c18faabb898587c90fc,0.5805000066757202,0.4194999933242798,193,2060,,global_top_l_filter,5000,0.0
B,hnsw,shuffle,hour==16,39.0,,,,2794,0.019425710908711674,f8f4674bf4571607331d075fa612693e9ea617e93304732f50e731291477b087,0.6159999966621399,0.3840000033378601,192,2060,,global_top_l_filter,5000,0.0
B,hnsw,shuffle,hour==16,40.0,,,,2794,0.019425710908711674,2f55897fcd2dab37441d810b50169d7f8b82d236c3b8ead651d87fa2ba6c5b04,0.5899999737739563,0.4100000262260437,193,2060,,global_top_l_filter,5000,0.0
B,hnsw,shuffle,hour==16,41.0,,,,2794,0.019425710908711674,212cd28e8dc6fb9987482b35d5cf878c3c4f2f1edc171d1e3adcf3b4945b788b,0.5855000019073486,0.41449999809265137,190,2060,,global_top_l_filter,5000,0.0
B,hnsw,shuffle,hour==16,42.0,,,,2794,0.019425710908711674,ebfa77a835c234ee95144961ea9cfccfe2777c6274e2756d71addc1fc76f6598,0.5670000314712524,0.43299996852874756,194,2060,,global_top_l_filter,5000,0.0
B,hnsw,shuffle,hour==16,43.0,,,,2794,0.019425710908711674,79f0fc8a85b896f7b014ac6f66fa39436d9b7eaf8734ba33f533113e14680e6c,0.5990000367164612,0.4009999632835388,195,2060,,global_top_l_filter,5000,0.0
B,hnsw,shuffle,hour==16,44.0,,,,2794,0.019425710908711674,d87191c43d994819b1f0a9b11e9f4d05e8485aa08692643b0ae9a8589e6abc4f,0.581000030040741,0.41899996995925903,191,2060,,global_top_l_filter,5000,0.0
B,hnsw,shuffle,hour==16,45.0,,,,2794,0.019425710908711674,8b1dde788e3aaa9b39905f008caf9606a28e18f3545f417321acdd65466f87fd,0.6044999957084656,0.3955000042915344,193,2060,,global_top_l_filter,5000,0.0
B,hnsw,shuffle,hour==16,46.0,,,,2794,0.019425710908711674,7d5d7ebbf9cf9df84cfc40a519afad013380e3b405b1fdced9a298f621429bd5,0.6069999933242798,0.3930000066757202,193,2060,,global_top_l_filter,5000,0.0
B,hnsw,shuffle,hour==16,47.0,,,,2794,0.019425710908711674,87c1003b3574672c9cb2d991d717396c49a9dbec4c3b9ee01543774cf23b6a3e,0.5814999938011169,0.41850000619888306,194,2060,,global_top_l_filter,5000,0.0
B,hnsw,shuffle,hour==16,48.0,,,,2794,0.019425710908711674,9db606055bbf73b786c77e76ac59da184b5de2837dc6fb9849e717fe9eecb49a,0.5705000162124634,0.4294999837875366,200,2060,,global_top_l_filter,5000,0.0
B,hnsw,shuffle,hour==16,49.0,,,,2794,0.019425710908711674,532fbcb4161a5444d18c21ccfd84c396460601301ce3f5d9f67514ac65974b73,0.5895000100135803,0.4104999899864197,193,2060,,global_top_l_filter,5000,0.0
B,hnsw,shuffle,hour==16,50.0,,,,2794,0.019425710908711674,e060a96e3bba5375d71dfac77e62ca8af0574d28e56cee7acd32abbd37edf4ff,0.5769999623298645,0.4230000376701355,196,2060,,global_top_l_filter,5000,0.0
B,hnsw,shuffle,hour==16,51.0,,,,2794,0.019425710908711674,10d98d38f4bb596fafe7e1e53523916bd1b05aeeb86029ececcf432d73880bac,0.5924999713897705,0.4075000286102295,194,2060,,global_top_l_filter,5000,0.0
B,hnsw,shuffle,hour==16,52.0,,,,2794,0.019425710908711674,d36719ca2be5006949764f92864583e8ccaaf274068525eebe313ac4a8394771,0.5895000100135803,0.4104999899864197,192,2060,,global_top_l_filter,5000,0.0
B,hnsw,shuffle,hour==16,53.0,,,,2794,0.019425710908711674,cef417ae69cd5c0f5e337ce3907bc49473588dbabcc671fa40f8438cfd5213f8,0.5830000042915344,0.4169999957084656,195,2060,,global_top_l_filter,5000,0.0
B,hnsw,shuffle,hour==16,54.0,,,,2794,0.019425710908711674,39419c451af0ff58b04264bdf107ff93a385cff77ecc47ea18517d0e4b734e1a,0.5924999713897705,0.4075000286102295,195,2060,,global_top_l_filter,5000,0.0
B,hnsw,shuffle,hour==16,55.0,,,,2794,0.019425710908711674,ade0caf5ce0660469d10040ac6fa102aa75d03a86b305518c3a4a49993ef350c,0.6044999957084656,0.3955000042915344,191,2060,,global_top_l_filter,5000,0.0
B,hnsw,shuffle,hour==16,56.0,,,,2794,0.019425710908711674,b4c3341178ab2f06e904c1962b0c04bf2b6bfcf1f78e0e50170eb437a289bdf0,0.5834999680519104,0.4165000319480896,196,2060,,global_top_l_filter,5000,0.0
B,hnsw,shuffle,hour==16,57.0,,,,2794,0.019425710908711674,e23f3b0070bd3a4d7335bd11fc0ccb6fd352d893ae5cfe378fb72ceb7f60aa5e,0.6014999747276306,0.3985000252723694,196,2060,,global_top_l_filter,5000,0.0
B,hnsw,shuffle,hour==16,58.0,,,,2794,0.019425710908711674,c23bb320330309de2c0100ecd27ea78d8e19c628de54588494dd5240058d7ba7,0.5899999737739563,0.4100000262260437,200,2060,,global_top_l_filter,5000,0.0
B,hnsw,shuffle,hour==16,59.0,,,,2794,0.019425710908711674,8407770b277a9c7e268cfb5d6857e64b2b59b9170e5603b2b8e0da059810bfcb,0.5940000414848328,0.40599995851516724,195,2060,,global_top_l_filter,5000,0.0
B,hnsw,shuffle,hour==16,60.0,,,,2794,0.019425710908711674,5363f5d9c32153b37df410788112370f278575f6582484436fde265b7c304840,0.6019999980926514,0.39800000190734863,194,2060,,global_top_l_filter,5000,0.0
B,hnsw,shuffle,hour==16,61.0,,,,2794,0.019425710908711674,b0ff2affb3a5b9fdf3d7e376359d458bb591c97f9d15d301e4c5d8be9403e7c2,0.6004999876022339,0.3995000123977661,191,2060,,global_top_l_filter,5000,0.0
B,hnsw,shuffle,hour==16,62.0,,,,2794,0.019425710908711674,b3fb2024b115e54485dd687c8a2665b26e437dcc9383a5736e3ed9207369c798,0.5820000171661377,0.4179999828338623,196,2060,,global_top_l_filter,5000,0.0
B,hnsw,shuffle,hour==16,63.0,,,,2794,0.019425710908711674,8f0dd525c1bf91656392e8b60287c41feb33a5da32a8d52542807c6cdb26493d,0.5699999928474426,0.4300000071525574,197,2060,,global_top_l_filter,5000,0.0
B,hnsw,shuffle,hour==16,64.0,,,,2794,0.019425710908711674,36421fc87fa948eba99bab928cd8187ac298e84e33dd5f2ab79f4f534686848a,0.6205000281333923,0.37949997186660767,191,2060,,global_top_l_filter,5000,0.0
B,hnsw,shuffle,hour==16,65.0,,,,2794,0.019425710908711674,cd25f32a003b05e17b38072b568e2e19e53c4099523259630c06e4d40c95556f,0.6044999957084656,0.3955000042915344,193,2060,,global_top_l_filter,5000,0.0
B,hnsw,shuffle,hour==16,66.0,,,,2794,0.019425710908711674,8f0cde5355df00fd5669f0f7615163253e733eac4aaea9139d26dede6ec1f9b0,0.5774999856948853,0.42250001430511475,191,2060,,global_top_l_filter,5000,0.0
B,hnsw,shuffle,hour==16,67.0,,,,2794,0.019425710908711674,f18f0e3560d76d1bacb04d9c5ee2a501bcd1ab6a505e565c4c0b3de705dcfc31,0.5855000019073486,0.41449999809265137,193,2060,,global_top_l_filter,5000,0.0
B,hnsw,shuffle,hour==16,68.0,,,,2794,0.019425710908711674,212bd942f8b01ffc96cde3542e25bb68b2d52174f2d987f6d49c6b71e621dded,0.6044999957084656,0.3955000042915344,193,2060,,global_top_l_filter,5000,0.0
B,hnsw,shuffle,hour==16,69.0,,,,2794,0.019425710908711674,4f14c8b443583af5118efce876bc9341388782e827ce5101c697ad761a66cec9,0.5849999785423279,0.4150000214576721,193,2060,,global_top_l_filter,5000,0.0
B,hnsw,shuffle,hour==16,70.0,,,,2794,0.019425710908711674,2374575d8e9e8e7fb8470927069a561f85020e2c24740552a2f7f1d9f6c49874,0.5929999947547913,0.40700000524520874,194,2060,,global_top_l_filter,5000,0.0
B,hnsw,shuffle,hour==16,71.0,,,,2794,0.019425710908711674,57c8a5b6bad2d8d777d05dfc7a0350ef2b0c4b47d9be6e6846d3f54158667738,0.5929999947547913,0.40700000524520874,191,2060,,global_top_l_filter,5000,0.0
B,hnsw,shuffle,hour==16,72.0,,,,2794,0.019425710908711674,3714cac3958bc382fca4503cbc4c4073cf1ca7760e476ab97f764c995171bbec,0.5860000252723694,0.4139999747276306,196,2060,,global_top_l_filter,5000,0.0
B,hnsw,shuffle,hour==16,73.0,,,,2794,0.019425710908711674,11906d84fa38d2aada96c04981e0beb06c5ea2044028d94e608bd13c56516f46,0.5770000219345093,0.4229999780654907,197,2060,,global_top_l_filter,5000,0.0
B,hnsw,shuffle,hour==16,74.0,,,,2794,0.019425710908711674,326f7dfe5bb8327f82372e23f35e408d53394ab1f32d8fd09a76f7ddcdd9ba18,0.6000000238418579,0.3999999761581421,194,2060,,global_top_l_filter,5000,0.0
B,hnsw,shuffle,hour==16,75.0,,,,2794,0.019425710908711674,76f6e98ab1a5884f6dc6fb8ee2810c36ae94979364ff591b215413962b16ea14,0.5920000076293945,0.40799999237060547,192,2060,,global_top_l_filter,5000,0.0
B,hnsw,shuffle,hour==16,76.0,,,,2794,0.019425710908711674,71a872c6d34883c7b8f39d56da891476643668d8644cedf06470b018b9b26f15,0.5774999856948853,0.42250001430511475,192,2060,,global_top_l_filter,5000,0.0
B,hnsw,shuffle,hour==16,77.0,,,,2794,0.019425710908711674,1312e0d67788ae5efe0128f5e3bc7ae2307c7e6580a8aa4c5e614ef07d7204b6,0.6065000295639038,0.3934999704360962,194,2060,,global_top_l_filter,5000,0.0
B,hnsw,shuffle,hour==16,78.0,,,,2794,0.019425710908711674,9afa97bd7fc21cbce4c7cf64ef268af05114352287cac6115c11727da0e2979e,0.5880000591278076,0.4119999408721924,194,2060,,global_top_l_filter,5000,0.0
B,hnsw,shuffle,hour==16,79.0,,,,2794,0.019425710908711674,6bc27e5235fd6affc785eec8bcf29142de4f53e09b74b3beb4e7d08e1137003e,0.593000054359436,0.40699994564056396,194,2060,,global_top_l_filter,5000,0.0
B,hnsw,shuffle,hour==16,80.0,,,,2794,0.019425710908711674,b0eb0a5175d794afe053f1f2e831e27963bb728ba87e52d5d51e248c894460e5,0.5720000267028809,0.42799997329711914,191,2060,,global_top_l_filter,5000,0.0
B,hnsw,shuffle,hour==16,81.0,,,,2794,0.019425710908711674,bcbedb557cf3063e49f38361589b1637c1700e5ed4426c3de027023c73a07846,0.5995000004768372,0.40049999952316284,193,2060,,global_top_l_filter,5000,0.0
B,hnsw,shuffle,hour==16,82.0,,,,2794,0.019425710908711674,3f5fec6b7b1d394cc5c18efd32bed18eb173be1c6de29650a9af3d1c30108feb,0.6050000190734863,0.39499998092651367,192,2060,,global_top_l_filter,5000,0.0
B,hnsw,shuffle,hour==16,83.0,,,,2794,0.019425710908711674,b834915323c2c4dcb8cd8d5cdbea178b4719b252f1d2d5937c4a751f7375d47c,0.5940000414848328,0.40599995851516724,194,2060,,global_top_l_filter,5000,0.0
B,hnsw,shuffle,hour==16,84.0,,,,2794,0.019425710908711674,772b7f933c819428f37882d7f9d9a22e4d646e3b09575f3f9ec29fbf847afa3f,0.6044999957084656,0.3955000042915344,190,2060,,global_top_l_filter,5000,0.0
B,hnsw,shuffle,hour==16,85.0,,,,2794,0.019425710908711674,d25dd8f5f831ee4a6a7cba452593b0733ea25119248a2a945ecea0044c128c94,0.597000002861023,0.40299999713897705,197,2060,,global_top_l_filter,5000,0.0
B,hnsw,shuffle,hour==16,86.0,,,,2794,0.019425710908711674,68a0277530763af11422fa4de445956d3ab7bc4109770971558c9f9ba30391de,0.596500039100647,0.403499960899353,193,2060,,global_top_l_filter,5000,0.0
B,hnsw,shuffle,hour==16,87.0,,,,2794,0.019425710908711674,d41e4c91deb2e386a4cc44737aaef427b11a809bec112ad3f8cba0cafad9f05b,0.6114999651908875,0.38850003480911255,195,2060,,global_top_l_filter,5000,0.0
B,hnsw,shuffle,hour==16,88.0,,,,2794,0.019425710908711674,5b1ddc5cd71fd3aaa802996a391369efd9acd9b9bedd8b6fb5b799fe454bd8c2,0.5664999485015869,0.4335000514984131,196,2060,,global_top_l_filter,5000,0.0
B,hnsw,shuffle,hour==16,89.0,,,,2794,0.019425710908711674,207bc01e95bcb14b7de197ca663ea1d779864c00bb211511e8adcddf3116b82b,0.5914999842643738,0.4085000157356262,195,2060,,global_top_l_filter,5000,0.0
B,hnsw,shuffle,hour==16,90.0,,,,2794,0.019425710908711674,9a665a3468dcf5db45d8f35706ddb8de48c697932516f35e1c807dba6b2d3d3a,0.5839999914169312,0.41600000858306885,193,2060,,global_top_l_filter,5000,0.0
B,hnsw,shuffle,hour==16,91.0,,,,2794,0.019425710908711674,c2774f9da2373a032dec5ba1ae5e554d29d62710d0be6309b9b79b4df7d3d3c1,0.5915000438690186,0.40849995613098145,193,2060,,global_top_l_filter,5000,0.0
B,hnsw,shuffle,hour==16,92.0,,,,2794,0.019425710908711674,212aa7cdd94d0cef0ccbca229078d847b43ab43505054851c4301186e375d0ad,0.5864999890327454,0.41350001096725464,196,2060,,global_top_l_filter,5000,0.0
B,hnsw,shuffle,hour==16,93.0,,,,2794,0.019425710908711674,886a96ecc621c297f8c0a839461aaef77bd99215147183b29f6f99f9c285a807,0.578000009059906,0.421999990940094,196,2060,,global_top_l_filter,5000,0.0
B,hnsw,shuffle,hour==16,94.0,,,,2794,0.019425710908711674,2b706929844689b890e851dfe74c5dc5791c06b4e0e9fd693215eec1ea452bac,0.5929999351501465,0.4070000648498535,196,2060,,global_top_l_filter,5000,0.0
B,hnsw,shuffle,hour==16,95.0,,,,2794,0.019425710908711674,925d3a9b4bcd94f7b6fa0b7bde705981fa5ec819e75c819de63c38e1659b9eac,0.6054999828338623,0.3945000171661377,190,2060,,global_top_l_filter,5000,0.0
B,hnsw,shuffle,hour==16,96.0,,,,2794,0.019425710908711674,5c12e4b36d2daff700e4bd5dbcaf2e44414f8b069f576f52bc84c3b3aaec0b73,0.6010000109672546,0.39899998903274536,195,2060,,global_top_l_filter,5000,0.0
B,hnsw,shuffle,hour==16,97.0,,,,2794,0.019425710908711674,2e681cf163b3bc97a45a5a46c7739e904401faac926ec493ad95cb1caf754e97,0.6045000553131104,0.39549994468688965,195,2060,,global_top_l_filter,5000,0.0
B,hnsw,shuffle,hour==16,98.0,,,,2794,0.019425710908711674,79d8f8e57bd8d2f98d63b340a7aff4c40efdc8189cc54147b62b47b914bc568c,0.609000027179718,0.390999972820282,194,2060,,global_top_l_filter,5000,0.0
B,hnsw,shuffle,hour==16,99.0,,,,2794,0.019425710908711674,25e9fa1878abfc45a1b6362e3c28d3cc5f0ee9b80e634ac6d27531b7ebe581c2,0.5824999809265137,0.41750001907348633,195,2060,,global_top_l_filter,5000,0.0
B,hnsw,natural,hour==17,,,,,11232,0.07809219217131336,5a4ce2a6cfc4f9877eeb5e186df8879dac3a95969fe21de306052be7065c5cbb,0.7589999437332153,0.24100005626678467,117,516,0.8206830918418279,global_top_l_filter,5000,0.0
B,hnsw,shuffle,hour==17,0.0,,,,11232,0.07809219217131336,92cd0dbb1eefc663bbd533738152ba5dcef8cd2ae7a1c5e8a4ce6d74fc6df1a2,0.9674999713897705,0.03250002861022949,49,516,,global_top_l_filter,5000,0.0
B,hnsw,shuffle,hour==17,1.0,,,,11232,0.07809219217131336,006def2ada6b5628adb05a05c1a210d216df625a054943fdd598e767d0de67be,0.9559999108314514,0.044000089168548584,63,516,,global_top_l_filter,5000,0.0
B,hnsw,shuffle,hour==17,2.0,,,,11232,0.07809219217131336,d1a2e0b070cc55b409c64dfcabe2b30c45414c439770a6b6510511a55b607bc2,0.9594999551773071,0.04050004482269287,54,516,,global_top_l_filter,5000,0.0
B,hnsw,shuffle,hour==17,3.0,,,,11232,0.07809219217131336,4f43bbd3975ef2cd9e950a07079cd7769176d5eb8118aba37b214e2db611cf03,0.9614999890327454,0.03850001096725464,55,516,,global_top_l_filter,5000,0.0
B,hnsw,shuffle,hour==17,4.0,,,,11232,0.07809219217131336,a274ec1aef3b7b68c91629f15467819a1c6023ad0cd2129ad74f3449d063c0eb,0.966499924659729,0.033500075340270996,48,516,,global_top_l_filter,5000,0.0
B,hnsw,shuffle,hour==17,5.0,,,,11232,0.07809219217131336,c5c7494a0cc161d723482f39beee738a4857e251faba3dd442b43e7f3e7b72aa,0.9674999713897705,0.03250002861022949,47,516,,global_top_l_filter,5000,0.0
B,hnsw,shuffle,hour==17,6.0,,,,11232,0.07809219217131336,9a335855a1327fff1b6a6ba65acf75be57649bd417d70a30064f4a8821974afc,0.9574999809265137,0.04250001907348633,56,516,,global_top_l_filter,5000,0.0
B,hnsw,shuffle,hour==17,7.0,,,,11232,0.07809219217131336,959f03ece8ec9bb8516533f896ad173a61e754267329150eb559867fafa1a124,0.9619999527931213,0.03800004720687866,52,516,,global_top_l_filter,5000,0.0
B,hnsw,shuffle,hour==17,8.0,,,,11232,0.07809219217131336,67a892b4c0541d5bcb7cf2186f8ecea4b8152f2e802fb3ff30d46c769b006e0c,0.9624999761581421,0.03750002384185791,44,516,,global_top_l_filter,5000,0.0
B,hnsw,shuffle,hour==17,9.0,,,,11232,0.07809219217131336,454cf09f3e4441acb36d9946d6eafda52b36b4ba30427a5fff4ff472ce9844f4,0.9744999408721924,0.025500059127807617,39,516,,global_top_l_filter,5000,0.0
B,hnsw,shuffle,hour==17,10.0,,,,11232,0.07809219217131336,d14da516a99b2e5ffa0ba22d1bd2f7748ea71356ae222e71efc81c0e717531ab,0.9735000133514404,0.02649998664855957,42,516,,global_top_l_filter,5000,0.0
B,hnsw,shuffle,hour==17,11.0,,,,11232,0.07809219217131336,a67c23ed28b09b6d922ca8d7a87cb29ffc224ec4d1240cf08d3e40f9c36712e2,0.9634999632835388,0.03650003671646118,51,516,,global_top_l_filter,5000,0.0
B,hnsw,shuffle,hour==17,12.0,,,,11232,0.07809219217131336,126b5283f0fdb6ebf0bcd2d80d96d130e02566a89c544fd3cf4cfe979c87ce0c,0.9634999632835388,0.03650003671646118,54,516,,global_top_l_filter,5000,0.0
B,hnsw,shuffle,hour==17,13.0,,,,11232,0.07809219217131336,abbbc08740187d72abace3fbee53181af31fe1e0adac182821be3772541c3cdf,0.9605000019073486,0.03949999809265137,62,516,,global_top_l_filter,5000,0.0
B,hnsw,shuffle,hour==17,14.0,,,,11232,0.07809219217131336,2aaf279fa7fad0504072d8eb23f9f905d7b2ba3107cc1b3287588c9a17fcc28e,0.9660000801086426,0.03399991989135742,48,516,,global_top_l_filter,5000,0.0
B,hnsw,shuffle,hour==17,15.0,,,,11232,0.07809219217131336,60c349f26deb9229c03e75116da774795f77dbd59786390167e3b5eb3160cb5b,0.9730000495910645,0.026999950408935547,46,516,,global_top_l_filter,5000,0.0
B,hnsw,shuffle,hour==17,16.0,,,,11232,0.07809219217131336,bd973baceda1323ec03b7cd54b6fb1d5fc14174437ed966220ea7744611e252a,0.9669999480247498,0.033000051975250244,41,516,,global_top_l_filter,5000,0.0
B,hnsw,shuffle,hour==17,17.0,,,,11232,0.07809219217131336,7c8fff8ab0d1d833c420990238dce48d06fc83f67b56f8ca35addb1cb18a6f7b,0.966499924659729,0.033500075340270996,40,516,,global_top_l_filter,5000,0.0
B,hnsw,shuffle,hour==17,18.0,,,,11232,0.07809219217131336,ec7054604f520253f9676d8ea04df4580142fb1ab196bf04031519d5eae82d9e,0.9619999527931213,0.03800004720687866,51,516,,global_top_l_filter,5000,0.0
B,hnsw,shuffle,hour==17,19.0,,,,11232,0.07809219217131336,4914d7c1475ebd590c16eb067dda107ea6ef4872684dd06de947199cae1aedeb,0.9644999504089355,0.03550004959106445,49,516,,global_top_l_filter,5000,0.0
B,hnsw,shuffle,hour==17,20.0,,,,11232,0.07809219217131336,3659749755ca2a3c3cb3aa955e16dc81af659e8ef2f224cee15b61c670a4c0c7,0.9689999222755432,0.031000077724456787,44,516,,global_top_l_filter,5000,0.0
B,hnsw,shuffle,hour==17,21.0,,,,11232,0.07809219217131336,e0cc770461e3e92e2ba7f6d86eef0e2b27b81d4dcb2680a911c96d9439b002ed,0.9605000019073486,0.03949999809265137,56,516,,global_top_l_filter,5000,0.0
B,hnsw,shuffle,hour==17,22.0,,,,11232,0.07809219217131336,77f6f44ce96fa58b59463c0be92d8d474fefc92503b995ccf065f34ff1f8cc5f,0.9655000567436218,0.034499943256378174,47,516,,global_top_l_filter,5000,0.0
B,hnsw,shuffle,hour==17,23.0,,,,11232,0.07809219217131336,7c1fd8670287fe3aff22000c7ee68b9ee6cccaf0fecd1106b40d307804ae725b,0.9700000286102295,0.029999971389770508,47,516,,global_top_l_filter,5000,0.0
B,hnsw,shuffle,hour==17,24.0,,,,11232,0.07809219217131336,4346206bd5bd804294d99cbf18c22eeee795c8f09197e664c08d7f38cbdb7046,0.9654999375343323,0.034500062465667725,47,516,,global_top_l_filter,5000,0.0
B,hnsw,shuffle,hour==17,25.0,,,,11232,0.07809219217131336,5d23868ee7ba7e1d9036902e055ed500c6ef15a7b1f8bded7327301672545c5e,0.965999960899353,0.03400003910064697,50,516,,global_top_l_filter,5000,0.0
B,hnsw,shuffle,hour==17,26.0,,,,11232,0.07809219217131336,8c7ab4730143774d7275832ef943209351bcc922a40df733ec3a253ee41f2dac,0.9684999585151672,0.031500041484832764,48,516,,global_top_l_filter,5000,0.0
B,hnsw,shuffle,hour==17,27.0,,,,11232,0.07809219217131336,fb2a089e770f45446c34b3f37c048ad84056d73e22a564c998081208fa793b7c,0.968000054359436,0.031999945640563965,44,516,,global_top_l_filter,5000,0.0
B,hnsw,shuffle,hour==17,28.0,,,,11232,0.07809219217131336,c29fddc56f2c2c9fcec62e81f828ef243f8721e95d529a405e97b8afc2f29e33,0.9555000066757202,0.044499993324279785,63,516,,global_top_l_filter,5000,0.0
B,hnsw,shuffle,hour==17,29.0,,,,11232,0.07809219217131336,fb19cbf7a16e701e4ddd448ccbf464554f54cac51a424a32010e18520061a3cd,0.9619999527931213,0.03800004720687866,54,516,,global_top_l_filter,5000,0.0
B,hnsw,shuffle,hour==17,30.0,,,,11232,0.07809219217131336,47ec3c02cbbd89af0e799849b457826e051aff848477e4da4a0a733e53e2f6a1,0.9655000567436218,0.034499943256378174,46,516,,global_top_l_filter,5000,0.0
B,hnsw,shuffle,hour==17,31.0,,,,11232,0.07809219217131336,eab207ed6431406e56a7b76013e9dfde1e978d8b2bec89c480e7881aa26d8b28,0.9655000567436218,0.034499943256378174,46,516,,global_top_l_filter,5000,0.0
B,hnsw,shuffle,hour==17,32.0,,,,11232,0.07809219217131336,dbbdfd92a6999397483ecd49c4e5302970520ac73ff61fdd38b3b1a3880a894e,0.9654999375343323,0.034500062465667725,49,516,,global_top_l_filter,5000,0.0
B,hnsw,shuffle,hour==17,33.0,,,,11232,0.07809219217131336,8f24612cf7a1a319e3629c53df79c14ac455f2d54751b656c1da3ab2460d3dcf,0.9665000438690186,0.033499956130981445,44,516,,global_top_l_filter,5000,0.0
B,hnsw,shuffle,hour==17,34.0,,,,11232,0.07809219217131336,df0ac0fb260b0b3c01630a0110a7faf5689aabff6da3bdbc70dfe51eb9146f8d,0.969499945640564,0.030500054359436035,46,516,,global_top_l_filter,5000,0.0
B,hnsw,shuffle,hour==17,35.0,,,,11232,0.07809219217131336,76cec4e5f0f535d7bccda373693f88528b6dfc928f4b2624da11bc3728257e53,0.9634999632835388,0.03650003671646118,56,516,,global_top_l_filter,5000,0.0
B,hnsw,shuffle,hour==17,36.0,,,,11232,0.07809219217131336,8040d09875cfc8eb5c24c83918197ed9560733de6562c5aa2f1da14daba8c8af,0.9634999632835388,0.03650003671646118,48,516,,global_top_l_filter,5000,0.0
B,hnsw,shuffle,hour==17,37.0,,,,11232,0.07809219217131336,9845772d3c94ccb215b8559c00504715731612d45aeef46a90737da5b00f0a80,0.9605000019073486,0.03949999809265137,52,516,,global_top_l_filter,5000,0.0
B,hnsw,shuffle,hour==17,38.0,,,,11232,0.07809219217131336,0ab58ca97547a8b960bdfc81fae8f0cb219a817a8d8d998eb00f74bc263363cb,0.9669999480247498,0.033000051975250244,51,516,,global_top_l_filter,5000,0.0
B,hnsw,shuffle,hour==17,39.0,,,,11232,0.07809219217131336,75cde7a53f26e58f19ebc4827c0a083f85e6c928ae2c589bc1ed55a87ed75f31,0.9669999480247498,0.033000051975250244,45,516,,global_top_l_filter,5000,0.0
B,hnsw,shuffle,hour==17,40.0,,,,11232,0.07809219217131336,94e4a7c268026c2e46e8518d29099ee0992d44dca8f4ddc29b4872d90dee2523,0.9649999737739563,0.0350000262260437,47,516,,global_top_l_filter,5000,0.0
B,hnsw,shuffle,hour==17,41.0,,,,11232,0.07809219217131336,dd877c286ad5c1b417f13476bdfa69a5b3e9595834c500a1bd9abafc1cf16184,0.9730000495910645,0.026999950408935547,41,516,,global_top_l_filter,5000,0.0
B,hnsw,shuffle,hour==17,42.0,,,,11232,0.07809219217131336,2b32afadb820576a009daa8d5d770d70bc93a053fc2fec64632995b81fb5a0a1,0.9605000019073486,0.03949999809265137,54,516,,global_top_l_filter,5000,0.0
B,hnsw,shuffle,hour==17,43.0,,,,11232,0.07809219217131336,c5a8a6016f26aae0f99742fc21b649f21e83b354f4c29625a01b59a3a6c59321,0.9614999890327454,0.03850001096725464,51,516,,global_top_l_filter,5000,0.0
B,hnsw,shuffle,hour==17,44.0,,,,11232,0.07809219217131336,ded929a7f41989818be40df0a822f01339ddc13074fdbb0f4f18788a424b9d73,0.9674999117851257,0.03250008821487427,51,516,,global_top_l_filter,5000,0.0
B,hnsw,shuffle,hour==17,45.0,,,,11232,0.07809219217131336,86a93cb461eb51c5673d206e03d3f1aa203696ea205730431a31f9291bda1c3a,0.9719999432563782,0.028000056743621826,41,516,,global_top_l_filter,5000,0.0
B,hnsw,shuffle,hour==17,46.0,,,,11232,0.07809219217131336,b8c68c498b502dac18bef4d66a79eb365825448d04b0754820b279f1009cc6cb,0.9644999504089355,0.03550004959106445,49,516,,global_top_l_filter,5000,0.0
B,hnsw,shuffle,hour==17,47.0,,,,11232,0.07809219217131336,1935ccc591528c1a90f456fb9d0a9d2b0d866b3cf9db24cb0475cb300e638725,0.9655000567436218,0.034499943256378174,51,516,,global_top_l_filter,5000,0.0
B,hnsw,shuffle,hour==17,48.0,,,,11232,0.07809219217131336,c332928018aaef1cb2857553cd008c8d4cd9a93707e1a3547864cc2b15050ffd,0.9574999809265137,0.04250001907348633,57,516,,global_top_l_filter,5000,0.0
B,hnsw,shuffle,hour==17,49.0,,,,11232,0.07809219217131336,9832a51e6bae49f40ef03dff9d488ab466075607d74d830d42c7a3c228b88bc6,0.9700000286102295,0.029999971389770508,47,516,,global_top_l_filter,5000,0.0
B,hnsw,shuffle,hour==17,50.0,,,,11232,0.07809219217131336,a2c8b7745d609ace5675cb2daef85dc8c49ed48cf1db66eb8132233af2798800,0.9644999504089355,0.03550004959106445,49,516,,global_top_l_filter,5000,0.0
B,hnsw,shuffle,hour==17,51.0,,,,11232,0.07809219217131336,86bb049c1c09f8aa86640ea1f5246f1fb8a1ac079ae0da2ecfbd0e567f2ec610,0.9605000019073486,0.03949999809265137,53,516,,global_top_l_filter,5000,0.0
B,hnsw,shuffle,hour==17,52.0,,,,11232,0.07809219217131336,ddcbfc79eb8ac3044a1072c364f247caee5f11b1ff4581c32aa6be4050e30486,0.965999960899353,0.03400003910064697,47,516,,global_top_l_filter,5000,0.0
B,hnsw,shuffle,hour==17,53.0,,,,11232,0.07809219217131336,a4b1e7ae26c192c9cda9e7d5325a08e77017d7ba6a7a060a8495d3d5662b0eef,0.9659999012947083,0.03400009870529175,45,516,,global_top_l_filter,5000,0.0
B,hnsw,shuffle,hour==17,54.0,,,,11232,0.07809219217131336,b4410545e6fc21df872b10151c69319669da14c8544c920935c8b19c718405ee,0.9635000824928284,0.03649991750717163,57,516,,global_top_l_filter,5000,0.0
B,hnsw,shuffle,hour==17,55.0,,,,11232,0.07809219217131336,c9af2f80ef7242ebc8f723ccc1ce28ca462cf2b0ea8af2bb40d9c5dfb5605ea8,0.9684998989105225,0.03150010108947754,49,516,,global_top_l_filter,5000,0.0
B,hnsw,shuffle,hour==17,56.0,,,,11232,0.07809219217131336,752b8b80374f1104fd95b7407273e79b4041fdc3b3d83543ecdffcce181fdf6f,0.9564999341964722,0.04350006580352783,60,516,,global_top_l_filter,5000,0.0
B,hnsw,shuffle,hour==17,57.0,,,,11232,0.07809219217131336,4f9111d28e96708110084c5aa3ae249699175a1835edc3c718c5e0bfa34cea25,0.9700000286102295,0.029999971389770508,46,516,,global_top_l_filter,5000,0.0
B,hnsw,shuffle,hour==17,58.0,,,,11232,0.07809219217131336,83e7ff7ef665894cf7d0d2d3801a17e9bf0a0d50933ff74318f53b506be91a31,0.965999960899353,0.03400003910064697,49,516,,global_top_l_filter,5000,0.0
B,hnsw,shuffle,hour==17,59.0,,,,11232,0.07809219217131336,fd45bd69308079c29c97787ee109e0651219aa45b3f0c4bef8a2630b2adc1494,0.9604999423027039,0.03950005769729614,51,516,,global_top_l_filter,5000,0.0
B,hnsw,shuffle,hour==17,60.0,,,,11232,0.07809219217131336,00b4e437ea3bdfd2aebb48e4b297c16afa37f0704bbca5a54d0b95841689d3c2,0.9669999480247498,0.033000051975250244,45,516,,global_top_l_filter,5000,0.0
B,hnsw,shuffle,hour==17,61.0,,,,11232,0.07809219217131336,e7571e62da56b8fab29cc0b8acf504526e1ea4019cd80b57131712f561c1d482,0.9674999713897705,0.03250002861022949,52,516,,global_top_l_filter,5000,0.0
B,hnsw,shuffle,hour==17,62.0,,,,11232,0.07809219217131336,64c0f521d3cf671233879d693886e733735601c66a3cda382249e9c9f1432b37,0.9674999713897705,0.03250002861022949,46,516,,global_top_l_filter,5000,0.0
B,hnsw,shuffle,hour==17,63.0,,,,11232,0.07809219217131336,763ac5f70d28f1fc5f4aedcfe29596c2b850707f1d2c3898a09fd440b84c7df8,0.9705000519752502,0.029499948024749756,41,516,,global_top_l_filter,5000,0.0
B,hnsw,shuffle,hour==17,64.0,,,,11232,0.07809219217131336,fa9155e30dd86ef12bdfe9478dd94f6c630c2b1e1bed7298dd1c6de1cdf500ac,0.9669999480247498,0.033000051975250244,46,516,,global_top_l_filter,5000,0.0
B,hnsw,shuffle,hour==17,65.0,,,,11232,0.07809219217131336,293af7efa32ec096af01a5c33cae0bc119f3f9d595859058b5668a4e9b5065a4,0.9584999680519104,0.0415000319480896,58,516,,global_top_l_filter,5000,0.0
B,hnsw,shuffle,hour==17,66.0,,,,11232,0.07809219217131336,374992ba935d1e6ff190f4d76d2085219c26a6fe3cf0ea07c5bde6fa3c1f6e74,0.9674999713897705,0.03250002861022949,45,516,,global_top_l_filter,5000,0.0
B,hnsw,shuffle,hour==17,67.0,,,,11232,0.07809219217131336,4e8dabdef2e7cf69ec708c887259d5c5e17d621382b779b83e1cf63b28dccb65,0.9669999480247498,0.033000051975250244,52,516,,global_top_l_filter,5000,0.0
B,hnsw,shuffle,hour==17,68.0,,,,11232,0.07809219217131336,552b54b54a6aead603a74697647c08dfa81b4109652100d8e77eee0fd446d059,0.9619999527931213,0.03800004720687866,57,516,,global_top_l_filter,5000,0.0
B,hnsw,shuffle,hour==17,69.0,,,,11232,0.07809219217131336,4a3d0ed2cf8be953f804a9595b9af10b7d49abdd119d2db79039b3ec331a69f3,0.9605000019073486,0.03949999809265137,55,516,,global_top_l_filter,5000,0.0
B,hnsw,shuffle,hour==17,70.0,,,,11232,0.07809219217131336,67542de399416157971f382aeee0d03f6ef31fd0eb4f4250cdcd5d00d657cb29,0.968000054359436,0.031999945640563965,42,516,,global_top_l_filter,5000,0.0
B,hnsw,shuffle,hour==17,71.0,,,,11232,0.07809219217131336,2f3310d9e6e91ad5ada338cc981f41684a848812899e13cdfac3e8c65a5a0529,0.968000054359436,0.031999945640563965,46,516,,global_top_l_filter,5000,0.0
B,hnsw,shuffle,hour==17,72.0,,,,11232,0.07809219217131336,df435c5f18e26f6d42c287576d6521277f6f5b88ac91da2ac7f41a20d30bfb72,0.9649999737739563,0.0350000262260437,47,516,,global_top_l_filter,5000,0.0
B,hnsw,shuffle,hour==17,73.0,,,,11232,0.07809219217131336,eb0746e28f24ed46eb80cd212ff10f52a76bd1963521af34e8423ec7f8d8aa9a,0.9709999561309814,0.029000043869018555,44,516,,global_top_l_filter,5000,0.0
B,hnsw,shuffle,hour==17,74.0,,,,11232,0.07809219217131336,2e28eb67de76aeed5a22537fecf179120fabecf2b4d9e6afdb19cd72c19a3dc7,0.969499945640564,0.030500054359436035,43,516,,global_top_l_filter,5000,0.0
B,hnsw,shuffle,hour==17,75.0,,,,11232,0.07809219217131336,8ee956209e54c7085156827eb35e65c765aa346afe50781d7073c852cde9ffa3,0.9599999785423279,0.04000002145767212,52,516,,global_top_l_filter,5000,0.0
B,hnsw,shuffle,hour==17,76.0,,,,11232,0.07809219217131336,7d6a0222955e1498b977f7a8cf87533fb826511a299ef949dfb285210616764d,0.9700000286102295,0.029999971389770508,38,516,,global_top_l_filter,5000,0.0
B,hnsw,shuffle,hour==17,77.0,,,,11232,0.07809219217131336,de762e34bcb9d0a25d5a236e8dd7efa3fd245d6ad4ea647f2a08928f3f00d64d,0.9630000591278076,0.03699994087219238,57,516,,global_top_l_filter,5000,0.0
B,hnsw,shuffle,hour==17,78.0,,,,11232,0.07809219217131336,40e72deaabf82191c273e3e7714b4344f6b42e270896a9f740477520f5e7b675,0.9579999446868896,0.04200005531311035,54,516,,global_top_l_filter,5000,0.0
B,hnsw,shuffle,hour==17,79.0,,,,11232,0.07809219217131336,2b6352686d116ef5bc1e561ff3d22acec373b7485a5c503faa7ec71935cdcb52,0.9639999270439148,0.036000072956085205,51,516,,global_top_l_filter,5000,0.0
B,hnsw,shuffle,hour==17,80.0,,,,11232,0.07809219217131336,33cdf97773cadec57ddee4addb5e37ed4de59909d310f86c6533fbdd15bb6904,0.9584999680519104,0.0415000319480896,59,516,,global_top_l_filter,5000,0.0
B,hnsw,shuffle,hour==17,81.0,,,,11232,0.07809219217131336,cd7b50bd6f303f434dad473ddecbca80cc7e64abe4d322030f6ddab68be3782e,0.9614999294281006,0.038500070571899414,52,516,,global_top_l_filter,5000,0.0
B,hnsw,shuffle,hour==17,82.0,,,,11232,0.07809219217131336,cb7b62c4096b19032162d3824bffaaff26105330f468cdc2eaca681e38ec3d0d,0.9635000824928284,0.03649991750717163,44,516,,global_top_l_filter,5000,0.0
B,hnsw,shuffle,hour==17,83.0,,,,11232,0.07809219217131336,d384654fd13e34b2c989f28c5c1c811eed5edf38d4c7619d8d737d74c883680f,0.9674999713897705,0.03250002861022949,46,516,,global_top_l_filter,5000,0.0
B,hnsw,shuffle,hour==17,84.0,,,,11232,0.07809219217131336,0e37f343e4971e85dac626290ea275e6a58e5128ec7488d99fe08558c7f634a2,0.9684999585151672,0.031500041484832764,44,516,,global_top_l_filter,5000,0.0
B,hnsw,shuffle,hour==17,85.0,,,,11232,0.07809219217131336,6e3ad25da30b362e2e9bcd3f066178815f8cb96d53ee283fc5493166af4455df,0.9639999866485596,0.03600001335144043,49,516,,global_top_l_filter,5000,0.0
B,hnsw,shuffle,hour==17,86.0,,,,11232,0.07809219217131336,89c834d1a7d5584cd2a13ad90d71845aef29ab4879255717a33826f7c20b4fd5,0.9599999785423279,0.04000002145767212,52,516,,global_top_l_filter,5000,0.0
B,hnsw,shuffle,hour==17,87.0,,,,11232,0.07809219217131336,541c9c095165dc1c06164d2eb296ddd7eca83b50aba60ce401607433f8a8fe40,0.9700000286102295,0.029999971389770508,47,516,,global_top_l_filter,5000,0.0
B,hnsw,shuffle,hour==17,88.0,,,,11232,0.07809219217131336,7d689e59808b43a1e701957ce10dd29f7e923b1479f6e6bde3483487f290c6c0,0.969499945640564,0.030500054359436035,46,516,,global_top_l_filter,5000,0.0
B,hnsw,shuffle,hour==17,89.0,,,,11232,0.07809219217131336,60c4831a5ae2e5db53ce614270d333363afa8610958112de9fa678e66567ea8f,0.9624999761581421,0.03750002384185791,54,516,,global_top_l_filter,5000,0.0
B,hnsw,shuffle,hour==17,90.0,,,,11232,0.07809219217131336,72aa3063d846fcee177dfd9bfa37e2b296e330d18c9bc47e9e3a4dd63d62f11a,0.9594999551773071,0.04050004482269287,56,516,,global_top_l_filter,5000,0.0
B,hnsw,shuffle,hour==17,91.0,,,,11232,0.07809219217131336,7d3aed8777d63325f9841ab436e387cf4d60b3a83a34859668d3619b0ac81904,0.9634999632835388,0.03650003671646118,49,516,,global_top_l_filter,5000,0.0
B,hnsw,shuffle,hour==17,92.0,,,,11232,0.07809219217131336,3c50cba6c36dc24a3a109c2f7c91ccb723bd7c4847af643340628e5182f0afcb,0.9669999480247498,0.033000051975250244,49,516,,global_top_l_filter,5000,0.0
B,hnsw,shuffle,hour==17,93.0,,,,11232,0.07809219217131336,2475c9429bb8f8101da8a8fd4e76085810242e4c60c1609e32ba8be4821c1504,0.9700000286102295,0.029999971389770508,42,516,,global_top_l_filter,5000,0.0
B,hnsw,shuffle,hour==17,94.0,,,,11232,0.07809219217131336,4503c15abb31997ef1e8cb1784daf68eb5da552c6ae2e692f740479c93a6bb8e,0.9700000286102295,0.029999971389770508,44,516,,global_top_l_filter,5000,0.0
B,hnsw,shuffle,hour==17,95.0,,,,11232,0.07809219217131336,649ccb49ffd9bd69215f92d096b49c39f4f8ac8e08cac47a36097e8bfdc39a88,0.9719999432563782,0.028000056743621826,37,516,,global_top_l_filter,5000,0.0
B,hnsw,shuffle,hour==17,96.0,,,,11232,0.07809219217131336,48a05b6c9d6e7cce0f6a03c299d94085e2dc778c4415441cad4b6f6fb8579842,0.9655000567436218,0.034499943256378174,46,516,,global_top_l_filter,5000,0.0
B,hnsw,shuffle,hour==17,97.0,,,,11232,0.07809219217131336,dbf2314fab31a91d0f460ffdcdee2da1985d808e1aef2a5bb1be9b1b3881b8a8,0.9630000591278076,0.03699994087219238,52,516,,global_top_l_filter,5000,0.0
B,hnsw,shuffle,hour==17,98.0,,,,11232,0.07809219217131336,388bd6776e73af36a39930882e5e5ffe35cff76f9e619b092598c5e17e279e0f,0.966499924659729,0.033500075340270996,45,516,,global_top_l_filter,5000,0.0
B,hnsw,shuffle,hour==17,99.0,,,,11232,0.07809219217131336,6775cbb61bad27ef03ea5a8e0bbfc94a8832f2f69bfb72365a01a1217f9cdcd5,0.966499924659729,0.033500075340270996,51,516,,global_top_l_filter,5000,0.0
B,hnsw,natural,hour==18,,,,,15656,0.10885072655217966,10eb15f639fd0357f09ed21994c4aba679f0f93989255427c95ba46b76337144,0.3774999976158142,0.6225000023841858,135,368,0.8284163691368283,global_top_l_filter,10000,0.0
B,hnsw,shuffle,hour==18,0.0,,,,15656,0.10885072655217966,0426793a03f8e268130b5e8a55a73f626c20d19ef54c1d921816b8ec126f2813,0.9864999651908875,0.013500034809112549,18,368,,global_top_l_filter,5000,0.0
B,hnsw,shuffle,hour==18,1.0,,,,15656,0.10885072655217966,cb61209a7de263a57398c79a2cd71ae192ec9cf2b6ff83ee348feb53c369b1de,0.9855000376701355,0.014499962329864502,19,368,,global_top_l_filter,5000,0.0
B,hnsw,shuffle,hour==18,2.0,,,,15656,0.10885072655217966,619243c0eca87bc2866d92ddcc63251d559aa9dc44eda69d7f798d188c65929e,0.9884999990463257,0.011500000953674316,17,368,,global_top_l_filter,5000,0.0
B,hnsw,shuffle,hour==18,3.0,,,,15656,0.10885072655217966,a24d91ca9355ee8bfa4a2f58d792daf45180c534c8c57f453af6a3838d3f844a,0.984000027179718,0.015999972820281982,24,368,,global_top_l_filter,5000,0.0
B,hnsw,shuffle,hour==18,4.0,,,,15656,0.10885072655217966,d51e01b1b4b9a28c185407c71dafe99106c363438f1b75ec5acb03b1e257d69d,0.9860000014305115,0.013999998569488525,21,368,,global_top_l_filter,5000,0.0
B,hnsw,shuffle,hour==18,5.0,,,,15656,0.10885072655217966,ee571652571279eafa009d350ae01c0b3383e1ca9b2f5330c3064c2837162d01,0.9850000143051147,0.014999985694885254,25,368,,global_top_l_filter,5000,0.0
B,hnsw,shuffle,hour==18,6.0,,,,15656,0.10885072655217966,576c7b18f59bd5de05b54623983c714f7c07b8c77b02f8b42db6cfabf8b6382c,0.9890000224113464,0.010999977588653564,20,368,,global_top_l_filter,5000,0.0
B,hnsw,shuffle,hour==18,7.0,,,,15656,0.10885072655217966,a9321078b472c5cdf5b6f1e83b9d5a0e38ff1a6bf37243265a5e93aa94163dc0,0.9860000014305115,0.013999998569488525,24,368,,global_top_l_filter,5000,0.0
B,hnsw,shuffle,hour==18,8.0,,,,15656,0.10885072655217966,3a1c15354312c1efe9f6b0c1074f8b09fd2927e263ad300073ba8de0900968b9,0.984499990940094,0.015500009059906006,24,368,,global_top_l_filter,5000,0.0
B,hnsw,shuffle,hour==18,9.0,,,,15656,0.10885072655217966,8047ec1bd9f81718a90ac8270ef14e50b2e93f440b8fdbe7ab6bd1ce896c9664,0.9900000095367432,0.009999990463256836,13,368,,global_top_l_filter,5000,0.0
B,hnsw,shuffle,hour==18,10.0,,,,15656,0.10885072655217966,5a90caedbe71ebe20467cc4348fddabc415190e569ef7f4eaf7ca3ebdea66e8f,0.987500011920929,0.012499988079071045,19,368,,global_top_l_filter,5000,0.0
B,hnsw,shuffle,hour==18,11.0,,,,15656,0.10885072655217966,840d970dc3bbe6ba260e2e6b94b846545dbf1576ee1dbc9dd697a796d8305236,0.9874999523162842,0.01250004768371582,23,368,,global_top_l_filter,5000,0.0
B,hnsw,shuffle,hour==18,12.0,,,,15656,0.10885072655217966,e47d123ffd163a82da1baaafe620301eaa3c34110fbb1bdaf40ec02c835a2609,0.9894999861717224,0.010500013828277588,17,368,,global_top_l_filter,5000,0.0
B,hnsw,shuffle,hour==18,13.0,,,,15656,0.10885072655217966,4d22231327bdfccf5047eb93de1afbce1238118ceb9e75dcd8f52bf10e074260,0.9834998846054077,0.016500115394592285,20,368,,global_top_l_filter,5000,0.0
B,hnsw,shuffle,hour==18,14.0,,,,15656,0.10885072655217966,0e0dbf239a161823128f306066c8dedd4c2659576537d04b99b409df9c384eff,0.9894999861717224,0.010500013828277588,17,368,,global_top_l_filter,5000,0.0
B,hnsw,shuffle,hour==18,15.0,,,,15656,0.10885072655217966,16daa3162314abcc527f06ee99bb0408b1760163ce3b2c6aed03e6536fc1625b,0.9864999651908875,0.013500034809112549,20,368,,global_top_l_filter,5000,0.0
B,hnsw,shuffle,hour==18,16.0,,,,15656,0.10885072655217966,427fc0d41b9bcfb21c4fd4402b11f2b99827ed4532e69da19c1965c87e2aaa79,0.9909999966621399,0.009000003337860107,15,368,,global_top_l_filter,5000,0.0
B,hnsw,shuffle,hour==18,17.0,,,,15656,0.10885072655217966,03b143b4d62259d51740d48eb4dc821bfcb2bad8670e035fd3c3227865b12c24,0.9919999837875366,0.008000016212463379,13,368,,global_top_l_filter,5000,0.0
B,hnsw,shuffle,hour==18,18.0,,,,15656,0.10885072655217966,82356ac539d45d33a92abba81b0eb75ff3c20e1b8cd7d45c69182c89e90c8df5,0.9890000224113464,0.010999977588653564,17,368,,global_top_l_filter,5000,0.0
B,hnsw,shuffle,hour==18,19.0,,,,15656,0.10885072655217966,783fb397e42a20da5a46e06248e2f46c9bfc9b3850fc43f56ea29b30026f217f,0.984000027179718,0.015999972820281982,24,368,,global_top_l_filter,5000,0.0
B,hnsw,shuffle,hour==18,20.0,,,,15656,0.10885072655217966,ce951e1e1ce0dbd6d0e923aa15a2303c4286d9cc4ad6a4e6872dc09fc78a841e,0.987500011920929,0.012499988079071045,22,368,,global_top_l_filter,5000,0.0
B,hnsw,shuffle,hour==18,21.0,,,,15656,0.10885072655217966,90038d6e5e1bda48d293850707352b360ef1f00080b35565e1cc5dbcbea5c3aa,0.9900000095367432,0.009999990463256836,19,368,,global_top_l_filter,5000,0.0
B,hnsw,shuffle,hour==18,22.0,,,,15656,0.10885072655217966,6737a9a5eefd550a32b7ebf0eb9dee535baa081e72c9af4557293450806b20a4,0.9854999780654907,0.014500021934509277,20,368,,global_top_l_filter,5000,0.0
B,hnsw,shuffle,hour==18,23.0,,,,15656,0.10885072655217966,671d2792dd7f909bf45de6c0692b42dd394fe593a9534faaab9f83810637db98,0.9819999933242798,0.018000006675720215,24,368,,global_top_l_filter,5000,0.0
B,hnsw,shuffle,hour==18,24.0,,,,15656,0.10885072655217966,ad5dd62143f8548e10454d22f1fab561c6a4bf33ffc3b6e15645b2e937b6a5d7,0.9860000610351562,0.01399993896484375,21,368,,global_top_l_filter,5000,0.0
B,hnsw,shuffle,hour==18,25.0,,,,15656,0.10885072655217966,ae08d56f670d1e8fa276db66815e3d4c270f37bb4389894446f7e870801589ab,0.9889999628067017,0.01100003719329834,15,368,,global_top_l_filter,5000,0.0
B,hnsw,shuffle,hour==18,26.0,,,,15656,0.10885072655217966,faa233b61477cb57497b36d983cc17aa356c65059a4e60302cd63a6388184657,0.9919999837875366,0.008000016212463379,14,368,,global_top_l_filter,5000,0.0
B,hnsw,shuffle,hour==18,27.0,,,,15656,0.10885072655217966,4604a4ee20fd8f498a924dbfbc046d7478be55a13ed93a522e6ba707e9429d4f,0.987500011920929,0.012499988079071045,18,368,,global_top_l_filter,5000,0.0
B,hnsw,shuffle,hour==18,28.0,,,,15656,0.10885072655217966,676d3bc7a6f830a2fd583dd4345a1aecbbf13739d668f2fd422517cb31049f79,0.9894999861717224,0.010500013828277588,19,368,,global_top_l_filter,5000,0.0
B,hnsw,shuffle,hour==18,29.0,,,,15656,0.10885072655217966,af7b3ae9075120d15b7f3a09df73bd2ae5707c8d9edeb55acc7f2654e927f065,0.9869999885559082,0.013000011444091797,20,368,,global_top_l_filter,5000,0.0
B,hnsw,shuffle,hour==18,30.0,,,,15656,0.10885072655217966,83c27be51f725fe18ad4c1446e32831a7a2413cef065fa2b9209a81d0aa9f254,0.984499990940094,0.015500009059906006,23,368,,global_top_l_filter,5000,0.0
B,hnsw,shuffle,hour==18,31.0,,,,15656,0.10885072655217966,5dc20930870f67ac51998b94520e354e9a5667fa4e7f1d1580bf8e6264441fb4,0.9814999103546143,0.018500089645385742,27,368,,global_top_l_filter,5000,0.0
B,hnsw,shuffle,hour==18,32.0,,,,15656,0.10885072655217966,7c38748b0e2a7fd366a848c50f9b21a490dd4f540ddc9affe9090d845fdf5ff5,0.9839999675750732,0.016000032424926758,23,368,,global_top_l_filter,5000,0.0
B,hnsw,shuffle,hour==18,33.0,,,,15656,0.10885072655217966,2372a21e365a319072fc9408e5dc966bf698d75a2087d7fbbe67f3a89703a76e,0.9880000352859497,0.011999964714050293,20,368,,global_top_l_filter,5000,0.0
B,hnsw,shuffle,hour==18,34.0,,,,15656,0.10885072655217966,cd08f8527037a288b34dd5d524bea5ce095368194352b4b374bb16a8a421368a,0.9855000376701355,0.014499962329864502,19,368,,global_top_l_filter,5000,0.0
B,hnsw,shuffle,hour==18,35.0,,,,15656,0.10885072655217966,765bca3d2d388bcd53597e181aa73057719eee956bf70804bd0d849e4a97aed1,0.9900000095367432,0.009999990463256836,17,368,,global_top_l_filter,5000,0.0
B,hnsw,shuffle,hour==18,36.0,,,,15656,0.10885072655217966,14bee90ad966828492a7d3ecf07a5914a8aa26a58c8b84184c7e9dafd736944c,0.9889999628067017,0.01100003719329834,17,368,,global_top_l_filter,5000,0.0
B,hnsw,shuffle,hour==18,37.0,,,,15656,0.10885072655217966,148ba93bb193c705bf36ffd5ae18efa96cfb24774a448d69ae7d80788fbaf290,0.9850000143051147,0.014999985694885254,24,368,,global_top_l_filter,5000,0.0
B,hnsw,shuffle,hour==18,38.0,,,,15656,0.10885072655217966,3f426100b54d0480c75ab0eee4a049a0035433fb611010bde76362ea39ecb912,0.9889999628067017,0.01100003719329834,15,368,,global_top_l_filter,5000,0.0
B,hnsw,shuffle,hour==18,39.0,,,,15656,0.10885072655217966,f6dfec4832ffba735c523ef61d3733f0e7b390e8d569e4e954de7a707383dd43,0.9929999709129333,0.00700002908706665,11,368,,global_top_l_filter,5000,0.0
B,hnsw,shuffle,hour==18,40.0,,,,15656,0.10885072655217966,1529a71e737138296f95a0c74342f18d4c7d9bb81ffab840ba59602963b7f127,0.984000027179718,0.015999972820281982,23,368,,global_top_l_filter,5000,0.0
B,hnsw,shuffle,hour==18,41.0,,,,15656,0.10885072655217966,2bda4e8b399a0eab82a39ec16340e5e818d962e915846fcf8794e52e1cf6ef92,0.987500011920929,0.012499988079071045,17,368,,global_top_l_filter,5000,0.0
B,hnsw,shuffle,hour==18,42.0,,,,15656,0.10885072655217966,b58456680bc379548e529a5dedf61c54f3464b8e542e07c7e77b20a4f77f7f2c,0.9884998798370361,0.011500120162963867,18,368,,global_top_l_filter,5000,0.0
B,hnsw,shuffle,hour==18,43.0,,,,15656,0.10885072655217966,4612e5df2ab3921c0b13f7f4c1ff3e84104de113080379ca8895287d16b59106,0.9894999861717224,0.010500013828277588,17,368,,global_top_l_filter,5000,0.0
B,hnsw,shuffle,hour==18,44.0,,,,15656,0.10885072655217966,07c7385394640bd40195414b1f9ae97dd73894eece6b94e38021cbcf65244d8f,0.9900000095367432,0.009999990463256836,17,368,,global_top_l_filter,5000,0.0
B,hnsw,shuffle,hour==18,45.0,,,,15656,0.10885072655217966,d0c69243a5278c63ffd55e049d366a82b60bccff2163acc490524362a96b9fba,0.9925000071525574,0.007499992847442627,13,368,,global_top_l_filter,5000,0.0
B,hnsw,shuffle,hour==18,46.0,,,,15656,0.10885072655217966,ea7911bd5cdcab6477ff9c33e0275689d948c2dd8c889eaa271ef6ad662e6539,0.9825000166893005,0.017499983310699463,25,368,,global_top_l_filter,5000,0.0
B,hnsw,shuffle,hour==18,47.0,,,,15656,0.10885072655217966,2750c45bad2d9bfcbff826f8a2a0efb01f2b49e95f1a8a6b1827f91bb79df4d1,0.9884999990463257,0.011500000953674316,19,368,,global_top_l_filter,5000,0.0
B,hnsw,shuffle,hour==18,48.0,,,,15656,0.10885072655217966,2b71180d16c1b063ef0b604e5838d4f80ba5e0e36ddc81ca218976ee1db22d8b,0.9884999990463257,0.011500000953674316,18,368,,global_top_l_filter,5000,0.0
B,hnsw,shuffle,hour==18,49.0,,,,15656,0.10885072655217966,4b045dd892175892c4e3409deb1155c947ea6ce35931b69225b1742d311ffec9,0.9885000586509705,0.011499941349029541,18,368,,global_top_l_filter,5000,0.0
B,hnsw,shuffle,hour==18,50.0,,,,15656,0.10885072655217966,6ca55d8952879ff91492da17ca63c12c93a3d17edd992aa621467a99302de13b,0.987500011920929,0.012499988079071045,17,368,,global_top_l_filter,5000,0.0
B,hnsw,shuffle,hour==18,51.0,,,,15656,0.10885072655217966,f2f91add6f789fc30dd57e9e30b5d30cb27fe67a06cfe0f3fa022bb573e4e01c,0.9860000014305115,0.013999998569488525,23,368,,global_top_l_filter,5000,0.0
B,hnsw,shuffle,hour==18,52.0,,,,15656,0.10885072655217966,e310817cc0d6b82fe8000e87cd5e23d1285eb46fad1ea837b213cdcb3e64f4c4,0.9900000095367432,0.009999990463256836,17,368,,global_top_l_filter,5000,0.0
B,hnsw,shuffle,hour==18,53.0,,,,15656,0.10885072655217966,bfc6a8b5b4e3ce010bd821476de51f1a176814e792917fb5f02f9eab791a3cf1,0.9850000143051147,0.014999985694885254,22,368,,global_top_l_filter,5000,0.0
B,hnsw,shuffle,hour==18,54.0,,,,15656,0.10885072655217966,c3a5db5bae49bd30f0a719254bca5a1f10c38032ae9532ab5a20a88cdaaf810b,0.9880000352859497,0.011999964714050293,23,368,,global_top_l_filter,5000,0.0
B,hnsw,shuffle,hour==18,55.0,,,,15656,0.10885072655217966,a33e6608c63cb30badefa2b9931ca068e8870fbdf4aa45dc1c1ebc4bbb0240e5,0.9894999861717224,0.010500013828277588,18,368,,global_top_l_filter,5000,0.0
B,hnsw,shuffle,hour==18,56.0,,,,15656,0.10885072655217966,647fb668bbe3dbd97058fe5c52d70e6d19d78d4f57be72be9772c619ea14a648,0.9835000038146973,0.016499996185302734,25,368,,global_top_l_filter,5000,0.0
B,hnsw,shuffle,hour==18,57.0,,,,15656,0.10885072655217966,fe31c559145a529a5ae04be8928c6918e23bbeae25a4f116e52b4bf1d8d37611,0.9854999780654907,0.014500021934509277,22,368,,global_top_l_filter,5000,0.0
B,hnsw,shuffle,hour==18,58.0,,,,15656,0.10885072655217966,361b95978c0149291138975b8e18484eaebe6a6bc2ba5bf978410ac9ca082ee3,0.9905000329017639,0.009499967098236084,17,368,,global_top_l_filter,5000,0.0
B,hnsw,shuffle,hour==18,59.0,,,,15656,0.10885072655217966,a4bc531a9af8ad1187e056db3e9c7743071edc1d0f2381746c9f2821728b98be,0.9880000352859497,0.011999964714050293,18,368,,global_top_l_filter,5000,0.0
B,hnsw,shuffle,hour==18,60.0,,,,15656,0.10885072655217966,3ecba86d8604b5a26d52be83728ee8dc88b86442837da4faae575271705ab66b,0.9880000352859497,0.011999964714050293,17,368,,global_top_l_filter,5000,0.0
B,hnsw,shuffle,hour==18,61.0,,,,15656,0.10885072655217966,ff1567e7346f5eec6c69671e56b1387adf4b7dda3ec6b4f925c557ec55da67db,0.9889999628067017,0.01100003719329834,18,368,,global_top_l_filter,5000,0.0
B,hnsw,shuffle,hour==18,62.0,,,,15656,0.10885072655217966,65e53db009285fa1da192919fa91c794de5b1a26d805f4978f6e95eb60e8a11e,0.9855000376701355,0.014499962329864502,21,368,,global_top_l_filter,5000,0.0
B,hnsw,shuffle,hour==18,63.0,,,,15656,0.10885072655217966,18936f25572d499ad791b750b9369b01854119c843808750e91e74f19546d565,0.9909999966621399,0.009000003337860107,18,368,,global_top_l_filter,5000,0.0
B,hnsw,shuffle,hour==18,64.0,,,,15656,0.10885072655217966,8af8225ad46bceca05ac0da40a916b96f32b9c8d7c07eee58ab9825ae89a40cd,0.9889999628067017,0.01100003719329834,19,368,,global_top_l_filter,5000,0.0
B,hnsw,shuffle,hour==18,65.0,,,,15656,0.10885072655217966,cbcccac2641b7f2f47f9e948ac9e9b89669646d607b07e816cb309968a94eb54,0.9850000143051147,0.014999985694885254,24,368,,global_top_l_filter,5000,0.0
B,hnsw,shuffle,hour==18,66.0,,,,15656,0.10885072655217966,feb547f0eb8b9899c84335dbb29adb35a366c14dd4512e17043a42d83ca7eae1,0.9910000562667847,0.008999943733215332,13,368,,global_top_l_filter,5000,0.0
B,hnsw,shuffle,hour==18,67.0,,,,15656,0.10885072655217966,48321f6cbe1dd56bcb0b99d4d56784fcb7489fc84c0313a8dbb2cfd700f23b1b,0.9930000305175781,0.006999969482421875,14,368,,global_top_l_filter,5000,0.0
B,hnsw,shuffle,hour==18,68.0,,,,15656,0.10885072655217966,94c72cbab83a692f280589c569c761a9be83e40bf4c8f63153cdbad0316440aa,0.9884998798370361,0.011500120162963867,19,368,,global_top_l_filter,5000,0.0
B,hnsw,shuffle,hour==18,69.0,,,,15656,0.10885072655217966,909e042521a33b88c2d71a98cabac84e59e4fee6e0b112ac97742b11f3b51624,0.9860000610351562,0.01399993896484375,18,368,,global_top_l_filter,5000,0.0
B,hnsw,shuffle,hour==18,70.0,,,,15656,0.10885072655217966,123e75c9670306a21cc73fed473ea944cd3812293307fff9b8c8c31563030016,0.987500011920929,0.012499988079071045,21,368,,global_top_l_filter,5000,0.0
B,hnsw,shuffle,hour==18,71.0,,,,15656,0.10885072655217966,dd543aba467f4500de3bb0cea5b45d1248e77003c04bdc34395ebe631f869c8f,0.9850000143051147,0.014999985694885254,20,368,,global_top_l_filter,5000,0.0
B,hnsw,shuffle,hour==18,72.0,,,,15656,0.10885072655217966,38b7c971dd93b143cb85eb5d81f09c14bc292af4b7862fb0b6f20cf8a0fca191,0.9864999651908875,0.013500034809112549,20,368,,global_top_l_filter,5000,0.0
B,hnsw,shuffle,hour==18,73.0,,,,15656,0.10885072655217966,8285b8776e67d79037b647dc71ccc8c8e584db1d912a8751f315c744a635a946,0.984499990940094,0.015500009059906006,25,368,,global_top_l_filter,5000,0.0
B,hnsw,shuffle,hour==18,74.0,,,,15656,0.10885072655217966,00123e23cbae81e8075346ef4c54aee0cb066d44fa2d55aeebce27af09f975c5,0.987500011920929,0.012499988079071045,19,368,,global_top_l_filter,5000,0.0
B,hnsw,shuffle,hour==18,75.0,,,,15656,0.10885072655217966,276521b1e43850c55e068a5c016be51e3f68d5d5ab0952aa8517668151a35f07,0.9894999861717224,0.010500013828277588,17,368,,global_top_l_filter,5000,0.0
B,hnsw,shuffle,hour==18,76.0,,,,15656,0.10885072655217966,1d5fa999caf9a66c2b0596742b8dce9b69ded2fa61b58ac31c46335ae7e39a3f,0.9864999651908875,0.013500034809112549,19,368,,global_top_l_filter,5000,0.0
B,hnsw,shuffle,hour==18,77.0,,,,15656,0.10885072655217966,87bea5ae9fe41de2b0ab3cf00dcd6945cf018a14c2a5843f3d4e4bffdd3bdd41,0.9864999651908875,0.013500034809112549,21,368,,global_top_l_filter,5000,0.0
B,hnsw,shuffle,hour==18,78.0,,,,15656,0.10885072655217966,60c5011fbd0dce25d172d3397061e4bc766a5009b5179d11d4329258c7f907bc,0.9889999628067017,0.01100003719329834,20,368,,global_top_l_filter,5000,0.0
B,hnsw,shuffle,hour==18,79.0,,,,15656,0.10885072655217966,ca0a6ae4282e8b942a2e0750690f84735b3844bed003b528697ed6ae613c0324,0.9889999628067017,0.01100003719329834,19,368,,global_top_l_filter,5000,0.0
B,hnsw,shuffle,hour==18,80.0,,,,15656,0.10885072655217966,1f6a2b71a6616e254019ce0cadd93fa914fecabbd1e6ed07a00beebeb2707b36,0.9884998798370361,0.011500120162963867,20,368,,global_top_l_filter,5000,0.0
B,hnsw,shuffle,hour==18,81.0,,,,15656,0.10885072655217966,0154213a3fc565c2d87529d3060788a914e5b055a7c218442e9d1351c4004dc4,0.9864999651908875,0.013500034809112549,22,368,,global_top_l_filter,5000,0.0
B,hnsw,shuffle,hour==18,82.0,,,,15656,0.10885072655217966,62495f4c9a70d658118e7df2efdbff0b97d840d39c08cd8bd5ea09c7b3f47f76,0.9860000014305115,0.013999998569488525,21,368,,global_top_l_filter,5000,0.0
B,hnsw,shuffle,hour==18,83.0,,,,15656,0.10885072655217966,66ab8a3dbb9e12398ac130250e52826f7d69d91c0be308c2e0cc3cf1b2e72250,0.9905000329017639,0.009499967098236084,15,368,,global_top_l_filter,5000,0.0
B,hnsw,shuffle,hour==18,84.0,,,,15656,0.10885072655217966,3cffa16a7cd39c1b3f03ee51aa4f1c6b76aa319aa02fa1919269d26528d846b7,0.9904999732971191,0.00950002670288086,17,368,,global_top_l_filter,5000,0.0
B,hnsw,shuffle,hour==18,85.0,,,,15656,0.10885072655217966,999e9f4fc73cd10968c9fc99e0ebe853ac4438b01e3859aa428ca0d1ec41f713,0.9850000143051147,0.014999985694885254,23,368,,global_top_l_filter,5000,0.0
B,hnsw,shuffle,hour==18,86.0,,,,15656,0.10885072655217966,e1238f8f59a0adc0aebedc5b810f84f19df1e27d282b939ce325a5362779c718,0.9889999628067017,0.01100003719329834,18,368,,global_top_l_filter,5000,0.0
B,hnsw,shuffle,hour==18,87.0,,,,15656,0.10885072655217966,3e38b1e9ffac7d0e0320b20e19266a2ab502527a14b524fed0031ec32ebacd23,0.9850000143051147,0.014999985694885254,25,368,,global_top_l_filter,5000,0.0
B,hnsw,shuffle,hour==18,88.0,,,,15656,0.10885072655217966,89475150f601f3ffe219f59a8f19bbc194604aa9b448718b0fd24f22eb64bacd,0.987500011920929,0.012499988079071045,23,368,,global_top_l_filter,5000,0.0
B,hnsw,shuffle,hour==18,89.0,,,,15656,0.10885072655217966,9855666a86083a3c18a669def2fcdc99a953430e8fa96113e5348b6ed96843d9,0.9900000095367432,0.009999990463256836,17,368,,global_top_l_filter,5000,0.0
B,hnsw,shuffle,hour==18,90.0,,,,15656,0.10885072655217966,ef31cac26c0cc16ea91368d48794d5f2789bf5e3f684ef0dc6505116549f1d12,0.987500011920929,0.012499988079071045,20,368,,global_top_l_filter,5000,0.0
B,hnsw,shuffle,hour==18,91.0,,,,15656,0.10885072655217966,0c443002dffcccaceb34ffd49120a13cc81b41f275d28cb66436f32af2a5db84,0.9905000329017639,0.009499967098236084,15,368,,global_top_l_filter,5000,0.0
B,hnsw,shuffle,hour==18,92.0,,,,15656,0.10885072655217966,9b46b649cd9294a23c5889fe2376b189cb1609951763da8d79bdd165110e1adf,0.9900000095367432,0.009999990463256836,19,368,,global_top_l_filter,5000,0.0
B,hnsw,shuffle,hour==18,93.0,,,,15656,0.10885072655217966,ffae8a2abbaa2d1c243151ca23768f9353d344dcf21e64cbe796c1f3dc001b69,0.9805000424385071,0.01949995756149292,28,368,,global_top_l_filter,5000,0.0
B,hnsw,shuffle,hour==18,94.0,,,,15656,0.10885072655217966,9e1b322f537c6e7996ff9e3d333d1f036ad218ddeb13b9268d0ddc15865f16e2,0.9895000457763672,0.010499954223632812,17,368,,global_top_l_filter,5000,0.0
B,hnsw,shuffle,hour==18,95.0,,,,15656,0.10885072655217966,e88990fc83e097df9b9605f75a7f556cb8ec16e755bc6439f8ba8063023eb2bd,0.987500011920929,0.012499988079071045,20,368,,global_top_l_filter,5000,0.0
B,hnsw,shuffle,hour==18,96.0,,,,15656,0.10885072655217966,f21e5f03696edc223400a659c57ced082940b0b68aaa2a87f6208baab6967d56,0.9884999990463257,0.011500000953674316,18,368,,global_top_l_filter,5000,0.0
B,hnsw,shuffle,hour==18,97.0,,,,15656,0.10885072655217966,0444b6c0a55529f953787f95a43764106e9a9661c74426483cb5e1cb5f1ab1c7,0.9880000352859497,0.011999964714050293,20,368,,global_top_l_filter,5000,0.0
B,hnsw,shuffle,hour==18,98.0,,,,15656,0.10885072655217966,aab11b1a6765dc42dcb9127dec5adaa65f29e41bc0179acc1255ffc9b077d176,0.9884999990463257,0.011500000953674316,19,368,,global_top_l_filter,5000,0.0
B,hnsw,shuffle,hour==18,99.0,,,,15656,0.10885072655217966,f342f07775e3391369ce72e2c461c5e08ef111596d8045d94b0fd6aeef0486ca,0.9909999966621399,0.009000003337860107,14,368,,global_top_l_filter,5000,0.0
B,hnsw,natural,hour==19,,,,,15854,0.11022735173468678,639776f9cbedfd5c5066faf2972357eadd79bc3d9811f4ac46902a740c54f808,0.3739999830722809,0.6260000467300415,134,364,0.8268671021289621,global_top_l_filter,10000,0.0
B,hnsw,shuffle,hour==19,0.0,,,,15854,0.11022735173468678,85b751b69624f2eb43fafa87af21baf9e0578d615b9759b44bb4137d96e9d1e2,0.9900000095367432,0.009999990463256836,18,364,,global_top_l_filter,5000,0.0
B,hnsw,shuffle,hour==19,1.0,,,,15854,0.11022735173468678,1e2a5c73e3875e67de8650d24890f468fca21661079b9a875012dc509f8dd611,0.9889999628067017,0.01100003719329834,19,364,,global_top_l_filter,5000,0.0
B,hnsw,shuffle,hour==19,2.0,,,,15854,0.11022735173468678,370e2099f05625d75e3a56c4f121ae66c6cf1b5d86f3d85e78df0a39ea5121f8,0.9880000352859497,0.011999964714050293,20,364,,global_top_l_filter,5000,0.0
B,hnsw,shuffle,hour==19,3.0,,,,15854,0.11022735173468678,513269008304b47a148890911401fae019fb78dcaf79492bdf13e9c030883264,0.9894999861717224,0.010500013828277588,15,364,,global_top_l_filter,5000,0.0
B,hnsw,shuffle,hour==19,4.0,,,,15854,0.11022735173468678,a487e1d8e86f1fbe15c1b0087971694a8e46cc9265b6ca7552247bccf87a3665,0.9850000143051147,0.014999985694885254,23,364,,global_top_l_filter,5000,0.0
B,hnsw,shuffle,hour==19,5.0,,,,15854,0.11022735173468678,8a67b596efb3c6043e892bf2c60a6f8dfe41f5475d74206d676e8b4014d145bf,0.9894999861717224,0.010500013828277588,18,364,,global_top_l_filter,5000,0.0
B,hnsw,shuffle,hour==19,6.0,,,,15854,0.11022735173468678,f373b830d2fbcce5d56d7ef530832efbf860d44aea6f2e034e566d48a910bc37,0.9894999861717224,0.010500013828277588,16,364,,global_top_l_filter,5000,0.0
B,hnsw,shuffle,hour==19,7.0,,,,15854,0.11022735173468678,d115ef870e0cdefc25876d1f2145f9445750a3d091c32eedf8c506fc29279d10,0.9869999885559082,0.013000011444091797,18,364,,global_top_l_filter,5000,0.0
B,hnsw,shuffle,hour==19,8.0,,,,15854,0.11022735173468678,4bca1f5920713c3f524ecb2a1b93a565233ffe177997dae2e9742854fa7ce63d,0.9890000224113464,0.010999977588653564,18,364,,global_top_l_filter,5000,0.0
B,hnsw,shuffle,hour==19,9.0,,,,15854,0.11022735173468678,f8d7cbc96fbef39908b106ddca753f109cbf8ebd55c13a680288c7df2589a296,0.9869999885559082,0.013000011444091797,21,364,,global_top_l_filter,5000,0.0
B,hnsw,shuffle,hour==19,10.0,,,,15854,0.11022735173468678,0937d79ebe9881ad91fbd72f1b69497a54c13a6fcdc79519369185ced79a0388,0.9834998846054077,0.016500115394592285,28,364,,global_top_l_filter,5000,0.0
B,hnsw,shuffle,hour==19,11.0,,,,15854,0.11022735173468678,41fa3e2a049dda492f6424778d0a471953b0acf7940249c34ed6706c3673bd5d,0.9860000014305115,0.013999998569488525,25,364,,global_top_l_filter,5000,0.0
B,hnsw,shuffle,hour==19,12.0,,,,15854,0.11022735173468678,6b59072e319b347993998b9b15f33c815a9c0dd65695e8707843cd3fc88bac93,0.9850000143051147,0.014999985694885254,27,364,,global_top_l_filter,5000,0.0
B,hnsw,shuffle,hour==19,13.0,,,,15854,0.11022735173468678,95cde5090619fdad3db17139900d4aa83d49674859e39c9d23c284f5d6c0cf21,0.9860000014305115,0.013999998569488525,22,364,,global_top_l_filter,5000,0.0
B,hnsw,shuffle,hour==19,14.0,,,,15854,0.11022735173468678,c6f9518d18771d1c0d37f663bdaa9a25d38f9fd0e550dac1c8b4c8d6961ac0f6,0.9905000329017639,0.009499967098236084,15,364,,global_top_l_filter,5000,0.0
B,hnsw,shuffle,hour==19,15.0,,,,15854,0.11022735173468678,6c49ecc62b6bc927cd3db58a232b54b76cddc1c9a21b70561e6d0a034021468b,0.9855000376701355,0.014499962329864502,21,364,,global_top_l_filter,5000,0.0
B,hnsw,shuffle,hour==19,16.0,,,,15854,0.11022735173468678,4eca28dcbbab554d52176c645ac6341f62fff875c6bd53deb67621a2e8934c16,0.9879999756813049,0.012000024318695068,16,364,,global_top_l_filter,5000,0.0
B,hnsw,shuffle,hour==19,17.0,,,,15854,0.11022735173468678,9c9510e3dd67206e4b8479a71ac2bf95066246cf2199351bcf604bf4ec1a98b8,0.9930000305175781,0.006999969482421875,11,364,,global_top_l_filter,5000,0.0
B,hnsw,shuffle,hour==19,18.0,,,,15854,0.11022735173468678,f41c41345c26445acb795621582a296d0432c117cc93e18393823d8f3558e295,0.9869999885559082,0.013000011444091797,23,364,,global_top_l_filter,5000,0.0
B,hnsw,shuffle,hour==19,19.0,,,,15854,0.11022735173468678,e585fc4ae0a9fc064b73dd3e382a1b0f051fd0c4ec911c54cbe812821049681b,0.9915000200271606,0.008499979972839355,13,364,,global_top_l_filter,5000,0.0
B,hnsw,shuffle,hour==19,20.0,,,,15854,0.11022735173468678,0c2f853a181f55e9c539524a9280b54b5ce7d168055926eb09de3d04388b1d3d,0.9905000329017639,0.009499967098236084,15,364,,global_top_l_filter,5000,0.0
B,hnsw,shuffle,hour==19,21.0,,,,15854,0.11022735173468678,959c2a3795ecbc184fabf25ef52536690af9d31597848863d97dca81b5586fee,0.9919999837875366,0.008000016212463379,13,364,,global_top_l_filter,5000,0.0
B,hnsw,shuffle,hour==19,22.0,,,,15854,0.11022735173468678,8dd34ad811b188abc0dc8aa3d74ba4236276f0c83eb1c403e473a88a0833716a,0.9879999756813049,0.012000024318695068,23,364,,global_top_l_filter,5000,0.0
B,hnsw,shuffle,hour==19,23.0,,,,15854,0.11022735173468678,ea629a98b6c827c52b6682a86a5b534f1b38a3b08569f59ba8487e91cce3712b,0.9835000038146973,0.016499996185302734,25,364,,global_top_l_filter,5000,0.0
B,hnsw,shuffle,hour==19,24.0,,,,15854,0.11022735173468678,1da80f6d48801922347788a977cbefd69109cc29c7832af58e1362b98da8796d,0.9865000247955322,0.013499975204467773,24,364,,global_top_l_filter,5000,0.0
B,hnsw,shuffle,hour==19,25.0,,,,15854,0.11022735173468678,2dd3b06c0da1ef839e7b8991a8ea2589cd38d8282d5133990f662bf9567e4325,0.9864999651908875,0.013500034809112549,24,364,,global_top_l_filter,5000,0.0
B,hnsw,shuffle,hour==19,26.0,,,,15854,0.11022735173468678,1687181a60b1ea6a7a59f7795e147790c4e98ba003d65d7de818a5401219ee2a,0.9900000095367432,0.009999990463256836,15,364,,global_top_l_filter,5000,0.0
B,hnsw,shuffle,hour==19,27.0,,,,15854,0.11022735173468678,c7aff18f52012399471c7dedbb65ebfc550eac5767592fa597e44dfdd77ca8a1,0.9894999861717224,0.010500013828277588,18,364,,global_top_l_filter,5000,0.0
B,hnsw,shuffle,hour==19,28.0,,,,15854,0.11022735173468678,4ac7ebfeb65fad7dd1c75dae43ee440ef90f7ab2ee685d2626140aa34d2d2e28,0.987500011920929,0.012499988079071045,19,364,,global_top_l_filter,5000,0.0
B,hnsw,shuffle,hour==19,29.0,,,,15854,0.11022735173468678,11a480d6e013eec4cae21774ec9a22ede58ac02800136e838b72cb079e663666,0.9889999628067017,0.01100003719329834,17,364,,global_top_l_filter,5000,0.0
B,hnsw,shuffle,hour==19,30.0,,,,15854,0.11022735173468678,65471d904c9c1a1d9b9f7128b2761d6e51249fc925b823483c212dd1b7b4a958,0.9874999523162842,0.01250004768371582,20,364,,global_top_l_filter,5000,0.0
B,hnsw,shuffle,hour==19,31.0,,,,15854,0.11022735173468678,7fd64845cda156ab47f1e6b9e2930947827ccf425d1db5f17ce22e92e88da0d4,0.984499990940094,0.015500009059906006,22,364,,global_top_l_filter,5000,0.0
B,hnsw,shuffle,hour==19,32.0,,,,15854,0.11022735173468678,ac838311c56eabbd0d783e6450da7e9f77cbaf95bffb57bc638fa3a0f48f89a6,0.987500011920929,0.012499988079071045,19,364,,global_top_l_filter,5000,0.0
B,hnsw,shuffle,hour==19,33.0,,,,15854,0.11022735173468678,9e3386e28d3f21e922b039fab63a9b90f88ccdbcabc3562ff87270b1b691a24a,0.9864999651908875,0.013500034809112549,21,364,,global_top_l_filter,5000,0.0
B,hnsw,shuffle,hour==19,34.0,,,,15854,0.11022735173468678,8d6fb39edd82dd58fb8d97208d0f15883987da44add68bf66d7f253d31932b38,0.987500011920929,0.012499988079071045,19,364,,global_top_l_filter,5000,0.0
B,hnsw,shuffle,hour==19,35.0,,,,15854,0.11022735173468678,0969d1172f8fee6bdcd03d11fdb3afd9edc651f12f6f85a6616a21cbded88adb,0.987500011920929,0.012499988079071045,16,364,,global_top_l_filter,5000,0.0
B,hnsw,shuffle,hour==19,36.0,,,,15854,0.11022735173468678,e8873b43b7be6e7cf3cf307ac37504f797940eecb1106b8a27d2fc88b78e2b90,0.9855000376701355,0.014499962329864502,20,364,,global_top_l_filter,5000,0.0
B,hnsw,shuffle,hour==19,37.0,,,,15854,0.11022735173468678,361497621cf1d78db03c2b81ec5451c68648103397c99822fcd29990b2b1da47,0.9864999651908875,0.013500034809112549,24,364,,global_top_l_filter,5000,0.0
B,hnsw,shuffle,hour==19,38.0,,,,15854,0.11022735173468678,f801385b2c742845521412250470413890a70fa3df7ffe65ef9b911a6a2778d7,0.9879999756813049,0.012000024318695068,20,364,,global_top_l_filter,5000,0.0
B,hnsw,shuffle,hour==19,39.0,,,,15854,0.11022735173468678,8027ad73c2a33f8e7dd934fa055ea1d52749a7ef6abb5bd5acfb9adcb84d5ec2,0.9830000400543213,0.01699995994567871,25,364,,global_top_l_filter,5000,0.0
B,hnsw,shuffle,hour==19,40.0,,,,15854,0.11022735173468678,bba66f4b6eaf45fed6ed4d46695a8fa84108a571e4ed19d084165b3f50dc51f5,0.9854999780654907,0.014500021934509277,19,364,,global_top_l_filter,5000,0.0
B,hnsw,shuffle,hour==19,41.0,,,,15854,0.11022735173468678,83639a093724a64f59ca11b2135f110e7843bab871e30424b34a5e99771cdbd9,0.9835000038146973,0.016499996185302734,26,364,,global_top_l_filter,5000,0.0
B,hnsw,shuffle,hour==19,42.0,,,,15854,0.11022735173468678,699ca033d46b470a90c6662b7ff3f7bf91d743eee120ca84d1478b80668497b6,0.9900000095367432,0.009999990463256836,13,364,,global_top_l_filter,5000,0.0
B,hnsw,shuffle,hour==19,43.0,,,,15854,0.11022735173468678,9c0c96fb687330da923c1b1808547f0616648822ccde6aa3d8afc31664dbcbc4,0.9894999861717224,0.010500013828277588,19,364,,global_top_l_filter,5000,0.0
B,hnsw,shuffle,hour==19,44.0,,,,15854,0.11022735173468678,59d471797fe5b4643f40307939dc9d024875daa6ce885b9d319e6b8900545ff6,0.9880000352859497,0.011999964714050293,21,364,,global_top_l_filter,5000,0.0
B,hnsw,shuffle,hour==19,45.0,,,,15854,0.11022735173468678,0df52fab64747597a6a51175ef97e046d34bb4106f96378ab5cb73ec1c18a213,0.9829999804496765,0.017000019550323486,25,364,,global_top_l_filter,5000,0.0
B,hnsw,shuffle,hour==19,46.0,,,,15854,0.11022735173468678,5c01414a30bce34d12544abf9385f296364c5eb0a75efb50fab3e6c977e7efe8,0.9900000095367432,0.009999990463256836,18,364,,global_top_l_filter,5000,0.0
B,hnsw,shuffle,hour==19,47.0,,,,15854,0.11022735173468678,e41a841f214650c400d10c1512cd7452d3964d2510cf00603da981d04713fc25,0.9919999837875366,0.008000016212463379,15,364,,global_top_l_filter,5000,0.0
B,hnsw,shuffle,hour==19,48.0,,,,15854,0.11022735173468678,05471c79068c3d04c9f635af8e702391c76aaeb66aad64fdcb5c23cf8a90a853,0.9900000095367432,0.009999990463256836,18,364,,global_top_l_filter,5000,0.0
B,hnsw,shuffle,hour==19,49.0,,,,15854,0.11022735173468678,1060b2594c788c692f3b81c1d7d3bff9db3c151c0cbaa48431cd5f084a83d73c,0.9910000562667847,0.008999943733215332,16,364,,global_top_l_filter,5000,0.0
B,hnsw,shuffle,hour==19,50.0,,,,15854,0.11022735173468678,4585da618cb024ea976d967a5db2ffe2fbdaf02663ab0541740d7cf321c59b65,0.9804999828338623,0.019500017166137695,29,364,,global_top_l_filter,5000,0.0
B,hnsw,shuffle,hour==19,51.0,,,,15854,0.11022735173468678,0d3363430b89027f33a908d6f9e3f52411b5f82e8147c8c8a88615f0a8f5048d,0.9880000352859497,0.011999964714050293,19,364,,global_top_l_filter,5000,0.0
B,hnsw,shuffle,hour==19,52.0,,,,15854,0.11022735173468678,f6e16fdd895860ebed24f1198a2754377b057902dbd1db853477d37faf0b9949,0.9930000305175781,0.006999969482421875,11,364,,global_top_l_filter,5000,0.0
B,hnsw,shuffle,hour==19,53.0,,,,15854,0.11022735173468678,b3de3e36797dbbf2509371a911324b31a070f182e3babebd33b8bb7a80c05a5e,0.9850000143051147,0.014999985694885254,21,364,,global_top_l_filter,5000,0.0
B,hnsw,shuffle,hour==19,54.0,,,,15854,0.11022735173468678,41e003c4d0f44c297a7049eed07cc7ca27ea48cfe15bf0a2eb70bb6ad5045e3f,0.9880000352859497,0.011999964714050293,17,364,,global_top_l_filter,5000,0.0
B,hnsw,shuffle,hour==19,55.0,,,,15854,0.11022735173468678,b4c5df78fb52e8fb9c5eb315bbff96d9bf9e22c123d880239a4c9f43ddbf9f24,0.9880000352859497,0.011999964714050293,18,364,,global_top_l_filter,5000,0.0
B,hnsw,shuffle,hour==19,56.0,,,,15854,0.11022735173468678,16cdc7007e7dd87878d876c1f783a8dc9a471011173d5ac9b9093334591b7983,0.9854999780654907,0.014500021934509277,19,364,,global_top_l_filter,5000,0.0
B,hnsw,shuffle,hour==19,57.0,,,,15854,0.11022735173468678,1dc0062383169aadf64d10ea4e5fd63f413ea609dbaf6afc79cc8fd84bc98448,0.9850000143051147,0.014999985694885254,26,364,,global_top_l_filter,5000,0.0
B,hnsw,shuffle,hour==19,58.0,,,,15854,0.11022735173468678,824e70ac3fd877fd08e45610a72a2b891c73a0d0fc907e89b3d185bf8ecc3912,0.9850000143051147,0.014999985694885254,24,364,,global_top_l_filter,5000,0.0
B,hnsw,shuffle,hour==19,59.0,,,,15854,0.11022735173468678,4d694eff1aeb4c0307adc07c15387c9269969e964b6223e82e3121885f6907ac,0.9914999604225159,0.00850003957748413,15,364,,global_top_l_filter,5000,0.0
B,hnsw,shuffle,hour==19,60.0,,,,15854,0.11022735173468678,40093981c08cb90d43a87368b405fd290af8022ab0e1fe047e32214e8edc0e86,0.9889999628067017,0.01100003719329834,20,364,,global_top_l_filter,5000,0.0
B,hnsw,shuffle,hour==19,61.0,,,,15854,0.11022735173468678,76627c465590b3a8282d11ca7847fabe1f69ab4cf3ab60dd521e6fd70fbe5034,0.9940000176429749,0.0059999823570251465,11,364,,global_top_l_filter,5000,0.0
B,hnsw,shuffle,hour==19,62.0,,,,15854,0.11022735173468678,d55b34c85f5758c536052f1d605cfa1828f6cd62a29e342f19565327d13fefd5,0.9905000329017639,0.009499967098236084,16,364,,global_top_l_filter,5000,0.0
B,hnsw,shuffle,hour==19,63.0,,,,15854,0.11022735173468678,ee39704aa613e0b76d9df0f209188d75616b98a4e7317ae34e52a9235d4f4871,0.9910000562667847,0.008999943733215332,15,364,,global_top_l_filter,5000,0.0
B,hnsw,shuffle,hour==19,64.0,,,,15854,0.11022735173468678,b7f554a752a2f6b050946482b464c570fc2dfdf1587d8a8072b8c3639e609802,0.9914999604225159,0.00850003957748413,13,364,,global_top_l_filter,5000,0.0
B,hnsw,shuffle,hour==19,65.0,,,,15854,0.11022735173468678,5dfa2fa5ba8f06539a3ce3a667d1c357e055528e5ac632daf46197db08f35550,0.9884999990463257,0.011500000953674316,16,364,,global_top_l_filter,5000,0.0
B,hnsw,shuffle,hour==19,66.0,,,,15854,0.11022735173468678,379c6f4b23b4cbcd940fba74b27da118faf482c4b5562be0ad3122a362c8148c,0.9909999966621399,0.009000003337860107,17,364,,global_top_l_filter,5000,0.0
B,hnsw,shuffle,hour==19,67.0,,,,15854,0.11022735173468678,a64fa032123a036b9a2d3683d7f80034884fb53f67638119d04d00aedf9b435f,0.987500011920929,0.012499988079071045,24,364,,global_top_l_filter,5000,0.0
B,hnsw,shuffle,hour==19,68.0,,,,15854,0.11022735173468678,740564ab26fa0b8ebec0f4caa9052fb198570f9b0cdf6f271b58c4838c15d506,0.9860000610351562,0.01399993896484375,21,364,,global_top_l_filter,5000,0.0
B,hnsw,shuffle,hour==19,69.0,,,,15854,0.11022735173468678,3cfdf26c5e5fef91adac32957d2e0f2c5c07b3fd074f99cc72c188eb6b6d16e9,0.9930000305175781,0.006999969482421875,12,364,,global_top_l_filter,5000,0.0
B,hnsw,shuffle,hour==19,70.0,,,,15854,0.11022735173468678,775be81d5f01e7c19acdc36587b5053fe7d0f31c0a2d5855371006e1d4986428,0.9884999990463257,0.011500000953674316,19,364,,global_top_l_filter,5000,0.0
B,hnsw,shuffle,hour==19,71.0,,,,15854,0.11022735173468678,b822de5805b5c0533550666c9bca3ffac7037dc38aa2900686685de7891e4be2,0.9934999942779541,0.0065000057220458984,13,364,,global_top_l_filter,5000,0.0
B,hnsw,shuffle,hour==19,72.0,,,,15854,0.11022735173468678,1e883d9479cc1a165b7e32e11e4246c7448ddcaa5e97ef9cc76c3332e2f4b792,0.9854999780654907,0.014500021934509277,22,364,,global_top_l_filter,5000,0.0
B,hnsw,shuffle,hour==19,73.0,,,,15854,0.11022735173468678,1776d25fb4256c1a00f4450982fc9a53e9e2f274abef4fedc4327fc7378d380c,0.9894999861717224,0.010500013828277588,13,364,,global_top_l_filter,5000,0.0
B,hnsw,shuffle,hour==19,74.0,,,,15854,0.11022735173468678,a5a579d77aaa63b8b5d9f7468de85df1b2217007d1522f6fce33c52ab6ba23ae,0.9900000095367432,0.009999990463256836,19,364,,global_top_l_filter,5000,0.0
B,hnsw,shuffle,hour==19,75.0,,,,15854,0.11022735173468678,8042a05939ad81f8161aae90a8ba86b25e14dd6ac1adcabeae5b59046ef17299,0.9900000095367432,0.009999990463256836,16,364,,global_top_l_filter,5000,0.0
B,hnsw,shuffle,hour==19,76.0,,,,15854,0.11022735173468678,f9efc1f51c6feb7740f833d00e3a92028cfbdafe9eb75554d24df38d9881511d,0.9850000143051147,0.014999985694885254,21,364,,global_top_l_filter,5000,0.0
B,hnsw,shuffle,hour==19,77.0,,,,15854,0.11022735173468678,bcca7288fdf2633df8a8329523aca7c0459a89ac2ac7352192fe8a33956dda0a,0.9805000424385071,0.01949995756149292,27,364,,global_top_l_filter,5000,0.0
B,hnsw,shuffle,hour==19,78.0,,,,15854,0.11022735173468678,904823ac2fc78c5d105a91b374dbbe5ee928341285c2a1ab43c649200ba4e57c,0.9864999651908875,0.013500034809112549,18,364,,global_top_l_filter,5000,0.0
B,hnsw,shuffle,hour==19,79.0,,,,15854,0.11022735173468678,195df7b30cfc6b1fe4a417604231d718667f872f6dfc4b8ea06aaf7c6686ee65,0.987500011920929,0.012499988079071045,21,364,,global_top_l_filter,5000,0.0
B,hnsw,shuffle,hour==19,80.0,,,,15854,0.11022735173468678,543953e2d81862f89d509091da212b5aaa1f916ba13db37746e06cd55f995030,0.9884999990463257,0.011500000953674316,16,364,,global_top_l_filter,5000,0.0
B,hnsw,shuffle,hour==19,81.0,,,,15854,0.11022735173468678,de4cd6ad1f65a5a5c1712475a95c4468e5953c86193554d5d4de055df5f2a0a9,0.9889999628067017,0.01100003719329834,17,364,,global_top_l_filter,5000,0.0
B,hnsw,shuffle,hour==19,82.0,,,,15854,0.11022735173468678,ce06d238f7c793efea401f81e91af0806165de12644b1a165edf0b78c8a719dd,0.9884999990463257,0.011500000953674316,17,364,,global_top_l_filter,5000,0.0
B,hnsw,shuffle,hour==19,83.0,,,,15854,0.11022735173468678,b60f2a0fa3eb88ab756a5b87256e82480906226997f61d5b03273c131bc00c98,0.9890000224113464,0.010999977588653564,19,364,,global_top_l_filter,5000,0.0
B,hnsw,shuffle,hour==19,84.0,,,,15854,0.11022735173468678,fec50a6648cad97f1b420090cc0c8b392ad026f3c752d53b968d29ede77e8b1f,0.9950000047683716,0.004999995231628418,7,364,,global_top_l_filter,5000,0.0
B,hnsw,shuffle,hour==19,85.0,,,,15854,0.11022735173468678,4f90b093851ae2ba33374665b215002ba95675d79daf47e18fb3fdec1bfa18c3,0.9850000143051147,0.014999985694885254,23,364,,global_top_l_filter,5000,0.0
B,hnsw,shuffle,hour==19,86.0,,,,15854,0.11022735173468678,df451000656202e02f11abb1dac2aae53d5470fd9944f272656c534d5c4224d1,0.9900000095367432,0.009999990463256836,17,364,,global_top_l_filter,5000,0.0
B,hnsw,shuffle,hour==19,87.0,,,,15854,0.11022735173468678,81c63396e64513a68a475329168f76582d081a5b4cb2e97f9d5dbad3512e95d0,0.9900000095367432,0.009999990463256836,13,364,,global_top_l_filter,5000,0.0
B,hnsw,shuffle,hour==19,88.0,,,,15854,0.11022735173468678,330f819d5ea2a22245147afe31240dec49a59c8eb374cf6eed97eccc1a023d08,0.9884999990463257,0.011500000953674316,17,364,,global_top_l_filter,5000,0.0
B,hnsw,shuffle,hour==19,89.0,,,,15854,0.11022735173468678,85214a960475555c42a0e4f158c50de5a88043ec6df808da98699c2f04e7f727,0.9890000224113464,0.010999977588653564,17,364,,global_top_l_filter,5000,0.0
B,hnsw,shuffle,hour==19,90.0,,,,15854,0.11022735173468678,1c374f7e3198860f2e873689e2c65ef5918a20fce7e9cfe76051532c80d10a3e,0.9905000329017639,0.009499967098236084,16,364,,global_top_l_filter,5000,0.0
B,hnsw,shuffle,hour==19,91.0,,,,15854,0.11022735173468678,ed98d2f0c4bf9afb84b22a5db373557da1b5d448f53fbfc7ce98fcd2a2c45233,0.9889999628067017,0.01100003719329834,18,364,,global_top_l_filter,5000,0.0
B,hnsw,shuffle,hour==19,92.0,,,,15854,0.11022735173468678,cb165ee8a85d70b2a76611b36f839d6075f2fdfbae8a6edb7febe61e974fa3e3,0.987500011920929,0.012499988079071045,18,364,,global_top_l_filter,5000,0.0
B,hnsw,shuffle,hour==19,93.0,,,,15854,0.11022735173468678,773f30f8f8c0a7b66b7ae208741d018a08dd08b1fe29b6c20a2fe6445cc23027,0.9919999837875366,0.008000016212463379,11,364,,global_top_l_filter,5000,0.0
B,hnsw,shuffle,hour==19,94.0,,,,15854,0.11022735173468678,49ffedfff4f6b5b8a3e74fcd1df48cc90b1289ecbcc838358045626c6ac8679f,0.9879999756813049,0.012000024318695068,18,364,,global_top_l_filter,5000,0.0
B,hnsw,shuffle,hour==19,95.0,,,,15854,0.11022735173468678,f2a74c3cc7d280a6bfe231bac5665b589c1f1d4c6461cbce08379c16d002c16e,0.9934999942779541,0.0065000057220458984,10,364,,global_top_l_filter,5000,0.0
B,hnsw,shuffle,hour==19,96.0,,,,15854,0.11022735173468678,7d8891c0c449f8f188a607ed673d9c6fa185d7310352332a325cbd9c276a9383,0.9919999837875366,0.008000016212463379,14,364,,global_top_l_filter,5000,0.0
B,hnsw,shuffle,hour==19,97.0,,,,15854,0.11022735173468678,cc565786c01f6fb37b1d3e3900fa272e0c64b5f61734105bdb21789abc23332c,0.9839999675750732,0.016000032424926758,25,364,,global_top_l_filter,5000,0.0
B,hnsw,shuffle,hour==19,98.0,,,,15854,0.11022735173468678,119ad0ed7d0295d6a1e043e0c4795f497e41b0e86d6724fb7535320d355efbac,0.9850000143051147,0.014999985694885254,20,364,,global_top_l_filter,5000,0.0
B,hnsw,shuffle,hour==19,99.0,,,,15854,0.11022735173468678,575b01344ee99908825ef90020574c9da1c0f7911d01bf5323f33e2d80735c31,0.9919999837875366,0.008000016212463379,13,364,,global_top_l_filter,5000,0.0
B,hnsw,natural,hour==20,,,,,10888,0.07570047973301815,f1799674216ed4c33dc5f1a7bc1b281e4294be07f4b7150f9b1f5b27c344f1cc,0.3884999752044678,0.6115000247955322,137,532,0.8268238377535114,global_top_l_filter,10000,0.0
B,hnsw,shuffle,hour==20,0.0,,,,10888,0.07570047973301815,1f979f54a3c4d27427880e51cfaf00e289ae1cc3c506edfac6a0150236047de3,0.9469999670982361,0.053000032901763916,65,532,,global_top_l_filter,5000,0.0
B,hnsw,shuffle,hour==20,1.0,,,,10888,0.07570047973301815,2b70f7594a22938fdf1971267d8abd1c469de6ccefa2d9a68b8a79840ef6b6e6,0.9669999480247498,0.033000051975250244,51,532,,global_top_l_filter,5000,0.0
B,hnsw,shuffle,hour==20,2.0,,,,10888,0.07570047973301815,1e61d687c061f31e867e756e8e3f9b859ba5c5bd3be324098b9704711672e705,0.9725000262260437,0.0274999737739563,41,532,,global_top_l_filter,5000,0.0
B,hnsw,shuffle,hour==20,3.0,,,,10888,0.07570047973301815,ec2e8892d1fdc1c87f489e0b8b1947da206f25df56d19ebc58da66c3222c3d5f,0.9555000066757202,0.044499993324279785,61,532,,global_top_l_filter,5000,0.0
B,hnsw,shuffle,hour==20,4.0,,,,10888,0.07570047973301815,ae58f01bfe0c57455b6c0caac8b7f97630d869de52eca4da6e1fc29db64f9244,0.9589999318122864,0.04100006818771362,55,532,,global_top_l_filter,5000,0.0
B,hnsw,shuffle,hour==20,5.0,,,,10888,0.07570047973301815,7287f6b88f61a03d3c6ec4715936975e9db61a6119e8c0fd8f5ab3c8e69b7c24,0.9639999270439148,0.036000072956085205,50,532,,global_top_l_filter,5000,0.0
B,hnsw,shuffle,hour==20,6.0,,,,10888,0.07570047973301815,16eca4985fd21dacf8bbbdf4d3fb4cdee3e7c63be81dfddeb29f468708fdf273,0.9635000824928284,0.03649991750717163,52,532,,global_top_l_filter,5000,0.0
B,hnsw,shuffle,hour==20,7.0,,,,10888,0.07570047973301815,9335c858b7fc16f2b2a039ce68bb1bdaa0a4ca13f2404fb44b17c81ee74377a1,0.9709998965263367,0.02900010347366333,44,532,,global_top_l_filter,5000,0.0
B,hnsw,shuffle,hour==20,8.0,,,,10888,0.07570047973301815,384b721e10bf2085e2f2593fd860b229ad5c64bbd5c8b9989e572e4a449df6cf,0.9634999632835388,0.03650003671646118,53,532,,global_top_l_filter,5000,0.0
B,hnsw,shuffle,hour==20,9.0,,,,10888,0.07570047973301815,cbd7a7f8ed77fd1122e903217938dcc6c610a131fd4c884058f18d34bae5bea9,0.9684998989105225,0.03150010108947754,49,532,,global_top_l_filter,5000,0.0
B,hnsw,shuffle,hour==20,10.0,,,,10888,0.07570047973301815,b92d6d0b1eeca995031b9a2f68f73dc19355004787aede5c8ff76ef81b9ba428,0.9580000042915344,0.041999995708465576,56,532,,global_top_l_filter,5000,0.0
B,hnsw,shuffle,hour==20,11.0,,,,10888,0.07570047973301815,82f4ebf74dca731d575de0ffa66dec987f79d09323505f1c240d9d575de3074c,0.9544999599456787,0.04550004005432129,59,532,,global_top_l_filter,5000,0.0
B,hnsw,shuffle,hour==20,12.0,,,,10888,0.07570047973301815,19d54f47a59420482b22600cab2b46dc949184efebd7b7f9bda08d11dfa9f064,0.9655000567436218,0.034499943256378174,52,532,,global_top_l_filter,5000,0.0
B,hnsw,shuffle,hour==20,13.0,,,,10888,0.07570047973301815,714728e57ced600f02ce2bf0816afaefd1f3b33ba8b3a4848df9b75e658f4728,0.9509999752044678,0.04900002479553223,55,532,,global_top_l_filter,5000,0.0
B,hnsw,shuffle,hour==20,14.0,,,,10888,0.07570047973301815,98cf9cedd23cb893732b3e9364b92e03ae0d0c84af3aa5bda14a92bf53794c4d,0.9569999575614929,0.04300004243850708,62,532,,global_top_l_filter,5000,0.0
B,hnsw,shuffle,hour==20,15.0,,,,10888,0.07570047973301815,8597af82d9c8da1356d63f009061c7ad527194f34ec6e32792c1310ddddde366,0.9614999294281006,0.038500070571899414,56,532,,global_top_l_filter,5000,0.0
B,hnsw,shuffle,hour==20,16.0,,,,10888,0.07570047973301815,7e61cfce1bfffd7118f7cf04016a9ef5c3a5d24f6d0ef0675bb1315d7681db72,0.9539999961853027,0.046000003814697266,57,532,,global_top_l_filter,5000,0.0
B,hnsw,shuffle,hour==20,17.0,,,,10888,0.07570047973301815,11fef129dcba3032feaa26ec7f968014ce4dbc92b542dcba354dff105b4f8cdd,0.966499924659729,0.033500075340270996,47,532,,global_top_l_filter,5000,0.0
B,hnsw,shuffle,hour==20,18.0,,,,10888,0.07570047973301815,bd01a5d1ae6aa84caf3f3f6f206e53a6595c5145b1630ac6a10e78b290c54849,0.9690000414848328,0.030999958515167236,49,532,,global_top_l_filter,5000,0.0
B,hnsw,shuffle,hour==20,19.0,,,,10888,0.07570047973301815,2123dc29f2a64c460fa0959eb6823e83f80fb809571c5096f75b8d24f5cae8a6,0.9619999527931213,0.03800004720687866,58,532,,global_top_l_filter,5000,0.0
B,hnsw,shuffle,hour==20,20.0,,,,10888,0.07570047973301815,dc5015200fc8388644160cad562c0c5a909171a7f3fade8d1f0dbdadea506850,0.963499903678894,0.03650009632110596,48,532,,global_top_l_filter,5000,0.0
B,hnsw,shuffle,hour==20,21.0,,,,10888,0.07570047973301815,554e43cba671716dcdf307ba81a348f8a5fbc582b24698457a813d7c6e2165b1,0.9559999704360962,0.04400002956390381,59,532,,global_top_l_filter,5000,0.0
B,hnsw,shuffle,hour==20,22.0,,,,10888,0.07570047973301815,0c35d7ddbdf2f85b4d9085f8c0b5a34cb1798abf87e23bf2fc80bab7d09b0e22,0.9584999680519104,0.0415000319480896,59,532,,global_top_l_filter,5000,0.0
B,hnsw,shuffle,hour==20,23.0,,,,10888,0.07570047973301815,fbd184c5011b935950169c7d20d57d5e284da34e73e0ed1d0d454da2227005b1,0.9594999551773071,0.04050004482269287,58,532,,global_top_l_filter,5000,0.0
B,hnsw,shuffle,hour==20,24.0,,,,10888,0.07570047973301815,f35f34552372e70abbdccbd47a48e66f6f7d722ff699ba127575cc44f63f41f2,0.9674999713897705,0.03250002861022949,51,532,,global_top_l_filter,5000,0.0
B,hnsw,shuffle,hour==20,25.0,,,,10888,0.07570047973301815,91985eb8254e9be86b37ea7881dc7e1a5709a41bb227e5025afed4885d2b696f,0.9684999585151672,0.031500041484832764,42,532,,global_top_l_filter,5000,0.0
B,hnsw,shuffle,hour==20,26.0,,,,10888,0.07570047973301815,ed2c0c37d9db35920d706e196a34cb19509401262a89fffc84f472e4043a0353,0.9589999914169312,0.04100000858306885,55,532,,global_top_l_filter,5000,0.0
B,hnsw,shuffle,hour==20,27.0,,,,10888,0.07570047973301815,83c35afde44fb7e96371f6c5d23f462318dcb88d8203e04819a439076f22a4a3,0.9659999012947083,0.03400009870529175,47,532,,global_top_l_filter,5000,0.0
B,hnsw,shuffle,hour==20,28.0,,,,10888,0.07570047973301815,fbf4f32443ff07fa38da5eee945aad4623b6cf39bc37ac7365c9bc001db35e2a,0.9569999575614929,0.04300004243850708,58,532,,global_top_l_filter,5000,0.0
B,hnsw,shuffle,hour==20,29.0,,,,10888,0.07570047973301815,9fa30a1f7f4ec0189b7a7360fe718ad1bbeafcf0a16f55397d6b7675bd4ebb7f,0.9644999504089355,0.03550004959106445,45,532,,global_top_l_filter,5000,0.0
B,hnsw,shuffle,hour==20,30.0,,,,10888,0.07570047973301815,83853d08c73a14e204f805e377084fe04f000484bba1de3bffe1e32dcbb27f98,0.9559999704360962,0.04400002956390381,52,532,,global_top_l_filter,5000,0.0
B,hnsw,shuffle,hour==20,31.0,,,,10888,0.07570047973301815,4c6b913c5fb660797fbf8d041dd85e75bdd2108bfc647a99bd8ec905658e4407,0.9655000567436218,0.034499943256378174,52,532,,global_top_l_filter,5000,0.0
B,hnsw,shuffle,hour==20,32.0,,,,10888,0.07570047973301815,d6462d88afa99b8f0d369110b5ff481699e3f9a3e9bd31e9cbc6930e930e36f4,0.9580000042915344,0.041999995708465576,59,532,,global_top_l_filter,5000,0.0
B,hnsw,shuffle,hour==20,33.0,,,,10888,0.07570047973301815,02101595fa052e20a0150f71b118567b70f87d7c67d122136b40b3cde0f28406,0.9524999856948853,0.047500014305114746,57,532,,global_top_l_filter,5000,0.0
B,hnsw,shuffle,hour==20,34.0,,,,10888,0.07570047973301815,61537fe4d00af188de7c90f0ac30e7cb0e5e34a62e95b9dbbe242320031fc060,0.9629999399185181,0.037000060081481934,50,532,,global_top_l_filter,5000,0.0
B,hnsw,shuffle,hour==20,35.0,,,,10888,0.07570047973301815,f9301feba35cf04bbec7a200e1d50717db47db06e862fce86c9ff775c76a6702,0.9639999866485596,0.03600001335144043,55,532,,global_top_l_filter,5000,0.0
B,hnsw,shuffle,hour==20,36.0,,,,10888,0.07570047973301815,2193b0e77d875c709939215db6608c7fbec648b0462c9ceee8bde0fcc733d5a2,0.9619999527931213,0.03800004720687866,53,532,,global_top_l_filter,5000,0.0
B,hnsw,shuffle,hour==20,37.0,,,,10888,0.07570047973301815,98200dc82e408915b35ced1e7a1797d924d378748351c1e4318cd7de8578513e,0.9614999890327454,0.03850001096725464,52,532,,global_top_l_filter,5000,0.0
B,hnsw,shuffle,hour==20,38.0,,,,10888,0.07570047973301815,cfaa345359ed37fa9407ef4f4f0fac08cfd02a3fe061f380e261548836864b17,0.9655000567436218,0.034499943256378174,49,532,,global_top_l_filter,5000,0.0
B,hnsw,shuffle,hour==20,39.0,,,,10888,0.07570047973301815,64c95c4d0564807439c9f8920a415b73968789307bcd68c27e05766cc2aaafb1,0.9649999737739563,0.0350000262260437,45,532,,global_top_l_filter,5000,0.0
B,hnsw,shuffle,hour==20,40.0,,,,10888,0.07570047973301815,560d23ab545eba4f8a5dbcd798847433e21657f84b7e758e35c64a7f3cbfe914,0.9574999809265137,0.04250001907348633,56,532,,global_top_l_filter,5000,0.0
B,hnsw,shuffle,hour==20,41.0,,,,10888,0.07570047973301815,d948e5c7cffb2b595e5d3f0a59ae7e3bb7bddfa7b8f93e71e1eb5b8db9943a38,0.9545000195503235,0.045499980449676514,62,532,,global_top_l_filter,5000,0.0
B,hnsw,shuffle,hour==20,42.0,,,,10888,0.07570047973301815,b5f48d912502ec461c0a6725677c387ad486d99fd6e5945b6e84d25ef1fde225,0.9584999680519104,0.0415000319480896,59,532,,global_top_l_filter,5000,0.0
B,hnsw,shuffle,hour==20,43.0,,,,10888,0.07570047973301815,e513b81b9cfcd93cf9ef0ad4e4a0660507f6b1cfdbcd369692e0de7b5e4f506f,0.9574999809265137,0.04250001907348633,61,532,,global_top_l_filter,5000,0.0
B,hnsw,shuffle,hour==20,44.0,,,,10888,0.07570047973301815,de4272f8ed03996d2afe7d5b2e25b130d4f554c96f4c0b46de2f7507441806b5,0.9595000743865967,0.04049992561340332,58,532,,global_top_l_filter,5000,0.0
B,hnsw,shuffle,hour==20,45.0,,,,10888,0.07570047973301815,ba257116289817c086833242f0f04e79829115a9ee5e964f185c53c18e4c2ad5,0.9584999680519104,0.0415000319480896,61,532,,global_top_l_filter,5000,0.0
B,hnsw,shuffle,hour==20,46.0,,,,10888,0.07570047973301815,c0406e075440d9a03b62c0203cf36fad053e92b0b80199da1393234b8e53cac6,0.9624999761581421,0.03750002384185791,52,532,,global_top_l_filter,5000,0.0
B,hnsw,shuffle,hour==20,47.0,,,,10888,0.07570047973301815,e9166f4fdd83c853506a1530f075a881ce3886fcb072c651003a71970e019be6,0.9605000019073486,0.03949999809265137,54,532,,global_top_l_filter,5000,0.0
B,hnsw,shuffle,hour==20,48.0,,,,10888,0.07570047973301815,d60932635abc50b9e0d64b9194e2a3efef43921880f6dd5c0bb725403a4ff386,0.9660000801086426,0.03399991989135742,48,532,,global_top_l_filter,5000,0.0
B,hnsw,shuffle,hour==20,49.0,,,,10888,0.07570047973301815,bf38f2cc082f0f65c8b9faca3298111849c84077b898a3821e94522cb32c97e8,0.9594999551773071,0.04050004482269287,52,532,,global_top_l_filter,5000,0.0
B,hnsw,shuffle,hour==20,50.0,,,,10888,0.07570047973301815,725a4a978cf539ab43f2b74085bfb6e770ef9f7140caa4334fd3b55bb84a2354,0.950499951839447,0.04950004816055298,64,532,,global_top_l_filter,5000,0.0
B,hnsw,shuffle,hour==20,51.0,,,,10888,0.07570047973301815,5bb7bd11561d4e6cb1f8ccacc29a81c024b5565361b183f21bd758e9d3c64ec9,0.9690000414848328,0.030999958515167236,46,532,,global_top_l_filter,5000,0.0
B,hnsw,shuffle,hour==20,52.0,,,,10888,0.07570047973301815,f588fdf1c838b02d6e1e0a39aaa7aca182a648edcb10afc20085349a1bd0ac57,0.9654999375343323,0.034500062465667725,50,532,,global_top_l_filter,5000,0.0
B,hnsw,shuffle,hour==20,53.0,,,,10888,0.07570047973301815,21b22d5f24c14a414c0f28e0436cb25dc5f6ebaf7c2f017473b1acf79f66ae99,0.9639999866485596,0.03600001335144043,50,532,,global_top_l_filter,5000,0.0
B,hnsw,shuffle,hour==20,54.0,,,,10888,0.07570047973301815,ed626e925cf25d3dbae03e9cfa28b91ab5cdb597b14a22561444f373ee43649a,0.9564999938011169,0.04350000619888306,53,532,,global_top_l_filter,5000,0.0
B,hnsw,shuffle,hour==20,55.0,,,,10888,0.07570047973301815,b1c8085cd160445e158a262da02c606e06983ae2a507fa62e0ab2ab8b3ed19f1,0.9630000591278076,0.03699994087219238,49,532,,global_top_l_filter,5000,0.0
B,hnsw,shuffle,hour==20,56.0,,,,10888,0.07570047973301815,e3a04b184aaa1eb01132498d0de59c3d8c64324be1293158a5d98016b9cdbcd5,0.9649999737739563,0.0350000262260437,50,532,,global_top_l_filter,5000,0.0
B,hnsw,shuffle,hour==20,57.0,,,,10888,0.07570047973301815,37ec91c542b36b0b241efeff5815643b1ead1896e0afbc36b700eeb4011d5219,0.9634999632835388,0.03650003671646118,47,532,,global_top_l_filter,5000,0.0
B,hnsw,shuffle,hour==20,58.0,,,,10888,0.07570047973301815,7cba23a5e51655354498b9c96a2348d905743c62a21b66c222023734d1ff340b,0.9669999480247498,0.033000051975250244,50,532,,global_top_l_filter,5000,0.0
B,hnsw,shuffle,hour==20,59.0,,,,10888,0.07570047973301815,5bb6a00b3404affb23537f15e335570d78d4936a502e9b49f0d379f3d4fa822a,0.9614999890327454,0.03850001096725464,55,532,,global_top_l_filter,5000,0.0
B,hnsw,shuffle,hour==20,60.0,,,,10888,0.07570047973301815,c5cd45f0a78a7d3ad473c6eb42a0ab6a7f34ebd413e254283a3f0b611ecdf55b,0.9524999856948853,0.047500014305114746,58,532,,global_top_l_filter,5000,0.0
B,hnsw,shuffle,hour==20,61.0,,,,10888,0.07570047973301815,2850cb90152ef022f43bd667c5badb79d9289e95c0556b7be06cf306388bc3ee,0.9619999527931213,0.03800004720687866,49,532,,global_top_l_filter,5000,0.0
B,hnsw,shuffle,hour==20,62.0,,,,10888,0.07570047973301815,2bb5684e0b7bfafd5f7417c83a32a5019f4e9b33b7ecfa280a7f68f17fdfeb63,0.9524999856948853,0.047500014305114746,58,532,,global_top_l_filter,5000,0.0
B,hnsw,shuffle,hour==20,63.0,,,,10888,0.07570047973301815,2c6287579437c158591c078b4f78d15f99cc39da3abfd0fae1ad516e3e3762dc,0.9649999737739563,0.0350000262260437,47,532,,global_top_l_filter,5000,0.0
B,hnsw,shuffle,hour==20,64.0,,,,10888,0.07570047973301815,4566c53e0c229efd4aa38ffb3c543a72db986bca795d89d0a17b5f4ce6a45ea0,0.953999936580658,0.04600006341934204,60,532,,global_top_l_filter,5000,0.0
B,hnsw,shuffle,hour==20,65.0,,,,10888,0.07570047973301815,7dba638bf91fe45e5c775d778661e43c5d439d5aab78d108f1d912babf84626b,0.9684998989105225,0.03150010108947754,45,532,,global_top_l_filter,5000,0.0
B,hnsw,shuffle,hour==20,66.0,,,,10888,0.07570047973301815,d10a53f6a02c96cbed532b1c8d6025bd9f20af39b739a84782ff171d9a018b67,0.9555000066757202,0.044499993324279785,62,532,,global_top_l_filter,5000,0.0
B,hnsw,shuffle,hour==20,67.0,,,,10888,0.07570047973301815,8c4f23778325b4c1dadd86542cff2129a8de0eeb82a5405343ccaaedc738adb1,0.9589999914169312,0.04100000858306885,53,532,,global_top_l_filter,5000,0.0
B,hnsw,shuffle,hour==20,68.0,,,,10888,0.07570047973301815,c1d922555cc344e65f0221417d49c575a2c253102e992eac17553ffc5de321ad,0.9649999737739563,0.0350000262260437,50,532,,global_top_l_filter,5000,0.0
B,hnsw,shuffle,hour==20,69.0,,,,10888,0.07570047973301815,190a1bf371681d0cb7c82e86c1ab6ea77e2790e608e6001f8b6e973425c0296e,0.9605000019073486,0.03949999809265137,57,532,,global_top_l_filter,5000,0.0
B,hnsw,shuffle,hour==20,70.0,,,,10888,0.07570047973301815,70d8231e43b13b57e785c8a8bcfdcd12f7495baab02644daf2a7a27ddbb319da,0.9535000324249268,0.04649996757507324,55,532,,global_top_l_filter,5000,0.0
B,hnsw,shuffle,hour==20,71.0,,,,10888,0.07570047973301815,d1b46a2979d648b8820592e1b948a4a67de50f0ae7387e6331dca19bf11d5ae2,0.9630000591278076,0.03699994087219238,55,532,,global_top_l_filter,5000,0.0
B,hnsw,shuffle,hour==20,72.0,,,,10888,0.07570047973301815,70f2288852c879b7e6886297ad6ab772b98b8c4cf66cfe259aeddae05cd1242e,0.9669999480247498,0.033000051975250244,51,532,,global_top_l_filter,5000,0.0
B,hnsw,shuffle,hour==20,73.0,,,,10888,0.07570047973301815,0d35570084de233824e9fc2dba8a5ffd954d6d1ea833300dd255b6616905e525,0.9634999632835388,0.03650003671646118,56,532,,global_top_l_filter,5000,0.0
B,hnsw,shuffle,hour==20,74.0,,,,10888,0.07570047973301815,2123687b37b73f3a10c98b3e5e307e8e5676c3d51ab542ab8831b35d81834fc2,0.9594999551773071,0.04050004482269287,53,532,,global_top_l_filter,5000,0.0
B,hnsw,shuffle,hour==20,75.0,,,,10888,0.07570047973301815,3a1129fdc05a6ff0b95b653b3f6e475c78a2e6ffb26b1ff90a3610093f054d76,0.9574999809265137,0.04250001907348633,62,532,,global_top_l_filter,5000,0.0
B,hnsw,shuffle,hour==20,76.0,,,,10888,0.07570047973301815,917cdf4120b93c7fb3c34b7e9475a6eeb50c574409e189a103d15dee9fa8166d,0.968000054359436,0.031999945640563965,48,532,,global_top_l_filter,5000,0.0
B,hnsw,shuffle,hour==20,77.0,,,,10888,0.07570047973301815,3183a31a65f45f4a1e4559480490a36cfe962644e12bbc177ee51a5527f4fd8d,0.9604999423027039,0.03950005769729614,57,532,,global_top_l_filter,5000,0.0
B,hnsw,shuffle,hour==20,78.0,,,,10888,0.07570047973301815,ce32a9d1ef7e8bca78393cb2413b26d00285fd865fa757c4d7b463a27ce27c79,0.9700000286102295,0.029999971389770508,45,532,,global_top_l_filter,5000,0.0
B,hnsw,shuffle,hour==20,79.0,,,,10888,0.07570047973301815,8e8cf61f2e329fefb9d5b987c65f66db97081c48b79d86682ffc22306a1c7feb,0.968000054359436,0.031999945640563965,43,532,,global_top_l_filter,5000,0.0
B,hnsw,shuffle,hour==20,80.0,,,,10888,0.07570047973301815,026c4e6e31aab0cf95ea09c827f8dd3778a758731084c6d6eb9fac0755fb811f,0.9729999303817749,0.027000069618225098,40,532,,global_top_l_filter,5000,0.0
B,hnsw,shuffle,hour==20,81.0,,,,10888,0.07570047973301815,1d65dcb28af9718ed86b0eb7f5f3ca938bfaf8f3acdb8e88c87dfed7210b1b87,0.9639999866485596,0.03600001335144043,50,532,,global_top_l_filter,5000,0.0
B,hnsw,shuffle,hour==20,82.0,,,,10888,0.07570047973301815,dd7bf3b79942d26f3ae01850d52d16302040be8c4e1f83486743c5661f96f14c,0.9700000286102295,0.029999971389770508,46,532,,global_top_l_filter,5000,0.0
B,hnsw,shuffle,hour==20,83.0,,,,10888,0.07570047973301815,bd6150dd436fe6bd619cb48990f47773a7fe14c556ac6c9753293284776d216e,0.9604999423027039,0.03950005769729614,54,532,,global_top_l_filter,5000,0.0
B,hnsw,shuffle,hour==20,84.0,,,,10888,0.07570047973301815,95695d17b3238f56e7a5f31900cdbc5a68967c1869fd0e676c1a6a9160878388,0.9644999504089355,0.03550004959106445,49,532,,global_top_l_filter,5000,0.0
B,hnsw,shuffle,hour==20,85.0,,,,10888,0.07570047973301815,1c51470d0c40dd3266a606164c0b33429af835a8790ae6a0a9069247b0be57f3,0.9674999713897705,0.03250002861022949,47,532,,global_top_l_filter,5000,0.0
B,hnsw,shuffle,hour==20,86.0,,,,10888,0.07570047973301815,515e208f02b9d259a71c4a278e04350828594834e19c43e22ba7d4317ebd0bae,0.9634999632835388,0.03650003671646118,52,532,,global_top_l_filter,5000,0.0
B,hnsw,shuffle,hour==20,87.0,,,,10888,0.07570047973301815,eb66b65874d42ea0d30e1b3faefc4bebf493cb6cf922a6804884201ee3a6faec,0.953499972820282,0.04650002717971802,59,532,,global_top_l_filter,5000,0.0
B,hnsw,shuffle,hour==20,88.0,,,,10888,0.07570047973301815,2d231e0de9b7d730a932fdef4ad48fc3c9cc1ac37b0feb45b3e6373b25cf33e4,0.9559999704360962,0.04400002956390381,57,532,,global_top_l_filter,5000,0.0
B,hnsw,shuffle,hour==20,89.0,,,,10888,0.07570047973301815,f639ab5da64cb5d74b96689c1020a3b3a2722b864a9be2b9bdebd40cd07c7c5a,0.9564999938011169,0.04350000619888306,59,532,,global_top_l_filter,5000,0.0
B,hnsw,shuffle,hour==20,90.0,,,,10888,0.07570047973301815,dbb6274a1aa2bf21636957502ed0f5e53d9299cdafa5f8132fa1a90f40bb726c,0.9609999656677246,0.03900003433227539,56,532,,global_top_l_filter,5000,0.0
B,hnsw,shuffle,hour==20,91.0,,,,10888,0.07570047973301815,3e4e997d62b41090ab3d129c93932bd029719abb9bfd0e19c1bde8f254d99fb0,0.965999960899353,0.03400003910064697,52,532,,global_top_l_filter,5000,0.0
B,hnsw,shuffle,hour==20,92.0,,,,10888,0.07570047973301815,6bb631a8bf4fdb51d485fa72d3759db4f82e5ac83020eee7a5da8f504116be25,0.9584999680519104,0.0415000319480896,57,532,,global_top_l_filter,5000,0.0
B,hnsw,shuffle,hour==20,93.0,,,,10888,0.07570047973301815,5a7b714527717e557c7279aacb3189d5a831343314cd8843e527c8bbb6c3383a,0.9655000567436218,0.034499943256378174,49,532,,global_top_l_filter,5000,0.0
B,hnsw,shuffle,hour==20,94.0,,,,10888,0.07570047973301815,46563e783a67c3fda4c4be27555f188508e6dfddf5cf232e5ab093071e392144,0.9589999914169312,0.04100000858306885,58,532,,global_top_l_filter,5000,0.0
B,hnsw,shuffle,hour==20,95.0,,,,10888,0.07570047973301815,4dcba0335816015e59b1b6792cf8f5f605845f43fa45700e37f48f180f0e10f8,0.9605000019073486,0.03949999809265137,55,532,,global_top_l_filter,5000,0.0
B,hnsw,shuffle,hour==20,96.0,,,,10888,0.07570047973301815,1ad421415c17e5cff08fb6496f0e2cc4b35ec5503b54f6ed26e58cd3b1860048,0.9599999785423279,0.04000002145767212,54,532,,global_top_l_filter,5000,0.0
B,hnsw,shuffle,hour==20,97.0,,,,10888,0.07570047973301815,c25a9852d6365a0e3234362de2efac2d1ce92a90cdf7e31824e0afa1c010e618,0.9629999399185181,0.037000060081481934,46,532,,global_top_l_filter,5000,0.0
B,hnsw,shuffle,hour==20,98.0,,,,10888,0.07570047973301815,201ed2733d7126b0887c2c548f0c39ab25f52d3b85ea3c5b2022eedaacc8aeea,0.9569999575614929,0.04300004243850708,58,532,,global_top_l_filter,5000,0.0
B,hnsw,shuffle,hour==20,99.0,,,,10888,0.07570047973301815,7d536b116e53c8dee4ec3bc06b417fff83b67d922dcdfc174dde2d26b357e67b,0.9644999504089355,0.03550004959106445,55,532,,global_top_l_filter,5000,0.0
B,hnsw,synthetic,synthetic_s0.05_c0.00,,0.0,0.05,0.0,7192,0.05000347632621845,ae3d4e6ec23130b467fe7e96ff9275df9346a2e3a4ba7e114265e17bc58411f0,0.8859999179840088,0.11400008201599121,122,800,0.8088074390526544,global_top_l_filter,5000,0.0
B,hnsw,synthetic,synthetic_s0.05_c0.25,,0.0,0.05,0.25,7192,0.05000347632621845,2b14b23961602340b6f152716f08fc5878df8be2d238e6347004213a90afa726,0.8255000114440918,0.1744999885559082,146,800,0.8071481076961884,global_top_l_filter,5000,0.0
B,hnsw,synthetic,synthetic_s0.05_c0.50,,0.0,0.05,0.5,7192,0.05000347632621845,c7fd8aef1ac7b6b7ba1c6b3141cc79c33cba1efde24d258c1f743a2a8b24776a,0.7094999551773071,0.29050004482269287,166,800,0.8232272066457785,global_top_l_filter,5000,0.0
B,hnsw,synthetic,synthetic_s0.05_c0.75,,0.0,0.05,0.75,7192,0.05000347632621845,cea1a4345cb857679166022330ea9c7d1775bd98d58a4699e45a46ce9e53f476,0.5115000009536743,0.4884999990463257,181,800,0.8497553143717881,global_top_l_filter,5000,0.0
B,hnsw,synthetic,synthetic_s0.05_c1.00,,0.0,0.05,1.0,7192,0.05000347632621845,ff3c2a0e00069b79861e7001a9ec8feb829a11249ed5539c7e08e294e9ecad78,0.16600000858306885,0.8339999914169312,175,800,0.8822174487332124,subset_flat_fallback,40000,0.0
B,hnsw,synthetic,synthetic_s0.10_c0.00,,0.0,0.1,0.0,14383,0.1,1df4efa78fa78d9240dde5c122c87804e044f0534277a07e9c26c33489dd1ad0,0.9860000610351562,0.01399993896484375,23,400,0.8096352534289312,global_top_l_filter,5000,0.0
B,hnsw,synthetic,synthetic_s0.10_c0.25,,0.0,0.1,0.25,14383,0.1,7becd89f42c03b18ef85817bba31fdf43a5efea3a231621d25d54826eba2c2b0,0.9689999222755432,0.031000077724456787,46,400,0.8075082180110139,global_top_l_filter,5000,0.0
B,hnsw,synthetic,synthetic_s0.10_c0.50,,0.0,0.1,0.5,14383,0.1,53a170e1059aee01fb4c8b59fa9fc77df458c0f1a39b95d2a78d430a5541d41b,0.9294999837875366,0.07050001621246338,83,400,0.8196074815265806,global_top_l_filter,5000,0.0
B,hnsw,synthetic,synthetic_s0.10_c0.75,,0.0,0.1,0.75,14383,0.1,d7f3baaae62fb6665826d5fc78701da60567805b113dc38efc47d564772b026f,0.7674999833106995,0.23250001668930054,143,400,0.8380237031887813,global_top_l_filter,5000,0.0
B,hnsw,synthetic,synthetic_s0.10_c1.00,,0.0,0.1,1.0,14383,0.1,1d2a2dcd674900b6d8ffb758472fc78f7ab07b244bb94d5aaa7fdc7e46e48b42,0.2639999985694885,0.7360000014305115,160,400,0.8614769951709933,global_top_l_filter,40000,0.0
B,hnsw,synthetic,synthetic_s0.20_c0.00,,0.0,0.2,0.0,28766,0.2,1769aaef7dff6e3b30a22f2fd5dfd9de4134c34119fea84edffaf6cc569e03e8,0.9990000128746033,0.0009999871253967285,2,200,0.8095559848724021,global_top_l_filter,5000,0.0
B,hnsw,synthetic,synthetic_s0.20_c0.25,,0.0,0.2,0.25,28766,0.2,ecc27c4161dca3dd5d630227dd7959e9d36b869963a4934ac9516a95f8f7fc20,0.996999979019165,0.003000020980834961,6,200,0.8086878302220145,global_top_l_filter,5000,0.0
B,hnsw,synthetic,synthetic_s0.20_c0.50,,0.0,0.2,0.5,28766,0.2,18b66f6dd9fa663b4955faeced4936ab3532bebb3a8b35d1ca3b49b3955e1093,0.9914999604225159,0.00850003957748413,15,200,0.8173611282436254,global_top_l_filter,5000,0.0
B,hnsw,synthetic,synthetic_s0.20_c0.75,,0.0,0.2,0.75,28766,0.2,b5d2ff57b2fa6def5177ab8c9ac1d365e4bbf93ea99cb5508ecb6e7def4542be,0.940500020980835,0.05949997901916504,73,200,0.8304338657490126,global_top_l_filter,5000,0.0
B,hnsw,synthetic,synthetic_s0.20_c1.00,,0.0,0.2,1.0,28766,0.2,7ca1d1b66a9e773b6a11910af16d31a8001f7317ac5dd3d5bc4f896817b4134e,0.3904999792575836,0.6095000505447388,131,200,0.8459295152259874,global_top_l_filter,10000,0.0
B,hnsw,synthetic,synthetic_s0.40_c0.00,,0.0,0.4,0.0,57532,0.4,78d1e8b4d965fa7dda4c868e83686c2dc45486fe7b5dfcdacc08f5d2d0430ee3,1.0,0.0,0,100,0.8094417765478877,global_top_l_filter,5000,0.0
B,hnsw,synthetic,synthetic_s0.40_c0.25,,0.0,0.4,0.25,57532,0.4,711003f3fe98c950adc90783fe21f968345fa70e9e0609dc20b9decfa2d3af71,1.0,0.0,0,100,0.8096812112137383,global_top_l_filter,5000,0.0
B,hnsw,synthetic,synthetic_s0.40_c0.50,,0.0,0.4,0.5,57532,0.4,b1070dcd0611d4dc3044adcc9853dfbc4bb68c17395af78fab64993b47f78f35,0.9985000491142273,0.001499950885772705,2,100,0.8153530940232117,global_top_l_filter,5000,0.0
B,hnsw,synthetic,synthetic_s0.40_c0.75,,0.0,0.4,0.75,57532,0.4,66b7e6627c2cd1e03dbbd0d50a294c63f46140b3d9de351e3d5e3c9885432458,0.9860000014305115,0.013999998569488525,17,100,0.8230455411476564,global_top_l_filter,5000,0.0
B,hnsw,synthetic,synthetic_s0.40_c1.00,,0.0,0.4,1.0,57532,0.4,850751f1b7857565089d380a1362f31d4fa8f636ff25fd2660c215605a8a2136,0.6110000014305115,0.3889999985694885,87,100,0.8337053592244784,global_top_l_filter,5000,0.0
B,hnsw,synthetic,synthetic_s0.05_c0.00,,1.0,0.05,0.0,7192,0.05000347632621845,32cf77ba5a39e34f6a11aa76ee0080cb6879f2ac8fb4c46d21254fdd27088077,0.8959999680519104,0.1040000319480896,116,800,0.809374556317823,global_top_l_filter,5000,0.0
B,hnsw,synthetic,synthetic_s0.05_c0.25,,1.0,0.05,0.25,7192,0.05000347632621845,59c8fb369e3aa3d9add48021c8e247a9f866a3ac50bc8067fcd0a3dabd67faf1,0.8399999737739563,0.1600000262260437,140,800,0.8147318058366658,global_top_l_filter,5000,0.0
B,hnsw,synthetic,synthetic_s0.05_c0.50,,1.0,0.05,0.5,7192,0.05000347632621845,156924f23d2016b6cb9acba15aeb3a635e68cf5049315a4374981f3f5d3acdb3,0.7315000295639038,0.2684999704360962,168,800,0.8301936358328295,global_top_l_filter,5000,0.0
B,hnsw,synthetic,synthetic_s0.05_c0.75,,1.0,0.05,0.75,7192,0.05000347632621845,b750298df8f6417aed9d76ee784198cadbe641a9205d5c66f07d3e409d3c232e,0.5530000329017639,0.4469999670982361,173,800,0.8511418113844357,global_top_l_filter,5000,0.0
B,hnsw,synthetic,synthetic_s0.05_c1.00,,1.0,0.05,1.0,7192,0.05000347632621845,092d3928d6822e6e21120daee2dad3514f7fe9819fc7630dca85867f6339f947,0.2654999792575836,0.7345000505447388,171,800,0.8757622898136276,global_top_l_filter,40000,0.0
B,hnsw,synthetic,synthetic_s0.10_c0.00,,1.0,0.1,0.0,14383,0.1,08575ac34677cfb7806196cb4f993252867257210c85327c9177bf27fdce9490,0.9885000586509705,0.011499941349029541,20,400,0.8088295117538444,global_top_l_filter,5000,0.0
B,hnsw,synthetic,synthetic_s0.10_c0.25,,1.0,0.1,0.25,14383,0.1,f3f33a05adc2ecf7135960921d64410ec890d143a295e11acd888a84f7a0e3b6,0.9665000438690186,0.033499956130981445,47,400,0.8133335015428879,global_top_l_filter,5000,0.0
B,hnsw,synthetic,synthetic_s0.10_c0.50,,1.0,0.1,0.5,14383,0.1,9a87f7d7ee6d279d2b3412c3a21257db03943fb48c4797a734108d89eb1d73a9,0.9155000448226929,0.08449995517730713,91,400,0.825950243886112,global_top_l_filter,5000,0.0
B,hnsw,synthetic,synthetic_s0.10_c0.75,,1.0,0.1,0.75,14383,0.1,8cad160cc65f922858d6980bf7f7077a9d2b4e9810d58553143b44e3d5f88158,0.7834999561309814,0.21650004386901855,144,400,0.8422119130531519,global_top_l_filter,5000,0.0
B,hnsw,synthetic,synthetic_s0.10_c1.00,,1.0,0.1,1.0,14383,0.1,41e1aef08cf46a1eb8df6ecbb77176beede7312f9caa8df0489e8917bad89441,0.4504999816417694,0.5494999885559082,142,400,0.8601960000668233,global_top_l_filter,10000,0.005
B,hnsw,synthetic,synthetic_s0.20_c0.00,,1.0,0.2,0.0,28766,0.2,a8e157caaf2da1584bf0beac94f573e9e804cf84ee8c93e1cc26a89564261321,0.9985000491142273,0.001499950885772705,2,200,0.809649100427379,global_top_l_filter,5000,0.0
B,hnsw,synthetic,synthetic_s0.20_c0.25,,1.0,0.2,0.25,28766,0.2,2e8d928487453b1e6ce1cadfa299f1a17b9de24a61111e47a6ca0b591f2310a2,0.996999979019165,0.003000020980834961,3,200,0.8137899058324092,global_top_l_filter,5000,0.0
B,hnsw,synthetic,synthetic_s0.20_c0.50,,1.0,0.2,0.5,28766,0.2,bc561cb2be66bb9311c136c1f1d787796d9be978fd9c6c754b3cba98c83a6a82,0.9890000224113464,0.010999977588653564,10,200,0.8245197355082732,global_top_l_filter,5000,0.0
B,hnsw,synthetic,synthetic_s0.20_c0.75,,1.0,0.2,0.75,28766,0.2,57e3dc4deb2365a8483053766928ef91fe38b04d6da73282af2c5d6a63ae01f7,0.9554999470710754,0.04450005292892456,48,200,0.8363207465742963,global_top_l_filter,5000,0.0
B,hnsw,synthetic,synthetic_s0.20_c1.00,,1.0,0.2,1.0,28766,0.2,a122c2c0fe66f187a609231c741a5cddc557b113fe197557fe845caaa1a30f6e,0.6019999980926514,0.39800000190734863,106,200,0.8497672643957008,global_top_l_filter,5000,0.0
B,hnsw,synthetic,synthetic_s0.40_c0.00,,1.0,0.4,0.0,57532,0.4,1f0dba7bd2092e46fcf14e2199766f7b25f3682933dfa689a6120cc772ce452f,0.9994999766349792,0.000500023365020752,1,100,0.8096310174471015,global_top_l_filter,5000,0.0
B,hnsw,synthetic,synthetic_s0.40_c0.25,,1.0,0.4,0.25,57532,0.4,166078ed914b83e56ffafd4b472222c7378757bd58d296c2ca6b27ce43068478,0.9994999766349792,0.000500023365020752,1,100,0.8135733254946161,global_top_l_filter,5000,0.0
B,hnsw,synthetic,synthetic_s0.40_c0.50,,1.0,0.4,0.5,57532,0.4,61444203522db3c13e763a789ed03ce741003dd38af53e517aa634feec687f55,0.9994999766349792,0.000500023365020752,1,100,0.820904405164405,global_top_l_filter,5000,0.0
B,hnsw,synthetic,synthetic_s0.40_c0.75,,1.0,0.4,0.75,57532,0.4,fd302616d2d71a5a443b6a2667393a28a4f969bccaa6e58f1402b7a38ddd6fac,0.9919999837875366,0.008000016212463379,9,100,0.8290505976177568,global_top_l_filter,5000,0.0
B,hnsw,synthetic,synthetic_s0.40_c1.00,,1.0,0.4,1.0,57532,0.4,6abad41e041ff49162e4cdeaf36896f6c416d8325128572dfe8e0cc93752ca1b,0.7710000872612,0.22899991273880005,58,100,0.8390778654101566,global_top_l_filter,5000,0.0
B,hnsw,synthetic,synthetic_s0.05_c0.00,,2.0,0.05,0.0,7192,0.05000347632621845,e2b3d1f226c1b54f7a5cdfebeabb30361091527d04a35a2cc92ddf48d2575888,0.8740000128746033,0.12599998712539673,122,800,0.8098702651372588,global_top_l_filter,5000,0.0
B,hnsw,synthetic,synthetic_s0.05_c0.25,,2.0,0.05,0.25,7192,0.05000347632621845,60c84a14711c8c5702e4aac53ef38502827ef380c63176081bd6631273a02826,0.8130000233650208,0.18699997663497925,153,800,0.8228961764544783,global_top_l_filter,5000,0.0
B,hnsw,synthetic,synthetic_s0.05_c0.50,,2.0,0.05,0.5,7192,0.05000347632621845,7500bdeeac1b656d384ba371790021932e8708d6cb4a868855294716b8930f4d,0.6984999775886536,0.30150002241134644,175,800,0.8431280224988386,global_top_l_filter,5000,0.0
B,hnsw,synthetic,synthetic_s0.05_c0.75,,2.0,0.05,0.75,7192,0.05000347632621845,eb46e78843f0e9ef6f80df2a7c0a6179495b074f3a84a8cecebd9c5611f90106,0.5309999585151672,0.46900004148483276,177,800,0.8674888374939533,global_top_l_filter,5000,0.0
B,hnsw,synthetic,synthetic_s0.05_c1.00,,2.0,0.05,1.0,7192,0.05000347632621845,58c0b408ee3b9f8fc51c3bb59efe495f53f367e6a4a62593038deb99deaba152,0.24399997293949127,0.7560000419616699,173,800,0.8957343172655456,global_top_l_filter,20000,0.005
B,hnsw,synthetic,synthetic_s0.10_c0.00,,2.0,0.1,0.0,14383,0.1,5bed86735d8253011d6a0138ada268cb81a8eae34a4e3740e3798ed1d0fcee52,0.9794999957084656,0.020500004291534424,34,400,0.8091918874046682,global_top_l_filter,5000,0.0
B,hnsw,synthetic,synthetic_s0.10_c0.25,,2.0,0.1,0.25,14383,0.1,30ad02c435ab7acbd28c4610f0c1be1142462e3fa71a0738fb0a09bc4ce6a997,0.9619999527931213,0.03800004720687866,54,400,0.8217777339266409,global_top_l_filter,5000,0.0
B,hnsw,synthetic,synthetic_s0.10_c0.50,,2.0,0.1,0.5,14383,0.1,50c3dfceb0a9d19d8d009f972ebffea056e910f406626105fdc3e7c880130e5c,0.9194999933242798,0.08050000667572021,95,400,0.8391908840114239,global_top_l_filter,5000,0.0
B,hnsw,synthetic,synthetic_s0.10_c0.75,,2.0,0.1,0.75,14383,0.1,3150bc16173fe6764f3da138a6392867176c711ff86b5998ce63b976499ea5b2,0.7869999408721924,0.21300005912780762,139,400,0.86025264863937,global_top_l_filter,5000,0.0
B,hnsw,synthetic,synthetic_s0.10_c1.00,,2.0,0.1,1.0,14383,0.1,c9c2ac854808e46e981a258fd7df2186457a4f1d8269643a6bba8d5143179545,0.3630000352859497,0.6369999647140503,152,400,0.8830455702218629,global_top_l_filter,20000,0.0
B,hnsw,synthetic,synthetic_s0.20_c0.00,,2.0,0.2,0.0,28766,0.2,b747a2261c06941e7a61306677c0584c84ff097edbfb32bb5e16ff7348d46498,0.9994999766349792,0.000500023365020752,1,200,0.8088770141593221,global_top_l_filter,5000,0.0
B,hnsw,synthetic,synthetic_s0.20_c0.25,,2.0,0.2,0.25,28766,0.2,4b6e710f448be7a2b1812463d86cb9a0668915a36b8a00fef7dcef1310c9abb4,0.9990000128746033,0.0009999871253967285,2,200,0.8197560710198898,global_top_l_filter,5000,0.0
B,hnsw,synthetic,synthetic_s0.20_c0.50,,2.0,0.2,0.5,28766,0.2,1f46dd6364c05034de6bb5c3e9ae356420f1f6d7ab659949cdfff4fb3016d675,0.9909999966621399,0.009000003337860107,13,200,0.8344366174746879,global_top_l_filter,5000,0.0
B,hnsw,synthetic,synthetic_s0.20_c0.75,,2.0,0.2,0.75,28766,0.2,85c146370b0a2386536b3c07469a3cdba19dff9568361431af08894462eb94ec,0.9415000081062317,0.05849999189376831,60,200,0.8513020802153334,global_top_l_filter,5000,0.0
B,hnsw,synthetic,synthetic_s0.20_c1.00,,2.0,0.2,1.0,28766,0.2,01ff1754e151346eeea7b3378dd2c0abf917237ddcf74ccb6e2a5a7b91c75431,0.4490000009536743,0.5509999990463257,127,200,0.8704918266815727,global_top_l_filter,10000,0.0
B,hnsw,synthetic,synthetic_s0.40_c0.00,,2.0,0.4,0.0,57532,0.4,0ff0fb47fd14354db1f538119a8565d5923c7ff0844ee23e2ed3222a63644632,1.0,0.0,0,100,0.8095013930680708,global_top_l_filter,5000,0.0
B,hnsw,synthetic,synthetic_s0.40_c0.25,,2.0,0.4,0.25,57532,0.4,172f8fbe7220453ff5d6eca904de86b7da5f5c29137f5e36f81a749ab1e5cec6,0.9994999766349792,0.000500023365020752,1,100,0.8177910493468521,global_top_l_filter,5000,0.0
B,hnsw,synthetic,synthetic_s0.40_c0.50,,2.0,0.4,0.5,57532,0.4,d83ccdec81f837eee396daf9087126ff53b58ebf1a7bc26c4cc9cba924dd5293,0.9994999766349792,0.000500023365020752,1,100,0.8279940870977571,global_top_l_filter,5000,0.0
B,hnsw,synthetic,synthetic_s0.40_c0.75,,2.0,0.4,0.75,57532,0.4,08b874315c28c97361e36d3de2e533650275cfa4f4a19be01b91361826a2bf21,0.9940000176429749,0.0059999823570251465,5,100,0.8399981322987735,global_top_l_filter,5000,0.0
B,hnsw,synthetic,synthetic_s0.40_c1.00,,2.0,0.4,1.0,57532,0.4,2ea9be1c41c029532e74415ef145c9860b54713610723ff8551fece5ad929866,0.5724999904632568,0.42750000953674316,99,100,0.8547769230012984,global_top_l_filter,5000,0.0
B,hnsw,synthetic,synthetic_s0.05_c0.00,,3.0,0.05,0.0,7192,0.05000347632621845,85a23a250d2921d948d3af9ffae6900d3175593ab52606cad78633b46fa2ad80,0.9119999408721924,0.08800005912780762,108,800,0.8093991082758187,global_top_l_filter,5000,0.0
B,hnsw,synthetic,synthetic_s0.05_c0.25,,3.0,0.05,0.25,7192,0.05000347632621845,5183311f4af384dad541c68697071a726e02b23e04569f03a806785c58e4aa38,0.843000054359436,0.15699994564056396,140,800,0.816511280679977,global_top_l_filter,5000,0.0
B,hnsw,synthetic,synthetic_s0.05_c0.50,,3.0,0.05,0.5,7192,0.05000347632621845,6c9866485503142e544e952ba196b0e6938d1c2b3171797c4d1383a529803520,0.7460000514984131,0.2539999485015869,158,800,0.8280290376212204,global_top_l_filter,5000,0.0
B,hnsw,synthetic,synthetic_s0.05_c0.75,,3.0,0.05,0.75,7192,0.05000347632621845,f8a969dac76e2351d1aa093e01ff3ee38aaf7c961870ee706ed26fbff7e49e1d,0.5899999737739563,0.4100000262260437,155,800,0.8439650138758362,global_top_l_filter,5000,0.0
B,hnsw,synthetic,synthetic_s0.05_c1.00,,3.0,0.05,1.0,7192,0.05000347632621845,a7101ee07217168eeede44710dd1984cda6600144dca1b75caa533bacfa690c4,0.33449995517730713,0.6655000448226929,158,800,0.8631235153706878,global_top_l_filter,20000,0.0
B,hnsw,synthetic,synthetic_s0.10_c0.00,,3.0,0.1,0.0,14383,0.1,027d904b8b1f1b818dd38eb9ef26c9f4390c16b35a8775a5c5ece101a9984fa3,0.984499990940094,0.015500009059906006,23,400,0.809459968048075,global_top_l_filter,5000,0.0
B,hnsw,synthetic,synthetic_s0.10_c0.25,,3.0,0.1,0.25,14383,0.1,a19b325530c42eff0773c7e152c2f521f1ceea3d544df4aba7fa643f767d0b98,0.9700000286102295,0.029999971389770508,43,400,0.8150832135566028,global_top_l_filter,5000,0.0
B,hnsw,synthetic,synthetic_s0.10_c0.50,,3.0,0.1,0.5,14383,0.1,88e9226948abf2d2277e4c3dbc9a6fd1da38978b7b5af5627dbd32753835e361,0.9189999103546143,0.08100008964538574,86,400,0.8243876669460947,global_top_l_filter,5000,0.0
B,hnsw,synthetic,synthetic_s0.10_c0.75,,3.0,0.1,0.75,14383,0.1,8c25a3842d6907167c7330a4154ea527424e9664ee395c7d2906c382f56a56d2,0.7795000672340393,0.2204999327659607,133,400,0.8367567132963755,global_top_l_filter,5000,0.0
B,hnsw,synthetic,synthetic_s0.10_c1.00,,3.0,0.1,1.0,14383,0.1,43f238511356c3a898fa8846d6758d7516db5bbb9a602547fdfb6510d32b46fc,0.42900002002716064,0.5709999799728394,137,400,0.8521349434272597,global_top_l_filter,10000,0.005
B,hnsw,synthetic,synthetic_s0.20_c0.00,,3.0,0.2,0.0,28766,0.2,d2ad3d478f7209c1a99c540875fb4734350f319abf8988ca1f6a35cf73c093ac,0.9965000152587891,0.0034999847412109375,3,200,0.8100686890846546,global_top_l_filter,5000,0.0
B,hnsw,synthetic,synthetic_s0.20_c0.25,,3.0,0.2,0.25,28766,0.2,ed45649581eb371d9077cacae444c53ff90c8c64d95a2aee1a9d3d5a28b68162,0.996999979019165,0.003000020980834961,3,200,0.8143888613112871,global_top_l_filter,5000,0.0
B,hnsw,synthetic,synthetic_s0.20_c0.50,,3.0,0.2,0.5,28766,0.2,d573b9422dac4ea421c557fe07cf1065aa9df242025c2f5aa7e27eb399615580,0.9919999837875366,0.008000016212463379,10,200,0.8209017615258029,global_top_l_filter,5000,0.0
B,hnsw,synthetic,synthetic_s0.20_c0.75,,3.0,0.2,0.75,28766,0.2,f0e41b1b2a6968fb30a5e538deb56d1201490f14c23af5d713eafb93f8da4c76,0.9429999589920044,0.057000041007995605,59,200,0.8295847101133558,global_top_l_filter,5000,0.0
B,hnsw,synthetic,synthetic_s0.20_c1.00,,3.0,0.2,1.0,28766,0.2,303d147521059e3878a8121d453b7dadcc2ac7fa8c7979015e229b72e8fd9bc2,0.5074999928474426,0.4925000071525574,120,200,0.840777681394136,global_top_l_filter,5000,0.005
B,hnsw,synthetic,synthetic_s0.40_c0.00,,3.0,0.4,0.0,57532,0.4,b1af4d2a049db9262f02be198a03a5ea7886f7ba420524475dd6333aff90320a,1.0,0.0,0,100,0.8092262149163013,global_top_l_filter,5000,0.0
B,hnsw,synthetic,synthetic_s0.40_c0.25,,3.0,0.4,0.25,57532,0.4,071ab7164ffa96387b90762db64d9fd509c16dadae2ad4c1ff4eb713fc97ba51,1.0,0.0,0,100,0.8122147226668458,global_top_l_filter,5000,0.0
B,hnsw,synthetic,synthetic_s0.40_c0.50,,3.0,0.4,0.5,57532,0.4,f86cdb4d473958dc868c2cef7f4051226b9c30a9062d2d8fdd7f92ca72078bff,1.0,0.0,0,100,0.8163331826446665,global_top_l_filter,5000,0.0
B,hnsw,synthetic,synthetic_s0.40_c0.75,,3.0,0.4,0.75,57532,0.4,2f9b0da586992b5dfe1d540f9e38d075b161907061bdd9b8244e43fa5421e836,0.9925000071525574,0.007499992847442627,9,100,0.8224416584557518,global_top_l_filter,5000,0.0
B,hnsw,synthetic,synthetic_s0.40_c1.00,,3.0,0.4,1.0,57532,0.4,cc4cb6962a1b8a08bd5bf0e502e44d4365a7c391f4d09c7b501fe67a3a4857b4,0.7160000801086426,0.2839999198913574,73,100,0.8308864884351641,global_top_l_filter,5000,0.0
B,hnsw,synthetic,synthetic_s0.05_c0.00,,4.0,0.05,0.0,7192,0.05000347632621845,82740d368c6e5d973218d75736048240cbfadb43ebb0bbf691be6cf1a0e865c2,0.887499988079071,0.11250001192092896,119,800,0.8085870505944661,global_top_l_filter,5000,0.0
B,hnsw,synthetic,synthetic_s0.05_c0.25,,4.0,0.05,0.25,7192,0.05000347632621845,63fd7708df83197168fb8970731545fa1320ce0182804c059b5786267f3fdd44,0.8334999680519104,0.1665000319480896,148,800,0.8171808013073077,global_top_l_filter,5000,0.0
B,hnsw,synthetic,synthetic_s0.05_c0.50,,4.0,0.05,0.5,7192,0.05000347632621845,878316e03972a9b27615aedc19a92b67fc0a9a0dc49bef74062901bc4607e684,0.7165000438690186,0.28349995613098145,171,800,0.8334436932274969,global_top_l_filter,5000,0.0
B,hnsw,synthetic,synthetic_s0.05_c0.75,,4.0,0.05,0.75,7192,0.05000347632621845,c652253b5dd7d595932e955adbf0282a1656d71bab69304144b3b006221fd7fc,0.5480000376701355,0.4519999623298645,176,800,0.8533119360532705,global_top_l_filter,5000,0.0
B,hnsw,synthetic,synthetic_s0.05_c1.00,,4.0,0.05,1.0,7192,0.05000347632621845,6912a8c9ad0466e4f0e51cc04d1bbf0d1160accdabb15b687b9714dcb263d28f,0.27250000834465027,0.7274999618530273,168,800,0.8773493440965511,global_top_l_filter,20000,0.005
B,hnsw,synthetic,synthetic_s0.10_c0.00,,4.0,0.1,0.0,14383,0.1,215345c039b4e590639f5a7fef19d6a300eff83f274b4a328bacc2fa5c1d50a1,0.9815000295639038,0.01849997043609619,26,400,0.8091542621159153,global_top_l_filter,5000,0.0
B,hnsw,synthetic,synthetic_s0.10_c0.25,,4.0,0.1,0.25,14383,0.1,a1262cdba36d0268153baf0cbdf9098c180ef7aaf3dfe4558919f9e98c39c358,0.9705000519752502,0.029499948024749756,39,400,0.8177986775052818,global_top_l_filter,5000,0.0
B,hnsw,synthetic,synthetic_s0.10_c0.50,,4.0,0.1,0.5,14383,0.1,6719b9f61e6bfdbb3926d103da16a4e050a57afbdbe654df917f6f4ddff0f80b,0.9234998822212219,0.07650011777877808,83,400,0.8326028847163515,global_top_l_filter,5000,0.0
B,hnsw,synthetic,synthetic_s0.10_c0.75,,4.0,0.1,0.75,14383,0.1,e179c88ad87790d554cbc2de6de2b9bce7ca47c306b783e91a6ff1e6e2dcbf13,0.7980000376701355,0.2019999623298645,134,400,0.850556607488479,global_top_l_filter,5000,0.0
B,hnsw,synthetic,synthetic_s0.10_c1.00,,4.0,0.1,1.0,14383,0.1,020291b03f6f973423f8522ebac7f670e9b7af96e6c1daef4870722299b83e41,0.37449997663497925,0.6255000233650208,149,400,0.871135684368886,global_top_l_filter,20000,0.0
B,hnsw,synthetic,synthetic_s0.20_c0.00,,4.0,0.2,0.0,28766,0.2,9955a2259cea2d6db78444bfd6090570fdfac4ecd963130fba7d90e2aadd5b21,0.9990000128746033,0.0009999871253967285,2,200,0.8095606960047838,global_top_l_filter,5000,0.0
B,hnsw,synthetic,synthetic_s0.20_c0.25,,4.0,0.2,0.25,28766,0.2,7a838b208cf09b35f2b38312d8b07bf2871924ae755dd2825222d1ce5ad46ed3,0.9950000047683716,0.004999995231628418,8,200,0.8179585329820058,global_top_l_filter,5000,0.0
B,hnsw,synthetic,synthetic_s0.20_c0.50,,4.0,0.2,0.5,28766,0.2,f44a4f5f54503848b1d5926c0c07cbceb960c446eb567724254a5e9db363c343,0.9940000176429749,0.0059999823570251465,9,200,0.8305551679707539,global_top_l_filter,5000,0.0
B,hnsw,synthetic,synthetic_s0.20_c0.75,,4.0,0.2,0.75,28766,0.2,fde0d2692d801245aa0bf67c1692e984b83a4e24964c4e8dd28f0b3eb1b18a0b,0.9435000419616699,0.05649995803833008,55,200,0.8454933034749824,global_top_l_filter,5000,0.0
B,hnsw,synthetic,synthetic_s0.20_c1.00,,4.0,0.2,1.0,28766,0.2,548fdf495a2192ab01f98c1e5e80012af90afd69f1deb6e917755f00c5d3ac09,0.4440000057220459,0.5559999942779541,125,200,0.8630155661288295,global_top_l_filter,10000,0.0
B,hnsw,synthetic,synthetic_s0.40_c0.00,,4.0,0.4,0.0,57532,0.4,a38896e395330bacc6024ffb5275e2a0f1fb9267686c1db15226cbdcb9c02cd9,1.0,0.0,0,100,0.8092123105964474,global_top_l_filter,5000,0.0
B,hnsw,synthetic,synthetic_s0.40_c0.25,,4.0,0.4,0.25,57532,0.4,bc046b67d91f43f617921374c67e73cff477e2ec3f1499e91d17a11da96a4059,1.0,0.0,0,100,0.8160099995394605,global_top_l_filter,5000,0.0
B,hnsw,synthetic,synthetic_s0.40_c0.50,,4.0,0.4,0.5,57532,0.4,8a4d63f5d88333772e52a138b1dd2ee5f166ec43f15fc2a5eecbaa7278286494,1.0,0.0,0,100,0.8252663491769449,global_top_l_filter,5000,0.0
B,hnsw,synthetic,synthetic_s0.40_c0.75,,4.0,0.4,0.75,57532,0.4,3cb98f46d6261ab0a06179dc92d54d36cccbf739bc787250d23e92f5b0234715,0.9955000281333923,0.004499971866607666,7,100,0.8365761401614776,global_top_l_filter,5000,0.0
B,hnsw,synthetic,synthetic_s0.40_c1.00,,4.0,0.4,1.0,57532,0.4,60480081c36f95996fa1c1585fc3befd263bb260883a4828ec15090dfe1c76fc,0.5824999809265137,0.41750001907348633,95,100,0.8506385933336343,global_top_l_filter,5000,0.0
B,hnsw,synthetic,synthetic_s0.05_c0.00,,5.0,0.05,0.0,7192,0.05000347632621845,888e912ff6aa5b0f45a35fd43f40c4e34bd08164356b63d88d898f108b8f158e,0.8880000114440918,0.1119999885559082,123,800,0.8087130792856722,global_top_l_filter,5000,0.0
B,hnsw,synthetic,synthetic_s0.05_c0.25,,5.0,0.05,0.25,7192,0.05000347632621845,517348ba2364db0d373ee04d047b0c38779b68b62dba318b02970d99aeebe006,0.8369999527931213,0.16300004720687866,147,800,0.814615075347276,global_top_l_filter,5000,0.0
B,hnsw,synthetic,synthetic_s0.05_c0.50,,5.0,0.05,0.5,7192,0.05000347632621845,5d3ae3db4404884607d21d16fcd713bd7f5232a3e0726623e5d9f57642a30a7f,0.737500011920929,0.26249998807907104,170,800,0.8278311763835644,global_top_l_filter,5000,0.0
B,hnsw,synthetic,synthetic_s0.05_c0.75,,5.0,0.05,0.75,7192,0.05000347632621845,cb059fb8f2ff20543ceef4b83c2d30f0e14877882b02487742e0d321a9f0de32,0.5525000095367432,0.44749999046325684,177,800,0.847823218760657,global_top_l_filter,5000,0.0
B,hnsw,synthetic,synthetic_s0.05_c1.00,,5.0,0.05,1.0,7192,0.05000347632621845,bed0bd0867684ebca6233f15fa530a3cf14ff4fa41c42524a9b37e70e73bb217,0.21250000596046448,0.7875000238418579,174,800,0.8734231660430892,global_top_l_filter,40000,0.0
B,hnsw,synthetic,synthetic_s0.10_c0.00,,5.0,0.1,0.0,14383,0.1,d89b50907041b173f6145983e027f1a1e431c3e5e1c126e34100b12ea5be3dc9,0.9880000352859497,0.011999964714050293,15,400,0.8093511126897467,global_top_l_filter,5000,0.0
B,hnsw,synthetic,synthetic_s0.10_c0.25,,5.0,0.1,0.25,14383,0.1,956487b0d2484dad2caa0442f9855c35b5897aecd1b522dcd398bd7e4c51078a,0.9744999408721924,0.025500059127807617,38,400,0.8133856059421702,global_top_l_filter,5000,0.0
B,hnsw,synthetic,synthetic_s0.10_c0.50,,5.0,0.1,0.5,14383,0.1,24d0e53f57f6c24263d35d0ec28595e975c0f0ecedbf2eef508853588671f42a,0.9305000305175781,0.06949996948242188,76,400,0.8240361013679496,global_top_l_filter,5000,0.0
B,hnsw,synthetic,synthetic_s0.10_c0.75,,5.0,0.1,0.75,14383,0.1,58a9a9bda1498f85d34ab9d038941ace5adea47b8a6e26cd560c8b9ac86f6e7e,0.8065000176429749,0.19349998235702515,139,400,0.8399072423876573,global_top_l_filter,5000,0.0
B,hnsw,synthetic,synthetic_s0.10_c1.00,,5.0,0.1,1.0,14383,0.1,4d602d61cd175da8e931c447c15a4781769398c906c8fb38d94b170a8e8af181,0.36550000309944153,0.6345000267028809,149,400,0.8599775933024715,global_top_l_filter,20000,0.005
B,hnsw,synthetic,synthetic_s0.20_c0.00,,5.0,0.2,0.0,28766,0.2,4f0848a4647e7ace615182deb616958946485e4d601c8a0336c16e8aa28ad684,0.9985000491142273,0.001499950885772705,3,200,0.8095171336462086,global_top_l_filter,5000,0.0
B,hnsw,synthetic,synthetic_s0.20_c0.25,,5.0,0.2,0.25,28766,0.2,e4b76b111d7a063da0783f06cf1eff404adb9a0f08edfb047424226b0a170b47,0.9959999918937683,0.0040000081062316895,7,200,0.8127501124005506,global_top_l_filter,5000,0.0
B,hnsw,synthetic,synthetic_s0.20_c0.50,,5.0,0.2,0.5,28766,0.2,c4a1e8921f0f2f41c87e88809b04c53bb032acf56e0c64cdab65c5cb23618c26,0.9930000305175781,0.006999969482421875,12,200,0.821753087290156,global_top_l_filter,5000,0.0
B,hnsw,synthetic,synthetic_s0.20_c0.75,,5.0,0.2,0.75,28766,0.2,c5484e1a05077bd714093ce55ba8bdaece0df8e169807a99174a1ae03007125c,0.9514999389648438,0.04850006103515625,55,200,0.8344609599799121,global_top_l_filter,5000,0.0
B,hnsw,synthetic,synthetic_s0.20_c1.00,,5.0,0.2,1.0,28766,0.2,88bf2cf128212616093828a0800505e60c598cf4c9ca66c5f2c66c9eeeb4debe,0.49900001287460327,0.5009999871253967,119,200,0.8504531152319382,global_top_l_filter,20000,0.0
B,hnsw,synthetic,synthetic_s0.40_c0.00,,5.0,0.4,0.0,57532,0.4,fbd7dbcff45c6268a9e64fe5390795a85a06faaa4cf1575d572ef9fab0b4deef,1.0,0.0,0,100,0.8091302322289242,global_top_l_filter,5000,0.0
B,hnsw,synthetic,synthetic_s0.40_c0.25,,5.0,0.4,0.25,57532,0.4,e926d771af8a2f464194016521fcd50fb857fcb3933a967b34e9e8858d519dee,1.0,0.0,0,100,0.8117954650861974,global_top_l_filter,5000,0.0
B,hnsw,synthetic,synthetic_s0.40_c0.50,,5.0,0.4,0.5,57532,0.4,518f7ce6266b95bfa23b05556e7d8783980aae14059f8476c392ec995729c0f6,1.0,0.0,0,100,0.8190521051234259,global_top_l_filter,5000,0.0
B,hnsw,synthetic,synthetic_s0.40_c0.75,,5.0,0.4,0.75,57532,0.4,8e4a4a3fae5b248f1d69af771be7dbb2e7a15aa028eb570fa4d5d168f839974d,0.9939999580383301,0.006000041961669922,9,100,0.8288073473919086,global_top_l_filter,5000,0.0
B,hnsw,synthetic,synthetic_s0.40_c1.00,,5.0,0.4,1.0,57532,0.4,8931cea4acd5fd78196d0aeb7e0246111f577d0cd1b6dddf0ea74abf47930be2,0.6549999713897705,0.3450000286102295,77,100,0.8414356279053743,global_top_l_filter,10000,0.0
B,hnsw,synthetic,synthetic_s0.05_c0.00,,6.0,0.05,0.0,7192,0.05000347632621845,217086893406c9f29bb80151a22f6b318041c181be524e6e951f1c98717ffa15,0.8939999341964722,0.10600006580352783,107,800,0.8091446242967141,global_top_l_filter,5000,0.0
B,hnsw,synthetic,synthetic_s0.05_c0.25,,6.0,0.05,0.25,7192,0.05000347632621845,e7a34acc55dd9998198c42e17f1de6ce9a6a68cae884067f5ac3e4b133643cb7,0.8405000567436218,0.15949994325637817,139,800,0.8147522124127763,global_top_l_filter,5000,0.0
B,hnsw,synthetic,synthetic_s0.05_c0.50,,6.0,0.05,0.5,7192,0.05000347632621845,92a53f183f47d2411757c79b73113efa44f02a1a311efd1f28397b26a86bc9f7,0.7360000014305115,0.2639999985694885,167,800,0.8261483131396763,global_top_l_filter,5000,0.0
B,hnsw,synthetic,synthetic_s0.05_c0.75,,6.0,0.05,0.75,7192,0.05000347632621845,b7f282636622b54d6aed88c88bb203b77790119c1c4e9bd8e13086328fffc09a,0.5615000128746033,0.43849998712539673,170,800,0.8430342069085767,global_top_l_filter,5000,0.0
B,hnsw,synthetic,synthetic_s0.05_c1.00,,6.0,0.05,1.0,7192,0.05000347632621845,b66223dae002b9692315c4d4846b6f632b077e34deca7a5b737ec9b2aff69ef1,0.27649998664855957,0.7235000133514404,173,800,0.864398821527413,global_top_l_filter,40000,0.0
B,hnsw,synthetic,synthetic_s0.10_c0.00,,6.0,0.1,0.0,14383,0.1,87e902f4159f255a2cbbc622c0117328c2bc7772ce0b4bee32caa82d8f702c7a,0.9780000448226929,0.02199995517730713,32,400,0.8093765510665464,global_top_l_filter,5000,0.0
B,hnsw,synthetic,synthetic_s0.10_c0.25,,6.0,0.1,0.25,14383,0.1,bacdc1d722e6496399c8f17470fbea665b63ee3e7d65db7701705d46d5c02423,0.9649999737739563,0.0350000262260437,44,400,0.8141605243290809,global_top_l_filter,5000,0.0
B,hnsw,synthetic,synthetic_s0.10_c0.50,,6.0,0.1,0.5,14383,0.1,8f38443046c49f7e8bf152671d2326ca1c3e255f9f240bba2efd8c3ec65097dd,0.9125000238418579,0.08749997615814209,91,400,0.82499700722532,global_top_l_filter,5000,0.0
B,hnsw,synthetic,synthetic_s0.10_c0.75,,6.0,0.1,0.75,14383,0.1,634d7d8d986b811c274c4ff7e88384c18a93ec12a474e91ff1381787476fbc48,0.7844999432563782,0.21550005674362183,138,400,0.8392991412023787,global_top_l_filter,5000,0.0
B,hnsw,synthetic,synthetic_s0.10_c1.00,,6.0,0.1,1.0,14383,0.1,2f332a1316155202c1e9c10e1fee28421484b190bd64121145bc8f6ee9c7e365,0.4234999716281891,0.5765000581741333,139,400,0.8566200358090982,global_top_l_filter,20000,0.0
B,hnsw,synthetic,synthetic_s0.20_c0.00,,6.0,0.2,0.0,28766,0.2,7daa7045c24042f1709e422bf4cf43806314d0e1e118407fc9ade59e81491a77,0.9980000257492065,0.001999974250793457,2,200,0.8094186696200109,global_top_l_filter,5000,0.0
B,hnsw,synthetic,synthetic_s0.20_c0.25,,6.0,0.2,0.25,28766,0.2,2b2b632e504d23068863f554e29135c1a2853081e909db4b2613b3ac1503349d,0.9970000386238098,0.0029999613761901855,4,200,0.8140302366729535,global_top_l_filter,5000,0.0
B,hnsw,synthetic,synthetic_s0.20_c0.50,,6.0,0.2,0.5,28766,0.2,25fdd3042ef312357d40e725f1b30d065652ec054ed6d8e7bcb2af0316a7a7bd,0.9925000071525574,0.007499992847442627,11,200,0.8227550557924975,global_top_l_filter,5000,0.0
B,hnsw,synthetic,synthetic_s0.20_c0.75,,6.0,0.2,0.75,28766,0.2,c1a3c489e3640b21aeafc7c0614b2da045e3990a31fcb93f686b7c6e251e318a,0.9394999742507935,0.06050002574920654,47,200,0.8342894895703663,global_top_l_filter,5000,0.0
B,hnsw,synthetic,synthetic_s0.20_c1.00,,6.0,0.2,1.0,28766,0.2,3411b9dd17e71bef032ec6fab934a77489942705ddf07c52680cb31109afdca6,0.5450000166893005,0.45499998331069946,108,200,0.8480525317319768,global_top_l_filter,10000,0.005
B,hnsw,synthetic,synthetic_s0.40_c0.00,,6.0,0.4,0.0,57532,0.4,773d3b8dcd3cd2704959b0dc3e4eb32b40395ec12a912f50749a704f0af64552,0.9994999766349792,0.000500023365020752,1,100,0.8098483723290197,global_top_l_filter,5000,0.0
B,hnsw,synthetic,synthetic_s0.40_c0.25,,6.0,0.4,0.25,57532,0.4,ba2d398a9d896594ca6f9ab7eab8d9941a3cfcdee6a29f72738ec1817c38d59a,0.9994999766349792,0.000500023365020752,1,100,0.8135480181145419,global_top_l_filter,5000,0.0
B,hnsw,synthetic,synthetic_s0.40_c0.50,,6.0,0.4,0.5,57532,0.4,6cf4fda5cff6b9b5ec693db6458b34401f0189e8c049f8f6bea137349cad985e,0.9990000128746033,0.0009999871253967285,2,100,0.8194701769120177,global_top_l_filter,5000,0.0
B,hnsw,synthetic,synthetic_s0.40_c0.75,,6.0,0.4,0.75,57532,0.4,2eecab7921a0312826a48ee98ca65a9547ef60593d1be6c026d9a37db64fda00,0.996999979019165,0.003000020980834961,5,100,0.8277049025557845,global_top_l_filter,5000,0.0
B,hnsw,synthetic,synthetic_s0.40_c1.00,,6.0,0.4,1.0,57532,0.4,5295f405cf693fceb1694258799664a49bf8e23bb3d64376986d4c6a9032743d,0.7214999198913574,0.2785000801086426,66,100,0.8380464724781448,global_top_l_filter,5000,0.0
B,hnsw,synthetic,synthetic_s0.05_c0.00,,7.0,0.05,0.0,7192,0.05000347632621845,35ab63f6ce6350c326ccd968381f37f8fb507aa2c89f2b667ce215e5bfde0d0d,0.9064999222755432,0.09350007772445679,107,800,0.8101093062330673,global_top_l_filter,5000,0.0
B,hnsw,synthetic,synthetic_s0.05_c0.25,,7.0,0.05,0.25,7192,0.05000347632621845,315c233fe79939cde96c6811136295050f18e8b9bb1faed0a7a3170b7ef9cfe4,0.8510000109672546,0.14899998903274536,143,800,0.8173631404139182,global_top_l_filter,5000,0.0
B,hnsw,synthetic,synthetic_s0.05_c0.50,,7.0,0.05,0.5,7192,0.05000347632621845,e952586137f449df5067266e596b520e8db6195df29de36ceca30b6f37f897c7,0.7514999508857727,0.2485000491142273,164,800,0.8339746815545573,global_top_l_filter,5000,0.0
B,hnsw,synthetic,synthetic_s0.05_c0.75,,7.0,0.05,0.75,7192,0.05000347632621845,fea46e37f71c10b01282a0f6ddab7cbd097c6c81a32fad387752f18ff768c617,0.5755000114440918,0.4244999885559082,173,800,0.8550991795338075,global_top_l_filter,5000,0.0
B,hnsw,synthetic,synthetic_s0.05_c1.00,,7.0,0.05,1.0,7192,0.05000347632621845,9bb2792c64d7d6a05a39da8932a604d59654c08a28fef794ff5d0404bd453750,0.20800000429153442,0.7919999957084656,173,800,0.8817252630981447,global_top_l_filter,40000,0.0
B,hnsw,synthetic,synthetic_s0.10_c0.00,,7.0,0.1,0.0,14383,0.1,67f226fc333c5f95f2998ead016373d52eebb45a22949709338c5be248118b2d,0.9779999256134033,0.02200007438659668,28,400,0.8099104593212704,global_top_l_filter,5000,0.0
B,hnsw,synthetic,synthetic_s0.10_c0.25,,7.0,0.1,0.25,14383,0.1,de717ee5ca7f7ce3cbd69f1d21ebac47dac16f048097f19426ca63e3f3cf9348,0.9590001106262207,0.0409998893737793,49,400,0.817056252623292,global_top_l_filter,5000,0.0
B,hnsw,synthetic,synthetic_s0.10_c0.50,,7.0,0.1,0.5,14383,0.1,21ac03aa82a8da4e3c3ecaab39bad98b678bfcc4fa7795c9b30d3c1656b3f0ca,0.9135000109672546,0.08649998903274536,94,400,0.82896348548566,global_top_l_filter,5000,0.0
B,hnsw,synthetic,synthetic_s0.10_c0.75,,7.0,0.1,0.75,14383,0.1,d764425cff1170e05fdc77dfc9c23dbfc9bd7a76ca27916d563e4573c522f9d0,0.7915000319480896,0.2084999680519104,145,400,0.8447479931926734,global_top_l_filter,5000,0.0
B,hnsw,synthetic,synthetic_s0.10_c1.00,,7.0,0.1,1.0,14383,0.1,f1978c381f8d05f7edf0f5c628d652bcea21cdd44ca9d39bc1ebac8cf4a9f896,0.351500004529953,0.6484999656677246,155,400,0.8644571873563387,global_top_l_filter,20000,0.0
B,hnsw,synthetic,synthetic_s0.20_c0.00,,7.0,0.2,0.0,28766,0.2,2959b6add1c9da4b9ede156d046c749cfe94cdfe125b1072d92848acb50be4a7,0.9975000023841858,0.002499997615814209,4,200,0.8092775410908697,global_top_l_filter,5000,0.0
B,hnsw,synthetic,synthetic_s0.20_c0.25,,7.0,0.2,0.25,28766,0.2,bc30356f0619bb0baf89bfb161d6dbdf8ede45057ffe1c45b9846b6d0c8eb19c,0.9980000257492065,0.001999974250793457,3,200,0.8150525152336782,global_top_l_filter,5000,0.0
B,hnsw,synthetic,synthetic_s0.20_c0.50,,7.0,0.2,0.5,28766,0.2,1222128a678ffa27ddb5d99e3ad2ac8c8b18259047246e2a09e35e9a9e92cd06,0.9919999837875366,0.008000016212463379,12,200,0.8229476595511596,global_top_l_filter,5000,0.0
B,hnsw,synthetic,synthetic_s0.20_c0.75,,7.0,0.2,0.75,28766,0.2,331d5711ac977ba3368d9137d248829db0a07ef45fd25182280dfb80a850e63e,0.9375,0.0625,66,200,0.8347755106438342,global_top_l_filter,5000,0.0
B,hnsw,synthetic,synthetic_s0.20_c1.00,,7.0,0.2,1.0,28766,0.2,2f60f5dadc37de222637b3c5fa9ec57bbd3299f35207d0fc826e3f9f4acc7743,0.5730000138282776,0.4269999861717224,107,200,0.8489828296179526,global_top_l_filter,10000,0.0
B,hnsw,synthetic,synthetic_s0.40_c0.00,,7.0,0.4,0.0,57532,0.4,ee5f3c52961f60103e11acd1800c620ea5b9847553fa620c60760dd52e35622c,1.0,0.0,0,100,0.8093531677946415,global_top_l_filter,5000,0.0
B,hnsw,synthetic,synthetic_s0.40_c0.25,,7.0,0.4,0.25,57532,0.4,a964814838f2df8636c8c26812880b92826d144ac3f18a836438aa6bdc8f025d,0.9994999766349792,0.000500023365020752,1,100,0.8125519580350854,global_top_l_filter,5000,0.0
B,hnsw,synthetic,synthetic_s0.40_c0.50,,7.0,0.4,0.5,57532,0.4,646f58b6a2fc5b5546d3cd0e166a8acba6a7f90d0fcbec0251c6b7b63943dc69,0.9990000128746033,0.0009999871253967285,2,100,0.8187879316741151,global_top_l_filter,5000,0.0
B,hnsw,synthetic,synthetic_s0.40_c0.75,,7.0,0.4,0.75,57532,0.4,4d9c61e42e877b523f0d8bff96183f10792d3d3d2fbdd3188cee59b4a7b8b8e5,0.9905000329017639,0.009499967098236084,12,100,0.8275027767841597,global_top_l_filter,5000,0.0
B,hnsw,synthetic,synthetic_s0.40_c1.00,,7.0,0.4,1.0,57532,0.4,1eb68580e3f49f4bf358cf9a12faf800704f0179fc97152ac725712a5f4590ec,0.7280000448226929,0.27199995517730713,65,100,0.838393464047417,global_top_l_filter,5000,0.0
B,hnsw,synthetic,synthetic_s0.05_c0.00,,8.0,0.05,0.0,7192,0.05000347632621845,d4f9fd0f93820ca8d97d27e3be651774bea6e9db349a13bbcd41ab227e012686,0.8794999718666077,0.12050002813339233,113,800,0.8091592885735907,global_top_l_filter,5000,0.0
B,hnsw,synthetic,synthetic_s0.05_c0.25,,8.0,0.05,0.25,7192,0.05000347632621845,fd841c1b2c3821de3c225108b092ebfe29065cf3a3d1e255ad962a5f3413e542,0.8235000371932983,0.17649996280670166,135,800,0.8203830750664017,global_top_l_filter,5000,0.0
B,hnsw,synthetic,synthetic_s0.05_c0.50,,8.0,0.05,0.5,7192,0.05000347632621845,689ffd3be0f92744f3ac05519a73b1633a4f9e63715327e5932659c6a778f3f9,0.7229999303817749,0.2770000696182251,162,800,0.8395368838323155,global_top_l_filter,5000,0.0
B,hnsw,synthetic,synthetic_s0.05_c0.75,,8.0,0.05,0.75,7192,0.05000347632621845,dbbb00a2bf40af805ae43f8bf3c82c4a12518fce4601f69415f6c41636e2c224,0.5430000424385071,0.4569999575614929,176,800,0.8626693420722592,global_top_l_filter,5000,0.0
B,hnsw,synthetic,synthetic_s0.05_c1.00,,8.0,0.05,1.0,7192,0.05000347632621845,84527d8d931d51e5021b643e5c12fcaa6201f168a3a52472f9ba8d5f58366d00,0.27649998664855957,0.7235000133514404,169,800,0.8900069606113177,global_top_l_filter,40000,0.0
B,hnsw,synthetic,synthetic_s0.10_c0.00,,8.0,0.1,0.0,14383,0.1,641720475476d2be6e86191392767377a0fecf2e98232e0ba9e2ecc5aedf5fa7,0.9839999675750732,0.016000032424926758,23,400,0.8093012840507704,global_top_l_filter,5000,0.0
B,hnsw,synthetic,synthetic_s0.10_c0.25,,8.0,0.1,0.25,14383,0.1,a4e8e8e3e8ea30f48705797fd8f7b6a5b2b124ac5b49112c20c40834f4993be2,0.9630000591278076,0.03699994087219238,52,400,0.8202176678341753,global_top_l_filter,5000,0.0
B,hnsw,synthetic,synthetic_s0.10_c0.50,,8.0,0.1,0.5,14383,0.1,0c4b34ab79d470371a94a00825a03862d60242d49a00fea5feba8d6c3346ee35,0.9175000190734863,0.08249998092651367,82,400,0.8363453454501116,global_top_l_filter,5000,0.0
B,hnsw,synthetic,synthetic_s0.10_c0.75,,8.0,0.1,0.75,14383,0.1,e884e682ff666857e1c6d2ac34f67d1df1d344caca63f6a445abcd0bb2fce78f,0.7955000400543213,0.2044999599456787,130,400,0.8565851481141389,global_top_l_filter,5000,0.0
B,hnsw,synthetic,synthetic_s0.10_c1.00,,8.0,0.1,1.0,14383,0.1,45cd95f8a7ac4721a4d06b528593088e2229b5035b05ad29d76f6284819834ab,0.3725000023841858,0.6274999976158142,152,400,0.8808388411762301,global_top_l_filter,20000,0.0
B,hnsw,synthetic,synthetic_s0.20_c0.00,,8.0,0.2,0.0,28766,0.2,74ed61fc62c64a5e2d54d3f6f4c5998e57448216c6de20c09e4b5e457690985d,0.996999979019165,0.003000020980834961,6,200,0.8093697781442076,global_top_l_filter,5000,0.0
B,hnsw,synthetic,synthetic_s0.20_c0.25,,8.0,0.2,0.25,28766,0.2,53711ae4e12e6753277e400a31273d042c4166be1572fbc6b7155dccb2570e81,0.9954999685287476,0.004500031471252441,7,200,0.8190691095497729,global_top_l_filter,5000,0.0
B,hnsw,synthetic,synthetic_s0.20_c0.50,,8.0,0.2,0.5,28766,0.2,4aaed7cf15c75143fc30742653263edf16c712911b948e286b767ccf52479499,0.9914999604225159,0.00850003957748413,13,200,0.8330311084703744,global_top_l_filter,5000,0.0
B,hnsw,synthetic,synthetic_s0.20_c0.75,,8.0,0.2,0.75,28766,0.2,0446a20f103e8a7bc0a51a823dac1b17ebf4a66c68b5cf6d6d88d2fe36db0d1f,0.9350000023841858,0.06499999761581421,66,200,0.8495195197633844,global_top_l_filter,5000,0.0
B,hnsw,synthetic,synthetic_s0.20_c1.00,,8.0,0.2,1.0,28766,0.2,d3a8bcb88715a4401d2355d5f128c534fa7f1eb76b27d1b0c0f322ebb633e803,0.4584999978542328,0.5414999723434448,119,200,0.8683627346901044,global_top_l_filter,10000,0.0
B,hnsw,synthetic,synthetic_s0.40_c0.00,,8.0,0.4,0.0,57532,0.4,62d804ec1d576ed83a05d0f54e9d42cfb523a3b4ff2559e194faaa8d553aa924,1.0,0.0,0,100,0.8092988779156096,global_top_l_filter,5000,0.0
B,hnsw,synthetic,synthetic_s0.40_c0.25,,8.0,0.4,0.25,57532,0.4,ae423521044dd1e346755c6795dd51fcbbf784340ac82f41874600c84900a6a6,1.0,0.0,0,100,0.8167546426595894,global_top_l_filter,5000,0.0
B,hnsw,synthetic,synthetic_s0.40_c0.50,,8.0,0.4,0.5,57532,0.4,a3d6057ed539f3481adc978a9f74a685982c4cc23a19bc37b2a3fe3cef21d874,1.0,0.0,0,100,0.8264618661085021,global_top_l_filter,5000,0.0
B,hnsw,synthetic,synthetic_s0.40_c0.75,,8.0,0.4,0.75,57532,0.4,3a6aed64a66e666b9328009da3cfa991bd1546acbf21fb9f9f77c9180950d6c7,0.9975000023841858,0.002499997615814209,4,100,0.8376031779565812,global_top_l_filter,5000,0.0
B,hnsw,synthetic,synthetic_s0.40_c1.00,,8.0,0.4,1.0,57532,0.4,0349f45a03a8efc5e0c61a5f13598ddd2d29c714d48374ff14689b64d6ddf34b,0.621999979019165,0.37800002098083496,89,100,0.84991980986334,global_top_l_filter,5000,0.0
B,hnsw,synthetic,synthetic_s0.05_c0.00,,9.0,0.05,0.0,7192,0.05000347632621845,50bc169742788ee5be0b41d8589cb52ef30f18688a28504f8318977d345d1370,0.8899999856948853,0.11000001430511475,116,800,0.8094987140722314,global_top_l_filter,5000,0.0
B,hnsw,synthetic,synthetic_s0.05_c0.25,,9.0,0.05,0.25,7192,0.05000347632621845,137bb04ae55d71a9593c1be7ade19c026102501e22627b302a09d55239fc8aec,0.8194999694824219,0.18050003051757812,145,800,0.8214322180852678,global_top_l_filter,5000,0.0
B,hnsw,synthetic,synthetic_s0.05_c0.50,,9.0,0.05,0.5,7192,0.05000347632621845,ac1e014ff661a9971e7c15e95fc7a05ced92e026d94dba9b6680aba6ccd0aa8d,0.7250000238418579,0.2749999761581421,165,800,0.8381183037294999,global_top_l_filter,5000,0.0
B,hnsw,synthetic,synthetic_s0.05_c0.75,,9.0,0.05,0.75,7192,0.05000347632621845,639c13a2dc78608667621f22a64829a94fd42a5da202f44740388bd054053e8e,0.5799999833106995,0.42000001668930054,173,800,0.8568563808323528,global_top_l_filter,5000,0.0
B,hnsw,synthetic,synthetic_s0.05_c1.00,,9.0,0.05,1.0,7192,0.05000347632621845,fffd6f5f50afa1d73f07bee3663c2a600dfd50a82f4969e068a694d0aa95e980,0.3244999945163727,0.6755000352859497,173,800,0.8780321679745441,global_top_l_filter,20000,0.0
B,hnsw,synthetic,synthetic_s0.10_c0.00,,9.0,0.1,0.0,14383,0.1,23500de2773e55640e9ab531a735843d54b1c609dc4e1ec067750150e5e8ba9a,0.9855000376701355,0.014499962329864502,25,400,0.809323331095371,global_top_l_filter,5000,0.0
B,hnsw,synthetic,synthetic_s0.10_c0.25,,9.0,0.1,0.25,14383,0.1,10615a4e584fc1cacaa31cdf196a5e9c1b557ff0d0098439a46fe615d74db630,0.9719999432563782,0.028000056743621826,46,400,0.8214865458144787,global_top_l_filter,5000,0.0
B,hnsw,synthetic,synthetic_s0.10_c0.50,,9.0,0.1,0.5,14383,0.1,3b388cf4a4390a600d9d903d48e8d6dbdcfd06a64bb39ca8addec01cf614558d,0.934499979019165,0.06550002098083496,81,400,0.8367688142286093,global_top_l_filter,5000,0.0
B,hnsw,synthetic,synthetic_s0.10_c0.75,,9.0,0.1,0.75,14383,0.1,fd4081bd9e47a173a1105a25aa2dea512c3a2ae5bc0ce9ffc758de4769bb5eae,0.8065000176429749,0.19349998235702515,136,400,0.8541242779984715,global_top_l_filter,5000,0.0
B,hnsw,synthetic,synthetic_s0.10_c1.00,,9.0,0.1,1.0,14383,0.1,f47c6094da2d97695c15a4c25bbcc8bacf53993a9e4d47e788387ea394bf9d54,0.45949995517730713,0.5405000448226929,149,400,0.8737670913716284,global_top_l_filter,10000,0.005
B,hnsw,synthetic,synthetic_s0.20_c0.00,,9.0,0.2,0.0,28766,0.2,9d7c73036ffa957c7c13de7da884a91b8ccace089682dc5f2d4b466c3a756950,1.0,0.0,0,200,0.8093211902924683,global_top_l_filter,5000,0.0
B,hnsw,synthetic,synthetic_s0.20_c0.25,,9.0,0.2,0.25,28766,0.2,b3f21d8501403aa570ea930e436d5390c01d18b5695df452dde17cf612464b85,0.9980000257492065,0.001999974250793457,4,200,0.8203342493026187,global_top_l_filter,5000,0.0
B,hnsw,synthetic,synthetic_s0.20_c0.50,,9.0,0.2,0.5,28766,0.2,d2a35f2e7380446e2cb825c2b8abe91f04336594f5c993fdc6b02ab2400f3fee,0.9939999580383301,0.006000041961669922,10,200,0.8338518037718459,global_top_l_filter,5000,0.0
B,hnsw,synthetic,synthetic_s0.20_c0.75,,9.0,0.2,0.75,28766,0.2,4aca256fc0bd570af7483f01e832decb3ce23c4a7c7b874a0bb5b792ee6db0ea,0.9549999833106995,0.04500001668930054,54,200,0.8489879357124621,global_top_l_filter,5000,0.0
B,hnsw,synthetic,synthetic_s0.20_c1.00,,9.0,0.2,1.0,28766,0.2,7976817fe84aa66bf5ec742cf5d707ab9e91d259c54d1132d0ac98cebca0a97a,0.5205000042915344,0.4794999957084656,116,200,0.8665270650885386,global_top_l_filter,5000,0.005
B,hnsw,synthetic,synthetic_s0.40_c0.00,,9.0,0.4,0.0,57532,0.4,1b84902a74d6902327d22f992c84ea69f777cff04c53de4b93705e98d174012d,1.0,0.0,0,100,0.8095346618292153,global_top_l_filter,5000,0.0
B,hnsw,synthetic,synthetic_s0.40_c0.25,,9.0,0.4,0.25,57532,0.4,57102f10c123dd7f4c085f61b172df94e8a7c4ac7c99592adfbfe30b88bee292,1.0,0.0,0,100,0.8179055005894544,global_top_l_filter,5000,0.0
B,hnsw,synthetic,synthetic_s0.40_c0.50,,9.0,0.4,0.5,57532,0.4,d887ad80c782b7ceff64b40670db9fde4466cd38d321dcc606050da6f59fb2bb,1.0,0.0,0,100,0.8280136469397773,global_top_l_filter,5000,0.0
B,hnsw,synthetic,synthetic_s0.40_c0.75,,9.0,0.4,0.75,57532,0.4,17d2e642c5e78a65f480a66b99282a94c4706e9910b9b6dd9a9469667f068f5a,0.9919999837875366,0.008000016212463379,9,100,0.8396475636053191,global_top_l_filter,5000,0.0
B,hnsw,synthetic,synthetic_s0.40_c1.00,,9.0,0.4,1.0,57532,0.4,11a07168223d460190d4f9ea8562ee2a13a85147d158a4bf1e6aba4b7be55f35,0.6439999938011169,0.35600000619888306,83,100,0.853687480756037,global_top_l_filter,5000,0.0
