query_id	target_id	target_type	relevance
uca:video_class:0001	uca_ucfcrime:Train:Abuse001_x264:10.1	clip	3
uca:video_class:0001	uca_ucfcrime:Train:Abuse015_x264:104.6	clip	3
uca:video_class:0001	uca_ucfcrime:Train:Abuse017_x264:19.0	clip	3
uca:video_class:0001	uca_ucfcrime:Train:Abuse017_x264:35.6	clip	3
uca:video_class:0001	uca_ucfcrime:Train:Abuse018_x264:51.0	clip	3
uca:video_class:0001	uca_ucfcrime:Train:Abuse018_x264:65.3	clip	3
uca:video_class:0001	uca_ucfcrime:Train:Abuse024_x264:23.4	clip	3
uca:video_class:0001	uca_ucfcrime:Train:Abuse031_x264:23.8	clip	3
uca:video_class:0001	uca_ucfcrime:Val:Abuse044_x264:36.2	clip	3
uca:video_class:0002	uca_ucfcrime:Train:Abuse001_x264:22.5	clip	3
uca:video_class:0002	uca_ucfcrime:Train:Abuse003_x264:40.8	clip	3
uca:video_class:0002	uca_ucfcrime:Train:Abuse006_x264:37.5	clip	3
uca:video_class:0002	uca_ucfcrime:Train:Abuse009_x264:19.2	clip	3
uca:video_class:0002	uca_ucfcrime:Train:Abuse013_x264:3.4	clip	3
uca:video_class:0002	uca_ucfcrime:Train:Abuse015_x264:104.6	clip	3
uca:video_class:0002	uca_ucfcrime:Train:Abuse017_x264:19.0	clip	3
uca:video_class:0002	uca_ucfcrime:Train:Abuse017_x264:35.6	clip	3
uca:video_class:0002	uca_ucfcrime:Train:Abuse018_x264:6.2	clip	3
uca:video_class:0002	uca_ucfcrime:Train:Abuse018_x264:51.0	clip	3
uca:video_class:0002	uca_ucfcrime:Train:Abuse019_x264:74.3	clip	3
uca:video_class:0002	uca_ucfcrime:Train:Abuse019_x264:127.2	clip	3
uca:video_class:0002	uca_ucfcrime:Train:Abuse020_x264:7.4	clip	3
uca:video_class:0002	uca_ucfcrime:Train:Abuse023_x264:4.8	clip	3
uca:video_class:0002	uca_ucfcrime:Train:Abuse024_x264:27.5	clip	3
uca:video_class:0002	uca_ucfcrime:Train:Abuse028_x264:3.7	clip	3
uca:video_class:0002	uca_ucfcrime:Train:Abuse033_x264:56.0	clip	3
uca:video_class:0002	uca_ucfcrime:Train:Abuse033_x264:80.9	clip	3
uca:video_class:0002	uca_ucfcrime:Test:Abuse038_x264:5.4	clip	3
uca:video_class:0002	uca_ucfcrime:Test:Abuse040_x264:42.3	clip	3
uca:video_class:0002	uca_ucfcrime:Test:Abuse040_x264:63.9	clip	3
uca:video_class:0002	uca_ucfcrime:Test:Abuse040_x264:94.0	clip	3
uca:video_class:0002	uca_ucfcrime:Val:Abuse043_x264:40.5	clip	3
uca:video_class:0002	uca_ucfcrime:Val:Abuse044_x264:74.8	clip	3
uca:video_class:0002	uca_ucfcrime:Val:Abuse044_x264:127.2	clip	3
uca:video_class:0002	uca_ucfcrime:Val:Abuse045_x264:6.0	clip	3
uca:video_class:0002	uca_ucfcrime:Val:Abuse045_x264:46.0	clip	3
uca:video_class:0002	uca_ucfcrime:Val:Abuse046_x264:7.4	clip	3
uca:video_class:0002	uca_ucfcrime:Val:Abuse046_x264:17.9	clip	3
uca:video_class:0002	uca_ucfcrime:Val:Abuse047_x264:5.4	clip	3
uca:video_class:0002	uca_ucfcrime:Val:Abuse047_x264:19.6	clip	3
uca:video_class:0002	uca_ucfcrime:Val:Abuse047_x264:39.0	clip	3
uca:video_class:0002	uca_ucfcrime:Val:Abuse048_x264:44.7	clip	3
uca:video_class:0002	uca_ucfcrime:Val:Abuse048_x264:78.8	clip	3
uca:video_class:0002	uca_ucfcrime:Val:Abuse050_x264:95.8	clip	3
uca:video_class:0002	uca_ucfcrime:Val:Abuse050_x264:154.9	clip	3
uca:video_class:0003	uca_ucfcrime:Train:Abuse001_x264:8.6	clip	3
uca:video_class:0003	uca_ucfcrime:Train:Abuse002_x264:8.3	clip	3
uca:video_class:0003	uca_ucfcrime:Train:Abuse010_x264:10.4	clip	3
uca:video_class:0003	uca_ucfcrime:Train:Abuse010_x264:18.4	clip	3
uca:video_class:0003	uca_ucfcrime:Train:Abuse014_x264:45.8	clip	3
uca:video_class:0003	uca_ucfcrime:Train:Abuse016_x264:5.2	clip	3
uca:video_class:0003	uca_ucfcrime:Train:Abuse016_x264:14.2	clip	3
uca:video_class:0003	uca_ucfcrime:Train:Abuse022_x264:51.5	clip	3
uca:video_class:0003	uca_ucfcrime:Train:Abuse024_x264:23.4	clip	3
uca:video_class:0003	uca_ucfcrime:Train:Abuse025_x264:21.9	clip	3
uca:video_class:0003	uca_ucfcrime:Train:Abuse028_x264:10.7	clip	3
uca:video_class:0003	uca_ucfcrime:Train:Abuse034_x264:15.1	clip	3
uca:video_class:0003	uca_ucfcrime:Test:Abuse037_x264:16.9	clip	3
uca:video_class:0003	uca_ucfcrime:Test:Abuse037_x264:44.0	clip	3
uca:video_class:0003	uca_ucfcrime:Test:Abuse038_x264:20.0	clip	3
uca:video_class:0004	uca_ucfcrime:Train:Abuse002_x264:8.3	clip	3
uca:video_class:0004	uca_ucfcrime:Train:Abuse002_x264:17.6	clip	3
uca:video_class:0004	uca_ucfcrime:Train:Abuse004_x264:442.2	clip	3
uca:video_class:0004	uca_ucfcrime:Train:Abuse005_x264:1.6	clip	3
uca:video_class:0004	uca_ucfcrime:Train:Abuse005_x264:12.7	clip	3
uca:video_class:0004	uca_ucfcrime:Train:Abuse007_x264:1.8	clip	3
uca:video_class:0004	uca_ucfcrime:Train:Abuse007_x264:8.7	clip	3
uca:video_class:0004	uca_ucfcrime:Train:Abuse008_x264:114.6	clip	3
uca:video_class:0004	uca_ucfcrime:Train:Abuse008_x264:272.2	clip	3
uca:video_class:0004	uca_ucfcrime:Train:Abuse011_x264:11.4	clip	3
uca:video_class:0004	uca_ucfcrime:Train:Abuse011_x264:68.8	clip	3
uca:video_class:0004	uca_ucfcrime:Train:Abuse016_x264:42.6	clip	3
uca:video_class:0004	uca_ucfcrime:Train:Abuse018_x264:6.2	clip	3
uca:video_class:0004	uca_ucfcrime:Train:Abuse018_x264:51.0	clip	3
uca:video_class:0004	uca_ucfcrime:Train:Abuse020_x264:7.4	clip	3
uca:video_class:0004	uca_ucfcrime:Train:Abuse020_x264:96.0	clip	3
uca:video_class:0004	uca_ucfcrime:Train:Abuse021_x264:31.7	clip	3
uca:video_class:0004	uca_ucfcrime:Train:Abuse022_x264:92.5	clip	3
uca:video_class:0004	uca_ucfcrime:Train:Abuse023_x264:1.7	clip	3
uca:video_class:0004	uca_ucfcrime:Train:Abuse023_x264:4.8	clip	3
uca:video_class:0004	uca_ucfcrime:Train:Abuse023_x264:13.8	clip	3
uca:video_class:0004	uca_ucfcrime:Train:Abuse028_x264:3.7	clip	3
uca:video_class:0004	uca_ucfcrime:Train:Abuse028_x264:18.9	clip	3
uca:video_class:0004	uca_ucfcrime:Train:Abuse029_x264:2.5	clip	3
uca:video_class:0004	uca_ucfcrime:Train:Abuse029_x264:4.7	clip	3
uca:video_class:0004	uca_ucfcrime:Train:Abuse031_x264:23.8	clip	3
uca:video_class:0004	uca_ucfcrime:Train:Abuse031_x264:45.9	clip	3
uca:video_class:0004	uca_ucfcrime:Train:Abuse031_x264:82.3	clip	3
uca:video_class:0004	uca_ucfcrime:Val:Abuse046_x264:36.4	clip	3
uca:video_class:0005	uca_ucfcrime:Train:Abuse001_x264:2.6	clip	3
uca:video_class:0005	uca_ucfcrime:Train:Abuse004_x264:557.5	clip	3
uca:video_class:0005	uca_ucfcrime:Train:Abuse008_x264:5.2	clip	3
uca:video_class:0005	uca_ucfcrime:Train:Abuse009_x264:12.1	clip	3
uca:video_class:0005	uca_ucfcrime:Train:Abuse012_x264:61.8	clip	3
uca:video_class:0005	uca_ucfcrime:Train:Abuse017_x264:57.6	clip	3
uca:video_class:0005	uca_ucfcrime:Train:Abuse018_x264:65.3	clip	3
uca:video_class:0005	uca_ucfcrime:Train:Abuse019_x264:3.1	clip	3
uca:video_class:0005	uca_ucfcrime:Train:Abuse019_x264:74.3	clip	3
uca:video_class:0005	uca_ucfcrime:Train:Abuse028_x264:3.7	clip	3
uca:video_class:0005	uca_ucfcrime:Train:Abuse028_x264:31.0	clip	3
uca:video_class:0005	uca_ucfcrime:Train:Abuse032_x264:142.6	clip	3
uca:video_class:0005	uca_ucfcrime:Train:Abuse033_x264:2.8	clip	3
uca:video_class:0005	uca_ucfcrime:Train:Abuse033_x264:23.9	clip	3
uca:video_class:0005	uca_ucfcrime:Test:Abuse039_x264:330.6	clip	3
uca:video_class:0005	uca_ucfcrime:Test:Abuse042_x264:558.7	clip	3
uca:video_class:0005	uca_ucfcrime:Val:Abuse044_x264:36.2	clip	3
uca:video_class:0005	uca_ucfcrime:Val:Abuse044_x264:74.8	clip	3
uca:video_class:0005	uca_ucfcrime:Val:Abuse046_x264:7.4	clip	3
uca:video_class:0005	uca_ucfcrime:Val:Abuse046_x264:36.4	clip	3
uca:video_class:0005	uca_ucfcrime:Val:Abuse048_x264:112.1	clip	3
uca:video_class:0005	uca_ucfcrime:Val:Abuse050_x264:45.8	clip	3
uca:video_class:0006	uca_ucfcrime:Train:Arrest007_x264:53.3	clip	3
uca:video_class:0006	uca_ucfcrime:Train:Arrest011_x264:62.8	clip	3
uca:video_class:0006	uca_ucfcrime:Train:Arrest021_x264:235.6	clip	3
uca:video_class:0006	uca_ucfcrime:Train:Arrest022_x264:25.4	clip	3
uca:video_class:0006	uca_ucfcrime:Train:Arrest027_x264:32.2	clip	3
uca:video_class:0006	uca_ucfcrime:Train:Arrest041_x264:35.8	clip	3
uca:video_class:0007	uca_ucfcrime:Train:Arrest006_x264:22.1	clip	3
uca:video_class:0007	uca_ucfcrime:Train:Arrest008_x264:56.7	clip	3
uca:video_class:0007	uca_ucfcrime:Train:Arrest011_x264:28.8	clip	3
uca:video_class:0007	uca_ucfcrime:Train:Arrest015_x264:14.6	clip	3
uca:video_class:0007	uca_ucfcrime:Train:Arrest017_x264:33.1	clip	3
uca:video_class:0007	uca_ucfcrime:Train:Arrest022_x264:25.4	clip	3
uca:video_class:0007	uca_ucfcrime:Train:Arrest023_x264:20.9	clip	3
uca:video_class:0007	uca_ucfcrime:Train:Arrest040_x264:14.6	clip	3
uca:video_class:0007	uca_ucfcrime:Test:Arrest043_x264:109.2	clip	3
uca:video_class:0008	uca_ucfcrime:Train:Arrest009_x264:46.7	clip	3
uca:video_class:0008	uca_ucfcrime:Train:Arrest016_x264:38.6	clip	3
uca:video_class:0008	uca_ucfcrime:Train:Arrest016_x264:80.3	clip	3
uca:video_class:0008	uca_ucfcrime:Train:Arrest035_x264:24.8	clip	3
uca:video_class:0008	uca_ucfcrime:Train:Arrest038_x264:1.6	clip	3
uca:video_class:0008	uca_ucfcrime:Train:Arrest041_x264:63.0	clip	3
uca:video_class:0008	uca_ucfcrime:Train:Arrest042_x264:14.5	clip	3
uca:video_class:0009	uca_ucfcrime:Train:Arrest018_x264:25.8	clip	3
uca:video_class:0009	uca_ucfcrime:Train:Arrest019_x264:9.9	clip	3
uca:video_class:0009	uca_ucfcrime:Train:Arrest020_x264:43.5	clip	3
uca:video_class:0009	uca_ucfcrime:Train:Arrest037_x264:13.3	clip	3
uca:video_class:0009	uca_ucfcrime:Train:Arrest040_x264:52.8	clip	3
uca:video_class:0009	uca_ucfcrime:Test:Arrest049_x264:157.7	clip	3
uca:video_class:0010	uca_ucfcrime:Train:Arrest001_x264:8.7	clip	3
uca:video_class:0010	uca_ucfcrime:Train:Arrest002_x264:14.1	clip	3
uca:video_class:0010	uca_ucfcrime:Train:Arrest004_x264:53.3	clip	3
uca:video_class:0010	uca_ucfcrime:Train:Arrest006_x264:96.5	clip	3
uca:video_class:0010	uca_ucfcrime:Train:Arrest007_x264:88.3	clip	3
uca:video_class:0010	uca_ucfcrime:Train:Arrest008_x264:10.7	clip	3
uca:video_class:0010	uca_ucfcrime:Train:Arrest008_x264:56.7	clip	3
uca:video_class:0010	uca_ucfcrime:Train:Arrest011_x264:12.2	clip	3
uca:video_class:0010	uca_ucfcrime:Train:Arrest011_x264:24.1	clip	3
uca:video_class:0010	uca_ucfcrime:Train:Arrest014_x264:30.9	clip	3
uca:video_class:0010	uca_ucfcrime:Train:Arrest014_x264:49.3	clip	3
uca:video_class:0010	uca_ucfcrime:Train:Arrest024_x264:34.3	clip	3
uca:video_class:0010	uca_ucfcrime:Train:Arrest024_x264:61.8	clip	3
uca:video_class:0010	uca_ucfcrime:Train:Arrest028_x264:3.2	clip	3
uca:video_class:0010	uca_ucfcrime:Train:Arrest028_x264:25.1	clip	3
uca:video_class:0010	uca_ucfcrime:Train:Arrest029_x264:234.3	clip	3
uca:video_class:0010	uca_ucfcrime:Train:Arrest030_x264:24.8	clip	3
uca:video_class:0010	uca_ucfcrime:Train:Arrest031_x264:33.1	clip	3
uca:video_class:0010	uca_ucfcrime:Train:Arrest033_x264:104.4	clip	3
uca:video_class:0010	uca_ucfcrime:Train:Arrest037_x264:13.3	clip	3
uca:video_class:0010	uca_ucfcrime:Train:Arrest037_x264:21.1	clip	3
uca:video_class:0010	uca_ucfcrime:Train:Arrest041_x264:35.8	clip	3
uca:video_class:0010	uca_ucfcrime:Train:Arrest042_x264:14.5	clip	3
uca:video_class:0011	uca_ucfcrime:Train:Arrest001_x264:77.1	clip	3
uca:video_class:0011	uca_ucfcrime:Train:Arrest005_x264:21.3	clip	3
uca:video_class:0011	uca_ucfcrime:Train:Arrest007_x264:43.5	clip	3
uca:video_class:0011	uca_ucfcrime:Train:Arrest007_x264:88.3	clip	3
uca:video_class:0011	uca_ucfcrime:Train:Arrest010_x264:64.8	clip	3
uca:video_class:0011	uca_ucfcrime:Train:Arrest016_x264:38.6	clip	3
uca:video_class:0011	uca_ucfcrime:Train:Arrest026_x264:120.0	clip	3
uca:video_class:0011	uca_ucfcrime:Train:Arrest036_x264:118.0	clip	3
uca:video_class:0011	uca_ucfcrime:Train:Arrest038_x264:70.6	clip	3
uca:video_class:0011	uca_ucfcrime:Train:Arrest041_x264:117.5	clip	3
uca:video_class:0011	uca_ucfcrime:Test:Arrest046_x264:169.4	clip	3
uca:video_class:0011	uca_ucfcrime:Test:Arrest048_x264:40.7	clip	3
uca:video_class:0012	uca_ucfcrime:Train:Arson001_x264:66.7	clip	3
uca:video_class:0012	uca_ucfcrime:Train:Arson002_x264:109.6	clip	3
uca:video_class:0012	uca_ucfcrime:Train:Arson003_x264:39.7	clip	3
uca:video_class:0012	uca_ucfcrime:Train:Arson003_x264:70.1	clip	3
uca:video_class:0012	uca_ucfcrime:Train:Arson003_x264:100.9	clip	3
uca:video_class:0012	uca_ucfcrime:Train:Arson005_x264:30.8	clip	3
uca:video_class:0012	uca_ucfcrime:Train:Arson006_x264:78.5	clip	3
uca:video_class:0012	uca_ucfcrime:Train:Arson007_x264:73.3	clip	3
uca:video_class:0012	uca_ucfcrime:Train:Arson007_x264:108.8	clip	3
uca:video_class:0012	uca_ucfcrime:Train:Arson008_x264:14.7	clip	3
uca:video_class:0012	uca_ucfcrime:Train:Arson008_x264:32.2	clip	3
uca:video_class:0012	uca_ucfcrime:Train:Arson009_x264:9.1	clip	3
uca:video_class:0012	uca_ucfcrime:Train:Arson009_x264:16.6	clip	3
uca:video_class:0012	uca_ucfcrime:Train:Arson012_x264:3.5	clip	3
uca:video_class:0012	uca_ucfcrime:Train:Arson012_x264:11.6	clip	3
uca:video_class:0012	uca_ucfcrime:Train:Arson012_x264:20.0	clip	3
uca:video_class:0012	uca_ucfcrime:Train:Arson014_x264:50.8	clip	3
uca:video_class:0012	uca_ucfcrime:Train:Arson015_x264:326.9	clip	3
uca:video_class:0012	uca_ucfcrime:Train:Arson016_x264:43.0	clip	3
uca:video_class:0012	uca_ucfcrime:Train:Arson017_x264:36.7	clip	3
uca:video_class:0012	uca_ucfcrime:Train:Arson018_x264:15.6	clip	3
uca:video_class:0012	uca_ucfcrime:Train:Arson019_x264:953.1	clip	3
uca:video_class:0012	uca_ucfcrime:Train:Arson019_x264:2307.8	clip	3
uca:video_class:0012	uca_ucfcrime:Test:Arson020_x264:50.3	clip	3
uca:video_class:0012	uca_ucfcrime:Test:Arson020_x264:67.2	clip	3
uca:video_class:0012	uca_ucfcrime:Test:Arson021_x264:33.6	clip	3
uca:video_class:0012	uca_ucfcrime:Test:Arson021_x264:42.1	clip	3
uca:video_class:0012	uca_ucfcrime:Test:Arson022_x264:270.2	clip	3
uca:video_class:0012	uca_ucfcrime:Test:Arson023_x264:43.1	clip	3
uca:video_class:0012	uca_ucfcrime:Test:Arson024_x264:49.6	clip	3
uca:video_class:0012	uca_ucfcrime:Test:Arson024_x264:90.4	clip	3
uca:video_class:0012	uca_ucfcrime:Test:Arson025_x264:75.2	clip	3
uca:video_class:0012	uca_ucfcrime:Test:Arson025_x264:132.8	clip	3
uca:video_class:0012	uca_ucfcrime:Test:Arson025_x264:168.1	clip	3
uca:video_class:0012	uca_ucfcrime:Test:Arson027_x264:58.2	clip	3
uca:video_class:0012	uca_ucfcrime:Test:Arson028_x264:51.3	clip	3
uca:video_class:0012	uca_ucfcrime:Test:Arson028_x264:67.8	clip	3
uca:video_class:0012	uca_ucfcrime:Test:Arson029_x264:19.1	clip	3
uca:video_class:0012	uca_ucfcrime:Test:Arson030_x264:23.4	clip	3
uca:video_class:0012	uca_ucfcrime:Test:Arson030_x264:51.2	clip	3
uca:video_class:0012	uca_ucfcrime:Test:Arson030_x264:166.9	clip	3
uca:video_class:0012	uca_ucfcrime:Test:Arson031_x264:47.8	clip	3
uca:video_class:0012	uca_ucfcrime:Test:Arson031_x264:69.9	clip	3
uca:video_class:0012	uca_ucfcrime:Test:Arson032_x264:11.5	clip	3
uca:video_class:0012	uca_ucfcrime:Test:Arson032_x264:28.6	clip	3
uca:video_class:0012	uca_ucfcrime:Test:Arson032_x264:57.9	clip	3
uca:video_class:0012	uca_ucfcrime:Test:Arson032_x264:75.4	clip	3
uca:video_class:0012	uca_ucfcrime:Test:Arson034_x264:60.2	clip	3
uca:video_class:0012	uca_ucfcrime:Test:Arson035_x264:21.2	clip	3
uca:video_class:0012	uca_ucfcrime:Test:Arson035_x264:34.4	clip	3
uca:video_class:0012	uca_ucfcrime:Test:Arson036_x264:53.5	clip	3
uca:video_class:0012	uca_ucfcrime:Test:Arson037_x264:13.2	clip	3
uca:video_class:0012	uca_ucfcrime:Test:Arson039_x264:9.4	clip	3
uca:video_class:0012	uca_ucfcrime:Val:Arson040_x264:13.4	clip	3
uca:video_class:0012	uca_ucfcrime:Val:Arson040_x264:68.4	clip	3
uca:video_class:0012	uca_ucfcrime:Val:Arson041_x264:119.7	clip	3
uca:video_class:0012	uca_ucfcrime:Val:Arson042_x264:162.1	clip	3
uca:video_class:0012	uca_ucfcrime:Val:Arson044_x264:7.0	clip	3
uca:video_class:0012	uca_ucfcrime:Val:Arson044_x264:23.1	clip	3
uca:video_class:0012	uca_ucfcrime:Val:Arson046_x264:46.0	clip	3
uca:video_class:0012	uca_ucfcrime:Val:Arson047_x264:44.2	clip	3
uca:video_class:0012	uca_ucfcrime:Val:Arson048_x264:4.8	clip	3
uca:video_class:0012	uca_ucfcrime:Val:Arson049_x264:2.6	clip	3
uca:video_class:0012	uca_ucfcrime:Val:Arson049_x264:5.7	clip	3
uca:video_class:0012	uca_ucfcrime:Val:Arson049_x264:11.5	clip	3
uca:video_class:0012	uca_ucfcrime:Val:Arson050_x264:21.1	clip	3
uca:video_class:0012	uca_ucfcrime:Val:Arson050_x264:37.5	clip	3
uca:video_class:0012	uca_ucfcrime:Val:Arson051_x264:19.4	clip	3
uca:video_class:0012	uca_ucfcrime:Val:Arson051_x264:30.4	clip	3
uca:video_class:0012	uca_ucfcrime:Val:Arson052_x264:35.6	clip	3
uca:video_class:0012	uca_ucfcrime:Val:Arson053_x264:152.3	clip	3
uca:video_class:0012	uca_ucfcrime:Val:Arson053_x264:166.1	clip	3
uca:video_class:0013	uca_ucfcrime:Train:Arson001_x264:66.7	clip	3
uca:video_class:0013	uca_ucfcrime:Train:Arson003_x264:8.8	clip	3
uca:video_class:0013	uca_ucfcrime:Train:Arson012_x264:20.0	clip	3
uca:video_class:0013	uca_ucfcrime:Train:Arson013_x264:131.0	clip	3
uca:video_class:0013	uca_ucfcrime:Train:Arson017_x264:25.1	clip	3
uca:video_class:0013	uca_ucfcrime:Train:Arson018_x264:15.6	clip	3
uca:video_class:0013	uca_ucfcrime:Test:Arson031_x264:38.0	clip	3
uca:video_class:0013	uca_ucfcrime:Test:Arson034_x264:34.3	clip	3
uca:video_class:0013	uca_ucfcrime:Test:Arson035_x264:34.4	clip	3
uca:video_class:0013	uca_ucfcrime:Test:Arson037_x264:13.2	clip	3
uca:video_class:0013	uca_ucfcrime:Test:Arson038_x264:4.7	clip	3
uca:video_class:0013	uca_ucfcrime:Test:Arson038_x264:10.2	clip	3
uca:video_class:0013	uca_ucfcrime:Test:Arson038_x264:15.4	clip	3
uca:video_class:0013	uca_ucfcrime:Test:Arson038_x264:20.4	clip	3
uca:video_class:0013	uca_ucfcrime:Test:Arson039_x264:19.8	clip	3
uca:video_class:0013	uca_ucfcrime:Val:Arson045_x264:24.6	clip	3
uca:video_class:0013	uca_ucfcrime:Val:Arson049_x264:5.7	clip	3
uca:video_class:0013	uca_ucfcrime:Val:Arson050_x264:37.5	clip	3
uca:video_class:0013	uca_ucfcrime:Val:Arson051_x264:30.4	clip	3
uca:video_class:0013	uca_ucfcrime:Val:Arson052_x264:35.6	clip	3
uca:video_class:0014	uca_ucfcrime:Train:Arson001_x264:20.4	clip	3
uca:video_class:0014	uca_ucfcrime:Train:Arson001_x264:40.0	clip	3
uca:video_class:0014	uca_ucfcrime:Train:Arson001_x264:55.9	clip	3
uca:video_class:0014	uca_ucfcrime:Train:Arson002_x264:3.0	clip	3
uca:video_class:0014	uca_ucfcrime:Train:Arson006_x264:39.3	clip	3
uca:video_class:0014	uca_ucfcrime:Train:Arson006_x264:78.5	clip	3
uca:video_class:0014	uca_ucfcrime:Train:Arson007_x264:199.3	clip	3
uca:video_class:0014	uca_ucfcrime:Train:Arson008_x264:14.7	clip	3
uca:video_class:0014	uca_ucfcrime:Train:Arson008_x264:32.2	clip	3
uca:video_class:0014	uca_ucfcrime:Train:Arson013_x264:30.6	clip	3
uca:video_class:0014	uca_ucfcrime:Train:Arson013_x264:198.7	clip	3
uca:video_class:0014	uca_ucfcrime:Train:Arson015_x264:28.8	clip	3
uca:video_class:0014	uca_ucfcrime:Train:Arson015_x264:145.2	clip	3
uca:video_class:0014	uca_ucfcrime:Train:Arson015_x264:326.9	clip	3
uca:video_class:0014	uca_ucfcrime:Train:Arson019_x264:2307.8	clip	3
uca:video_class:0014	uca_ucfcrime:Test:Arson021_x264:7.4	clip	3
uca:video_class:0014	uca_ucfcrime:Test:Arson021_x264:18.5	clip	3
uca:video_class:0014	uca_ucfcrime:Test:Arson021_x264:33.6	clip	3
uca:video_class:0014	uca_ucfcrime:Test:Arson026_x264:12.6	clip	3
uca:video_class:0014	uca_ucfcrime:Test:Arson026_x264:53.0	clip	3
uca:video_class:0014	uca_ucfcrime:Test:Arson026_x264:92.3	clip	3
uca:video_class:0014	uca_ucfcrime:Test:Arson027_x264:58.2	clip	3
uca:video_class:0014	uca_ucfcrime:Test:Arson028_x264:51.3	clip	3
uca:video_class:0014	uca_ucfcrime:Test:Arson028_x264:67.8	clip	3
uca:video_class:0014	uca_ucfcrime:Test:Arson031_x264:18.4	clip	3
uca:video_class:0014	uca_ucfcrime:Test:Arson031_x264:38.0	clip	3
uca:video_class:0014	uca_ucfcrime:Test:Arson031_x264:47.8	clip	3
uca:video_class:0014	uca_ucfcrime:Test:Arson034_x264:60.2	clip	3
uca:video_class:0014	uca_ucfcrime:Test:Arson036_x264:50.3	clip	3
uca:video_class:0014	uca_ucfcrime:Test:Arson036_x264:53.5	clip	3
uca:video_class:0014	uca_ucfcrime:Test:Arson037_x264:4.3	clip	3
uca:video_class:0014	uca_ucfcrime:Test:Arson039_x264:4.0	clip	3
uca:video_class:0014	uca_ucfcrime:Test:Arson039_x264:9.4	clip	3
uca:video_class:0014	uca_ucfcrime:Val:Arson041_x264:26.2	clip	3
uca:video_class:0014	uca_ucfcrime:Val:Arson041_x264:85.2	clip	3
uca:video_class:0014	uca_ucfcrime:Val:Arson042_x264:29.6	clip	3
uca:video_class:0014	uca_ucfcrime:Val:Arson042_x264:109.3	clip	3
uca:video_class:0014	uca_ucfcrime:Val:Arson042_x264:162.1	clip	3
uca:video_class:0014	uca_ucfcrime:Val:Arson047_x264:4.2	clip	3
uca:video_class:0014	uca_ucfcrime:Val:Arson049_x264:11.5	clip	3
uca:video_class:0014	uca_ucfcrime:Val:Arson050_x264:5.4	clip	3
uca:video_class:0014	uca_ucfcrime:Val:Arson050_x264:7.9	clip	3
uca:video_class:0014	uca_ucfcrime:Val:Arson052_x264:20.4	clip	3
uca:video_class:0014	uca_ucfcrime:Val:Arson052_x264:35.6	clip	3
uca:video_class:0014	uca_ucfcrime:Val:Arson052_x264:55.5	clip	3
uca:video_class:0014	uca_ucfcrime:Val:Arson052_x264:93.3	clip	3
uca:video_class:0014	uca_ucfcrime:Val:Arson053_x264:152.3	clip	3
uca:video_class:0014	uca_ucfcrime:Val:Arson053_x264:201.4	clip	3
uca:video_class:0015	uca_ucfcrime:Train:Arson006_x264:12.3	clip	3
uca:video_class:0015	uca_ucfcrime:Train:Arson007_x264:199.3	clip	3
uca:video_class:0015	uca_ucfcrime:Train:Arson011_x264:5.9	clip	3
uca:video_class:0015	uca_ucfcrime:Test:Arson022_x264:4.5	clip	3
uca:video_class:0015	uca_ucfcrime:Test:Arson026_x264:12.6	clip	3
uca:video_class:0015	uca_ucfcrime:Test:Arson026_x264:53.0	clip	3
uca:video_class:0015	uca_ucfcrime:Test:Arson036_x264:14.3	clip	3
uca:video_class:0015	uca_ucfcrime:Val:Arson053_x264:201.4	clip	3
uca:video_class:0016	uca_ucfcrime:Train:Assault003_x264:76.2	clip	3
uca:video_class:0016	uca_ucfcrime:Train:Assault004_x264:104.7	clip	3
uca:video_class:0016	uca_ucfcrime:Train:Assault007_x264:42.4	clip	3
uca:video_class:0016	uca_ucfcrime:Train:Assault008_x264:31.8	clip	3
uca:video_class:0016	uca_ucfcrime:Train:Assault008_x264:81.7	clip	3
uca:video_class:0016	uca_ucfcrime:Train:Assault010_x264:420.5	clip	3
uca:video_class:0016	uca_ucfcrime:Train:Assault012_x264:20.5	clip	3
uca:video_class:0016	uca_ucfcrime:Train:Assault017_x264:37.1	clip	3
uca:video_class:0016	uca_ucfcrime:Train:Assault023_x264:29.5	clip	3
uca:video_class:0016	uca_ucfcrime:Train:Assault025_x264:32.4	clip	3
uca:video_class:0016	uca_ucfcrime:Val:Assault051_x264:14.1	clip	3
uca:video_class:0017	uca_ucfcrime:Train:Assault001_x264:8.8	clip	3
uca:video_class:0017	uca_ucfcrime:Train:Assault001_x264:25.6	clip	3
uca:video_class:0017	uca_ucfcrime:Train:Assault001_x264:62.7	clip	3
uca:video_class:0017	uca_ucfcrime:Train:Assault002_x264:17.9	clip	3
uca:video_class:0017	uca_ucfcrime:Train:Assault003_x264:39.0	clip	3
uca:video_class:0017	uca_ucfcrime:Train:Assault003_x264:129.8	clip	3
uca:video_class:0017	uca_ucfcrime:Train:Assault005_x264:37.8	clip	3
uca:video_class:0017	uca_ucfcrime:Train:Assault006_x264:55.7	clip	3
uca:video_class:0017	uca_ucfcrime:Train:Assault007_x264:28.0	clip	3
uca:video_class:0017	uca_ucfcrime:Train:Assault009_x264:24.2	clip	3
uca:video_class:0017	uca_ucfcrime:Train:Assault010_x264:420.5	clip	3
uca:video_class:0017	uca_ucfcrime:Train:Assault010_x264:505.3	clip	3
uca:video_class:0017	uca_ucfcrime:Train:Assault011_x264:25.1	clip	3
uca:video_class:0017	uca_ucfcrime:Train:Assault011_x264:44.8	clip	3
uca:video_class:0017	uca_ucfcrime:Train:Assault013_x264:22.8	clip	3
uca:video_class:0017	uca_ucfcrime:Train:Assault013_x264:22.9	clip	3
uca:video_class:0017	uca_ucfcrime:Train:Assault014_x264:24.5	clip	3
uca:video_class:0017	uca_ucfcrime:Train:Assault016_x264:35.9	clip	3
uca:video_class:0017	uca_ucfcrime:Train:Assault016_x264:118.5	clip	3
uca:video_class:0017	uca_ucfcrime:Train:Assault018_x264:2.3	clip	3
uca:video_class:0017	uca_ucfcrime:Train:Assault020_x264:4.4	clip	3
uca:video_class:0017	uca_ucfcrime:Train:Assault020_x264:13.5	clip	3
uca:video_class:0017	uca_ucfcrime:Train:Assault024_x264:4.1	clip	3
uca:video_class:0017	uca_ucfcrime:Train:Assault025_x264:32.4	clip	3
uca:video_class:0017	uca_ucfcrime:Train:Assault026_x264:14.1	clip	3
uca:video_class:0017	uca_ucfcrime:Train:Assault026_x264:23.8	clip	3
uca:video_class:0017	uca_ucfcrime:Test:Assault027_x264:88.1	clip	3
uca:video_class:0017	uca_ucfcrime:Test:Assault028_x264:25.3	clip	3
uca:video_class:0017	uca_ucfcrime:Test:Assault029_x264:9.0	clip	3
uca:video_class:0017	uca_ucfcrime:Test:Assault031_x264:14.1	clip	3
uca:video_class:0017	uca_ucfcrime:Test:Assault033_x264:33.8	clip	3
uca:video_class:0017	uca_ucfcrime:Test:Assault034_x264:44.0	clip	3
uca:video_class:0017	uca_ucfcrime:Test:Assault034_x264:65.2	clip	3
uca:video_class:0017	uca_ucfcrime:Test:Assault035_x264:10.8	clip	3
uca:video_class:0017	uca_ucfcrime:Test:Assault036_x264:2.4	clip	3
uca:video_class:0017	uca_ucfcrime:Test:Assault036_x264:16.9	clip	3
uca:video_class:0017	uca_ucfcrime:Test:Assault037_x264:23.1	clip	3
uca:video_class:0017	uca_ucfcrime:Test:Assault038_x264:3.0	clip	3
uca:video_class:0017	uca_ucfcrime:Test:Assault039_x264:6.6	clip	3
uca:video_class:0017	uca_ucfcrime:Test:Assault040_x264:30.1	clip	3
uca:video_class:0017	uca_ucfcrime:Test:Assault040_x264:50.6	clip	3
uca:video_class:0017	uca_ucfcrime:Val:Assault042_x264:75.7	clip	3
uca:video_class:0017	uca_ucfcrime:Val:Assault042_x264:109.8	clip	3
uca:video_class:0017	uca_ucfcrime:Val:Assault042_x264:200.0	clip	3
uca:video_class:0017	uca_ucfcrime:Val:Assault044_x264:9.2	clip	3
uca:video_class:0017	uca_ucfcrime:Val:Assault047_x264:6.2	clip	3
uca:video_class:0017	uca_ucfcrime:Val:Assault047_x264:75.8	clip	3
uca:video_class:0017	uca_ucfcrime:Val:Assault047_x264:96.4	clip	3
uca:video_class:0017	uca_ucfcrime:Val:Assault048_x264:8.0	clip	3
uca:video_class:0017	uca_ucfcrime:Val:Assault049_x264:16.7	clip	3
uca:video_class:0017	uca_ucfcrime:Val:Assault050_x264:10.8	clip	3
uca:video_class:0017	uca_ucfcrime:Val:Assault050_x264:16.3	clip	3
uca:video_class:0017	uca_ucfcrime:Val:Assault052_x264:13.8	clip	3
uca:video_class:0018	uca_ucfcrime:Train:Assault004_x264:12.9	clip	3
uca:video_class:0018	uca_ucfcrime:Train:Assault008_x264:31.8	clip	3
uca:video_class:0018	uca_ucfcrime:Train:Assault011_x264:44.8	clip	3
uca:video_class:0018	uca_ucfcrime:Train:Assault012_x264:11.2	clip	3
uca:video_class:0018	uca_ucfcrime:Train:Assault014_x264:24.5	clip	3
uca:video_class:0018	uca_ucfcrime:Train:Assault020_x264:8.8	clip	3
uca:video_class:0018	uca_ucfcrime:Train:Assault022_x264:9.8	clip	3
uca:video_class:0018	uca_ucfcrime:Train:Assault022_x264:27.1	clip	3
uca:video_class:0018	uca_ucfcrime:Train:Assault025_x264:15.9	clip	3
uca:video_class:0018	uca_ucfcrime:Train:Assault025_x264:22.6	clip	3
uca:video_class:0018	uca_ucfcrime:Test:Assault032_x264:13.3	clip	3
uca:video_class:0018	uca_ucfcrime:Test:Assault034_x264:65.2	clip	3
uca:video_class:0018	uca_ucfcrime:Test:Assault035_x264:20.6	clip	3
uca:video_class:0018	uca_ucfcrime:Test:Assault040_x264:50.6	clip	3
uca:video_class:0018	uca_ucfcrime:Val:Assault047_x264:6.2	clip	3
uca:video_class:0018	uca_ucfcrime:Val:Assault048_x264:30.9	clip	3
uca:video_class:0018	uca_ucfcrime:Val:Assault049_x264:13.4	clip	3
uca:video_class:0018	uca_ucfcrime:Val:Assault051_x264:14.1	clip	3
uca:video_class:0018	uca_ucfcrime:Val:Assault052_x264:5.5	clip	3
uca:video_class:0018	uca_ucfcrime:Val:Assault052_x264:13.8	clip	3
uca:video_class:0018	uca_ucfcrime:Val:Assault052_x264:21.9	clip	3
uca:video_class:0019	uca_ucfcrime:Train:Assault003_x264:5.6	clip	3
uca:video_class:0019	uca_ucfcrime:Train:Assault003_x264:76.2	clip	3
uca:video_class:0019	uca_ucfcrime:Train:Assault007_x264:42.4	clip	3
uca:video_class:0019	uca_ucfcrime:Train:Assault013_x264:9.9	clip	3
uca:video_class:0019	uca_ucfcrime:Train:Assault014_x264:3.1	clip	3
uca:video_class:0019	uca_ucfcrime:Train:Assault015_x264:28.7	clip	3
uca:video_class:0019	uca_ucfcrime:Train:Assault015_x264:42.6	clip	3
uca:video_class:0019	uca_ucfcrime:Train:Assault016_x264:118.5	clip	3
uca:video_class:0019	uca_ucfcrime:Train:Assault017_x264:13.6	clip	3
uca:video_class:0019	uca_ucfcrime:Train:Assault017_x264:25.4	clip	3
uca:video_class:0019	uca_ucfcrime:Test:Assault033_x264:23.5	clip	3
uca:video_class:0019	uca_ucfcrime:Test:Assault033_x264:33.8	clip	3
uca:video_class:0019	uca_ucfcrime:Val:Assault041_x264:86.4	clip	3
uca:video_class:0019	uca_ucfcrime:Val:Assault044_x264:9.2	clip	3
uca:video_class:0019	uca_ucfcrime:Val:Assault052_x264:5.5	clip	3
uca:video_class:0020	uca_ucfcrime:Train:Assault008_x264:3.5	clip	3
uca:video_class:0020	uca_ucfcrime:Train:Assault016_x264:118.5	clip	3
uca:video_class:0020	uca_ucfcrime:Train:Assault017_x264:37.1	clip	3
uca:video_class:0020	uca_ucfcrime:Test:Assault027_x264:187.9	clip	3
uca:video_class:0020	uca_ucfcrime:Test:Assault030_x264:4.5	clip	3
uca:video_class:0020	uca_ucfcrime:Test:Assault030_x264:52.8	clip	3
uca:video_class:0020	uca_ucfcrime:Test:Assault033_x264:5.5	clip	3
uca:video_class:0020	uca_ucfcrime:Test:Assault039_x264:2.4	clip	3
uca:video_class:0021	uca_ucfcrime:Train:Burglary004_x264:32.5	clip	3
uca:video_class:0021	uca_ucfcrime:Train:Burglary005_x264:165.7	clip	3
uca:video_class:0021	uca_ucfcrime:Train:Burglary011_x264:3.8	clip	3
uca:video_class:0021	uca_ucfcrime:Train:Burglary013_x264:31.8	clip	3
uca:video_class:0021	uca_ucfcrime:Train:Burglary014_x264:20.2	clip	3
uca:video_class:0021	uca_ucfcrime:Train:Burglary021_x264:4.7	clip	3
uca:video_class:0021	uca_ucfcrime:Train:Burglary022_x264:56.4	clip	3
uca:video_class:0021	uca_ucfcrime:Train:Burglary047_x264:16.6	clip	3
uca:video_class:0021	uca_ucfcrime:Train:Burglary049_x264:4.5	clip	3
uca:video_class:0021	uca_ucfcrime:Train:Burglary058_x264:4.5	clip	3
uca:video_class:0022	uca_ucfcrime:Train:Burglary012_x264:3.5	clip	3
uca:video_class:0022	uca_ucfcrime:Train:Burglary012_x264:28.0	clip	3
uca:video_class:0022	uca_ucfcrime:Train:Burglary012_x264:34.4	clip	3
uca:video_class:0022	uca_ucfcrime:Train:Burglary012_x264:51.1	clip	3
uca:video_class:0022	uca_ucfcrime:Train:Burglary024_x264:37.9	clip	3
uca:video_class:0022	uca_ucfcrime:Test:Burglary077_x264:3.9	clip	3
uca:video_class:0022	uca_ucfcrime:Test:Burglary077_x264:20.4	clip	3
uca:video_class:0022	uca_ucfcrime:Val:Burglary095_x264:576.2	clip	3
uca:video_class:0022	uca_ucfcrime:Val:Burglary095_x264:852.4	clip	3
uca:video_class:0022	uca_ucfcrime:Val:Burglary096_x264:211.6	clip	3
uca:video_class:0023	uca_ucfcrime:Train:Burglary005_x264:237.2	clip	3
uca:video_class:0023	uca_ucfcrime:Train:Burglary008_x264:49.5	clip	3
uca:video_class:0023	uca_ucfcrime:Train:Burglary013_x264:41.4	clip	3
uca:video_class:0023	uca_ucfcrime:Train:Burglary023_x264:73.2	clip	3
uca:video_class:0023	uca_ucfcrime:Train:Burglary032_x264:128.4	clip	3
uca:video_class:0023	uca_ucfcrime:Train:Burglary032_x264:315.4	clip	3
uca:video_class:0023	uca_ucfcrime:Train:Burglary033_x264:11.1	clip	3
uca:video_class:0023	uca_ucfcrime:Train:Burglary034_x264:17.1	clip	3
uca:video_class:0023	uca_ucfcrime:Train:Burglary055_x264:25.4	clip	3
uca:video_class:0023	uca_ucfcrime:Train:Burglary063_x264:47.8	clip	3
uca:video_class:0023	uca_ucfcrime:Train:Burglary063_x264:77.3	clip	3
uca:video_class:0023	uca_ucfcrime:Test:Burglary070_x264:19.3	clip	3
uca:video_class:0023	uca_ucfcrime:Test:Burglary072_x264:10.1	clip	3
uca:video_class:0023	uca_ucfcrime:Test:Burglary072_x264:72.2	clip	3
uca:video_class:0023	uca_ucfcrime:Test:Burglary073_x264:86.3	clip	3
uca:video_class:0023	uca_ucfcrime:Test:Burglary077_x264:12.9	clip	3
uca:video_class:0023	uca_ucfcrime:Test:Burglary077_x264:20.4	clip	3
uca:video_class:0023	uca_ucfcrime:Test:Burglary077_x264:57.0	clip	3
uca:video_class:0023	uca_ucfcrime:Test:Burglary080_x264:36.0	clip	3
uca:video_class:0023	uca_ucfcrime:Test:Burglary082_x264:39.2	clip	3
uca:video_class:0023	uca_ucfcrime:Test:Burglary085_x264:62.4	clip	3
uca:video_class:0023	uca_ucfcrime:Test:Burglary086_x264:32.2	clip	3
uca:video_class:0023	uca_ucfcrime:Test:Burglary086_x264:35.7	clip	3
uca:video_class:0023	uca_ucfcrime:Val:Burglary092_x264:17.6	clip	3
uca:video_class:0023	uca_ucfcrime:Val:Burglary096_x264:162.1	clip	3
uca:video_class:0023	uca_ucfcrime:Val:Burglary097_x264:3.2	clip	3
uca:video_class:0023	uca_ucfcrime:Val:Burglary097_x264:7.8	clip	3
uca:video_class:0024	uca_ucfcrime:Train:Burglary007_x264:18.7	clip	3
uca:video_class:0024	uca_ucfcrime:Train:Burglary010_x264:45.2	clip	3
uca:video_class:0024	uca_ucfcrime:Train:Burglary010_x264:138.1	clip	3
uca:video_class:0024	uca_ucfcrime:Train:Burglary010_x264:161.1	clip	3
uca:video_class:0024	uca_ucfcrime:Train:Burglary010_x264:185.6	clip	3
uca:video_class:0024	uca_ucfcrime:Train:Burglary013_x264:13.2	clip	3
uca:video_class:0024	uca_ucfcrime:Train:Burglary013_x264:31.8	clip	3
uca:video_class:0024	uca_ucfcrime:Train:Burglary020_x264:82.3	clip	3
uca:video_class:0024	uca_ucfcrime:Train:Burglary031_x264:68.6	clip	3
uca:video_class:0024	uca_ucfcrime:Train:Burglary036_x264:17.2	clip	3
uca:video_class:0024	uca_ucfcrime:Train:Burglary036_x264:28.6	clip	3
uca:video_class:0024	uca_ucfcrime:Train:Burglary037_x264:32.2	clip	3
uca:video_class:0024	uca_ucfcrime:Train:Burglary041_x264:27.0	clip	3
uca:video_class:0024	uca_ucfcrime:Train:Burglary057_x264:25.3	clip	3
uca:video_class:0024	uca_ucfcrime:Test:Burglary074_x264:13.2	clip	3
uca:video_class:0024	uca_ucfcrime:Test:Burglary074_x264:25.3	clip	3
uca:video_class:0024	uca_ucfcrime:Test:Burglary080_x264:5.0	clip	3
uca:video_class:0024	uca_ucfcrime:Test:Burglary080_x264:10.6	clip	3
uca:video_class:0024	uca_ucfcrime:Val:Burglary091_x264:40.7	clip	3
uca:video_class:0024	uca_ucfcrime:Val:Burglary100_x264:170.7	clip	3
uca:video_class:0025	uca_ucfcrime:Train:Burglary001_x264:10.0	clip	3
uca:video_class:0025	uca_ucfcrime:Train:Burglary002_x264:7.5	clip	3
uca:video_class:0025	uca_ucfcrime:Train:Burglary002_x264:92.0	clip	3
uca:video_class:0025	uca_ucfcrime:Train:Burglary005_x264:7.5	clip	3
uca:video_class:0025	uca_ucfcrime:Train:Burglary005_x264:131.5	clip	3
uca:video_class:0025	uca_ucfcrime:Train:Burglary005_x264:165.7	clip	3
uca:video_class:0025	uca_ucfcrime:Train:Burglary006_x264:7.8	clip	3
uca:video_class:0025	uca_ucfcrime:Train:Burglary006_x264:167.8	clip	3
uca:video_class:0025	uca_ucfcrime:Train:Burglary007_x264:10.4	clip	3
uca:video_class:0025	uca_ucfcrime:Train:Burglary008_x264:9.8	clip	3
uca:video_class:0025	uca_ucfcrime:Train:Burglary009_x264:24.9	clip	3
uca:video_class:0025	uca_ucfcrime:Train:Burglary013_x264:41.4	clip	3
uca:video_class:0025	uca_ucfcrime:Train:Burglary014_x264:2.3	clip	3
uca:video_class:0025	uca_ucfcrime:Train:Burglary014_x264:20.2	clip	3
uca:video_class:0025	uca_ucfcrime:Train:Burglary018_x264:6.9	clip	3
uca:video_class:0025	uca_ucfcrime:Train:Burglary018_x264:14.5	clip	3
uca:video_class:0025	uca_ucfcrime:Train:Burglary021_x264:4.7	clip	3
uca:video_class:0025	uca_ucfcrime:Train:Burglary022_x264:11.9	clip	3
uca:video_class:0025	uca_ucfcrime:Train:Burglary022_x264:56.4	clip	3
uca:video_class:0025	uca_ucfcrime:Train:Burglary023_x264:11.2	clip	3
uca:video_class:0025	uca_ucfcrime:Train:Burglary023_x264:73.2	clip	3
uca:video_class:0025	uca_ucfcrime:Train:Burglary023_x264:142.9	clip	3
uca:video_class:0025	uca_ucfcrime:Train:Burglary023_x264:283.8	clip	3
uca:video_class:0025	uca_ucfcrime:Train:Burglary025_x264:4.0	clip	3
uca:video_class:0025	uca_ucfcrime:Train:Burglary033_x264:2.1	clip	3
uca:video_class:0025	uca_ucfcrime:Train:Burglary035_x264:57.4	clip	3
uca:video_class:0025	uca_ucfcrime:Train:Burglary035_x264:101.3	clip	3
uca:video_class:0025	uca_ucfcrime:Train:Burglary039_x264:105.0	clip	3
uca:video_class:0025	uca_ucfcrime:Train:Burglary043_x264:10.1	clip	3
uca:video_class:0025	uca_ucfcrime:Train:Burglary043_x264:13.6	clip	3
uca:video_class:0025	uca_ucfcrime:Train:Burglary043_x264:15.6	clip	3
uca:video_class:0025	uca_ucfcrime:Train:Burglary044_x264:5.3	clip	3
uca:video_class:0025	uca_ucfcrime:Train:Burglary044_x264:36.3	clip	3
uca:video_class:0025	uca_ucfcrime:Train:Burglary044_x264:93.7	clip	3
uca:video_class:0025	uca_ucfcrime:Train:Burglary045_x264:28.3	clip	3
uca:video_class:0025	uca_ucfcrime:Train:Burglary045_x264:72.2	clip	3
uca:video_class:0025	uca_ucfcrime:Train:Burglary045_x264:328.6	clip	3
uca:video_class:0025	uca_ucfcrime:Train:Burglary046_x264:5.0	clip	3
uca:video_class:0025	uca_ucfcrime:Train:Burglary046_x264:22.6	clip	3
uca:video_class:0025	uca_ucfcrime:Train:Burglary046_x264:36.5	clip	3
uca:video_class:0025	uca_ucfcrime:Train:Burglary047_x264:16.6	clip	3
uca:video_class:0025	uca_ucfcrime:Train:Burglary049_x264:4.5	clip	3
uca:video_class:0025	uca_ucfcrime:Train:Burglary049_x264:36.5	clip	3
uca:video_class:0025	uca_ucfcrime:Train:Burglary049_x264:301.3	clip	3
uca:video_class:0025	uca_ucfcrime:Train:Burglary052_x264:182.8	clip	3
uca:video_class:0025	uca_ucfcrime:Train:Burglary053_x264:89.7	clip	3
uca:video_class:0025	uca_ucfcrime:Train:Burglary055_x264:4.7	clip	3
uca:video_class:0025	uca_ucfcrime:Train:Burglary055_x264:49.4	clip	3
uca:video_class:0025	uca_ucfcrime:Train:Burglary057_x264:25.3	clip	3
uca:video_class:0025	uca_ucfcrime:Train:Burglary058_x264:4.5	clip	3
uca:video_class:0025	uca_ucfcrime:Train:Burglary058_x264:36.5	clip	3
uca:video_class:0025	uca_ucfcrime:Train:Burglary058_x264:370.7	clip	3
uca:video_class:0025	uca_ucfcrime:Train:Burglary059_x264:1.7	clip	3
uca:video_class:0025	uca_ucfcrime:Train:Burglary059_x264:6.7	clip	3
uca:video_class:0025	uca_ucfcrime:Train:Burglary063_x264:47.8	clip	3
uca:video_class:0025	uca_ucfcrime:Train:Burglary063_x264:77.3	clip	3
uca:video_class:0025	uca_ucfcrime:Train:Burglary063_x264:117.6	clip	3
uca:video_class:0025	uca_ucfcrime:Train:Burglary064_x264:8.6	clip	3
uca:video_class:0025	uca_ucfcrime:Test:Burglary065_x264:215.1	clip	3
uca:video_class:0025	uca_ucfcrime:Test:Burglary066_x264:37.5	clip	3
uca:video_class:0025	uca_ucfcrime:Test:Burglary068_x264:3.3	clip	3
uca:video_class:0025	uca_ucfcrime:Test:Burglary070_x264:2.9	clip	3
uca:video_class:0025	uca_ucfcrime:Test:Burglary072_x264:3.6	clip	3
uca:video_class:0025	uca_ucfcrime:Test:Burglary073_x264:42.8	clip	3
uca:video_class:0025	uca_ucfcrime:Test:Burglary074_x264:47.8	clip	3
uca:video_class:0025	uca_ucfcrime:Test:Burglary076_x264:136.4	clip	3
uca:video_class:0025	uca_ucfcrime:Test:Burglary078_x264:3.3	clip	3
uca:video_class:0025	uca_ucfcrime:Test:Burglary079_x264:447.0	clip	3
uca:video_class:0025	uca_ucfcrime:Test:Burglary083_x264:72.5	clip	3
uca:video_class:0025	uca_ucfcrime:Test:Burglary083_x264:187.6	clip	3
uca:video_class:0025	uca_ucfcrime:Test:Burglary085_x264:2.5	clip	3
uca:video_class:0025	uca_ucfcrime:Test:Burglary085_x264:30.0	clip	3
uca:video_class:0025	uca_ucfcrime:Test:Burglary086_x264:1.8	clip	3
uca:video_class:0025	uca_ucfcrime:Test:Burglary086_x264:32.2	clip	3
uca:video_class:0025	uca_ucfcrime:Test:Burglary086_x264:35.7	clip	3
uca:video_class:0025	uca_ucfcrime:Test:Burglary087_x264:7.8	clip	3
uca:video_class:0025	uca_ucfcrime:Test:Burglary087_x264:44.0	clip	3
uca:video_class:0025	uca_ucfcrime:Val:Burglary088_x264:19.7	clip	3
uca:video_class:0025	uca_ucfcrime:Val:Burglary088_x264:57.3	clip	3
uca:video_class:0025	uca_ucfcrime:Val:Burglary089_x264:41.9	clip	3
uca:video_class:0025	uca_ucfcrime:Val:Burglary090_x264:11.8	clip	3
uca:video_class:0025	uca_ucfcrime:Val:Burglary090_x264:21.2	clip	3
uca:video_class:0025	uca_ucfcrime:Val:Burglary091_x264:13.7	clip	3
uca:video_class:0025	uca_ucfcrime:Val:Burglary091_x264:85.0	clip	3
uca:video_class:0025	uca_ucfcrime:Val:Burglary095_x264:92.8	clip	3
uca:video_class:0025	uca_ucfcrime:Val:Burglary096_x264:18.9	clip	3
uca:video_class:0025	uca_ucfcrime:Val:Burglary098_x264:10.8	clip	3
uca:video_class:0025	uca_ucfcrime:Val:Burglary100_x264:11.9	clip	3
uca:video_class:0025	uca_ucfcrime:Val:Burglary100_x264:122.2	clip	3
uca:video_class:0026	uca_ucfcrime:Train:Burglary003_x264:16.4	clip	3
uca:video_class:0026	uca_ucfcrime:Train:Burglary003_x264:25.2	clip	3
uca:video_class:0026	uca_ucfcrime:Train:Burglary010_x264:161.1	clip	3
uca:video_class:0026	uca_ucfcrime:Train:Burglary011_x264:16.8	clip	3
uca:video_class:0026	uca_ucfcrime:Train:Burglary014_x264:35.2	clip	3
uca:video_class:0026	uca_ucfcrime:Train:Burglary017_x264:22.0	clip	3
uca:video_class:0026	uca_ucfcrime:Train:Burglary022_x264:11.9	clip	3
uca:video_class:0026	uca_ucfcrime:Train:Burglary024_x264:37.9	clip	3
uca:video_class:0026	uca_ucfcrime:Train:Burglary031_x264:135.2	clip	3
uca:video_class:0026	uca_ucfcrime:Train:Burglary032_x264:50.4	clip	3
uca:video_class:0026	uca_ucfcrime:Train:Burglary032_x264:128.4	clip	3
uca:video_class:0026	uca_ucfcrime:Train:Burglary032_x264:315.4	clip	3
uca:video_class:0026	uca_ucfcrime:Train:Burglary037_x264:32.2	clip	3
uca:video_class:0026	uca_ucfcrime:Train:Burglary041_x264:27.0	clip	3
uca:video_class:0026	uca_ucfcrime:Train:Burglary046_x264:22.6	clip	3
uca:video_class:0026	uca_ucfcrime:Train:Burglary046_x264:59.6	clip	3
uca:video_class:0026	uca_ucfcrime:Train:Burglary047_x264:41.4	clip	3
uca:video_class:0026	uca_ucfcrime:Train:Burglary051_x264:27.1	clip	3
uca:video_class:0026	uca_ucfcrime:Train:Burglary059_x264:1.7	clip	3
uca:video_class:0026	uca_ucfcrime:Test:Burglary066_x264:56.4	clip	3
uca:video_class:0026	uca_ucfcrime:Val:Burglary090_x264:21.2	clip	3
uca:video_class:0026	uca_ucfcrime:Val:Burglary090_x264:68.0	clip	3
uca:video_class:0026	uca_ucfcrime:Val:Burglary092_x264:14.2	clip	3
uca:video_class:0026	uca_ucfcrime:Val:Burglary093_x264:20.6	clip	3
uca:video_class:0026	uca_ucfcrime:Val:Burglary095_x264:576.2	clip	3
uca:video_class:0026	uca_ucfcrime:Val:Burglary096_x264:102.8	clip	3
uca:video_class:0026	uca_ucfcrime:Val:Burglary097_x264:7.8	clip	3
uca:video_class:0026	uca_ucfcrime:Val:Burglary099_x264:39.8	clip	3
uca:video_class:0027	uca_ucfcrime:Train:Burglary002_x264:7.5	clip	3
uca:video_class:0027	uca_ucfcrime:Train:Burglary005_x264:165.7	clip	3
uca:video_class:0027	uca_ucfcrime:Train:Burglary011_x264:19.6	clip	3
uca:video_class:0027	uca_ucfcrime:Train:Burglary013_x264:13.2	clip	3
uca:video_class:0027	uca_ucfcrime:Train:Burglary017_x264:36.0	clip	3
uca:video_class:0027	uca_ucfcrime:Train:Burglary024_x264:7.8	clip	3
uca:video_class:0027	uca_ucfcrime:Train:Burglary025_x264:78.8	clip	3
uca:video_class:0027	uca_ucfcrime:Train:Burglary025_x264:202.9	clip	3
uca:video_class:0027	uca_ucfcrime:Train:Burglary030_x264:13.1	clip	3
uca:video_class:0027	uca_ucfcrime:Train:Burglary032_x264:22.2	clip	3
uca:video_class:0027	uca_ucfcrime:Train:Burglary034_x264:11.6	clip	3
uca:video_class:0027	uca_ucfcrime:Train:Burglary035_x264:57.4	clip	3
uca:video_class:0027	uca_ucfcrime:Train:Burglary035_x264:132.6	clip	3
uca:video_class:0027	uca_ucfcrime:Train:Burglary037_x264:11.0	clip	3
uca:video_class:0027	uca_ucfcrime:Train:Burglary038_x264:15.7	clip	3
uca:video_class:0027	uca_ucfcrime:Train:Burglary039_x264:306.6	clip	3
uca:video_class:0027	uca_ucfcrime:Train:Burglary040_x264:104.0	clip	3
uca:video_class:0027	uca_ucfcrime:Train:Burglary042_x264:128.4	clip	3
uca:video_class:0027	uca_ucfcrime:Train:Burglary043_x264:17.1	clip	3
uca:video_class:0027	uca_ucfcrime:Train:Burglary045_x264:155.9	clip	3
uca:video_class:0027	uca_ucfcrime:Train:Burglary048_x264:7.8	clip	3
uca:video_class:0027	uca_ucfcrime:Train:Burglary050_x264:2.8	clip	3
uca:video_class:0027	uca_ucfcrime:Train:Burglary050_x264:26.6	clip	3
uca:video_class:0027	uca_ucfcrime:Train:Burglary051_x264:27.1	clip	3
uca:video_class:0027	uca_ucfcrime:Train:Burglary059_x264:11.2	clip	3
uca:video_class:0027	uca_ucfcrime:Train:Burglary064_x264:1565.7	clip	3
uca:video_class:0027	uca_ucfcrime:Test:Burglary065_x264:135.2	clip	3
uca:video_class:0027	uca_ucfcrime:Test:Burglary066_x264:56.4	clip	3
uca:video_class:0027	uca_ucfcrime:Test:Burglary067_x264:25.0	clip	3
uca:video_class:0027	uca_ucfcrime:Test:Burglary068_x264:3.3	clip	3
uca:video_class:0027	uca_ucfcrime:Test:Burglary069_x264:2.8	clip	3
uca:video_class:0027	uca_ucfcrime:Test:Burglary074_x264:13.2	clip	3
uca:video_class:0027	uca_ucfcrime:Test:Burglary076_x264:136.4	clip	3
uca:video_class:0027	uca_ucfcrime:Test:Burglary079_x264:197.8	clip	3
uca:video_class:0027	uca_ucfcrime:Test:Burglary084_x264:98.3	clip	3
uca:video_class:0027	uca_ucfcrime:Test:Burglary087_x264:7.8	clip	3
uca:video_class:0027	uca_ucfcrime:Test:Burglary087_x264:36.0	clip	3
uca:video_class:0027	uca_ucfcrime:Test:Burglary087_x264:68.6	clip	3
uca:video_class:0027	uca_ucfcrime:Val:Burglary091_x264:13.7	clip	3
uca:video_class:0027	uca_ucfcrime:Val:Burglary093_x264:16.8	clip	3
uca:video_class:0027	uca_ucfcrime:Val:Burglary093_x264:22.1	clip	3
uca:video_class:0027	uca_ucfcrime:Val:Burglary095_x264:852.4	clip	3
uca:video_class:0027	uca_ucfcrime:Val:Burglary096_x264:102.8	clip	3
uca:video_class:0027	uca_ucfcrime:Val:Burglary096_x264:211.6	clip	3
uca:video_class:0027	uca_ucfcrime:Val:Burglary099_x264:1.9	clip	3
uca:video_class:0027	uca_ucfcrime:Val:Burglary100_x264:11.9	clip	3
uca:video_class:0027	uca_ucfcrime:Val:Burglary100_x264:225.7	clip	3
uca:video_class:0028	uca_ucfcrime:Train:Explosion005_x264:9.7	clip	3
uca:video_class:0028	uca_ucfcrime:Test:Explosion011_x264:30.7	clip	3
uca:video_class:0028	uca_ucfcrime:Test:Explosion014_x264:25.6	clip	3
uca:video_class:0028	uca_ucfcrime:Test:Explosion020_x264:32.6	clip	3
uca:video_class:0028	uca_ucfcrime:Test:Explosion027_x264:5.7	clip	3
uca:video_class:0029	uca_ucfcrime:Train:Explosion004_x264:1.1	clip	3
uca:video_class:0029	uca_ucfcrime:Train:Explosion005_x264:9.7	clip	3
uca:video_class:0029	uca_ucfcrime:Train:Explosion005_x264:17.4	clip	3
uca:video_class:0029	uca_ucfcrime:Test:Explosion008_x264:46.2	clip	3
uca:video_class:0029	uca_ucfcrime:Test:Explosion009_x264:13.2	clip	3
uca:video_class:0029	uca_ucfcrime:Test:Explosion010_x264:25.6	clip	3
uca:video_class:0029	uca_ucfcrime:Test:Explosion010_x264:64.0	clip	3
uca:video_class:0029	uca_ucfcrime:Test:Explosion011_x264:30.7	clip	3
uca:video_class:0029	uca_ucfcrime:Test:Explosion012_x264:6.4	clip	3
uca:video_class:0029	uca_ucfcrime:Test:Explosion013_x264:105.8	clip	3
uca:video_class:0029	uca_ucfcrime:Test:Explosion014_x264:25.6	clip	3
uca:video_class:0029	uca_ucfcrime:Test:Explosion014_x264:28.2	clip	3
uca:video_class:0029	uca_ucfcrime:Test:Explosion015_x264:3.7	clip	3
uca:video_class:0029	uca_ucfcrime:Test:Explosion016_x264:16.3	clip	3
uca:video_class:0029	uca_ucfcrime:Test:Explosion017_x264:51.6	clip	3
uca:video_class:0029	uca_ucfcrime:Test:Explosion018_x264:2.5	clip	3
uca:video_class:0029	uca_ucfcrime:Test:Explosion019_x264:6.0	clip	3
uca:video_class:0029	uca_ucfcrime:Test:Explosion020_x264:8.8	clip	3
uca:video_class:0029	uca_ucfcrime:Test:Explosion022_x264:77.3	clip	3
uca:video_class:0029	uca_ucfcrime:Test:Explosion025_x264:7.3	clip	3
uca:video_class:0029	uca_ucfcrime:Test:Explosion026_x264:49.4	clip	3
uca:video_class:0029	uca_ucfcrime:Test:Explosion027_x264:5.7	clip	3
uca:video_class:0029	uca_ucfcrime:Test:Explosion027_x264:11.3	clip	3
uca:video_class:0029	uca_ucfcrime:Test:Explosion027_x264:20.4	clip	3
uca:video_class:0029	uca_ucfcrime:Test:Explosion028_x264:15.2	clip	3
uca:video_class:0029	uca_ucfcrime:Test:Explosion029_x264:75.8	clip	3
uca:video_class:0029	uca_ucfcrime:Val:Explosion030_x264:29.6	clip	3
uca:video_class:0029	uca_ucfcrime:Val:Explosion030_x264:51.6	clip	3
uca:video_class:0029	uca_ucfcrime:Val:Explosion030_x264:59.9	clip	3
uca:video_class:0029	uca_ucfcrime:Val:Explosion032_x264:7.3	clip	3
uca:video_class:0029	uca_ucfcrime:Val:Explosion032_x264:19.2	clip	3
uca:video_class:0029	uca_ucfcrime:Val:Explosion033_x264:38.5	clip	3
uca:video_class:0029	uca_ucfcrime:Val:Explosion033_x264:78.1	clip	3
uca:video_class:0029	uca_ucfcrime:Val:Explosion034_x264:6.5	clip	3
uca:video_class:0029	uca_ucfcrime:Val:Explosion035_x264:28.1	clip	3
uca:video_class:0029	uca_ucfcrime:Val:Explosion038_x264:10.4	clip	3
uca:video_class:0029	uca_ucfcrime:Val:Explosion038_x264:58.5	clip	3
uca:video_class:0029	uca_ucfcrime:Val:Explosion038_x264:73.0	clip	3
uca:video_class:0029	uca_ucfcrime:Val:Explosion041_x264:46.1	clip	3
uca:video_class:0029	uca_ucfcrime:Val:Explosion041_x264:88.6	clip	3
uca:video_class:0029	uca_ucfcrime:Val:Explosion042_x264:17.4	clip	3
uca:video_class:0029	uca_ucfcrime:Val:Explosion044_x264:13.7	clip	3
uca:video_class:0029	uca_ucfcrime:Val:Explosion045_x264:22.6	clip	3
uca:video_class:0029	uca_ucfcrime:Val:Explosion047_x264:41.5	clip	3
uca:video_class:0029	uca_ucfcrime:Val:Explosion048_x264:4.4	clip	3
uca:video_class:0029	uca_ucfcrime:Val:Explosion050_x264:6.0	clip	3
uca:video_class:0029	uca_ucfcrime:Val:Explosion051_x264:48.8	clip	3
uca:video_class:0029	uca_ucfcrime:Val:Explosion051_x264:71.8	clip	3
uca:video_class:0029	uca_ucfcrime:Val:Explosion052_x264:15.0	clip	3
uca:video_class:0029	uca_ucfcrime:Val:Explosion052_x264:75.5	clip	3
uca:video_class:0030	uca_ucfcrime:Train:Explosion002_x264:78.0	clip	3
uca:video_class:0030	uca_ucfcrime:Train:Explosion004_x264:10.1	clip	3
uca:video_class:0030	uca_ucfcrime:Train:Explosion006_x264:21.9	clip	3
uca:video_class:0030	uca_ucfcrime:Test:Explosion014_x264:28.2	clip	3
uca:video_class:0030	uca_ucfcrime:Test:Explosion015_x264:15.2	clip	3
uca:video_class:0030	uca_ucfcrime:Test:Explosion018_x264:2.5	clip	3
uca:video_class:0030	uca_ucfcrime:Test:Explosion020_x264:8.8	clip	3
uca:video_class:0030	uca_ucfcrime:Test:Explosion023_x264:47.4	clip	3
uca:video_class:0030	uca_ucfcrime:Test:Explosion024_x264:34.0	clip	3
uca:video_class:0030	uca_ucfcrime:Test:Explosion026_x264:57.8	clip	3
uca:video_class:0030	uca_ucfcrime:Test:Explosion027_x264:5.7	clip	3
uca:video_class:0030	uca_ucfcrime:Val:Explosion030_x264:51.6	clip	3
uca:video_class:0030	uca_ucfcrime:Val:Explosion030_x264:59.9	clip	3
uca:video_class:0030	uca_ucfcrime:Val:Explosion039_x264:17.6	clip	3
uca:video_class:0030	uca_ucfcrime:Val:Explosion040_x264:46.5	clip	3
uca:video_class:0030	uca_ucfcrime:Val:Explosion042_x264:61.8	clip	3
uca:video_class:0030	uca_ucfcrime:Val:Explosion043_x264:239.4	clip	3
uca:video_class:0030	uca_ucfcrime:Val:Explosion044_x264:13.7	clip	3
uca:video_class:0030	uca_ucfcrime:Val:Explosion050_x264:6.0	clip	3
uca:video_class:0031	uca_ucfcrime:Train:Fighting005_x264:40.3	clip	3
uca:video_class:0031	uca_ucfcrime:Train:Fighting008_x264:109.1	clip	3
uca:video_class:0031	uca_ucfcrime:Train:Fighting008_x264:213.4	clip	3
uca:video_class:0031	uca_ucfcrime:Train:Fighting011_x264:258.6	clip	3
uca:video_class:0031	uca_ucfcrime:Train:Fighting018_x264:28.3	clip	3
uca:video_class:0031	uca_ucfcrime:Train:Fighting026_x264:24.3	clip	3
uca:video_class:0031	uca_ucfcrime:Train:Fighting027_x264:75.9	clip	3
uca:video_class:0031	uca_ucfcrime:Train:Fighting027_x264:108.0	clip	3
uca:video_class:0031	uca_ucfcrime:Train:Fighting030_x264:54.1	clip	3
uca:video_class:0031	uca_ucfcrime:Train:Fighting033_x264:22.7	clip	3
uca:video_class:0031	uca_ucfcrime:Train:Fighting037_x264:129.6	clip	3
uca:video_class:0031	uca_ucfcrime:Test:Fighting044_x264:92.5	clip	3
uca:video_class:0032	uca_ucfcrime:Train:Fighting003_x264:92.2	clip	3
uca:video_class:0032	uca_ucfcrime:Train:Fighting004_x264:1.7	clip	3
uca:video_class:0032	uca_ucfcrime:Train:Fighting007_x264:6.1	clip	3
uca:video_class:0032	uca_ucfcrime:Train:Fighting007_x264:47.4	clip	3
uca:video_class:0032	uca_ucfcrime:Train:Fighting011_x264:67.7	clip	3
uca:video_class:0032	uca_ucfcrime:Train:Fighting012_x264:6.0	clip	3
uca:video_class:0032	uca_ucfcrime:Train:Fighting013_x264:1.6	clip	3
uca:video_class:0032	uca_ucfcrime:Train:Fighting014_x264:89.8	clip	3
uca:video_class:0032	uca_ucfcrime:Train:Fighting017_x264:17.5	clip	3
uca:video_class:0032	uca_ucfcrime:Train:Fighting018_x264:7.4	clip	3
uca:video_class:0032	uca_ucfcrime:Train:Fighting018_x264:9.9	clip	3
uca:video_class:0032	uca_ucfcrime:Train:Fighting019_x264:26.6	clip	3
uca:video_class:0032	uca_ucfcrime:Train:Fighting022_x264:95.9	clip	3
uca:video_class:0032	uca_ucfcrime:Train:Fighting024_x264:117.8	clip	3
uca:video_class:0032	uca_ucfcrime:Train:Fighting027_x264:75.9	clip	3
uca:video_class:0032	uca_ucfcrime:Train:Fighting029_x264:7.8	clip	3
uca:video_class:0032	uca_ucfcrime:Train:Fighting029_x264:77.2	clip	3
uca:video_class:0032	uca_ucfcrime:Train:Fighting029_x264:135.8	clip	3
uca:video_class:0032	uca_ucfcrime:Train:Fighting035_x264:11.9	clip	3
uca:video_class:0032	uca_ucfcrime:Train:Fighting036_x264:5.8	clip	3
uca:video_class:0032	uca_ucfcrime:Train:Fighting036_x264:40.0	clip	3
uca:video_class:0032	uca_ucfcrime:Train:Fighting036_x264:60.8	clip	3
uca:video_class:0032	uca_ucfcrime:Train:Fighting036_x264:119.9	clip	3
uca:video_class:0032	uca_ucfcrime:Train:Fighting038_x264:16.6	clip	3
uca:video_class:0032	uca_ucfcrime:Test:Fighting044_x264:187.2	clip	3
uca:video_class:0032	uca_ucfcrime:Val:Fighting045_x264:30.6	clip	3
uca:video_class:0032	uca_ucfcrime:Val:Fighting045_x264:60.2	clip	3
uca:video_class:0032	uca_ucfcrime:Val:Fighting047_x264:4.2	clip	3
uca:video_class:0032	uca_ucfcrime:Val:Fighting047_x264:20.2	clip	3
uca:video_class:0032	uca_ucfcrime:Val:Fighting048_x264:70.5	clip	3
uca:video_class:0032	uca_ucfcrime:Val:Fighting048_x264:216.5	clip	3
uca:video_class:0032	uca_ucfcrime:Val:Fighting049_x264:6.3	clip	3
uca:video_class:0032	uca_ucfcrime:Val:Fighting050_x264:553.4	clip	3
uca:video_class:0032	uca_ucfcrime:Val:Fighting051_x264:73.8	clip	3
uca:video_class:0032	uca_ucfcrime:Val:Fighting051_x264:154.9	clip	3
uca:video_class:0032	uca_ucfcrime:Val:Fighting051_x264:211.1	clip	3
uca:video_class:0033	uca_ucfcrime:Train:Fighting003_x264:77.3	clip	3
uca:video_class:0033	uca_ucfcrime:Train:Fighting005_x264:40.3	clip	3
uca:video_class:0033	uca_ucfcrime:Train:Fighting009_x264:55.5	clip	3
uca:video_class:0033	uca_ucfcrime:Train:Fighting023_x264:25.9	clip	3
uca:video_class:0033	uca_ucfcrime:Train:Fighting030_x264:54.1	clip	3
uca:video_class:0033	uca_ucfcrime:Train:Fighting038_x264:7.1	clip	3
uca:video_class:0033	uca_ucfcrime:Train:Fighting038_x264:25.5	clip	3
uca:video_class:0033	uca_ucfcrime:Test:Fighting039_x264:188.8	clip	3
uca:video_class:0033	uca_ucfcrime:Val:Fighting046_x264:82.7	clip	3
uca:video_class:0034	uca_ucfcrime:Train:Fighting005_x264:9.9	clip	3
uca:video_class:0034	uca_ucfcrime:Train:Fighting005_x264:40.3	clip	3
uca:video_class:0034	uca_ucfcrime:Train:Fighting010_x264:67.6	clip	3
uca:video_class:0034	uca_ucfcrime:Train:Fighting013_x264:1.6	clip	3
uca:video_class:0034	uca_ucfcrime:Train:Fighting013_x264:26.6	clip	3
uca:video_class:0034	uca_ucfcrime:Train:Fighting013_x264:46.5	clip	3
uca:video_class:0034	uca_ucfcrime:Train:Fighting015_x264:236.9	clip	3
uca:video_class:0034	uca_ucfcrime:Train:Fighting021_x264:47.4	clip	3
uca:video_class:0034	uca_ucfcrime:Train:Fighting023_x264:9.4	clip	3
uca:video_class:0034	uca_ucfcrime:Train:Fighting023_x264:25.9	clip	3
uca:video_class:0034	uca_ucfcrime:Train:Fighting025_x264:148.8	clip	3
uca:video_class:0034	uca_ucfcrime:Train:Fighting037_x264:11.6	clip	3
uca:video_class:0034	uca_ucfcrime:Train:Fighting037_x264:74.4	clip	3
uca:video_class:0034	uca_ucfcrime:Test:Fighting039_x264:59.0	clip	3
uca:video_class:0034	uca_ucfcrime:Test:Fighting041_x264:576.6	clip	3
uca:video_class:0034	uca_ucfcrime:Test:Fighting042_x264:4.1	clip	3
uca:video_class:0034	uca_ucfcrime:Test:Fighting042_x264:41.7	clip	3
uca:video_class:0034	uca_ucfcrime:Test:Fighting043_x264:13.3	clip	3
uca:video_class:0034	uca_ucfcrime:Test:Fighting043_x264:46.8	clip	3
uca:video_class:0034	uca_ucfcrime:Val:Fighting045_x264:6.7	clip	3
uca:video_class:0034	uca_ucfcrime:Val:Fighting046_x264:26.3	clip	3
uca:video_class:0034	uca_ucfcrime:Val:Fighting047_x264:4.2	clip	3
uca:video_class:0034	uca_ucfcrime:Val:Fighting047_x264:20.2	clip	3
uca:video_class:0034	uca_ucfcrime:Val:Fighting050_x264:553.4	clip	3
uca:video_class:0035	uca_ucfcrime:Train:Fighting013_x264:18.6	clip	3
uca:video_class:0035	uca_ucfcrime:Train:Fighting015_x264:321.5	clip	3
uca:video_class:0035	uca_ucfcrime:Train:Fighting024_x264:4.1	clip	3
uca:video_class:0035	uca_ucfcrime:Train:Fighting025_x264:47.1	clip	3
uca:video_class:0035	uca_ucfcrime:Train:Fighting028_x264:60.0	clip	3
uca:video_class:0035	uca_ucfcrime:Train:Fighting038_x264:23.7	clip	3
uca:video_class:0035	uca_ucfcrime:Test:Fighting040_x264:47.8	clip	3
uca:video_class:0035	uca_ucfcrime:Val:Fighting048_x264:216.5	clip	3
uca:video_class:0035	uca_ucfcrime:Val:Fighting049_x264:47.1	clip	3
uca:video_class:0036	uca_ucfcrime:Train:Fighting011_x264:116.7	clip	3
uca:video_class:0036	uca_ucfcrime:Train:Fighting012_x264:23.3	clip	3
uca:video_class:0036	uca_ucfcrime:Train:Fighting029_x264:28.5	clip	3
uca:video_class:0036	uca_ucfcrime:Train:Fighting037_x264:74.4	clip	3
uca:video_class:0036	uca_ucfcrime:Val:Fighting047_x264:20.2	clip	3
uca:video_class:0037	uca_ucfcrime:Train:Normal_Videos080_x264:50.3	clip	3
uca:video_class:0037	uca_ucfcrime:Train:Normal_Videos084_x264:230.2	clip	3
uca:video_class:0037	uca_ucfcrime:Train:Normal_Videos238_x264:93.2	clip	3
uca:video_class:0037	uca_ucfcrime:Train:Normal_Videos419_x264:32.2	clip	3
uca:video_class:0037	uca_ucfcrime:Train:Normal_Videos427_x264:32.2	clip	3
uca:video_class:0037	uca_ucfcrime:Train:Normal_Videos461_x264:3.6	clip	3
uca:video_class:0037	uca_ucfcrime:Train:Normal_Videos481_x264:13.0	clip	3
uca:video_class:0037	uca_ucfcrime:Train:Normal_Videos486_x264:82.5	clip	3
uca:video_class:0037	uca_ucfcrime:Test:Normal_Videos569_x264:86.7	clip	3
uca:video_class:0037	uca_ucfcrime:Test:Normal_Videos579_x264:197.3	clip	3
uca:video_class:0037	uca_ucfcrime:Val:Normal_Videos646_x264:10.2	clip	3
uca:video_class:0037	uca_ucfcrime:Val:Normal_Videos646_x264:31.9	clip	3
uca:video_class:0037	uca_ucfcrime:Val:Normal_Videos655_x264:81.6	clip	3
uca:video_class:0037	uca_ucfcrime:Val:Normal_Videos719_x264:74.0	clip	3
uca:video_class:0037	uca_ucfcrime:Val:Normal_Videos779_x264:6.5	clip	3
uca:video_class:0037	uca_ucfcrime:Val:Normal_Videos827_x264:12.1	clip	3
uca:video_class:0037	uca_ucfcrime:Train:Normal_Videos_168_x264:20.5	clip	3
uca:video_class:0037	uca_ucfcrime:Train:Normal_Videos_168_x264:39.8	clip	3
uca:video_class:0037	uca_ucfcrime:Train:Normal_Videos_175_x264:60.5	clip	3
uca:video_class:0037	uca_ucfcrime:Train:Normal_Videos_884_x264:5.3	clip	3
uca:video_class:0037	uca_ucfcrime:Train:Normal_Videos_900_x264:41.8	clip	3
uca:video_class:0037	uca_ucfcrime:Val:Normal_Videos_936_x264:24.1	clip	3
uca:video_class:0038	uca_ucfcrime:Train:Normal_Videos038_x264:27.6	clip	3
uca:video_class:0038	uca_ucfcrime:Train:Normal_Videos038_x264:61.1	clip	3
uca:video_class:0038	uca_ucfcrime:Train:Normal_Videos038_x264:94.3	clip	3
uca:video_class:0038	uca_ucfcrime:Train:Normal_Videos058_x264:6.1	clip	3
uca:video_class:0038	uca_ucfcrime:Train:Normal_Videos058_x264:19.2	clip	3
uca:video_class:0038	uca_ucfcrime:Train:Normal_Videos096_x264:13.3	clip	3
uca:video_class:0038	uca_ucfcrime:Train:Normal_Videos121_x264:1.1	clip	3
uca:video_class:0038	uca_ucfcrime:Train:Normal_Videos121_x264:9.7	clip	3
uca:video_class:0038	uca_ucfcrime:Train:Normal_Videos121_x264:30.1	clip	3
uca:video_class:0038	uca_ucfcrime:Train:Normal_Videos121_x264:37.2	clip	3
uca:video_class:0038	uca_ucfcrime:Train:Normal_Videos130_x264:7.6	clip	3
uca:video_class:0038	uca_ucfcrime:Train:Normal_Videos173_x264:10.1	clip	3
uca:video_class:0038	uca_ucfcrime:Train:Normal_Videos232_x264:13.1	clip	3
uca:video_class:0038	uca_ucfcrime:Train:Normal_Videos232_x264:38.0	clip	3
uca:video_class:0038	uca_ucfcrime:Train:Normal_Videos313_x264:27.9	clip	3
uca:video_class:0038	uca_ucfcrime:Train:Normal_Videos342_x264:118.0	clip	3
uca:video_class:0038	uca_ucfcrime:Train:Normal_Videos362_x264:6.0	clip	3
uca:video_class:0038	uca_ucfcrime:Train:Normal_Videos362_x264:14.1	clip	3
uca:video_class:0038	uca_ucfcrime:Train:Normal_Videos367_x264:44.0	clip	3
uca:video_class:0038	uca_ucfcrime:Train:Normal_Videos367_x264:79.5	clip	3
uca:video_class:0038	uca_ucfcrime:Train:Normal_Videos367_x264:91.5	clip	3
uca:video_class:0038	uca_ucfcrime:Train:Normal_Videos420_x264:13.0	clip	3
uca:video_class:0038	uca_ucfcrime:Train:Normal_Videos420_x264:352.6	clip	3
uca:video_class:0038	uca_ucfcrime:Train:Normal_Videos457_x264:6.1	clip	3
uca:video_class:0038	uca_ucfcrime:Train:Normal_Videos465_x264:2.6	clip	3
uca:video_class:0038	uca_ucfcrime:Train:Normal_Videos465_x264:18.1	clip	3
uca:video_class:0038	uca_ucfcrime:Train:Normal_Videos465_x264:47.1	clip	3
uca:video_class:0038	uca_ucfcrime:Train:Normal_Videos484_x264:831.5	clip	3
uca:video_class:0038	uca_ucfcrime:Train:Normal_Videos484_x264:1189.0	clip	3
uca:video_class:0038	uca_ucfcrime:Val:Normal_Videos654_x264:30.6	clip	3
uca:video_class:0038	uca_ucfcrime:Val:Normal_Videos703_x264:55.5	clip	3
uca:video_class:0038	uca_ucfcrime:Val:Normal_Videos726_x264:12.7	clip	3
uca:video_class:0038	uca_ucfcrime:Val:Normal_Videos726_x264:52.5	clip	3
uca:video_class:0038	uca_ucfcrime:Val:Normal_Videos754_x264:5.1	clip	3
uca:video_class:0038	uca_ucfcrime:Val:Normal_Videos859_x264:12.1	clip	3
uca:video_class:0038	uca_ucfcrime:Train:Normal_Videos_014_x264:4.8	clip	3
uca:video_class:0038	uca_ucfcrime:Train:Normal_Videos_014_x264:11.1	clip	3
uca:video_class:0038	uca_ucfcrime:Train:Normal_Videos_019_x264:2.0	clip	3
uca:video_class:0038	uca_ucfcrime:Train:Normal_Videos_019_x264:41.0	clip	3
uca:video_class:0038	uca_ucfcrime:Train:Normal_Videos_041_x264:4.0	clip	3
uca:video_class:0038	uca_ucfcrime:Train:Normal_Videos_247_x264:47.1	clip	3
uca:video_class:0038	uca_ucfcrime:Train:Normal_Videos_352_x264:89.3	clip	3
uca:video_class:0038	uca_ucfcrime:Train:Normal_Videos_360_x264:23.6	clip	3
uca:video_class:0038	uca_ucfcrime:Train:Normal_Videos_603_x264:46.8	clip	3
uca:video_class:0038	uca_ucfcrime:Train:Normal_Videos_801_x264:3.0	clip	3
uca:video_class:0038	uca_ucfcrime:Train:Normal_Videos_801_x264:30.0	clip	3
uca:video_class:0038	uca_ucfcrime:Train:Normal_Videos_888_x264:12.0	clip	3
uca:video_class:0038	uca_ucfcrime:Test:Normal_Videos_929_x264:13.6	clip	3
uca:video_class:0038	uca_ucfcrime:Test:Normal_Videos_929_x264:26.6	clip	3
uca:video_class:0038	uca_ucfcrime:Val:Normal_Videos_939_x264:5.1	clip	3
uca:video_class:0038	uca_ucfcrime:Val:Normal_Videos_939_x264:18.6	clip	3
uca:video_class:0038	uca_ucfcrime:Val:Normal_Videos_939_x264:23.6	clip	3
uca:video_class:0039	uca_ucfcrime:Train:Normal_Videos023_x264:7.5	clip	3
uca:video_class:0039	uca_ucfcrime:Train:Normal_Videos023_x264:23.4	clip	3
uca:video_class:0039	uca_ucfcrime:Train:Normal_Videos026_x264:47.7	clip	3
uca:video_class:0039	uca_ucfcrime:Train:Normal_Videos031_x264:4.2	clip	3
uca:video_class:0039	uca_ucfcrime:Train:Normal_Videos040_x264:25.0	clip	3
uca:video_class:0039	uca_ucfcrime:Train:Normal_Videos043_x264:50.5	clip	3
uca:video_class:0039	uca_ucfcrime:Train:Normal_Videos046_x264:247.6	clip	3
uca:video_class:0039	uca_ucfcrime:Train:Normal_Videos046_x264:511.7	clip	3
uca:video_class:0039	uca_ucfcrime:Train:Normal_Videos046_x264:880.8	clip	3
uca:video_class:0039	uca_ucfcrime:Train:Normal_Videos049_x264:38.3	clip	3
uca:video_class:0039	uca_ucfcrime:Train:Normal_Videos049_x264:180.4	clip	3
uca:video_class:0039	uca_ucfcrime:Train:Normal_Videos057_x264:37.0	clip	3
uca:video_class:0039	uca_ucfcrime:Train:Normal_Videos060_x264:6.7	clip	3
uca:video_class:0039	uca_ucfcrime:Train:Normal_Videos060_x264:18.3	clip	3
uca:video_class:0039	uca_ucfcrime:Train:Normal_Videos060_x264:52.9	clip	3
uca:video_class:0039	uca_ucfcrime:Train:Normal_Videos061_x264:217.3	clip	3
uca:video_class:0039	uca_ucfcrime:Train:Normal_Videos061_x264:373.8	clip	3
uca:video_class:0039	uca_ucfcrime:Train:Normal_Videos061_x264:541.2	clip	3
uca:video_class:0039	uca_ucfcrime:Train:Normal_Videos065_x264:7.7	clip	3
uca:video_class:0039	uca_ucfcrime:Train:Normal_Videos065_x264:16.7	clip	3
uca:video_class:0039	uca_ucfcrime:Train:Normal_Videos068_x264:4.2	clip	3
uca:video_class:0039	uca_ucfcrime:Train:Normal_Videos068_x264:57.3	clip	3
uca:video_class:0039	uca_ucfcrime:Train:Normal_Videos072_x264:4.7	clip	3
uca:video_class:0039	uca_ucfcrime:Train:Normal_Videos072_x264:20.4	clip	3
uca:video_class:0039	uca_ucfcrime:Train:Normal_Videos074_x264:8.8	clip	3
uca:video_class:0039	uca_ucfcrime:Train:Normal_Videos075_x264:40.2	clip	3
uca:video_class:0039	uca_ucfcrime:Train:Normal_Videos076_x264:35.3	clip	3
uca:video_class:0039	uca_ucfcrime:Train:Normal_Videos078_x264:29.3	clip	3
uca:video_class:0039	uca_ucfcrime:Train:Normal_Videos088_x264:23.5	clip	3
uca:video_class:0039	uca_ucfcrime:Train:Normal_Videos092_x264:36.9	clip	3
uca:video_class:0039	uca_ucfcrime:Train:Normal_Videos093_x264:5.7	clip	3
uca:video_class:0039	uca_ucfcrime:Train:Normal_Videos093_x264:45.6	clip	3
uca:video_class:0039	uca_ucfcrime:Train:Normal_Videos105_x264:2.1	clip	3
uca:video_class:0039	uca_ucfcrime:Train:Normal_Videos105_x264:7.5	clip	3
uca:video_class:0039	uca_ucfcrime:Train:Normal_Videos105_x264:13.6	clip	3
uca:video_class:0039	uca_ucfcrime:Train:Normal_Videos105_x264:19.9	clip	3
uca:video_class:0039	uca_ucfcrime:Train:Normal_Videos106_x264:44.7	clip	3
uca:video_class:0039	uca_ucfcrime:Train:Normal_Videos106_x264:51.9	clip	3
uca:video_class:0039	uca_ucfcrime:Train:Normal_Videos107_x264:105.5	clip	3
uca:video_class:0039	uca_ucfcrime:Train:Normal_Videos117_x264:31.1	clip	3
uca:video_class:0039	uca_ucfcrime:Train:Normal_Videos119_x264:80.8	clip	3
uca:video_class:0039	uca_ucfcrime:Train:Normal_Videos128_x264:35.6	clip	3
uca:video_class:0039	uca_ucfcrime:Train:Normal_Videos128_x264:42.7	clip	3
uca:video_class:0039	uca_ucfcrime:Train:Normal_Videos131_x264:5.1	clip	3
uca:video_class:0039	uca_ucfcrime:Train:Normal_Videos131_x264:27.2	clip	3
uca:video_class:0039	uca_ucfcrime:Train:Normal_Videos131_x264:36.8	clip	3
uca:video_class:0039	uca_ucfcrime:Train:Normal_Videos131_x264:59.7	clip	3
uca:video_class:0039	uca_ucfcrime:Train:Normal_Videos133_x264:136.7	clip	3
uca:video_class:0039	uca_ucfcrime:Train:Normal_Videos136_x264:2012.2	clip	3
uca:video_class:0039	uca_ucfcrime:Train:Normal_Videos136_x264:3522.1	clip	3
uca:video_class:0039	uca_ucfcrime:Train:Normal_Videos138_x264:6.1	clip	3
uca:video_class:0039	uca_ucfcrime:Train:Normal_Videos148_x264:1.1	clip	3
uca:video_class:0039	uca_ucfcrime:Train:Normal_Videos166_x264:5.5	clip	3
uca:video_class:0039	uca_ucfcrime:Train:Normal_Videos173_x264:17.4	clip	3
uca:video_class:0039	uca_ucfcrime:Train:Normal_Videos176_x264:131.6	clip	3
uca:video_class:0039	uca_ucfcrime:Train:Normal_Videos178_x264:25.1	clip	3
uca:video_class:0039	uca_ucfcrime:Train:Normal_Videos179_x264:96.7	clip	3
uca:video_class:0039	uca_ucfcrime:Train:Normal_Videos181_x264:90.1	clip	3
uca:video_class:0039	uca_ucfcrime:Train:Normal_Videos185_x264:40.1	clip	3
uca:video_class:0039	uca_ucfcrime:Train:Normal_Videos185_x264:86.8	clip	3
uca:video_class:0039	uca_ucfcrime:Train:Normal_Videos186_x264:5.4	clip	3
uca:video_class:0039	uca_ucfcrime:Train:Normal_Videos186_x264:38.2	clip	3
uca:video_class:0039	uca_ucfcrime:Train:Normal_Videos187_x264:48.8	clip	3
uca:video_class:0039	uca_ucfcrime:Train:Normal_Videos191_x264:6.2	clip	3
uca:video_class:0039	uca_ucfcrime:Train:Normal_Videos197_x264:44.6	clip	3
uca:video_class:0039	uca_ucfcrime:Train:Normal_Videos198_x264:71.7	clip	3
uca:video_class:0039	uca_ucfcrime:Train:Normal_Videos201_x264:89.5	clip	3
uca:video_class:0039	uca_ucfcrime:Train:Normal_Videos205_x264:156.4	clip	3
uca:video_class:0039	uca_ucfcrime:Train:Normal_Videos205_x264:259.8	clip	3
uca:video_class:0039	uca_ucfcrime:Train:Normal_Videos207_x264:85.2	clip	3
uca:video_class:0039	uca_ucfcrime:Train:Normal_Videos208_x264:19.7	clip	3
uca:video_class:0039	uca_ucfcrime:Train:Normal_Videos214_x264:100.7	clip	3
uca:video_class:0039	uca_ucfcrime:Train:Normal_Videos214_x264:182.6	clip	3
uca:video_class:0039	uca_ucfcrime:Train:Normal_Videos214_x264:362.0	clip	3
uca:video_class:0039	uca_ucfcrime:Train:Normal_Videos222_x264:13.1	clip	3
uca:video_class:0039	uca_ucfcrime:Train:Normal_Videos225_x264:115.6	clip	3
uca:video_class:0039	uca_ucfcrime:Train:Normal_Videos227_x264:39.5	clip	3
uca:video_class:0039	uca_ucfcrime:Train:Normal_Videos233_x264:24.1	clip	3
uca:video_class:0039	uca_ucfcrime:Train:Normal_Videos234_x264:8.6	clip	3
uca:video_class:0039	uca_ucfcrime:Train:Normal_Videos234_x264:123.7	clip	3
uca:video_class:0039	uca_ucfcrime:Train:Normal_Videos234_x264:173.1	clip	3
uca:video_class:0039	uca_ucfcrime:Train:Normal_Videos235_x264:36.0	clip	3
uca:video_class:0039	uca_ucfcrime:Train:Normal_Videos235_x264:68.2	clip	3
uca:video_class:0039	uca_ucfcrime:Train:Normal_Videos237_x264:10.6	clip	3
uca:video_class:0039	uca_ucfcrime:Train:Normal_Videos237_x264:26.1	clip	3
uca:video_class:0039	uca_ucfcrime:Train:Normal_Videos237_x264:37.2	clip	3
uca:video_class:0039	uca_ucfcrime:Train:Normal_Videos261_x264:55.1	clip	3
uca:video_class:0039	uca_ucfcrime:Train:Normal_Videos262_x264:165.6	clip	3
uca:video_class:0039	uca_ucfcrime:Train:Normal_Videos282_x264:101.0	clip	3
uca:video_class:0039	uca_ucfcrime:Train:Normal_Videos282_x264:122.6	clip	3
uca:video_class:0039	uca_ucfcrime:Train:Normal_Videos287_x264:40.6	clip	3
uca:video_class:0039	uca_ucfcrime:Train:Normal_Videos292_x264:52.4	clip	3
uca:video_class:0039	uca_ucfcrime:Train:Normal_Videos300_x264:5.3	clip	3
uca:video_class:0039	uca_ucfcrime:Train:Normal_Videos320_x264:19.9	clip	3
uca:video_class:0039	uca_ucfcrime:Train:Normal_Videos322_x264:8.8	clip	3
uca:video_class:0039	uca_ucfcrime:Train:Normal_Videos334_x264:15.1	clip	3
uca:video_class:0039	uca_ucfcrime:Train:Normal_Videos337_x264:1.6	clip	3
uca:video_class:0039	uca_ucfcrime:Train:Normal_Videos337_x264:7.7	clip	3
uca:video_class:0039	uca_ucfcrime:Train:Normal_Videos343_x264:11.1	clip	3
uca:video_class:0039	uca_ucfcrime:Train:Normal_Videos344_x264:3.5	clip	3
uca:video_class:0039	uca_ucfcrime:Train:Normal_Videos346_x264:48.5	clip	3
uca:video_class:0039	uca_ucfcrime:Train:Normal_Videos346_x264:59.0	clip	3
uca:video_class:0039	uca_ucfcrime:Train:Normal_Videos347_x264:1.0	clip	3
uca:video_class:0039	uca_ucfcrime:Train:Normal_Videos349_x264:11.6	clip	3
uca:video_class:0039	uca_ucfcrime:Train:Normal_Videos356_x264:8.0	clip	3
uca:video_class:0039	uca_ucfcrime:Train:Normal_Videos358_x264:9.0	clip	3
uca:video_class:0039	uca_ucfcrime:Train:Normal_Videos358_x264:61.1	clip	3
uca:video_class:0039	uca_ucfcrime:Train:Normal_Videos364_x264:6.0	clip	3
uca:video_class:0039	uca_ucfcrime:Train:Normal_Videos369_x264:97.5	clip	3
uca:video_class:0039	uca_ucfcrime:Train:Normal_Videos372_x264:1.0	clip	3
uca:video_class:0039	uca_ucfcrime:Train:Normal_Videos377_x264:90.0	clip	3
uca:video_class:0039	uca_ucfcrime:Train:Normal_Videos377_x264:423.4	clip	3
uca:video_class:0039	uca_ucfcrime:Train:Normal_Videos378_x264:8.2	clip	3
uca:video_class:0039	uca_ucfcrime:Train:Normal_Videos379_x264:19.8	clip	3
uca:video_class:0039	uca_ucfcrime:Train:Normal_Videos387_x264:1.6	clip	3
uca:video_class:0039	uca_ucfcrime:Train:Normal_Videos387_x264:8.3	clip	3
uca:video_class:0039	uca_ucfcrime:Train:Normal_Videos387_x264:14.3	clip	3
uca:video_class:0039	uca_ucfcrime:Train:Normal_Videos394_x264:15.2	clip	3
uca:video_class:0039	uca_ucfcrime:Train:Normal_Videos394_x264:39.0	clip	3
uca:video_class:0039	uca_ucfcrime:Train:Normal_Videos394_x264:54.0	clip	3
uca:video_class:0039	uca_ucfcrime:Train:Normal_Videos397_x264:1300.4	clip	3
uca:video_class:0039	uca_ucfcrime:Train:Normal_Videos397_x264:2008.2	clip	3
uca:video_class:0039	uca_ucfcrime:Train:Normal_Videos404_x264:18.0	clip	3
uca:video_class:0039	uca_ucfcrime:Train:Normal_Videos405_x264:6.3	clip	3
uca:video_class:0039	uca_ucfcrime:Train:Normal_Videos412_x264:3.0	clip	3
uca:video_class:0039	uca_ucfcrime:Train:Normal_Videos412_x264:7.2	clip	3
uca:video_class:0039	uca_ucfcrime:Train:Normal_Videos413_x264:17.6	clip	3
uca:video_class:0039	uca_ucfcrime:Train:Normal_Videos413_x264:75.5	clip	3
uca:video_class:0039	uca_ucfcrime:Train:Normal_Videos416_x264:1.1	clip	3
uca:video_class:0039	uca_ucfcrime:Train:Normal_Videos416_x264:5.8	clip	3
uca:video_class:0039	uca_ucfcrime:Train:Normal_Videos424_x264:30.5	clip	3
uca:video_class:0039	uca_ucfcrime:Train:Normal_Videos424_x264:108.7	clip	3
uca:video_class:0039	uca_ucfcrime:Train:Normal_Videos424_x264:136.8	clip	3
uca:video_class:0039	uca_ucfcrime:Train:Normal_Videos424_x264:198.7	clip	3
uca:video_class:0039	uca_ucfcrime:Train:Normal_Videos432_x264:32.7	clip	3
uca:video_class:0039	uca_ucfcrime:Train:Normal_Videos438_x264:9.3	clip	3
uca:video_class:0039	uca_ucfcrime:Train:Normal_Videos441_x264:1.6	clip	3
uca:video_class:0039	uca_ucfcrime:Train:Normal_Videos441_x264:8.2	clip	3
uca:video_class:0039	uca_ucfcrime:Train:Normal_Videos441_x264:17.4	clip	3
uca:video_class:0039	uca_ucfcrime:Train:Normal_Videos441_x264:43.3	clip	3
uca:video_class:0039	uca_ucfcrime:Train:Normal_Videos443_x264:19.4	clip	3
uca:video_class:0039	uca_ucfcrime:Train:Normal_Videos449_x264:3588.1	clip	3
uca:video_class:0039	uca_ucfcrime:Train:Normal_Videos450_x264:2116.6	clip	3
uca:video_class:0039	uca_ucfcrime:Train:Normal_Videos456_x264:3.5	clip	3
uca:video_class:0039	uca_ucfcrime:Train:Normal_Videos469_x264:138.8	clip	3
uca:video_class:0039	uca_ucfcrime:Train:Normal_Videos469_x264:214.6	clip	3
uca:video_class:0039	uca_ucfcrime:Train:Normal_Videos470_x264:8.6	clip	3
uca:video_class:0039	uca_ucfcrime:Train:Normal_Videos470_x264:29.1	clip	3
uca:video_class:0039	uca_ucfcrime:Train:Normal_Videos473_x264:5.5	clip	3
uca:video_class:0039	uca_ucfcrime:Train:Normal_Videos479_x264:664.6	clip	3
uca:video_class:0039	uca_ucfcrime:Train:Normal_Videos479_x264:1313.0	clip	3
uca:video_class:0039	uca_ucfcrime:Train:Normal_Videos494_x264:643.5	clip	3
uca:video_class:0039	uca_ucfcrime:Train:Normal_Videos511_x264:541.1	clip	3
uca:video_class:0039	uca_ucfcrime:Train:Normal_Videos526_x264:264.1	clip	3
uca:video_class:0039	uca_ucfcrime:Train:Normal_Videos529_x264:3576.7	clip	3
uca:video_class:0039	uca_ucfcrime:Test:Normal_Videos538_x264:27.1	clip	3
uca:video_class:0039	uca_ucfcrime:Test:Normal_Videos542_x264:136.1	clip	3
uca:video_class:0039	uca_ucfcrime:Test:Normal_Videos544_x264:6.6	clip	3
uca:video_class:0039	uca_ucfcrime:Test:Normal_Videos544_x264:668.1	clip	3
uca:video_class:0039	uca_ucfcrime:Test:Normal_Videos544_x264:1307.3	clip	3
uca:video_class:0039	uca_ucfcrime:Test:Normal_Videos549_x264:48.3	clip	3
uca:video_class:0039	uca_ucfcrime:Test:Normal_Videos552_x264:92.4	clip	3
uca:video_class:0039	uca_ucfcrime:Test:Normal_Videos553_x264:8.8	clip	3
uca:video_class:0039	uca_ucfcrime:Test:Normal_Videos554_x264:64.6	clip	3
uca:video_class:0039	uca_ucfcrime:Test:Normal_Videos555_x264:10.2	clip	3
uca:video_class:0039	uca_ucfcrime:Test:Normal_Videos558_x264:52.6	clip	3
uca:video_class:0039	uca_ucfcrime:Test:Normal_Videos568_x264:62.1	clip	3
uca:video_class:0039	uca_ucfcrime:Test:Normal_Videos573_x264:6.2	clip	3
uca:video_class:0039	uca_ucfcrime:Test:Normal_Videos584_x264:292.3	clip	3
uca:video_class:0039	uca_ucfcrime:Test:Normal_Videos586_x264:23.7	clip	3
uca:video_class:0039	uca_ucfcrime:Test:Normal_Videos586_x264:53.3	clip	3
uca:video_class:0039	uca_ucfcrime:Test:Normal_Videos587_x264:7.2	clip	3
uca:video_class:0039	uca_ucfcrime:Test:Normal_Videos587_x264:166.8	clip	3
uca:video_class:0039	uca_ucfcrime:Test:Normal_Videos587_x264:245.6	clip	3
uca:video_class:0039	uca_ucfcrime:Test:Normal_Videos598_x264:116.1	clip	3
uca:video_class:0039	uca_ucfcrime:Test:Normal_Videos605_x264:17.1	clip	3
uca:video_class:0039	uca_ucfcrime:Test:Normal_Videos605_x264:108.0	clip	3
uca:video_class:0039	uca_ucfcrime:Test:Normal_Videos611_x264:3.2	clip	3
uca:video_class:0039	uca_ucfcrime:Test:Normal_Videos611_x264:19.3	clip	3
uca:video_class:0039	uca_ucfcrime:Test:Normal_Videos611_x264:35.8	clip	3
uca:video_class:0039	uca_ucfcrime:Test:Normal_Videos616_x264:35.5	clip	3
uca:video_class:0039	uca_ucfcrime:Test:Normal_Videos616_x264:95.5	clip	3
uca:video_class:0039	uca_ucfcrime:Test:Normal_Videos618_x264:40.3	clip	3
uca:video_class:0039	uca_ucfcrime:Val:Normal_Videos640_x264:58.0	clip	3
uca:video_class:0039	uca_ucfcrime:Val:Normal_Videos643_x264:65.7	clip	3
uca:video_class:0039	uca_ucfcrime:Val:Normal_Videos643_x264:102.9	clip	3
uca:video_class:0039	uca_ucfcrime:Val:Normal_Videos644_x264:39.1	clip	3
uca:video_class:0039	uca_ucfcrime:Val:Normal_Videos650_x264:2.0	clip	3
uca:video_class:0039	uca_ucfcrime:Val:Normal_Videos650_x264:10.4	clip	3
uca:video_class:0039	uca_ucfcrime:Val:Normal_Videos650_x264:35.4	clip	3
uca:video_class:0039	uca_ucfcrime:Val:Normal_Videos660_x264:22.9	clip	3
uca:video_class:0039	uca_ucfcrime:Val:Normal_Videos660_x264:31.7	clip	3
uca:video_class:0039	uca_ucfcrime:Val:Normal_Videos673_x264:34.9	clip	3
uca:video_class:0039	uca_ucfcrime:Val:Normal_Videos673_x264:67.3	clip	3
uca:video_class:0039	uca_ucfcrime:Val:Normal_Videos674_x264:122.2	clip	3
uca:video_class:0039	uca_ucfcrime:Val:Normal_Videos675_x264:6.5	clip	3
uca:video_class:0039	uca_ucfcrime:Val:Normal_Videos675_x264:17.2	clip	3
uca:video_class:0039	uca_ucfcrime:Val:Normal_Videos675_x264:30.6	clip	3
uca:video_class:0039	uca_ucfcrime:Val:Normal_Videos675_x264:43.0	clip	3
uca:video_class:0039	uca_ucfcrime:Val:Normal_Videos676_x264:8.2	clip	3
uca:video_class:0039	uca_ucfcrime:Val:Normal_Videos676_x264:93.1	clip	3
uca:video_class:0039	uca_ucfcrime:Val:Normal_Videos680_x264:5.2	clip	3
uca:video_class:0039	uca_ucfcrime:Val:Normal_Videos680_x264:16.0	clip	3
uca:video_class:0039	uca_ucfcrime:Val:Normal_Videos681_x264:8.2	clip	3
uca:video_class:0039	uca_ucfcrime:Val:Normal_Videos681_x264:878.2	clip	3
uca:video_class:0039	uca_ucfcrime:Val:Normal_Videos684_x264:104.8	clip	3
uca:video_class:0039	uca_ucfcrime:Val:Normal_Videos684_x264:590.0	clip	3
uca:video_class:0039	uca_ucfcrime:Val:Normal_Videos697_x264:28.9	clip	3
uca:video_class:0039	uca_ucfcrime:Val:Normal_Videos699_x264:6.9	clip	3
uca:video_class:0039	uca_ucfcrime:Val:Normal_Videos711_x264:5.7	clip	3
uca:video_class:0039	uca_ucfcrime:Val:Normal_Videos730_x264:12.0	clip	3
uca:video_class:0039	uca_ucfcrime:Val:Normal_Videos733_x264:21.4	clip	3
uca:video_class:0039	uca_ucfcrime:Val:Normal_Videos733_x264:29.2	clip	3
uca:video_class:0039	uca_ucfcrime:Val:Normal_Videos734_x264:23.9	clip	3
uca:video_class:0039	uca_ucfcrime:Val:Normal_Videos735_x264:16.8	clip	3
uca:video_class:0039	uca_ucfcrime:Val:Normal_Videos736_x264:18.4	clip	3
uca:video_class:0039	uca_ucfcrime:Val:Normal_Videos737_x264:15.6	clip	3
uca:video_class:0039	uca_ucfcrime:Val:Normal_Videos737_x264:21.6	clip	3
uca:video_class:0039	uca_ucfcrime:Val:Normal_Videos738_x264:24.0	clip	3
uca:video_class:0039	uca_ucfcrime:Val:Normal_Videos739_x264:23.6	clip	3
uca:video_class:0039	uca_ucfcrime:Val:Normal_Videos748_x264:4.6	clip	3
uca:video_class:0039	uca_ucfcrime:Val:Normal_Videos748_x264:17.1	clip	3
uca:video_class:0039	uca_ucfcrime:Val:Normal_Videos749_x264:16.9	clip	3
uca:video_class:0039	uca_ucfcrime:Val:Normal_Videos762_x264:159.6	clip	3
uca:video_class:0039	uca_ucfcrime:Val:Normal_Videos763_x264:7.6	clip	3
uca:video_class:0039	uca_ucfcrime:Val:Normal_Videos763_x264:33.6	clip	3
uca:video_class:0039	uca_ucfcrime:Val:Normal_Videos763_x264:118.0	clip	3
uca:video_class:0039	uca_ucfcrime:Val:Normal_Videos771_x264:66.2	clip	3
uca:video_class:0039	uca_ucfcrime:Val:Normal_Videos775_x264:53.6	clip	3
uca:video_class:0039	uca_ucfcrime:Val:Normal_Videos794_x264:96.3	clip	3
uca:video_class:0039	uca_ucfcrime:Val:Normal_Videos795_x264:3.5	clip	3
uca:video_class:0039	uca_ucfcrime:Val:Normal_Videos811_x264:13.2	clip	3
uca:video_class:0039	uca_ucfcrime:Val:Normal_Videos833_x264:69.6	clip	3
uca:video_class:0039	uca_ucfcrime:Val:Normal_Videos848_x264:66.1	clip	3
uca:video_class:0039	uca_ucfcrime:Val:Normal_Videos849_x264:93.2	clip	3
uca:video_class:0039	uca_ucfcrime:Val:Normal_Videos851_x264:55.7	clip	3
uca:video_class:0039	uca_ucfcrime:Val:Normal_Videos855_x264:585.7	clip	3
uca:video_class:0039	uca_ucfcrime:Val:Normal_Videos948_x264:77.1	clip	3
uca:video_class:0039	uca_ucfcrime:Val:Normal_Videos949_x264:9.0	clip	3
uca:video_class:0039	uca_ucfcrime:Train:Normal_Videos_027_x264:11.7	clip	3
uca:video_class:0039	uca_ucfcrime:Train:Normal_Videos_027_x264:19.1	clip	3
uca:video_class:0039	uca_ucfcrime:Train:Normal_Videos_027_x264:24.1	clip	3
uca:video_class:0039	uca_ucfcrime:Train:Normal_Videos_251_x264:11.5	clip	3
uca:video_class:0039	uca_ucfcrime:Train:Normal_Videos_453_x264:25.8	clip	3
uca:video_class:0039	uca_ucfcrime:Train:Normal_Videos_710_x264:37.3	clip	3
uca:video_class:0039	uca_ucfcrime:Train:Normal_Videos_868_x264:10.3	clip	3
uca:video_class:0039	uca_ucfcrime:Train:Normal_Videos_874_x264:108.4	clip	3
uca:video_class:0039	uca_ucfcrime:Val:Normal_Videos_943_x264:6.4	clip	3
uca:video_class:0039	uca_ucfcrime:Val:Normal_Videos_943_x264:11.5	clip	3
uca:video_class:0039	uca_ucfcrime:Val:Normal_Videos_943_x264:20.1	clip	3
uca:video_class:0039	uca_ucfcrime:Val:Normal_Videos_943_x264:24.1	clip	3
uca:video_class:0040	uca_ucfcrime:Train:Normal_Videos001_x264:5.7	clip	3
uca:video_class:0040	uca_ucfcrime:Train:Normal_Videos002_x264:52.8	clip	3
uca:video_class:0040	uca_ucfcrime:Train:Normal_Videos004_x264:28.1	clip	3
uca:video_class:0040	uca_ucfcrime:Train:Normal_Videos012_x264:18.8	clip	3
uca:video_class:0040	uca_ucfcrime:Train:Normal_Videos020_x264:12.2	clip	3
uca:video_class:0040	uca_ucfcrime:Train:Normal_Videos026_x264:24.4	clip	3
uca:video_class:0040	uca_ucfcrime:Train:Normal_Videos026_x264:47.7	clip	3
uca:video_class:0040	uca_ucfcrime:Train:Normal_Videos026_x264:85.3	clip	3
uca:video_class:0040	uca_ucfcrime:Train:Normal_Videos035_x264:377.8	clip	3
uca:video_class:0040	uca_ucfcrime:Train:Normal_Videos036_x264:31.0	clip	3
uca:video_class:0040	uca_ucfcrime:Train:Normal_Videos039_x264:13.1	clip	3
uca:video_class:0040	uca_ucfcrime:Train:Normal_Videos043_x264:4.6	clip	3
uca:video_class:0040	uca_ucfcrime:Train:Normal_Videos043_x264:37.9	clip	3
uca:video_class:0040	uca_ucfcrime:Train:Normal_Videos049_x264:38.3	clip	3
uca:video_class:0040	uca_ucfcrime:Train:Normal_Videos058_x264:19.2	clip	3
uca:video_class:0040	uca_ucfcrime:Train:Normal_Videos058_x264:25.7	clip	3
uca:video_class:0040	uca_ucfcrime:Train:Normal_Videos064_x264:18.2	clip	3
uca:video_class:0040	uca_ucfcrime:Train:Normal_Videos064_x264:40.8	clip	3
uca:video_class:0040	uca_ucfcrime:Train:Normal_Videos064_x264:63.8	clip	3
uca:video_class:0040	uca_ucfcrime:Train:Normal_Videos075_x264:71.2	clip	3
uca:video_class:0040	uca_ucfcrime:Train:Normal_Videos084_x264:912.0	clip	3
uca:video_class:0040	uca_ucfcrime:Train:Normal_Videos086_x264:53.9	clip	3
uca:video_class:0040	uca_ucfcrime:Train:Normal_Videos094_x264:32.2	clip	3
uca:video_class:0040	uca_ucfcrime:Train:Normal_Videos094_x264:49.6	clip	3
uca:video_class:0040	uca_ucfcrime:Train:Normal_Videos096_x264:7.3	clip	3
uca:video_class:0040	uca_ucfcrime:Train:Normal_Videos096_x264:13.3	clip	3
uca:video_class:0040	uca_ucfcrime:Train:Normal_Videos096_x264:24.2	clip	3
uca:video_class:0040	uca_ucfcrime:Train:Normal_Videos097_x264:43.6	clip	3
uca:video_class:0040	uca_ucfcrime:Train:Normal_Videos097_x264:98.5	clip	3
uca:video_class:0040	uca_ucfcrime:Train:Normal_Videos101_x264:31.4	clip	3
uca:video_class:0040	uca_ucfcrime:Train:Normal_Videos102_x264:7.0	clip	3
uca:video_class:0040	uca_ucfcrime:Train:Normal_Videos102_x264:25.2	clip	3
uca:video_class:0040	uca_ucfcrime:Train:Normal_Videos109_x264:34.9	clip	3
uca:video_class:0040	uca_ucfcrime:Train:Normal_Videos111_x264:308.3	clip	3
uca:video_class:0040	uca_ucfcrime:Train:Normal_Videos115_x264:7.1	clip	3
uca:video_class:0040	uca_ucfcrime:Train:Normal_Videos116_x264:118.8	clip	3
uca:video_class:0040	uca_ucfcrime:Train:Normal_Videos116_x264:145.1	clip	3
uca:video_class:0040	uca_ucfcrime:Train:Normal_Videos117_x264:31.1	clip	3
uca:video_class:0040	uca_ucfcrime:Train:Normal_Videos120_x264:6.6	clip	3
uca:video_class:0040	uca_ucfcrime:Train:Normal_Videos128_x264:52.3	clip	3
uca:video_class:0040	uca_ucfcrime:Train:Normal_Videos130_x264:7.6	clip	3
uca:video_class:0040	uca_ucfcrime:Train:Normal_Videos133_x264:3.1	clip	3
uca:video_class:0040	uca_ucfcrime:Train:Normal_Videos133_x264:48.2	clip	3
uca:video_class:0040	uca_ucfcrime:Train:Normal_Videos134_x264:88.8	clip	3
uca:video_class:0040	uca_ucfcrime:Train:Normal_Videos138_x264:1451.9	clip	3
uca:video_class:0040	uca_ucfcrime:Train:Normal_Videos160_x264:25.5	clip	3
uca:video_class:0040	uca_ucfcrime:Train:Normal_Videos170_x264:34.5	clip	3
uca:video_class:0040	uca_ucfcrime:Train:Normal_Videos171_x264:2.5	clip	3
uca:video_class:0040	uca_ucfcrime:Train:Normal_Videos171_x264:437.7	clip	3
uca:video_class:0040	uca_ucfcrime:Train:Normal_Videos173_x264:10.1	clip	3
uca:video_class:0040	uca_ucfcrime:Train:Normal_Videos174_x264:8.1	clip	3
uca:video_class:0040	uca_ucfcrime:Train:Normal_Videos174_x264:24.7	clip	3
uca:video_class:0040	uca_ucfcrime:Train:Normal_Videos194_x264:18.6	clip	3
uca:video_class:0040	uca_ucfcrime:Train:Normal_Videos194_x264:106.1	clip	3
uca:video_class:0040	uca_ucfcrime:Train:Normal_Videos197_x264:44.6	clip	3
uca:video_class:0040	uca_ucfcrime:Train:Normal_Videos199_x264:202.6	clip	3
uca:video_class:0040	uca_ucfcrime:Train:Normal_Videos199_x264:225.2	clip	3
uca:video_class:0040	uca_ucfcrime:Train:Normal_Videos202_x264:41.5	clip	3
uca:video_class:0040	uca_ucfcrime:Train:Normal_Videos205_x264:61.9	clip	3
uca:video_class:0040	uca_ucfcrime:Train:Normal_Videos207_x264:12.8	clip	3
uca:video_class:0040	uca_ucfcrime:Train:Normal_Videos207_x264:85.2	clip	3
uca:video_class:0040	uca_ucfcrime:Train:Normal_Videos209_x264:13.1	clip	3
uca:video_class:0040	uca_ucfcrime:Train:Normal_Videos209_x264:16.7	clip	3
uca:video_class:0040	uca_ucfcrime:Train:Normal_Videos220_x264:54.5	clip	3
uca:video_class:0040	uca_ucfcrime:Train:Normal_Videos220_x264:86.6	clip	3
uca:video_class:0040	uca_ucfcrime:Train:Normal_Videos225_x264:115.6	clip	3
uca:video_class:0040	uca_ucfcrime:Train:Normal_Videos269_x264:4.6	clip	3
uca:video_class:0040	uca_ucfcrime:Train:Normal_Videos273_x264:110.0	clip	3
uca:video_class:0040	uca_ucfcrime:Train:Normal_Videos275_x264:37.5	clip	3
uca:video_class:0040	uca_ucfcrime:Train:Normal_Videos276_x264:88.7	clip	3
uca:video_class:0040	uca_ucfcrime:Train:Normal_Videos276_x264:132.1	clip	3
uca:video_class:0040	uca_ucfcrime:Train:Normal_Videos277_x264:438.8	clip	3
uca:video_class:0040	uca_ucfcrime:Train:Normal_Videos278_x264:32.0	clip	3
uca:video_class:0040	uca_ucfcrime:Train:Normal_Videos280_x264:71.7	clip	3
uca:video_class:0040	uca_ucfcrime:Train:Normal_Videos302_x264:57.0	clip	3
uca:video_class:0040	uca_ucfcrime:Train:Normal_Videos306_x264:12.1	clip	3
uca:video_class:0040	uca_ucfcrime:Train:Normal_Videos313_x264:21.8	clip	3
uca:video_class:0040	uca_ucfcrime:Train:Normal_Videos315_x264:1.7	clip	3
uca:video_class:0040	uca_ucfcrime:Train:Normal_Videos316_x264:28.0	clip	3
uca:video_class:0040	uca_ucfcrime:Train:Normal_Videos336_x264:38.2	clip	3
uca:video_class:0040	uca_ucfcrime:Train:Normal_Videos339_x264:292.6	clip	3
uca:video_class:0040	uca_ucfcrime:Train:Normal_Videos342_x264:13.5	clip	3
uca:video_class:0040	uca_ucfcrime:Train:Normal_Videos342_x264:64.1	clip	3
uca:video_class:0040	uca_ucfcrime:Train:Normal_Videos342_x264:118.0	clip	3
uca:video_class:0040	uca_ucfcrime:Train:Normal_Videos346_x264:59.0	clip	3
uca:video_class:0040	uca_ucfcrime:Train:Normal_Videos346_x264:163.5	clip	3
uca:video_class:0040	uca_ucfcrime:Train:Normal_Videos350_x264:37.1	clip	3
uca:video_class:0040	uca_ucfcrime:Train:Normal_Videos357_x264:23.6	clip	3
uca:video_class:0040	uca_ucfcrime:Train:Normal_Videos369_x264:70.5	clip	3
uca:video_class:0040	uca_ucfcrime:Train:Normal_Videos371_x264:367.6	clip	3
uca:video_class:0040	uca_ucfcrime:Train:Normal_Videos377_x264:223.6	clip	3
uca:video_class:0040	uca_ucfcrime:Train:Normal_Videos377_x264:423.4	clip	3
uca:video_class:0040	uca_ucfcrime:Train:Normal_Videos414_x264:8.2	clip	3
uca:video_class:0040	uca_ucfcrime:Train:Normal_Videos420_x264:191.7	clip	3
uca:video_class:0040	uca_ucfcrime:Train:Normal_Videos420_x264:352.6	clip	3
uca:video_class:0040	uca_ucfcrime:Train:Normal_Videos422_x264:23.4	clip	3
uca:video_class:0040	uca_ucfcrime:Train:Normal_Videos442_x264:47.7	clip	3
uca:video_class:0040	uca_ucfcrime:Train:Normal_Videos454_x264:21.1	clip	3
uca:video_class:0040	uca_ucfcrime:Train:Normal_Videos465_x264:47.1	clip	3
uca:video_class:0040	uca_ucfcrime:Train:Normal_Videos476_x264:141.6	clip	3
uca:video_class:0040	uca_ucfcrime:Train:Normal_Videos480_x264:55.5	clip	3
uca:video_class:0040	uca_ucfcrime:Train:Normal_Videos484_x264:1189.0	clip	3
uca:video_class:0040	uca_ucfcrime:Train:Normal_Videos512_x264:296.6	clip	3
uca:video_class:0040	uca_ucfcrime:Train:Normal_Videos512_x264:623.0	clip	3
uca:video_class:0040	uca_ucfcrime:Train:Normal_Videos526_x264:87.6	clip	3
uca:video_class:0040	uca_ucfcrime:Train:Normal_Videos526_x264:176.1	clip	3
uca:video_class:0040	uca_ucfcrime:Test:Normal_Videos566_x264:880.0	clip	3
uca:video_class:0040	uca_ucfcrime:Test:Normal_Videos567_x264:132.8	clip	3
uca:video_class:0040	uca_ucfcrime:Test:Normal_Videos570_x264:16.3	clip	3
uca:video_class:0040	uca_ucfcrime:Test:Normal_Videos574_x264:7.8	clip	3
uca:video_class:0040	uca_ucfcrime:Test:Normal_Videos579_x264:383.1	clip	3
uca:video_class:0040	uca_ucfcrime:Test:Normal_Videos593_x264:32.1	clip	3
uca:video_class:0040	uca_ucfcrime:Test:Normal_Videos612_x264:156.2	clip	3
uca:video_class:0040	uca_ucfcrime:Test:Normal_Videos613_x264:98.2	clip	3
uca:video_class:0040	uca_ucfcrime:Test:Normal_Videos636_x264:37.1	clip	3
uca:video_class:0040	uca_ucfcrime:Val:Normal_Videos639_x264:62.9	clip	3
uca:video_class:0040	uca_ucfcrime:Val:Normal_Videos640_x264:41.6	clip	3
uca:video_class:0040	uca_ucfcrime:Val:Normal_Videos650_x264:26.3	clip	3
uca:video_class:0040	uca_ucfcrime:Val:Normal_Videos654_x264:30.6	clip	3
uca:video_class:0040	uca_ucfcrime:Val:Normal_Videos661_x264:13.7	clip	3
uca:video_class:0040	uca_ucfcrime:Val:Normal_Videos665_x264:208.1	clip	3
uca:video_class:0040	uca_ucfcrime:Val:Normal_Videos665_x264:382.8	clip	3
uca:video_class:0040	uca_ucfcrime:Val:Normal_Videos670_x264:42.7	clip	3
uca:video_class:0040	uca_ucfcrime:Val:Normal_Videos672_x264:11.3	clip	3
uca:video_class:0040	uca_ucfcrime:Val:Normal_Videos678_x264:72.3	clip	3
uca:video_class:0040	uca_ucfcrime:Val:Normal_Videos681_x264:320.6	clip	3
uca:video_class:0040	uca_ucfcrime:Val:Normal_Videos687_x264:7.4	clip	3
uca:video_class:0040	uca_ucfcrime:Val:Normal_Videos720_x264:11.2	clip	3
uca:video_class:0040	uca_ucfcrime:Val:Normal_Videos720_x264:78.2	clip	3
uca:video_class:0040	uca_ucfcrime:Val:Normal_Videos734_x264:23.9	clip	3
uca:video_class:0040	uca_ucfcrime:Val:Normal_Videos735_x264:26.2	clip	3
uca:video_class:0040	uca_ucfcrime:Val:Normal_Videos736_x264:18.4	clip	3
uca:video_class:0040	uca_ucfcrime:Val:Normal_Videos737_x264:21.6	clip	3
uca:video_class:0040	uca_ucfcrime:Val:Normal_Videos739_x264:23.6	clip	3
uca:video_class:0040	uca_ucfcrime:Val:Normal_Videos744_x264:30.3	clip	3
uca:video_class:0040	uca_ucfcrime:Val:Normal_Videos753_x264:22.4	clip	3
uca:video_class:0040	uca_ucfcrime:Val:Normal_Videos757_x264:14.8	clip	3
uca:video_class:0040	uca_ucfcrime:Val:Normal_Videos764_x264:77.6	clip	3
uca:video_class:0040	uca_ucfcrime:Val:Normal_Videos764_x264:89.6	clip	3
uca:video_class:0040	uca_ucfcrime:Val:Normal_Videos794_x264:44.0	clip	3
uca:video_class:0040	uca_ucfcrime:Val:Normal_Videos795_x264:104.2	clip	3
uca:video_class:0040	uca_ucfcrime:Val:Normal_Videos799_x264:96.9	clip	3
uca:video_class:0040	uca_ucfcrime:Val:Normal_Videos824_x264:33.1	clip	3
uca:video_class:0040	uca_ucfcrime:Val:Normal_Videos850_x264:27.1	clip	3
uca:video_class:0040	uca_ucfcrime:Train:Normal_Videos_010_x264:6.0	clip	3
uca:video_class:0040	uca_ucfcrime:Train:Normal_Videos_018_x264:38.2	clip	3
uca:video_class:0040	uca_ucfcrime:Train:Normal_Videos_019_x264:85.3	clip	3
uca:video_class:0040	uca_ucfcrime:Train:Normal_Videos_027_x264:11.7	clip	3
uca:video_class:0040	uca_ucfcrime:Train:Normal_Videos_042_x264:96.4	clip	3
uca:video_class:0040	uca_ucfcrime:Train:Normal_Videos_317_x264:16.4	clip	3
uca:video_class:0040	uca_ucfcrime:Train:Normal_Videos_360_x264:13.7	clip	3
uca:video_class:0040	uca_ucfcrime:Train:Normal_Videos_884_x264:72.1	clip	3
uca:video_class:0040	uca_ucfcrime:Train:Normal_Videos_890_x264:22.6	clip	3
uca:video_class:0040	uca_ucfcrime:Train:Normal_Videos_891_x264:51.8	clip	3
uca:video_class:0040	uca_ucfcrime:Train:Normal_Videos_892_x264:55.0	clip	3
uca:video_class:0040	uca_ucfcrime:Test:Normal_Videos_928_x264:19.1	clip	3
uca:video_class:0040	uca_ucfcrime:Test:Normal_Videos_929_x264:26.6	clip	3
uca:video_class:0040	uca_ucfcrime:Val:Normal_Videos_936_x264:20.7	clip	3
uca:video_class:0040	uca_ucfcrime:Val:Normal_Videos_939_x264:5.1	clip	3
uca:video_class:0040	uca_ucfcrime:Val:Normal_Videos_939_x264:13.3	clip	3
uca:video_class:0041	uca_ucfcrime:Train:Normal_Videos008_x264:33.3	clip	3
uca:video_class:0041	uca_ucfcrime:Train:Normal_Videos012_x264:18.8	clip	3
uca:video_class:0041	uca_ucfcrime:Train:Normal_Videos021_x264:1.6	clip	3
uca:video_class:0041	uca_ucfcrime:Train:Normal_Videos026_x264:1.6	clip	3
uca:video_class:0041	uca_ucfcrime:Train:Normal_Videos028_x264:226.3	clip	3
uca:video_class:0041	uca_ucfcrime:Train:Normal_Videos031_x264:41.0	clip	3
uca:video_class:0041	uca_ucfcrime:Train:Normal_Videos047_x264:109.2	clip	3
uca:video_class:0041	uca_ucfcrime:Train:Normal_Videos047_x264:232.1	clip	3
uca:video_class:0041	uca_ucfcrime:Train:Normal_Videos057_x264:37.0	clip	3
uca:video_class:0041	uca_ucfcrime:Train:Normal_Videos061_x264:373.8	clip	3
uca:video_class:0041	uca_ucfcrime:Train:Normal_Videos061_x264:541.2	clip	3
uca:video_class:0041	uca_ucfcrime:Train:Normal_Videos062_x264:26.8	clip	3
uca:video_class:0041	uca_ucfcrime:Train:Normal_Videos119_x264:80.8	clip	3
uca:video_class:0041	uca_ucfcrime:Train:Normal_Videos119_x264:104.8	clip	3
uca:video_class:0041	uca_ucfcrime:Train:Normal_Videos131_x264:36.8	clip	3
uca:video_class:0041	uca_ucfcrime:Train:Normal_Videos133_x264:136.7	clip	3
uca:video_class:0041	uca_ucfcrime:Train:Normal_Videos139_x264:296.6	clip	3
uca:video_class:0041	uca_ucfcrime:Train:Normal_Videos152_x264:163.6	clip	3
uca:video_class:0041	uca_ucfcrime:Train:Normal_Videos174_x264:24.7	clip	3
uca:video_class:0041	uca_ucfcrime:Train:Normal_Videos178_x264:13.3	clip	3
uca:video_class:0041	uca_ucfcrime:Train:Normal_Videos186_x264:273.1	clip	3
uca:video_class:0041	uca_ucfcrime:Train:Normal_Videos187_x264:134.7	clip	3
uca:video_class:0041	uca_ucfcrime:Train:Normal_Videos197_x264:51.1	clip	3
uca:video_class:0041	uca_ucfcrime:Train:Normal_Videos197_x264:78.2	clip	3
uca:video_class:0041	uca_ucfcrime:Train:Normal_Videos201_x264:4.5	clip	3
uca:video_class:0041	uca_ucfcrime:Train:Normal_Videos205_x264:156.4	clip	3
uca:video_class:0041	uca_ucfcrime:Train:Normal_Videos207_x264:85.2	clip	3
uca:video_class:0041	uca_ucfcrime:Train:Normal_Videos208_x264:19.7	clip	3
uca:video_class:0041	uca_ucfcrime:Train:Normal_Videos214_x264:100.7	clip	3
uca:video_class:0041	uca_ucfcrime:Train:Normal_Videos216_x264:40.6	clip	3
uca:video_class:0041	uca_ucfcrime:Train:Normal_Videos219_x264:82.5	clip	3
uca:video_class:0041	uca_ucfcrime:Train:Normal_Videos222_x264:26.1	clip	3
uca:video_class:0041	uca_ucfcrime:Train:Normal_Videos225_x264:330.4	clip	3
uca:video_class:0041	uca_ucfcrime:Train:Normal_Videos227_x264:19.6	clip	3
uca:video_class:0041	uca_ucfcrime:Train:Normal_Videos230_x264:14.6	clip	3
uca:video_class:0041	uca_ucfcrime:Train:Normal_Videos233_x264:24.1	clip	3
uca:video_class:0041	uca_ucfcrime:Train:Normal_Videos234_x264:173.1	clip	3
uca:video_class:0041	uca_ucfcrime:Train:Normal_Videos235_x264:36.0	clip	3
uca:video_class:0041	uca_ucfcrime:Train:Normal_Videos236_x264:24.0	clip	3
uca:video_class:0041	uca_ucfcrime:Train:Normal_Videos236_x264:37.1	clip	3
uca:video_class:0041	uca_ucfcrime:Train:Normal_Videos237_x264:10.6	clip	3
uca:video_class:0041	uca_ucfcrime:Train:Normal_Videos238_x264:59.5	clip	3
uca:video_class:0041	uca_ucfcrime:Train:Normal_Videos238_x264:93.2	clip	3
uca:video_class:0041	uca_ucfcrime:Train:Normal_Videos241_x264:69.5	clip	3
uca:video_class:0041	uca_ucfcrime:Train:Normal_Videos245_x264:136.6	clip	3
uca:video_class:0041	uca_ucfcrime:Train:Normal_Videos250_x264:40.5	clip	3
uca:video_class:0041	uca_ucfcrime:Train:Normal_Videos258_x264:35.7	clip	3
uca:video_class:0041	uca_ucfcrime:Train:Normal_Videos264_x264:21.6	clip	3
uca:video_class:0041	uca_ucfcrime:Train:Normal_Videos283_x264:153.6	clip	3
uca:video_class:0041	uca_ucfcrime:Train:Normal_Videos288_x264:58.5	clip	3
uca:video_class:0041	uca_ucfcrime:Train:Normal_Videos307_x264:20407.2	clip	3
uca:video_class:0041	uca_ucfcrime:Train:Normal_Videos332_x264:60.6	clip	3
uca:video_class:0041	uca_ucfcrime:Train:Normal_Videos334_x264:15.1	clip	3
uca:video_class:0041	uca_ucfcrime:Train:Normal_Videos338_x264:3.0	clip	3
uca:video_class:0041	uca_ucfcrime:Train:Normal_Videos344_x264:3.5	clip	3
uca:video_class:0041	uca_ucfcrime:Train:Normal_Videos346_x264:48.5	clip	3
uca:video_class:0041	uca_ucfcrime:Train:Normal_Videos346_x264:59.0	clip	3
uca:video_class:0041	uca_ucfcrime:Train:Normal_Videos346_x264:163.5	clip	3
uca:video_class:0041	uca_ucfcrime:Train:Normal_Videos347_x264:1.0	clip	3
uca:video_class:0041	uca_ucfcrime:Train:Normal_Videos347_x264:56.6	clip	3
uca:video_class:0041	uca_ucfcrime:Train:Normal_Videos348_x264:32.5	clip	3
uca:video_class:0041	uca_ucfcrime:Train:Normal_Videos349_x264:115.6	clip	3
uca:video_class:0041	uca_ucfcrime:Train:Normal_Videos354_x264:5.0	clip	3
uca:video_class:0041	uca_ucfcrime:Train:Normal_Videos356_x264:8.0	clip	3
uca:video_class:0041	uca_ucfcrime:Train:Normal_Videos362_x264:20.1	clip	3
uca:video_class:0041	uca_ucfcrime:Train:Normal_Videos363_x264:139.1	clip	3
uca:video_class:0041	uca_ucfcrime:Train:Normal_Videos369_x264:97.5	clip	3
uca:video_class:0041	uca_ucfcrime:Train:Normal_Videos377_x264:423.4	clip	3
uca:video_class:0041	uca_ucfcrime:Train:Normal_Videos412_x264:16.6	clip	3
uca:video_class:0041	uca_ucfcrime:Train:Normal_Videos421_x264:78.9	clip	3
uca:video_class:0041	uca_ucfcrime:Train:Normal_Videos422_x264:5.6	clip	3
uca:video_class:0041	uca_ucfcrime:Train:Normal_Videos422_x264:38.9	clip	3
uca:video_class:0041	uca_ucfcrime:Train:Normal_Videos441_x264:17.4	clip	3
uca:video_class:0041	uca_ucfcrime:Train:Normal_Videos441_x264:43.3	clip	3
uca:video_class:0041	uca_ucfcrime:Train:Normal_Videos448_x264:564.4	clip	3
uca:video_class:0041	uca_ucfcrime:Train:Normal_Videos450_x264:2116.6	clip	3
uca:video_class:0041	uca_ucfcrime:Train:Normal_Videos454_x264:21.1	clip	3
uca:video_class:0041	uca_ucfcrime:Train:Normal_Videos456_x264:32.5	clip	3
uca:video_class:0041	uca_ucfcrime:Train:Normal_Videos461_x264:58.9	clip	3
uca:video_class:0041	uca_ucfcrime:Train:Normal_Videos465_x264:88.1	clip	3
uca:video_class:0041	uca_ucfcrime:Train:Normal_Videos474_x264:9.1	clip	3
uca:video_class:0041	uca_ucfcrime:Train:Normal_Videos480_x264:55.5	clip	3
uca:video_class:0041	uca_ucfcrime:Train:Normal_Videos482_x264:17.5	clip	3
uca:video_class:0041	uca_ucfcrime:Train:Normal_Videos484_x264:4.5	clip	3
uca:video_class:0041	uca_ucfcrime:Train:Normal_Videos484_x264:831.5	clip	3
uca:video_class:0041	uca_ucfcrime:Train:Normal_Videos492_x264:1081.0	clip	3
uca:video_class:0041	uca_ucfcrime:Train:Normal_Videos498_x264:9.1	clip	3
uca:video_class:0041	uca_ucfcrime:Train:Normal_Videos499_x264:62.1	clip	3
uca:video_class:0041	uca_ucfcrime:Train:Normal_Videos532_x264:4.0	clip	3
uca:video_class:0041	uca_ucfcrime:Train:Normal_Videos533_x264:802.2	clip	3
uca:video_class:0041	uca_ucfcrime:Train:Normal_Videos533_x264:1793.5	clip	3
uca:video_class:0041	uca_ucfcrime:Train:Normal_Videos533_x264:2633.5	clip	3
uca:video_class:0041	uca_ucfcrime:Test:Normal_Videos540_x264:878.8	clip	3
uca:video_class:0041	uca_ucfcrime:Test:Normal_Videos554_x264:64.6	clip	3
uca:video_class:0041	uca_ucfcrime:Test:Normal_Videos558_x264:52.6	clip	3
uca:video_class:0041	uca_ucfcrime:Test:Normal_Videos567_x264:172.9	clip	3
uca:video_class:0041	uca_ucfcrime:Test:Normal_Videos568_x264:141.2	clip	3
uca:video_class:0041	uca_ucfcrime:Test:Normal_Videos573_x264:6.2	clip	3
uca:video_class:0041	uca_ucfcrime:Test:Normal_Videos573_x264:47.6	clip	3
uca:video_class:0041	uca_ucfcrime:Test:Normal_Videos573_x264:73.8	clip	3
uca:video_class:0041	uca_ucfcrime:Test:Normal_Videos574_x264:131.2	clip	3
uca:video_class:0041	uca_ucfcrime:Test:Normal_Videos586_x264:23.7	clip	3
uca:video_class:0041	uca_ucfcrime:Test:Normal_Videos587_x264:7.2	clip	3
uca:video_class:0041	uca_ucfcrime:Test:Normal_Videos587_x264:166.8	clip	3
uca:video_class:0041	uca_ucfcrime:Test:Normal_Videos592_x264:11.6	clip	3
uca:video_class:0041	uca_ucfcrime:Test:Normal_Videos598_x264:116.1	clip	3
uca:video_class:0041	uca_ucfcrime:Test:Normal_Videos604_x264:6.7	clip	3
uca:video_class:0041	uca_ucfcrime:Test:Normal_Videos605_x264:108.0	clip	3
uca:video_class:0041	uca_ucfcrime:Test:Normal_Videos611_x264:19.3	clip	3
uca:video_class:0041	uca_ucfcrime:Test:Normal_Videos613_x264:168.1	clip	3
uca:video_class:0041	uca_ucfcrime:Test:Normal_Videos616_x264:95.5	clip	3
uca:video_class:0041	uca_ucfcrime:Test:Normal_Videos616_x264:148.8	clip	3
uca:video_class:0041	uca_ucfcrime:Test:Normal_Videos620_x264:183.1	clip	3
uca:video_class:0041	uca_ucfcrime:Test:Normal_Videos622_x264:20.4	clip	3
uca:video_class:0041	uca_ucfcrime:Test:Normal_Videos622_x264:75.8	clip	3
uca:video_class:0041	uca_ucfcrime:Test:Normal_Videos630_x264:616.3	clip	3
uca:video_class:0041	uca_ucfcrime:Test:Normal_Videos631_x264:204.4	clip	3
uca:video_class:0041	uca_ucfcrime:Val:Normal_Videos644_x264:12.1	clip	3
uca:video_class:0041	uca_ucfcrime:Val:Normal_Videos647_x264:65.7	clip	3
uca:video_class:0041	uca_ucfcrime:Val:Normal_Videos650_x264:10.4	clip	3
uca:video_class:0041	uca_ucfcrime:Val:Normal_Videos652_x264:96.8	clip	3
uca:video_class:0041	uca_ucfcrime:Val:Normal_Videos654_x264:1.1	clip	3
uca:video_class:0041	uca_ucfcrime:Val:Normal_Videos676_x264:93.1	clip	3
uca:video_class:0041	uca_ucfcrime:Val:Normal_Videos680_x264:16.0	clip	3
uca:video_class:0041	uca_ucfcrime:Val:Normal_Videos681_x264:8.2	clip	3
uca:video_class:0041	uca_ucfcrime:Val:Normal_Videos681_x264:320.6	clip	3
uca:video_class:0041	uca_ucfcrime:Val:Normal_Videos698_x264:19.1	clip	3
uca:video_class:0041	uca_ucfcrime:Val:Normal_Videos707_x264:30.1	clip	3
uca:video_class:0041	uca_ucfcrime:Val:Normal_Videos712_x264:45.8	clip	3
uca:video_class:0041	uca_ucfcrime:Val:Normal_Videos714_x264:1681.0	clip	3
uca:video_class:0041	uca_ucfcrime:Val:Normal_Videos714_x264:2631.6	clip	3
uca:video_class:0041	uca_ucfcrime:Val:Normal_Videos721_x264:17.5	clip	3
uca:video_class:0041	uca_ucfcrime:Val:Normal_Videos727_x264:11.9	clip	3
uca:video_class:0041	uca_ucfcrime:Val:Normal_Videos772_x264:22.2	clip	3
uca:video_class:0041	uca_ucfcrime:Val:Normal_Videos774_x264:53.8	clip	3
uca:video_class:0041	uca_ucfcrime:Val:Normal_Videos775_x264:14.2	clip	3
uca:video_class:0041	uca_ucfcrime:Val:Normal_Videos775_x264:38.6	clip	3
uca:video_class:0041	uca_ucfcrime:Val:Normal_Videos777_x264:139.1	clip	3
uca:video_class:0041	uca_ucfcrime:Val:Normal_Videos791_x264:114.7	clip	3
uca:video_class:0041	uca_ucfcrime:Val:Normal_Videos795_x264:104.2	clip	3
uca:video_class:0041	uca_ucfcrime:Val:Normal_Videos821_x264:10.2	clip	3
uca:video_class:0041	uca_ucfcrime:Val:Normal_Videos821_x264:74.2	clip	3
uca:video_class:0041	uca_ucfcrime:Val:Normal_Videos823_x264:22.8	clip	3
uca:video_class:0041	uca_ucfcrime:Val:Normal_Videos836_x264:193.3	clip	3
uca:video_class:0041	uca_ucfcrime:Val:Normal_Videos836_x264:768.1	clip	3
uca:video_class:0041	uca_ucfcrime:Val:Normal_Videos848_x264:66.1	clip	3
uca:video_class:0041	uca_ucfcrime:Val:Normal_Videos865_x264:36.2	clip	3
uca:video_class:0041	uca_ucfcrime:Val:Normal_Videos917_x264:25.3	clip	3
uca:video_class:0041	uca_ucfcrime:Train:Normal_Videos_019_x264:85.3	clip	3
uca:video_class:0041	uca_ucfcrime:Train:Normal_Videos_051_x264:12.0	clip	3
uca:video_class:0041	uca_ucfcrime:Train:Normal_Videos_051_x264:45.1	clip	3
uca:video_class:0041	uca_ucfcrime:Train:Normal_Videos_063_x264:8.5	clip	3
uca:video_class:0041	uca_ucfcrime:Train:Normal_Videos_067_x264:22.5	clip	3
uca:video_class:0041	uca_ucfcrime:Train:Normal_Videos_070_x264:1.6	clip	3
uca:video_class:0041	uca_ucfcrime:Train:Normal_Videos_070_x264:17.4	clip	3
uca:video_class:0041	uca_ucfcrime:Train:Normal_Videos_217_x264:47.5	clip	3
uca:video_class:0041	uca_ucfcrime:Train:Normal_Videos_248_x264:35.9	clip	3
uca:video_class:0041	uca_ucfcrime:Train:Normal_Videos_251_x264:5.7	clip	3
uca:video_class:0041	uca_ucfcrime:Train:Normal_Videos_597_x264:61.2	clip	3
uca:video_class:0041	uca_ucfcrime:Train:Normal_Videos_899_x264:17.4	clip	3
uca:video_class:0041	uca_ucfcrime:Test:Normal_Videos_932_x264:5.3	clip	3
uca:video_class:0041	uca_ucfcrime:Val:Normal_Videos_938_x264:5.2	clip	3
uca:video_class:0042	uca_ucfcrime:Train:RoadAccidents003_x264:11.9	clip	3
uca:video_class:0042	uca_ucfcrime:Train:RoadAccidents019_x264:37.2	clip	3
uca:video_class:0042	uca_ucfcrime:Train:RoadAccidents024_x264:10.9	clip	3
uca:video_class:0042	uca_ucfcrime:Train:RoadAccidents053_x264:4.5	clip	3
uca:video_class:0042	uca_ucfcrime:Train:RoadAccidents066_x264:47.8	clip	3
uca:video_class:0042	uca_ucfcrime:Train:RoadAccidents068_x264:22.2	clip	3
uca:video_class:0042	uca_ucfcrime:Train:RoadAccidents077_x264:5.9	clip	3
uca:video_class:0042	uca_ucfcrime:Train:RoadAccidents090_x264:8.7	clip	3
uca:video_class:0042	uca_ucfcrime:Train:RoadAccidents098_x264:38.2	clip	3
uca:video_class:0042	uca_ucfcrime:Train:RoadAccidents104_x264:4.8	clip	3
uca:video_class:0042	uca_ucfcrime:Test:RoadAccidents109_x264:1.9	clip	3
uca:video_class:0042	uca_ucfcrime:Test:RoadAccidents115_x264:37.4	clip	3
uca:video_class:0042	uca_ucfcrime:Test:RoadAccidents133_x264:18.6	clip	3
uca:video_class:0042	uca_ucfcrime:Test:RoadAccidents135_x264:22.9	clip	3
uca:video_class:0042	uca_ucfcrime:Test:RoadAccidents137_x264:9.1	clip	3
uca:video_class:0042	uca_ucfcrime:Test:RoadAccidents143_x264:8.3	clip	3
uca:video_class:0043	uca_ucfcrime:Train:RoadAccidents002_x264:10.1	clip	3
uca:video_class:0043	uca_ucfcrime:Train:RoadAccidents005_x264:3.5	clip	3
uca:video_class:0043	uca_ucfcrime:Train:RoadAccidents006_x264:34.2	clip	3
uca:video_class:0043	uca_ucfcrime:Train:RoadAccidents008_x264:8.9	clip	3
uca:video_class:0043	uca_ucfcrime:Train:RoadAccidents008_x264:16.0	clip	3
uca:video_class:0043	uca_ucfcrime:Train:RoadAccidents009_x264:13.1	clip	3
uca:video_class:0043	uca_ucfcrime:Train:RoadAccidents010_x264:11.6	clip	3
uca:video_class:0043	uca_ucfcrime:Train:RoadAccidents012_x264:11.9	clip	3
uca:video_class:0043	uca_ucfcrime:Train:RoadAccidents018_x264:13.1	clip	3
uca:video_class:0043	uca_ucfcrime:Train:RoadAccidents019_x264:27.5	clip	3
uca:video_class:0043	uca_ucfcrime:Train:RoadAccidents022_x264:5.9	clip	3
uca:video_class:0043	uca_ucfcrime:Train:RoadAccidents024_x264:10.9	clip	3
uca:video_class:0043	uca_ucfcrime:Train:RoadAccidents024_x264:103.7	clip	3
uca:video_class:0043	uca_ucfcrime:Train:RoadAccidents024_x264:192.2	clip	3
uca:video_class:0043	uca_ucfcrime:Train:RoadAccidents025_x264:16.1	clip	3
uca:video_class:0043	uca_ucfcrime:Train:RoadAccidents026_x264:16.1	clip	3
uca:video_class:0043	uca_ucfcrime:Train:RoadAccidents028_x264:9.2	clip	3
uca:video_class:0043	uca_ucfcrime:Train:RoadAccidents028_x264:16.6	clip	3
uca:video_class:0043	uca_ucfcrime:Train:RoadAccidents029_x264:1.0	clip	3
uca:video_class:0043	uca_ucfcrime:Train:RoadAccidents030_x264:29.9	clip	3
uca:video_class:0043	uca_ucfcrime:Train:RoadAccidents031_x264:5.0	clip	3
uca:video_class:0043	uca_ucfcrime:Train:RoadAccidents032_x264:41.0	clip	3
uca:video_class:0043	uca_ucfcrime:Train:RoadAccidents033_x264:14.0	clip	3
uca:video_class:0043	uca_ucfcrime:Train:RoadAccidents034_x264:3.7	clip	3
uca:video_class:0043	uca_ucfcrime:Train:RoadAccidents035_x264:4.6	clip	3
uca:video_class:0043	uca_ucfcrime:Train:RoadAccidents036_x264:4.2	clip	3
uca:video_class:0043	uca_ucfcrime:Train:RoadAccidents037_x264:27.4	clip	3
uca:video_class:0043	uca_ucfcrime:Train:RoadAccidents038_x264:3.0	clip	3
uca:video_class:0043	uca_ucfcrime:Train:RoadAccidents039_x264:2.5	clip	3
uca:video_class:0043	uca_ucfcrime:Train:RoadAccidents042_x264:17.2	clip	3
uca:video_class:0043	uca_ucfcrime:Train:RoadAccidents051_x264:7.9	clip	3
uca:video_class:0043	uca_ucfcrime:Train:RoadAccidents052_x264:5.9	clip	3
uca:video_class:0043	uca_ucfcrime:Train:RoadAccidents053_x264:15.7	clip	3
uca:video_class:0043	uca_ucfcrime:Train:RoadAccidents056_x264:10.2	clip	3
uca:video_class:0043	uca_ucfcrime:Train:RoadAccidents057_x264:16.8	clip	3
uca:video_class:0043	uca_ucfcrime:Train:RoadAccidents058_x264:14.3	clip	3
uca:video_class:0043	uca_ucfcrime:Train:RoadAccidents059_x264:7.9	clip	3
uca:video_class:0043	uca_ucfcrime:Train:RoadAccidents061_x264:5.9	clip	3
uca:video_class:0043	uca_ucfcrime:Train:RoadAccidents065_x264:1.8	clip	3
uca:video_class:0043	uca_ucfcrime:Train:RoadAccidents066_x264:6.5	clip	3
uca:video_class:0043	uca_ucfcrime:Train:RoadAccidents070_x264:11.2	clip	3
uca:video_class:0043	uca_ucfcrime:Train:RoadAccidents071_x264:7.2	clip	3
uca:video_class:0043	uca_ucfcrime:Train:RoadAccidents079_x264:5.1	clip	3
uca:video_class:0043	uca_ucfcrime:Train:RoadAccidents083_x264:16.6	clip	3
uca:video_class:0043	uca_ucfcrime:Train:RoadAccidents084_x264:22.2	clip	3
uca:video_class:0043	uca_ucfcrime:Train:RoadAccidents085_x264:88.3	clip	3
uca:video_class:0043	uca_ucfcrime:Train:RoadAccidents086_x264:8.3	clip	3
uca:video_class:0043	uca_ucfcrime:Train:RoadAccidents088_x264:7.7	clip	3
uca:video_class:0043	uca_ucfcrime:Train:RoadAccidents091_x264:21.9	clip	3
uca:video_class:0043	uca_ucfcrime:Train:RoadAccidents092_x264:7.8	clip	3
uca:video_class:0043	uca_ucfcrime:Train:RoadAccidents093_x264:8.5	clip	3
uca:video_class:0043	uca_ucfcrime:Train:RoadAccidents094_x264:8.2	clip	3
uca:video_class:0043	uca_ucfcrime:Train:RoadAccidents095_x264:8.4	clip	3
uca:video_class:0043	uca_ucfcrime:Train:RoadAccidents096_x264:8.2	clip	3
uca:video_class:0043	uca_ucfcrime:Train:RoadAccidents098_x264:23.2	clip	3
uca:video_class:0043	uca_ucfcrime:Train:RoadAccidents099_x264:22.8	clip	3
uca:video_class:0043	uca_ucfcrime:Train:RoadAccidents101_x264:4.3	clip	3
uca:video_class:0043	uca_ucfcrime:Train:RoadAccidents103_x264:3.3	clip	3
uca:video_class:0043	uca_ucfcrime:Train:RoadAccidents105_x264:5.0	clip	3
uca:video_class:0043	uca_ucfcrime:Train:RoadAccidents108_x264:31.8	clip	3
uca:video_class:0043	uca_ucfcrime:Test:RoadAccidents109_x264:1.9	clip	3
uca:video_class:0043	uca_ucfcrime:Test:RoadAccidents110_x264:5.7	clip	3
uca:video_class:0043	uca_ucfcrime:Test:RoadAccidents113_x264:22.1	clip	3
uca:video_class:0043	uca_ucfcrime:Test:RoadAccidents114_x264:17.4	clip	3
uca:video_class:0043	uca_ucfcrime:Test:RoadAccidents115_x264:6.5	clip	3
uca:video_class:0043	uca_ucfcrime:Test:RoadAccidents116_x264:13.5	clip	3
uca:video_class:0043	uca_ucfcrime:Test:RoadAccidents117_x264:8.1	clip	3
uca:video_class:0043	uca_ucfcrime:Test:RoadAccidents118_x264:5.5	clip	3
uca:video_class:0043	uca_ucfcrime:Test:RoadAccidents118_x264:6.2	clip	3
uca:video_class:0043	uca_ucfcrime:Test:RoadAccidents121_x264:22.4	clip	3
uca:video_class:0043	uca_ucfcrime:Test:RoadAccidents124_x264:5.0	clip	3
uca:video_class:0043	uca_ucfcrime:Test:RoadAccidents124_x264:12.6	clip	3
uca:video_class:0043	uca_ucfcrime:Test:RoadAccidents124_x264:37.9	clip	3
uca:video_class:0043	uca_ucfcrime:Test:RoadAccidents125_x264:32.2	clip	3
uca:video_class:0043	uca_ucfcrime:Test:RoadAccidents128_x264:5.5	clip	3
uca:video_class:0043	uca_ucfcrime:Test:RoadAccidents129_x264:4.6	clip	3
uca:video_class:0043	uca_ucfcrime:Test:RoadAccidents130_x264:7.9	clip	3
uca:video_class:0043	uca_ucfcrime:Test:RoadAccidents132_x264:10.4	clip	3
uca:video_class:0043	uca_ucfcrime:Test:RoadAccidents134_x264:4.6	clip	3
uca:video_class:0043	uca_ucfcrime:Test:RoadAccidents135_x264:35.1	clip	3
uca:video_class:0043	uca_ucfcrime:Test:RoadAccidents138_x264:7.6	clip	3
uca:video_class:0043	uca_ucfcrime:Test:RoadAccidents141_x264:11.4	clip	3
uca:video_class:0043	uca_ucfcrime:Val:RoadAccidents148_x264:288.9	clip	3
uca:video_class:0043	uca_ucfcrime:Val:RoadAccidents149_x264:3.4	clip	3
uca:video_class:0043	uca_ucfcrime:Val:RoadAccidents150_x264:14.2	clip	3
uca:video_class:0044	uca_ucfcrime:Train:RoadAccidents020_x264:57.4	clip	3
uca:video_class:0044	uca_ucfcrime:Train:RoadAccidents026_x264:24.2	clip	3
uca:video_class:0044	uca_ucfcrime:Train:RoadAccidents032_x264:33.2	clip	3
uca:video_class:0044	uca_ucfcrime:Train:RoadAccidents034_x264:27.4	clip	3
uca:video_class:0044	uca_ucfcrime:Train:RoadAccidents038_x264:3.0	clip	3
uca:video_class:0044	uca_ucfcrime:Train:RoadAccidents038_x264:11.4	clip	3
uca:video_class:0044	uca_ucfcrime:Train:RoadAccidents039_x264:2.5	clip	3
uca:video_class:0044	uca_ucfcrime:Train:RoadAccidents040_x264:16.6	clip	3
uca:video_class:0044	uca_ucfcrime:Train:RoadAccidents040_x264:32.0	clip	3
uca:video_class:0044	uca_ucfcrime:Train:RoadAccidents042_x264:8.0	clip	3
uca:video_class:0044	uca_ucfcrime:Train:RoadAccidents051_x264:7.9	clip	3
uca:video_class:0044	uca_ucfcrime:Train:RoadAccidents058_x264:14.3	clip	3
uca:video_class:0044	uca_ucfcrime:Train:RoadAccidents064_x264:52.9	clip	3
uca:video_class:0044	uca_ucfcrime:Train:RoadAccidents076_x264:52.5	clip	3
uca:video_class:0044	uca_ucfcrime:Train:RoadAccidents077_x264:13.2	clip	3
uca:video_class:0044	uca_ucfcrime:Train:RoadAccidents083_x264:30.5	clip	3
uca:video_class:0044	uca_ucfcrime:Train:RoadAccidents087_x264:56.1	clip	3
uca:video_class:0044	uca_ucfcrime:Train:RoadAccidents095_x264:34.3	clip	3
uca:video_class:0044	uca_ucfcrime:Train:RoadAccidents098_x264:38.2	clip	3
uca:video_class:0044	uca_ucfcrime:Train:RoadAccidents099_x264:36.8	clip	3
uca:video_class:0044	uca_ucfcrime:Train:RoadAccidents102_x264:4.5	clip	3
uca:video_class:0044	uca_ucfcrime:Train:RoadAccidents103_x264:25.9	clip	3
uca:video_class:0044	uca_ucfcrime:Train:RoadAccidents103_x264:34.9	clip	3
uca:video_class:0044	uca_ucfcrime:Train:RoadAccidents108_x264:59.8	clip	3
uca:video_class:0044	uca_ucfcrime:Test:RoadAccidents109_x264:95.0	clip	3
uca:video_class:0044	uca_ucfcrime:Test:RoadAccidents117_x264:18.3	clip	3
uca:video_class:0044	uca_ucfcrime:Test:RoadAccidents120_x264:18.4	clip	3
uca:video_class:0044	uca_ucfcrime:Test:RoadAccidents120_x264:44.2	clip	3
uca:video_class:0044	uca_ucfcrime:Test:RoadAccidents123_x264:23.3	clip	3
uca:video_class:0044	uca_ucfcrime:Test:RoadAccidents124_x264:37.9	clip	3
uca:video_class:0044	uca_ucfcrime:Test:RoadAccidents125_x264:32.2	clip	3
uca:video_class:0044	uca_ucfcrime:Test:RoadAccidents128_x264:8.4	clip	3
uca:video_class:0044	uca_ucfcrime:Test:RoadAccidents131_x264:39.0	clip	3
uca:video_class:0044	uca_ucfcrime:Test:RoadAccidents137_x264:9.1	clip	3
uca:video_class:0044	uca_ucfcrime:Test:RoadAccidents137_x264:23.9	clip	3
uca:video_class:0044	uca_ucfcrime:Val:RoadAccidents148_x264:288.9	clip	3
uca:video_class:0044	uca_ucfcrime:Val:RoadAccidents149_x264:13.8	clip	3
uca:video_class:0045	uca_ucfcrime:Train:RoadAccidents004_x264:8.0	clip	3
uca:video_class:0045	uca_ucfcrime:Train:RoadAccidents011_x264:7.8	clip	3
uca:video_class:0045	uca_ucfcrime:Train:RoadAccidents015_x264:22.8	clip	3
uca:video_class:0045	uca_ucfcrime:Train:RoadAccidents015_x264:27.2	clip	3
uca:video_class:0045	uca_ucfcrime:Train:RoadAccidents016_x264:48.6	clip	3
uca:video_class:0045	uca_ucfcrime:Train:RoadAccidents017_x264:3.6	clip	3
uca:video_class:0045	uca_ucfcrime:Train:RoadAccidents018_x264:32.8	clip	3
uca:video_class:0045	uca_ucfcrime:Train:RoadAccidents021_x264:1.1	clip	3
uca:video_class:0045	uca_ucfcrime:Train:RoadAccidents021_x264:2.5	clip	3
uca:video_class:0045	uca_ucfcrime:Train:RoadAccidents022_x264:4.2	clip	3
uca:video_class:0045	uca_ucfcrime:Train:RoadAccidents023_x264:83.8	clip	3
uca:video_class:0045	uca_ucfcrime:Train:RoadAccidents023_x264:111.2	clip	3
uca:video_class:0045	uca_ucfcrime:Train:RoadAccidents024_x264:138.1	clip	3
uca:video_class:0045	uca_ucfcrime:Train:RoadAccidents026_x264:4.2	clip	3
uca:video_class:0045	uca_ucfcrime:Train:RoadAccidents026_x264:24.2	clip	3
uca:video_class:0045	uca_ucfcrime:Train:RoadAccidents027_x264:2.7	clip	3
uca:video_class:0045	uca_ucfcrime:Train:RoadAccidents028_x264:9.2	clip	3
uca:video_class:0045	uca_ucfcrime:Train:RoadAccidents028_x264:10.4	clip	3
uca:video_class:0045	uca_ucfcrime:Train:RoadAccidents030_x264:29.9	clip	3
uca:video_class:0045	uca_ucfcrime:Train:RoadAccidents040_x264:32.0	clip	3
uca:video_class:0045	uca_ucfcrime:Train:RoadAccidents043_x264:3.8	clip	3
uca:video_class:0045	uca_ucfcrime:Train:RoadAccidents044_x264:3.1	clip	3
uca:video_class:0045	uca_ucfcrime:Train:RoadAccidents046_x264:8.9	clip	3
uca:video_class:0045	uca_ucfcrime:Train:RoadAccidents047_x264:7.2	clip	3
uca:video_class:0045	uca_ucfcrime:Train:RoadAccidents050_x264:16.1	clip	3
uca:video_class:0045	uca_ucfcrime:Train:RoadAccidents054_x264:13.2	clip	3
uca:video_class:0045	uca_ucfcrime:Train:RoadAccidents060_x264:10.3	clip	3
uca:video_class:0045	uca_ucfcrime:Train:RoadAccidents062_x264:5.0	clip	3
uca:video_class:0045	uca_ucfcrime:Train:RoadAccidents062_x264:72.6	clip	3
uca:video_class:0045	uca_ucfcrime:Train:RoadAccidents064_x264:22.9	clip	3
uca:video_class:0045	uca_ucfcrime:Train:RoadAccidents069_x264:5.3	clip	3
uca:video_class:0045	uca_ucfcrime:Train:RoadAccidents072_x264:21.4	clip	3
uca:video_class:0045	uca_ucfcrime:Train:RoadAccidents073_x264:14.1	clip	3
uca:video_class:0045	uca_ucfcrime:Train:RoadAccidents074_x264:9.4	clip	3
uca:video_class:0045	uca_ucfcrime:Train:RoadAccidents074_x264:41.5	clip	3
uca:video_class:0045	uca_ucfcrime:Train:RoadAccidents075_x264:5.1	clip	3
uca:video_class:0045	uca_ucfcrime:Train:RoadAccidents081_x264:17.1	clip	3
uca:video_class:0045	uca_ucfcrime:Train:RoadAccidents082_x264:22.9	clip	3
uca:video_class:0045	uca_ucfcrime:Train:RoadAccidents084_x264:12.8	clip	3
uca:video_class:0045	uca_ucfcrime:Train:RoadAccidents089_x264:23.0	clip	3
uca:video_class:0045	uca_ucfcrime:Train:RoadAccidents106_x264:71.2	clip	3
uca:video_class:0045	uca_ucfcrime:Train:RoadAccidents107_x264:9.4	clip	3
uca:video_class:0045	uca_ucfcrime:Train:RoadAccidents107_x264:29.8	clip	3
uca:video_class:0045	uca_ucfcrime:Test:RoadAccidents109_x264:130.2	clip	3
uca:video_class:0045	uca_ucfcrime:Test:RoadAccidents110_x264:12.1	clip	3
uca:video_class:0045	uca_ucfcrime:Test:RoadAccidents114_x264:51.5	clip	3
uca:video_class:0045	uca_ucfcrime:Test:RoadAccidents117_x264:45.1	clip	3
uca:video_class:0045	uca_ucfcrime:Test:RoadAccidents120_x264:18.4	clip	3
uca:video_class:0045	uca_ucfcrime:Test:RoadAccidents120_x264:44.2	clip	3
uca:video_class:0045	uca_ucfcrime:Test:RoadAccidents122_x264:7.7	clip	3
uca:video_class:0045	uca_ucfcrime:Test:RoadAccidents123_x264:8.5	clip	3
uca:video_class:0045	uca_ucfcrime:Test:RoadAccidents124_x264:12.6	clip	3
uca:video_class:0045	uca_ucfcrime:Test:RoadAccidents125_x264:17.2	clip	3
uca:video_class:0045	uca_ucfcrime:Test:RoadAccidents126_x264:22.4	clip	3
uca:video_class:0045	uca_ucfcrime:Test:RoadAccidents131_x264:8.9	clip	3
uca:video_class:0045	uca_ucfcrime:Test:RoadAccidents133_x264:7.8	clip	3
uca:video_class:0045	uca_ucfcrime:Test:RoadAccidents136_x264:38.1	clip	3
uca:video_class:0045	uca_ucfcrime:Test:RoadAccidents136_x264:48.6	clip	3
uca:video_class:0045	uca_ucfcrime:Test:RoadAccidents141_x264:6.9	clip	3
uca:video_class:0045	uca_ucfcrime:Test:RoadAccidents142_x264:99.5	clip	3
uca:video_class:0045	uca_ucfcrime:Test:RoadAccidents142_x264:122.4	clip	3
uca:video_class:0045	uca_ucfcrime:Val:RoadAccidents145_x264:13.9	clip	3
uca:video_class:0045	uca_ucfcrime:Val:RoadAccidents145_x264:34.2	clip	3
uca:video_class:0045	uca_ucfcrime:Val:RoadAccidents147_x264:83.8	clip	3
uca:video_class:0045	uca_ucfcrime:Val:RoadAccidents150_x264:14.2	clip	3
uca:video_class:0046	uca_ucfcrime:Train:RoadAccidents058_x264:14.3	clip	3
uca:video_class:0046	uca_ucfcrime:Train:RoadAccidents076_x264:23.1	clip	3
uca:video_class:0046	uca_ucfcrime:Train:RoadAccidents087_x264:56.1	clip	3
uca:video_class:0046	uca_ucfcrime:Train:RoadAccidents094_x264:23.0	clip	3
uca:video_class:0046	uca_ucfcrime:Train:RoadAccidents106_x264:21.8	clip	3
uca:video_class:0046	uca_ucfcrime:Test:RoadAccidents114_x264:6.5	clip	3
uca:video_class:0046	uca_ucfcrime:Test:RoadAccidents118_x264:17.5	clip	3
uca:video_class:0046	uca_ucfcrime:Test:RoadAccidents119_x264:32.7	clip	3
uca:video_class:0047	uca_ucfcrime:Train:RoadAccidents003_x264:46.1	clip	3
uca:video_class:0047	uca_ucfcrime:Train:RoadAccidents008_x264:27.3	clip	3
uca:video_class:0047	uca_ucfcrime:Train:RoadAccidents024_x264:138.1	clip	3
uca:video_class:0047	uca_ucfcrime:Train:RoadAccidents028_x264:10.4	clip	3
uca:video_class:0047	uca_ucfcrime:Train:RoadAccidents062_x264:95.0	clip	3
uca:video_class:0047	uca_ucfcrime:Train:RoadAccidents068_x264:22.2	clip	3
uca:video_class:0047	uca_ucfcrime:Test:RoadAccidents114_x264:40.0	clip	3
uca:video_class:0047	uca_ucfcrime:Test:RoadAccidents117_x264:18.3	clip	3
uca:video_class:0047	uca_ucfcrime:Test:RoadAccidents133_x264:18.6	clip	3
uca:video_class:0047	uca_ucfcrime:Test:RoadAccidents139_x264:67.8	clip	3
uca:video_class:0047	uca_ucfcrime:Val:RoadAccidents146_x264:14.7	clip	3
uca:video_class:0047	uca_ucfcrime:Val:RoadAccidents149_x264:13.8	clip	3
uca:video_class:0048	uca_ucfcrime:Train:Robbery035_x264:110.5	clip	3
uca:video_class:0048	uca_ucfcrime:Train:Robbery080_x264:23.8	clip	3
uca:video_class:0048	uca_ucfcrime:Train:Robbery080_x264:52.1	clip	3
uca:video_class:0048	uca_ucfcrime:Train:Robbery081_x264:5.0	clip	3
uca:video_class:0048	uca_ucfcrime:Test:Robbery091_x264:45.9	clip	3
uca:video_class:0048	uca_ucfcrime:Test:Robbery102_x264:47.5	clip	3
uca:video_class:0048	uca_ucfcrime:Val:Robbery113_x264:13.0	clip	3
uca:video_class:0048	uca_ucfcrime:Val:Robbery133_x264:27.2	clip	3
uca:video_class:0049	uca_ucfcrime:Train:Robbery006_x264:46.9	clip	3
uca:video_class:0049	uca_ucfcrime:Train:Robbery008_x264:20.2	clip	3
uca:video_class:0049	uca_ucfcrime:Train:Robbery019_x264:75.4	clip	3
uca:video_class:0049	uca_ucfcrime:Train:Robbery019_x264:143.2	clip	3
uca:video_class:0049	uca_ucfcrime:Train:Robbery024_x264:14.8	clip	3
uca:video_class:0049	uca_ucfcrime:Train:Robbery024_x264:33.8	clip	3
uca:video_class:0049	uca_ucfcrime:Train:Robbery027_x264:133.8	clip	3
uca:video_class:0049	uca_ucfcrime:Train:Robbery037_x264:188.6	clip	3
uca:video_class:0049	uca_ucfcrime:Train:Robbery061_x264:22.2	clip	3
uca:video_class:0049	uca_ucfcrime:Train:Robbery065_x264:14.8	clip	3
uca:video_class:0049	uca_ucfcrime:Train:Robbery065_x264:33.8	clip	3
uca:video_class:0049	uca_ucfcrime:Train:Robbery077_x264:26.3	clip	3
uca:video_class:0049	uca_ucfcrime:Train:Robbery081_x264:5.0	clip	3
uca:video_class:0049	uca_ucfcrime:Test:Robbery085_x264:12.5	clip	3
uca:video_class:0049	uca_ucfcrime:Test:Robbery088_x264:116.4	clip	3
uca:video_class:0049	uca_ucfcrime:Test:Robbery102_x264:47.5	clip	3
uca:video_class:0049	uca_ucfcrime:Test:Robbery102_x264:54.2	clip	3
uca:video_class:0049	uca_ucfcrime:Test:Robbery108_x264:20.9	clip	3
uca:video_class:0049	uca_ucfcrime:Val:Robbery118_x264:34.2	clip	3
uca:video_class:0049	uca_ucfcrime:Val:Robbery124_x264:212.3	clip	3
uca:video_class:0049	uca_ucfcrime:Val:Robbery124_x264:313.4	clip	3
uca:video_class:0049	uca_ucfcrime:Val:Robbery127_x264:19.5	clip	3
uca:video_class:0049	uca_ucfcrime:Val:Robbery128_x264:16.4	clip	3
uca:video_class:0049	uca_ucfcrime:Val:Robbery135_x264:20.8	clip	3
uca:video_class:0049	uca_ucfcrime:Val:Robbery136_x264:14.8	clip	3
uca:video_class:0049	uca_ucfcrime:Val:Robbery138_x264:6.8	clip	3
uca:video_class:0049	uca_ucfcrime:Val:Robbery146_x264:22.8	clip	3
uca:video_class:0049	uca_ucfcrime:Val:Robbery146_x264:48.5	clip	3
uca:video_class:0049	uca_ucfcrime:Val:Robbery149_x264:14.6	clip	3
uca:video_class:0050	uca_ucfcrime:Train:Robbery001_x264:16.9	clip	3
uca:video_class:0050	uca_ucfcrime:Train:Robbery001_x264:21.9	clip	3
uca:video_class:0050	uca_ucfcrime:Train:Robbery003_x264:19.0	clip	3
uca:video_class:0050	uca_ucfcrime:Train:Robbery004_x264:28.1	clip	3
uca:video_class:0050	uca_ucfcrime:Train:Robbery005_x264:11.1	clip	3
uca:video_class:0050	uca_ucfcrime:Train:Robbery006_x264:27.0	clip	3
uca:video_class:0050	uca_ucfcrime:Train:Robbery006_x264:46.9	clip	3
uca:video_class:0050	uca_ucfcrime:Train:Robbery011_x264:21.6	clip	3
uca:video_class:0050	uca_ucfcrime:Train:Robbery012_x264:12.6	clip	3
uca:video_class:0050	uca_ucfcrime:Train:Robbery013_x264:3.5	clip	3
uca:video_class:0050	uca_ucfcrime:Train:Robbery018_x264:35.9	clip	3
uca:video_class:0050	uca_ucfcrime:Train:Robbery019_x264:143.2	clip	3
uca:video_class:0050	uca_ucfcrime:Train:Robbery019_x264:183.8	clip	3
uca:video_class:0050	uca_ucfcrime:Train:Robbery020_x264:45.2	clip	3
uca:video_class:0050	uca_ucfcrime:Train:Robbery024_x264:33.8	clip	3
uca:video_class:0050	uca_ucfcrime:Train:Robbery024_x264:76.1	clip	3
uca:video_class:0050	uca_ucfcrime:Train:Robbery025_x264:3.1	clip	3
uca:video_class:0050	uca_ucfcrime:Train:Robbery028_x264:10.2	clip	3
uca:video_class:0050	uca_ucfcrime:Train:Robbery031_x264:19.9	clip	3
uca:video_class:0050	uca_ucfcrime:Train:Robbery033_x264:3.1	clip	3
uca:video_class:0050	uca_ucfcrime:Train:Robbery033_x264:22.6	clip	3
uca:video_class:0050	uca_ucfcrime:Train:Robbery033_x264:29.6	clip	3
uca:video_class:0050	uca_ucfcrime:Train:Robbery036_x264:30.6	clip	3
uca:video_class:0050	uca_ucfcrime:Train:Robbery036_x264:124.7	clip	3
uca:video_class:0050	uca_ucfcrime:Train:Robbery038_x264:40.1	clip	3
uca:video_class:0050	uca_ucfcrime:Train:Robbery041_x264:5.8	clip	3
uca:video_class:0050	uca_ucfcrime:Train:Robbery041_x264:40.9	clip	3
uca:video_class:0050	uca_ucfcrime:Train:Robbery043_x264:5.6	clip	3
uca:video_class:0050	uca_ucfcrime:Train:Robbery046_x264:8.7	clip	3
uca:video_class:0050	uca_ucfcrime:Train:Robbery047_x264:7.1	clip	3
uca:video_class:0050	uca_ucfcrime:Train:Robbery049_x264:25.0	clip	3
uca:video_class:0050	uca_ucfcrime:Train:Robbery051_x264:8.4	clip	3
uca:video_class:0050	uca_ucfcrime:Train:Robbery051_x264:20.5	clip	3
uca:video_class:0050	uca_ucfcrime:Train:Robbery051_x264:43.7	clip	3
uca:video_class:0050	uca_ucfcrime:Train:Robbery052_x264:79.7	clip	3
uca:video_class:0050	uca_ucfcrime:Train:Robbery052_x264:112.1	clip	3
uca:video_class:0050	uca_ucfcrime:Train:Robbery053_x264:21.1	clip	3
uca:video_class:0050	uca_ucfcrime:Train:Robbery053_x264:28.6	clip	3
uca:video_class:0050	uca_ucfcrime:Train:Robbery056_x264:6.2	clip	3
uca:video_class:0050	uca_ucfcrime:Train:Robbery056_x264:30.1	clip	3
uca:video_class:0050	uca_ucfcrime:Train:Robbery057_x264:13.9	clip	3
uca:video_class:0050	uca_ucfcrime:Train:Robbery059_x264:13.9	clip	3
uca:video_class:0050	uca_ucfcrime:Train:Robbery060_x264:10.3	clip	3
uca:video_class:0050	uca_ucfcrime:Train:Robbery062_x264:4.7	clip	3
uca:video_class:0050	uca_ucfcrime:Train:Robbery062_x264:42.9	clip	3
uca:video_class:0050	uca_ucfcrime:Train:Robbery064_x264:36.8	clip	3
uca:video_class:0050	uca_ucfcrime:Train:Robbery065_x264:33.8	clip	3
uca:video_class:0050	uca_ucfcrime:Train:Robbery065_x264:76.1	clip	3
uca:video_class:0050	uca_ucfcrime:Train:Robbery068_x264:10.7	clip	3
uca:video_class:0050	uca_ucfcrime:Train:Robbery069_x264:13.5	clip	3
uca:video_class:0050	uca_ucfcrime:Train:Robbery077_x264:4.2	clip	3
uca:video_class:0050	uca_ucfcrime:Train:Robbery077_x264:13.2	clip	3
uca:video_class:0050	uca_ucfcrime:Train:Robbery078_x264:12.9	clip	3
uca:video_class:0050	uca_ucfcrime:Train:Robbery078_x264:21.3	clip	3
uca:video_class:0050	uca_ucfcrime:Train:Robbery078_x264:47.6	clip	3
uca:video_class:0050	uca_ucfcrime:Train:Robbery079_x264:9.7	clip	3
uca:video_class:0050	uca_ucfcrime:Train:Robbery084_x264:26.2	clip	3
uca:video_class:0050	uca_ucfcrime:Train:Robbery084_x264:60.1	clip	3
uca:video_class:0050	uca_ucfcrime:Test:Robbery087_x264:1.1	clip	3
uca:video_class:0050	uca_ucfcrime:Test:Robbery088_x264:116.4	clip	3
uca:video_class:0050	uca_ucfcrime:Test:Robbery091_x264:6.9	clip	3
uca:video_class:0050	uca_ucfcrime:Test:Robbery091_x264:16.1	clip	3
uca:video_class:0050	uca_ucfcrime:Test:Robbery094_x264:1.2	clip	3
uca:video_class:0050	uca_ucfcrime:Test:Robbery099_x264:17.9	clip	3
uca:video_class:0050	uca_ucfcrime:Test:Robbery099_x264:41.6	clip	3
uca:video_class:0050	uca_ucfcrime:Test:Robbery101_x264:58.0	clip	3
uca:video_class:0050	uca_ucfcrime:Test:Robbery102_x264:54.2	clip	3
uca:video_class:0050	uca_ucfcrime:Test:Robbery106_x264:16.0	clip	3
uca:video_class:0050	uca_ucfcrime:Test:Robbery108_x264:35.6	clip	3
uca:video_class:0050	uca_ucfcrime:Test:Robbery112_x264:37.3	clip	3
uca:video_class:0050	uca_ucfcrime:Val:Robbery114_x264:41.2	clip	3
uca:video_class:0050	uca_ucfcrime:Val:Robbery115_x264:6.0	clip	3
uca:video_class:0050	uca_ucfcrime:Val:Robbery117_x264:57.0	clip	3
uca:video_class:0050	uca_ucfcrime:Val:Robbery118_x264:34.2	clip	3
uca:video_class:0050	uca_ucfcrime:Val:Robbery120_x264:5.1	clip	3
uca:video_class:0050	uca_ucfcrime:Val:Robbery122_x264:10.4	clip	3
uca:video_class:0050	uca_ucfcrime:Val:Robbery124_x264:76.9	clip	3
uca:video_class:0050	uca_ucfcrime:Val:Robbery127_x264:3.5	clip	3
uca:video_class:0050	uca_ucfcrime:Val:Robbery129_x264:5.2	clip	3
uca:video_class:0050	uca_ucfcrime:Val:Robbery131_x264:26.0	clip	3
uca:video_class:0050	uca_ucfcrime:Val:Robbery132_x264:6.0	clip	3
uca:video_class:0050	uca_ucfcrime:Val:Robbery132_x264:16.6	clip	3
uca:video_class:0050	uca_ucfcrime:Val:Robbery133_x264:27.2	clip	3
uca:video_class:0050	uca_ucfcrime:Val:Robbery140_x264:6.1	clip	3
uca:video_class:0050	uca_ucfcrime:Val:Robbery143_x264:10.4	clip	3
uca:video_class:0050	uca_ucfcrime:Val:Robbery147_x264:7.7	clip	3
uca:video_class:0050	uca_ucfcrime:Val:Robbery147_x264:21.9	clip	3
uca:video_class:0051	uca_ucfcrime:Train:Robbery005_x264:11.1	clip	3
uca:video_class:0051	uca_ucfcrime:Train:Robbery005_x264:64.2	clip	3
uca:video_class:0051	uca_ucfcrime:Train:Robbery009_x264:26.5	clip	3
uca:video_class:0051	uca_ucfcrime:Train:Robbery010_x264:98.1	clip	3
uca:video_class:0051	uca_ucfcrime:Train:Robbery017_x264:82.2	clip	3
uca:video_class:0051	uca_ucfcrime:Train:Robbery021_x264:181.2	clip	3
uca:video_class:0051	uca_ucfcrime:Train:Robbery023_x264:3.3	clip	3
uca:video_class:0051	uca_ucfcrime:Train:Robbery024_x264:76.1	clip	3
uca:video_class:0051	uca_ucfcrime:Train:Robbery025_x264:15.9	clip	3
uca:video_class:0051	uca_ucfcrime:Train:Robbery028_x264:24.7	clip	3
uca:video_class:0051	uca_ucfcrime:Train:Robbery028_x264:40.5	clip	3
uca:video_class:0051	uca_ucfcrime:Train:Robbery029_x264:68.8	clip	3
uca:video_class:0051	uca_ucfcrime:Train:Robbery050_x264:18.3	clip	3
uca:video_class:0051	uca_ucfcrime:Train:Robbery052_x264:3.1	clip	3
uca:video_class:0051	uca_ucfcrime:Train:Robbery061_x264:61.5	clip	3
uca:video_class:0051	uca_ucfcrime:Train:Robbery065_x264:76.1	clip	3
uca:video_class:0051	uca_ucfcrime:Train:Robbery067_x264:28.2	clip	3
uca:video_class:0051	uca_ucfcrime:Train:Robbery074_x264:19.6	clip	3
uca:video_class:0051	uca_ucfcrime:Test:Robbery085_x264:58.9	clip	3
uca:video_class:0051	uca_ucfcrime:Test:Robbery092_x264:13.4	clip	3
uca:video_class:0051	uca_ucfcrime:Test:Robbery092_x264:14.7	clip	3
uca:video_class:0051	uca_ucfcrime:Test:Robbery093_x264:14.8	clip	3
uca:video_class:0051	uca_ucfcrime:Test:Robbery095_x264:24.3	clip	3
uca:video_class:0051	uca_ucfcrime:Test:Robbery095_x264:28.6	clip	3
uca:video_class:0051	uca_ucfcrime:Test:Robbery096_x264:110.3	clip	3
uca:video_class:0051	uca_ucfcrime:Test:Robbery098_x264:264.3	clip	3
uca:video_class:0051	uca_ucfcrime:Test:Robbery099_x264:41.6	clip	3
uca:video_class:0051	uca_ucfcrime:Test:Robbery100_x264:139.6	clip	3
uca:video_class:0051	uca_ucfcrime:Test:Robbery102_x264:34.6	clip	3
uca:video_class:0051	uca_ucfcrime:Test:Robbery102_x264:54.2	clip	3
uca:video_class:0051	uca_ucfcrime:Test:Robbery110_x264:72.9	clip	3
uca:video_class:0051	uca_ucfcrime:Val:Robbery114_x264:30.4	clip	3
uca:video_class:0051	uca_ucfcrime:Val:Robbery114_x264:41.2	clip	3
uca:video_class:0051	uca_ucfcrime:Val:Robbery115_x264:55.0	clip	3
uca:video_class:0051	uca_ucfcrime:Val:Robbery117_x264:57.0	clip	3
uca:video_class:0051	uca_ucfcrime:Val:Robbery122_x264:30.0	clip	3
uca:video_class:0051	uca_ucfcrime:Val:Robbery123_x264:26.8	clip	3
uca:video_class:0051	uca_ucfcrime:Val:Robbery124_x264:212.3	clip	3
uca:video_class:0051	uca_ucfcrime:Val:Robbery126_x264:47.0	clip	3
uca:video_class:0051	uca_ucfcrime:Val:Robbery131_x264:49.0	clip	3
uca:video_class:0051	uca_ucfcrime:Val:Robbery133_x264:5.8	clip	3
uca:video_class:0051	uca_ucfcrime:Val:Robbery138_x264:16.8	clip	3
uca:video_class:0051	uca_ucfcrime:Val:Robbery141_x264:21.1	clip	3
uca:video_class:0051	uca_ucfcrime:Val:Robbery141_x264:80.6	clip	3
uca:video_class:0051	uca_ucfcrime:Val:Robbery141_x264:101.2	clip	3
uca:video_class:0051	uca_ucfcrime:Val:Robbery143_x264:21.5	clip	3
uca:video_class:0051	uca_ucfcrime:Val:Robbery145_x264:16.4	clip	3
uca:video_class:0051	uca_ucfcrime:Val:Robbery145_x264:28.1	clip	3
uca:video_class:0052	uca_ucfcrime:Train:Robbery004_x264:28.1	clip	3
uca:video_class:0052	uca_ucfcrime:Train:Robbery005_x264:24.2	clip	3
uca:video_class:0052	uca_ucfcrime:Train:Robbery008_x264:63.9	clip	3
uca:video_class:0052	uca_ucfcrime:Train:Robbery010_x264:70.2	clip	3
uca:video_class:0052	uca_ucfcrime:Train:Robbery012_x264:4.7	clip	3
uca:video_class:0052	uca_ucfcrime:Train:Robbery013_x264:118.5	clip	3
uca:video_class:0052	uca_ucfcrime:Train:Robbery022_x264:112.8	clip	3
uca:video_class:0052	uca_ucfcrime:Train:Robbery033_x264:22.6	clip	3
uca:video_class:0052	uca_ucfcrime:Train:Robbery033_x264:29.6	clip	3
uca:video_class:0052	uca_ucfcrime:Train:Robbery037_x264:103.4	clip	3
uca:video_class:0052	uca_ucfcrime:Train:Robbery042_x264:49.5	clip	3
uca:video_class:0052	uca_ucfcrime:Train:Robbery042_x264:68.7	clip	3
uca:video_class:0052	uca_ucfcrime:Train:Robbery043_x264:21.2	clip	3
uca:video_class:0052	uca_ucfcrime:Train:Robbery044_x264:5.7	clip	3
uca:video_class:0052	uca_ucfcrime:Train:Robbery044_x264:12.7	clip	3
uca:video_class:0052	uca_ucfcrime:Train:Robbery045_x264:43.1	clip	3
uca:video_class:0052	uca_ucfcrime:Train:Robbery047_x264:28.9	clip	3
uca:video_class:0052	uca_ucfcrime:Train:Robbery049_x264:39.8	clip	3
uca:video_class:0052	uca_ucfcrime:Train:Robbery058_x264:17.4	clip	3
uca:video_class:0052	uca_ucfcrime:Train:Robbery060_x264:21.9	clip	3
uca:video_class:0052	uca_ucfcrime:Train:Robbery060_x264:43.1	clip	3
uca:video_class:0052	uca_ucfcrime:Train:Robbery067_x264:76.7	clip	3
uca:video_class:0052	uca_ucfcrime:Train:Robbery071_x264:29.6	clip	3
uca:video_class:0052	uca_ucfcrime:Train:Robbery077_x264:20.6	clip	3
uca:video_class:0052	uca_ucfcrime:Train:Robbery079_x264:22.4	clip	3
uca:video_class:0052	uca_ucfcrime:Test:Robbery086_x264:83.4	clip	3
uca:video_class:0052	uca_ucfcrime:Test:Robbery091_x264:16.1	clip	3
uca:video_class:0052	uca_ucfcrime:Test:Robbery091_x264:45.9	clip	3
uca:video_class:0052	uca_ucfcrime:Test:Robbery101_x264:58.0	clip	3
uca:video_class:0052	uca_ucfcrime:Test:Robbery101_x264:71.4	clip	3
uca:video_class:0052	uca_ucfcrime:Val:Robbery118_x264:15.7	clip	3
uca:video_class:0052	uca_ucfcrime:Val:Robbery130_x264:34.8	clip	3
uca:video_class:0052	uca_ucfcrime:Val:Robbery135_x264:62.5	clip	3
uca:video_class:0052	uca_ucfcrime:Val:Robbery140_x264:25.9	clip	3
uca:video_class:0052	uca_ucfcrime:Val:Robbery142_x264:19.0	clip	3
uca:video_class:0052	uca_ucfcrime:Val:Robbery142_x264:66.0	clip	3
uca:video_class:0052	uca_ucfcrime:Val:Robbery143_x264:21.5	clip	3
uca:video_class:0053	uca_ucfcrime:Train:Robbery010_x264:6.7	clip	3
uca:video_class:0053	uca_ucfcrime:Train:Robbery014_x264:207.4	clip	3
uca:video_class:0053	uca_ucfcrime:Train:Robbery015_x264:87.7	clip	3
uca:video_class:0053	uca_ucfcrime:Train:Robbery016_x264:51.9	clip	3
uca:video_class:0053	uca_ucfcrime:Train:Robbery020_x264:2.6	clip	3
uca:video_class:0053	uca_ucfcrime:Train:Robbery020_x264:141.8	clip	3
uca:video_class:0053	uca_ucfcrime:Train:Robbery021_x264:269.0	clip	3
uca:video_class:0053	uca_ucfcrime:Train:Robbery025_x264:27.1	clip	3
uca:video_class:0053	uca_ucfcrime:Train:Robbery025_x264:46.0	clip	3
uca:video_class:0053	uca_ucfcrime:Train:Robbery026_x264:151.2	clip	3
uca:video_class:0053	uca_ucfcrime:Train:Robbery026_x264:260.1	clip	3
uca:video_class:0053	uca_ucfcrime:Train:Robbery028_x264:10.2	clip	3
uca:video_class:0053	uca_ucfcrime:Train:Robbery028_x264:24.7	clip	3
uca:video_class:0053	uca_ucfcrime:Train:Robbery028_x264:40.5	clip	3
uca:video_class:0053	uca_ucfcrime:Train:Robbery028_x264:64.0	clip	3
uca:video_class:0053	uca_ucfcrime:Train:Robbery029_x264:68.8	clip	3
uca:video_class:0053	uca_ucfcrime:Train:Robbery031_x264:9.4	clip	3
uca:video_class:0053	uca_ucfcrime:Train:Robbery031_x264:30.1	clip	3
uca:video_class:0053	uca_ucfcrime:Train:Robbery034_x264:10.8	clip	3
uca:video_class:0053	uca_ucfcrime:Train:Robbery034_x264:198.2	clip	3
uca:video_class:0053	uca_ucfcrime:Train:Robbery036_x264:30.6	clip	3
uca:video_class:0053	uca_ucfcrime:Train:Robbery039_x264:14.7	clip	3
uca:video_class:0053	uca_ucfcrime:Train:Robbery040_x264:26.2	clip	3
uca:video_class:0053	uca_ucfcrime:Train:Robbery048_x264:8.6	clip	3
uca:video_class:0053	uca_ucfcrime:Train:Robbery048_x264:19.1	clip	3
uca:video_class:0053	uca_ucfcrime:Train:Robbery048_x264:38.4	clip	3
uca:video_class:0053	uca_ucfcrime:Train:Robbery050_x264:33.8	clip	3
uca:video_class:0053	uca_ucfcrime:Train:Robbery052_x264:33.2	clip	3
uca:video_class:0053	uca_ucfcrime:Train:Robbery057_x264:37.3	clip	3
uca:video_class:0053	uca_ucfcrime:Train:Robbery062_x264:42.9	clip	3
uca:video_class:0053	uca_ucfcrime:Train:Robbery062_x264:76.3	clip	3
uca:video_class:0053	uca_ucfcrime:Train:Robbery064_x264:22.3	clip	3
uca:video_class:0053	uca_ucfcrime:Train:Robbery064_x264:36.8	clip	3
uca:video_class:0053	uca_ucfcrime:Train:Robbery068_x264:8.0	clip	3
uca:video_class:0053	uca_ucfcrime:Train:Robbery071_x264:48.4	clip	3
uca:video_class:0053	uca_ucfcrime:Train:Robbery074_x264:2.9	clip	3
uca:video_class:0053	uca_ucfcrime:Train:Robbery074_x264:5.6	clip	3
uca:video_class:0053	uca_ucfcrime:Train:Robbery074_x264:11.1	clip	3
uca:video_class:0053	uca_ucfcrime:Train:Robbery080_x264:4.2	clip	3
uca:video_class:0053	uca_ucfcrime:Train:Robbery082_x264:21.4	clip	3
uca:video_class:0053	uca_ucfcrime:Train:Robbery082_x264:31.8	clip	3
uca:video_class:0053	uca_ucfcrime:Test:Robbery088_x264:10.2	clip	3
uca:video_class:0053	uca_ucfcrime:Test:Robbery088_x264:64.5	clip	3
uca:video_class:0053	uca_ucfcrime:Test:Robbery088_x264:148.4	clip	3
uca:video_class:0053	uca_ucfcrime:Test:Robbery090_x264:147.6	clip	3
uca:video_class:0053	uca_ucfcrime:Test:Robbery093_x264:18.2	clip	3
uca:video_class:0053	uca_ucfcrime:Test:Robbery093_x264:32.7	clip	3
uca:video_class:0053	uca_ucfcrime:Test:Robbery094_x264:45.8	clip	3
uca:video_class:0053	uca_ucfcrime:Test:Robbery094_x264:103.2	clip	3
uca:video_class:0053	uca_ucfcrime:Test:Robbery097_x264:85.3	clip	3
uca:video_class:0053	uca_ucfcrime:Test:Robbery097_x264:106.4	clip	3
uca:video_class:0053	uca_ucfcrime:Test:Robbery098_x264:26.1	clip	3
uca:video_class:0053	uca_ucfcrime:Test:Robbery099_x264:17.9	clip	3
uca:video_class:0053	uca_ucfcrime:Test:Robbery100_x264:139.6	clip	3
uca:video_class:0053	uca_ucfcrime:Test:Robbery103_x264:8.0	clip	3
uca:video_class:0053	uca_ucfcrime:Test:Robbery103_x264:57.8	clip	3
uca:video_class:0053	uca_ucfcrime:Test:Robbery105_x264:38.1	clip	3
uca:video_class:0053	uca_ucfcrime:Test:Robbery105_x264:49.3	clip	3
uca:video_class:0053	uca_ucfcrime:Test:Robbery108_x264:44.5	clip	3
uca:video_class:0053	uca_ucfcrime:Test:Robbery109_x264:78.5	clip	3
uca:video_class:0053	uca_ucfcrime:Test:Robbery110_x264:64.9	clip	3
uca:video_class:0053	uca_ucfcrime:Test:Robbery110_x264:72.9	clip	3
uca:video_class:0053	uca_ucfcrime:Test:Robbery111_x264:25.5	clip	3
uca:video_class:0053	uca_ucfcrime:Test:Robbery111_x264:172.6	clip	3
uca:video_class:0053	uca_ucfcrime:Test:Robbery112_x264:37.3	clip	3
uca:video_class:0053	uca_ucfcrime:Val:Robbery113_x264:4.7	clip	3
uca:video_class:0053	uca_ucfcrime:Val:Robbery114_x264:41.2	clip	3
uca:video_class:0053	uca_ucfcrime:Val:Robbery114_x264:59.6	clip	3
uca:video_class:0053	uca_ucfcrime:Val:Robbery115_x264:6.0	clip	3
uca:video_class:0053	uca_ucfcrime:Val:Robbery115_x264:43.2	clip	3
uca:video_class:0053	uca_ucfcrime:Val:Robbery115_x264:55.0	clip	3
uca:video_class:0053	uca_ucfcrime:Val:Robbery116_x264:14.5	clip	3
uca:video_class:0053	uca_ucfcrime:Val:Robbery118_x264:1.4	clip	3
uca:video_class:0053	uca_ucfcrime:Val:Robbery118_x264:63.8	clip	3
uca:video_class:0053	uca_ucfcrime:Val:Robbery119_x264:6.8	clip	3
uca:video_class:0053	uca_ucfcrime:Val:Robbery119_x264:86.9	clip	3
uca:video_class:0053	uca_ucfcrime:Val:Robbery120_x264:25.0	clip	3
uca:video_class:0053	uca_ucfcrime:Val:Robbery122_x264:30.0	clip	3
uca:video_class:0053	uca_ucfcrime:Val:Robbery124_x264:313.4	clip	3
uca:video_class:0053	uca_ucfcrime:Val:Robbery128_x264:16.4	clip	3
uca:video_class:0053	uca_ucfcrime:Val:Robbery130_x264:4.2	clip	3
uca:video_class:0053	uca_ucfcrime:Val:Robbery130_x264:58.1	clip	3
uca:video_class:0053	uca_ucfcrime:Val:Robbery131_x264:3.2	clip	3
uca:video_class:0053	uca_ucfcrime:Val:Robbery131_x264:49.0	clip	3
uca:video_class:0053	uca_ucfcrime:Val:Robbery132_x264:6.0	clip	3
uca:video_class:0053	uca_ucfcrime:Val:Robbery133_x264:14.8	clip	3
uca:video_class:0053	uca_ucfcrime:Val:Robbery135_x264:20.8	clip	3
uca:video_class:0053	uca_ucfcrime:Val:Robbery141_x264:21.1	clip	3
uca:video_class:0053	uca_ucfcrime:Val:Robbery141_x264:80.6	clip	3
uca:video_class:0053	uca_ucfcrime:Val:Robbery141_x264:101.2	clip	3
uca:video_class:0053	uca_ucfcrime:Val:Robbery143_x264:10.4	clip	3
uca:video_class:0053	uca_ucfcrime:Val:Robbery143_x264:21.5	clip	3
uca:video_class:0053	uca_ucfcrime:Val:Robbery145_x264:16.4	clip	3
uca:video_class:0054	uca_ucfcrime:Train:Robbery001_x264:16.9	clip	3
uca:video_class:0054	uca_ucfcrime:Train:Robbery002_x264:34.9	clip	3
uca:video_class:0054	uca_ucfcrime:Train:Robbery003_x264:19.0	clip	3
uca:video_class:0054	uca_ucfcrime:Train:Robbery003_x264:30.2	clip	3
uca:video_class:0054	uca_ucfcrime:Train:Robbery006_x264:103.0	clip	3
uca:video_class:0054	uca_ucfcrime:Train:Robbery009_x264:65.8	clip	3
uca:video_class:0054	uca_ucfcrime:Train:Robbery015_x264:10.2	clip	3
uca:video_class:0054	uca_ucfcrime:Train:Robbery020_x264:45.2	clip	3
uca:video_class:0054	uca_ucfcrime:Train:Robbery028_x264:40.5	clip	3
uca:video_class:0054	uca_ucfcrime:Train:Robbery031_x264:19.9	clip	3
uca:video_class:0054	uca_ucfcrime:Train:Robbery033_x264:17.1	clip	3
uca:video_class:0054	uca_ucfcrime:Train:Robbery033_x264:29.6	clip	3
uca:video_class:0054	uca_ucfcrime:Train:Robbery037_x264:103.4	clip	3
uca:video_class:0054	uca_ucfcrime:Train:Robbery039_x264:5.5	clip	3
uca:video_class:0054	uca_ucfcrime:Train:Robbery039_x264:11.8	clip	3
uca:video_class:0054	uca_ucfcrime:Train:Robbery040_x264:26.2	clip	3
uca:video_class:0054	uca_ucfcrime:Train:Robbery042_x264:5.4	clip	3
uca:video_class:0054	uca_ucfcrime:Train:Robbery042_x264:14.4	clip	3
uca:video_class:0054	uca_ucfcrime:Train:Robbery042_x264:68.7	clip	3
uca:video_class:0054	uca_ucfcrime:Train:Robbery044_x264:12.7	clip	3
uca:video_class:0054	uca_ucfcrime:Train:Robbery049_x264:39.8	clip	3
uca:video_class:0054	uca_ucfcrime:Train:Robbery050_x264:53.3	clip	3
uca:video_class:0054	uca_ucfcrime:Train:Robbery054_x264:23.5	clip	3
uca:video_class:0054	uca_ucfcrime:Train:Robbery060_x264:43.1	clip	3
uca:video_class:0054	uca_ucfcrime:Train:Robbery061_x264:102.5	clip	3
uca:video_class:0054	uca_ucfcrime:Train:Robbery071_x264:29.6	clip	3
uca:video_class:0054	uca_ucfcrime:Train:Robbery076_x264:18.6	clip	3
uca:video_class:0054	uca_ucfcrime:Train:Robbery077_x264:13.2	clip	3
uca:video_class:0054	uca_ucfcrime:Train:Robbery077_x264:20.6	clip	3
uca:video_class:0054	uca_ucfcrime:Train:Robbery077_x264:26.3	clip	3
uca:video_class:0054	uca_ucfcrime:Train:Robbery083_x264:3.6	clip	3
uca:video_class:0054	uca_ucfcrime:Train:Robbery083_x264:30.1	clip	3
uca:video_class:0054	uca_ucfcrime:Test:Robbery086_x264:83.4	clip	3
uca:video_class:0054	uca_ucfcrime:Test:Robbery087_x264:1.1	clip	3
uca:video_class:0054	uca_ucfcrime:Test:Robbery091_x264:45.9	clip	3
uca:video_class:0054	uca_ucfcrime:Test:Robbery100_x264:71.8	clip	3
uca:video_class:0054	uca_ucfcrime:Test:Robbery106_x264:16.0	clip	3
uca:video_class:0054	uca_ucfcrime:Test:Robbery112_x264:9.3	clip	3
uca:video_class:0054	uca_ucfcrime:Test:Robbery112_x264:24.7	clip	3
uca:video_class:0054	uca_ucfcrime:Val:Robbery119_x264:50.8	clip	3
uca:video_class:0054	uca_ucfcrime:Val:Robbery122_x264:10.4	clip	3
uca:video_class:0054	uca_ucfcrime:Val:Robbery122_x264:30.0	clip	3
uca:video_class:0054	uca_ucfcrime:Val:Robbery123_x264:31.8	clip	3
uca:video_class:0054	uca_ucfcrime:Val:Robbery125_x264:8.3	clip	3
uca:video_class:0054	uca_ucfcrime:Val:Robbery126_x264:47.0	clip	3
uca:video_class:0054	uca_ucfcrime:Val:Robbery130_x264:58.1	clip	3
uca:video_class:0054	uca_ucfcrime:Val:Robbery131_x264:16.4	clip	3
uca:video_class:0054	uca_ucfcrime:Val:Robbery132_x264:16.6	clip	3
uca:video_class:0054	uca_ucfcrime:Val:Robbery133_x264:5.8	clip	3
uca:video_class:0054	uca_ucfcrime:Val:Robbery136_x264:14.8	clip	3
uca:video_class:0054	uca_ucfcrime:Val:Robbery140_x264:6.1	clip	3
uca:video_class:0054	uca_ucfcrime:Val:Robbery142_x264:19.0	clip	3
uca:video_class:0054	uca_ucfcrime:Val:Robbery142_x264:66.0	clip	3
uca:video_class:0055	uca_ucfcrime:Train:Robbery004_x264:9.9	clip	3
uca:video_class:0055	uca_ucfcrime:Train:Robbery004_x264:28.1	clip	3
uca:video_class:0055	uca_ucfcrime:Train:Robbery011_x264:52.6	clip	3
uca:video_class:0055	uca_ucfcrime:Train:Robbery013_x264:118.5	clip	3
uca:video_class:0055	uca_ucfcrime:Train:Robbery017_x264:38.1	clip	3
uca:video_class:0055	uca_ucfcrime:Train:Robbery019_x264:183.8	clip	3
uca:video_class:0055	uca_ucfcrime:Train:Robbery020_x264:85.4	clip	3
uca:video_class:0055	uca_ucfcrime:Train:Robbery026_x264:151.2	clip	3
uca:video_class:0055	uca_ucfcrime:Train:Robbery031_x264:30.1	clip	3
uca:video_class:0055	uca_ucfcrime:Train:Robbery033_x264:3.1	clip	3
uca:video_class:0055	uca_ucfcrime:Train:Robbery035_x264:110.5	clip	3
uca:video_class:0055	uca_ucfcrime:Train:Robbery039_x264:5.5	clip	3
uca:video_class:0055	uca_ucfcrime:Train:Robbery040_x264:6.5	clip	3
uca:video_class:0055	uca_ucfcrime:Train:Robbery040_x264:26.2	clip	3
uca:video_class:0055	uca_ucfcrime:Train:Robbery041_x264:5.8	clip	3
uca:video_class:0055	uca_ucfcrime:Train:Robbery043_x264:5.6	clip	3
uca:video_class:0055	uca_ucfcrime:Train:Robbery045_x264:74.2	clip	3
uca:video_class:0055	uca_ucfcrime:Train:Robbery047_x264:7.1	clip	3
uca:video_class:0055	uca_ucfcrime:Train:Robbery052_x264:33.2	clip	3
uca:video_class:0055	uca_ucfcrime:Train:Robbery052_x264:79.7	clip	3
uca:video_class:0055	uca_ucfcrime:Train:Robbery054_x264:9.6	clip	3
uca:video_class:0055	uca_ucfcrime:Train:Robbery056_x264:88.5	clip	3
uca:video_class:0055	uca_ucfcrime:Train:Robbery057_x264:13.9	clip	3
uca:video_class:0055	uca_ucfcrime:Train:Robbery057_x264:50.0	clip	3
uca:video_class:0055	uca_ucfcrime:Train:Robbery058_x264:55.3	clip	3
uca:video_class:0055	uca_ucfcrime:Train:Robbery059_x264:13.9	clip	3
uca:video_class:0055	uca_ucfcrime:Train:Robbery062_x264:4.7	clip	3
uca:video_class:0055	uca_ucfcrime:Train:Robbery062_x264:113.8	clip	3
uca:video_class:0055	uca_ucfcrime:Train:Robbery073_x264:153.2	clip	3
uca:video_class:0055	uca_ucfcrime:Train:Robbery075_x264:4.0	clip	3
uca:video_class:0055	uca_ucfcrime:Train:Robbery078_x264:12.9	clip	3
uca:video_class:0055	uca_ucfcrime:Train:Robbery082_x264:4.2	clip	3
uca:video_class:0055	uca_ucfcrime:Test:Robbery086_x264:83.4	clip	3
uca:video_class:0055	uca_ucfcrime:Test:Robbery090_x264:211.4	clip	3
uca:video_class:0055	uca_ucfcrime:Test:Robbery093_x264:2.0	clip	3
uca:video_class:0055	uca_ucfcrime:Test:Robbery094_x264:1.2	clip	3
uca:video_class:0055	uca_ucfcrime:Test:Robbery099_x264:51.2	clip	3
uca:video_class:0055	uca_ucfcrime:Test:Robbery103_x264:8.0	clip	3
uca:video_class:0055	uca_ucfcrime:Val:Robbery114_x264:59.6	clip	3
uca:video_class:0055	uca_ucfcrime:Val:Robbery116_x264:14.5	clip	3
uca:video_class:0055	uca_ucfcrime:Val:Robbery117_x264:6.1	clip	3
uca:video_class:0055	uca_ucfcrime:Val:Robbery117_x264:106.4	clip	3
uca:video_class:0055	uca_ucfcrime:Val:Robbery118_x264:1.4	clip	3
uca:video_class:0055	uca_ucfcrime:Val:Robbery119_x264:86.9	clip	3
uca:video_class:0055	uca_ucfcrime:Val:Robbery120_x264:5.1	clip	3
uca:video_class:0055	uca_ucfcrime:Val:Robbery122_x264:4.1	clip	3
uca:video_class:0055	uca_ucfcrime:Val:Robbery126_x264:5.2	clip	3
uca:video_class:0055	uca_ucfcrime:Val:Robbery131_x264:3.2	clip	3
uca:video_class:0055	uca_ucfcrime:Val:Robbery143_x264:10.4	clip	3
uca:video_class:0055	uca_ucfcrime:Val:Robbery145_x264:39.0	clip	3
uca:video_class:0056	uca_ucfcrime:Train:Shooting004_x264:19.8	clip	3
uca:video_class:0056	uca_ucfcrime:Train:Shooting021_x264:38.2	clip	3
uca:video_class:0056	uca_ucfcrime:Train:Shooting031_x264:56.0	clip	3
uca:video_class:0056	uca_ucfcrime:Test:Shooting042_x264:37.9	clip	3
uca:video_class:0056	uca_ucfcrime:Val:Shooting048_x264:58.0	clip	3
uca:video_class:0056	uca_ucfcrime:Val:Shooting050_x264:43.2	clip	3
uca:video_class:0056	uca_ucfcrime:Val:Shooting050_x264:62.6	clip	3
uca:video_class:0056	uca_ucfcrime:Val:Shooting050_x264:100.4	clip	3
uca:video_class:0056	uca_ucfcrime:Val:Shooting054_x264:14.2	clip	3
uca:video_class:0057	uca_ucfcrime:Train:Shooting002_x264:37.1	clip	3
uca:video_class:0057	uca_ucfcrime:Train:Shooting003_x264:24.6	clip	3
uca:video_class:0057	uca_ucfcrime:Train:Shooting010_x264:40.5	clip	3
uca:video_class:0057	uca_ucfcrime:Train:Shooting010_x264:45.2	clip	3
uca:video_class:0057	uca_ucfcrime:Train:Shooting030_x264:16.5	clip	3
uca:video_class:0057	uca_ucfcrime:Test:Shooting036_x264:18.6	clip	3
uca:video_class:0057	uca_ucfcrime:Test:Shooting042_x264:24.1	clip	3
uca:video_class:0058	uca_ucfcrime:Train:Shooting004_x264:12.9	clip	3
uca:video_class:0058	uca_ucfcrime:Train:Shooting004_x264:16.9	clip	3
uca:video_class:0058	uca_ucfcrime:Train:Shooting008_x264:10.3	clip	3
uca:video_class:0058	uca_ucfcrime:Train:Shooting010_x264:45.2	clip	3
uca:video_class:0058	uca_ucfcrime:Train:Shooting010_x264:46.7	clip	3
uca:video_class:0058	uca_ucfcrime:Train:Shooting013_x264:30.4	clip	3
uca:video_class:0058	uca_ucfcrime:Train:Shooting015_x264:56.4	clip	3
uca:video_class:0058	uca_ucfcrime:Train:Shooting017_x264:23.4	clip	3
uca:video_class:0058	uca_ucfcrime:Train:Shooting020_x264:98.1	clip	3
uca:video_class:0058	uca_ucfcrime:Train:Shooting025_x264:28.3	clip	3
uca:video_class:0058	uca_ucfcrime:Train:Shooting026_x264:10.2	clip	3
uca:video_class:0058	uca_ucfcrime:Train:Shooting027_x264:18.6	clip	3
uca:video_class:0058	uca_ucfcrime:Train:Shooting029_x264:17.1	clip	3
uca:video_class:0058	uca_ucfcrime:Train:Shooting029_x264:27.9	clip	3
uca:video_class:0058	uca_ucfcrime:Test:Shooting038_x264:32.0	clip	3
uca:video_class:0058	uca_ucfcrime:Test:Shooting038_x264:40.6	clip	3
uca:video_class:0058	uca_ucfcrime:Test:Shooting039_x264:14.2	clip	3
uca:video_class:0058	uca_ucfcrime:Test:Shooting040_x264:16.9	clip	3
uca:video_class:0058	uca_ucfcrime:Test:Shooting040_x264:19.0	clip	3
uca:video_class:0058	uca_ucfcrime:Test:Shooting042_x264:37.9	clip	3
uca:video_class:0058	uca_ucfcrime:Test:Shooting043_x264:30.7	clip	3
uca:video_class:0058	uca_ucfcrime:Test:Shooting043_x264:49.6	clip	3
uca:video_class:0058	uca_ucfcrime:Test:Shooting046_x264:163.4	clip	3
uca:video_class:0058	uca_ucfcrime:Val:Shooting048_x264:47.8	clip	3
uca:video_class:0058	uca_ucfcrime:Val:Shooting048_x264:58.0	clip	3
uca:video_class:0058	uca_ucfcrime:Val:Shooting052_x264:65.6	clip	3
uca:video_class:0058	uca_ucfcrime:Val:Shooting054_x264:14.2	clip	3
uca:video_class:0059	uca_ucfcrime:Train:Shooting001_x264:2.2	clip	3
uca:video_class:0059	uca_ucfcrime:Train:Shooting003_x264:24.6	clip	3
uca:video_class:0059	uca_ucfcrime:Train:Shooting004_x264:12.9	clip	3
uca:video_class:0059	uca_ucfcrime:Train:Shooting008_x264:27.2	clip	3
uca:video_class:0059	uca_ucfcrime:Train:Shooting012_x264:37.9	clip	3
uca:video_class:0059	uca_ucfcrime:Train:Shooting012_x264:48.5	clip	3
uca:video_class:0059	uca_ucfcrime:Train:Shooting020_x264:55.5	clip	3
uca:video_class:0059	uca_ucfcrime:Train:Shooting020_x264:98.1	clip	3
uca:video_class:0059	uca_ucfcrime:Train:Shooting020_x264:164.6	clip	3
uca:video_class:0059	uca_ucfcrime:Train:Shooting021_x264:27.5	clip	3
uca:video_class:0059	uca_ucfcrime:Train:Shooting022_x264:118.0	clip	3
uca:video_class:0059	uca_ucfcrime:Train:Shooting027_x264:2.5	clip	3
uca:video_class:0059	uca_ucfcrime:Train:Shooting027_x264:6.2	clip	3
uca:video_class:0059	uca_ucfcrime:Train:Shooting030_x264:26.6	clip	3
uca:video_class:0059	uca_ucfcrime:Train:Shooting031_x264:66.8	clip	3
uca:video_class:0059	uca_ucfcrime:Test:Shooting038_x264:9.8	clip	3
uca:video_class:0059	uca_ucfcrime:Test:Shooting040_x264:16.9	clip	3
uca:video_class:0059	uca_ucfcrime:Val:Shooting048_x264:58.0	clip	3
uca:video_class:0059	uca_ucfcrime:Val:Shooting053_x264:10.3	clip	3
uca:video_class:0059	uca_ucfcrime:Val:Shooting053_x264:25.4	clip	3
uca:video_class:0060	uca_ucfcrime:Train:Shooting010_x264:36.7	clip	3
uca:video_class:0060	uca_ucfcrime:Train:Shooting011_x264:91.2	clip	3
uca:video_class:0060	uca_ucfcrime:Train:Shooting013_x264:30.4	clip	3
uca:video_class:0060	uca_ucfcrime:Train:Shooting020_x264:164.6	clip	3
uca:video_class:0060	uca_ucfcrime:Train:Shooting021_x264:13.5	clip	3
uca:video_class:0060	uca_ucfcrime:Train:Shooting021_x264:27.5	clip	3
uca:video_class:0060	uca_ucfcrime:Train:Shooting021_x264:38.2	clip	3
uca:video_class:0060	uca_ucfcrime:Train:Shooting022_x264:91.4	clip	3
uca:video_class:0060	uca_ucfcrime:Train:Shooting022_x264:150.1	clip	3
uca:video_class:0060	uca_ucfcrime:Train:Shooting027_x264:18.6	clip	3
uca:video_class:0060	uca_ucfcrime:Test:Shooting033_x264:41.8	clip	3
uca:video_class:0060	uca_ucfcrime:Test:Shooting036_x264:2.6	clip	3
uca:video_class:0060	uca_ucfcrime:Test:Shooting036_x264:18.6	clip	3
uca:video_class:0060	uca_ucfcrime:Val:Shooting048_x264:58.0	clip	3
uca:video_class:0060	uca_ucfcrime:Val:Shooting048_x264:76.8	clip	3
uca:video_class:0061	uca_ucfcrime:Train:Shooting006_x264:143.1	clip	3
uca:video_class:0061	uca_ucfcrime:Train:Shooting008_x264:10.3	clip	3
uca:video_class:0061	uca_ucfcrime:Train:Shooting008_x264:27.2	clip	3
uca:video_class:0061	uca_ucfcrime:Train:Shooting013_x264:30.4	clip	3
uca:video_class:0061	uca_ucfcrime:Train:Shooting014_x264:49.8	clip	3
uca:video_class:0061	uca_ucfcrime:Train:Shooting026_x264:10.2	clip	3
uca:video_class:0061	uca_ucfcrime:Train:Shooting032_x264:279.6	clip	3
uca:video_class:0061	uca_ucfcrime:Test:Shooting046_x264:163.4	clip	3
uca:video_class:0061	uca_ucfcrime:Val:Shooting053_x264:25.4	clip	3
uca:video_class:0061	uca_ucfcrime:Val:Shooting054_x264:14.2	clip	3
uca:video_class:0062	uca_ucfcrime:Train:Shooting005_x264:3.4	clip	3
uca:video_class:0062	uca_ucfcrime:Train:Shooting010_x264:36.7	clip	3
uca:video_class:0062	uca_ucfcrime:Train:Shooting031_x264:36.8	clip	3
uca:video_class:0062	uca_ucfcrime:Test:Shooting036_x264:60.9	clip	3
uca:video_class:0062	uca_ucfcrime:Val:Shooting052_x264:90.1	clip	3
uca:video_class:0063	uca_ucfcrime:Train:Shoplifting019_x264:9.2	clip	3
uca:video_class:0063	uca_ucfcrime:Train:Shoplifting019_x264:11.2	clip	3
uca:video_class:0063	uca_ucfcrime:Train:Shoplifting019_x264:13.9	clip	3
uca:video_class:0063	uca_ucfcrime:Train:Shoplifting032_x264:45.0	clip	3
uca:video_class:0063	uca_ucfcrime:Test:Shoplifting038_x264:92.5	clip	3
uca:video_class:0063	uca_ucfcrime:Val:Shoplifting045_x264:33.8	clip	3
uca:video_class:0063	uca_ucfcrime:Val:Shoplifting055_x264:112.7	clip	3
uca:video_class:0064	uca_ucfcrime:Train:Shoplifting006_x264:71.0	clip	3
uca:video_class:0064	uca_ucfcrime:Train:Shoplifting007_x264:3.8	clip	3
uca:video_class:0064	uca_ucfcrime:Train:Shoplifting030_x264:255.7	clip	3
uca:video_class:0064	uca_ucfcrime:Test:Shoplifting034_x264:28.2	clip	3
uca:video_class:0064	uca_ucfcrime:Test:Shoplifting034_x264:362.4	clip	3
uca:video_class:0064	uca_ucfcrime:Test:Shoplifting037_x264:43.8	clip	3
uca:video_class:0064	uca_ucfcrime:Val:Shoplifting044_x264:16.2	clip	3
uca:video_class:0064	uca_ucfcrime:Val:Shoplifting045_x264:16.2	clip	3
uca:video_class:0064	uca_ucfcrime:Val:Shoplifting049_x264:32.4	clip	3
uca:video_class:0065	uca_ucfcrime:Train:Shoplifting001_x264:136.6	clip	3
uca:video_class:0065	uca_ucfcrime:Train:Shoplifting006_x264:4.1	clip	3
uca:video_class:0065	uca_ucfcrime:Train:Shoplifting006_x264:25.8	clip	3
uca:video_class:0065	uca_ucfcrime:Train:Shoplifting006_x264:58.5	clip	3
uca:video_class:0065	uca_ucfcrime:Train:Shoplifting008_x264:293.9	clip	3
uca:video_class:0065	uca_ucfcrime:Train:Shoplifting010_x264:26.1	clip	3
uca:video_class:0065	uca_ucfcrime:Train:Shoplifting012_x264:768.6	clip	3
uca:video_class:0065	uca_ucfcrime:Train:Shoplifting018_x264:6.7	clip	3
uca:video_class:0065	uca_ucfcrime:Train:Shoplifting019_x264:9.2	clip	3
uca:video_class:0065	uca_ucfcrime:Train:Shoplifting021_x264:3.3	clip	3
uca:video_class:0065	uca_ucfcrime:Train:Shoplifting022_x264:7.1	clip	3
uca:video_class:0065	uca_ucfcrime:Train:Shoplifting022_x264:29.0	clip	3
uca:video_class:0065	uca_ucfcrime:Train:Shoplifting022_x264:38.5	clip	3
uca:video_class:0065	uca_ucfcrime:Train:Shoplifting024_x264:7.8	clip	3
uca:video_class:0065	uca_ucfcrime:Train:Shoplifting024_x264:32.0	clip	3
uca:video_class:0065	uca_ucfcrime:Train:Shoplifting025_x264:6.4	clip	3
uca:video_class:0065	uca_ucfcrime:Train:Shoplifting025_x264:29.5	clip	3
uca:video_class:0065	uca_ucfcrime:Train:Shoplifting025_x264:48.0	clip	3
uca:video_class:0065	uca_ucfcrime:Train:Shoplifting026_x264:20.6	clip	3
uca:video_class:0065	uca_ucfcrime:Train:Shoplifting028_x264:10.0	clip	3
uca:video_class:0065	uca_ucfcrime:Train:Shoplifting028_x264:27.3	clip	3
uca:video_class:0065	uca_ucfcrime:Train:Shoplifting030_x264:458.9	clip	3
uca:video_class:0065	uca_ucfcrime:Train:Shoplifting032_x264:45.0	clip	3
uca:video_class:0065	uca_ucfcrime:Train:Shoplifting033_x264:19.1	clip	3
uca:video_class:0065	uca_ucfcrime:Test:Shoplifting037_x264:4.7	clip	3
uca:video_class:0065	uca_ucfcrime:Test:Shoplifting040_x264:893.9	clip	3
uca:video_class:0065	uca_ucfcrime:Test:Shoplifting041_x264:103.8	clip	3
uca:video_class:0065	uca_ucfcrime:Test:Shoplifting041_x264:399.4	clip	3
uca:video_class:0065	uca_ucfcrime:Val:Shoplifting043_x264:105.1	clip	3
uca:video_class:0065	uca_ucfcrime:Val:Shoplifting043_x264:187.4	clip	3
uca:video_class:0065	uca_ucfcrime:Val:Shoplifting047_x264:49.7	clip	3
uca:video_class:0065	uca_ucfcrime:Val:Shoplifting047_x264:76.7	clip	3
uca:video_class:0065	uca_ucfcrime:Val:Shoplifting048_x264:6.6	clip	3
uca:video_class:0065	uca_ucfcrime:Val:Shoplifting050_x264:9.3	clip	3
uca:video_class:0065	uca_ucfcrime:Val:Shoplifting050_x264:73.6	clip	3
uca:video_class:0065	uca_ucfcrime:Val:Shoplifting052_x264:58.2	clip	3
uca:video_class:0065	uca_ucfcrime:Val:Shoplifting052_x264:140.9	clip	3
uca:video_class:0065	uca_ucfcrime:Val:Shoplifting054_x264:25.5	clip	3
uca:video_class:0065	uca_ucfcrime:Val:Shoplifting055_x264:78.6	clip	3
uca:video_class:0066	uca_ucfcrime:Train:Shoplifting005_x264:5.2	clip	3
uca:video_class:0066	uca_ucfcrime:Train:Shoplifting007_x264:36.8	clip	3
uca:video_class:0066	uca_ucfcrime:Train:Shoplifting009_x264:168.8	clip	3
uca:video_class:0066	uca_ucfcrime:Train:Shoplifting020_x264:106.2	clip	3
uca:video_class:0066	uca_ucfcrime:Train:Shoplifting022_x264:7.1	clip	3
uca:video_class:0066	uca_ucfcrime:Val:Shoplifting045_x264:4.8	clip	3
uca:video_class:0066	uca_ucfcrime:Val:Shoplifting045_x264:53.0	clip	3
uca:video_class:0066	uca_ucfcrime:Val:Shoplifting047_x264:6.3	clip	3
uca:video_class:0066	uca_ucfcrime:Val:Shoplifting051_x264:24.6	clip	3
uca:video_class:0066	uca_ucfcrime:Val:Shoplifting055_x264:112.7	clip	3
uca:video_class:0067	uca_ucfcrime:Train:Stealing003_x264:101.2	clip	3
uca:video_class:0067	uca_ucfcrime:Train:Stealing008_x264:80.7	clip	3
uca:video_class:0067	uca_ucfcrime:Train:Stealing017_x264:35.6	clip	3
uca:video_class:0067	uca_ucfcrime:Train:Stealing017_x264:57.9	clip	3
uca:video_class:0067	uca_ucfcrime:Train:Stealing018_x264:6.1	clip	3
uca:video_class:0067	uca_ucfcrime:Train:Stealing021_x264:134.2	clip	3
uca:video_class:0067	uca_ucfcrime:Train:Stealing027_x264:57.3	clip	3
uca:video_class:0067	uca_ucfcrime:Train:Stealing029_x264:3.6	clip	3
uca:video_class:0067	uca_ucfcrime:Train:Stealing029_x264:8.6	clip	3
uca:video_class:0067	uca_ucfcrime:Train:Stealing030_x264:19.7	clip	3
uca:video_class:0067	uca_ucfcrime:Train:Stealing047_x264:27.5	clip	3
uca:video_class:0067	uca_ucfcrime:Train:Stealing071_x264:5.1	clip	3
uca:video_class:0067	uca_ucfcrime:Test:Stealing080_x264:9.4	clip	3
uca:video_class:0067	uca_ucfcrime:Test:Stealing080_x264:32.4	clip	3
uca:video_class:0067	uca_ucfcrime:Test:Stealing081_x264:16.9	clip	3
uca:video_class:0067	uca_ucfcrime:Test:Stealing081_x264:25.5	clip	3
uca:video_class:0067	uca_ucfcrime:Test:Stealing087_x264:162.0	clip	3
uca:video_class:0067	uca_ucfcrime:Val:Stealing095_x264:7.2	clip	3
uca:video_class:0067	uca_ucfcrime:Val:Stealing095_x264:19.6	clip	3
uca:video_class:0067	uca_ucfcrime:Val:Stealing096_x264:25.8	clip	3
uca:video_class:0067	uca_ucfcrime:Val:Stealing097_x264:16.2	clip	3
uca:video_class:0067	uca_ucfcrime:Val:Stealing102_x264:28.9	clip	3
uca:video_class:0067	uca_ucfcrime:Val:Stealing103_x264:174.0	clip	3
uca:video_class:0067	uca_ucfcrime:Val:Stealing105_x264:4.0	clip	3
uca:video_class:0067	uca_ucfcrime:Val:Stealing105_x264:32.4	clip	3
uca:video_class:0067	uca_ucfcrime:Val:Stealing110_x264:15.3	clip	3
uca:video_class:0067	uca_ucfcrime:Val:Stealing110_x264:27.6	clip	3
uca:video_class:0067	uca_ucfcrime:Val:Stealing110_x264:44.7	clip	3
uca:video_class:0068	uca_ucfcrime:Train:Stealing004_x264:3.8	clip	3
uca:video_class:0068	uca_ucfcrime:Train:Stealing008_x264:80.7	clip	3
uca:video_class:0068	uca_ucfcrime:Train:Stealing008_x264:108.6	clip	3
uca:video_class:0068	uca_ucfcrime:Train:Stealing008_x264:164.6	clip	3
uca:video_class:0068	uca_ucfcrime:Train:Stealing013_x264:191.9	clip	3
uca:video_class:0068	uca_ucfcrime:Train:Stealing014_x264:6.0	clip	3
uca:video_class:0068	uca_ucfcrime:Train:Stealing016_x264:14.2	clip	3
uca:video_class:0068	uca_ucfcrime:Train:Stealing016_x264:51.2	clip	3
uca:video_class:0068	uca_ucfcrime:Train:Stealing017_x264:15.3	clip	3
uca:video_class:0068	uca_ucfcrime:Train:Stealing018_x264:6.1	clip	3
uca:video_class:0068	uca_ucfcrime:Train:Stealing018_x264:23.3	clip	3
uca:video_class:0068	uca_ucfcrime:Train:Stealing019_x264:57.0	clip	3
uca:video_class:0068	uca_ucfcrime:Train:Stealing020_x264:155.8	clip	3
uca:video_class:0068	uca_ucfcrime:Train:Stealing021_x264:5.9	clip	3
uca:video_class:0068	uca_ucfcrime:Train:Stealing021_x264:74.7	clip	3
uca:video_class:0068	uca_ucfcrime:Train:Stealing021_x264:104.2	clip	3
uca:video_class:0068	uca_ucfcrime:Train:Stealing023_x264:83.0	clip	3
uca:video_class:0068	uca_ucfcrime:Train:Stealing023_x264:106.2	clip	3
uca:video_class:0068	uca_ucfcrime:Train:Stealing026_x264:40.9	clip	3
uca:video_class:0068	uca_ucfcrime:Train:Stealing028_x264:38.8	clip	3
uca:video_class:0068	uca_ucfcrime:Train:Stealing028_x264:47.6	clip	3
uca:video_class:0068	uca_ucfcrime:Train:Stealing029_x264:1.1	clip	3
uca:video_class:0068	uca_ucfcrime:Train:Stealing029_x264:3.6	clip	3
uca:video_class:0068	uca_ucfcrime:Train:Stealing030_x264:19.7	clip	3
uca:video_class:0068	uca_ucfcrime:Train:Stealing031_x264:4.0	clip	3
uca:video_class:0068	uca_ucfcrime:Train:Stealing031_x264:14.0	clip	3
uca:video_class:0068	uca_ucfcrime:Train:Stealing031_x264:24.4	clip	3
uca:video_class:0068	uca_ucfcrime:Train:Stealing035_x264:179.6	clip	3
uca:video_class:0068	uca_ucfcrime:Train:Stealing043_x264:125.8	clip	3
uca:video_class:0068	uca_ucfcrime:Train:Stealing044_x264:59.5	clip	3
uca:video_class:0068	uca_ucfcrime:Train:Stealing045_x264:116.8	clip	3
uca:video_class:0068	uca_ucfcrime:Train:Stealing045_x264:218.3	clip	3
uca:video_class:0068	uca_ucfcrime:Train:Stealing046_x264:6.2	clip	3
uca:video_class:0068	uca_ucfcrime:Train:Stealing046_x264:24.0	clip	3
uca:video_class:0068	uca_ucfcrime:Train:Stealing046_x264:207.2	clip	3
uca:video_class:0068	uca_ucfcrime:Train:Stealing048_x264:243.9	clip	3
uca:video_class:0068	uca_ucfcrime:Train:Stealing049_x264:10.2	clip	3
uca:video_class:0068	uca_ucfcrime:Train:Stealing049_x264:34.8	clip	3
uca:video_class:0068	uca_ucfcrime:Train:Stealing050_x264:14.7	clip	3
uca:video_class:0068	uca_ucfcrime:Train:Stealing051_x264:41.2	clip	3
uca:video_class:0068	uca_ucfcrime:Train:Stealing052_x264:65.5	clip	3
uca:video_class:0068	uca_ucfcrime:Train:Stealing058_x264:9.1	clip	3
uca:video_class:0068	uca_ucfcrime:Train:Stealing058_x264:15.1	clip	3
uca:video_class:0068	uca_ucfcrime:Train:Stealing059_x264:25.2	clip	3
uca:video_class:0068	uca_ucfcrime:Train:Stealing059_x264:40.6	clip	3
uca:video_class:0068	uca_ucfcrime:Train:Stealing062_x264:11.7	clip	3
uca:video_class:0068	uca_ucfcrime:Train:Stealing063_x264:128.8	clip	3
uca:video_class:0068	uca_ucfcrime:Train:Stealing068_x264:68.8	clip	3
uca:video_class:0068	uca_ucfcrime:Train:Stealing070_x264:20.8	clip	3
uca:video_class:0068	uca_ucfcrime:Train:Stealing070_x264:33.7	clip	3
uca:video_class:0068	uca_ucfcrime:Train:Stealing071_x264:5.1	clip	3
uca:video_class:0068	uca_ucfcrime:Train:Stealing071_x264:18.1	clip	3
uca:video_class:0068	uca_ucfcrime:Train:Stealing071_x264:29.1	clip	3
uca:video_class:0068	uca_ucfcrime:Train:Stealing072_x264:8.1	clip	3
uca:video_class:0068	uca_ucfcrime:Train:Stealing072_x264:339.1	clip	3
uca:video_class:0068	uca_ucfcrime:Train:Stealing073_x264:7.6	clip	3
uca:video_class:0068	uca_ucfcrime:Train:Stealing074_x264:24.4	clip	3
uca:video_class:0068	uca_ucfcrime:Train:Stealing074_x264:47.2	clip	3
uca:video_class:0068	uca_ucfcrime:Test:Stealing080_x264:9.4	clip	3
uca:video_class:0068	uca_ucfcrime:Test:Stealing081_x264:16.9	clip	3
uca:video_class:0068	uca_ucfcrime:Test:Stealing082_x264:33.4	clip	3
uca:video_class:0068	uca_ucfcrime:Test:Stealing089_x264:6.0	clip	3
uca:video_class:0068	uca_ucfcrime:Val:Stealing097_x264:5.2	clip	3
uca:video_class:0068	uca_ucfcrime:Val:Stealing097_x264:16.2	clip	3
uca:video_class:0068	uca_ucfcrime:Val:Stealing105_x264:4.0	clip	3
uca:video_class:0068	uca_ucfcrime:Val:Stealing105_x264:12.8	clip	3
uca:video_class:0068	uca_ucfcrime:Val:Stealing106_x264:5.7	clip	3
uca:video_class:0068	uca_ucfcrime:Val:Stealing109_x264:199.1	clip	3
uca:video_class:0068	uca_ucfcrime:Val:Stealing111_x264:24.4	clip	3
uca:video_class:0068	uca_ucfcrime:Val:Stealing111_x264:149.0	clip	3
uca:video_class:0068	uca_ucfcrime:Val:Stealing113_x264:5.7	clip	3
uca:video_class:0068	uca_ucfcrime:Val:Stealing113_x264:38.0	clip	3
uca:video_class:0069	uca_ucfcrime:Train:Stealing002_x264:86.2	clip	3
uca:video_class:0069	uca_ucfcrime:Train:Stealing010_x264:90.0	clip	3
uca:video_class:0069	uca_ucfcrime:Train:Stealing011_x264:57.8	clip	3
uca:video_class:0069	uca_ucfcrime:Train:Stealing012_x264:37.0	clip	3
uca:video_class:0069	uca_ucfcrime:Train:Stealing015_x264:38.8	clip	3
uca:video_class:0069	uca_ucfcrime:Train:Stealing022_x264:26.3	clip	3
uca:video_class:0069	uca_ucfcrime:Train:Stealing023_x264:83.0	clip	3
uca:video_class:0069	uca_ucfcrime:Train:Stealing024_x264:2.2	clip	3
uca:video_class:0069	uca_ucfcrime:Train:Stealing024_x264:12.6	clip	3
uca:video_class:0069	uca_ucfcrime:Train:Stealing026_x264:40.9	clip	3
uca:video_class:0069	uca_ucfcrime:Train:Stealing026_x264:67.0	clip	3
uca:video_class:0069	uca_ucfcrime:Train:Stealing026_x264:74.8	clip	3
uca:video_class:0069	uca_ucfcrime:Train:Stealing027_x264:6.2	clip	3
uca:video_class:0069	uca_ucfcrime:Train:Stealing029_x264:8.6	clip	3
uca:video_class:0069	uca_ucfcrime:Train:Stealing032_x264:116.2	clip	3
uca:video_class:0069	uca_ucfcrime:Train:Stealing036_x264:12.7	clip	3
uca:video_class:0069	uca_ucfcrime:Train:Stealing042_x264:67.2	clip	3
uca:video_class:0069	uca_ucfcrime:Train:Stealing045_x264:116.8	clip	3
uca:video_class:0069	uca_ucfcrime:Train:Stealing052_x264:15.2	clip	3
uca:video_class:0069	uca_ucfcrime:Train:Stealing054_x264:61.4	clip	3
uca:video_class:0069	uca_ucfcrime:Train:Stealing055_x264:36.6	clip	3
uca:video_class:0069	uca_ucfcrime:Train:Stealing057_x264:44.4	clip	3
uca:video_class:0069	uca_ucfcrime:Train:Stealing067_x264:25.4	clip	3
uca:video_class:0069	uca_ucfcrime:Train:Stealing067_x264:46.3	clip	3
uca:video_class:0069	uca_ucfcrime:Train:Stealing074_x264:24.4	clip	3
uca:video_class:0069	uca_ucfcrime:Train:Stealing074_x264:47.2	clip	3
uca:video_class:0069	uca_ucfcrime:Train:Stealing075_x264:129.7	clip	3
uca:video_class:0069	uca_ucfcrime:Test:Stealing081_x264:38.2	clip	3
uca:video_class:0069	uca_ucfcrime:Test:Stealing087_x264:52.4	clip	3
uca:video_class:0069	uca_ucfcrime:Test:Stealing092_x264:270.7	clip	3
uca:video_class:0069	uca_ucfcrime:Val:Stealing097_x264:16.2	clip	3
uca:video_class:0069	uca_ucfcrime:Val:Stealing104_x264:34.7	clip	3
uca:video_class:0069	uca_ucfcrime:Val:Stealing105_x264:4.0	clip	3
uca:video_class:0069	uca_ucfcrime:Val:Stealing110_x264:27.6	clip	3
uca:video_class:0070	uca_ucfcrime:Train:Stealing018_x264:42.5	clip	3
uca:video_class:0070	uca_ucfcrime:Train:Stealing025_x264:268.6	clip	3
uca:video_class:0070	uca_ucfcrime:Train:Stealing044_x264:17.1	clip	3
uca:video_class:0070	uca_ucfcrime:Train:Stealing045_x264:116.8	clip	3
uca:video_class:0070	uca_ucfcrime:Train:Stealing045_x264:218.3	clip	3
uca:video_class:0070	uca_ucfcrime:Train:Stealing046_x264:24.0	clip	3
uca:video_class:0070	uca_ucfcrime:Train:Stealing046_x264:225.1	clip	3
uca:video_class:0070	uca_ucfcrime:Train:Stealing050_x264:14.7	clip	3
uca:video_class:0070	uca_ucfcrime:Train:Stealing050_x264:52.6	clip	3
uca:video_class:0070	uca_ucfcrime:Train:Stealing054_x264:31.0	clip	3
uca:video_class:0070	uca_ucfcrime:Train:Stealing057_x264:44.4	clip	3
uca:video_class:0070	uca_ucfcrime:Train:Stealing058_x264:127.2	clip	3
uca:video_class:0070	uca_ucfcrime:Train:Stealing061_x264:69.5	clip	3
uca:video_class:0070	uca_ucfcrime:Train:Stealing065_x264:97.2	clip	3
uca:video_class:0070	uca_ucfcrime:Train:Stealing072_x264:68.5	clip	3
uca:video_class:0070	uca_ucfcrime:Test:Stealing082_x264:47.7	clip	3
uca:video_class:0070	uca_ucfcrime:Val:Stealing098_x264:42.1	clip	3
uca:video_class:0070	uca_ucfcrime:Val:Stealing098_x264:63.3	clip	3
uca:video_class:0071	uca_ucfcrime:Train:Vandalism002_x264:46.7	clip	3
uca:video_class:0071	uca_ucfcrime:Train:Vandalism010_x264:68.3	clip	3
uca:video_class:0071	uca_ucfcrime:Train:Vandalism017_x264:14.0	clip	3
uca:video_class:0071	uca_ucfcrime:Train:Vandalism020_x264:26.6	clip	3
uca:video_class:0071	uca_ucfcrime:Val:Vandalism047_x264:37.1	clip	3
uca:video_class:0072	uca_ucfcrime:Train:Vandalism004_x264:5.5	clip	3
uca:video_class:0072	uca_ucfcrime:Train:Vandalism004_x264:68.7	clip	3
uca:video_class:0072	uca_ucfcrime:Train:Vandalism006_x264:5.2	clip	3
uca:video_class:0072	uca_ucfcrime:Train:Vandalism006_x264:20.6	clip	3
uca:video_class:0072	uca_ucfcrime:Train:Vandalism009_x264:17.6	clip	3
uca:video_class:0072	uca_ucfcrime:Train:Vandalism009_x264:23.8	clip	3
uca:video_class:0072	uca_ucfcrime:Train:Vandalism022_x264:112.1	clip	3
uca:video_class:0072	uca_ucfcrime:Train:Vandalism023_x264:175.2	clip	3
uca:video_class:0072	uca_ucfcrime:Train:Vandalism030_x264:4.5	clip	3
uca:video_class:0072	uca_ucfcrime:Train:Vandalism030_x264:20.6	clip	3
uca:video_class:0072	uca_ucfcrime:Train:Vandalism030_x264:28.8	clip	3
uca:video_class:0072	uca_ucfcrime:Test:Vandalism032_x264:9.7	clip	3
uca:video_class:0072	uca_ucfcrime:Val:Vandalism044_x264:47.7	clip	3
uca:video_class:0072	uca_ucfcrime:Val:Vandalism045_x264:55.3	clip	3
uca:video_class:0072	uca_ucfcrime:Val:Vandalism045_x264:92.8	clip	3
uca:video_class:0072	uca_ucfcrime:Val:Vandalism047_x264:5.0	clip	3
uca:video_class:0073	uca_ucfcrime:Train:Vandalism003_x264:11.9	clip	3
uca:video_class:0073	uca_ucfcrime:Train:Vandalism003_x264:20.6	clip	3
uca:video_class:0073	uca_ucfcrime:Train:Vandalism007_x264:28.8	clip	3
uca:video_class:0073	uca_ucfcrime:Train:Vandalism009_x264:23.8	clip	3
uca:video_class:0073	uca_ucfcrime:Train:Vandalism011_x264:29.6	clip	3
uca:video_class:0073	uca_ucfcrime:Train:Vandalism011_x264:84.8	clip	3
uca:video_class:0073	uca_ucfcrime:Train:Vandalism012_x264:2.9	clip	3
uca:video_class:0073	uca_ucfcrime:Train:Vandalism012_x264:11.7	clip	3
uca:video_class:0073	uca_ucfcrime:Train:Vandalism012_x264:13.8	clip	3
uca:video_class:0073	uca_ucfcrime:Train:Vandalism012_x264:21.0	clip	3
uca:video_class:0073	uca_ucfcrime:Train:Vandalism013_x264:75.2	clip	3
uca:video_class:0073	uca_ucfcrime:Train:Vandalism017_x264:9.8	clip	3
uca:video_class:0073	uca_ucfcrime:Train:Vandalism017_x264:14.0	clip	3
uca:video_class:0073	uca_ucfcrime:Train:Vandalism018_x264:100.6	clip	3
uca:video_class:0073	uca_ucfcrime:Train:Vandalism018_x264:175.9	clip	3
uca:video_class:0073	uca_ucfcrime:Train:Vandalism020_x264:13.6	clip	3
uca:video_class:0073	uca_ucfcrime:Train:Vandalism022_x264:6.5	clip	3
uca:video_class:0073	uca_ucfcrime:Train:Vandalism022_x264:74.2	clip	3
uca:video_class:0073	uca_ucfcrime:Train:Vandalism023_x264:197.8	clip	3
uca:video_class:0073	uca_ucfcrime:Train:Vandalism030_x264:4.5	clip	3
uca:video_class:0073	uca_ucfcrime:Test:Vandalism031_x264:17.3	clip	3
uca:video_class:0073	uca_ucfcrime:Test:Vandalism039_x264:11.7	clip	3
uca:video_class:0073	uca_ucfcrime:Test:Vandalism039_x264:17.8	clip	3
uca:video_class:0073	uca_ucfcrime:Test:Vandalism039_x264:25.1	clip	3
uca:video_class:0073	uca_ucfcrime:Test:Vandalism040_x264:17.5	clip	3
uca:video_class:0073	uca_ucfcrime:Val:Vandalism044_x264:7.0	clip	3
uca:video_class:0073	uca_ucfcrime:Val:Vandalism044_x264:47.7	clip	3
uca:video_class:0073	uca_ucfcrime:Val:Vandalism049_x264:3.2	clip	3
uca:video_class:0074	uca_ucfcrime:Train:Vandalism006_x264:5.2	clip	3
uca:video_class:0074	uca_ucfcrime:Train:Vandalism006_x264:14.2	clip	3
uca:video_class:0074	uca_ucfcrime:Train:Vandalism006_x264:20.6	clip	3
uca:video_class:0074	uca_ucfcrime:Train:Vandalism008_x264:415.8	clip	3
uca:video_class:0074	uca_ucfcrime:Train:Vandalism015_x264:2.9	clip	3
uca:video_class:0074	uca_ucfcrime:Train:Vandalism017_x264:2.4	clip	3
uca:video_class:0074	uca_ucfcrime:Train:Vandalism017_x264:9.8	clip	3
uca:video_class:0074	uca_ucfcrime:Train:Vandalism018_x264:5.2	clip	3
uca:video_class:0074	uca_ucfcrime:Train:Vandalism018_x264:125.9	clip	3
uca:video_class:0074	uca_ucfcrime:Train:Vandalism019_x264:29.5	clip	3
uca:video_class:0074	uca_ucfcrime:Train:Vandalism021_x264:3.0	clip	3
uca:video_class:0074	uca_ucfcrime:Train:Vandalism025_x264:5.2	clip	3
uca:video_class:0074	uca_ucfcrime:Train:Vandalism025_x264:75.8	clip	3
uca:video_class:0074	uca_ucfcrime:Train:Vandalism027_x264:10.6	clip	3
uca:video_class:0074	uca_ucfcrime:Train:Vandalism029_x264:3.6	clip	3
uca:video_class:0074	uca_ucfcrime:Test:Vandalism034_x264:20.2	clip	3
uca:video_class:0074	uca_ucfcrime:Test:Vandalism036_x264:25.9	clip	3
uca:video_class:0074	uca_ucfcrime:Test:Vandalism036_x264:41.9	clip	3
uca:video_class:0074	uca_ucfcrime:Test:Vandalism040_x264:2.1	clip	3
uca:video_class:0074	uca_ucfcrime:Val:Vandalism045_x264:55.3	clip	3
uca:video_class:0074	uca_ucfcrime:Val:Vandalism045_x264:92.8	clip	3
uca:video_class:0074	uca_ucfcrime:Val:Vandalism048_x264:97.3	clip	3
uca:video_class:0074	uca_ucfcrime:Val:Vandalism049_x264:259.9	clip	3
uca:video_class:0075	uca_ucfcrime:Train:Vandalism001_x264:37.7	clip	3
uca:video_class:0075	uca_ucfcrime:Train:Vandalism002_x264:46.7	clip	3
uca:video_class:0075	uca_ucfcrime:Train:Vandalism007_x264:20.2	clip	3
uca:video_class:0075	uca_ucfcrime:Train:Vandalism009_x264:17.6	clip	3
uca:video_class:0075	uca_ucfcrime:Train:Vandalism010_x264:12.7	clip	3
uca:video_class:0075	uca_ucfcrime:Train:Vandalism010_x264:44.2	clip	3
uca:video_class:0075	uca_ucfcrime:Train:Vandalism013_x264:53.4	clip	3
uca:video_class:0075	uca_ucfcrime:Train:Vandalism015_x264:71.8	clip	3
uca:video_class:0075	uca_ucfcrime:Train:Vandalism019_x264:29.5	clip	3
uca:video_class:0075	uca_ucfcrime:Train:Vandalism019_x264:48.1	clip	3
uca:video_class:0075	uca_ucfcrime:Train:Vandalism020_x264:26.6	clip	3
uca:video_class:0075	uca_ucfcrime:Train:Vandalism021_x264:8.6	clip	3
uca:video_class:0075	uca_ucfcrime:Train:Vandalism021_x264:38.8	clip	3
uca:video_class:0075	uca_ucfcrime:Train:Vandalism022_x264:6.5	clip	3
uca:video_class:0075	uca_ucfcrime:Train:Vandalism023_x264:175.2	clip	3
uca:video_class:0075	uca_ucfcrime:Train:Vandalism025_x264:133.0	clip	3
uca:video_class:0075	uca_ucfcrime:Train:Vandalism030_x264:4.5	clip	3
uca:video_class:0075	uca_ucfcrime:Test:Vandalism034_x264:33.9	clip	3
uca:video_class:0075	uca_ucfcrime:Test:Vandalism038_x264:15.5	clip	3
uca:video_class:0075	uca_ucfcrime:Test:Vandalism041_x264:76.7	clip	3
uca:video_duration_bin:0076	uca_ucfcrime:Train:Abuse015_x264:104.6	clip	3
uca:video_duration_bin:0076	uca_ucfcrime:Train:Abuse031_x264:23.8	clip	3
uca:video_duration_bin:0076	uca_ucfcrime:Val:Abuse044_x264:36.2	clip	3
uca:video_duration_bin:0076	uca_ucfcrime:Train:Arrest021_x264:235.6	clip	3
uca:video_duration_bin:0076	uca_ucfcrime:Train:Arrest041_x264:35.8	clip	3
uca:video_duration_bin:0076	uca_ucfcrime:Train:Arson003_x264:70.1	clip	3
uca:video_duration_bin:0076	uca_ucfcrime:Train:Assault003_x264:76.2	clip	3
uca:video_duration_bin:0076	uca_ucfcrime:Train:Assault008_x264:31.8	clip	3
uca:video_duration_bin:0076	uca_ucfcrime:Train:Assault008_x264:81.7	clip	3
uca:video_duration_bin:0076	uca_ucfcrime:Train:Assault010_x264:420.5	clip	3
uca:video_duration_bin:0076	uca_ucfcrime:Train:Burglary001_x264:32.1	clip	3
uca:video_duration_bin:0076	uca_ucfcrime:Train:Burglary023_x264:142.9	clip	3
uca:video_duration_bin:0076	uca_ucfcrime:Train:Fighting008_x264:109.1	clip	3
uca:video_duration_bin:0076	uca_ucfcrime:Train:Fighting008_x264:213.4	clip	3
uca:video_duration_bin:0076	uca_ucfcrime:Train:Fighting011_x264:258.6	clip	3
uca:video_duration_bin:0076	uca_ucfcrime:Train:Fighting027_x264:75.9	clip	3
uca:video_duration_bin:0076	uca_ucfcrime:Train:Fighting027_x264:108.0	clip	3
uca:video_duration_bin:0076	uca_ucfcrime:Train:Fighting037_x264:129.6	clip	3
uca:video_duration_bin:0076	uca_ucfcrime:Test:Fighting044_x264:92.5	clip	3
uca:video_duration_bin:0076	uca_ucfcrime:Test:Normal_Videos549_x264:95.8	clip	3
uca:video_duration_bin:0076	uca_ucfcrime:Train:Normal_Videos_175_x264:60.5	clip	3
uca:video_duration_bin:0076	uca_ucfcrime:Train:RoadAccidents024_x264:10.9	clip	3
uca:video_duration_bin:0076	uca_ucfcrime:Train:RoadAccidents104_x264:4.8	clip	3
uca:video_duration_bin:0076	uca_ucfcrime:Test:RoadAccidents109_x264:1.9	clip	3
uca:video_duration_bin:0076	uca_ucfcrime:Train:Robbery035_x264:110.5	clip	3
uca:video_duration_bin:0076	uca_ucfcrime:Train:Robbery081_x264:5.0	clip	3
uca:video_duration_bin:0076	uca_ucfcrime:Val:Shooting050_x264:43.2	clip	3
uca:video_duration_bin:0076	uca_ucfcrime:Val:Shooting050_x264:62.6	clip	3
uca:video_duration_bin:0076	uca_ucfcrime:Val:Shooting050_x264:100.4	clip	3
uca:video_duration_bin:0076	uca_ucfcrime:Train:Stealing004_x264:3.8	clip	3
uca:video_duration_bin:0076	uca_ucfcrime:Val:Stealing094_x264:63.1	clip	3
uca:video_duration_bin:0076	uca_ucfcrime:Train:Vandalism010_x264:68.3	clip	3
uca:video_duration_bin:0077	uca_ucfcrime:Train:Abuse006_x264:37.5	clip	3
uca:video_duration_bin:0077	uca_ucfcrime:Train:Abuse013_x264:3.4	clip	3
uca:video_duration_bin:0077	uca_ucfcrime:Train:Abuse015_x264:104.6	clip	3
uca:video_duration_bin:0077	uca_ucfcrime:Train:Abuse019_x264:74.3	clip	3
uca:video_duration_bin:0077	uca_ucfcrime:Train:Abuse019_x264:127.2	clip	3
uca:video_duration_bin:0077	uca_ucfcrime:Val:Abuse043_x264:40.5	clip	3
uca:video_duration_bin:0077	uca_ucfcrime:Val:Abuse044_x264:74.8	clip	3
uca:video_duration_bin:0077	uca_ucfcrime:Val:Abuse044_x264:127.2	clip	3
uca:video_duration_bin:0077	uca_ucfcrime:Val:Abuse045_x264:6.0	clip	3
uca:video_duration_bin:0077	uca_ucfcrime:Val:Abuse045_x264:46.0	clip	3
uca:video_duration_bin:0077	uca_ucfcrime:Val:Abuse050_x264:95.8	clip	3
uca:video_duration_bin:0077	uca_ucfcrime:Val:Abuse050_x264:154.9	clip	3
uca:video_duration_bin:0077	uca_ucfcrime:Train:Arrest008_x264:56.7	clip	3
uca:video_duration_bin:0077	uca_ucfcrime:Test:Arrest043_x264:109.2	clip	3
uca:video_duration_bin:0077	uca_ucfcrime:Test:Arson030_x264:166.9	clip	3
uca:video_duration_bin:0077	uca_ucfcrime:Val:Arson045_x264:24.6	clip	3
uca:video_duration_bin:0077	uca_ucfcrime:Train:Assault003_x264:39.0	clip	3
uca:video_duration_bin:0077	uca_ucfcrime:Train:Assault003_x264:129.8	clip	3
uca:video_duration_bin:0077	uca_ucfcrime:Train:Assault006_x264:55.7	clip	3
uca:video_duration_bin:0077	uca_ucfcrime:Train:Assault010_x264:420.5	clip	3
uca:video_duration_bin:0077	uca_ucfcrime:Train:Assault010_x264:505.3	clip	3
uca:video_duration_bin:0077	uca_ucfcrime:Train:Assault016_x264:35.9	clip	3
uca:video_duration_bin:0077	uca_ucfcrime:Train:Assault016_x264:118.5	clip	3
uca:video_duration_bin:0077	uca_ucfcrime:Test:Assault027_x264:88.1	clip	3
uca:video_duration_bin:0077	uca_ucfcrime:Test:Assault040_x264:30.1	clip	3
uca:video_duration_bin:0077	uca_ucfcrime:Test:Assault040_x264:50.6	clip	3
uca:video_duration_bin:0077	uca_ucfcrime:Val:Assault042_x264:75.7	clip	3
uca:video_duration_bin:0077	uca_ucfcrime:Val:Assault042_x264:109.8	clip	3
uca:video_duration_bin:0077	uca_ucfcrime:Val:Assault042_x264:200.0	clip	3
uca:video_duration_bin:0077	uca_ucfcrime:Train:Burglary005_x264:165.7	clip	3
uca:video_duration_bin:0077	uca_ucfcrime:Train:Burglary049_x264:4.5	clip	3
uca:video_duration_bin:0077	uca_ucfcrime:Train:Burglary058_x264:4.5	clip	3
uca:video_duration_bin:0077	uca_ucfcrime:Train:Fighting004_x264:1.7	clip	3
uca:video_duration_bin:0077	uca_ucfcrime:Train:Fighting007_x264:6.1	clip	3
uca:video_duration_bin:0077	uca_ucfcrime:Train:Fighting007_x264:47.4	clip	3
uca:video_duration_bin:0077	uca_ucfcrime:Train:Fighting011_x264:67.7	clip	3
uca:video_duration_bin:0077	uca_ucfcrime:Train:Fighting014_x264:89.8	clip	3
uca:video_duration_bin:0077	uca_ucfcrime:Train:Fighting022_x264:95.9	clip	3
uca:video_duration_bin:0077	uca_ucfcrime:Train:Fighting024_x264:117.8	clip	3
uca:video_duration_bin:0077	uca_ucfcrime:Train:Fighting027_x264:75.9	clip	3
uca:video_duration_bin:0077	uca_ucfcrime:Train:Fighting029_x264:7.8	clip	3
uca:video_duration_bin:0077	uca_ucfcrime:Train:Fighting029_x264:77.2	clip	3
uca:video_duration_bin:0077	uca_ucfcrime:Train:Fighting029_x264:135.8	clip	3
uca:video_duration_bin:0077	uca_ucfcrime:Train:Fighting036_x264:5.8	clip	3
uca:video_duration_bin:0077	uca_ucfcrime:Train:Fighting036_x264:40.0	clip	3
uca:video_duration_bin:0077	uca_ucfcrime:Train:Fighting036_x264:60.8	clip	3
uca:video_duration_bin:0077	uca_ucfcrime:Train:Fighting036_x264:119.9	clip	3
uca:video_duration_bin:0077	uca_ucfcrime:Test:Fighting044_x264:187.2	clip	3
uca:video_duration_bin:0077	uca_ucfcrime:Val:Fighting045_x264:30.6	clip	3
uca:video_duration_bin:0077	uca_ucfcrime:Val:Fighting045_x264:60.2	clip	3
uca:video_duration_bin:0077	uca_ucfcrime:Val:Fighting047_x264:4.2	clip	3
uca:video_duration_bin:0077	uca_ucfcrime:Val:Fighting047_x264:20.2	clip	3
uca:video_duration_bin:0077	uca_ucfcrime:Val:Fighting048_x264:70.5	clip	3
uca:video_duration_bin:0077	uca_ucfcrime:Val:Fighting048_x264:216.5	clip	3
uca:video_duration_bin:0077	uca_ucfcrime:Val:Fighting050_x264:553.4	clip	3
uca:video_duration_bin:0077	uca_ucfcrime:Val:Fighting051_x264:73.8	clip	3
uca:video_duration_bin:0077	uca_ucfcrime:Val:Fighting051_x264:154.9	clip	3
uca:video_duration_bin:0077	uca_ucfcrime:Val:Fighting051_x264:211.1	clip	3
uca:video_duration_bin:0077	uca_ucfcrime:Val:Normal_Videos776_x264:258.2	clip	3
uca:video_duration_bin:0077	uca_ucfcrime:Train:RoadAccidents024_x264:10.9	clip	3
uca:video_duration_bin:0077	uca_ucfcrime:Train:RoadAccidents024_x264:103.7	clip	3
uca:video_duration_bin:0077	uca_ucfcrime:Train:RoadAccidents024_x264:192.2	clip	3
uca:video_duration_bin:0077	uca_ucfcrime:Train:RoadAccidents085_x264:88.3	clip	3
uca:video_duration_bin:0077	uca_ucfcrime:Train:RoadAccidents108_x264:31.8	clip	3
uca:video_duration_bin:0077	uca_ucfcrime:Test:RoadAccidents109_x264:1.9	clip	3
uca:video_duration_bin:0077	uca_ucfcrime:Val:RoadAccidents148_x264:288.9	clip	3
uca:video_duration_bin:0077	uca_ucfcrime:Train:Robbery019_x264:75.4	clip	3
uca:video_duration_bin:0077	uca_ucfcrime:Train:Robbery019_x264:143.2	clip	3
uca:video_duration_bin:0077	uca_ucfcrime:Train:Robbery027_x264:133.8	clip	3
uca:video_duration_bin:0077	uca_ucfcrime:Train:Robbery037_x264:188.6	clip	3
uca:video_duration_bin:0077	uca_ucfcrime:Train:Robbery081_x264:5.0	clip	3
uca:video_duration_bin:0077	uca_ucfcrime:Test:Robbery088_x264:116.4	clip	3
uca:video_duration_bin:0077	uca_ucfcrime:Val:Robbery124_x264:212.3	clip	3
uca:video_duration_bin:0077	uca_ucfcrime:Val:Robbery124_x264:313.4	clip	3
uca:video_duration_bin:0077	uca_ucfcrime:Val:Robbery128_x264:16.4	clip	3
uca:video_duration_bin:0077	uca_ucfcrime:Test:Shooting036_x264:18.6	clip	3
uca:video_duration_bin:0077	uca_ucfcrime:Train:Stealing021_x264:104.2	clip	3
uca:video_duration_bin:0077	uca_ucfcrime:Train:Vandalism022_x264:112.1	clip	3
uca:video_duration_bin:0077	uca_ucfcrime:Train:Vandalism023_x264:175.2	clip	3
uca:video_duration_bin:0077	uca_ucfcrime:Val:Vandalism044_x264:47.7	clip	3
uca:video_duration_bin:0077	uca_ucfcrime:Val:Vandalism045_x264:55.3	clip	3
uca:video_duration_bin:0077	uca_ucfcrime:Val:Vandalism045_x264:92.8	clip	3
uca:video_duration_bin:0078	uca_ucfcrime:Train:Arson001_x264:66.7	clip	3
uca:video_duration_bin:0078	uca_ucfcrime:Train:Arson002_x264:109.6	clip	3
uca:video_duration_bin:0078	uca_ucfcrime:Train:Arson003_x264:39.7	clip	3
uca:video_duration_bin:0078	uca_ucfcrime:Train:Arson003_x264:70.1	clip	3
uca:video_duration_bin:0078	uca_ucfcrime:Train:Arson003_x264:100.9	clip	3
uca:video_duration_bin:0078	uca_ucfcrime:Train:Arson007_x264:73.3	clip	3
uca:video_duration_bin:0078	uca_ucfcrime:Train:Arson007_x264:108.8	clip	3
uca:video_duration_bin:0078	uca_ucfcrime:Train:Arson015_x264:326.9	clip	3
uca:video_duration_bin:0078	uca_ucfcrime:Train:Arson019_x264:953.1	clip	3
uca:video_duration_bin:0078	uca_ucfcrime:Train:Arson019_x264:2307.8	clip	3
uca:video_duration_bin:0078	uca_ucfcrime:Test:Arson022_x264:270.2	clip	3
uca:video_duration_bin:0078	uca_ucfcrime:Test:Arson025_x264:75.2	clip	3
uca:video_duration_bin:0078	uca_ucfcrime:Test:Arson025_x264:132.8	clip	3
uca:video_duration_bin:0078	uca_ucfcrime:Test:Arson025_x264:168.1	clip	3
uca:video_duration_bin:0078	uca_ucfcrime:Test:Arson030_x264:23.4	clip	3
uca:video_duration_bin:0078	uca_ucfcrime:Test:Arson030_x264:51.2	clip	3
uca:video_duration_bin:0078	uca_ucfcrime:Test:Arson030_x264:166.9	clip	3
uca:video_duration_bin:0078	uca_ucfcrime:Val:Arson041_x264:119.7	clip	3
uca:video_duration_bin:0078	uca_ucfcrime:Val:Arson042_x264:162.1	clip	3
uca:video_duration_bin:0078	uca_ucfcrime:Val:Arson052_x264:35.6	clip	3
uca:video_duration_bin:0078	uca_ucfcrime:Val:Arson053_x264:152.3	clip	3
uca:video_duration_bin:0078	uca_ucfcrime:Val:Arson053_x264:166.1	clip	3
uca:video_duration_bin:0078	uca_ucfcrime:Train:Normal_Videos171_x264:1363.8	clip	3
uca:video_duration_bin:0079	uca_ucfcrime:Train:Arrest016_x264:38.6	clip	3
uca:video_duration_bin:0079	uca_ucfcrime:Train:Arrest016_x264:80.3	clip	3
uca:video_duration_bin:0079	uca_ucfcrime:Train:Arrest035_x264:24.8	clip	3
uca:video_duration_bin:0079	uca_ucfcrime:Train:Arrest041_x264:63.0	clip	3
uca:video_duration_bin:0079	uca_ucfcrime:Test:Arson025_x264:168.1	clip	3
uca:video_duration_bin:0079	uca_ucfcrime:Val:Burglary095_x264:576.2	clip	3
uca:video_duration_bin:0079	uca_ucfcrime:Val:Burglary095_x264:852.4	clip	3
uca:video_duration_bin:0079	uca_ucfcrime:Val:Burglary096_x264:211.6	clip	3
uca:video_duration_bin:0079	uca_ucfcrime:Train:Robbery019_x264:143.2	clip	3
uca:video_duration_bin:0079	uca_ucfcrime:Train:Robbery019_x264:183.8	clip	3
uca:video_duration_bin:0079	uca_ucfcrime:Train:Robbery020_x264:45.2	clip	3
uca:video_duration_bin:0079	uca_ucfcrime:Train:Robbery036_x264:30.6	clip	3
uca:video_duration_bin:0079	uca_ucfcrime:Train:Robbery036_x264:124.7	clip	3
uca:video_duration_bin:0079	uca_ucfcrime:Train:Robbery059_x264:13.9	clip	3
uca:video_duration_bin:0079	uca_ucfcrime:Test:Robbery088_x264:116.4	clip	3
uca:video_duration_bin:0079	uca_ucfcrime:Val:Robbery124_x264:76.9	clip	3
uca:video_duration_bin:0079	uca_ucfcrime:Train:Shooting020_x264:98.1	clip	3
uca:video_duration_bin:0079	uca_ucfcrime:Test:Shooting046_x264:163.4	clip	3
uca:video_duration_bin:0079	uca_ucfcrime:Val:Shooting052_x264:65.6	clip	3
uca:video_duration_bin:0080	uca_ucfcrime:Test:Arrest049_x264:157.7	clip	3
uca:video_duration_bin:0080	uca_ucfcrime:Train:Arson001_x264:66.7	clip	3
uca:video_duration_bin:0080	uca_ucfcrime:Train:Arson003_x264:8.8	clip	3
uca:video_duration_bin:0080	uca_ucfcrime:Train:Arson013_x264:131.0	clip	3
uca:video_duration_bin:0080	uca_ucfcrime:Val:Arson045_x264:24.6	clip	3
uca:video_duration_bin:0080	uca_ucfcrime:Val:Arson052_x264:35.6	clip	3
uca:video_duration_bin:0080	uca_ucfcrime:Train:Assault008_x264:31.8	clip	3
uca:video_duration_bin:0080	uca_ucfcrime:Test:Assault040_x264:50.6	clip	3
uca:video_duration_bin:0080	uca_ucfcrime:Train:Burglary005_x264:237.2	clip	3
uca:video_duration_bin:0080	uca_ucfcrime:Train:Burglary008_x264:49.5	clip	3
uca:video_duration_bin:0080	uca_ucfcrime:Train:Burglary023_x264:73.2	clip	3
uca:video_duration_bin:0080	uca_ucfcrime:Train:Burglary032_x264:128.4	clip	3
uca:video_duration_bin:0080	uca_ucfcrime:Train:Burglary032_x264:315.4	clip	3
uca:video_duration_bin:0080	uca_ucfcrime:Train:Burglary063_x264:47.8	clip	3
uca:video_duration_bin:0080	uca_ucfcrime:Train:Burglary063_x264:77.3	clip	3
uca:video_duration_bin:0080	uca_ucfcrime:Val:Burglary096_x264:162.1	clip	3
uca:video_duration_bin:0080	uca_ucfcrime:Train:Explosion002_x264:78.0	clip	3
uca:video_duration_bin:0080	uca_ucfcrime:Val:Explosion040_x264:46.5	clip	3
uca:video_duration_bin:0080	uca_ucfcrime:Val:Explosion043_x264:239.4	clip	3
uca:video_duration_bin:0080	uca_ucfcrime:Test:Fighting039_x264:188.8	clip	3
uca:video_duration_bin:0080	uca_ucfcrime:Train:Normal_Videos084_x264:230.2	clip	3
uca:video_duration_bin:0080	uca_ucfcrime:Train:Normal_Videos481_x264:13.0	clip	3
uca:video_duration_bin:0080	uca_ucfcrime:Test:Normal_Videos579_x264:197.3	clip	3
uca:video_duration_bin:0080	uca_ucfcrime:Val:Normal_Videos646_x264:10.2	clip	3
uca:video_duration_bin:0080	uca_ucfcrime:Val:Normal_Videos646_x264:31.9	clip	3
uca:video_duration_bin:0080	uca_ucfcrime:Val:Normal_Videos655_x264:81.6	clip	3
uca:video_duration_bin:0080	uca_ucfcrime:Train:Normal_Videos_175_x264:60.5	clip	3
uca:video_duration_bin:0080	uca_ucfcrime:Train:Normal_Videos_884_x264:5.3	clip	3
uca:video_duration_bin:0080	uca_ucfcrime:Train:RoadAccidents087_x264:56.1	clip	3
uca:video_duration_bin:0080	uca_ucfcrime:Train:RoadAccidents108_x264:59.8	clip	3
uca:video_duration_bin:0080	uca_ucfcrime:Test:RoadAccidents109_x264:95.0	clip	3
uca:video_duration_bin:0080	uca_ucfcrime:Val:RoadAccidents148_x264:288.9	clip	3
uca:video_duration_bin:0080	uca_ucfcrime:Train:Robbery017_x264:82.2	clip	3
uca:video_duration_bin:0080	uca_ucfcrime:Train:Robbery021_x264:181.2	clip	3
uca:video_duration_bin:0080	uca_ucfcrime:Train:Robbery067_x264:28.2	clip	3
uca:video_duration_bin:0080	uca_ucfcrime:Test:Robbery096_x264:110.3	clip	3
uca:video_duration_bin:0080	uca_ucfcrime:Test:Robbery098_x264:264.3	clip	3
uca:video_duration_bin:0080	uca_ucfcrime:Test:Robbery100_x264:139.6	clip	3
uca:video_duration_bin:0080	uca_ucfcrime:Val:Robbery124_x264:212.3	clip	3
uca:video_duration_bin:0080	uca_ucfcrime:Val:Robbery141_x264:21.1	clip	3
uca:video_duration_bin:0080	uca_ucfcrime:Val:Robbery141_x264:80.6	clip	3
uca:video_duration_bin:0080	uca_ucfcrime:Val:Robbery141_x264:101.2	clip	3
uca:video_duration_bin:0080	uca_ucfcrime:Train:Shooting020_x264:55.5	clip	3
uca:video_duration_bin:0080	uca_ucfcrime:Train:Shooting020_x264:98.1	clip	3
uca:video_duration_bin:0080	uca_ucfcrime:Train:Shooting020_x264:164.6	clip	3
uca:video_duration_bin:0080	uca_ucfcrime:Train:Shooting022_x264:118.0	clip	3
uca:video_duration_bin:0080	uca_ucfcrime:Val:Shoplifting055_x264:112.7	clip	3
uca:video_duration_bin:0080	uca_ucfcrime:Train:Stealing008_x264:80.7	clip	3
uca:video_duration_bin:0080	uca_ucfcrime:Train:Stealing021_x264:134.2	clip	3
uca:video_duration_bin:0080	uca_ucfcrime:Test:Stealing087_x264:162.0	clip	3
uca:video_duration_bin:0080	uca_ucfcrime:Val:Stealing096_x264:25.8	clip	3
uca:video_duration_bin:0080	uca_ucfcrime:Val:Stealing103_x264:174.0	clip	3
uca:video_duration_bin:0080	uca_ucfcrime:Train:Vandalism011_x264:29.6	clip	3
uca:video_duration_bin:0080	uca_ucfcrime:Train:Vandalism011_x264:84.8	clip	3
uca:video_duration_bin:0080	uca_ucfcrime:Train:Vandalism018_x264:100.6	clip	3
uca:video_duration_bin:0080	uca_ucfcrime:Train:Vandalism018_x264:175.9	clip	3
uca:video_duration_bin:0080	uca_ucfcrime:Train:Vandalism022_x264:6.5	clip	3
uca:video_duration_bin:0080	uca_ucfcrime:Train:Vandalism022_x264:74.2	clip	3
uca:video_duration_bin:0080	uca_ucfcrime:Train:Vandalism023_x264:197.8	clip	3
uca:video_duration_bin:0080	uca_ucfcrime:Val:Vandalism044_x264:7.0	clip	3
uca:video_duration_bin:0080	uca_ucfcrime:Val:Vandalism044_x264:47.7	clip	3
uca:video_duration_bin:0080	uca_ucfcrime:Val:Vandalism049_x264:3.2	clip	3
uca:video_duration_bin:0081	uca_ucfcrime:Train:RoadAccidents024_x264:138.1	clip	3
uca:video_duration_bin:0081	uca_ucfcrime:Train:RoadAccidents062_x264:5.0	clip	3
uca:video_duration_bin:0081	uca_ucfcrime:Train:RoadAccidents062_x264:72.6	clip	3
uca:video_duration_bin:0081	uca_ucfcrime:Test:RoadAccidents109_x264:130.2	clip	3
uca:video_duration_bin:0081	uca_ucfcrime:Test:RoadAccidents142_x264:99.5	clip	3
uca:video_duration_bin:0081	uca_ucfcrime:Test:RoadAccidents142_x264:122.4	clip	3
uca:video_duration_bin:0081	uca_ucfcrime:Val:RoadAccidents147_x264:83.8	clip	3
uca:video_duration_bin:0081	uca_ucfcrime:Train:Shooting020_x264:55.5	clip	3
uca:video_duration_bin:0081	uca_ucfcrime:Val:Shooting050_x264:43.2	clip	3
uca:video_duration_bin:0082	uca_ucfcrime:Train:Burglary010_x264:45.2	clip	3
uca:video_duration_bin:0082	uca_ucfcrime:Train:Burglary010_x264:138.1	clip	3
uca:video_duration_bin:0082	uca_ucfcrime:Train:Burglary010_x264:161.1	clip	3
uca:video_duration_bin:0082	uca_ucfcrime:Train:Burglary010_x264:185.6	clip	3
uca:video_duration_bin:0082	uca_ucfcrime:Train:Burglary031_x264:68.6	clip	3
uca:video_duration_bin:0082	uca_ucfcrime:Train:Burglary057_x264:25.3	clip	3
uca:video_duration_bin:0082	uca_ucfcrime:Val:Burglary100_x264:170.7	clip	3
uca:video_duration_bin:0082	uca_ucfcrime:Train:Normal_Videos130_x264:7.6	clip	3
uca:video_duration_bin:0082	uca_ucfcrime:Train:Normal_Videos342_x264:118.0	clip	3
uca:video_duration_bin:0082	uca_ucfcrime:Train:Normal_Videos367_x264:44.0	clip	3
uca:video_duration_bin:0082	uca_ucfcrime:Train:Normal_Videos367_x264:79.5	clip	3
uca:video_duration_bin:0082	uca_ucfcrime:Train:Normal_Videos367_x264:91.5	clip	3
uca:video_duration_bin:0082	uca_ucfcrime:Train:Normal_Videos420_x264:13.0	clip	3
uca:video_duration_bin:0082	uca_ucfcrime:Train:Normal_Videos420_x264:352.6	clip	3
uca:video_duration_bin:0082	uca_ucfcrime:Train:Normal_Videos484_x264:831.5	clip	3
uca:video_duration_bin:0082	uca_ucfcrime:Train:Normal_Videos484_x264:1189.0	clip	3
uca:video_duration_bin:0082	uca_ucfcrime:Train:Normal_Videos_247_x264:47.1	clip	3
uca:video_duration_bin:0082	uca_ucfcrime:Train:Normal_Videos_352_x264:89.3	clip	3
uca:video_duration_bin:0082	uca_ucfcrime:Train:Robbery037_x264:103.4	clip	3
uca:video_duration_bin:0082	uca_ucfcrime:Train:Robbery067_x264:76.7	clip	3
uca:video_duration_bin:0082	uca_ucfcrime:Test:Robbery086_x264:83.4	clip	3
uca:video_duration_bin:0082	uca_ucfcrime:Train:Shooting014_x264:4.8	clip	3
uca:video_duration_bin:0082	uca_ucfcrime:Train:Shooting014_x264:49.8	clip	3
uca:video_duration_bin:0082	uca_ucfcrime:Test:Shooting046_x264:16.4	clip	3
uca:video_duration_bin:0082	uca_ucfcrime:Test:Shooting046_x264:103.1	clip	3
uca:video_duration_bin:0083	uca_ucfcrime:Train:Abuse004_x264:442.2	clip	3
uca:video_duration_bin:0083	uca_ucfcrime:Train:Abuse008_x264:114.6	clip	3
uca:video_duration_bin:0083	uca_ucfcrime:Train:Abuse008_x264:272.2	clip	3
uca:video_duration_bin:0083	uca_ucfcrime:Train:Abuse031_x264:23.8	clip	3
uca:video_duration_bin:0083	uca_ucfcrime:Train:Abuse031_x264:45.9	clip	3
uca:video_duration_bin:0083	uca_ucfcrime:Train:Abuse031_x264:82.3	clip	3
uca:video_duration_bin:0083	uca_ucfcrime:Train:Arrest008_x264:10.7	clip	3
uca:video_duration_bin:0083	uca_ucfcrime:Train:Arrest008_x264:56.7	clip	3
uca:video_duration_bin:0083	uca_ucfcrime:Train:Arrest029_x264:234.3	clip	3
uca:video_duration_bin:0083	uca_ucfcrime:Train:Arrest030_x264:24.8	clip	3
uca:video_duration_bin:0083	uca_ucfcrime:Train:Arrest033_x264:104.4	clip	3
uca:video_duration_bin:0083	uca_ucfcrime:Train:Arrest041_x264:35.8	clip	3
uca:video_duration_bin:0083	uca_ucfcrime:Train:Arson001_x264:20.4	clip	3
uca:video_duration_bin:0083	uca_ucfcrime:Train:Arson001_x264:40.0	clip	3
uca:video_duration_bin:0083	uca_ucfcrime:Train:Arson001_x264:55.9	clip	3
uca:video_duration_bin:0083	uca_ucfcrime:Train:Arson002_x264:3.0	clip	3
uca:video_duration_bin:0083	uca_ucfcrime:Train:Arson007_x264:199.3	clip	3
uca:video_duration_bin:0083	uca_ucfcrime:Train:Arson013_x264:30.6	clip	3
uca:video_duration_bin:0083	uca_ucfcrime:Train:Arson013_x264:198.7	clip	3
uca:video_duration_bin:0083	uca_ucfcrime:Train:Arson015_x264:28.8	clip	3
uca:video_duration_bin:0083	uca_ucfcrime:Train:Arson015_x264:145.2	clip	3
uca:video_duration_bin:0083	uca_ucfcrime:Train:Arson015_x264:326.9	clip	3
uca:video_duration_bin:0083	uca_ucfcrime:Train:Arson019_x264:2307.8	clip	3
uca:video_duration_bin:0083	uca_ucfcrime:Test:Arson026_x264:12.6	clip	3
uca:video_duration_bin:0083	uca_ucfcrime:Test:Arson026_x264:53.0	clip	3
uca:video_duration_bin:0083	uca_ucfcrime:Test:Arson026_x264:92.3	clip	3
uca:video_duration_bin:0083	uca_ucfcrime:Val:Arson041_x264:26.2	clip	3
uca:video_duration_bin:0083	uca_ucfcrime:Val:Arson041_x264:85.2	clip	3
uca:video_duration_bin:0083	uca_ucfcrime:Val:Arson042_x264:29.6	clip	3
uca:video_duration_bin:0083	uca_ucfcrime:Val:Arson042_x264:109.3	clip	3
uca:video_duration_bin:0083	uca_ucfcrime:Val:Arson042_x264:162.1	clip	3
uca:video_duration_bin:0083	uca_ucfcrime:Val:Arson052_x264:20.4	clip	3
uca:video_duration_bin:0083	uca_ucfcrime:Val:Arson052_x264:35.6	clip	3
uca:video_duration_bin:0083	uca_ucfcrime:Val:Arson052_x264:55.5	clip	3
uca:video_duration_bin:0083	uca_ucfcrime:Val:Arson052_x264:93.3	clip	3
uca:video_duration_bin:0083	uca_ucfcrime:Val:Arson053_x264:152.3	clip	3
uca:video_duration_bin:0083	uca_ucfcrime:Val:Arson053_x264:201.4	clip	3
uca:video_duration_bin:0083	uca_ucfcrime:Train:Assault003_x264:5.6	clip	3
uca:video_duration_bin:0083	uca_ucfcrime:Train:Assault003_x264:76.2	clip	3
uca:video_duration_bin:0083	uca_ucfcrime:Train:Assault016_x264:118.5	clip	3
uca:video_duration_bin:0083	uca_ucfcrime:Val:Assault041_x264:86.4	clip	3
uca:video_duration_bin:0083	uca_ucfcrime:Train:Burglary001_x264:10.0	clip	3
uca:video_duration_bin:0083	uca_ucfcrime:Train:Burglary005_x264:7.5	clip	3
uca:video_duration_bin:0083	uca_ucfcrime:Train:Burglary005_x264:131.5	clip	3
uca:video_duration_bin:0083	uca_ucfcrime:Train:Burglary005_x264:165.7	clip	3
uca:video_duration_bin:0083	uca_ucfcrime:Train:Burglary006_x264:7.8	clip	3
uca:video_duration_bin:0083	uca_ucfcrime:Train:Burglary006_x264:167.8	clip	3
uca:video_duration_bin:0083	uca_ucfcrime:Train:Burglary008_x264:9.8	clip	3
uca:video_duration_bin:0083	uca_ucfcrime:Train:Burglary023_x264:11.2	clip	3
uca:video_duration_bin:0083	uca_ucfcrime:Train:Burglary023_x264:73.2	clip	3
uca:video_duration_bin:0083	uca_ucfcrime:Train:Burglary023_x264:142.9	clip	3
uca:video_duration_bin:0083	uca_ucfcrime:Train:Burglary023_x264:283.8	clip	3
uca:video_duration_bin:0083	uca_ucfcrime:Train:Burglary025_x264:4.0	clip	3
uca:video_duration_bin:0083	uca_ucfcrime:Train:Burglary035_x264:57.4	clip	3
uca:video_duration_bin:0083	uca_ucfcrime:Train:Burglary035_x264:101.3	clip	3
uca:video_duration_bin:0083	uca_ucfcrime:Train:Burglary039_x264:105.0	clip	3
uca:video_duration_bin:0083	uca_ucfcrime:Train:Burglary044_x264:5.3	clip	3
uca:video_duration_bin:0083	uca_ucfcrime:Train:Burglary044_x264:36.3	clip	3
uca:video_duration_bin:0083	uca_ucfcrime:Train:Burglary044_x264:93.7	clip	3
uca:video_duration_bin:0083	uca_ucfcrime:Train:Burglary045_x264:28.3	clip	3
uca:video_duration_bin:0083	uca_ucfcrime:Train:Burglary045_x264:72.2	clip	3
uca:video_duration_bin:0083	uca_ucfcrime:Train:Burglary045_x264:328.6	clip	3
uca:video_duration_bin:0083	uca_ucfcrime:Train:Burglary049_x264:4.5	clip	3
uca:video_duration_bin:0083	uca_ucfcrime:Train:Burglary049_x264:36.5	clip	3
uca:video_duration_bin:0083	uca_ucfcrime:Train:Burglary049_x264:301.3	clip	3
uca:video_duration_bin:0083	uca_ucfcrime:Train:Burglary052_x264:182.8	clip	3
uca:video_duration_bin:0083	uca_ucfcrime:Train:Burglary057_x264:25.3	clip	3
uca:video_duration_bin:0083	uca_ucfcrime:Train:Burglary058_x264:4.5	clip	3
uca:video_duration_bin:0083	uca_ucfcrime:Train:Burglary058_x264:36.5	clip	3
uca:video_duration_bin:0083	uca_ucfcrime:Train:Burglary058_x264:370.7	clip	3
uca:video_duration_bin:0083	uca_ucfcrime:Train:Burglary063_x264:47.8	clip	3
uca:video_duration_bin:0083	uca_ucfcrime:Train:Burglary063_x264:77.3	clip	3
uca:video_duration_bin:0083	uca_ucfcrime:Train:Burglary063_x264:117.6	clip	3
uca:video_duration_bin:0083	uca_ucfcrime:Train:Burglary064_x264:8.6	clip	3
uca:video_duration_bin:0083	uca_ucfcrime:Test:Burglary065_x264:215.1	clip	3
uca:video_duration_bin:0083	uca_ucfcrime:Test:Burglary076_x264:136.4	clip	3
uca:video_duration_bin:0083	uca_ucfcrime:Test:Burglary079_x264:447.0	clip	3
uca:video_duration_bin:0083	uca_ucfcrime:Test:Burglary083_x264:72.5	clip	3
uca:video_duration_bin:0083	uca_ucfcrime:Test:Burglary083_x264:187.6	clip	3
uca:video_duration_bin:0083	uca_ucfcrime:Val:Burglary088_x264:19.7	clip	3
uca:video_duration_bin:0083	uca_ucfcrime:Val:Burglary088_x264:57.3	clip	3
uca:video_duration_bin:0083	uca_ucfcrime:Val:Burglary095_x264:92.8	clip	3
uca:video_duration_bin:0083	uca_ucfcrime:Val:Burglary096_x264:18.9	clip	3
uca:video_duration_bin:0083	uca_ucfcrime:Val:Burglary100_x264:11.9	clip	3
uca:video_duration_bin:0083	uca_ucfcrime:Val:Burglary100_x264:122.2	clip	3
uca:video_duration_bin:0083	uca_ucfcrime:Val:Explosion040_x264:46.5	clip	3
uca:video_duration_bin:0083	uca_ucfcrime:Train:Fighting010_x264:67.6	clip	3
uca:video_duration_bin:0083	uca_ucfcrime:Train:Fighting015_x264:236.9	clip	3
uca:video_duration_bin:0083	uca_ucfcrime:Train:Fighting025_x264:148.8	clip	3
uca:video_duration_bin:0083	uca_ucfcrime:Train:Fighting037_x264:11.6	clip	3
uca:video_duration_bin:0083	uca_ucfcrime:Train:Fighting037_x264:74.4	clip	3
uca:video_duration_bin:0083	uca_ucfcrime:Test:Fighting039_x264:59.0	clip	3
uca:video_duration_bin:0083	uca_ucfcrime:Test:Fighting041_x264:576.6	clip	3
uca:video_duration_bin:0083	uca_ucfcrime:Val:Fighting045_x264:6.7	clip	3
uca:video_duration_bin:0083	uca_ucfcrime:Val:Fighting047_x264:4.2	clip	3
uca:video_duration_bin:0083	uca_ucfcrime:Val:Fighting047_x264:20.2	clip	3
uca:video_duration_bin:0083	uca_ucfcrime:Val:Fighting050_x264:553.4	clip	3
uca:video_duration_bin:0083	uca_ucfcrime:Train:Normal_Videos046_x264:247.6	clip	3
uca:video_duration_bin:0083	uca_ucfcrime:Train:Normal_Videos046_x264:511.7	clip	3
uca:video_duration_bin:0083	uca_ucfcrime:Train:Normal_Videos046_x264:880.8	clip	3
uca:video_duration_bin:0083	uca_ucfcrime:Train:Normal_Videos049_x264:38.3	clip	3
uca:video_duration_bin:0083	uca_ucfcrime:Train:Normal_Videos049_x264:180.4	clip	3
uca:video_duration_bin:0083	uca_ucfcrime:Train:Normal_Videos057_x264:37.0	clip	3
uca:video_duration_bin:0083	uca_ucfcrime:Train:Normal_Videos061_x264:217.3	clip	3
uca:video_duration_bin:0083	uca_ucfcrime:Train:Normal_Videos061_x264:373.8	clip	3
uca:video_duration_bin:0083	uca_ucfcrime:Train:Normal_Videos061_x264:541.2	clip	3
uca:video_duration_bin:0083	uca_ucfcrime:Train:Normal_Videos119_x264:80.8	clip	3
uca:video_duration_bin:0083	uca_ucfcrime:Train:Normal_Videos133_x264:136.7	clip	3
uca:video_duration_bin:0083	uca_ucfcrime:Train:Normal_Videos136_x264:2012.2	clip	3
uca:video_duration_bin:0083	uca_ucfcrime:Train:Normal_Videos136_x264:3522.1	clip	3
uca:video_duration_bin:0083	uca_ucfcrime:Train:Normal_Videos138_x264:6.1	clip	3
uca:video_duration_bin:0083	uca_ucfcrime:Train:Normal_Videos176_x264:131.6	clip	3
uca:video_duration_bin:0083	uca_ucfcrime:Train:Normal_Videos179_x264:96.7	clip	3
uca:video_duration_bin:0083	uca_ucfcrime:Train:Normal_Videos181_x264:90.1	clip	3
uca:video_duration_bin:0083	uca_ucfcrime:Train:Normal_Videos185_x264:40.1	clip	3
uca:video_duration_bin:0083	uca_ucfcrime:Train:Normal_Videos185_x264:86.8	clip	3
uca:video_duration_bin:0083	uca_ucfcrime:Train:Normal_Videos186_x264:5.4	clip	3
uca:video_duration_bin:0083	uca_ucfcrime:Train:Normal_Videos186_x264:38.2	clip	3
uca:video_duration_bin:0083	uca_ucfcrime:Train:Normal_Videos187_x264:48.8	clip	3
uca:video_duration_bin:0083	uca_ucfcrime:Train:Normal_Videos205_x264:156.4	clip	3
uca:video_duration_bin:0083	uca_ucfcrime:Train:Normal_Videos205_x264:259.8	clip	3
uca:video_duration_bin:0083	uca_ucfcrime:Train:Normal_Videos214_x264:100.7	clip	3
uca:video_duration_bin:0083	uca_ucfcrime:Train:Normal_Videos214_x264:182.6	clip	3
uca:video_duration_bin:0083	uca_ucfcrime:Train:Normal_Videos214_x264:362.0	clip	3
uca:video_duration_bin:0083	uca_ucfcrime:Train:Normal_Videos225_x264:115.6	clip	3
uca:video_duration_bin:0083	uca_ucfcrime:Train:Normal_Videos234_x264:8.6	clip	3
uca:video_duration_bin:0083	uca_ucfcrime:Train:Normal_Videos234_x264:123.7	clip	3
uca:video_duration_bin:0083	uca_ucfcrime:Train:Normal_Videos234_x264:173.1	clip	3
uca:video_duration_bin:0083	uca_ucfcrime:Train:Normal_Videos262_x264:165.6	clip	3
uca:video_duration_bin:0083	uca_ucfcrime:Train:Normal_Videos282_x264:101.0	clip	3
uca:video_duration_bin:0083	uca_ucfcrime:Train:Normal_Videos282_x264:122.6	clip	3
uca:video_duration_bin:0083	uca_ucfcrime:Train:Normal_Videos292_x264:52.4	clip	3
uca:video_duration_bin:0083	uca_ucfcrime:Train:Normal_Videos346_x264:48.5	clip	3
uca:video_duration_bin:0083	uca_ucfcrime:Train:Normal_Videos346_x264:59.0	clip	3
uca:video_duration_bin:0083	uca_ucfcrime:Train:Normal_Videos349_x264:11.6	clip	3
uca:video_duration_bin:0083	uca_ucfcrime:Train:Normal_Videos369_x264:97.5	clip	3
uca:video_duration_bin:0083	uca_ucfcrime:Train:Normal_Videos377_x264:90.0	clip	3
uca:video_duration_bin:0083	uca_ucfcrime:Train:Normal_Videos377_x264:423.4	clip	3
uca:video_duration_bin:0083	uca_ucfcrime:Train:Normal_Videos397_x264:1300.4	clip	3
uca:video_duration_bin:0083	uca_ucfcrime:Train:Normal_Videos397_x264:2008.2	clip	3
uca:video_duration_bin:0083	uca_ucfcrime:Train:Normal_Videos424_x264:30.5	clip	3
uca:video_duration_bin:0083	uca_ucfcrime:Train:Normal_Videos424_x264:108.7	clip	3
uca:video_duration_bin:0083	uca_ucfcrime:Train:Normal_Videos424_x264:136.8	clip	3
uca:video_duration_bin:0083	uca_ucfcrime:Train:Normal_Videos424_x264:198.7	clip	3
uca:video_duration_bin:0083	uca_ucfcrime:Train:Normal_Videos449_x264:3588.1	clip	3
uca:video_duration_bin:0083	uca_ucfcrime:Train:Normal_Videos450_x264:2116.6	clip	3
uca:video_duration_bin:0083	uca_ucfcrime:Train:Normal_Videos456_x264:3.5	clip	3
uca:video_duration_bin:0083	uca_ucfcrime:Train:Normal_Videos469_x264:138.8	clip	3
uca:video_duration_bin:0083	uca_ucfcrime:Train:Normal_Videos469_x264:214.6	clip	3
uca:video_duration_bin:0083	uca_ucfcrime:Train:Normal_Videos473_x264:5.5	clip	3
uca:video_duration_bin:0083	uca_ucfcrime:Train:Normal_Videos479_x264:664.6	clip	3
uca:video_duration_bin:0083	uca_ucfcrime:Train:Normal_Videos479_x264:1313.0	clip	3
uca:video_duration_bin:0083	uca_ucfcrime:Train:Normal_Videos494_x264:643.5	clip	3
uca:video_duration_bin:0083	uca_ucfcrime:Train:Normal_Videos511_x264:541.1	clip	3
uca:video_duration_bin:0083	uca_ucfcrime:Train:Normal_Videos526_x264:264.1	clip	3
uca:video_duration_bin:0083	uca_ucfcrime:Train:Normal_Videos529_x264:3576.7	clip	3
uca:video_duration_bin:0083	uca_ucfcrime:Test:Normal_Videos542_x264:136.1	clip	3
uca:video_duration_bin:0083	uca_ucfcrime:Test:Normal_Videos544_x264:6.6	clip	3
uca:video_duration_bin:0083	uca_ucfcrime:Test:Normal_Videos544_x264:668.1	clip	3
uca:video_duration_bin:0083	uca_ucfcrime:Test:Normal_Videos544_x264:1307.3	clip	3
uca:video_duration_bin:0083	uca_ucfcrime:Test:Normal_Videos549_x264:48.3	clip	3
uca:video_duration_bin:0083	uca_ucfcrime:Test:Normal_Videos552_x264:92.4	clip	3
uca:video_duration_bin:0083	uca_ucfcrime:Test:Normal_Videos553_x264:8.8	clip	3
uca:video_duration_bin:0083	uca_ucfcrime:Test:Normal_Videos568_x264:62.1	clip	3
uca:video_duration_bin:0083	uca_ucfcrime:Test:Normal_Videos573_x264:6.2	clip	3
uca:video_duration_bin:0083	uca_ucfcrime:Test:Normal_Videos584_x264:292.3	clip	3
uca:video_duration_bin:0083	uca_ucfcrime:Test:Normal_Videos587_x264:7.2	clip	3
uca:video_duration_bin:0083	uca_ucfcrime:Test:Normal_Videos587_x264:166.8	clip	3
uca:video_duration_bin:0083	uca_ucfcrime:Test:Normal_Videos587_x264:245.6	clip	3
uca:video_duration_bin:0083	uca_ucfcrime:Test:Normal_Videos598_x264:116.1	clip	3
uca:video_duration_bin:0083	uca_ucfcrime:Test:Normal_Videos605_x264:17.1	clip	3
uca:video_duration_bin:0083	uca_ucfcrime:Test:Normal_Videos605_x264:108.0	clip	3
uca:video_duration_bin:0083	uca_ucfcrime:Test:Normal_Videos616_x264:35.5	clip	3
uca:video_duration_bin:0083	uca_ucfcrime:Test:Normal_Videos616_x264:95.5	clip	3
uca:video_duration_bin:0083	uca_ucfcrime:Val:Normal_Videos674_x264:122.2	clip	3
uca:video_duration_bin:0083	uca_ucfcrime:Val:Normal_Videos676_x264:8.2	clip	3
uca:video_duration_bin:0083	uca_ucfcrime:Val:Normal_Videos676_x264:93.1	clip	3
uca:video_duration_bin:0083	uca_ucfcrime:Val:Normal_Videos681_x264:8.2	clip	3
uca:video_duration_bin:0083	uca_ucfcrime:Val:Normal_Videos681_x264:878.2	clip	3
uca:video_duration_bin:0083	uca_ucfcrime:Val:Normal_Videos684_x264:104.8	clip	3
uca:video_duration_bin:0083	uca_ucfcrime:Val:Normal_Videos684_x264:590.0	clip	3
uca:video_duration_bin:0083	uca_ucfcrime:Val:Normal_Videos762_x264:159.6	clip	3
uca:video_duration_bin:0083	uca_ucfcrime:Val:Normal_Videos794_x264:96.3	clip	3
uca:video_duration_bin:0083	uca_ucfcrime:Val:Normal_Videos795_x264:3.5	clip	3
uca:video_duration_bin:0083	uca_ucfcrime:Val:Normal_Videos855_x264:585.7	clip	3
uca:video_duration_bin:0083	uca_ucfcrime:Train:Normal_Videos_027_x264:11.7	clip	3
uca:video_duration_bin:0083	uca_ucfcrime:Train:Normal_Videos_027_x264:19.1	clip	3
uca:video_duration_bin:0083	uca_ucfcrime:Train:Normal_Videos_027_x264:24.1	clip	3
uca:video_duration_bin:0083	uca_ucfcrime:Train:Normal_Videos_453_x264:25.8	clip	3
uca:video_duration_bin:0083	uca_ucfcrime:Train:Normal_Videos_874_x264:108.4	clip	3
uca:video_duration_bin:0083	uca_ucfcrime:Train:RoadAccidents087_x264:56.1	clip	3
uca:video_duration_bin:0083	uca_ucfcrime:Train:Robbery014_x264:207.4	clip	3
uca:video_duration_bin:0083	uca_ucfcrime:Train:Robbery020_x264:2.6	clip	3
uca:video_duration_bin:0083	uca_ucfcrime:Train:Robbery020_x264:141.8	clip	3
uca:video_duration_bin:0083	uca_ucfcrime:Train:Robbery021_x264:269.0	clip	3
uca:video_duration_bin:0083	uca_ucfcrime:Train:Robbery026_x264:151.2	clip	3
uca:video_duration_bin:0083	uca_ucfcrime:Train:Robbery026_x264:260.1	clip	3
uca:video_duration_bin:0083	uca_ucfcrime:Train:Robbery034_x264:10.8	clip	3
uca:video_duration_bin:0083	uca_ucfcrime:Train:Robbery034_x264:198.2	clip	3
uca:video_duration_bin:0083	uca_ucfcrime:Train:Robbery036_x264:30.6	clip	3
uca:video_duration_bin:0083	uca_ucfcrime:Test:Robbery088_x264:10.2	clip	3
uca:video_duration_bin:0083	uca_ucfcrime:Test:Robbery088_x264:64.5	clip	3
uca:video_duration_bin:0083	uca_ucfcrime:Test:Robbery088_x264:148.4	clip	3
uca:video_duration_bin:0083	uca_ucfcrime:Test:Robbery090_x264:147.6	clip	3
uca:video_duration_bin:0083	uca_ucfcrime:Test:Robbery098_x264:26.1	clip	3
uca:video_duration_bin:0083	uca_ucfcrime:Test:Robbery100_x264:139.6	clip	3
uca:video_duration_bin:0083	uca_ucfcrime:Test:Robbery111_x264:25.5	clip	3
uca:video_duration_bin:0083	uca_ucfcrime:Test:Robbery111_x264:172.6	clip	3
uca:video_duration_bin:0083	uca_ucfcrime:Val:Robbery124_x264:313.4	clip	3
uca:video_duration_bin:0083	uca_ucfcrime:Val:Robbery128_x264:16.4	clip	3
uca:video_duration_bin:0083	uca_ucfcrime:Val:Robbery141_x264:21.1	clip	3
uca:video_duration_bin:0083	uca_ucfcrime:Val:Robbery141_x264:80.6	clip	3
uca:video_duration_bin:0083	uca_ucfcrime:Val:Robbery141_x264:101.2	clip	3
uca:video_duration_bin:0083	uca_ucfcrime:Train:Shooting011_x264:91.2	clip	3
uca:video_duration_bin:0083	uca_ucfcrime:Train:Shooting020_x264:164.6	clip	3
uca:video_duration_bin:0083	uca_ucfcrime:Train:Shooting022_x264:91.4	clip	3
uca:video_duration_bin:0083	uca_ucfcrime:Train:Shooting022_x264:150.1	clip	3
uca:video_duration_bin:0083	uca_ucfcrime:Test:Shooting036_x264:2.6	clip	3
uca:video_duration_bin:0083	uca_ucfcrime:Test:Shooting036_x264:18.6	clip	3
uca:video_duration_bin:0083	uca_ucfcrime:Train:Shoplifting007_x264:3.8	clip	3
uca:video_duration_bin:0083	uca_ucfcrime:Train:Shoplifting030_x264:255.7	clip	3
uca:video_duration_bin:0083	uca_ucfcrime:Test:Shoplifting034_x264:28.2	clip	3
uca:video_duration_bin:0083	uca_ucfcrime:Test:Shoplifting034_x264:362.4	clip	3
uca:video_duration_bin:0083	uca_ucfcrime:Val:Shoplifting044_x264:16.2	clip	3
uca:video_duration_bin:0083	uca_ucfcrime:Train:Stealing004_x264:3.8	clip	3
uca:video_duration_bin:0083	uca_ucfcrime:Train:Stealing008_x264:80.7	clip	3
uca:video_duration_bin:0083	uca_ucfcrime:Train:Stealing008_x264:108.6	clip	3
uca:video_duration_bin:0083	uca_ucfcrime:Train:Stealing008_x264:164.6	clip	3
uca:video_duration_bin:0083	uca_ucfcrime:Train:Stealing013_x264:191.9	clip	3
uca:video_duration_bin:0083	uca_ucfcrime:Train:Stealing019_x264:57.0	clip	3
uca:video_duration_bin:0083	uca_ucfcrime:Train:Stealing020_x264:155.8	clip	3
uca:video_duration_bin:0083	uca_ucfcrime:Train:Stealing021_x264:5.9	clip	3
uca:video_duration_bin:0083	uca_ucfcrime:Train:Stealing021_x264:74.7	clip	3
uca:video_duration_bin:0083	uca_ucfcrime:Train:Stealing021_x264:104.2	clip	3
uca:video_duration_bin:0083	uca_ucfcrime:Train:Stealing023_x264:83.0	clip	3
uca:video_duration_bin:0083	uca_ucfcrime:Train:Stealing023_x264:106.2	clip	3
uca:video_duration_bin:0083	uca_ucfcrime:Train:Stealing035_x264:179.6	clip	3
uca:video_duration_bin:0083	uca_ucfcrime:Train:Stealing043_x264:125.8	clip	3
uca:video_duration_bin:0083	uca_ucfcrime:Train:Stealing045_x264:116.8	clip	3
uca:video_duration_bin:0083	uca_ucfcrime:Train:Stealing045_x264:218.3	clip	3
uca:video_duration_bin:0083	uca_ucfcrime:Train:Stealing046_x264:6.2	clip	3
uca:video_duration_bin:0083	uca_ucfcrime:Train:Stealing046_x264:24.0	clip	3
uca:video_duration_bin:0083	uca_ucfcrime:Train:Stealing046_x264:207.2	clip	3
uca:video_duration_bin:0083	uca_ucfcrime:Train:Stealing048_x264:243.9	clip	3
uca:video_duration_bin:0083	uca_ucfcrime:Train:Stealing058_x264:9.1	clip	3
uca:video_duration_bin:0083	uca_ucfcrime:Train:Stealing058_x264:15.1	clip	3
uca:video_duration_bin:0083	uca_ucfcrime:Train:Stealing063_x264:128.8	clip	3
uca:video_duration_bin:0083	uca_ucfcrime:Train:Stealing068_x264:68.8	clip	3
uca:video_duration_bin:0083	uca_ucfcrime:Train:Stealing072_x264:8.1	clip	3
uca:video_duration_bin:0083	uca_ucfcrime:Train:Stealing072_x264:339.1	clip	3
uca:video_duration_bin:0083	uca_ucfcrime:Test:Stealing089_x264:6.0	clip	3
uca:video_duration_bin:0083	uca_ucfcrime:Val:Stealing109_x264:199.1	clip	3
uca:video_duration_bin:0083	uca_ucfcrime:Val:Stealing111_x264:24.4	clip	3
uca:video_duration_bin:0083	uca_ucfcrime:Val:Stealing111_x264:149.0	clip	3
uca:video_duration_bin:0083	uca_ucfcrime:Train:Vandalism008_x264:415.8	clip	3
uca:video_duration_bin:0083	uca_ucfcrime:Train:Vandalism018_x264:5.2	clip	3
uca:video_duration_bin:0083	uca_ucfcrime:Train:Vandalism018_x264:125.9	clip	3
uca:video_duration_bin:0083	uca_ucfcrime:Train:Vandalism025_x264:5.2	clip	3
uca:video_duration_bin:0083	uca_ucfcrime:Train:Vandalism025_x264:75.8	clip	3
uca:video_duration_bin:0083	uca_ucfcrime:Val:Vandalism045_x264:55.3	clip	3
uca:video_duration_bin:0083	uca_ucfcrime:Val:Vandalism045_x264:92.8	clip	3
uca:video_duration_bin:0083	uca_ucfcrime:Val:Vandalism048_x264:97.3	clip	3
uca:video_duration_bin:0083	uca_ucfcrime:Val:Vandalism049_x264:259.9	clip	3
uca:video_duration_bin:0084	uca_ucfcrime:Train:Abuse004_x264:557.5	clip	3
uca:video_duration_bin:0084	uca_ucfcrime:Train:Abuse008_x264:5.2	clip	3
uca:video_duration_bin:0084	uca_ucfcrime:Train:Abuse012_x264:61.8	clip	3
uca:video_duration_bin:0084	uca_ucfcrime:Train:Abuse019_x264:3.1	clip	3
uca:video_duration_bin:0084	uca_ucfcrime:Train:Abuse019_x264:74.3	clip	3
uca:video_duration_bin:0084	uca_ucfcrime:Train:Abuse032_x264:142.6	clip	3
uca:video_duration_bin:0084	uca_ucfcrime:Test:Abuse039_x264:330.6	clip	3
uca:video_duration_bin:0084	uca_ucfcrime:Test:Abuse042_x264:558.7	clip	3
uca:video_duration_bin:0084	uca_ucfcrime:Val:Abuse044_x264:36.2	clip	3
uca:video_duration_bin:0084	uca_ucfcrime:Val:Abuse044_x264:74.8	clip	3
uca:video_duration_bin:0084	uca_ucfcrime:Val:Abuse050_x264:45.8	clip	3
uca:video_duration_bin:0084	uca_ucfcrime:Train:Arrest016_x264:38.6	clip	3
uca:video_duration_bin:0084	uca_ucfcrime:Train:Arrest026_x264:120.0	clip	3
uca:video_duration_bin:0084	uca_ucfcrime:Train:Arrest036_x264:118.0	clip	3
uca:video_duration_bin:0084	uca_ucfcrime:Train:Arrest041_x264:117.5	clip	3
uca:video_duration_bin:0084	uca_ucfcrime:Test:Arrest046_x264:169.4	clip	3
uca:video_duration_bin:0084	uca_ucfcrime:Test:Arrest048_x264:40.7	clip	3
uca:video_duration_bin:0084	uca_ucfcrime:Test:Arson022_x264:43.7	clip	3
uca:video_duration_bin:0084	uca_ucfcrime:Train:Assault010_x264:505.3	clip	3
uca:video_duration_bin:0084	uca_ucfcrime:Train:Burglary010_x264:161.1	clip	3
uca:video_duration_bin:0084	uca_ucfcrime:Train:Burglary031_x264:135.2	clip	3
uca:video_duration_bin:0084	uca_ucfcrime:Train:Burglary032_x264:50.4	clip	3
uca:video_duration_bin:0084	uca_ucfcrime:Train:Burglary032_x264:128.4	clip	3
uca:video_duration_bin:0084	uca_ucfcrime:Train:Burglary032_x264:315.4	clip	3
uca:video_duration_bin:0084	uca_ucfcrime:Val:Burglary095_x264:576.2	clip	3
uca:video_duration_bin:0084	uca_ucfcrime:Val:Burglary096_x264:102.8	clip	3
uca:video_duration_bin:0084	uca_ucfcrime:Train:Fighting015_x264:321.5	clip	3
uca:video_duration_bin:0084	uca_ucfcrime:Train:Fighting024_x264:4.1	clip	3
uca:video_duration_bin:0084	uca_ucfcrime:Train:Fighting025_x264:47.1	clip	3
uca:video_duration_bin:0084	uca_ucfcrime:Val:Fighting048_x264:216.5	clip	3
uca:video_duration_bin:0084	uca_ucfcrime:Train:Normal_Videos035_x264:377.8	clip	3
uca:video_duration_bin:0084	uca_ucfcrime:Train:Normal_Videos049_x264:38.3	clip	3
uca:video_duration_bin:0084	uca_ucfcrime:Train:Normal_Videos084_x264:912.0	clip	3
uca:video_duration_bin:0084	uca_ucfcrime:Train:Normal_Videos097_x264:43.6	clip	3
uca:video_duration_bin:0084	uca_ucfcrime:Train:Normal_Videos097_x264:98.5	clip	3
uca:video_duration_bin:0084	uca_ucfcrime:Train:Normal_Videos111_x264:308.3	clip	3
uca:video_duration_bin:0084	uca_ucfcrime:Train:Normal_Videos116_x264:118.8	clip	3
uca:video_duration_bin:0084	uca_ucfcrime:Train:Normal_Videos116_x264:145.1	clip	3
uca:video_duration_bin:0084	uca_ucfcrime:Train:Normal_Videos130_x264:7.6	clip	3
uca:video_duration_bin:0084	uca_ucfcrime:Train:Normal_Videos133_x264:3.1	clip	3
uca:video_duration_bin:0084	uca_ucfcrime:Train:Normal_Videos133_x264:48.2	clip	3
uca:video_duration_bin:0084	uca_ucfcrime:Train:Normal_Videos134_x264:88.8	clip	3
uca:video_duration_bin:0084	uca_ucfcrime:Train:Normal_Videos138_x264:1451.9	clip	3
uca:video_duration_bin:0084	uca_ucfcrime:Train:Normal_Videos171_x264:2.5	clip	3
uca:video_duration_bin:0084	uca_ucfcrime:Train:Normal_Videos171_x264:437.7	clip	3
uca:video_duration_bin:0084	uca_ucfcrime:Train:Normal_Videos194_x264:18.6	clip	3
uca:video_duration_bin:0084	uca_ucfcrime:Train:Normal_Videos194_x264:106.1	clip	3
uca:video_duration_bin:0084	uca_ucfcrime:Train:Normal_Videos199_x264:202.6	clip	3
uca:video_duration_bin:0084	uca_ucfcrime:Train:Normal_Videos199_x264:225.2	clip	3
uca:video_duration_bin:0084	uca_ucfcrime:Train:Normal_Videos205_x264:61.9	clip	3
uca:video_duration_bin:0084	uca_ucfcrime:Train:Normal_Videos225_x264:115.6	clip	3
uca:video_duration_bin:0084	uca_ucfcrime:Train:Normal_Videos273_x264:110.0	clip	3
uca:video_duration_bin:0084	uca_ucfcrime:Train:Normal_Videos276_x264:88.7	clip	3
uca:video_duration_bin:0084	uca_ucfcrime:Train:Normal_Videos276_x264:132.1	clip	3
uca:video_duration_bin:0084	uca_ucfcrime:Train:Normal_Videos277_x264:438.8	clip	3
uca:video_duration_bin:0084	uca_ucfcrime:Train:Normal_Videos306_x264:12.1	clip	3
uca:video_duration_bin:0084	uca_ucfcrime:Train:Normal_Videos339_x264:292.6	clip	3
uca:video_duration_bin:0084	uca_ucfcrime:Train:Normal_Videos342_x264:13.5	clip	3
uca:video_duration_bin:0084	uca_ucfcrime:Train:Normal_Videos342_x264:64.1	clip	3
uca:video_duration_bin:0084	uca_ucfcrime:Train:Normal_Videos342_x264:118.0	clip	3
uca:video_duration_bin:0084	uca_ucfcrime:Train:Normal_Videos346_x264:59.0	clip	3
uca:video_duration_bin:0084	uca_ucfcrime:Train:Normal_Videos346_x264:163.5	clip	3
uca:video_duration_bin:0084	uca_ucfcrime:Train:Normal_Videos369_x264:70.5	clip	3
uca:video_duration_bin:0084	uca_ucfcrime:Train:Normal_Videos371_x264:367.6	clip	3
uca:video_duration_bin:0084	uca_ucfcrime:Train:Normal_Videos377_x264:223.6	clip	3
uca:video_duration_bin:0084	uca_ucfcrime:Train:Normal_Videos377_x264:423.4	clip	3
uca:video_duration_bin:0084	uca_ucfcrime:Train:Normal_Videos420_x264:191.7	clip	3
uca:video_duration_bin:0084	uca_ucfcrime:Train:Normal_Videos420_x264:352.6	clip	3
uca:video_duration_bin:0084	uca_ucfcrime:Train:Normal_Videos476_x264:141.6	clip	3
uca:video_duration_bin:0084	uca_ucfcrime:Train:Normal_Videos484_x264:1189.0	clip	3
uca:video_duration_bin:0084	uca_ucfcrime:Train:Normal_Videos512_x264:296.6	clip	3
uca:video_duration_bin:0084	uca_ucfcrime:Train:Normal_Videos512_x264:623.0	clip	3
uca:video_duration_bin:0084	uca_ucfcrime:Train:Normal_Videos526_x264:87.6	clip	3
uca:video_duration_bin:0084	uca_ucfcrime:Train:Normal_Videos526_x264:176.1	clip	3
uca:video_duration_bin:0084	uca_ucfcrime:Test:Normal_Videos566_x264:880.0	clip	3
uca:video_duration_bin:0084	uca_ucfcrime:Test:Normal_Videos567_x264:132.8	clip	3
uca:video_duration_bin:0084	uca_ucfcrime:Test:Normal_Videos574_x264:7.8	clip	3
uca:video_duration_bin:0084	uca_ucfcrime:Test:Normal_Videos579_x264:383.1	clip	3
uca:video_duration_bin:0084	uca_ucfcrime:Test:Normal_Videos612_x264:156.2	clip	3
uca:video_duration_bin:0084	uca_ucfcrime:Test:Normal_Videos613_x264:98.2	clip	3
uca:video_duration_bin:0084	uca_ucfcrime:Val:Normal_Videos665_x264:208.1	clip	3
uca:video_duration_bin:0084	uca_ucfcrime:Val:Normal_Videos665_x264:382.8	clip	3
uca:video_duration_bin:0084	uca_ucfcrime:Val:Normal_Videos670_x264:42.7	clip	3
uca:video_duration_bin:0084	uca_ucfcrime:Val:Normal_Videos681_x264:320.6	clip	3
uca:video_duration_bin:0084	uca_ucfcrime:Val:Normal_Videos687_x264:7.4	clip	3
uca:video_duration_bin:0084	uca_ucfcrime:Val:Normal_Videos720_x264:11.2	clip	3
uca:video_duration_bin:0084	uca_ucfcrime:Val:Normal_Videos720_x264:78.2	clip	3
uca:video_duration_bin:0084	uca_ucfcrime:Val:Normal_Videos794_x264:44.0	clip	3
uca:video_duration_bin:0084	uca_ucfcrime:Val:Normal_Videos795_x264:104.2	clip	3
uca:video_duration_bin:0084	uca_ucfcrime:Train:Normal_Videos_027_x264:11.7	clip	3
uca:video_duration_bin:0084	uca_ucfcrime:Train:Normal_Videos_884_x264:72.1	clip	3
uca:video_duration_bin:0084	uca_ucfcrime:Train:RoadAccidents024_x264:138.1	clip	3
uca:video_duration_bin:0084	uca_ucfcrime:Train:RoadAccidents062_x264:95.0	clip	3
uca:video_duration_bin:0084	uca_ucfcrime:Train:Robbery020_x264:45.2	clip	3
uca:video_duration_bin:0084	uca_ucfcrime:Train:Robbery037_x264:103.4	clip	3
uca:video_duration_bin:0084	uca_ucfcrime:Test:Robbery086_x264:83.4	clip	3
uca:video_duration_bin:0084	uca_ucfcrime:Test:Robbery100_x264:71.8	clip	3
uca:video_duration_bin:0084	uca_ucfcrime:Val:Robbery125_x264:8.3	clip	3
uca:video_duration_bin:0084	uca_ucfcrime:Train:Shooting006_x264:143.1	clip	3
uca:video_duration_bin:0084	uca_ucfcrime:Train:Shooting014_x264:49.8	clip	3
uca:video_duration_bin:0084	uca_ucfcrime:Train:Shooting032_x264:279.6	clip	3
uca:video_duration_bin:0084	uca_ucfcrime:Test:Shooting046_x264:163.4	clip	3
uca:video_duration_bin:0084	uca_ucfcrime:Train:Shoplifting001_x264:136.6	clip	3
uca:video_duration_bin:0084	uca_ucfcrime:Train:Shoplifting008_x264:293.9	clip	3
uca:video_duration_bin:0084	uca_ucfcrime:Train:Shoplifting012_x264:768.6	clip	3
uca:video_duration_bin:0084	uca_ucfcrime:Train:Shoplifting030_x264:458.9	clip	3
uca:video_duration_bin:0084	uca_ucfcrime:Test:Shoplifting040_x264:893.9	clip	3
uca:video_duration_bin:0084	uca_ucfcrime:Test:Shoplifting041_x264:103.8	clip	3
uca:video_duration_bin:0084	uca_ucfcrime:Test:Shoplifting041_x264:399.4	clip	3
uca:video_duration_bin:0084	uca_ucfcrime:Val:Shoplifting043_x264:105.1	clip	3
uca:video_duration_bin:0084	uca_ucfcrime:Val:Shoplifting043_x264:187.4	clip	3
uca:video_duration_bin:0084	uca_ucfcrime:Val:Shoplifting052_x264:58.2	clip	3
uca:video_duration_bin:0084	uca_ucfcrime:Val:Shoplifting052_x264:140.9	clip	3
uca:video_duration_bin:0084	uca_ucfcrime:Val:Shoplifting055_x264:78.6	clip	3
uca:video_duration_bin:0084	uca_ucfcrime:Train:Stealing023_x264:83.0	clip	3
uca:video_duration_bin:0084	uca_ucfcrime:Train:Stealing032_x264:116.2	clip	3
uca:video_duration_bin:0084	uca_ucfcrime:Train:Stealing042_x264:67.2	clip	3
uca:video_duration_bin:0084	uca_ucfcrime:Train:Stealing045_x264:116.8	clip	3
uca:video_duration_bin:0084	uca_ucfcrime:Train:Stealing075_x264:129.7	clip	3
uca:video_duration_bin:0084	uca_ucfcrime:Test:Stealing087_x264:52.4	clip	3
uca:video_duration_bin:0084	uca_ucfcrime:Test:Stealing092_x264:270.7	clip	3
uca:video_duration_bin:0084	uca_ucfcrime:Train:Vandalism010_x264:12.7	clip	3
uca:video_duration_bin:0084	uca_ucfcrime:Train:Vandalism010_x264:44.2	clip	3
uca:video_duration_bin:0084	uca_ucfcrime:Train:Vandalism022_x264:6.5	clip	3
uca:video_duration_bin:0084	uca_ucfcrime:Train:Vandalism023_x264:175.2	clip	3
uca:video_duration_bin:0084	uca_ucfcrime:Train:Vandalism025_x264:133.0	clip	3
uca:video_duration_bin:0084	uca_ucfcrime:Test:Vandalism041_x264:76.7	clip	3
uca:video_duration_bin:0085	uca_ucfcrime:Test:Abuse039_x264:330.6	clip	3
uca:video_duration_bin:0085	uca_ucfcrime:Test:Abuse039_x264:464.8	clip	3
uca:video_duration_bin:0085	uca_ucfcrime:Train:Arrest041_x264:63.0	clip	3
uca:video_duration_bin:0085	uca_ucfcrime:Train:Arson007_x264:199.3	clip	3
uca:video_duration_bin:0085	uca_ucfcrime:Test:Arson022_x264:4.5	clip	3
uca:video_duration_bin:0085	uca_ucfcrime:Test:Arson026_x264:12.6	clip	3
uca:video_duration_bin:0085	uca_ucfcrime:Test:Arson026_x264:53.0	clip	3
uca:video_duration_bin:0085	uca_ucfcrime:Val:Arson053_x264:201.4	clip	3
uca:video_duration_bin:0085	uca_ucfcrime:Train:Assault008_x264:3.5	clip	3
uca:video_duration_bin:0085	uca_ucfcrime:Train:Assault016_x264:118.5	clip	3
uca:video_duration_bin:0085	uca_ucfcrime:Test:Assault027_x264:187.9	clip	3
uca:video_duration_bin:0085	uca_ucfcrime:Train:Burglary005_x264:165.7	clip	3
uca:video_duration_bin:0085	uca_ucfcrime:Train:Burglary025_x264:78.8	clip	3
uca:video_duration_bin:0085	uca_ucfcrime:Train:Burglary025_x264:202.9	clip	3
uca:video_duration_bin:0085	uca_ucfcrime:Train:Burglary032_x264:22.2	clip	3
uca:video_duration_bin:0085	uca_ucfcrime:Train:Burglary035_x264:57.4	clip	3
uca:video_duration_bin:0085	uca_ucfcrime:Train:Burglary035_x264:132.6	clip	3
uca:video_duration_bin:0085	uca_ucfcrime:Train:Burglary039_x264:306.6	clip	3
uca:video_duration_bin:0085	uca_ucfcrime:Train:Burglary040_x264:104.0	clip	3
uca:video_duration_bin:0085	uca_ucfcrime:Train:Burglary042_x264:128.4	clip	3
uca:video_duration_bin:0085	uca_ucfcrime:Train:Burglary045_x264:155.9	clip	3
uca:video_duration_bin:0085	uca_ucfcrime:Train:Burglary064_x264:1565.7	clip	3
uca:video_duration_bin:0085	uca_ucfcrime:Test:Burglary065_x264:135.2	clip	3
uca:video_duration_bin:0085	uca_ucfcrime:Test:Burglary076_x264:136.4	clip	3
uca:video_duration_bin:0085	uca_ucfcrime:Test:Burglary079_x264:197.8	clip	3
uca:video_duration_bin:0085	uca_ucfcrime:Test:Burglary084_x264:98.3	clip	3
uca:video_duration_bin:0085	uca_ucfcrime:Val:Burglary095_x264:852.4	clip	3
uca:video_duration_bin:0085	uca_ucfcrime:Val:Burglary096_x264:102.8	clip	3
uca:video_duration_bin:0085	uca_ucfcrime:Val:Burglary096_x264:211.6	clip	3
uca:video_duration_bin:0085	uca_ucfcrime:Val:Burglary100_x264:11.9	clip	3
uca:video_duration_bin:0085	uca_ucfcrime:Val:Burglary100_x264:225.7	clip	3
uca:video_duration_bin:0085	uca_ucfcrime:Train:Fighting011_x264:116.7	clip	3
uca:video_duration_bin:0085	uca_ucfcrime:Train:Fighting029_x264:28.5	clip	3
uca:video_duration_bin:0085	uca_ucfcrime:Train:Fighting037_x264:74.4	clip	3
uca:video_duration_bin:0085	uca_ucfcrime:Val:Fighting047_x264:20.2	clip	3
uca:video_duration_bin:0085	uca_ucfcrime:Train:Normal_Videos028_x264:226.3	clip	3
uca:video_duration_bin:0085	uca_ucfcrime:Train:Normal_Videos047_x264:109.2	clip	3
uca:video_duration_bin:0085	uca_ucfcrime:Train:Normal_Videos047_x264:232.1	clip	3
uca:video_duration_bin:0085	uca_ucfcrime:Train:Normal_Videos057_x264:37.0	clip	3
uca:video_duration_bin:0085	uca_ucfcrime:Train:Normal_Videos061_x264:373.8	clip	3
uca:video_duration_bin:0085	uca_ucfcrime:Train:Normal_Videos061_x264:541.2	clip	3
uca:video_duration_bin:0085	uca_ucfcrime:Train:Normal_Videos119_x264:80.8	clip	3
uca:video_duration_bin:0085	uca_ucfcrime:Train:Normal_Videos119_x264:104.8	clip	3
uca:video_duration_bin:0085	uca_ucfcrime:Train:Normal_Videos133_x264:136.7	clip	3
uca:video_duration_bin:0085	uca_ucfcrime:Train:Normal_Videos139_x264:296.6	clip	3
uca:video_duration_bin:0085	uca_ucfcrime:Train:Normal_Videos152_x264:163.6	clip	3
uca:video_duration_bin:0085	uca_ucfcrime:Train:Normal_Videos186_x264:273.1	clip	3
uca:video_duration_bin:0085	uca_ucfcrime:Train:Normal_Videos187_x264:134.7	clip	3
uca:video_duration_bin:0085	uca_ucfcrime:Train:Normal_Videos205_x264:156.4	clip	3
uca:video_duration_bin:0085	uca_ucfcrime:Train:Normal_Videos214_x264:100.7	clip	3
uca:video_duration_bin:0085	uca_ucfcrime:Train:Normal_Videos225_x264:330.4	clip	3
uca:video_duration_bin:0085	uca_ucfcrime:Train:Normal_Videos234_x264:173.1	clip	3
uca:video_duration_bin:0085	uca_ucfcrime:Train:Normal_Videos245_x264:136.6	clip	3
uca:video_duration_bin:0085	uca_ucfcrime:Train:Normal_Videos264_x264:21.6	clip	3
uca:video_duration_bin:0085	uca_ucfcrime:Train:Normal_Videos283_x264:153.6	clip	3
uca:video_duration_bin:0085	uca_ucfcrime:Train:Normal_Videos307_x264:20407.2	clip	3
uca:video_duration_bin:0085	uca_ucfcrime:Train:Normal_Videos332_x264:60.6	clip	3
uca:video_duration_bin:0085	uca_ucfcrime:Train:Normal_Videos346_x264:48.5	clip	3
uca:video_duration_bin:0085	uca_ucfcrime:Train:Normal_Videos346_x264:59.0	clip	3
uca:video_duration_bin:0085	uca_ucfcrime:Train:Normal_Videos346_x264:163.5	clip	3
uca:video_duration_bin:0085	uca_ucfcrime:Train:Normal_Videos349_x264:115.6	clip	3
uca:video_duration_bin:0085	uca_ucfcrime:Train:Normal_Videos363_x264:139.1	clip	3
uca:video_duration_bin:0085	uca_ucfcrime:Train:Normal_Videos369_x264:97.5	clip	3
uca:video_duration_bin:0085	uca_ucfcrime:Train:Normal_Videos377_x264:423.4	clip	3
uca:video_duration_bin:0085	uca_ucfcrime:Train:Normal_Videos448_x264:564.4	clip	3
uca:video_duration_bin:0085	uca_ucfcrime:Train:Normal_Videos450_x264:2116.6	clip	3
uca:video_duration_bin:0085	uca_ucfcrime:Train:Normal_Videos456_x264:32.5	clip	3
uca:video_duration_bin:0085	uca_ucfcrime:Train:Normal_Videos474_x264:9.1	clip	3
uca:video_duration_bin:0085	uca_ucfcrime:Train:Normal_Videos482_x264:17.5	clip	3
uca:video_duration_bin:0085	uca_ucfcrime:Train:Normal_Videos484_x264:4.5	clip	3
uca:video_duration_bin:0085	uca_ucfcrime:Train:Normal_Videos484_x264:831.5	clip	3
uca:video_duration_bin:0085	uca_ucfcrime:Train:Normal_Videos492_x264:1081.0	clip	3
uca:video_duration_bin:0085	uca_ucfcrime:Train:Normal_Videos498_x264:9.1	clip	3
uca:video_duration_bin:0085	uca_ucfcrime:Train:Normal_Videos532_x264:4.0	clip	3
uca:video_duration_bin:0085	uca_ucfcrime:Train:Normal_Videos533_x264:802.2	clip	3
uca:video_duration_bin:0085	uca_ucfcrime:Train:Normal_Videos533_x264:1793.5	clip	3
uca:video_duration_bin:0085	uca_ucfcrime:Train:Normal_Videos533_x264:2633.5	clip	3
uca:video_duration_bin:0085	uca_ucfcrime:Test:Normal_Videos540_x264:878.8	clip	3
uca:video_duration_bin:0085	uca_ucfcrime:Test:Normal_Videos567_x264:172.9	clip	3
uca:video_duration_bin:0085	uca_ucfcrime:Test:Normal_Videos568_x264:141.2	clip	3
uca:video_duration_bin:0085	uca_ucfcrime:Test:Normal_Videos573_x264:6.2	clip	3
uca:video_duration_bin:0085	uca_ucfcrime:Test:Normal_Videos573_x264:47.6	clip	3
uca:video_duration_bin:0085	uca_ucfcrime:Test:Normal_Videos573_x264:73.8	clip	3
uca:video_duration_bin:0085	uca_ucfcrime:Test:Normal_Videos574_x264:131.2	clip	3
uca:video_duration_bin:0085	uca_ucfcrime:Test:Normal_Videos587_x264:7.2	clip	3
uca:video_duration_bin:0085	uca_ucfcrime:Test:Normal_Videos587_x264:166.8	clip	3
uca:video_duration_bin:0085	uca_ucfcrime:Test:Normal_Videos598_x264:116.1	clip	3
uca:video_duration_bin:0085	uca_ucfcrime:Test:Normal_Videos605_x264:108.0	clip	3
uca:video_duration_bin:0085	uca_ucfcrime:Test:Normal_Videos613_x264:168.1	clip	3
uca:video_duration_bin:0085	uca_ucfcrime:Test:Normal_Videos616_x264:95.5	clip	3
uca:video_duration_bin:0085	uca_ucfcrime:Test:Normal_Videos616_x264:148.8	clip	3
uca:video_duration_bin:0085	uca_ucfcrime:Test:Normal_Videos620_x264:183.1	clip	3
uca:video_duration_bin:0085	uca_ucfcrime:Test:Normal_Videos630_x264:616.3	clip	3
uca:video_duration_bin:0085	uca_ucfcrime:Test:Normal_Videos631_x264:204.4	clip	3
uca:video_duration_bin:0085	uca_ucfcrime:Val:Normal_Videos676_x264:93.1	clip	3
uca:video_duration_bin:0085	uca_ucfcrime:Val:Normal_Videos681_x264:8.2	clip	3
uca:video_duration_bin:0085	uca_ucfcrime:Val:Normal_Videos681_x264:320.6	clip	3
uca:video_duration_bin:0085	uca_ucfcrime:Val:Normal_Videos714_x264:1681.0	clip	3
uca:video_duration_bin:0085	uca_ucfcrime:Val:Normal_Videos714_x264:2631.6	clip	3
uca:video_duration_bin:0085	uca_ucfcrime:Val:Normal_Videos777_x264:139.1	clip	3
uca:video_duration_bin:0085	uca_ucfcrime:Val:Normal_Videos795_x264:104.2	clip	3
uca:video_duration_bin:0085	uca_ucfcrime:Val:Normal_Videos836_x264:193.3	clip	3
uca:video_duration_bin:0085	uca_ucfcrime:Val:Normal_Videos836_x264:768.1	clip	3
uca:video_duration_bin:0085	uca_ucfcrime:Val:Normal_Videos_938_x264:5.2	clip	3
uca:video_duration_bin:0085	uca_ucfcrime:Train:RoadAccidents097_x264:8.6	clip	3
uca:video_duration_bin:0085	uca_ucfcrime:Train:RoadAccidents097_x264:37.9	clip	3
uca:video_duration_bin:0085	uca_ucfcrime:Train:Robbery017_x264:38.1	clip	3
uca:video_duration_bin:0085	uca_ucfcrime:Train:Robbery019_x264:183.8	clip	3
uca:video_duration_bin:0085	uca_ucfcrime:Train:Robbery020_x264:85.4	clip	3
uca:video_duration_bin:0085	uca_ucfcrime:Train:Robbery026_x264:151.2	clip	3
uca:video_duration_bin:0085	uca_ucfcrime:Train:Robbery035_x264:110.5	clip	3
uca:video_duration_bin:0085	uca_ucfcrime:Train:Robbery059_x264:13.9	clip	3
uca:video_duration_bin:0085	uca_ucfcrime:Train:Robbery073_x264:153.2	clip	3
uca:video_duration_bin:0085	uca_ucfcrime:Test:Robbery086_x264:83.4	clip	3
uca:video_duration_bin:0085	uca_ucfcrime:Test:Robbery090_x264:211.4	clip	3
uca:video_duration_bin:0085	uca_ucfcrime:Train:Shooting005_x264:3.4	clip	3
uca:video_duration_bin:0085	uca_ucfcrime:Test:Shooting036_x264:60.9	clip	3
uca:video_duration_bin:0085	uca_ucfcrime:Val:Shooting052_x264:90.1	clip	3
uca:video_duration_bin:0085	uca_ucfcrime:Train:Shoplifting007_x264:36.8	clip	3
uca:video_duration_bin:0085	uca_ucfcrime:Train:Shoplifting009_x264:168.8	clip	3
uca:video_duration_bin:0085	uca_ucfcrime:Train:Shoplifting020_x264:106.2	clip	3
uca:video_duration_bin:0085	uca_ucfcrime:Val:Shoplifting051_x264:24.6	clip	3
uca:video_duration_bin:0085	uca_ucfcrime:Val:Shoplifting055_x264:112.7	clip	3
uca:video_duration_bin:0085	uca_ucfcrime:Train:Stealing025_x264:268.6	clip	3
uca:video_duration_bin:0085	uca_ucfcrime:Train:Stealing045_x264:116.8	clip	3
uca:video_duration_bin:0085	uca_ucfcrime:Train:Stealing045_x264:218.3	clip	3
uca:video_duration_bin:0085	uca_ucfcrime:Train:Stealing046_x264:24.0	clip	3
uca:video_duration_bin:0085	uca_ucfcrime:Train:Stealing046_x264:225.1	clip	3
uca:video_duration_bin:0085	uca_ucfcrime:Train:Stealing058_x264:127.2	clip	3
uca:video_duration_bin:0085	uca_ucfcrime:Train:Stealing065_x264:97.2	clip	3
uca:video_duration_bin:0085	uca_ucfcrime:Train:Stealing072_x264:68.5	clip	3
uca:video_duration_bin:0086	uca_ucfcrime:Train:Abuse001_x264:10.1	clip	3
uca:video_duration_bin:0086	uca_ucfcrime:Train:Abuse017_x264:19.0	clip	3
uca:video_duration_bin:0086	uca_ucfcrime:Train:Abuse017_x264:35.6	clip	3
uca:video_duration_bin:0086	uca_ucfcrime:Train:Abuse018_x264:51.0	clip	3
uca:video_duration_bin:0086	uca_ucfcrime:Train:Abuse018_x264:65.3	clip	3
uca:video_duration_bin:0086	uca_ucfcrime:Train:Arrest007_x264:53.3	clip	3
uca:video_duration_bin:0086	uca_ucfcrime:Train:Arrest011_x264:62.8	clip	3
uca:video_duration_bin:0086	uca_ucfcrime:Train:Assault004_x264:104.7	clip	3
uca:video_duration_bin:0086	uca_ucfcrime:Train:Assault007_x264:42.4	clip	3
uca:video_duration_bin:0086	uca_ucfcrime:Train:Assault017_x264:37.1	clip	3
uca:video_duration_bin:0086	uca_ucfcrime:Train:Burglary027_x264:84.9	clip	3
uca:video_duration_bin:0086	uca_ucfcrime:Val:Explosion038_x264:73.0	clip	3
uca:video_duration_bin:0086	uca_ucfcrime:Train:Fighting005_x264:40.3	clip	3
uca:video_duration_bin:0086	uca_ucfcrime:Train:Fighting026_x264:24.3	clip	3
uca:video_duration_bin:0086	uca_ucfcrime:Train:Fighting030_x264:54.1	clip	3
uca:video_duration_bin:0086	uca_ucfcrime:Train:Normal_Videos038_x264:94.3	clip	3
uca:video_duration_bin:0086	uca_ucfcrime:Train:RoadAccidents068_x264:22.2	clip	3
uca:video_duration_bin:0086	uca_ucfcrime:Train:RoadAccidents090_x264:8.7	clip	3
uca:video_duration_bin:0086	uca_ucfcrime:Train:RoadAccidents098_x264:38.2	clip	3
uca:video_duration_bin:0086	uca_ucfcrime:Test:RoadAccidents115_x264:37.4	clip	3
uca:video_duration_bin:0086	uca_ucfcrime:Train:Robbery080_x264:23.8	clip	3
uca:video_duration_bin:0086	uca_ucfcrime:Train:Robbery080_x264:52.1	clip	3
uca:video_duration_bin:0086	uca_ucfcrime:Test:Robbery091_x264:45.9	clip	3
uca:video_duration_bin:0086	uca_ucfcrime:Test:Robbery102_x264:47.5	clip	3
uca:video_duration_bin:0086	uca_ucfcrime:Val:Robbery133_x264:27.2	clip	3
uca:video_duration_bin:0086	uca_ucfcrime:Train:Shooting004_x264:19.8	clip	3
uca:video_duration_bin:0086	uca_ucfcrime:Train:Shooting031_x264:56.0	clip	3
uca:video_duration_bin:0086	uca_ucfcrime:Val:Shooting048_x264:58.0	clip	3
uca:video_duration_bin:0086	uca_ucfcrime:Train:Vandalism002_x264:46.7	clip	3
uca:video_duration_bin:0086	uca_ucfcrime:Val:Vandalism047_x264:37.1	clip	3
uca:video_duration_bin:0087	uca_ucfcrime:Train:Abuse001_x264:22.5	clip	3
uca:video_duration_bin:0087	uca_ucfcrime:Train:Abuse003_x264:40.8	clip	3
uca:video_duration_bin:0087	uca_ucfcrime:Train:Abuse017_x264:19.0	clip	3
uca:video_duration_bin:0087	uca_ucfcrime:Train:Abuse017_x264:35.6	clip	3
uca:video_duration_bin:0087	uca_ucfcrime:Train:Abuse018_x264:6.2	clip	3
uca:video_duration_bin:0087	uca_ucfcrime:Train:Abuse018_x264:51.0	clip	3
uca:video_duration_bin:0087	uca_ucfcrime:Train:Abuse020_x264:7.4	clip	3
uca:video_duration_bin:0087	uca_ucfcrime:Train:Abuse033_x264:56.0	clip	3
uca:video_duration_bin:0087	uca_ucfcrime:Train:Abuse033_x264:80.9	clip	3
uca:video_duration_bin:0087	uca_ucfcrime:Test:Abuse040_x264:42.3	clip	3
uca:video_duration_bin:0087	uca_ucfcrime:Test:Abuse040_x264:63.9	clip	3
uca:video_duration_bin:0087	uca_ucfcrime:Test:Abuse040_x264:94.0	clip	3
uca:video_duration_bin:0087	uca_ucfcrime:Val:Abuse048_x264:44.7	clip	3
uca:video_duration_bin:0087	uca_ucfcrime:Val:Abuse048_x264:78.8	clip	3
uca:video_duration_bin:0087	uca_ucfcrime:Train:Arrest006_x264:22.1	clip	3
uca:video_duration_bin:0087	uca_ucfcrime:Train:Arrest011_x264:28.8	clip	3
uca:video_duration_bin:0087	uca_ucfcrime:Train:Arrest017_x264:33.1	clip	3
uca:video_duration_bin:0087	uca_ucfcrime:Train:Arrest023_x264:20.9	clip	3
uca:video_duration_bin:0087	uca_ucfcrime:Train:Arrest040_x264:14.6	clip	3
uca:video_duration_bin:0087	uca_ucfcrime:Train:Assault001_x264:8.8	clip	3
uca:video_duration_bin:0087	uca_ucfcrime:Train:Assault001_x264:25.6	clip	3
uca:video_duration_bin:0087	uca_ucfcrime:Train:Assault001_x264:62.7	clip	3
uca:video_duration_bin:0087	uca_ucfcrime:Train:Assault002_x264:17.9	clip	3
uca:video_duration_bin:0087	uca_ucfcrime:Train:Assault007_x264:28.0	clip	3
uca:video_duration_bin:0087	uca_ucfcrime:Train:Assault009_x264:24.2	clip	3
uca:video_duration_bin:0087	uca_ucfcrime:Train:Assault011_x264:25.1	clip	3
uca:video_duration_bin:0087	uca_ucfcrime:Train:Assault011_x264:44.8	clip	3
uca:video_duration_bin:0087	uca_ucfcrime:Train:Assault013_x264:22.8	clip	3
uca:video_duration_bin:0087	uca_ucfcrime:Train:Assault013_x264:22.9	clip	3
uca:video_duration_bin:0087	uca_ucfcrime:Train:Assault014_x264:24.5	clip	3
uca:video_duration_bin:0087	uca_ucfcrime:Test:Assault028_x264:25.3	clip	3
uca:video_duration_bin:0087	uca_ucfcrime:Test:Assault034_x264:44.0	clip	3
uca:video_duration_bin:0087	uca_ucfcrime:Test:Assault034_x264:65.2	clip	3
uca:video_duration_bin:0087	uca_ucfcrime:Test:Assault037_x264:23.1	clip	3
uca:video_duration_bin:0087	uca_ucfcrime:Val:Assault047_x264:6.2	clip	3
uca:video_duration_bin:0087	uca_ucfcrime:Val:Assault047_x264:75.8	clip	3
uca:video_duration_bin:0087	uca_ucfcrime:Val:Assault047_x264:96.4	clip	3
uca:video_duration_bin:0087	uca_ucfcrime:Val:Assault048_x264:8.0	clip	3
uca:video_duration_bin:0087	uca_ucfcrime:Train:Burglary004_x264:32.5	clip	3
uca:video_duration_bin:0087	uca_ucfcrime:Train:Burglary011_x264:3.8	clip	3
uca:video_duration_bin:0087	uca_ucfcrime:Train:Burglary013_x264:31.8	clip	3
uca:video_duration_bin:0087	uca_ucfcrime:Train:Burglary014_x264:20.2	clip	3
uca:video_duration_bin:0087	uca_ucfcrime:Train:Burglary022_x264:56.4	clip	3
uca:video_duration_bin:0087	uca_ucfcrime:Train:Burglary047_x264:16.6	clip	3
uca:video_duration_bin:0087	uca_ucfcrime:Train:Fighting003_x264:92.2	clip	3
uca:video_duration_bin:0087	uca_ucfcrime:Train:Fighting017_x264:17.5	clip	3
uca:video_duration_bin:0087	uca_ucfcrime:Train:Fighting019_x264:26.6	clip	3
uca:video_duration_bin:0087	uca_ucfcrime:Train:Normal_Videos268_x264:22.6	clip	3
uca:video_duration_bin:0087	uca_ucfcrime:Train:Normal_Videos_310_x264:30.3	clip	3
uca:video_duration_bin:0087	uca_ucfcrime:Train:RoadAccidents031_x264:5.0	clip	3
uca:video_duration_bin:0087	uca_ucfcrime:Train:RoadAccidents032_x264:41.0	clip	3
uca:video_duration_bin:0087	uca_ucfcrime:Train:RoadAccidents034_x264:3.7	clip	3
uca:video_duration_bin:0087	uca_ucfcrime:Train:RoadAccidents037_x264:27.4	clip	3
uca:video_duration_bin:0087	uca_ucfcrime:Train:RoadAccidents057_x264:16.8	clip	3
uca:video_duration_bin:0087	uca_ucfcrime:Train:RoadAccidents059_x264:7.9	clip	3
uca:video_duration_bin:0087	uca_ucfcrime:Train:RoadAccidents093_x264:8.5	clip	3
uca:video_duration_bin:0087	uca_ucfcrime:Train:RoadAccidents094_x264:8.2	clip	3
uca:video_duration_bin:0087	uca_ucfcrime:Train:RoadAccidents098_x264:23.2	clip	3
uca:video_duration_bin:0087	uca_ucfcrime:Train:RoadAccidents105_x264:5.0	clip	3
uca:video_duration_bin:0087	uca_ucfcrime:Test:RoadAccidents113_x264:22.1	clip	3
uca:video_duration_bin:0087	uca_ucfcrime:Test:RoadAccidents115_x264:6.5	clip	3
uca:video_duration_bin:0087	uca_ucfcrime:Test:RoadAccidents117_x264:8.1	clip	3
uca:video_duration_bin:0087	uca_ucfcrime:Test:RoadAccidents121_x264:22.4	clip	3
uca:video_duration_bin:0087	uca_ucfcrime:Test:RoadAccidents125_x264:32.2	clip	3
uca:video_duration_bin:0087	uca_ucfcrime:Test:RoadAccidents132_x264:10.4	clip	3
uca:video_duration_bin:0087	uca_ucfcrime:Test:RoadAccidents141_x264:11.4	clip	3
uca:video_duration_bin:0087	uca_ucfcrime:Val:RoadAccidents149_x264:3.4	clip	3
uca:video_duration_bin:0087	uca_ucfcrime:Train:Robbery006_x264:46.9	clip	3
uca:video_duration_bin:0087	uca_ucfcrime:Train:Robbery008_x264:20.2	clip	3
uca:video_duration_bin:0087	uca_ucfcrime:Train:Robbery024_x264:14.8	clip	3
uca:video_duration_bin:0087	uca_ucfcrime:Train:Robbery024_x264:33.8	clip	3
uca:video_duration_bin:0087	uca_ucfcrime:Train:Robbery061_x264:22.2	clip	3
uca:video_duration_bin:0087	uca_ucfcrime:Train:Robbery065_x264:14.8	clip	3
uca:video_duration_bin:0087	uca_ucfcrime:Train:Robbery065_x264:33.8	clip	3
uca:video_duration_bin:0087	uca_ucfcrime:Test:Robbery085_x264:12.5	clip	3
uca:video_duration_bin:0087	uca_ucfcrime:Test:Robbery102_x264:47.5	clip	3
uca:video_duration_bin:0087	uca_ucfcrime:Test:Robbery102_x264:54.2	clip	3
uca:video_duration_bin:0087	uca_ucfcrime:Val:Robbery118_x264:34.2	clip	3
uca:video_duration_bin:0087	uca_ucfcrime:Val:Robbery135_x264:20.8	clip	3
uca:video_duration_bin:0087	uca_ucfcrime:Train:Shooting003_x264:24.6	clip	3
uca:video_duration_bin:0087	uca_ucfcrime:Train:Shooting010_x264:40.5	clip	3
uca:video_duration_bin:0087	uca_ucfcrime:Train:Shooting010_x264:45.2	clip	3
uca:video_duration_bin:0087	uca_ucfcrime:Train:Stealing006_x264:100.5	clip	3
uca:video_duration_bin:0087	uca_ucfcrime:Train:Stealing054_x264:64.6	clip	3
uca:video_duration_bin:0087	uca_ucfcrime:Train:Vandalism004_x264:5.5	clip	3
uca:video_duration_bin:0087	uca_ucfcrime:Train:Vandalism004_x264:68.7	clip	3
uca:video_duration_bin:0087	uca_ucfcrime:Val:Vandalism047_x264:5.0	clip	3
uca:video_duration_bin:0088	uca_ucfcrime:Train:Arrest011_x264:12.2	clip	3
uca:video_duration_bin:0088	uca_ucfcrime:Train:Arson006_x264:78.5	clip	3
uca:video_duration_bin:0088	uca_ucfcrime:Train:Arson014_x264:50.8	clip	3
uca:video_duration_bin:0088	uca_ucfcrime:Train:Arson016_x264:43.0	clip	3
uca:video_duration_bin:0088	uca_ucfcrime:Test:Arson020_x264:50.3	clip	3
uca:video_duration_bin:0088	uca_ucfcrime:Test:Arson020_x264:67.2	clip	3
uca:video_duration_bin:0088	uca_ucfcrime:Test:Arson024_x264:49.6	clip	3
uca:video_duration_bin:0088	uca_ucfcrime:Test:Arson024_x264:90.4	clip	3
uca:video_duration_bin:0088	uca_ucfcrime:Test:Arson027_x264:58.2	clip	3
uca:video_duration_bin:0088	uca_ucfcrime:Test:Arson028_x264:51.3	clip	3
uca:video_duration_bin:0088	uca_ucfcrime:Test:Arson028_x264:67.8	clip	3
uca:video_duration_bin:0088	uca_ucfcrime:Test:Arson031_x264:47.8	clip	3
uca:video_duration_bin:0088	uca_ucfcrime:Test:Arson031_x264:69.9	clip	3
uca:video_duration_bin:0088	uca_ucfcrime:Test:Arson032_x264:11.5	clip	3
uca:video_duration_bin:0088	uca_ucfcrime:Test:Arson032_x264:28.6	clip	3
uca:video_duration_bin:0088	uca_ucfcrime:Test:Arson032_x264:57.9	clip	3
uca:video_duration_bin:0088	uca_ucfcrime:Test:Arson032_x264:75.4	clip	3
uca:video_duration_bin:0088	uca_ucfcrime:Test:Arson034_x264:60.2	clip	3
uca:video_duration_bin:0088	uca_ucfcrime:Test:Arson039_x264:9.4	clip	3
uca:video_duration_bin:0088	uca_ucfcrime:Val:Arson040_x264:13.4	clip	3
uca:video_duration_bin:0088	uca_ucfcrime:Val:Arson040_x264:68.4	clip	3
uca:video_duration_bin:0088	uca_ucfcrime:Val:Arson046_x264:46.0	clip	3
uca:video_duration_bin:0088	uca_ucfcrime:Train:Explosion004_x264:1.1	clip	3
uca:video_duration_bin:0088	uca_ucfcrime:Test:Explosion008_x264:46.2	clip	3
uca:video_duration_bin:0088	uca_ucfcrime:Test:Explosion010_x264:25.6	clip	3
uca:video_duration_bin:0088	uca_ucfcrime:Test:Explosion010_x264:64.0	clip	3
uca:video_duration_bin:0088	uca_ucfcrime:Test:Explosion013_x264:105.8	clip	3
uca:video_duration_bin:0088	uca_ucfcrime:Test:Explosion022_x264:77.3	clip	3
uca:video_duration_bin:0088	uca_ucfcrime:Test:Explosion026_x264:49.4	clip	3
uca:video_duration_bin:0088	uca_ucfcrime:Test:Explosion029_x264:75.8	clip	3
uca:video_duration_bin:0088	uca_ucfcrime:Val:Explosion030_x264:29.6	clip	3
uca:video_duration_bin:0088	uca_ucfcrime:Val:Explosion030_x264:51.6	clip	3
uca:video_duration_bin:0088	uca_ucfcrime:Val:Explosion030_x264:59.9	clip	3
uca:video_duration_bin:0088	uca_ucfcrime:Val:Explosion032_x264:7.3	clip	3
uca:video_duration_bin:0088	uca_ucfcrime:Val:Explosion032_x264:19.2	clip	3
uca:video_duration_bin:0088	uca_ucfcrime:Val:Explosion033_x264:38.5	clip	3
uca:video_duration_bin:0088	uca_ucfcrime:Val:Explosion033_x264:78.1	clip	3
uca:video_duration_bin:0088	uca_ucfcrime:Val:Explosion035_x264:28.1	clip	3
uca:video_duration_bin:0088	uca_ucfcrime:Val:Explosion038_x264:10.4	clip	3
uca:video_duration_bin:0088	uca_ucfcrime:Val:Explosion038_x264:58.5	clip	3
uca:video_duration_bin:0088	uca_ucfcrime:Val:Explosion038_x264:73.0	clip	3
uca:video_duration_bin:0088	uca_ucfcrime:Val:Explosion041_x264:46.1	clip	3
uca:video_duration_bin:0088	uca_ucfcrime:Val:Explosion041_x264:88.6	clip	3
uca:video_duration_bin:0088	uca_ucfcrime:Val:Explosion042_x264:17.4	clip	3
uca:video_duration_bin:0088	uca_ucfcrime:Val:Explosion051_x264:48.8	clip	3
uca:video_duration_bin:0088	uca_ucfcrime:Val:Explosion051_x264:71.8	clip	3
uca:video_duration_bin:0088	uca_ucfcrime:Val:Explosion052_x264:15.0	clip	3
uca:video_duration_bin:0088	uca_ucfcrime:Val:Explosion052_x264:75.5	clip	3
uca:video_duration_bin:0088	uca_ucfcrime:Val:Fighting046_x264:50.8	clip	3
uca:video_duration_bin:0088	uca_ucfcrime:Val:Fighting046_x264:82.7	clip	3
uca:video_duration_bin:0088	uca_ucfcrime:Val:Normal_Videos668_x264:16.0	clip	3
uca:video_duration_bin:0088	uca_ucfcrime:Train:Normal_Videos_702_x264:73.7	clip	3
uca:video_duration_bin:0088	uca_ucfcrime:Train:RoadAccidents013_x264:50.3	clip	3
uca:video_duration_bin:0088	uca_ucfcrime:Train:Robbery024_x264:76.1	clip	3
uca:video_duration_bin:0088	uca_ucfcrime:Train:Robbery065_x264:76.1	clip	3
uca:video_duration_bin:0089	uca_ucfcrime:Train:Arrest038_x264:1.6	clip	3
uca:video_duration_bin:0089	uca_ucfcrime:Train:Burglary024_x264:37.9	clip	3
uca:video_duration_bin:0089	uca_ucfcrime:Test:Burglary077_x264:3.9	clip	3
uca:video_duration_bin:0089	uca_ucfcrime:Test:Burglary077_x264:20.4	clip	3
uca:video_duration_bin:0089	uca_ucfcrime:Train:Explosion004_x264:58.7	clip	3
uca:video_duration_bin:0089	uca_ucfcrime:Test:Explosion029_x264:75.8	clip	3
uca:video_duration_bin:0089	uca_ucfcrime:Train:Fighting028_x264:11.4	clip	3
uca:video_duration_bin:0089	uca_ucfcrime:Test:Fighting042_x264:34.5	clip	3
uca:video_duration_bin:0089	uca_ucfcrime:Test:Fighting042_x264:56.6	clip	3
uca:video_duration_bin:0089	uca_ucfcrime:Test:Normal_Videos594_x264:8.7	clip	3
uca:video_duration_bin:0089	uca_ucfcrime:Val:Normal_Videos643_x264:44.8	clip	3
uca:video_duration_bin:0089	uca_ucfcrime:Train:Robbery005_x264:11.1	clip	3
uca:video_duration_bin:0089	uca_ucfcrime:Train:Robbery006_x264:27.0	clip	3
uca:video_duration_bin:0089	uca_ucfcrime:Train:Robbery006_x264:46.9	clip	3
uca:video_duration_bin:0089	uca_ucfcrime:Train:Robbery013_x264:3.5	clip	3
uca:video_duration_bin:0089	uca_ucfcrime:Train:Robbery018_x264:35.9	clip	3
uca:video_duration_bin:0089	uca_ucfcrime:Train:Robbery024_x264:33.8	clip	3
uca:video_duration_bin:0089	uca_ucfcrime:Train:Robbery024_x264:76.1	clip	3
uca:video_duration_bin:0089	uca_ucfcrime:Train:Robbery028_x264:10.2	clip	3
uca:video_duration_bin:0089	uca_ucfcrime:Train:Robbery038_x264:40.1	clip	3
uca:video_duration_bin:0089	uca_ucfcrime:Train:Robbery049_x264:25.0	clip	3
uca:video_duration_bin:0089	uca_ucfcrime:Train:Robbery052_x264:79.7	clip	3
uca:video_duration_bin:0089	uca_ucfcrime:Train:Robbery052_x264:112.1	clip	3
uca:video_duration_bin:0089	uca_ucfcrime:Train:Robbery053_x264:21.1	clip	3
uca:video_duration_bin:0089	uca_ucfcrime:Train:Robbery053_x264:28.6	clip	3
uca:video_duration_bin:0089	uca_ucfcrime:Train:Robbery056_x264:6.2	clip	3
uca:video_duration_bin:0089	uca_ucfcrime:Train:Robbery056_x264:30.1	clip	3
uca:video_duration_bin:0089	uca_ucfcrime:Train:Robbery057_x264:13.9	clip	3
uca:video_duration_bin:0089	uca_ucfcrime:Train:Robbery060_x264:10.3	clip	3
uca:video_duration_bin:0089	uca_ucfcrime:Train:Robbery062_x264:4.7	clip	3
uca:video_duration_bin:0089	uca_ucfcrime:Train:Robbery062_x264:42.9	clip	3
uca:video_duration_bin:0089	uca_ucfcrime:Train:Robbery065_x264:33.8	clip	3
uca:video_duration_bin:0089	uca_ucfcrime:Train:Robbery065_x264:76.1	clip	3
uca:video_duration_bin:0089	uca_ucfcrime:Train:Robbery078_x264:12.9	clip	3
uca:video_duration_bin:0089	uca_ucfcrime:Train:Robbery078_x264:21.3	clip	3
uca:video_duration_bin:0089	uca_ucfcrime:Train:Robbery078_x264:47.6	clip	3
uca:video_duration_bin:0089	uca_ucfcrime:Train:Robbery084_x264:26.2	clip	3
uca:video_duration_bin:0089	uca_ucfcrime:Train:Robbery084_x264:60.1	clip	3
uca:video_duration_bin:0089	uca_ucfcrime:Test:Robbery091_x264:6.9	clip	3
uca:video_duration_bin:0089	uca_ucfcrime:Test:Robbery091_x264:16.1	clip	3
uca:video_duration_bin:0089	uca_ucfcrime:Test:Robbery094_x264:1.2	clip	3
uca:video_duration_bin:0089	uca_ucfcrime:Test:Robbery101_x264:58.0	clip	3
uca:video_duration_bin:0089	uca_ucfcrime:Test:Robbery102_x264:54.2	clip	3
uca:video_duration_bin:0089	uca_ucfcrime:Val:Robbery114_x264:41.2	clip	3
uca:video_duration_bin:0089	uca_ucfcrime:Val:Robbery115_x264:6.0	clip	3
uca:video_duration_bin:0089	uca_ucfcrime:Val:Robbery117_x264:57.0	clip	3
uca:video_duration_bin:0089	uca_ucfcrime:Val:Robbery118_x264:34.2	clip	3
uca:video_duration_bin:0089	uca_ucfcrime:Val:Robbery129_x264:5.2	clip	3
uca:video_duration_bin:0089	uca_ucfcrime:Val:Robbery133_x264:27.2	clip	3
uca:video_duration_bin:0089	uca_ucfcrime:Train:Shooting004_x264:12.9	clip	3
uca:video_duration_bin:0089	uca_ucfcrime:Train:Shooting004_x264:16.9	clip	3
uca:video_duration_bin:0089	uca_ucfcrime:Train:Shooting010_x264:45.2	clip	3
uca:video_duration_bin:0089	uca_ucfcrime:Train:Shooting010_x264:46.7	clip	3
uca:video_duration_bin:0089	uca_ucfcrime:Train:Shooting025_x264:28.3	clip	3
uca:video_duration_bin:0089	uca_ucfcrime:Test:Shooting043_x264:30.7	clip	3
uca:video_duration_bin:0089	uca_ucfcrime:Test:Shooting043_x264:49.6	clip	3
uca:video_duration_bin:0089	uca_ucfcrime:Val:Shooting048_x264:47.8	clip	3
uca:video_duration_bin:0089	uca_ucfcrime:Val:Shooting048_x264:58.0	clip	3
uca:video_duration_bin:0090	uca_ucfcrime:Train:Abuse001_x264:8.6	clip	3
uca:video_duration_bin:0090	uca_ucfcrime:Train:Abuse014_x264:45.8	clip	3
uca:video_duration_bin:0090	uca_ucfcrime:Train:Abuse022_x264:51.5	clip	3
uca:video_duration_bin:0090	uca_ucfcrime:Train:Abuse025_x264:21.9	clip	3
uca:video_duration_bin:0090	uca_ucfcrime:Test:Abuse037_x264:16.9	clip	3
uca:video_duration_bin:0090	uca_ucfcrime:Test:Abuse037_x264:44.0	clip	3
uca:video_duration_bin:0090	uca_ucfcrime:Train:Arrest018_x264:25.8	clip	3
uca:video_duration_bin:0090	uca_ucfcrime:Train:Arrest020_x264:43.5	clip	3
uca:video_duration_bin:0090	uca_ucfcrime:Train:Arrest037_x264:13.3	clip	3
uca:video_duration_bin:0090	uca_ucfcrime:Train:Arrest040_x264:52.8	clip	3
uca:video_duration_bin:0090	uca_ucfcrime:Test:Arson031_x264:38.0	clip	3
uca:video_duration_bin:0090	uca_ucfcrime:Test:Arson034_x264:34.3	clip	3
uca:video_duration_bin:0090	uca_ucfcrime:Test:Arson039_x264:19.8	clip	3
uca:video_duration_bin:0090	uca_ucfcrime:Train:Assault004_x264:12.9	clip	3
uca:video_duration_bin:0090	uca_ucfcrime:Train:Assault011_x264:44.8	clip	3
uca:video_duration_bin:0090	uca_ucfcrime:Train:Assault014_x264:24.5	clip	3
uca:video_duration_bin:0090	uca_ucfcrime:Train:Assault022_x264:9.8	clip	3
uca:video_duration_bin:0090	uca_ucfcrime:Train:Assault022_x264:27.1	clip	3
uca:video_duration_bin:0090	uca_ucfcrime:Test:Assault034_x264:65.2	clip	3
uca:video_duration_bin:0090	uca_ucfcrime:Val:Assault047_x264:6.2	clip	3
uca:video_duration_bin:0090	uca_ucfcrime:Val:Assault048_x264:30.9	clip	3
uca:video_duration_bin:0090	uca_ucfcrime:Train:Burglary013_x264:41.4	clip	3
uca:video_duration_bin:0090	uca_ucfcrime:Train:Burglary055_x264:25.4	clip	3
uca:video_duration_bin:0090	uca_ucfcrime:Test:Burglary072_x264:10.1	clip	3
uca:video_duration_bin:0090	uca_ucfcrime:Test:Burglary072_x264:72.2	clip	3
uca:video_duration_bin:0090	uca_ucfcrime:Test:Burglary073_x264:86.3	clip	3
uca:video_duration_bin:0090	uca_ucfcrime:Test:Burglary077_x264:12.9	clip	3
uca:video_duration_bin:0090	uca_ucfcrime:Test:Burglary077_x264:20.4	clip	3
uca:video_duration_bin:0090	uca_ucfcrime:Test:Burglary077_x264:57.0	clip	3
uca:video_duration_bin:0090	uca_ucfcrime:Test:Burglary082_x264:39.2	clip	3
uca:video_duration_bin:0090	uca_ucfcrime:Test:Burglary085_x264:62.4	clip	3
uca:video_duration_bin:0090	uca_ucfcrime:Test:Burglary086_x264:32.2	clip	3
uca:video_duration_bin:0090	uca_ucfcrime:Test:Burglary086_x264:35.7	clip	3
uca:video_duration_bin:0090	uca_ucfcrime:Train:Explosion004_x264:10.1	clip	3
uca:video_duration_bin:0090	uca_ucfcrime:Train:Explosion006_x264:21.9	clip	3
uca:video_duration_bin:0090	uca_ucfcrime:Test:Explosion023_x264:47.4	clip	3
uca:video_duration_bin:0090	uca_ucfcrime:Test:Explosion026_x264:57.8	clip	3
uca:video_duration_bin:0090	uca_ucfcrime:Val:Explosion030_x264:51.6	clip	3
uca:video_duration_bin:0090	uca_ucfcrime:Val:Explosion030_x264:59.9	clip	3
uca:video_duration_bin:0090	uca_ucfcrime:Val:Explosion042_x264:61.8	clip	3
uca:video_duration_bin:0090	uca_ucfcrime:Train:Fighting003_x264:77.3	clip	3
uca:video_duration_bin:0090	uca_ucfcrime:Train:Fighting005_x264:40.3	clip	3
uca:video_duration_bin:0090	uca_ucfcrime:Train:Fighting009_x264:55.5	clip	3
uca:video_duration_bin:0090	uca_ucfcrime:Train:Fighting030_x264:54.1	clip	3
uca:video_duration_bin:0090	uca_ucfcrime:Val:Fighting046_x264:82.7	clip	3
uca:video_duration_bin:0090	uca_ucfcrime:Train:Normal_Videos080_x264:50.3	clip	3
uca:video_duration_bin:0090	uca_ucfcrime:Train:Normal_Videos238_x264:93.2	clip	3
uca:video_duration_bin:0090	uca_ucfcrime:Train:Normal_Videos427_x264:32.2	clip	3
uca:video_duration_bin:0090	uca_ucfcrime:Train:Normal_Videos461_x264:3.6	clip	3
uca:video_duration_bin:0090	uca_ucfcrime:Train:Normal_Videos486_x264:82.5	clip	3
uca:video_duration_bin:0090	uca_ucfcrime:Test:Normal_Videos569_x264:86.7	clip	3
uca:video_duration_bin:0090	uca_ucfcrime:Val:Normal_Videos719_x264:74.0	clip	3
uca:video_duration_bin:0090	uca_ucfcrime:Train:Normal_Videos_168_x264:20.5	clip	3
uca:video_duration_bin:0090	uca_ucfcrime:Train:Normal_Videos_168_x264:39.8	clip	3
uca:video_duration_bin:0090	uca_ucfcrime:Train:RoadAccidents020_x264:57.4	clip	3
uca:video_duration_bin:0090	uca_ucfcrime:Train:RoadAccidents032_x264:33.2	clip	3
uca:video_duration_bin:0090	uca_ucfcrime:Train:RoadAccidents034_x264:27.4	clip	3
uca:video_duration_bin:0090	uca_ucfcrime:Train:RoadAccidents040_x264:16.6	clip	3
uca:video_duration_bin:0090	uca_ucfcrime:Train:RoadAccidents040_x264:32.0	clip	3
uca:video_duration_bin:0090	uca_ucfcrime:Train:RoadAccidents064_x264:52.9	clip	3
uca:video_duration_bin:0090	uca_ucfcrime:Train:RoadAccidents076_x264:52.5	clip	3
uca:video_duration_bin:0090	uca_ucfcrime:Train:RoadAccidents098_x264:38.2	clip	3
uca:video_duration_bin:0090	uca_ucfcrime:Test:RoadAccidents117_x264:18.3	clip	3
uca:video_duration_bin:0090	uca_ucfcrime:Test:RoadAccidents120_x264:18.4	clip	3
uca:video_duration_bin:0090	uca_ucfcrime:Test:RoadAccidents120_x264:44.2	clip	3
uca:video_duration_bin:0090	uca_ucfcrime:Test:RoadAccidents125_x264:32.2	clip	3
uca:video_duration_bin:0090	uca_ucfcrime:Val:RoadAccidents149_x264:13.8	clip	3
uca:video_duration_bin:0090	uca_ucfcrime:Train:Robbery005_x264:11.1	clip	3
uca:video_duration_bin:0090	uca_ucfcrime:Train:Robbery005_x264:64.2	clip	3
uca:video_duration_bin:0090	uca_ucfcrime:Train:Robbery009_x264:26.5	clip	3
uca:video_duration_bin:0090	uca_ucfcrime:Train:Robbery010_x264:98.1	clip	3
uca:video_duration_bin:0090	uca_ucfcrime:Train:Robbery024_x264:76.1	clip	3
uca:video_duration_bin:0090	uca_ucfcrime:Train:Robbery028_x264:24.7	clip	3
uca:video_duration_bin:0090	uca_ucfcrime:Train:Robbery028_x264:40.5	clip	3
uca:video_duration_bin:0090	uca_ucfcrime:Train:Robbery029_x264:68.8	clip	3
uca:video_duration_bin:0090	uca_ucfcrime:Train:Robbery052_x264:3.1	clip	3
uca:video_duration_bin:0090	uca_ucfcrime:Train:Robbery061_x264:61.5	clip	3
uca:video_duration_bin:0090	uca_ucfcrime:Train:Robbery065_x264:76.1	clip	3
uca:video_duration_bin:0090	uca_ucfcrime:Test:Robbery085_x264:58.9	clip	3
uca:video_duration_bin:0090	uca_ucfcrime:Test:Robbery102_x264:34.6	clip	3
uca:video_duration_bin:0090	uca_ucfcrime:Test:Robbery102_x264:54.2	clip	3
uca:video_duration_bin:0090	uca_ucfcrime:Test:Robbery110_x264:72.9	clip	3
uca:video_duration_bin:0090	uca_ucfcrime:Val:Robbery114_x264:30.4	clip	3
uca:video_duration_bin:0090	uca_ucfcrime:Val:Robbery114_x264:41.2	clip	3
uca:video_duration_bin:0090	uca_ucfcrime:Val:Robbery115_x264:55.0	clip	3
uca:video_duration_bin:0090	uca_ucfcrime:Val:Robbery117_x264:57.0	clip	3
uca:video_duration_bin:0090	uca_ucfcrime:Val:Robbery133_x264:5.8	clip	3
uca:video_duration_bin:0090	uca_ucfcrime:Train:Shooting003_x264:24.6	clip	3
uca:video_duration_bin:0090	uca_ucfcrime:Train:Shooting004_x264:12.9	clip	3
uca:video_duration_bin:0090	uca_ucfcrime:Train:Shooting012_x264:37.9	clip	3
uca:video_duration_bin:0090	uca_ucfcrime:Train:Shooting012_x264:48.5	clip	3
uca:video_duration_bin:0090	uca_ucfcrime:Train:Shooting031_x264:66.8	clip	3
uca:video_duration_bin:0090	uca_ucfcrime:Val:Shooting048_x264:58.0	clip	3
uca:video_duration_bin:0090	uca_ucfcrime:Test:Shoplifting038_x264:92.5	clip	3
uca:video_duration_bin:0090	uca_ucfcrime:Train:Stealing003_x264:101.2	clip	3
uca:video_duration_bin:0090	uca_ucfcrime:Train:Stealing017_x264:35.6	clip	3
uca:video_duration_bin:0090	uca_ucfcrime:Train:Stealing017_x264:57.9	clip	3
uca:video_duration_bin:0090	uca_ucfcrime:Train:Stealing018_x264:6.1	clip	3
uca:video_duration_bin:0090	uca_ucfcrime:Train:Stealing027_x264:57.3	clip	3
uca:video_duration_bin:0090	uca_ucfcrime:Val:Stealing110_x264:15.3	clip	3
uca:video_duration_bin:0090	uca_ucfcrime:Val:Stealing110_x264:27.6	clip	3
uca:video_duration_bin:0090	uca_ucfcrime:Val:Stealing110_x264:44.7	clip	3
uca:video_duration_bin:0090	uca_ucfcrime:Train:Vandalism013_x264:75.2	clip	3
uca:video_duration_bin:0090	uca_ucfcrime:Test:Vandalism031_x264:17.3	clip	3
uca:video_duration_bin:0091	uca_ucfcrime:Train:Arrest017_x264:57.2	clip	3
uca:video_duration_bin:0091	uca_ucfcrime:Train:Arrest017_x264:75.1	clip	3
uca:video_duration_bin:0091	uca_ucfcrime:Val:Assault048_x264:19.4	clip	3
uca:video_duration_bin:0091	uca_ucfcrime:Train:Burglary004_x264:4.2	clip	3
uca:video_duration_bin:0091	uca_ucfcrime:Test:Normal_Videos554_x264:64.6	clip	3
uca:video_duration_bin:0091	uca_ucfcrime:Train:RoadAccidents011_x264:7.8	clip	3
uca:video_duration_bin:0091	uca_ucfcrime:Train:RoadAccidents016_x264:48.6	clip	3
uca:video_duration_bin:0091	uca_ucfcrime:Train:RoadAccidents023_x264:83.8	clip	3
uca:video_duration_bin:0091	uca_ucfcrime:Train:RoadAccidents023_x264:111.2	clip	3
uca:video_duration_bin:0091	uca_ucfcrime:Train:RoadAccidents040_x264:32.0	clip	3
uca:video_duration_bin:0091	uca_ucfcrime:Train:RoadAccidents064_x264:22.9	clip	3
uca:video_duration_bin:0091	uca_ucfcrime:Train:RoadAccidents074_x264:9.4	clip	3
uca:video_duration_bin:0091	uca_ucfcrime:Train:RoadAccidents074_x264:41.5	clip	3
uca:video_duration_bin:0091	uca_ucfcrime:Train:RoadAccidents106_x264:71.2	clip	3
uca:video_duration_bin:0091	uca_ucfcrime:Test:RoadAccidents117_x264:45.1	clip	3
uca:video_duration_bin:0091	uca_ucfcrime:Test:RoadAccidents120_x264:18.4	clip	3
uca:video_duration_bin:0091	uca_ucfcrime:Test:RoadAccidents120_x264:44.2	clip	3
uca:video_duration_bin:0091	uca_ucfcrime:Test:RoadAccidents125_x264:17.2	clip	3
uca:video_duration_bin:0091	uca_ucfcrime:Test:RoadAccidents136_x264:38.1	clip	3
uca:video_duration_bin:0091	uca_ucfcrime:Test:RoadAccidents136_x264:48.6	clip	3
uca:video_duration_bin:0091	uca_ucfcrime:Test:RoadAccidents141_x264:6.9	clip	3
uca:video_duration_bin:0092	uca_ucfcrime:Train:Assault007_x264:4.3	clip	3
uca:video_duration_bin:0092	uca_ucfcrime:Train:Burglary013_x264:13.2	clip	3
uca:video_duration_bin:0092	uca_ucfcrime:Train:Burglary013_x264:31.8	clip	3
uca:video_duration_bin:0092	uca_ucfcrime:Train:Burglary020_x264:82.3	clip	3
uca:video_duration_bin:0092	uca_ucfcrime:Train:Burglary037_x264:32.2	clip	3
uca:video_duration_bin:0092	uca_ucfcrime:Train:Burglary041_x264:27.0	clip	3
uca:video_duration_bin:0092	uca_ucfcrime:Test:Burglary074_x264:13.2	clip	3
uca:video_duration_bin:0092	uca_ucfcrime:Test:Burglary074_x264:25.3	clip	3
uca:video_duration_bin:0092	uca_ucfcrime:Val:Burglary091_x264:40.7	clip	3
uca:video_duration_bin:0092	uca_ucfcrime:Train:Normal_Videos038_x264:27.6	clip	3
uca:video_duration_bin:0092	uca_ucfcrime:Train:Normal_Videos038_x264:61.1	clip	3
uca:video_duration_bin:0092	uca_ucfcrime:Train:Normal_Videos038_x264:94.3	clip	3
uca:video_duration_bin:0092	uca_ucfcrime:Train:Normal_Videos457_x264:6.1	clip	3
uca:video_duration_bin:0092	uca_ucfcrime:Train:Normal_Videos465_x264:2.6	clip	3
uca:video_duration_bin:0092	uca_ucfcrime:Train:Normal_Videos465_x264:18.1	clip	3
uca:video_duration_bin:0092	uca_ucfcrime:Train:Normal_Videos465_x264:47.1	clip	3
uca:video_duration_bin:0092	uca_ucfcrime:Val:Normal_Videos654_x264:30.6	clip	3
uca:video_duration_bin:0092	uca_ucfcrime:Val:Normal_Videos703_x264:55.5	clip	3
uca:video_duration_bin:0092	uca_ucfcrime:Train:Normal_Videos_019_x264:2.0	clip	3
uca:video_duration_bin:0092	uca_ucfcrime:Train:Normal_Videos_019_x264:41.0	clip	3
uca:video_duration_bin:0092	uca_ucfcrime:Train:Normal_Videos_603_x264:46.8	clip	3
uca:video_duration_bin:0092	uca_ucfcrime:Train:Normal_Videos_801_x264:3.0	clip	3
uca:video_duration_bin:0092	uca_ucfcrime:Train:Normal_Videos_801_x264:30.0	clip	3
uca:video_duration_bin:0092	uca_ucfcrime:Train:Robbery005_x264:24.2	clip	3
uca:video_duration_bin:0092	uca_ucfcrime:Train:Robbery008_x264:63.9	clip	3
uca:video_duration_bin:0092	uca_ucfcrime:Train:Robbery010_x264:70.2	clip	3
uca:video_duration_bin:0092	uca_ucfcrime:Train:Robbery013_x264:118.5	clip	3
uca:video_duration_bin:0092	uca_ucfcrime:Train:Robbery022_x264:112.8	clip	3
uca:video_duration_bin:0092	uca_ucfcrime:Train:Robbery042_x264:49.5	clip	3
uca:video_duration_bin:0092	uca_ucfcrime:Train:Robbery042_x264:68.7	clip	3
uca:video_duration_bin:0092	uca_ucfcrime:Train:Robbery045_x264:43.1	clip	3
uca:video_duration_bin:0092	uca_ucfcrime:Train:Robbery049_x264:39.8	clip	3
uca:video_duration_bin:0092	uca_ucfcrime:Train:Robbery058_x264:17.4	clip	3
uca:video_duration_bin:0092	uca_ucfcrime:Train:Robbery060_x264:21.9	clip	3
uca:video_duration_bin:0092	uca_ucfcrime:Train:Robbery060_x264:43.1	clip	3
uca:video_duration_bin:0092	uca_ucfcrime:Test:Robbery091_x264:16.1	clip	3
uca:video_duration_bin:0092	uca_ucfcrime:Test:Robbery091_x264:45.9	clip	3
uca:video_duration_bin:0092	uca_ucfcrime:Test:Robbery101_x264:58.0	clip	3
uca:video_duration_bin:0092	uca_ucfcrime:Test:Robbery101_x264:71.4	clip	3
uca:video_duration_bin:0092	uca_ucfcrime:Val:Robbery118_x264:15.7	clip	3
uca:video_duration_bin:0092	uca_ucfcrime:Val:Robbery130_x264:34.8	clip	3
uca:video_duration_bin:0092	uca_ucfcrime:Val:Robbery135_x264:62.5	clip	3
uca:video_duration_bin:0092	uca_ucfcrime:Val:Robbery142_x264:19.0	clip	3
uca:video_duration_bin:0092	uca_ucfcrime:Val:Robbery142_x264:66.0	clip	3
uca:video_duration_bin:0092	uca_ucfcrime:Train:Shooting012_x264:4.8	clip	3
uca:video_duration_bin:0093	uca_ucfcrime:Train:Abuse011_x264:11.4	clip	3
uca:video_duration_bin:0093	uca_ucfcrime:Train:Abuse011_x264:68.8	clip	3
uca:video_duration_bin:0093	uca_ucfcrime:Train:Abuse018_x264:6.2	clip	3
uca:video_duration_bin:0093	uca_ucfcrime:Train:Abuse018_x264:51.0	clip	3
uca:video_duration_bin:0093	uca_ucfcrime:Train:Abuse020_x264:7.4	clip	3
uca:video_duration_bin:0093	uca_ucfcrime:Train:Abuse020_x264:96.0	clip	3
uca:video_duration_bin:0093	uca_ucfcrime:Train:Abuse021_x264:31.7	clip	3
uca:video_duration_bin:0093	uca_ucfcrime:Train:Abuse022_x264:92.5	clip	3
uca:video_duration_bin:0093	uca_ucfcrime:Train:Arrest001_x264:8.7	clip	3
uca:video_duration_bin:0093	uca_ucfcrime:Train:Arrest002_x264:14.1	clip	3
uca:video_duration_bin:0093	uca_ucfcrime:Train:Arrest004_x264:53.3	clip	3
uca:video_duration_bin:0093	uca_ucfcrime:Train:Arrest006_x264:96.5	clip	3
uca:video_duration_bin:0093	uca_ucfcrime:Train:Arrest007_x264:88.3	clip	3
uca:video_duration_bin:0093	uca_ucfcrime:Train:Arrest011_x264:12.2	clip	3
uca:video_duration_bin:0093	uca_ucfcrime:Train:Arrest011_x264:24.1	clip	3
uca:video_duration_bin:0093	uca_ucfcrime:Train:Arrest024_x264:34.3	clip	3
uca:video_duration_bin:0093	uca_ucfcrime:Train:Arrest024_x264:61.8	clip	3
uca:video_duration_bin:0093	uca_ucfcrime:Train:Arrest028_x264:3.2	clip	3
uca:video_duration_bin:0093	uca_ucfcrime:Train:Arrest028_x264:25.1	clip	3
uca:video_duration_bin:0093	uca_ucfcrime:Train:Arrest031_x264:33.1	clip	3
uca:video_duration_bin:0093	uca_ucfcrime:Train:Arrest037_x264:13.3	clip	3
uca:video_duration_bin:0093	uca_ucfcrime:Train:Arrest037_x264:21.1	clip	3
uca:video_duration_bin:0093	uca_ucfcrime:Train:Arson006_x264:39.3	clip	3
uca:video_duration_bin:0093	uca_ucfcrime:Train:Arson006_x264:78.5	clip	3
uca:video_duration_bin:0093	uca_ucfcrime:Test:Arson027_x264:58.2	clip	3
uca:video_duration_bin:0093	uca_ucfcrime:Test:Arson028_x264:51.3	clip	3
uca:video_duration_bin:0093	uca_ucfcrime:Test:Arson028_x264:67.8	clip	3
uca:video_duration_bin:0093	uca_ucfcrime:Test:Arson031_x264:18.4	clip	3
uca:video_duration_bin:0093	uca_ucfcrime:Test:Arson031_x264:38.0	clip	3
uca:video_duration_bin:0093	uca_ucfcrime:Test:Arson031_x264:47.8	clip	3
uca:video_duration_bin:0093	uca_ucfcrime:Test:Arson034_x264:60.2	clip	3
uca:video_duration_bin:0093	uca_ucfcrime:Test:Arson039_x264:4.0	clip	3
uca:video_duration_bin:0093	uca_ucfcrime:Test:Arson039_x264:9.4	clip	3
uca:video_duration_bin:0093	uca_ucfcrime:Train:Assault007_x264:42.4	clip	3
uca:video_duration_bin:0093	uca_ucfcrime:Train:Assault013_x264:9.9	clip	3
uca:video_duration_bin:0093	uca_ucfcrime:Train:Assault014_x264:3.1	clip	3
uca:video_duration_bin:0093	uca_ucfcrime:Train:Assault017_x264:13.6	clip	3
uca:video_duration_bin:0093	uca_ucfcrime:Train:Assault017_x264:25.4	clip	3
uca:video_duration_bin:0093	uca_ucfcrime:Train:Burglary002_x264:7.5	clip	3
uca:video_duration_bin:0093	uca_ucfcrime:Train:Burglary002_x264:92.0	clip	3
uca:video_duration_bin:0093	uca_ucfcrime:Train:Burglary009_x264:24.9	clip	3
uca:video_duration_bin:0093	uca_ucfcrime:Train:Burglary013_x264:41.4	clip	3
uca:video_duration_bin:0093	uca_ucfcrime:Train:Burglary014_x264:2.3	clip	3
uca:video_duration_bin:0093	uca_ucfcrime:Train:Burglary014_x264:20.2	clip	3
uca:video_duration_bin:0093	uca_ucfcrime:Train:Burglary022_x264:11.9	clip	3
uca:video_duration_bin:0093	uca_ucfcrime:Train:Burglary022_x264:56.4	clip	3
uca:video_duration_bin:0093	uca_ucfcrime:Train:Burglary046_x264:5.0	clip	3
uca:video_duration_bin:0093	uca_ucfcrime:Train:Burglary046_x264:22.6	clip	3
uca:video_duration_bin:0093	uca_ucfcrime:Train:Burglary046_x264:36.5	clip	3
uca:video_duration_bin:0093	uca_ucfcrime:Train:Burglary047_x264:16.6	clip	3
uca:video_duration_bin:0093	uca_ucfcrime:Train:Burglary053_x264:89.7	clip	3
uca:video_duration_bin:0093	uca_ucfcrime:Train:Burglary055_x264:4.7	clip	3
uca:video_duration_bin:0093	uca_ucfcrime:Train:Burglary055_x264:49.4	clip	3
uca:video_duration_bin:0093	uca_ucfcrime:Test:Burglary066_x264:37.5	clip	3
uca:video_duration_bin:0093	uca_ucfcrime:Test:Burglary072_x264:3.6	clip	3
uca:video_duration_bin:0093	uca_ucfcrime:Test:Burglary073_x264:42.8	clip	3
uca:video_duration_bin:0093	uca_ucfcrime:Test:Burglary074_x264:47.8	clip	3
uca:video_duration_bin:0093	uca_ucfcrime:Test:Burglary085_x264:2.5	clip	3
uca:video_duration_bin:0093	uca_ucfcrime:Test:Burglary085_x264:30.0	clip	3
uca:video_duration_bin:0093	uca_ucfcrime:Test:Burglary086_x264:1.8	clip	3
uca:video_duration_bin:0093	uca_ucfcrime:Test:Burglary086_x264:32.2	clip	3
uca:video_duration_bin:0093	uca_ucfcrime:Test:Burglary086_x264:35.7	clip	3
uca:video_duration_bin:0093	uca_ucfcrime:Test:Burglary087_x264:7.8	clip	3
uca:video_duration_bin:0093	uca_ucfcrime:Test:Burglary087_x264:44.0	clip	3
uca:video_duration_bin:0093	uca_ucfcrime:Val:Burglary089_x264:41.9	clip	3
uca:video_duration_bin:0093	uca_ucfcrime:Val:Burglary090_x264:11.8	clip	3
uca:video_duration_bin:0093	uca_ucfcrime:Val:Burglary090_x264:21.2	clip	3
uca:video_duration_bin:0093	uca_ucfcrime:Val:Burglary091_x264:13.7	clip	3
uca:video_duration_bin:0093	uca_ucfcrime:Val:Burglary091_x264:85.0	clip	3
uca:video_duration_bin:0093	uca_ucfcrime:Train:Explosion004_x264:1.1	clip	3
uca:video_duration_bin:0093	uca_ucfcrime:Train:Explosion004_x264:10.1	clip	3
uca:video_duration_bin:0093	uca_ucfcrime:Test:Explosion022_x264:2.5	clip	3
uca:video_duration_bin:0093	uca_ucfcrime:Train:Fighting005_x264:9.9	clip	3
uca:video_duration_bin:0093	uca_ucfcrime:Train:Fighting005_x264:40.3	clip	3
uca:video_duration_bin:0093	uca_ucfcrime:Train:Fighting021_x264:47.4	clip	3
uca:video_duration_bin:0093	uca_ucfcrime:Test:Fighting042_x264:4.1	clip	3
uca:video_duration_bin:0093	uca_ucfcrime:Test:Fighting042_x264:41.7	clip	3
uca:video_duration_bin:0093	uca_ucfcrime:Test:Fighting043_x264:13.3	clip	3
uca:video_duration_bin:0093	uca_ucfcrime:Test:Fighting043_x264:46.8	clip	3
uca:video_duration_bin:0093	uca_ucfcrime:Val:Fighting046_x264:26.3	clip	3
uca:video_duration_bin:0093	uca_ucfcrime:Train:Normal_Videos023_x264:7.5	clip	3
uca:video_duration_bin:0093	uca_ucfcrime:Train:Normal_Videos023_x264:23.4	clip	3
uca:video_duration_bin:0093	uca_ucfcrime:Train:Normal_Videos026_x264:47.7	clip	3
uca:video_duration_bin:0093	uca_ucfcrime:Train:Normal_Videos031_x264:4.2	clip	3
uca:video_duration_bin:0093	uca_ucfcrime:Train:Normal_Videos043_x264:50.5	clip	3
uca:video_duration_bin:0093	uca_ucfcrime:Train:Normal_Videos060_x264:6.7	clip	3
uca:video_duration_bin:0093	uca_ucfcrime:Train:Normal_Videos060_x264:18.3	clip	3
uca:video_duration_bin:0093	uca_ucfcrime:Train:Normal_Videos060_x264:52.9	clip	3
uca:video_duration_bin:0093	uca_ucfcrime:Train:Normal_Videos068_x264:4.2	clip	3
uca:video_duration_bin:0093	uca_ucfcrime:Train:Normal_Videos068_x264:57.3	clip	3
uca:video_duration_bin:0093	uca_ucfcrime:Train:Normal_Videos074_x264:8.8	clip	3
uca:video_duration_bin:0093	uca_ucfcrime:Train:Normal_Videos075_x264:40.2	clip	3
uca:video_duration_bin:0093	uca_ucfcrime:Train:Normal_Videos076_x264:35.3	clip	3
uca:video_duration_bin:0093	uca_ucfcrime:Train:Normal_Videos078_x264:29.3	clip	3
uca:video_duration_bin:0093	uca_ucfcrime:Train:Normal_Videos088_x264:23.5	clip	3
uca:video_duration_bin:0093	uca_ucfcrime:Train:Normal_Videos092_x264:36.9	clip	3
uca:video_duration_bin:0093	uca_ucfcrime:Train:Normal_Videos093_x264:5.7	clip	3
uca:video_duration_bin:0093	uca_ucfcrime:Train:Normal_Videos093_x264:45.6	clip	3
uca:video_duration_bin:0093	uca_ucfcrime:Train:Normal_Videos106_x264:44.7	clip	3
uca:video_duration_bin:0093	uca_ucfcrime:Train:Normal_Videos106_x264:51.9	clip	3
uca:video_duration_bin:0093	uca_ucfcrime:Train:Normal_Videos107_x264:105.5	clip	3
uca:video_duration_bin:0093	uca_ucfcrime:Train:Normal_Videos128_x264:35.6	clip	3
uca:video_duration_bin:0093	uca_ucfcrime:Train:Normal_Videos128_x264:42.7	clip	3
uca:video_duration_bin:0093	uca_ucfcrime:Train:Normal_Videos131_x264:5.1	clip	3
uca:video_duration_bin:0093	uca_ucfcrime:Train:Normal_Videos131_x264:27.2	clip	3
uca:video_duration_bin:0093	uca_ucfcrime:Train:Normal_Videos131_x264:36.8	clip	3
uca:video_duration_bin:0093	uca_ucfcrime:Train:Normal_Videos131_x264:59.7	clip	3
uca:video_duration_bin:0093	uca_ucfcrime:Train:Normal_Videos191_x264:6.2	clip	3
uca:video_duration_bin:0093	uca_ucfcrime:Train:Normal_Videos197_x264:44.6	clip	3
uca:video_duration_bin:0093	uca_ucfcrime:Train:Normal_Videos198_x264:71.7	clip	3
uca:video_duration_bin:0093	uca_ucfcrime:Train:Normal_Videos201_x264:89.5	clip	3
uca:video_duration_bin:0093	uca_ucfcrime:Train:Normal_Videos207_x264:85.2	clip	3
uca:video_duration_bin:0093	uca_ucfcrime:Train:Normal_Videos208_x264:19.7	clip	3
uca:video_duration_bin:0093	uca_ucfcrime:Train:Normal_Videos235_x264:36.0	clip	3
uca:video_duration_bin:0093	uca_ucfcrime:Train:Normal_Videos235_x264:68.2	clip	3
uca:video_duration_bin:0093	uca_ucfcrime:Train:Normal_Videos261_x264:55.1	clip	3
uca:video_duration_bin:0093	uca_ucfcrime:Train:Normal_Videos287_x264:40.6	clip	3
uca:video_duration_bin:0093	uca_ucfcrime:Train:Normal_Videos322_x264:8.8	clip	3
uca:video_duration_bin:0093	uca_ucfcrime:Train:Normal_Videos347_x264:1.0	clip	3
uca:video_duration_bin:0093	uca_ucfcrime:Train:Normal_Videos358_x264:9.0	clip	3
uca:video_duration_bin:0093	uca_ucfcrime:Train:Normal_Videos358_x264:61.1	clip	3
uca:video_duration_bin:0093	uca_ucfcrime:Train:Normal_Videos394_x264:15.2	clip	3
uca:video_duration_bin:0093	uca_ucfcrime:Train:Normal_Videos394_x264:39.0	clip	3
uca:video_duration_bin:0093	uca_ucfcrime:Train:Normal_Videos394_x264:54.0	clip	3
uca:video_duration_bin:0093	uca_ucfcrime:Train:Normal_Videos404_x264:18.0	clip	3
uca:video_duration_bin:0093	uca_ucfcrime:Train:Normal_Videos413_x264:17.6	clip	3
uca:video_duration_bin:0093	uca_ucfcrime:Train:Normal_Videos413_x264:75.5	clip	3
uca:video_duration_bin:0093	uca_ucfcrime:Train:Normal_Videos432_x264:32.7	clip	3
uca:video_duration_bin:0093	uca_ucfcrime:Train:Normal_Videos443_x264:19.4	clip	3
uca:video_duration_bin:0093	uca_ucfcrime:Test:Normal_Videos554_x264:64.6	clip	3
uca:video_duration_bin:0093	uca_ucfcrime:Test:Normal_Videos586_x264:23.7	clip	3
uca:video_duration_bin:0093	uca_ucfcrime:Test:Normal_Videos586_x264:53.3	clip	3
uca:video_duration_bin:0093	uca_ucfcrime:Test:Normal_Videos618_x264:40.3	clip	3
uca:video_duration_bin:0093	uca_ucfcrime:Val:Normal_Videos640_x264:58.0	clip	3
uca:video_duration_bin:0093	uca_ucfcrime:Val:Normal_Videos643_x264:65.7	clip	3
uca:video_duration_bin:0093	uca_ucfcrime:Val:Normal_Videos643_x264:102.9	clip	3
uca:video_duration_bin:0093	uca_ucfcrime:Val:Normal_Videos673_x264:34.9	clip	3
uca:video_duration_bin:0093	uca_ucfcrime:Val:Normal_Videos673_x264:67.3	clip	3
uca:video_duration_bin:0093	uca_ucfcrime:Val:Normal_Videos697_x264:28.9	clip	3
uca:video_duration_bin:0093	uca_ucfcrime:Val:Normal_Videos699_x264:6.9	clip	3
uca:video_duration_bin:0093	uca_ucfcrime:Val:Normal_Videos763_x264:7.6	clip	3
uca:video_duration_bin:0093	uca_ucfcrime:Val:Normal_Videos763_x264:33.6	clip	3
uca:video_duration_bin:0093	uca_ucfcrime:Val:Normal_Videos763_x264:118.0	clip	3
uca:video_duration_bin:0093	uca_ucfcrime:Val:Normal_Videos771_x264:66.2	clip	3
uca:video_duration_bin:0093	uca_ucfcrime:Val:Normal_Videos775_x264:53.6	clip	3
uca:video_duration_bin:0093	uca_ucfcrime:Val:Normal_Videos811_x264:13.2	clip	3
uca:video_duration_bin:0093	uca_ucfcrime:Val:Normal_Videos833_x264:69.6	clip	3
uca:video_duration_bin:0093	uca_ucfcrime:Val:Normal_Videos848_x264:66.1	clip	3
uca:video_duration_bin:0093	uca_ucfcrime:Val:Normal_Videos849_x264:93.2	clip	3
uca:video_duration_bin:0093	uca_ucfcrime:Val:Normal_Videos851_x264:55.7	clip	3
uca:video_duration_bin:0093	uca_ucfcrime:Val:Normal_Videos948_x264:77.1	clip	3
uca:video_duration_bin:0093	uca_ucfcrime:Train:Normal_Videos_710_x264:37.3	clip	3
uca:video_duration_bin:0093	uca_ucfcrime:Train:Normal_Videos_868_x264:10.3	clip	3
uca:video_duration_bin:0093	uca_ucfcrime:Train:RoadAccidents076_x264:23.1	clip	3
uca:video_duration_bin:0093	uca_ucfcrime:Train:RoadAccidents094_x264:23.0	clip	3
uca:video_duration_bin:0093	uca_ucfcrime:Train:RoadAccidents106_x264:21.8	clip	3
uca:video_duration_bin:0093	uca_ucfcrime:Test:RoadAccidents119_x264:32.7	clip	3
uca:video_duration_bin:0093	uca_ucfcrime:Train:Robbery010_x264:6.7	clip	3
uca:video_duration_bin:0093	uca_ucfcrime:Train:Robbery015_x264:87.7	clip	3
uca:video_duration_bin:0093	uca_ucfcrime:Train:Robbery028_x264:10.2	clip	3
uca:video_duration_bin:0093	uca_ucfcrime:Train:Robbery028_x264:24.7	clip	3
uca:video_duration_bin:0093	uca_ucfcrime:Train:Robbery028_x264:40.5	clip	3
uca:video_duration_bin:0093	uca_ucfcrime:Train:Robbery028_x264:64.0	clip	3
uca:video_duration_bin:0093	uca_ucfcrime:Train:Robbery029_x264:68.8	clip	3
uca:video_duration_bin:0093	uca_ucfcrime:Train:Robbery052_x264:33.2	clip	3
uca:video_duration_bin:0093	uca_ucfcrime:Train:Robbery057_x264:37.3	clip	3
uca:video_duration_bin:0093	uca_ucfcrime:Train:Robbery062_x264:42.9	clip	3
uca:video_duration_bin:0093	uca_ucfcrime:Train:Robbery062_x264:76.3	clip	3
uca:video_duration_bin:0093	uca_ucfcrime:Train:Robbery080_x264:4.2	clip	3
uca:video_duration_bin:0093	uca_ucfcrime:Test:Robbery094_x264:45.8	clip	3
uca:video_duration_bin:0093	uca_ucfcrime:Test:Robbery094_x264:103.2	clip	3
uca:video_duration_bin:0093	uca_ucfcrime:Test:Robbery097_x264:85.3	clip	3
uca:video_duration_bin:0093	uca_ucfcrime:Test:Robbery097_x264:106.4	clip	3
uca:video_duration_bin:0093	uca_ucfcrime:Test:Robbery103_x264:8.0	clip	3
uca:video_duration_bin:0093	uca_ucfcrime:Test:Robbery103_x264:57.8	clip	3
uca:video_duration_bin:0093	uca_ucfcrime:Test:Robbery105_x264:38.1	clip	3
uca:video_duration_bin:0093	uca_ucfcrime:Test:Robbery105_x264:49.3	clip	3
uca:video_duration_bin:0093	uca_ucfcrime:Test:Robbery109_x264:78.5	clip	3
uca:video_duration_bin:0093	uca_ucfcrime:Test:Robbery110_x264:64.9	clip	3
uca:video_duration_bin:0093	uca_ucfcrime:Test:Robbery110_x264:72.9	clip	3
uca:video_duration_bin:0093	uca_ucfcrime:Val:Robbery114_x264:41.2	clip	3
uca:video_duration_bin:0093	uca_ucfcrime:Val:Robbery114_x264:59.6	clip	3
uca:video_duration_bin:0093	uca_ucfcrime:Val:Robbery115_x264:6.0	clip	3
uca:video_duration_bin:0093	uca_ucfcrime:Val:Robbery115_x264:43.2	clip	3
uca:video_duration_bin:0093	uca_ucfcrime:Val:Robbery115_x264:55.0	clip	3
uca:video_duration_bin:0093	uca_ucfcrime:Val:Robbery118_x264:1.4	clip	3
uca:video_duration_bin:0093	uca_ucfcrime:Val:Robbery118_x264:63.8	clip	3
uca:video_duration_bin:0093	uca_ucfcrime:Val:Robbery119_x264:6.8	clip	3
uca:video_duration_bin:0093	uca_ucfcrime:Val:Robbery119_x264:86.9	clip	3
uca:video_duration_bin:0093	uca_ucfcrime:Val:Robbery130_x264:4.2	clip	3
uca:video_duration_bin:0093	uca_ucfcrime:Val:Robbery130_x264:58.1	clip	3
uca:video_duration_bin:0093	uca_ucfcrime:Val:Robbery133_x264:14.8	clip	3
uca:video_duration_bin:0093	uca_ucfcrime:Val:Robbery135_x264:20.8	clip	3
uca:video_duration_bin:0093	uca_ucfcrime:Train:Shooting010_x264:36.7	clip	3
uca:video_duration_bin:0093	uca_ucfcrime:Test:Shooting033_x264:41.8	clip	3
uca:video_duration_bin:0093	uca_ucfcrime:Val:Shooting048_x264:58.0	clip	3
uca:video_duration_bin:0093	uca_ucfcrime:Val:Shooting048_x264:76.8	clip	3
uca:video_duration_bin:0093	uca_ucfcrime:Train:Shoplifting006_x264:71.0	clip	3
uca:video_duration_bin:0093	uca_ucfcrime:Val:Shoplifting049_x264:32.4	clip	3
uca:video_duration_bin:0093	uca_ucfcrime:Train:Stealing014_x264:6.0	clip	3
uca:video_duration_bin:0093	uca_ucfcrime:Train:Stealing016_x264:14.2	clip	3
uca:video_duration_bin:0093	uca_ucfcrime:Train:Stealing016_x264:51.2	clip	3
uca:video_duration_bin:0093	uca_ucfcrime:Train:Stealing017_x264:15.3	clip	3
uca:video_duration_bin:0093	uca_ucfcrime:Train:Stealing018_x264:6.1	clip	3
uca:video_duration_bin:0093	uca_ucfcrime:Train:Stealing018_x264:23.3	clip	3
uca:video_duration_bin:0093	uca_ucfcrime:Train:Stealing026_x264:40.9	clip	3
uca:video_duration_bin:0093	uca_ucfcrime:Train:Stealing028_x264:38.8	clip	3
uca:video_duration_bin:0093	uca_ucfcrime:Train:Stealing028_x264:47.6	clip	3
uca:video_duration_bin:0093	uca_ucfcrime:Train:Stealing044_x264:59.5	clip	3
uca:video_duration_bin:0093	uca_ucfcrime:Train:Stealing050_x264:14.7	clip	3
uca:video_duration_bin:0093	uca_ucfcrime:Train:Stealing051_x264:41.2	clip	3
uca:video_duration_bin:0093	uca_ucfcrime:Train:Stealing052_x264:65.5	clip	3
uca:video_duration_bin:0093	uca_ucfcrime:Train:Stealing059_x264:25.2	clip	3
uca:video_duration_bin:0093	uca_ucfcrime:Train:Stealing059_x264:40.6	clip	3
uca:video_duration_bin:0093	uca_ucfcrime:Train:Stealing074_x264:24.4	clip	3
uca:video_duration_bin:0093	uca_ucfcrime:Train:Stealing074_x264:47.2	clip	3
uca:video_duration_bin:0093	uca_ucfcrime:Train:Vandalism015_x264:2.9	clip	3
uca:video_duration_bin:0093	uca_ucfcrime:Train:Vandalism019_x264:29.5	clip	3
uca:video_duration_bin:0093	uca_ucfcrime:Test:Vandalism034_x264:20.2	clip	3
uca:video_duration_bin:0094	uca_ucfcrime:Train:Abuse001_x264:2.6	clip	3
uca:video_duration_bin:0094	uca_ucfcrime:Train:Abuse017_x264:57.6	clip	3
uca:video_duration_bin:0094	uca_ucfcrime:Train:Abuse018_x264:65.3	clip	3
uca:video_duration_bin:0094	uca_ucfcrime:Train:Abuse033_x264:2.8	clip	3
uca:video_duration_bin:0094	uca_ucfcrime:Train:Abuse033_x264:23.9	clip	3
uca:video_duration_bin:0094	uca_ucfcrime:Val:Abuse048_x264:112.1	clip	3
uca:video_duration_bin:0094	uca_ucfcrime:Train:Arrest001_x264:77.1	clip	3
uca:video_duration_bin:0094	uca_ucfcrime:Train:Arrest005_x264:21.3	clip	3
uca:video_duration_bin:0094	uca_ucfcrime:Train:Arrest007_x264:43.5	clip	3
uca:video_duration_bin:0094	uca_ucfcrime:Train:Arrest007_x264:88.3	clip	3
uca:video_duration_bin:0094	uca_ucfcrime:Train:Arrest010_x264:64.8	clip	3
uca:video_duration_bin:0094	uca_ucfcrime:Train:Arrest038_x264:70.6	clip	3
uca:video_duration_bin:0094	uca_ucfcrime:Train:Arson016_x264:7.1	clip	3
uca:video_duration_bin:0094	uca_ucfcrime:Train:Burglary011_x264:16.8	clip	3
uca:video_duration_bin:0094	uca_ucfcrime:Train:Burglary014_x264:35.2	clip	3
uca:video_duration_bin:0094	uca_ucfcrime:Train:Burglary017_x264:22.0	clip	3
uca:video_duration_bin:0094	uca_ucfcrime:Train:Burglary022_x264:11.9	clip	3
uca:video_duration_bin:0094	uca_ucfcrime:Train:Burglary024_x264:37.9	clip	3
uca:video_duration_bin:0094	uca_ucfcrime:Train:Burglary037_x264:32.2	clip	3
uca:video_duration_bin:0094	uca_ucfcrime:Train:Burglary041_x264:27.0	clip	3
uca:video_duration_bin:0094	uca_ucfcrime:Train:Burglary046_x264:22.6	clip	3
uca:video_duration_bin:0094	uca_ucfcrime:Train:Burglary046_x264:59.6	clip	3
uca:video_duration_bin:0094	uca_ucfcrime:Train:Burglary047_x264:41.4	clip	3
uca:video_duration_bin:0094	uca_ucfcrime:Test:Burglary066_x264:56.4	clip	3
uca:video_duration_bin:0094	uca_ucfcrime:Val:Burglary090_x264:21.2	clip	3
uca:video_duration_bin:0094	uca_ucfcrime:Val:Burglary090_x264:68.0	clip	3
uca:video_duration_bin:0094	uca_ucfcrime:Train:Explosion004_x264:44.1	clip	3
uca:video_duration_bin:0094	uca_ucfcrime:Train:Explosion004_x264:58.7	clip	3
uca:video_duration_bin:0094	uca_ucfcrime:Val:Explosion030_x264:29.6	clip	3
uca:video_duration_bin:0094	uca_ucfcrime:Val:Explosion030_x264:59.9	clip	3
uca:video_duration_bin:0094	uca_ucfcrime:Train:Fighting028_x264:60.0	clip	3
uca:video_duration_bin:0094	uca_ucfcrime:Test:Fighting040_x264:47.8	clip	3
uca:video_duration_bin:0094	uca_ucfcrime:Train:Normal_Videos012_x264:18.8	clip	3
uca:video_duration_bin:0094	uca_ucfcrime:Train:Normal_Videos026_x264:24.4	clip	3
uca:video_duration_bin:0094	uca_ucfcrime:Train:Normal_Videos026_x264:47.7	clip	3
uca:video_duration_bin:0094	uca_ucfcrime:Train:Normal_Videos026_x264:85.3	clip	3
uca:video_duration_bin:0094	uca_ucfcrime:Train:Normal_Videos039_x264:13.1	clip	3
uca:video_duration_bin:0094	uca_ucfcrime:Train:Normal_Videos043_x264:4.6	clip	3
uca:video_duration_bin:0094	uca_ucfcrime:Train:Normal_Videos043_x264:37.9	clip	3
uca:video_duration_bin:0094	uca_ucfcrime:Train:Normal_Videos064_x264:18.2	clip	3
uca:video_duration_bin:0094	uca_ucfcrime:Train:Normal_Videos064_x264:40.8	clip	3
uca:video_duration_bin:0094	uca_ucfcrime:Train:Normal_Videos064_x264:63.8	clip	3
uca:video_duration_bin:0094	uca_ucfcrime:Train:Normal_Videos075_x264:71.2	clip	3
uca:video_duration_bin:0094	uca_ucfcrime:Train:Normal_Videos086_x264:53.9	clip	3
uca:video_duration_bin:0094	uca_ucfcrime:Train:Normal_Videos094_x264:32.2	clip	3
uca:video_duration_bin:0094	uca_ucfcrime:Train:Normal_Videos094_x264:49.6	clip	3
uca:video_duration_bin:0094	uca_ucfcrime:Train:Normal_Videos128_x264:52.3	clip	3
uca:video_duration_bin:0094	uca_ucfcrime:Train:Normal_Videos160_x264:25.5	clip	3
uca:video_duration_bin:0094	uca_ucfcrime:Train:Normal_Videos197_x264:44.6	clip	3
uca:video_duration_bin:0094	uca_ucfcrime:Train:Normal_Videos202_x264:41.5	clip	3
uca:video_duration_bin:0094	uca_ucfcrime:Train:Normal_Videos207_x264:12.8	clip	3
uca:video_duration_bin:0094	uca_ucfcrime:Train:Normal_Videos207_x264:85.2	clip	3
uca:video_duration_bin:0094	uca_ucfcrime:Train:Normal_Videos220_x264:54.5	clip	3
uca:video_duration_bin:0094	uca_ucfcrime:Train:Normal_Videos220_x264:86.6	clip	3
uca:video_duration_bin:0094	uca_ucfcrime:Train:Normal_Videos275_x264:37.5	clip	3
uca:video_duration_bin:0094	uca_ucfcrime:Train:Normal_Videos278_x264:32.0	clip	3
uca:video_duration_bin:0094	uca_ucfcrime:Train:Normal_Videos280_x264:71.7	clip	3
uca:video_duration_bin:0094	uca_ucfcrime:Train:Normal_Videos302_x264:57.0	clip	3
uca:video_duration_bin:0094	uca_ucfcrime:Train:Normal_Videos357_x264:23.6	clip	3
uca:video_duration_bin:0094	uca_ucfcrime:Train:Normal_Videos442_x264:47.7	clip	3
uca:video_duration_bin:0094	uca_ucfcrime:Train:Normal_Videos454_x264:21.1	clip	3
uca:video_duration_bin:0094	uca_ucfcrime:Train:Normal_Videos465_x264:47.1	clip	3
uca:video_duration_bin:0094	uca_ucfcrime:Train:Normal_Videos480_x264:55.5	clip	3
uca:video_duration_bin:0094	uca_ucfcrime:Test:Normal_Videos593_x264:32.1	clip	3
uca:video_duration_bin:0094	uca_ucfcrime:Val:Normal_Videos639_x264:62.9	clip	3
uca:video_duration_bin:0094	uca_ucfcrime:Val:Normal_Videos640_x264:41.6	clip	3
uca:video_duration_bin:0094	uca_ucfcrime:Val:Normal_Videos654_x264:30.6	clip	3
uca:video_duration_bin:0094	uca_ucfcrime:Val:Normal_Videos672_x264:11.3	clip	3
uca:video_duration_bin:0094	uca_ucfcrime:Val:Normal_Videos678_x264:72.3	clip	3
uca:video_duration_bin:0094	uca_ucfcrime:Val:Normal_Videos764_x264:77.6	clip	3
uca:video_duration_bin:0094	uca_ucfcrime:Val:Normal_Videos764_x264:89.6	clip	3
uca:video_duration_bin:0094	uca_ucfcrime:Val:Normal_Videos799_x264:96.9	clip	3
uca:video_duration_bin:0094	uca_ucfcrime:Val:Normal_Videos850_x264:27.1	clip	3
uca:video_duration_bin:0094	uca_ucfcrime:Train:Normal_Videos_019_x264:85.3	clip	3
uca:video_duration_bin:0094	uca_ucfcrime:Train:Normal_Videos_042_x264:96.4	clip	3
uca:video_duration_bin:0094	uca_ucfcrime:Train:Normal_Videos_890_x264:22.6	clip	3
uca:video_duration_bin:0094	uca_ucfcrime:Train:Normal_Videos_891_x264:51.8	clip	3
uca:video_duration_bin:0094	uca_ucfcrime:Train:Normal_Videos_892_x264:55.0	clip	3
uca:video_duration_bin:0094	uca_ucfcrime:Train:RoadAccidents068_x264:22.2	clip	3
uca:video_duration_bin:0094	uca_ucfcrime:Test:RoadAccidents117_x264:18.3	clip	3
uca:video_duration_bin:0094	uca_ucfcrime:Test:RoadAccidents139_x264:67.8	clip	3
uca:video_duration_bin:0094	uca_ucfcrime:Val:RoadAccidents149_x264:13.8	clip	3
uca:video_duration_bin:0094	uca_ucfcrime:Train:Robbery002_x264:34.9	clip	3
uca:video_duration_bin:0094	uca_ucfcrime:Train:Robbery006_x264:103.0	clip	3
uca:video_duration_bin:0094	uca_ucfcrime:Train:Robbery009_x264:65.8	clip	3
uca:video_duration_bin:0094	uca_ucfcrime:Train:Robbery015_x264:10.2	clip	3
uca:video_duration_bin:0094	uca_ucfcrime:Train:Robbery028_x264:40.5	clip	3
uca:video_duration_bin:0094	uca_ucfcrime:Train:Robbery042_x264:5.4	clip	3
uca:video_duration_bin:0094	uca_ucfcrime:Train:Robbery042_x264:14.4	clip	3
uca:video_duration_bin:0094	uca_ucfcrime:Train:Robbery042_x264:68.7	clip	3
uca:video_duration_bin:0094	uca_ucfcrime:Train:Robbery049_x264:39.8	clip	3
uca:video_duration_bin:0094	uca_ucfcrime:Train:Robbery054_x264:23.5	clip	3
uca:video_duration_bin:0094	uca_ucfcrime:Train:Robbery060_x264:43.1	clip	3
uca:video_duration_bin:0094	uca_ucfcrime:Train:Robbery061_x264:102.5	clip	3
uca:video_duration_bin:0094	uca_ucfcrime:Test:Robbery091_x264:45.9	clip	3
uca:video_duration_bin:0094	uca_ucfcrime:Val:Robbery119_x264:50.8	clip	3
uca:video_duration_bin:0094	uca_ucfcrime:Val:Robbery130_x264:58.1	clip	3
uca:video_duration_bin:0094	uca_ucfcrime:Val:Robbery133_x264:5.8	clip	3
uca:video_duration_bin:0094	uca_ucfcrime:Val:Robbery142_x264:19.0	clip	3
uca:video_duration_bin:0094	uca_ucfcrime:Val:Robbery142_x264:66.0	clip	3
uca:video_duration_bin:0094	uca_ucfcrime:Train:Shoplifting006_x264:4.1	clip	3
uca:video_duration_bin:0094	uca_ucfcrime:Train:Shoplifting006_x264:25.8	clip	3
uca:video_duration_bin:0094	uca_ucfcrime:Train:Shoplifting006_x264:58.5	clip	3
uca:video_duration_bin:0094	uca_ucfcrime:Train:Shoplifting010_x264:26.1	clip	3
uca:video_duration_bin:0094	uca_ucfcrime:Train:Shoplifting018_x264:6.7	clip	3
uca:video_duration_bin:0094	uca_ucfcrime:Train:Shoplifting021_x264:3.3	clip	3
uca:video_duration_bin:0094	uca_ucfcrime:Train:Shoplifting022_x264:7.1	clip	3
uca:video_duration_bin:0094	uca_ucfcrime:Train:Shoplifting022_x264:29.0	clip	3
uca:video_duration_bin:0094	uca_ucfcrime:Train:Shoplifting022_x264:38.5	clip	3
uca:video_duration_bin:0094	uca_ucfcrime:Train:Shoplifting025_x264:6.4	clip	3
uca:video_duration_bin:0094	uca_ucfcrime:Train:Shoplifting025_x264:29.5	clip	3
uca:video_duration_bin:0094	uca_ucfcrime:Train:Shoplifting025_x264:48.0	clip	3
uca:video_duration_bin:0094	uca_ucfcrime:Val:Shoplifting047_x264:49.7	clip	3
uca:video_duration_bin:0094	uca_ucfcrime:Val:Shoplifting047_x264:76.7	clip	3
uca:video_duration_bin:0094	uca_ucfcrime:Val:Shoplifting048_x264:6.6	clip	3
uca:video_duration_bin:0094	uca_ucfcrime:Val:Shoplifting050_x264:9.3	clip	3
uca:video_duration_bin:0094	uca_ucfcrime:Val:Shoplifting050_x264:73.6	clip	3
uca:video_duration_bin:0094	uca_ucfcrime:Train:Stealing002_x264:86.2	clip	3
uca:video_duration_bin:0094	uca_ucfcrime:Train:Stealing010_x264:90.0	clip	3
uca:video_duration_bin:0094	uca_ucfcrime:Train:Stealing011_x264:57.8	clip	3
uca:video_duration_bin:0094	uca_ucfcrime:Train:Stealing012_x264:37.0	clip	3
uca:video_duration_bin:0094	uca_ucfcrime:Train:Stealing015_x264:38.8	clip	3
uca:video_duration_bin:0094	uca_ucfcrime:Train:Stealing022_x264:26.3	clip	3
uca:video_duration_bin:0094	uca_ucfcrime:Train:Stealing024_x264:2.2	clip	3
uca:video_duration_bin:0094	uca_ucfcrime:Train:Stealing024_x264:12.6	clip	3
uca:video_duration_bin:0094	uca_ucfcrime:Train:Stealing026_x264:40.9	clip	3
uca:video_duration_bin:0094	uca_ucfcrime:Train:Stealing026_x264:67.0	clip	3
uca:video_duration_bin:0094	uca_ucfcrime:Train:Stealing026_x264:74.8	clip	3
uca:video_duration_bin:0094	uca_ucfcrime:Train:Stealing027_x264:6.2	clip	3
uca:video_duration_bin:0094	uca_ucfcrime:Train:Stealing036_x264:12.7	clip	3
uca:video_duration_bin:0094	uca_ucfcrime:Train:Stealing052_x264:15.2	clip	3
uca:video_duration_bin:0094	uca_ucfcrime:Train:Stealing054_x264:61.4	clip	3
uca:video_duration_bin:0094	uca_ucfcrime:Train:Stealing057_x264:44.4	clip	3
uca:video_duration_bin:0094	uca_ucfcrime:Train:Stealing067_x264:25.4	clip	3
uca:video_duration_bin:0094	uca_ucfcrime:Train:Stealing067_x264:46.3	clip	3
uca:video_duration_bin:0094	uca_ucfcrime:Train:Stealing074_x264:24.4	clip	3
uca:video_duration_bin:0094	uca_ucfcrime:Train:Stealing074_x264:47.2	clip	3
uca:video_duration_bin:0094	uca_ucfcrime:Val:Stealing104_x264:34.7	clip	3
uca:video_duration_bin:0094	uca_ucfcrime:Val:Stealing110_x264:27.6	clip	3
uca:video_duration_bin:0094	uca_ucfcrime:Train:Vandalism002_x264:46.7	clip	3
uca:video_duration_bin:0094	uca_ucfcrime:Train:Vandalism013_x264:53.4	clip	3
uca:video_duration_bin:0094	uca_ucfcrime:Train:Vandalism015_x264:71.8	clip	3
uca:video_duration_bin:0094	uca_ucfcrime:Train:Vandalism019_x264:29.5	clip	3
uca:video_duration_bin:0094	uca_ucfcrime:Train:Vandalism019_x264:48.1	clip	3
uca:video_duration_bin:0094	uca_ucfcrime:Test:Vandalism034_x264:33.9	clip	3
uca:video_duration_bin:0094	uca_ucfcrime:Test:Vandalism038_x264:15.5	clip	3
uca:video_duration_bin:0095	uca_ucfcrime:Test:Abuse037_x264:53.8	clip	3
uca:video_duration_bin:0095	uca_ucfcrime:Train:Arrest028_x264:3.2	clip	3
uca:video_duration_bin:0095	uca_ucfcrime:Train:Arrest028_x264:81.1	clip	3
uca:video_duration_bin:0095	uca_ucfcrime:Test:Arrest044_x264:89.0	clip	3
uca:video_duration_bin:0095	uca_ucfcrime:Train:Arson006_x264:12.3	clip	3
uca:video_duration_bin:0095	uca_ucfcrime:Train:Assault017_x264:37.1	clip	3
uca:video_duration_bin:0095	uca_ucfcrime:Test:Assault030_x264:4.5	clip	3
uca:video_duration_bin:0095	uca_ucfcrime:Test:Assault030_x264:52.8	clip	3
uca:video_duration_bin:0095	uca_ucfcrime:Train:Burglary002_x264:7.5	clip	3
uca:video_duration_bin:0095	uca_ucfcrime:Train:Burglary011_x264:19.6	clip	3
uca:video_duration_bin:0095	uca_ucfcrime:Train:Burglary013_x264:13.2	clip	3
uca:video_duration_bin:0095	uca_ucfcrime:Train:Burglary017_x264:36.0	clip	3
uca:video_duration_bin:0095	uca_ucfcrime:Train:Burglary024_x264:7.8	clip	3
uca:video_duration_bin:0095	uca_ucfcrime:Train:Burglary037_x264:11.0	clip	3
uca:video_duration_bin:0095	uca_ucfcrime:Test:Burglary066_x264:56.4	clip	3
uca:video_duration_bin:0095	uca_ucfcrime:Test:Burglary069_x264:2.8	clip	3
uca:video_duration_bin:0095	uca_ucfcrime:Test:Burglary074_x264:13.2	clip	3
uca:video_duration_bin:0095	uca_ucfcrime:Test:Burglary087_x264:7.8	clip	3
uca:video_duration_bin:0095	uca_ucfcrime:Test:Burglary087_x264:36.0	clip	3
uca:video_duration_bin:0095	uca_ucfcrime:Test:Burglary087_x264:68.6	clip	3
uca:video_duration_bin:0095	uca_ucfcrime:Val:Burglary091_x264:13.7	clip	3
uca:video_duration_bin:0095	uca_ucfcrime:Train:Normal_Videos008_x264:33.3	clip	3
uca:video_duration_bin:0095	uca_ucfcrime:Train:Normal_Videos012_x264:18.8	clip	3
uca:video_duration_bin:0095	uca_ucfcrime:Train:Normal_Videos021_x264:1.6	clip	3
uca:video_duration_bin:0095	uca_ucfcrime:Train:Normal_Videos026_x264:1.6	clip	3
uca:video_duration_bin:0095	uca_ucfcrime:Train:Normal_Videos031_x264:41.0	clip	3
uca:video_duration_bin:0095	uca_ucfcrime:Train:Normal_Videos131_x264:36.8	clip	3
uca:video_duration_bin:0095	uca_ucfcrime:Train:Normal_Videos197_x264:51.1	clip	3
uca:video_duration_bin:0095	uca_ucfcrime:Train:Normal_Videos197_x264:78.2	clip	3
uca:video_duration_bin:0095	uca_ucfcrime:Train:Normal_Videos201_x264:4.5	clip	3
uca:video_duration_bin:0095	uca_ucfcrime:Train:Normal_Videos207_x264:85.2	clip	3
uca:video_duration_bin:0095	uca_ucfcrime:Train:Normal_Videos208_x264:19.7	clip	3
uca:video_duration_bin:0095	uca_ucfcrime:Train:Normal_Videos216_x264:40.6	clip	3
uca:video_duration_bin:0095	uca_ucfcrime:Train:Normal_Videos219_x264:82.5	clip	3
uca:video_duration_bin:0095	uca_ucfcrime:Train:Normal_Videos235_x264:36.0	clip	3
uca:video_duration_bin:0095	uca_ucfcrime:Train:Normal_Videos236_x264:24.0	clip	3
uca:video_duration_bin:0095	uca_ucfcrime:Train:Normal_Videos236_x264:37.1	clip	3
uca:video_duration_bin:0095	uca_ucfcrime:Train:Normal_Videos238_x264:59.5	clip	3
uca:video_duration_bin:0095	uca_ucfcrime:Train:Normal_Videos238_x264:93.2	clip	3
uca:video_duration_bin:0095	uca_ucfcrime:Train:Normal_Videos241_x264:69.5	clip	3
uca:video_duration_bin:0095	uca_ucfcrime:Train:Normal_Videos250_x264:40.5	clip	3
uca:video_duration_bin:0095	uca_ucfcrime:Train:Normal_Videos288_x264:58.5	clip	3
uca:video_duration_bin:0095	uca_ucfcrime:Train:Normal_Videos347_x264:1.0	clip	3
uca:video_duration_bin:0095	uca_ucfcrime:Train:Normal_Videos347_x264:56.6	clip	3
uca:video_duration_bin:0095	uca_ucfcrime:Train:Normal_Videos354_x264:5.0	clip	3
uca:video_duration_bin:0095	uca_ucfcrime:Train:Normal_Videos421_x264:78.9	clip	3
uca:video_duration_bin:0095	uca_ucfcrime:Train:Normal_Videos454_x264:21.1	clip	3
uca:video_duration_bin:0095	uca_ucfcrime:Train:Normal_Videos461_x264:58.9	clip	3
uca:video_duration_bin:0095	uca_ucfcrime:Train:Normal_Videos465_x264:88.1	clip	3
uca:video_duration_bin:0095	uca_ucfcrime:Train:Normal_Videos480_x264:55.5	clip	3
uca:video_duration_bin:0095	uca_ucfcrime:Train:Normal_Videos499_x264:62.1	clip	3
uca:video_duration_bin:0095	uca_ucfcrime:Test:Normal_Videos554_x264:64.6	clip	3
uca:video_duration_bin:0095	uca_ucfcrime:Test:Normal_Videos586_x264:23.7	clip	3
uca:video_duration_bin:0095	uca_ucfcrime:Test:Normal_Videos592_x264:11.6	clip	3
uca:video_duration_bin:0095	uca_ucfcrime:Test:Normal_Videos622_x264:20.4	clip	3
uca:video_duration_bin:0095	uca_ucfcrime:Test:Normal_Videos622_x264:75.8	clip	3
uca:video_duration_bin:0095	uca_ucfcrime:Val:Normal_Videos647_x264:65.7	clip	3
uca:video_duration_bin:0095	uca_ucfcrime:Val:Normal_Videos652_x264:96.8	clip	3
uca:video_duration_bin:0095	uca_ucfcrime:Val:Normal_Videos654_x264:1.1	clip	3
uca:video_duration_bin:0095	uca_ucfcrime:Val:Normal_Videos707_x264:30.1	clip	3
uca:video_duration_bin:0095	uca_ucfcrime:Val:Normal_Videos712_x264:45.8	clip	3
uca:video_duration_bin:0095	uca_ucfcrime:Val:Normal_Videos721_x264:17.5	clip	3
uca:video_duration_bin:0095	uca_ucfcrime:Val:Normal_Videos774_x264:53.8	clip	3
uca:video_duration_bin:0095	uca_ucfcrime:Val:Normal_Videos775_x264:14.2	clip	3
uca:video_duration_bin:0095	uca_ucfcrime:Val:Normal_Videos775_x264:38.6	clip	3
uca:video_duration_bin:0095	uca_ucfcrime:Val:Normal_Videos791_x264:114.7	clip	3
uca:video_duration_bin:0095	uca_ucfcrime:Val:Normal_Videos821_x264:10.2	clip	3
uca:video_duration_bin:0095	uca_ucfcrime:Val:Normal_Videos821_x264:74.2	clip	3
uca:video_duration_bin:0095	uca_ucfcrime:Val:Normal_Videos848_x264:66.1	clip	3
uca:video_duration_bin:0095	uca_ucfcrime:Train:Normal_Videos_019_x264:85.3	clip	3
uca:video_duration_bin:0095	uca_ucfcrime:Train:Normal_Videos_051_x264:12.0	clip	3
uca:video_duration_bin:0095	uca_ucfcrime:Train:Normal_Videos_051_x264:45.1	clip	3
uca:video_duration_bin:0095	uca_ucfcrime:Train:Normal_Videos_217_x264:47.5	clip	3
uca:video_duration_bin:0095	uca_ucfcrime:Train:Normal_Videos_597_x264:61.2	clip	3
uca:video_duration_bin:0095	uca_ucfcrime:Test:Normal_Videos_932_x264:5.3	clip	3
uca:video_duration_bin:0095	uca_ucfcrime:Train:Robbery013_x264:118.5	clip	3
uca:video_duration_bin:0095	uca_ucfcrime:Train:Robbery045_x264:74.2	clip	3
uca:video_duration_bin:0095	uca_ucfcrime:Train:Robbery052_x264:33.2	clip	3
uca:video_duration_bin:0095	uca_ucfcrime:Train:Robbery052_x264:79.7	clip	3
uca:video_duration_bin:0095	uca_ucfcrime:Train:Robbery054_x264:9.6	clip	3
uca:video_duration_bin:0095	uca_ucfcrime:Train:Robbery056_x264:88.5	clip	3
uca:video_duration_bin:0095	uca_ucfcrime:Train:Robbery057_x264:13.9	clip	3
uca:video_duration_bin:0095	uca_ucfcrime:Train:Robbery057_x264:50.0	clip	3
uca:video_duration_bin:0095	uca_ucfcrime:Train:Robbery058_x264:55.3	clip	3
uca:video_duration_bin:0095	uca_ucfcrime:Train:Robbery062_x264:4.7	clip	3
uca:video_duration_bin:0095	uca_ucfcrime:Train:Robbery062_x264:113.8	clip	3
uca:video_duration_bin:0095	uca_ucfcrime:Train:Robbery075_x264:4.0	clip	3
uca:video_duration_bin:0095	uca_ucfcrime:Train:Robbery078_x264:12.9	clip	3
uca:video_duration_bin:0095	uca_ucfcrime:Test:Robbery094_x264:1.2	clip	3
uca:video_duration_bin:0095	uca_ucfcrime:Test:Robbery103_x264:8.0	clip	3
uca:video_duration_bin:0095	uca_ucfcrime:Val:Robbery114_x264:59.6	clip	3
uca:video_duration_bin:0095	uca_ucfcrime:Val:Robbery117_x264:6.1	clip	3
uca:video_duration_bin:0095	uca_ucfcrime:Val:Robbery117_x264:106.4	clip	3
uca:video_duration_bin:0095	uca_ucfcrime:Val:Robbery118_x264:1.4	clip	3
uca:video_duration_bin:0095	uca_ucfcrime:Val:Robbery119_x264:86.9	clip	3
uca:video_duration_bin:0095	uca_ucfcrime:Train:Shooting010_x264:36.7	clip	3
uca:video_duration_bin:0095	uca_ucfcrime:Train:Shooting031_x264:36.8	clip	3
uca:video_duration_bin:0095	uca_ucfcrime:Train:Shoplifting005_x264:5.2	clip	3
uca:video_duration_bin:0095	uca_ucfcrime:Train:Shoplifting022_x264:7.1	clip	3
uca:video_duration_bin:0095	uca_ucfcrime:Val:Shoplifting047_x264:6.3	clip	3
uca:video_duration_bin:0095	uca_ucfcrime:Train:Stealing018_x264:42.5	clip	3
uca:video_duration_bin:0095	uca_ucfcrime:Train:Stealing044_x264:17.1	clip	3
uca:video_duration_bin:0095	uca_ucfcrime:Train:Stealing050_x264:14.7	clip	3
uca:video_duration_bin:0095	uca_ucfcrime:Train:Stealing050_x264:52.6	clip	3
uca:video_duration_bin:0095	uca_ucfcrime:Train:Stealing054_x264:31.0	clip	3
uca:video_duration_bin:0095	uca_ucfcrime:Train:Stealing057_x264:44.4	clip	3
uca:video_duration_bin:0095	uca_ucfcrime:Train:Stealing061_x264:69.5	clip	3
uca:video_duration_bin:0095	uca_ucfcrime:Val:Stealing098_x264:42.1	clip	3
uca:video_duration_bin:0095	uca_ucfcrime:Val:Stealing098_x264:63.3	clip	3
uca:video_duration_bin:0096	uca_ucfcrime:Train:Abuse024_x264:23.4	clip	3
uca:video_duration_bin:0096	uca_ucfcrime:Train:Arrest022_x264:25.4	clip	3
uca:video_duration_bin:0096	uca_ucfcrime:Train:Arrest027_x264:32.2	clip	3
uca:video_duration_bin:0096	uca_ucfcrime:Train:Assault012_x264:20.5	clip	3
uca:video_duration_bin:0096	uca_ucfcrime:Train:Assault023_x264:29.5	clip	3
uca:video_duration_bin:0096	uca_ucfcrime:Train:Assault025_x264:32.4	clip	3
uca:video_duration_bin:0096	uca_ucfcrime:Val:Assault051_x264:14.1	clip	3
uca:video_duration_bin:0096	uca_ucfcrime:Test:Burglary080_x264:5.0	clip	3
uca:video_duration_bin:0096	uca_ucfcrime:Test:Explosion020_x264:3.6	clip	3
uca:video_duration_bin:0096	uca_ucfcrime:Test:Explosion021_x264:6.9	clip	3
uca:video_duration_bin:0096	uca_ucfcrime:Val:Explosion039_x264:17.6	clip	3
uca:video_duration_bin:0096	uca_ucfcrime:Train:Fighting018_x264:28.3	clip	3
uca:video_duration_bin:0096	uca_ucfcrime:Train:Fighting033_x264:22.7	clip	3
uca:video_duration_bin:0096	uca_ucfcrime:Train:RoadAccidents003_x264:11.9	clip	3
uca:video_duration_bin:0096	uca_ucfcrime:Train:RoadAccidents019_x264:37.2	clip	3
uca:video_duration_bin:0096	uca_ucfcrime:Train:RoadAccidents053_x264:4.5	clip	3
uca:video_duration_bin:0096	uca_ucfcrime:Train:RoadAccidents066_x264:47.8	clip	3
uca:video_duration_bin:0096	uca_ucfcrime:Train:RoadAccidents077_x264:5.9	clip	3
uca:video_duration_bin:0096	uca_ucfcrime:Test:RoadAccidents133_x264:18.6	clip	3
uca:video_duration_bin:0096	uca_ucfcrime:Test:RoadAccidents135_x264:22.9	clip	3
uca:video_duration_bin:0096	uca_ucfcrime:Test:RoadAccidents137_x264:9.1	clip	3
uca:video_duration_bin:0096	uca_ucfcrime:Test:RoadAccidents143_x264:8.3	clip	3
uca:video_duration_bin:0096	uca_ucfcrime:Val:Robbery113_x264:13.0	clip	3
uca:video_duration_bin:0096	uca_ucfcrime:Train:Shooting021_x264:38.2	clip	3
uca:video_duration_bin:0096	uca_ucfcrime:Test:Shooting042_x264:37.9	clip	3
uca:video_duration_bin:0096	uca_ucfcrime:Val:Shooting054_x264:14.2	clip	3
uca:video_duration_bin:0096	uca_ucfcrime:Train:Vandalism017_x264:14.0	clip	3
uca:video_duration_bin:0096	uca_ucfcrime:Train:Vandalism020_x264:26.6	clip	3
uca:video_duration_bin:0097	uca_ucfcrime:Train:Abuse009_x264:19.2	clip	3
uca:video_duration_bin:0097	uca_ucfcrime:Train:Abuse023_x264:4.8	clip	3
uca:video_duration_bin:0097	uca_ucfcrime:Train:Abuse024_x264:27.5	clip	3
uca:video_duration_bin:0097	uca_ucfcrime:Train:Abuse028_x264:3.7	clip	3
uca:video_duration_bin:0097	uca_ucfcrime:Test:Abuse038_x264:5.4	clip	3
uca:video_duration_bin:0097	uca_ucfcrime:Val:Abuse046_x264:7.4	clip	3
uca:video_duration_bin:0097	uca_ucfcrime:Val:Abuse046_x264:17.9	clip	3
uca:video_duration_bin:0097	uca_ucfcrime:Val:Abuse047_x264:5.4	clip	3
uca:video_duration_bin:0097	uca_ucfcrime:Val:Abuse047_x264:19.6	clip	3
uca:video_duration_bin:0097	uca_ucfcrime:Val:Abuse047_x264:39.0	clip	3
uca:video_duration_bin:0097	uca_ucfcrime:Train:Arrest015_x264:14.6	clip	3
uca:video_duration_bin:0097	uca_ucfcrime:Train:Arrest022_x264:25.4	clip	3
uca:video_duration_bin:0097	uca_ucfcrime:Test:Arson037_x264:13.2	clip	3
uca:video_duration_bin:0097	uca_ucfcrime:Train:Assault005_x264:37.8	clip	3
uca:video_duration_bin:0097	uca_ucfcrime:Train:Assault018_x264:2.3	clip	3
uca:video_duration_bin:0097	uca_ucfcrime:Train:Assault020_x264:4.4	clip	3
uca:video_duration_bin:0097	uca_ucfcrime:Train:Assault020_x264:13.5	clip	3
uca:video_duration_bin:0097	uca_ucfcrime:Train:Assault024_x264:4.1	clip	3
uca:video_duration_bin:0097	uca_ucfcrime:Train:Assault025_x264:32.4	clip	3
uca:video_duration_bin:0097	uca_ucfcrime:Train:Assault026_x264:14.1	clip	3
uca:video_duration_bin:0097	uca_ucfcrime:Train:Assault026_x264:23.8	clip	3
uca:video_duration_bin:0097	uca_ucfcrime:Test:Assault029_x264:9.0	clip	3
uca:video_duration_bin:0097	uca_ucfcrime:Test:Assault031_x264:14.1	clip	3
uca:video_duration_bin:0097	uca_ucfcrime:Test:Assault033_x264:33.8	clip	3
uca:video_duration_bin:0097	uca_ucfcrime:Test:Assault035_x264:10.8	clip	3
uca:video_duration_bin:0097	uca_ucfcrime:Test:Assault036_x264:2.4	clip	3
uca:video_duration_bin:0097	uca_ucfcrime:Test:Assault036_x264:16.9	clip	3
uca:video_duration_bin:0097	uca_ucfcrime:Test:Assault038_x264:3.0	clip	3
uca:video_duration_bin:0097	uca_ucfcrime:Test:Assault039_x264:6.6	clip	3
uca:video_duration_bin:0097	uca_ucfcrime:Val:Assault044_x264:9.2	clip	3
uca:video_duration_bin:0097	uca_ucfcrime:Val:Assault049_x264:16.7	clip	3
uca:video_duration_bin:0097	uca_ucfcrime:Val:Assault050_x264:10.8	clip	3
uca:video_duration_bin:0097	uca_ucfcrime:Val:Assault050_x264:16.3	clip	3
uca:video_duration_bin:0097	uca_ucfcrime:Val:Assault052_x264:13.8	clip	3
uca:video_duration_bin:0097	uca_ucfcrime:Train:Burglary021_x264:4.7	clip	3
uca:video_duration_bin:0097	uca_ucfcrime:Train:Explosion005_x264:9.7	clip	3
uca:video_duration_bin:0097	uca_ucfcrime:Test:Explosion011_x264:30.7	clip	3
uca:video_duration_bin:0097	uca_ucfcrime:Test:Explosion014_x264:25.6	clip	3
uca:video_duration_bin:0097	uca_ucfcrime:Test:Explosion020_x264:32.6	clip	3
uca:video_duration_bin:0097	uca_ucfcrime:Test:Explosion027_x264:5.7	clip	3
uca:video_duration_bin:0097	uca_ucfcrime:Train:Fighting012_x264:6.0	clip	3
uca:video_duration_bin:0097	uca_ucfcrime:Train:Fighting013_x264:1.6	clip	3
uca:video_duration_bin:0097	uca_ucfcrime:Train:Fighting018_x264:7.4	clip	3
uca:video_duration_bin:0097	uca_ucfcrime:Train:Fighting018_x264:9.9	clip	3
uca:video_duration_bin:0097	uca_ucfcrime:Train:Fighting035_x264:11.9	clip	3
uca:video_duration_bin:0097	uca_ucfcrime:Train:Fighting038_x264:16.6	clip	3
uca:video_duration_bin:0097	uca_ucfcrime:Val:Fighting049_x264:6.3	clip	3
uca:video_duration_bin:0097	uca_ucfcrime:Train:Normal_Videos419_x264:23.6	clip	3
uca:video_duration_bin:0097	uca_ucfcrime:Train:RoadAccidents002_x264:10.1	clip	3
uca:video_duration_bin:0097	uca_ucfcrime:Train:RoadAccidents005_x264:3.5	clip	3
uca:video_duration_bin:0097	uca_ucfcrime:Train:RoadAccidents006_x264:34.2	clip	3
uca:video_duration_bin:0097	uca_ucfcrime:Train:RoadAccidents008_x264:8.9	clip	3
uca:video_duration_bin:0097	uca_ucfcrime:Train:RoadAccidents008_x264:16.0	clip	3
uca:video_duration_bin:0097	uca_ucfcrime:Train:RoadAccidents009_x264:13.1	clip	3
uca:video_duration_bin:0097	uca_ucfcrime:Train:RoadAccidents010_x264:11.6	clip	3
uca:video_duration_bin:0097	uca_ucfcrime:Train:RoadAccidents012_x264:11.9	clip	3
uca:video_duration_bin:0097	uca_ucfcrime:Train:RoadAccidents018_x264:13.1	clip	3
uca:video_duration_bin:0097	uca_ucfcrime:Train:RoadAccidents019_x264:27.5	clip	3
uca:video_duration_bin:0097	uca_ucfcrime:Train:RoadAccidents022_x264:5.9	clip	3
uca:video_duration_bin:0097	uca_ucfcrime:Train:RoadAccidents025_x264:16.1	clip	3
uca:video_duration_bin:0097	uca_ucfcrime:Train:RoadAccidents026_x264:16.1	clip	3
uca:video_duration_bin:0097	uca_ucfcrime:Train:RoadAccidents028_x264:9.2	clip	3
uca:video_duration_bin:0097	uca_ucfcrime:Train:RoadAccidents028_x264:16.6	clip	3
uca:video_duration_bin:0097	uca_ucfcrime:Train:RoadAccidents029_x264:1.0	clip	3
uca:video_duration_bin:0097	uca_ucfcrime:Train:RoadAccidents030_x264:29.9	clip	3
uca:video_duration_bin:0097	uca_ucfcrime:Train:RoadAccidents033_x264:14.0	clip	3
uca:video_duration_bin:0097	uca_ucfcrime:Train:RoadAccidents035_x264:4.6	clip	3
uca:video_duration_bin:0097	uca_ucfcrime:Train:RoadAccidents036_x264:4.2	clip	3
uca:video_duration_bin:0097	uca_ucfcrime:Train:RoadAccidents038_x264:3.0	clip	3
uca:video_duration_bin:0097	uca_ucfcrime:Train:RoadAccidents039_x264:2.5	clip	3
uca:video_duration_bin:0097	uca_ucfcrime:Train:RoadAccidents042_x264:17.2	clip	3
uca:video_duration_bin:0097	uca_ucfcrime:Train:RoadAccidents051_x264:7.9	clip	3
uca:video_duration_bin:0097	uca_ucfcrime:Train:RoadAccidents052_x264:5.9	clip	3
uca:video_duration_bin:0097	uca_ucfcrime:Train:RoadAccidents053_x264:15.7	clip	3
uca:video_duration_bin:0097	uca_ucfcrime:Train:RoadAccidents056_x264:10.2	clip	3
uca:video_duration_bin:0097	uca_ucfcrime:Train:RoadAccidents058_x264:14.3	clip	3
uca:video_duration_bin:0097	uca_ucfcrime:Train:RoadAccidents061_x264:5.9	clip	3
uca:video_duration_bin:0097	uca_ucfcrime:Train:RoadAccidents065_x264:1.8	clip	3
uca:video_duration_bin:0097	uca_ucfcrime:Train:RoadAccidents066_x264:6.5	clip	3
uca:video_duration_bin:0097	uca_ucfcrime:Train:RoadAccidents070_x264:11.2	clip	3
uca:video_duration_bin:0097	uca_ucfcrime:Train:RoadAccidents071_x264:7.2	clip	3
uca:video_duration_bin:0097	uca_ucfcrime:Train:RoadAccidents079_x264:5.1	clip	3
uca:video_duration_bin:0097	uca_ucfcrime:Train:RoadAccidents083_x264:16.6	clip	3
uca:video_duration_bin:0097	uca_ucfcrime:Train:RoadAccidents084_x264:22.2	clip	3
uca:video_duration_bin:0097	uca_ucfcrime:Train:RoadAccidents086_x264:8.3	clip	3
uca:video_duration_bin:0097	uca_ucfcrime:Train:RoadAccidents088_x264:7.7	clip	3
uca:video_duration_bin:0097	uca_ucfcrime:Train:RoadAccidents091_x264:21.9	clip	3
uca:video_duration_bin:0097	uca_ucfcrime:Train:RoadAccidents092_x264:7.8	clip	3
uca:video_duration_bin:0097	uca_ucfcrime:Train:RoadAccidents095_x264:8.4	clip	3
uca:video_duration_bin:0097	uca_ucfcrime:Train:RoadAccidents096_x264:8.2	clip	3
uca:video_duration_bin:0097	uca_ucfcrime:Train:RoadAccidents099_x264:22.8	clip	3
uca:video_duration_bin:0097	uca_ucfcrime:Train:RoadAccidents101_x264:4.3	clip	3
uca:video_duration_bin:0097	uca_ucfcrime:Train:RoadAccidents103_x264:3.3	clip	3
uca:video_duration_bin:0097	uca_ucfcrime:Test:RoadAccidents110_x264:5.7	clip	3
uca:video_duration_bin:0097	uca_ucfcrime:Test:RoadAccidents114_x264:17.4	clip	3
uca:video_duration_bin:0097	uca_ucfcrime:Test:RoadAccidents116_x264:13.5	clip	3
uca:video_duration_bin:0097	uca_ucfcrime:Test:RoadAccidents118_x264:5.5	clip	3
uca:video_duration_bin:0097	uca_ucfcrime:Test:RoadAccidents118_x264:6.2	clip	3
uca:video_duration_bin:0097	uca_ucfcrime:Test:RoadAccidents124_x264:5.0	clip	3
uca:video_duration_bin:0097	uca_ucfcrime:Test:RoadAccidents124_x264:12.6	clip	3
uca:video_duration_bin:0097	uca_ucfcrime:Test:RoadAccidents124_x264:37.9	clip	3
uca:video_duration_bin:0097	uca_ucfcrime:Test:RoadAccidents128_x264:5.5	clip	3
uca:video_duration_bin:0097	uca_ucfcrime:Test:RoadAccidents129_x264:4.6	clip	3
uca:video_duration_bin:0097	uca_ucfcrime:Test:RoadAccidents130_x264:7.9	clip	3
uca:video_duration_bin:0097	uca_ucfcrime:Test:RoadAccidents134_x264:4.6	clip	3
uca:video_duration_bin:0097	uca_ucfcrime:Test:RoadAccidents135_x264:35.1	clip	3
uca:video_duration_bin:0097	uca_ucfcrime:Test:RoadAccidents138_x264:7.6	clip	3
uca:video_duration_bin:0097	uca_ucfcrime:Val:RoadAccidents150_x264:14.2	clip	3
uca:video_duration_bin:0097	uca_ucfcrime:Train:Robbery077_x264:26.3	clip	3
uca:video_duration_bin:0097	uca_ucfcrime:Test:Robbery108_x264:20.9	clip	3
uca:video_duration_bin:0097	uca_ucfcrime:Val:Robbery127_x264:19.5	clip	3
uca:video_duration_bin:0097	uca_ucfcrime:Val:Robbery136_x264:14.8	clip	3
uca:video_duration_bin:0097	uca_ucfcrime:Val:Robbery138_x264:6.8	clip	3
uca:video_duration_bin:0097	uca_ucfcrime:Val:Robbery146_x264:22.8	clip	3
uca:video_duration_bin:0097	uca_ucfcrime:Val:Robbery146_x264:48.5	clip	3
uca:video_duration_bin:0097	uca_ucfcrime:Val:Robbery149_x264:14.6	clip	3
uca:video_duration_bin:0097	uca_ucfcrime:Train:Shooting002_x264:37.1	clip	3
uca:video_duration_bin:0097	uca_ucfcrime:Train:Shooting030_x264:16.5	clip	3
uca:video_duration_bin:0097	uca_ucfcrime:Test:Shooting042_x264:24.1	clip	3
uca:video_duration_bin:0097	uca_ucfcrime:Train:Shoplifting033_x264:5.5	clip	3
uca:video_duration_bin:0097	uca_ucfcrime:Train:Vandalism006_x264:5.2	clip	3
uca:video_duration_bin:0097	uca_ucfcrime:Train:Vandalism006_x264:20.6	clip	3
uca:video_duration_bin:0097	uca_ucfcrime:Train:Vandalism009_x264:17.6	clip	3
uca:video_duration_bin:0097	uca_ucfcrime:Train:Vandalism009_x264:23.8	clip	3
uca:video_duration_bin:0097	uca_ucfcrime:Train:Vandalism030_x264:4.5	clip	3
uca:video_duration_bin:0097	uca_ucfcrime:Train:Vandalism030_x264:20.6	clip	3
uca:video_duration_bin:0097	uca_ucfcrime:Train:Vandalism030_x264:28.8	clip	3
uca:video_duration_bin:0097	uca_ucfcrime:Test:Vandalism032_x264:9.7	clip	3
uca:video_duration_bin:0098	uca_ucfcrime:Train:Arson005_x264:30.8	clip	3
uca:video_duration_bin:0098	uca_ucfcrime:Train:Arson008_x264:14.7	clip	3
uca:video_duration_bin:0098	uca_ucfcrime:Train:Arson008_x264:32.2	clip	3
uca:video_duration_bin:0098	uca_ucfcrime:Train:Arson009_x264:9.1	clip	3
uca:video_duration_bin:0098	uca_ucfcrime:Train:Arson009_x264:16.6	clip	3
uca:video_duration_bin:0098	uca_ucfcrime:Train:Arson012_x264:3.5	clip	3
uca:video_duration_bin:0098	uca_ucfcrime:Train:Arson012_x264:11.6	clip	3
uca:video_duration_bin:0098	uca_ucfcrime:Train:Arson012_x264:20.0	clip	3
uca:video_duration_bin:0098	uca_ucfcrime:Train:Arson017_x264:36.7	clip	3
uca:video_duration_bin:0098	uca_ucfcrime:Train:Arson018_x264:15.6	clip	3
uca:video_duration_bin:0098	uca_ucfcrime:Test:Arson021_x264:33.6	clip	3
uca:video_duration_bin:0098	uca_ucfcrime:Test:Arson021_x264:42.1	clip	3
uca:video_duration_bin:0098	uca_ucfcrime:Test:Arson023_x264:43.1	clip	3
uca:video_duration_bin:0098	uca_ucfcrime:Test:Arson029_x264:19.1	clip	3
uca:video_duration_bin:0098	uca_ucfcrime:Test:Arson035_x264:21.2	clip	3
uca:video_duration_bin:0098	uca_ucfcrime:Test:Arson035_x264:34.4	clip	3
uca:video_duration_bin:0098	uca_ucfcrime:Test:Arson036_x264:53.5	clip	3
uca:video_duration_bin:0098	uca_ucfcrime:Test:Arson037_x264:13.2	clip	3
uca:video_duration_bin:0098	uca_ucfcrime:Val:Arson044_x264:7.0	clip	3
uca:video_duration_bin:0098	uca_ucfcrime:Val:Arson044_x264:23.1	clip	3
uca:video_duration_bin:0098	uca_ucfcrime:Val:Arson047_x264:44.2	clip	3
uca:video_duration_bin:0098	uca_ucfcrime:Val:Arson048_x264:4.8	clip	3
uca:video_duration_bin:0098	uca_ucfcrime:Val:Arson049_x264:2.6	clip	3
uca:video_duration_bin:0098	uca_ucfcrime:Val:Arson049_x264:5.7	clip	3
uca:video_duration_bin:0098	uca_ucfcrime:Val:Arson049_x264:11.5	clip	3
uca:video_duration_bin:0098	uca_ucfcrime:Val:Arson050_x264:21.1	clip	3
uca:video_duration_bin:0098	uca_ucfcrime:Val:Arson050_x264:37.5	clip	3
uca:video_duration_bin:0098	uca_ucfcrime:Val:Arson051_x264:19.4	clip	3
uca:video_duration_bin:0098	uca_ucfcrime:Val:Arson051_x264:30.4	clip	3
uca:video_duration_bin:0098	uca_ucfcrime:Train:Explosion005_x264:9.7	clip	3
uca:video_duration_bin:0098	uca_ucfcrime:Train:Explosion005_x264:17.4	clip	3
uca:video_duration_bin:0098	uca_ucfcrime:Test:Explosion009_x264:13.2	clip	3
uca:video_duration_bin:0098	uca_ucfcrime:Test:Explosion011_x264:30.7	clip	3
uca:video_duration_bin:0098	uca_ucfcrime:Test:Explosion012_x264:6.4	clip	3
uca:video_duration_bin:0098	uca_ucfcrime:Test:Explosion014_x264:25.6	clip	3
uca:video_duration_bin:0098	uca_ucfcrime:Test:Explosion014_x264:28.2	clip	3
uca:video_duration_bin:0098	uca_ucfcrime:Test:Explosion015_x264:3.7	clip	3
uca:video_duration_bin:0098	uca_ucfcrime:Test:Explosion016_x264:16.3	clip	3
uca:video_duration_bin:0098	uca_ucfcrime:Test:Explosion017_x264:51.6	clip	3
uca:video_duration_bin:0098	uca_ucfcrime:Test:Explosion018_x264:2.5	clip	3
uca:video_duration_bin:0098	uca_ucfcrime:Test:Explosion019_x264:6.0	clip	3
uca:video_duration_bin:0098	uca_ucfcrime:Test:Explosion020_x264:8.8	clip	3
uca:video_duration_bin:0098	uca_ucfcrime:Test:Explosion025_x264:7.3	clip	3
uca:video_duration_bin:0098	uca_ucfcrime:Test:Explosion027_x264:5.7	clip	3
uca:video_duration_bin:0098	uca_ucfcrime:Test:Explosion027_x264:11.3	clip	3
uca:video_duration_bin:0098	uca_ucfcrime:Test:Explosion027_x264:20.4	clip	3
uca:video_duration_bin:0098	uca_ucfcrime:Test:Explosion028_x264:15.2	clip	3
uca:video_duration_bin:0098	uca_ucfcrime:Val:Explosion034_x264:6.5	clip	3
uca:video_duration_bin:0098	uca_ucfcrime:Val:Explosion044_x264:13.7	clip	3
uca:video_duration_bin:0098	uca_ucfcrime:Val:Explosion045_x264:22.6	clip	3
uca:video_duration_bin:0098	uca_ucfcrime:Val:Explosion047_x264:41.5	clip	3
uca:video_duration_bin:0098	uca_ucfcrime:Val:Explosion048_x264:4.4	clip	3
uca:video_duration_bin:0098	uca_ucfcrime:Val:Explosion050_x264:6.0	clip	3
uca:video_duration_bin:0098	uca_ucfcrime:Train:RoadAccidents080_x264:15.6	clip	3
uca:video_duration_bin:0098	uca_ucfcrime:Test:RoadAccidents130_x264:7.9	clip	3
uca:video_duration_bin:0098	uca_ucfcrime:Train:Robbery070_x264:16.8	clip	3
uca:video_duration_bin:0098	uca_ucfcrime:Train:Shooting026_x264:10.2	clip	3
uca:video_duration_bin:0098	uca_ucfcrime:Train:Vandalism006_x264:5.2	clip	3
uca:video_duration_bin:0098	uca_ucfcrime:Train:Vandalism006_x264:14.2	clip	3
uca:video_duration_bin:0099	uca_ucfcrime:Train:Arrest009_x264:46.7	clip	3
uca:video_duration_bin:0099	uca_ucfcrime:Train:Arrest042_x264:14.5	clip	3
uca:video_duration_bin:0099	uca_ucfcrime:Test:Assault032_x264:3.8	clip	3
uca:video_duration_bin:0099	uca_ucfcrime:Test:Assault032_x264:13.3	clip	3
uca:video_duration_bin:0099	uca_ucfcrime:Train:Burglary012_x264:3.5	clip	3
uca:video_duration_bin:0099	uca_ucfcrime:Train:Burglary012_x264:28.0	clip	3
uca:video_duration_bin:0099	uca_ucfcrime:Train:Burglary012_x264:34.4	clip	3
uca:video_duration_bin:0099	uca_ucfcrime:Train:Burglary012_x264:51.1	clip	3
uca:video_duration_bin:0099	uca_ucfcrime:Train:Fighting038_x264:23.7	clip	3
uca:video_duration_bin:0099	uca_ucfcrime:Train:Normal_Videos170_x264:34.5	clip	3
uca:video_duration_bin:0099	uca_ucfcrime:Train:Robbery001_x264:16.9	clip	3
uca:video_duration_bin:0099	uca_ucfcrime:Train:Robbery001_x264:21.9	clip	3
uca:video_duration_bin:0099	uca_ucfcrime:Train:Robbery003_x264:19.0	clip	3
uca:video_duration_bin:0099	uca_ucfcrime:Train:Robbery004_x264:28.1	clip	3
uca:video_duration_bin:0099	uca_ucfcrime:Train:Robbery011_x264:21.6	clip	3
uca:video_duration_bin:0099	uca_ucfcrime:Train:Robbery012_x264:12.6	clip	3
uca:video_duration_bin:0099	uca_ucfcrime:Train:Robbery025_x264:3.1	clip	3
uca:video_duration_bin:0099	uca_ucfcrime:Train:Robbery031_x264:19.9	clip	3
uca:video_duration_bin:0099	uca_ucfcrime:Train:Robbery033_x264:3.1	clip	3
uca:video_duration_bin:0099	uca_ucfcrime:Train:Robbery033_x264:22.6	clip	3
uca:video_duration_bin:0099	uca_ucfcrime:Train:Robbery033_x264:29.6	clip	3
uca:video_duration_bin:0099	uca_ucfcrime:Train:Robbery041_x264:5.8	clip	3
uca:video_duration_bin:0099	uca_ucfcrime:Train:Robbery041_x264:40.9	clip	3
uca:video_duration_bin:0099	uca_ucfcrime:Train:Robbery043_x264:5.6	clip	3
uca:video_duration_bin:0099	uca_ucfcrime:Train:Robbery046_x264:8.7	clip	3
uca:video_duration_bin:0099	uca_ucfcrime:Train:Robbery047_x264:7.1	clip	3
uca:video_duration_bin:0099	uca_ucfcrime:Train:Robbery051_x264:8.4	clip	3
uca:video_duration_bin:0099	uca_ucfcrime:Train:Robbery051_x264:20.5	clip	3
uca:video_duration_bin:0099	uca_ucfcrime:Train:Robbery051_x264:43.7	clip	3
uca:video_duration_bin:0099	uca_ucfcrime:Train:Robbery064_x264:36.8	clip	3
uca:video_duration_bin:0099	uca_ucfcrime:Train:Robbery068_x264:10.7	clip	3
uca:video_duration_bin:0099	uca_ucfcrime:Train:Robbery069_x264:13.5	clip	3
uca:video_duration_bin:0099	uca_ucfcrime:Train:Robbery077_x264:4.2	clip	3
uca:video_duration_bin:0099	uca_ucfcrime:Train:Robbery077_x264:13.2	clip	3
uca:video_duration_bin:0099	uca_ucfcrime:Train:Robbery079_x264:9.7	clip	3
uca:video_duration_bin:0099	uca_ucfcrime:Test:Robbery087_x264:1.1	clip	3
uca:video_duration_bin:0099	uca_ucfcrime:Test:Robbery099_x264:17.9	clip	3
uca:video_duration_bin:0099	uca_ucfcrime:Test:Robbery099_x264:41.6	clip	3
uca:video_duration_bin:0099	uca_ucfcrime:Test:Robbery106_x264:16.0	clip	3
uca:video_duration_bin:0099	uca_ucfcrime:Test:Robbery108_x264:35.6	clip	3
uca:video_duration_bin:0099	uca_ucfcrime:Test:Robbery112_x264:37.3	clip	3
uca:video_duration_bin:0099	uca_ucfcrime:Val:Robbery120_x264:5.1	clip	3
uca:video_duration_bin:0099	uca_ucfcrime:Val:Robbery122_x264:10.4	clip	3
uca:video_duration_bin:0099	uca_ucfcrime:Val:Robbery127_x264:3.5	clip	3
uca:video_duration_bin:0099	uca_ucfcrime:Val:Robbery131_x264:26.0	clip	3
uca:video_duration_bin:0099	uca_ucfcrime:Val:Robbery132_x264:6.0	clip	3
uca:video_duration_bin:0099	uca_ucfcrime:Val:Robbery132_x264:16.6	clip	3
uca:video_duration_bin:0099	uca_ucfcrime:Val:Robbery140_x264:6.1	clip	3
uca:video_duration_bin:0099	uca_ucfcrime:Val:Robbery143_x264:10.4	clip	3
uca:video_duration_bin:0099	uca_ucfcrime:Val:Robbery147_x264:7.7	clip	3
uca:video_duration_bin:0099	uca_ucfcrime:Val:Robbery147_x264:21.9	clip	3
uca:video_duration_bin:0099	uca_ucfcrime:Train:Shooting008_x264:10.3	clip	3
uca:video_duration_bin:0099	uca_ucfcrime:Train:Shooting013_x264:30.4	clip	3
uca:video_duration_bin:0099	uca_ucfcrime:Train:Shooting015_x264:56.4	clip	3
uca:video_duration_bin:0099	uca_ucfcrime:Train:Shooting017_x264:23.4	clip	3
uca:video_duration_bin:0099	uca_ucfcrime:Train:Shooting026_x264:10.2	clip	3
uca:video_duration_bin:0099	uca_ucfcrime:Train:Shooting027_x264:18.6	clip	3
uca:video_duration_bin:0099	uca_ucfcrime:Train:Shooting029_x264:17.1	clip	3
uca:video_duration_bin:0099	uca_ucfcrime:Train:Shooting029_x264:27.9	clip	3
uca:video_duration_bin:0099	uca_ucfcrime:Test:Shooting038_x264:32.0	clip	3
uca:video_duration_bin:0099	uca_ucfcrime:Test:Shooting038_x264:40.6	clip	3
uca:video_duration_bin:0099	uca_ucfcrime:Test:Shooting039_x264:14.2	clip	3
uca:video_duration_bin:0099	uca_ucfcrime:Test:Shooting040_x264:16.9	clip	3
uca:video_duration_bin:0099	uca_ucfcrime:Test:Shooting040_x264:19.0	clip	3
uca:video_duration_bin:0099	uca_ucfcrime:Test:Shooting042_x264:37.9	clip	3
uca:video_duration_bin:0099	uca_ucfcrime:Val:Shooting054_x264:14.2	clip	3
uca:video_duration_bin:0100	uca_ucfcrime:Train:Abuse002_x264:8.3	clip	3
uca:video_duration_bin:0100	uca_ucfcrime:Train:Abuse010_x264:10.4	clip	3
uca:video_duration_bin:0100	uca_ucfcrime:Train:Abuse010_x264:18.4	clip	3
uca:video_duration_bin:0100	uca_ucfcrime:Train:Abuse016_x264:5.2	clip	3
uca:video_duration_bin:0100	uca_ucfcrime:Train:Abuse016_x264:14.2	clip	3
uca:video_duration_bin:0100	uca_ucfcrime:Train:Abuse024_x264:23.4	clip	3
uca:video_duration_bin:0100	uca_ucfcrime:Train:Abuse028_x264:10.7	clip	3
uca:video_duration_bin:0100	uca_ucfcrime:Train:Abuse034_x264:15.1	clip	3
uca:video_duration_bin:0100	uca_ucfcrime:Test:Abuse038_x264:20.0	clip	3
uca:video_duration_bin:0100	uca_ucfcrime:Train:Arrest019_x264:9.9	clip	3
uca:video_duration_bin:0100	uca_ucfcrime:Train:Arson012_x264:20.0	clip	3
uca:video_duration_bin:0100	uca_ucfcrime:Train:Arson017_x264:25.1	clip	3
uca:video_duration_bin:0100	uca_ucfcrime:Train:Arson018_x264:15.6	clip	3
uca:video_duration_bin:0100	uca_ucfcrime:Test:Arson035_x264:34.4	clip	3
uca:video_duration_bin:0100	uca_ucfcrime:Test:Arson037_x264:13.2	clip	3
uca:video_duration_bin:0100	uca_ucfcrime:Test:Arson038_x264:4.7	clip	3
uca:video_duration_bin:0100	uca_ucfcrime:Test:Arson038_x264:10.2	clip	3
uca:video_duration_bin:0100	uca_ucfcrime:Test:Arson038_x264:15.4	clip	3
uca:video_duration_bin:0100	uca_ucfcrime:Test:Arson038_x264:20.4	clip	3
uca:video_duration_bin:0100	uca_ucfcrime:Val:Arson049_x264:5.7	clip	3
uca:video_duration_bin:0100	uca_ucfcrime:Val:Arson050_x264:37.5	clip	3
uca:video_duration_bin:0100	uca_ucfcrime:Val:Arson051_x264:30.4	clip	3
uca:video_duration_bin:0100	uca_ucfcrime:Train:Assault012_x264:11.2	clip	3
uca:video_duration_bin:0100	uca_ucfcrime:Train:Assault020_x264:8.8	clip	3
uca:video_duration_bin:0100	uca_ucfcrime:Train:Assault025_x264:15.9	clip	3
uca:video_duration_bin:0100	uca_ucfcrime:Train:Assault025_x264:22.6	clip	3
uca:video_duration_bin:0100	uca_ucfcrime:Test:Assault032_x264:13.3	clip	3
uca:video_duration_bin:0100	uca_ucfcrime:Test:Assault035_x264:20.6	clip	3
uca:video_duration_bin:0100	uca_ucfcrime:Val:Assault049_x264:13.4	clip	3
uca:video_duration_bin:0100	uca_ucfcrime:Val:Assault051_x264:14.1	clip	3
uca:video_duration_bin:0100	uca_ucfcrime:Val:Assault052_x264:5.5	clip	3
uca:video_duration_bin:0100	uca_ucfcrime:Val:Assault052_x264:13.8	clip	3
uca:video_duration_bin:0100	uca_ucfcrime:Val:Assault052_x264:21.9	clip	3
uca:video_duration_bin:0100	uca_ucfcrime:Train:Burglary033_x264:11.1	clip	3
uca:video_duration_bin:0100	uca_ucfcrime:Train:Burglary034_x264:17.1	clip	3
uca:video_duration_bin:0100	uca_ucfcrime:Test:Burglary070_x264:19.3	clip	3
uca:video_duration_bin:0100	uca_ucfcrime:Test:Burglary080_x264:36.0	clip	3
uca:video_duration_bin:0100	uca_ucfcrime:Val:Burglary092_x264:17.6	clip	3
uca:video_duration_bin:0100	uca_ucfcrime:Val:Burglary097_x264:3.2	clip	3
uca:video_duration_bin:0100	uca_ucfcrime:Val:Burglary097_x264:7.8	clip	3
uca:video_duration_bin:0100	uca_ucfcrime:Test:Explosion014_x264:28.2	clip	3
uca:video_duration_bin:0100	uca_ucfcrime:Test:Explosion015_x264:15.2	clip	3
uca:video_duration_bin:0100	uca_ucfcrime:Test:Explosion018_x264:2.5	clip	3
uca:video_duration_bin:0100	uca_ucfcrime:Test:Explosion020_x264:8.8	clip	3
uca:video_duration_bin:0100	uca_ucfcrime:Test:Explosion024_x264:34.0	clip	3
uca:video_duration_bin:0100	uca_ucfcrime:Test:Explosion027_x264:5.7	clip	3
uca:video_duration_bin:0100	uca_ucfcrime:Val:Explosion039_x264:17.6	clip	3
uca:video_duration_bin:0100	uca_ucfcrime:Val:Explosion044_x264:13.7	clip	3
uca:video_duration_bin:0100	uca_ucfcrime:Val:Explosion050_x264:6.0	clip	3
uca:video_duration_bin:0100	uca_ucfcrime:Train:Fighting023_x264:25.9	clip	3
uca:video_duration_bin:0100	uca_ucfcrime:Train:Fighting038_x264:7.1	clip	3
uca:video_duration_bin:0100	uca_ucfcrime:Train:Fighting038_x264:25.5	clip	3
uca:video_duration_bin:0100	uca_ucfcrime:Train:Normal_Videos419_x264:32.2	clip	3
uca:video_duration_bin:0100	uca_ucfcrime:Val:Normal_Videos779_x264:6.5	clip	3
uca:video_duration_bin:0100	uca_ucfcrime:Val:Normal_Videos827_x264:12.1	clip	3
uca:video_duration_bin:0100	uca_ucfcrime:Train:Normal_Videos_900_x264:41.8	clip	3
uca:video_duration_bin:0100	uca_ucfcrime:Val:Normal_Videos_936_x264:24.1	clip	3
uca:video_duration_bin:0100	uca_ucfcrime:Train:RoadAccidents026_x264:24.2	clip	3
uca:video_duration_bin:0100	uca_ucfcrime:Train:RoadAccidents038_x264:3.0	clip	3
uca:video_duration_bin:0100	uca_ucfcrime:Train:RoadAccidents038_x264:11.4	clip	3
uca:video_duration_bin:0100	uca_ucfcrime:Train:RoadAccidents039_x264:2.5	clip	3
uca:video_duration_bin:0100	uca_ucfcrime:Train:RoadAccidents042_x264:8.0	clip	3
uca:video_duration_bin:0100	uca_ucfcrime:Train:RoadAccidents051_x264:7.9	clip	3
uca:video_duration_bin:0100	uca_ucfcrime:Train:RoadAccidents058_x264:14.3	clip	3
uca:video_duration_bin:0100	uca_ucfcrime:Train:RoadAccidents077_x264:13.2	clip	3
uca:video_duration_bin:0100	uca_ucfcrime:Train:RoadAccidents083_x264:30.5	clip	3
uca:video_duration_bin:0100	uca_ucfcrime:Train:RoadAccidents095_x264:34.3	clip	3
uca:video_duration_bin:0100	uca_ucfcrime:Train:RoadAccidents099_x264:36.8	clip	3
uca:video_duration_bin:0100	uca_ucfcrime:Train:RoadAccidents102_x264:4.5	clip	3
uca:video_duration_bin:0100	uca_ucfcrime:Train:RoadAccidents103_x264:25.9	clip	3
uca:video_duration_bin:0100	uca_ucfcrime:Train:RoadAccidents103_x264:34.9	clip	3
uca:video_duration_bin:0100	uca_ucfcrime:Test:RoadAccidents123_x264:23.3	clip	3
uca:video_duration_bin:0100	uca_ucfcrime:Test:RoadAccidents124_x264:37.9	clip	3
uca:video_duration_bin:0100	uca_ucfcrime:Test:RoadAccidents128_x264:8.4	clip	3
uca:video_duration_bin:0100	uca_ucfcrime:Test:RoadAccidents131_x264:39.0	clip	3
uca:video_duration_bin:0100	uca_ucfcrime:Test:RoadAccidents137_x264:9.1	clip	3
uca:video_duration_bin:0100	uca_ucfcrime:Test:RoadAccidents137_x264:23.9	clip	3
uca:video_duration_bin:0100	uca_ucfcrime:Train:Robbery023_x264:3.3	clip	3
uca:video_duration_bin:0100	uca_ucfcrime:Train:Robbery025_x264:15.9	clip	3
uca:video_duration_bin:0100	uca_ucfcrime:Train:Robbery050_x264:18.3	clip	3
uca:video_duration_bin:0100	uca_ucfcrime:Train:Robbery074_x264:19.6	clip	3
uca:video_duration_bin:0100	uca_ucfcrime:Test:Robbery092_x264:13.4	clip	3
uca:video_duration_bin:0100	uca_ucfcrime:Test:Robbery092_x264:14.7	clip	3
uca:video_duration_bin:0100	uca_ucfcrime:Test:Robbery093_x264:14.8	clip	3
uca:video_duration_bin:0100	uca_ucfcrime:Test:Robbery095_x264:24.3	clip	3
uca:video_duration_bin:0100	uca_ucfcrime:Test:Robbery095_x264:28.6	clip	3
uca:video_duration_bin:0100	uca_ucfcrime:Test:Robbery099_x264:41.6	clip	3
uca:video_duration_bin:0100	uca_ucfcrime:Val:Robbery122_x264:30.0	clip	3
uca:video_duration_bin:0100	uca_ucfcrime:Val:Robbery123_x264:26.8	clip	3
uca:video_duration_bin:0100	uca_ucfcrime:Val:Robbery126_x264:47.0	clip	3
uca:video_duration_bin:0100	uca_ucfcrime:Val:Robbery131_x264:49.0	clip	3
uca:video_duration_bin:0100	uca_ucfcrime:Val:Robbery138_x264:16.8	clip	3
uca:video_duration_bin:0100	uca_ucfcrime:Val:Robbery143_x264:21.5	clip	3
uca:video_duration_bin:0100	uca_ucfcrime:Val:Robbery145_x264:16.4	clip	3
uca:video_duration_bin:0100	uca_ucfcrime:Val:Robbery145_x264:28.1	clip	3
uca:video_duration_bin:0100	uca_ucfcrime:Train:Shooting001_x264:2.2	clip	3
uca:video_duration_bin:0100	uca_ucfcrime:Train:Shooting008_x264:27.2	clip	3
uca:video_duration_bin:0100	uca_ucfcrime:Train:Shooting021_x264:27.5	clip	3
uca:video_duration_bin:0100	uca_ucfcrime:Train:Shooting027_x264:2.5	clip	3
uca:video_duration_bin:0100	uca_ucfcrime:Train:Shooting027_x264:6.2	clip	3
uca:video_duration_bin:0100	uca_ucfcrime:Train:Shooting030_x264:26.6	clip	3
uca:video_duration_bin:0100	uca_ucfcrime:Test:Shooting038_x264:9.8	clip	3
uca:video_duration_bin:0100	uca_ucfcrime:Test:Shooting040_x264:16.9	clip	3
uca:video_duration_bin:0100	uca_ucfcrime:Val:Shooting053_x264:10.3	clip	3
uca:video_duration_bin:0100	uca_ucfcrime:Val:Shooting053_x264:25.4	clip	3
uca:video_duration_bin:0100	uca_ucfcrime:Train:Shoplifting019_x264:9.2	clip	3
uca:video_duration_bin:0100	uca_ucfcrime:Train:Shoplifting019_x264:11.2	clip	3
uca:video_duration_bin:0100	uca_ucfcrime:Train:Shoplifting019_x264:13.9	clip	3
uca:video_duration_bin:0100	uca_ucfcrime:Train:Shoplifting032_x264:45.0	clip	3
uca:video_duration_bin:0100	uca_ucfcrime:Val:Shoplifting045_x264:33.8	clip	3
uca:video_duration_bin:0100	uca_ucfcrime:Train:Stealing029_x264:3.6	clip	3
uca:video_duration_bin:0100	uca_ucfcrime:Train:Stealing029_x264:8.6	clip	3
uca:video_duration_bin:0100	uca_ucfcrime:Train:Stealing030_x264:19.7	clip	3
uca:video_duration_bin:0100	uca_ucfcrime:Train:Stealing047_x264:27.5	clip	3
uca:video_duration_bin:0100	uca_ucfcrime:Train:Stealing071_x264:5.1	clip	3
uca:video_duration_bin:0100	uca_ucfcrime:Test:Stealing080_x264:9.4	clip	3
uca:video_duration_bin:0100	uca_ucfcrime:Test:Stealing080_x264:32.4	clip	3
uca:video_duration_bin:0100	uca_ucfcrime:Test:Stealing081_x264:16.9	clip	3
uca:video_duration_bin:0100	uca_ucfcrime:Test:Stealing081_x264:25.5	clip	3
uca:video_duration_bin:0100	uca_ucfcrime:Val:Stealing095_x264:7.2	clip	3
uca:video_duration_bin:0100	uca_ucfcrime:Val:Stealing095_x264:19.6	clip	3
uca:video_duration_bin:0100	uca_ucfcrime:Val:Stealing097_x264:16.2	clip	3
uca:video_duration_bin:0100	uca_ucfcrime:Val:Stealing102_x264:28.9	clip	3
uca:video_duration_bin:0100	uca_ucfcrime:Val:Stealing105_x264:4.0	clip	3
uca:video_duration_bin:0100	uca_ucfcrime:Val:Stealing105_x264:32.4	clip	3
uca:video_duration_bin:0100	uca_ucfcrime:Train:Vandalism003_x264:11.9	clip	3
uca:video_duration_bin:0100	uca_ucfcrime:Train:Vandalism003_x264:20.6	clip	3
uca:video_duration_bin:0100	uca_ucfcrime:Train:Vandalism007_x264:28.8	clip	3
uca:video_duration_bin:0100	uca_ucfcrime:Train:Vandalism009_x264:23.8	clip	3
uca:video_duration_bin:0100	uca_ucfcrime:Train:Vandalism012_x264:2.9	clip	3
uca:video_duration_bin:0100	uca_ucfcrime:Train:Vandalism012_x264:11.7	clip	3
uca:video_duration_bin:0100	uca_ucfcrime:Train:Vandalism012_x264:13.8	clip	3
uca:video_duration_bin:0100	uca_ucfcrime:Train:Vandalism012_x264:21.0	clip	3
uca:video_duration_bin:0100	uca_ucfcrime:Train:Vandalism017_x264:9.8	clip	3
uca:video_duration_bin:0100	uca_ucfcrime:Train:Vandalism017_x264:14.0	clip	3
uca:video_duration_bin:0100	uca_ucfcrime:Train:Vandalism020_x264:13.6	clip	3
uca:video_duration_bin:0100	uca_ucfcrime:Train:Vandalism030_x264:4.5	clip	3
uca:video_duration_bin:0100	uca_ucfcrime:Test:Vandalism039_x264:11.7	clip	3
uca:video_duration_bin:0100	uca_ucfcrime:Test:Vandalism039_x264:17.8	clip	3
uca:video_duration_bin:0100	uca_ucfcrime:Test:Vandalism039_x264:25.1	clip	3
uca:video_duration_bin:0100	uca_ucfcrime:Test:Vandalism040_x264:17.5	clip	3
uca:video_duration_bin:0101	uca_ucfcrime:Train:RoadAccidents004_x264:8.0	clip	3
uca:video_duration_bin:0101	uca_ucfcrime:Train:RoadAccidents015_x264:22.8	clip	3
uca:video_duration_bin:0101	uca_ucfcrime:Train:RoadAccidents015_x264:27.2	clip	3
uca:video_duration_bin:0101	uca_ucfcrime:Train:RoadAccidents017_x264:3.6	clip	3
uca:video_duration_bin:0101	uca_ucfcrime:Train:RoadAccidents018_x264:32.8	clip	3
uca:video_duration_bin:0101	uca_ucfcrime:Train:RoadAccidents021_x264:1.1	clip	3
uca:video_duration_bin:0101	uca_ucfcrime:Train:RoadAccidents021_x264:2.5	clip	3
uca:video_duration_bin:0101	uca_ucfcrime:Train:RoadAccidents022_x264:4.2	clip	3
uca:video_duration_bin:0101	uca_ucfcrime:Train:RoadAccidents026_x264:4.2	clip	3
uca:video_duration_bin:0101	uca_ucfcrime:Train:RoadAccidents026_x264:24.2	clip	3
uca:video_duration_bin:0101	uca_ucfcrime:Train:RoadAccidents027_x264:2.7	clip	3
uca:video_duration_bin:0101	uca_ucfcrime:Train:RoadAccidents028_x264:9.2	clip	3
uca:video_duration_bin:0101	uca_ucfcrime:Train:RoadAccidents028_x264:10.4	clip	3
uca:video_duration_bin:0101	uca_ucfcrime:Train:RoadAccidents030_x264:29.9	clip	3
uca:video_duration_bin:0101	uca_ucfcrime:Train:RoadAccidents043_x264:3.8	clip	3
uca:video_duration_bin:0101	uca_ucfcrime:Train:RoadAccidents044_x264:3.1	clip	3
uca:video_duration_bin:0101	uca_ucfcrime:Train:RoadAccidents046_x264:8.9	clip	3
uca:video_duration_bin:0101	uca_ucfcrime:Train:RoadAccidents047_x264:7.2	clip	3
uca:video_duration_bin:0101	uca_ucfcrime:Train:RoadAccidents050_x264:16.1	clip	3
uca:video_duration_bin:0101	uca_ucfcrime:Train:RoadAccidents054_x264:13.2	clip	3
uca:video_duration_bin:0101	uca_ucfcrime:Train:RoadAccidents060_x264:10.3	clip	3
uca:video_duration_bin:0101	uca_ucfcrime:Train:RoadAccidents069_x264:5.3	clip	3
uca:video_duration_bin:0101	uca_ucfcrime:Train:RoadAccidents072_x264:21.4	clip	3
uca:video_duration_bin:0101	uca_ucfcrime:Train:RoadAccidents073_x264:14.1	clip	3
uca:video_duration_bin:0101	uca_ucfcrime:Train:RoadAccidents075_x264:5.1	clip	3
uca:video_duration_bin:0101	uca_ucfcrime:Train:RoadAccidents081_x264:17.1	clip	3
uca:video_duration_bin:0101	uca_ucfcrime:Train:RoadAccidents082_x264:22.9	clip	3
uca:video_duration_bin:0101	uca_ucfcrime:Train:RoadAccidents084_x264:12.8	clip	3
uca:video_duration_bin:0101	uca_ucfcrime:Train:RoadAccidents089_x264:23.0	clip	3
uca:video_duration_bin:0101	uca_ucfcrime:Train:RoadAccidents107_x264:9.4	clip	3
uca:video_duration_bin:0101	uca_ucfcrime:Train:RoadAccidents107_x264:29.8	clip	3
uca:video_duration_bin:0101	uca_ucfcrime:Test:RoadAccidents110_x264:12.1	clip	3
uca:video_duration_bin:0101	uca_ucfcrime:Test:RoadAccidents114_x264:51.5	clip	3
uca:video_duration_bin:0101	uca_ucfcrime:Test:RoadAccidents122_x264:7.7	clip	3
uca:video_duration_bin:0101	uca_ucfcrime:Test:RoadAccidents123_x264:8.5	clip	3
uca:video_duration_bin:0101	uca_ucfcrime:Test:RoadAccidents124_x264:12.6	clip	3
uca:video_duration_bin:0101	uca_ucfcrime:Test:RoadAccidents126_x264:22.4	clip	3
uca:video_duration_bin:0101	uca_ucfcrime:Test:RoadAccidents131_x264:8.9	clip	3
uca:video_duration_bin:0101	uca_ucfcrime:Test:RoadAccidents133_x264:7.8	clip	3
uca:video_duration_bin:0101	uca_ucfcrime:Val:RoadAccidents145_x264:13.9	clip	3
uca:video_duration_bin:0101	uca_ucfcrime:Val:RoadAccidents145_x264:34.2	clip	3
uca:video_duration_bin:0101	uca_ucfcrime:Val:RoadAccidents150_x264:14.2	clip	3
uca:video_duration_bin:0102	uca_ucfcrime:Test:Arson036_x264:34.7	clip	3
uca:video_duration_bin:0102	uca_ucfcrime:Train:Burglary007_x264:18.7	clip	3
uca:video_duration_bin:0102	uca_ucfcrime:Train:Burglary036_x264:17.2	clip	3
uca:video_duration_bin:0102	uca_ucfcrime:Train:Burglary036_x264:28.6	clip	3
uca:video_duration_bin:0102	uca_ucfcrime:Test:Burglary080_x264:5.0	clip	3
uca:video_duration_bin:0102	uca_ucfcrime:Test:Burglary080_x264:10.6	clip	3
uca:video_duration_bin:0102	uca_ucfcrime:Train:Normal_Videos058_x264:6.1	clip	3
uca:video_duration_bin:0102	uca_ucfcrime:Train:Normal_Videos058_x264:19.2	clip	3
uca:video_duration_bin:0102	uca_ucfcrime:Train:Normal_Videos096_x264:13.3	clip	3
uca:video_duration_bin:0102	uca_ucfcrime:Train:Normal_Videos121_x264:1.1	clip	3
uca:video_duration_bin:0102	uca_ucfcrime:Train:Normal_Videos121_x264:9.7	clip	3
uca:video_duration_bin:0102	uca_ucfcrime:Train:Normal_Videos121_x264:30.1	clip	3
uca:video_duration_bin:0102	uca_ucfcrime:Train:Normal_Videos121_x264:37.2	clip	3
uca:video_duration_bin:0102	uca_ucfcrime:Train:Normal_Videos173_x264:10.1	clip	3
uca:video_duration_bin:0102	uca_ucfcrime:Train:Normal_Videos232_x264:13.1	clip	3
uca:video_duration_bin:0102	uca_ucfcrime:Train:Normal_Videos232_x264:38.0	clip	3
uca:video_duration_bin:0102	uca_ucfcrime:Train:Normal_Videos313_x264:27.9	clip	3
uca:video_duration_bin:0102	uca_ucfcrime:Train:Normal_Videos362_x264:6.0	clip	3
uca:video_duration_bin:0102	uca_ucfcrime:Train:Normal_Videos362_x264:14.1	clip	3
uca:video_duration_bin:0102	uca_ucfcrime:Val:Normal_Videos726_x264:12.7	clip	3
uca:video_duration_bin:0102	uca_ucfcrime:Val:Normal_Videos726_x264:52.5	clip	3
uca:video_duration_bin:0102	uca_ucfcrime:Val:Normal_Videos754_x264:5.1	clip	3
uca:video_duration_bin:0102	uca_ucfcrime:Val:Normal_Videos859_x264:12.1	clip	3
uca:video_duration_bin:0102	uca_ucfcrime:Train:Normal_Videos_014_x264:4.8	clip	3
uca:video_duration_bin:0102	uca_ucfcrime:Train:Normal_Videos_014_x264:11.1	clip	3
uca:video_duration_bin:0102	uca_ucfcrime:Train:Normal_Videos_041_x264:4.0	clip	3
uca:video_duration_bin:0102	uca_ucfcrime:Train:Normal_Videos_360_x264:23.6	clip	3
uca:video_duration_bin:0102	uca_ucfcrime:Train:Normal_Videos_888_x264:12.0	clip	3
uca:video_duration_bin:0102	uca_ucfcrime:Test:Normal_Videos_929_x264:13.6	clip	3
uca:video_duration_bin:0102	uca_ucfcrime:Test:Normal_Videos_929_x264:26.6	clip	3
uca:video_duration_bin:0102	uca_ucfcrime:Val:Normal_Videos_939_x264:5.1	clip	3
uca:video_duration_bin:0102	uca_ucfcrime:Val:Normal_Videos_939_x264:18.6	clip	3
uca:video_duration_bin:0102	uca_ucfcrime:Val:Normal_Videos_939_x264:23.6	clip	3
uca:video_duration_bin:0102	uca_ucfcrime:Train:Robbery004_x264:28.1	clip	3
uca:video_duration_bin:0102	uca_ucfcrime:Train:Robbery012_x264:4.7	clip	3
uca:video_duration_bin:0102	uca_ucfcrime:Train:Robbery033_x264:22.6	clip	3
uca:video_duration_bin:0102	uca_ucfcrime:Train:Robbery033_x264:29.6	clip	3
uca:video_duration_bin:0102	uca_ucfcrime:Train:Robbery043_x264:21.2	clip	3
uca:video_duration_bin:0102	uca_ucfcrime:Train:Robbery044_x264:5.7	clip	3
uca:video_duration_bin:0102	uca_ucfcrime:Train:Robbery044_x264:12.7	clip	3
uca:video_duration_bin:0102	uca_ucfcrime:Train:Robbery047_x264:28.9	clip	3
uca:video_duration_bin:0102	uca_ucfcrime:Train:Robbery071_x264:29.6	clip	3
uca:video_duration_bin:0102	uca_ucfcrime:Train:Robbery077_x264:20.6	clip	3
uca:video_duration_bin:0102	uca_ucfcrime:Train:Robbery079_x264:22.4	clip	3
uca:video_duration_bin:0102	uca_ucfcrime:Val:Robbery140_x264:25.9	clip	3
uca:video_duration_bin:0102	uca_ucfcrime:Val:Robbery143_x264:21.5	clip	3
uca:video_duration_bin:0102	uca_ucfcrime:Test:Shooting042_x264:7.1	clip	3
uca:video_duration_bin:0103	uca_ucfcrime:Train:Abuse002_x264:8.3	clip	3
uca:video_duration_bin:0103	uca_ucfcrime:Train:Abuse002_x264:17.6	clip	3
uca:video_duration_bin:0103	uca_ucfcrime:Train:Abuse005_x264:1.6	clip	3
uca:video_duration_bin:0103	uca_ucfcrime:Train:Abuse005_x264:12.7	clip	3
uca:video_duration_bin:0103	uca_ucfcrime:Train:Abuse007_x264:1.8	clip	3
uca:video_duration_bin:0103	uca_ucfcrime:Train:Abuse007_x264:8.7	clip	3
uca:video_duration_bin:0103	uca_ucfcrime:Train:Abuse016_x264:42.6	clip	3
uca:video_duration_bin:0103	uca_ucfcrime:Train:Abuse023_x264:1.7	clip	3
uca:video_duration_bin:0103	uca_ucfcrime:Train:Abuse023_x264:4.8	clip	3
uca:video_duration_bin:0103	uca_ucfcrime:Train:Abuse023_x264:13.8	clip	3
uca:video_duration_bin:0103	uca_ucfcrime:Train:Abuse028_x264:3.7	clip	3
uca:video_duration_bin:0103	uca_ucfcrime:Train:Abuse028_x264:18.9	clip	3
uca:video_duration_bin:0103	uca_ucfcrime:Train:Abuse029_x264:2.5	clip	3
uca:video_duration_bin:0103	uca_ucfcrime:Train:Abuse029_x264:4.7	clip	3
uca:video_duration_bin:0103	uca_ucfcrime:Val:Abuse046_x264:36.4	clip	3
uca:video_duration_bin:0103	uca_ucfcrime:Train:Arrest014_x264:30.9	clip	3
uca:video_duration_bin:0103	uca_ucfcrime:Train:Arrest014_x264:49.3	clip	3
uca:video_duration_bin:0103	uca_ucfcrime:Train:Arrest042_x264:14.5	clip	3
uca:video_duration_bin:0103	uca_ucfcrime:Train:Arson008_x264:14.7	clip	3
uca:video_duration_bin:0103	uca_ucfcrime:Train:Arson008_x264:32.2	clip	3
uca:video_duration_bin:0103	uca_ucfcrime:Test:Arson021_x264:7.4	clip	3
uca:video_duration_bin:0103	uca_ucfcrime:Test:Arson021_x264:18.5	clip	3
uca:video_duration_bin:0103	uca_ucfcrime:Test:Arson021_x264:33.6	clip	3
uca:video_duration_bin:0103	uca_ucfcrime:Test:Arson036_x264:50.3	clip	3
uca:video_duration_bin:0103	uca_ucfcrime:Test:Arson036_x264:53.5	clip	3
uca:video_duration_bin:0103	uca_ucfcrime:Test:Arson037_x264:4.3	clip	3
uca:video_duration_bin:0103	uca_ucfcrime:Val:Arson047_x264:4.2	clip	3
uca:video_duration_bin:0103	uca_ucfcrime:Val:Arson049_x264:11.5	clip	3
uca:video_duration_bin:0103	uca_ucfcrime:Val:Arson050_x264:5.4	clip	3
uca:video_duration_bin:0103	uca_ucfcrime:Val:Arson050_x264:7.9	clip	3
uca:video_duration_bin:0103	uca_ucfcrime:Train:Assault015_x264:28.7	clip	3
uca:video_duration_bin:0103	uca_ucfcrime:Train:Assault015_x264:42.6	clip	3
uca:video_duration_bin:0103	uca_ucfcrime:Test:Assault033_x264:23.5	clip	3
uca:video_duration_bin:0103	uca_ucfcrime:Test:Assault033_x264:33.8	clip	3
uca:video_duration_bin:0103	uca_ucfcrime:Val:Assault044_x264:9.2	clip	3
uca:video_duration_bin:0103	uca_ucfcrime:Val:Assault052_x264:5.5	clip	3
uca:video_duration_bin:0103	uca_ucfcrime:Train:Burglary007_x264:10.4	clip	3
uca:video_duration_bin:0103	uca_ucfcrime:Train:Burglary018_x264:6.9	clip	3
uca:video_duration_bin:0103	uca_ucfcrime:Train:Burglary018_x264:14.5	clip	3
uca:video_duration_bin:0103	uca_ucfcrime:Train:Burglary021_x264:4.7	clip	3
uca:video_duration_bin:0103	uca_ucfcrime:Train:Burglary033_x264:2.1	clip	3
uca:video_duration_bin:0103	uca_ucfcrime:Train:Burglary043_x264:10.1	clip	3
uca:video_duration_bin:0103	uca_ucfcrime:Train:Burglary043_x264:13.6	clip	3
uca:video_duration_bin:0103	uca_ucfcrime:Train:Burglary043_x264:15.6	clip	3
uca:video_duration_bin:0103	uca_ucfcrime:Train:Burglary059_x264:1.7	clip	3
uca:video_duration_bin:0103	uca_ucfcrime:Train:Burglary059_x264:6.7	clip	3
uca:video_duration_bin:0103	uca_ucfcrime:Test:Burglary068_x264:3.3	clip	3
uca:video_duration_bin:0103	uca_ucfcrime:Test:Burglary070_x264:2.9	clip	3
uca:video_duration_bin:0103	uca_ucfcrime:Test:Burglary078_x264:3.3	clip	3
uca:video_duration_bin:0103	uca_ucfcrime:Val:Burglary098_x264:10.8	clip	3
uca:video_duration_bin:0103	uca_ucfcrime:Train:Fighting013_x264:1.6	clip	3
uca:video_duration_bin:0103	uca_ucfcrime:Train:Fighting013_x264:26.6	clip	3
uca:video_duration_bin:0103	uca_ucfcrime:Train:Fighting013_x264:46.5	clip	3
uca:video_duration_bin:0103	uca_ucfcrime:Train:Fighting023_x264:9.4	clip	3
uca:video_duration_bin:0103	uca_ucfcrime:Train:Fighting023_x264:25.9	clip	3
uca:video_duration_bin:0103	uca_ucfcrime:Train:Normal_Videos040_x264:25.0	clip	3
uca:video_duration_bin:0103	uca_ucfcrime:Train:Normal_Videos065_x264:7.7	clip	3
uca:video_duration_bin:0103	uca_ucfcrime:Train:Normal_Videos065_x264:16.7	clip	3
uca:video_duration_bin:0103	uca_ucfcrime:Train:Normal_Videos072_x264:4.7	clip	3
uca:video_duration_bin:0103	uca_ucfcrime:Train:Normal_Videos072_x264:20.4	clip	3
uca:video_duration_bin:0103	uca_ucfcrime:Train:Normal_Videos105_x264:2.1	clip	3
uca:video_duration_bin:0103	uca_ucfcrime:Train:Normal_Videos105_x264:7.5	clip	3
uca:video_duration_bin:0103	uca_ucfcrime:Train:Normal_Videos105_x264:13.6	clip	3
uca:video_duration_bin:0103	uca_ucfcrime:Train:Normal_Videos105_x264:19.9	clip	3
uca:video_duration_bin:0103	uca_ucfcrime:Train:Normal_Videos117_x264:31.1	clip	3
uca:video_duration_bin:0103	uca_ucfcrime:Train:Normal_Videos148_x264:1.1	clip	3
uca:video_duration_bin:0103	uca_ucfcrime:Train:Normal_Videos166_x264:5.5	clip	3
uca:video_duration_bin:0103	uca_ucfcrime:Train:Normal_Videos173_x264:17.4	clip	3
uca:video_duration_bin:0103	uca_ucfcrime:Train:Normal_Videos178_x264:25.1	clip	3
uca:video_duration_bin:0103	uca_ucfcrime:Train:Normal_Videos222_x264:13.1	clip	3
uca:video_duration_bin:0103	uca_ucfcrime:Train:Normal_Videos227_x264:39.5	clip	3
uca:video_duration_bin:0103	uca_ucfcrime:Train:Normal_Videos233_x264:24.1	clip	3
uca:video_duration_bin:0103	uca_ucfcrime:Train:Normal_Videos237_x264:10.6	clip	3
uca:video_duration_bin:0103	uca_ucfcrime:Train:Normal_Videos237_x264:26.1	clip	3
uca:video_duration_bin:0103	uca_ucfcrime:Train:Normal_Videos237_x264:37.2	clip	3
uca:video_duration_bin:0103	uca_ucfcrime:Train:Normal_Videos300_x264:5.3	clip	3
uca:video_duration_bin:0103	uca_ucfcrime:Train:Normal_Videos320_x264:19.9	clip	3
uca:video_duration_bin:0103	uca_ucfcrime:Train:Normal_Videos334_x264:15.1	clip	3
uca:video_duration_bin:0103	uca_ucfcrime:Train:Normal_Videos337_x264:1.6	clip	3
uca:video_duration_bin:0103	uca_ucfcrime:Train:Normal_Videos337_x264:7.7	clip	3
uca:video_duration_bin:0103	uca_ucfcrime:Train:Normal_Videos343_x264:11.1	clip	3
uca:video_duration_bin:0103	uca_ucfcrime:Train:Normal_Videos344_x264:3.5	clip	3
uca:video_duration_bin:0103	uca_ucfcrime:Train:Normal_Videos356_x264:8.0	clip	3
uca:video_duration_bin:0103	uca_ucfcrime:Train:Normal_Videos364_x264:6.0	clip	3
uca:video_duration_bin:0103	uca_ucfcrime:Train:Normal_Videos372_x264:1.0	clip	3
uca:video_duration_bin:0103	uca_ucfcrime:Train:Normal_Videos378_x264:8.2	clip	3
uca:video_duration_bin:0103	uca_ucfcrime:Train:Normal_Videos379_x264:19.8	clip	3
uca:video_duration_bin:0103	uca_ucfcrime:Train:Normal_Videos387_x264:1.6	clip	3
uca:video_duration_bin:0103	uca_ucfcrime:Train:Normal_Videos387_x264:8.3	clip	3
uca:video_duration_bin:0103	uca_ucfcrime:Train:Normal_Videos387_x264:14.3	clip	3
uca:video_duration_bin:0103	uca_ucfcrime:Train:Normal_Videos405_x264:6.3	clip	3
uca:video_duration_bin:0103	uca_ucfcrime:Train:Normal_Videos412_x264:3.0	clip	3
uca:video_duration_bin:0103	uca_ucfcrime:Train:Normal_Videos412_x264:7.2	clip	3
uca:video_duration_bin:0103	uca_ucfcrime:Train:Normal_Videos416_x264:1.1	clip	3
uca:video_duration_bin:0103	uca_ucfcrime:Train:Normal_Videos416_x264:5.8	clip	3
uca:video_duration_bin:0103	uca_ucfcrime:Train:Normal_Videos438_x264:9.3	clip	3
uca:video_duration_bin:0103	uca_ucfcrime:Train:Normal_Videos441_x264:1.6	clip	3
uca:video_duration_bin:0103	uca_ucfcrime:Train:Normal_Videos441_x264:8.2	clip	3
uca:video_duration_bin:0103	uca_ucfcrime:Train:Normal_Videos441_x264:17.4	clip	3
uca:video_duration_bin:0103	uca_ucfcrime:Train:Normal_Videos441_x264:43.3	clip	3
uca:video_duration_bin:0103	uca_ucfcrime:Train:Normal_Videos470_x264:8.6	clip	3
uca:video_duration_bin:0103	uca_ucfcrime:Train:Normal_Videos470_x264:29.1	clip	3
uca:video_duration_bin:0103	uca_ucfcrime:Test:Normal_Videos538_x264:27.1	clip	3
uca:video_duration_bin:0103	uca_ucfcrime:Test:Normal_Videos555_x264:10.2	clip	3
uca:video_duration_bin:0103	uca_ucfcrime:Test:Normal_Videos558_x264:52.6	clip	3
uca:video_duration_bin:0103	uca_ucfcrime:Test:Normal_Videos611_x264:3.2	clip	3
uca:video_duration_bin:0103	uca_ucfcrime:Test:Normal_Videos611_x264:19.3	clip	3
uca:video_duration_bin:0103	uca_ucfcrime:Test:Normal_Videos611_x264:35.8	clip	3
uca:video_duration_bin:0103	uca_ucfcrime:Val:Normal_Videos644_x264:39.1	clip	3
uca:video_duration_bin:0103	uca_ucfcrime:Val:Normal_Videos650_x264:2.0	clip	3
uca:video_duration_bin:0103	uca_ucfcrime:Val:Normal_Videos650_x264:10.4	clip	3
uca:video_duration_bin:0103	uca_ucfcrime:Val:Normal_Videos650_x264:35.4	clip	3
uca:video_duration_bin:0103	uca_ucfcrime:Val:Normal_Videos660_x264:22.9	clip	3
uca:video_duration_bin:0103	uca_ucfcrime:Val:Normal_Videos660_x264:31.7	clip	3
uca:video_duration_bin:0103	uca_ucfcrime:Val:Normal_Videos675_x264:6.5	clip	3
uca:video_duration_bin:0103	uca_ucfcrime:Val:Normal_Videos675_x264:17.2	clip	3
uca:video_duration_bin:0103	uca_ucfcrime:Val:Normal_Videos675_x264:30.6	clip	3
uca:video_duration_bin:0103	uca_ucfcrime:Val:Normal_Videos675_x264:43.0	clip	3
uca:video_duration_bin:0103	uca_ucfcrime:Val:Normal_Videos680_x264:5.2	clip	3
uca:video_duration_bin:0103	uca_ucfcrime:Val:Normal_Videos680_x264:16.0	clip	3
uca:video_duration_bin:0103	uca_ucfcrime:Val:Normal_Videos711_x264:5.7	clip	3
uca:video_duration_bin:0103	uca_ucfcrime:Val:Normal_Videos730_x264:12.0	clip	3
uca:video_duration_bin:0103	uca_ucfcrime:Val:Normal_Videos733_x264:21.4	clip	3
uca:video_duration_bin:0103	uca_ucfcrime:Val:Normal_Videos733_x264:29.2	clip	3
uca:video_duration_bin:0103	uca_ucfcrime:Val:Normal_Videos734_x264:23.9	clip	3
uca:video_duration_bin:0103	uca_ucfcrime:Val:Normal_Videos735_x264:16.8	clip	3
uca:video_duration_bin:0103	uca_ucfcrime:Val:Normal_Videos736_x264:18.4	clip	3
uca:video_duration_bin:0103	uca_ucfcrime:Val:Normal_Videos737_x264:15.6	clip	3
uca:video_duration_bin:0103	uca_ucfcrime:Val:Normal_Videos737_x264:21.6	clip	3
uca:video_duration_bin:0103	uca_ucfcrime:Val:Normal_Videos738_x264:24.0	clip	3
uca:video_duration_bin:0103	uca_ucfcrime:Val:Normal_Videos739_x264:23.6	clip	3
uca:video_duration_bin:0103	uca_ucfcrime:Val:Normal_Videos748_x264:4.6	clip	3
uca:video_duration_bin:0103	uca_ucfcrime:Val:Normal_Videos748_x264:17.1	clip	3
uca:video_duration_bin:0103	uca_ucfcrime:Val:Normal_Videos749_x264:16.9	clip	3
uca:video_duration_bin:0103	uca_ucfcrime:Val:Normal_Videos949_x264:9.0	clip	3
uca:video_duration_bin:0103	uca_ucfcrime:Train:Normal_Videos_251_x264:11.5	clip	3
uca:video_duration_bin:0103	uca_ucfcrime:Val:Normal_Videos_943_x264:6.4	clip	3
uca:video_duration_bin:0103	uca_ucfcrime:Val:Normal_Videos_943_x264:11.5	clip	3
uca:video_duration_bin:0103	uca_ucfcrime:Val:Normal_Videos_943_x264:20.1	clip	3
uca:video_duration_bin:0103	uca_ucfcrime:Val:Normal_Videos_943_x264:24.1	clip	3
uca:video_duration_bin:0103	uca_ucfcrime:Train:RoadAccidents058_x264:14.3	clip	3
uca:video_duration_bin:0103	uca_ucfcrime:Test:RoadAccidents114_x264:6.5	clip	3
uca:video_duration_bin:0103	uca_ucfcrime:Test:RoadAccidents118_x264:17.5	clip	3
uca:video_duration_bin:0103	uca_ucfcrime:Train:Robbery016_x264:51.9	clip	3
uca:video_duration_bin:0103	uca_ucfcrime:Train:Robbery025_x264:27.1	clip	3
uca:video_duration_bin:0103	uca_ucfcrime:Train:Robbery025_x264:46.0	clip	3
uca:video_duration_bin:0103	uca_ucfcrime:Train:Robbery031_x264:9.4	clip	3
uca:video_duration_bin:0103	uca_ucfcrime:Train:Robbery031_x264:30.1	clip	3
uca:video_duration_bin:0103	uca_ucfcrime:Train:Robbery039_x264:14.7	clip	3
uca:video_duration_bin:0103	uca_ucfcrime:Train:Robbery040_x264:26.2	clip	3
uca:video_duration_bin:0103	uca_ucfcrime:Train:Robbery048_x264:8.6	clip	3
uca:video_duration_bin:0103	uca_ucfcrime:Train:Robbery048_x264:19.1	clip	3
uca:video_duration_bin:0103	uca_ucfcrime:Train:Robbery048_x264:38.4	clip	3
uca:video_duration_bin:0103	uca_ucfcrime:Train:Robbery050_x264:33.8	clip	3
uca:video_duration_bin:0103	uca_ucfcrime:Train:Robbery064_x264:22.3	clip	3
uca:video_duration_bin:0103	uca_ucfcrime:Train:Robbery064_x264:36.8	clip	3
uca:video_duration_bin:0103	uca_ucfcrime:Train:Robbery068_x264:8.0	clip	3
uca:video_duration_bin:0103	uca_ucfcrime:Train:Robbery071_x264:48.4	clip	3
uca:video_duration_bin:0103	uca_ucfcrime:Train:Robbery074_x264:2.9	clip	3
uca:video_duration_bin:0103	uca_ucfcrime:Train:Robbery074_x264:5.6	clip	3
uca:video_duration_bin:0103	uca_ucfcrime:Train:Robbery074_x264:11.1	clip	3
uca:video_duration_bin:0103	uca_ucfcrime:Train:Robbery082_x264:21.4	clip	3
uca:video_duration_bin:0103	uca_ucfcrime:Train:Robbery082_x264:31.8	clip	3
uca:video_duration_bin:0103	uca_ucfcrime:Test:Robbery093_x264:18.2	clip	3
uca:video_duration_bin:0103	uca_ucfcrime:Test:Robbery093_x264:32.7	clip	3
uca:video_duration_bin:0103	uca_ucfcrime:Test:Robbery099_x264:17.9	clip	3
uca:video_duration_bin:0103	uca_ucfcrime:Test:Robbery108_x264:44.5	clip	3
uca:video_duration_bin:0103	uca_ucfcrime:Test:Robbery112_x264:37.3	clip	3
uca:video_duration_bin:0103	uca_ucfcrime:Val:Robbery113_x264:4.7	clip	3
uca:video_duration_bin:0103	uca_ucfcrime:Val:Robbery116_x264:14.5	clip	3
uca:video_duration_bin:0103	uca_ucfcrime:Val:Robbery120_x264:25.0	clip	3
uca:video_duration_bin:0103	uca_ucfcrime:Val:Robbery122_x264:30.0	clip	3
uca:video_duration_bin:0103	uca_ucfcrime:Val:Robbery131_x264:3.2	clip	3
uca:video_duration_bin:0103	uca_ucfcrime:Val:Robbery131_x264:49.0	clip	3
uca:video_duration_bin:0103	uca_ucfcrime:Val:Robbery132_x264:6.0	clip	3
uca:video_duration_bin:0103	uca_ucfcrime:Val:Robbery143_x264:10.4	clip	3
uca:video_duration_bin:0103	uca_ucfcrime:Val:Robbery143_x264:21.5	clip	3
uca:video_duration_bin:0103	uca_ucfcrime:Val:Robbery145_x264:16.4	clip	3
uca:video_duration_bin:0103	uca_ucfcrime:Train:Shooting013_x264:30.4	clip	3
uca:video_duration_bin:0103	uca_ucfcrime:Train:Shooting021_x264:13.5	clip	3
uca:video_duration_bin:0103	uca_ucfcrime:Train:Shooting021_x264:27.5	clip	3
uca:video_duration_bin:0103	uca_ucfcrime:Train:Shooting021_x264:38.2	clip	3
uca:video_duration_bin:0103	uca_ucfcrime:Train:Shooting027_x264:18.6	clip	3
uca:video_duration_bin:0103	uca_ucfcrime:Test:Shoplifting037_x264:43.8	clip	3
uca:video_duration_bin:0103	uca_ucfcrime:Val:Shoplifting045_x264:16.2	clip	3
uca:video_duration_bin:0103	uca_ucfcrime:Train:Stealing029_x264:1.1	clip	3
uca:video_duration_bin:0103	uca_ucfcrime:Train:Stealing029_x264:3.6	clip	3
uca:video_duration_bin:0103	uca_ucfcrime:Train:Stealing030_x264:19.7	clip	3
uca:video_duration_bin:0103	uca_ucfcrime:Train:Stealing031_x264:4.0	clip	3
uca:video_duration_bin:0103	uca_ucfcrime:Train:Stealing031_x264:14.0	clip	3
uca:video_duration_bin:0103	uca_ucfcrime:Train:Stealing031_x264:24.4	clip	3
uca:video_duration_bin:0103	uca_ucfcrime:Train:Stealing049_x264:10.2	clip	3
uca:video_duration_bin:0103	uca_ucfcrime:Train:Stealing049_x264:34.8	clip	3
uca:video_duration_bin:0103	uca_ucfcrime:Train:Stealing062_x264:11.7	clip	3
uca:video_duration_bin:0103	uca_ucfcrime:Train:Stealing070_x264:20.8	clip	3
uca:video_duration_bin:0103	uca_ucfcrime:Train:Stealing070_x264:33.7	clip	3
uca:video_duration_bin:0103	uca_ucfcrime:Train:Stealing071_x264:5.1	clip	3
uca:video_duration_bin:0103	uca_ucfcrime:Train:Stealing071_x264:18.1	clip	3
uca:video_duration_bin:0103	uca_ucfcrime:Train:Stealing071_x264:29.1	clip	3
uca:video_duration_bin:0103	uca_ucfcrime:Train:Stealing073_x264:7.6	clip	3
uca:video_duration_bin:0103	uca_ucfcrime:Test:Stealing080_x264:9.4	clip	3
uca:video_duration_bin:0103	uca_ucfcrime:Test:Stealing081_x264:16.9	clip	3
uca:video_duration_bin:0103	uca_ucfcrime:Test:Stealing082_x264:33.4	clip	3
uca:video_duration_bin:0103	uca_ucfcrime:Val:Stealing097_x264:5.2	clip	3
uca:video_duration_bin:0103	uca_ucfcrime:Val:Stealing097_x264:16.2	clip	3
uca:video_duration_bin:0103	uca_ucfcrime:Val:Stealing105_x264:4.0	clip	3
uca:video_duration_bin:0103	uca_ucfcrime:Val:Stealing105_x264:12.8	clip	3
uca:video_duration_bin:0103	uca_ucfcrime:Val:Stealing106_x264:5.7	clip	3
uca:video_duration_bin:0103	uca_ucfcrime:Val:Stealing113_x264:5.7	clip	3
uca:video_duration_bin:0103	uca_ucfcrime:Val:Stealing113_x264:38.0	clip	3
uca:video_duration_bin:0103	uca_ucfcrime:Train:Vandalism006_x264:5.2	clip	3
uca:video_duration_bin:0103	uca_ucfcrime:Train:Vandalism006_x264:14.2	clip	3
uca:video_duration_bin:0103	uca_ucfcrime:Train:Vandalism006_x264:20.6	clip	3
uca:video_duration_bin:0103	uca_ucfcrime:Train:Vandalism017_x264:2.4	clip	3
uca:video_duration_bin:0103	uca_ucfcrime:Train:Vandalism017_x264:9.8	clip	3
uca:video_duration_bin:0103	uca_ucfcrime:Train:Vandalism021_x264:3.0	clip	3
uca:video_duration_bin:0103	uca_ucfcrime:Train:Vandalism027_x264:10.6	clip	3
uca:video_duration_bin:0103	uca_ucfcrime:Train:Vandalism029_x264:3.6	clip	3
uca:video_duration_bin:0103	uca_ucfcrime:Test:Vandalism036_x264:25.9	clip	3
uca:video_duration_bin:0103	uca_ucfcrime:Test:Vandalism036_x264:41.9	clip	3
uca:video_duration_bin:0103	uca_ucfcrime:Test:Vandalism040_x264:2.1	clip	3
uca:video_duration_bin:0104	uca_ucfcrime:Train:Abuse009_x264:12.1	clip	3
uca:video_duration_bin:0104	uca_ucfcrime:Train:Abuse028_x264:3.7	clip	3
uca:video_duration_bin:0104	uca_ucfcrime:Train:Abuse028_x264:31.0	clip	3
uca:video_duration_bin:0104	uca_ucfcrime:Val:Abuse046_x264:7.4	clip	3
uca:video_duration_bin:0104	uca_ucfcrime:Val:Abuse046_x264:36.4	clip	3
uca:video_duration_bin:0104	uca_ucfcrime:Train:Assault025_x264:32.4	clip	3
uca:video_duration_bin:0104	uca_ucfcrime:Test:Assault032_x264:13.3	clip	3
uca:video_duration_bin:0104	uca_ucfcrime:Train:Burglary003_x264:16.4	clip	3
uca:video_duration_bin:0104	uca_ucfcrime:Train:Burglary003_x264:25.2	clip	3
uca:video_duration_bin:0104	uca_ucfcrime:Train:Burglary051_x264:27.1	clip	3
uca:video_duration_bin:0104	uca_ucfcrime:Train:Burglary059_x264:1.7	clip	3
uca:video_duration_bin:0104	uca_ucfcrime:Val:Burglary092_x264:14.2	clip	3
uca:video_duration_bin:0104	uca_ucfcrime:Val:Burglary093_x264:20.6	clip	3
uca:video_duration_bin:0104	uca_ucfcrime:Val:Burglary097_x264:7.8	clip	3
uca:video_duration_bin:0104	uca_ucfcrime:Val:Burglary099_x264:39.8	clip	3
uca:video_duration_bin:0104	uca_ucfcrime:Test:Explosion027_x264:20.4	clip	3
uca:video_duration_bin:0104	uca_ucfcrime:Train:Fighting013_x264:18.6	clip	3
uca:video_duration_bin:0104	uca_ucfcrime:Train:Fighting038_x264:23.7	clip	3
uca:video_duration_bin:0104	uca_ucfcrime:Val:Fighting049_x264:47.1	clip	3
uca:video_duration_bin:0104	uca_ucfcrime:Train:Normal_Videos001_x264:5.7	clip	3
uca:video_duration_bin:0104	uca_ucfcrime:Train:Normal_Videos002_x264:52.8	clip	3
uca:video_duration_bin:0104	uca_ucfcrime:Train:Normal_Videos004_x264:28.1	clip	3
uca:video_duration_bin:0104	uca_ucfcrime:Train:Normal_Videos020_x264:12.2	clip	3
uca:video_duration_bin:0104	uca_ucfcrime:Train:Normal_Videos036_x264:31.0	clip	3
uca:video_duration_bin:0104	uca_ucfcrime:Train:Normal_Videos058_x264:19.2	clip	3
uca:video_duration_bin:0104	uca_ucfcrime:Train:Normal_Videos058_x264:25.7	clip	3
uca:video_duration_bin:0104	uca_ucfcrime:Train:Normal_Videos096_x264:7.3	clip	3
uca:video_duration_bin:0104	uca_ucfcrime:Train:Normal_Videos096_x264:13.3	clip	3
uca:video_duration_bin:0104	uca_ucfcrime:Train:Normal_Videos096_x264:24.2	clip	3
uca:video_duration_bin:0104	uca_ucfcrime:Train:Normal_Videos101_x264:31.4	clip	3
uca:video_duration_bin:0104	uca_ucfcrime:Train:Normal_Videos102_x264:7.0	clip	3
uca:video_duration_bin:0104	uca_ucfcrime:Train:Normal_Videos102_x264:25.2	clip	3
uca:video_duration_bin:0104	uca_ucfcrime:Train:Normal_Videos109_x264:34.9	clip	3
uca:video_duration_bin:0104	uca_ucfcrime:Train:Normal_Videos115_x264:7.1	clip	3
uca:video_duration_bin:0104	uca_ucfcrime:Train:Normal_Videos117_x264:31.1	clip	3
uca:video_duration_bin:0104	uca_ucfcrime:Train:Normal_Videos120_x264:6.6	clip	3
uca:video_duration_bin:0104	uca_ucfcrime:Train:Normal_Videos170_x264:34.5	clip	3
uca:video_duration_bin:0104	uca_ucfcrime:Train:Normal_Videos173_x264:10.1	clip	3
uca:video_duration_bin:0104	uca_ucfcrime:Train:Normal_Videos174_x264:8.1	clip	3
uca:video_duration_bin:0104	uca_ucfcrime:Train:Normal_Videos174_x264:24.7	clip	3
uca:video_duration_bin:0104	uca_ucfcrime:Train:Normal_Videos209_x264:13.1	clip	3
uca:video_duration_bin:0104	uca_ucfcrime:Train:Normal_Videos209_x264:16.7	clip	3
uca:video_duration_bin:0104	uca_ucfcrime:Train:Normal_Videos269_x264:4.6	clip	3
uca:video_duration_bin:0104	uca_ucfcrime:Train:Normal_Videos313_x264:21.8	clip	3
uca:video_duration_bin:0104	uca_ucfcrime:Train:Normal_Videos315_x264:1.7	clip	3
uca:video_duration_bin:0104	uca_ucfcrime:Train:Normal_Videos316_x264:28.0	clip	3
uca:video_duration_bin:0104	uca_ucfcrime:Train:Normal_Videos336_x264:38.2	clip	3
uca:video_duration_bin:0104	uca_ucfcrime:Train:Normal_Videos350_x264:37.1	clip	3
uca:video_duration_bin:0104	uca_ucfcrime:Train:Normal_Videos414_x264:8.2	clip	3
uca:video_duration_bin:0104	uca_ucfcrime:Train:Normal_Videos422_x264:23.4	clip	3
uca:video_duration_bin:0104	uca_ucfcrime:Test:Normal_Videos570_x264:16.3	clip	3
uca:video_duration_bin:0104	uca_ucfcrime:Test:Normal_Videos636_x264:37.1	clip	3
uca:video_duration_bin:0104	uca_ucfcrime:Val:Normal_Videos650_x264:26.3	clip	3
uca:video_duration_bin:0104	uca_ucfcrime:Val:Normal_Videos661_x264:13.7	clip	3
uca:video_duration_bin:0104	uca_ucfcrime:Val:Normal_Videos734_x264:23.9	clip	3
uca:video_duration_bin:0104	uca_ucfcrime:Val:Normal_Videos735_x264:26.2	clip	3
uca:video_duration_bin:0104	uca_ucfcrime:Val:Normal_Videos736_x264:18.4	clip	3
uca:video_duration_bin:0104	uca_ucfcrime:Val:Normal_Videos737_x264:21.6	clip	3
uca:video_duration_bin:0104	uca_ucfcrime:Val:Normal_Videos739_x264:23.6	clip	3
uca:video_duration_bin:0104	uca_ucfcrime:Val:Normal_Videos744_x264:30.3	clip	3
uca:video_duration_bin:0104	uca_ucfcrime:Val:Normal_Videos753_x264:22.4	clip	3
uca:video_duration_bin:0104	uca_ucfcrime:Val:Normal_Videos757_x264:14.8	clip	3
uca:video_duration_bin:0104	uca_ucfcrime:Val:Normal_Videos824_x264:33.1	clip	3
uca:video_duration_bin:0104	uca_ucfcrime:Train:Normal_Videos_010_x264:6.0	clip	3
uca:video_duration_bin:0104	uca_ucfcrime:Train:Normal_Videos_018_x264:38.2	clip	3
uca:video_duration_bin:0104	uca_ucfcrime:Train:Normal_Videos_317_x264:16.4	clip	3
uca:video_duration_bin:0104	uca_ucfcrime:Train:Normal_Videos_360_x264:13.7	clip	3
uca:video_duration_bin:0104	uca_ucfcrime:Test:Normal_Videos_928_x264:19.1	clip	3
uca:video_duration_bin:0104	uca_ucfcrime:Test:Normal_Videos_929_x264:26.6	clip	3
uca:video_duration_bin:0104	uca_ucfcrime:Val:Normal_Videos_936_x264:20.7	clip	3
uca:video_duration_bin:0104	uca_ucfcrime:Val:Normal_Videos_939_x264:5.1	clip	3
uca:video_duration_bin:0104	uca_ucfcrime:Val:Normal_Videos_939_x264:13.3	clip	3
uca:video_duration_bin:0104	uca_ucfcrime:Train:RoadAccidents003_x264:46.1	clip	3
uca:video_duration_bin:0104	uca_ucfcrime:Train:RoadAccidents008_x264:27.3	clip	3
uca:video_duration_bin:0104	uca_ucfcrime:Train:RoadAccidents028_x264:10.4	clip	3
uca:video_duration_bin:0104	uca_ucfcrime:Test:RoadAccidents114_x264:40.0	clip	3
uca:video_duration_bin:0104	uca_ucfcrime:Test:RoadAccidents133_x264:18.6	clip	3
uca:video_duration_bin:0104	uca_ucfcrime:Val:RoadAccidents146_x264:14.7	clip	3
uca:video_duration_bin:0104	uca_ucfcrime:Train:Robbery001_x264:16.9	clip	3
uca:video_duration_bin:0104	uca_ucfcrime:Train:Robbery003_x264:19.0	clip	3
uca:video_duration_bin:0104	uca_ucfcrime:Train:Robbery003_x264:30.2	clip	3
uca:video_duration_bin:0104	uca_ucfcrime:Train:Robbery031_x264:19.9	clip	3
uca:video_duration_bin:0104	uca_ucfcrime:Train:Robbery033_x264:17.1	clip	3
uca:video_duration_bin:0104	uca_ucfcrime:Train:Robbery033_x264:29.6	clip	3
uca:video_duration_bin:0104	uca_ucfcrime:Train:Robbery039_x264:5.5	clip	3
uca:video_duration_bin:0104	uca_ucfcrime:Train:Robbery039_x264:11.8	clip	3
uca:video_duration_bin:0104	uca_ucfcrime:Train:Robbery040_x264:26.2	clip	3
uca:video_duration_bin:0104	uca_ucfcrime:Train:Robbery044_x264:12.7	clip	3
uca:video_duration_bin:0104	uca_ucfcrime:Train:Robbery050_x264:53.3	clip	3
uca:video_duration_bin:0104	uca_ucfcrime:Train:Robbery071_x264:29.6	clip	3
uca:video_duration_bin:0104	uca_ucfcrime:Train:Robbery076_x264:18.6	clip	3
uca:video_duration_bin:0104	uca_ucfcrime:Train:Robbery077_x264:13.2	clip	3
uca:video_duration_bin:0104	uca_ucfcrime:Train:Robbery077_x264:20.6	clip	3
uca:video_duration_bin:0104	uca_ucfcrime:Train:Robbery077_x264:26.3	clip	3
uca:video_duration_bin:0104	uca_ucfcrime:Train:Robbery083_x264:3.6	clip	3
uca:video_duration_bin:0104	uca_ucfcrime:Train:Robbery083_x264:30.1	clip	3
uca:video_duration_bin:0104	uca_ucfcrime:Test:Robbery087_x264:1.1	clip	3
uca:video_duration_bin:0104	uca_ucfcrime:Test:Robbery106_x264:16.0	clip	3
uca:video_duration_bin:0104	uca_ucfcrime:Test:Robbery112_x264:9.3	clip	3
uca:video_duration_bin:0104	uca_ucfcrime:Test:Robbery112_x264:24.7	clip	3
uca:video_duration_bin:0104	uca_ucfcrime:Val:Robbery122_x264:10.4	clip	3
uca:video_duration_bin:0104	uca_ucfcrime:Val:Robbery122_x264:30.0	clip	3
uca:video_duration_bin:0104	uca_ucfcrime:Val:Robbery123_x264:31.8	clip	3
uca:video_duration_bin:0104	uca_ucfcrime:Val:Robbery126_x264:47.0	clip	3
uca:video_duration_bin:0104	uca_ucfcrime:Val:Robbery131_x264:16.4	clip	3
uca:video_duration_bin:0104	uca_ucfcrime:Val:Robbery132_x264:16.6	clip	3
uca:video_duration_bin:0104	uca_ucfcrime:Val:Robbery136_x264:14.8	clip	3
uca:video_duration_bin:0104	uca_ucfcrime:Val:Robbery140_x264:6.1	clip	3
uca:video_duration_bin:0104	uca_ucfcrime:Train:Shooting008_x264:10.3	clip	3
uca:video_duration_bin:0104	uca_ucfcrime:Train:Shooting008_x264:27.2	clip	3
uca:video_duration_bin:0104	uca_ucfcrime:Train:Shooting013_x264:30.4	clip	3
uca:video_duration_bin:0104	uca_ucfcrime:Train:Shooting026_x264:10.2	clip	3
uca:video_duration_bin:0104	uca_ucfcrime:Val:Shooting053_x264:25.4	clip	3
uca:video_duration_bin:0104	uca_ucfcrime:Val:Shooting054_x264:14.2	clip	3
uca:video_duration_bin:0104	uca_ucfcrime:Train:Shoplifting019_x264:9.2	clip	3
uca:video_duration_bin:0104	uca_ucfcrime:Train:Shoplifting024_x264:7.8	clip	3
uca:video_duration_bin:0104	uca_ucfcrime:Train:Shoplifting024_x264:32.0	clip	3
uca:video_duration_bin:0104	uca_ucfcrime:Train:Shoplifting026_x264:20.6	clip	3
uca:video_duration_bin:0104	uca_ucfcrime:Train:Shoplifting028_x264:10.0	clip	3
uca:video_duration_bin:0104	uca_ucfcrime:Train:Shoplifting028_x264:27.3	clip	3
uca:video_duration_bin:0104	uca_ucfcrime:Train:Shoplifting032_x264:45.0	clip	3
uca:video_duration_bin:0104	uca_ucfcrime:Train:Shoplifting033_x264:19.1	clip	3
uca:video_duration_bin:0104	uca_ucfcrime:Test:Shoplifting037_x264:4.7	clip	3
uca:video_duration_bin:0104	uca_ucfcrime:Val:Shoplifting054_x264:25.5	clip	3
uca:video_duration_bin:0104	uca_ucfcrime:Train:Stealing029_x264:8.6	clip	3
uca:video_duration_bin:0104	uca_ucfcrime:Train:Stealing055_x264:36.6	clip	3
uca:video_duration_bin:0104	uca_ucfcrime:Test:Stealing081_x264:38.2	clip	3
uca:video_duration_bin:0104	uca_ucfcrime:Val:Stealing097_x264:16.2	clip	3
uca:video_duration_bin:0104	uca_ucfcrime:Val:Stealing105_x264:4.0	clip	3
uca:video_duration_bin:0104	uca_ucfcrime:Train:Vandalism001_x264:37.7	clip	3
uca:video_duration_bin:0104	uca_ucfcrime:Train:Vandalism007_x264:20.2	clip	3
uca:video_duration_bin:0104	uca_ucfcrime:Train:Vandalism009_x264:17.6	clip	3
uca:video_duration_bin:0104	uca_ucfcrime:Train:Vandalism020_x264:26.6	clip	3
uca:video_duration_bin:0104	uca_ucfcrime:Train:Vandalism021_x264:8.6	clip	3
uca:video_duration_bin:0104	uca_ucfcrime:Train:Vandalism021_x264:38.8	clip	3
uca:video_duration_bin:0104	uca_ucfcrime:Train:Vandalism030_x264:4.5	clip	3
uca:video_duration_bin:0105	uca_ucfcrime:Test:Abuse038_x264:14.3	clip	3
uca:video_duration_bin:0105	uca_ucfcrime:Val:Abuse046_x264:17.9	clip	3
uca:video_duration_bin:0105	uca_ucfcrime:Train:Arson011_x264:5.9	clip	3
uca:video_duration_bin:0105	uca_ucfcrime:Test:Arson036_x264:14.3	clip	3
uca:video_duration_bin:0105	uca_ucfcrime:Test:Assault033_x264:5.5	clip	3
uca:video_duration_bin:0105	uca_ucfcrime:Test:Assault039_x264:2.4	clip	3
uca:video_duration_bin:0105	uca_ucfcrime:Train:Burglary030_x264:13.1	clip	3
uca:video_duration_bin:0105	uca_ucfcrime:Train:Burglary034_x264:11.6	clip	3
uca:video_duration_bin:0105	uca_ucfcrime:Train:Burglary038_x264:15.7	clip	3
uca:video_duration_bin:0105	uca_ucfcrime:Train:Burglary043_x264:17.1	clip	3
uca:video_duration_bin:0105	uca_ucfcrime:Train:Burglary048_x264:7.8	clip	3
uca:video_duration_bin:0105	uca_ucfcrime:Train:Burglary050_x264:2.8	clip	3
uca:video_duration_bin:0105	uca_ucfcrime:Train:Burglary050_x264:26.6	clip	3
uca:video_duration_bin:0105	uca_ucfcrime:Train:Burglary051_x264:27.1	clip	3
uca:video_duration_bin:0105	uca_ucfcrime:Train:Burglary059_x264:11.2	clip	3
uca:video_duration_bin:0105	uca_ucfcrime:Test:Burglary067_x264:25.0	clip	3
uca:video_duration_bin:0105	uca_ucfcrime:Test:Burglary068_x264:3.3	clip	3
uca:video_duration_bin:0105	uca_ucfcrime:Val:Burglary093_x264:16.8	clip	3
uca:video_duration_bin:0105	uca_ucfcrime:Val:Burglary093_x264:22.1	clip	3
uca:video_duration_bin:0105	uca_ucfcrime:Val:Burglary099_x264:1.9	clip	3
uca:video_duration_bin:0105	uca_ucfcrime:Train:Fighting012_x264:23.3	clip	3
uca:video_duration_bin:0105	uca_ucfcrime:Train:Normal_Videos062_x264:26.8	clip	3
uca:video_duration_bin:0105	uca_ucfcrime:Train:Normal_Videos174_x264:24.7	clip	3
uca:video_duration_bin:0105	uca_ucfcrime:Train:Normal_Videos178_x264:13.3	clip	3
uca:video_duration_bin:0105	uca_ucfcrime:Train:Normal_Videos222_x264:26.1	clip	3
uca:video_duration_bin:0105	uca_ucfcrime:Train:Normal_Videos227_x264:19.6	clip	3
uca:video_duration_bin:0105	uca_ucfcrime:Train:Normal_Videos230_x264:14.6	clip	3
uca:video_duration_bin:0105	uca_ucfcrime:Train:Normal_Videos233_x264:24.1	clip	3
uca:video_duration_bin:0105	uca_ucfcrime:Train:Normal_Videos237_x264:10.6	clip	3
uca:video_duration_bin:0105	uca_ucfcrime:Train:Normal_Videos258_x264:35.7	clip	3
uca:video_duration_bin:0105	uca_ucfcrime:Train:Normal_Videos334_x264:15.1	clip	3
uca:video_duration_bin:0105	uca_ucfcrime:Train:Normal_Videos338_x264:3.0	clip	3
uca:video_duration_bin:0105	uca_ucfcrime:Train:Normal_Videos344_x264:3.5	clip	3
uca:video_duration_bin:0105	uca_ucfcrime:Train:Normal_Videos348_x264:32.5	clip	3
uca:video_duration_bin:0105	uca_ucfcrime:Train:Normal_Videos356_x264:8.0	clip	3
uca:video_duration_bin:0105	uca_ucfcrime:Train:Normal_Videos362_x264:20.1	clip	3
uca:video_duration_bin:0105	uca_ucfcrime:Train:Normal_Videos412_x264:16.6	clip	3
uca:video_duration_bin:0105	uca_ucfcrime:Train:Normal_Videos422_x264:5.6	clip	3
uca:video_duration_bin:0105	uca_ucfcrime:Train:Normal_Videos422_x264:38.9	clip	3
uca:video_duration_bin:0105	uca_ucfcrime:Train:Normal_Videos441_x264:17.4	clip	3
uca:video_duration_bin:0105	uca_ucfcrime:Train:Normal_Videos441_x264:43.3	clip	3
uca:video_duration_bin:0105	uca_ucfcrime:Test:Normal_Videos558_x264:52.6	clip	3
uca:video_duration_bin:0105	uca_ucfcrime:Test:Normal_Videos604_x264:6.7	clip	3
uca:video_duration_bin:0105	uca_ucfcrime:Test:Normal_Videos611_x264:19.3	clip	3
uca:video_duration_bin:0105	uca_ucfcrime:Val:Normal_Videos644_x264:12.1	clip	3
uca:video_duration_bin:0105	uca_ucfcrime:Val:Normal_Videos650_x264:10.4	clip	3
uca:video_duration_bin:0105	uca_ucfcrime:Val:Normal_Videos680_x264:16.0	clip	3
uca:video_duration_bin:0105	uca_ucfcrime:Val:Normal_Videos698_x264:19.1	clip	3
uca:video_duration_bin:0105	uca_ucfcrime:Val:Normal_Videos727_x264:11.9	clip	3
uca:video_duration_bin:0105	uca_ucfcrime:Val:Normal_Videos772_x264:22.2	clip	3
uca:video_duration_bin:0105	uca_ucfcrime:Val:Normal_Videos823_x264:22.8	clip	3
uca:video_duration_bin:0105	uca_ucfcrime:Val:Normal_Videos865_x264:36.2	clip	3
uca:video_duration_bin:0105	uca_ucfcrime:Val:Normal_Videos917_x264:25.3	clip	3
uca:video_duration_bin:0105	uca_ucfcrime:Train:Normal_Videos_063_x264:8.5	clip	3
uca:video_duration_bin:0105	uca_ucfcrime:Train:Normal_Videos_067_x264:22.5	clip	3
uca:video_duration_bin:0105	uca_ucfcrime:Train:Normal_Videos_070_x264:1.6	clip	3
uca:video_duration_bin:0105	uca_ucfcrime:Train:Normal_Videos_070_x264:17.4	clip	3
uca:video_duration_bin:0105	uca_ucfcrime:Train:Normal_Videos_248_x264:35.9	clip	3
uca:video_duration_bin:0105	uca_ucfcrime:Train:Normal_Videos_251_x264:5.7	clip	3
uca:video_duration_bin:0105	uca_ucfcrime:Train:Normal_Videos_899_x264:17.4	clip	3
uca:video_duration_bin:0105	uca_ucfcrime:Train:RoadAccidents083_x264:16.6	clip	3
uca:video_duration_bin:0105	uca_ucfcrime:Val:RoadAccidents146_x264:14.7	clip	3
uca:video_duration_bin:0105	uca_ucfcrime:Train:Robbery004_x264:9.9	clip	3
uca:video_duration_bin:0105	uca_ucfcrime:Train:Robbery004_x264:28.1	clip	3
uca:video_duration_bin:0105	uca_ucfcrime:Train:Robbery011_x264:52.6	clip	3
uca:video_duration_bin:0105	uca_ucfcrime:Train:Robbery031_x264:30.1	clip	3
uca:video_duration_bin:0105	uca_ucfcrime:Train:Robbery033_x264:3.1	clip	3
uca:video_duration_bin:0105	uca_ucfcrime:Train:Robbery039_x264:5.5	clip	3
uca:video_duration_bin:0105	uca_ucfcrime:Train:Robbery040_x264:6.5	clip	3
uca:video_duration_bin:0105	uca_ucfcrime:Train:Robbery040_x264:26.2	clip	3
uca:video_duration_bin:0105	uca_ucfcrime:Train:Robbery041_x264:5.8	clip	3
uca:video_duration_bin:0105	uca_ucfcrime:Train:Robbery043_x264:5.6	clip	3
uca:video_duration_bin:0105	uca_ucfcrime:Train:Robbery047_x264:7.1	clip	3
uca:video_duration_bin:0105	uca_ucfcrime:Train:Robbery082_x264:4.2	clip	3
uca:video_duration_bin:0105	uca_ucfcrime:Test:Robbery093_x264:2.0	clip	3
uca:video_duration_bin:0105	uca_ucfcrime:Test:Robbery099_x264:51.2	clip	3
uca:video_duration_bin:0105	uca_ucfcrime:Val:Robbery116_x264:14.5	clip	3
uca:video_duration_bin:0105	uca_ucfcrime:Val:Robbery120_x264:5.1	clip	3
uca:video_duration_bin:0105	uca_ucfcrime:Val:Robbery122_x264:4.1	clip	3
uca:video_duration_bin:0105	uca_ucfcrime:Val:Robbery126_x264:5.2	clip	3
uca:video_duration_bin:0105	uca_ucfcrime:Val:Robbery131_x264:3.2	clip	3
uca:video_duration_bin:0105	uca_ucfcrime:Val:Robbery143_x264:10.4	clip	3
uca:video_duration_bin:0105	uca_ucfcrime:Val:Robbery145_x264:39.0	clip	3
uca:video_duration_bin:0105	uca_ucfcrime:Val:Shoplifting045_x264:4.8	clip	3
uca:video_duration_bin:0105	uca_ucfcrime:Val:Shoplifting045_x264:53.0	clip	3
uca:video_duration_bin:0105	uca_ucfcrime:Test:Stealing082_x264:47.7	clip	3
uca:event_position_bin:0106	uca_ucfcrime:Train:Abuse001_x264:10.1	clip	3
uca:event_position_bin:0106	uca_ucfcrime:Train:Abuse017_x264:19.0	clip	3
uca:event_position_bin:0106	uca_ucfcrime:Train:Abuse031_x264:23.8	clip	3
uca:event_position_bin:0106	uca_ucfcrime:Val:Abuse044_x264:36.2	clip	3
uca:event_position_bin:0106	uca_ucfcrime:Train:Arrest041_x264:35.8	clip	3
uca:event_position_bin:0106	uca_ucfcrime:Train:Assault008_x264:31.8	clip	3
uca:event_position_bin:0106	uca_ucfcrime:Train:Assault008_x264:81.7	clip	3
uca:event_position_bin:0106	uca_ucfcrime:Train:Burglary001_x264:32.1	clip	3
uca:event_position_bin:0106	uca_ucfcrime:Test:Burglary080_x264:5.0	clip	3
uca:event_position_bin:0106	uca_ucfcrime:Test:Explosion020_x264:3.6	clip	3
uca:event_position_bin:0106	uca_ucfcrime:Test:Explosion021_x264:6.9	clip	3
uca:event_position_bin:0106	uca_ucfcrime:Train:Fighting008_x264:109.1	clip	3
uca:event_position_bin:0106	uca_ucfcrime:Train:Fighting026_x264:24.3	clip	3
uca:event_position_bin:0106	uca_ucfcrime:Test:Normal_Videos549_x264:95.8	clip	3
uca:event_position_bin:0106	uca_ucfcrime:Train:Normal_Videos_175_x264:60.5	clip	3
uca:event_position_bin:0106	uca_ucfcrime:Train:RoadAccidents003_x264:11.9	clip	3
uca:event_position_bin:0106	uca_ucfcrime:Train:RoadAccidents024_x264:10.9	clip	3
uca:event_position_bin:0106	uca_ucfcrime:Train:RoadAccidents053_x264:4.5	clip	3
uca:event_position_bin:0106	uca_ucfcrime:Train:RoadAccidents077_x264:5.9	clip	3
uca:event_position_bin:0106	uca_ucfcrime:Train:RoadAccidents090_x264:8.7	clip	3
uca:event_position_bin:0106	uca_ucfcrime:Train:RoadAccidents104_x264:4.8	clip	3
uca:event_position_bin:0106	uca_ucfcrime:Test:RoadAccidents109_x264:1.9	clip	3
uca:event_position_bin:0106	uca_ucfcrime:Test:RoadAccidents137_x264:9.1	clip	3
uca:event_position_bin:0106	uca_ucfcrime:Test:RoadAccidents143_x264:8.3	clip	3
uca:event_position_bin:0106	uca_ucfcrime:Train:Robbery080_x264:23.8	clip	3
uca:event_position_bin:0106	uca_ucfcrime:Train:Robbery081_x264:5.0	clip	3
uca:event_position_bin:0106	uca_ucfcrime:Train:Shooting004_x264:19.8	clip	3
uca:event_position_bin:0106	uca_ucfcrime:Train:Stealing004_x264:3.8	clip	3
uca:event_position_bin:0107	uca_ucfcrime:Train:Abuse001_x264:22.5	clip	3
uca:event_position_bin:0107	uca_ucfcrime:Train:Abuse003_x264:40.8	clip	3
uca:event_position_bin:0107	uca_ucfcrime:Train:Abuse006_x264:37.5	clip	3
uca:event_position_bin:0107	uca_ucfcrime:Train:Abuse013_x264:3.4	clip	3
uca:event_position_bin:0107	uca_ucfcrime:Train:Abuse017_x264:19.0	clip	3
uca:event_position_bin:0107	uca_ucfcrime:Train:Abuse018_x264:6.2	clip	3
uca:event_position_bin:0107	uca_ucfcrime:Train:Abuse020_x264:7.4	clip	3
uca:event_position_bin:0107	uca_ucfcrime:Train:Abuse023_x264:4.8	clip	3
uca:event_position_bin:0107	uca_ucfcrime:Train:Abuse028_x264:3.7	clip	3
uca:event_position_bin:0107	uca_ucfcrime:Test:Abuse038_x264:5.4	clip	3
uca:event_position_bin:0107	uca_ucfcrime:Val:Abuse043_x264:40.5	clip	3
uca:event_position_bin:0107	uca_ucfcrime:Val:Abuse045_x264:6.0	clip	3
uca:event_position_bin:0107	uca_ucfcrime:Val:Abuse045_x264:46.0	clip	3
uca:event_position_bin:0107	uca_ucfcrime:Val:Abuse046_x264:7.4	clip	3
uca:event_position_bin:0107	uca_ucfcrime:Val:Abuse047_x264:5.4	clip	3
uca:event_position_bin:0107	uca_ucfcrime:Train:Arrest006_x264:22.1	clip	3
uca:event_position_bin:0107	uca_ucfcrime:Train:Arrest008_x264:56.7	clip	3
uca:event_position_bin:0107	uca_ucfcrime:Train:Arrest017_x264:33.1	clip	3
uca:event_position_bin:0107	uca_ucfcrime:Train:Arrest040_x264:14.6	clip	3
uca:event_position_bin:0107	uca_ucfcrime:Test:Arrest043_x264:109.2	clip	3
uca:event_position_bin:0107	uca_ucfcrime:Val:Arson045_x264:24.6	clip	3
uca:event_position_bin:0107	uca_ucfcrime:Train:Assault001_x264:8.8	clip	3
uca:event_position_bin:0107	uca_ucfcrime:Train:Assault001_x264:25.6	clip	3
uca:event_position_bin:0107	uca_ucfcrime:Train:Assault002_x264:17.9	clip	3
uca:event_position_bin:0107	uca_ucfcrime:Train:Assault003_x264:39.0	clip	3
uca:event_position_bin:0107	uca_ucfcrime:Train:Assault006_x264:55.7	clip	3
uca:event_position_bin:0107	uca_ucfcrime:Train:Assault009_x264:24.2	clip	3
uca:event_position_bin:0107	uca_ucfcrime:Train:Assault011_x264:25.1	clip	3
uca:event_position_bin:0107	uca_ucfcrime:Train:Assault013_x264:22.8	clip	3
uca:event_position_bin:0107	uca_ucfcrime:Train:Assault013_x264:22.9	clip	3
uca:event_position_bin:0107	uca_ucfcrime:Train:Assault016_x264:35.9	clip	3
uca:event_position_bin:0107	uca_ucfcrime:Train:Assault018_x264:2.3	clip	3
uca:event_position_bin:0107	uca_ucfcrime:Train:Assault020_x264:4.4	clip	3
uca:event_position_bin:0107	uca_ucfcrime:Train:Assault024_x264:4.1	clip	3
uca:event_position_bin:0107	uca_ucfcrime:Test:Assault028_x264:25.3	clip	3
uca:event_position_bin:0107	uca_ucfcrime:Test:Assault036_x264:2.4	clip	3
uca:event_position_bin:0107	uca_ucfcrime:Test:Assault037_x264:23.1	clip	3
uca:event_position_bin:0107	uca_ucfcrime:Test:Assault040_x264:30.1	clip	3
uca:event_position_bin:0107	uca_ucfcrime:Val:Assault042_x264:75.7	clip	3
uca:event_position_bin:0107	uca_ucfcrime:Val:Assault047_x264:6.2	clip	3
uca:event_position_bin:0107	uca_ucfcrime:Val:Assault048_x264:8.0	clip	3
uca:event_position_bin:0107	uca_ucfcrime:Train:Burglary011_x264:3.8	clip	3
uca:event_position_bin:0107	uca_ucfcrime:Train:Burglary014_x264:20.2	clip	3
uca:event_position_bin:0107	uca_ucfcrime:Train:Burglary021_x264:4.7	clip	3
uca:event_position_bin:0107	uca_ucfcrime:Train:Burglary047_x264:16.6	clip	3
uca:event_position_bin:0107	uca_ucfcrime:Train:Burglary049_x264:4.5	clip	3
uca:event_position_bin:0107	uca_ucfcrime:Train:Burglary058_x264:4.5	clip	3
uca:event_position_bin:0107	uca_ucfcrime:Test:Explosion027_x264:5.7	clip	3
uca:event_position_bin:0107	uca_ucfcrime:Train:Fighting004_x264:1.7	clip	3
uca:event_position_bin:0107	uca_ucfcrime:Train:Fighting007_x264:6.1	clip	3
uca:event_position_bin:0107	uca_ucfcrime:Train:Fighting011_x264:67.7	clip	3
uca:event_position_bin:0107	uca_ucfcrime:Train:Fighting012_x264:6.0	clip	3
uca:event_position_bin:0107	uca_ucfcrime:Train:Fighting013_x264:1.6	clip	3
uca:event_position_bin:0107	uca_ucfcrime:Train:Fighting017_x264:17.5	clip	3
uca:event_position_bin:0107	uca_ucfcrime:Train:Fighting018_x264:7.4	clip	3
uca:event_position_bin:0107	uca_ucfcrime:Train:Fighting018_x264:9.9	clip	3
uca:event_position_bin:0107	uca_ucfcrime:Train:Fighting019_x264:26.6	clip	3
uca:event_position_bin:0107	uca_ucfcrime:Train:Fighting029_x264:7.8	clip	3
uca:event_position_bin:0107	uca_ucfcrime:Train:Fighting036_x264:5.8	clip	3
uca:event_position_bin:0107	uca_ucfcrime:Train:Fighting036_x264:40.0	clip	3
uca:event_position_bin:0107	uca_ucfcrime:Val:Fighting045_x264:30.6	clip	3
uca:event_position_bin:0107	uca_ucfcrime:Val:Fighting045_x264:60.2	clip	3
uca:event_position_bin:0107	uca_ucfcrime:Val:Fighting047_x264:4.2	clip	3
uca:event_position_bin:0107	uca_ucfcrime:Val:Fighting047_x264:20.2	clip	3
uca:event_position_bin:0107	uca_ucfcrime:Val:Fighting048_x264:70.5	clip	3
uca:event_position_bin:0107	uca_ucfcrime:Val:Fighting049_x264:6.3	clip	3
uca:event_position_bin:0107	uca_ucfcrime:Train:RoadAccidents008_x264:8.9	clip	3
uca:event_position_bin:0107	uca_ucfcrime:Train:RoadAccidents018_x264:13.1	clip	3
uca:event_position_bin:0107	uca_ucfcrime:Train:RoadAccidents022_x264:5.9	clip	3
uca:event_position_bin:0107	uca_ucfcrime:Train:RoadAccidents024_x264:10.9	clip	3
uca:event_position_bin:0107	uca_ucfcrime:Train:RoadAccidents029_x264:1.0	clip	3
uca:event_position_bin:0107	uca_ucfcrime:Train:RoadAccidents031_x264:5.0	clip	3
uca:event_position_bin:0107	uca_ucfcrime:Train:RoadAccidents034_x264:3.7	clip	3
uca:event_position_bin:0107	uca_ucfcrime:Train:RoadAccidents036_x264:4.2	clip	3
uca:event_position_bin:0107	uca_ucfcrime:Train:RoadAccidents038_x264:3.0	clip	3
uca:event_position_bin:0107	uca_ucfcrime:Train:RoadAccidents039_x264:2.5	clip	3
uca:event_position_bin:0107	uca_ucfcrime:Train:RoadAccidents057_x264:16.8	clip	3
uca:event_position_bin:0107	uca_ucfcrime:Train:RoadAccidents059_x264:7.9	clip	3
uca:event_position_bin:0107	uca_ucfcrime:Train:RoadAccidents061_x264:5.9	clip	3
uca:event_position_bin:0107	uca_ucfcrime:Train:RoadAccidents066_x264:6.5	clip	3
uca:event_position_bin:0107	uca_ucfcrime:Train:RoadAccidents079_x264:5.1	clip	3
uca:event_position_bin:0107	uca_ucfcrime:Train:RoadAccidents086_x264:8.3	clip	3
uca:event_position_bin:0107	uca_ucfcrime:Train:RoadAccidents088_x264:7.7	clip	3
uca:event_position_bin:0107	uca_ucfcrime:Train:RoadAccidents092_x264:7.8	clip	3
uca:event_position_bin:0107	uca_ucfcrime:Train:RoadAccidents093_x264:8.5	clip	3
uca:event_position_bin:0107	uca_ucfcrime:Train:RoadAccidents094_x264:8.2	clip	3
uca:event_position_bin:0107	uca_ucfcrime:Train:RoadAccidents095_x264:8.4	clip	3
uca:event_position_bin:0107	uca_ucfcrime:Train:RoadAccidents103_x264:3.3	clip	3
uca:event_position_bin:0107	uca_ucfcrime:Train:RoadAccidents105_x264:5.0	clip	3
uca:event_position_bin:0107	uca_ucfcrime:Train:RoadAccidents108_x264:31.8	clip	3
uca:event_position_bin:0107	uca_ucfcrime:Test:RoadAccidents109_x264:1.9	clip	3
uca:event_position_bin:0107	uca_ucfcrime:Test:RoadAccidents114_x264:17.4	clip	3
uca:event_position_bin:0107	uca_ucfcrime:Test:RoadAccidents115_x264:6.5	clip	3
uca:event_position_bin:0107	uca_ucfcrime:Test:RoadAccidents117_x264:8.1	clip	3
uca:event_position_bin:0107	uca_ucfcrime:Test:RoadAccidents118_x264:5.5	clip	3
uca:event_position_bin:0107	uca_ucfcrime:Test:RoadAccidents118_x264:6.2	clip	3
uca:event_position_bin:0107	uca_ucfcrime:Test:RoadAccidents124_x264:5.0	clip	3
uca:event_position_bin:0107	uca_ucfcrime:Test:RoadAccidents124_x264:12.6	clip	3
uca:event_position_bin:0107	uca_ucfcrime:Test:RoadAccidents128_x264:5.5	clip	3
uca:event_position_bin:0107	uca_ucfcrime:Test:RoadAccidents130_x264:7.9	clip	3
uca:event_position_bin:0107	uca_ucfcrime:Test:RoadAccidents132_x264:10.4	clip	3
uca:event_position_bin:0107	uca_ucfcrime:Test:RoadAccidents138_x264:7.6	clip	3
uca:event_position_bin:0107	uca_ucfcrime:Test:RoadAccidents141_x264:11.4	clip	3
uca:event_position_bin:0107	uca_ucfcrime:Val:RoadAccidents149_x264:3.4	clip	3
uca:event_position_bin:0107	uca_ucfcrime:Val:RoadAccidents150_x264:14.2	clip	3
uca:event_position_bin:0107	uca_ucfcrime:Train:Robbery008_x264:20.2	clip	3
uca:event_position_bin:0107	uca_ucfcrime:Train:Robbery024_x264:14.8	clip	3
uca:event_position_bin:0107	uca_ucfcrime:Train:Robbery061_x264:22.2	clip	3
uca:event_position_bin:0107	uca_ucfcrime:Train:Robbery065_x264:14.8	clip	3
uca:event_position_bin:0107	uca_ucfcrime:Train:Robbery081_x264:5.0	clip	3
uca:event_position_bin:0107	uca_ucfcrime:Test:Robbery085_x264:12.5	clip	3
uca:event_position_bin:0107	uca_ucfcrime:Val:Robbery128_x264:16.4	clip	3
uca:event_position_bin:0107	uca_ucfcrime:Val:Robbery135_x264:20.8	clip	3
uca:event_position_bin:0107	uca_ucfcrime:Val:Robbery138_x264:6.8	clip	3
uca:event_position_bin:0107	uca_ucfcrime:Train:Shooting003_x264:24.6	clip	3
uca:event_position_bin:0107	uca_ucfcrime:Test:Shooting036_x264:18.6	clip	3
uca:event_position_bin:0107	uca_ucfcrime:Train:Shoplifting033_x264:5.5	clip	3
uca:event_position_bin:0107	uca_ucfcrime:Train:Vandalism004_x264:5.5	clip	3
uca:event_position_bin:0107	uca_ucfcrime:Train:Vandalism006_x264:5.2	clip	3
uca:event_position_bin:0107	uca_ucfcrime:Train:Vandalism030_x264:4.5	clip	3
uca:event_position_bin:0107	uca_ucfcrime:Val:Vandalism044_x264:47.7	clip	3
uca:event_position_bin:0107	uca_ucfcrime:Val:Vandalism047_x264:5.0	clip	3
uca:event_position_bin:0108	uca_ucfcrime:Train:Arrest011_x264:12.2	clip	3
uca:event_position_bin:0108	uca_ucfcrime:Train:Arson003_x264:39.7	clip	3
uca:event_position_bin:0108	uca_ucfcrime:Train:Arson012_x264:3.5	clip	3
uca:event_position_bin:0108	uca_ucfcrime:Train:Arson019_x264:953.1	clip	3
uca:event_position_bin:0108	uca_ucfcrime:Test:Arson030_x264:23.4	clip	3
uca:event_position_bin:0108	uca_ucfcrime:Test:Arson030_x264:51.2	clip	3
uca:event_position_bin:0108	uca_ucfcrime:Test:Arson032_x264:11.5	clip	3
uca:event_position_bin:0108	uca_ucfcrime:Test:Arson032_x264:28.6	clip	3
uca:event_position_bin:0108	uca_ucfcrime:Test:Arson039_x264:9.4	clip	3
uca:event_position_bin:0108	uca_ucfcrime:Val:Arson040_x264:13.4	clip	3
uca:event_position_bin:0108	uca_ucfcrime:Val:Arson044_x264:7.0	clip	3
uca:event_position_bin:0108	uca_ucfcrime:Val:Arson049_x264:2.6	clip	3
uca:event_position_bin:0108	uca_ucfcrime:Val:Arson052_x264:35.6	clip	3
uca:event_position_bin:0108	uca_ucfcrime:Train:Explosion004_x264:1.1	clip	3
uca:event_position_bin:0108	uca_ucfcrime:Test:Explosion010_x264:25.6	clip	3
uca:event_position_bin:0108	uca_ucfcrime:Test:Explosion012_x264:6.4	clip	3
uca:event_position_bin:0108	uca_ucfcrime:Test:Explosion015_x264:3.7	clip	3
uca:event_position_bin:0108	uca_ucfcrime:Test:Explosion018_x264:2.5	clip	3
uca:event_position_bin:0108	uca_ucfcrime:Test:Explosion020_x264:8.8	clip	3
uca:event_position_bin:0108	uca_ucfcrime:Test:Explosion027_x264:5.7	clip	3
uca:event_position_bin:0108	uca_ucfcrime:Test:Explosion028_x264:15.2	clip	3
uca:event_position_bin:0108	uca_ucfcrime:Val:Explosion030_x264:29.6	clip	3
uca:event_position_bin:0108	uca_ucfcrime:Val:Explosion032_x264:7.3	clip	3
uca:event_position_bin:0108	uca_ucfcrime:Val:Explosion032_x264:19.2	clip	3
uca:event_position_bin:0108	uca_ucfcrime:Val:Explosion035_x264:28.1	clip	3
uca:event_position_bin:0108	uca_ucfcrime:Val:Explosion038_x264:10.4	clip	3
uca:event_position_bin:0108	uca_ucfcrime:Val:Explosion042_x264:17.4	clip	3
uca:event_position_bin:0108	uca_ucfcrime:Val:Explosion048_x264:4.4	clip	3
uca:event_position_bin:0108	uca_ucfcrime:Val:Explosion052_x264:15.0	clip	3
uca:event_position_bin:0108	uca_ucfcrime:Val:Normal_Videos668_x264:16.0	clip	3
uca:event_position_bin:0108	uca_ucfcrime:Test:RoadAccidents130_x264:7.9	clip	3
uca:event_position_bin:0108	uca_ucfcrime:Train:Shooting026_x264:10.2	clip	3
uca:event_position_bin:0108	uca_ucfcrime:Train:Vandalism006_x264:5.2	clip	3
uca:event_position_bin:0109	uca_ucfcrime:Train:Arrest016_x264:38.6	clip	3
uca:event_position_bin:0109	uca_ucfcrime:Train:Arrest016_x264:80.3	clip	3
uca:event_position_bin:0109	uca_ucfcrime:Train:Arrest035_x264:24.8	clip	3
uca:event_position_bin:0109	uca_ucfcrime:Train:Arrest038_x264:1.6	clip	3
uca:event_position_bin:0109	uca_ucfcrime:Train:Arrest042_x264:14.5	clip	3
uca:event_position_bin:0109	uca_ucfcrime:Test:Assault032_x264:3.8	clip	3
uca:event_position_bin:0109	uca_ucfcrime:Train:Burglary012_x264:3.5	clip	3
uca:event_position_bin:0109	uca_ucfcrime:Train:Burglary024_x264:37.9	clip	3
uca:event_position_bin:0109	uca_ucfcrime:Test:Burglary077_x264:3.9	clip	3
uca:event_position_bin:0109	uca_ucfcrime:Test:Burglary077_x264:20.4	clip	3
uca:event_position_bin:0109	uca_ucfcrime:Train:Fighting028_x264:11.4	clip	3
uca:event_position_bin:0109	uca_ucfcrime:Test:Normal_Videos594_x264:8.7	clip	3
uca:event_position_bin:0109	uca_ucfcrime:Train:Robbery005_x264:11.1	clip	3
uca:event_position_bin:0109	uca_ucfcrime:Train:Robbery006_x264:27.0	clip	3
uca:event_position_bin:0109	uca_ucfcrime:Train:Robbery013_x264:3.5	clip	3
uca:event_position_bin:0109	uca_ucfcrime:Train:Robbery020_x264:45.2	clip	3
uca:event_position_bin:0109	uca_ucfcrime:Train:Robbery025_x264:3.1	clip	3
uca:event_position_bin:0109	uca_ucfcrime:Train:Robbery028_x264:10.2	clip	3
uca:event_position_bin:0109	uca_ucfcrime:Train:Robbery033_x264:3.1	clip	3
uca:event_position_bin:0109	uca_ucfcrime:Train:Robbery036_x264:30.6	clip	3
uca:event_position_bin:0109	uca_ucfcrime:Train:Robbery041_x264:5.8	clip	3
uca:event_position_bin:0109	uca_ucfcrime:Train:Robbery043_x264:5.6	clip	3
uca:event_position_bin:0109	uca_ucfcrime:Train:Robbery046_x264:8.7	clip	3
uca:event_position_bin:0109	uca_ucfcrime:Train:Robbery047_x264:7.1	clip	3
uca:event_position_bin:0109	uca_ucfcrime:Train:Robbery051_x264:8.4	clip	3
uca:event_position_bin:0109	uca_ucfcrime:Train:Robbery056_x264:6.2	clip	3
uca:event_position_bin:0109	uca_ucfcrime:Train:Robbery056_x264:30.1	clip	3
uca:event_position_bin:0109	uca_ucfcrime:Train:Robbery057_x264:13.9	clip	3
uca:event_position_bin:0109	uca_ucfcrime:Train:Robbery059_x264:13.9	clip	3
uca:event_position_bin:0109	uca_ucfcrime:Train:Robbery060_x264:10.3	clip	3
uca:event_position_bin:0109	uca_ucfcrime:Train:Robbery062_x264:4.7	clip	3
uca:event_position_bin:0109	uca_ucfcrime:Train:Robbery077_x264:4.2	clip	3
uca:event_position_bin:0109	uca_ucfcrime:Train:Robbery078_x264:12.9	clip	3
uca:event_position_bin:0109	uca_ucfcrime:Train:Robbery078_x264:21.3	clip	3
uca:event_position_bin:0109	uca_ucfcrime:Train:Robbery084_x264:26.2	clip	3
uca:event_position_bin:0109	uca_ucfcrime:Test:Robbery087_x264:1.1	clip	3
uca:event_position_bin:0109	uca_ucfcrime:Test:Robbery091_x264:6.9	clip	3
uca:event_position_bin:0109	uca_ucfcrime:Test:Robbery091_x264:16.1	clip	3
uca:event_position_bin:0109	uca_ucfcrime:Test:Robbery094_x264:1.2	clip	3
uca:event_position_bin:0109	uca_ucfcrime:Val:Robbery115_x264:6.0	clip	3
uca:event_position_bin:0109	uca_ucfcrime:Val:Robbery120_x264:5.1	clip	3
uca:event_position_bin:0109	uca_ucfcrime:Val:Robbery122_x264:10.4	clip	3
uca:event_position_bin:0109	uca_ucfcrime:Val:Robbery124_x264:76.9	clip	3
uca:event_position_bin:0109	uca_ucfcrime:Val:Robbery127_x264:3.5	clip	3
uca:event_position_bin:0109	uca_ucfcrime:Val:Robbery129_x264:5.2	clip	3
uca:event_position_bin:0109	uca_ucfcrime:Val:Robbery132_x264:6.0	clip	3
uca:event_position_bin:0109	uca_ucfcrime:Val:Robbery140_x264:6.1	clip	3
uca:event_position_bin:0109	uca_ucfcrime:Val:Robbery143_x264:10.4	clip	3
uca:event_position_bin:0109	uca_ucfcrime:Val:Robbery147_x264:7.7	clip	3
uca:event_position_bin:0109	uca_ucfcrime:Train:Shooting004_x264:12.9	clip	3
uca:event_position_bin:0109	uca_ucfcrime:Train:Shooting004_x264:16.9	clip	3
uca:event_position_bin:0109	uca_ucfcrime:Train:Shooting008_x264:10.3	clip	3
uca:event_position_bin:0109	uca_ucfcrime:Train:Shooting026_x264:10.2	clip	3
uca:event_position_bin:0110	uca_ucfcrime:Train:Abuse001_x264:8.6	clip	3
uca:event_position_bin:0110	uca_ucfcrime:Train:Abuse002_x264:8.3	clip	3
uca:event_position_bin:0110	uca_ucfcrime:Train:Abuse010_x264:10.4	clip	3
uca:event_position_bin:0110	uca_ucfcrime:Train:Abuse016_x264:5.2	clip	3
uca:event_position_bin:0110	uca_ucfcrime:Train:Abuse016_x264:14.2	clip	3
uca:event_position_bin:0110	uca_ucfcrime:Train:Abuse025_x264:21.9	clip	3
uca:event_position_bin:0110	uca_ucfcrime:Train:Abuse028_x264:10.7	clip	3
uca:event_position_bin:0110	uca_ucfcrime:Train:Abuse034_x264:15.1	clip	3
uca:event_position_bin:0110	uca_ucfcrime:Test:Abuse037_x264:16.9	clip	3
uca:event_position_bin:0110	uca_ucfcrime:Train:Arrest018_x264:25.8	clip	3
uca:event_position_bin:0110	uca_ucfcrime:Train:Arrest019_x264:9.9	clip	3
uca:event_position_bin:0110	uca_ucfcrime:Train:Arrest037_x264:13.3	clip	3
uca:event_position_bin:0110	uca_ucfcrime:Train:Arson003_x264:8.8	clip	3
uca:event_position_bin:0110	uca_ucfcrime:Test:Arson038_x264:4.7	clip	3
uca:event_position_bin:0110	uca_ucfcrime:Test:Arson039_x264:19.8	clip	3
uca:event_position_bin:0110	uca_ucfcrime:Val:Arson045_x264:24.6	clip	3
uca:event_position_bin:0110	uca_ucfcrime:Val:Arson052_x264:35.6	clip	3
uca:event_position_bin:0110	uca_ucfcrime:Train:Assault004_x264:12.9	clip	3
uca:event_position_bin:0110	uca_ucfcrime:Train:Assault008_x264:31.8	clip	3
uca:event_position_bin:0110	uca_ucfcrime:Train:Assault022_x264:9.8	clip	3
uca:event_position_bin:0110	uca_ucfcrime:Train:Assault022_x264:27.1	clip	3
uca:event_position_bin:0110	uca_ucfcrime:Val:Assault047_x264:6.2	clip	3
uca:event_position_bin:0110	uca_ucfcrime:Val:Assault049_x264:13.4	clip	3
uca:event_position_bin:0110	uca_ucfcrime:Val:Assault052_x264:5.5	clip	3
uca:event_position_bin:0110	uca_ucfcrime:Train:Burglary008_x264:49.5	clip	3
uca:event_position_bin:0110	uca_ucfcrime:Train:Burglary023_x264:73.2	clip	3
uca:event_position_bin:0110	uca_ucfcrime:Train:Burglary032_x264:128.4	clip	3
uca:event_position_bin:0110	uca_ucfcrime:Train:Burglary033_x264:11.1	clip	3
uca:event_position_bin:0110	uca_ucfcrime:Train:Burglary055_x264:25.4	clip	3
uca:event_position_bin:0110	uca_ucfcrime:Test:Burglary072_x264:10.1	clip	3
uca:event_position_bin:0110	uca_ucfcrime:Test:Burglary077_x264:12.9	clip	3
uca:event_position_bin:0110	uca_ucfcrime:Test:Burglary077_x264:20.4	clip	3
uca:event_position_bin:0110	uca_ucfcrime:Test:Burglary086_x264:32.2	clip	3
uca:event_position_bin:0110	uca_ucfcrime:Test:Burglary086_x264:35.7	clip	3
uca:event_position_bin:0110	uca_ucfcrime:Val:Burglary097_x264:3.2	clip	3
uca:event_position_bin:0110	uca_ucfcrime:Train:Explosion004_x264:10.1	clip	3
uca:event_position_bin:0110	uca_ucfcrime:Test:Explosion018_x264:2.5	clip	3
uca:event_position_bin:0110	uca_ucfcrime:Test:Explosion020_x264:8.8	clip	3
uca:event_position_bin:0110	uca_ucfcrime:Test:Explosion027_x264:5.7	clip	3
uca:event_position_bin:0110	uca_ucfcrime:Val:Explosion040_x264:46.5	clip	3
uca:event_position_bin:0110	uca_ucfcrime:Train:Fighting038_x264:7.1	clip	3
uca:event_position_bin:0110	uca_ucfcrime:Train:Normal_Videos084_x264:230.2	clip	3
uca:event_position_bin:0110	uca_ucfcrime:Train:Normal_Videos461_x264:3.6	clip	3
uca:event_position_bin:0110	uca_ucfcrime:Train:Normal_Videos481_x264:13.0	clip	3
uca:event_position_bin:0110	uca_ucfcrime:Test:Normal_Videos579_x264:197.3	clip	3
uca:event_position_bin:0110	uca_ucfcrime:Val:Normal_Videos646_x264:10.2	clip	3
uca:event_position_bin:0110	uca_ucfcrime:Val:Normal_Videos646_x264:31.9	clip	3
uca:event_position_bin:0110	uca_ucfcrime:Val:Normal_Videos655_x264:81.6	clip	3
uca:event_position_bin:0110	uca_ucfcrime:Val:Normal_Videos827_x264:12.1	clip	3
uca:event_position_bin:0110	uca_ucfcrime:Train:Normal_Videos_175_x264:60.5	clip	3
uca:event_position_bin:0110	uca_ucfcrime:Train:Normal_Videos_884_x264:5.3	clip	3
uca:event_position_bin:0110	uca_ucfcrime:Train:RoadAccidents038_x264:3.0	clip	3
uca:event_position_bin:0110	uca_ucfcrime:Train:RoadAccidents039_x264:2.5	clip	3
uca:event_position_bin:0110	uca_ucfcrime:Train:RoadAccidents040_x264:16.6	clip	3
uca:event_position_bin:0110	uca_ucfcrime:Train:RoadAccidents042_x264:8.0	clip	3
uca:event_position_bin:0110	uca_ucfcrime:Train:RoadAccidents077_x264:13.2	clip	3
uca:event_position_bin:0110	uca_ucfcrime:Test:RoadAccidents117_x264:18.3	clip	3
uca:event_position_bin:0110	uca_ucfcrime:Test:RoadAccidents120_x264:18.4	clip	3
uca:event_position_bin:0110	uca_ucfcrime:Test:RoadAccidents137_x264:9.1	clip	3
uca:event_position_bin:0110	uca_ucfcrime:Val:RoadAccidents149_x264:13.8	clip	3
uca:event_position_bin:0110	uca_ucfcrime:Train:Robbery005_x264:11.1	clip	3
uca:event_position_bin:0110	uca_ucfcrime:Train:Robbery009_x264:26.5	clip	3
uca:event_position_bin:0110	uca_ucfcrime:Train:Robbery023_x264:3.3	clip	3
uca:event_position_bin:0110	uca_ucfcrime:Train:Robbery025_x264:15.9	clip	3
uca:event_position_bin:0110	uca_ucfcrime:Train:Robbery028_x264:24.7	clip	3
uca:event_position_bin:0110	uca_ucfcrime:Train:Robbery050_x264:18.3	clip	3
uca:event_position_bin:0110	uca_ucfcrime:Train:Robbery052_x264:3.1	clip	3
uca:event_position_bin:0110	uca_ucfcrime:Train:Robbery067_x264:28.2	clip	3
uca:event_position_bin:0110	uca_ucfcrime:Val:Robbery133_x264:5.8	clip	3
uca:event_position_bin:0110	uca_ucfcrime:Val:Robbery141_x264:21.1	clip	3
uca:event_position_bin:0110	uca_ucfcrime:Train:Shooting001_x264:2.2	clip	3
uca:event_position_bin:0110	uca_ucfcrime:Train:Shooting003_x264:24.6	clip	3
uca:event_position_bin:0110	uca_ucfcrime:Train:Shooting004_x264:12.9	clip	3
uca:event_position_bin:0110	uca_ucfcrime:Train:Shooting020_x264:55.5	clip	3
uca:event_position_bin:0110	uca_ucfcrime:Train:Shooting027_x264:2.5	clip	3
uca:event_position_bin:0110	uca_ucfcrime:Train:Shooting027_x264:6.2	clip	3
uca:event_position_bin:0110	uca_ucfcrime:Test:Shooting038_x264:9.8	clip	3
uca:event_position_bin:0110	uca_ucfcrime:Train:Stealing018_x264:6.1	clip	3
uca:event_position_bin:0110	uca_ucfcrime:Train:Stealing029_x264:3.6	clip	3
uca:event_position_bin:0110	uca_ucfcrime:Train:Stealing071_x264:5.1	clip	3
uca:event_position_bin:0110	uca_ucfcrime:Test:Stealing080_x264:9.4	clip	3
uca:event_position_bin:0110	uca_ucfcrime:Val:Stealing095_x264:7.2	clip	3
uca:event_position_bin:0110	uca_ucfcrime:Val:Stealing096_x264:25.8	clip	3
uca:event_position_bin:0110	uca_ucfcrime:Val:Stealing105_x264:4.0	clip	3
uca:event_position_bin:0110	uca_ucfcrime:Val:Stealing110_x264:15.3	clip	3
uca:event_position_bin:0110	uca_ucfcrime:Train:Vandalism003_x264:11.9	clip	3
uca:event_position_bin:0110	uca_ucfcrime:Train:Vandalism011_x264:29.6	clip	3
uca:event_position_bin:0110	uca_ucfcrime:Train:Vandalism011_x264:84.8	clip	3
uca:event_position_bin:0110	uca_ucfcrime:Train:Vandalism012_x264:2.9	clip	3
uca:event_position_bin:0110	uca_ucfcrime:Train:Vandalism017_x264:9.8	clip	3
uca:event_position_bin:0110	uca_ucfcrime:Train:Vandalism020_x264:13.6	clip	3
uca:event_position_bin:0110	uca_ucfcrime:Train:Vandalism022_x264:6.5	clip	3
uca:event_position_bin:0110	uca_ucfcrime:Train:Vandalism030_x264:4.5	clip	3
uca:event_position_bin:0110	uca_ucfcrime:Test:Vandalism031_x264:17.3	clip	3
uca:event_position_bin:0110	uca_ucfcrime:Val:Vandalism044_x264:7.0	clip	3
uca:event_position_bin:0110	uca_ucfcrime:Val:Vandalism044_x264:47.7	clip	3
uca:event_position_bin:0110	uca_ucfcrime:Val:Vandalism049_x264:3.2	clip	3
uca:event_position_bin:0111	uca_ucfcrime:Val:Assault048_x264:19.4	clip	3
uca:event_position_bin:0111	uca_ucfcrime:Train:Burglary004_x264:4.2	clip	3
uca:event_position_bin:0111	uca_ucfcrime:Train:RoadAccidents011_x264:7.8	clip	3
uca:event_position_bin:0111	uca_ucfcrime:Train:RoadAccidents021_x264:1.1	clip	3
uca:event_position_bin:0111	uca_ucfcrime:Train:RoadAccidents022_x264:4.2	clip	3
uca:event_position_bin:0111	uca_ucfcrime:Train:RoadAccidents026_x264:4.2	clip	3
uca:event_position_bin:0111	uca_ucfcrime:Train:RoadAccidents044_x264:3.1	clip	3
uca:event_position_bin:0111	uca_ucfcrime:Train:RoadAccidents054_x264:13.2	clip	3
uca:event_position_bin:0111	uca_ucfcrime:Train:RoadAccidents062_x264:5.0	clip	3
uca:event_position_bin:0111	uca_ucfcrime:Train:RoadAccidents062_x264:72.6	clip	3
uca:event_position_bin:0111	uca_ucfcrime:Train:RoadAccidents064_x264:22.9	clip	3
uca:event_position_bin:0111	uca_ucfcrime:Train:RoadAccidents074_x264:9.4	clip	3
uca:event_position_bin:0111	uca_ucfcrime:Train:RoadAccidents107_x264:9.4	clip	3
uca:event_position_bin:0111	uca_ucfcrime:Test:RoadAccidents120_x264:18.4	clip	3
uca:event_position_bin:0111	uca_ucfcrime:Test:RoadAccidents123_x264:8.5	clip	3
uca:event_position_bin:0111	uca_ucfcrime:Test:RoadAccidents124_x264:12.6	clip	3
uca:event_position_bin:0111	uca_ucfcrime:Test:RoadAccidents125_x264:17.2	clip	3
uca:event_position_bin:0111	uca_ucfcrime:Test:RoadAccidents131_x264:8.9	clip	3
uca:event_position_bin:0111	uca_ucfcrime:Test:RoadAccidents141_x264:6.9	clip	3
uca:event_position_bin:0111	uca_ucfcrime:Val:RoadAccidents147_x264:83.8	clip	3
uca:event_position_bin:0111	uca_ucfcrime:Val:RoadAccidents150_x264:14.2	clip	3
uca:event_position_bin:0111	uca_ucfcrime:Train:Shooting020_x264:55.5	clip	3
uca:event_position_bin:0112	uca_ucfcrime:Train:Assault007_x264:4.3	clip	3
uca:event_position_bin:0112	uca_ucfcrime:Train:Burglary010_x264:45.2	clip	3
uca:event_position_bin:0112	uca_ucfcrime:Train:Burglary013_x264:13.2	clip	3
uca:event_position_bin:0112	uca_ucfcrime:Train:Burglary031_x264:68.6	clip	3
uca:event_position_bin:0112	uca_ucfcrime:Train:Burglary057_x264:25.3	clip	3
uca:event_position_bin:0112	uca_ucfcrime:Test:Burglary074_x264:13.2	clip	3
uca:event_position_bin:0112	uca_ucfcrime:Test:Burglary080_x264:5.0	clip	3
uca:event_position_bin:0112	uca_ucfcrime:Test:Burglary080_x264:10.6	clip	3
uca:event_position_bin:0112	uca_ucfcrime:Train:Normal_Videos038_x264:27.6	clip	3
uca:event_position_bin:0112	uca_ucfcrime:Train:Normal_Videos058_x264:6.1	clip	3
uca:event_position_bin:0112	uca_ucfcrime:Train:Normal_Videos121_x264:1.1	clip	3
uca:event_position_bin:0112	uca_ucfcrime:Train:Normal_Videos121_x264:9.7	clip	3
uca:event_position_bin:0112	uca_ucfcrime:Train:Normal_Videos130_x264:7.6	clip	3
uca:event_position_bin:0112	uca_ucfcrime:Train:Normal_Videos232_x264:13.1	clip	3
uca:event_position_bin:0112	uca_ucfcrime:Train:Normal_Videos362_x264:6.0	clip	3
uca:event_position_bin:0112	uca_ucfcrime:Train:Normal_Videos367_x264:44.0	clip	3
uca:event_position_bin:0112	uca_ucfcrime:Train:Normal_Videos420_x264:13.0	clip	3
uca:event_position_bin:0112	uca_ucfcrime:Train:Normal_Videos457_x264:6.1	clip	3
uca:event_position_bin:0112	uca_ucfcrime:Train:Normal_Videos465_x264:2.6	clip	3
uca:event_position_bin:0112	uca_ucfcrime:Train:Normal_Videos465_x264:18.1	clip	3
uca:event_position_bin:0112	uca_ucfcrime:Val:Normal_Videos726_x264:12.7	clip	3
uca:event_position_bin:0112	uca_ucfcrime:Val:Normal_Videos754_x264:5.1	clip	3
uca:event_position_bin:0112	uca_ucfcrime:Train:Normal_Videos_014_x264:4.8	clip	3
uca:event_position_bin:0112	uca_ucfcrime:Train:Normal_Videos_014_x264:11.1	clip	3
uca:event_position_bin:0112	uca_ucfcrime:Train:Normal_Videos_019_x264:2.0	clip	3
uca:event_position_bin:0112	uca_ucfcrime:Train:Normal_Videos_041_x264:4.0	clip	3
uca:event_position_bin:0112	uca_ucfcrime:Train:Normal_Videos_247_x264:47.1	clip	3
uca:event_position_bin:0112	uca_ucfcrime:Train:Normal_Videos_801_x264:3.0	clip	3
uca:event_position_bin:0112	uca_ucfcrime:Train:Normal_Videos_801_x264:30.0	clip	3
uca:event_position_bin:0112	uca_ucfcrime:Val:Normal_Videos_939_x264:5.1	clip	3
uca:event_position_bin:0112	uca_ucfcrime:Train:Robbery005_x264:24.2	clip	3
uca:event_position_bin:0112	uca_ucfcrime:Train:Robbery012_x264:4.7	clip	3
uca:event_position_bin:0112	uca_ucfcrime:Train:Robbery058_x264:17.4	clip	3
uca:event_position_bin:0112	uca_ucfcrime:Train:Robbery060_x264:21.9	clip	3
uca:event_position_bin:0112	uca_ucfcrime:Test:Robbery091_x264:16.1	clip	3
uca:event_position_bin:0112	uca_ucfcrime:Val:Robbery118_x264:15.7	clip	3
uca:event_position_bin:0112	uca_ucfcrime:Val:Robbery142_x264:19.0	clip	3
uca:event_position_bin:0112	uca_ucfcrime:Train:Shooting012_x264:4.8	clip	3
uca:event_position_bin:0112	uca_ucfcrime:Train:Shooting014_x264:4.8	clip	3
uca:event_position_bin:0112	uca_ucfcrime:Train:Shooting014_x264:49.8	clip	3
uca:event_position_bin:0112	uca_ucfcrime:Test:Shooting042_x264:7.1	clip	3
uca:event_position_bin:0112	uca_ucfcrime:Test:Shooting046_x264:16.4	clip	3
uca:event_position_bin:0113	uca_ucfcrime:Train:Abuse002_x264:8.3	clip	3
uca:event_position_bin:0113	uca_ucfcrime:Train:Abuse005_x264:1.6	clip	3
uca:event_position_bin:0113	uca_ucfcrime:Train:Abuse007_x264:1.8	clip	3
uca:event_position_bin:0113	uca_ucfcrime:Train:Abuse007_x264:8.7	clip	3
uca:event_position_bin:0113	uca_ucfcrime:Train:Abuse011_x264:11.4	clip	3
uca:event_position_bin:0113	uca_ucfcrime:Train:Abuse018_x264:6.2	clip	3
uca:event_position_bin:0113	uca_ucfcrime:Train:Abuse020_x264:7.4	clip	3
uca:event_position_bin:0113	uca_ucfcrime:Train:Abuse023_x264:1.7	clip	3
uca:event_position_bin:0113	uca_ucfcrime:Train:Abuse023_x264:4.8	clip	3
uca:event_position_bin:0113	uca_ucfcrime:Train:Abuse028_x264:3.7	clip	3
uca:event_position_bin:0113	uca_ucfcrime:Train:Abuse029_x264:2.5	clip	3
uca:event_position_bin:0113	uca_ucfcrime:Train:Abuse031_x264:23.8	clip	3
uca:event_position_bin:0113	uca_ucfcrime:Train:Abuse031_x264:45.9	clip	3
uca:event_position_bin:0113	uca_ucfcrime:Train:Arrest001_x264:8.7	clip	3
uca:event_position_bin:0113	uca_ucfcrime:Train:Arrest002_x264:14.1	clip	3
uca:event_position_bin:0113	uca_ucfcrime:Train:Arrest008_x264:10.7	clip	3
uca:event_position_bin:0113	uca_ucfcrime:Train:Arrest008_x264:56.7	clip	3
uca:event_position_bin:0113	uca_ucfcrime:Train:Arrest011_x264:12.2	clip	3
uca:event_position_bin:0113	uca_ucfcrime:Train:Arrest011_x264:24.1	clip	3
uca:event_position_bin:0113	uca_ucfcrime:Train:Arrest024_x264:34.3	clip	3
uca:event_position_bin:0113	uca_ucfcrime:Train:Arrest028_x264:3.2	clip	3
uca:event_position_bin:0113	uca_ucfcrime:Train:Arrest028_x264:25.1	clip	3
uca:event_position_bin:0113	uca_ucfcrime:Train:Arrest030_x264:24.8	clip	3
uca:event_position_bin:0113	uca_ucfcrime:Train:Arrest037_x264:13.3	clip	3
uca:event_position_bin:0113	uca_ucfcrime:Train:Arrest037_x264:21.1	clip	3
uca:event_position_bin:0113	uca_ucfcrime:Train:Arrest041_x264:35.8	clip	3
uca:event_position_bin:0113	uca_ucfcrime:Train:Arrest042_x264:14.5	clip	3
uca:event_position_bin:0113	uca_ucfcrime:Train:Arson001_x264:20.4	clip	3
uca:event_position_bin:0113	uca_ucfcrime:Train:Arson001_x264:40.0	clip	3
uca:event_position_bin:0113	uca_ucfcrime:Train:Arson002_x264:3.0	clip	3
uca:event_position_bin:0113	uca_ucfcrime:Train:Arson013_x264:30.6	clip	3
uca:event_position_bin:0113	uca_ucfcrime:Train:Arson015_x264:28.8	clip	3
uca:event_position_bin:0113	uca_ucfcrime:Test:Arson021_x264:7.4	clip	3
uca:event_position_bin:0113	uca_ucfcrime:Test:Arson026_x264:12.6	clip	3
uca:event_position_bin:0113	uca_ucfcrime:Test:Arson026_x264:53.0	clip	3
uca:event_position_bin:0113	uca_ucfcrime:Test:Arson031_x264:18.4	clip	3
uca:event_position_bin:0113	uca_ucfcrime:Test:Arson037_x264:4.3	clip	3
uca:event_position_bin:0113	uca_ucfcrime:Test:Arson039_x264:4.0	clip	3
uca:event_position_bin:0113	uca_ucfcrime:Test:Arson039_x264:9.4	clip	3
uca:event_position_bin:0113	uca_ucfcrime:Val:Arson041_x264:26.2	clip	3
uca:event_position_bin:0113	uca_ucfcrime:Val:Arson042_x264:29.6	clip	3
uca:event_position_bin:0113	uca_ucfcrime:Val:Arson047_x264:4.2	clip	3
uca:event_position_bin:0113	uca_ucfcrime:Val:Arson050_x264:5.4	clip	3
uca:event_position_bin:0113	uca_ucfcrime:Val:Arson050_x264:7.9	clip	3
uca:event_position_bin:0113	uca_ucfcrime:Val:Arson052_x264:20.4	clip	3
uca:event_position_bin:0113	uca_ucfcrime:Val:Arson052_x264:35.6	clip	3
uca:event_position_bin:0113	uca_ucfcrime:Train:Assault003_x264:5.6	clip	3
uca:event_position_bin:0113	uca_ucfcrime:Train:Assault013_x264:9.9	clip	3
uca:event_position_bin:0113	uca_ucfcrime:Train:Assault014_x264:3.1	clip	3
uca:event_position_bin:0113	uca_ucfcrime:Train:Assault017_x264:13.6	clip	3
uca:event_position_bin:0113	uca_ucfcrime:Train:Assault017_x264:25.4	clip	3
uca:event_position_bin:0113	uca_ucfcrime:Val:Assault052_x264:5.5	clip	3
uca:event_position_bin:0113	uca_ucfcrime:Train:Burglary001_x264:10.0	clip	3
uca:event_position_bin:0113	uca_ucfcrime:Train:Burglary002_x264:7.5	clip	3
uca:event_position_bin:0113	uca_ucfcrime:Train:Burglary005_x264:7.5	clip	3
uca:event_position_bin:0113	uca_ucfcrime:Train:Burglary006_x264:7.8	clip	3
uca:event_position_bin:0113	uca_ucfcrime:Train:Burglary007_x264:10.4	clip	3
uca:event_position_bin:0113	uca_ucfcrime:Train:Burglary008_x264:9.8	clip	3
uca:event_position_bin:0113	uca_ucfcrime:Train:Burglary009_x264:24.9	clip	3
uca:event_position_bin:0113	uca_ucfcrime:Train:Burglary014_x264:2.3	clip	3
uca:event_position_bin:0113	uca_ucfcrime:Train:Burglary014_x264:20.2	clip	3
uca:event_position_bin:0113	uca_ucfcrime:Train:Burglary018_x264:6.9	clip	3
uca:event_position_bin:0113	uca_ucfcrime:Train:Burglary021_x264:4.7	clip	3
uca:event_position_bin:0113	uca_ucfcrime:Train:Burglary022_x264:11.9	clip	3
uca:event_position_bin:0113	uca_ucfcrime:Train:Burglary023_x264:11.2	clip	3
uca:event_position_bin:0113	uca_ucfcrime:Train:Burglary023_x264:73.2	clip	3
uca:event_position_bin:0113	uca_ucfcrime:Train:Burglary025_x264:4.0	clip	3
uca:event_position_bin:0113	uca_ucfcrime:Train:Burglary033_x264:2.1	clip	3
uca:event_position_bin:0113	uca_ucfcrime:Train:Burglary044_x264:5.3	clip	3
uca:event_position_bin:0113	uca_ucfcrime:Train:Burglary044_x264:36.3	clip	3
uca:event_position_bin:0113	uca_ucfcrime:Train:Burglary045_x264:28.3	clip	3
uca:event_position_bin:0113	uca_ucfcrime:Train:Burglary045_x264:72.2	clip	3
uca:event_position_bin:0113	uca_ucfcrime:Train:Burglary046_x264:5.0	clip	3
uca:event_position_bin:0113	uca_ucfcrime:Train:Burglary046_x264:22.6	clip	3
uca:event_position_bin:0113	uca_ucfcrime:Train:Burglary047_x264:16.6	clip	3
uca:event_position_bin:0113	uca_ucfcrime:Train:Burglary049_x264:4.5	clip	3
uca:event_position_bin:0113	uca_ucfcrime:Train:Burglary049_x264:36.5	clip	3
uca:event_position_bin:0113	uca_ucfcrime:Train:Burglary055_x264:4.7	clip	3
uca:event_position_bin:0113	uca_ucfcrime:Train:Burglary057_x264:25.3	clip	3
uca:event_position_bin:0113	uca_ucfcrime:Train:Burglary058_x264:4.5	clip	3
uca:event_position_bin:0113	uca_ucfcrime:Train:Burglary058_x264:36.5	clip	3
uca:event_position_bin:0113	uca_ucfcrime:Train:Burglary059_x264:1.7	clip	3
uca:event_position_bin:0113	uca_ucfcrime:Train:Burglary064_x264:8.6	clip	3
uca:event_position_bin:0113	uca_ucfcrime:Test:Burglary068_x264:3.3	clip	3
uca:event_position_bin:0113	uca_ucfcrime:Test:Burglary070_x264:2.9	clip	3
uca:event_position_bin:0113	uca_ucfcrime:Test:Burglary072_x264:3.6	clip	3
uca:event_position_bin:0113	uca_ucfcrime:Test:Burglary076_x264:136.4	clip	3
uca:event_position_bin:0113	uca_ucfcrime:Test:Burglary078_x264:3.3	clip	3
uca:event_position_bin:0113	uca_ucfcrime:Test:Burglary085_x264:2.5	clip	3
uca:event_position_bin:0113	uca_ucfcrime:Test:Burglary085_x264:30.0	clip	3
uca:event_position_bin:0113	uca_ucfcrime:Test:Burglary086_x264:1.8	clip	3
uca:event_position_bin:0113	uca_ucfcrime:Test:Burglary086_x264:32.2	clip	3
uca:event_position_bin:0113	uca_ucfcrime:Test:Burglary086_x264:35.7	clip	3
uca:event_position_bin:0113	uca_ucfcrime:Test:Burglary087_x264:7.8	clip	3
uca:event_position_bin:0113	uca_ucfcrime:Val:Burglary088_x264:19.7	clip	3
uca:event_position_bin:0113	uca_ucfcrime:Val:Burglary090_x264:11.8	clip	3
uca:event_position_bin:0113	uca_ucfcrime:Val:Burglary090_x264:21.2	clip	3
uca:event_position_bin:0113	uca_ucfcrime:Val:Burglary091_x264:13.7	clip	3
uca:event_position_bin:0113	uca_ucfcrime:Val:Burglary095_x264:92.8	clip	3
uca:event_position_bin:0113	uca_ucfcrime:Val:Burglary096_x264:18.9	clip	3
uca:event_position_bin:0113	uca_ucfcrime:Val:Burglary100_x264:11.9	clip	3
uca:event_position_bin:0113	uca_ucfcrime:Train:Explosion004_x264:1.1	clip	3
uca:event_position_bin:0113	uca_ucfcrime:Train:Explosion004_x264:10.1	clip	3
uca:event_position_bin:0113	uca_ucfcrime:Test:Explosion022_x264:2.5	clip	3
uca:event_position_bin:0113	uca_ucfcrime:Val:Explosion040_x264:46.5	clip	3
uca:event_position_bin:0113	uca_ucfcrime:Train:Fighting005_x264:9.9	clip	3
uca:event_position_bin:0113	uca_ucfcrime:Train:Fighting013_x264:1.6	clip	3
uca:event_position_bin:0113	uca_ucfcrime:Train:Fighting023_x264:9.4	clip	3
uca:event_position_bin:0113	uca_ucfcrime:Train:Fighting037_x264:11.6	clip	3
uca:event_position_bin:0113	uca_ucfcrime:Test:Fighting039_x264:59.0	clip	3
uca:event_position_bin:0113	uca_ucfcrime:Test:Fighting042_x264:4.1	clip	3
uca:event_position_bin:0113	uca_ucfcrime:Test:Fighting043_x264:13.3	clip	3
uca:event_position_bin:0113	uca_ucfcrime:Val:Fighting045_x264:6.7	clip	3
uca:event_position_bin:0113	uca_ucfcrime:Val:Fighting046_x264:26.3	clip	3
uca:event_position_bin:0113	uca_ucfcrime:Val:Fighting047_x264:4.2	clip	3
uca:event_position_bin:0113	uca_ucfcrime:Val:Fighting047_x264:20.2	clip	3
uca:event_position_bin:0113	uca_ucfcrime:Train:Normal_Videos023_x264:7.5	clip	3
uca:event_position_bin:0113	uca_ucfcrime:Train:Normal_Videos031_x264:4.2	clip	3
uca:event_position_bin:0113	uca_ucfcrime:Train:Normal_Videos046_x264:247.6	clip	3
uca:event_position_bin:0113	uca_ucfcrime:Train:Normal_Videos049_x264:38.3	clip	3
uca:event_position_bin:0113	uca_ucfcrime:Train:Normal_Videos057_x264:37.0	clip	3
uca:event_position_bin:0113	uca_ucfcrime:Train:Normal_Videos060_x264:6.7	clip	3
uca:event_position_bin:0113	uca_ucfcrime:Train:Normal_Videos060_x264:18.3	clip	3
uca:event_position_bin:0113	uca_ucfcrime:Train:Normal_Videos065_x264:7.7	clip	3
uca:event_position_bin:0113	uca_ucfcrime:Train:Normal_Videos068_x264:4.2	clip	3
uca:event_position_bin:0113	uca_ucfcrime:Train:Normal_Videos072_x264:4.7	clip	3
uca:event_position_bin:0113	uca_ucfcrime:Train:Normal_Videos074_x264:8.8	clip	3
uca:event_position_bin:0113	uca_ucfcrime:Train:Normal_Videos088_x264:23.5	clip	3
uca:event_position_bin:0113	uca_ucfcrime:Train:Normal_Videos093_x264:5.7	clip	3
uca:event_position_bin:0113	uca_ucfcrime:Train:Normal_Videos105_x264:2.1	clip	3
uca:event_position_bin:0113	uca_ucfcrime:Train:Normal_Videos105_x264:7.5	clip	3
uca:event_position_bin:0113	uca_ucfcrime:Train:Normal_Videos131_x264:5.1	clip	3
uca:event_position_bin:0113	uca_ucfcrime:Train:Normal_Videos138_x264:6.1	clip	3
uca:event_position_bin:0113	uca_ucfcrime:Train:Normal_Videos148_x264:1.1	clip	3
uca:event_position_bin:0113	uca_ucfcrime:Train:Normal_Videos166_x264:5.5	clip	3
uca:event_position_bin:0113	uca_ucfcrime:Train:Normal_Videos185_x264:40.1	clip	3
uca:event_position_bin:0113	uca_ucfcrime:Train:Normal_Videos185_x264:86.8	clip	3
uca:event_position_bin:0113	uca_ucfcrime:Train:Normal_Videos186_x264:5.4	clip	3
uca:event_position_bin:0113	uca_ucfcrime:Train:Normal_Videos186_x264:38.2	clip	3
uca:event_position_bin:0113	uca_ucfcrime:Train:Normal_Videos187_x264:48.8	clip	3
uca:event_position_bin:0113	uca_ucfcrime:Train:Normal_Videos191_x264:6.2	clip	3
uca:event_position_bin:0113	uca_ucfcrime:Train:Normal_Videos208_x264:19.7	clip	3
uca:event_position_bin:0113	uca_ucfcrime:Train:Normal_Videos214_x264:100.7	clip	3
uca:event_position_bin:0113	uca_ucfcrime:Train:Normal_Videos225_x264:115.6	clip	3
uca:event_position_bin:0113	uca_ucfcrime:Train:Normal_Videos234_x264:8.6	clip	3
uca:event_position_bin:0113	uca_ucfcrime:Train:Normal_Videos237_x264:10.6	clip	3
uca:event_position_bin:0113	uca_ucfcrime:Train:Normal_Videos300_x264:5.3	clip	3
uca:event_position_bin:0113	uca_ucfcrime:Train:Normal_Videos322_x264:8.8	clip	3
uca:event_position_bin:0113	uca_ucfcrime:Train:Normal_Videos337_x264:1.6	clip	3
uca:event_position_bin:0113	uca_ucfcrime:Train:Normal_Videos346_x264:48.5	clip	3
uca:event_position_bin:0113	uca_ucfcrime:Train:Normal_Videos346_x264:59.0	clip	3
uca:event_position_bin:0113	uca_ucfcrime:Train:Normal_Videos347_x264:1.0	clip	3
uca:event_position_bin:0113	uca_ucfcrime:Train:Normal_Videos349_x264:11.6	clip	3
uca:event_position_bin:0113	uca_ucfcrime:Train:Normal_Videos358_x264:9.0	clip	3
uca:event_position_bin:0113	uca_ucfcrime:Train:Normal_Videos364_x264:6.0	clip	3
uca:event_position_bin:0113	uca_ucfcrime:Train:Normal_Videos372_x264:1.0	clip	3
uca:event_position_bin:0113	uca_ucfcrime:Train:Normal_Videos377_x264:90.0	clip	3
uca:event_position_bin:0113	uca_ucfcrime:Train:Normal_Videos387_x264:1.6	clip	3
uca:event_position_bin:0113	uca_ucfcrime:Train:Normal_Videos387_x264:8.3	clip	3
uca:event_position_bin:0113	uca_ucfcrime:Train:Normal_Videos394_x264:15.2	clip	3
uca:event_position_bin:0113	uca_ucfcrime:Train:Normal_Videos404_x264:18.0	clip	3
uca:event_position_bin:0113	uca_ucfcrime:Train:Normal_Videos405_x264:6.3	clip	3
uca:event_position_bin:0113	uca_ucfcrime:Train:Normal_Videos412_x264:3.0	clip	3
uca:event_position_bin:0113	uca_ucfcrime:Train:Normal_Videos412_x264:7.2	clip	3
uca:event_position_bin:0113	uca_ucfcrime:Train:Normal_Videos413_x264:17.6	clip	3
uca:event_position_bin:0113	uca_ucfcrime:Train:Normal_Videos416_x264:1.1	clip	3
uca:event_position_bin:0113	uca_ucfcrime:Train:Normal_Videos416_x264:5.8	clip	3
uca:event_position_bin:0113	uca_ucfcrime:Train:Normal_Videos424_x264:30.5	clip	3
uca:event_position_bin:0113	uca_ucfcrime:Train:Normal_Videos432_x264:32.7	clip	3
uca:event_position_bin:0113	uca_ucfcrime:Train:Normal_Videos441_x264:1.6	clip	3
uca:event_position_bin:0113	uca_ucfcrime:Train:Normal_Videos441_x264:8.2	clip	3
uca:event_position_bin:0113	uca_ucfcrime:Train:Normal_Videos441_x264:17.4	clip	3
uca:event_position_bin:0113	uca_ucfcrime:Train:Normal_Videos443_x264:19.4	clip	3
uca:event_position_bin:0113	uca_ucfcrime:Train:Normal_Videos456_x264:3.5	clip	3
uca:event_position_bin:0113	uca_ucfcrime:Train:Normal_Videos470_x264:8.6	clip	3
uca:event_position_bin:0113	uca_ucfcrime:Train:Normal_Videos473_x264:5.5	clip	3
uca:event_position_bin:0113	uca_ucfcrime:Test:Normal_Videos544_x264:6.6	clip	3
uca:event_position_bin:0113	uca_ucfcrime:Test:Normal_Videos544_x264:668.1	clip	3
uca:event_position_bin:0113	uca_ucfcrime:Test:Normal_Videos549_x264:48.3	clip	3
uca:event_position_bin:0113	uca_ucfcrime:Test:Normal_Videos553_x264:8.8	clip	3
uca:event_position_bin:0113	uca_ucfcrime:Test:Normal_Videos568_x264:62.1	clip	3
uca:event_position_bin:0113	uca_ucfcrime:Test:Normal_Videos573_x264:6.2	clip	3
uca:event_position_bin:0113	uca_ucfcrime:Test:Normal_Videos587_x264:7.2	clip	3
uca:event_position_bin:0113	uca_ucfcrime:Test:Normal_Videos605_x264:17.1	clip	3
uca:event_position_bin:0113	uca_ucfcrime:Test:Normal_Videos611_x264:3.2	clip	3
uca:event_position_bin:0113	uca_ucfcrime:Test:Normal_Videos616_x264:35.5	clip	3
uca:event_position_bin:0113	uca_ucfcrime:Val:Normal_Videos650_x264:2.0	clip	3
uca:event_position_bin:0113	uca_ucfcrime:Val:Normal_Videos650_x264:10.4	clip	3
uca:event_position_bin:0113	uca_ucfcrime:Val:Normal_Videos675_x264:6.5	clip	3
uca:event_position_bin:0113	uca_ucfcrime:Val:Normal_Videos676_x264:8.2	clip	3
uca:event_position_bin:0113	uca_ucfcrime:Val:Normal_Videos680_x264:5.2	clip	3
uca:event_position_bin:0113	uca_ucfcrime:Val:Normal_Videos681_x264:8.2	clip	3
uca:event_position_bin:0113	uca_ucfcrime:Val:Normal_Videos684_x264:104.8	clip	3
uca:event_position_bin:0113	uca_ucfcrime:Val:Normal_Videos699_x264:6.9	clip	3
uca:event_position_bin:0113	uca_ucfcrime:Val:Normal_Videos711_x264:5.7	clip	3
uca:event_position_bin:0113	uca_ucfcrime:Val:Normal_Videos748_x264:4.6	clip	3
uca:event_position_bin:0113	uca_ucfcrime:Val:Normal_Videos762_x264:159.6	clip	3
uca:event_position_bin:0113	uca_ucfcrime:Val:Normal_Videos763_x264:7.6	clip	3
uca:event_position_bin:0113	uca_ucfcrime:Val:Normal_Videos763_x264:33.6	clip	3
uca:event_position_bin:0113	uca_ucfcrime:Val:Normal_Videos795_x264:3.5	clip	3
uca:event_position_bin:0113	uca_ucfcrime:Val:Normal_Videos811_x264:13.2	clip	3
uca:event_position_bin:0113	uca_ucfcrime:Val:Normal_Videos949_x264:9.0	clip	3
uca:event_position_bin:0113	uca_ucfcrime:Train:Normal_Videos_027_x264:11.7	clip	3
uca:event_position_bin:0113	uca_ucfcrime:Train:Normal_Videos_027_x264:19.1	clip	3
uca:event_position_bin:0113	uca_ucfcrime:Train:Normal_Videos_027_x264:24.1	clip	3
uca:event_position_bin:0113	uca_ucfcrime:Train:Normal_Videos_453_x264:25.8	clip	3
uca:event_position_bin:0113	uca_ucfcrime:Train:Normal_Videos_868_x264:10.3	clip	3
uca:event_position_bin:0113	uca_ucfcrime:Val:Normal_Videos_943_x264:6.4	clip	3
uca:event_position_bin:0113	uca_ucfcrime:Train:RoadAccidents076_x264:23.1	clip	3
uca:event_position_bin:0113	uca_ucfcrime:Train:RoadAccidents106_x264:21.8	clip	3
uca:event_position_bin:0113	uca_ucfcrime:Test:RoadAccidents114_x264:6.5	clip	3
uca:event_position_bin:0113	uca_ucfcrime:Train:Robbery010_x264:6.7	clip	3
uca:event_position_bin:0113	uca_ucfcrime:Train:Robbery020_x264:2.6	clip	3
uca:event_position_bin:0113	uca_ucfcrime:Train:Robbery028_x264:10.2	clip	3
uca:event_position_bin:0113	uca_ucfcrime:Train:Robbery028_x264:24.7	clip	3
uca:event_position_bin:0113	uca_ucfcrime:Train:Robbery031_x264:9.4	clip	3
uca:event_position_bin:0113	uca_ucfcrime:Train:Robbery034_x264:10.8	clip	3
uca:event_position_bin:0113	uca_ucfcrime:Train:Robbery036_x264:30.6	clip	3
uca:event_position_bin:0113	uca_ucfcrime:Train:Robbery048_x264:8.6	clip	3
uca:event_position_bin:0113	uca_ucfcrime:Train:Robbery052_x264:33.2	clip	3
uca:event_position_bin:0113	uca_ucfcrime:Train:Robbery074_x264:2.9	clip	3
uca:event_position_bin:0113	uca_ucfcrime:Train:Robbery074_x264:5.6	clip	3
uca:event_position_bin:0113	uca_ucfcrime:Train:Robbery080_x264:4.2	clip	3
uca:event_position_bin:0113	uca_ucfcrime:Test:Robbery088_x264:10.2	clip	3
uca:event_position_bin:0113	uca_ucfcrime:Test:Robbery098_x264:26.1	clip	3
uca:event_position_bin:0113	uca_ucfcrime:Test:Robbery103_x264:8.0	clip	3
uca:event_position_bin:0113	uca_ucfcrime:Test:Robbery111_x264:25.5	clip	3
uca:event_position_bin:0113	uca_ucfcrime:Val:Robbery113_x264:4.7	clip	3
uca:event_position_bin:0113	uca_ucfcrime:Val:Robbery115_x264:6.0	clip	3
uca:event_position_bin:0113	uca_ucfcrime:Val:Robbery118_x264:1.4	clip	3
uca:event_position_bin:0113	uca_ucfcrime:Val:Robbery119_x264:6.8	clip	3
uca:event_position_bin:0113	uca_ucfcrime:Val:Robbery128_x264:16.4	clip	3
uca:event_position_bin:0113	uca_ucfcrime:Val:Robbery130_x264:4.2	clip	3
uca:event_position_bin:0113	uca_ucfcrime:Val:Robbery131_x264:3.2	clip	3
uca:event_position_bin:0113	uca_ucfcrime:Val:Robbery132_x264:6.0	clip	3
uca:event_position_bin:0113	uca_ucfcrime:Val:Robbery133_x264:14.8	clip	3
uca:event_position_bin:0113	uca_ucfcrime:Val:Robbery135_x264:20.8	clip	3
uca:event_position_bin:0113	uca_ucfcrime:Val:Robbery141_x264:21.1	clip	3
uca:event_position_bin:0113	uca_ucfcrime:Val:Robbery143_x264:10.4	clip	3
uca:event_position_bin:0113	uca_ucfcrime:Train:Shooting021_x264:13.5	clip	3
uca:event_position_bin:0113	uca_ucfcrime:Test:Shooting036_x264:2.6	clip	3
uca:event_position_bin:0113	uca_ucfcrime:Test:Shooting036_x264:18.6	clip	3
uca:event_position_bin:0113	uca_ucfcrime:Train:Shoplifting007_x264:3.8	clip	3
uca:event_position_bin:0113	uca_ucfcrime:Train:Shoplifting030_x264:255.7	clip	3
uca:event_position_bin:0113	uca_ucfcrime:Test:Shoplifting034_x264:28.2	clip	3
uca:event_position_bin:0113	uca_ucfcrime:Val:Shoplifting044_x264:16.2	clip	3
uca:event_position_bin:0113	uca_ucfcrime:Val:Shoplifting045_x264:16.2	clip	3
uca:event_position_bin:0113	uca_ucfcrime:Train:Stealing004_x264:3.8	clip	3
uca:event_position_bin:0113	uca_ucfcrime:Train:Stealing014_x264:6.0	clip	3
uca:event_position_bin:0113	uca_ucfcrime:Train:Stealing016_x264:14.2	clip	3
uca:event_position_bin:0113	uca_ucfcrime:Train:Stealing017_x264:15.3	clip	3
uca:event_position_bin:0113	uca_ucfcrime:Train:Stealing018_x264:6.1	clip	3
uca:event_position_bin:0113	uca_ucfcrime:Train:Stealing021_x264:5.9	clip	3
uca:event_position_bin:0113	uca_ucfcrime:Train:Stealing029_x264:1.1	clip	3
uca:event_position_bin:0113	uca_ucfcrime:Train:Stealing029_x264:3.6	clip	3
uca:event_position_bin:0113	uca_ucfcrime:Train:Stealing031_x264:4.0	clip	3
uca:event_position_bin:0113	uca_ucfcrime:Train:Stealing045_x264:116.8	clip	3
uca:event_position_bin:0113	uca_ucfcrime:Train:Stealing046_x264:6.2	clip	3
uca:event_position_bin:0113	uca_ucfcrime:Train:Stealing046_x264:24.0	clip	3
uca:event_position_bin:0113	uca_ucfcrime:Train:Stealing049_x264:10.2	clip	3
uca:event_position_bin:0113	uca_ucfcrime:Train:Stealing050_x264:14.7	clip	3
uca:event_position_bin:0113	uca_ucfcrime:Train:Stealing058_x264:9.1	clip	3
uca:event_position_bin:0113	uca_ucfcrime:Train:Stealing058_x264:15.1	clip	3
uca:event_position_bin:0113	uca_ucfcrime:Train:Stealing062_x264:11.7	clip	3
uca:event_position_bin:0113	uca_ucfcrime:Train:Stealing068_x264:68.8	clip	3
uca:event_position_bin:0113	uca_ucfcrime:Train:Stealing071_x264:5.1	clip	3
uca:event_position_bin:0113	uca_ucfcrime:Train:Stealing072_x264:8.1	clip	3
uca:event_position_bin:0113	uca_ucfcrime:Train:Stealing073_x264:7.6	clip	3
uca:event_position_bin:0113	uca_ucfcrime:Train:Stealing074_x264:24.4	clip	3
uca:event_position_bin:0113	uca_ucfcrime:Test:Stealing080_x264:9.4	clip	3
uca:event_position_bin:0113	uca_ucfcrime:Test:Stealing089_x264:6.0	clip	3
uca:event_position_bin:0113	uca_ucfcrime:Val:Stealing097_x264:5.2	clip	3
uca:event_position_bin:0113	uca_ucfcrime:Val:Stealing105_x264:4.0	clip	3
uca:event_position_bin:0113	uca_ucfcrime:Val:Stealing106_x264:5.7	clip	3
uca:event_position_bin:0113	uca_ucfcrime:Val:Stealing111_x264:24.4	clip	3
uca:event_position_bin:0113	uca_ucfcrime:Val:Stealing113_x264:5.7	clip	3
uca:event_position_bin:0113	uca_ucfcrime:Train:Vandalism006_x264:5.2	clip	3
uca:event_position_bin:0113	uca_ucfcrime:Train:Vandalism015_x264:2.9	clip	3
uca:event_position_bin:0113	uca_ucfcrime:Train:Vandalism017_x264:2.4	clip	3
uca:event_position_bin:0113	uca_ucfcrime:Train:Vandalism017_x264:9.8	clip	3
uca:event_position_bin:0113	uca_ucfcrime:Train:Vandalism018_x264:5.2	clip	3
uca:event_position_bin:0113	uca_ucfcrime:Train:Vandalism021_x264:3.0	clip	3
uca:event_position_bin:0113	uca_ucfcrime:Train:Vandalism025_x264:5.2	clip	3
uca:event_position_bin:0113	uca_ucfcrime:Train:Vandalism029_x264:3.6	clip	3
uca:event_position_bin:0113	uca_ucfcrime:Test:Vandalism040_x264:2.1	clip	3
uca:event_position_bin:0114	uca_ucfcrime:Train:Abuse001_x264:2.6	clip	3
uca:event_position_bin:0114	uca_ucfcrime:Train:Abuse008_x264:5.2	clip	3
uca:event_position_bin:0114	uca_ucfcrime:Train:Abuse019_x264:3.1	clip	3
uca:event_position_bin:0114	uca_ucfcrime:Train:Abuse028_x264:3.7	clip	3
uca:event_position_bin:0114	uca_ucfcrime:Train:Abuse033_x264:2.8	clip	3
uca:event_position_bin:0114	uca_ucfcrime:Train:Abuse033_x264:23.9	clip	3
uca:event_position_bin:0114	uca_ucfcrime:Val:Abuse044_x264:36.2	clip	3
uca:event_position_bin:0114	uca_ucfcrime:Val:Abuse046_x264:7.4	clip	3
uca:event_position_bin:0114	uca_ucfcrime:Val:Abuse050_x264:45.8	clip	3
uca:event_position_bin:0114	uca_ucfcrime:Train:Arrest005_x264:21.3	clip	3
uca:event_position_bin:0114	uca_ucfcrime:Train:Arrest016_x264:38.6	clip	3
uca:event_position_bin:0114	uca_ucfcrime:Test:Arrest048_x264:40.7	clip	3
uca:event_position_bin:0114	uca_ucfcrime:Train:Arson016_x264:7.1	clip	3
uca:event_position_bin:0114	uca_ucfcrime:Test:Arson022_x264:43.7	clip	3
uca:event_position_bin:0114	uca_ucfcrime:Train:Burglary011_x264:16.8	clip	3
uca:event_position_bin:0114	uca_ucfcrime:Train:Burglary017_x264:22.0	clip	3
uca:event_position_bin:0114	uca_ucfcrime:Train:Burglary022_x264:11.9	clip	3
uca:event_position_bin:0114	uca_ucfcrime:Train:Burglary024_x264:37.9	clip	3
uca:event_position_bin:0114	uca_ucfcrime:Train:Burglary032_x264:50.4	clip	3
uca:event_position_bin:0114	uca_ucfcrime:Train:Burglary032_x264:128.4	clip	3
uca:event_position_bin:0114	uca_ucfcrime:Train:Burglary046_x264:22.6	clip	3
uca:event_position_bin:0114	uca_ucfcrime:Train:Burglary059_x264:1.7	clip	3
uca:event_position_bin:0114	uca_ucfcrime:Val:Burglary090_x264:21.2	clip	3
uca:event_position_bin:0114	uca_ucfcrime:Val:Explosion030_x264:29.6	clip	3
uca:event_position_bin:0114	uca_ucfcrime:Train:Fighting024_x264:4.1	clip	3
uca:event_position_bin:0114	uca_ucfcrime:Train:Fighting025_x264:47.1	clip	3
uca:event_position_bin:0114	uca_ucfcrime:Train:Normal_Videos001_x264:5.7	clip	3
uca:event_position_bin:0114	uca_ucfcrime:Train:Normal_Videos012_x264:18.8	clip	3
uca:event_position_bin:0114	uca_ucfcrime:Train:Normal_Videos026_x264:24.4	clip	3
uca:event_position_bin:0114	uca_ucfcrime:Train:Normal_Videos039_x264:13.1	clip	3
uca:event_position_bin:0114	uca_ucfcrime:Train:Normal_Videos043_x264:4.6	clip	3
uca:event_position_bin:0114	uca_ucfcrime:Train:Normal_Videos049_x264:38.3	clip	3
uca:event_position_bin:0114	uca_ucfcrime:Train:Normal_Videos064_x264:18.2	clip	3
uca:event_position_bin:0114	uca_ucfcrime:Train:Normal_Videos096_x264:7.3	clip	3
uca:event_position_bin:0114	uca_ucfcrime:Train:Normal_Videos097_x264:43.6	clip	3
uca:event_position_bin:0114	uca_ucfcrime:Train:Normal_Videos102_x264:7.0	clip	3
uca:event_position_bin:0114	uca_ucfcrime:Train:Normal_Videos120_x264:6.6	clip	3
uca:event_position_bin:0114	uca_ucfcrime:Train:Normal_Videos130_x264:7.6	clip	3
uca:event_position_bin:0114	uca_ucfcrime:Train:Normal_Videos133_x264:3.1	clip	3
uca:event_position_bin:0114	uca_ucfcrime:Train:Normal_Videos160_x264:25.5	clip	3
uca:event_position_bin:0114	uca_ucfcrime:Train:Normal_Videos171_x264:2.5	clip	3
uca:event_position_bin:0114	uca_ucfcrime:Train:Normal_Videos171_x264:437.7	clip	3
uca:event_position_bin:0114	uca_ucfcrime:Train:Normal_Videos174_x264:8.1	clip	3
uca:event_position_bin:0114	uca_ucfcrime:Train:Normal_Videos194_x264:18.6	clip	3
uca:event_position_bin:0114	uca_ucfcrime:Train:Normal_Videos205_x264:61.9	clip	3
uca:event_position_bin:0114	uca_ucfcrime:Train:Normal_Videos207_x264:12.8	clip	3
uca:event_position_bin:0114	uca_ucfcrime:Train:Normal_Videos225_x264:115.6	clip	3
uca:event_position_bin:0114	uca_ucfcrime:Train:Normal_Videos306_x264:12.1	clip	3
uca:event_position_bin:0114	uca_ucfcrime:Train:Normal_Videos315_x264:1.7	clip	3
uca:event_position_bin:0114	uca_ucfcrime:Train:Normal_Videos342_x264:13.5	clip	3
uca:event_position_bin:0114	uca_ucfcrime:Train:Normal_Videos346_x264:59.0	clip	3
uca:event_position_bin:0114	uca_ucfcrime:Train:Normal_Videos369_x264:70.5	clip	3
uca:event_position_bin:0114	uca_ucfcrime:Train:Normal_Videos371_x264:367.6	clip	3
uca:event_position_bin:0114	uca_ucfcrime:Train:Normal_Videos512_x264:296.6	clip	3
uca:event_position_bin:0114	uca_ucfcrime:Train:Normal_Videos526_x264:87.6	clip	3
uca:event_position_bin:0114	uca_ucfcrime:Test:Normal_Videos574_x264:7.8	clip	3
uca:event_position_bin:0114	uca_ucfcrime:Val:Normal_Videos670_x264:42.7	clip	3
uca:event_position_bin:0114	uca_ucfcrime:Val:Normal_Videos672_x264:11.3	clip	3
uca:event_position_bin:0114	uca_ucfcrime:Val:Normal_Videos687_x264:7.4	clip	3
uca:event_position_bin:0114	uca_ucfcrime:Val:Normal_Videos720_x264:11.2	clip	3
uca:event_position_bin:0114	uca_ucfcrime:Val:Normal_Videos720_x264:78.2	clip	3
uca:event_position_bin:0114	uca_ucfcrime:Val:Normal_Videos794_x264:44.0	clip	3
uca:event_position_bin:0114	uca_ucfcrime:Val:Normal_Videos795_x264:104.2	clip	3
uca:event_position_bin:0114	uca_ucfcrime:Train:Normal_Videos_010_x264:6.0	clip	3
uca:event_position_bin:0114	uca_ucfcrime:Train:Normal_Videos_027_x264:11.7	clip	3
uca:event_position_bin:0114	uca_ucfcrime:Train:Normal_Videos_884_x264:72.1	clip	3
uca:event_position_bin:0114	uca_ucfcrime:Train:Normal_Videos_890_x264:22.6	clip	3
uca:event_position_bin:0114	uca_ucfcrime:Val:Normal_Videos_939_x264:5.1	clip	3
uca:event_position_bin:0114	uca_ucfcrime:Test:RoadAccidents117_x264:18.3	clip	3
uca:event_position_bin:0114	uca_ucfcrime:Val:RoadAccidents149_x264:13.8	clip	3
uca:event_position_bin:0114	uca_ucfcrime:Train:Robbery002_x264:34.9	clip	3
uca:event_position_bin:0114	uca_ucfcrime:Train:Robbery015_x264:10.2	clip	3
uca:event_position_bin:0114	uca_ucfcrime:Train:Robbery020_x264:45.2	clip	3
uca:event_position_bin:0114	uca_ucfcrime:Train:Robbery039_x264:5.5	clip	3
uca:event_position_bin:0114	uca_ucfcrime:Train:Robbery042_x264:5.4	clip	3
uca:event_position_bin:0114	uca_ucfcrime:Train:Robbery042_x264:14.4	clip	3
uca:event_position_bin:0114	uca_ucfcrime:Train:Robbery083_x264:3.6	clip	3
uca:event_position_bin:0114	uca_ucfcrime:Test:Robbery087_x264:1.1	clip	3
uca:event_position_bin:0114	uca_ucfcrime:Test:Robbery112_x264:9.3	clip	3
uca:event_position_bin:0114	uca_ucfcrime:Val:Robbery122_x264:10.4	clip	3
uca:event_position_bin:0114	uca_ucfcrime:Val:Robbery125_x264:8.3	clip	3
uca:event_position_bin:0114	uca_ucfcrime:Val:Robbery131_x264:16.4	clip	3
uca:event_position_bin:0114	uca_ucfcrime:Val:Robbery133_x264:5.8	clip	3
uca:event_position_bin:0114	uca_ucfcrime:Val:Robbery140_x264:6.1	clip	3
uca:event_position_bin:0114	uca_ucfcrime:Val:Robbery142_x264:19.0	clip	3
uca:event_position_bin:0114	uca_ucfcrime:Train:Shooting006_x264:143.1	clip	3
uca:event_position_bin:0114	uca_ucfcrime:Train:Shooting008_x264:10.3	clip	3
uca:event_position_bin:0114	uca_ucfcrime:Train:Shooting014_x264:49.8	clip	3
uca:event_position_bin:0114	uca_ucfcrime:Train:Shooting026_x264:10.2	clip	3
uca:event_position_bin:0114	uca_ucfcrime:Train:Shoplifting006_x264:4.1	clip	3
uca:event_position_bin:0114	uca_ucfcrime:Train:Shoplifting006_x264:25.8	clip	3
uca:event_position_bin:0114	uca_ucfcrime:Train:Shoplifting010_x264:26.1	clip	3
uca:event_position_bin:0114	uca_ucfcrime:Train:Shoplifting018_x264:6.7	clip	3
uca:event_position_bin:0114	uca_ucfcrime:Train:Shoplifting021_x264:3.3	clip	3
uca:event_position_bin:0114	uca_ucfcrime:Train:Shoplifting022_x264:7.1	clip	3
uca:event_position_bin:0114	uca_ucfcrime:Train:Shoplifting024_x264:7.8	clip	3
uca:event_position_bin:0114	uca_ucfcrime:Train:Shoplifting025_x264:6.4	clip	3
uca:event_position_bin:0114	uca_ucfcrime:Train:Shoplifting028_x264:10.0	clip	3
uca:event_position_bin:0114	uca_ucfcrime:Test:Shoplifting037_x264:4.7	clip	3
uca:event_position_bin:0114	uca_ucfcrime:Test:Shoplifting041_x264:103.8	clip	3
uca:event_position_bin:0114	uca_ucfcrime:Val:Shoplifting043_x264:105.1	clip	3
uca:event_position_bin:0114	uca_ucfcrime:Val:Shoplifting048_x264:6.6	clip	3
uca:event_position_bin:0114	uca_ucfcrime:Val:Shoplifting050_x264:9.3	clip	3
uca:event_position_bin:0114	uca_ucfcrime:Val:Shoplifting052_x264:58.2	clip	3
uca:event_position_bin:0114	uca_ucfcrime:Train:Stealing022_x264:26.3	clip	3
uca:event_position_bin:0114	uca_ucfcrime:Train:Stealing024_x264:2.2	clip	3
uca:event_position_bin:0114	uca_ucfcrime:Train:Stealing024_x264:12.6	clip	3
uca:event_position_bin:0114	uca_ucfcrime:Train:Stealing027_x264:6.2	clip	3
uca:event_position_bin:0114	uca_ucfcrime:Train:Stealing036_x264:12.7	clip	3
uca:event_position_bin:0114	uca_ucfcrime:Train:Stealing045_x264:116.8	clip	3
uca:event_position_bin:0114	uca_ucfcrime:Train:Stealing052_x264:15.2	clip	3
uca:event_position_bin:0114	uca_ucfcrime:Train:Stealing074_x264:24.4	clip	3
uca:event_position_bin:0114	uca_ucfcrime:Test:Stealing087_x264:52.4	clip	3
uca:event_position_bin:0114	uca_ucfcrime:Val:Stealing104_x264:34.7	clip	3
uca:event_position_bin:0114	uca_ucfcrime:Val:Stealing105_x264:4.0	clip	3
uca:event_position_bin:0114	uca_ucfcrime:Train:Vandalism010_x264:12.7	clip	3
uca:event_position_bin:0114	uca_ucfcrime:Train:Vandalism021_x264:8.6	clip	3
uca:event_position_bin:0114	uca_ucfcrime:Train:Vandalism022_x264:6.5	clip	3
uca:event_position_bin:0114	uca_ucfcrime:Train:Vandalism030_x264:4.5	clip	3
uca:event_position_bin:0114	uca_ucfcrime:Test:Vandalism038_x264:15.5	clip	3
uca:event_position_bin:0115	uca_ucfcrime:Train:Arrest028_x264:3.2	clip	3
uca:event_position_bin:0115	uca_ucfcrime:Train:Arson006_x264:12.3	clip	3
uca:event_position_bin:0115	uca_ucfcrime:Train:Arson011_x264:5.9	clip	3
uca:event_position_bin:0115	uca_ucfcrime:Test:Arson022_x264:4.5	clip	3
uca:event_position_bin:0115	uca_ucfcrime:Test:Arson026_x264:12.6	clip	3
uca:event_position_bin:0115	uca_ucfcrime:Test:Arson026_x264:53.0	clip	3
uca:event_position_bin:0115	uca_ucfcrime:Test:Arson036_x264:14.3	clip	3
uca:event_position_bin:0115	uca_ucfcrime:Train:Assault008_x264:3.5	clip	3
uca:event_position_bin:0115	uca_ucfcrime:Test:Assault030_x264:4.5	clip	3
uca:event_position_bin:0115	uca_ucfcrime:Test:Assault033_x264:5.5	clip	3
uca:event_position_bin:0115	uca_ucfcrime:Test:Assault039_x264:2.4	clip	3
uca:event_position_bin:0115	uca_ucfcrime:Train:Burglary002_x264:7.5	clip	3
uca:event_position_bin:0115	uca_ucfcrime:Train:Burglary011_x264:19.6	clip	3
uca:event_position_bin:0115	uca_ucfcrime:Train:Burglary013_x264:13.2	clip	3
uca:event_position_bin:0115	uca_ucfcrime:Train:Burglary024_x264:7.8	clip	3
uca:event_position_bin:0115	uca_ucfcrime:Train:Burglary032_x264:22.2	clip	3
uca:event_position_bin:0115	uca_ucfcrime:Train:Burglary034_x264:11.6	clip	3
uca:event_position_bin:0115	uca_ucfcrime:Train:Burglary037_x264:11.0	clip	3
uca:event_position_bin:0115	uca_ucfcrime:Train:Burglary048_x264:7.8	clip	3
uca:event_position_bin:0115	uca_ucfcrime:Train:Burglary050_x264:2.8	clip	3
uca:event_position_bin:0115	uca_ucfcrime:Test:Burglary068_x264:3.3	clip	3
uca:event_position_bin:0115	uca_ucfcrime:Test:Burglary069_x264:2.8	clip	3
uca:event_position_bin:0115	uca_ucfcrime:Test:Burglary074_x264:13.2	clip	3
uca:event_position_bin:0115	uca_ucfcrime:Test:Burglary076_x264:136.4	clip	3
uca:event_position_bin:0115	uca_ucfcrime:Test:Burglary087_x264:7.8	clip	3
uca:event_position_bin:0115	uca_ucfcrime:Val:Burglary091_x264:13.7	clip	3
uca:event_position_bin:0115	uca_ucfcrime:Val:Burglary099_x264:1.9	clip	3
uca:event_position_bin:0115	uca_ucfcrime:Val:Burglary100_x264:11.9	clip	3
uca:event_position_bin:0115	uca_ucfcrime:Train:Fighting029_x264:28.5	clip	3
uca:event_position_bin:0115	uca_ucfcrime:Val:Fighting047_x264:20.2	clip	3
uca:event_position_bin:0115	uca_ucfcrime:Train:Normal_Videos012_x264:18.8	clip	3
uca:event_position_bin:0115	uca_ucfcrime:Train:Normal_Videos021_x264:1.6	clip	3
uca:event_position_bin:0115	uca_ucfcrime:Train:Normal_Videos026_x264:1.6	clip	3
uca:event_position_bin:0115	uca_ucfcrime:Train:Normal_Videos057_x264:37.0	clip	3
uca:event_position_bin:0115	uca_ucfcrime:Train:Normal_Videos201_x264:4.5	clip	3
uca:event_position_bin:0115	uca_ucfcrime:Train:Normal_Videos208_x264:19.7	clip	3
uca:event_position_bin:0115	uca_ucfcrime:Train:Normal_Videos214_x264:100.7	clip	3
uca:event_position_bin:0115	uca_ucfcrime:Train:Normal_Videos236_x264:24.0	clip	3
uca:event_position_bin:0115	uca_ucfcrime:Train:Normal_Videos236_x264:37.1	clip	3
uca:event_position_bin:0115	uca_ucfcrime:Train:Normal_Videos237_x264:10.6	clip	3
uca:event_position_bin:0115	uca_ucfcrime:Train:Normal_Videos245_x264:136.6	clip	3
uca:event_position_bin:0115	uca_ucfcrime:Train:Normal_Videos264_x264:21.6	clip	3
uca:event_position_bin:0115	uca_ucfcrime:Train:Normal_Videos332_x264:60.6	clip	3
uca:event_position_bin:0115	uca_ucfcrime:Train:Normal_Videos338_x264:3.0	clip	3
uca:event_position_bin:0115	uca_ucfcrime:Train:Normal_Videos346_x264:48.5	clip	3
uca:event_position_bin:0115	uca_ucfcrime:Train:Normal_Videos346_x264:59.0	clip	3
uca:event_position_bin:0115	uca_ucfcrime:Train:Normal_Videos347_x264:1.0	clip	3
uca:event_position_bin:0115	uca_ucfcrime:Train:Normal_Videos354_x264:5.0	clip	3
uca:event_position_bin:0115	uca_ucfcrime:Train:Normal_Videos422_x264:5.6	clip	3
uca:event_position_bin:0115	uca_ucfcrime:Train:Normal_Videos441_x264:17.4	clip	3
uca:event_position_bin:0115	uca_ucfcrime:Train:Normal_Videos456_x264:32.5	clip	3
uca:event_position_bin:0115	uca_ucfcrime:Train:Normal_Videos474_x264:9.1	clip	3
uca:event_position_bin:0115	uca_ucfcrime:Train:Normal_Videos482_x264:17.5	clip	3
uca:event_position_bin:0115	uca_ucfcrime:Train:Normal_Videos484_x264:4.5	clip	3
uca:event_position_bin:0115	uca_ucfcrime:Train:Normal_Videos498_x264:9.1	clip	3
uca:event_position_bin:0115	uca_ucfcrime:Train:Normal_Videos532_x264:4.0	clip	3
uca:event_position_bin:0115	uca_ucfcrime:Train:Normal_Videos533_x264:802.2	clip	3
uca:event_position_bin:0115	uca_ucfcrime:Test:Normal_Videos540_x264:878.8	clip	3
uca:event_position_bin:0115	uca_ucfcrime:Test:Normal_Videos573_x264:6.2	clip	3
uca:event_position_bin:0115	uca_ucfcrime:Test:Normal_Videos587_x264:7.2	clip	3
uca:event_position_bin:0115	uca_ucfcrime:Test:Normal_Videos592_x264:11.6	clip	3
uca:event_position_bin:0115	uca_ucfcrime:Test:Normal_Videos604_x264:6.7	clip	3
uca:event_position_bin:0115	uca_ucfcrime:Test:Normal_Videos622_x264:20.4	clip	3
uca:event_position_bin:0115	uca_ucfcrime:Test:Normal_Videos630_x264:616.3	clip	3
uca:event_position_bin:0115	uca_ucfcrime:Val:Normal_Videos644_x264:12.1	clip	3
uca:event_position_bin:0115	uca_ucfcrime:Val:Normal_Videos650_x264:10.4	clip	3
uca:event_position_bin:0115	uca_ucfcrime:Val:Normal_Videos654_x264:1.1	clip	3
uca:event_position_bin:0115	uca_ucfcrime:Val:Normal_Videos681_x264:8.2	clip	3
uca:event_position_bin:0115	uca_ucfcrime:Val:Normal_Videos721_x264:17.5	clip	3
uca:event_position_bin:0115	uca_ucfcrime:Val:Normal_Videos727_x264:11.9	clip	3
uca:event_position_bin:0115	uca_ucfcrime:Val:Normal_Videos775_x264:14.2	clip	3
uca:event_position_bin:0115	uca_ucfcrime:Val:Normal_Videos795_x264:104.2	clip	3
uca:event_position_bin:0115	uca_ucfcrime:Val:Normal_Videos821_x264:10.2	clip	3
uca:event_position_bin:0115	uca_ucfcrime:Val:Normal_Videos836_x264:193.3	clip	3
uca:event_position_bin:0115	uca_ucfcrime:Train:Normal_Videos_051_x264:12.0	clip	3
uca:event_position_bin:0115	uca_ucfcrime:Train:Normal_Videos_070_x264:1.6	clip	3
uca:event_position_bin:0115	uca_ucfcrime:Test:Normal_Videos_932_x264:5.3	clip	3
uca:event_position_bin:0115	uca_ucfcrime:Val:Normal_Videos_938_x264:5.2	clip	3
uca:event_position_bin:0115	uca_ucfcrime:Train:RoadAccidents097_x264:8.6	clip	3
uca:event_position_bin:0115	uca_ucfcrime:Train:RoadAccidents097_x264:37.9	clip	3
uca:event_position_bin:0115	uca_ucfcrime:Train:Robbery004_x264:9.9	clip	3
uca:event_position_bin:0115	uca_ucfcrime:Train:Robbery017_x264:38.1	clip	3
uca:event_position_bin:0115	uca_ucfcrime:Train:Robbery033_x264:3.1	clip	3
uca:event_position_bin:0115	uca_ucfcrime:Train:Robbery039_x264:5.5	clip	3
uca:event_position_bin:0115	uca_ucfcrime:Train:Robbery040_x264:6.5	clip	3
uca:event_position_bin:0115	uca_ucfcrime:Train:Robbery041_x264:5.8	clip	3
uca:event_position_bin:0115	uca_ucfcrime:Train:Robbery043_x264:5.6	clip	3
uca:event_position_bin:0115	uca_ucfcrime:Train:Robbery047_x264:7.1	clip	3
uca:event_position_bin:0115	uca_ucfcrime:Train:Robbery052_x264:33.2	clip	3
uca:event_position_bin:0115	uca_ucfcrime:Train:Robbery054_x264:9.6	clip	3
uca:event_position_bin:0115	uca_ucfcrime:Train:Robbery057_x264:13.9	clip	3
uca:event_position_bin:0115	uca_ucfcrime:Train:Robbery059_x264:13.9	clip	3
uca:event_position_bin:0115	uca_ucfcrime:Train:Robbery062_x264:4.7	clip	3
uca:event_position_bin:0115	uca_ucfcrime:Train:Robbery075_x264:4.0	clip	3
uca:event_position_bin:0115	uca_ucfcrime:Train:Robbery078_x264:12.9	clip	3
uca:event_position_bin:0115	uca_ucfcrime:Train:Robbery082_x264:4.2	clip	3
uca:event_position_bin:0115	uca_ucfcrime:Test:Robbery093_x264:2.0	clip	3
uca:event_position_bin:0115	uca_ucfcrime:Test:Robbery094_x264:1.2	clip	3
uca:event_position_bin:0115	uca_ucfcrime:Test:Robbery103_x264:8.0	clip	3
uca:event_position_bin:0115	uca_ucfcrime:Val:Robbery117_x264:6.1	clip	3
uca:event_position_bin:0115	uca_ucfcrime:Val:Robbery118_x264:1.4	clip	3
uca:event_position_bin:0115	uca_ucfcrime:Val:Robbery120_x264:5.1	clip	3
uca:event_position_bin:0115	uca_ucfcrime:Val:Robbery122_x264:4.1	clip	3
uca:event_position_bin:0115	uca_ucfcrime:Val:Robbery126_x264:5.2	clip	3
uca:event_position_bin:0115	uca_ucfcrime:Val:Robbery131_x264:3.2	clip	3
uca:event_position_bin:0115	uca_ucfcrime:Val:Robbery143_x264:10.4	clip	3
uca:event_position_bin:0115	uca_ucfcrime:Train:Shooting005_x264:3.4	clip	3
uca:event_position_bin:0115	uca_ucfcrime:Train:Shoplifting005_x264:5.2	clip	3
uca:event_position_bin:0115	uca_ucfcrime:Train:Shoplifting007_x264:36.8	clip	3
uca:event_position_bin:0115	uca_ucfcrime:Train:Shoplifting022_x264:7.1	clip	3
uca:event_position_bin:0115	uca_ucfcrime:Val:Shoplifting045_x264:4.8	clip	3
uca:event_position_bin:0115	uca_ucfcrime:Val:Shoplifting047_x264:6.3	clip	3
uca:event_position_bin:0115	uca_ucfcrime:Val:Shoplifting051_x264:24.6	clip	3
uca:event_position_bin:0115	uca_ucfcrime:Train:Stealing044_x264:17.1	clip	3
uca:event_position_bin:0115	uca_ucfcrime:Train:Stealing045_x264:116.8	clip	3
uca:event_position_bin:0115	uca_ucfcrime:Train:Stealing046_x264:24.0	clip	3
uca:event_position_bin:0115	uca_ucfcrime:Train:Stealing050_x264:14.7	clip	3
uca:event_position_bin:0115	uca_ucfcrime:Train:Stealing072_x264:68.5	clip	3
uca:event_position_bin:0116	uca_ucfcrime:Train:Abuse018_x264:65.3	clip	3
uca:event_position_bin:0116	uca_ucfcrime:Train:Abuse024_x264:23.4	clip	3
uca:event_position_bin:0116	uca_ucfcrime:Train:Arrest011_x264:62.8	clip	3
uca:event_position_bin:0116	uca_ucfcrime:Train:Arrest021_x264:235.6	clip	3
uca:event_position_bin:0116	uca_ucfcrime:Train:Assault004_x264:104.7	clip	3
uca:event_position_bin:0116	uca_ucfcrime:Train:Assault010_x264:420.5	clip	3
uca:event_position_bin:0116	uca_ucfcrime:Train:Assault012_x264:20.5	clip	3
uca:event_position_bin:0116	uca_ucfcrime:Train:Assault023_x264:29.5	clip	3
uca:event_position_bin:0116	uca_ucfcrime:Train:Assault025_x264:32.4	clip	3
uca:event_position_bin:0116	uca_ucfcrime:Val:Assault051_x264:14.1	clip	3
uca:event_position_bin:0116	uca_ucfcrime:Train:Burglary027_x264:84.9	clip	3
uca:event_position_bin:0116	uca_ucfcrime:Val:Explosion038_x264:73.0	clip	3
uca:event_position_bin:0116	uca_ucfcrime:Train:Fighting005_x264:40.3	clip	3
uca:event_position_bin:0116	uca_ucfcrime:Train:Fighting011_x264:258.6	clip	3
uca:event_position_bin:0116	uca_ucfcrime:Train:Fighting027_x264:108.0	clip	3
uca:event_position_bin:0116	uca_ucfcrime:Train:Fighting030_x264:54.1	clip	3
uca:event_position_bin:0116	uca_ucfcrime:Train:Fighting037_x264:129.6	clip	3
uca:event_position_bin:0116	uca_ucfcrime:Train:Normal_Videos038_x264:94.3	clip	3
uca:event_position_bin:0116	uca_ucfcrime:Train:RoadAccidents019_x264:37.2	clip	3
uca:event_position_bin:0116	uca_ucfcrime:Train:RoadAccidents066_x264:47.8	clip	3
uca:event_position_bin:0116	uca_ucfcrime:Test:RoadAccidents133_x264:18.6	clip	3
uca:event_position_bin:0116	uca_ucfcrime:Train:Robbery035_x264:110.5	clip	3
uca:event_position_bin:0116	uca_ucfcrime:Test:Robbery091_x264:45.9	clip	3
uca:event_position_bin:0116	uca_ucfcrime:Test:Robbery102_x264:47.5	clip	3
uca:event_position_bin:0116	uca_ucfcrime:Train:Shooting021_x264:38.2	clip	3
uca:event_position_bin:0116	uca_ucfcrime:Train:Shooting031_x264:56.0	clip	3
uca:event_position_bin:0116	uca_ucfcrime:Test:Shooting042_x264:37.9	clip	3
uca:event_position_bin:0116	uca_ucfcrime:Val:Shooting050_x264:100.4	clip	3
uca:event_position_bin:0116	uca_ucfcrime:Train:Vandalism002_x264:46.7	clip	3
uca:event_position_bin:0117	uca_ucfcrime:Train:Abuse019_x264:127.2	clip	3
uca:event_position_bin:0117	uca_ucfcrime:Train:Abuse024_x264:27.5	clip	3
uca:event_position_bin:0117	uca_ucfcrime:Train:Abuse033_x264:80.9	clip	3
uca:event_position_bin:0117	uca_ucfcrime:Test:Abuse040_x264:94.0	clip	3
uca:event_position_bin:0117	uca_ucfcrime:Val:Abuse044_x264:127.2	clip	3
uca:event_position_bin:0117	uca_ucfcrime:Val:Abuse047_x264:39.0	clip	3
uca:event_position_bin:0117	uca_ucfcrime:Val:Abuse048_x264:78.8	clip	3
uca:event_position_bin:0117	uca_ucfcrime:Val:Abuse050_x264:154.9	clip	3
uca:event_position_bin:0117	uca_ucfcrime:Test:Arson030_x264:166.9	clip	3
uca:event_position_bin:0117	uca_ucfcrime:Train:Assault001_x264:62.7	clip	3
uca:event_position_bin:0117	uca_ucfcrime:Train:Assault003_x264:129.8	clip	3
uca:event_position_bin:0117	uca_ucfcrime:Train:Assault005_x264:37.8	clip	3
uca:event_position_bin:0117	uca_ucfcrime:Train:Assault010_x264:420.5	clip	3
uca:event_position_bin:0117	uca_ucfcrime:Train:Assault010_x264:505.3	clip	3
uca:event_position_bin:0117	uca_ucfcrime:Train:Assault020_x264:13.5	clip	3
uca:event_position_bin:0117	uca_ucfcrime:Train:Assault025_x264:32.4	clip	3
uca:event_position_bin:0117	uca_ucfcrime:Train:Assault026_x264:23.8	clip	3
uca:event_position_bin:0117	uca_ucfcrime:Test:Assault033_x264:33.8	clip	3
uca:event_position_bin:0117	uca_ucfcrime:Test:Assault034_x264:65.2	clip	3
uca:event_position_bin:0117	uca_ucfcrime:Test:Assault039_x264:6.6	clip	3
uca:event_position_bin:0117	uca_ucfcrime:Val:Assault042_x264:200.0	clip	3
uca:event_position_bin:0117	uca_ucfcrime:Val:Assault047_x264:75.8	clip	3
uca:event_position_bin:0117	uca_ucfcrime:Val:Assault047_x264:96.4	clip	3
uca:event_position_bin:0117	uca_ucfcrime:Val:Assault050_x264:16.3	clip	3
uca:event_position_bin:0117	uca_ucfcrime:Test:Explosion020_x264:32.6	clip	3
uca:event_position_bin:0117	uca_ucfcrime:Train:Fighting003_x264:92.2	clip	3
uca:event_position_bin:0117	uca_ucfcrime:Train:Fighting029_x264:135.8	clip	3
uca:event_position_bin:0117	uca_ucfcrime:Train:Fighting036_x264:119.9	clip	3
uca:event_position_bin:0117	uca_ucfcrime:Test:Fighting044_x264:187.2	clip	3
uca:event_position_bin:0117	uca_ucfcrime:Val:Fighting048_x264:216.5	clip	3
uca:event_position_bin:0117	uca_ucfcrime:Val:Fighting051_x264:154.9	clip	3
uca:event_position_bin:0117	uca_ucfcrime:Val:Fighting051_x264:211.1	clip	3
uca:event_position_bin:0117	uca_ucfcrime:Val:Normal_Videos776_x264:258.2	clip	3
uca:event_position_bin:0117	uca_ucfcrime:Train:RoadAccidents002_x264:10.1	clip	3
uca:event_position_bin:0117	uca_ucfcrime:Train:RoadAccidents012_x264:11.9	clip	3
uca:event_position_bin:0117	uca_ucfcrime:Train:RoadAccidents024_x264:192.2	clip	3
uca:event_position_bin:0117	uca_ucfcrime:Train:RoadAccidents028_x264:16.6	clip	3
uca:event_position_bin:0117	uca_ucfcrime:Train:RoadAccidents030_x264:29.9	clip	3
uca:event_position_bin:0117	uca_ucfcrime:Train:RoadAccidents033_x264:14.0	clip	3
uca:event_position_bin:0117	uca_ucfcrime:Train:RoadAccidents053_x264:15.7	clip	3
uca:event_position_bin:0117	uca_ucfcrime:Train:RoadAccidents084_x264:22.2	clip	3
uca:event_position_bin:0117	uca_ucfcrime:Test:RoadAccidents116_x264:13.5	clip	3
uca:event_position_bin:0117	uca_ucfcrime:Test:RoadAccidents124_x264:37.9	clip	3
uca:event_position_bin:0117	uca_ucfcrime:Test:RoadAccidents135_x264:35.1	clip	3
uca:event_position_bin:0117	uca_ucfcrime:Train:Robbery019_x264:143.2	clip	3
uca:event_position_bin:0117	uca_ucfcrime:Train:Robbery027_x264:133.8	clip	3
uca:event_position_bin:0117	uca_ucfcrime:Train:Robbery077_x264:26.3	clip	3
uca:event_position_bin:0117	uca_ucfcrime:Test:Robbery088_x264:116.4	clip	3
uca:event_position_bin:0117	uca_ucfcrime:Test:Robbery102_x264:47.5	clip	3
uca:event_position_bin:0117	uca_ucfcrime:Test:Robbery102_x264:54.2	clip	3
uca:event_position_bin:0117	uca_ucfcrime:Val:Robbery124_x264:212.3	clip	3
uca:event_position_bin:0117	uca_ucfcrime:Val:Robbery124_x264:313.4	clip	3
uca:event_position_bin:0117	uca_ucfcrime:Val:Robbery146_x264:48.5	clip	3
uca:event_position_bin:0117	uca_ucfcrime:Train:Shooting002_x264:37.1	clip	3
uca:event_position_bin:0117	uca_ucfcrime:Train:Stealing006_x264:100.5	clip	3
uca:event_position_bin:0117	uca_ucfcrime:Train:Stealing021_x264:104.2	clip	3
uca:event_position_bin:0117	uca_ucfcrime:Train:Stealing054_x264:64.6	clip	3
uca:event_position_bin:0117	uca_ucfcrime:Train:Vandalism004_x264:68.7	clip	3
uca:event_position_bin:0117	uca_ucfcrime:Train:Vandalism006_x264:20.6	clip	3
uca:event_position_bin:0117	uca_ucfcrime:Train:Vandalism022_x264:112.1	clip	3
uca:event_position_bin:0117	uca_ucfcrime:Train:Vandalism023_x264:175.2	clip	3
uca:event_position_bin:0118	uca_ucfcrime:Train:Arson002_x264:109.6	clip	3
uca:event_position_bin:0118	uca_ucfcrime:Train:Arson003_x264:100.9	clip	3
uca:event_position_bin:0118	uca_ucfcrime:Train:Arson005_x264:30.8	clip	3
uca:event_position_bin:0118	uca_ucfcrime:Train:Arson006_x264:78.5	clip	3
uca:event_position_bin:0118	uca_ucfcrime:Train:Arson008_x264:32.2	clip	3
uca:event_position_bin:0118	uca_ucfcrime:Train:Arson012_x264:20.0	clip	3
uca:event_position_bin:0118	uca_ucfcrime:Train:Arson015_x264:326.9	clip	3
uca:event_position_bin:0118	uca_ucfcrime:Train:Arson016_x264:43.0	clip	3
uca:event_position_bin:0118	uca_ucfcrime:Train:Arson017_x264:36.7	clip	3
uca:event_position_bin:0118	uca_ucfcrime:Test:Arson020_x264:67.2	clip	3
uca:event_position_bin:0118	uca_ucfcrime:Test:Arson021_x264:33.6	clip	3
uca:event_position_bin:0118	uca_ucfcrime:Test:Arson021_x264:42.1	clip	3
uca:event_position_bin:0118	uca_ucfcrime:Test:Arson022_x264:270.2	clip	3
uca:event_position_bin:0118	uca_ucfcrime:Test:Arson023_x264:43.1	clip	3
uca:event_position_bin:0118	uca_ucfcrime:Test:Arson024_x264:90.4	clip	3
uca:event_position_bin:0118	uca_ucfcrime:Test:Arson025_x264:132.8	clip	3
uca:event_position_bin:0118	uca_ucfcrime:Test:Arson025_x264:168.1	clip	3
uca:event_position_bin:0118	uca_ucfcrime:Test:Arson028_x264:67.8	clip	3
uca:event_position_bin:0118	uca_ucfcrime:Test:Arson030_x264:166.9	clip	3
uca:event_position_bin:0118	uca_ucfcrime:Test:Arson031_x264:69.9	clip	3
uca:event_position_bin:0118	uca_ucfcrime:Test:Arson032_x264:75.4	clip	3
uca:event_position_bin:0118	uca_ucfcrime:Test:Arson034_x264:60.2	clip	3
uca:event_position_bin:0118	uca_ucfcrime:Test:Arson035_x264:34.4	clip	3
uca:event_position_bin:0118	uca_ucfcrime:Test:Arson036_x264:53.5	clip	3
uca:event_position_bin:0118	uca_ucfcrime:Val:Arson040_x264:68.4	clip	3
uca:event_position_bin:0118	uca_ucfcrime:Val:Arson041_x264:119.7	clip	3
uca:event_position_bin:0118	uca_ucfcrime:Val:Arson042_x264:162.1	clip	3
uca:event_position_bin:0118	uca_ucfcrime:Val:Arson047_x264:44.2	clip	3
uca:event_position_bin:0118	uca_ucfcrime:Val:Arson049_x264:11.5	clip	3
uca:event_position_bin:0118	uca_ucfcrime:Val:Arson050_x264:37.5	clip	3
uca:event_position_bin:0118	uca_ucfcrime:Val:Arson051_x264:30.4	clip	3
uca:event_position_bin:0118	uca_ucfcrime:Val:Arson053_x264:152.3	clip	3
uca:event_position_bin:0118	uca_ucfcrime:Val:Arson053_x264:166.1	clip	3
uca:event_position_bin:0118	uca_ucfcrime:Train:Explosion005_x264:17.4	clip	3
uca:event_position_bin:0118	uca_ucfcrime:Test:Explosion008_x264:46.2	clip	3
uca:event_position_bin:0118	uca_ucfcrime:Test:Explosion010_x264:64.0	clip	3
uca:event_position_bin:0118	uca_ucfcrime:Test:Explosion013_x264:105.8	clip	3
uca:event_position_bin:0118	uca_ucfcrime:Test:Explosion017_x264:51.6	clip	3
uca:event_position_bin:0118	uca_ucfcrime:Test:Explosion027_x264:20.4	clip	3
uca:event_position_bin:0118	uca_ucfcrime:Test:Explosion029_x264:75.8	clip	3
uca:event_position_bin:0118	uca_ucfcrime:Val:Explosion033_x264:78.1	clip	3
uca:event_position_bin:0118	uca_ucfcrime:Val:Explosion038_x264:73.0	clip	3
uca:event_position_bin:0118	uca_ucfcrime:Val:Explosion041_x264:88.6	clip	3
uca:event_position_bin:0118	uca_ucfcrime:Val:Explosion045_x264:22.6	clip	3
uca:event_position_bin:0118	uca_ucfcrime:Val:Explosion047_x264:41.5	clip	3
uca:event_position_bin:0118	uca_ucfcrime:Val:Explosion051_x264:71.8	clip	3
uca:event_position_bin:0118	uca_ucfcrime:Val:Fighting046_x264:82.7	clip	3
uca:event_position_bin:0118	uca_ucfcrime:Train:Normal_Videos171_x264:1363.8	clip	3
uca:event_position_bin:0118	uca_ucfcrime:Train:Normal_Videos_702_x264:73.7	clip	3
uca:event_position_bin:0118	uca_ucfcrime:Train:RoadAccidents013_x264:50.3	clip	3
uca:event_position_bin:0118	uca_ucfcrime:Train:Robbery024_x264:76.1	clip	3
uca:event_position_bin:0118	uca_ucfcrime:Train:Robbery065_x264:76.1	clip	3
uca:event_position_bin:0118	uca_ucfcrime:Train:Robbery070_x264:16.8	clip	3
uca:event_position_bin:0119	uca_ucfcrime:Train:Arrest009_x264:46.7	clip	3
uca:event_position_bin:0119	uca_ucfcrime:Test:Arson025_x264:168.1	clip	3
uca:event_position_bin:0119	uca_ucfcrime:Test:Assault032_x264:13.3	clip	3
uca:event_position_bin:0119	uca_ucfcrime:Train:Burglary012_x264:51.1	clip	3
uca:event_position_bin:0119	uca_ucfcrime:Val:Burglary096_x264:211.6	clip	3
uca:event_position_bin:0119	uca_ucfcrime:Train:Explosion004_x264:58.7	clip	3
uca:event_position_bin:0119	uca_ucfcrime:Test:Explosion029_x264:75.8	clip	3
uca:event_position_bin:0119	uca_ucfcrime:Train:Fighting038_x264:23.7	clip	3
uca:event_position_bin:0119	uca_ucfcrime:Test:Fighting042_x264:56.6	clip	3
uca:event_position_bin:0119	uca_ucfcrime:Train:Normal_Videos170_x264:34.5	clip	3
uca:event_position_bin:0119	uca_ucfcrime:Train:Robbery019_x264:143.2	clip	3
uca:event_position_bin:0119	uca_ucfcrime:Train:Robbery019_x264:183.8	clip	3
uca:event_position_bin:0119	uca_ucfcrime:Train:Robbery024_x264:76.1	clip	3
uca:event_position_bin:0119	uca_ucfcrime:Train:Robbery033_x264:22.6	clip	3
uca:event_position_bin:0119	uca_ucfcrime:Train:Robbery033_x264:29.6	clip	3
uca:event_position_bin:0119	uca_ucfcrime:Train:Robbery041_x264:40.9	clip	3
uca:event_position_bin:0119	uca_ucfcrime:Train:Robbery051_x264:43.7	clip	3
uca:event_position_bin:0119	uca_ucfcrime:Train:Robbery052_x264:112.1	clip	3
uca:event_position_bin:0119	uca_ucfcrime:Train:Robbery064_x264:36.8	clip	3
uca:event_position_bin:0119	uca_ucfcrime:Train:Robbery065_x264:76.1	clip	3
uca:event_position_bin:0119	uca_ucfcrime:Train:Robbery068_x264:10.7	clip	3
uca:event_position_bin:0119	uca_ucfcrime:Test:Robbery088_x264:116.4	clip	3
uca:event_position_bin:0119	uca_ucfcrime:Test:Robbery099_x264:41.6	clip	3
uca:event_position_bin:0119	uca_ucfcrime:Test:Robbery102_x264:54.2	clip	3
uca:event_position_bin:0119	uca_ucfcrime:Test:Robbery108_x264:35.6	clip	3
uca:event_position_bin:0119	uca_ucfcrime:Test:Robbery112_x264:37.3	clip	3
uca:event_position_bin:0119	uca_ucfcrime:Val:Robbery132_x264:16.6	clip	3
uca:event_position_bin:0119	uca_ucfcrime:Val:Robbery147_x264:21.9	clip	3
uca:event_position_bin:0119	uca_ucfcrime:Train:Shooting013_x264:30.4	clip	3
uca:event_position_bin:0119	uca_ucfcrime:Train:Shooting015_x264:56.4	clip	3
uca:event_position_bin:0119	uca_ucfcrime:Train:Shooting017_x264:23.4	clip	3
uca:event_position_bin:0119	uca_ucfcrime:Train:Shooting027_x264:18.6	clip	3
uca:event_position_bin:0119	uca_ucfcrime:Test:Shooting038_x264:32.0	clip	3
uca:event_position_bin:0119	uca_ucfcrime:Test:Shooting038_x264:40.6	clip	3
uca:event_position_bin:0119	uca_ucfcrime:Test:Shooting042_x264:37.9	clip	3
uca:event_position_bin:0119	uca_ucfcrime:Test:Shooting043_x264:49.6	clip	3
uca:event_position_bin:0119	uca_ucfcrime:Test:Shooting046_x264:163.4	clip	3
uca:event_position_bin:0120	uca_ucfcrime:Train:Abuse024_x264:23.4	clip	3
uca:event_position_bin:0120	uca_ucfcrime:Test:Abuse037_x264:44.0	clip	3
uca:event_position_bin:0120	uca_ucfcrime:Test:Abuse038_x264:20.0	clip	3
uca:event_position_bin:0120	uca_ucfcrime:Train:Arrest040_x264:52.8	clip	3
uca:event_position_bin:0120	uca_ucfcrime:Train:Arson012_x264:20.0	clip	3
uca:event_position_bin:0120	uca_ucfcrime:Test:Arson035_x264:34.4	clip	3
uca:event_position_bin:0120	uca_ucfcrime:Test:Arson038_x264:20.4	clip	3
uca:event_position_bin:0120	uca_ucfcrime:Val:Arson050_x264:37.5	clip	3
uca:event_position_bin:0120	uca_ucfcrime:Val:Arson051_x264:30.4	clip	3
uca:event_position_bin:0120	uca_ucfcrime:Test:Assault032_x264:13.3	clip	3
uca:event_position_bin:0120	uca_ucfcrime:Test:Assault034_x264:65.2	clip	3
uca:event_position_bin:0120	uca_ucfcrime:Test:Assault035_x264:20.6	clip	3
uca:event_position_bin:0120	uca_ucfcrime:Val:Assault051_x264:14.1	clip	3
uca:event_position_bin:0120	uca_ucfcrime:Val:Assault052_x264:21.9	clip	3
uca:event_position_bin:0120	uca_ucfcrime:Train:Burglary005_x264:237.2	clip	3
uca:event_position_bin:0120	uca_ucfcrime:Test:Burglary070_x264:19.3	clip	3
uca:event_position_bin:0120	uca_ucfcrime:Test:Burglary072_x264:72.2	clip	3
uca:event_position_bin:0120	uca_ucfcrime:Test:Burglary073_x264:86.3	clip	3
uca:event_position_bin:0120	uca_ucfcrime:Test:Burglary077_x264:57.0	clip	3
uca:event_position_bin:0120	uca_ucfcrime:Test:Burglary080_x264:36.0	clip	3
uca:event_position_bin:0120	uca_ucfcrime:Val:Burglary092_x264:17.6	clip	3
uca:event_position_bin:0120	uca_ucfcrime:Val:Burglary096_x264:162.1	clip	3
uca:event_position_bin:0120	uca_ucfcrime:Val:Burglary097_x264:7.8	clip	3
uca:event_position_bin:0120	uca_ucfcrime:Test:Explosion024_x264:34.0	clip	3
uca:event_position_bin:0120	uca_ucfcrime:Test:Explosion026_x264:57.8	clip	3
uca:event_position_bin:0120	uca_ucfcrime:Val:Explosion042_x264:61.8	clip	3
uca:event_position_bin:0120	uca_ucfcrime:Val:Explosion043_x264:239.4	clip	3
uca:event_position_bin:0120	uca_ucfcrime:Train:Fighting003_x264:77.3	clip	3
uca:event_position_bin:0120	uca_ucfcrime:Train:Fighting005_x264:40.3	clip	3
uca:event_position_bin:0120	uca_ucfcrime:Train:Fighting009_x264:55.5	clip	3
uca:event_position_bin:0120	uca_ucfcrime:Train:Fighting023_x264:25.9	clip	3
uca:event_position_bin:0120	uca_ucfcrime:Train:Fighting030_x264:54.1	clip	3
uca:event_position_bin:0120	uca_ucfcrime:Train:Fighting038_x264:25.5	clip	3
uca:event_position_bin:0120	uca_ucfcrime:Test:Fighting039_x264:188.8	clip	3
uca:event_position_bin:0120	uca_ucfcrime:Val:Fighting046_x264:82.7	clip	3
uca:event_position_bin:0120	uca_ucfcrime:Train:Normal_Videos238_x264:93.2	clip	3
uca:event_position_bin:0120	uca_ucfcrime:Train:Normal_Videos419_x264:32.2	clip	3
uca:event_position_bin:0120	uca_ucfcrime:Train:Normal_Videos486_x264:82.5	clip	3
uca:event_position_bin:0120	uca_ucfcrime:Test:Normal_Videos569_x264:86.7	clip	3
uca:event_position_bin:0120	uca_ucfcrime:Val:Normal_Videos719_x264:74.0	clip	3
uca:event_position_bin:0120	uca_ucfcrime:Train:Normal_Videos_168_x264:39.8	clip	3
uca:event_position_bin:0120	uca_ucfcrime:Train:Normal_Videos_900_x264:41.8	clip	3
uca:event_position_bin:0120	uca_ucfcrime:Train:RoadAccidents020_x264:57.4	clip	3
uca:event_position_bin:0120	uca_ucfcrime:Train:RoadAccidents026_x264:24.2	clip	3
uca:event_position_bin:0120	uca_ucfcrime:Train:RoadAccidents038_x264:11.4	clip	3
uca:event_position_bin:0120	uca_ucfcrime:Train:RoadAccidents083_x264:30.5	clip	3
uca:event_position_bin:0120	uca_ucfcrime:Train:RoadAccidents095_x264:34.3	clip	3
uca:event_position_bin:0120	uca_ucfcrime:Train:RoadAccidents099_x264:36.8	clip	3
uca:event_position_bin:0120	uca_ucfcrime:Train:RoadAccidents103_x264:34.9	clip	3
uca:event_position_bin:0120	uca_ucfcrime:Test:RoadAccidents109_x264:95.0	clip	3
uca:event_position_bin:0120	uca_ucfcrime:Test:RoadAccidents120_x264:44.2	clip	3
uca:event_position_bin:0120	uca_ucfcrime:Test:RoadAccidents123_x264:23.3	clip	3
uca:event_position_bin:0120	uca_ucfcrime:Test:RoadAccidents124_x264:37.9	clip	3
uca:event_position_bin:0120	uca_ucfcrime:Test:RoadAccidents131_x264:39.0	clip	3
uca:event_position_bin:0120	uca_ucfcrime:Test:RoadAccidents137_x264:23.9	clip	3
uca:event_position_bin:0120	uca_ucfcrime:Train:Robbery005_x264:64.2	clip	3
uca:event_position_bin:0120	uca_ucfcrime:Train:Robbery010_x264:98.1	clip	3
uca:event_position_bin:0120	uca_ucfcrime:Train:Robbery024_x264:76.1	clip	3
uca:event_position_bin:0120	uca_ucfcrime:Train:Robbery029_x264:68.8	clip	3
uca:event_position_bin:0120	uca_ucfcrime:Train:Robbery065_x264:76.1	clip	3
uca:event_position_bin:0120	uca_ucfcrime:Train:Robbery074_x264:19.6	clip	3
uca:event_position_bin:0120	uca_ucfcrime:Test:Robbery085_x264:58.9	clip	3
uca:event_position_bin:0120	uca_ucfcrime:Test:Robbery095_x264:28.6	clip	3
uca:event_position_bin:0120	uca_ucfcrime:Test:Robbery096_x264:110.3	clip	3
uca:event_position_bin:0120	uca_ucfcrime:Test:Robbery099_x264:41.6	clip	3
uca:event_position_bin:0120	uca_ucfcrime:Test:Robbery100_x264:139.6	clip	3
uca:event_position_bin:0120	uca_ucfcrime:Test:Robbery102_x264:54.2	clip	3
uca:event_position_bin:0120	uca_ucfcrime:Test:Robbery110_x264:72.9	clip	3
uca:event_position_bin:0120	uca_ucfcrime:Val:Robbery115_x264:55.0	clip	3
uca:event_position_bin:0120	uca_ucfcrime:Val:Robbery122_x264:30.0	clip	3
uca:event_position_bin:0120	uca_ucfcrime:Val:Robbery123_x264:26.8	clip	3
uca:event_position_bin:0120	uca_ucfcrime:Val:Robbery124_x264:212.3	clip	3
uca:event_position_bin:0120	uca_ucfcrime:Val:Robbery126_x264:47.0	clip	3
uca:event_position_bin:0120	uca_ucfcrime:Val:Robbery131_x264:49.0	clip	3
uca:event_position_bin:0120	uca_ucfcrime:Val:Robbery138_x264:16.8	clip	3
uca:event_position_bin:0120	uca_ucfcrime:Val:Robbery141_x264:101.2	clip	3
uca:event_position_bin:0120	uca_ucfcrime:Val:Robbery143_x264:21.5	clip	3
uca:event_position_bin:0120	uca_ucfcrime:Train:Shooting012_x264:48.5	clip	3
uca:event_position_bin:0120	uca_ucfcrime:Train:Shooting020_x264:164.6	clip	3
uca:event_position_bin:0120	uca_ucfcrime:Train:Shooting022_x264:118.0	clip	3
uca:event_position_bin:0120	uca_ucfcrime:Train:Shooting031_x264:66.8	clip	3
uca:event_position_bin:0120	uca_ucfcrime:Val:Shooting053_x264:25.4	clip	3
uca:event_position_bin:0120	uca_ucfcrime:Train:Shoplifting032_x264:45.0	clip	3
uca:event_position_bin:0120	uca_ucfcrime:Test:Shoplifting038_x264:92.5	clip	3
uca:event_position_bin:0120	uca_ucfcrime:Train:Stealing003_x264:101.2	clip	3
uca:event_position_bin:0120	uca_ucfcrime:Train:Stealing017_x264:57.9	clip	3
uca:event_position_bin:0120	uca_ucfcrime:Train:Stealing021_x264:134.2	clip	3
uca:event_position_bin:0120	uca_ucfcrime:Train:Stealing027_x264:57.3	clip	3
uca:event_position_bin:0120	uca_ucfcrime:Train:Stealing030_x264:19.7	clip	3
uca:event_position_bin:0120	uca_ucfcrime:Test:Stealing080_x264:32.4	clip	3
uca:event_position_bin:0120	uca_ucfcrime:Test:Stealing087_x264:162.0	clip	3
uca:event_position_bin:0120	uca_ucfcrime:Val:Stealing095_x264:19.6	clip	3
uca:event_position_bin:0120	uca_ucfcrime:Val:Stealing102_x264:28.9	clip	3
uca:event_position_bin:0120	uca_ucfcrime:Val:Stealing103_x264:174.0	clip	3
uca:event_position_bin:0120	uca_ucfcrime:Val:Stealing105_x264:32.4	clip	3
uca:event_position_bin:0120	uca_ucfcrime:Val:Stealing110_x264:44.7	clip	3
uca:event_position_bin:0120	uca_ucfcrime:Train:Vandalism007_x264:28.8	clip	3
uca:event_position_bin:0120	uca_ucfcrime:Train:Vandalism012_x264:21.0	clip	3
uca:event_position_bin:0120	uca_ucfcrime:Train:Vandalism013_x264:75.2	clip	3
uca:event_position_bin:0120	uca_ucfcrime:Train:Vandalism018_x264:175.9	clip	3
uca:event_position_bin:0120	uca_ucfcrime:Train:Vandalism023_x264:197.8	clip	3
uca:event_position_bin:0120	uca_ucfcrime:Test:Vandalism039_x264:25.1	clip	3
uca:event_position_bin:0121	uca_ucfcrime:Train:RoadAccidents023_x264:83.8	clip	3
uca:event_position_bin:0121	uca_ucfcrime:Train:RoadAccidents023_x264:111.2	clip	3
uca:event_position_bin:0121	uca_ucfcrime:Train:RoadAccidents024_x264:138.1	clip	3
uca:event_position_bin:0121	uca_ucfcrime:Train:RoadAccidents026_x264:24.2	clip	3
uca:event_position_bin:0121	uca_ucfcrime:Train:RoadAccidents027_x264:2.7	clip	3
uca:event_position_bin:0121	uca_ucfcrime:Train:RoadAccidents030_x264:29.9	clip	3
uca:event_position_bin:0121	uca_ucfcrime:Train:RoadAccidents072_x264:21.4	clip	3
uca:event_position_bin:0121	uca_ucfcrime:Train:RoadAccidents073_x264:14.1	clip	3
uca:event_position_bin:0121	uca_ucfcrime:Train:RoadAccidents106_x264:71.2	clip	3
uca:event_position_bin:0121	uca_ucfcrime:Train:RoadAccidents107_x264:29.8	clip	3
uca:event_position_bin:0121	uca_ucfcrime:Test:RoadAccidents109_x264:130.2	clip	3
uca:event_position_bin:0121	uca_ucfcrime:Test:RoadAccidents110_x264:12.1	clip	3
uca:event_position_bin:0121	uca_ucfcrime:Test:RoadAccidents114_x264:51.5	clip	3
uca:event_position_bin:0121	uca_ucfcrime:Test:RoadAccidents120_x264:44.2	clip	3
uca:event_position_bin:0121	uca_ucfcrime:Test:RoadAccidents142_x264:99.5	clip	3
uca:event_position_bin:0121	uca_ucfcrime:Test:RoadAccidents142_x264:122.4	clip	3
uca:event_position_bin:0121	uca_ucfcrime:Val:RoadAccidents145_x264:34.2	clip	3
uca:event_position_bin:0122	uca_ucfcrime:Train:Burglary010_x264:138.1	clip	3
uca:event_position_bin:0122	uca_ucfcrime:Train:Burglary010_x264:161.1	clip	3
uca:event_position_bin:0122	uca_ucfcrime:Train:Burglary010_x264:185.6	clip	3
uca:event_position_bin:0122	uca_ucfcrime:Train:Burglary020_x264:82.3	clip	3
uca:event_position_bin:0122	uca_ucfcrime:Train:Burglary036_x264:28.6	clip	3
uca:event_position_bin:0122	uca_ucfcrime:Val:Burglary100_x264:170.7	clip	3
uca:event_position_bin:0122	uca_ucfcrime:Train:Normal_Videos038_x264:94.3	clip	3
uca:event_position_bin:0122	uca_ucfcrime:Train:Normal_Videos121_x264:30.1	clip	3
uca:event_position_bin:0122	uca_ucfcrime:Train:Normal_Videos121_x264:37.2	clip	3
uca:event_position_bin:0122	uca_ucfcrime:Train:Normal_Videos232_x264:38.0	clip	3
uca:event_position_bin:0122	uca_ucfcrime:Train:Normal_Videos342_x264:118.0	clip	3
uca:event_position_bin:0122	uca_ucfcrime:Train:Normal_Videos420_x264:352.6	clip	3
uca:event_position_bin:0122	uca_ucfcrime:Train:Normal_Videos484_x264:831.5	clip	3
uca:event_position_bin:0122	uca_ucfcrime:Train:Normal_Videos484_x264:1189.0	clip	3
uca:event_position_bin:0122	uca_ucfcrime:Val:Normal_Videos703_x264:55.5	clip	3
uca:event_position_bin:0122	uca_ucfcrime:Val:Normal_Videos726_x264:52.5	clip	3
uca:event_position_bin:0122	uca_ucfcrime:Train:Normal_Videos_360_x264:23.6	clip	3
uca:event_position_bin:0122	uca_ucfcrime:Test:Normal_Videos_929_x264:26.6	clip	3
uca:event_position_bin:0122	uca_ucfcrime:Val:Normal_Videos_939_x264:18.6	clip	3
uca:event_position_bin:0122	uca_ucfcrime:Val:Normal_Videos_939_x264:23.6	clip	3
uca:event_position_bin:0122	uca_ucfcrime:Train:Robbery008_x264:63.9	clip	3
uca:event_position_bin:0122	uca_ucfcrime:Train:Robbery010_x264:70.2	clip	3
uca:event_position_bin:0122	uca_ucfcrime:Train:Robbery013_x264:118.5	clip	3
uca:event_position_bin:0122	uca_ucfcrime:Train:Robbery022_x264:112.8	clip	3
uca:event_position_bin:0122	uca_ucfcrime:Train:Robbery033_x264:22.6	clip	3
uca:event_position_bin:0122	uca_ucfcrime:Train:Robbery033_x264:29.6	clip	3
uca:event_position_bin:0122	uca_ucfcrime:Train:Robbery042_x264:49.5	clip	3
uca:event_position_bin:0122	uca_ucfcrime:Train:Robbery042_x264:68.7	clip	3
uca:event_position_bin:0122	uca_ucfcrime:Train:Robbery044_x264:12.7	clip	3
uca:event_position_bin:0122	uca_ucfcrime:Train:Robbery079_x264:22.4	clip	3
uca:event_position_bin:0122	uca_ucfcrime:Test:Robbery091_x264:45.9	clip	3
uca:event_position_bin:0122	uca_ucfcrime:Val:Robbery140_x264:25.9	clip	3
uca:event_position_bin:0122	uca_ucfcrime:Val:Robbery142_x264:66.0	clip	3
uca:event_position_bin:0122	uca_ucfcrime:Val:Robbery143_x264:21.5	clip	3
uca:event_position_bin:0123	uca_ucfcrime:Train:Abuse004_x264:442.2	clip	3
uca:event_position_bin:0123	uca_ucfcrime:Train:Abuse008_x264:272.2	clip	3
uca:event_position_bin:0123	uca_ucfcrime:Train:Abuse016_x264:42.6	clip	3
uca:event_position_bin:0123	uca_ucfcrime:Train:Abuse020_x264:96.0	clip	3
uca:event_position_bin:0123	uca_ucfcrime:Train:Abuse022_x264:92.5	clip	3
uca:event_position_bin:0123	uca_ucfcrime:Val:Abuse046_x264:36.4	clip	3
uca:event_position_bin:0123	uca_ucfcrime:Train:Arrest006_x264:96.5	clip	3
uca:event_position_bin:0123	uca_ucfcrime:Train:Arrest007_x264:88.3	clip	3
uca:event_position_bin:0123	uca_ucfcrime:Train:Arrest014_x264:49.3	clip	3
uca:event_position_bin:0123	uca_ucfcrime:Train:Arrest029_x264:234.3	clip	3
uca:event_position_bin:0123	uca_ucfcrime:Train:Arson006_x264:78.5	clip	3
uca:event_position_bin:0123	uca_ucfcrime:Train:Arson007_x264:199.3	clip	3
uca:event_position_bin:0123	uca_ucfcrime:Train:Arson008_x264:32.2	clip	3
uca:event_position_bin:0123	uca_ucfcrime:Train:Arson013_x264:198.7	clip	3
uca:event_position_bin:0123	uca_ucfcrime:Train:Arson015_x264:326.9	clip	3
uca:event_position_bin:0123	uca_ucfcrime:Test:Arson021_x264:33.6	clip	3
uca:event_position_bin:0123	uca_ucfcrime:Test:Arson028_x264:67.8	clip	3
uca:event_position_bin:0123	uca_ucfcrime:Test:Arson034_x264:60.2	clip	3
uca:event_position_bin:0123	uca_ucfcrime:Test:Arson036_x264:50.3	clip	3
uca:event_position_bin:0123	uca_ucfcrime:Test:Arson036_x264:53.5	clip	3
uca:event_position_bin:0123	uca_ucfcrime:Val:Arson041_x264:85.2	clip	3
uca:event_position_bin:0123	uca_ucfcrime:Val:Arson042_x264:162.1	clip	3
uca:event_position_bin:0123	uca_ucfcrime:Val:Arson049_x264:11.5	clip	3
uca:event_position_bin:0123	uca_ucfcrime:Val:Arson053_x264:152.3	clip	3
uca:event_position_bin:0123	uca_ucfcrime:Val:Arson053_x264:201.4	clip	3
uca:event_position_bin:0123	uca_ucfcrime:Train:Assault015_x264:42.6	clip	3
uca:event_position_bin:0123	uca_ucfcrime:Test:Assault033_x264:33.8	clip	3
uca:event_position_bin:0123	uca_ucfcrime:Train:Burglary002_x264:92.0	clip	3
uca:event_position_bin:0123	uca_ucfcrime:Train:Burglary023_x264:283.8	clip	3
uca:event_position_bin:0123	uca_ucfcrime:Train:Burglary035_x264:101.3	clip	3
uca:event_position_bin:0123	uca_ucfcrime:Train:Burglary043_x264:13.6	clip	3
uca:event_position_bin:0123	uca_ucfcrime:Train:Burglary043_x264:15.6	clip	3
uca:event_position_bin:0123	uca_ucfcrime:Train:Burglary045_x264:328.6	clip	3
uca:event_position_bin:0123	uca_ucfcrime:Train:Burglary049_x264:301.3	clip	3
uca:event_position_bin:0123	uca_ucfcrime:Train:Burglary053_x264:89.7	clip	3
uca:event_position_bin:0123	uca_ucfcrime:Train:Burglary058_x264:370.7	clip	3
uca:event_position_bin:0123	uca_ucfcrime:Train:Burglary063_x264:117.6	clip	3
uca:event_position_bin:0123	uca_ucfcrime:Test:Burglary065_x264:215.1	clip	3
uca:event_position_bin:0123	uca_ucfcrime:Test:Burglary079_x264:447.0	clip	3
uca:event_position_bin:0123	uca_ucfcrime:Test:Burglary083_x264:187.6	clip	3
uca:event_position_bin:0123	uca_ucfcrime:Val:Burglary091_x264:85.0	clip	3
uca:event_position_bin:0123	uca_ucfcrime:Train:Fighting005_x264:40.3	clip	3
uca:event_position_bin:0123	uca_ucfcrime:Train:Fighting013_x264:46.5	clip	3
uca:event_position_bin:0123	uca_ucfcrime:Train:Fighting015_x264:236.9	clip	3
uca:event_position_bin:0123	uca_ucfcrime:Train:Fighting023_x264:25.9	clip	3
uca:event_position_bin:0123	uca_ucfcrime:Train:Fighting025_x264:148.8	clip	3
uca:event_position_bin:0123	uca_ucfcrime:Train:Normal_Videos040_x264:25.0	clip	3
uca:event_position_bin:0123	uca_ucfcrime:Train:Normal_Videos043_x264:50.5	clip	3
uca:event_position_bin:0123	uca_ucfcrime:Train:Normal_Videos046_x264:880.8	clip	3
uca:event_position_bin:0123	uca_ucfcrime:Train:Normal_Videos049_x264:180.4	clip	3
uca:event_position_bin:0123	uca_ucfcrime:Train:Normal_Videos061_x264:541.2	clip	3
uca:event_position_bin:0123	uca_ucfcrime:Train:Normal_Videos068_x264:57.3	clip	3
uca:event_position_bin:0123	uca_ucfcrime:Train:Normal_Videos093_x264:45.6	clip	3
uca:event_position_bin:0123	uca_ucfcrime:Train:Normal_Videos105_x264:19.9	clip	3
uca:event_position_bin:0123	uca_ucfcrime:Train:Normal_Videos106_x264:44.7	clip	3
uca:event_position_bin:0123	uca_ucfcrime:Train:Normal_Videos106_x264:51.9	clip	3
uca:event_position_bin:0123	uca_ucfcrime:Train:Normal_Videos107_x264:105.5	clip	3
uca:event_position_bin:0123	uca_ucfcrime:Train:Normal_Videos117_x264:31.1	clip	3
uca:event_position_bin:0123	uca_ucfcrime:Train:Normal_Videos128_x264:42.7	clip	3
uca:event_position_bin:0123	uca_ucfcrime:Train:Normal_Videos131_x264:59.7	clip	3
uca:event_position_bin:0123	uca_ucfcrime:Train:Normal_Videos133_x264:136.7	clip	3
uca:event_position_bin:0123	uca_ucfcrime:Train:Normal_Videos136_x264:3522.1	clip	3
uca:event_position_bin:0123	uca_ucfcrime:Train:Normal_Videos173_x264:17.4	clip	3
uca:event_position_bin:0123	uca_ucfcrime:Train:Normal_Videos176_x264:131.6	clip	3
uca:event_position_bin:0123	uca_ucfcrime:Train:Normal_Videos178_x264:25.1	clip	3
uca:event_position_bin:0123	uca_ucfcrime:Train:Normal_Videos198_x264:71.7	clip	3
uca:event_position_bin:0123	uca_ucfcrime:Train:Normal_Videos201_x264:89.5	clip	3
uca:event_position_bin:0123	uca_ucfcrime:Train:Normal_Videos205_x264:259.8	clip	3
uca:event_position_bin:0123	uca_ucfcrime:Train:Normal_Videos207_x264:85.2	clip	3
uca:event_position_bin:0123	uca_ucfcrime:Train:Normal_Videos214_x264:362.0	clip	3
uca:event_position_bin:0123	uca_ucfcrime:Train:Normal_Videos227_x264:39.5	clip	3
uca:event_position_bin:0123	uca_ucfcrime:Train:Normal_Videos233_x264:24.1	clip	3
uca:event_position_bin:0123	uca_ucfcrime:Train:Normal_Videos234_x264:123.7	clip	3
uca:event_position_bin:0123	uca_ucfcrime:Train:Normal_Videos234_x264:173.1	clip	3
uca:event_position_bin:0123	uca_ucfcrime:Train:Normal_Videos235_x264:68.2	clip	3
uca:event_position_bin:0123	uca_ucfcrime:Train:Normal_Videos262_x264:165.6	clip	3
uca:event_position_bin:0123	uca_ucfcrime:Train:Normal_Videos282_x264:101.0	clip	3
uca:event_position_bin:0123	uca_ucfcrime:Train:Normal_Videos282_x264:122.6	clip	3
uca:event_position_bin:0123	uca_ucfcrime:Train:Normal_Videos287_x264:40.6	clip	3
uca:event_position_bin:0123	uca_ucfcrime:Train:Normal_Videos358_x264:61.1	clip	3
uca:event_position_bin:0123	uca_ucfcrime:Train:Normal_Videos377_x264:423.4	clip	3
uca:event_position_bin:0123	uca_ucfcrime:Train:Normal_Videos394_x264:54.0	clip	3
uca:event_position_bin:0123	uca_ucfcrime:Train:Normal_Videos397_x264:2008.2	clip	3
uca:event_position_bin:0123	uca_ucfcrime:Train:Normal_Videos413_x264:75.5	clip	3
uca:event_position_bin:0123	uca_ucfcrime:Train:Normal_Videos424_x264:198.7	clip	3
uca:event_position_bin:0123	uca_ucfcrime:Train:Normal_Videos441_x264:43.3	clip	3
uca:event_position_bin:0123	uca_ucfcrime:Train:Normal_Videos449_x264:3588.1	clip	3
uca:event_position_bin:0123	uca_ucfcrime:Train:Normal_Videos469_x264:214.6	clip	3
uca:event_position_bin:0123	uca_ucfcrime:Train:Normal_Videos470_x264:29.1	clip	3
uca:event_position_bin:0123	uca_ucfcrime:Train:Normal_Videos479_x264:1313.0	clip	3
uca:event_position_bin:0123	uca_ucfcrime:Train:Normal_Videos526_x264:264.1	clip	3
uca:event_position_bin:0123	uca_ucfcrime:Train:Normal_Videos529_x264:3576.7	clip	3
uca:event_position_bin:0123	uca_ucfcrime:Test:Normal_Videos538_x264:27.1	clip	3
uca:event_position_bin:0123	uca_ucfcrime:Test:Normal_Videos558_x264:52.6	clip	3
uca:event_position_bin:0123	uca_ucfcrime:Test:Normal_Videos584_x264:292.3	clip	3
uca:event_position_bin:0123	uca_ucfcrime:Test:Normal_Videos586_x264:53.3	clip	3
uca:event_position_bin:0123	uca_ucfcrime:Test:Normal_Videos587_x264:245.6	clip	3
uca:event_position_bin:0123	uca_ucfcrime:Test:Normal_Videos605_x264:108.0	clip	3
uca:event_position_bin:0123	uca_ucfcrime:Test:Normal_Videos611_x264:35.8	clip	3
uca:event_position_bin:0123	uca_ucfcrime:Val:Normal_Videos640_x264:58.0	clip	3
uca:event_position_bin:0123	uca_ucfcrime:Val:Normal_Videos643_x264:102.9	clip	3
uca:event_position_bin:0123	uca_ucfcrime:Val:Normal_Videos644_x264:39.1	clip	3
uca:event_position_bin:0123	uca_ucfcrime:Val:Normal_Videos650_x264:35.4	clip	3
uca:event_position_bin:0123	uca_ucfcrime:Val:Normal_Videos660_x264:31.7	clip	3
uca:event_position_bin:0123	uca_ucfcrime:Val:Normal_Videos673_x264:67.3	clip	3
uca:event_position_bin:0123	uca_ucfcrime:Val:Normal_Videos675_x264:43.0	clip	3
uca:event_position_bin:0123	uca_ucfcrime:Val:Normal_Videos680_x264:16.0	clip	3
uca:event_position_bin:0123	uca_ucfcrime:Val:Normal_Videos681_x264:878.2	clip	3
uca:event_position_bin:0123	uca_ucfcrime:Val:Normal_Videos684_x264:590.0	clip	3
uca:event_position_bin:0123	uca_ucfcrime:Val:Normal_Videos733_x264:29.2	clip	3
uca:event_position_bin:0123	uca_ucfcrime:Val:Normal_Videos738_x264:24.0	clip	3
uca:event_position_bin:0123	uca_ucfcrime:Val:Normal_Videos748_x264:17.1	clip	3
uca:event_position_bin:0123	uca_ucfcrime:Val:Normal_Videos763_x264:118.0	clip	3
uca:event_position_bin:0123	uca_ucfcrime:Val:Normal_Videos771_x264:66.2	clip	3
uca:event_position_bin:0123	uca_ucfcrime:Val:Normal_Videos775_x264:53.6	clip	3
uca:event_position_bin:0123	uca_ucfcrime:Val:Normal_Videos833_x264:69.6	clip	3
uca:event_position_bin:0123	uca_ucfcrime:Val:Normal_Videos848_x264:66.1	clip	3
uca:event_position_bin:0123	uca_ucfcrime:Val:Normal_Videos849_x264:93.2	clip	3
uca:event_position_bin:0123	uca_ucfcrime:Val:Normal_Videos851_x264:55.7	clip	3
uca:event_position_bin:0123	uca_ucfcrime:Val:Normal_Videos855_x264:585.7	clip	3
uca:event_position_bin:0123	uca_ucfcrime:Train:Normal_Videos_251_x264:11.5	clip	3
uca:event_position_bin:0123	uca_ucfcrime:Train:Normal_Videos_874_x264:108.4	clip	3
uca:event_position_bin:0123	uca_ucfcrime:Val:Normal_Videos_943_x264:24.1	clip	3
uca:event_position_bin:0123	uca_ucfcrime:Train:Robbery015_x264:87.7	clip	3
uca:event_position_bin:0123	uca_ucfcrime:Train:Robbery016_x264:51.9	clip	3
uca:event_position_bin:0123	uca_ucfcrime:Train:Robbery020_x264:141.8	clip	3
uca:event_position_bin:0123	uca_ucfcrime:Train:Robbery021_x264:269.0	clip	3
uca:event_position_bin:0123	uca_ucfcrime:Train:Robbery025_x264:46.0	clip	3
uca:event_position_bin:0123	uca_ucfcrime:Train:Robbery028_x264:64.0	clip	3
uca:event_position_bin:0123	uca_ucfcrime:Train:Robbery029_x264:68.8	clip	3
uca:event_position_bin:0123	uca_ucfcrime:Train:Robbery031_x264:30.1	clip	3
uca:event_position_bin:0123	uca_ucfcrime:Train:Robbery034_x264:198.2	clip	3
uca:event_position_bin:0123	uca_ucfcrime:Train:Robbery039_x264:14.7	clip	3
uca:event_position_bin:0123	uca_ucfcrime:Train:Robbery040_x264:26.2	clip	3
uca:event_position_bin:0123	uca_ucfcrime:Train:Robbery048_x264:38.4	clip	3
uca:event_position_bin:0123	uca_ucfcrime:Train:Robbery064_x264:36.8	clip	3
uca:event_position_bin:0123	uca_ucfcrime:Train:Robbery071_x264:48.4	clip	3
uca:event_position_bin:0123	uca_ucfcrime:Test:Robbery088_x264:148.4	clip	3
uca:event_position_bin:0123	uca_ucfcrime:Test:Robbery093_x264:32.7	clip	3
uca:event_position_bin:0123	uca_ucfcrime:Test:Robbery094_x264:103.2	clip	3
uca:event_position_bin:0123	uca_ucfcrime:Test:Robbery097_x264:85.3	clip	3
uca:event_position_bin:0123	uca_ucfcrime:Test:Robbery097_x264:106.4	clip	3
uca:event_position_bin:0123	uca_ucfcrime:Test:Robbery100_x264:139.6	clip	3
uca:event_position_bin:0123	uca_ucfcrime:Test:Robbery103_x264:57.8	clip	3
uca:event_position_bin:0123	uca_ucfcrime:Test:Robbery105_x264:49.3	clip	3
uca:event_position_bin:0123	uca_ucfcrime:Test:Robbery108_x264:44.5	clip	3
uca:event_position_bin:0123	uca_ucfcrime:Test:Robbery109_x264:78.5	clip	3
uca:event_position_bin:0123	uca_ucfcrime:Test:Robbery110_x264:64.9	clip	3
uca:event_position_bin:0123	uca_ucfcrime:Test:Robbery110_x264:72.9	clip	3
uca:event_position_bin:0123	uca_ucfcrime:Test:Robbery111_x264:172.6	clip	3
uca:event_position_bin:0123	uca_ucfcrime:Test:Robbery112_x264:37.3	clip	3
uca:event_position_bin:0123	uca_ucfcrime:Val:Robbery114_x264:59.6	clip	3
uca:event_position_bin:0123	uca_ucfcrime:Val:Robbery115_x264:43.2	clip	3
uca:event_position_bin:0123	uca_ucfcrime:Val:Robbery115_x264:55.0	clip	3
uca:event_position_bin:0123	uca_ucfcrime:Val:Robbery116_x264:14.5	clip	3
uca:event_position_bin:0123	uca_ucfcrime:Val:Robbery118_x264:63.8	clip	3
uca:event_position_bin:0123	uca_ucfcrime:Val:Robbery119_x264:86.9	clip	3
uca:event_position_bin:0123	uca_ucfcrime:Val:Robbery120_x264:25.0	clip	3
uca:event_position_bin:0123	uca_ucfcrime:Val:Robbery122_x264:30.0	clip	3
uca:event_position_bin:0123	uca_ucfcrime:Val:Robbery124_x264:313.4	clip	3
uca:event_position_bin:0123	uca_ucfcrime:Val:Robbery130_x264:58.1	clip	3
uca:event_position_bin:0123	uca_ucfcrime:Val:Robbery131_x264:49.0	clip	3
uca:event_position_bin:0123	uca_ucfcrime:Val:Robbery141_x264:101.2	clip	3
uca:event_position_bin:0123	uca_ucfcrime:Val:Robbery143_x264:21.5	clip	3
uca:event_position_bin:0123	uca_ucfcrime:Train:Shooting011_x264:91.2	clip	3
uca:event_position_bin:0123	uca_ucfcrime:Train:Shooting013_x264:30.4	clip	3
uca:event_position_bin:0123	uca_ucfcrime:Train:Shooting020_x264:164.6	clip	3
uca:event_position_bin:0123	uca_ucfcrime:Train:Shooting021_x264:38.2	clip	3
uca:event_position_bin:0123	uca_ucfcrime:Train:Shooting022_x264:150.1	clip	3
uca:event_position_bin:0123	uca_ucfcrime:Train:Shooting027_x264:18.6	clip	3
uca:event_position_bin:0123	uca_ucfcrime:Val:Shooting048_x264:76.8	clip	3
uca:event_position_bin:0123	uca_ucfcrime:Train:Shoplifting006_x264:71.0	clip	3
uca:event_position_bin:0123	uca_ucfcrime:Test:Shoplifting034_x264:362.4	clip	3
uca:event_position_bin:0123	uca_ucfcrime:Test:Shoplifting037_x264:43.8	clip	3
uca:event_position_bin:0123	uca_ucfcrime:Train:Stealing008_x264:164.6	clip	3
uca:event_position_bin:0123	uca_ucfcrime:Train:Stealing020_x264:155.8	clip	3
uca:event_position_bin:0123	uca_ucfcrime:Train:Stealing021_x264:104.2	clip	3
uca:event_position_bin:0123	uca_ucfcrime:Train:Stealing028_x264:47.6	clip	3
uca:event_position_bin:0123	uca_ucfcrime:Train:Stealing030_x264:19.7	clip	3
uca:event_position_bin:0123	uca_ucfcrime:Train:Stealing031_x264:24.4	clip	3
uca:event_position_bin:0123	uca_ucfcrime:Train:Stealing043_x264:125.8	clip	3
uca:event_position_bin:0123	uca_ucfcrime:Train:Stealing048_x264:243.9	clip	3
uca:event_position_bin:0123	uca_ucfcrime:Train:Stealing049_x264:34.8	clip	3
uca:event_position_bin:0123	uca_ucfcrime:Train:Stealing070_x264:33.7	clip	3
uca:event_position_bin:0123	uca_ucfcrime:Train:Stealing071_x264:29.1	clip	3
uca:event_position_bin:0123	uca_ucfcrime:Train:Stealing072_x264:339.1	clip	3
uca:event_position_bin:0123	uca_ucfcrime:Val:Stealing111_x264:149.0	clip	3
uca:event_position_bin:0123	uca_ucfcrime:Val:Stealing113_x264:38.0	clip	3
uca:event_position_bin:0123	uca_ucfcrime:Train:Vandalism006_x264:20.6	clip	3
uca:event_position_bin:0123	uca_ucfcrime:Train:Vandalism008_x264:415.8	clip	3
uca:event_position_bin:0123	uca_ucfcrime:Train:Vandalism018_x264:125.9	clip	3
uca:event_position_bin:0123	uca_ucfcrime:Test:Vandalism036_x264:41.9	clip	3
uca:event_position_bin:0123	uca_ucfcrime:Val:Vandalism049_x264:259.9	clip	3
uca:event_position_bin:0124	uca_ucfcrime:Train:Abuse004_x264:557.5	clip	3
uca:event_position_bin:0124	uca_ucfcrime:Train:Abuse017_x264:57.6	clip	3
uca:event_position_bin:0124	uca_ucfcrime:Train:Abuse018_x264:65.3	clip	3
uca:event_position_bin:0124	uca_ucfcrime:Train:Abuse032_x264:142.6	clip	3
uca:event_position_bin:0124	uca_ucfcrime:Test:Abuse039_x264:330.6	clip	3
uca:event_position_bin:0124	uca_ucfcrime:Val:Abuse046_x264:36.4	clip	3
uca:event_position_bin:0124	uca_ucfcrime:Val:Abuse048_x264:112.1	clip	3
uca:event_position_bin:0124	uca_ucfcrime:Train:Arrest001_x264:77.1	clip	3
uca:event_position_bin:0124	uca_ucfcrime:Train:Arrest007_x264:88.3	clip	3
uca:event_position_bin:0124	uca_ucfcrime:Train:Arrest010_x264:64.8	clip	3
uca:event_position_bin:0124	uca_ucfcrime:Train:Arrest036_x264:118.0	clip	3
uca:event_position_bin:0124	uca_ucfcrime:Train:Arrest038_x264:70.6	clip	3
uca:event_position_bin:0124	uca_ucfcrime:Train:Arrest041_x264:117.5	clip	3
uca:event_position_bin:0124	uca_ucfcrime:Train:Assault010_x264:505.3	clip	3
uca:event_position_bin:0124	uca_ucfcrime:Train:Assault025_x264:32.4	clip	3
uca:event_position_bin:0124	uca_ucfcrime:Test:Assault032_x264:13.3	clip	3
uca:event_position_bin:0124	uca_ucfcrime:Train:Burglary010_x264:161.1	clip	3
uca:event_position_bin:0124	uca_ucfcrime:Train:Burglary046_x264:59.6	clip	3
uca:event_position_bin:0124	uca_ucfcrime:Test:Burglary066_x264:56.4	clip	3
uca:event_position_bin:0124	uca_ucfcrime:Val:Burglary090_x264:68.0	clip	3
uca:event_position_bin:0124	uca_ucfcrime:Val:Burglary092_x264:14.2	clip	3
uca:event_position_bin:0124	uca_ucfcrime:Val:Burglary093_x264:20.6	clip	3
uca:event_position_bin:0124	uca_ucfcrime:Val:Burglary097_x264:7.8	clip	3
uca:event_position_bin:0124	uca_ucfcrime:Val:Burglary099_x264:39.8	clip	3
uca:event_position_bin:0124	uca_ucfcrime:Train:Explosion004_x264:44.1	clip	3
uca:event_position_bin:0124	uca_ucfcrime:Train:Explosion004_x264:58.7	clip	3
uca:event_position_bin:0124	uca_ucfcrime:Test:Explosion027_x264:20.4	clip	3
uca:event_position_bin:0124	uca_ucfcrime:Train:Fighting015_x264:321.5	clip	3
uca:event_position_bin:0124	uca_ucfcrime:Train:Fighting028_x264:60.0	clip	3
uca:event_position_bin:0124	uca_ucfcrime:Train:Fighting038_x264:23.7	clip	3
uca:event_position_bin:0124	uca_ucfcrime:Val:Fighting048_x264:216.5	clip	3
uca:event_position_bin:0124	uca_ucfcrime:Val:Fighting049_x264:47.1	clip	3
uca:event_position_bin:0124	uca_ucfcrime:Train:Normal_Videos002_x264:52.8	clip	3
uca:event_position_bin:0124	uca_ucfcrime:Train:Normal_Videos004_x264:28.1	clip	3
uca:event_position_bin:0124	uca_ucfcrime:Train:Normal_Videos020_x264:12.2	clip	3
uca:event_position_bin:0124	uca_ucfcrime:Train:Normal_Videos026_x264:85.3	clip	3
uca:event_position_bin:0124	uca_ucfcrime:Train:Normal_Videos036_x264:31.0	clip	3
uca:event_position_bin:0124	uca_ucfcrime:Train:Normal_Videos058_x264:25.7	clip	3
uca:event_position_bin:0124	uca_ucfcrime:Train:Normal_Videos064_x264:63.8	clip	3
uca:event_position_bin:0124	uca_ucfcrime:Train:Normal_Videos084_x264:912.0	clip	3
uca:event_position_bin:0124	uca_ucfcrime:Train:Normal_Videos094_x264:49.6	clip	3
uca:event_position_bin:0124	uca_ucfcrime:Train:Normal_Videos096_x264:24.2	clip	3
uca:event_position_bin:0124	uca_ucfcrime:Train:Normal_Videos102_x264:25.2	clip	3
uca:event_position_bin:0124	uca_ucfcrime:Train:Normal_Videos115_x264:7.1	clip	3
uca:event_position_bin:0124	uca_ucfcrime:Train:Normal_Videos116_x264:118.8	clip	3
uca:event_position_bin:0124	uca_ucfcrime:Train:Normal_Videos116_x264:145.1	clip	3
uca:event_position_bin:0124	uca_ucfcrime:Train:Normal_Videos117_x264:31.1	clip	3
uca:event_position_bin:0124	uca_ucfcrime:Train:Normal_Videos128_x264:52.3	clip	3
uca:event_position_bin:0124	uca_ucfcrime:Train:Normal_Videos170_x264:34.5	clip	3
uca:event_position_bin:0124	uca_ucfcrime:Train:Normal_Videos174_x264:24.7	clip	3
uca:event_position_bin:0124	uca_ucfcrime:Train:Normal_Videos194_x264:106.1	clip	3
uca:event_position_bin:0124	uca_ucfcrime:Train:Normal_Videos199_x264:202.6	clip	3
uca:event_position_bin:0124	uca_ucfcrime:Train:Normal_Videos199_x264:225.2	clip	3
uca:event_position_bin:0124	uca_ucfcrime:Train:Normal_Videos207_x264:85.2	clip	3
uca:event_position_bin:0124	uca_ucfcrime:Train:Normal_Videos209_x264:16.7	clip	3
uca:event_position_bin:0124	uca_ucfcrime:Train:Normal_Videos220_x264:86.6	clip	3
uca:event_position_bin:0124	uca_ucfcrime:Train:Normal_Videos273_x264:110.0	clip	3
uca:event_position_bin:0124	uca_ucfcrime:Train:Normal_Videos276_x264:132.1	clip	3
uca:event_position_bin:0124	uca_ucfcrime:Train:Normal_Videos280_x264:71.7	clip	3
uca:event_position_bin:0124	uca_ucfcrime:Train:Normal_Videos302_x264:57.0	clip	3
uca:event_position_bin:0124	uca_ucfcrime:Train:Normal_Videos336_x264:38.2	clip	3
uca:event_position_bin:0124	uca_ucfcrime:Train:Normal_Videos339_x264:292.6	clip	3
uca:event_position_bin:0124	uca_ucfcrime:Train:Normal_Videos342_x264:118.0	clip	3
uca:event_position_bin:0124	uca_ucfcrime:Train:Normal_Videos346_x264:163.5	clip	3
uca:event_position_bin:0124	uca_ucfcrime:Train:Normal_Videos350_x264:37.1	clip	3
uca:event_position_bin:0124	uca_ucfcrime:Train:Normal_Videos377_x264:423.4	clip	3
uca:event_position_bin:0124	uca_ucfcrime:Train:Normal_Videos420_x264:352.6	clip	3
uca:event_position_bin:0124	uca_ucfcrime:Train:Normal_Videos442_x264:47.7	clip	3
uca:event_position_bin:0124	uca_ucfcrime:Train:Normal_Videos476_x264:141.6	clip	3
uca:event_position_bin:0124	uca_ucfcrime:Train:Normal_Videos480_x264:55.5	clip	3
uca:event_position_bin:0124	uca_ucfcrime:Train:Normal_Videos484_x264:1189.0	clip	3
uca:event_position_bin:0124	uca_ucfcrime:Test:Normal_Videos566_x264:880.0	clip	3
uca:event_position_bin:0124	uca_ucfcrime:Test:Normal_Videos567_x264:132.8	clip	3
uca:event_position_bin:0124	uca_ucfcrime:Test:Normal_Videos612_x264:156.2	clip	3
uca:event_position_bin:0124	uca_ucfcrime:Test:Normal_Videos636_x264:37.1	clip	3
uca:event_position_bin:0124	uca_ucfcrime:Val:Normal_Videos640_x264:41.6	clip	3
uca:event_position_bin:0124	uca_ucfcrime:Val:Normal_Videos661_x264:13.7	clip	3
uca:event_position_bin:0124	uca_ucfcrime:Val:Normal_Videos665_x264:382.8	clip	3
uca:event_position_bin:0124	uca_ucfcrime:Val:Normal_Videos678_x264:72.3	clip	3
uca:event_position_bin:0124	uca_ucfcrime:Val:Normal_Videos735_x264:26.2	clip	3
uca:event_position_bin:0124	uca_ucfcrime:Val:Normal_Videos753_x264:22.4	clip	3
uca:event_position_bin:0124	uca_ucfcrime:Val:Normal_Videos764_x264:89.6	clip	3
uca:event_position_bin:0124	uca_ucfcrime:Val:Normal_Videos799_x264:96.9	clip	3
uca:event_position_bin:0124	uca_ucfcrime:Val:Normal_Videos824_x264:33.1	clip	3
uca:event_position_bin:0124	uca_ucfcrime:Train:Normal_Videos_018_x264:38.2	clip	3
uca:event_position_bin:0124	uca_ucfcrime:Train:Normal_Videos_019_x264:85.3	clip	3
uca:event_position_bin:0124	uca_ucfcrime:Train:Normal_Videos_042_x264:96.4	clip	3
uca:event_position_bin:0124	uca_ucfcrime:Train:Normal_Videos_891_x264:51.8	clip	3
uca:event_position_bin:0124	uca_ucfcrime:Train:Normal_Videos_892_x264:55.0	clip	3
uca:event_position_bin:0124	uca_ucfcrime:Test:Normal_Videos_929_x264:26.6	clip	3
uca:event_position_bin:0124	uca_ucfcrime:Train:RoadAccidents003_x264:46.1	clip	3
uca:event_position_bin:0124	uca_ucfcrime:Train:RoadAccidents024_x264:138.1	clip	3
uca:event_position_bin:0124	uca_ucfcrime:Test:RoadAccidents114_x264:40.0	clip	3
uca:event_position_bin:0124	uca_ucfcrime:Test:RoadAccidents133_x264:18.6	clip	3
uca:event_position_bin:0124	uca_ucfcrime:Train:Robbery003_x264:30.2	clip	3
uca:event_position_bin:0124	uca_ucfcrime:Train:Robbery006_x264:103.0	clip	3
uca:event_position_bin:0124	uca_ucfcrime:Train:Robbery033_x264:29.6	clip	3
uca:event_position_bin:0124	uca_ucfcrime:Train:Robbery039_x264:11.8	clip	3
uca:event_position_bin:0124	uca_ucfcrime:Train:Robbery040_x264:26.2	clip	3
uca:event_position_bin:0124	uca_ucfcrime:Train:Robbery042_x264:68.7	clip	3
uca:event_position_bin:0124	uca_ucfcrime:Train:Robbery044_x264:12.7	clip	3
uca:event_position_bin:0124	uca_ucfcrime:Train:Robbery050_x264:53.3	clip	3
uca:event_position_bin:0124	uca_ucfcrime:Train:Robbery061_x264:102.5	clip	3
uca:event_position_bin:0124	uca_ucfcrime:Train:Robbery076_x264:18.6	clip	3
uca:event_position_bin:0124	uca_ucfcrime:Train:Robbery077_x264:26.3	clip	3
uca:event_position_bin:0124	uca_ucfcrime:Train:Robbery083_x264:30.1	clip	3
uca:event_position_bin:0124	uca_ucfcrime:Test:Robbery091_x264:45.9	clip	3
uca:event_position_bin:0124	uca_ucfcrime:Val:Robbery122_x264:30.0	clip	3
uca:event_position_bin:0124	uca_ucfcrime:Val:Robbery123_x264:31.8	clip	3
uca:event_position_bin:0124	uca_ucfcrime:Val:Robbery126_x264:47.0	clip	3
uca:event_position_bin:0124	uca_ucfcrime:Val:Robbery130_x264:58.1	clip	3
uca:event_position_bin:0124	uca_ucfcrime:Val:Robbery132_x264:16.6	clip	3
uca:event_position_bin:0124	uca_ucfcrime:Val:Robbery142_x264:66.0	clip	3
uca:event_position_bin:0124	uca_ucfcrime:Train:Shooting013_x264:30.4	clip	3
uca:event_position_bin:0124	uca_ucfcrime:Test:Shooting046_x264:163.4	clip	3
uca:event_position_bin:0124	uca_ucfcrime:Val:Shooting053_x264:25.4	clip	3
uca:event_position_bin:0124	uca_ucfcrime:Train:Shoplifting001_x264:136.6	clip	3
uca:event_position_bin:0124	uca_ucfcrime:Train:Shoplifting008_x264:293.9	clip	3
uca:event_position_bin:0124	uca_ucfcrime:Train:Shoplifting012_x264:768.6	clip	3
uca:event_position_bin:0124	uca_ucfcrime:Train:Shoplifting024_x264:32.0	clip	3
uca:event_position_bin:0124	uca_ucfcrime:Train:Shoplifting025_x264:48.0	clip	3
uca:event_position_bin:0124	uca_ucfcrime:Train:Shoplifting032_x264:45.0	clip	3
uca:event_position_bin:0124	uca_ucfcrime:Test:Shoplifting040_x264:893.9	clip	3
uca:event_position_bin:0124	uca_ucfcrime:Test:Shoplifting041_x264:399.4	clip	3
uca:event_position_bin:0124	uca_ucfcrime:Val:Shoplifting047_x264:76.7	clip	3
uca:event_position_bin:0124	uca_ucfcrime:Val:Shoplifting050_x264:73.6	clip	3
uca:event_position_bin:0124	uca_ucfcrime:Val:Shoplifting054_x264:25.5	clip	3
uca:event_position_bin:0124	uca_ucfcrime:Train:Stealing002_x264:86.2	clip	3
uca:event_position_bin:0124	uca_ucfcrime:Train:Stealing010_x264:90.0	clip	3
uca:event_position_bin:0124	uca_ucfcrime:Train:Stealing026_x264:67.0	clip	3
uca:event_position_bin:0124	uca_ucfcrime:Train:Stealing026_x264:74.8	clip	3
uca:event_position_bin:0124	uca_ucfcrime:Train:Stealing054_x264:61.4	clip	3
uca:event_position_bin:0124	uca_ucfcrime:Train:Stealing055_x264:36.6	clip	3
uca:event_position_bin:0124	uca_ucfcrime:Train:Stealing075_x264:129.7	clip	3
uca:event_position_bin:0124	uca_ucfcrime:Test:Stealing081_x264:38.2	clip	3
uca:event_position_bin:0124	uca_ucfcrime:Train:Vandalism001_x264:37.7	clip	3
uca:event_position_bin:0124	uca_ucfcrime:Train:Vandalism002_x264:46.7	clip	3
uca:event_position_bin:0124	uca_ucfcrime:Train:Vandalism013_x264:53.4	clip	3
uca:event_position_bin:0124	uca_ucfcrime:Train:Vandalism015_x264:71.8	clip	3
uca:event_position_bin:0124	uca_ucfcrime:Train:Vandalism019_x264:48.1	clip	3
uca:event_position_bin:0124	uca_ucfcrime:Train:Vandalism021_x264:38.8	clip	3
uca:event_position_bin:0124	uca_ucfcrime:Train:Vandalism023_x264:175.2	clip	3
uca:event_position_bin:0124	uca_ucfcrime:Train:Vandalism025_x264:133.0	clip	3
uca:event_position_bin:0125	uca_ucfcrime:Test:Abuse037_x264:53.8	clip	3
uca:event_position_bin:0125	uca_ucfcrime:Test:Abuse039_x264:330.6	clip	3
uca:event_position_bin:0125	uca_ucfcrime:Test:Abuse039_x264:464.8	clip	3
uca:event_position_bin:0125	uca_ucfcrime:Train:Arrest028_x264:81.1	clip	3
uca:event_position_bin:0125	uca_ucfcrime:Test:Arrest044_x264:89.0	clip	3
uca:event_position_bin:0125	uca_ucfcrime:Train:Arson007_x264:199.3	clip	3
uca:event_position_bin:0125	uca_ucfcrime:Val:Arson053_x264:201.4	clip	3
uca:event_position_bin:0125	uca_ucfcrime:Test:Assault027_x264:187.9	clip	3
uca:event_position_bin:0125	uca_ucfcrime:Test:Assault030_x264:52.8	clip	3
uca:event_position_bin:0125	uca_ucfcrime:Train:Burglary025_x264:202.9	clip	3
uca:event_position_bin:0125	uca_ucfcrime:Train:Burglary035_x264:132.6	clip	3
uca:event_position_bin:0125	uca_ucfcrime:Train:Burglary039_x264:306.6	clip	3
uca:event_position_bin:0125	uca_ucfcrime:Train:Burglary042_x264:128.4	clip	3
uca:event_position_bin:0125	uca_ucfcrime:Train:Burglary043_x264:17.1	clip	3
uca:event_position_bin:0125	uca_ucfcrime:Train:Burglary050_x264:26.6	clip	3
uca:event_position_bin:0125	uca_ucfcrime:Train:Burglary059_x264:11.2	clip	3
uca:event_position_bin:0125	uca_ucfcrime:Train:Burglary064_x264:1565.7	clip	3
uca:event_position_bin:0125	uca_ucfcrime:Test:Burglary066_x264:56.4	clip	3
uca:event_position_bin:0125	uca_ucfcrime:Test:Burglary087_x264:68.6	clip	3
uca:event_position_bin:0125	uca_ucfcrime:Val:Burglary093_x264:22.1	clip	3
uca:event_position_bin:0125	uca_ucfcrime:Val:Burglary096_x264:211.6	clip	3
uca:event_position_bin:0125	uca_ucfcrime:Val:Burglary100_x264:225.7	clip	3
uca:event_position_bin:0125	uca_ucfcrime:Train:Normal_Videos028_x264:226.3	clip	3
uca:event_position_bin:0125	uca_ucfcrime:Train:Normal_Videos047_x264:232.1	clip	3
uca:event_position_bin:0125	uca_ucfcrime:Train:Normal_Videos061_x264:541.2	clip	3
uca:event_position_bin:0125	uca_ucfcrime:Train:Normal_Videos119_x264:104.8	clip	3
uca:event_position_bin:0125	uca_ucfcrime:Train:Normal_Videos133_x264:136.7	clip	3
uca:event_position_bin:0125	uca_ucfcrime:Train:Normal_Videos174_x264:24.7	clip	3
uca:event_position_bin:0125	uca_ucfcrime:Train:Normal_Videos186_x264:273.1	clip	3
uca:event_position_bin:0125	uca_ucfcrime:Train:Normal_Videos197_x264:78.2	clip	3
uca:event_position_bin:0125	uca_ucfcrime:Train:Normal_Videos207_x264:85.2	clip	3
uca:event_position_bin:0125	uca_ucfcrime:Train:Normal_Videos219_x264:82.5	clip	3
uca:event_position_bin:0125	uca_ucfcrime:Train:Normal_Videos222_x264:26.1	clip	3
uca:event_position_bin:0125	uca_ucfcrime:Train:Normal_Videos230_x264:14.6	clip	3
uca:event_position_bin:0125	uca_ucfcrime:Train:Normal_Videos233_x264:24.1	clip	3
uca:event_position_bin:0125	uca_ucfcrime:Train:Normal_Videos234_x264:173.1	clip	3
uca:event_position_bin:0125	uca_ucfcrime:Train:Normal_Videos238_x264:93.2	clip	3
uca:event_position_bin:0125	uca_ucfcrime:Train:Normal_Videos241_x264:69.5	clip	3
uca:event_position_bin:0125	uca_ucfcrime:Train:Normal_Videos258_x264:35.7	clip	3
uca:event_position_bin:0125	uca_ucfcrime:Train:Normal_Videos307_x264:20407.2	clip	3
uca:event_position_bin:0125	uca_ucfcrime:Train:Normal_Videos346_x264:163.5	clip	3
uca:event_position_bin:0125	uca_ucfcrime:Train:Normal_Videos347_x264:56.6	clip	3
uca:event_position_bin:0125	uca_ucfcrime:Train:Normal_Videos348_x264:32.5	clip	3
uca:event_position_bin:0125	uca_ucfcrime:Train:Normal_Videos362_x264:20.1	clip	3
uca:event_position_bin:0125	uca_ucfcrime:Train:Normal_Videos363_x264:139.1	clip	3
uca:event_position_bin:0125	uca_ucfcrime:Train:Normal_Videos377_x264:423.4	clip	3
uca:event_position_bin:0125	uca_ucfcrime:Train:Normal_Videos412_x264:16.6	clip	3
uca:event_position_bin:0125	uca_ucfcrime:Train:Normal_Videos421_x264:78.9	clip	3
uca:event_position_bin:0125	uca_ucfcrime:Train:Normal_Videos422_x264:38.9	clip	3
uca:event_position_bin:0125	uca_ucfcrime:Train:Normal_Videos441_x264:43.3	clip	3
uca:event_position_bin:0125	uca_ucfcrime:Train:Normal_Videos448_x264:564.4	clip	3
uca:event_position_bin:0125	uca_ucfcrime:Train:Normal_Videos461_x264:58.9	clip	3
uca:event_position_bin:0125	uca_ucfcrime:Train:Normal_Videos465_x264:88.1	clip	3
uca:event_position_bin:0125	uca_ucfcrime:Train:Normal_Videos480_x264:55.5	clip	3
uca:event_position_bin:0125	uca_ucfcrime:Train:Normal_Videos484_x264:831.5	clip	3
uca:event_position_bin:0125	uca_ucfcrime:Train:Normal_Videos499_x264:62.1	clip	3
uca:event_position_bin:0125	uca_ucfcrime:Train:Normal_Videos533_x264:1793.5	clip	3
uca:event_position_bin:0125	uca_ucfcrime:Train:Normal_Videos533_x264:2633.5	clip	3
uca:event_position_bin:0125	uca_ucfcrime:Test:Normal_Videos558_x264:52.6	clip	3
uca:event_position_bin:0125	uca_ucfcrime:Test:Normal_Videos567_x264:172.9	clip	3
uca:event_position_bin:0125	uca_ucfcrime:Test:Normal_Videos605_x264:108.0	clip	3
uca:event_position_bin:0125	uca_ucfcrime:Test:Normal_Videos613_x264:168.1	clip	3
uca:event_position_bin:0125	uca_ucfcrime:Test:Normal_Videos616_x264:148.8	clip	3
uca:event_position_bin:0125	uca_ucfcrime:Test:Normal_Videos622_x264:75.8	clip	3
uca:event_position_bin:0125	uca_ucfcrime:Test:Normal_Videos631_x264:204.4	clip	3
uca:event_position_bin:0125	uca_ucfcrime:Val:Normal_Videos647_x264:65.7	clip	3
uca:event_position_bin:0125	uca_ucfcrime:Val:Normal_Videos652_x264:96.8	clip	3
uca:event_position_bin:0125	uca_ucfcrime:Val:Normal_Videos680_x264:16.0	clip	3
uca:event_position_bin:0125	uca_ucfcrime:Val:Normal_Videos698_x264:19.1	clip	3
uca:event_position_bin:0125	uca_ucfcrime:Val:Normal_Videos714_x264:2631.6	clip	3
uca:event_position_bin:0125	uca_ucfcrime:Val:Normal_Videos774_x264:53.8	clip	3
uca:event_position_bin:0125	uca_ucfcrime:Val:Normal_Videos791_x264:114.7	clip	3
uca:event_position_bin:0125	uca_ucfcrime:Val:Normal_Videos821_x264:74.2	clip	3
uca:event_position_bin:0125	uca_ucfcrime:Val:Normal_Videos836_x264:768.1	clip	3
uca:event_position_bin:0125	uca_ucfcrime:Val:Normal_Videos848_x264:66.1	clip	3
uca:event_position_bin:0125	uca_ucfcrime:Val:Normal_Videos917_x264:25.3	clip	3
uca:event_position_bin:0125	uca_ucfcrime:Train:Normal_Videos_019_x264:85.3	clip	3
uca:event_position_bin:0125	uca_ucfcrime:Train:Normal_Videos_063_x264:8.5	clip	3
uca:event_position_bin:0125	uca_ucfcrime:Train:Normal_Videos_217_x264:47.5	clip	3
uca:event_position_bin:0125	uca_ucfcrime:Train:Normal_Videos_248_x264:35.9	clip	3
uca:event_position_bin:0125	uca_ucfcrime:Train:Normal_Videos_597_x264:61.2	clip	3
uca:event_position_bin:0125	uca_ucfcrime:Train:Robbery011_x264:52.6	clip	3
uca:event_position_bin:0125	uca_ucfcrime:Train:Robbery013_x264:118.5	clip	3
uca:event_position_bin:0125	uca_ucfcrime:Train:Robbery019_x264:183.8	clip	3
uca:event_position_bin:0125	uca_ucfcrime:Train:Robbery031_x264:30.1	clip	3
uca:event_position_bin:0125	uca_ucfcrime:Train:Robbery035_x264:110.5	clip	3
uca:event_position_bin:0125	uca_ucfcrime:Train:Robbery040_x264:26.2	clip	3
uca:event_position_bin:0125	uca_ucfcrime:Train:Robbery045_x264:74.2	clip	3
uca:event_position_bin:0125	uca_ucfcrime:Train:Robbery056_x264:88.5	clip	3
uca:event_position_bin:0125	uca_ucfcrime:Train:Robbery057_x264:50.0	clip	3
uca:event_position_bin:0125	uca_ucfcrime:Train:Robbery058_x264:55.3	clip	3
uca:event_position_bin:0125	uca_ucfcrime:Train:Robbery062_x264:113.8	clip	3
uca:event_position_bin:0125	uca_ucfcrime:Test:Robbery090_x264:211.4	clip	3
uca:event_position_bin:0125	uca_ucfcrime:Test:Robbery099_x264:51.2	clip	3
uca:event_position_bin:0125	uca_ucfcrime:Val:Robbery114_x264:59.6	clip	3
uca:event_position_bin:0125	uca_ucfcrime:Val:Robbery116_x264:14.5	clip	3
uca:event_position_bin:0125	uca_ucfcrime:Val:Robbery117_x264:106.4	clip	3
uca:event_position_bin:0125	uca_ucfcrime:Val:Robbery119_x264:86.9	clip	3
uca:event_position_bin:0125	uca_ucfcrime:Val:Robbery145_x264:39.0	clip	3
uca:event_position_bin:0125	uca_ucfcrime:Train:Shoplifting009_x264:168.8	clip	3
uca:event_position_bin:0125	uca_ucfcrime:Val:Shoplifting045_x264:53.0	clip	3
uca:event_position_bin:0125	uca_ucfcrime:Train:Stealing058_x264:127.2	clip	3
uca:event_position_bin:0125	uca_ucfcrime:Train:Stealing061_x264:69.5	clip	3
uca:event_position_bin:0125	uca_ucfcrime:Test:Stealing082_x264:47.7	clip	3
uca:event_position_bin:0126	uca_ucfcrime:Train:Abuse015_x264:104.6	clip	3
uca:event_position_bin:0126	uca_ucfcrime:Train:Abuse017_x264:35.6	clip	3
uca:event_position_bin:0126	uca_ucfcrime:Train:Abuse018_x264:51.0	clip	3
uca:event_position_bin:0126	uca_ucfcrime:Train:Arrest007_x264:53.3	clip	3
uca:event_position_bin:0126	uca_ucfcrime:Train:Arrest022_x264:25.4	clip	3
uca:event_position_bin:0126	uca_ucfcrime:Train:Arrest027_x264:32.2	clip	3
uca:event_position_bin:0126	uca_ucfcrime:Train:Arson003_x264:70.1	clip	3
uca:event_position_bin:0126	uca_ucfcrime:Train:Assault003_x264:76.2	clip	3
uca:event_position_bin:0126	uca_ucfcrime:Train:Assault007_x264:42.4	clip	3
uca:event_position_bin:0126	uca_ucfcrime:Train:Assault017_x264:37.1	clip	3
uca:event_position_bin:0126	uca_ucfcrime:Train:Burglary023_x264:142.9	clip	3
uca:event_position_bin:0126	uca_ucfcrime:Val:Explosion039_x264:17.6	clip	3
uca:event_position_bin:0126	uca_ucfcrime:Train:Fighting008_x264:213.4	clip	3
uca:event_position_bin:0126	uca_ucfcrime:Train:Fighting018_x264:28.3	clip	3
uca:event_position_bin:0126	uca_ucfcrime:Train:Fighting027_x264:75.9	clip	3
uca:event_position_bin:0126	uca_ucfcrime:Train:Fighting033_x264:22.7	clip	3
uca:event_position_bin:0126	uca_ucfcrime:Test:Fighting044_x264:92.5	clip	3
uca:event_position_bin:0126	uca_ucfcrime:Train:RoadAccidents068_x264:22.2	clip	3
uca:event_position_bin:0126	uca_ucfcrime:Train:RoadAccidents098_x264:38.2	clip	3
uca:event_position_bin:0126	uca_ucfcrime:Test:RoadAccidents115_x264:37.4	clip	3
uca:event_position_bin:0126	uca_ucfcrime:Test:RoadAccidents135_x264:22.9	clip	3
uca:event_position_bin:0126	uca_ucfcrime:Train:Robbery080_x264:52.1	clip	3
uca:event_position_bin:0126	uca_ucfcrime:Val:Robbery113_x264:13.0	clip	3
uca:event_position_bin:0126	uca_ucfcrime:Val:Robbery133_x264:27.2	clip	3
uca:event_position_bin:0126	uca_ucfcrime:Val:Shooting048_x264:58.0	clip	3
uca:event_position_bin:0126	uca_ucfcrime:Val:Shooting050_x264:43.2	clip	3
uca:event_position_bin:0126	uca_ucfcrime:Val:Shooting050_x264:62.6	clip	3
uca:event_position_bin:0126	uca_ucfcrime:Val:Shooting054_x264:14.2	clip	3
uca:event_position_bin:0126	uca_ucfcrime:Val:Stealing094_x264:63.1	clip	3
uca:event_position_bin:0126	uca_ucfcrime:Train:Vandalism010_x264:68.3	clip	3
uca:event_position_bin:0126	uca_ucfcrime:Train:Vandalism017_x264:14.0	clip	3
uca:event_position_bin:0126	uca_ucfcrime:Train:Vandalism020_x264:26.6	clip	3
uca:event_position_bin:0126	uca_ucfcrime:Val:Vandalism047_x264:37.1	clip	3
uca:event_position_bin:0127	uca_ucfcrime:Train:Abuse009_x264:19.2	clip	3
uca:event_position_bin:0127	uca_ucfcrime:Train:Abuse015_x264:104.6	clip	3
uca:event_position_bin:0127	uca_ucfcrime:Train:Abuse017_x264:35.6	clip	3
uca:event_position_bin:0127	uca_ucfcrime:Train:Abuse018_x264:51.0	clip	3
uca:event_position_bin:0127	uca_ucfcrime:Train:Abuse019_x264:74.3	clip	3
uca:event_position_bin:0127	uca_ucfcrime:Train:Abuse033_x264:56.0	clip	3
uca:event_position_bin:0127	uca_ucfcrime:Test:Abuse040_x264:42.3	clip	3
uca:event_position_bin:0127	uca_ucfcrime:Test:Abuse040_x264:63.9	clip	3
uca:event_position_bin:0127	uca_ucfcrime:Val:Abuse044_x264:74.8	clip	3
uca:event_position_bin:0127	uca_ucfcrime:Val:Abuse046_x264:17.9	clip	3
uca:event_position_bin:0127	uca_ucfcrime:Val:Abuse047_x264:19.6	clip	3
uca:event_position_bin:0127	uca_ucfcrime:Val:Abuse048_x264:44.7	clip	3
uca:event_position_bin:0127	uca_ucfcrime:Val:Abuse050_x264:95.8	clip	3
uca:event_position_bin:0127	uca_ucfcrime:Train:Arrest011_x264:28.8	clip	3
uca:event_position_bin:0127	uca_ucfcrime:Train:Arrest015_x264:14.6	clip	3
uca:event_position_bin:0127	uca_ucfcrime:Train:Arrest022_x264:25.4	clip	3
uca:event_position_bin:0127	uca_ucfcrime:Train:Arrest023_x264:20.9	clip	3
uca:event_position_bin:0127	uca_ucfcrime:Test:Arson037_x264:13.2	clip	3
uca:event_position_bin:0127	uca_ucfcrime:Train:Assault007_x264:28.0	clip	3
uca:event_position_bin:0127	uca_ucfcrime:Train:Assault011_x264:44.8	clip	3
uca:event_position_bin:0127	uca_ucfcrime:Train:Assault014_x264:24.5	clip	3
uca:event_position_bin:0127	uca_ucfcrime:Train:Assault016_x264:118.5	clip	3
uca:event_position_bin:0127	uca_ucfcrime:Train:Assault026_x264:14.1	clip	3
uca:event_position_bin:0127	uca_ucfcrime:Test:Assault027_x264:88.1	clip	3
uca:event_position_bin:0127	uca_ucfcrime:Test:Assault029_x264:9.0	clip	3
uca:event_position_bin:0127	uca_ucfcrime:Test:Assault031_x264:14.1	clip	3
uca:event_position_bin:0127	uca_ucfcrime:Test:Assault034_x264:44.0	clip	3
uca:event_position_bin:0127	uca_ucfcrime:Test:Assault035_x264:10.8	clip	3
uca:event_position_bin:0127	uca_ucfcrime:Test:Assault036_x264:16.9	clip	3
uca:event_position_bin:0127	uca_ucfcrime:Test:Assault038_x264:3.0	clip	3
uca:event_position_bin:0127	uca_ucfcrime:Test:Assault040_x264:50.6	clip	3
uca:event_position_bin:0127	uca_ucfcrime:Val:Assault042_x264:109.8	clip	3
uca:event_position_bin:0127	uca_ucfcrime:Val:Assault044_x264:9.2	clip	3
uca:event_position_bin:0127	uca_ucfcrime:Val:Assault049_x264:16.7	clip	3
uca:event_position_bin:0127	uca_ucfcrime:Val:Assault050_x264:10.8	clip	3
uca:event_position_bin:0127	uca_ucfcrime:Val:Assault052_x264:13.8	clip	3
uca:event_position_bin:0127	uca_ucfcrime:Train:Burglary004_x264:32.5	clip	3
uca:event_position_bin:0127	uca_ucfcrime:Train:Burglary005_x264:165.7	clip	3
uca:event_position_bin:0127	uca_ucfcrime:Train:Burglary013_x264:31.8	clip	3
uca:event_position_bin:0127	uca_ucfcrime:Train:Burglary022_x264:56.4	clip	3
uca:event_position_bin:0127	uca_ucfcrime:Train:Explosion005_x264:9.7	clip	3
uca:event_position_bin:0127	uca_ucfcrime:Test:Explosion011_x264:30.7	clip	3
uca:event_position_bin:0127	uca_ucfcrime:Test:Explosion014_x264:25.6	clip	3
uca:event_position_bin:0127	uca_ucfcrime:Train:Fighting007_x264:47.4	clip	3
uca:event_position_bin:0127	uca_ucfcrime:Train:Fighting014_x264:89.8	clip	3
uca:event_position_bin:0127	uca_ucfcrime:Train:Fighting022_x264:95.9	clip	3
uca:event_position_bin:0127	uca_ucfcrime:Train:Fighting024_x264:117.8	clip	3
uca:event_position_bin:0127	uca_ucfcrime:Train:Fighting027_x264:75.9	clip	3
uca:event_position_bin:0127	uca_ucfcrime:Train:Fighting029_x264:77.2	clip	3
uca:event_position_bin:0127	uca_ucfcrime:Train:Fighting035_x264:11.9	clip	3
uca:event_position_bin:0127	uca_ucfcrime:Train:Fighting036_x264:60.8	clip	3
uca:event_position_bin:0127	uca_ucfcrime:Train:Fighting038_x264:16.6	clip	3
uca:event_position_bin:0127	uca_ucfcrime:Val:Fighting050_x264:553.4	clip	3
uca:event_position_bin:0127	uca_ucfcrime:Val:Fighting051_x264:73.8	clip	3
uca:event_position_bin:0127	uca_ucfcrime:Train:Normal_Videos268_x264:22.6	clip	3
uca:event_position_bin:0127	uca_ucfcrime:Train:Normal_Videos419_x264:23.6	clip	3
uca:event_position_bin:0127	uca_ucfcrime:Train:Normal_Videos_310_x264:30.3	clip	3
uca:event_position_bin:0127	uca_ucfcrime:Train:RoadAccidents005_x264:3.5	clip	3
uca:event_position_bin:0127	uca_ucfcrime:Train:RoadAccidents006_x264:34.2	clip	3
uca:event_position_bin:0127	uca_ucfcrime:Train:RoadAccidents008_x264:16.0	clip	3
uca:event_position_bin:0127	uca_ucfcrime:Train:RoadAccidents009_x264:13.1	clip	3
uca:event_position_bin:0127	uca_ucfcrime:Train:RoadAccidents010_x264:11.6	clip	3
uca:event_position_bin:0127	uca_ucfcrime:Train:RoadAccidents019_x264:27.5	clip	3
uca:event_position_bin:0127	uca_ucfcrime:Train:RoadAccidents024_x264:103.7	clip	3
uca:event_position_bin:0127	uca_ucfcrime:Train:RoadAccidents025_x264:16.1	clip	3
uca:event_position_bin:0127	uca_ucfcrime:Train:RoadAccidents026_x264:16.1	clip	3
uca:event_position_bin:0127	uca_ucfcrime:Train:RoadAccidents028_x264:9.2	clip	3
uca:event_position_bin:0127	uca_ucfcrime:Train:RoadAccidents032_x264:41.0	clip	3
uca:event_position_bin:0127	uca_ucfcrime:Train:RoadAccidents035_x264:4.6	clip	3
uca:event_position_bin:0127	uca_ucfcrime:Train:RoadAccidents037_x264:27.4	clip	3
uca:event_position_bin:0127	uca_ucfcrime:Train:RoadAccidents042_x264:17.2	clip	3
uca:event_position_bin:0127	uca_ucfcrime:Train:RoadAccidents051_x264:7.9	clip	3
uca:event_position_bin:0127	uca_ucfcrime:Train:RoadAccidents052_x264:5.9	clip	3
uca:event_position_bin:0127	uca_ucfcrime:Train:RoadAccidents056_x264:10.2	clip	3
uca:event_position_bin:0127	uca_ucfcrime:Train:RoadAccidents058_x264:14.3	clip	3
uca:event_position_bin:0127	uca_ucfcrime:Train:RoadAccidents065_x264:1.8	clip	3
uca:event_position_bin:0127	uca_ucfcrime:Train:RoadAccidents070_x264:11.2	clip	3
uca:event_position_bin:0127	uca_ucfcrime:Train:RoadAccidents071_x264:7.2	clip	3
uca:event_position_bin:0127	uca_ucfcrime:Train:RoadAccidents083_x264:16.6	clip	3
uca:event_position_bin:0127	uca_ucfcrime:Train:RoadAccidents085_x264:88.3	clip	3
uca:event_position_bin:0127	uca_ucfcrime:Train:RoadAccidents091_x264:21.9	clip	3
uca:event_position_bin:0127	uca_ucfcrime:Train:RoadAccidents096_x264:8.2	clip	3
uca:event_position_bin:0127	uca_ucfcrime:Train:RoadAccidents098_x264:23.2	clip	3
uca:event_position_bin:0127	uca_ucfcrime:Train:RoadAccidents099_x264:22.8	clip	3
uca:event_position_bin:0127	uca_ucfcrime:Train:RoadAccidents101_x264:4.3	clip	3
uca:event_position_bin:0127	uca_ucfcrime:Test:RoadAccidents110_x264:5.7	clip	3
uca:event_position_bin:0127	uca_ucfcrime:Test:RoadAccidents113_x264:22.1	clip	3
uca:event_position_bin:0127	uca_ucfcrime:Test:RoadAccidents121_x264:22.4	clip	3
uca:event_position_bin:0127	uca_ucfcrime:Test:RoadAccidents125_x264:32.2	clip	3
uca:event_position_bin:0127	uca_ucfcrime:Test:RoadAccidents129_x264:4.6	clip	3
uca:event_position_bin:0127	uca_ucfcrime:Test:RoadAccidents134_x264:4.6	clip	3
uca:event_position_bin:0127	uca_ucfcrime:Val:RoadAccidents148_x264:288.9	clip	3
uca:event_position_bin:0127	uca_ucfcrime:Train:Robbery006_x264:46.9	clip	3
uca:event_position_bin:0127	uca_ucfcrime:Train:Robbery019_x264:75.4	clip	3
uca:event_position_bin:0127	uca_ucfcrime:Train:Robbery024_x264:33.8	clip	3
uca:event_position_bin:0127	uca_ucfcrime:Train:Robbery037_x264:188.6	clip	3
uca:event_position_bin:0127	uca_ucfcrime:Train:Robbery065_x264:33.8	clip	3
uca:event_position_bin:0127	uca_ucfcrime:Test:Robbery108_x264:20.9	clip	3
uca:event_position_bin:0127	uca_ucfcrime:Val:Robbery118_x264:34.2	clip	3
uca:event_position_bin:0127	uca_ucfcrime:Val:Robbery127_x264:19.5	clip	3
uca:event_position_bin:0127	uca_ucfcrime:Val:Robbery136_x264:14.8	clip	3
uca:event_position_bin:0127	uca_ucfcrime:Val:Robbery146_x264:22.8	clip	3
uca:event_position_bin:0127	uca_ucfcrime:Val:Robbery149_x264:14.6	clip	3
uca:event_position_bin:0127	uca_ucfcrime:Train:Shooting010_x264:40.5	clip	3
uca:event_position_bin:0127	uca_ucfcrime:Train:Shooting010_x264:45.2	clip	3
uca:event_position_bin:0127	uca_ucfcrime:Train:Shooting030_x264:16.5	clip	3
uca:event_position_bin:0127	uca_ucfcrime:Test:Shooting042_x264:24.1	clip	3
uca:event_position_bin:0127	uca_ucfcrime:Train:Vandalism009_x264:17.6	clip	3
uca:event_position_bin:0127	uca_ucfcrime:Train:Vandalism009_x264:23.8	clip	3
uca:event_position_bin:0127	uca_ucfcrime:Train:Vandalism030_x264:20.6	clip	3
uca:event_position_bin:0127	uca_ucfcrime:Train:Vandalism030_x264:28.8	clip	3
uca:event_position_bin:0127	uca_ucfcrime:Test:Vandalism032_x264:9.7	clip	3
uca:event_position_bin:0127	uca_ucfcrime:Val:Vandalism045_x264:55.3	clip	3
uca:event_position_bin:0127	uca_ucfcrime:Val:Vandalism045_x264:92.8	clip	3
uca:event_position_bin:0128	uca_ucfcrime:Train:Arson001_x264:66.7	clip	3
uca:event_position_bin:0128	uca_ucfcrime:Train:Arson003_x264:70.1	clip	3
uca:event_position_bin:0128	uca_ucfcrime:Train:Arson007_x264:73.3	clip	3
uca:event_position_bin:0128	uca_ucfcrime:Train:Arson007_x264:108.8	clip	3
uca:event_position_bin:0128	uca_ucfcrime:Train:Arson008_x264:14.7	clip	3
uca:event_position_bin:0128	uca_ucfcrime:Train:Arson009_x264:9.1	clip	3
uca:event_position_bin:0128	uca_ucfcrime:Train:Arson009_x264:16.6	clip	3
uca:event_position_bin:0128	uca_ucfcrime:Train:Arson012_x264:11.6	clip	3
uca:event_position_bin:0128	uca_ucfcrime:Train:Arson014_x264:50.8	clip	3
uca:event_position_bin:0128	uca_ucfcrime:Train:Arson018_x264:15.6	clip	3
uca:event_position_bin:0128	uca_ucfcrime:Train:Arson019_x264:2307.8	clip	3
uca:event_position_bin:0128	uca_ucfcrime:Test:Arson020_x264:50.3	clip	3
uca:event_position_bin:0128	uca_ucfcrime:Test:Arson024_x264:49.6	clip	3
uca:event_position_bin:0128	uca_ucfcrime:Test:Arson025_x264:75.2	clip	3
uca:event_position_bin:0128	uca_ucfcrime:Test:Arson027_x264:58.2	clip	3
uca:event_position_bin:0128	uca_ucfcrime:Test:Arson028_x264:51.3	clip	3
uca:event_position_bin:0128	uca_ucfcrime:Test:Arson029_x264:19.1	clip	3
uca:event_position_bin:0128	uca_ucfcrime:Test:Arson031_x264:47.8	clip	3
uca:event_position_bin:0128	uca_ucfcrime:Test:Arson032_x264:57.9	clip	3
uca:event_position_bin:0128	uca_ucfcrime:Test:Arson035_x264:21.2	clip	3
uca:event_position_bin:0128	uca_ucfcrime:Test:Arson037_x264:13.2	clip	3
uca:event_position_bin:0128	uca_ucfcrime:Val:Arson044_x264:23.1	clip	3
uca:event_position_bin:0128	uca_ucfcrime:Val:Arson046_x264:46.0	clip	3
uca:event_position_bin:0128	uca_ucfcrime:Val:Arson048_x264:4.8	clip	3
uca:event_position_bin:0128	uca_ucfcrime:Val:Arson049_x264:5.7	clip	3
uca:event_position_bin:0128	uca_ucfcrime:Val:Arson050_x264:21.1	clip	3
uca:event_position_bin:0128	uca_ucfcrime:Val:Arson051_x264:19.4	clip	3
uca:event_position_bin:0128	uca_ucfcrime:Train:Explosion005_x264:9.7	clip	3
uca:event_position_bin:0128	uca_ucfcrime:Test:Explosion009_x264:13.2	clip	3
uca:event_position_bin:0128	uca_ucfcrime:Test:Explosion011_x264:30.7	clip	3
uca:event_position_bin:0128	uca_ucfcrime:Test:Explosion014_x264:25.6	clip	3
uca:event_position_bin:0128	uca_ucfcrime:Test:Explosion014_x264:28.2	clip	3
uca:event_position_bin:0128	uca_ucfcrime:Test:Explosion016_x264:16.3	clip	3
uca:event_position_bin:0128	uca_ucfcrime:Test:Explosion019_x264:6.0	clip	3
uca:event_position_bin:0128	uca_ucfcrime:Test:Explosion022_x264:77.3	clip	3
uca:event_position_bin:0128	uca_ucfcrime:Test:Explosion025_x264:7.3	clip	3
uca:event_position_bin:0128	uca_ucfcrime:Test:Explosion026_x264:49.4	clip	3
uca:event_position_bin:0128	uca_ucfcrime:Test:Explosion027_x264:11.3	clip	3
uca:event_position_bin:0128	uca_ucfcrime:Val:Explosion030_x264:51.6	clip	3
uca:event_position_bin:0128	uca_ucfcrime:Val:Explosion030_x264:59.9	clip	3
uca:event_position_bin:0128	uca_ucfcrime:Val:Explosion033_x264:38.5	clip	3
uca:event_position_bin:0128	uca_ucfcrime:Val:Explosion034_x264:6.5	clip	3
uca:event_position_bin:0128	uca_ucfcrime:Val:Explosion038_x264:58.5	clip	3
uca:event_position_bin:0128	uca_ucfcrime:Val:Explosion041_x264:46.1	clip	3
uca:event_position_bin:0128	uca_ucfcrime:Val:Explosion044_x264:13.7	clip	3
uca:event_position_bin:0128	uca_ucfcrime:Val:Explosion050_x264:6.0	clip	3
uca:event_position_bin:0128	uca_ucfcrime:Val:Explosion051_x264:48.8	clip	3
uca:event_position_bin:0128	uca_ucfcrime:Val:Explosion052_x264:75.5	clip	3
uca:event_position_bin:0128	uca_ucfcrime:Val:Fighting046_x264:50.8	clip	3
uca:event_position_bin:0128	uca_ucfcrime:Train:RoadAccidents080_x264:15.6	clip	3
uca:event_position_bin:0128	uca_ucfcrime:Train:Vandalism006_x264:14.2	clip	3
uca:event_position_bin:0129	uca_ucfcrime:Train:Arrest041_x264:63.0	clip	3
uca:event_position_bin:0129	uca_ucfcrime:Train:Burglary012_x264:28.0	clip	3
uca:event_position_bin:0129	uca_ucfcrime:Train:Burglary012_x264:34.4	clip	3
uca:event_position_bin:0129	uca_ucfcrime:Val:Burglary095_x264:576.2	clip	3
uca:event_position_bin:0129	uca_ucfcrime:Val:Burglary095_x264:852.4	clip	3
uca:event_position_bin:0129	uca_ucfcrime:Test:Fighting042_x264:34.5	clip	3
uca:event_position_bin:0129	uca_ucfcrime:Val:Normal_Videos643_x264:44.8	clip	3
uca:event_position_bin:0129	uca_ucfcrime:Train:Robbery001_x264:16.9	clip	3
uca:event_position_bin:0129	uca_ucfcrime:Train:Robbery001_x264:21.9	clip	3
uca:event_position_bin:0129	uca_ucfcrime:Train:Robbery003_x264:19.0	clip	3
uca:event_position_bin:0129	uca_ucfcrime:Train:Robbery004_x264:28.1	clip	3
uca:event_position_bin:0129	uca_ucfcrime:Train:Robbery006_x264:46.9	clip	3
uca:event_position_bin:0129	uca_ucfcrime:Train:Robbery011_x264:21.6	clip	3
uca:event_position_bin:0129	uca_ucfcrime:Train:Robbery012_x264:12.6	clip	3
uca:event_position_bin:0129	uca_ucfcrime:Train:Robbery018_x264:35.9	clip	3
uca:event_position_bin:0129	uca_ucfcrime:Train:Robbery024_x264:33.8	clip	3
uca:event_position_bin:0129	uca_ucfcrime:Train:Robbery031_x264:19.9	clip	3
uca:event_position_bin:0129	uca_ucfcrime:Train:Robbery036_x264:124.7	clip	3
uca:event_position_bin:0129	uca_ucfcrime:Train:Robbery038_x264:40.1	clip	3
uca:event_position_bin:0129	uca_ucfcrime:Train:Robbery049_x264:25.0	clip	3
uca:event_position_bin:0129	uca_ucfcrime:Train:Robbery051_x264:20.5	clip	3
uca:event_position_bin:0129	uca_ucfcrime:Train:Robbery052_x264:79.7	clip	3
uca:event_position_bin:0129	uca_ucfcrime:Train:Robbery053_x264:21.1	clip	3
uca:event_position_bin:0129	uca_ucfcrime:Train:Robbery053_x264:28.6	clip	3
uca:event_position_bin:0129	uca_ucfcrime:Train:Robbery062_x264:42.9	clip	3
uca:event_position_bin:0129	uca_ucfcrime:Train:Robbery065_x264:33.8	clip	3
uca:event_position_bin:0129	uca_ucfcrime:Train:Robbery069_x264:13.5	clip	3
uca:event_position_bin:0129	uca_ucfcrime:Train:Robbery077_x264:13.2	clip	3
uca:event_position_bin:0129	uca_ucfcrime:Train:Robbery078_x264:47.6	clip	3
uca:event_position_bin:0129	uca_ucfcrime:Train:Robbery079_x264:9.7	clip	3
uca:event_position_bin:0129	uca_ucfcrime:Train:Robbery084_x264:60.1	clip	3
uca:event_position_bin:0129	uca_ucfcrime:Test:Robbery099_x264:17.9	clip	3
uca:event_position_bin:0129	uca_ucfcrime:Test:Robbery101_x264:58.0	clip	3
uca:event_position_bin:0129	uca_ucfcrime:Test:Robbery106_x264:16.0	clip	3
uca:event_position_bin:0129	uca_ucfcrime:Val:Robbery114_x264:41.2	clip	3
uca:event_position_bin:0129	uca_ucfcrime:Val:Robbery117_x264:57.0	clip	3
uca:event_position_bin:0129	uca_ucfcrime:Val:Robbery118_x264:34.2	clip	3
uca:event_position_bin:0129	uca_ucfcrime:Val:Robbery131_x264:26.0	clip	3
uca:event_position_bin:0129	uca_ucfcrime:Val:Robbery133_x264:27.2	clip	3
uca:event_position_bin:0129	uca_ucfcrime:Train:Shooting010_x264:45.2	clip	3
uca:event_position_bin:0129	uca_ucfcrime:Train:Shooting010_x264:46.7	clip	3
uca:event_position_bin:0129	uca_ucfcrime:Train:Shooting020_x264:98.1	clip	3
uca:event_position_bin:0129	uca_ucfcrime:Train:Shooting025_x264:28.3	clip	3
uca:event_position_bin:0129	uca_ucfcrime:Train:Shooting029_x264:17.1	clip	3
uca:event_position_bin:0129	uca_ucfcrime:Train:Shooting029_x264:27.9	clip	3
uca:event_position_bin:0129	uca_ucfcrime:Test:Shooting039_x264:14.2	clip	3
uca:event_position_bin:0129	uca_ucfcrime:Test:Shooting040_x264:16.9	clip	3
uca:event_position_bin:0129	uca_ucfcrime:Test:Shooting040_x264:19.0	clip	3
uca:event_position_bin:0129	uca_ucfcrime:Test:Shooting043_x264:30.7	clip	3
uca:event_position_bin:0129	uca_ucfcrime:Val:Shooting048_x264:47.8	clip	3
uca:event_position_bin:0129	uca_ucfcrime:Val:Shooting048_x264:58.0	clip	3
uca:event_position_bin:0129	uca_ucfcrime:Val:Shooting052_x264:65.6	clip	3
uca:event_position_bin:0129	uca_ucfcrime:Val:Shooting054_x264:14.2	clip	3
uca:event_position_bin:0130	uca_ucfcrime:Train:Abuse010_x264:18.4	clip	3
uca:event_position_bin:0130	uca_ucfcrime:Train:Abuse014_x264:45.8	clip	3
uca:event_position_bin:0130	uca_ucfcrime:Train:Abuse022_x264:51.5	clip	3
uca:event_position_bin:0130	uca_ucfcrime:Train:Arrest020_x264:43.5	clip	3
uca:event_position_bin:0130	uca_ucfcrime:Test:Arrest049_x264:157.7	clip	3
uca:event_position_bin:0130	uca_ucfcrime:Train:Arson001_x264:66.7	clip	3
uca:event_position_bin:0130	uca_ucfcrime:Train:Arson013_x264:131.0	clip	3
uca:event_position_bin:0130	uca_ucfcrime:Train:Arson017_x264:25.1	clip	3
uca:event_position_bin:0130	uca_ucfcrime:Train:Arson018_x264:15.6	clip	3
uca:event_position_bin:0130	uca_ucfcrime:Test:Arson031_x264:38.0	clip	3
uca:event_position_bin:0130	uca_ucfcrime:Test:Arson034_x264:34.3	clip	3
uca:event_position_bin:0130	uca_ucfcrime:Test:Arson037_x264:13.2	clip	3
uca:event_position_bin:0130	uca_ucfcrime:Test:Arson038_x264:10.2	clip	3
uca:event_position_bin:0130	uca_ucfcrime:Test:Arson038_x264:15.4	clip	3
uca:event_position_bin:0130	uca_ucfcrime:Val:Arson049_x264:5.7	clip	3
uca:event_position_bin:0130	uca_ucfcrime:Train:Assault011_x264:44.8	clip	3
uca:event_position_bin:0130	uca_ucfcrime:Train:Assault012_x264:11.2	clip	3
uca:event_position_bin:0130	uca_ucfcrime:Train:Assault014_x264:24.5	clip	3
uca:event_position_bin:0130	uca_ucfcrime:Train:Assault020_x264:8.8	clip	3
uca:event_position_bin:0130	uca_ucfcrime:Train:Assault025_x264:15.9	clip	3
uca:event_position_bin:0130	uca_ucfcrime:Train:Assault025_x264:22.6	clip	3
uca:event_position_bin:0130	uca_ucfcrime:Test:Assault040_x264:50.6	clip	3
uca:event_position_bin:0130	uca_ucfcrime:Val:Assault048_x264:30.9	clip	3
uca:event_position_bin:0130	uca_ucfcrime:Val:Assault052_x264:13.8	clip	3
uca:event_position_bin:0130	uca_ucfcrime:Train:Burglary013_x264:41.4	clip	3
uca:event_position_bin:0130	uca_ucfcrime:Train:Burglary032_x264:315.4	clip	3
uca:event_position_bin:0130	uca_ucfcrime:Train:Burglary034_x264:17.1	clip	3
uca:event_position_bin:0130	uca_ucfcrime:Train:Burglary063_x264:47.8	clip	3
uca:event_position_bin:0130	uca_ucfcrime:Train:Burglary063_x264:77.3	clip	3
uca:event_position_bin:0130	uca_ucfcrime:Test:Burglary082_x264:39.2	clip	3
uca:event_position_bin:0130	uca_ucfcrime:Test:Burglary085_x264:62.4	clip	3
uca:event_position_bin:0130	uca_ucfcrime:Train:Explosion002_x264:78.0	clip	3
uca:event_position_bin:0130	uca_ucfcrime:Train:Explosion006_x264:21.9	clip	3
uca:event_position_bin:0130	uca_ucfcrime:Test:Explosion014_x264:28.2	clip	3
uca:event_position_bin:0130	uca_ucfcrime:Test:Explosion015_x264:15.2	clip	3
uca:event_position_bin:0130	uca_ucfcrime:Test:Explosion023_x264:47.4	clip	3
uca:event_position_bin:0130	uca_ucfcrime:Val:Explosion030_x264:51.6	clip	3
uca:event_position_bin:0130	uca_ucfcrime:Val:Explosion030_x264:59.9	clip	3
uca:event_position_bin:0130	uca_ucfcrime:Val:Explosion039_x264:17.6	clip	3
uca:event_position_bin:0130	uca_ucfcrime:Val:Explosion044_x264:13.7	clip	3
uca:event_position_bin:0130	uca_ucfcrime:Val:Explosion050_x264:6.0	clip	3
uca:event_position_bin:0130	uca_ucfcrime:Train:Normal_Videos080_x264:50.3	clip	3
uca:event_position_bin:0130	uca_ucfcrime:Train:Normal_Videos427_x264:32.2	clip	3
uca:event_position_bin:0130	uca_ucfcrime:Val:Normal_Videos779_x264:6.5	clip	3
uca:event_position_bin:0130	uca_ucfcrime:Train:Normal_Videos_168_x264:20.5	clip	3
uca:event_position_bin:0130	uca_ucfcrime:Val:Normal_Videos_936_x264:24.1	clip	3
uca:event_position_bin:0130	uca_ucfcrime:Train:RoadAccidents032_x264:33.2	clip	3
uca:event_position_bin:0130	uca_ucfcrime:Train:RoadAccidents034_x264:27.4	clip	3
uca:event_position_bin:0130	uca_ucfcrime:Train:RoadAccidents040_x264:32.0	clip	3
uca:event_position_bin:0130	uca_ucfcrime:Train:RoadAccidents051_x264:7.9	clip	3
uca:event_position_bin:0130	uca_ucfcrime:Train:RoadAccidents058_x264:14.3	clip	3
uca:event_position_bin:0130	uca_ucfcrime:Train:RoadAccidents064_x264:52.9	clip	3
uca:event_position_bin:0130	uca_ucfcrime:Train:RoadAccidents076_x264:52.5	clip	3
uca:event_position_bin:0130	uca_ucfcrime:Train:RoadAccidents087_x264:56.1	clip	3
uca:event_position_bin:0130	uca_ucfcrime:Train:RoadAccidents098_x264:38.2	clip	3
uca:event_position_bin:0130	uca_ucfcrime:Train:RoadAccidents102_x264:4.5	clip	3
uca:event_position_bin:0130	uca_ucfcrime:Train:RoadAccidents103_x264:25.9	clip	3
uca:event_position_bin:0130	uca_ucfcrime:Train:RoadAccidents108_x264:59.8	clip	3
uca:event_position_bin:0130	uca_ucfcrime:Test:RoadAccidents125_x264:32.2	clip	3
uca:event_position_bin:0130	uca_ucfcrime:Test:RoadAccidents128_x264:8.4	clip	3
uca:event_position_bin:0130	uca_ucfcrime:Val:RoadAccidents148_x264:288.9	clip	3
uca:event_position_bin:0130	uca_ucfcrime:Train:Robbery017_x264:82.2	clip	3
uca:event_position_bin:0130	uca_ucfcrime:Train:Robbery021_x264:181.2	clip	3
uca:event_position_bin:0130	uca_ucfcrime:Train:Robbery028_x264:40.5	clip	3
uca:event_position_bin:0130	uca_ucfcrime:Train:Robbery061_x264:61.5	clip	3
uca:event_position_bin:0130	uca_ucfcrime:Test:Robbery092_x264:13.4	clip	3
uca:event_position_bin:0130	uca_ucfcrime:Test:Robbery092_x264:14.7	clip	3
uca:event_position_bin:0130	uca_ucfcrime:Test:Robbery093_x264:14.8	clip	3
uca:event_position_bin:0130	uca_ucfcrime:Test:Robbery095_x264:24.3	clip	3
uca:event_position_bin:0130	uca_ucfcrime:Test:Robbery098_x264:264.3	clip	3
uca:event_position_bin:0130	uca_ucfcrime:Test:Robbery102_x264:34.6	clip	3
uca:event_position_bin:0130	uca_ucfcrime:Val:Robbery114_x264:30.4	clip	3
uca:event_position_bin:0130	uca_ucfcrime:Val:Robbery114_x264:41.2	clip	3
uca:event_position_bin:0130	uca_ucfcrime:Val:Robbery117_x264:57.0	clip	3
uca:event_position_bin:0130	uca_ucfcrime:Val:Robbery141_x264:80.6	clip	3
uca:event_position_bin:0130	uca_ucfcrime:Val:Robbery145_x264:16.4	clip	3
uca:event_position_bin:0130	uca_ucfcrime:Val:Robbery145_x264:28.1	clip	3
uca:event_position_bin:0130	uca_ucfcrime:Train:Shooting008_x264:27.2	clip	3
uca:event_position_bin:0130	uca_ucfcrime:Train:Shooting012_x264:37.9	clip	3
uca:event_position_bin:0130	uca_ucfcrime:Train:Shooting020_x264:98.1	clip	3
uca:event_position_bin:0130	uca_ucfcrime:Train:Shooting021_x264:27.5	clip	3
uca:event_position_bin:0130	uca_ucfcrime:Train:Shooting030_x264:26.6	clip	3
uca:event_position_bin:0130	uca_ucfcrime:Test:Shooting040_x264:16.9	clip	3
uca:event_position_bin:0130	uca_ucfcrime:Val:Shooting048_x264:58.0	clip	3
uca:event_position_bin:0130	uca_ucfcrime:Val:Shooting053_x264:10.3	clip	3
uca:event_position_bin:0130	uca_ucfcrime:Train:Shoplifting019_x264:9.2	clip	3
uca:event_position_bin:0130	uca_ucfcrime:Train:Shoplifting019_x264:11.2	clip	3
uca:event_position_bin:0130	uca_ucfcrime:Train:Shoplifting019_x264:13.9	clip	3
uca:event_position_bin:0130	uca_ucfcrime:Val:Shoplifting045_x264:33.8	clip	3
uca:event_position_bin:0130	uca_ucfcrime:Val:Shoplifting055_x264:112.7	clip	3
uca:event_position_bin:0130	uca_ucfcrime:Train:Stealing008_x264:80.7	clip	3
uca:event_position_bin:0130	uca_ucfcrime:Train:Stealing017_x264:35.6	clip	3
uca:event_position_bin:0130	uca_ucfcrime:Train:Stealing029_x264:8.6	clip	3
uca:event_position_bin:0130	uca_ucfcrime:Train:Stealing047_x264:27.5	clip	3
uca:event_position_bin:0130	uca_ucfcrime:Test:Stealing081_x264:16.9	clip	3
uca:event_position_bin:0130	uca_ucfcrime:Test:Stealing081_x264:25.5	clip	3
uca:event_position_bin:0130	uca_ucfcrime:Val:Stealing097_x264:16.2	clip	3
uca:event_position_bin:0130	uca_ucfcrime:Val:Stealing110_x264:27.6	clip	3
uca:event_position_bin:0130	uca_ucfcrime:Train:Vandalism003_x264:20.6	clip	3
uca:event_position_bin:0130	uca_ucfcrime:Train:Vandalism009_x264:23.8	clip	3
uca:event_position_bin:0130	uca_ucfcrime:Train:Vandalism012_x264:11.7	clip	3
uca:event_position_bin:0130	uca_ucfcrime:Train:Vandalism012_x264:13.8	clip	3
uca:event_position_bin:0130	uca_ucfcrime:Train:Vandalism017_x264:14.0	clip	3
uca:event_position_bin:0130	uca_ucfcrime:Train:Vandalism018_x264:100.6	clip	3
uca:event_position_bin:0130	uca_ucfcrime:Train:Vandalism022_x264:74.2	clip	3
uca:event_position_bin:0130	uca_ucfcrime:Test:Vandalism039_x264:11.7	clip	3
uca:event_position_bin:0130	uca_ucfcrime:Test:Vandalism039_x264:17.8	clip	3
uca:event_position_bin:0130	uca_ucfcrime:Test:Vandalism040_x264:17.5	clip	3
uca:event_position_bin:0131	uca_ucfcrime:Train:Arrest017_x264:57.2	clip	3
uca:event_position_bin:0131	uca_ucfcrime:Train:Arrest017_x264:75.1	clip	3
uca:event_position_bin:0131	uca_ucfcrime:Test:Normal_Videos554_x264:64.6	clip	3
uca:event_position_bin:0131	uca_ucfcrime:Train:RoadAccidents004_x264:8.0	clip	3
uca:event_position_bin:0131	uca_ucfcrime:Train:RoadAccidents015_x264:22.8	clip	3
uca:event_position_bin:0131	uca_ucfcrime:Train:RoadAccidents015_x264:27.2	clip	3
uca:event_position_bin:0131	uca_ucfcrime:Train:RoadAccidents016_x264:48.6	clip	3
uca:event_position_bin:0131	uca_ucfcrime:Train:RoadAccidents017_x264:3.6	clip	3
uca:event_position_bin:0131	uca_ucfcrime:Train:RoadAccidents018_x264:32.8	clip	3
uca:event_position_bin:0131	uca_ucfcrime:Train:RoadAccidents021_x264:2.5	clip	3
uca:event_position_bin:0131	uca_ucfcrime:Train:RoadAccidents028_x264:9.2	clip	3
uca:event_position_bin:0131	uca_ucfcrime:Train:RoadAccidents028_x264:10.4	clip	3
uca:event_position_bin:0131	uca_ucfcrime:Train:RoadAccidents040_x264:32.0	clip	3
uca:event_position_bin:0131	uca_ucfcrime:Train:RoadAccidents043_x264:3.8	clip	3
uca:event_position_bin:0131	uca_ucfcrime:Train:RoadAccidents046_x264:8.9	clip	3
uca:event_position_bin:0131	uca_ucfcrime:Train:RoadAccidents047_x264:7.2	clip	3
uca:event_position_bin:0131	uca_ucfcrime:Train:RoadAccidents050_x264:16.1	clip	3
uca:event_position_bin:0131	uca_ucfcrime:Train:RoadAccidents060_x264:10.3	clip	3
uca:event_position_bin:0131	uca_ucfcrime:Train:RoadAccidents069_x264:5.3	clip	3
uca:event_position_bin:0131	uca_ucfcrime:Train:RoadAccidents074_x264:41.5	clip	3
uca:event_position_bin:0131	uca_ucfcrime:Train:RoadAccidents075_x264:5.1	clip	3
uca:event_position_bin:0131	uca_ucfcrime:Train:RoadAccidents081_x264:17.1	clip	3
uca:event_position_bin:0131	uca_ucfcrime:Train:RoadAccidents082_x264:22.9	clip	3
uca:event_position_bin:0131	uca_ucfcrime:Train:RoadAccidents084_x264:12.8	clip	3
uca:event_position_bin:0131	uca_ucfcrime:Train:RoadAccidents089_x264:23.0	clip	3
uca:event_position_bin:0131	uca_ucfcrime:Test:RoadAccidents117_x264:45.1	clip	3
uca:event_position_bin:0131	uca_ucfcrime:Test:RoadAccidents122_x264:7.7	clip	3
uca:event_position_bin:0131	uca_ucfcrime:Test:RoadAccidents126_x264:22.4	clip	3
uca:event_position_bin:0131	uca_ucfcrime:Test:RoadAccidents133_x264:7.8	clip	3
uca:event_position_bin:0131	uca_ucfcrime:Test:RoadAccidents136_x264:38.1	clip	3
uca:event_position_bin:0131	uca_ucfcrime:Test:RoadAccidents136_x264:48.6	clip	3
uca:event_position_bin:0131	uca_ucfcrime:Val:RoadAccidents145_x264:13.9	clip	3
uca:event_position_bin:0131	uca_ucfcrime:Val:Shooting050_x264:43.2	clip	3
uca:event_position_bin:0132	uca_ucfcrime:Test:Arson036_x264:34.7	clip	3
uca:event_position_bin:0132	uca_ucfcrime:Train:Burglary007_x264:18.7	clip	3
uca:event_position_bin:0132	uca_ucfcrime:Train:Burglary013_x264:31.8	clip	3
uca:event_position_bin:0132	uca_ucfcrime:Train:Burglary036_x264:17.2	clip	3
uca:event_position_bin:0132	uca_ucfcrime:Train:Burglary037_x264:32.2	clip	3
uca:event_position_bin:0132	uca_ucfcrime:Train:Burglary041_x264:27.0	clip	3
uca:event_position_bin:0132	uca_ucfcrime:Test:Burglary074_x264:25.3	clip	3
uca:event_position_bin:0132	uca_ucfcrime:Val:Burglary091_x264:40.7	clip	3
uca:event_position_bin:0132	uca_ucfcrime:Train:Normal_Videos038_x264:61.1	clip	3
uca:event_position_bin:0132	uca_ucfcrime:Train:Normal_Videos058_x264:19.2	clip	3
uca:event_position_bin:0132	uca_ucfcrime:Train:Normal_Videos096_x264:13.3	clip	3
uca:event_position_bin:0132	uca_ucfcrime:Train:Normal_Videos173_x264:10.1	clip	3
uca:event_position_bin:0132	uca_ucfcrime:Train:Normal_Videos313_x264:27.9	clip	3
uca:event_position_bin:0132	uca_ucfcrime:Train:Normal_Videos362_x264:14.1	clip	3
uca:event_position_bin:0132	uca_ucfcrime:Train:Normal_Videos367_x264:79.5	clip	3
uca:event_position_bin:0132	uca_ucfcrime:Train:Normal_Videos367_x264:91.5	clip	3
uca:event_position_bin:0132	uca_ucfcrime:Train:Normal_Videos465_x264:47.1	clip	3
uca:event_position_bin:0132	uca_ucfcrime:Val:Normal_Videos654_x264:30.6	clip	3
uca:event_position_bin:0132	uca_ucfcrime:Val:Normal_Videos859_x264:12.1	clip	3
uca:event_position_bin:0132	uca_ucfcrime:Train:Normal_Videos_019_x264:41.0	clip	3
uca:event_position_bin:0132	uca_ucfcrime:Train:Normal_Videos_352_x264:89.3	clip	3
uca:event_position_bin:0132	uca_ucfcrime:Train:Normal_Videos_603_x264:46.8	clip	3
uca:event_position_bin:0132	uca_ucfcrime:Train:Normal_Videos_888_x264:12.0	clip	3
uca:event_position_bin:0132	uca_ucfcrime:Test:Normal_Videos_929_x264:13.6	clip	3
uca:event_position_bin:0132	uca_ucfcrime:Train:Robbery004_x264:28.1	clip	3
uca:event_position_bin:0132	uca_ucfcrime:Train:Robbery037_x264:103.4	clip	3
uca:event_position_bin:0132	uca_ucfcrime:Train:Robbery043_x264:21.2	clip	3
uca:event_position_bin:0132	uca_ucfcrime:Train:Robbery044_x264:5.7	clip	3
uca:event_position_bin:0132	uca_ucfcrime:Train:Robbery045_x264:43.1	clip	3
uca:event_position_bin:0132	uca_ucfcrime:Train:Robbery047_x264:28.9	clip	3
uca:event_position_bin:0132	uca_ucfcrime:Train:Robbery049_x264:39.8	clip	3
uca:event_position_bin:0132	uca_ucfcrime:Train:Robbery060_x264:43.1	clip	3
uca:event_position_bin:0132	uca_ucfcrime:Train:Robbery067_x264:76.7	clip	3
uca:event_position_bin:0132	uca_ucfcrime:Train:Robbery071_x264:29.6	clip	3
uca:event_position_bin:0132	uca_ucfcrime:Train:Robbery077_x264:20.6	clip	3
uca:event_position_bin:0132	uca_ucfcrime:Test:Robbery086_x264:83.4	clip	3
uca:event_position_bin:0132	uca_ucfcrime:Test:Robbery101_x264:58.0	clip	3
uca:event_position_bin:0132	uca_ucfcrime:Test:Robbery101_x264:71.4	clip	3
uca:event_position_bin:0132	uca_ucfcrime:Val:Robbery130_x264:34.8	clip	3
uca:event_position_bin:0132	uca_ucfcrime:Val:Robbery135_x264:62.5	clip	3
uca:event_position_bin:0132	uca_ucfcrime:Test:Shooting046_x264:103.1	clip	3
uca:event_position_bin:0133	uca_ucfcrime:Train:Abuse002_x264:17.6	clip	3
uca:event_position_bin:0133	uca_ucfcrime:Train:Abuse005_x264:12.7	clip	3
uca:event_position_bin:0133	uca_ucfcrime:Train:Abuse008_x264:114.6	clip	3
uca:event_position_bin:0133	uca_ucfcrime:Train:Abuse011_x264:68.8	clip	3
uca:event_position_bin:0133	uca_ucfcrime:Train:Abuse018_x264:51.0	clip	3
uca:event_position_bin:0133	uca_ucfcrime:Train:Abuse021_x264:31.7	clip	3
uca:event_position_bin:0133	uca_ucfcrime:Train:Abuse023_x264:13.8	clip	3
uca:event_position_bin:0133	uca_ucfcrime:Train:Abuse028_x264:18.9	clip	3
uca:event_position_bin:0133	uca_ucfcrime:Train:Abuse029_x264:4.7	clip	3
uca:event_position_bin:0133	uca_ucfcrime:Train:Abuse031_x264:82.3	clip	3
uca:event_position_bin:0133	uca_ucfcrime:Train:Arrest004_x264:53.3	clip	3
uca:event_position_bin:0133	uca_ucfcrime:Train:Arrest014_x264:30.9	clip	3
uca:event_position_bin:0133	uca_ucfcrime:Train:Arrest024_x264:61.8	clip	3
uca:event_position_bin:0133	uca_ucfcrime:Train:Arrest031_x264:33.1	clip	3
uca:event_position_bin:0133	uca_ucfcrime:Train:Arrest033_x264:104.4	clip	3
uca:event_position_bin:0133	uca_ucfcrime:Train:Arson001_x264:55.9	clip	3
uca:event_position_bin:0133	uca_ucfcrime:Train:Arson006_x264:39.3	clip	3
uca:event_position_bin:0133	uca_ucfcrime:Train:Arson008_x264:14.7	clip	3
uca:event_position_bin:0133	uca_ucfcrime:Train:Arson015_x264:145.2	clip	3
uca:event_position_bin:0133	uca_ucfcrime:Train:Arson019_x264:2307.8	clip	3
uca:event_position_bin:0133	uca_ucfcrime:Test:Arson021_x264:18.5	clip	3
uca:event_position_bin:0133	uca_ucfcrime:Test:Arson026_x264:92.3	clip	3
uca:event_position_bin:0133	uca_ucfcrime:Test:Arson027_x264:58.2	clip	3
uca:event_position_bin:0133	uca_ucfcrime:Test:Arson028_x264:51.3	clip	3
uca:event_position_bin:0133	uca_ucfcrime:Test:Arson031_x264:38.0	clip	3
uca:event_position_bin:0133	uca_ucfcrime:Test:Arson031_x264:47.8	clip	3
uca:event_position_bin:0133	uca_ucfcrime:Val:Arson042_x264:109.3	clip	3
uca:event_position_bin:0133	uca_ucfcrime:Val:Arson052_x264:55.5	clip	3
uca:event_position_bin:0133	uca_ucfcrime:Val:Arson052_x264:93.3	clip	3
uca:event_position_bin:0133	uca_ucfcrime:Train:Assault003_x264:76.2	clip	3
uca:event_position_bin:0133	uca_ucfcrime:Train:Assault007_x264:42.4	clip	3
uca:event_position_bin:0133	uca_ucfcrime:Train:Assault015_x264:28.7	clip	3
uca:event_position_bin:0133	uca_ucfcrime:Train:Assault016_x264:118.5	clip	3
uca:event_position_bin:0133	uca_ucfcrime:Test:Assault033_x264:23.5	clip	3
uca:event_position_bin:0133	uca_ucfcrime:Val:Assault041_x264:86.4	clip	3
uca:event_position_bin:0133	uca_ucfcrime:Val:Assault044_x264:9.2	clip	3
uca:event_position_bin:0133	uca_ucfcrime:Train:Burglary005_x264:131.5	clip	3
uca:event_position_bin:0133	uca_ucfcrime:Train:Burglary005_x264:165.7	clip	3
uca:event_position_bin:0133	uca_ucfcrime:Train:Burglary006_x264:167.8	clip	3
uca:event_position_bin:0133	uca_ucfcrime:Train:Burglary013_x264:41.4	clip	3
uca:event_position_bin:0133	uca_ucfcrime:Train:Burglary018_x264:14.5	clip	3
uca:event_position_bin:0133	uca_ucfcrime:Train:Burglary022_x264:56.4	clip	3
uca:event_position_bin:0133	uca_ucfcrime:Train:Burglary023_x264:142.9	clip	3
uca:event_position_bin:0133	uca_ucfcrime:Train:Burglary035_x264:57.4	clip	3
uca:event_position_bin:0133	uca_ucfcrime:Train:Burglary039_x264:105.0	clip	3
uca:event_position_bin:0133	uca_ucfcrime:Train:Burglary043_x264:10.1	clip	3
uca:event_position_bin:0133	uca_ucfcrime:Train:Burglary044_x264:93.7	clip	3
uca:event_position_bin:0133	uca_ucfcrime:Train:Burglary046_x264:36.5	clip	3
uca:event_position_bin:0133	uca_ucfcrime:Train:Burglary052_x264:182.8	clip	3
uca:event_position_bin:0133	uca_ucfcrime:Train:Burglary055_x264:49.4	clip	3
uca:event_position_bin:0133	uca_ucfcrime:Train:Burglary059_x264:6.7	clip	3
uca:event_position_bin:0133	uca_ucfcrime:Train:Burglary063_x264:47.8	clip	3
uca:event_position_bin:0133	uca_ucfcrime:Train:Burglary063_x264:77.3	clip	3
uca:event_position_bin:0133	uca_ucfcrime:Test:Burglary066_x264:37.5	clip	3
uca:event_position_bin:0133	uca_ucfcrime:Test:Burglary073_x264:42.8	clip	3
uca:event_position_bin:0133	uca_ucfcrime:Test:Burglary074_x264:47.8	clip	3
uca:event_position_bin:0133	uca_ucfcrime:Test:Burglary083_x264:72.5	clip	3
uca:event_position_bin:0133	uca_ucfcrime:Test:Burglary087_x264:44.0	clip	3
uca:event_position_bin:0133	uca_ucfcrime:Val:Burglary088_x264:57.3	clip	3
uca:event_position_bin:0133	uca_ucfcrime:Val:Burglary089_x264:41.9	clip	3
uca:event_position_bin:0133	uca_ucfcrime:Val:Burglary098_x264:10.8	clip	3
uca:event_position_bin:0133	uca_ucfcrime:Val:Burglary100_x264:122.2	clip	3
uca:event_position_bin:0133	uca_ucfcrime:Train:Fighting010_x264:67.6	clip	3
uca:event_position_bin:0133	uca_ucfcrime:Train:Fighting013_x264:26.6	clip	3
uca:event_position_bin:0133	uca_ucfcrime:Train:Fighting021_x264:47.4	clip	3
uca:event_position_bin:0133	uca_ucfcrime:Train:Fighting037_x264:74.4	clip	3
uca:event_position_bin:0133	uca_ucfcrime:Test:Fighting041_x264:576.6	clip	3
uca:event_position_bin:0133	uca_ucfcrime:Test:Fighting042_x264:41.7	clip	3
uca:event_position_bin:0133	uca_ucfcrime:Test:Fighting043_x264:46.8	clip	3
uca:event_position_bin:0133	uca_ucfcrime:Val:Fighting050_x264:553.4	clip	3
uca:event_position_bin:0133	uca_ucfcrime:Train:Normal_Videos023_x264:23.4	clip	3
uca:event_position_bin:0133	uca_ucfcrime:Train:Normal_Videos026_x264:47.7	clip	3
uca:event_position_bin:0133	uca_ucfcrime:Train:Normal_Videos046_x264:511.7	clip	3
uca:event_position_bin:0133	uca_ucfcrime:Train:Normal_Videos060_x264:52.9	clip	3
uca:event_position_bin:0133	uca_ucfcrime:Train:Normal_Videos061_x264:217.3	clip	3
uca:event_position_bin:0133	uca_ucfcrime:Train:Normal_Videos061_x264:373.8	clip	3
uca:event_position_bin:0133	uca_ucfcrime:Train:Normal_Videos065_x264:16.7	clip	3
uca:event_position_bin:0133	uca_ucfcrime:Train:Normal_Videos072_x264:20.4	clip	3
uca:event_position_bin:0133	uca_ucfcrime:Train:Normal_Videos075_x264:40.2	clip	3
uca:event_position_bin:0133	uca_ucfcrime:Train:Normal_Videos076_x264:35.3	clip	3
uca:event_position_bin:0133	uca_ucfcrime:Train:Normal_Videos078_x264:29.3	clip	3
uca:event_position_bin:0133	uca_ucfcrime:Train:Normal_Videos092_x264:36.9	clip	3
uca:event_position_bin:0133	uca_ucfcrime:Train:Normal_Videos105_x264:13.6	clip	3
uca:event_position_bin:0133	uca_ucfcrime:Train:Normal_Videos119_x264:80.8	clip	3
uca:event_position_bin:0133	uca_ucfcrime:Train:Normal_Videos128_x264:35.6	clip	3
uca:event_position_bin:0133	uca_ucfcrime:Train:Normal_Videos131_x264:27.2	clip	3
uca:event_position_bin:0133	uca_ucfcrime:Train:Normal_Videos131_x264:36.8	clip	3
uca:event_position_bin:0133	uca_ucfcrime:Train:Normal_Videos136_x264:2012.2	clip	3
uca:event_position_bin:0133	uca_ucfcrime:Train:Normal_Videos179_x264:96.7	clip	3
uca:event_position_bin:0133	uca_ucfcrime:Train:Normal_Videos181_x264:90.1	clip	3
uca:event_position_bin:0133	uca_ucfcrime:Train:Normal_Videos197_x264:44.6	clip	3
uca:event_position_bin:0133	uca_ucfcrime:Train:Normal_Videos205_x264:156.4	clip	3
uca:event_position_bin:0133	uca_ucfcrime:Train:Normal_Videos214_x264:182.6	clip	3
uca:event_position_bin:0133	uca_ucfcrime:Train:Normal_Videos222_x264:13.1	clip	3
uca:event_position_bin:0133	uca_ucfcrime:Train:Normal_Videos235_x264:36.0	clip	3
uca:event_position_bin:0133	uca_ucfcrime:Train:Normal_Videos237_x264:26.1	clip	3
uca:event_position_bin:0133	uca_ucfcrime:Train:Normal_Videos237_x264:37.2	clip	3
uca:event_position_bin:0133	uca_ucfcrime:Train:Normal_Videos261_x264:55.1	clip	3
uca:event_position_bin:0133	uca_ucfcrime:Train:Normal_Videos292_x264:52.4	clip	3
uca:event_position_bin:0133	uca_ucfcrime:Train:Normal_Videos320_x264:19.9	clip	3
uca:event_position_bin:0133	uca_ucfcrime:Train:Normal_Videos334_x264:15.1	clip	3
uca:event_position_bin:0133	uca_ucfcrime:Train:Normal_Videos337_x264:7.7	clip	3
uca:event_position_bin:0133	uca_ucfcrime:Train:Normal_Videos343_x264:11.1	clip	3
uca:event_position_bin:0133	uca_ucfcrime:Train:Normal_Videos344_x264:3.5	clip	3
uca:event_position_bin:0133	uca_ucfcrime:Train:Normal_Videos356_x264:8.0	clip	3
uca:event_position_bin:0133	uca_ucfcrime:Train:Normal_Videos369_x264:97.5	clip	3
uca:event_position_bin:0133	uca_ucfcrime:Train:Normal_Videos378_x264:8.2	clip	3
uca:event_position_bin:0133	uca_ucfcrime:Train:Normal_Videos379_x264:19.8	clip	3
uca:event_position_bin:0133	uca_ucfcrime:Train:Normal_Videos387_x264:14.3	clip	3
uca:event_position_bin:0133	uca_ucfcrime:Train:Normal_Videos394_x264:39.0	clip	3
uca:event_position_bin:0133	uca_ucfcrime:Train:Normal_Videos397_x264:1300.4	clip	3
uca:event_position_bin:0133	uca_ucfcrime:Train:Normal_Videos424_x264:108.7	clip	3
uca:event_position_bin:0133	uca_ucfcrime:Train:Normal_Videos424_x264:136.8	clip	3
uca:event_position_bin:0133	uca_ucfcrime:Train:Normal_Videos438_x264:9.3	clip	3
uca:event_position_bin:0133	uca_ucfcrime:Train:Normal_Videos450_x264:2116.6	clip	3
uca:event_position_bin:0133	uca_ucfcrime:Train:Normal_Videos469_x264:138.8	clip	3
uca:event_position_bin:0133	uca_ucfcrime:Train:Normal_Videos479_x264:664.6	clip	3
uca:event_position_bin:0133	uca_ucfcrime:Train:Normal_Videos494_x264:643.5	clip	3
uca:event_position_bin:0133	uca_ucfcrime:Train:Normal_Videos511_x264:541.1	clip	3
uca:event_position_bin:0133	uca_ucfcrime:Test:Normal_Videos542_x264:136.1	clip	3
uca:event_position_bin:0133	uca_ucfcrime:Test:Normal_Videos544_x264:1307.3	clip	3
uca:event_position_bin:0133	uca_ucfcrime:Test:Normal_Videos552_x264:92.4	clip	3
uca:event_position_bin:0133	uca_ucfcrime:Test:Normal_Videos554_x264:64.6	clip	3
uca:event_position_bin:0133	uca_ucfcrime:Test:Normal_Videos555_x264:10.2	clip	3
uca:event_position_bin:0133	uca_ucfcrime:Test:Normal_Videos586_x264:23.7	clip	3
uca:event_position_bin:0133	uca_ucfcrime:Test:Normal_Videos587_x264:166.8	clip	3
uca:event_position_bin:0133	uca_ucfcrime:Test:Normal_Videos598_x264:116.1	clip	3
uca:event_position_bin:0133	uca_ucfcrime:Test:Normal_Videos611_x264:19.3	clip	3
uca:event_position_bin:0133	uca_ucfcrime:Test:Normal_Videos616_x264:95.5	clip	3
uca:event_position_bin:0133	uca_ucfcrime:Test:Normal_Videos618_x264:40.3	clip	3
uca:event_position_bin:0133	uca_ucfcrime:Val:Normal_Videos643_x264:65.7	clip	3
uca:event_position_bin:0133	uca_ucfcrime:Val:Normal_Videos660_x264:22.9	clip	3
uca:event_position_bin:0133	uca_ucfcrime:Val:Normal_Videos673_x264:34.9	clip	3
uca:event_position_bin:0133	uca_ucfcrime:Val:Normal_Videos674_x264:122.2	clip	3
uca:event_position_bin:0133	uca_ucfcrime:Val:Normal_Videos675_x264:17.2	clip	3
uca:event_position_bin:0133	uca_ucfcrime:Val:Normal_Videos675_x264:30.6	clip	3
uca:event_position_bin:0133	uca_ucfcrime:Val:Normal_Videos676_x264:93.1	clip	3
uca:event_position_bin:0133	uca_ucfcrime:Val:Normal_Videos697_x264:28.9	clip	3
uca:event_position_bin:0133	uca_ucfcrime:Val:Normal_Videos730_x264:12.0	clip	3
uca:event_position_bin:0133	uca_ucfcrime:Val:Normal_Videos733_x264:21.4	clip	3
uca:event_position_bin:0133	uca_ucfcrime:Val:Normal_Videos734_x264:23.9	clip	3
uca:event_position_bin:0133	uca_ucfcrime:Val:Normal_Videos735_x264:16.8	clip	3
uca:event_position_bin:0133	uca_ucfcrime:Val:Normal_Videos736_x264:18.4	clip	3
uca:event_position_bin:0133	uca_ucfcrime:Val:Normal_Videos737_x264:15.6	clip	3
uca:event_position_bin:0133	uca_ucfcrime:Val:Normal_Videos737_x264:21.6	clip	3
uca:event_position_bin:0133	uca_ucfcrime:Val:Normal_Videos739_x264:23.6	clip	3
uca:event_position_bin:0133	uca_ucfcrime:Val:Normal_Videos749_x264:16.9	clip	3
uca:event_position_bin:0133	uca_ucfcrime:Val:Normal_Videos794_x264:96.3	clip	3
uca:event_position_bin:0133	uca_ucfcrime:Val:Normal_Videos948_x264:77.1	clip	3
uca:event_position_bin:0133	uca_ucfcrime:Train:Normal_Videos_710_x264:37.3	clip	3
uca:event_position_bin:0133	uca_ucfcrime:Val:Normal_Videos_943_x264:11.5	clip	3
uca:event_position_bin:0133	uca_ucfcrime:Val:Normal_Videos_943_x264:20.1	clip	3
uca:event_position_bin:0133	uca_ucfcrime:Train:RoadAccidents058_x264:14.3	clip	3
uca:event_position_bin:0133	uca_ucfcrime:Train:RoadAccidents087_x264:56.1	clip	3
uca:event_position_bin:0133	uca_ucfcrime:Train:RoadAccidents094_x264:23.0	clip	3
uca:event_position_bin:0133	uca_ucfcrime:Test:RoadAccidents118_x264:17.5	clip	3
uca:event_position_bin:0133	uca_ucfcrime:Test:RoadAccidents119_x264:32.7	clip	3
uca:event_position_bin:0133	uca_ucfcrime:Train:Robbery014_x264:207.4	clip	3
uca:event_position_bin:0133	uca_ucfcrime:Train:Robbery025_x264:27.1	clip	3
uca:event_position_bin:0133	uca_ucfcrime:Train:Robbery026_x264:151.2	clip	3
uca:event_position_bin:0133	uca_ucfcrime:Train:Robbery026_x264:260.1	clip	3
uca:event_position_bin:0133	uca_ucfcrime:Train:Robbery028_x264:40.5	clip	3
uca:event_position_bin:0133	uca_ucfcrime:Train:Robbery048_x264:19.1	clip	3
uca:event_position_bin:0133	uca_ucfcrime:Train:Robbery050_x264:33.8	clip	3
uca:event_position_bin:0133	uca_ucfcrime:Train:Robbery057_x264:37.3	clip	3
uca:event_position_bin:0133	uca_ucfcrime:Train:Robbery062_x264:42.9	clip	3
uca:event_position_bin:0133	uca_ucfcrime:Train:Robbery062_x264:76.3	clip	3
uca:event_position_bin:0133	uca_ucfcrime:Train:Robbery064_x264:22.3	clip	3
uca:event_position_bin:0133	uca_ucfcrime:Train:Robbery068_x264:8.0	clip	3
uca:event_position_bin:0133	uca_ucfcrime:Train:Robbery074_x264:11.1	clip	3
uca:event_position_bin:0133	uca_ucfcrime:Train:Robbery082_x264:21.4	clip	3
uca:event_position_bin:0133	uca_ucfcrime:Train:Robbery082_x264:31.8	clip	3
uca:event_position_bin:0133	uca_ucfcrime:Test:Robbery088_x264:64.5	clip	3
uca:event_position_bin:0133	uca_ucfcrime:Test:Robbery090_x264:147.6	clip	3
uca:event_position_bin:0133	uca_ucfcrime:Test:Robbery093_x264:18.2	clip	3
uca:event_position_bin:0133	uca_ucfcrime:Test:Robbery094_x264:45.8	clip	3
uca:event_position_bin:0133	uca_ucfcrime:Test:Robbery099_x264:17.9	clip	3
uca:event_position_bin:0133	uca_ucfcrime:Test:Robbery105_x264:38.1	clip	3
uca:event_position_bin:0133	uca_ucfcrime:Val:Robbery114_x264:41.2	clip	3
uca:event_position_bin:0133	uca_ucfcrime:Val:Robbery141_x264:80.6	clip	3
uca:event_position_bin:0133	uca_ucfcrime:Val:Robbery145_x264:16.4	clip	3
uca:event_position_bin:0133	uca_ucfcrime:Train:Shooting010_x264:36.7	clip	3
uca:event_position_bin:0133	uca_ucfcrime:Train:Shooting021_x264:27.5	clip	3
uca:event_position_bin:0133	uca_ucfcrime:Train:Shooting022_x264:91.4	clip	3
uca:event_position_bin:0133	uca_ucfcrime:Test:Shooting033_x264:41.8	clip	3
uca:event_position_bin:0133	uca_ucfcrime:Val:Shooting048_x264:58.0	clip	3
uca:event_position_bin:0133	uca_ucfcrime:Val:Shoplifting049_x264:32.4	clip	3
uca:event_position_bin:0133	uca_ucfcrime:Train:Stealing008_x264:80.7	clip	3
uca:event_position_bin:0133	uca_ucfcrime:Train:Stealing008_x264:108.6	clip	3
uca:event_position_bin:0133	uca_ucfcrime:Train:Stealing013_x264:191.9	clip	3
uca:event_position_bin:0133	uca_ucfcrime:Train:Stealing016_x264:51.2	clip	3
uca:event_position_bin:0133	uca_ucfcrime:Train:Stealing018_x264:23.3	clip	3
uca:event_position_bin:0133	uca_ucfcrime:Train:Stealing019_x264:57.0	clip	3
uca:event_position_bin:0133	uca_ucfcrime:Train:Stealing021_x264:74.7	clip	3
uca:event_position_bin:0133	uca_ucfcrime:Train:Stealing023_x264:83.0	clip	3
uca:event_position_bin:0133	uca_ucfcrime:Train:Stealing023_x264:106.2	clip	3
uca:event_position_bin:0133	uca_ucfcrime:Train:Stealing026_x264:40.9	clip	3
uca:event_position_bin:0133	uca_ucfcrime:Train:Stealing028_x264:38.8	clip	3
uca:event_position_bin:0133	uca_ucfcrime:Train:Stealing031_x264:14.0	clip	3
uca:event_position_bin:0133	uca_ucfcrime:Train:Stealing035_x264:179.6	clip	3
uca:event_position_bin:0133	uca_ucfcrime:Train:Stealing044_x264:59.5	clip	3
uca:event_position_bin:0133	uca_ucfcrime:Train:Stealing045_x264:218.3	clip	3
uca:event_position_bin:0133	uca_ucfcrime:Train:Stealing046_x264:207.2	clip	3
uca:event_position_bin:0133	uca_ucfcrime:Train:Stealing051_x264:41.2	clip	3
uca:event_position_bin:0133	uca_ucfcrime:Train:Stealing052_x264:65.5	clip	3
uca:event_position_bin:0133	uca_ucfcrime:Train:Stealing059_x264:25.2	clip	3
uca:event_position_bin:0133	uca_ucfcrime:Train:Stealing059_x264:40.6	clip	3
uca:event_position_bin:0133	uca_ucfcrime:Train:Stealing063_x264:128.8	clip	3
uca:event_position_bin:0133	uca_ucfcrime:Train:Stealing070_x264:20.8	clip	3
uca:event_position_bin:0133	uca_ucfcrime:Train:Stealing071_x264:18.1	clip	3
uca:event_position_bin:0133	uca_ucfcrime:Train:Stealing074_x264:47.2	clip	3
uca:event_position_bin:0133	uca_ucfcrime:Test:Stealing081_x264:16.9	clip	3
uca:event_position_bin:0133	uca_ucfcrime:Test:Stealing082_x264:33.4	clip	3
uca:event_position_bin:0133	uca_ucfcrime:Val:Stealing097_x264:16.2	clip	3
uca:event_position_bin:0133	uca_ucfcrime:Val:Stealing105_x264:12.8	clip	3
uca:event_position_bin:0133	uca_ucfcrime:Val:Stealing109_x264:199.1	clip	3
uca:event_position_bin:0133	uca_ucfcrime:Train:Vandalism006_x264:14.2	clip	3
uca:event_position_bin:0133	uca_ucfcrime:Train:Vandalism019_x264:29.5	clip	3
uca:event_position_bin:0133	uca_ucfcrime:Train:Vandalism025_x264:75.8	clip	3
uca:event_position_bin:0133	uca_ucfcrime:Train:Vandalism027_x264:10.6	clip	3
uca:event_position_bin:0133	uca_ucfcrime:Test:Vandalism034_x264:20.2	clip	3
uca:event_position_bin:0133	uca_ucfcrime:Test:Vandalism036_x264:25.9	clip	3
uca:event_position_bin:0133	uca_ucfcrime:Val:Vandalism045_x264:55.3	clip	3
uca:event_position_bin:0133	uca_ucfcrime:Val:Vandalism045_x264:92.8	clip	3
uca:event_position_bin:0133	uca_ucfcrime:Val:Vandalism048_x264:97.3	clip	3
uca:event_position_bin:0134	uca_ucfcrime:Train:Abuse009_x264:12.1	clip	3
uca:event_position_bin:0134	uca_ucfcrime:Train:Abuse012_x264:61.8	clip	3
uca:event_position_bin:0134	uca_ucfcrime:Train:Abuse019_x264:74.3	clip	3
uca:event_position_bin:0134	uca_ucfcrime:Train:Abuse028_x264:31.0	clip	3
uca:event_position_bin:0134	uca_ucfcrime:Test:Abuse042_x264:558.7	clip	3
uca:event_position_bin:0134	uca_ucfcrime:Val:Abuse044_x264:74.8	clip	3
uca:event_position_bin:0134	uca_ucfcrime:Train:Arrest007_x264:43.5	clip	3
uca:event_position_bin:0134	uca_ucfcrime:Train:Arrest026_x264:120.0	clip	3
uca:event_position_bin:0134	uca_ucfcrime:Test:Arrest046_x264:169.4	clip	3
uca:event_position_bin:0134	uca_ucfcrime:Train:Burglary003_x264:16.4	clip	3
uca:event_position_bin:0134	uca_ucfcrime:Train:Burglary003_x264:25.2	clip	3
uca:event_position_bin:0134	uca_ucfcrime:Train:Burglary014_x264:35.2	clip	3
uca:event_position_bin:0134	uca_ucfcrime:Train:Burglary031_x264:135.2	clip	3
uca:event_position_bin:0134	uca_ucfcrime:Train:Burglary032_x264:315.4	clip	3
uca:event_position_bin:0134	uca_ucfcrime:Train:Burglary037_x264:32.2	clip	3
uca:event_position_bin:0134	uca_ucfcrime:Train:Burglary041_x264:27.0	clip	3
uca:event_position_bin:0134	uca_ucfcrime:Train:Burglary047_x264:41.4	clip	3
uca:event_position_bin:0134	uca_ucfcrime:Train:Burglary051_x264:27.1	clip	3
uca:event_position_bin:0134	uca_ucfcrime:Val:Burglary095_x264:576.2	clip	3
uca:event_position_bin:0134	uca_ucfcrime:Val:Burglary096_x264:102.8	clip	3
uca:event_position_bin:0134	uca_ucfcrime:Val:Explosion030_x264:59.9	clip	3
uca:event_position_bin:0134	uca_ucfcrime:Train:Fighting013_x264:18.6	clip	3
uca:event_position_bin:0134	uca_ucfcrime:Test:Fighting040_x264:47.8	clip	3
uca:event_position_bin:0134	uca_ucfcrime:Train:Normal_Videos026_x264:47.7	clip	3
uca:event_position_bin:0134	uca_ucfcrime:Train:Normal_Videos035_x264:377.8	clip	3
uca:event_position_bin:0134	uca_ucfcrime:Train:Normal_Videos043_x264:37.9	clip	3
uca:event_position_bin:0134	uca_ucfcrime:Train:Normal_Videos058_x264:19.2	clip	3
uca:event_position_bin:0134	uca_ucfcrime:Train:Normal_Videos064_x264:40.8	clip	3
uca:event_position_bin:0134	uca_ucfcrime:Train:Normal_Videos075_x264:71.2	clip	3
uca:event_position_bin:0134	uca_ucfcrime:Train:Normal_Videos086_x264:53.9	clip	3
uca:event_position_bin:0134	uca_ucfcrime:Train:Normal_Videos094_x264:32.2	clip	3
uca:event_position_bin:0134	uca_ucfcrime:Train:Normal_Videos096_x264:13.3	clip	3
uca:event_position_bin:0134	uca_ucfcrime:Train:Normal_Videos097_x264:98.5	clip	3
uca:event_position_bin:0134	uca_ucfcrime:Train:Normal_Videos101_x264:31.4	clip	3
uca:event_position_bin:0134	uca_ucfcrime:Train:Normal_Videos109_x264:34.9	clip	3
uca:event_position_bin:0134	uca_ucfcrime:Train:Normal_Videos111_x264:308.3	clip	3
uca:event_position_bin:0134	uca_ucfcrime:Train:Normal_Videos133_x264:48.2	clip	3
uca:event_position_bin:0134	uca_ucfcrime:Train:Normal_Videos134_x264:88.8	clip	3
uca:event_position_bin:0134	uca_ucfcrime:Train:Normal_Videos138_x264:1451.9	clip	3
uca:event_position_bin:0134	uca_ucfcrime:Train:Normal_Videos173_x264:10.1	clip	3
uca:event_position_bin:0134	uca_ucfcrime:Train:Normal_Videos197_x264:44.6	clip	3
uca:event_position_bin:0134	uca_ucfcrime:Train:Normal_Videos202_x264:41.5	clip	3
uca:event_position_bin:0134	uca_ucfcrime:Train:Normal_Videos209_x264:13.1	clip	3
uca:event_position_bin:0134	uca_ucfcrime:Train:Normal_Videos220_x264:54.5	clip	3
uca:event_position_bin:0134	uca_ucfcrime:Train:Normal_Videos269_x264:4.6	clip	3
uca:event_position_bin:0134	uca_ucfcrime:Train:Normal_Videos275_x264:37.5	clip	3
uca:event_position_bin:0134	uca_ucfcrime:Train:Normal_Videos276_x264:88.7	clip	3
uca:event_position_bin:0134	uca_ucfcrime:Train:Normal_Videos277_x264:438.8	clip	3
uca:event_position_bin:0134	uca_ucfcrime:Train:Normal_Videos278_x264:32.0	clip	3
uca:event_position_bin:0134	uca_ucfcrime:Train:Normal_Videos313_x264:21.8	clip	3
uca:event_position_bin:0134	uca_ucfcrime:Train:Normal_Videos316_x264:28.0	clip	3
uca:event_position_bin:0134	uca_ucfcrime:Train:Normal_Videos342_x264:64.1	clip	3
uca:event_position_bin:0134	uca_ucfcrime:Train:Normal_Videos357_x264:23.6	clip	3
uca:event_position_bin:0134	uca_ucfcrime:Train:Normal_Videos377_x264:223.6	clip	3
uca:event_position_bin:0134	uca_ucfcrime:Train:Normal_Videos414_x264:8.2	clip	3
uca:event_position_bin:0134	uca_ucfcrime:Train:Normal_Videos420_x264:191.7	clip	3
uca:event_position_bin:0134	uca_ucfcrime:Train:Normal_Videos422_x264:23.4	clip	3
uca:event_position_bin:0134	uca_ucfcrime:Train:Normal_Videos454_x264:21.1	clip	3
uca:event_position_bin:0134	uca_ucfcrime:Train:Normal_Videos465_x264:47.1	clip	3
uca:event_position_bin:0134	uca_ucfcrime:Train:Normal_Videos512_x264:623.0	clip	3
uca:event_position_bin:0134	uca_ucfcrime:Train:Normal_Videos526_x264:176.1	clip	3
uca:event_position_bin:0134	uca_ucfcrime:Test:Normal_Videos570_x264:16.3	clip	3
uca:event_position_bin:0134	uca_ucfcrime:Test:Normal_Videos579_x264:383.1	clip	3
uca:event_position_bin:0134	uca_ucfcrime:Test:Normal_Videos593_x264:32.1	clip	3
uca:event_position_bin:0134	uca_ucfcrime:Test:Normal_Videos613_x264:98.2	clip	3
uca:event_position_bin:0134	uca_ucfcrime:Val:Normal_Videos639_x264:62.9	clip	3
uca:event_position_bin:0134	uca_ucfcrime:Val:Normal_Videos650_x264:26.3	clip	3
uca:event_position_bin:0134	uca_ucfcrime:Val:Normal_Videos654_x264:30.6	clip	3
uca:event_position_bin:0134	uca_ucfcrime:Val:Normal_Videos665_x264:208.1	clip	3
uca:event_position_bin:0134	uca_ucfcrime:Val:Normal_Videos681_x264:320.6	clip	3
uca:event_position_bin:0134	uca_ucfcrime:Val:Normal_Videos734_x264:23.9	clip	3
uca:event_position_bin:0134	uca_ucfcrime:Val:Normal_Videos736_x264:18.4	clip	3
uca:event_position_bin:0134	uca_ucfcrime:Val:Normal_Videos737_x264:21.6	clip	3
uca:event_position_bin:0134	uca_ucfcrime:Val:Normal_Videos739_x264:23.6	clip	3
uca:event_position_bin:0134	uca_ucfcrime:Val:Normal_Videos744_x264:30.3	clip	3
uca:event_position_bin:0134	uca_ucfcrime:Val:Normal_Videos757_x264:14.8	clip	3
uca:event_position_bin:0134	uca_ucfcrime:Val:Normal_Videos764_x264:77.6	clip	3
uca:event_position_bin:0134	uca_ucfcrime:Val:Normal_Videos850_x264:27.1	clip	3
uca:event_position_bin:0134	uca_ucfcrime:Train:Normal_Videos_317_x264:16.4	clip	3
uca:event_position_bin:0134	uca_ucfcrime:Train:Normal_Videos_360_x264:13.7	clip	3
uca:event_position_bin:0134	uca_ucfcrime:Test:Normal_Videos_928_x264:19.1	clip	3
uca:event_position_bin:0134	uca_ucfcrime:Val:Normal_Videos_936_x264:20.7	clip	3
uca:event_position_bin:0134	uca_ucfcrime:Val:Normal_Videos_939_x264:13.3	clip	3
uca:event_position_bin:0134	uca_ucfcrime:Train:RoadAccidents008_x264:27.3	clip	3
uca:event_position_bin:0134	uca_ucfcrime:Train:RoadAccidents028_x264:10.4	clip	3
uca:event_position_bin:0134	uca_ucfcrime:Train:RoadAccidents062_x264:95.0	clip	3
uca:event_position_bin:0134	uca_ucfcrime:Train:RoadAccidents068_x264:22.2	clip	3
uca:event_position_bin:0134	uca_ucfcrime:Test:RoadAccidents139_x264:67.8	clip	3
uca:event_position_bin:0134	uca_ucfcrime:Val:RoadAccidents146_x264:14.7	clip	3
uca:event_position_bin:0134	uca_ucfcrime:Train:Robbery001_x264:16.9	clip	3
uca:event_position_bin:0134	uca_ucfcrime:Train:Robbery003_x264:19.0	clip	3
uca:event_position_bin:0134	uca_ucfcrime:Train:Robbery009_x264:65.8	clip	3
uca:event_position_bin:0134	uca_ucfcrime:Train:Robbery028_x264:40.5	clip	3
uca:event_position_bin:0134	uca_ucfcrime:Train:Robbery031_x264:19.9	clip	3
uca:event_position_bin:0134	uca_ucfcrime:Train:Robbery033_x264:17.1	clip	3
uca:event_position_bin:0134	uca_ucfcrime:Train:Robbery037_x264:103.4	clip	3
uca:event_position_bin:0134	uca_ucfcrime:Train:Robbery049_x264:39.8	clip	3
uca:event_position_bin:0134	uca_ucfcrime:Train:Robbery054_x264:23.5	clip	3
uca:event_position_bin:0134	uca_ucfcrime:Train:Robbery060_x264:43.1	clip	3
uca:event_position_bin:0134	uca_ucfcrime:Train:Robbery071_x264:29.6	clip	3
uca:event_position_bin:0134	uca_ucfcrime:Train:Robbery077_x264:13.2	clip	3
uca:event_position_bin:0134	uca_ucfcrime:Train:Robbery077_x264:20.6	clip	3
uca:event_position_bin:0134	uca_ucfcrime:Test:Robbery086_x264:83.4	clip	3
uca:event_position_bin:0134	uca_ucfcrime:Test:Robbery100_x264:71.8	clip	3
uca:event_position_bin:0134	uca_ucfcrime:Test:Robbery106_x264:16.0	clip	3
uca:event_position_bin:0134	uca_ucfcrime:Test:Robbery112_x264:24.7	clip	3
uca:event_position_bin:0134	uca_ucfcrime:Val:Robbery119_x264:50.8	clip	3
uca:event_position_bin:0134	uca_ucfcrime:Val:Robbery136_x264:14.8	clip	3
uca:event_position_bin:0134	uca_ucfcrime:Train:Shooting008_x264:27.2	clip	3
uca:event_position_bin:0134	uca_ucfcrime:Train:Shooting032_x264:279.6	clip	3
uca:event_position_bin:0134	uca_ucfcrime:Val:Shooting054_x264:14.2	clip	3
uca:event_position_bin:0134	uca_ucfcrime:Train:Shoplifting006_x264:58.5	clip	3
uca:event_position_bin:0134	uca_ucfcrime:Train:Shoplifting019_x264:9.2	clip	3
uca:event_position_bin:0134	uca_ucfcrime:Train:Shoplifting022_x264:29.0	clip	3
uca:event_position_bin:0134	uca_ucfcrime:Train:Shoplifting022_x264:38.5	clip	3
uca:event_position_bin:0134	uca_ucfcrime:Train:Shoplifting025_x264:29.5	clip	3
uca:event_position_bin:0134	uca_ucfcrime:Train:Shoplifting026_x264:20.6	clip	3
uca:event_position_bin:0134	uca_ucfcrime:Train:Shoplifting028_x264:27.3	clip	3
uca:event_position_bin:0134	uca_ucfcrime:Train:Shoplifting030_x264:458.9	clip	3
uca:event_position_bin:0134	uca_ucfcrime:Train:Shoplifting033_x264:19.1	clip	3
uca:event_position_bin:0134	uca_ucfcrime:Val:Shoplifting043_x264:187.4	clip	3
uca:event_position_bin:0134	uca_ucfcrime:Val:Shoplifting047_x264:49.7	clip	3
uca:event_position_bin:0134	uca_ucfcrime:Val:Shoplifting052_x264:140.9	clip	3
uca:event_position_bin:0134	uca_ucfcrime:Val:Shoplifting055_x264:78.6	clip	3
uca:event_position_bin:0134	uca_ucfcrime:Train:Stealing011_x264:57.8	clip	3
uca:event_position_bin:0134	uca_ucfcrime:Train:Stealing012_x264:37.0	clip	3
uca:event_position_bin:0134	uca_ucfcrime:Train:Stealing015_x264:38.8	clip	3
uca:event_position_bin:0134	uca_ucfcrime:Train:Stealing023_x264:83.0	clip	3
uca:event_position_bin:0134	uca_ucfcrime:Train:Stealing026_x264:40.9	clip	3
uca:event_position_bin:0134	uca_ucfcrime:Train:Stealing029_x264:8.6	clip	3
uca:event_position_bin:0134	uca_ucfcrime:Train:Stealing032_x264:116.2	clip	3
uca:event_position_bin:0134	uca_ucfcrime:Train:Stealing042_x264:67.2	clip	3
uca:event_position_bin:0134	uca_ucfcrime:Train:Stealing057_x264:44.4	clip	3
uca:event_position_bin:0134	uca_ucfcrime:Train:Stealing067_x264:25.4	clip	3
uca:event_position_bin:0134	uca_ucfcrime:Train:Stealing067_x264:46.3	clip	3
uca:event_position_bin:0134	uca_ucfcrime:Train:Stealing074_x264:47.2	clip	3
uca:event_position_bin:0134	uca_ucfcrime:Test:Stealing092_x264:270.7	clip	3
uca:event_position_bin:0134	uca_ucfcrime:Val:Stealing097_x264:16.2	clip	3
uca:event_position_bin:0134	uca_ucfcrime:Val:Stealing110_x264:27.6	clip	3
uca:event_position_bin:0134	uca_ucfcrime:Train:Vandalism007_x264:20.2	clip	3
uca:event_position_bin:0134	uca_ucfcrime:Train:Vandalism009_x264:17.6	clip	3
uca:event_position_bin:0134	uca_ucfcrime:Train:Vandalism010_x264:44.2	clip	3
uca:event_position_bin:0134	uca_ucfcrime:Train:Vandalism019_x264:29.5	clip	3
uca:event_position_bin:0134	uca_ucfcrime:Train:Vandalism020_x264:26.6	clip	3
uca:event_position_bin:0134	uca_ucfcrime:Test:Vandalism034_x264:33.9	clip	3
uca:event_position_bin:0134	uca_ucfcrime:Test:Vandalism041_x264:76.7	clip	3
uca:event_position_bin:0135	uca_ucfcrime:Test:Abuse038_x264:14.3	clip	3
uca:event_position_bin:0135	uca_ucfcrime:Val:Abuse046_x264:17.9	clip	3
uca:event_position_bin:0135	uca_ucfcrime:Train:Arrest041_x264:63.0	clip	3
uca:event_position_bin:0135	uca_ucfcrime:Train:Assault016_x264:118.5	clip	3
uca:event_position_bin:0135	uca_ucfcrime:Train:Assault017_x264:37.1	clip	3
uca:event_position_bin:0135	uca_ucfcrime:Train:Burglary005_x264:165.7	clip	3
uca:event_position_bin:0135	uca_ucfcrime:Train:Burglary017_x264:36.0	clip	3
uca:event_position_bin:0135	uca_ucfcrime:Train:Burglary025_x264:78.8	clip	3
uca:event_position_bin:0135	uca_ucfcrime:Train:Burglary030_x264:13.1	clip	3
uca:event_position_bin:0135	uca_ucfcrime:Train:Burglary035_x264:57.4	clip	3
uca:event_position_bin:0135	uca_ucfcrime:Train:Burglary038_x264:15.7	clip	3
uca:event_position_bin:0135	uca_ucfcrime:Train:Burglary040_x264:104.0	clip	3
uca:event_position_bin:0135	uca_ucfcrime:Train:Burglary045_x264:155.9	clip	3
uca:event_position_bin:0135	uca_ucfcrime:Train:Burglary051_x264:27.1	clip	3
uca:event_position_bin:0135	uca_ucfcrime:Test:Burglary065_x264:135.2	clip	3
uca:event_position_bin:0135	uca_ucfcrime:Test:Burglary067_x264:25.0	clip	3
uca:event_position_bin:0135	uca_ucfcrime:Test:Burglary079_x264:197.8	clip	3
uca:event_position_bin:0135	uca_ucfcrime:Test:Burglary084_x264:98.3	clip	3
uca:event_position_bin:0135	uca_ucfcrime:Test:Burglary087_x264:36.0	clip	3
uca:event_position_bin:0135	uca_ucfcrime:Val:Burglary093_x264:16.8	clip	3
uca:event_position_bin:0135	uca_ucfcrime:Val:Burglary095_x264:852.4	clip	3
uca:event_position_bin:0135	uca_ucfcrime:Val:Burglary096_x264:102.8	clip	3
uca:event_position_bin:0135	uca_ucfcrime:Train:Fighting011_x264:116.7	clip	3
uca:event_position_bin:0135	uca_ucfcrime:Train:Fighting012_x264:23.3	clip	3
uca:event_position_bin:0135	uca_ucfcrime:Train:Fighting037_x264:74.4	clip	3
uca:event_position_bin:0135	uca_ucfcrime:Train:Normal_Videos008_x264:33.3	clip	3
uca:event_position_bin:0135	uca_ucfcrime:Train:Normal_Videos031_x264:41.0	clip	3
uca:event_position_bin:0135	uca_ucfcrime:Train:Normal_Videos047_x264:109.2	clip	3
uca:event_position_bin:0135	uca_ucfcrime:Train:Normal_Videos061_x264:373.8	clip	3
uca:event_position_bin:0135	uca_ucfcrime:Train:Normal_Videos062_x264:26.8	clip	3
uca:event_position_bin:0135	uca_ucfcrime:Train:Normal_Videos119_x264:80.8	clip	3
uca:event_position_bin:0135	uca_ucfcrime:Train:Normal_Videos131_x264:36.8	clip	3
uca:event_position_bin:0135	uca_ucfcrime:Train:Normal_Videos139_x264:296.6	clip	3
uca:event_position_bin:0135	uca_ucfcrime:Train:Normal_Videos152_x264:163.6	clip	3
uca:event_position_bin:0135	uca_ucfcrime:Train:Normal_Videos178_x264:13.3	clip	3
uca:event_position_bin:0135	uca_ucfcrime:Train:Normal_Videos187_x264:134.7	clip	3
uca:event_position_bin:0135	uca_ucfcrime:Train:Normal_Videos197_x264:51.1	clip	3
uca:event_position_bin:0135	uca_ucfcrime:Train:Normal_Videos205_x264:156.4	clip	3
uca:event_position_bin:0135	uca_ucfcrime:Train:Normal_Videos216_x264:40.6	clip	3
uca:event_position_bin:0135	uca_ucfcrime:Train:Normal_Videos225_x264:330.4	clip	3
uca:event_position_bin:0135	uca_ucfcrime:Train:Normal_Videos227_x264:19.6	clip	3
uca:event_position_bin:0135	uca_ucfcrime:Train:Normal_Videos235_x264:36.0	clip	3
uca:event_position_bin:0135	uca_ucfcrime:Train:Normal_Videos238_x264:59.5	clip	3
uca:event_position_bin:0135	uca_ucfcrime:Train:Normal_Videos250_x264:40.5	clip	3
uca:event_position_bin:0135	uca_ucfcrime:Train:Normal_Videos283_x264:153.6	clip	3
uca:event_position_bin:0135	uca_ucfcrime:Train:Normal_Videos288_x264:58.5	clip	3
uca:event_position_bin:0135	uca_ucfcrime:Train:Normal_Videos334_x264:15.1	clip	3
uca:event_position_bin:0135	uca_ucfcrime:Train:Normal_Videos344_x264:3.5	clip	3
uca:event_position_bin:0135	uca_ucfcrime:Train:Normal_Videos349_x264:115.6	clip	3
uca:event_position_bin:0135	uca_ucfcrime:Train:Normal_Videos356_x264:8.0	clip	3
uca:event_position_bin:0135	uca_ucfcrime:Train:Normal_Videos369_x264:97.5	clip	3
uca:event_position_bin:0135	uca_ucfcrime:Train:Normal_Videos450_x264:2116.6	clip	3
uca:event_position_bin:0135	uca_ucfcrime:Train:Normal_Videos454_x264:21.1	clip	3
uca:event_position_bin:0135	uca_ucfcrime:Train:Normal_Videos492_x264:1081.0	clip	3
uca:event_position_bin:0135	uca_ucfcrime:Test:Normal_Videos554_x264:64.6	clip	3
uca:event_position_bin:0135	uca_ucfcrime:Test:Normal_Videos568_x264:141.2	clip	3
uca:event_position_bin:0135	uca_ucfcrime:Test:Normal_Videos573_x264:47.6	clip	3
uca:event_position_bin:0135	uca_ucfcrime:Test:Normal_Videos573_x264:73.8	clip	3
uca:event_position_bin:0135	uca_ucfcrime:Test:Normal_Videos574_x264:131.2	clip	3
uca:event_position_bin:0135	uca_ucfcrime:Test:Normal_Videos586_x264:23.7	clip	3
uca:event_position_bin:0135	uca_ucfcrime:Test:Normal_Videos587_x264:166.8	clip	3
uca:event_position_bin:0135	uca_ucfcrime:Test:Normal_Videos598_x264:116.1	clip	3
uca:event_position_bin:0135	uca_ucfcrime:Test:Normal_Videos611_x264:19.3	clip	3
uca:event_position_bin:0135	uca_ucfcrime:Test:Normal_Videos616_x264:95.5	clip	3
uca:event_position_bin:0135	uca_ucfcrime:Test:Normal_Videos620_x264:183.1	clip	3
uca:event_position_bin:0135	uca_ucfcrime:Val:Normal_Videos676_x264:93.1	clip	3
uca:event_position_bin:0135	uca_ucfcrime:Val:Normal_Videos681_x264:320.6	clip	3
uca:event_position_bin:0135	uca_ucfcrime:Val:Normal_Videos707_x264:30.1	clip	3
uca:event_position_bin:0135	uca_ucfcrime:Val:Normal_Videos712_x264:45.8	clip	3
uca:event_position_bin:0135	uca_ucfcrime:Val:Normal_Videos714_x264:1681.0	clip	3
uca:event_position_bin:0135	uca_ucfcrime:Val:Normal_Videos772_x264:22.2	clip	3
uca:event_position_bin:0135	uca_ucfcrime:Val:Normal_Videos775_x264:38.6	clip	3
uca:event_position_bin:0135	uca_ucfcrime:Val:Normal_Videos777_x264:139.1	clip	3
uca:event_position_bin:0135	uca_ucfcrime:Val:Normal_Videos823_x264:22.8	clip	3
uca:event_position_bin:0135	uca_ucfcrime:Val:Normal_Videos865_x264:36.2	clip	3
uca:event_position_bin:0135	uca_ucfcrime:Train:Normal_Videos_051_x264:45.1	clip	3
uca:event_position_bin:0135	uca_ucfcrime:Train:Normal_Videos_067_x264:22.5	clip	3
uca:event_position_bin:0135	uca_ucfcrime:Train:Normal_Videos_070_x264:17.4	clip	3
uca:event_position_bin:0135	uca_ucfcrime:Train:Normal_Videos_251_x264:5.7	clip	3
uca:event_position_bin:0135	uca_ucfcrime:Train:Normal_Videos_899_x264:17.4	clip	3
uca:event_position_bin:0135	uca_ucfcrime:Train:RoadAccidents083_x264:16.6	clip	3
uca:event_position_bin:0135	uca_ucfcrime:Val:RoadAccidents146_x264:14.7	clip	3
uca:event_position_bin:0135	uca_ucfcrime:Train:Robbery004_x264:28.1	clip	3
uca:event_position_bin:0135	uca_ucfcrime:Train:Robbery020_x264:85.4	clip	3
uca:event_position_bin:0135	uca_ucfcrime:Train:Robbery026_x264:151.2	clip	3
uca:event_position_bin:0135	uca_ucfcrime:Train:Robbery052_x264:79.7	clip	3
uca:event_position_bin:0135	uca_ucfcrime:Train:Robbery073_x264:153.2	clip	3
uca:event_position_bin:0135	uca_ucfcrime:Test:Robbery086_x264:83.4	clip	3
uca:event_position_bin:0135	uca_ucfcrime:Train:Shooting010_x264:36.7	clip	3
uca:event_position_bin:0135	uca_ucfcrime:Train:Shooting031_x264:36.8	clip	3
uca:event_position_bin:0135	uca_ucfcrime:Test:Shooting036_x264:60.9	clip	3
uca:event_position_bin:0135	uca_ucfcrime:Val:Shooting052_x264:90.1	clip	3
uca:event_position_bin:0135	uca_ucfcrime:Train:Shoplifting020_x264:106.2	clip	3
uca:event_position_bin:0135	uca_ucfcrime:Val:Shoplifting055_x264:112.7	clip	3
uca:event_position_bin:0135	uca_ucfcrime:Train:Stealing018_x264:42.5	clip	3
uca:event_position_bin:0135	uca_ucfcrime:Train:Stealing025_x264:268.6	clip	3
uca:event_position_bin:0135	uca_ucfcrime:Train:Stealing045_x264:218.3	clip	3
uca:event_position_bin:0135	uca_ucfcrime:Train:Stealing046_x264:225.1	clip	3
uca:event_position_bin:0135	uca_ucfcrime:Train:Stealing050_x264:52.6	clip	3
uca:event_position_bin:0135	uca_ucfcrime:Train:Stealing054_x264:31.0	clip	3
uca:event_position_bin:0135	uca_ucfcrime:Train:Stealing057_x264:44.4	clip	3
uca:event_position_bin:0135	uca_ucfcrime:Train:Stealing065_x264:97.2	clip	3
uca:event_position_bin:0135	uca_ucfcrime:Val:Stealing098_x264:42.1	clip	3
uca:event_position_bin:0135	uca_ucfcrime:Val:Stealing098_x264:63.3	clip	3
